UniProt_ID,0,1,2,3,4,5,6,7,8,9,10,11,12,13,14,15,16,17,18,19,20,21,22,23,24,25,26,27,28,29,30,31,32,33,34,35,36,37,38,39,40,41,42,43,44,45,46,47,48,49,50,51,52,53,54,55,56,57,58,59,60,61,62,63
P11827,-16.42381,16.877024,22.531197,-3.0155947,9.012573,-3.673232,0.47099784,-17.172802,-7.4590154,-17.431707,-13.509771,-12.866461,3.842474,17.088497,12.067644,-23.505861,-5.487508,-1.8151636,2.4141045,12.199434,12.060577,9.877897,-18.651619,9.347509,18.279198,-1.12695,-10.050445,-11.810581,-21.63451,12.481447,18.88226,-5.2403793,-10.683077,-10.818416,-10.118449,-17.639786,-8.888144,5.4069924,12.5938015,-20.91753,-10.657333,-11.246867,-21.38884,1.645117,18.317024,-13.754736,-1.4968507,-9.556265,-4.473969,7.6261616,-2.2898893,8.259319,14.880497,2.4251175,-7.1608725,-4.490565,15.925928,11.913332,-13.06553,-8.02294,-25.471422,-10.081818,20.813152,-9.244997
O75347,-16.704979,21.058165,24.003109,-4.3365984,12.0553,-4.1274443,-0.9273201,-19.209517,-9.8888,-18.913319,-16.195578,-16.013071,4.2282014,21.503706,13.209305,-28.67447,-9.433917,-4.3667192,1.8418293,15.863167,15.169885,13.6095915,-22.504538,14.315866,23.06024,-1.1767673,-14.547745,-12.672991,-26.25762,14.769065,22.739958,-9.700227,-14.889145,-11.860924,-13.983353,-19.05208,-10.25909,7.0692625,14.672048,-24.77173,-12.68432,-15.509904,-27.3146,-1.1468964,22.839556,-16.398132,-2.2037039,-10.2365,-5.851362,8.843903,-3.378589,9.73461,17.546324,3.3765535,-9.5428915,-5.54764,17.175724,11.599643,-14.252081,-9.606422,-29.960573,-13.877294,24.981768,-9.448148
P11655,-19.403921,23.167871,26.883493,-4.058026,13.016629,-4.4879484,-0.2297678,-21.469475,-10.155486,-21.484037,-17.458782,-17.637053,4.3135295,23.692175,14.687726,-31.223984,-10.0807295,-3.9887,1.9104209,16.6657,15.959129,14.808604,-25.235209,15.409749,24.851461,-1.3346065,-15.397217,-14.453265,-27.995087,16.648638,25.404982,-9.724697,-16.107574,-12.805847,-15.222623,-21.407957,-10.675971,7.6839805,15.370891,-27.305155,-13.821365,-16.105135,-30.0323,-0.04738919,24.947588,-18.446806,-2.1174695,-11.66517,-5.5071144,10.542339,-4.0261636,10.185313,19.030306,4.0587115,-10.142947,-5.598698,20.17105,12.900575,-16.918634,-10.673283,-32.614735,-15.729146,27.484804,-10.5642395
O95149,-18.243568,22.671274,27.11024,-5.9201627,14.435629,-3.8894866,-1.4823134,-20.50379,-11.93405,-20.227797,-17.801054,-17.483006,5.0105104,23.343159,15.077252,-32.519367,-9.633866,-5.1833863,2.9887729,17.602463,16.363123,13.922616,-24.997519,15.342498,25.44215,-1.3006914,-15.8686,-13.2436695,-29.369772,15.70536,24.786224,-10.339417,-15.747157,-13.241028,-14.886367,-19.769518,-13.248177,7.7657094,17.053305,-26.485226,-14.210997,-17.402414,-30.211864,-1.8202685,25.801786,-17.871614,-2.7746098,-10.948728,-6.8369155,8.7993355,-3.567436,10.44684,19.740616,4.219365,-10.606236,-6.1812634,18.071115,13.137444,-14.507327,-10.584593,-34.036434,-15.013318,27.721004,-9.823283
P06132,-19.218048,26.291,28.468687,-5.716959,15.892196,-4.607426,-1.7924331,-22.777283,-12.872391,-22.634207,-19.830717,-20.210447,5.0048656,27.160345,15.770596,-36.16446,-12.272202,-6.310531,2.2724285,19.436943,18.60985,16.943598,-28.475607,18.868994,28.52167,-1.2250556,-18.459787,-14.811589,-32.11292,17.744127,28.073156,-13.066304,-19.114573,-14.012853,-18.092073,-22.093138,-12.472041,8.894162,18.13701,-30.286133,-15.486549,-19.85808,-34.61107,-2.6523979,29.058268,-20.282127,-2.5130365,-11.900249,-7.0003395,10.590885,-4.3733845,11.693803,21.334717,4.7701235,-11.757684,-6.5192075,20.404871,13.15586,-16.998926,-11.7761545,-36.901455,-18.30738,30.906946,-10.447255
B4XT64,-17.96857,22.93537,25.992863,-5.089168,13.794406,-4.2205133,-1.316584,-20.68806,-11.275135,-20.239338,-17.584377,-17.571123,4.5927267,23.735847,14.546064,-31.650629,-10.631641,-5.20718,2.1151955,17.266888,16.464836,14.6372795,-25.054962,16.25553,25.02034,-1.2277348,-16.286966,-13.439901,-28.826908,16.087456,25.255497,-10.816719,-16.438108,-12.461409,-15.507961,-19.968681,-11.512167,7.8216352,15.916733,-26.83186,-13.788687,-17.2458,-30.479677,-1.9295056,25.527954,-18.210163,-2.5763931,-10.962858,-6.349825,9.585667,-3.9352155,10.297262,19.233498,4.3757677,-10.732303,-5.9496727,18.390589,12.38128,-15.15243,-10.496097,-32.931293,-15.8998375,27.363777,-9.666794
O75604,-14.788954,20.98263,22.552532,-5.567133,13.92156,-3.2772565,-2.0871978,-17.69494,-11.314571,-17.228508,-15.849243,-16.225233,4.243522,21.914532,12.762936,-29.66505,-10.493842,-5.790906,2.0640378,16.06295,14.9721575,13.51133,-23.094566,15.954745,23.370914,-0.93801576,-15.671387,-11.153307,-26.3208,13.986979,22.68935,-11.226599,-15.593046,-11.074586,-14.789221,-16.41509,-11.324666,7.385939,14.936444,-23.767527,-12.565205,-16.745167,-28.524912,-3.4175727,24.061659,-16.214973,-2.5508292,-9.174705,-6.0501475,7.9665155,-3.730662,9.164436,17.449375,4.3622446,-10.041913,-5.466319,15.394632,10.178387,-12.557168,-9.624849,-30.180653,-15.0889435,25.101635,-7.631078
P26639,-16.665997,20.333523,24.33569,-5.1775093,12.466524,-3.7736232,-1.3414106,-18.955624,-10.542864,-18.08399,-16.068686,-15.509091,4.4060493,21.01453,13.746046,-28.595821,-9.297197,-4.7743607,2.3556945,16.28978,15.166643,12.760124,-22.214842,14.181335,22.846577,-1.1628418,-14.83489,-12.109979,-26.916714,14.688556,22.774858,-9.487174,-14.386398,-11.660048,-13.397642,-18.148874,-11.542326,6.9440727,14.831232,-24.06747,-12.823694,-15.744078,-27.236227,-1.883761,23.038073,-16.363972,-2.8532386,-10.096866,-6.3854165,8.273027,-3.3325565,9.406207,17.944532,3.8688226,-10.165452,-5.6888247,16.338282,11.830287,-13.019121,-9.416929,-30.404058,-13.743849,24.67117,-9.086713
P12425,-13.885302,14.074347,19.61898,-3.7589111,8.117577,-3.1312551,-0.24463116,-14.620914,-7.0804596,-13.931191,-11.995942,-10.677348,3.729494,14.257467,10.92253,-20.30966,-4.9911327,-2.3141813,2.2785053,11.884946,10.895714,8.502034,-15.346553,8.039376,16.359121,-1.2976369,-9.653768,-9.598846,-20.04796,10.85806,16.298746,-4.8975635,-8.850138,-9.481356,-8.201471,-14.47953,-9.519074,4.7955074,11.265829,-17.501001,-9.562855,-10.491086,-18.478565,0.32536376,15.73189,-11.7812195,-2.3096719,-8.103529,-5.111214,5.837825,-1.8659307,7.209501,13.489849,2.264241,-7.11134,-4.51783,12.545147,10.469365,-9.792219,-6.9361157,-22.705925,-8.003994,17.971766,-8.058708
O76095,-10.675403,10.714656,15.354085,-3.0707211,6.4468412,-2.2648501,-0.15950899,-11.085395,-5.588999,-10.779074,-9.16616,-8.188395,3.0226488,10.811531,8.376693,-15.912344,-3.3358002,-1.5669972,2.1187367,8.962521,8.216454,6.269994,-11.796628,5.7162833,12.721303,-0.9306884,-6.982305,-7.3708506,-15.241781,7.978284,12.126877,-3.5287888,-6.5462317,-7.7129273,-6.141951,-11.022145,-7.7422433,3.6259265,9.141518,-13.267525,-7.4088593,-8.001907,-13.942467,0.46760267,12.122783,-8.714378,-1.6317453,-6.177962,-3.9255283,4.1239967,-1.1903889,5.640445,10.336591,1.5292528,-5.1637154,-3.464109,9.585529,8.261213,-7.433164,-5.3942785,-17.635887,-5.7204776,13.934771,-6.2575545
P63159,-11.47419,12.973166,17.004318,-4.03845,8.639793,-2.2828977,-0.82731843,-12.382953,-7.2909513,-11.92012,-10.638315,-10.000382,3.3775673,13.343782,9.505546,-19.340448,-5.1112466,-2.7699544,2.264244,10.728211,9.709667,7.772679,-14.495174,8.274159,15.299322,-0.90877706,-9.211002,-7.974279,-17.948633,9.263985,14.6079035,-5.4465547,-8.625326,-8.417656,-8.154881,-11.749152,-9.167749,4.544801,10.6247,-15.401895,-8.667302,-10.255135,-17.550398,-0.82873803,15.145136,-10.413363,-2.0448062,-6.739802,-4.536632,4.7971897,-1.8641996,6.3162193,12.114784,2.4308584,-6.4931192,-3.987345,10.59951,8.619969,-8.212727,-6.42275,-20.776909,-8.015713,16.609102,-6.2929444
P46527,-12.493009,15.040746,18.41777,-4.0081215,9.42226,-2.7751136,-0.9208406,-13.998151,-7.9245033,-13.582036,-12.017344,-11.560207,3.508408,15.527787,10.247678,-21.548086,-6.406368,-3.3343272,2.0397727,11.947097,11.140755,9.317051,-16.554115,10.075769,17.073553,-0.932204,-10.680153,-9.016839,-20.001715,10.621823,16.692343,-6.739933,-10.391559,-9.045036,-9.767158,-13.44904,-9.016309,5.197443,11.463043,-17.834946,-9.545796,-11.625402,-20.062498,-1.1566471,17.136267,-11.99015,-2.0335636,-7.507843,-4.8206396,5.859421,-2.2711074,7.126643,13.35126,2.730712,-7.282439,-4.2886105,12.09607,9.121863,-9.634603,-7.1187735,-22.86523,-9.736327,18.543129,-6.8623085
Q8IZH2,-17.139515,22.982143,25.52082,-5.4491463,14.481978,-3.8558464,-1.5187514,-19.77755,-11.546202,-19.897991,-17.397024,-17.704914,4.7108707,23.508232,14.018568,-32.30072,-10.221764,-5.233634,2.3551662,17.050686,16.000862,14.693241,-24.912735,15.925652,25.512653,-1.2004926,-15.855615,-13.014256,-28.083698,15.234737,24.223232,-11.1198635,-16.319767,-12.9188,-15.602184,-19.267912,-12.185757,7.8843765,16.594261,-26.1995,-13.796223,-17.397419,-30.223194,-1.9562279,25.462831,-17.388626,-2.2574751,-10.465354,-6.261391,8.903988,-3.7481813,10.377494,18.902489,3.9632535,-10.045727,-5.965213,17.893915,11.952128,-14.876844,-10.654835,-32.913013,-15.314047,27.60672,-9.3871
P54279,0.05233388,-0.44760022,-0.11414914,-0.113538586,0.10103724,0.12374141,0.088254794,0.14533298,-0.08754682,0.22201489,0.435786,0.29035273,0.21247292,-0.20024441,-0.2156748,0.24879438,0.19445117,0.4470549,0.33676103,-0.57676876,-0.22880012,-0.37697482,0.043824926,-0.26487735,-0.10433608,0.2527987,0.41964218,-0.00281855,0.4499713,-0.53811264,-0.3230347,0.3137288,0.21891288,-0.2784067,0.08721496,0.5267724,-0.1349634,-0.09774048,0.17364277,0.4218014,0.23001131,0.184327,0.36036137,0.025604218,-0.03740699,0.49745813,0.08876154,0.045700703,0.1399475,-0.3947525,0.26110455,-0.025514396,-0.29657578,-0.07931685,0.13025945,0.07584782,-0.23581757,0.10034519,0.23395889,-0.098259345,0.3639319,0.32421324,-0.11392185,0.09643777
P07288,-17.243687,24.252062,25.689413,-5.8963404,15.462004,-4.049566,-2.1577406,-20.651535,-12.476058,-20.020842,-18.213205,-18.639555,4.695233,25.229498,14.588426,-33.581738,-12.358432,-6.4795713,1.8871353,18.412067,17.260918,15.92493,-26.405298,18.45746,26.701616,-1.1726774,-18.10981,-13.142276,-30.05605,16.45054,26.330484,-12.864189,-18.060122,-12.487845,-17.099134,-19.382961,-12.287323,8.496042,16.592123,-27.567081,-14.328538,-19.006474,-32.760887,-3.5949407,27.269926,-18.849613,-2.8790033,-10.734403,-6.7675834,9.675612,-4.4693117,10.5408125,19.91652,4.963325,-11.572473,-6.2695312,18.127111,11.600767,-14.998675,-11.063504,-34.243374,-17.490551,28.74223,-9.049826
P13686,-12.260612,13.310964,18.41661,-4.019681,8.71978,-2.3439844,-0.59595054,-12.981404,-7.611079,-12.981634,-11.12407,-10.359785,3.579398,13.732761,9.996693,-20.108631,-4.4321947,-2.5409,2.8754952,10.696049,9.977537,7.3129907,-15.151208,7.8998127,15.338751,-0.8202977,-8.791991,-8.333791,-18.68462,9.420109,14.875581,-5.0123177,-8.571129,-8.99267,-8.006184,-12.681126,-9.2718525,4.5272346,11.430248,-16.283491,-8.967948,-10.172059,-17.643707,-0.37379313,15.843414,-10.782211,-1.8554043,-7.1273475,-4.5944414,4.855158,-1.6111867,6.6165223,12.656009,2.2414074,-6.3307295,-3.9397871,11.181818,9.576595,-8.4938,-6.411419,-21.816822,-7.961541,16.968544,-6.5407014
O94316,-14.163828,13.01633,19.020697,-2.482635,6.51659,-3.2392106,0.6922144,-14.369359,-5.602181,-14.1485195,-10.996811,-9.804009,3.3430717,13.029581,10.287068,-18.261902,-3.7082322,-0.9349796,2.1064124,10.130565,9.78917,7.6008825,-14.249052,6.36109,14.577332,-1.1789672,-7.741378,-9.920703,-17.840065,10.315572,15.133067,-3.2080035,-7.6975846,-9.123419,-7.203944,-14.835329,-7.8113923,4.1622252,10.139346,-16.689571,-8.7230015,-8.603922,-16.40744,2.0521436,13.956711,-11.004796,-1.5767119,-8.133608,-4.0490756,6.0551786,-1.5644045,6.810591,12.253672,1.7026926,-5.926842,-3.9177616,13.024269,10.526501,-10.487381,-6.4398103,-20.641823,-6.992162,16.570654,-8.339968
Q12309,-6.448393,4.0231795,8.954741,-1.9424012,2.4703772,-1.1993111,0.32296902,-5.78192,-2.46633,-5.207446,-4.4084153,-3.0056026,2.018522,3.87698,4.908163,-7.013374,-0.036806945,0.15960118,1.7739463,4.505048,3.765545,1.9500237,-4.5740924,0.60874915,5.9275208,-0.7440393,-2.4213066,-3.924511,-7.7801895,3.735524,5.2997875,0.07725653,-1.4596969,-4.626526,-1.3158423,-5.755975,-5.4196777,1.4005626,4.919539,-5.731412,-3.79786,-3.1295953,-5.2731767,1.3088064,4.8314996,-3.7036083,-1.2950125,-3.4770916,-2.5510175,1.3540143,0.031397052,2.891426,5.3807926,0.324035,-2.4918091,-2.0910642,4.61052,5.5533648,-3.1281211,-2.6059248,-8.932839,-0.7147861,6.4831514,-4.1299977
P23872,-9.711359,10.716347,14.253812,-3.4350803,7.1978416,-1.893049,-0.7080745,-10.477042,-6.1706014,-9.837788,-8.7590475,-8.179001,2.8193393,11.053872,8.023914,-15.932989,-4.5288515,-2.2756608,1.8957773,9.069379,8.192982,6.4166365,-11.988657,7.0448017,12.834961,-0.649845,-7.8529954,-6.6968756,-15.093637,7.848816,12.267111,-4.612378,-7.264884,-7.033257,-6.7913647,-9.826009,-7.7550383,3.7488976,8.800235,-12.788819,-7.2870827,-8.590399,-14.6317425,-0.82617474,12.659403,-8.629163,-1.8862047,-5.720444,-3.8427236,4.047675,-1.6116948,5.2309055,10.228526,2.0163178,-5.6907225,-3.3960502,8.83214,7.231531,-6.732395,-5.3608108,-17.300375,-6.738123,13.773684,-5.2807155
P02686,-13.90271,15.389539,19.86315,-3.6925445,9.216572,-3.00289,-0.3815463,-14.970221,-7.711914,-14.788988,-12.36114,-11.800896,3.6346347,15.772054,10.899464,-22.0041,-5.8256574,-2.660682,2.2780015,11.85287,11.248063,9.209344,-17.076252,9.503886,17.256744,-0.9943533,-10.207352,-9.916007,-20.345085,11.126582,17.24242,-5.9132476,-10.191866,-9.631674,-9.621428,-14.74707,-9.1161585,5.171713,11.801046,-18.602116,-9.858095,-11.270963,-20.213919,-0.04282713,17.336828,-12.436218,-1.8642725,-8.187017,-4.6492753,6.3522935,-2.2279592,7.405309,13.793592,2.621432,-7.1482687,-4.32335,13.329981,10.166914,-10.691211,-7.3685417,-23.617504,-9.619183,19.138016,-7.665226
P02747,-16.279016,22.725504,23.903246,-5.0842366,13.540603,-4.171234,-1.8068719,-19.720396,-10.903923,-18.89899,-17.157333,-17.305567,4.277259,23.391573,13.533115,-30.868477,-11.354685,-5.7721257,1.4304292,17.505959,16.414375,15.414491,-24.10229,16.70389,25.176533,-1.2243252,-16.697851,-12.814927,-27.928276,15.605333,24.405872,-11.856614,-16.743935,-11.988838,-15.8379,-18.854494,-10.940485,7.7714787,15.2519455,-25.917114,-13.452472,-17.605593,-30.101042,-2.7281084,24.662745,-17.470238,-2.5345578,-10.219201,-6.425449,9.177233,-3.893092,10.188481,18.37986,4.1773515,-10.654068,-5.913726,17.360304,10.881571,-14.563332,-10.298121,-31.531326,-15.797592,26.743917,-9.32255
Q15428,-16.45893,18.33631,23.374054,-4.3584595,10.849814,-3.6571841,-0.52616185,-17.829174,-9.076805,-17.409666,-14.745673,-14.007333,4.239614,18.767288,12.971919,-25.965136,-7.2668223,-3.356839,2.4358974,14.328418,13.476644,11.188764,-20.180895,11.563785,20.517374,-1.2809619,-12.4877825,-11.744548,-24.32166,13.454918,20.695042,-7.232871,-12.237867,-11.196978,-11.506528,-17.52632,-10.739157,6.2036695,13.730577,-22.129961,-11.713507,-13.501213,-24.179834,-0.23978384,20.501635,-14.948687,-2.3763864,-9.728196,-5.619835,7.7213674,-2.809237,8.751245,16.43114,3.235949,-8.723716,-5.21175,15.788613,11.904327,-12.68986,-8.741035,-27.969212,-11.605498,22.694227,-9.109724
O95429,-17.1171,20.389408,25.475994,-5.7198358,13.50505,-3.3501658,-1.2539387,-18.68605,-11.19743,-18.575565,-16.183779,-15.801506,4.806334,21.02271,14.123807,-29.933075,-8.215982,-4.4610577,3.2228754,15.864768,14.657206,12.053875,-22.891283,13.471124,23.10585,-1.1904157,-14.10598,-12.049926,-26.913029,14.152353,22.518274,-8.838924,-13.875607,-12.348932,-13.1579,-17.944084,-12.931646,7.04592,15.988705,-23.942303,-13.060755,-15.667314,-27.394371,-1.413775,23.710373,-16.210321,-2.6449022,-10.101321,-6.281516,7.783874,-3.1833756,9.452301,18.266846,3.9066913,-9.608071,-5.70168,16.484182,12.566002,-13.025409,-9.732967,-31.55175,-13.319692,25.418219,-8.951371
P0AFW0,-14.219506,19.061646,21.62101,-5.030113,12.449375,-3.1130042,-1.5351301,-16.458954,-10.190876,-16.399021,-14.696528,-14.768387,4.1368814,19.713314,11.948493,-27.24814,-8.580001,-4.71513,2.3052971,14.52275,13.576144,11.94721,-20.95496,13.491631,21.31931,-0.97900724,-13.561142,-10.538189,-24.168718,12.672195,20.399702,-9.426563,-13.619818,-10.791516,-12.92181,-15.736631,-10.743761,6.653761,14.212594,-21.918327,-11.62008,-14.853092,-25.438583,-2.2396894,21.74633,-14.662621,-2.192073,-8.682861,-5.620075,7.1282606,-3.0636368,8.649414,16.134583,3.5171084,-8.74556,-5.090864,14.453922,10.189964,-11.725891,-8.83787,-28.019798,-12.850595,23.06622,-7.5427246
P06821,-16.052038,20.410812,23.555891,-4.9324713,12.436021,-3.7052257,-1.2603475,-18.382708,-10.115321,-17.967857,-15.835575,-15.616435,4.3118196,20.85861,13.103321,-28.658018,-8.917933,-4.5410914,2.176594,15.820292,14.725078,13.124854,-22.000578,13.775067,22.980349,-1.2122152,-14.249759,-12.090421,-25.79911,14.111245,22.012613,-9.503818,-14.27507,-11.840726,-13.551879,-17.848282,-11.23276,6.919604,14.83442,-23.63981,-12.610488,-15.561539,-26.871939,-1.4312907,22.498077,-15.793288,-2.3181217,-9.754917,-6.0135255,8.038064,-3.1661663,9.4837055,17.260666,3.5327227,-9.36887,-5.5303607,16.326872,11.3007345,-13.405675,-9.517161,-29.756674,-13.33425,24.72802,-9.140277
P13721,-17.344847,22.601822,25.448929,-5.019447,13.305232,-4.3816695,-1.3419576,-20.20098,-11.037956,-19.89806,-17.601458,-17.320982,4.6709824,23.258478,14.0877075,-30.99354,-10.378787,-5.2740803,1.9888496,17.231253,16.392677,14.619052,-24.275146,15.834804,24.627863,-1.4000322,-16.12944,-13.0070305,-28.705019,15.704372,24.52121,-10.859878,-16.122335,-12.396077,-15.084125,-19.839312,-11.241284,7.8132133,15.858331,-26.614044,-13.514003,-17.023666,-29.628891,-2.0514345,24.883436,-17.81246,-2.5973675,-10.696471,-6.624559,9.247042,-3.699749,10.376277,18.953238,3.8911114,-10.454218,-6.047094,17.69014,12.2387085,-14.574836,-10.2348995,-32.42127,-15.08094,26.773066,-9.567162
P10645,-18.898075,24.637081,27.35232,-5.545326,14.209931,-4.89096,-1.6539773,-22.292255,-11.702411,-21.19001,-19.165293,-18.684624,4.9074373,25.232538,15.508681,-33.47864,-11.817441,-5.956991,1.7413682,19.531796,18.19176,16.546852,-26.020395,17.422157,27.388016,-1.624201,-18.091831,-14.44783,-31.364363,17.562304,26.965153,-12.121109,-17.68152,-13.453262,-16.562807,-21.604446,-12.436905,8.424303,16.815117,-28.718412,-14.950071,-18.90937,-32.485817,-2.3363442,26.637419,-19.427319,-3.107832,-11.71332,-7.461589,10.195853,-4.1057105,11.350219,20.637892,4.394311,-11.867805,-6.7488375,19.395164,12.972982,-16.044298,-11.230514,-35.054405,-16.5362,29.244892,-10.963543
P60411,-17.75327,17.460855,24.243496,-3.3178823,9.299716,-3.8581207,0.63893324,-18.196724,-7.6716886,-18.373615,-14.216976,-13.265408,4.1658583,17.478743,13.022091,-24.664362,-5.1238527,-1.5758238,2.7517526,12.979088,12.552183,10.144204,-19.210846,8.963615,19.343351,-1.3329878,-10.155651,-12.649332,-22.733082,13.123074,19.595045,-4.8789372,-10.614904,-11.777571,-10.10344,-18.780394,-10.053732,5.5398,13.442876,-21.685713,-11.387964,-11.593717,-22.032164,2.310112,18.806091,-14.244756,-1.6688021,-10.21172,-4.868025,7.8237953,-2.2162611,8.767233,15.757008,2.381105,-7.4126654,-4.8622556,16.923399,13.002975,-13.805166,-8.494489,-26.971388,-9.86262,21.949636,-10.26296
O94913,-16.141726,20.539278,24.080236,-5.5963073,13.384354,-3.4941416,-1.6394802,-18.404558,-11.144752,-17.8405,-16.106873,-15.847361,4.545519,21.367706,13.59432,-29.37016,-9.519646,-5.174133,2.5004158,16.162325,14.986668,12.779637,-22.769478,14.748646,23.025303,-1.1686947,-15.139358,-11.614868,-26.982824,14.336886,22.840685,-9.953085,-14.66115,-11.522644,-13.782839,-17.35761,-12.031932,7.2244234,15.196026,-23.969534,-12.776906,-16.147615,-27.869999,-2.5150766,23.721272,-16.422043,-2.8532162,-9.77096,-6.3742495,8.02461,-3.512286,9.289372,17.994484,4.1941757,-10.127229,-5.6941605,15.869661,11.52727,-12.64856,-9.591115,-30.81467,-14.15062,25.051735,-8.391803
P16333,-14.800825,16.757372,21.195047,-3.8985684,10.067758,-3.203865,-0.42555156,-16.00674,-8.32752,-15.98451,-13.303795,-12.8725,3.8596835,17.15538,11.578746,-23.860546,-6.4073677,-2.923575,2.3661056,12.65204,12.057712,10.068335,-18.565409,10.457048,18.634394,-1.0451205,-11.028978,-10.6351185,-21.74785,11.927397,18.56549,-6.57042,-11.175712,-10.308548,-10.58829,-15.832448,-9.626334,5.63774,12.704942,-20.108747,-10.574516,-12.190154,-21.940577,-0.09813281,18.797504,-13.406455,-1.8791462,-8.73831,-4.864455,6.913463,-2.4818058,7.9657025,14.770945,2.8263888,-7.5850415,-4.5991354,14.391982,10.751924,-11.643756,-7.9762893,-25.389788,-10.563711,20.702578,-8.103096
A8I4E9,-6.2452254,3.8168528,8.794823,-2.0516493,2.568475,-1.0452971,0.2804306,-5.485723,-2.4884806,-4.97526,-4.223046,-2.8717186,2.0208914,3.6298783,4.8015957,-6.9769135,0.19346486,0.21025904,1.8908185,4.3592367,3.5392525,1.7597097,-4.395002,0.36038718,5.8709755,-0.71393347,-2.1820056,-3.7700183,-7.4503937,3.4600306,4.946678,0.18677346,-1.2495435,-4.664066,-1.1756535,-5.4276257,-5.6363616,1.3240572,4.981768,-5.344628,-3.7475207,-3.0449498,-5.0276523,1.3442734,4.671452,-3.412672,-1.2422484,-3.321833,-2.4958937,1.1098219,0.11103967,2.8083858,5.221044,0.278566,-2.3149078,-2.0462198,4.4093685,5.446634,-2.9467468,-2.5745738,-8.776547,-0.4891903,6.371662,-4.035194
Q92890,-17.23493,23.94032,25.791641,-5.5141573,14.951689,-4.045149,-1.8540208,-20.500998,-12.152147,-20.33911,-18.037987,-18.467077,4.644558,24.881496,14.347905,-33.172874,-11.499981,-6.038775,2.1541262,17.74193,16.945908,15.351576,-26.1544,17.644047,26.016613,-1.0691748,-17.167654,-13.149722,-29.475668,16.051556,25.69686,-12.228096,-17.59805,-12.594281,-16.644115,-19.62519,-11.673199,8.238855,16.639019,-27.501816,-14.081659,-18.355352,-31.866806,-2.9846694,26.884167,-18.52956,-2.4632668,-10.690573,-6.4745507,9.514929,-4.120524,10.531891,19.557398,4.5751724,-10.930313,-5.987586,18.19012,11.831621,-15.054314,-10.767645,-33.818737,-16.962719,28.222775,-9.064381
P0DTD2,-11.391169,12.989773,16.230282,-3.687132,8.235549,-2.4552472,-0.83645606,-12.603022,-6.9087524,-11.574526,-10.366394,-9.810789,3.0653737,13.388823,9.333715,-18.545238,-6.106918,-2.863727,1.5998443,10.88725,9.873131,8.293918,-14.241645,8.992826,15.260739,-0.8351333,-9.803228,-8.126337,-17.71873,9.722109,14.99214,-5.88395,-9.080107,-7.8772497,-8.507814,-11.7748375,-8.428951,4.5240927,9.715736,-15.341515,-8.534919,-10.29817,-17.75982,-1.0858066,14.818451,-10.543264,-2.227036,-6.8079147,-4.381643,5.322715,-2.2168174,6.1419134,11.926066,2.6020606,-6.9702244,-3.984471,10.73781,8.044517,-8.4632635,-6.396222,-20.006275,-8.600077,16.326942,-6.327389
O62479,-12.087851,14.729813,17.479797,-3.7354345,9.364015,-2.5866985,-0.89285314,-13.594472,-7.722585,-13.088835,-11.347321,-11.249146,3.2110655,15.266809,9.808036,-20.81711,-6.873164,-3.2269201,1.7341299,11.393892,10.707388,9.209275,-16.309626,10.428104,16.620615,-0.7015894,-10.626261,-8.805346,-19.034803,10.438475,16.449223,-6.8706193,-10.521131,-8.483065,-9.922359,-12.885494,-8.421581,5.0734954,10.759534,-17.236311,-9.193409,-11.324205,-19.866295,-1.3003615,16.827446,-11.662676,-1.9518034,-7.287898,-4.313229,6.0191417,-2.5366523,6.7096705,12.8529415,2.8490696,-7.2465725,-4.06139,11.935863,8.445185,-9.609134,-7.0046396,-21.874573,-10.108954,18.03235,-6.4019794
P47017,-11.394677,11.566967,16.696016,-3.8159277,7.6095843,-2.2177422,-0.4726722,-11.772072,-6.616239,-11.330232,-9.952385,-8.905998,3.3742886,11.799653,9.263036,-17.63447,-3.8698537,-2.0879953,2.4753788,9.93027,8.901469,6.6018786,-13.010154,6.601227,13.900689,-0.9987094,-7.9850497,-7.604473,-16.910131,8.60773,13.33388,-4.098978,-7.1871166,-8.195418,-6.728256,-11.37843,-9.07702,4.0526686,10.105729,-14.198101,-8.126789,-9.022532,-15.542672,-0.11052009,13.627627,-9.556687,-2.06116,-6.5547028,-4.450342,4.28085,-1.4590254,5.9459763,11.480396,2.0072112,-5.926315,-3.8482616,9.967206,8.882573,-7.515267,-5.891518,-19.55804,-6.4976535,15.244252,-6.342321
P00812,-12.45711,12.310578,17.52521,-3.3022106,6.9900665,-2.8391836,-0.13410437,-13.048203,-6.1804566,-12.372196,-10.620212,-9.32321,3.3575423,12.476232,9.740468,-17.779205,-4.257226,-1.9126253,2.0734491,10.505821,9.660901,7.4041753,-13.430604,6.874661,14.373467,-1.1719445,-8.428632,-8.56693,-17.810556,9.623392,14.386094,-4.111917,-7.6529336,-8.468489,-7.058493,-12.942684,-8.451538,4.1930847,9.968114,-15.484424,-8.448882,-9.154484,-16.131674,0.425712,13.77224,-10.396481,-2.092596,-7.258028,-4.594858,5.137344,-1.5627755,6.4144416,11.962108,1.9277819,-6.304632,-4.0322394,11.117984,9.467335,-8.630961,-6.1052985,-20.068716,-6.849912,15.805524,-7.27805
Q28399,-16.84905,22.85294,25.299997,-6.0745907,14.963549,-3.7199638,-2.0897045,-19.775711,-12.247917,-19.093716,-17.44142,-17.563477,4.716367,23.71366,14.354631,-32.257103,-11.312648,-6.075782,2.2862554,17.819256,16.45792,14.668467,-25.013186,17.059946,25.628021,-1.1322165,-17.097195,-12.502821,-29.102152,15.632959,24.938913,-11.887706,-16.774685,-12.328847,-15.8215,-18.53505,-12.736432,8.021843,16.356915,-26.09695,-13.9324465,-18.122417,-30.988642,-3.33602,26.086689,-17.809994,-3.0109801,-10.366925,-6.78141,8.882695,-4.0974674,10.102024,19.400738,4.628176,-11.157706,-6.1689453,17.170319,11.646801,-13.899747,-10.569751,-33.262444,-16.134542,27.4936,-8.817118
P36969,-19.819117,25.089453,28.557377,-5.729926,15.353636,-4.4367433,-1.4831338,-22.660501,-12.45451,-22.028149,-19.049252,-19.122507,4.966157,25.818903,16.05328,-34.769928,-11.762089,-5.6229897,2.3638237,19.054499,17.9265,15.994784,-27.341274,17.790728,27.748617,-1.2340143,-17.843771,-14.809039,-31.367563,17.666048,27.545437,-11.895696,-18.004656,-13.80195,-17.01157,-21.814838,-13.076876,8.484863,17.492836,-29.06285,-15.295276,-18.94599,-33.423626,-2.0353873,27.929302,-19.701023,-2.906508,-12.041783,-6.8786497,10.482458,-4.4126782,11.204504,21.153244,4.7581377,-11.852584,-6.5728316,20.284454,13.488592,-16.660969,-11.599162,-36.113777,-17.416424,30.09116,-10.695937
P09041,-17.465715,20.674639,24.92269,-4.444327,12.161746,-3.9477375,-0.6501581,-19.339025,-9.949659,-19.249704,-16.098978,-15.839496,4.390762,21.20166,13.698922,-28.84667,-8.4861555,-3.8840134,2.3889496,15.392985,14.7641115,12.76732,-22.694376,13.472798,22.640137,-1.2037472,-13.819858,-12.842937,-26.159729,14.645698,22.760948,-8.630046,-14.166741,-12.05129,-13.416668,-19.097015,-10.861603,6.9172883,14.926606,-24.56584,-12.708127,-15.020485,-27.05185,-0.48600164,22.885145,-16.455698,-2.152518,-10.440871,-5.6879387,8.718379,-3.2515442,9.585898,17.67794,3.5878508,-9.301594,-5.4400268,17.487549,12.347014,-14.356907,-9.630585,-30.36084,-13.54679,25.056519,-9.574029
O09061,-20.09221,22.708086,28.533342,-5.1746254,13.27209,-4.4757657,-0.6042006,-21.830519,-10.953903,-21.499197,-18.095253,-17.33339,5.0701613,23.095316,15.777188,-32.01675,-8.82594,-4.081154,2.8825061,17.537062,16.471628,13.945713,-24.79745,14.121995,25.321531,-1.5695509,-15.148453,-14.532886,-29.508512,16.486357,25.24412,-8.946469,-15.101329,-13.810864,-14.268256,-21.653929,-12.948369,7.577919,16.835337,-27.17621,-14.409253,-16.546133,-29.676292,-0.041203815,25.043707,-18.265171,-2.6735134,-11.884457,-6.7110972,9.544885,-3.4337966,10.793994,20.000128,3.8539326,-10.4403925,-6.3031654,19.609804,14.416435,-15.920758,-10.745706,-34.199955,-14.280522,27.944654,-11.294341
A2ABV5,-11.107279,15.677067,16.42671,-3.7455807,9.998214,-2.6113038,-1.3893207,-13.430262,-8.030877,-12.896187,-11.629017,-12.045631,3.0081618,16.449694,9.332023,-21.651064,-8.164459,-4.103898,1.2045546,11.753041,11.196388,10.369731,-17.210987,12.11196,17.312967,-0.6194585,-11.709911,-8.612205,-19.257814,10.590155,17.125134,-8.377386,-11.832364,-8.076621,-11.260367,-12.39159,-7.7172174,5.461265,10.630442,-17.801666,-9.194502,-12.335374,-21.29554,-2.3763416,17.703335,-12.14715,-1.778693,-6.9460025,-4.2426186,6.2738194,-2.8589904,6.808836,12.728217,3.2926042,-7.527171,-3.9638855,11.792469,7.370461,-9.811673,-7.205566,-21.927347,-11.526838,18.606625,-5.8391185
O55164,-9.930822,13.019646,15.032385,-3.784674,8.600569,-2.2193792,-1.079375,-11.356592,-6.9104066,-11.068249,-10.199379,-10.01849,3.0960455,13.240819,8.336214,-18.873138,-5.6887646,-3.0644882,1.6021757,10.413372,9.380944,8.540864,-13.987448,8.755921,15.335573,-0.88627195,-9.322572,-7.442663,-16.707083,8.631558,13.770897,-6.3571205,-9.032678,-7.9960203,-8.684296,-10.819865,-8.314091,4.6222773,10.097769,-14.750939,-8.203737,-10.379487,-17.314066,-1.2910566,14.524784,-9.734959,-1.6883932,-6.0375977,-4.230893,4.5852423,-1.9300288,6.213047,11.169313,2.1691344,-6.0176234,-3.840009,9.895489,7.213216,-8.073681,-6.368994,-19.451252,-8.043532,16.23566,-5.7819366
Q8IXK0,-13.759283,18.072186,20.623724,-5.2378325,12.247914,-2.8493297,-1.7572792,-15.912371,-10.073168,-15.090009,-13.905482,-13.882698,3.9263084,18.826584,11.821027,-25.950846,-9.002238,-4.8369875,2.0793157,14.450495,13.178205,11.485398,-20.0088,13.539377,20.697117,-0.8896309,-13.772586,-10.009575,-23.563643,12.534895,20.075031,-9.334706,-13.2233305,-10.026712,-12.488428,-14.610373,-10.958487,6.397366,13.286684,-20.637407,-11.306455,-14.621831,-24.88799,-2.7743926,21.006315,-14.212938,-2.6795547,-8.382353,-5.6195273,6.923246,-3.269553,8.035833,15.772077,3.8748348,-9.206857,-5.068654,13.649546,9.581816,-10.863641,-8.563608,-26.953747,-12.798424,22.147923,-7.1287394
P04049,-16.698334,21.039803,24.133078,-4.575028,12.566224,-3.818458,-0.9818709,-19.00408,-10.105854,-18.793657,-16.061594,-16.102259,4.1903753,21.600914,13.318728,-29.13276,-9.282467,-4.4068136,2.1001043,15.75077,14.901661,13.4094715,-22.885668,14.337475,23.166632,-1.1199961,-14.446606,-12.553822,-26.067833,14.645503,22.795485,-9.6041155,-14.824574,-11.859181,-14.04031,-18.559341,-10.698484,7.059695,14.782408,-24.495003,-12.764179,-15.572449,-27.608742,-1.1687573,23.167194,-16.430231,-2.1513112,-10.134321,-5.665037,8.711544,-3.4184432,9.500446,17.522444,3.7277555,-9.481171,-5.3636,17.23574,11.484486,-14.2481365,-9.690685,-30.190342,-14.180443,25.188522,-9.216464
P14859,-13.4919,15.037625,19.478048,-4.1459823,9.3995285,-2.8896818,-0.7213823,-14.625859,-7.983433,-14.009906,-12.25678,-11.495191,3.697777,15.457948,10.92083,-21.725252,-6.187761,-3.0601273,2.2278948,12.262626,11.291161,9.145054,-16.640873,9.726345,17.28708,-1.0622731,-10.710293,-9.445645,-20.624918,11.07054,17.14472,-6.222627,-10.108722,-9.379318,-9.456145,-14.080661,-9.712689,5.2083235,11.681909,-18.098188,-9.856219,-11.546943,-20.179018,-0.73400426,17.224907,-12.289815,-2.324589,-7.9737563,-5.04161,6.057958,-2.3170714,7.23881,13.893022,2.7868195,-7.583025,-4.5245595,12.59787,9.91091,-9.889104,-7.2964206,-23.552864,-9.506951,18.894144,-7.39372
P21187,-9.537001,7.5636854,13.266641,-2.4876428,4.296598,-1.9692997,0.32695612,-9.176601,-4.01839,-8.682615,-7.208272,-5.7114987,2.70434,7.4915957,7.2465386,-11.73705,-1.4265134,-0.45576864,2.1053782,7.0382366,6.288976,4.0708675,-8.4187975,2.86022,9.519008,-0.98007,-4.7073126,-6.153989,-12.261674,6.347246,9.234658,-1.2814171,-3.8551297,-6.550071,-3.5195746,-9.28558,-6.915971,2.5592427,7.314249,-10.110334,-5.8994718,-5.507561,-9.767284,1.361659,8.658945,-6.64742,-1.6167802,-5.326237,-3.4584181,3.0171719,-0.5511207,4.508855,8.394038,0.8906832,-4.0275908,-2.9677587,7.710724,7.7421627,-5.684659,-4.141633,-14.031308,-3.0503104,10.596775,-5.771236
O94760,-9.615184,8.049257,13.285066,-2.3302958,4.6296153,-1.8963895,0.38570976,-9.305993,-4.0385327,-9.056748,-7.209575,-6.1022677,2.6020472,7.962712,7.1704535,-12.337982,-1.5788994,-0.36757663,2.0627875,6.867227,6.2647038,4.396413,-9.005115,3.181854,9.919559,-0.8487417,-4.647349,-6.4509945,-11.9599495,6.3851585,9.439475,-1.4923989,-4.2626534,-6.71067,-4.05812,-9.437888,-6.7016835,2.6240828,7.4463067,-10.364905,-5.9999747,-5.655552,-10.297075,1.5686315,9.0345125,-6.7339935,-1.285931,-5.369245,-3.0915372,3.2364647,-0.6536209,4.584943,8.324696,0.95292634,-3.8332033,-2.8278534,8.23694,7.569758,-6.3308277,-4.3646164,-14.165044,-3.553467,11.084348,-5.8053527
P17256,-17.326853,21.302578,24.998617,-5.08933,12.967055,-3.9314504,-1.2112882,-19.61302,-10.652652,-18.956337,-16.55345,-16.255089,4.4840813,21.911613,14.054021,-29.769175,-9.637861,-4.7061644,2.227252,16.550922,15.479692,13.536571,-23.216167,14.708213,23.783686,-1.239436,-15.178257,-12.778812,-27.334236,15.177405,23.603947,-9.779739,-15.007023,-12.104591,-14.1488695,-18.899311,-11.690041,7.25913,15.233038,-24.950937,-13.204696,-16.175694,-28.37766,-1.551029,23.762762,-16.928999,-2.6714838,-10.471971,-6.2509575,8.79388,-3.5709052,9.756486,18.341318,3.9968276,-10.2134495,-5.808472,17.325447,12.082555,-14.104515,-9.950847,-31.283764,-14.360293,25.828688,-9.511662
P09546,-12.057349,15.075742,17.699179,-4.0267158,9.633891,-2.6572876,-1.058139,-13.679833,-7.900358,-13.142407,-11.718376,-11.508357,3.371235,15.474584,9.925743,-21.421968,-6.938236,-3.4413385,1.7408117,11.949964,10.994018,9.658381,-16.398523,10.486854,17.323473,-0.8567791,-10.933526,-8.878203,-19.513273,10.519263,16.517504,-7.205484,-10.66398,-8.878098,-10.088458,-13.023201,-8.991409,5.2396674,11.206233,-17.443243,-9.480743,-11.776586,-20.198145,-1.4167334,16.99351,-11.704005,-2.0464222,-7.306707,-4.6646132,5.8786874,-2.475763,7.0029073,13.113925,2.7346675,-7.329593,-4.305633,11.929622,8.521328,-9.632116,-7.21814,-22.422514,-9.936154,18.538345,-6.6755066
P14738,-8.40148,5.384736,11.64538,-2.4460201,3.1347966,-1.6278511,0.40318564,-7.5932794,-3.1544294,-6.8559,-5.873174,-4.0043497,2.54493,5.134919,6.4328175,-9.142744,-0.16773777,0.061756507,2.1611614,6.0282516,4.9935637,2.6815472,-5.9710836,0.9321269,7.703381,-1.043242,-3.316313,-5.1115456,-10.272865,5.0586042,7.037986,-0.021926545,-2.0074663,-5.8850985,-1.7639213,-7.679938,-6.9022207,1.8588917,6.2873926,-7.6336727,-4.9871845,-4.120021,-6.9848614,1.6735127,6.2964907,-5.009765,-1.7133775,-4.5479264,-3.3515112,1.9316359,-0.05758114,3.7655578,7.081636,0.45427275,-3.305748,-2.7357912,6.0802507,7.1741285,-4.1592503,-3.3463762,-11.688984,-1.0801523,8.439096,-5.38952
P31725,-15.933674,22.329918,23.200476,-4.3604536,12.3485365,-4.4389615,-1.5461826,-19.659658,-10.120372,-18.841076,-16.87009,-16.896477,3.9864278,22.932304,12.991794,-29.531593,-11.16215,-5.49227,1.111203,17.091969,16.360914,15.31329,-23.291142,16.262283,24.336218,-1.1325283,-16.186127,-12.827164,-27.256351,15.487972,23.807455,-11.624446,-16.545658,-11.680752,-15.483099,-19.196918,-9.497911,7.454332,14.555153,-25.833609,-13.031706,-16.959347,-28.993551,-2.3807893,23.722363,-17.142244,-2.2610986,-10.144341,-6.2086244,9.289041,-3.6376193,10.152311,17.77177,3.685437,-10.315644,-5.6599693,17.271137,10.615272,-14.5857,-9.813091,-30.295616,-15.391541,25.716995,-9.4411125
O14011,-11.140828,9.187684,15.184124,-2.4625056,4.879889,-2.385928,0.51619005,-10.866094,-4.40103,-10.427828,-8.369984,-6.9079747,2.916647,9.085811,8.266756,-13.697159,-1.9703231,-0.46889102,2.1279457,8.000636,7.3351912,5.128034,-10.120797,3.708431,11.101682,-1.0765995,-5.5126767,-7.4378295,-13.935285,7.602549,11.015159,-1.6813312,-4.89007,-7.4475255,-4.533301,-11.122846,-7.293223,3.007819,8.190391,-12.089454,-6.8077464,-6.366651,-11.693797,1.7933971,10.142658,-7.9504,-1.6031226,-6.265411,-3.6432018,3.957305,-0.8201676,5.2468514,9.590066,1.0908359,-4.5703645,-3.2840264,9.474445,8.730676,-7.274877,-4.8745427,-16.073235,-4.0920215,12.460139,-6.750872
P21327,-16.806053,26.441055,26.454659,-6.308352,16.603638,-4.2861466,-2.937882,-21.588314,-13.783091,-21.13152,-19.776478,-20.439243,4.772977,27.75024,14.839693,-36.269257,-13.78545,-7.9814544,2.0135632,19.999226,19.120453,17.379004,-28.54821,20.804653,28.583824,-0.91573,-19.852919,-13.356928,-32.514626,17.255915,27.882896,-15.21296,-20.319366,-13.063001,-19.011242,-20.29171,-11.889731,9.108105,17.986698,-30.036495,-15.223446,-21.109678,-35.30583,-5.1588306,29.869822,-20.177547,-2.738933,-10.862732,-7.427183,9.983287,-4.4805603,11.451388,21.056446,5.1410437,-12.344869,-6.383426,18.521376,11.433682,-15.267885,-11.334492,-36.44195,-19.498093,30.307236,-8.843807
O61722,-15.540958,15.780491,22.32359,-4.0535126,9.537764,-3.095395,-0.0056399256,-15.927391,-8.0826435,-16.163805,-13.137527,-12.161978,4.162489,15.9177885,11.992985,-23.373032,-4.5726852,-2.085457,3.1548903,12.262883,11.500919,8.792343,-17.660206,8.354605,18.00792,-1.1869632,-9.611873,-10.709234,-21.47204,11.443636,17.54798,-4.930323,-9.623676,-10.966846,-9.108721,-16.139378,-10.588959,5.2183666,13.214819,-19.43121,-10.600761,-11.227835,-20.330288,1.071529,17.903366,-12.753639,-1.8791509,-8.912985,-5.0306726,6.274227,-1.8847021,7.9797726,14.797977,2.2861686,-6.9729404,-4.650267,14.348365,11.889898,-11.288723,-7.7485256,-25.509586,-8.798197,20.207237,-8.687188
P62993,-14.787016,18.442276,21.617807,-4.7014394,11.570281,-3.2788982,-1.2134299,-16.782513,-9.500903,-16.211983,-14.328598,-14.098063,3.991297,18.966772,12.135275,-26.056854,-8.382057,-4.199967,2.0732899,14.454932,13.405347,11.716339,-20.118866,12.799574,20.86644,-1.0424756,-13.238738,-10.892819,-23.752426,12.950745,20.2842,-8.671792,-13.026252,-10.644585,-12.306622,-16.058447,-10.569925,6.340278,13.485918,-21.442087,-11.5112915,-14.23228,-24.654835,-1.597827,20.739807,-14.478454,-2.382939,-8.94776,-5.5486,7.3506203,-3.047658,8.483449,15.946763,3.4308553,-8.874596,-5.1140223,14.734739,10.397634,-11.93097,-8.694112,-27.278906,-12.337349,22.503723,-8.116322
Q3HL75,-12.967786,15.363887,18.777494,-4.0577693,9.590714,-2.83278,-0.87164956,-14.413902,-7.9283676,-13.810091,-12.126348,-11.690397,3.521648,15.697362,10.519199,-21.890228,-6.699628,-3.229607,1.9244556,12.31895,11.315063,9.710508,-16.714436,10.231226,17.723995,-0.9519846,-10.935779,-9.4341135,-20.18919,10.986575,17.019588,-6.864352,-10.6002865,-9.349908,-10.005559,-13.861865,-9.40172,5.267898,11.569846,-18.01197,-9.853142,-11.83962,-20.476078,-0.9470886,17.24172,-12.088295,-2.1362078,-7.77073,-4.8493757,6.110855,-2.425002,7.2753778,13.624931,2.712283,-7.503768,-4.469054,12.605778,9.255083,-10.116925,-7.407656,-23.210672,-9.855974,19.05173,-7.293246
O75400,-15.521217,18.84627,22.11087,-4.4179745,11.200766,-3.6574986,-1.0097985,-17.597488,-9.17436,-16.772066,-14.725835,-14.330363,3.9800801,19.378292,12.520979,-26.144064,-8.599894,-4.09255,1.7905601,14.814863,13.835046,12.230901,-20.41454,12.944556,21.13726,-1.2114886,-13.543366,-11.530243,-24.289202,13.630065,21.081215,-8.558801,-13.231345,-10.731932,-12.495679,-16.899532,-10.289633,6.430249,13.283472,-22.139593,-11.697738,-14.321589,-25.127197,-1.2331355,20.783325,-15.0933895,-2.4428558,-9.392416,-5.6322465,7.9005566,-3.1464078,8.718393,16.217339,3.572128,-9.1628895,-5.221555,15.483522,10.757295,-12.679169,-8.872403,-27.585957,-12.620802,22.915277,-8.739418
P68105,-13.115437,14.3621,18.945683,-3.9104152,8.790743,-2.8240862,-0.5475595,-14.100989,-7.439975,-13.637781,-11.813049,-10.984179,3.606442,14.638948,10.508357,-20.868912,-5.3899508,-2.6674287,2.2763557,11.709581,10.770913,8.707942,-15.786774,8.715193,16.638845,-1.0809916,-9.825004,-9.263108,-19.629889,10.500063,16.15947,-5.5934844,-9.3723955,-9.3425455,-8.821616,-13.766717,-9.415125,4.892058,11.404563,-17.321173,-9.508309,-10.8892145,-18.985321,-0.21499693,16.225796,-11.607318,-2.0672991,-7.711658,-4.8472333,5.6658688,-1.976253,7.09977,13.245066,2.427189,-6.967475,-4.334418,12.26768,9.760205,-9.680068,-7.0073357,-22.609192,-8.621925,18.16282,-7.462014
O95727,-16.987015,21.780176,25.54944,-6.680864,15.204579,-3.2795994,-2.1205552,-19.189074,-12.470748,-18.320343,-16.885765,-16.753897,4.9190497,22.54598,14.639895,-31.792688,-10.527721,-5.7726173,2.8122566,17.600235,15.757716,13.5795355,-24.206388,16.013407,25.217367,-1.1739736,-16.533358,-12.058423,-28.6938,15.12176,24.182281,-11.005096,-15.662408,-12.393086,-14.815618,-17.68067,-14.185012,7.7703004,16.486593,-24.78276,-13.891736,-17.661982,-30.089981,-3.1850796,25.52246,-17.118347,-3.403017,-10.211045,-6.9297824,8.208089,-3.989825,9.700925,19.401117,4.6769743,-11.115626,-6.293611,16.524038,11.981621,-13.0073805,-10.481197,-33.174297,-15.139201,27.047358,-8.689364
Q05080,-10.8833885,10.515243,15.540412,-3.2539747,6.578314,-2.1511898,-0.187561,-11.11921,-5.7095156,-10.618916,-9.04447,-8.011667,3.0483835,10.636504,8.601145,-15.868677,-3.3278716,-1.5309026,2.230408,9.025353,8.138721,6.037728,-11.737609,5.6468105,12.719563,-0.90779144,-7.0152493,-7.361043,-15.29579,8.036944,12.201853,-3.358087,-6.385481,-7.69159,-5.99177,-10.866444,-8.165947,3.5724552,9.119903,-13.021894,-7.480988,-7.9848967,-13.957258,0.4422288,12.133872,-8.692945,-1.8147756,-6.2327075,-3.965221,4.081038,-1.2543776,5.515689,10.462381,1.68579,-5.3516135,-3.5108376,9.563582,8.377071,-7.293719,-5.419754,-17.738575,-5.713387,13.929438,-6.2629824
P25233,-14.059786,14.635115,20.158922,-3.8751311,8.863184,-2.9608345,-0.2706508,-14.736954,-7.6200323,-14.508706,-12.209244,-11.233918,3.8120904,14.934546,11.053306,-21.375546,-5.0550046,-2.3952608,2.589086,11.727317,10.948055,8.471488,-16.320433,8.5169935,16.695948,-1.1320082,-9.69984,-9.671097,-20.311234,10.8466,16.668339,-5.1487603,-9.307526,-9.703543,-8.702337,-14.607073,-9.660458,4.978799,11.854718,-18.047295,-9.747198,-10.773944,-19.238897,0.22622526,16.722353,-12.075115,-2.0896733,-8.170683,-4.9041967,5.9415483,-1.9779059,7.2917686,13.790658,2.4145508,-7.022049,-4.424475,12.887897,10.634821,-10.077419,-7.143778,-23.48745,-8.624629,18.593594,-7.7641125
O75129,-22.886152,33.715572,33.987083,-7.9334965,21.322685,-5.496414,-3.2782292,-28.101854,-16.900934,-26.904535,-24.753159,-25.719723,5.9912176,34.852432,19.538862,-46.00463,-18.073639,-9.349518,1.854026,25.694592,23.811934,22.845097,-36.084846,26.288387,37.280876,-1.5023385,-25.527985,-18.009483,-40.6603,22.78667,36.124405,-18.75862,-25.577324,-16.775873,-24.26662,-26.285486,-16.357357,11.692598,22.170197,-37.55723,-19.723408,-26.58477,-45.478176,-5.3914995,37.221092,-25.694355,-3.8880038,-14.44343,-9.067746,13.56351,-6.487972,14.381098,26.983814,6.860003,-16.077692,-8.566337,24.895891,14.713681,-20.899546,-15.260193,-46.297646,-24.737514,39.505188,-12.336162
Q9GZM8,-11.922961,12.7671,16.75833,-3.4443681,7.930794,-2.4332507,-0.4421444,-12.725621,-6.5806313,-12.01075,-10.200745,-9.625936,3.0924695,12.973259,9.421924,-18.400074,-5.26453,-2.2040167,1.8621312,10.437382,9.518493,7.870895,-14.029893,8.033481,15.057092,-0.81040287,-8.916465,-8.471584,-17.185629,9.546932,14.5485735,-5.0680957,-8.519704,-8.281314,-8.050881,-12.237621,-8.479901,4.3043323,9.880608,-15.186638,-8.537443,-9.696909,-17.088043,-0.14038713,14.393918,-10.222215,-1.9498035,-6.9941993,-4.108955,5.281446,-1.9933752,6.190843,11.795064,2.2491693,-6.456164,-3.8878067,11.207437,8.523713,-8.882899,-6.3905625,-19.905401,-7.9523873,16.254179,-6.747387
P0ABV6,-13.347227,11.701958,18.914238,-3.618353,7.00993,-2.5895953,0.24920592,-13.026772,-6.1680174,-12.772891,-10.527975,-8.927781,3.709124,11.55643,10.268713,-18.060448,-2.4579809,-1.0567069,2.9756465,10.163448,9.071781,6.329548,-13.015315,4.9409943,14.300751,-1.2735698,-7.038561,-8.820953,-17.504318,9.137827,13.53101,-2.6158593,-6.312917,-9.421856,-5.9293814,-13.248949,-9.847478,3.8819065,10.845865,-14.899429,-8.692762,-8.450537,-15.050065,1.6953039,13.292178,-9.779658,-1.9697001,-7.4714055,-4.635838,4.514533,-1.0499338,6.515386,12.121891,1.4804388,-5.61483,-4.1030474,11.399114,10.616848,-8.63443,-6.164318,-20.645348,-5.33229,15.912287,-7.9215975
P63165,-17.241455,21.385124,25.27747,-5.3868103,13.274809,-3.8586996,-1.3479753,-19.510075,-10.953938,-18.984438,-16.771582,-16.404408,4.644449,22.006636,14.159689,-30.25857,-9.411669,-4.872935,2.4806085,16.722277,15.555399,13.45877,-23.37623,14.622867,23.98662,-1.2963861,-15.195269,-12.636756,-27.676344,15.040829,23.553911,-9.83707,-14.951601,-12.322844,-14.111261,-18.78439,-12.158908,7.3360434,15.682187,-25.023829,-13.333087,-16.39609,-28.50001,-1.705362,24.041714,-16.947803,-2.7010386,-10.403571,-6.4693837,8.527465,-3.4520845,9.8662,18.523989,3.9966314,-10.174317,-5.882571,17.135191,12.245772,-13.859592,-9.994051,-31.763857,-14.222878,26.050169,-9.4511795
P10809,-12.615806,13.438595,18.18567,-3.6590059,8.281274,-2.6272948,-0.3759776,-13.344928,-7.024162,-13.06112,-11.098733,-10.3096285,3.465645,13.703984,10.0005045,-19.700361,-4.7543554,-2.2866967,2.3405364,10.813991,10.019849,7.9227486,-14.933662,7.915196,15.535167,-0.9929173,-8.955062,-8.805803,-18.436941,9.816243,15.1577425,-4.933918,-8.626888,-8.936067,-8.134141,-13.099496,-8.966441,4.5615706,10.890488,-16.33299,-8.952704,-10.049713,-17.722172,0.06416708,15.311532,-10.900001,-1.8817304,-7.3549333,-4.485023,5.3089604,-1.7934666,6.684803,12.517648,2.231454,-6.422655,-4.047438,11.69193,9.480251,-9.187112,-6.605245,-21.41556,-7.9532475,17.117365,-7.0779557
Q9MZB4,-15.264098,20.784872,23.126062,-6.2853684,14.658996,-3.0232315,-2.243971,-17.675955,-11.794379,-16.871809,-15.80889,-16.041061,4.5106835,21.618464,13.337307,-30.133505,-10.530119,-5.80558,2.3046467,16.503078,14.816119,13.333699,-23.064522,15.839397,23.936462,-1.0816247,-15.988507,-11.10683,-26.696005,14.082039,22.871567,-11.054044,-15.26981,-11.329532,-14.574132,-16.020441,-13.001727,7.499906,15.286387,-23.244772,-12.90723,-17.006275,-28.876307,-3.535136,24.228373,-16.144434,-3.076104,-9.286068,-6.3654704,7.7516193,-3.9462671,9.0557785,17.944479,4.65456,-10.462554,-5.8362927,15.288216,10.516196,-12.263996,-9.978139,-30.89979,-14.846405,25.62033,-7.751934
P0DPK5,-14.407156,17.670382,20.99384,-4.701523,11.068801,-3.2307515,-1.2220957,-16.303123,-9.10911,-15.48902,-13.937014,-13.495268,3.9349408,18.172743,11.918566,-25.098415,-7.984604,-4.095883,2.0012345,14.237276,13.039759,11.35651,-19.236485,12.144865,20.245659,-1.1541324,-12.879921,-10.569213,-23.177591,12.606997,19.679136,-8.213449,-12.354552,-10.33557,-11.689129,-15.461296,-10.574194,6.1120644,13.000174,-20.584242,-11.1931095,-13.819628,-23.775187,-1.5262102,19.835701,-14.039392,-2.4845803,-8.689659,-5.604719,6.9989576,-2.8763592,8.234812,15.484055,3.4107337,-8.726803,-5.0608063,14.157233,10.182321,-11.416572,-8.428462,-26.449125,-11.686658,21.77996,-8.079119
P08902,-7.53597,9.423555,10.933585,-3.0546446,6.669658,-1.4475936,-1.0275981,-8.674008,-5.473969,-7.6146383,-7.1037903,-7.0671787,2.1331198,9.825364,6.4492283,-13.579176,-5.334641,-2.4627717,1.0541134,8.01291,7.1209984,6.234867,-10.402,7.4222836,11.517445,-0.3231697,-7.6888294,-5.50226,-12.565468,6.824435,10.79373,-5.133006,-7.128907,-5.50819,-6.729455,-7.574602,-6.4072237,3.3543034,6.975743,-10.589401,-6.1825733,-7.9937763,-13.356727,-1.6738312,11.087305,-7.2970886,-1.7792261,-4.598395,-3.1133823,3.6586308,-1.8468608,4.2403235,8.524542,2.0995603,-5.406441,-2.904622,7.2638073,5.0345726,-5.6783886,-4.7598486,-14.236142,-6.8071704,11.890672,-4.023973
Q88YH3,-8.622822,5.7006564,11.747673,-2.227682,3.0285325,-1.8014517,0.48431608,-7.946249,-3.073835,-7.18478,-6.0462866,-4.2166266,2.4911842,5.498867,6.491818,-9.214554,-0.48417884,0.042504817,1.9744138,6.1051297,5.224461,2.9752429,-6.2657585,1.291596,7.7859125,-1.0424023,-3.5575142,-5.3513927,-10.507219,5.377709,7.4690104,-0.18367457,-2.3375797,-5.8229475,-2.040494,-8.082741,-6.4923,1.9463966,6.1617265,-8.111902,-5.022624,-4.201524,-7.3351426,1.6933589,6.501118,-5.350194,-1.6823587,-4.725079,-3.2950716,2.2873101,-0.17878813,3.8550394,7.1920934,0.5157128,-3.448656,-2.732318,6.4245834,7.212962,-4.5265675,-3.4074936,-11.786722,-1.4602284,8.607683,-5.4915385
O81770,-8.665971,7.3022265,12.40725,-2.5820835,4.6000533,-1.6381783,0.12161583,-8.379959,-4.162425,-8.098543,-6.7679615,-5.5954742,2.58571,7.2943263,6.7179346,-11.61372,-1.4334998,-0.6161272,2.1601331,6.5802865,5.871707,3.8358822,-8.283578,2.9875717,9.233019,-0.8043202,-4.498531,-5.6029305,-11.501659,5.737122,8.629829,-1.5351031,-3.863402,-6.2594776,-3.6093142,-8.36142,-6.7704725,2.4932754,7.2277975,-9.468794,-5.615013,-5.470442,-9.536105,0.97796035,8.603451,-6.1677575,-1.4251908,-4.83456,-3.1965456,2.6420774,-0.5344266,4.236381,7.918465,0.92016095,-3.7198246,-2.7458334,7.096761,7.089925,-5.2121506,-3.994395,-13.460228,-3.1274366,10.231515,-5.114006
P15700,-17.129951,23.816566,26.027905,-6.227651,15.735084,-3.756123,-2.1942582,-20.2121,-12.833822,-19.895273,-18.072697,-18.432,4.869288,24.817078,14.63454,-33.70035,-11.635188,-6.3912487,2.458915,18.09724,16.914232,15.108384,-26.26945,17.86046,26.346197,-1.105416,-17.574194,-12.743557,-29.966303,15.934355,25.764692,-12.440274,-17.533895,-12.648598,-16.588932,-18.979546,-12.876889,8.38056,17.068308,-27.160713,-14.282897,-18.771704,-32.23905,-3.5877643,27.343119,-18.494999,-2.8684053,-10.558703,-6.8228703,9.145787,-4.239806,10.41654,19.948387,4.8558555,-11.285606,-6.2129087,17.672253,11.901501,-14.372653,-10.905169,-34.465275,-16.971836,28.495499,-8.727331
P10493,-15.371704,20.403671,22.637583,-4.9070344,12.553128,-3.6137211,-1.5330532,-18.066488,-10.226174,-17.418472,-15.585538,-15.589653,4.0945525,21.036448,12.746158,-28.342026,-9.718886,-4.967938,1.8603712,15.801584,14.772742,13.3229265,-22.022873,14.633283,22.818121,-1.05263,-14.77627,-11.716434,-25.61984,14.095466,22.1315,-10.175451,-14.771093,-11.248206,-13.9675455,-17.234785,-10.705538,6.9632635,14.347484,-23.464449,-12.399684,-15.812155,-27.173532,-2.1897457,22.644794,-15.81956,-2.398733,-9.473397,-5.9046016,8.124726,-3.403984,9.2349,17.033392,3.803821,-9.6605625,-5.4114456,15.892206,10.558519,-13.0720625,-9.3881855,-29.23239,-14.022158,24.416487,-8.563353
P03615,-3.6888454,2.0857756,5.1783876,-1.2649084,1.5668634,-0.5707471,0.20242031,-3.1998985,-1.5138651,-2.8655205,-2.3318775,-1.5881333,1.2867967,2.0751092,2.7649257,-4.0437684,0.19386522,0.30638203,1.259977,2.3555548,2.00968,0.89236146,-2.5931408,0.10657237,3.445406,-0.32150605,-1.1259139,-2.2407918,-4.2433834,1.8370568,2.8075335,0.23830867,-0.65345025,-2.8837872,-0.6630149,-3.0105457,-3.4031687,0.7469042,3.0299969,-3.0038507,-2.1329138,-1.7340835,-2.8404858,0.80898356,2.7599761,-1.8254255,-0.70194894,-1.9548435,-1.4259218,0.49906728,0.17195578,1.6580156,2.9812667,0.13328995,-1.3223364,-1.1848049,2.5237396,3.2764046,-1.6555971,-1.5693588,-5.0661354,-0.15900385,3.7389572,-2.358033
P28241,-9.814306,8.129298,13.657319,-2.4722939,4.500043,-2.136859,0.28618807,-9.645892,-4.252795,-9.143265,-7.6250763,-6.1469727,2.749309,8.151863,7.4670005,-12.277279,-1.9020944,-0.6855552,2.0210738,7.37914,6.7378893,4.46025,-9.032255,3.5066004,9.889131,-0.9878664,-5.2398653,-6.371723,-12.98343,6.7804885,9.927591,-1.6942931,-4.4060173,-6.6021886,-3.9729378,-9.756059,-6.7798576,2.7759383,7.4889717,-10.884197,-6.102316,-5.8973293,-10.518135,1.1260189,9.304363,-7.1972594,-1.681975,-5.5511017,-3.575842,3.3689027,-0.71463495,4.70065,8.796641,1.0315036,-4.34997,-3.059164,8.050105,7.899253,-5.9760323,-4.2924533,-14.634977,-3.6338556,11.063269,-5.8150706
O60906,-12.593132,17.591396,19.033169,-4.996452,12.113276,-2.5912292,-1.8115878,-14.82483,-9.635213,-14.23884,-13.148014,-13.538311,3.6617746,18.241556,10.863904,-25.197664,-8.904949,-4.7304883,1.7828395,13.671111,12.434697,11.477476,-19.334755,13.321854,20.209892,-0.7924279,-13.233104,-9.492458,-21.941435,11.703489,18.989977,-9.433332,-13.012158,-9.610678,-12.478375,-13.545928,-10.370108,6.2335467,12.73329,-19.5391,-10.753781,-14.232498,-24.13142,-2.7831032,20.159975,-13.341991,-2.2875779,-7.7386265,-5.1114645,6.555442,-3.2185206,7.6996756,14.742937,3.6914556,-8.533344,-4.7713737,13.012283,8.540091,-10.631221,-8.387933,-25.515583,-12.497654,21.479542,-6.6213665
O75334,-10.695285,10.682884,14.786914,-2.1904354,5.9396167,-2.315988,0.28322458,-11.072076,-4.989146,-11.155563,-8.68374,-8.169685,2.6689332,10.884339,7.891047,-15.22121,-3.3433886,-1.0597786,1.8193957,7.8725967,7.7737374,6.1444936,-11.971901,5.7938023,11.874724,-0.69914216,-6.3840623,-7.59061,-14.1026,7.8838286,12.074098,-3.201823,-6.6832504,-7.226623,-6.3444824,-11.219157,-6.1964374,3.471611,8.402589,-13.344956,-6.9129586,-7.2760367,-13.659476,1.0287756,11.861656,-8.710958,-1.073611,-6.1926675,-3.0465968,4.651741,-1.3286861,5.3775306,9.690428,1.5227357,-4.667711,-2.9843366,10.104571,7.9370446,-8.16775,-5.234146,-16.60808,-6.1950955,13.474075,-6.0147343
O14960,-17.153875,22.836481,25.412092,-5.8133254,14.710912,-3.780303,-1.923529,-20.054523,-12.07813,-19.301558,-17.332582,-17.487429,4.598083,23.72673,14.423889,-31.974997,-11.4015665,-5.8833847,2.2176266,17.674974,16.473082,14.58421,-25.046158,17.095287,25.438787,-1.0263726,-17.013788,-12.728635,-28.99627,15.83875,25.108294,-11.729726,-16.83032,-12.234044,-15.825386,-18.848053,-12.340375,7.9248796,16.10664,-26.230394,-13.903637,-17.914694,-30.93605,-3.122862,26.03971,-17.909433,-2.969143,-10.54024,-6.589458,9.160108,-4.162988,10.042127,19.391573,4.6362743,-11.223998,-6.0758805,17.49961,11.728818,-14.172337,-10.512805,-33.08114,-16.327753,27.356897,-8.918029
O59734,-15.078532,14.357788,20.209423,-2.472897,7.089151,-3.5429924,0.7084159,-15.529111,-6.0582514,-15.380499,-11.906041,-10.827671,3.4693017,14.459437,10.914279,-19.788055,-4.4505763,-1.1944672,2.0493197,10.856028,10.673005,8.48017,-15.706617,7.455304,15.704074,-1.1959445,-8.623846,-10.685257,-19.232332,11.252736,16.597145,-3.8706143,-8.774094,-9.582629,-8.196757,-16.046017,-7.8438582,4.590483,10.748644,-18.32769,-9.331686,-9.420179,-18.091444,1.9733078,15.344052,-12.107626,-1.5835123,-8.732734,-4.193578,6.8044267,-1.85937,7.3216295,13.158359,1.9493821,-6.4472227,-4.1192946,14.146585,11.047766,-11.506281,-6.9393897,-22.164278,-8.120194,17.920465,-8.751285
O60609,-15.639837,17.802094,22.913033,-5.113678,11.617205,-3.1539686,-0.9639228,-16.825382,-9.6871,-16.437778,-14.409302,-13.718836,4.404404,18.259617,12.791597,-26.146053,-7.083355,-3.7116723,2.811541,14.28497,13.031075,10.660651,-19.851954,11.4502945,20.484299,-1.2583774,-12.479837,-10.885071,-24.083225,12.731021,19.990606,-7.400092,-11.877325,-11.106188,-11.233188,-16.18329,-11.861517,6.2145786,14.084152,-21.112122,-11.635442,-13.703344,-23.951412,-0.937829,20.553097,-14.354727,-2.6109073,-9.180053,-5.833024,6.910498,-2.7642503,8.456209,16.334137,3.3673482,-8.673391,-5.2827005,14.684715,11.5496235,-11.549644,-8.686872,-27.996471,-11.234991,22.495325,-8.4071
P01857,-23.398872,34.404587,35.451176,-8.134288,21.854893,-5.51421,-3.334114,-28.706944,-17.702045,-28.029856,-25.581038,-26.511003,6.2437687,35.919437,20.117374,-47.434917,-17.68743,-9.666758,2.5908165,25.822826,24.40185,22.45995,-37.473114,26.629824,37.363052,-1.3862348,-25.588436,-18.1315,-42.05574,23.016882,36.958412,-18.784393,-25.981318,-17.126696,-24.538343,-26.93372,-16.373337,11.86986,23.19181,-38.925716,-20.060242,-27.008976,-46.353832,-5.617466,38.765285,-26.601336,-3.7172015,-14.718698,-9.267512,13.606953,-6.2911115,14.694596,27.745308,7.1174555,-16.158867,-8.436196,25.26756,15.576979,-20.936232,-15.235572,-47.88784,-25.437551,40.131668,-12.120179
Q0VCU1,-12.5525,14.1197195,18.459288,-3.9594865,9.027818,-2.5736825,-0.643479,-13.506729,-7.6218176,-13.318716,-11.499141,-10.896213,3.5607667,14.492556,10.148241,-20.756079,-5.3049064,-2.7435284,2.4089909,11.22502,10.411589,8.335605,-15.760881,8.781014,16.22201,-0.93853956,-9.598208,-8.792712,-19.140532,10.017848,15.731361,-5.6677885,-9.325888,-9.081516,-8.801284,-13.12671,-9.2613535,4.8566637,11.388017,-16.935003,-9.244146,-10.749937,-18.758268,-0.4958342,16.290659,-11.313514,-1.9280694,-7.3762345,-4.6296005,5.4056525,-1.9726404,6.860418,12.950424,2.4528081,-6.7128334,-4.1476774,11.785415,9.421965,-9.25327,-6.852245,-22.26517,-8.674134,17.821508,-6.8530746
O15537,-14.897188,19.5387,22.538605,-5.4236937,12.835218,-3.2250483,-1.7102323,-17.209415,-10.631509,-16.715645,-15.24431,-15.088506,4.295711,20.277838,12.682255,-28.03936,-9.023492,-5.0383825,2.3982913,15.4088,14.222622,12.270562,-21.531202,14.0063305,22.088982,-1.0608937,-14.334761,-10.894848,-25.418354,13.36824,21.373442,-9.7072935,-13.991165,-11.058148,-13.204324,-16.200834,-11.486121,6.8400316,14.575833,-22.563145,-12.145415,-15.508599,-26.41073,-2.5336554,22.478088,-15.32758,-2.5995717,-9.0709505,-6.0770736,7.366712,-3.2151215,8.878126,16.919106,3.8666358,-9.471495,-5.3801045,14.848203,10.656001,-11.873712,-9.1048565,-29.142239,-13.34662,23.802479,-7.907388
P16233,-23.158735,35.32385,34.74788,-7.844368,21.882406,-5.85458,-3.4578018,-29.069326,-17.462858,-28.12914,-25.852854,-27.02816,6.050606,36.67111,19.813723,-47.69749,-19.006153,-9.997717,1.7399994,26.452951,24.945776,23.948149,-37.74354,27.806585,38.36028,-1.4501066,-26.586098,-18.519205,-42.200302,23.57892,37.53681,-19.964834,-27.060959,-17.097723,-25.582,-27.37732,-15.763275,12.191731,22.859818,-39.536396,-20.228228,-27.674334,-47.308502,-5.931431,38.88927,-26.890411,-3.701968,-14.806065,-9.264499,14.221012,-6.6684337,15.000226,27.750814,7.0468097,-16.50425,-8.636783,25.712425,14.877774,-21.71418,-15.594733,-47.746765,-26.17353,40.740314,-12.416008
P14384,-20.522762,29.47111,30.892538,-6.948091,18.40512,-4.97137,-2.5529265,-24.7708,-14.763818,-24.361526,-22.147188,-22.646622,5.6270294,30.359613,17.324747,-40.696262,-14.442848,-7.746615,2.249822,22.284662,20.83172,19.497034,-31.605886,21.771494,32.464252,-1.5042081,-21.440516,-15.947773,-35.972435,19.628824,31.197882,-15.561092,-21.693962,-15.45107,-20.582111,-23.72065,-14.629524,10.193138,20.29471,-33.328518,-17.354677,-22.887655,-39.12897,-3.9253998,32.534443,-22.435465,-3.128451,-12.835239,-8.175339,11.491459,-5.108555,12.999378,23.81251,5.4866385,-13.430008,-7.5420737,21.962812,13.913178,-18.341593,-13.30846,-41.221127,-20.57767,34.721783,-11.245746
P05187,-12.2785,13.559032,17.73823,-3.6917686,8.364705,-2.6214068,-0.5026306,-13.178444,-6.9605393,-12.815883,-11.063114,-10.3710985,3.40847,13.753395,9.796715,-19.754524,-5.013073,-2.428561,2.133347,10.960182,10.042724,8.3025255,-14.846984,8.117818,15.825558,-1.0209537,-9.142927,-8.75965,-18.252419,9.762117,15.063769,-5.2761846,-8.80565,-8.922924,-8.366006,-12.887516,-8.961648,4.615523,10.811932,-16.186268,-8.956425,-10.25758,-17.855173,-0.08807214,15.197789,-10.77122,-1.8550206,-7.2126656,-4.4950123,5.265091,-1.8351215,6.7211328,12.3662615,2.2102716,-6.41377,-4.0853252,11.586304,9.108414,-9.226925,-6.6875267,-21.225716,-8.007958,17.217505,-7.0842814
O75694,-17.832006,20.687952,25.736307,-5.0999646,12.605746,-3.8947861,-0.8649815,-19.532034,-10.448807,-19.190441,-16.475157,-15.859101,4.704042,21.167757,14.281253,-29.463148,-8.352527,-4.108596,2.7312396,16.11056,15.040054,12.675671,-22.737806,13.318061,23.20909,-1.3748153,-14.172236,-12.814973,-27.104692,14.819099,22.987709,-8.608796,-13.966802,-12.464934,-13.184868,-19.115196,-12.168096,7.0312285,15.538905,-24.602312,-13.127557,-15.447716,-27.341309,-0.7139678,23.212906,-16.593845,-2.5958405,-10.585106,-6.282392,8.430421,-3.1973011,9.751351,18.307081,3.6846411,-9.703472,-5.79872,17.328514,12.872807,-13.951674,-9.8074,-31.351181,-13.233827,25.515505,-9.817544
P01588,-20.677488,29.406134,31.199018,-7.6588655,19.20527,-4.682701,-3.0155847,-24.922102,-15.58311,-23.851793,-22.174479,-22.62047,5.685438,30.668755,17.951859,-41.14517,-15.181169,-8.366345,2.458062,22.859674,21.118973,19.239706,-32.12305,22.688156,32.692753,-1.3968736,-22.38588,-15.670014,-36.90215,20.025557,32.09689,-15.941208,-22.001509,-15.0675,-20.806013,-23.027641,-15.572823,10.302042,20.300934,-33.21915,-17.621588,-23.548166,-40.137966,-4.9440875,33.430904,-22.956635,-3.7616053,-12.866925,-8.501481,11.4839325,-5.4604974,12.6923895,24.417467,6.3548226,-14.417195,-7.6647987,21.639465,13.906775,-17.695127,-13.386814,-41.958088,-21.51637,34.978752,-10.780785
P14079,-15.179215,19.371546,22.217632,-5.1229997,12.440503,-3.342639,-1.478291,-17.338226,-10.045184,-16.590351,-14.966604,-14.835813,4.16094,19.96409,12.646205,-27.472029,-9.094666,-4.6661663,2.0036435,15.277433,13.991122,12.545433,-21.155619,13.754103,22.06242,-1.1737534,-14.208128,-11.239989,-24.812704,13.536324,21.382956,-9.377456,-13.781333,-10.94929,-13.128322,-16.304802,-11.331704,6.7583013,13.994205,-22.209131,-12.04207,-15.192464,-26.214727,-2.0098996,21.788197,-15.211519,-2.592546,-9.193729,-5.8459463,7.645009,-3.3505657,8.786726,16.626287,3.8908756,-9.4278965,-5.3993096,15.217036,10.520706,-12.402666,-9.232124,-28.538002,-13.183622,23.756382,-8.32108
P13725,-19.38313,27.316814,29.1279,-7.050049,17.751049,-4.3901596,-2.7088475,-23.273823,-14.38508,-22.2899,-20.602901,-21.001165,5.2999544,28.467413,16.724712,-38.209606,-13.981798,-7.6224213,2.3114853,21.190048,19.613737,17.86554,-29.838705,20.91799,30.396652,-1.2982932,-20.665089,-14.706003,-34.23822,18.627506,29.818562,-14.65434,-20.367043,-14.114889,-19.280684,-21.553127,-14.45661,9.539546,18.886572,-30.901745,-16.39088,-21.79102,-37.216854,-4.3859377,30.987799,-21.311,-3.4474258,-12.038832,-7.862513,10.700399,-5.023617,11.841677,22.679329,5.84457,-13.335635,-7.118933,20.266714,13.047867,-16.596409,-12.470523,-38.98469,-19.88749,32.54212,-10.176237
P0ABE5,-7.782702,7.0784783,11.232408,-2.328601,4.6670384,-1.3569275,0.06774841,-7.614817,-3.9845827,-7.60311,-6.1459117,-5.475722,2.3021052,7.1242614,5.9868608,-11.22129,-1.5176054,-0.5887483,2.0032613,5.8200073,5.328245,3.7351806,-8.148628,3.153558,8.785687,-0.5658706,-4.1185417,-5.217813,-10.253097,5.14195,8.008653,-1.7321677,-3.9606278,-5.825773,-3.8393908,-7.5337296,-6.051361,2.3651993,6.8039265,-8.814713,-5.1820664,-5.222614,-9.235558,0.84799737,8.338645,-5.6543827,-1.0201492,-4.3517623,-2.6151938,2.4887779,-0.573028,3.9047387,7.1564536,0.93038636,-3.242405,-2.3704178,6.742415,6.224878,-5.1268616,-3.8342812,-12.430491,-3.3715723,9.75761,-4.497252
Q13114,-12.4643955,15.082439,18.143803,-3.8839846,9.525194,-2.6844237,-0.85494804,-13.905979,-7.7975163,-13.533436,-11.769914,-11.556703,3.3964808,15.508585,10.101028,-21.526335,-6.535528,-3.1767578,1.9080379,11.720627,10.921283,9.440556,-16.593306,10.156833,17.16381,-0.8561472,-10.575386,-9.11818,-19.4782,10.560826,16.616966,-6.765057,-10.476066,-9.0077,-9.954775,-13.330938,-8.915905,5.1751523,11.293725,-17.617296,-9.495564,-11.541572,-20.130043,-0.98592395,17.03437,-11.831329,-1.8957436,-7.4713864,-4.5224657,5.9684296,-2.3921194,7.0338655,13.145163,2.7519972,-7.1531796,-4.2101207,12.290127,8.871143,-9.939328,-7.2273283,-22.577385,-9.8833475,18.621433,-6.8499966
P23381,-15.392207,20.0923,23.05846,-5.4501967,13.254981,-3.278113,-1.7023202,-17.719952,-10.953694,-17.201906,-15.509241,-15.491172,4.325732,20.916882,13.011509,-28.669123,-9.580194,-5.143278,2.3577824,15.645226,14.529572,12.559542,-22.270348,14.718032,22.531841,-0.99659574,-14.848109,-11.192668,-25.994707,13.843353,22.155336,-10.039513,-14.552447,-11.120395,-13.711293,-16.626392,-11.5677,7.050001,14.741441,-23.214565,-12.397785,-15.851045,-27.300745,-2.682249,23.231615,-15.851269,-2.6953635,-9.365723,-6.0422564,7.808234,-3.514223,8.96714,17.383017,4.1065245,-9.848328,-5.467643,15.360792,10.84811,-12.296237,-9.359976,-29.808468,-14.071449,24.393581,-7.9229364
P06454,-16.707108,19.489834,24.260206,-5.120552,12.0977545,-3.6722088,-1.0540997,-18.427448,-10.169436,-17.806257,-15.665944,-14.940172,4.52444,20.066517,13.620395,-27.844849,-8.275446,-4.2347527,2.5647275,15.579229,14.423215,12.00202,-21.477468,12.973981,22.002636,-1.337529,-13.912172,-11.8644085,-26.131298,14.12162,21.971792,-8.439285,-13.327536,-11.601899,-12.4922695,-17.771967,-11.812676,6.745677,14.672694,-23.239004,-12.4529705,-14.91112,-26.099197,-1.2520772,22.158298,-15.842448,-2.789908,-9.95517,-6.250684,7.8906984,-3.119695,9.162998,17.527805,3.6955948,-9.600027,-5.625166,15.9906645,12.109331,-12.712198,-9.252532,-29.834255,-12.680654,24.09405,-9.073655
O95071,-14.791519,15.75482,21.187784,-4.1439166,9.519235,-3.1667151,-0.4094244,-15.683597,-8.108637,-15.308421,-13.030611,-12.060639,3.9814613,16.062008,11.705477,-22.8474,-5.72614,-2.7435346,2.5615525,12.691827,11.7718315,9.348978,-17.43101,9.404077,18.011948,-1.2178843,-10.625387,-10.297746,-21.647886,11.660284,17.886898,-5.8173876,-10.161922,-10.23813,-9.5238,-15.459979,-10.228213,5.361427,12.502272,-19.232721,-10.423301,-11.705773,-20.769463,0.038318515,17.85093,-12.924776,-2.2562842,-8.643041,-5.2424445,6.407168,-2.2090733,7.7742524,14.662379,2.6641028,-7.608175,-4.7370024,13.716731,11.044743,-10.799904,-7.6651177,-24.958382,-9.440986,19.91433,-8.254675
P04637,-12.200929,13.750783,17.755686,-3.8383522,8.660647,-2.6107874,-0.67905664,-13.249808,-7.3262086,-12.785536,-11.199476,-10.536865,3.4270194,14.110354,9.883941,-19.964708,-5.537888,-2.774277,2.1039944,11.160514,10.2790575,8.37098,-15.192616,8.789123,15.883751,-0.96428907,-9.681034,-8.590392,-18.760017,9.953753,15.491298,-5.7106223,-9.2071085,-8.702116,-8.647943,-12.78585,-8.952969,4.7675443,10.830771,-16.483387,-9.001513,-10.577538,-18.367373,-0.6538236,15.730892,-11.092786,-2.0492315,-7.218167,-4.616414,5.394676,-2.0303776,6.6727343,12.632501,2.4472995,-6.7953568,-4.1359577,11.433095,9.033287,-8.995772,-6.694307,-21.52997,-8.54208,17.31297,-6.7503595
P09956,-17.273596,19.674383,25.04245,-5.160541,12.218474,-3.7355893,-0.92412263,-18.812864,-10.3622265,-18.324959,-15.935921,-15.115883,4.6682925,20.286156,13.9866905,-28.231094,-8.103066,-4.1243825,2.790368,15.635833,14.561757,11.840341,-21.85562,12.91389,22.06968,-1.3624401,-13.8961115,-12.07853,-26.639395,14.340425,22.32427,-8.214931,-13.318618,-11.822787,-12.439647,-18.248001,-12.038261,6.8168893,14.99968,-23.703972,-12.624477,-14.902001,-26.32416,-1.0653707,22.553305,-16.159397,-2.8366404,-10.229428,-6.3231487,8.037747,-3.1304271,9.278775,17.915846,3.7228756,-9.681832,-5.6935506,16.330032,12.655108,-12.89249,-9.34096,-30.460869,-12.729095,24.38994,-9.214226
P17506,-17.75327,17.460855,24.243496,-3.3178823,9.299716,-3.8581207,0.63893324,-18.196724,-7.6716886,-18.373615,-14.216976,-13.265408,4.1658583,17.478743,13.022091,-24.664362,-5.1238527,-1.5758238,2.7517526,12.979088,12.552183,10.144204,-19.210846,8.963615,19.343351,-1.3329878,-10.155651,-12.649332,-22.733082,13.123074,19.595045,-4.8789372,-10.614904,-11.777571,-10.10344,-18.780394,-10.053732,5.5398,13.442876,-21.685713,-11.387964,-11.593717,-22.032164,2.310112,18.806091,-14.244756,-1.6688021,-10.21172,-4.868025,7.8237953,-2.2162611,8.767233,15.757008,2.381105,-7.4126654,-4.8622556,16.923399,13.002975,-13.805166,-8.494489,-26.971388,-9.86262,21.949636,-10.26296
P13667,-14.316042,15.944417,20.42141,-3.8709862,9.466343,-3.1702664,-0.46958935,-15.514937,-7.915833,-15.15019,-12.849009,-12.182216,3.750278,16.290348,11.287831,-22.699257,-6.1820025,-2.8637629,2.2188616,12.517223,11.751179,9.743915,-17.515226,9.89539,18.014862,-1.1043699,-10.763327,-10.2676,-21.160013,11.613671,17.878529,-6.258721,-10.580541,-9.952246,-9.976193,-15.249996,-9.515131,5.374511,12.1255865,-19.207771,-10.250285,-11.792245,-20.958427,-0.13908929,17.805132,-12.877681,-2.0358305,-8.461544,-4.9515715,6.5758924,-2.3245482,7.7050886,14.292462,2.713243,-7.5243044,-4.5644536,13.728819,10.423267,-11.027628,-7.646488,-24.402298,-9.908707,19.824652,-8.048912
P27487,-11.144057,12.511811,16.180923,-3.6865604,8.002514,-2.3771126,-0.7324313,-12.139525,-6.79336,-11.450974,-10.218675,-9.5371275,3.1677384,12.844464,9.118594,-18.201183,-5.3114023,-2.64208,1.8746275,10.457545,9.49539,7.74289,-13.773608,8.182156,14.712967,-0.89293003,-9.1249695,-7.817517,-17.326935,9.187503,14.247203,-5.3713202,-8.460009,-7.952289,-7.922394,-11.550227,-8.47934,4.3843093,9.8698845,-14.942496,-8.303981,-9.841893,-16.894768,-0.81816167,14.372838,-10.116614,-2.083104,-6.607988,-4.383778,4.89119,-1.9148431,6.088392,11.654466,2.3020642,-6.4718084,-3.9041774,10.319595,8.207111,-8.052159,-6.1742163,-19.726269,-7.8151007,15.865262,-6.20537
O14792,-12.66842,10.745563,17.131063,-2.5470917,5.358974,-2.9247866,0.5879659,-12.60745,-4.9413133,-12.0531645,-9.721623,-8.054931,3.206355,10.716351,9.369247,-15.457326,-2.7587955,-0.758766,2.1085765,9.231845,8.633631,6.14872,-11.727761,4.8039,12.509987,-1.2478036,-6.715416,-8.5013895,-16.195848,9.010884,12.995162,-2.2664301,-5.9946637,-8.144328,-5.4465003,-12.968411,-7.6465907,3.5413444,9.0134535,-14.276826,-7.690105,-7.356544,-13.651665,1.7865386,11.742844,-9.479185,-1.8691579,-7.218394,-4.1497498,4.9063263,-1.1260936,5.988111,11.006996,1.3487463,-5.4451275,-3.7244442,10.89825,9.808206,-8.429693,-5.4805913,-18.258295,-5.168611,14.131469,-7.572968
P28862,-16.69893,22.201935,24.395798,-4.9410353,13.433947,-3.9656084,-1.4647412,-19.59223,-10.86813,-19.158775,-16.798931,-16.989023,4.314022,22.91575,13.635099,-30.560696,-10.505581,-5.2086706,1.8956861,16.68777,15.850096,14.418396,-24.038422,15.916828,24.384447,-1.0884432,-15.787653,-12.783745,-27.40123,15.266672,24.018066,-10.912338,-16.09847,-12.000189,-15.244991,-18.861668,-10.951526,7.535217,15.317484,-25.606766,-13.251225,-16.852818,-29.407251,-2.127481,24.525146,-17.23724,-2.3481133,-10.289741,-6.052351,9.064659,-3.765365,9.936075,18.256842,4.1108904,-10.228819,-5.680247,17.4764,11.370522,-14.514746,-10.120977,-31.395767,-15.414724,26.34717,-9.162738
O60870,-13.69328,14.126534,19.29767,-3.5214741,8.17401,-3.0214608,-0.15407763,-14.425345,-6.9741635,-14.008105,-11.754916,-10.753512,3.5923445,14.3311205,10.635757,-20.306475,-4.952725,-2.1666431,2.247275,11.408189,10.636173,8.463037,-15.515713,8.103541,16.186937,-1.15288,-9.353599,-9.598491,-19.437582,10.641222,16.122738,-4.8949757,-8.959369,-9.379279,-8.397565,-14.341704,-9.0650215,4.7461786,11.149586,-17.40717,-9.397298,-10.311382,-18.446718,0.48204172,15.746381,-11.637319,-1.9941257,-7.9865417,-4.7042713,5.8999066,-1.8957483,7.1049595,13.173531,2.2503755,-6.791017,-4.292248,12.674622,10.200063,-10.045043,-6.9220433,-22.352606,-8.222121,17.906347,-7.8495593
P01584,-21.403536,29.902664,32.04526,-7.274573,19.088558,-4.8811374,-2.6216037,-25.497126,-15.439232,-24.909807,-22.500666,-23.027685,5.7479854,31.08148,18.1383,-41.645267,-14.7990885,-7.9368706,2.588595,22.628714,21.220446,19.32165,-32.6777,22.447382,32.82805,-1.3909665,-21.985397,-16.25125,-37.03564,20.24121,32.36376,-15.603776,-22.103163,-15.516337,-20.931345,-24.043236,-15.2161875,10.352313,20.664976,-34.024837,-17.766943,-23.329035,-40.286312,-4.191857,33.726944,-23.25322,-3.4037354,-13.2538595,-8.263509,11.853328,-5.388677,12.98949,24.613302,6.105786,-14.081264,-7.6033974,22.514587,14.495957,-18.551825,-13.54208,-42.443695,-21.534685,35.431774,-11.196126
P09086,-14.389336,16.82734,21.094946,-4.7891345,10.765897,-3.0988755,-1.0979533,-15.886063,-9.085243,-15.176784,-13.624313,-12.911684,4.0499463,17.361315,11.916408,-24.34106,-7.2470565,-3.838515,2.3520439,13.767619,12.584489,10.386457,-18.591751,11.308802,19.327803,-1.1799695,-12.274942,-10.141893,-22.929398,12.179834,19.051062,-7.4534607,-11.526636,-10.168415,-10.807757,-15.112749,-10.797553,5.899283,12.938784,-19.98627,-10.905412,-13.185297,-22.753597,-1.3852063,19.346607,-13.669208,-2.6174796,-8.570734,-5.664178,6.6054993,-2.6775045,7.9639854,15.349193,3.2814298,-8.516596,-5.01036,13.58694,10.519532,-10.681794,-8.092858,-26.119862,-10.906596,21.016869,-7.8206816
Q06559,-13.439171,14.993177,19.64515,-4.2044315,9.449894,-2.8492508,-0.69574654,-14.487663,-8.051393,-14.114419,-12.322368,-11.532192,3.791095,15.390543,10.890237,-21.886198,-5.8060308,-3.0042632,2.4299965,12.13583,11.200029,8.953666,-16.645903,9.426792,17.207233,-1.0887756,-10.440102,-9.355397,-20.612875,10.853478,16.908497,-6.0603194,-9.924206,-9.5373745,-9.298011,-14.070172,-9.836411,5.20077,11.953034,-18.097403,-9.841438,-11.462717,-19.981312,-0.62231946,17.245726,-12.188082,-2.2214346,-7.9157157,-5.0715947,5.861316,-2.1680377,7.2962008,13.881097,2.660665,-7.345667,-4.5036335,12.498958,10.069283,-9.779133,-7.261739,-23.694118,-9.232987,18.891708,-7.356451
P10082,-24.072622,35.36675,35.95905,-8.756986,22.670578,-5.6911163,-3.7352335,-29.623133,-18.095085,-28.01023,-26.23134,-27.066881,6.369559,36.80788,20.93953,-48.68516,-19.021461,-10.250963,2.1377182,27.416903,25.272139,23.870073,-38.179356,27.826462,39.23148,-1.6568141,-27.21081,-18.77976,-43.394436,24.122736,38.450367,-19.735796,-26.842966,-17.467188,-25.472456,-27.236197,-17.709438,12.316365,23.372198,-39.465206,-20.875734,-28.332962,-48.263752,-6.1350713,39.498486,-27.403284,-4.3661127,-15.148792,-9.861722,14.092685,-6.807188,15.040513,28.635248,7.746716,-17.31926,-9.0336895,25.922354,15.562938,-21.570211,-16.00923,-49.153744,-26.336218,41.660995,-12.856202
P37370,-10.475458,9.418569,14.645128,-2.567479,5.4308176,-2.1515553,0.26757652,-10.419195,-4.7672033,-10.227286,-8.252918,-7.1800017,2.8336163,9.449541,7.9058466,-14.114506,-2.3408504,-0.8092232,2.1442857,7.7957416,7.252269,5.214216,-10.538463,4.3620925,11.177924,-0.88869107,-5.7019153,-7.068698,-13.703636,7.3040504,10.946352,-2.2862175,-5.3621306,-7.240692,-5.033863,-10.542484,-7.0884457,3.1194701,8.302196,-12.050978,-6.706551,-6.6700177,-12.113628,1.2348281,10.655323,-7.8850036,-1.4255276,-5.937126,-3.4407551,3.8419373,-0.9333539,5.1325817,9.428724,1.2374839,-4.4811563,-3.121469,9.159079,8.181922,-7.0720415,-4.8779926,-16.023346,-4.66426,12.534721,-6.1167417
P60723,-10.151066,9.647792,14.439307,-2.8302727,5.8022075,-2.1195092,-0.028639436,-10.341757,-5.1215515,-9.993864,-8.412899,-7.371859,2.8601065,9.781101,7.8983026,-14.436844,-2.887944,-1.2712488,2.0589015,8.164413,7.5123825,5.4915457,-10.773297,5.0210967,11.477574,-0.8859796,-6.3112407,-6.839545,-14.150897,7.4024506,11.232961,-2.8920689,-5.776505,-7.09925,-5.381039,-10.254364,-7.25473,3.293878,8.382045,-12.1938925,-6.7934213,-7.16106,-12.651829,0.5794295,11.082734,-8.077354,-1.6162705,-5.8224792,-3.6578805,3.8186858,-1.0772024,5.144103,9.615975,1.4401464,-4.825209,-3.2226176,8.863717,7.920309,-6.778051,-4.935024,-16.292091,-5.0895343,12.719602,-5.837261
G4NAP4,-6.7769566,6.923087,9.970506,-2.5756986,4.9306173,-1.258709,-0.4136736,-7.0148706,-4.2304106,-6.5717115,-5.9171276,-5.34607,2.175469,7.1741323,5.5787363,-10.78634,-2.578023,-1.305833,1.5579908,6.039752,5.383472,4.0478334,-7.940506,4.20574,8.6475725,-0.55821073,-5.041704,-4.505995,-10.279178,5.069595,8.117048,-2.6437745,-4.422233,-5.030489,-4.203511,-6.4630747,-5.8872848,2.5369723,6.228081,-8.387287,-4.912054,-5.6744146,-9.604419,-0.37032962,8.404118,-5.664045,-1.3859717,-3.9048252,-2.7841892,2.4143734,-0.9080391,3.582786,6.963415,1.3326285,-3.7596989,-2.4239368,5.795701,5.29217,-4.325963,-3.7229702,-11.8845,-3.9625738,9.387257,-3.718032
P0DTC5,-12.977297,16.425161,19.299946,-4.7445045,11.202911,-2.5313537,-1.3840287,-14.6406145,-9.129826,-14.084653,-12.603607,-12.620596,3.6568933,17.01279,10.925879,-23.835995,-7.720018,-3.994112,2.1492686,12.941558,11.816922,10.224067,-18.291744,11.823244,18.947025,-0.7679337,-12.059536,-9.39461,-21.24659,11.3273735,18.128546,-8.040758,-11.77005,-9.519356,-11.197851,-13.582221,-10.271845,5.739453,12.385867,-18.753777,-10.4003315,-13.074146,-22.47341,-1.9683945,19.088072,-12.781433,-2.2913222,-7.798237,-4.9647174,6.2632203,-2.8639622,7.388136,14.405494,3.3682961,-8.126219,-4.5977182,12.808762,9.106178,-10.20915,-7.913849,-24.736492,-11.341882,20.36355,-6.773511
P16858,-15.0989485,17.715954,22.001577,-4.481927,10.919276,-3.2497275,-0.7848636,-16.56992,-8.979068,-16.373775,-14.067072,-13.5995245,4.0846453,18.055275,12.114842,-25.448042,-6.919516,-3.4487631,2.480785,13.780853,12.8168,10.88175,-19.409107,11.164311,20.129068,-1.1394097,-11.912101,-10.976103,-23.004642,12.4309,19.356585,-7.3821893,-11.878423,-10.971671,-11.293967,-16.23466,-10.651563,5.982653,13.585332,-20.888376,-11.296309,-13.293898,-23.277998,-0.51360667,19.813116,-13.914011,-2.0908296,-8.963591,-5.386873,6.9517226,-2.5629146,8.45497,15.565957,2.9825292,-8.091088,-4.9636245,14.775206,10.976403,-11.929269,-8.460918,-26.856382,-11.063402,21.963644,-8.498883
Q15750,-13.092578,13.6764555,18.103252,-2.9964287,7.813744,-2.9014056,0.01432399,-13.805018,-6.4821553,-13.571412,-11.033273,-10.414541,3.2766101,13.944797,9.932099,-19.306664,-5.0303817,-1.9070457,1.9083256,10.44023,9.989794,8.254427,-15.139771,8.113019,15.292743,-0.99439615,-8.89717,-9.308472,-18.086098,10.199555,15.597722,-4.7473483,-8.857609,-8.7092705,-8.385967,-13.730327,-8.008706,4.5804453,10.311906,-16.755535,-8.783286,-9.688481,-17.861803,0.59062684,15.133815,-11.223798,-1.6687546,-7.6488347,-4.044254,5.994246,-2.0210845,6.670359,12.340064,2.2667713,-6.3580585,-3.9193857,12.429839,9.483424,-10.072986,-6.686456,-20.9886,-8.3443365,17.143,-7.322548
P0A855,-9.443311,9.078079,13.472351,-2.713175,5.5360236,-1.974172,-0.086764604,-9.67318,-4.885717,-9.304326,-7.8934655,-6.942642,2.6969357,9.245137,7.3875957,-13.591725,-2.8431034,-1.2701006,1.9186786,7.6969914,7.086741,5.20069,-10.163795,4.8650804,10.822422,-0.8140803,-6.0439534,-6.3640614,-13.33632,6.9382205,10.594895,-2.8389292,-5.511093,-6.6279254,-5.1344085,-9.5141735,-6.8351293,3.1278083,7.872564,-11.44451,-6.370523,-6.816025,-11.981847,0.3907995,10.492791,-7.5967364,-1.554155,-5.4324727,-3.4607465,3.5666444,-1.0401764,4.818855,9.038234,1.4023908,-4.601331,-3.038882,8.237109,7.3627834,-6.2868056,-4.652023,-15.3072,-4.871504,11.966952,-5.39646
P41834,-19.878586,26.159355,28.274086,-4.8109245,15.1119995,-4.8724623,-1.0940247,-23.058804,-11.888607,-23.131523,-19.435867,-20.008831,4.800021,26.863182,15.564845,-35.26768,-12.048992,-5.4066315,1.793568,18.559095,18.081463,17.050488,-28.246456,18.357702,27.928581,-1.3044991,-17.780428,-15.4227495,-30.994865,17.888319,28.050993,-12.247259,-18.812128,-13.8237,-17.949413,-22.736954,-11.482106,8.780893,17.32716,-30.242723,-15.112283,-18.907299,-34.10301,-1.4563272,28.2085,-20.2382,-2.1468987,-12.206006,-6.2802515,11.257406,-4.5519285,11.567717,20.811735,4.6064525,-11.270572,-6.3378444,21.28246,13.251257,-18.130625,-11.866308,-35.952213,-18.113089,30.702412,-10.888168
P12956,-12.069224,12.814037,17.400734,-3.5696144,7.8753047,-2.5704982,-0.3939277,-12.788795,-6.727306,-12.410045,-10.677159,-9.812959,3.3687632,13.058377,9.602899,-18.768465,-4.610828,-2.2387023,2.2015476,10.492814,9.663189,7.636193,-14.168357,7.571448,14.905837,-1.011335,-8.697118,-8.392933,-17.808092,9.435606,14.524071,-4.7569857,-8.221522,-8.558073,-7.719609,-12.533311,-8.695947,4.395744,10.415393,-15.623432,-8.580934,-9.669369,-16.928389,-0.02721054,14.58451,-10.439957,-1.9193935,-7.051927,-4.4390154,5.048586,-1.7114416,6.42968,12.040329,2.116039,-6.2527432,-3.9650567,11.078781,9.110879,-8.670225,-6.326304,-20.523212,-7.496348,16.362453,-6.823814
O14793,-16.476582,22.63001,24.838104,-6.644539,15.6419935,-3.4204075,-2.5038142,-19.373295,-12.722534,-18.243023,-17.209356,-17.410847,4.739207,23.660522,14.456309,-32.363247,-11.92748,-6.547359,2.2361965,18.081537,16.351976,14.640583,-25.04997,17.690252,25.786293,-1.1359485,-17.764524,-12.034295,-29.229225,15.601071,25.186089,-12.293799,-16.891642,-11.90934,-15.98862,-17.490269,-13.5350685,8.145015,16.177855,-25.485147,-13.942044,-18.56,-31.531263,-4.17291,26.358887,-17.829552,-3.45487,-10.114585,-6.947045,8.694997,-4.417136,9.762985,19.50284,5.213037,-11.690201,-6.289654,16.568316,11.207954,-13.268216,-10.67934,-33.331104,-16.58164,27.570114,-8.300796
P0CG04,-21.733864,29.23491,32.03763,-6.612446,17.674788,-5.1796913,-2.0069823,-25.527235,-14.225513,-25.106577,-22.217705,-22.379642,5.6808167,29.94641,17.874353,-40.391724,-13.473754,-6.9460363,2.5115747,22.160946,20.783747,19.071533,-31.352032,20.559694,32.27363,-1.5808512,-20.605217,-16.716276,-35.95001,19.931051,31.196957,-14.364805,-20.969345,-15.971155,-19.896091,-24.79462,-14.710971,9.893122,20.355064,-33.500175,-17.533623,-22.218998,-38.46008,-2.6560764,31.993439,-22.466915,-3.0205808,-13.387711,-8.09815,11.68816,-4.823318,13.171656,23.962494,5.204038,-13.19809,-7.5347347,22.859802,14.888622,-19.028297,-13.294546,-41.376564,-19.857323,34.707863,-12.203517
A4YDT1,-8.645926,12.787557,13.097878,-3.022393,8.043732,-2.1334574,-1.1658102,-10.71661,-6.4388804,-10.436125,-9.443187,-9.827273,2.470199,13.310989,7.2646537,-17.65153,-6.4468217,-3.287922,1.0219098,9.531634,9.118232,8.592469,-13.79187,9.618259,14.287198,-0.4563552,-9.277692,-6.972296,-15.3928385,8.290743,13.431644,-6.9659023,-9.62221,-6.868656,-9.191209,-10.040216,-6.1571655,4.395414,8.880651,-14.390644,-7.456651,-10.075152,-17.003263,-1.8623058,14.1956215,-9.494758,-1.229544,-5.4923134,-3.4742472,4.8228145,-2.0696344,5.7233224,10.117629,2.3087137,-5.8073087,-3.2042677,9.4404745,5.827837,-7.9408116,-5.8425975,-17.627405,-9.003858,15.094325,-4.8483615
O02649,-15.633153,16.29907,21.872253,-3.335876,9.381316,-3.1825192,0.28523257,-16.18374,-7.5904846,-16.671148,-12.926694,-12.514419,3.8178823,16.43647,11.641577,-23.41078,-4.936889,-1.764902,2.7295046,11.711052,11.382698,9.335957,-18.1887,8.803172,18.065199,-0.9953412,-9.418314,-11.239043,-20.612823,11.607258,17.830835,-5.0779543,-10.185433,-10.820753,-9.815176,-16.52383,-9.397888,5.2076015,12.743124,-19.773453,-10.451164,-11.052578,-20.737991,1.577051,17.940956,-12.894992,-1.3139734,-9.011713,-4.268763,6.8963184,-2.091341,7.97124,14.353443,2.3299382,-6.639696,-4.314903,15.2177305,11.441931,-12.446419,-7.9018507,-24.937721,-9.567131,20.43732,-8.7833605
O88867,-17.670387,25.87004,27.043991,-6.358359,16.71322,-4.087405,-2.471021,-21.470062,-13.508578,-21.226748,-19.337381,-20.003601,4.958568,26.92666,15.152476,-36.095623,-12.854754,-7.086718,2.2702265,19.358229,18.249033,16.765337,-28.215424,19.604567,28.36524,-1.0893304,-18.952286,-13.625389,-31.68367,16.992868,27.4806,-13.946968,-19.301815,-13.374104,-18.303078,-20.247091,-12.908292,8.990131,18.030996,-29.231417,-15.176974,-20.320131,-34.70271,-4.0372705,29.235418,-19.750341,-2.7346163,-11.065606,-7.0951247,9.897624,-4.5323167,11.234197,20.959204,5.10495,-11.891155,-6.4656296,18.924578,12.042392,-15.65377,-11.614918,-36.397015,-18.596266,30.463049,-9.223428
P9WK17,-11.130943,10.410873,15.583559,-3.08114,6.040612,-2.4265122,-0.085273884,-11.436551,-5.40131,-10.636168,-9.162153,-7.834265,3.0376225,10.49543,8.716093,-15.3319,-3.4514534,-1.4840238,1.9899296,9.2757435,8.358032,6.187909,-11.385801,5.5511894,12.581169,-1.0449549,-7.197091,-7.5241346,-15.583371,8.362778,12.381241,-3.2403793,-6.292039,-7.5937586,-5.785403,-11.2572975,-7.930335,3.5486274,8.794504,-13.183217,-7.4625487,-7.872392,-13.749906,0.5363599,11.764617,-8.857308,-2.013995,-6.419903,-4.1688337,4.2891746,-1.2588037,5.582845,10.537996,1.6125488,-5.588658,-3.6368377,9.636911,8.53879,-7.337195,-5.3413205,-17.570211,-5.5250063,13.71949,-6.584279
P00684,-12.429762,10.9819145,17.032623,-2.6884952,5.9695654,-2.6188068,0.5000601,-12.312029,-5.169549,-12.0780945,-9.564787,-8.308618,3.1714926,10.908747,9.213385,-16.167189,-2.6378498,-0.73121625,2.3023329,8.9965315,8.381816,6.189013,-12.13327,4.8757963,12.913529,-1.0887382,-6.463147,-8.491915,-15.687984,8.674698,12.768364,-2.4337828,-6.1546288,-8.386431,-5.800422,-12.613203,-7.925663,3.5520904,9.378089,-14.05986,-7.7811995,-7.525448,-13.951988,1.8588647,12.066772,-9.219547,-1.5538813,-7.031934,-3.8397303,4.7163277,-1.1189408,5.975255,10.852535,1.3797296,-5.1044188,-3.5816045,11.0223875,9.541004,-8.652434,-5.667432,-18.39494,-5.380946,14.5307455,-7.402675
P55853,-12.676209,17.636982,18.518112,-5.242344,12.279105,-2.5644858,-2.2181559,-15.304376,-9.92707,-13.430942,-12.832327,-13.19551,3.3507755,18.36208,11.163756,-24.598278,-10.863353,-5.2805476,1.1673524,14.683804,13.006032,12.016111,-19.122307,14.866385,20.81643,-0.52333736,-14.785958,-9.537269,-22.509775,12.632775,19.861988,-10.530392,-13.905892,-9.033126,-13.055208,-13.361311,-10.540914,6.2536488,11.90877,-19.359007,-11.048963,-14.916554,-24.97932,-3.8858767,20.38153,-13.571641,-3.129807,-7.9334207,-5.342075,7.127139,-3.896492,7.4045324,15.200783,4.139315,-9.992627,-5.0601764,12.957698,7.890524,-10.354292,-8.458814,-25.283014,-13.622358,21.374107,-6.5382857
P51668,-14.698428,16.080872,20.907185,-3.9138093,9.447679,-3.2871642,-0.40743938,-15.8353405,-7.97166,-15.435846,-13.094231,-12.274241,3.8549478,16.40701,11.555971,-22.889063,-6.138325,-2.8313363,2.277907,12.738991,11.941844,9.788828,-17.641329,9.84545,18.171432,-1.1853683,-10.869302,-10.45372,-21.605032,11.84572,18.141333,-6.165344,-10.57377,-10.128584,-9.925351,-15.633675,-9.714818,5.4352803,12.29912,-19.52743,-10.4056,-11.85366,-21.10143,-0.02984098,17.948114,-13.100968,-2.1413567,-8.669232,-5.1161127,6.6841273,-2.32296,7.8406577,14.57892,2.6980245,-7.6610503,-4.6868277,13.9426565,10.77756,-11.149902,-7.7234845,-24.809507,-9.854491,20.0406,-8.280779
P06881,-20.12976,27.738997,30.146935,-7.015448,17.75358,-4.638929,-2.4978297,-23.879522,-14.486636,-23.10708,-21.139488,-21.337358,5.524603,28.818228,17.14203,-38.75269,-13.777982,-7.4662623,2.462447,21.438864,19.934137,17.980215,-30.246284,20.78736,30.696508,-1.4414512,-20.709238,-15.109969,-35.01019,18.988745,30.255072,-14.468552,-20.417662,-14.562825,-19.262999,-22.466316,-14.667203,9.701995,19.373398,-31.713766,-16.664133,-21.83917,-37.49114,-4.024325,31.366728,-21.737747,-3.4765015,-12.449504,-8.066761,10.948101,-4.9925013,12.180294,23.201288,5.682607,-13.381546,-7.311039,20.805613,13.790417,-17.008184,-12.650592,-39.838154,-19.761944,33.054974,-10.598296
P12645,-13.2576685,17.09104,20.248768,-5.6402054,12.26186,-2.6161952,-1.8637341,-15.006458,-10.199454,-14.24,-13.554374,-13.261597,4.1410437,17.893122,11.662224,-25.259592,-8.374007,-4.8534703,2.35083,14.058737,12.567568,10.628586,-19.216438,12.82048,19.834005,-1.0761452,-13.412001,-9.179557,-23.268114,11.852384,19.29757,-8.786596,-12.30921,-9.687764,-11.60897,-13.572597,-11.632924,6.327654,13.218384,-19.634106,-10.915321,-14.189539,-23.959953,-3.0418751,20.445488,-13.723461,-2.9684222,-7.9784403,-5.8536887,6.24815,-3.139308,7.6676383,15.531425,3.9143167,-9.022905,-5.1307907,12.520286,9.617107,-9.697407,-8.298831,-26.570522,-11.897728,21.420738,-6.5796194
P16297,-13.200508,15.379642,19.306335,-4.1486864,9.678081,-2.8468115,-0.7448443,-14.395828,-7.97714,-14.149517,-12.3492565,-11.81232,3.734994,15.650003,10.652374,-22.276741,-6.041443,-3.0441027,2.2171178,12.191108,11.198706,9.509234,-16.82553,9.676259,17.718796,-1.1004963,-10.540009,-9.480688,-20.313263,10.798364,16.863657,-6.4486766,-10.247139,-9.694403,-9.741546,-14.044762,-9.77878,5.3150263,12.027924,-18.135685,-9.904694,-11.701189,-20.3121,-0.57369983,17.282478,-12.086519,-2.0172133,-7.824273,-4.931655,5.916541,-2.234599,7.427821,13.72534,2.5789835,-7.1692243,-4.514965,12.681259,9.714014,-10.175846,-7.481654,-23.641863,-9.386675,19.280594,-7.4443645
O75897,-16.012918,18.554918,23.544127,-4.826114,11.4128065,-3.4496062,-0.8666346,-17.564857,-9.640003,-17.331053,-14.9828415,-14.273022,4.373887,18.996643,12.959123,-26.773676,-7.1368275,-3.7516012,2.8212693,14.653535,13.66845,11.144254,-20.435019,11.678824,20.984858,-1.1970483,-12.580917,-11.446439,-24.71614,13.168834,20.46495,-7.676286,-12.409817,-11.5410385,-11.65944,-17.23474,-11.285001,6.2668166,14.456395,-22.194956,-11.9482155,-14.001246,-24.40698,-0.6972167,21.03699,-14.812602,-2.3414142,-9.503071,-5.8935866,7.2470927,-2.6052997,8.919517,16.634388,3.1455402,-8.672774,-5.250808,15.408021,11.856224,-12.228523,-8.744466,-28.573202,-11.589984,22.960012,-8.885046
O60729,-18.22537,23.60548,27.121954,-5.992533,15.044707,-4.0376596,-1.7284043,-20.905842,-12.390359,-20.555828,-18.2907,-18.206343,5.010882,24.450436,15.175379,-33.405296,-10.7957325,-5.763409,2.6599576,18.124283,16.963509,14.779143,-25.985746,16.789799,26.153963,-1.2901415,-16.985882,-13.355981,-30.2395,16.258867,25.839237,-11.39858,-16.850887,-13.095359,-15.894937,-19.991613,-13.049546,8.198591,17.161728,-27.430996,-14.439551,-18.223246,-31.64877,-2.5640945,26.861164,-18.631283,-2.8986475,-11.074887,-6.9426947,9.311308,-3.9918916,10.624116,20.198273,4.5931635,-11.169255,-6.3178473,18.3387,12.886606,-14.842531,-10.894633,-34.74314,-16.207,28.49262,-9.588311
Q9FNJ8,-10.973667,9.589317,15.506052,-2.9162736,5.540043,-2.321233,0.18068233,-10.885965,-5.109886,-10.484862,-8.784258,-7.302682,3.0978837,9.633087,8.454243,-14.516439,-2.3755758,-1.0201766,2.3246412,8.47156,7.7283764,5.24443,-10.685444,4.402606,11.526508,-1.0652232,-6.159469,-7.1671267,-14.863024,7.705484,11.428627,-2.3156352,-5.3602295,-7.5172663,-4.8843317,-10.99693,-7.7636614,3.2722208,8.7316265,-12.562661,-7.043849,-7.0054445,-12.433219,1.0361233,11.035698,-8.303537,-1.8241761,-6.223048,-4.008215,3.8535118,-0.914586,5.3703885,10.096543,1.2763093,-4.9433494,-3.4439092,9.183606,8.797947,-6.856969,-4.9674807,-16.944605,-4.5393853,12.878946,-6.39299
P01282,-18.404963,24.52889,27.452433,-6.275231,15.449835,-4.3021927,-2.054724,-21.578157,-12.746108,-20.810703,-19.013006,-18.83144,5.092999,25.38303,15.547141,-34.361576,-11.783225,-6.3806877,2.3637378,19.278625,17.86674,15.849861,-26.625946,17.851206,27.352297,-1.4191742,-18.19016,-13.693512,-31.505133,17.00555,26.849667,-12.399917,-17.754139,-13.3405075,-16.689972,-20.488401,-13.381828,8.560992,17.465063,-28.34097,-14.9654665,-19.257624,-32.9592,-3.1636107,27.630026,-19.322458,-3.2065997,-11.32517,-7.4548674,9.656661,-4.214337,11.043074,20.855703,4.8069606,-11.899941,-6.670193,18.669987,12.858434,-15.159113,-11.256574,-35.71248,-16.94351,29.423117,-9.941553
O54924,-20.646149,34.57536,32.185066,-7.9893584,22.037203,-5.3833838,-3.9220495,-26.86885,-17.285206,-26.465027,-24.999544,-26.613604,5.893505,35.75766,18.176254,-46.944443,-18.726719,-10.354269,1.5293288,25.621119,23.962845,23.899952,-36.565937,27.49445,37.78138,-1.423452,-25.996208,-17.102478,-40.25772,21.898705,35.459785,-20.57478,-26.710503,-16.605663,-25.45538,-25.270185,-15.412216,12.103153,22.607224,-37.81233,-19.422142,-27.494717,-46.062428,-6.629101,37.824844,-25.379253,-3.2521837,-13.469507,-9.018032,13.0555935,-6.3767385,14.637007,26.322765,6.58677,-15.4408865,-8.363282,23.852741,13.209545,-20.461174,-15.230327,-45.963036,-25.305744,39.695213,-11.269274
P08183,-13.290062,14.873542,19.192953,-4.050992,9.021133,-2.9752936,-0.7189595,-14.542185,-7.690852,-13.818507,-12.210198,-11.324881,3.6429744,15.202272,10.765493,-21.357344,-6.034964,-3.0253103,2.1158838,12.337196,11.30411,9.239005,-16.20803,9.419961,17.22733,-1.1197814,-10.566729,-9.445846,-20.427084,10.989459,16.837204,-6.161142,-9.930645,-9.403576,-9.277876,-14.083359,-9.538607,5.0997434,11.527877,-17.90345,-9.793861,-11.453104,-19.773987,-0.61447513,16.752148,-12.0781145,-2.2858906,-7.8952036,-5.120288,5.9354906,-2.1542654,7.2937827,13.677364,2.5993383,-7.4687586,-4.52296,12.471836,9.785119,-9.831101,-7.1860013,-23.182365,-9.155712,18.643112,-7.592776
P04591,-12.20763,11.637213,17.323057,-3.1437218,7.0530863,-2.3385458,0.18058035,-12.20336,-5.939777,-12.28538,-9.835787,-8.937188,3.288793,11.641128,9.288554,-17.565742,-2.9106803,-1.1380459,2.6105866,9.219418,8.550427,6.41039,-13.069005,5.5685806,13.709752,-0.94366145,-6.8148375,-8.376234,-16.082386,8.564118,13.040599,-3.117538,-6.7603245,-8.705545,-6.479932,-12.351939,-8.521864,3.8037386,10.165447,-14.404337,-8.105456,-8.234017,-14.949137,1.3631344,13.162393,-9.376989,-1.4401737,-6.908183,-3.8522184,4.5599866,-1.2148736,6.1142397,11.193041,1.5701802,-5.1380553,-3.5973866,11.050498,9.419254,-8.661524,-5.95776,-19.329723,-6.0212197,15.3445,-7.0428143
O94868,-17.009697,18.483978,24.51061,-4.7852626,11.373389,-3.4226658,-0.5409222,-18.08745,-9.520346,-17.848505,-14.972004,-14.192145,4.443352,18.858503,13.509956,-26.975494,-6.5712547,-3.2138395,3.1113014,14.534519,13.529338,10.797241,-20.6122,11.045349,21.059168,-1.2031748,-12.100108,-12.003057,-24.699812,13.401347,20.69378,-6.865103,-11.993205,-11.919151,-11.359958,-17.765518,-11.760245,6.1253085,14.622947,-22.231104,-12.17328,-13.6771,-24.361883,0.11771146,21.007187,-14.920563,-2.3081036,-9.907626,-5.7367682,7.4096847,-2.56258,8.944351,16.867785,3.2101429,-8.606979,-5.2480645,16.152388,12.545433,-12.793012,-8.909523,-28.977097,-11.39198,23.275314,-9.428769
B5BLW5,-22.46886,38.620064,35.41532,-8.90602,24.507215,-5.934731,-4.629054,-29.836784,-19.431417,-29.208282,-27.76432,-29.612568,6.355319,39.909233,20.005331,-52.111076,-21.436756,-11.91006,1.5924052,28.871416,26.98774,26.752491,-40.54947,31.173882,42.234203,-1.3310984,-29.321918,-18.828571,-44.935143,24.450493,39.32026,-23.645079,-30.237026,-18.365494,-28.611229,-28.105555,-16.77073,13.396389,25.107594,-42.156025,-21.707626,-30.92015,-51.2971,-7.956256,42.25743,-28.095125,-3.6805732,-14.848089,-10.120569,14.524103,-7.1238656,16.29488,29.333164,7.1390886,-17.44836,-9.277052,26.285133,14.237787,-22.436745,-16.74008,-50.96311,-28.513374,43.882072,-12.312084
P19934,-11.068972,10.222277,15.763275,-3.2476401,6.2752743,-2.2250786,-0.047864653,-11.103207,-5.511077,-10.635346,-9.061729,-7.790567,3.154612,10.245665,8.682318,-15.58873,-2.820676,-1.3029978,2.3340957,8.970629,8.014013,5.804123,-11.354581,5.0046983,12.503754,-1.0504644,-6.6729803,-7.3847914,-15.262817,7.936963,11.924014,-2.8803792,-5.8980055,-7.835579,-5.5220976,-11.000878,-8.368933,3.489783,9.165129,-12.856791,-7.440801,-7.68972,-13.43701,0.7938989,11.715986,-8.546289,-1.852327,-6.2864695,-4.090772,3.9278488,-1.0807906,5.5578003,10.43421,1.5052412,-5.1828146,-3.5792289,9.505072,8.696253,-7.2011385,-5.3554087,-17.688335,-5.093194,13.754672,-6.507248
Q96RG2,-17.830011,23.499958,26.757381,-5.967459,15.177447,-3.8667839,-1.7829176,-20.536821,-12.461546,-20.385185,-18.064754,-18.184235,4.9353695,24.401615,14.89857,-33.36488,-10.734881,-5.7931943,2.7341194,17.77994,16.735752,14.585571,-26.007542,16.840672,25.924286,-1.1589534,-16.783094,-13.107315,-29.819286,15.937172,25.54109,-11.472631,-16.872244,-12.950735,-15.951151,-19.603321,-12.836757,8.146963,17.139553,-27.193249,-14.274356,-18.138678,-31.516033,-2.6920173,26.899677,-18.416836,-2.726214,-10.848085,-6.7324004,9.158658,-3.9667277,10.484189,19.945953,4.5927954,-10.948389,-6.1462736,18.105677,12.603565,-14.668549,-10.792936,-34.460415,-16.30039,28.287207,-9.224486
O14352,-14.519908,14.575781,19.983765,-2.8160865,7.8101363,-3.266537,0.3925705,-15.106431,-6.613425,-15.1789465,-11.912597,-11.106269,3.5077865,14.782409,10.7380905,-20.453428,-4.677608,-1.5876588,2.2408118,10.856033,10.650853,8.475728,-16.132366,7.9744005,15.962405,-1.0574111,-8.84812,-10.286651,-19.288712,10.948967,16.523579,-4.428829,-9.132184,-9.565454,-8.580283,-15.462648,-8.1185665,4.727097,11.140016,-18.279356,-9.374118,-9.843203,-18.54709,1.3730208,15.968589,-12.038353,-1.5231657,-8.435209,-4.1866083,6.534993,-1.9140409,7.272784,13.199981,2.0873842,-6.4280953,-4.0665145,13.75789,10.706255,-11.1401825,-6.992186,-22.472473,-8.516626,18.143694,-8.1906805
Q08117,-14.559429,19.174356,22.119944,-5.974548,13.516723,-2.823761,-2.0764704,-16.753534,-11.185594,-15.840802,-14.795921,-14.759616,4.2743554,20.011805,12.737587,-27.932783,-9.680856,-5.3773837,2.4354076,15.558327,14.007688,11.9893465,-21.392097,14.59138,22.167105,-0.9024294,-14.876685,-10.373502,-25.366648,13.269028,21.36994,-10.107051,-14.089807,-10.678824,-13.268364,-15.208018,-12.290981,6.865729,14.418359,-21.801003,-12.160187,-15.788411,-26.68398,-3.348528,22.70797,-15.093617,-3.0699384,-8.83631,-6.145079,7.1671276,-3.5610406,8.457608,17.043566,4.2542524,-10.005268,-5.4890494,14.219876,10.227434,-11.117297,-9.138175,-29.078417,-13.698738,23.662077,-7.303471
P28702,-16.26813,20.122122,24.124092,-5.3960867,13.04288,-3.4241886,-1.35475,-18.198547,-10.768043,-17.89036,-15.800846,-15.533183,4.5358067,20.787237,13.465975,-28.965084,-8.7346325,-4.643428,2.6662607,15.642873,14.5152,12.351996,-22.320862,13.818435,22.642662,-1.1723268,-14.289341,-11.696275,-26.23058,13.971058,22.185728,-9.235597,-14.033208,-11.708517,-13.277029,-17.399422,-12.0121765,6.9937806,15.172509,-23.504051,-12.618694,-15.540044,-27.0388,-1.7934462,23.090124,-15.949692,-2.6035862,-9.745023,-6.12086,7.8292313,-3.282699,9.227071,17.645521,3.887613,-9.579684,-5.5684285,15.965851,11.710011,-12.780853,-9.49803,-30.373545,-13.436476,24.738995,-8.601674
F9VMT6,-14.493953,17.160473,20.781155,-4.0638804,9.954076,-3.5107868,-0.7445517,-16.23038,-8.25523,-15.6568985,-13.714062,-13.040507,3.8641987,17.437916,11.562444,-23.927576,-7.224897,-3.4543264,1.8459457,13.667545,12.70242,11.088824,-18.335735,11.058276,19.43637,-1.2704636,-11.99207,-10.706456,-22.433134,12.366035,18.91107,-7.4224524,-11.667976,-10.348893,-10.977487,-15.971082,-9.741356,5.8494244,12.584004,-20.37944,-10.81311,-12.899105,-22.430008,-0.64112663,18.685534,-13.6071825,-2.2143233,-8.741193,-5.4187737,7.013378,-2.5697582,8.269166,14.966263,2.7896307,-8.11587,-4.9526024,14.228335,10.390178,-11.605499,-8.126852,-25.501059,-10.664553,21.00293,-8.467536
P0A903,-9.039388,8.2500725,12.628418,-2.8419168,5.1272717,-1.8668385,-0.22231466,-9.231653,-4.5849886,-8.227538,-7.3045564,-6.1414933,2.554358,8.314074,7.2048674,-12.389939,-3.036479,-1.2699441,1.6590997,7.8040543,6.804858,4.997679,-9.030311,4.578043,10.4874525,-0.8295568,-6.1054096,-6.019261,-12.781963,6.7913046,10.035612,-2.7358067,-5.046824,-6.235425,-4.632304,-8.8114605,-7.071106,2.883975,7.1818676,-10.340342,-6.165941,-6.5791483,-11.2068,0.16777796,9.516506,-7.010536,-1.939105,-5.200777,-3.5895424,3.3101783,-1.076934,4.4750547,8.689352,1.3808916,-4.8543186,-3.1289368,7.580575,6.902505,-5.6307564,-4.4344006,-14.328396,-4.3675866,11.183949,-5.3663597
P08240,-15.112279,14.48592,20.336243,-2.5553846,7.2833776,-3.4937553,0.67533886,-15.55025,-6.1770334,-15.46176,-11.962957,-10.9436865,3.4987788,14.579538,10.965845,-20.078722,-4.444594,-1.2210083,2.122982,10.905078,10.696156,8.523028,-15.879974,7.511895,15.894203,-1.1776009,-8.642936,-10.722328,-19.292564,11.246374,16.646599,-3.9377248,-8.849314,-9.699791,-8.302175,-16.051834,-8.008872,4.6265097,10.921791,-18.3891,-9.420338,-9.534077,-18.266224,1.9674742,15.522944,-12.128211,-1.5515499,-8.740887,-4.189558,6.7797146,-1.8639671,7.366263,13.23373,1.9699789,-6.4328566,-4.130122,14.221371,11.075708,-11.57254,-7.017537,-22.370417,-8.194677,18.116129,-8.758104
P39743,-9.538743,10.843946,13.834228,-3.258236,7.1772904,-1.8995916,-0.6998526,-10.422906,-5.9942346,-9.770471,-8.628275,-8.246088,2.6827965,11.164776,7.8141775,-15.866364,-4.7865553,-2.2658877,1.6575851,8.961647,8.136167,6.709609,-12.036303,7.2803955,12.916173,-0.6081911,-7.907338,-6.773174,-14.725416,7.856467,12.288945,-4.8054647,-7.4782686,-6.9101667,-7.0670395,-9.742848,-7.415784,3.759901,8.552714,-12.730937,-7.2097654,-8.615223,-14.773084,-0.80483353,12.568911,-8.589965,-1.750857,-5.6557446,-3.6308875,4.192449,-1.710274,5.194428,10.002334,2.0555978,-5.625268,-3.3150537,8.956845,6.8859444,-7.0062323,-5.4191833,-16.968386,-6.9854574,13.811006,-5.26093
Q04439,-9.30353,9.406503,13.190548,-2.9136567,5.915287,-1.947268,-0.37529936,-9.821114,-5.1747484,-9.023705,-7.9243035,-7.0860558,2.6027968,9.624159,7.45496,-13.810884,-3.8350263,-1.6933901,1.631777,8.234184,7.426823,5.7110934,-10.393972,5.8236876,11.38701,-0.72571164,-6.904024,-6.3512926,-13.70923,7.3099995,11.099928,-3.6264634,-6.1584396,-6.45004,-5.6942744,-9.351483,-6.9810305,3.2815232,7.7213316,-11.555291,-6.5641317,-7.3967133,-12.746994,-0.26365632,10.897887,-7.8056397,-1.8424114,-5.4431114,-3.5846806,3.795304,-1.3706572,4.789258,9.281036,1.6621064,-5.2009916,-3.1839805,8.211689,6.9533052,-6.2501855,-4.811251,-15.460474,-5.5790477,12.248791,-5.2678003
P08700,-24.434978,36.380013,36.723362,-8.598664,23.051561,-5.9225206,-3.6574266,-30.198341,-18.478481,-29.104792,-26.930517,-27.928772,6.501144,37.891396,21.08269,-49.79713,-19.337502,-10.415995,2.1980705,27.579878,25.80261,24.341484,-39.288998,28.553,39.7272,-1.6273887,-27.583992,-19.102732,-44.27633,24.491188,39.17894,-20.259233,-27.645996,-17.796118,-26.161257,-28.156332,-17.314638,12.667599,24.002758,-40.84304,-21.131817,-28.748573,-49.209892,-6.2087345,40.59655,-28.093996,-4.1432343,-15.44787,-9.869598,14.535709,-6.9125967,15.453678,29.16073,7.6629047,-17.340067,-9.077523,26.535137,15.939547,-22.164892,-16.235725,-50.17859,-27.006851,42.44185,-12.849759
P14324,-18.542622,20.808468,25.936754,-4.2164583,11.767807,-4.199888,-0.25204396,-20.120758,-9.614463,-19.99765,-16.360525,-15.863706,4.4799213,21.185993,14.222786,-28.934223,-8.022598,-3.3630948,2.4712045,15.519453,14.907695,12.779078,-22.76599,12.853575,22.824451,-1.3325024,-13.4959545,-13.572432,-26.442303,15.095583,23.098711,-7.9409933,-13.869667,-12.520992,-13.150017,-20.117262,-11.017702,6.8434787,15.055762,-25.005033,-12.967779,-14.73888,-26.970673,0.4168176,22.711662,-16.715754,-2.1282742,-10.973436,-5.7017117,9.048599,-3.1597962,9.833046,17.981455,3.4401598,-9.274868,-5.546756,18.366758,13.13424,-15.1070175,-9.792711,-30.78423,-13.213061,25.403143,-10.405361
O14717,-15.165219,18.36016,21.954632,-4.6807895,11.421947,-3.384139,-1.1236485,-17.05049,-9.482799,-16.346855,-14.429792,-14.027803,4.046794,18.957106,12.396677,-25.907549,-8.36904,-4.1468935,2.0863893,14.515407,13.493366,11.580892,-20.147678,12.759236,20.681099,-1.1144878,-13.331218,-10.991337,-24.089624,13.1884,20.595222,-8.43192,-12.915318,-10.559071,-12.139223,-16.276737,-10.611139,6.351827,13.3839,-21.614609,-11.524422,-14.13651,-24.68785,-1.5414498,20.770542,-14.743909,-2.5507267,-9.134692,-5.6479006,7.507428,-3.1017315,8.458641,16.14227,3.5614555,-9.081585,-5.1727147,14.846443,10.7076025,-11.936611,-8.675628,-27.44466,-12.357891,22.4737,-8.212235
O43765,-15.366206,18.239141,22.337543,-4.8382,11.529535,-3.300542,-1.0927579,-17.056736,-9.613957,-16.41675,-14.440809,-13.956198,4.1485353,18.801035,12.573046,-26.047745,-8.047915,-4.0379763,2.3367083,14.51123,13.415288,11.295098,-20.121016,12.441443,20.693392,-1.1158293,-13.130655,-10.991358,-24.178488,13.110225,20.477295,-8.175623,-12.672528,-10.7567425,-11.909515,-16.307693,-11.02241,6.306025,13.641653,-21.524477,-11.616549,-14.061076,-24.54176,-1.3993441,20.807047,-14.656731,-2.5936096,-9.186082,-5.715593,7.3547792,-3.0156841,8.468606,16.27843,3.5086093,-9.029878,-5.2133064,14.847363,10.990527,-11.825606,-8.685316,-27.702423,-12.101286,22.51945,-8.278524
P46587,-10.911632,10.669272,15.901025,-3.5001929,6.9016976,-2.124983,-0.28211278,-11.111043,-6.0483437,-10.76328,-9.305223,-8.210474,3.2206008,10.82931,8.744621,-16.353931,-3.239347,-1.6940967,2.4398258,9.176408,8.252443,5.9792166,-12.006399,5.7174544,12.879535,-0.96541196,-7.1421285,-7.243763,-15.759966,8.003459,12.312315,-3.4532306,-6.428272,-7.8494678,-6.0120387,-10.8726225,-8.548042,3.7064462,9.535082,-13.259236,-7.5990458,-8.194192,-14.19296,0.25133204,12.531306,-8.840073,-1.8849218,-6.2368217,-4.1676817,3.951912,-1.2252703,5.6185913,10.7337675,1.7138684,-5.3929586,-3.6079373,9.443384,8.604471,-7.102021,-5.48422,-18.291147,-5.7004704,14.183461,-6.154621
P06106,-18.472443,25.963371,27.35563,-6.115366,15.728133,-4.69556,-2.298524,-22.471994,-12.858476,-21.336946,-19.67037,-19.713968,4.9219804,26.711111,15.58408,-35.301033,-13.421403,-6.9505267,1.6459633,20.424425,18.944149,17.565102,-27.448801,19.50466,28.911737,-1.3672032,-19.596952,-14.351148,-32.421234,17.974672,27.972208,-13.976902,-19.329876,-13.586395,-18.110434,-21.424133,-12.878457,8.959186,17.521194,-29.616753,-15.510358,-20.4033,-34.564217,-3.6916673,28.443293,-20.00148,-3.2540462,-11.644309,-7.6333222,10.447026,-4.609253,11.582002,21.344492,4.795162,-12.597318,-6.938455,19.479012,12.379886,-16.126375,-11.712482,-36.31046,-18.183407,30.488226,-10.4057
P27986,-16.925316,22.06835,25.152708,-5.553471,13.7463875,-3.8939755,-1.6297439,-19.602816,-11.28691,-19.082424,-17.114904,-16.916962,4.647019,22.671225,14.074757,-31.03794,-10.061253,-5.3283134,2.3283882,17.242435,15.995151,14.16262,-23.865046,15.429643,24.78805,-1.2602416,-15.838223,-12.660363,-28.13663,15.212274,23.876352,-10.740342,-15.692836,-12.495736,-14.812434,-18.856958,-12.199111,7.579988,16.012266,-25.509096,-13.589658,-17.100199,-29.30757,-2.213907,24.642046,-17.148285,-2.6860502,-10.348535,-6.6291842,8.605793,-3.5650313,10.118419,18.747477,4.0002275,-10.384475,-5.9996758,17.181227,11.923026,-13.992541,-10.203196,-32.229187,-14.759538,26.615282,-9.395534
O74966,-14.261698,13.433811,19.128063,-2.3913345,6.658691,-3.3345752,0.6747617,-14.634605,-5.717714,-14.455148,-11.210752,-10.12852,3.3177838,13.523987,10.333666,-18.603523,-4.093005,-1.0800581,1.9950947,10.249857,10.043716,7.9083176,-14.712124,6.8854246,14.791149,-1.143208,-8.0736885,-10.064879,-18.159136,10.570772,15.582251,-3.5446079,-8.149237,-9.093941,-7.6084394,-15.102148,-7.539572,4.304097,10.179199,-17.197668,-8.805635,-8.8454075,-16.943382,1.8938146,14.395915,-11.3540535,-1.5392655,-8.244595,-4.014595,6.335445,-1.7028128,6.9082403,12.424131,1.8099723,-6.0840855,-3.9163876,13.282186,10.504153,-10.762245,-6.5378904,-20.914408,-7.4995165,16.862934,-8.300312
P27695,-13.492799,16.932833,20.046362,-4.4309926,10.669956,-3.0162761,-1.1531204,-15.346619,-8.865109,-14.97673,-13.317999,-13.018647,3.7905715,17.451702,11.146338,-24.12453,-7.4204803,-3.9091196,2.113753,13.284066,12.37537,10.62366,-18.526028,11.580348,19.137556,-0.98179144,-12.041165,-9.895902,-22.03556,11.733177,18.503313,-7.918212,-11.867705,-9.936779,-11.190748,-14.745951,-9.8193445,5.8431945,12.695588,-19.811575,-10.584644,-13.114274,-22.537636,-1.5208986,19.173105,-13.2811365,-2.1489985,-8.1717005,-5.2447658,6.5367875,-2.6229603,7.898702,14.709097,3.053564,-8.038163,-4.708112,13.361047,9.725734,-10.747309,-7.936382,-25.285797,-11.122212,20.67927,-7.4107127
P0AA37,-8.389611,7.036239,11.97258,-2.4677393,4.426458,-1.5765687,0.14447032,-8.096059,-3.9830017,-7.8317065,-6.4985466,-5.389111,2.4916735,7.0246425,6.4722137,-11.19633,-1.3513031,-0.53824973,2.089611,6.302425,5.6371017,3.6981566,-7.9930115,2.839482,8.915347,-0.7638767,-4.2831182,-5.4464564,-11.024249,5.517592,8.306418,-1.4369174,-3.708661,-6.068233,-3.4834538,-8.075504,-6.520594,2.390956,6.969065,-9.111737,-5.4111176,-5.2461224,-9.1776905,1.0088774,8.271765,-5.9200273,-1.3445162,-4.6748624,-3.0450335,2.5511415,-0.5037153,4.089507,7.607652,0.8760524,-3.5542374,-2.6353354,6.893562,6.8463798,-5.084992,-3.8697536,-12.95079,-2.9984114,9.883262,-4.9668355
O75886,-15.138149,16.891949,21.473478,-3.9334502,9.923663,-3.36541,-0.42353565,-16.403214,-8.235842,-16.084547,-13.516499,-12.89747,3.8869948,17.239594,11.85152,-23.911474,-6.549761,-2.9510267,2.255345,13.0888405,12.348164,10.347645,-18.537863,10.475386,18.959316,-1.149269,-11.292507,-10.917242,-22.153248,12.288267,18.893291,-6.5851116,-11.222063,-10.4475,-10.605251,-16.182962,-9.811088,5.6617794,12.681041,-20.315897,-10.775185,-12.361546,-22.137165,-0.019306064,18.748737,-13.616148,-2.048615,-8.947561,-5.0802774,7.064209,-2.498017,8.111895,14.996294,2.8617609,-7.858494,-4.7537932,14.6425495,10.933607,-11.842546,-8.0756855,-25.625702,-10.558934,20.920498,-8.508907
P30575,-12.98216,14.758303,18.992037,-4.204941,9.354711,-2.7591805,-0.8026703,-14.133517,-7.896093,-13.611216,-12.023256,-11.300973,3.6683288,15.094253,10.594605,-21.491222,-5.936872,-3.0559778,2.261799,12.090164,11.034123,9.023952,-16.22877,9.411224,17.15601,-1.0488951,-10.419404,-9.161951,-20.12311,10.646769,16.529669,-6.2106385,-9.869684,-9.372844,-9.276732,-13.635191,-9.750814,5.108409,11.673537,-17.58806,-9.709327,-11.432308,-19.703228,-0.7580171,16.844688,-11.82901,-2.2189205,-7.684431,-5.0098624,5.7036457,-2.162644,7.168799,13.556154,2.6042106,-7.289394,-4.4638305,12.187274,9.614733,-9.576938,-7.1831803,-23.126448,-9.112169,18.596376,-7.251578
P31658,-12.481558,15.328325,18.212976,-4.1321425,9.8289385,-2.6705725,-1.050628,-14.057296,-8.046233,-13.427414,-11.906273,-11.679146,3.4203522,15.7255,10.259114,-21.863321,-7.0062237,-3.4328642,1.8341395,12.215746,11.194155,9.765605,-16.728075,10.593977,17.709705,-0.8484994,-11.085914,-9.162236,-19.882458,10.797749,16.89709,-7.209705,-10.798334,-9.106681,-10.231891,-13.330692,-9.308941,5.282967,11.423456,-17.721743,-9.739352,-11.977889,-20.604065,-1.3228855,17.313553,-11.938032,-2.1105752,-7.5221796,-4.7291036,6.015915,-2.5253463,7.1157436,13.421972,2.8405528,-7.5191975,-4.3825865,12.303413,8.779479,-9.903603,-7.38081,-22.921312,-10.140474,18.944502,-6.9193225
P05219,-18.332388,22.96826,28.04962,-6.6578445,15.796836,-3.4242756,-1.7236239,-20.242825,-13.074722,-20.528612,-18.037115,-17.946966,5.3600583,23.783613,15.431435,-34.033,-9.350789,-5.4293294,3.7930925,17.541643,16.245478,13.355969,-25.978521,15.589928,25.841913,-1.1647923,-15.883488,-12.882379,-29.966623,15.362834,24.909338,-10.48272,-15.869657,-13.643441,-15.068291,-19.364746,-14.485698,8.002029,18.221704,-26.676544,-14.51849,-17.832335,-30.93113,-2.2468967,27.113016,-17.98398,-2.7990963,-10.865536,-6.922362,8.391671,-3.6100557,10.446252,20.336187,4.4500074,-10.564401,-6.2313294,17.876898,13.571931,-14.070381,-10.816903,-35.4155,-15.294679,28.440557,-9.211351
P35846,-15.0438595,16.982182,22.00813,-4.8918214,10.665577,-3.2514038,-0.93399477,-16.344807,-9.064131,-15.6727295,-13.976791,-12.971621,4.255172,17.282463,12.31811,-24.692219,-6.805163,-3.578301,2.5631385,14.157999,12.793246,10.430582,-18.518898,10.731022,19.795097,-1.3192154,-12.098524,-10.54876,-23.409382,12.388134,19.048592,-7.1276526,-11.271991,-10.818577,-10.534889,-15.86644,-11.390713,5.898079,13.453967,-20.299425,-11.258143,-13.181282,-22.616747,-0.8570615,19.281742,-13.678904,-2.6868205,-8.903284,-5.947923,6.581913,-2.494705,8.30352,15.747475,2.9396763,-8.483277,-5.253249,14.0051775,11.191574,-10.956873,-8.249287,-26.758266,-10.31598,21.39957,-8.485536
P05122,-17.303436,22.232464,25.718546,-5.542547,14.034336,-3.7996418,-1.4974813,-19.763372,-11.491785,-19.55818,-17.19411,-17.138695,4.715359,22.92612,14.279061,-31.532928,-9.775751,-5.164278,2.6228175,16.955841,15.902235,13.881638,-24.408924,15.378662,24.736212,-1.1827562,-15.583512,-12.803668,-28.209003,15.203243,24.092167,-10.473882,-15.694454,-12.6388645,-14.872553,-19.042923,-12.284595,7.6069536,16.318354,-25.790157,-13.654871,-17.01221,-29.555126,-1.9771982,25.107773,-17.35083,-2.5210688,-10.482433,-6.431137,8.687291,-3.5736446,10.1188755,18.908714,4.1191907,-10.235947,-5.8889675,17.524809,12.2681,-14.249351,-10.28646,-32.676117,-14.976795,26.897068,-9.321385
O00451,-11.505008,11.202316,16.674728,-3.6877942,7.2591906,-2.2075217,-0.2850997,-11.665674,-6.268426,-11.257383,-9.727702,-8.59614,3.3576093,11.297988,9.207789,-17.203213,-3.356099,-1.7224481,2.5234203,9.679229,8.60696,6.3564324,-12.541237,5.8979917,13.653486,-1.042916,-7.449426,-7.6888022,-16.40781,8.415577,12.883144,-3.572179,-6.6868224,-8.304876,-6.3076386,-11.406164,-9.113555,3.8677058,9.986735,-13.790277,-8.027529,-8.601399,-14.900051,0.39969555,13.030223,-9.212259,-1.965,-6.553713,-4.3447604,4.1456685,-1.2953284,5.901288,11.230111,1.8001522,-5.624009,-3.8049111,10.010479,8.996917,-7.58259,-5.8193746,-19.170149,-5.918551,14.975683,-6.5940127
P18054,-11.960892,13.552498,17.432978,-3.4129655,7.983724,-2.7823596,-0.46341065,-13.092819,-6.825199,-12.887719,-11.121775,-10.383013,3.3491657,13.802205,9.492667,-19.35867,-5.078694,-2.5123532,2.0073664,10.797912,10.142233,8.303058,-14.715179,8.228307,15.405622,-0.99832207,-9.129698,-8.585643,-18.274693,9.694154,14.924904,-5.429008,-8.9287,-8.705959,-8.346417,-13.032252,-8.200923,4.6164927,10.645838,-16.453045,-8.733171,-10.117248,-17.568422,-0.240908,15.109645,-10.805715,-1.7515526,-7.1302824,-4.494043,5.3250003,-1.7609189,6.7515106,12.213664,2.0110428,-6.3095436,-3.9962232,11.370587,8.992381,-9.064406,-6.4501915,-20.897614,-7.998368,16.80971,-6.879634
P23568,-10.600742,8.355152,14.514704,-2.5081198,4.504597,-2.236305,0.4818347,-10.195599,-4.1652365,-9.663383,-7.879634,-6.270977,2.8703332,8.217925,7.9332094,-12.734445,-1.5584519,-0.37076858,2.1645415,7.648409,6.869245,4.5801363,-9.206917,3.0765848,10.392021,-1.0936762,-5.071227,-6.9347463,-13.263302,7.08321,10.181847,-1.3028452,-4.2342424,-7.1436715,-3.886515,-10.413701,-7.309224,2.767994,7.8271646,-11.15197,-6.4484024,-5.904456,-10.675273,1.7522222,9.325549,-7.3409853,-1.6793957,-5.920432,-3.6528838,3.5004597,-0.64323354,4.9480424,9.116939,0.9504515,-4.343214,-3.2051136,8.722537,8.470282,-6.552579,-4.5468874,-15.21697,-3.3892117,11.609499,-6.491533
B2RXH2,-16.07994,22.78634,24.57562,-6.1767116,15.422237,-3.4391258,-2.3509276,-19.16331,-12.581258,-18.665628,-17.190382,-17.668566,4.612861,23.934868,13.978501,-32.36281,-11.5863905,-6.4531245,2.325259,17.388235,16.223728,14.468097,-25.356852,17.66366,25.23548,-0.9649008,-17.222464,-11.933929,-28.772203,15.241577,24.892914,-12.277062,-17.051046,-11.796096,-16.141146,-17.611202,-12.415446,8.086117,16.21382,-25.846724,-13.633812,-18.263674,-31.276861,-4.0138993,26.510866,-17.809406,-2.8868468,-9.943532,-6.5398197,8.711741,-4.221789,9.789041,19.106562,5.0080805,-11.093689,-5.9069047,16.611715,11.0531845,-13.444828,-10.438262,-32.985523,-16.762304,27.277193,-7.941152
P12004,-13.173401,15.726041,19.311996,-4.341942,10.043686,-2.8365054,-1.0274761,-14.672252,-8.387037,-14.074261,-12.531891,-12.057445,3.674372,16.223867,10.865078,-22.630894,-6.8664026,-3.5427198,2.1089053,12.649298,11.642677,9.784121,-17.34301,10.660981,18.029367,-0.9926181,-11.357175,-9.445303,-20.992453,11.219215,17.608007,-7.095858,-10.887855,-9.434429,-10.258282,-13.948946,-9.770174,5.464602,11.959131,-18.524311,-10.077411,-12.274278,-21.189753,-1.2954581,17.984314,-12.580263,-2.274086,-7.883239,-5.081858,6.160531,-2.498336,7.3903112,14.077977,3.0074153,-7.801679,-4.5606947,12.674539,9.519793,-10.065461,-7.5401874,-24.037924,-10.293806,19.533201,-7.1940637
Q05513,-14.089665,15.811848,20.192978,-3.8664885,9.38216,-3.1357782,-0.49448252,-15.315305,-7.838394,-14.980382,-12.750614,-12.082223,3.7278328,16.115881,11.132798,-22.5409,-6.064394,-2.8539314,2.216344,12.447247,11.654713,9.699723,-17.295706,9.734414,17.933672,-1.1015035,-10.624592,-10.155026,-20.937601,11.438347,17.595465,-6.2443557,-10.467708,-9.944806,-9.879457,-15.090535,-9.47328,5.31825,12.094735,-18.996618,-10.176644,-11.722722,-20.705835,-0.13198619,17.594358,-12.6727295,-1.9845142,-8.34044,-4.9439564,6.4290614,-2.2411783,7.683907,14.129586,2.6091301,-7.391314,-4.534494,13.552384,10.293748,-10.896567,-7.5770416,-24.175354,-9.711535,19.656794,-8.012247
P00358,-12.136766,12.653123,17.28873,-3.218533,7.512032,-2.5950065,-0.14553332,-12.747977,-6.358231,-12.5710535,-10.461709,-9.683039,3.2654254,12.837005,9.417422,-18.3958,-4.251214,-1.873465,2.1794689,10.033037,9.400739,7.4668527,-13.988535,7.1519823,14.546468,-0.9607316,-8.162583,-8.530091,-17.21967,9.28061,14.218175,-4.3671675,-7.992224,-8.551567,-7.547761,-12.6953,-8.219803,4.242909,10.218406,-15.500078,-8.400162,-9.223279,-16.459658,0.46952948,14.202261,-10.240306,-1.6477755,-7.0632224,-4.1273527,5.1093497,-1.609219,6.3811727,11.719362,1.9314325,-5.8759584,-3.789088,11.290212,9.122106,-8.956011,-6.2296286,-20.057755,-7.272422,16.099964,-6.9264936
P0AES9,-12.025205,15.423541,17.725636,-4.5880747,10.515635,-2.4583087,-1.465127,-13.752892,-8.54798,-12.799649,-11.804679,-11.730222,3.4161239,15.912237,10.225443,-22.136011,-7.8597593,-3.9596343,1.6842636,12.590738,11.271139,10.028248,-16.88082,11.481511,18.120638,-0.79601926,-11.889505,-8.773211,-20.107426,10.836519,17.146587,-7.970861,-11.249624,-8.820173,-10.659193,-12.592936,-9.840288,5.4783196,11.373799,-17.443167,-9.819941,-12.554858,-21.27604,-2.2126355,17.737911,-11.96433,-2.4604278,-7.3028207,-4.887938,5.947176,-2.8623247,6.9366126,13.581495,3.2013245,-8.026376,-4.53473,11.82644,8.257532,-9.438463,-7.526889,-23.06103,-10.696756,19.142864,-6.439559
H2B3G5,-25.585617,38.890648,38.57312,-8.657749,24.063839,-6.4725075,-3.7775578,-32.02944,-19.29653,-31.179638,-28.662888,-29.851053,6.7400646,40.437675,21.935326,-52.68204,-20.571743,-11.0453825,2.0994477,29.068623,27.489437,26.147453,-41.69991,30.41483,42.01568,-1.671778,-29.121048,-20.33136,-46.717484,25.929153,41.380424,-21.763878,-29.638203,-18.838814,-27.997847,-30.246666,-17.36212,13.435249,25.34582,-43.735054,-22.263834,-30.404928,-52.04421,-6.4689603,42.95887,-29.791607,-4.0302405,-16.318377,-10.280626,15.590525,-7.2348523,16.552807,30.651484,7.8026237,-18.06483,-9.468201,28.28201,16.64669,-23.820934,-17.08582,-52.847176,-28.739576,44.848915,-13.62423
P68036,-14.2965,17.09005,20.90666,-4.5611525,10.78515,-3.0950844,-1.0274116,-15.896949,-8.942881,-15.382946,-13.57533,-13.113767,3.9335275,17.583635,11.712524,-24.523901,-7.291269,-3.7425478,2.2529643,13.574874,12.540045,10.629629,-18.810017,11.4216585,19.473366,-1.0913428,-12.124416,-10.314925,-22.554762,12.129385,19.0116,-7.5840206,-11.757815,-10.238643,-11.115376,-15.23013,-10.400415,5.894747,12.922397,-20.107307,-10.884872,-13.183057,-22.885649,-1.187376,19.391869,-13.621511,-2.319588,-8.544074,-5.3842893,6.7291837,-2.6801302,8.024395,15.149077,3.2047088,-8.272495,-4.873232,13.879551,10.306509,-11.107901,-8.161807,-25.955957,-11.121274,21.167212,-7.8597703
O75888,-20.409798,27.290762,29.92063,-6.317416,16.851576,-4.7956862,-1.9768356,-23.902058,-13.648799,-23.314098,-20.727213,-20.930645,5.3452606,28.239405,16.876076,-37.706573,-13.193051,-6.735774,2.2788994,20.666216,19.46169,17.689495,-29.675648,19.942966,29.90112,-1.4470727,-19.8278,-15.400423,-34.003956,18.850222,29.778696,-13.617224,-19.864796,-14.433848,-18.780552,-22.847576,-13.791906,9.419729,18.77214,-31.431234,-16.283527,-20.90376,-36.498886,-3.0630622,30.41077,-21.427782,-3.1413949,-12.556921,-7.5823975,11.164807,-4.8658624,12.053195,22.636272,5.364098,-12.835482,-7.076773,21.179482,13.890633,-17.508736,-12.457167,-38.844444,-19.214634,32.440994,-10.908
P01160,-18.484522,24.090828,27.63613,-6.3561683,15.417539,-4.193423,-1.9301319,-21.300203,-12.774114,-20.735157,-18.840815,-18.553123,5.218824,24.913748,15.561803,-34.098965,-11.247411,-6.1368237,2.6221228,18.919958,17.498667,15.274883,-26.335382,17.277983,26.898851,-1.4617543,-17.74383,-13.475022,-31.294762,16.692686,26.44102,-11.882652,-17.223879,-13.356763,-16.179832,-20.312403,-13.687037,8.483183,17.568653,-27.989515,-14.82111,-18.851942,-32.397087,-2.952348,27.394041,-19.068298,-3.2401474,-11.274671,-7.440567,9.414456,-4.118209,10.907906,20.80483,4.693899,-11.666844,-6.6688876,18.415873,13.142249,-14.829425,-11.15425,-35.647446,-16.40254,29.133003,-9.806808
P01594,-18.714647,25.368933,27.531128,-6.155745,15.876227,-4.307956,-2.0773737,-22.119616,-12.792699,-21.214699,-19.089247,-19.318268,4.9041367,26.084967,15.637486,-35.12724,-12.60362,-6.3908734,2.0635006,19.668564,18.191175,16.719727,-27.275457,18.661924,28.45456,-1.2283467,-18.665464,-14.323273,-31.46993,17.498293,27.418633,-13.086667,-18.61486,-13.658478,-17.615797,-20.983515,-13.3209505,8.679964,17.539633,-28.786451,-15.372069,-19.784847,-33.96649,-3.0660095,28.122803,-19.501823,-3.0569894,-11.569613,-7.1794586,10.16782,-4.514376,11.249282,21.041924,4.8491306,-12.129603,-6.709881,19.5591,12.555923,-16.136961,-11.682635,-36.012047,-17.779001,30.263277,-10.315106
P06993,-11.690676,12.547367,16.391699,-3.7643209,7.875244,-2.5051947,-0.7582809,-12.710512,-6.729835,-11.319296,-10.214491,-9.336094,3.099253,12.798926,9.535692,-17.929474,-5.989195,-2.66362,1.5859737,11.10544,9.831183,8.072586,-13.576145,8.521339,15.168772,-0.90424263,-9.743883,-8.181223,-17.754967,9.841614,14.780994,-5.5361423,-8.648197,-7.940948,-7.9987717,-11.899986,-8.818078,4.371967,9.537021,-14.963331,-8.589722,-10.060465,-17.21539,-0.8955414,14.261967,-10.30699,-2.5383081,-6.943983,-4.593616,5.261503,-2.179448,6.0883803,12.01889,2.4356215,-7.172882,-4.164158,10.652018,8.280466,-8.23752,-6.3213367,-19.81959,-8.034745,16.012455,-6.6560373
Q8DTS9,-16.63786,20.973965,23.972038,-4.8413486,12.228421,-4.182393,-1.3094479,-19.324963,-10.221935,-18.33885,-16.41282,-15.884102,4.332321,21.529593,13.556104,-28.630833,-10.077467,-4.929997,1.7052524,16.703436,15.600649,13.8248825,-22.339046,14.840988,23.366974,-1.3307436,-15.482442,-12.440453,-27.177143,15.15112,23.235844,-10.143011,-15.030708,-11.635702,-13.985278,-18.723904,-10.9365015,7.208268,14.559837,-24.71049,-12.876996,-16.071512,-27.764545,-1.9523798,23.000055,-16.70074,-2.8443441,-10.246706,-6.46194,8.784903,-3.5505204,9.700422,17.974014,3.7400296,-10.353208,-5.870853,16.697027,11.545393,-13.628725,-9.635321,-30.322296,-14.071512,25.042267,-9.411857
P00533,-13.658111,16.13693,19.874151,-4.239381,10.11237,-2.9695919,-0.866179,-15.097922,-8.3830185,-14.645768,-12.828413,-12.369347,3.732684,16.585299,11.0861435,-23.086515,-6.8592987,-3.4175978,2.1252065,12.781216,11.820386,10.028126,-17.754803,10.716335,18.361988,-1.0469955,-11.407428,-9.809414,-21.315384,11.507048,17.9716,-7.0668006,-11.065754,-9.718159,-10.43597,-14.537456,-9.787283,5.575782,12.188455,-19.064339,-10.277871,-12.343141,-21.54378,-0.9924571,18.278284,-12.885089,-2.1997855,-8.154234,-5.061763,6.4318123,-2.5390885,7.5824933,14.337828,2.9648829,-7.800268,-4.611305,13.219347,9.842687,-10.579293,-7.7254667,-24.522648,-10.431015,19.984995,-7.492272
Q8WZ42,-14.296594,19.003633,21.091967,-4.686914,11.866554,-3.33096,-1.463911,-16.753756,-9.642277,-16.159094,-14.512221,-14.531719,3.8855078,19.593952,11.876011,-26.498306,-9.116235,-4.647619,1.7576481,14.731777,13.723404,12.420193,-20.54456,13.693214,21.343702,-0.99912626,-13.846036,-10.844943,-23.910467,13.075505,20.613516,-9.535666,-13.766957,-10.511404,-13.035079,-15.9315,-10.194661,6.5518208,13.4546385,-21.801239,-11.559135,-14.792125,-25.389397,-2.135524,21.170404,-14.700828,-2.299878,-8.803199,-5.544975,7.5131454,-3.2139177,8.596888,15.918366,3.5611002,-9.035652,-5.1073756,14.709293,9.842996,-12.087413,-8.819125,-27.32546,-13.028102,22.837572,-7.9076896
P12318,-12.503664,10.870417,18.066025,-3.8271685,7.0175138,-2.2029276,0.10484236,-12.0111065,-6.1164393,-11.846036,-9.877901,-8.349288,3.6552105,10.673451,9.783054,-17.422184,-1.92573,-0.9938677,3.170267,9.644076,8.389441,5.6894016,-12.211155,4.2959785,13.73054,-1.193818,-6.421352,-8.152076,-16.48024,8.295927,12.410197,-2.337618,-5.662334,-9.206009,-5.394993,-12.127554,-10.108846,3.6271265,10.6984215,-13.663507,-8.336219,-8.070421,-14.074219,1.5845721,12.603014,-8.908295,-1.8981129,-6.920052,-4.5049376,3.8127377,-0.83833516,6.1531763,11.507745,1.3509198,-5.1709414,-3.9380121,10.50161,10.13589,-7.817583,-5.886985,-19.788145,-4.652714,15.163191,-7.4433722
P06907,-14.299097,12.836815,19.782099,-3.2556353,7.1629076,-2.9377902,0.478048,-14.155685,-6.1557236,-13.975981,-11.148216,-9.740184,3.6795042,12.710278,10.704575,-19.048481,-3.0374084,-0.9870418,2.7377687,10.529177,9.703214,7.187553,-14.172724,5.7156215,15.126018,-1.2691672,-7.5399895,-9.748877,-18.238283,10.009838,14.762405,-2.9553223,-7.18744,-9.766165,-6.794051,-14.519602,-9.414148,4.1536293,11.043639,-16.274662,-9.110208,-8.866648,-16.32145,2.0562181,14.14831,-10.681234,-1.7907329,-8.074322,-4.480177,5.384612,-1.3190701,6.9288445,12.6510515,1.6298275,-5.8863273,-4.1621547,12.720638,10.999128,-9.966485,-6.59735,-21.531607,-6.3005867,16.979065,-8.492251
O15305,-20.26476,28.111576,29.559494,-5.795693,16.671701,-5.066672,-1.8932092,-24.256153,-13.33679,-23.840279,-20.941242,-21.456316,5.123824,28.919613,16.502392,-37.989937,-13.804753,-6.7621408,1.7972441,20.798386,19.838648,18.658705,-30.044138,20.577728,30.485373,-1.3489262,-20.080132,-15.855829,-33.8479,19.135073,29.998419,-14.33714,-20.696976,-14.594194,-19.58297,-23.549604,-12.779664,9.542236,18.684013,-32.15979,-16.367872,-21.174488,-36.973473,-2.924461,30.553116,-21.570547,-2.7461407,-12.654567,-7.3229475,11.653207,-4.951109,12.387139,22.489866,5.056598,-12.697965,-7.0096426,21.80661,13.470558,-18.392647,-12.613047,-38.659943,-19.740181,32.81397,-11.185874
P14550,-11.247586,11.726337,15.920844,-3.281853,6.8725553,-2.5722,-0.43388316,-12.119119,-5.9879932,-11.197516,-9.914809,-8.8609085,3.0512197,11.984258,9.016785,-16.87,-4.6200633,-2.1925738,1.7605829,10.146706,9.244582,7.3273473,-12.760643,7.1228538,13.848668,-1.0161606,-8.438163,-7.8978252,-16.763565,9.084174,13.709245,-4.4838057,-7.6276917,-7.757557,-7.081083,-11.6791315,-7.9526534,4.013699,9.22429,-14.422217,-7.9768143,-9.069247,-15.656913,-0.18122268,13.168312,-9.798858,-2.0571127,-6.6325707,-4.3608756,4.8004713,-1.6063868,5.9657807,11.180917,2.0659301,-6.2161345,-3.7873142,10.217187,8.356143,-7.9598756,-5.8006654,-18.755959,-6.960745,14.970256,-6.610102
P67870,-15.046821,19.017593,22.019495,-4.8863783,12.072132,-3.3285713,-1.341315,-17.149734,-9.868656,-16.535381,-14.714718,-14.566082,4.0799522,19.634285,12.42994,-26.865425,-8.854649,-4.480594,2.0497375,14.854365,13.771282,12.12891,-20.830793,13.470322,21.443373,-1.0753975,-13.824929,-11.075419,-24.438812,13.324224,21.00599,-9.105555,-13.546866,-10.752143,-12.820655,-16.272356,-10.845737,6.5971866,13.769197,-22.028385,-11.78635,-14.758203,-25.60384,-1.890387,21.48128,-14.993037,-2.4913836,-9.118775,-5.6788692,7.5985394,-3.2564442,8.638777,16.381344,3.7140498,-9.221214,-5.2432294,15.036741,10.506378,-12.198065,-8.966897,-28.039055,-12.959755,23.184038,-8.131296
P28482,-18.265121,23.743027,26.399048,-4.9679704,13.980379,-4.4117837,-1.2592123,-21.194082,-11.306011,-20.88587,-18.035582,-18.144527,4.592597,24.426563,14.644194,-32.41918,-10.991935,-5.2665977,1.9687992,17.69121,16.885118,15.371818,-25.635275,16.697803,25.831017,-1.2531942,-16.633821,-13.893668,-29.265804,16.4919,25.711582,-11.297285,-17.038803,-12.875641,-16.080084,-20.703802,-11.391261,8.028637,16.244522,-27.631723,-14.127672,-17.646072,-31.172514,-1.7876127,26.001755,-18.556122,-2.4354227,-11.216228,-6.366112,9.947034,-4.0126424,10.650719,19.530909,4.2334313,-10.787074,-6.0390496,19.054178,12.454309,-15.8644495,-10.783055,-33.515266,-16.279531,28.075693,-10.042465
P09914,-12.946023,12.206994,17.970968,-2.8831136,6.8214755,-2.733801,0.35190797,-13.084607,-5.8472366,-13.0130625,-10.3488,-9.299806,3.3152597,12.253221,9.684213,-17.803667,-3.3437412,-1.1444091,2.3748138,9.636719,9.120435,6.9081416,-13.5583315,6.017271,14.010292,-1.0446509,-7.313887,-8.937001,-16.92618,9.312759,13.957486,-3.2471964,-7.2080746,-8.794051,-6.79583,-13.347251,-8.162629,3.9797595,10.121006,-15.405871,-8.334523,-8.430176,-15.585145,1.5000662,13.544597,-10.108432,-1.5493121,-7.3962193,-3.988643,5.1894736,-1.3823191,6.3903623,11.662417,1.6506425,-5.5416107,-3.7427607,11.764754,9.847801,-9.30453,-6.1191773,-19.874874,-6.485805,15.792015,-7.4913735
Q7Z3B3,-16.018347,19.315771,23.335068,-4.741644,12.118042,-3.3960066,-0.96102357,-17.750074,-9.934443,-17.609592,-15.057897,-14.881528,4.2529025,19.917572,12.911377,-27.550112,-8.09184,-4.005614,2.5218532,14.616643,13.802132,11.778316,-21.457375,12.921481,21.486938,-1.0666684,-13.24034,-11.617195,-24.769545,13.482322,21.290293,-8.414622,-13.345603,-11.312278,-12.670131,-17.182545,-10.988206,6.5801644,14.373942,-22.712107,-12.023342,-14.491328,-25.694494,-1.077089,21.92187,-15.317757,-2.223774,-9.552986,-5.533995,7.7780914,-3.0909631,8.879098,16.754387,3.5997658,-8.916949,-5.1809564,15.867974,11.433515,-12.844966,-9.099485,-28.87375,-12.840577,23.66984,-8.542646
O95868,-18.986351,24.284302,27.802004,-5.887022,14.993044,-4.306233,-1.620885,-21.807436,-12.282396,-21.18431,-18.694836,-18.542,4.995336,24.926708,15.594797,-33.92533,-11.216946,-5.664191,2.4548004,18.832354,17.529917,15.516828,-26.305616,17.052742,27.13395,-1.3143274,-17.395277,-14.141544,-30.810745,16.974636,26.467447,-11.663606,-17.315825,-13.624196,-16.314905,-21.031204,-13.18693,8.282592,17.351658,-28.13414,-14.947283,-18.601902,-32.273922,-2.2044597,27.075983,-18.97243,-2.9598238,-11.567076,-7.0712132,9.797053,-4.0925827,11.025174,20.662798,4.4499426,-11.510699,-6.5495467,19.266027,13.188379,-15.708879,-11.230624,-35.333572,-16.45576,29.22677,-10.411982
E7EZF3,-20.166962,25.955957,30.482399,-7.0682125,17.29389,-4.1481943,-2.0664108,-22.85066,-14.401972,-22.707582,-20.242178,-20.17211,5.711103,27.071522,17.031963,-37.41954,-11.736817,-6.578629,3.4559567,19.890907,18.59446,15.631477,-29.12398,18.674206,28.665112,-1.3351297,-18.78539,-14.323021,-33.83002,17.768833,28.624512,-12.520918,-18.522867,-14.396696,-17.415266,-21.68308,-15.068861,9.130705,19.432993,-30.280972,-16.008984,-20.216885,-35.185787,-3.251872,30.389317,-20.71116,-3.3652577,-12.151575,-7.753978,10.037714,-4.478491,11.543625,22.68212,5.339522,-12.445939,-6.9645348,19.899025,14.532516,-15.792509,-11.979802,-39.061405,-18.092766,31.527359,-9.998373
Q16659,-19.652737,24.148085,27.998901,-5.178164,14.235207,-4.54278,-1.0583594,-22.203995,-11.50687,-21.768589,-18.557842,-18.436815,4.8614197,24.787941,15.623739,-33.35876,-10.64318,-4.9698052,2.3062332,18.14869,17.242004,15.376247,-26.28603,16.395992,26.49942,-1.3856101,-16.656694,-14.704721,-30.181091,17.115723,26.577862,-10.73605,-16.91867,-13.538242,-16.05106,-21.656944,-12.33872,8.1051445,16.842537,-28.289223,-14.6922,-17.83329,-31.84243,-1.1497536,26.522842,-19.139744,-2.5903976,-11.8627205,-6.577978,10.234469,-4.027893,10.985436,20.306564,4.4331083,-11.078268,-6.2974973,20.039213,13.528854,-16.588982,-11.18849,-34.80858,-16.307697,29.045326,-10.859432
O14526,-16.632252,17.68874,23.702314,-4.44799,10.50963,-3.5459876,-0.32535887,-17.57152,-8.8220415,-17.294748,-14.520223,-13.519167,4.3673415,17.898184,13.030856,-25.576244,-6.1612473,-2.8626714,2.8258166,14.065676,13.0423765,10.532242,-19.446562,10.235004,20.203083,-1.3647603,-11.566552,-11.720185,-23.841387,13.009191,19.8324,-6.332417,-11.275111,-11.587413,-10.642323,-17.497044,-11.294579,5.915164,13.961487,-21.464832,-11.677039,-12.929262,-23.078543,0.46274805,19.740662,-14.33446,-2.3075187,-9.692888,-5.6731277,7.221696,-2.4122138,8.741969,16.240948,2.8414655,-8.233596,-5.218693,15.63842,12.335157,-12.4499,-8.600672,-27.768167,-10.43083,22.326664,-9.456816
P14099,-12.173653,15.992588,18.78303,-4.8445277,10.880662,-2.5409567,-1.5743794,-14.04835,-9.119002,-13.608018,-12.627121,-12.403092,3.7192366,16.659727,10.552312,-23.374998,-7.3154693,-4.2819014,2.2665694,12.8562355,11.775703,9.905357,-17.754786,11.47612,18.359177,-0.8563331,-11.8702345,-8.775007,-21.259443,10.835075,17.50152,-8.050431,-11.430637,-9.3054,-10.769874,-13.074994,-10.033254,5.66691,12.400921,-18.480228,-10.105035,-12.978551,-21.769075,-2.3661335,18.74658,-12.518268,-2.286786,-7.40132,-5.259524,5.7321258,-2.5302305,7.3585334,14.118766,3.1860707,-7.898018,-4.5342536,11.899739,8.926756,-9.339535,-7.522497,-24.364038,-10.807312,19.693577,-6.4022
Q9CW03,-15.7068815,19.94257,23.129107,-4.9584627,12.534713,-3.4635744,-1.2888893,-17.874062,-10.209725,-17.557014,-15.409909,-15.331387,4.2508264,20.537485,12.885141,-28.235258,-8.823867,-4.5223413,2.2851384,15.27689,14.289462,12.571483,-21.85151,13.748451,22.326792,-1.0936373,-14.016141,-11.6512575,-25.297611,13.737818,21.706963,-9.321089,-14.049866,-11.417517,-13.346915,-17.173967,-11.1217785,6.827108,14.578791,-23.11143,-12.2909155,-15.257687,-26.54945,-1.6452702,22.416441,-15.567968,-2.3118236,-9.501112,-5.781496,7.8620205,-3.2282445,9.113567,16.980637,3.703764,-9.253381,-5.345662,15.868642,11.067634,-12.942698,-9.324369,-29.29572,-13.378989,24.234919,-8.561256
P02585,-16.986317,15.952303,22.870281,-2.9477115,7.954347,-3.93262,0.76406395,-17.3609,-6.83258,-17.155443,-13.39843,-12.024762,3.9599671,15.975082,12.388782,-22.211956,-4.7274103,-1.3411155,2.4200983,12.337142,11.928774,9.357801,-17.398472,8.033054,17.647789,-1.4308155,-9.584573,-11.926226,-21.681316,12.587452,18.455952,-4.161942,-9.564869,-10.865128,-8.919974,-17.977207,-9.226098,5.106683,12.192773,-20.377731,-10.5579815,-10.539822,-20.096405,2.2911096,17.061321,-13.485857,-1.8879278,-9.791296,-4.8723707,7.4629974,-2.0108476,8.2216015,14.859352,2.1336493,-7.225707,-4.7102995,15.756649,12.556549,-12.723034,-7.761207,-25.018555,-8.773642,20.078777,-9.932854
O54983,-14.982099,17.48686,22.537676,-5.454676,11.853631,-2.9404857,-1.2775873,-16.284082,-10.0728445,-15.877923,-14.290477,-13.5575485,4.443068,18.081467,12.608968,-26.04259,-7.116564,-4.0998306,3.0095546,14.292684,12.970941,10.288957,-19.663282,11.598785,20.204592,-1.1785768,-12.60509,-10.257911,-24.180338,12.3683,19.655909,-7.666214,-11.823974,-10.8591585,-11.091752,-15.462647,-12.053857,6.1959662,14.183868,-20.753328,-11.507707,-13.852055,-23.767815,-1.6180731,20.689926,-14.149059,-2.7616482,-8.829425,-6.0303864,6.477743,-2.6905134,8.281236,16.286375,3.4392881,-8.757928,-5.2509723,13.874053,11.285333,-10.667727,-8.453658,-27.919205,-11.202842,22.098589,-7.824436
Q9H6Y7,-15.234243,15.378394,20.755318,-2.9002907,8.1776905,-3.42715,0.40893498,-15.886402,-6.748872,-15.829126,-12.418613,-11.658949,3.583859,15.502649,11.234821,-21.47067,-5.03429,-1.6246431,2.1652884,11.486665,11.147482,9.189501,-16.865456,8.391092,17.009903,-1.1334168,-9.323457,-10.9661875,-19.97317,11.569391,17.357048,-4.7133417,-9.640141,-10.064407,-9.151016,-16.205189,-8.540623,4.9385157,11.525679,-19.023705,-9.891613,-10.393266,-19.574677,1.5865226,16.559286,-12.564498,-1.5517081,-8.849631,-4.3000445,6.9395633,-2.0670555,7.639011,13.726448,2.2267237,-6.734916,-4.2713585,14.629561,11.02353,-11.982689,-7.448283,-23.404522,-8.999913,19.183239,-8.799755
P01704,-21.733864,29.23491,32.03763,-6.612446,17.674788,-5.1796913,-2.0069823,-25.527235,-14.225513,-25.106577,-22.217705,-22.379642,5.6808167,29.94641,17.874353,-40.391724,-13.473754,-6.9460363,2.5115747,22.160946,20.783747,19.071533,-31.352032,20.559694,32.27363,-1.5808512,-20.605217,-16.716276,-35.95001,19.931051,31.196957,-14.364805,-20.969345,-15.971155,-19.896091,-24.79462,-14.710971,9.893122,20.355064,-33.500175,-17.533623,-22.218998,-38.46008,-2.6560764,31.993439,-22.466915,-3.0205808,-13.387711,-8.09815,11.68816,-4.823318,13.171656,23.962494,5.204038,-13.19809,-7.5347347,22.859802,14.888622,-19.028297,-13.294546,-41.376564,-19.857323,34.707863,-12.203517
O48737,-8.616272,9.202805,12.448558,-2.7456603,5.900635,-1.770329,-0.40375915,-9.206935,-5.0301065,-8.746325,-7.6034684,-7.054991,2.4680996,9.51223,6.9337263,-13.625177,-3.547422,-1.68699,1.6484234,7.6026587,7.0227966,5.517939,-10.342312,5.700929,10.903379,-0.6309407,-6.4430475,-6.013969,-12.888123,6.7551956,10.590887,-3.5822816,-6.0549893,-6.1752586,-5.722488,-8.726664,-6.4456267,3.1869285,7.544319,-11.150569,-6.2011104,-7.166788,-12.422809,-0.28627098,10.708576,-7.4962554,-1.4631819,-5.0466948,-3.2285442,3.544769,-1.2473534,4.600447,8.690896,1.6830833,-4.690505,-2.8651,7.8683977,6.4654784,-6.111925,-4.635937,-14.818629,-5.598715,11.88708,-4.813923
O24146,-14.021111,18.168255,21.031994,-4.9173384,11.326889,-3.37424,-1.4688666,-16.269608,-9.44886,-15.622025,-14.455736,-13.919947,4.101026,18.621252,11.806805,-25.702782,-8.263157,-4.554389,1.9779454,14.755519,13.4893875,11.839422,-19.45092,12.571009,20.760975,-1.2603807,-13.375462,-10.384145,-23.905636,12.619932,19.737642,-8.923655,-12.792206,-10.575654,-12.005379,-15.628318,-10.67919,6.3792677,13.515366,-21.143936,-11.365274,-14.369562,-24.146948,-2.0323572,20.273457,-14.189575,-2.5366983,-8.601344,-6.022273,6.8702507,-2.8112917,8.575774,15.768051,3.1886575,-8.810853,-5.269889,13.874979,10.140638,-11.179375,-8.497146,-27.009346,-11.693577,22.1148,-8.002283
Q9JL25,-16.696987,16.525558,24.415768,-4.9671383,10.657416,-2.9772046,-0.13376524,-16.689934,-8.957074,-17.0125,-14.005015,-12.789932,4.696508,16.46103,13.119236,-25.497967,-4.0445976,-2.1203437,3.9401052,13.310287,12.003996,8.91842,-18.571701,8.026524,19.630655,-1.3566908,-9.807557,-11.298777,-22.919378,11.820737,18.145649,-4.8203726,-9.5935755,-12.30979,-9.200197,-16.874893,-12.777297,5.4639535,14.838375,-20.091436,-11.620589,-12.036933,-21.35392,1.3924463,18.990423,-13.121692,-2.1175137,-9.413977,-5.6496334,6.022265,-1.7384982,8.568663,15.98509,2.3059142,-7.22515,-5.133931,15.07058,13.071977,-11.645382,-8.387351,-27.802364,-8.549494,21.82794,-9.496692
P40054,-20.22397,32.037235,31.138243,-7.357673,19.848148,-5.3200855,-3.514384,-26.076021,-16.167435,-25.144466,-23.64095,-24.555138,5.525958,33.380325,17.710663,-43.252045,-17.47027,-9.630953,1.6608385,24.361458,23.008284,21.754215,-34.074886,25.568893,34.796772,-1.2418946,-24.476936,-16.30103,-38.777916,21.189316,33.81437,-18.750378,-24.80885,-15.430467,-23.266987,-24.507366,-14.124264,11.087536,20.952097,-35.97966,-18.322868,-25.514618,-42.82499,-6.196209,35.488083,-24.309322,-3.466072,-13.135441,-8.815237,12.520596,-5.839306,13.7132,25.205807,6.2477427,-15.139834,-7.861889,22.564999,13.206963,-18.891855,-13.877725,-43.3327,-23.74512,36.627773,-10.891443
Q07637,-11.365663,12.257749,16.440193,-3.4750042,7.471288,-2.5323114,-0.5120267,-12.248772,-6.48843,-11.669048,-10.283663,-9.364501,3.214012,12.566274,9.161899,-17.805546,-4.7357054,-2.3786304,1.9779288,10.269993,9.4456,7.449019,-13.481229,7.54299,14.265453,-0.98793405,-8.673863,-7.9091434,-17.31212,9.137757,14.043519,-4.8232346,-8.025828,-8.019748,-7.459984,-11.887647,-8.225082,4.2539287,9.828565,-15.011501,-8.190654,-9.436371,-16.308594,-0.38965702,13.988953,-10.098622,-1.9998622,-6.7072616,-4.4266,4.8458724,-1.6798544,6.149925,11.571644,2.1032727,-6.2397346,-3.8557844,10.374359,8.577447,-8.063342,-5.9957376,-19.585886,-7.3141613,15.551648,-6.4400353
O33983,-7.617243,5.117073,10.2416525,-1.8033586,2.6190772,-1.6311094,0.4917029,-7.087732,-2.6249902,-6.4366503,-5.2767086,-3.781014,2.1457658,4.993195,5.628572,-8.075075,-0.570413,0.11236313,1.6517421,5.2337704,4.6166215,2.7313964,-5.659788,1.3012812,6.8403983,-0.8543005,-3.1366334,-4.824371,-9.127542,4.7715106,6.6904426,-0.21537042,-2.2189815,-5.0852137,-1.9716783,-7.189361,-5.404352,1.7262939,5.3164525,-7.266134,-4.3610473,-3.6734,-6.5640755,1.5342282,5.7802176,-4.764205,-1.3822119,-4.199581,-2.754988,2.1543949,-0.19603056,3.4007838,6.245821,0.4735384,-3.0172641,-2.339007,5.812678,6.27589,-4.19552,-3.0346546,-10.242124,-1.4826741,7.6103663,-4.827064
O50202,-10.021801,8.763749,14.000762,-2.5061202,5.0862265,-2.0271788,0.2826845,-9.866772,-4.487293,-9.6340885,-7.7879333,-6.672786,2.743742,8.758538,7.564859,-13.288165,-2.01701,-0.66652817,2.1216078,7.402252,6.817774,4.810025,-9.814925,3.8566906,10.574605,-0.87489367,-5.2709856,-6.711907,-12.974679,6.8658705,10.24721,-1.965013,-4.8600154,-6.966421,-4.5671635,-9.975851,-6.9455323,2.904315,7.9247546,-11.268329,-6.374572,-6.2361917,-11.276501,1.2890525,9.940294,-7.3611126,-1.4035964,-5.649356,-3.3325245,3.5259292,-0.80437165,4.8708105,8.946251,1.1176108,-4.222534,-3.0022845,8.636073,7.8920546,-6.617655,-4.6186748,-15.193106,-4.15018,11.832249,-5.9125147
P14907,-16.57005,24.079113,25.239374,-5.88608,15.3579,-3.8212414,-2.2956054,-20.215979,-12.438813,-19.742212,-17.926344,-18.496725,4.527313,24.95425,14.165227,-33.48272,-12.007985,-6.490729,2.1013076,18.267351,17.143343,15.716524,-26.04248,18.112726,26.709906,-0.90390384,-17.589916,-12.940224,-29.422318,15.943379,25.474438,-13.014598,-17.993484,-12.689299,-17.034504,-19.086021,-12.033938,8.211916,16.777027,-27.132303,-14.297972,-18.96537,-32.156425,-3.5895755,27.007854,-18.192377,-2.545032,-10.400546,-6.630928,9.211428,-4.1124487,10.556712,19.512762,4.5680547,-11.152402,-6.037673,17.830524,11.192018,-14.724779,-10.8070345,-33.765717,-17.202633,28.337286,-8.950691
P0DJL7,-13.758852,21.574472,21.009602,-5.487527,14.175758,-3.311811,-2.528958,-17.451744,-11.300674,-16.531094,-15.653414,-16.450417,3.8848212,22.382517,12.084967,-29.566175,-12.225357,-6.4212885,1.1786151,16.644,15.334982,14.824247,-23.008142,17.494427,24.254528,-0.76593274,-16.83746,-11.008116,-26.014797,14.208416,22.803509,-12.8880625,-16.809917,-10.7081375,-15.912029,-16.008577,-10.71974,7.5970945,14.385393,-23.696404,-12.588849,-17.54178,-29.292389,-4.382742,24.102036,-16.03214,-2.636039,-8.862299,-5.9856186,8.278164,-4.177613,9.177137,17.184654,4.323674,-10.507212,-5.575575,15.159803,8.791092,-12.664163,-9.795353,-29.475018,-15.990984,25.232199,-7.3650684
O75792,-16.940441,22.715176,25.002401,-5.248336,13.845528,-4.0932717,-1.6110408,-19.923862,-11.284802,-19.506779,-17.374884,-17.425121,4.545434,23.44603,13.971171,-31.38346,-10.734598,-5.5244913,1.9804084,17.264315,16.303991,14.771543,-24.542013,16.305302,24.981987,-1.2370436,-16.33546,-12.870898,-28.384924,15.569194,24.552406,-11.283556,-16.429768,-12.291231,-15.513033,-19.199772,-11.465873,7.819738,15.848703,-26.259176,-13.574793,-17.385998,-30.108181,-2.4224615,25.170212,-17.688923,-2.5426314,-10.4609585,-6.4546404,9.125826,-3.82602,10.227365,18.81588,4.1878543,-10.532665,-5.9413095,17.576944,11.705788,-14.534128,-10.348343,-32.35879,-15.60346,26.987604,-9.279719
P41911,-7.7388864,6.6652064,10.848921,-2.0050657,3.8842702,-1.6236035,0.18923923,-7.668832,-3.5612092,-7.373513,-6.045206,-5.082343,2.210835,6.7707834,5.863859,-10.120499,-1.6588435,-0.55281055,1.6828368,5.7514935,5.3768015,3.6380296,-7.5488086,3.0643978,8.0751915,-0.663968,-4.206212,-5.1074505,-10.27246,5.3038826,7.9965935,-1.5436239,-3.760923,-5.351494,-3.4702911,-7.651186,-5.3707952,2.2741637,6.13451,-8.77194,-4.874305,-4.852707,-8.678875,0.7893507,7.749338,-5.730233,-1.2153096,-4.391094,-2.7178586,2.6731818,-0.58879715,3.7758303,6.9862337,0.87820125,-3.4256945,-2.375917,6.486504,6.1953506,-4.87318,-3.5354595,-11.762483,-3.1704426,9.043509,-4.4959373
P09913,-16.363605,17.109995,22.447481,-2.9372172,9.138729,-3.677432,0.45124203,-17.220596,-7.5156794,-17.556067,-13.549912,-13.057793,3.790431,17.369429,11.997609,-23.701168,-5.714473,-1.8918786,2.3405876,12.161749,12.128109,10.04981,-18.93166,9.676943,18.375715,-1.0675417,-10.181341,-11.852032,-21.636608,12.540081,19.057362,-5.4688616,-10.968713,-10.764801,-10.405167,-17.678417,-8.656637,5.4745865,12.586657,-21.123817,-10.659258,-11.366615,-21.684433,1.5464485,18.559872,-13.88172,-1.4050043,-9.553444,-4.362324,7.7627025,-2.3752398,8.276281,14.877827,2.490432,-7.173013,-4.435101,16.047096,11.780446,-13.235757,-8.073419,-25.513538,-10.421304,20.952782,-9.140605
P00423,-12.844953,16.659538,19.077507,-4.4025483,10.63729,-2.9021626,-1.2639867,-14.772112,-8.637644,-14.326014,-12.927284,-12.792526,3.6591911,17.123138,10.687927,-23.672535,-7.5825343,-3.9641008,1.8334329,13.065373,12.03838,10.774862,-18.088451,11.606177,18.997633,-0.9999926,-12.00734,-9.593523,-21.28529,11.392424,18.05229,-8.085889,-11.789075,-9.63381,-11.222571,-14.054104,-9.681412,5.8060966,12.286622,-19.136955,-10.318258,-13.03853,-22.272243,-1.6818702,18.669638,-12.869469,-2.0966403,-7.8223524,-5.0890474,6.360989,-2.68088,7.697044,14.206578,3.0677567,-7.868644,-4.643794,12.934004,9.082302,-10.553488,-7.8991327,-24.516853,-11.0073595,20.376392,-7.1697206
Q8TBC4,-14.648943,15.8561,21.021091,-4.3216743,9.747721,-3.1506248,-0.6204022,-15.7084875,-8.378461,-15.066518,-13.067012,-12.095342,3.9633765,16.252142,11.756462,-22.880543,-6.34627,-3.0814185,2.4276223,13.009963,11.988013,9.520155,-17.532183,10.0306225,18.179539,-1.1766789,-11.218391,-10.136767,-22.025778,11.862688,18.202742,-6.299012,-10.517876,-10.020319,-9.770361,-15.27446,-10.327034,5.4749374,12.402038,-19.307987,-10.486268,-12.0426,-21.180132,-0.5278007,18.149616,-13.09695,-2.523315,-8.620505,-5.401618,6.5038667,-2.419307,7.7076564,14.864489,2.8560545,-8.047886,-4.8431287,13.508448,10.839922,-10.539657,-7.6880937,-25.080015,-9.856351,19.953245,-8.024821
O00182,-16.04183,19.289196,23.472841,-5.0049925,12.023655,-3.512488,-1.1477623,-17.927206,-10.021833,-17.390236,-15.30377,-14.802243,4.339492,19.873528,13.144327,-27.523798,-8.261136,-4.278256,2.483614,15.24396,14.164258,11.951533,-21.22151,12.9660845,21.762733,-1.1953548,-13.661707,-11.593656,-25.399103,13.722212,21.457958,-8.593363,-13.331322,-11.384988,-12.554858,-17.24006,-11.383444,6.610606,14.431506,-22.767569,-12.212427,-14.803886,-25.767902,-1.3727515,21.868416,-15.437468,-2.5564008,-9.611251,-6.000045,7.679471,-3.0377603,9.003222,17.027094,3.6243043,-9.309784,-5.404977,15.659749,11.537526,-12.534626,-9.085519,-29.140158,-12.690637,23.702873,-8.768792
P14902,-9.590781,8.286838,13.293995,-2.309436,4.757012,-1.9323174,0.3371948,-9.403354,-4.1578116,-9.185098,-7.3306623,-6.2973733,2.5900867,8.264127,7.1685615,-12.5486555,-1.8410348,-0.50797135,2.0059454,6.938585,6.4153404,4.561744,-9.284305,3.5480583,10.027566,-0.8181775,-4.8812757,-6.4656234,-12.16597,6.5021095,9.68744,-1.750701,-4.5546703,-6.658155,-4.3119664,-9.517033,-6.5454965,2.719342,7.480473,-10.647815,-6.033425,-5.830221,-10.627591,1.3826979,9.333955,-6.932307,-1.2768091,-5.394621,-3.0871449,3.3689117,-0.74070454,4.6259155,8.42297,1.0303482,-3.93986,-2.824206,8.304646,7.5127206,-6.408238,-4.405517,-14.324994,-3.8807242,11.23099,-5.703385
O95257,-20.166962,25.955957,30.482399,-7.0682125,17.29389,-4.1481943,-2.0664108,-22.85066,-14.401972,-22.707582,-20.242178,-20.17211,5.711103,27.071522,17.031963,-37.41954,-11.736817,-6.578629,3.4559567,19.890907,18.59446,15.631477,-29.12398,18.674206,28.665112,-1.3351297,-18.78539,-14.323021,-33.83002,17.768833,28.624512,-12.520918,-18.522867,-14.396696,-17.415266,-21.68308,-15.068861,9.130705,19.432993,-30.280972,-16.008984,-20.216885,-35.185787,-3.251872,30.389317,-20.71116,-3.3652577,-12.151575,-7.753978,10.037714,-4.478491,11.543625,22.68212,5.339522,-12.445939,-6.9645348,19.899025,14.532516,-15.792509,-11.979802,-39.061405,-18.092766,31.527359,-9.998373
P21266,-15.705272,20.368029,23.02034,-5.2103767,13.081168,-3.4073002,-1.5744092,-18.104397,-10.6161585,-17.382223,-15.480182,-15.55802,4.1845574,21.034369,13.054988,-28.653517,-9.878447,-4.9471097,2.0457242,15.830865,14.646554,13.077731,-22.27313,14.820172,22.98952,-0.98793924,-14.945558,-11.688469,-25.778578,14.177124,22.366335,-10.129207,-14.774567,-11.277303,-13.991605,-17.056498,-11.395949,7.026639,14.516381,-23.318144,-12.549532,-15.900847,-27.514997,-2.313156,23.02058,-15.87271,-2.6227193,-9.572168,-5.885157,8.152841,-3.6256883,9.08443,17.341589,4.0376406,-9.915202,-5.509223,15.950927,10.737517,-12.979919,-9.557417,-29.65012,-14.225177,24.677935,-8.41294
Q8N165,-21.55222,30.835325,31.75432,-7.038447,19.170706,-5.2274413,-2.7556512,-26.211277,-15.342055,-25.163572,-22.898716,-23.608232,5.5569844,32.097157,18.225397,-42.05317,-16.162514,-8.363787,1.8607152,23.318295,21.931835,20.6083,-33.36123,23.828377,33.655506,-1.4382339,-23.157747,-16.760118,-37.629112,21.108383,33.56069,-16.593166,-23.222445,-15.298921,-21.998684,-24.533512,-14.623714,10.670492,20.242208,-34.892746,-17.996445,-24.072872,-41.652714,-4.609617,34.239605,-24.034739,-3.511994,-13.513728,-8.287933,12.645149,-5.8395276,13.203646,24.85613,6.4851136,-14.7438755,-7.732742,23.15504,14.054741,-19.372808,-13.882499,-42.645782,-22.752783,36.14103,-11.45591
P08169,-18.97473,25.36163,27.768896,-5.338771,14.9780855,-4.5588403,-1.4589627,-22.265512,-11.967101,-22.000408,-19.186674,-19.4389,4.7285995,26.106812,15.371694,-34.6959,-11.652435,-5.8290415,2.1076863,18.959833,17.915257,16.551523,-27.339594,17.813406,27.658163,-1.3319895,-17.691545,-14.599322,-30.932312,17.425503,27.159199,-12.274658,-18.217533,-13.684866,-17.223003,-21.67821,-12.028135,8.508894,17.251734,-29.249233,-15.071271,-18.926943,-33.21891,-2.0193496,27.67876,-19.684326,-2.4417844,-11.702865,-6.715505,10.419668,-4.158042,11.241696,20.554844,4.5746846,-11.320915,-6.2168837,20.18316,12.809558,-16.839777,-11.400621,-35.548447,-17.48332,29.842884,-10.568473
O75962,-14.262423,20.295864,21.350098,-4.717001,12.811322,-3.3833199,-1.6163355,-17.053991,-10.177412,-16.949556,-15.1217575,-15.639657,3.9541368,20.969343,11.849895,-28.129147,-9.831591,-5.0560155,1.6580746,14.965582,14.170679,13.34083,-21.975271,14.921158,22.3413,-0.95421684,-14.517881,-11.092852,-24.499786,13.336962,21.449364,-10.54064,-14.920294,-10.78298,-14.252775,-16.296364,-10.047569,7.0431323,14.090896,-22.946896,-11.863487,-15.620845,-26.952724,-2.5004528,22.506413,-15.349056,-1.9983083,-8.881552,-5.4171586,7.907918,-3.496107,8.958594,16.294127,3.750885,-9.06229,-5.1334033,15.2762165,9.681264,-12.8308735,-9.294045,-28.349596,-14.149912,24.050598,-7.711467
O00204,-8.661908,8.4535885,12.351714,-2.5265813,5.297813,-1.7166084,-0.11925653,-8.904692,-4.5729203,-8.563191,-7.1798286,-6.4753046,2.438794,8.654428,6.782395,-12.731417,-2.701309,-1.1641344,1.8087969,7.0206375,6.497914,4.834472,-9.571752,4.6283984,10.128108,-0.64441776,-5.5515122,-5.925833,-12.121977,6.3490486,9.815179,-2.7042868,-5.214726,-6.145394,-4.934043,-8.627095,-6.312471,2.8667603,7.29216,-10.4891205,-5.9041796,-6.378693,-11.245889,0.33989382,9.831091,-6.9659576,-1.3370174,-4.9747477,-3.047887,3.2814631,-0.97971874,4.4137664,8.269194,1.389809,-4.2210174,-2.7216396,7.6970277,6.653419,-5.9217405,-4.3595634,-14.104995,-4.7240973,11.170662,-4.9243217
Q9BYE9,-12.074089,10.94034,16.905827,-2.9515781,6.2302933,-2.5293503,0.2736245,-12.059812,-5.5144343,-11.821124,-9.626944,-8.332416,3.2442665,10.962871,9.161184,-16.287323,-2.801556,-1.0607479,2.401461,9.1284075,8.457454,6.083267,-12.1664915,5.1513114,12.878449,-1.0738388,-6.7318826,-8.117221,-15.990042,8.547576,12.734381,-2.7401526,-6.258904,-8.26081,-5.8255167,-12.2529,-8.118216,3.6353133,9.530223,-14.028358,-7.7635865,-7.754171,-14.058375,1.3287798,12.335856,-9.230472,-1.7043647,-6.8604865,-4.041612,4.5124393,-1.1328336,5.9261184,10.962374,1.4564065,-5.256419,-3.6307743,10.5492525,9.427674,-8.128217,-5.5896363,-18.563154,-5.4688654,14.446481,-7.03288
Q95017,-13.98985,15.975449,20.628939,-4.347794,9.680523,-3.191333,-0.79574317,-15.380652,-8.383524,-14.947558,-13.24087,-12.254611,3.9781482,16.337685,11.391864,-23.019028,-6.2070527,-3.346739,2.4330506,13.105887,12.118991,9.725459,-17.411547,9.995857,18.25488,-1.2104726,-11.171795,-9.879009,-22.02915,11.553032,17.802206,-6.6517506,-10.613886,-10.116344,-9.846772,-15.120339,-10.071819,5.503727,12.629578,-19.37858,-10.424374,-12.236556,-21.00074,-0.7640993,18.09723,-12.918433,-2.335871,-8.341746,-5.5623145,6.188774,-2.16937,7.88792,14.667102,2.6025968,-7.779339,-4.8058925,13.112659,10.567724,-10.27322,-7.561192,-24.983475,-9.643842,19.849516,-7.908487
Q15477,-11.591132,14.427175,16.807072,-3.238767,8.55058,-2.7311757,-0.63506,-13.16261,-6.9293084,-13.026269,-11.1251745,-11.008645,3.0993168,14.685369,9.156798,-20.101734,-6.096638,-2.7990172,1.5699358,10.895763,10.343583,9.271557,-15.498943,9.433552,16.22419,-0.79741794,-9.713215,-8.816338,-17.981356,9.889686,15.389595,-6.4651656,-10.007752,-8.644582,-9.522503,-12.983276,-7.68051,4.8434515,10.558905,-16.834347,-8.852709,-10.726337,-18.693604,-0.57229227,15.723979,-10.9889555,-1.452651,-7.0432343,-4.0941224,5.7455845,-2.1139126,6.83649,12.087342,2.1924639,-6.3803544,-3.8874283,11.828181,8.20126,-9.800979,-6.7860336,-20.86685,-9.130366,17.481726,-6.709787
P00374,-12.64757,16.165575,18.823414,-4.1745253,10.286945,-2.7859664,-1.1202332,-14.454406,-8.444452,-14.190589,-12.541658,-12.446543,3.548194,16.680447,10.435469,-23.030088,-7.1427917,-3.7132676,1.9823159,12.464509,11.667209,10.166659,-17.73485,11.154419,18.24217,-0.8525764,-11.402809,-9.378617,-20.67104,11.029668,17.524899,-7.6551533,-11.414072,-9.414619,-10.828694,-13.838275,-9.209827,5.562233,12.050457,-18.752218,-10.008022,-12.498868,-21.525116,-1.483767,18.29979,-12.535231,-1.9125295,-7.6735377,-4.8168116,6.2041287,-2.5254574,7.4676003,13.835045,2.9307995,-7.5340714,-4.389813,12.709427,9.029629,-10.302963,-7.5848475,-23.898058,-10.740858,19.706978,-6.9114933
O43464,-11.165933,11.512437,15.872477,-3.103498,7.0001326,-2.359432,-0.22424617,-11.727498,-6.0108747,-11.352646,-9.570721,-8.792834,3.0357325,11.777431,8.750757,-16.782701,-4.1733994,-1.843361,1.998139,9.331181,8.701471,6.777409,-12.836957,6.8109965,13.318826,-0.861879,-7.779903,-7.715959,-16.055552,8.615212,13.239211,-4.112171,-7.396043,-7.70556,-6.924161,-11.486326,-7.7188005,3.9337637,9.303075,-14.182163,-7.714538,-8.570221,-15.243528,0.12341142,13.169318,-9.488681,-1.7409608,-6.5035963,-3.9091797,4.704245,-1.5830417,5.768466,10.900576,1.9281896,-5.694556,-3.55307,10.187953,8.380101,-7.963563,-5.714342,-18.480436,-6.8202686,14.7241955,-6.2164097
P01764,-21.733864,29.23491,32.03763,-6.612446,17.674788,-5.1796913,-2.0069823,-25.527235,-14.225513,-25.106577,-22.217705,-22.379642,5.6808167,29.94641,17.874353,-40.391724,-13.473754,-6.9460363,2.5115747,22.160946,20.783747,19.071533,-31.352032,20.559694,32.27363,-1.5808512,-20.605217,-16.716276,-35.95001,19.931051,31.196957,-14.364805,-20.969345,-15.971155,-19.896091,-24.79462,-14.710971,9.893122,20.355064,-33.500175,-17.533623,-22.218998,-38.46008,-2.6560764,31.993439,-22.466915,-3.0205808,-13.387711,-8.09815,11.68816,-4.823318,13.171656,23.962494,5.204038,-13.19809,-7.5347347,22.859802,14.888622,-19.028297,-13.294546,-41.376564,-19.857323,34.707863,-12.203517
Q9HD42,-12.092864,13.477359,17.225147,-3.363416,8.163828,-2.6079786,-0.4459651,-13.118895,-6.796167,-12.710537,-10.759207,-10.274414,3.1775544,13.798718,9.54291,-19.254799,-5.3858933,-2.4094164,1.9069242,10.600567,9.937293,8.257906,-14.860782,8.500708,15.397522,-0.844505,-9.175111,-8.700318,-17.838276,9.794455,15.135198,-5.3965325,-9.039147,-8.471846,-8.546343,-12.758148,-8.186995,4.540852,10.289946,-16.137102,-8.706307,-10.067403,-17.829868,-0.215854,15.148096,-10.798302,-1.7569544,-7.151189,-4.1587105,5.5251837,-1.9957201,6.494413,12.094793,2.3280973,-6.4540086,-3.8727176,11.60277,8.740292,-9.30283,-6.536364,-20.628736,-8.473369,16.83937,-6.7781053
P27797,-14.270418,16.602676,20.8529,-4.5154324,10.43942,-3.0680964,-0.9129953,-15.68349,-8.739748,-15.188991,-13.358336,-12.731674,3.951381,17.028889,11.640213,-23.962719,-6.827507,-3.5088775,2.3621092,13.335345,12.276609,10.204671,-18.271288,10.802846,19.024044,-1.1205028,-11.687474,-10.177732,-22.23716,11.887597,18.52619,-7.123049,-11.243704,-10.216146,-10.593046,-15.128163,-10.430068,5.720817,12.809878,-19.696102,-10.724824,-12.7686615,-22.155544,-0.93971145,18.872694,-13.293995,-2.3349948,-8.48223,-5.3909545,6.513398,-2.514363,7.920439,14.96129,3.0109017,-8.070965,-4.8446608,13.64059,10.432824,-10.827917,-7.973732,-25.583818,-10.533774,20.698915,-7.8943663
Q9K498,-13.350897,15.43844,19.500906,-3.8888497,9.298757,-2.9838629,-0.63783395,-14.693898,-7.841945,-14.467068,-12.458387,-11.84669,3.6538968,15.78421,10.689072,-22.103691,-5.9530993,-2.9933088,2.24842,12.151842,11.407129,9.418426,-16.89481,9.641166,17.483116,-1.0154371,-10.420717,-9.643762,-20.477493,10.95688,16.986105,-6.3542075,-10.321622,-9.674666,-9.707545,-14.469744,-9.206452,5.2132783,11.955748,-18.513594,-9.888345,-11.582406,-20.187466,-0.45097557,17.323393,-12.265619,-1.9037026,-7.954191,-4.895289,6.071198,-2.115247,7.5027447,13.744242,2.4952397,-7.1660852,-4.3912244,12.890987,9.871847,-10.308702,-7.3064585,-23.597097,-9.504868,19.084015,-7.5489016
O95319,-17.113155,20.546732,25.001823,-5.2612886,12.857257,-3.7364216,-1.1696771,-19.042965,-10.725542,-18.603306,-16.281523,-15.798681,4.622287,21.214865,13.974539,-29.27097,-8.854499,-4.551705,2.626575,16.051594,14.994329,12.622746,-22.717466,13.935051,22.953281,-1.2747582,-14.568967,-12.257959,-27.047125,14.615888,22.935074,-9.128345,-14.234174,-11.960378,-13.381289,-18.356213,-11.9846115,7.0963926,15.302141,-24.334835,-12.911749,-15.662503,-27.49149,-1.5079027,23.407005,-16.548433,-2.7225595,-10.2397995,-6.300605,8.2876835,-3.343987,9.502864,18.153952,3.9223893,-9.902667,-5.725559,16.660252,12.312604,-13.332464,-9.653152,-31.037998,-13.64489,25.187641,-9.1368475
O09118,-12.165515,16.606245,17.933146,-3.8835793,10.330643,-2.8874419,-1.1823072,-14.329665,-8.218018,-14.070013,-12.449074,-12.700465,3.3428864,17.029116,9.940593,-22.999485,-7.937348,-3.861739,1.4009086,12.474947,11.721588,10.997447,-17.824118,11.889903,18.60748,-0.821774,-11.819736,-9.43432,-20.228294,11.099066,17.593777,-8.397385,-12.059545,-9.213492,-11.51071,-13.776454,-8.564704,5.726336,11.68035,-18.849411,-9.901007,-12.741126,-21.934538,-1.690176,18.239645,-12.491978,-1.7423588,-7.533639,-4.5701046,6.5182405,-2.784207,7.509136,13.525369,2.8702629,-7.5111094,-4.374546,12.817562,8.294567,-10.732973,-7.7467566,-23.389534,-11.218177,19.873405,-6.8186903
O60381,-19.678268,30.162483,29.500992,-6.975309,18.881813,-4.9353914,-3.1228633,-24.796093,-14.9916,-23.643072,-21.975922,-22.957731,5.1937904,31.167677,16.93409,-40.78694,-16.565178,-8.60391,1.3929874,23.01918,21.395842,20.761871,-31.95723,23.846052,33.37156,-1.2203758,-22.993738,-15.859419,-36.02796,20.164234,31.929115,-17.367722,-23.19627,-14.835287,-21.956005,-23.194553,-14.033049,10.418182,19.598877,-33.425552,-17.473179,-23.938313,-40.485016,-5.232261,33.059338,-22.66209,-3.365892,-12.617773,-8.095653,12.000171,-5.729906,12.877902,23.761967,5.920452,-14.327371,-7.582541,21.856556,12.50289,-18.44949,-13.492038,-40.765587,-22.194283,34.981052,-10.821124
P06312,-21.733864,29.23491,32.03763,-6.612446,17.674788,-5.1796913,-2.0069823,-25.527235,-14.225513,-25.106577,-22.217705,-22.379642,5.6808167,29.94641,17.874353,-40.391724,-13.473754,-6.9460363,2.5115747,22.160946,20.783747,19.071533,-31.352032,20.559694,32.27363,-1.5808512,-20.605217,-16.716276,-35.95001,19.931051,31.196957,-14.364805,-20.969345,-15.971155,-19.896091,-24.79462,-14.710971,9.893122,20.355064,-33.500175,-17.533623,-22.218998,-38.46008,-2.6560764,31.993439,-22.466915,-3.0205808,-13.387711,-8.09815,11.68816,-4.823318,13.171656,23.962494,5.204038,-13.19809,-7.5347347,22.859802,14.888622,-19.028297,-13.294546,-41.376564,-19.857323,34.707863,-12.203517
P0A935,-10.912658,12.350778,15.551402,-3.019057,7.158445,-2.622475,-0.42625836,-12.031837,-6.0260506,-11.548172,-10.032878,-9.38911,2.9723136,12.59932,8.613839,-17.3697,-5.0298877,-2.2973928,1.5249182,9.928765,9.288218,7.8783417,-13.321255,7.7583976,14.122696,-0.94392586,-8.595532,-7.9392715,-16.546095,9.020705,13.826085,-5.073898,-8.272373,-7.7491646,-7.7682304,-11.801769,-7.32939,4.236725,9.319503,-14.902028,-7.907644,-9.278503,-16.18036,-0.28514323,13.588536,-9.91583,-1.698243,-6.5359044,-4.059276,5.048151,-1.7569212,6.0981064,11.03341,1.9788746,-5.96003,-3.6843197,10.438779,7.9697456,-8.427621,-5.962742,-18.749054,-7.4851594,15.333127,-6.365849
P0C8E7,-18.586796,28.650444,28.513073,-7.254469,19.300999,-4.186904,-3.1070585,-22.89371,-15.292294,-22.520767,-20.83472,-22.098835,5.306263,29.810558,16.17639,-39.806995,-15.489907,-8.298706,1.9886289,21.282055,19.792511,18.963219,-31.186802,22.916191,31.555323,-1.0884116,-21.76512,-14.403351,-34.38472,18.558805,30.29332,-16.475483,-21.980968,-14.107231,-20.910507,-21.210806,-14.38954,10.208141,19.456966,-31.630001,-16.542831,-22.831673,-38.95314,-5.453715,32.504692,-21.537502,-3.238934,-11.756135,-7.5802817,11.015293,-5.6525497,11.981135,22.906616,5.9443035,-13.425344,-7.2131186,20.258732,12.1543255,-16.906761,-13.021014,-39.65387,-21.281992,33.660023,-9.262419
O43572,-15.706823,16.16246,22.785456,-4.295516,9.922083,-3.1233523,-0.14087582,-16.17334,-8.479194,-16.417627,-13.505187,-12.487958,4.2967916,16.35672,12.253104,-24.021566,-4.800307,-2.3446105,3.2740688,12.648587,11.834638,8.963696,-18.12355,8.7463,18.428164,-1.209924,-10.0219,-10.751695,-22.180994,11.665033,17.973288,-5.2507296,-9.941118,-11.145674,-9.362984,-16.336319,-10.934954,5.399907,13.614971,-19.907917,-10.851154,-11.643902,-20.910265,0.77968526,18.508085,-13.090562,-2.0102503,-9.030112,-5.2675734,6.3271494,-1.9507005,8.145453,15.227098,2.3924143,-7.236373,-4.790056,14.431568,12.100557,-11.271033,-7.8898296,-26.2338,-9.092171,20.655144,-8.676926
Q9H211,-15.672804,20.203629,23.589891,-5.7034845,13.444868,-3.2669036,-1.7657782,-17.93726,-11.139918,-17.352169,-15.7634325,-15.610359,4.457915,21.036266,13.35159,-29.144592,-9.365968,-5.206184,2.5790563,15.957089,14.704953,12.540479,-22.469406,14.569888,22.849945,-1.0697367,-14.8962345,-11.326775,-26.444992,13.96023,22.361637,-9.931113,-14.465338,-11.401096,-13.6579895,-16.75343,-12.104993,7.0778036,15.09525,-23.362097,-12.640989,-16.065636,-27.534176,-2.6331313,23.465006,-16.0153,-2.7831416,-9.480956,-6.263995,7.7001886,-3.4201813,9.1035185,17.66897,4.2023025,-9.955074,-5.5655947,15.486059,11.171603,-12.310437,-9.464983,-30.37741,-14.008041,24.735977,-8.150981
Q9H0M0,-14.847069,17.185867,20.842934,-3.6238375,9.943094,-3.3767223,-0.41840112,-16.347052,-8.029913,-16.075897,-13.35405,-13.094904,3.662318,17.556026,11.506138,-23.900112,-7.0200005,-2.9844437,1.9001857,12.881389,12.307569,10.805353,-18.769085,10.991363,19.060905,-1.0421739,-11.420036,-11.023493,-21.64713,12.318053,19.012552,-6.973882,-11.680767,-10.221319,-11.13638,-16.092625,-9.142935,5.70584,12.328151,-20.373974,-10.6471,-12.439516,-22.470467,-0.060782313,18.777138,-13.641011,-1.7959621,-8.849541,-4.712801,7.340949,-2.6719155,8.061028,14.672991,2.9482188,-7.763802,-4.588066,14.863762,10.384774,-12.289078,-8.152704,-25.171824,-11.107556,21.002033,-8.383579
O42661,-14.261698,13.433811,19.128063,-2.3913345,6.658691,-3.3345752,0.6747617,-14.634605,-5.717714,-14.455148,-11.210752,-10.12852,3.3177838,13.523987,10.333666,-18.603523,-4.093005,-1.0800581,1.9950947,10.249857,10.043716,7.9083176,-14.712124,6.8854246,14.791149,-1.143208,-8.0736885,-10.064879,-18.159136,10.570772,15.582251,-3.5446079,-8.149237,-9.093941,-7.6084394,-15.102148,-7.539572,4.304097,10.179199,-17.197668,-8.805635,-8.8454075,-16.943382,1.8938146,14.395915,-11.3540535,-1.5392655,-8.244595,-4.014595,6.335445,-1.7028128,6.9082403,12.424131,1.8099723,-6.0840855,-3.9163876,13.282186,10.504153,-10.762245,-6.5378904,-20.914408,-7.4995165,16.862934,-8.300312
Q92448,-13.332948,12.875803,17.643581,-1.918173,6.3385344,-3.0627275,0.76740676,-13.73207,-5.1629224,-13.786541,-10.30278,-9.712423,2.9316504,12.955779,9.4345455,-17.629473,-3.947735,-0.7929435,1.7338177,9.19626,9.238555,7.6639338,-14.152204,6.65233,13.99307,-0.9085227,-7.3329897,-9.700929,-16.354204,9.837305,14.6282215,-3.4031382,-7.933223,-8.540506,-7.5747085,-14.19619,-6.551286,4.0135994,9.409426,-16.165718,-8.180756,-8.217134,-16.12126,2.0814247,13.572409,-10.577374,-1.0439672,-7.7113566,-3.257804,6.1623554,-1.6754402,6.457012,11.329141,1.7150149,-5.4001455,-3.4446235,12.913141,9.534879,-10.733024,-6.264499,-19.295582,-7.4388657,16.018236,-7.7770987
P08621,-15.433037,17.87562,22.33687,-4.5882325,11.043073,-3.3712502,-0.8573425,-16.95188,-9.253152,-16.489899,-14.317455,-13.712405,4.1500516,18.40584,12.464383,-25.53502,-7.445461,-3.7096045,2.406678,14.0985565,13.155038,10.939719,-19.757729,11.766023,20.123095,-1.1821021,-12.549346,-10.99043,-23.804123,12.895776,20.099985,-7.586235,-12.177383,-10.725436,-11.445226,-16.40751,-10.712426,6.150612,13.488686,-21.349493,-11.388611,-13.541981,-23.849379,-0.93983763,20.302887,-14.48302,-2.4371846,-9.1776705,-5.605119,7.26409,-2.8134673,8.422516,16.008667,3.3251257,-8.664976,-5.097676,14.819686,11.189353,-11.823933,-8.501536,-27.309416,-11.583611,22.109434,-8.378695
P61077,-13.740522,15.300056,19.500849,-3.8351846,9.0744295,-3.0990996,-0.5446283,-14.962328,-7.568385,-14.328532,-12.375593,-11.634498,3.6174457,15.604517,10.911669,-21.731144,-6.1621165,-2.856928,1.9893942,12.326746,11.409787,9.589482,-16.668903,9.6020565,17.528545,-1.1416137,-10.616842,-9.891999,-20.475468,11.289969,17.285028,-6.144545,-10.18878,-9.550967,-9.609599,-14.571516,-9.363646,5.1967416,11.54297,-18.348764,-9.917068,-11.500765,-20.241434,-0.26793724,16.976995,-12.38739,-2.136075,-8.142633,-4.9309187,6.315591,-2.2805228,7.4281745,13.783234,2.673474,-7.450527,-4.5145288,13.117128,9.929869,-10.538527,-7.4160204,-23.430317,-9.489703,19.116081,-7.877032
P19087,-14.572533,16.362032,21.531435,-4.990785,10.954255,-2.7888622,-0.93665123,-15.525336,-9.1453285,-15.18084,-13.337741,-12.638936,4.19391,16.758028,11.997733,-24.459715,-6.22341,-3.3728619,2.8960056,13.286654,12.00459,9.632889,-18.354048,10.274844,19.124949,-1.1490523,-11.35899,-10.062556,-22.356163,11.633681,18.331648,-6.661121,-10.761204,-10.559818,-10.217616,-14.868507,-11.530522,5.6978135,13.378682,-19.356684,-10.902148,-12.722725,-22.069494,-0.78627867,19.078545,-13.121689,-2.447639,-8.492172,-5.504724,6.12552,-2.4171479,7.865677,15.224221,3.0791159,-7.971927,-4.934151,13.531686,10.901828,-10.532857,-8.085259,-26.1941,-10.125312,20.941154,-7.868797
P11325,-14.962634,19.501867,22.23616,-4.5679207,12.091121,-3.3788497,-1.2027481,-17.22981,-9.880448,-17.247263,-14.949691,-15.049053,4.052073,20.138197,12.199159,-27.419039,-8.535687,-4.389704,2.2226298,14.504626,13.851929,12.192876,-21.388975,13.477805,21.452133,-0.94151527,-13.42199,-11.231368,-24.34429,13.155087,20.921999,-9.195106,-13.843797,-11.018413,-13.129018,-16.734371,-10.154456,6.6250477,14.1781,-22.670288,-11.7737,-14.722693,-25.69542,-1.6185077,21.897184,-15.086169,-1.9575213,-9.11856,-5.406794,7.6611,-3.0615566,8.876841,16.28785,3.4508562,-8.712418,-5.0062194,15.392537,10.587148,-12.632829,-8.934301,-28.2427,-13.1478615,23.380102,-8.073682
Q9NRI5,-11.701732,12.860232,16.920135,-3.5261703,8.074968,-2.4099786,-0.47297508,-12.51226,-6.750107,-12.2077675,-10.421694,-9.844066,3.2321467,13.102542,9.32043,-18.799902,-4.824437,-2.2815785,2.1195037,10.2906885,9.494837,7.7245855,-14.227409,7.8258476,14.968023,-0.86295116,-8.669558,-8.282663,-17.317062,9.2441435,14.338077,-5.024704,-8.42985,-8.44643,-7.988618,-12.190149,-8.506247,4.3720512,10.310598,-15.379184,-8.498192,-9.719736,-17.01097,-0.15563488,14.616427,-10.222057,-1.7609276,-6.862242,-4.1832914,5.018491,-1.7878628,6.3165,11.789373,2.136062,-6.12906,-3.8354678,11.01068,8.671645,-8.711668,-6.3408084,-20.20065,-7.751086,16.328587,-6.5790925
P18708,-12.317811,14.43945,18.41311,-4.429597,9.671326,-2.4780564,-1.0666275,-13.538724,-8.264101,-13.017143,-11.693878,-11.11247,3.6121495,14.937235,10.313365,-21.262266,-6.203698,-3.369306,2.356189,11.870821,10.824088,8.639296,-16.121555,9.788388,16.776361,-0.8708137,-10.564313,-8.53335,-19.92353,10.288126,16.24216,-6.535118,-9.949117,-8.950613,-9.281771,-12.81418,-9.7465,5.0890207,11.565924,-17.137283,-9.491159,-11.487511,-19.606945,-1.4519784,17.019047,-11.593803,-2.330028,-7.3237047,-4.9694605,5.4297924,-2.2531772,6.852327,13.408777,2.7531693,-7.3848085,-4.357456,11.461904,9.1735935,-8.817479,-6.975671,-22.823257,-9.338144,18.148829,-6.501072
O81862,-9.648486,14.136368,15.073644,-3.7152565,8.996768,-2.4135678,-1.3838037,-11.834245,-7.383698,-11.633045,-10.854997,-10.911542,3.011301,14.581998,8.284167,-19.886297,-6.6948695,-3.7785866,1.4177818,10.979381,10.257807,9.378362,-15.086431,10.208896,16.019262,-0.7191655,-10.276916,-7.5620465,-17.708395,9.113851,14.673688,-7.6160793,-10.340209,-7.9823985,-9.792413,-11.29541,-7.5573,4.9473424,10.415605,-16.059443,-8.467353,-11.29563,-18.625216,-2.101773,15.756328,-10.494006,-1.5594773,-6.1028695,-4.3543224,4.9981494,-2.0845354,6.563431,11.572044,2.3212092,-6.42135,-3.806111,10.165222,6.919317,-8.371175,-6.4614544,-20.173956,-9.327758,16.848234,-5.5367165
B7GTK2,-8.669169,5.6651006,11.840294,-2.280806,2.9835405,-1.8451774,0.46373302,-7.9977226,-3.1129093,-7.169811,-6.121755,-4.1846976,2.53429,5.475792,6.5663815,-9.166431,-0.49964917,-0.010316044,1.9864928,6.2187057,5.304689,2.9473314,-6.2114925,1.2876196,7.761014,-1.0827746,-3.6508498,-5.3191824,-10.716675,5.4397297,7.5259075,-0.17927781,-2.3045163,-5.8134675,-1.9609454,-8.129435,-6.567912,1.9634871,6.178486,-8.168149,-5.043853,-4.229129,-7.317237,1.6171223,6.5083723,-5.4135017,-1.7841148,-4.758264,-3.4204369,2.2776055,-0.17177907,3.873931,7.289855,0.5183823,-3.5509663,-2.7919526,6.3516345,7.306612,-4.4079776,-3.3816729,-11.8777485,-1.4020782,8.573888,-5.5096645
P01139,-16.540398,21.048449,23.409071,-4.047742,11.854721,-4.1415076,-0.8828202,-19.166601,-9.506575,-18.742924,-15.960609,-15.993797,4.005812,21.566393,13.000724,-28.393229,-9.606515,-4.3100047,1.5332133,15.614375,15.034203,13.861904,-22.525734,14.466147,22.915833,-1.1539485,-14.496834,-12.805859,-25.677675,14.795484,22.85147,-9.687307,-14.986098,-11.547535,-14.213626,-18.826849,-9.709388,7.0016274,14.136149,-24.572922,-12.497478,-15.419739,-27.421247,-1.0211898,22.574644,-16.433304,-2.0138452,-10.150502,-5.526851,9.034597,-3.4638784,9.595019,17.13387,3.6141155,-9.4540205,-5.3487067,17.356436,11.166762,-14.628463,-9.613664,-29.365545,-14.231271,24.899483,-9.456293
Q13387,-13.931447,18.81684,21.049698,-5.321346,12.647715,-3.026932,-1.828989,-16.259983,-10.34866,-15.636297,-14.499431,-14.526944,4.0829854,19.606022,11.989192,-26.90166,-9.289447,-5.1049247,2.0322666,14.824391,13.601636,12.067999,-20.758131,14.080833,21.306263,-1.0245216,-14.255353,-10.213899,-24.312225,12.825758,20.694721,-9.790308,-13.750664,-10.275003,-13.01977,-15.034823,-11.0557785,6.731504,13.736957,-21.476221,-11.5515,-15.1388645,-25.766636,-2.9414659,21.71774,-14.754227,-2.6412406,-8.536318,-5.802386,7.141809,-3.3662255,8.365282,16.163877,3.97023,-9.324043,-5.2166204,13.969358,9.762206,-11.241474,-8.8496475,-27.791065,-13.222325,22.917389,-7.2256484
P11124,-13.030009,22.718956,20.659676,-5.2892127,14.438818,-3.5567465,-2.748228,-17.475748,-11.416546,-17.109728,-16.362694,-17.470587,3.8708868,23.562048,11.597068,-30.712069,-12.582621,-6.967417,0.95531887,16.908688,15.921053,15.899683,-23.880821,18.31583,24.96481,-0.80474025,-17.231163,-11.068151,-26.40995,14.174641,23.05666,-13.967942,-17.801899,-10.955589,-16.919647,-16.348743,-9.860765,7.950197,14.898176,-24.800251,-12.681139,-18.286575,-30.170113,-4.7532053,24.845383,-16.423958,-2.0997505,-8.666871,-6.027906,8.364134,-4.0469255,9.712913,17.117567,4.1447887,-10.176352,-5.4876547,15.305666,8.341375,-13.148286,-9.941613,-29.907892,-16.613287,25.91843,-7.267104
O60678,-14.244533,15.518855,20.686066,-4.27575,9.777357,-2.9240665,-0.5667025,-15.139569,-8.295935,-14.882669,-12.740328,-11.949388,3.9363396,15.909044,11.416323,-22.753065,-5.7432914,-2.8862638,2.6475165,12.391087,11.4871235,9.082416,-17.356455,9.519628,17.745653,-1.1055508,-10.539645,-9.858732,-21.253534,11.262433,17.53588,-5.958363,-10.133545,-9.990999,-9.526617,-14.782199,-10.232345,5.33245,12.457477,-18.79371,-10.227409,-11.681044,-20.63368,-0.30827904,17.885555,-12.650985,-2.208345,-8.321172,-5.1144056,6.140558,-2.226172,7.5486174,14.417669,2.7456918,-7.4800262,-4.6098466,13.225729,10.672884,-10.356495,-7.550048,-24.655804,-9.509558,19.639446,-7.733743
O18334,-15.619525,15.900354,21.30591,-2.821225,8.312151,-3.5554745,0.56065977,-16.2701,-6.7613006,-16.35866,-12.821498,-12.088507,3.575148,16.04972,11.429212,-21.97998,-5.2251754,-1.6856893,2.1391702,11.807621,11.367916,9.584446,-17.424774,8.691768,17.384846,-1.2464843,-9.636035,-11.176097,-20.506046,11.997001,17.866205,-4.8962064,-9.962538,-10.230814,-9.379084,-16.710535,-8.477781,5.1333513,11.644598,-19.705158,-10.126245,-10.5429945,-20.098219,1.6947744,17.02397,-13.0840225,-1.5578753,-9.098099,-4.3204274,7.2960234,-2.1651273,7.7130203,14.034007,2.307507,-6.850212,-4.2368245,15.157186,11.18498,-12.429442,-7.595041,-23.984343,-9.379599,19.610016,-8.949708
O94906,-12.836734,14.994711,18.569197,-4.0308747,9.403201,-2.7759776,-0.8280522,-14.16616,-7.7773952,-13.566349,-11.920329,-11.432242,3.5070505,15.338939,10.417113,-21.49515,-6.406631,-3.1165056,1.9667119,12.068864,11.066299,9.422054,-16.39211,9.874148,17.338295,-0.9782591,-10.647247,-9.274887,-19.858269,10.766622,16.715675,-6.5549593,-10.25061,-9.21131,-9.695655,-13.589246,-9.375155,5.1564455,11.395229,-17.633535,-9.674432,-11.5652895,-20.0431,-0.8445995,16.889284,-11.886153,-2.1221166,-7.654507,-4.7964945,5.9462595,-2.339386,7.134315,13.399557,2.7067187,-7.348279,-4.397244,12.37424,9.21902,-9.904072,-7.277152,-22.857073,-9.563158,18.713474,-7.209969
P01709,-21.733864,29.23491,32.03763,-6.612446,17.674788,-5.1796913,-2.0069823,-25.527235,-14.225513,-25.106577,-22.217705,-22.379642,5.6808167,29.94641,17.874353,-40.391724,-13.473754,-6.9460363,2.5115747,22.160946,20.783747,19.071533,-31.352032,20.559694,32.27363,-1.5808512,-20.605217,-16.716276,-35.95001,19.931051,31.196957,-14.364805,-20.969345,-15.971155,-19.896091,-24.79462,-14.710971,9.893122,20.355064,-33.500175,-17.533623,-22.218998,-38.46008,-2.6560764,31.993439,-22.466915,-3.0205808,-13.387711,-8.09815,11.68816,-4.823318,13.171656,23.962494,5.204038,-13.19809,-7.5347347,22.859802,14.888622,-19.028297,-13.294546,-41.376564,-19.857323,34.707863,-12.203517
O94806,-17.187298,22.870903,25.44621,-5.628305,14.522216,-3.852955,-1.7135862,-19.944338,-11.695965,-19.560564,-17.402555,-17.592407,4.660257,23.610245,14.276108,-32.133068,-10.693662,-5.5520706,2.2549896,17.375374,16.227129,14.689063,-24.977427,16.393362,25.44781,-1.1994518,-16.399977,-12.9299,-28.524988,15.560092,24.750183,-11.282745,-16.461878,-12.544304,-15.669017,-18.998045,-12.294894,7.8981285,16.267462,-26.165827,-13.830697,-17.649652,-30.60996,-2.4499066,25.646238,-17.731197,-2.603604,-10.503258,-6.44618,9.019978,-3.9209244,10.21051,19.085789,4.4222336,-10.615495,-6.0066433,17.733255,11.857896,-14.601902,-10.605962,-32.97382,-15.794911,27.529266,-9.25528
P19338,-14.104006,16.69397,20.58575,-4.3774505,10.417432,-3.0956936,-0.9234396,-15.643105,-8.724108,-15.185166,-13.3131275,-12.797872,3.870657,17.17554,11.476235,-23.85806,-7.1018558,-3.5863461,2.2194731,13.231143,12.299398,10.312469,-18.362879,11.122475,18.917912,-1.061066,-11.820381,-10.116127,-22.15899,11.910418,18.603043,-7.3423758,-11.477586,-10.023143,-10.785192,-15.097961,-10.042048,5.761174,12.641467,-19.807285,-10.62191,-12.784198,-22.263746,-1.1025172,18.95891,-13.359416,-2.2851524,-8.435774,-5.2813754,6.64883,-2.6100109,7.872769,14.877138,3.0390754,-8.0984745,-4.7807393,13.613608,10.226935,-10.858866,-7.9349513,-25.399435,-10.803865,20.610674,-7.707099
P18433,-17.010532,21.095612,25.529531,-6.6240306,14.653466,-3.24953,-1.9737953,-18.975103,-12.051166,-18.061258,-16.665047,-16.283037,4.9279513,21.857012,14.658145,-31.16951,-9.597312,-5.456531,3.01832,17.275557,15.413676,13.01461,-23.59023,14.950595,24.587805,-1.2892016,-15.783454,-12.002995,-28.229858,14.80026,23.658281,-10.127754,-14.800667,-12.372074,-14.069183,-17.447042,-14.244832,7.4733567,16.293028,-24.182333,-13.684934,-17.124628,-29.18464,-2.6762326,24.755735,-16.815039,-3.3207607,-10.117045,-6.9315534,7.845861,-3.635355,9.577769,19.039286,4.6368146,-10.758439,-6.155439,16.32102,12.194791,-12.785748,-10.234163,-32.70213,-14.38148,26.518988,-8.905027
P0AC13,-17.906324,22.860939,26.056662,-4.7855606,13.20474,-4.334759,-1.081891,-20.647493,-10.768024,-20.529541,-17.601555,-17.490469,4.5691924,23.373642,14.28729,-31.47421,-9.773034,-4.7905393,2.2316866,17.097368,16.365835,14.625359,-24.56301,15.254668,25.025984,-1.2535101,-15.437518,-13.6902895,-28.297338,15.763489,24.45841,-10.400524,-16.016197,-12.991502,-15.151207,-20.451109,-11.199164,7.5856643,16.15592,-26.761087,-13.783597,-16.868992,-29.59639,-1.1374702,24.849411,-17.70611,-2.1449358,-10.940402,-6.2793336,9.324673,-3.454488,10.585703,18.883291,3.7126324,-10.042836,-5.8536415,18.59548,12.532813,-15.45399,-10.369645,-32.59564,-15.014943,27.170792,-10.210931
A8MT69,-9.793802,9.486772,13.786038,-2.7280595,5.6567464,-2.0802522,-0.08317892,-10.096802,-4.8821855,-9.589351,-8.13653,-7.2013526,2.7054868,9.596974,7.6269903,-14.041978,-3.0769882,-1.2917193,1.8134435,8.067771,7.3647995,5.6463203,-10.477885,5.086737,11.393977,-0.8617106,-6.3187013,-6.7503943,-13.64765,7.293453,11.029549,-3.008159,-5.7838864,-6.867521,-5.4444814,-9.900963,-7.006429,3.2210066,7.9905972,-11.793869,-6.6373334,-7.110724,-12.501909,0.5135559,10.7099,-7.8557024,-1.5752399,-5.6465096,-3.5214672,3.797584,-1.121421,5.0113745,9.270171,1.4752274,-4.7833853,-3.1479185,8.70576,7.46654,-6.7616568,-4.888002,-15.699836,-5.123252,12.485286,-5.7707334
A6NED2,-17.225124,16.993206,24.329628,-4.1425085,9.978565,-3.4176617,0.2525848,-17.443325,-8.31438,-17.693054,-14.110992,-13.02767,4.431182,16.969883,13.07066,-25.081163,-4.5842237,-1.8480822,3.345928,13.144684,12.278087,9.531311,-18.891273,8.495069,19.487,-1.3448385,-9.981601,-11.974054,-22.826223,12.471903,18.870344,-4.849654,-10.1042385,-12.043678,-9.651819,-17.82764,-11.415511,5.501876,14.140623,-20.88857,-11.504275,-11.815323,-21.693039,1.851281,18.898254,-13.683222,-1.8931556,-9.812847,-5.2588263,6.9230294,-1.9773797,8.667947,15.871044,2.3435092,-7.318905,-4.9980917,15.99699,13.037473,-12.725275,-8.44092,-27.386871,-9.206057,21.888786,-9.879826
P0DOB5,-26.978806,39.4088,41.498344,-9.98261,26.135565,-5.906114,-4.00242,-32.594658,-21.319069,-32.26653,-29.466967,-30.594185,7.475042,41.341595,23.471834,-55.334545,-19.98346,-11.326952,3.6864352,29.43474,27.745478,24.9014,-43.65925,30.688972,42.691967,-1.533445,-29.37597,-20.25468,-48.843822,26.125092,42.528896,-21.431911,-29.670168,-19.665401,-27.993042,-30.405466,-19.862425,13.800434,27.389494,-44.67983,-23.13068,-31.121605,-53.584957,-6.920727,45.50836,-30.70919,-4.469735,-16.801815,-10.746059,15.282347,-7.3467445,16.647995,32.389973,8.503389,-18.61177,-9.720416,28.57611,18.35879,-23.310339,-17.521202,-56.036213,-29.36852,46.317898,-13.139542
P40429,-11.654528,11.843145,16.718801,-3.3412364,7.1813765,-2.4619954,-0.21355738,-12.134887,-6.1889167,-11.802526,-10.042931,-9.059351,3.257855,11.997579,9.170332,-17.497257,-3.8870656,-1.8312782,2.2288578,9.8068,9.007794,6.9419184,-13.094739,6.5634456,13.911258,-1.0078777,-7.8329864,-8.027327,-16.728907,8.828879,13.47516,-4.021917,-7.349065,-8.270889,-6.8945503,-12.010787,-8.374011,4.0342965,9.904489,-14.612556,-8.095416,-8.839358,-15.522751,0.3594645,13.448314,-9.696411,-1.8074588,-6.7516813,-4.232842,4.6518073,-1.4481335,6.10621,11.351073,1.823732,-5.749182,-3.7689793,10.519946,8.926549,-8.182039,-5.925959,-19.339415,-6.57433,15.312085,-6.695167
P00734,-14.757629,17.434572,21.404297,-4.4489465,10.751945,-3.2728631,-0.8995197,-16.355844,-8.937415,-15.885728,-13.872333,-13.357964,3.9907892,17.912088,11.945549,-24.817423,-7.3696685,-3.6710608,2.2231114,13.742836,12.789849,10.844394,-19.13701,11.538871,19.700426,-1.1434232,-12.2616625,-10.647581,-22.972557,12.461867,19.427633,-7.5779743,-11.945104,-10.422416,-11.262935,-15.817639,-10.333334,5.994704,13.062786,-20.659548,-11.04694,-13.26069,-23.206665,-0.99380493,19.647335,-13.962307,-2.3163974,-8.8193445,-5.429273,7.0178494,-2.7327797,8.211804,15.427387,3.1837666,-8.376014,-4.953278,14.32853,10.633107,-11.512085,-8.291692,-26.372923,-11.274924,21.50773,-8.133048
O75368,-14.496347,15.886526,21.108215,-4.5167894,10.093832,-2.9937935,-0.7024832,-15.477294,-8.601157,-15.060632,-13.096947,-12.221642,4.049318,16.311546,11.740062,-23.308283,-6.0798573,-3.1388395,2.6601942,12.8996105,11.861123,9.376531,-17.738043,9.931676,18.253937,-1.1708462,-11.057733,-9.990305,-21.977917,11.605485,18.06224,-6.2742066,-10.444745,-10.145817,-9.78747,-15.002153,-10.639796,5.510549,12.727048,-19.215471,-10.510669,-12.128824,-21.265692,-0.57251745,18.373617,-13.02137,-2.4183784,-8.487505,-5.3873153,6.2621665,-2.3389697,7.7107587,14.856805,2.9077296,-7.8561296,-4.799296,13.376442,10.857497,-10.417686,-7.735876,-25.326113,-9.814578,20.123484,-7.8565903
O95390,-19.801468,21.030409,28.614634,-5.0808525,12.343497,-4.301063,-0.2514192,-20.870895,-10.751487,-21.093151,-17.511602,-16.213198,5.2689366,21.451939,15.466724,-30.319614,-7.056929,-3.4841433,3.6286995,16.32372,15.546144,11.908132,-23.396097,12.225199,23.172125,-1.5722693,-13.584721,-13.596358,-28.833195,15.403669,23.613894,-7.394422,-13.418723,-13.52135,-12.412231,-21.174276,-12.784865,7.090476,16.787733,-26.17721,-13.672924,-15.053069,-27.196218,0.38018844,23.935526,-17.384249,-2.6683269,-11.5594635,-6.746477,8.684756,-2.8272023,10.352853,19.525423,3.2523787,-9.65399,-6.0685434,18.38681,15.08575,-14.424634,-9.87459,-33.298138,-12.486034,26.117249,-10.702606
O94649,-8.063943,5.268538,10.959484,-2.0613828,2.712102,-1.755279,0.4522792,-7.478661,-2.8629384,-6.6827817,-5.680789,-3.8869598,2.3487716,5.131547,6.0735216,-8.434041,-0.54400253,0.004136391,1.8048989,5.7417383,4.962779,2.7654183,-5.791827,1.271581,7.160458,-0.98965806,-3.4308128,-4.9634986,-9.971874,5.0837727,7.05481,-0.18742852,-2.1948152,-5.357423,-1.858776,-7.583492,-5.9631066,1.8327597,5.6744423,-7.6527224,-4.6465383,-3.915008,-6.813264,1.4753319,6.057398,-5.069532,-1.6580948,-4.4436274,-3.161345,2.1707795,-0.1717976,3.5999608,6.7560606,0.49053693,-3.3348963,-2.5834522,5.915111,6.7801147,-4.117501,-3.1343167,-10.972548,-1.3623917,7.931721,-5.105164
P99999,-15.341607,16.782787,22.140232,-4.237811,10.375873,-3.1199572,-0.39660248,-16.247396,-8.656118,-16.305618,-13.542926,-12.937291,4.091859,17.139635,12.063193,-24.44287,-5.9334216,-2.8139477,2.8176777,12.861531,12.11674,9.741559,-18.779524,10.053183,18.912458,-1.0917319,-10.866716,-10.779032,-22.251074,11.977811,18.659708,-6.2161894,-10.900271,-10.771238,-10.333726,-16.086697,-10.478278,5.643785,13.308429,-20.24137,-10.881775,-12.257187,-22.021608,0.1256391,19.113176,-13.486222,-1.9928778,-8.942031,-5.083173,6.7395577,-2.359708,8.099151,15.212763,2.8149266,-7.6200747,-4.737114,14.576292,11.387009,-11.603297,-8.100387,-26.203539,-10.27662,21.078968,-8.344783
P05112,-24.203728,35.31025,36.386242,-8.572027,22.653605,-5.64475,-3.5090678,-29.542946,-18.223412,-28.518284,-26.249447,-27.152151,6.45215,36.82948,20.873344,-48.759155,-18.475014,-10.00505,2.5007386,26.816519,25.059128,23.279665,-38.43259,27.520485,38.66686,-1.5500085,-26.654943,-18.67021,-43.323883,23.848385,38.233467,-19.352055,-26.672544,-17.523966,-25.250465,-27.473503,-17.365944,12.28273,23.674026,-39.75562,-20.713453,-27.92157,-47.925583,-5.883219,39.7609,-27.4093,-4.1018596,-15.17644,-9.64548,14.052763,-6.673247,15.020445,28.640408,7.5570445,-16.914513,-8.849692,25.961882,15.9523945,-21.520037,-15.844522,-49.30293,-26.20115,41.461834,-12.563998
P61457,-14.841399,17.63027,21.230402,-4.5001893,10.941035,-3.22668,-1.004924,-16.554066,-8.965854,-15.720778,-13.753361,-13.378153,3.8553734,18.065098,12.0300045,-24.899805,-7.989106,-3.7631786,1.9879084,14.0582285,12.927652,11.228664,-19.222992,12.032952,20.191666,-1.0458224,-12.6879425,-10.849472,-22.937712,12.761792,19.729305,-7.959668,-12.314573,-10.391665,-11.640331,-15.794867,-10.462361,6.011269,12.861246,-20.58118,-11.2250185,-13.552996,-23.666515,-1.1506691,19.737524,-13.992702,-2.4483788,-8.897398,-5.3676305,7.244487,-2.9670928,8.174049,15.508155,3.3372023,-8.726547,-5.0212717,14.571351,10.340387,-11.763529,-8.46453,-26.33236,-11.718504,21.752277,-8.25985
Q8NEU8,-13.170817,14.736714,19.305313,-4.418182,9.663453,-2.6264641,-0.86480206,-14.195025,-8.197485,-13.613423,-12.008174,-11.297135,3.7222834,15.141658,10.825076,-21.722197,-5.9971013,-3.107001,2.4511116,12.152949,11.036603,8.798088,-16.429995,9.539252,17.224968,-0.9770622,-10.527505,-9.121722,-20.348957,10.708812,16.706297,-6.1948524,-9.889317,-9.392085,-9.276149,-13.541042,-10.1376,5.1214137,11.831279,-17.571218,-9.824261,-11.529092,-19.920605,-0.9051097,17.167564,-11.91243,-2.3576806,-7.744047,-5.044305,5.683821,-2.2456381,7.0894523,13.790119,2.767824,-7.4818034,-4.4946685,12.189445,9.765558,-9.437203,-7.227593,-23.458948,-9.287924,18.715986,-7.1311574
P47897,-16.47372,21.791016,24.552315,-4.8798246,13.1462345,-3.916721,-1.3379375,-19.213682,-10.859001,-19.26119,-16.760302,-16.797447,4.429356,22.4992,13.429907,-30.275791,-9.634438,-5.018484,2.3014507,16.207504,15.585803,13.711099,-23.707502,15.142473,23.693377,-1.0725108,-15.051722,-12.445367,-27.218613,14.736605,23.295801,-10.417884,-15.557243,-12.100579,-14.64579,-18.83667,-10.770415,7.3826814,15.613575,-25.49055,-13.020504,-16.371475,-28.5008,-1.9116096,24.292229,-16.905384,-2.1445763,-10.127436,-6.0699387,8.646625,-3.390046,9.933402,18.079641,3.7275624,-9.705895,-5.5419908,17.063438,11.676976,-14.028957,-9.788658,-31.259666,-14.695841,25.796883,-8.946249
Q8N3Y7,-14.330338,17.283052,21.15774,-4.7101674,10.964594,-3.136323,-1.1084509,-15.986125,-9.180317,-15.513987,-13.813106,-13.277369,4.0412774,17.777277,11.815486,-24.837078,-7.400117,-3.9038632,2.3235586,13.818255,12.741267,10.716148,-18.976662,11.6011915,19.688206,-1.1251396,-12.359642,-10.273803,-23.006935,12.213388,19.153671,-7.796642,-11.911845,-10.364998,-11.198827,-15.369599,-10.60312,6.0117245,13.196923,-20.39052,-11.012947,-13.40394,-23.105824,-1.3877246,19.689903,-13.760298,-2.4178073,-8.591514,-5.5839095,6.7134852,-2.690705,8.147618,15.407159,3.1656928,-8.401881,-4.991612,13.827497,10.44788,-10.995922,-8.212986,-26.3643,-11.157966,21.360174,-7.837361
P18627,-5.741153,3.4755158,8.081727,-1.8965182,2.3709753,-0.95172435,0.26504838,-5.035,-2.2963042,-4.559257,-3.8501413,-2.618619,1.8761411,3.3233056,4.4000006,-6.39855,0.1935438,0.22921276,1.7664278,3.9641469,3.2376485,1.5886842,-4.0397077,0.31033942,5.392697,-0.63655376,-1.9737632,-3.468482,-6.8180285,3.1400094,4.524877,0.19693527,-1.1320046,-4.313027,-1.0745703,-4.951021,-5.1960163,1.210253,4.596914,-4.8830686,-3.4291496,-2.7864707,-4.596382,1.2387238,4.2945433,-3.0996954,-1.135711,-3.052287,-2.2849145,0.9893921,0.12305123,2.5815535,4.7794003,0.24992016,-2.1191905,-1.8763642,4.037556,5.0187035,-2.6921554,-2.3763633,-8.04492,-0.42408344,5.85254,-3.704488
P55055,-13.937126,15.901111,20.443668,-4.4466596,10.193313,-2.8820949,-0.82674456,-15.111479,-8.587709,-14.7690325,-12.88293,-12.253066,3.908036,16.367395,11.35683,-23.224686,-6.315992,-3.2880454,2.5209565,12.698101,11.733736,9.499972,-17.733322,10.233198,18.184721,-1.060498,-11.085751,-9.7632065,-21.530718,11.369657,17.84821,-6.6145716,-10.665099,-9.918229,-10.043828,-14.570958,-10.275057,5.5051045,12.546791,-18.995945,-10.3418255,-12.195604,-21.293377,-0.8351075,18.35636,-12.836368,-2.2605548,-8.219773,-5.1917186,6.1925907,-2.3820503,7.5971527,14.534617,2.9361424,-7.725435,-4.6536818,13.135092,10.329145,-10.325201,-7.674993,-24.89592,-10.0623865,19.964664,-7.5206885
O00472,-15.4920845,18.405052,22.528654,-5.0354156,11.493885,-3.4321504,-1.1889882,-17.273228,-9.522737,-16.384394,-14.739626,-14.040021,4.2464905,18.832588,12.782928,-26.343243,-7.984774,-4.1366777,2.2689633,15.087639,13.68891,11.724613,-20.001196,12.2525835,21.27507,-1.3206785,-13.328127,-11.218217,-24.538647,13.295786,20.58699,-8.23532,-12.607534,-11.091121,-11.9066925,-16.487104,-11.521961,6.357008,13.8285055,-21.577667,-11.878348,-14.375959,-24.703419,-1.2990333,20.646933,-14.71302,-2.7138834,-9.269809,-6.058815,7.258162,-2.9022121,8.723028,16.434616,3.472389,-9.148049,-5.4263906,14.957494,11.103366,-11.964537,-8.855075,-28.023825,-11.826789,22.897282,-8.790906
P9WQN9,-16.459866,21.387672,23.762943,-4.558051,12.145008,-4.333706,-1.2685883,-19.404415,-10.061143,-18.657976,-16.616018,-16.255434,4.261508,21.983253,13.32798,-28.881824,-10.175484,-5.001229,1.5227306,16.602396,15.745646,14.242706,-22.691648,15.105743,23.444271,-1.3510362,-15.508582,-12.576423,-27.123903,15.181574,23.400936,-10.391213,-15.376977,-11.618355,-14.370683,-18.944847,-10.295329,7.3113575,14.5401945,-25.162458,-12.80836,-16.178238,-28.047796,-1.8986586,23.158993,-16.916616,-2.5437286,-10.2191105,-6.316263,8.967066,-3.5279632,9.859579,17.816462,3.7169373,-10.144005,-5.7518334,16.923223,11.363797,-14.037293,-9.67524,-30.2743,-14.379471,25.232721,-9.418181
P0AFM6,-16.682972,20.829876,24.484325,-5.5669746,13.495438,-3.508449,-1.5354252,-18.861609,-11.076735,-18.139025,-16.134815,-15.95622,4.5003037,21.51948,13.874962,-29.70159,-9.66926,-4.963726,2.4490135,16.405697,15.101352,13.070562,-22.970472,14.781862,23.612339,-1.120292,-15.196465,-12.125223,-26.98909,14.673755,23.128485,-9.934492,-14.817868,-11.854793,-14.004377,-17.801702,-12.306685,7.2061357,15.277089,-24.102106,-13.079285,-16.266262,-28.216085,-2.139725,23.796705,-16.481937,-2.843779,-10.049666,-6.272509,8.282571,-3.6130779,9.411753,18.186075,4.1870003,-10.251822,-5.772731,16.519712,11.67207,-13.259166,-9.849878,-31.078442,-14.308301,25.524996,-8.87158
Q93VT9,-14.128653,15.4516735,20.997791,-4.781211,10.233281,-2.7498708,-0.7970092,-14.936029,-8.763995,-14.690761,-12.879492,-11.963045,4.1376944,15.839267,11.598897,-23.218151,-5.56293,-3.11589,2.987984,12.679894,11.527516,8.859394,-17.381207,9.425187,18.003006,-1.1415182,-10.642843,-9.5821495,-21.671404,11.085258,17.3999,-6.0448074,-9.995965,-10.218404,-9.380571,-14.470598,-11.071593,5.392131,12.972151,-18.644617,-10.41115,-11.960541,-20.70737,-0.6271442,18.172417,-12.552035,-2.4023025,-8.215381,-5.442218,5.742397,-2.1327538,7.5901427,14.696988,2.7658367,-7.576565,-4.759952,12.839419,10.842823,-9.835421,-7.5878205,-25.208263,-9.280307,19.811058,-7.5991793
P19793,-13.250827,15.684266,19.467047,-4.449818,10.095612,-2.8189511,-1.0286494,-14.662938,-8.420626,-14.06856,-12.571524,-12.029028,3.7446337,16.128923,10.947609,-22.72356,-6.711151,-3.5042067,2.1916249,12.724427,11.619194,9.740718,-17.276922,10.473641,18.12713,-1.0438106,-11.296009,-9.45651,-21.051027,11.183654,17.5325,-6.994413,-10.749974,-9.572206,-10.145466,-13.956364,-10.058441,5.4647536,12.098733,-18.453018,-10.143192,-12.279932,-21.126022,-1.2153157,17.93704,-12.518627,-2.3155637,-7.8999844,-5.1681447,6.0613084,-2.4492106,7.4310994,14.141999,2.9627972,-7.7751293,-4.626437,12.658302,9.642773,-10.023537,-7.5823655,-24.175798,-10.090861,19.61138,-7.294073
G5EEG7,-17.065605,24.015945,25.881811,-7.151047,16.889051,-3.3940706,-2.8969557,-20.347523,-13.802395,-18.958517,-17.931198,-18.376183,4.8222494,25.132486,15.148682,-34.2184,-13.345313,-7.2164474,2.295275,19.278975,17.376593,15.514422,-26.549082,19.44216,27.483627,-0.8921297,-19.21018,-12.51091,-30.836836,16.548542,26.631586,-13.672653,-18.37932,-12.393144,-17.287157,-18.19446,-14.245003,8.583308,17.010315,-26.797235,-14.822675,-19.923582,-33.6266,-5.0081577,28.209488,-18.69707,-3.772023,-10.565655,-7.2461295,9.249061,-4.895296,10.152463,20.684855,5.5568185,-12.697278,-6.611721,17.333021,11.357181,-13.7618065,-11.2352295,-35.105236,-18.109688,29.026274,-8.377847
Q60591,-13.833678,15.829823,20.142357,-4.35285,9.997345,-2.971713,-0.8337271,-15.094161,-8.430617,-14.59605,-12.831562,-12.156049,3.8524256,16.300753,11.263352,-22.887276,-6.5383463,-3.3370948,2.3016877,12.740267,11.7606945,9.645503,-17.542145,10.354974,18.076376,-1.1097549,-11.25083,-9.726076,-21.484684,11.449671,17.889965,-6.7008047,-10.702291,-9.719851,-10.049224,-14.521912,-10.0614,5.5167074,12.253453,-18.937048,-10.243821,-12.169943,-21.240599,-0.9333494,18.148401,-12.859312,-2.3427804,-8.198232,-5.2178936,6.287707,-2.4534123,7.5499015,14.441424,2.9632657,-7.8332644,-4.6810822,13.040648,10.168043,-10.290163,-7.635787,-24.614988,-10.088664,19.80386,-7.5143127
Q12018,-6.5591636,4.144665,9.039201,-1.8788152,2.4275806,-1.2771791,0.34899172,-5.940929,-2.4520833,-5.341097,-4.503247,-3.0862386,2.013501,4.017946,4.961361,-7.0495934,-0.158041,0.13971089,1.7116512,4.5735707,3.880429,2.058952,-4.6838984,0.74331886,5.969484,-0.7556853,-2.5397072,-4.017054,-7.93758,3.879713,5.4880424,0.017738247,-1.5790993,-4.613685,-1.4041357,-5.9333453,-5.300073,1.4410442,4.890261,-5.9384847,-3.8271692,-3.175372,-5.414659,1.3025252,4.922622,-3.855773,-1.3104795,-3.5601103,-2.56612,1.4883586,-0.012511283,2.9370594,5.4598446,0.34851202,-2.5752547,-2.1094048,4.735117,5.604351,-3.2466943,-2.6297867,-9.015899,-0.84518725,6.556538,-4.1837997
Q9H0A6,-16.805637,18.04419,23.433685,-3.7225766,10.143936,-3.707439,-0.036135554,-17.941187,-8.411341,-17.82817,-14.393462,-13.759952,4.051885,18.382608,12.7995205,-25.337975,-6.5196824,-2.6338358,2.4851737,13.549925,13.067118,10.790345,-19.91595,10.710479,19.887323,-1.1621417,-11.461348,-12.126887,-23.371555,13.280981,20.249348,-6.388583,-11.77552,-11.264682,-11.138158,-17.981989,-9.93194,5.872223,13.418588,-21.98539,-11.468708,-12.674063,-23.347305,0.7760376,19.860271,-14.662798,-1.8962064,-9.85528,-5.0658092,7.8699226,-2.5866249,8.685438,15.946684,2.931538,-8.096632,-4.8800693,16.335695,12.093056,-13.291277,-8.559664,-27.258724,-11.222313,22.25824,-9.427139
P41250,-14.7060795,19.047031,21.818914,-4.8263597,12.043005,-3.2747664,-1.3832572,-16.948719,-9.881417,-16.530592,-14.66919,-14.608867,4.029195,19.630922,12.178068,-26.888426,-8.740435,-4.5147367,2.1204615,14.73866,13.74917,12.091896,-20.773682,13.418488,21.412119,-0.9711369,-13.631979,-10.953824,-24.22957,13.089896,20.66177,-9.254911,-13.612605,-10.8255205,-12.863694,-16.219997,-10.588952,6.5380225,13.899351,-22.010984,-11.736426,-14.748396,-25.39343,-1.9300927,21.469345,-14.773074,-2.3003957,-8.96849,-5.6112237,7.441449,-3.1161695,8.685846,16.220009,3.498017,-8.98977,-5.1408305,14.89878,10.336745,-12.09919,-8.855792,-27.881437,-12.87972,23.03494,-8.009633
P00957,-12.044518,15.410335,17.5988,-3.8619716,9.506144,-2.8381462,-1.0922995,-13.957216,-7.8342395,-13.307743,-11.917224,-11.7213335,3.2910101,15.852605,9.897808,-21.471565,-7.371668,-3.615592,1.498366,12.185809,11.327656,10.077157,-16.596624,10.947994,17.50097,-0.85231465,-11.304023,-9.032067,-19.798296,10.816134,16.882103,-7.57823,-11.08141,-8.795807,-10.425164,-13.319563,-8.546752,5.32573,11.068943,-17.883772,-9.529023,-12.002257,-20.552437,-1.5845523,17.163214,-11.992518,-2.0416844,-7.3950644,-4.7063417,6.151956,-2.558218,7.1247067,13.186887,2.7668498,-7.5266323,-4.3189754,12.11237,8.39283,-9.862152,-7.238354,-22.450378,-10.325769,18.653957,-6.753899
P10300,-12.10121,12.609037,17.655485,-4.158824,8.413027,-2.2965682,-0.637153,-12.61236,-7.131117,-11.998384,-10.622835,-9.67692,3.5143464,12.845047,9.919369,-19.165737,-4.492337,-2.3908448,2.498858,10.813658,9.580208,7.4050756,-14.126852,7.435484,15.267817,-1.0401149,-8.816836,-8.22156,-18.011215,9.331039,14.476402,-4.705043,-7.97523,-8.735624,-7.559634,-12.011892,-9.829045,4.3896704,10.743187,-15.132923,-8.812253,-9.945438,-17.092268,-0.2564038,14.732083,-10.28726,-2.201432,-6.9717236,-4.6877103,4.6739087,-1.7092721,6.343765,12.275282,2.3407257,-6.469595,-4.1182013,10.802698,9.201324,-8.253248,-6.4562435,-20.966993,-7.3429976,16.60482,-6.799858
P03612,-6.441252,7.104704,9.280659,-2.5158186,5.042252,-1.1901469,-0.6118656,-7.0171013,-4.225478,-6.18647,-5.651979,-5.335055,1.9049001,7.356077,5.370634,-10.616021,-3.4918354,-1.5467767,1.1690431,6.2742095,5.529507,4.5177016,-7.9313164,5.002345,9.004819,-0.35142222,-5.5787163,-4.5273604,-10.026856,5.2811136,8.288693,-3.3463519,-5.014179,-4.7640743,-4.74494,-6.230682,-5.569805,2.5275376,5.8037686,-8.232715,-4.951211,-6.0034394,-10.011868,-0.80693215,8.451844,-5.5897164,-1.4597956,-3.8175583,-2.6294394,2.650277,-1.1783936,3.464,6.8412,1.4548011,-4.1179357,-2.394584,5.822203,4.6078277,-4.4322376,-3.7701418,-11.451844,-4.615353,9.366693,-3.591776
P20826,-20.647346,27.59612,30.888296,-7.0145473,17.570837,-4.651131,-2.294918,-24.133036,-14.436881,-23.489645,-21.232983,-21.241642,5.6345334,28.60482,17.443033,-38.826584,-13.101235,-7.134786,2.8144426,21.37593,19.896402,17.568396,-30.184692,20.089079,30.606445,-1.4538196,-20.205137,-15.345711,-35.128986,18.982939,30.11847,-13.867451,-19.98859,-14.935405,-18.840506,-22.899618,-14.939026,9.556552,19.690073,-31.79323,-16.796019,-21.559723,-37.11192,-3.4900408,31.2736,-21.690317,-3.415761,-12.658677,-8.111595,10.84689,-4.7578654,12.288556,23.361624,5.4975486,-13.197876,-7.30876,21.085045,14.380717,-17.117342,-12.608617,-40.148846,-19.29598,33.065086,-10.949805
P12931,-14.642942,16.72454,21.0392,-4.127087,10.163946,-3.1794455,-0.5912357,-15.918882,-8.371579,-15.661464,-13.321691,-12.802608,3.8899066,17.045475,11.604769,-23.904629,-6.5455,-3.0822165,2.2972212,13.001478,12.137648,10.270364,-18.349333,10.478251,18.95822,-1.1180434,-11.256281,-10.571006,-21.84281,11.937295,18.495455,-6.762342,-11.1598215,-10.383258,-10.591559,-15.625788,-10.034443,5.659425,12.736792,-19.876846,-10.684743,-12.424636,-21.992887,-0.27840665,18.664228,-13.284781,-2.0435045,-8.663812,-5.0776033,6.7602315,-2.4783309,8.003928,14.808983,2.8328228,-7.7367196,-4.740561,14.200569,10.609015,-11.470393,-8.04493,-25.421492,-10.424511,20.79176,-8.212859
P50142,-15.766705,18.73088,23.21769,-4.749525,11.755112,-3.3578854,-0.906384,-17.356873,-9.838181,-17.341291,-14.879278,-14.474627,4.318535,19.312126,12.741351,-26.920088,-7.532549,-3.8829823,2.7220438,14.324242,13.538734,11.186491,-20.844902,12.274366,20.827568,-1.0975348,-12.776829,-11.242736,-24.557102,13.086388,20.645802,-7.995599,-12.778702,-11.2230625,-12.033477,-16.955612,-10.953957,6.4156265,14.347651,-22.310429,-11.777762,-14.057542,-24.794994,-1.020398,21.442871,-14.949957,-2.2524443,-9.3826885,-5.6368265,7.4116898,-2.847421,8.763346,16.556566,3.3418736,-8.665999,-5.138999,15.327216,11.563939,-12.239971,-8.784702,-28.499352,-12.14081,23.007607,-8.368746
P05981,-10.097117,9.288726,14.097745,-2.5161135,5.336925,-2.1570666,0.1679714,-10.191861,-4.7149534,-9.879529,-8.109761,-7.0689597,2.7452905,9.389893,7.675376,-13.737485,-2.657709,-0.9823483,1.9376136,7.7413936,7.2206182,5.2800765,-10.359368,4.6455283,10.945296,-0.87658864,-5.9103847,-6.8247895,-13.565042,7.2498918,10.9001255,-2.5189443,-5.470435,-6.890645,-5.0955935,-10.216368,-6.7826686,3.1339285,7.9691167,-11.883439,-6.519618,-6.6812797,-12.06379,0.89958984,10.527387,-7.848835,-1.4959351,-5.774589,-3.4286463,3.8538117,-1.0253584,4.9942484,9.248888,1.3192205,-4.5830684,-3.086925,8.834152,7.829061,-6.823625,-4.76837,-15.620933,-4.813628,12.240919,-5.8437953
A0A2P1GIW2,-21.851128,27.168673,32.488438,-7.1572084,17.734692,-4.470461,-1.808186,-24.366596,-14.633708,-24.236832,-21.215643,-21.037802,5.9797964,28.12362,18.109638,-39.127674,-11.748356,-6.341254,3.6469944,20.772709,19.371628,16.370447,-30.355047,18.81467,30.144196,-1.493005,-19.155119,-15.587841,-35.184204,18.797102,29.946877,-12.4402485,-19.00343,-15.47353,-17.958363,-23.371344,-15.895413,9.414215,20.358799,-31.738335,-16.912497,-20.804375,-36.54854,-2.47212,31.384205,-21.640743,-3.3792622,-13.051437,-7.982131,10.686517,-4.5711684,12.2318,23.755184,5.3968625,-12.7919035,-7.3123593,21.54765,15.68009,-17.229061,-12.672195,-40.93869,-18.500626,33.208908,-11.19101
P20592,-22.484285,30.620008,33.32904,-6.792254,18.600014,-5.3143883,-2.182906,-26.623047,-15.128975,-26.305548,-23.160349,-23.53025,5.8014665,31.669195,18.585236,-42.22138,-14.366763,-7.510805,2.6985228,22.856483,21.773859,19.650253,-33.235165,22.086279,33.252186,-1.4284722,-21.674873,-17.22647,-37.667202,20.83645,32.899723,-15.246263,-22.280832,-16.23728,-21.048674,-25.709677,-14.72874,10.341492,21.115496,-35.287518,-18.152449,-23.253204,-40.490704,-3.2347116,33.993793,-23.786346,-3.0677242,-13.895943,-8.25187,12.36298,-5.1545777,13.560676,25.028269,5.7345314,-13.909577,-7.61171,23.76446,15.371884,-19.690924,-13.681457,-43.1967,-21.50765,36.02374,-12.147496
O60242,-13.1622095,11.48037,18.69348,-3.6200433,6.851603,-2.6026268,0.21163008,-12.873185,-6.1298766,-12.543434,-10.448746,-8.755983,3.699482,11.3686905,10.175799,-17.708645,-2.4751089,-1.1212575,2.9343514,10.1282,9.033321,6.202414,-12.760944,4.9057484,14.030396,-1.2923288,-7.064067,-8.624643,-17.485126,9.063538,13.398078,-2.6023939,-6.2042284,-9.237524,-5.7643003,-13.075266,-9.743784,3.848894,10.682699,-14.745437,-8.566116,-8.361507,-14.808703,1.5363636,13.114829,-9.710317,-2.0607352,-7.383414,-4.7092113,4.4368353,-1.0324787,6.429517,12.041174,1.4692737,-5.660472,-4.103579,11.109729,10.538105,-8.33809,-6.0301404,-20.413343,-5.2133656,15.6082115,-7.7836013
P08393,-8.577843,8.5239,12.201575,-2.6902637,5.286019,-1.8244866,-0.26611093,-8.958428,-4.550345,-8.313251,-7.3248963,-6.463019,2.4820616,8.648725,6.8379903,-12.722728,-3.0053542,-1.370812,1.5995384,7.4981475,6.7139907,5.2281,-9.370347,4.7838283,10.489354,-0.7922794,-5.9715962,-5.9287763,-12.417983,6.523163,9.933364,-2.9814527,-5.2978063,-6.1738915,-4.9973207,-8.593112,-6.6031094,2.9595826,7.237269,-10.456061,-6.0196424,-6.6672263,-11.40992,0.12155422,9.6939945,-7.0064826,-1.5678688,-4.9752984,-3.3437264,3.2674654,-1.0315408,4.5132885,8.377803,1.4060565,-4.4858446,-2.9317334,7.563934,6.5421257,-5.8302207,-4.4565105,-14.174164,-4.640144,11.310752,-5.1158566
E9Q401,-16.23918,21.505083,23.845472,-5.2688413,13.622745,-3.6728642,-1.6022971,-18.845638,-10.961839,-18.323118,-16.315884,-16.484766,4.3667235,22.198093,13.442854,-30.057446,-10.328972,-5.2122307,1.9792459,16.415882,15.303809,13.936849,-23.430674,15.591712,23.987211,-1.129821,-15.619161,-12.2109165,-26.858719,14.765991,23.407848,-10.699539,-15.572593,-11.721799,-14.799156,-17.89387,-11.547549,7.4587607,15.136827,-24.598606,-13.003856,-16.623259,-28.868008,-2.372358,24.071133,-16.708014,-2.563421,-9.939878,-6.0744514,8.610761,-3.8001306,9.575096,17.984074,4.1925945,-10.156764,-5.7154803,16.711071,11.10069,-13.771423,-10.023807,-30.920208,-14.937764,25.890135,-8.7395735
O75324,-10.794635,9.0777445,14.744243,-2.3578956,4.653483,-2.4948475,0.42314148,-10.74796,-4.401956,-10.192649,-8.362738,-6.8237176,2.8552067,9.121799,8.071811,-13.212012,-2.3663356,-0.7335005,1.9203156,7.9930587,7.459774,5.133318,-9.981786,4.1180696,10.681628,-1.074225,-5.8520427,-7.1340632,-14.1208105,7.6540647,11.113114,-1.9635483,-5.072155,-6.99498,-4.5553,-10.963055,-6.766182,3.0580065,7.8388634,-12.1941805,-6.584125,-6.374073,-11.641248,1.3074563,10.136651,-8.099221,-1.7451981,-6.1583447,-3.738409,4.048617,-0.91237,5.134013,9.530213,1.1639066,-4.790618,-3.264304,9.075923,8.498845,-6.891497,-4.6639295,-15.757848,-4.311136,12.039479,-6.3933315
O15085,-18.224302,21.481941,26.254154,-5.406251,13.329981,-3.896281,-1.0875107,-20.102055,-10.917854,-19.524448,-16.90832,-16.445686,4.753826,22.037535,14.742411,-30.613586,-9.068787,-4.474423,2.684948,16.800995,15.565846,13.327875,-23.656689,14.227069,24.24717,-1.3572152,-14.986171,-13.193064,-27.918568,15.389862,23.962227,-9.247251,-14.708687,-12.705962,-13.956531,-19.371948,-12.697367,7.303767,15.89728,-25.23654,-13.619879,-16.260942,-28.697681,-1.0580171,24.155521,-17.191666,-2.7510428,-10.833382,-6.430398,8.754463,-3.4792633,9.961829,18.88191,4.0941806,-10.245622,-5.9723225,17.866238,12.916629,-14.427475,-10.231247,-32.342194,-14.137924,26.525784,-9.999266
P07102,-9.946527,13.090702,15.1574745,-3.5454443,8.496003,-2.218669,-1.087579,-11.601183,-7.1458845,-11.359995,-10.2234745,-10.1405,2.940303,13.694579,8.380762,-18.746103,-5.969902,-3.2696452,1.7319887,10.144661,9.61808,8.1362705,-14.518365,9.362616,14.710165,-0.5983108,-9.459973,-7.3369074,-17.062683,8.82774,14.258963,-6.488937,-9.4374895,-7.536409,-8.877273,-10.94541,-7.404191,4.561203,9.901752,-15.309587,-8.060109,-10.343905,-17.570152,-1.7023044,15.170959,-10.217789,-1.6225768,-6.1021194,-4.0493555,4.8684998,-1.9950497,6.0466986,11.279303,2.4513535,-6.2609763,-3.5394921,9.93033,7.2421837,-7.92371,-6.0548444,-19.476662,-8.896957,15.871282,-5.268978
P09467,-13.614157,15.370491,19.858053,-4.494988,9.904955,-2.8394592,-0.9325468,-14.821893,-8.451618,-14.088076,-12.534991,-11.760465,3.8099723,15.8503065,11.210787,-22.380674,-6.542053,-3.374813,2.3402772,12.72526,11.602866,9.3168955,-17.071512,10.211053,17.804068,-1.0525427,-11.220764,-9.447745,-21.295874,11.299383,17.580246,-6.6209846,-10.450369,-9.52379,-9.747087,-14.10275,-10.239713,5.376611,12.044121,-18.405806,-10.144531,-12.046025,-20.83676,-1.1393396,17.84222,-12.570131,-2.5342674,-8.05697,-5.286935,6.0755706,-2.4379826,7.3408785,14.334503,2.9739647,-7.954248,-4.6842694,12.619989,10.018999,-9.792579,-7.465744,-24.257992,-9.875911,19.358738,-7.3439903
Q5BJF6,-15.105474,19.398996,22.24737,-4.738963,12.056205,-3.4562232,-1.2659563,-17.328363,-9.867228,-16.994434,-14.9849825,-14.881033,4.115796,19.959242,12.372775,-27.226055,-8.795056,-4.459953,2.0640063,14.88611,13.954808,12.360684,-21.102262,13.522052,21.6513,-1.0777626,-13.777327,-11.244695,-24.616505,13.3700285,21.056543,-9.253238,-13.772568,-10.999926,-13.018991,-16.725275,-10.57901,6.680794,14.0504,-22.527477,-11.869893,-14.839605,-25.737509,-1.7445179,21.699766,-15.1096525,-2.2903657,-9.203015,-5.6688375,7.6973267,-3.176785,8.87746,16.463665,3.495748,-9.04588,-5.240246,15.292536,10.632773,-12.496082,-9.021135,-28.299276,-12.987139,23.424059,-8.259302
P27361,-17.874012,22.783457,25.669207,-4.6937847,13.320392,-4.2774363,-1.0582215,-20.548388,-10.761175,-20.282488,-17.336071,-17.3973,4.438476,23.408302,14.200941,-31.124489,-10.356147,-4.840675,1.9645231,16.927303,16.185799,14.671827,-24.63829,15.793108,24.794537,-1.2133992,-15.7881775,-13.542062,-28.102102,15.914228,24.733452,-10.572313,-16.225088,-12.509391,-15.320703,-20.145853,-10.983831,7.6664023,15.643145,-26.611843,-13.615704,-16.789684,-29.842007,-1.4057623,24.912754,-17.84817,-2.3076408,-10.9237995,-6.064527,9.627811,-3.8134031,10.264884,18.813679,4.012112,-10.3043585,-5.79784,18.557634,12.2113,-15.443732,-10.392067,-32.271927,-15.506121,27.021355,-9.852267
B8Q027,-21.356216,33.54858,32.743393,-8.812754,22.17752,-5.0623527,-4.186089,-27.131113,-17.82988,-25.400175,-24.432539,-25.470303,5.938808,34.662518,19.05922,-45.960194,-19.397026,-10.416028,1.7437564,26.52293,24.030664,23.044844,-35.531906,27.501053,37.887333,-1.2358209,-26.711187,-16.892223,-40.93261,22.434038,35.56748,-20.40273,-26.242102,-16.449434,-24.657915,-24.89578,-17.121033,11.811094,22.296553,-36.747158,-19.827501,-27.547182,-45.702965,-7.245268,37.54254,-25.035223,-4.498905,-13.767336,-9.607943,12.928529,-6.7161226,14.155423,27.099726,6.8073916,-16.800629,-8.846928,23.358463,13.562176,-19.29508,-15.118183,-46.110466,-25.019669,39.12944,-11.372126
P15391,-13.964114,13.598778,20.206953,-3.9458778,8.411943,-2.7218425,-0.04357746,-14.095105,-7.2908235,-14.126106,-11.703285,-10.482463,3.913954,13.675025,10.903096,-20.605898,-3.6359768,-1.7874051,3.0831788,11.108655,10.193336,7.432472,-15.254249,6.842529,15.955329,-1.1707345,-8.407525,-9.385296,-19.378315,10.047982,15.331279,-4.0036206,-8.021111,-9.9674425,-7.539123,-14.2239485,-10.151604,4.5620937,11.985963,-16.94458,-9.50111,-9.899467,-17.616472,0.97954875,15.653613,-11.130008,-1.9493837,-7.946678,-4.845224,5.2044835,-1.4781251,7.1156006,13.328551,1.929493,-6.2878304,-4.320606,12.412933,10.96054,-9.528928,-6.833919,-22.880463,-7.1382556,17.813366,-7.8919854
P02100,-15.141169,14.530766,20.560856,-2.772062,7.5264955,-3.4181163,0.5938065,-15.525372,-6.3862667,-15.464026,-12.053701,-11.005119,3.5912528,14.608456,11.085341,-20.397278,-4.3524504,-1.2906635,2.2852013,11.046907,10.72879,8.469582,-15.972622,7.4699116,16.100529,-1.1903007,-8.674491,-10.679569,-19.484985,11.2017,16.63593,-3.967612,-8.818506,-9.868343,-8.287287,-15.989904,-8.414307,4.661801,11.200991,-18.379585,-9.547152,-9.68078,-18.375345,1.8971372,15.699961,-12.110959,-1.6068084,-8.732811,-4.309678,6.6367073,-1.8272644,7.4170833,13.386738,1.9796637,-6.4600782,-4.1982975,14.163017,11.18849,-11.455938,-7.081608,-22.693546,-8.125696,18.297237,-8.76164
P13639,-10.967368,11.759426,15.765338,-3.180359,7.067517,-2.4159768,-0.34514025,-11.728947,-6.011972,-11.336341,-9.756517,-8.974616,3.05283,11.947261,8.679801,-17.08034,-4.2594104,-2.0074904,1.9185451,9.629682,8.89169,7.1611657,-12.865735,6.901863,13.731625,-0.92300814,-7.9390664,-7.763291,-16.182074,8.624415,13.216754,-4.41507,-7.566628,-7.8911767,-7.1212564,-11.52602,-7.7998004,4.0023055,9.471601,-14.293569,-7.8370605,-8.859662,-15.420398,0.0394198,13.193832,-9.471191,-1.6949664,-6.4450517,-4.0523973,4.623796,-1.5114198,5.953087,10.907928,1.8372008,-5.6734242,-3.6268427,10.179074,8.24029,-8.0397215,-5.8013363,-18.609083,-6.792106,14.961331,-6.370626
P04278,-25.001472,42.174427,38.326214,-8.594486,25.635672,-7.069636,-4.415265,-33.00611,-20.306248,-32.53678,-30.309738,-32.312675,6.736597,43.7104,21.576462,-55.653126,-23.661049,-12.557192,1.0144717,30.719208,29.348932,29.384035,-44.26248,34.213856,44.875523,-1.6434978,-31.932467,-20.865793,-48.764065,27.152517,43.48622,-25.342903,-33.08375,-19.242903,-31.191963,-31.533474,-16.421408,14.7172365,26.271254,-46.75093,-23.075737,-32.88866,-55.743336,-8.136711,45.64502,-31.3258,-3.8331292,-16.53929,-10.569162,16.852486,-8.0944,17.648022,31.684141,7.8335204,-18.920183,-9.938475,29.24361,15.662008,-25.271725,-18.089645,-54.742397,-31.441078,47.346745,-13.431036
P12063,-9.6880455,10.880855,13.978064,-3.7169585,7.5128603,-1.8470911,-0.9619256,-10.598319,-6.294444,-9.390712,-8.695861,-8.1477585,2.751114,11.134238,8.163789,-16.04843,-5.334978,-2.5436924,1.5851841,9.699699,8.408661,6.96504,-11.918888,7.6359563,13.559398,-0.6535327,-8.577895,-6.789632,-15.265272,8.190727,12.594558,-5.176391,-7.6307254,-7.0069084,-7.1610174,-9.609408,-8.287226,3.8401766,8.618832,-12.559973,-7.541822,-9.097322,-15.197982,-1.2232003,12.696471,-8.633305,-2.234074,-5.749188,-4.0141325,4.1727915,-1.8981427,5.2087574,10.410088,2.2218602,-6.2420325,-3.6297998,8.851214,6.861569,-6.7653365,-5.6060834,-17.359734,-7.085136,14.107001,-5.4358826
O00338,-16.012918,18.554918,23.544127,-4.826114,11.4128065,-3.4496062,-0.8666346,-17.564857,-9.640003,-17.331053,-14.9828415,-14.273022,4.373887,18.996643,12.959123,-26.773676,-7.1368275,-3.7516012,2.8212693,14.653535,13.66845,11.144254,-20.435019,11.678824,20.984858,-1.1970483,-12.580917,-11.446439,-24.71614,13.168834,20.46495,-7.676286,-12.409817,-11.5410385,-11.65944,-17.23474,-11.285001,6.2668166,14.456395,-22.194956,-11.9482155,-14.001246,-24.40698,-0.6972167,21.03699,-14.812602,-2.3414142,-9.503071,-5.8935866,7.2470927,-2.6052997,8.919517,16.634388,3.1455402,-8.672774,-5.250808,15.408021,11.856224,-12.228523,-8.744466,-28.573202,-11.589984,22.960012,-8.885046
P12955,-14.392228,17.718786,21.283062,-4.973501,11.312458,-3.204382,-1.3630322,-16.299067,-9.462555,-15.494095,-14.147573,-13.580355,4.0775895,18.283236,12.076204,-25.38735,-8.011236,-4.3222613,2.1853933,14.470606,13.204662,11.239979,-19.372355,12.277795,20.331833,-1.18241,-13.107194,-10.387505,-23.710052,12.622247,19.791649,-8.358304,-12.400086,-10.398507,-11.651743,-15.415228,-10.931734,6.207424,13.309049,-20.75418,-11.30098,-14.038303,-23.941051,-1.8535445,20.18088,-14.171618,-2.6582737,-8.686444,-5.870467,6.8649426,-2.861661,8.287503,15.776894,3.4545116,-8.906544,-5.172275,13.922928,10.366126,-11.062298,-8.418978,-26.910656,-11.692893,21.876163,-7.9312444
P05696,-18.37542,21.869076,26.879192,-5.7266645,13.660489,-4.040805,-1.2489392,-20.35646,-11.43456,-19.840164,-17.497982,-16.798382,5.022181,22.48502,15.039774,-31.239902,-9.293287,-4.8549476,2.8349617,17.338764,16.044453,13.470285,-24.05072,14.628563,24.5855,-1.4851758,-15.558058,-13.0863695,-29.069122,15.639343,24.407785,-9.634229,-15.002316,-12.8971615,-14.075991,-19.704353,-13.111166,7.586461,16.445272,-25.94337,-13.866417,-16.71925,-29.205948,-1.5315812,24.83445,-17.637516,-3.0269997,-10.975271,-6.926351,8.761847,-3.5158067,10.217615,19.500511,4.092839,-10.597511,-6.244979,17.725496,13.324636,-14.134138,-10.3183,-33.293064,-14.240466,26.916315,-9.930811
O75317,-19.757051,26.685469,29.916344,-6.9781127,17.521357,-4.2468696,-2.2766643,-22.956846,-14.332882,-22.721872,-20.434214,-20.66543,5.547725,27.718054,16.756351,-37.977444,-12.476433,-6.9119563,3.0146925,20.319763,18.959724,16.676723,-29.49,19.457737,29.537483,-1.3121473,-19.337368,-14.556886,-33.788074,17.972164,28.905844,-13.427512,-19.315275,-14.497188,-18.277288,-21.75144,-14.73112,9.310729,19.407015,-30.611277,-16.184608,-20.848763,-35.96754,-3.5077095,30.62162,-20.822668,-3.1756504,-12.06437,-7.697924,10.254944,-4.608665,11.789871,22.575212,5.349564,-12.519782,-6.989022,20.17484,13.89122,-16.336905,-12.23936,-39.04246,-18.700918,32.088203,-10.153487
O95393,-16.780313,22.319082,24.909603,-5.4731145,13.877838,-3.9354467,-1.7010354,-19.635176,-11.352867,-19.111107,-17.179447,-17.131416,4.5818834,23.038836,13.982062,-31.168802,-10.487562,-5.527419,2.143968,17.240927,16.111782,14.428146,-24.19029,15.979468,24.822544,-1.23628,-16.17118,-12.63148,-28.230888,15.336792,24.211802,-11.087988,-16.077227,-12.265387,-15.182814,-18.788282,-11.8685,7.706927,15.861995,-25.756239,-13.534448,-17.292927,-29.750658,-2.4977136,24.934044,-17.40582,-2.662678,-10.317892,-6.549796,8.80992,-3.73201,10.091648,18.741102,4.1975155,-10.51708,-5.9540167,17.211725,11.687237,-14.103697,-10.249732,-32.224422,-15.270104,26.734652,-9.183992
Q3E7X9,-12.138851,9.938386,16.521029,-2.6567209,5.1526284,-2.6697054,0.55797094,-11.86277,-4.7395873,-11.308594,-9.168465,-7.452966,3.1676137,9.821395,9.03612,-14.718141,-2.1827903,-0.5752279,2.247801,8.810064,8.049216,5.5708222,-10.877986,4.0305433,11.957017,-1.2333107,-6.097172,-8.04704,-15.322296,8.371385,12.031184,-1.8196005,-5.277788,-7.998909,-4.824865,-12.181176,-7.8731256,3.2741528,8.803404,-13.20193,-7.389517,-6.898439,-12.644191,1.8925973,10.942847,-8.732869,-1.8450669,-6.8409333,-4.069413,4.352241,-0.90982366,5.6986136,10.487956,1.1852615,-5.0699916,-3.6163425,10.232883,9.53988,-7.8118987,-5.2297416,-17.464703,-4.401968,13.427158,-7.3601665
P32856,-15.978761,19.131334,23.520618,-5.2767816,12.324762,-3.374586,-1.2291899,-17.685991,-10.273366,-17.17115,-15.220832,-14.692033,4.4546328,19.670925,13.180058,-27.591808,-8.252834,-4.3156633,2.6081367,15.265987,14.009667,11.761416,-21.106571,12.925326,21.80716,-1.2157218,-13.716833,-11.358945,-25.437975,13.566805,21.283022,-8.607091,-13.19639,-11.420961,-12.417883,-16.956055,-11.9203415,6.662936,14.606302,-22.497904,-12.235228,-14.829993,-25.706982,-1.5446262,21.916403,-15.263218,-2.7270565,-9.534257,-6.105775,7.4918904,-3.099081,8.922094,17.139252,3.6103806,-9.361849,-5.5253,15.372295,11.579739,-12.192259,-9.133448,-29.289322,-12.489556,23.713142,-8.590209
P15926,-11.295209,13.527859,16.567307,-3.2828627,8.577634,-2.3922741,-0.5668969,-12.440015,-7.127164,-12.596125,-10.567636,-10.50001,3.1207619,14.078936,8.980386,-19.377434,-5.5492315,-2.6599321,1.9705335,9.905235,9.630299,8.011585,-15.270581,9.058725,14.849157,-0.66150963,-9.116285,-8.087988,-17.438168,9.271099,14.907004,-5.7925367,-9.369817,-8.014391,-8.868817,-12.095393,-7.5574875,4.6696067,10.301168,-16.145842,-8.310253,-10.028956,-17.945269,-0.76685405,15.637641,-10.746009,-1.4713733,-6.736917,-3.8146727,5.40987,-2.0990705,6.259145,11.778179,2.4349396,-6.133365,-3.5893817,11.075048,8.249828,-8.91965,-6.3756266,-20.355947,-8.963582,16.573944,-5.788414
O75717,-14.266594,16.773811,20.417953,-3.960309,9.947175,-3.3219702,-0.73995256,-15.924446,-8.320515,-15.388645,-13.319537,-12.807999,3.7310383,17.288256,11.404029,-23.45648,-7.2641544,-3.4541063,1.9164858,13.111596,12.389004,10.541558,-18.350912,11.216286,18.689985,-1.0869285,-11.832864,-10.374194,-22.037958,12.162232,18.849644,-7.2633157,-11.593522,-9.818341,-10.875825,-15.458785,-9.321021,5.7342887,12.201512,-20.0679,-10.490042,-12.597282,-22.246756,-0.87675554,18.73818,-13.577831,-2.1854522,-8.574666,-5.12003,7.014223,-2.6696165,7.88481,14.723897,3.0572157,-8.108947,-4.6931663,13.935642,10.175671,-11.270204,-7.8857403,-25.033442,-10.998077,20.476107,-7.884353
P07395,-13.578129,14.003647,18.885216,-3.664589,8.28016,-2.936285,-0.33046278,-14.398417,-7.0439796,-13.48534,-11.484248,-10.510665,3.4655685,14.187881,10.647512,-19.968142,-5.652378,-2.3386707,1.9894363,11.712087,10.685142,8.636808,-15.25695,8.581954,16.398241,-1.0626645,-9.861797,-9.517188,-19.388176,10.844384,16.24183,-5.27893,-9.179677,-9.132607,-8.550208,-14.031967,-9.262273,4.729593,10.77843,-17.040155,-9.45157,-10.512764,-18.62486,0.074873686,15.645226,-11.527312,-2.3161666,-7.957754,-4.751371,6.0062523,-2.1587374,6.921553,13.214508,2.4003375,-7.263823,-4.405787,12.514663,9.818182,-9.8514595,-6.9596953,-22.074461,-8.501766,17.79422,-7.768499
Q99816,-12.804934,12.403575,17.750982,-2.9388726,7.0080376,-2.726359,0.21090591,-13.11697,-5.96527,-12.891849,-10.371919,-9.421492,3.2551823,12.499975,9.656474,-17.937595,-3.8225338,-1.3701332,2.2123566,9.83202,9.271215,7.1921425,-13.732189,6.5245457,14.244155,-1.0052603,-7.715911,-8.912924,-17.054466,9.459106,14.212581,-3.6548595,-7.5594234,-8.664847,-7.123176,-13.228915,-8.117783,4.07017,10.024252,-15.491509,-8.385608,-8.714043,-15.994056,1.1710155,13.765241,-10.238451,-1.6298304,-7.3659806,-4.0057282,5.308992,-1.5401616,6.373524,11.720161,1.8036147,-5.777546,-3.7733595,11.746885,9.590727,-9.321447,-6.191885,-19.9073,-6.8913207,15.933854,-7.3779235
P0CY29,-19.591671,27.411306,29.379293,-6.625239,17.237633,-4.6328926,-2.3807847,-23.4484,-14.021202,-22.863749,-20.760063,-21.075068,5.327396,28.42018,16.575516,-38.019566,-13.513907,-7.2608566,2.3086445,20.913595,19.605661,17.860992,-29.717615,20.417622,30.158827,-1.3555603,-20.17122,-14.942352,-34.10967,18.575695,29.552322,-14.328959,-20.209501,-14.361003,-19.081448,-22.257095,-13.875934,9.496269,18.988075,-31.303156,-16.298067,-21.38973,-36.713818,-3.7948315,30.705633,-21.259697,-3.152774,-12.185439,-7.760897,10.817242,-4.8161964,12.065396,22.57164,5.3739295,-12.896899,-7.068619,20.576307,13.372022,-16.963137,-12.383922,-38.867493,-19.42867,32.415257,-10.470628
Q13404,-13.862701,14.563318,19.672087,-3.5945725,8.545489,-3.012724,-0.19053687,-14.643636,-7.2548985,-14.389299,-12.006613,-11.130453,3.6512215,14.809404,10.778729,-20.972578,-5.1007423,-2.272792,2.3496473,11.533712,10.830851,8.636098,-16.079548,8.451236,16.55429,-1.1062584,-9.540732,-9.738043,-19.793737,10.782271,16.469349,-5.1396723,-9.308219,-9.567592,-8.74653,-14.575126,-9.165872,4.88703,11.49736,-17.866482,-9.58608,-10.594805,-18.997972,0.40373084,16.32207,-11.903525,-1.9252608,-8.09249,-4.697044,6.0235176,-1.9638981,7.244891,13.43785,2.3226774,-6.849725,-4.3111825,12.9482355,10.327629,-10.284913,-7.0824313,-22.905743,-8.5972395,18.369265,-7.831879
P0ABB4,-9.166336,5.883603,12.762753,-2.7290387,3.4837465,-1.7375867,0.41645,-8.24543,-3.4736488,-7.469234,-6.429278,-4.3795547,2.7814014,5.5658436,7.0575113,-10.074853,-0.10401672,0.04492514,2.396214,6.6314673,5.4221644,2.907397,-6.5002413,0.9447946,8.466872,-1.1609542,-3.58921,-5.559944,-11.211615,5.5035663,7.6272364,-0.008114517,-2.1406794,-6.4673896,-1.8897254,-8.365335,-7.679675,2.0230782,6.9316177,-8.278357,-5.49189,-4.517642,-7.6193695,1.855299,6.8661394,-5.438968,-1.8723084,-4.9439964,-3.6799355,2.06012,-0.055066064,4.1120677,7.756829,0.48833236,-3.5755422,-3.0000703,6.6301985,7.8416805,-4.523718,-3.6605902,-12.837549,-1.1236656,9.253891,-5.901991
P04911,-7.1766453,4.576441,9.873486,-2.0163167,2.6003225,-1.4361969,0.37696853,-6.5332484,-2.6568725,-5.8648753,-4.9778314,-3.3991346,2.1745594,4.4279237,5.4400086,-7.676996,-0.23825443,0.09460048,1.8076178,5.064105,4.2928643,2.3032532,-5.1187816,0.8805959,6.4993844,-0.85488635,-2.8580244,-4.388971,-8.759304,4.3259845,6.069292,-0.029610207,-1.7718517,-4.977135,-1.5488424,-6.5636897,-5.7111816,1.5917697,5.285494,-6.573791,-4.189631,-3.4859476,-5.958946,1.3930827,5.383146,-4.2998786,-1.4575216,-3.907279,-2.8296707,1.6990923,-0.05136654,3.211807,6.0028863,0.39508486,-2.8602803,-2.3158095,5.1925435,6.114117,-3.564811,-2.8498423,-9.868656,-0.98317385,7.1476746,-4.574124
O60341,-11.68373,13.180813,17.098131,-3.847622,8.441776,-2.43865,-0.73566717,-12.692343,-7.1259212,-12.163968,-10.750103,-10.095608,3.3232138,13.507681,9.550449,-19.313728,-5.276971,-2.706923,2.1065285,10.854055,9.894416,8.036363,-14.558786,8.381697,15.44606,-0.9144907,-9.311515,-8.240493,-18.053936,9.514103,14.816422,-5.515766,-8.801887,-8.48039,-8.293776,-12.158505,-8.89215,4.557524,10.53211,-15.699037,-8.736912,-10.278402,-17.667852,-0.676582,15.125043,-10.560574,-2.0109847,-6.901338,-4.515337,5.0415688,-1.8980556,6.432851,12.1712,2.3593009,-6.5637345,-4.01062,10.92053,8.668931,-8.551377,-6.469,-20.781326,-8.132171,16.714243,-6.539908
P27278,-12.26087,13.16273,17.6204,-3.825214,8.19335,-2.5833623,-0.58995056,-13.136789,-6.9724007,-12.392729,-10.881427,-9.993743,3.3778079,13.392653,9.90087,-19.228685,-5.1515894,-2.502294,2.114481,11.122739,10.047885,8.057582,-14.425583,8.07895,15.606583,-1.0021086,-9.298362,-8.594111,-18.344467,9.835261,15.0135355,-5.2071266,-8.617372,-8.708081,-8.080136,-12.659963,-9.141505,4.5035467,10.544287,-15.837004,-8.924632,-10.198787,-17.593153,-0.3206466,14.949788,-10.67571,-2.1592033,-7.19811,-4.6618996,5.1888194,-1.8685176,6.550744,12.4096155,2.2908874,-6.729583,-4.151459,11.280473,9.079421,-8.793992,-6.5385165,-21.002787,-7.894528,16.83553,-7.0337663
Q9V4S8,-6.913808,4.4849052,9.466342,-1.8847418,2.5779717,-1.3426281,0.39740747,-6.2857494,-2.52873,-5.7167244,-4.730501,-3.3383524,2.0604885,4.3345385,5.181937,-7.505098,-0.21917996,0.17008264,1.7412959,4.758586,4.068409,2.2707193,-5.045585,0.8664114,6.338154,-0.77171546,-2.6545143,-4.309034,-8.235045,4.117706,5.826728,-0.031576082,-1.7676656,-4.8471746,-1.6108971,-6.311995,-5.4348526,1.524014,5.107975,-6.3161063,-4.033684,-3.346153,-5.80845,1.4483988,5.2219243,-4.0928526,-1.2836092,-3.756091,-2.5831156,1.6637919,-0.055833824,3.0960279,5.698946,0.3802312,-2.6500459,-2.170481,5.1368017,5.820818,-3.615181,-2.8030138,-9.456053,-1.0325587,6.9815826,-4.417351
P0AEY8,-19.531229,25.869562,29.634317,-6.539728,16.831207,-4.0868716,-1.8643645,-22.345558,-13.737079,-22.678467,-19.82078,-20.098055,5.451626,26.732595,16.25593,-37.05221,-11.160298,-6.1533356,3.3256104,19.214819,18.13365,15.76342,-28.671103,18.00742,28.50322,-1.2014304,-17.819191,-14.400943,-32.381344,17.136354,27.571259,-12.366104,-18.333654,-14.579028,-17.418467,-21.60556,-14.202611,8.865785,19.278696,-29.81122,-15.718819,-19.74795,-34.338696,-2.5570533,29.587523,-19.936678,-2.6434999,-11.825214,-7.2010384,9.817128,-4.1428814,11.597488,21.794195,4.771651,-11.484899,-6.6177764,20.00324,13.972337,-16.241335,-11.845645,-37.993973,-17.589212,31.164171,-10.136927
P61254,-14.511546,16.002779,20.74684,-3.905548,9.437997,-3.256643,-0.43429795,-15.674523,-7.9955425,-15.342808,-13.036439,-12.237147,3.8457778,16.352926,11.433743,-22.786715,-6.1219907,-2.872265,2.2901592,12.631692,11.878948,9.701285,-17.577644,9.856705,18.017282,-1.1626325,-10.8273325,-10.303455,-21.517689,11.72111,18.006008,-6.203542,-10.558399,-10.040035,-9.891193,-15.49333,-9.606333,5.4277196,12.274422,-19.456356,-10.314958,-11.807217,-20.984179,-0.13180313,17.925278,-13.026908,-2.1170125,-8.5743685,-5.097291,6.611844,-2.303977,7.7927694,14.49585,2.66784,-7.599532,-4.647544,13.765813,10.688026,-10.990117,-7.648915,-24.684566,-9.825792,19.890102,-8.118582
O17670,-25.948984,36.876488,40.73337,-10.996538,26.169672,-5.0827975,-4.255307,-30.536459,-21.595734,-30.100048,-28.214312,-28.810194,7.7937355,38.768494,23.197182,-53.59098,-18.372856,-11.106687,4.5422416,28.566326,26.191072,22.596685,-41.499245,28.665722,40.945038,-1.6530207,-28.154583,-18.526346,-47.635326,24.471127,40.298706,-20.00156,-27.391954,-19.16949,-25.813286,-27.962284,-21.737095,13.288626,27.274725,-41.790955,-22.437027,-30.015034,-51.064915,-7.2543564,43.96232,-29.036726,-5.089721,-15.891151,-11.096237,13.549234,-6.926073,15.696365,31.753363,8.412619,-18.171139,-9.762462,26.171894,18.357204,-20.652946,-16.849901,-54.905987,-27.138632,44.468178,-12.119055
P08048,-19.056614,23.944248,27.29831,-5.086135,14.050647,-4.5777407,-1.2073503,-21.868408,-11.532886,-21.355133,-18.43,-18.30043,4.764214,24.755787,15.276535,-32.776695,-11.06133,-5.289226,2.094464,18.01915,17.263058,15.311815,-26.078278,16.851027,25.95686,-1.3411728,-16.959467,-14.233059,-30.177559,17.0117,26.516178,-11.089937,-17.09954,-12.971021,-16.079239,-21.245514,-11.731007,8.136382,16.429646,-28.223225,-14.371889,-17.817791,-31.701641,-1.7645324,26.478565,-19.168861,-2.6984782,-11.620581,-6.6160083,10.232801,-4.118933,10.789966,20.11317,4.5148945,-11.234942,-6.2199097,19.444141,13.11438,-16.045809,-10.916891,-34.304546,-16.54425,28.47974,-10.31024
P10826,-15.547849,19.30375,23.121181,-5.466526,12.589326,-3.3629513,-1.5455445,-17.579742,-10.550751,-16.84651,-15.345058,-14.860623,4.4221783,20.036476,13.118189,-27.758827,-8.855253,-4.842594,2.4511492,15.563259,14.274074,12.035368,-21.349817,13.673545,21.919233,-1.2127049,-14.360903,-11.081125,-25.8347,13.676419,21.651302,-9.212012,-13.631473,-11.084804,-12.788479,-16.54595,-11.844288,6.8182893,14.489743,-22.624117,-12.221743,-15.299463,-26.262793,-2.2864666,22.308643,-15.543299,-2.9013543,-9.370605,-6.2828436,7.505172,-3.252317,8.865083,17.219501,3.9418309,-9.735134,-5.549597,15.012917,11.202342,-11.866372,-9.119581,-29.38296,-13.063871,23.769463,-8.218964
P04370,-8.9619875,7.9299545,12.712487,-2.614873,4.8354135,-1.8125396,0.03180577,-8.9123745,-4.334752,-8.453155,-7.1793113,-6.0340867,2.6004038,7.969541,6.980721,-12.209301,-2.0475109,-0.87694395,1.9685435,7.1063504,6.3751187,4.447547,-8.86027,3.6948912,9.860425,-0.84270823,-5.162511,-5.928578,-12.196987,6.267213,9.400742,-2.040167,-4.46928,-6.357271,-4.163528,-8.80173,-6.7797947,2.715562,7.3386927,-10.155101,-5.9025717,-5.9927225,-10.430491,0.7521149,9.168915,-6.707212,-1.535851,-5.07464,-3.3452902,3.0221872,-0.736932,4.4555826,8.31652,1.1159253,-4.134218,-2.8901942,7.522875,7.1404333,-5.6284037,-4.2394004,-14.047962,-3.7563732,10.842575,-5.3176036
Q9Z0E3,-18.940819,26.311327,28.713066,-7.346876,18.009584,-3.9162118,-2.733596,-22.29966,-14.69526,-21.492392,-19.820196,-20.2667,5.360546,27.452696,16.441713,-37.40861,-13.654907,-7.426413,2.657416,20.458897,18.765678,16.726522,-29.116463,20.466017,29.50663,-1.129489,-20.172163,-13.870912,-33.46046,17.8738,28.840477,-14.247884,-19.688602,-13.7544365,-18.564783,-20.522026,-14.987758,9.363044,18.787874,-29.724478,-16.000372,-21.180452,-36.224785,-4.6423507,30.615442,-20.510347,-3.6584513,-11.659036,-7.694643,10.173747,-5.086039,11.276528,22.421389,5.732523,-13.143153,-7.0641036,19.306438,12.919492,-15.502903,-12.190651,-38.380966,-19.271973,31.66501,-9.351165
P0CG47,-13.329887,14.466919,18.999142,-3.727015,8.831245,-2.8085313,-0.39939442,-14.211408,-7.3632584,-13.858119,-11.700509,-11.045215,3.5411477,14.7313795,10.49803,-20.893162,-5.463277,-2.468852,2.220668,11.468954,10.649312,8.724569,-15.97761,8.799856,16.619724,-1.0072606,-9.719068,-9.441328,-19.376907,10.564293,16.267084,-5.513173,-9.471987,-9.327652,-8.961453,-13.925883,-9.221689,4.8927293,11.310395,-17.396288,-9.48303,-10.748436,-19.095575,0.012105358,16.291477,-11.642527,-1.9473867,-7.809902,-4.5801454,5.887993,-2.095875,7.0509887,13.201488,2.4465103,-6.889327,-4.261061,12.592833,9.766404,-10.035294,-7.0897207,-22.53579,-8.820055,18.261387,-7.4734535
P14618,-14.169846,17.76021,20.843023,-4.5978856,11.19043,-3.1735146,-1.2145311,-16.117971,-9.243911,-15.596626,-13.8811455,-13.612747,3.9059515,18.312931,11.686603,-25.14985,-8.065674,-4.132174,2.0404077,13.950298,12.9576645,11.255361,-19.415133,12.371266,20.05575,-1.0351309,-12.819652,-10.389847,-23.043993,12.4348955,19.560535,-8.397293,-12.5497465,-10.234286,-11.834606,-15.404235,-10.223416,6.155502,13.067405,-20.718401,-11.066955,-13.76453,-23.774384,-1.6757668,20.068634,-13.999031,-2.33654,-8.586753,-5.439518,7.015938,-2.912614,8.190103,15.408874,3.3243444,-8.575757,-4.95263,14.049641,10.055406,-11.338756,-8.35579,-26.375206,-11.864182,21.670609,-7.72708
Q75NZ0,-4.418382,3.0972226,5.979393,-1.0945417,1.7796144,-0.90829486,0.27458686,-4.1791973,-1.7159365,-3.8378217,-3.023386,-2.3329325,1.330304,3.1806304,3.202315,-4.9476504,-0.49620745,0.12619427,1.0746303,2.8770573,2.7369616,1.6272243,-3.6436098,1.0223562,4.1439114,-0.34761205,-1.8634338,-2.8679924,-5.312578,2.6641111,4.023626,-0.26631716,-1.5251609,-3.0903099,-1.4241697,-4.0602226,-3.1068459,1.068998,3.274996,-4.3579106,-2.517124,-2.2733433,-4.0800743,0.75744945,3.7171814,-2.7626455,-0.7200858,-2.4598305,-1.5099655,1.2212884,-0.09375266,2.031621,3.6263,0.3245947,-1.7777442,-1.3204595,3.425932,3.645787,-2.500045,-1.8944095,-6.047235,-1.0915351,4.6331615,-2.6904156
P62837,-14.75068,16.255114,21.019815,-4.042796,9.619275,-3.2994273,-0.49575996,-15.94709,-8.098903,-15.455971,-13.231595,-12.397614,3.8926945,16.579086,11.670845,-23.162558,-6.311251,-2.961464,2.262612,12.992909,12.099179,9.975924,-17.790102,10.039247,18.469141,-1.2133902,-11.111488,-10.509393,-21.868423,11.975586,18.339838,-6.352857,-10.727104,-10.212699,-10.076703,-15.671978,-9.93385,5.512364,12.417098,-19.653505,-10.543045,-12.092816,-21.400564,-0.15991603,18.136751,-13.220201,-2.224784,-8.712107,-5.2335124,6.7104526,-2.3716362,7.9156213,14.740264,2.7699585,-7.8177705,-4.7735314,13.99541,10.789184,-11.186212,-7.825783,-25.074957,-9.989093,20.282942,-8.347962
Q8N0Z3,-11.05004,11.359657,15.824176,-3.0610812,7.001127,-2.2301283,-0.13813798,-11.467326,-5.9076123,-11.362622,-9.402378,-8.729714,3.032203,11.552951,8.595833,-16.811909,-3.6696625,-1.6198283,2.1750243,8.983586,8.397789,6.5444164,-12.731267,6.335047,13.192361,-0.82494634,-7.244654,-7.683698,-15.546311,8.261559,12.786407,-3.8130634,-7.108032,-7.8608365,-6.7540975,-11.340615,-7.752229,3.8204908,9.44122,-13.891276,-7.633981,-8.329104,-14.874481,0.45678854,12.960929,-9.168391,-1.4913955,-6.3804784,-3.719539,4.476665,-1.4110724,5.744983,10.646855,1.776198,-5.2678685,-3.4241397,10.178084,8.374839,-8.010682,-5.681479,-18.299559,-6.4934554,14.643551,-6.216603
P37231,-12.337282,14.614621,18.295996,-4.3651032,9.572511,-2.5900521,-1.0727378,-13.674532,-8.053845,-13.034068,-11.8079,-11.223808,3.5786264,15.065882,10.31746,-21.362156,-6.2731786,-3.391875,2.1670482,12.057084,10.941744,9.036734,-16.143711,9.806998,17.048021,-0.97639024,-10.666532,-8.740869,-19.908512,10.42163,16.390686,-6.604168,-10.024747,-9.016236,-9.4381695,-12.912576,-9.6972065,5.1243057,11.47078,-17.206244,-9.552092,-11.625109,-19.79371,-1.3272508,16.882442,-11.687776,-2.2795832,-7.356252,-4.9987826,5.5141754,-2.243538,6.9674077,13.338298,2.8026917,-7.385178,-4.3905406,11.655748,9.071683,-9.126482,-7.0899386,-22.789663,-9.37889,18.369745,-6.7786436
P53350,-13.198111,16.51713,19.302826,-4.1570315,10.247438,-2.9953218,-1.0657723,-15.051221,-8.422972,-14.536794,-12.853521,-12.6269865,3.587693,16.992077,10.800499,-23.275808,-7.4623995,-3.7233238,1.8364146,12.932096,12.048347,10.561392,-17.967861,11.396717,18.69543,-0.94091636,-11.805414,-9.797741,-21.245508,11.560871,18.114437,-7.757678,-11.657555,-9.589467,-11.020761,-14.42399,-9.348293,5.668262,12.078509,-19.238935,-10.278861,-12.735101,-21.998999,-1.3854172,18.49098,-12.929373,-2.084498,-8.010873,-4.987657,6.5526724,-2.6517239,7.661236,14.211981,3.0015135,-7.8937883,-4.574051,13.1932955,9.308575,-10.717732,-7.7798004,-24.346111,-10.959963,20.131388,-7.344237
C6KRN1,-8.211863,7.6214004,11.380507,-1.8556566,4.310291,-1.7582955,0.23858921,-8.329335,-3.7674289,-8.202186,-6.4909744,-5.819276,2.190465,7.7803445,6.095973,-11.154015,-2.1836128,-0.6447413,1.578433,5.9905167,5.8176327,4.291728,-8.613377,3.8624952,8.81134,-0.5907413,-4.646019,-5.6534004,-10.781182,5.816198,8.875918,-2.0300581,-4.5775957,-5.6070924,-4.305012,-8.354037,-5.132946,2.5295174,6.439037,-9.770226,-5.199535,-5.331149,-9.829872,0.8394261,8.64869,-6.36071,-1.0228465,-4.7125397,-2.5572987,3.2212274,-0.81628597,4.061275,7.3706136,1.0465783,-3.5894008,-2.379578,7.346268,6.313041,-5.7648535,-3.8918386,-12.527713,-4.081595,9.950092,-4.689932
P00942,-13.907889,17.754818,20.499105,-4.113855,10.797299,-3.2396758,-1.0229145,-15.979335,-8.933515,-15.845859,-13.755524,-13.666706,3.7515602,18.363462,11.2760315,-24.820261,-7.82505,-3.9521646,1.9851254,13.361091,12.799389,11.137876,-19.438599,12.252274,19.507092,-0.9202172,-12.349998,-10.369389,-22.513342,12.200108,19.281523,-8.274635,-12.582681,-10.061482,-11.860496,-15.5373125,-9.210969,6.053394,12.862355,-20.876009,-10.758827,-13.386699,-23.39536,-1.4306407,19.914474,-13.921353,-1.9170555,-8.481658,-5.07414,7.103691,-2.7816918,8.16249,14.995288,3.132733,-8.119202,-4.651927,14.121418,9.890004,-11.5409775,-8.135562,-25.833593,-11.912013,21.287226,-7.542723
P51948,-12.336818,12.08101,17.258308,-3.1530726,6.8518643,-2.7672362,-0.0356556,-12.829201,-5.9964013,-12.258658,-10.354881,-9.155008,3.2805371,12.229257,9.549865,-17.458601,-4.0653143,-1.7244074,2.0613475,10.137729,9.374034,7.211864,-13.237443,6.639797,14.062364,-1.1231993,-8.096316,-8.500888,-17.291088,9.408377,14.086821,-3.8899286,-7.46016,-8.354759,-6.922607,-12.765197,-8.234576,4.0877757,9.777709,-15.180176,-8.267308,-8.859676,-15.787599,0.6167835,13.487424,-10.166903,-1.9556118,-7.1595006,-4.3702674,5.08728,-1.5324743,6.2801504,11.678026,1.8724402,-6.0664687,-3.9042041,11.065955,9.339142,-8.642851,-6.022918,-19.645037,-6.7088957,15.5433855,-7.1827993
P56192,-16.281813,19.990702,23.496052,-4.2262926,11.697494,-3.8161826,-0.7819629,-18.397345,-9.645668,-18.352776,-15.501436,-15.339437,4.1544585,20.584316,12.869136,-27.684261,-8.476119,-4.0150685,2.1770997,14.809532,14.3286,12.44565,-21.862997,13.369202,21.707376,-1.085073,-13.513521,-12.106967,-25.17853,13.980342,21.83056,-8.758488,-13.943606,-11.392994,-13.144185,-18.162146,-10.003307,6.7076406,14.283145,-23.737309,-12.10013,-14.624341,-26.09544,-0.8984243,22.142242,-15.823275,-2.0114436,-9.848979,-5.4897013,8.344166,-3.1250415,9.22313,16.870678,3.4215767,-8.965975,-5.1650515,16.509136,11.512502,-13.579485,-9.146781,-28.993336,-13.2738085,23.92808,-8.8946085
P19926,-7.453108,8.733211,11.236763,-2.7459412,5.618467,-1.6822525,-0.61041826,-8.293244,-4.8083825,-7.9109664,-7.2561073,-6.7085624,2.3777587,8.936653,6.182335,-12.907208,-3.4381292,-1.874375,1.4744043,7.39365,6.721827,5.5002937,-9.4824095,5.447306,10.523278,-0.6508723,-6.227286,-5.3624463,-12.155968,6.0828037,9.569311,-3.8503954,-5.819578,-5.917212,-5.4839435,-7.9320793,-6.119137,3.0810587,7.296944,-10.392875,-5.8170953,-7.028643,-11.575358,-0.63395214,9.971031,-6.7816467,-1.3625422,-4.4744134,-3.280965,3.0125306,-1.0339507,4.4804053,8.050193,1.3342034,-4.311652,-2.7934685,6.912842,5.7467957,-5.389705,-4.3351536,-13.845268,-5.0008645,11.148828,-4.4237256
Q42525,-15.867796,21.676657,24.29755,-5.6808953,14.157209,-3.533786,-1.8678147,-18.583662,-11.733611,-18.506323,-16.706924,-16.81013,4.61515,22.538723,13.463942,-30.79502,-10.112787,-5.6564283,2.5195107,16.504436,15.519383,13.522916,-23.879587,15.8024645,23.937912,-1.0529261,-15.717986,-11.687505,-27.648344,14.458659,23.312254,-11.0386915,-15.733259,-11.878817,-14.799391,-17.73546,-11.836451,7.611736,15.958774,-25.04367,-13.087668,-16.957983,-29.03033,-3.0125835,24.928106,-16.834494,-2.5788345,-9.760665,-6.4052463,8.19744,-3.6153219,9.699707,18.36533,4.115012,-10.1244755,-5.7289305,16.145176,11.3602295,-13.018509,-9.871705,-31.745882,-14.978548,25.94804,-8.159127
P01579,-23.436167,34.91779,35.41156,-8.62347,22.532104,-5.5801454,-3.6692624,-28.87661,-18.070562,-27.761856,-25.926422,-26.831343,6.394471,36.36676,20.384342,-48.12931,-18.635962,-10.156446,2.2430816,26.70517,24.785345,23.339062,-37.775063,27.501513,38.406662,-1.6172158,-26.710754,-18.176735,-42.80079,23.46239,37.65032,-19.577055,-26.51802,-17.193607,-25.106367,-26.772438,-17.287415,12.26959,23.318981,-39.089344,-20.413609,-27.839909,-47.451378,-6.2285895,39.19238,-26.949606,-4.186119,-14.788719,-9.691908,13.7695675,-6.6876845,14.839546,28.217882,7.446321,-16.814335,-8.878311,25.242422,15.37632,-20.985628,-15.708754,-48.554993,-25.857845,40.96903,-12.240445
O95704,-17.341585,21.755594,25.773798,-5.829803,13.986898,-3.7325017,-1.6162679,-19.668638,-11.633527,-19.107418,-17.091545,-16.761204,4.790426,22.542147,14.506155,-31.12744,-9.7614155,-5.2874527,2.7282023,17.12411,15.872298,13.482849,-24.049994,15.25101,24.437405,-1.2420989,-15.746613,-12.534623,-28.492962,15.23179,24.1052,-10.271268,-15.358617,-12.413754,-14.459658,-18.68671,-12.745301,7.5417013,16.166662,-25.418896,-13.6232815,-16.968132,-29.33334,-2.274762,24.959106,-17.344286,-2.9113505,-10.457932,-6.7077985,8.509067,-3.5933287,9.923871,19.052202,4.31717,-10.580386,-5.996831,17.08881,12.399589,-13.643506,-10.149744,-32.67284,-14.786561,26.567198,-9.195717
P0A3J0,-8.103958,5.4017878,10.916316,-1.9368622,2.6895764,-1.7939185,0.49622414,-7.5697346,-2.7999759,-6.805822,-5.689213,-3.9804301,2.2958379,5.277609,6.0362244,-8.469091,-0.6598679,0.029173419,1.7188753,5.6881924,4.9939594,2.8918643,-5.9274354,1.4142852,7.1896,-0.96192586,-3.461773,-5.0661693,-9.913494,5.1601443,7.174616,-0.25369543,-2.3408608,-5.324934,-2.0123646,-7.696169,-5.738117,1.8526413,5.5996523,-7.790056,-4.635377,-3.920546,-6.945955,1.5251582,6.119358,-5.153838,-1.580195,-4.4832125,-3.0550659,2.312712,-0.22352909,3.6151495,6.7235513,0.51212406,-3.322024,-2.539449,6.081018,6.7222805,-4.324632,-3.1664119,-10.927822,-1.5454028,7.998707,-5.121745
P0A0M0,-7.4940267,6.9695506,10.563872,-1.9039358,4.1824207,-1.5200528,0.14136004,-7.5554028,-3.651728,-7.464007,-5.9694266,-5.354053,2.0994742,7.1284966,5.642554,-10.463091,-1.9126873,-0.62939113,1.6158508,5.5435586,5.3226724,3.8417523,-7.960066,3.4956672,8.222966,-0.5227178,-4.2477403,-5.10762,-9.978358,5.2156563,8.0685625,-1.8794676,-4.153194,-5.284778,-3.9286175,-7.5059624,-5.053758,2.3386924,6.148827,-8.879054,-4.83769,-4.9974856,-9.060178,0.6781437,8.074988,-5.751024,-0.97292584,-4.280067,-2.4274752,2.7753189,-0.6948953,3.747846,6.839247,0.96405655,-3.2923203,-2.223025,6.6193786,5.855034,-5.1262107,-3.6184094,-11.698516,-3.6603222,9.239236,-4.251164
Q9Y4K3,-12.459959,12.718793,17.84322,-3.6671991,7.8610244,-2.5714893,-0.3227267,-12.995271,-6.7623196,-12.517269,-10.717439,-9.711577,3.445066,12.925881,9.886159,-18.794096,-4.4338946,-2.1031523,2.3394225,10.607022,9.679118,7.461409,-14.119787,7.3208804,14.96178,-1.0430263,-8.628979,-8.535513,-18.00424,9.561432,14.606126,-4.4803963,-8.017318,-8.717257,-7.507283,-12.726307,-9.063472,4.351812,10.524784,-15.613214,-8.711168,-9.600267,-16.86554,0.16357547,14.562852,-10.474757,-2.0466092,-7.218472,-4.534393,5.0523157,-1.6907111,6.449039,12.242247,2.1184022,-6.354954,-4.050766,11.230301,9.442882,-8.693643,-6.367453,-20.770735,-7.3159842,16.439068,-7.039791
O00463,-11.669787,11.96453,16.467337,-3.2108674,7.260062,-2.4241118,-0.2200364,-12.232139,-6.164748,-11.756376,-9.867116,-9.08972,3.0979044,12.1719055,9.121234,-17.419264,-4.3651133,-1.8521347,2.0277534,9.752294,9.013113,7.113751,-13.267626,7.028404,13.975806,-0.8762518,-8.056712,-8.127811,-16.535923,9.003847,13.729327,-4.2562175,-7.6750903,-8.059233,-7.2170763,-11.964912,-8.09354,4.0378838,9.605719,-14.617175,-8.077123,-8.903648,-15.8375025,0.24707273,13.569803,-9.780869,-1.801747,-6.784612,-4.00719,4.9224653,-1.6671712,5.9850917,11.295398,1.9917972,-5.925158,-3.6953657,10.716795,8.648642,-8.413537,-5.981,-19.128521,-7.0815625,15.345889,-6.594666
P01501,-8.682632,8.63635,12.299265,-2.5501592,5.315002,-1.8469763,-0.21418518,-9.094307,-4.653088,-8.540517,-7.3548846,-6.583624,2.4400496,8.913617,6.8654103,-12.740021,-3.1880243,-1.4069753,1.6060193,7.3180833,6.772538,5.1212387,-9.705582,5.1173544,10.247091,-0.69997257,-6.0673738,-5.928054,-12.561717,6.644702,10.237196,-3.033878,-5.5187683,-5.971079,-5.14799,-8.710319,-6.2206545,3.0019937,7.1510315,-10.774953,-5.946889,-6.6296053,-11.633469,-0.00018781424,10.032724,-7.279544,-1.5329769,-5.048402,-3.2109623,3.4890237,-1.1434762,4.4432898,8.456225,1.5484143,-4.576968,-2.8293235,7.676358,6.591633,-5.894903,-4.4015384,-14.243795,-5.059794,11.270428,-4.885625
Q13480,-19.509918,20.027645,26.786198,-3.6052642,10.719128,-4.3100386,0.5603721,-20.32317,-8.811475,-20.681705,-16.032583,-15.26252,4.5308437,20.180218,14.361911,-27.976667,-6.357049,-2.1410444,2.8818116,14.522113,14.232662,11.707233,-22.063114,10.922455,21.75067,-1.3802457,-11.821279,-14.028515,-25.573715,14.798948,22.2974,-6.1411257,-12.568733,-12.89017,-11.933878,-20.951954,-10.702663,6.383047,14.983644,-24.713345,-12.707863,-13.316641,-25.322899,2.0918577,21.636194,-16.262768,-1.746556,-11.318724,-5.2938333,9.014268,-2.709923,9.793854,17.65261,2.8502574,-8.403362,-5.330485,18.953335,14.136858,-15.562838,-9.525415,-30.267517,-11.858526,24.737339,-11.049244
P00546,-14.999086,18.067513,22.171635,-4.6568513,11.324246,-3.2738621,-0.9998121,-16.688374,-9.52275,-16.516777,-14.386776,-13.94297,4.1610584,18.652401,12.228671,-25.885832,-7.493575,-3.9299872,2.5229604,14.00977,13.186125,10.94307,-20.006752,12.032427,20.165997,-1.0811685,-12.5728,-10.736903,-23.825811,12.652318,19.943438,-7.9514594,-12.435106,-10.740712,-11.6744175,-16.217562,-10.558889,6.2247314,13.767676,-21.495216,-11.355416,-13.726906,-23.980402,-1.2550206,20.663857,-14.42834,-2.2792392,-8.980624,-5.5783997,7.1057725,-2.7606075,8.4654455,15.971538,3.2502954,-8.51171,-5.0146093,14.579681,10.993398,-11.623318,-8.450632,-27.426382,-11.7587595,22.13989,-8.020878
P60174,-13.200162,19.255362,20.020494,-5.2530065,12.893898,-2.9446957,-2.2075632,-16.188654,-10.469918,-15.1802025,-14.300488,-14.7290945,3.7194188,20.127893,11.589146,-26.929794,-10.5695715,-5.6473584,1.5420264,15.170264,13.940735,12.802817,-20.974112,15.379761,21.818537,-0.7210478,-15.071788,-10.125349,-24.13333,13.038467,20.967493,-11.001166,-14.765147,-9.893676,-13.942448,-14.663062,-10.408848,6.783073,13.308517,-21.504152,-11.589742,-15.772653,-26.49697,-3.766515,22.04724,-14.763328,-2.632686,-8.311406,-5.634896,7.3969274,-3.667279,8.281682,15.987942,4.1518283,-9.753642,-5.113325,13.882729,8.723071,-11.300976,-8.865567,-27.326784,-14.299926,22.941498,-6.8798785
P20937,-15.764398,19.686205,23.628357,-5.623197,12.979369,-3.260915,-1.504793,-17.675926,-10.682504,-17.237907,-15.496348,-15.141045,4.529162,20.15301,13.2108965,-28.591848,-8.513738,-4.6413865,2.693899,15.726627,14.2703705,12.241305,-21.570244,13.349843,22.706514,-1.1842948,-14.069018,-11.395603,-25.750605,13.562576,21.401764,-9.235501,-13.655803,-11.814561,-12.9414835,-16.885012,-12.444385,6.8402486,15.177945,-22.714563,-12.575706,-15.478551,-26.392654,-1.8426837,22.47557,-15.280763,-2.6741362,-9.454414,-6.2536874,7.3471622,-3.1078556,9.162403,17.367416,3.6090558,-9.414783,-5.640775,15.4329195,11.406575,-12.296086,-9.402465,-29.9167,-12.765572,24.395369,-8.621841
P07814,-13.829337,16.662346,20.270863,-4.3398166,10.294233,-3.1130192,-1.0262495,-15.577537,-8.713165,-14.989671,-13.258759,-12.73523,3.7800474,17.175554,11.332025,-23.62382,-7.355083,-3.7494419,2.1089375,13.326271,12.412441,10.383655,-18.220541,11.344352,18.858625,-0.99163795,-11.98931,-9.993872,-22.166563,11.924683,18.54989,-7.6048717,-11.636353,-9.867089,-10.857712,-15.002339,-9.767646,5.726555,12.479777,-19.78291,-10.570394,-12.866651,-22.209694,-1.3688421,18.910217,-13.31355,-2.325346,-8.347328,-5.3238144,6.6449056,-2.612714,7.8419166,14.804458,3.0071392,-8.214859,-4.7531543,13.422723,9.986232,-10.673546,-7.813732,-25.164068,-10.925549,20.38389,-7.5892053
O75716,-19.15195,22.999668,27.86474,-5.602291,14.192441,-4.0994654,-1.1413071,-21.262196,-11.654549,-20.982986,-18.006676,-17.667776,4.991121,23.60925,15.471032,-32.731174,-9.49669,-4.780008,2.9582775,17.635427,16.533905,14.098211,-25.352547,15.162267,25.6677,-1.325094,-15.707687,-13.961909,-29.533533,16.188726,25.301174,-9.94,-15.786615,-13.54261,-14.9663925,-20.675207,-13.08531,7.7391777,17.062141,-27.032356,-14.4251375,-17.25028,-30.45978,-1.1052318,25.871262,-18.237188,-2.6496606,-11.421113,-6.6718955,9.272391,-3.5991125,10.636532,19.96249,4.212963,-10.617046,-6.181088,19.018732,13.646391,-15.393803,-10.772802,-34.36458,-15.150313,28.139149,-10.4486065
P0ADS2,-11.926386,11.647602,16.5625,-3.2388942,6.915576,-2.5067122,-0.14587113,-12.359264,-5.9296846,-11.56438,-9.784388,-8.740593,3.1174529,11.731602,9.287603,-16.94223,-4.248041,-1.6847792,1.9597481,9.957406,9.001009,7.045912,-12.741598,6.6181087,13.9471655,-0.97945195,-8.010171,-8.241177,-16.546316,9.1337185,13.611189,-3.9511013,-7.3186665,-8.118534,-6.8353186,-12.0907135,-8.372935,3.9235415,9.416783,-14.332005,-8.122833,-8.730377,-15.442814,0.46807295,13.059305,-9.6355715,-2.0237768,-6.903645,-4.179523,4.8980594,-1.6234775,5.9738426,11.329248,1.8902098,-6.0662785,-3.8388743,10.713291,8.821445,-8.340856,-5.951645,-18.955591,-6.626441,15.154367,-6.9515657
A0A0D1DWQ2,-13.71117,18.76122,20.611792,-4.4858127,11.643699,-3.2971687,-1.4157544,-16.218985,-9.525537,-16.063742,-14.363627,-14.456815,3.863348,19.384428,11.379949,-26.143755,-8.725078,-4.609499,1.8269005,14.176903,13.434814,12.113856,-20.311653,13.416181,20.712858,-0.9668872,-13.382217,-10.444362,-23.432848,12.552487,20.001776,-9.440108,-13.573949,-10.329216,-12.829903,-15.649608,-9.612019,6.49219,13.4236,-21.646538,-11.191498,-14.448895,-24.778818,-2.1517172,20.935509,-14.406047,-2.018214,-8.498067,-5.3900123,7.2569127,-3.01927,8.519996,15.503201,3.3130162,-8.537266,-4.906502,14.253647,9.646802,-11.754425,-8.54769,-26.824081,-12.714732,22.31721,-7.495579
Q6ZU80,-11.721626,11.86145,16.358809,-2.6528492,6.6243377,-2.6160316,0.1956439,-12.183212,-5.556175,-12.069196,-9.839531,-9.061027,2.9657812,12.056625,8.825487,-16.84156,-3.9659216,-1.5099844,1.8831407,9.287549,8.740623,7.0864625,-13.108399,6.587378,13.358784,-1.0049347,-7.583627,-8.16068,-16.105082,8.96428,13.499011,-3.8255968,-7.416443,-7.903412,-6.9172015,-12.290069,-7.210354,3.9827995,9.198272,-14.78664,-7.7812977,-8.273982,-15.257871,0.8097196,13.112147,-9.849681,-1.5229478,-6.8253646,-3.7190769,5.145487,-1.553943,5.877664,10.919599,1.7950217,-5.4712214,-3.4264462,10.959327,8.6594305,-8.748826,-5.7877784,-18.60508,-6.8353844,14.919673,-6.6461945
O08604,-9.453182,7.8896565,13.567943,-2.8799908,5.096088,-1.6776844,0.14633204,-9.012748,-4.5055118,-8.7819195,-7.2915044,-6.050093,2.8128204,7.7812066,7.3354306,-12.766929,-1.2976698,-0.570897,2.4488804,7.1220417,6.231418,4.093696,-8.938294,2.966159,10.149256,-0.8854534,-4.662815,-6.1257596,-12.28606,6.121677,9.177834,-1.5126519,-4.0220327,-6.9594283,-3.829067,-9.028905,-7.6412253,2.6521628,7.982516,-10.075978,-6.170995,-5.89411,-10.2580805,1.2759534,9.240872,-6.5338454,-1.4790249,-5.2208724,-3.421437,2.748071,-0.52439755,4.6014366,8.561049,0.950231,-3.8779194,-2.9744148,7.777038,7.7317224,-5.733764,-4.387107,-14.670699,-3.2082777,11.206233,-5.661522
Q13501,-13.694294,15.956028,19.802124,-4.213978,9.92384,-2.9929068,-0.85774857,-15.124324,-8.2699175,-14.518475,-12.738817,-12.193757,3.710776,16.396278,11.116706,-22.811134,-6.8107443,-3.3618023,2.0884948,12.780511,11.808068,9.944271,-17.530617,10.571479,18.23841,-1.0505956,-11.349664,-9.839048,-21.23964,11.521783,17.91939,-6.926681,-10.924128,-9.658186,-10.2959795,-14.516863,-9.772258,5.492518,12.041362,-18.904976,-10.238269,-12.253712,-21.35884,-0.93874884,18.0496,-12.81506,-2.2553174,-8.166113,-5.0894375,6.4109974,-2.5101764,7.5534534,14.281324,2.9655612,-7.8484325,-4.6270285,13.172078,9.860106,-10.520693,-7.6679525,-24.33673,-10.306914,19.824986,-7.5829196
Q15046,-18.898487,25.308805,28.223175,-6.4116707,16.333105,-4.128776,-2.062369,-21.997719,-13.311256,-21.537119,-19.250813,-19.477518,5.138087,26.21861,15.873872,-35.672085,-12.07843,-6.4033523,2.621736,19.337645,18.040194,16.03749,-27.780916,18.500635,28.105135,-1.2039546,-18.398504,-14.063096,-31.85182,17.254896,27.487291,-12.746269,-18.40188,-13.727013,-17.402687,-20.854856,-13.714902,8.755616,18.089811,-28.9964,-15.36086,-19.697012,-34.05422,-3.147382,28.76018,-19.702314,-3.0285425,-11.566068,-7.2043386,9.950136,-4.438027,11.185912,21.324013,5.009442,-11.985158,-6.639107,19.397745,13.069237,-15.790565,-11.636949,-36.70087,-17.786211,30.368599,-9.895654
O08583,-6.8662295,4.3181124,9.523603,-2.041033,2.603096,-1.2971594,0.34205753,-6.1755095,-2.6082566,-5.5635314,-4.7236404,-3.2209606,2.1279197,4.152651,5.2314095,-7.458494,-0.07702907,0.13638708,1.847928,4.8302045,4.0338173,2.112961,-4.8748627,0.690034,6.3002167,-0.8079922,-2.6210213,-4.1802087,-8.317437,4.0263495,5.6813626,0.05044643,-1.585518,-4.8862853,-1.416977,-6.1748066,-5.715942,1.5002407,5.200645,-6.1490216,-4.0481634,-3.3404474,-5.643171,1.3826929,5.1453457,-3.9917827,-1.385037,-3.7086544,-2.7206857,1.4879653,0.00839413,3.07799,5.743696,0.35369676,-2.6711388,-2.2277422,4.9276695,5.8966174,-3.3528945,-2.7617598,-9.515128,-0.8035244,6.896415,-4.3974133
P0A6Y1,-12.878817,12.317083,18.217247,-3.2230053,7.276538,-2.584112,0.1879577,-12.97674,-6.22253,-12.986017,-10.468488,-9.440409,3.439393,12.363421,9.803207,-18.35067,-3.2748275,-1.3086877,2.6174855,9.817223,9.1602,6.8465085,-13.771137,6.0720587,14.331814,-1.0323144,-7.3994265,-8.812027,-17.18234,9.200734,13.93718,-3.3981113,-7.247066,-9.00886,-6.8614964,-13.161651,-8.728838,4.0533295,10.555674,-15.3931465,-8.507412,-8.703247,-15.824656,1.2970783,13.900106,-10.077818,-1.6035144,-7.330949,-4.1356535,4.960803,-1.3485198,6.448264,11.86714,1.6912768,-5.5716033,-3.818069,11.626101,9.924652,-9.097413,-6.215534,-20.352333,-6.4850903,16.076557,-7.3892994
O33283,-12.9497795,16.668915,19.105047,-4.2999845,9.995208,-3.2685232,-1.2474666,-15.117041,-8.270657,-14.317227,-13.233793,-12.677388,3.6862893,16.988697,10.768452,-23.255383,-7.640933,-4.0235195,1.5624532,13.643948,12.458717,11.186254,-17.572401,11.384356,19.168251,-1.2166922,-12.247441,-9.800384,-21.745829,11.718992,18.093355,-8.129925,-11.707737,-9.765255,-11.016095,-14.573666,-9.5477915,5.789506,12.133704,-19.36876,-10.419748,-13.113187,-21.99792,-1.5933143,18.168667,-12.952201,-2.2913098,-7.979659,-5.514749,6.4298344,-2.5307994,7.965769,14.304019,2.8035984,-8.075539,-4.866436,12.9470825,9.223813,-10.571755,-7.8319507,-24.437979,-10.567868,20.257095,-7.7337036
Q9UNE7,-11.892895,13.025965,17.13339,-3.7021878,8.180325,-2.5071943,-0.59279656,-12.791644,-6.894065,-12.199166,-10.668611,-9.946413,3.296872,13.329487,9.598157,-19.001808,-5.1477942,-2.5115752,2.0415657,10.738636,9.804342,7.9608974,-14.388132,8.14517,15.250284,-0.95967513,-9.155745,-8.365375,-17.905472,9.579357,14.814016,-5.2212634,-8.605498,-8.42909,-8.115005,-12.287775,-8.781731,4.489179,10.324597,-15.619939,-8.669372,-10.042501,-17.454172,-0.41335136,14.850006,-10.557966,-2.0165234,-6.9918017,-4.449555,5.138451,-1.8956785,6.389034,12.0958605,2.3511162,-6.5305824,-3.9963434,11.054644,8.777179,-8.68814,-6.4432397,-20.583166,-7.985013,16.584951,-6.6982403
O15264,-20.609537,29.453775,30.615091,-6.3115773,17.814476,-5.0959773,-2.2396424,-24.93081,-14.231,-24.667755,-21.901464,-22.578604,5.368276,30.337341,17.048056,-40.128124,-14.367783,-7.3740864,2.0389764,21.76211,20.697647,19.490187,-31.533567,21.642859,32.012005,-1.3539062,-20.996925,-16.236422,-35.3114,19.66202,31.091158,-15.3175,-21.741655,-15.280765,-20.626722,-24.112299,-13.541496,10.0080595,19.822414,-33.44772,-17.115992,-22.411852,-38.766357,-3.424547,32.181553,-22.382034,-2.7599087,-12.917752,-7.6995234,11.8296585,-5.0761204,12.943642,23.408798,5.3179746,-13.120532,-7.2559013,22.400414,13.774944,-18.885454,-13.149742,-40.513428,-20.711708,34.357544,-11.356521
O43559,-17.047663,22.005106,25.606697,-6.6317883,15.328298,-3.2433455,-2.12552,-19.322,-12.490447,-18.480679,-16.905146,-16.923315,4.8506684,22.78411,14.664371,-32.082607,-10.606964,-5.769462,2.8184397,17.612991,15.824299,13.723248,-24.482038,16.170525,25.44451,-1.0881228,-16.533949,-12.233398,-28.63108,15.194896,24.32665,-11.114438,-15.867432,-12.483485,-15.066716,-17.774237,-14.094326,7.7632375,16.548246,-24.916283,-13.98681,-17.784151,-30.362059,-3.1157217,25.718683,-17.18725,-3.2692692,-10.250096,-6.7967415,8.300906,-4.00644,9.747757,19.40149,4.735691,-11.092243,-6.2180667,16.792345,11.91118,-13.294109,-10.560139,-33.26951,-15.421261,27.266632,-8.756751
P0AE88,-12.768199,12.227821,17.881445,-2.9860537,7.02955,-2.6285121,0.26847824,-12.918556,-5.9862976,-12.923802,-10.30697,-9.348842,3.321769,12.288684,9.61502,-17.976847,-3.3480623,-1.2229575,2.4474075,9.596725,9.060806,6.8735213,-13.638913,6.093136,14.074069,-0.9998908,-7.3083854,-8.816293,-16.851461,9.1764,13.863681,-3.361665,-7.2579675,-8.805733,-6.873237,-13.136032,-8.273819,3.9966316,10.235171,-15.311894,-8.337076,-8.516825,-15.655103,1.3730675,13.6697035,-10.026036,-1.5107101,-7.290262,-3.961223,5.074738,-1.3799394,6.3621445,11.632779,1.6749601,-5.488172,-3.714882,11.643609,9.735753,-9.19748,-6.1327987,-19.917778,-6.5444083,15.837452,-7.3370233
P0AFF6,-12.407554,13.02427,17.607473,-3.3634741,7.8962445,-2.5741248,-0.20748192,-13.021405,-6.5681324,-12.777898,-10.642171,-9.960708,3.304467,13.218842,9.663162,-18.99103,-4.5102997,-1.9651331,2.187234,10.300605,9.580029,7.7455916,-14.445699,7.4961777,15.059995,-0.95938104,-8.463916,-8.7552805,-17.529472,9.529656,14.658568,-4.577005,-8.285604,-8.7200165,-7.890119,-12.835807,-8.556278,4.369504,10.424145,-15.763095,-8.644787,-9.557818,-17.091507,0.41992918,14.63355,-10.494906,-1.69559,-7.204157,-4.1506677,5.2651997,-1.7483982,6.47714,11.989406,2.1192043,-6.0759683,-3.872222,11.619611,9.196513,-9.259833,-6.473038,-20.556879,-7.65094,16.63885,-7.052484
D9I2F9,-11.482837,10.047767,16.406744,-3.266937,6.0922494,-2.274615,0.1284017,-11.267353,-5.507788,-10.947047,-9.187571,-7.682736,3.3044612,10.01905,8.92431,-15.564673,-2.244464,-1.0521655,2.6322606,8.9096155,7.981232,5.3974996,-11.238667,4.407529,12.307668,-1.1102989,-6.294071,-7.478498,-15.486657,7.911005,11.787334,-2.364407,-5.48842,-8.100772,-5.0744133,-11.36864,-8.611195,3.411291,9.4460945,-12.965385,-7.502903,-7.414493,-13.038758,1.1663162,11.631065,-8.531248,-1.8704392,-6.456369,-4.2109046,3.8244078,-0.8923326,5.6459317,10.617337,1.3137858,-5.049331,-3.6270714,9.603444,9.2639475,-7.1429753,-5.2861514,-17.981142,-4.599187,13.684929,-6.7257752
O08807,-15.789169,17.329453,21.914139,-3.6086645,9.964068,-3.4443672,-0.16918454,-16.985569,-8.157528,-16.72917,-13.537279,-13.144123,3.7743738,17.644917,12.045265,-24.16624,-6.8540354,-2.6600313,2.15007,12.996595,12.453606,10.564981,-19.049114,10.795969,19.227798,-0.9978523,-11.326071,-11.472664,-22.129015,12.709002,19.392935,-6.586761,-11.6145525,-10.5850725,-10.992242,-16.874634,-9.476978,5.6856546,12.631237,-20.823084,-10.938859,-12.310872,-22.595083,0.3792835,19.076838,-13.894957,-1.9021544,-9.313005,-4.7336864,7.6190834,-2.7158074,8.181081,15.178358,2.875321,-7.937829,-4.6981573,15.49382,11.113596,-12.657741,-8.275033,-25.820366,-11.081894,21.307323,-8.770614
P21981,-11.570979,9.722209,16.211172,-3.0062637,5.520273,-2.427785,0.29191267,-11.320667,-5.1023183,-10.83857,-9.042981,-7.3678036,3.229742,9.665784,8.8601885,-14.818358,-2.1478553,-0.85679275,2.446906,8.779147,7.9016623,5.301847,-10.7689085,4.1014953,11.872556,-1.1778852,-6.136169,-7.5292315,-15.274844,7.9757957,11.665101,-2.044024,-5.2121964,-7.8990817,-4.75265,-11.499931,-8.231735,3.2871704,9.004989,-12.808797,-7.316339,-7.0502725,-12.540904,1.3950195,11.075814,-8.467017,-1.9221216,-6.513581,-4.1889586,3.929407,-0.8570531,5.5662518,10.426339,1.2241788,-5.039276,-3.6073468,9.584025,9.29391,-7.1431212,-5.1269855,-17.464838,-4.3145657,13.2460375,-6.88312
Q12904,-14.593391,18.797518,21.478994,-4.572294,11.663429,-3.3228285,-1.2688802,-16.840168,-9.582618,-16.41094,-14.454564,-14.392825,3.9186823,19.386911,11.978775,-26.317629,-8.67128,-4.3686886,1.9858595,14.455628,13.588458,11.974257,-20.469673,13.251503,20.987772,-0.95079327,-13.418571,-10.909995,-23.840195,13.00579,20.456537,-9.070474,-13.461471,-10.599971,-12.698761,-16.175657,-10.122294,6.4254737,13.533901,-21.823816,-11.512712,-14.432213,-24.990807,-1.7937247,21.081636,-14.642643,-2.2252114,-8.915079,-5.45665,7.492929,-3.0911782,8.567801,15.939231,3.4282513,-8.863171,-5.0291557,14.830474,10.202766,-12.090896,-8.698579,-27.336649,-12.7610855,22.6285,-7.965383
P68104,-14.913879,19.12527,22.053064,-4.7980824,12.081562,-3.3328454,-1.3030729,-17.059616,-9.903981,-16.744339,-14.793306,-14.71285,4.1012783,19.749737,12.286344,-27.023205,-8.660863,-4.464335,2.1510968,14.669913,13.750266,12.069776,-20.967459,13.409515,21.348093,-1.0420386,-13.628895,-11.017903,-24.390842,13.15936,20.856167,-9.121976,-13.588218,-10.830651,-12.85576,-16.35917,-10.608948,6.614165,13.95841,-22.213284,-11.730548,-14.704576,-25.522678,-1.8382349,21.604532,-14.96812,-2.2980227,-9.060176,-5.6095285,7.537182,-3.1534264,8.712324,16.320053,3.5732312,-8.97699,-5.159369,15.021782,10.53775,-12.215906,-8.913378,-28.088017,-12.91846,23.171583,-8.021279
Q00613,-11.987239,13.028894,17.281773,-3.7218015,8.126613,-2.5802917,-0.5832509,-12.880581,-6.9371953,-12.267238,-10.783459,-9.951423,3.3546724,13.352557,9.681037,-18.97082,-5.167754,-2.550573,2.0493865,10.825768,9.898078,7.9362354,-14.386572,8.165102,15.195358,-1.0103365,-9.256856,-8.348267,-18.166466,9.666375,14.919135,-5.2079325,-8.5950775,-8.415956,-8.045934,-12.409675,-8.804336,4.531526,10.354159,-15.769381,-8.681314,-10.050689,-17.46118,-0.47323895,14.90234,-10.676207,-2.1107914,-7.0546703,-4.569076,5.1746645,-1.9032567,6.4227653,12.223251,2.345713,-6.627483,-4.060103,11.0176935,8.921712,-8.604488,-6.422833,-20.717848,-7.9458065,16.569992,-6.7076693
P23256,-9.667989,8.351027,13.330844,-2.7564712,4.9185305,-2.0332572,-0.0032238453,-9.687597,-4.44914,-8.721706,-7.5559034,-6.2017784,2.6625488,8.337118,7.5412703,-12.536378,-2.6764538,-1.0035789,1.7721903,7.915353,6.9318366,4.9732146,-9.107943,4.169576,10.592747,-0.9389359,-5.9124045,-6.408843,-13.093857,7.0318933,10.23257,-2.3209214,-4.8441668,-6.5611525,-4.4342527,-9.442384,-7.225216,2.868887,7.376039,-10.683996,-6.3349156,-6.443872,-11.156824,0.66890717,9.481522,-7.2040772,-1.932667,-5.51195,-3.6773732,3.4489434,-0.9769722,4.6669726,8.928454,1.2720741,-4.820334,-3.2152169,8.04217,7.455905,-5.998504,-4.519705,-14.714374,-4.104725,11.417219,-5.844224
P16568,-12.4927635,14.3866005,18.361364,-3.8162286,8.800191,-2.795694,-0.6817955,-13.745314,-7.524226,-13.4442215,-11.742061,-11.055401,3.5190387,14.769145,10.101473,-20.71328,-5.6459794,-2.9260073,2.1760933,11.517104,10.766153,8.734392,-15.804377,9.108289,16.361254,-0.98365843,-9.941469,-8.894876,-19.489712,10.275408,15.982922,-6.006834,-9.645569,-9.03607,-9.015236,-13.448564,-8.854382,4.9364824,11.284921,-17.355465,-9.281266,-10.948008,-18.95042,-0.66208875,16.34282,-11.548156,-1.9580874,-7.447627,-4.77421,5.601533,-1.9898062,7.0214357,13.02573,2.391792,-6.8861723,-4.205431,11.857138,9.343486,-9.367353,-6.8302245,-22.278719,-8.862813,17.855629,-6.9740853
Q15637,-12.78042,15.016149,18.189245,-3.727586,9.17446,-2.850079,-0.7705797,-14.258924,-7.5918684,-13.5393095,-11.758911,-11.395637,3.3186975,15.457397,10.266164,-21.084717,-6.8310633,-3.1238167,1.6883599,11.900657,11.0909605,9.538883,-16.427853,10.274639,17.075861,-0.8780139,-10.810422,-9.3214035,-19.66045,10.9379635,16.932053,-6.70621,-10.51656,-8.842345,-9.901123,-13.624965,-8.701696,5.132452,10.914558,-17.72478,-9.508829,-11.469736,-20.133839,-0.94643,16.849535,-12.023732,-2.0895154,-7.677045,-4.5756164,6.265052,-2.5086226,7.0000343,13.241129,2.8232203,-7.478925,-4.2733016,12.483345,8.947153,-10.069876,-7.192682,-22.419064,-10.0012,18.481281,-7.068216
O60568,-13.028077,13.9927435,18.07357,-2.7884498,7.606924,-3.0719366,0.046439547,-14.014837,-6.3556647,-13.785471,-11.269304,-10.644403,3.1602015,14.311474,9.845858,-19.313633,-5.3244014,-2.077658,1.7366668,10.675997,10.275188,8.6179695,-15.322752,8.454474,15.380924,-1.0107198,-9.17539,-9.3701,-18.379822,10.471618,15.841178,-5.080528,-9.210537,-8.647223,-8.59883,-14.054062,-7.4560122,4.647482,10.176457,-17.244534,-8.825672,-9.809711,-18.05447,0.47875962,15.288079,-11.52406,-1.6242852,-7.7162027,-4.076281,6.2382402,-2.024334,6.738147,12.377021,2.2338667,-6.457599,-3.832932,12.609041,9.344715,-10.251767,-6.615197,-21.012527,-8.66693,17.128168,-7.357244
P16152,-16.859257,22.146496,25.000092,-5.234148,13.419825,-4.0244546,-1.5220559,-19.69014,-11.066394,-19.282623,-17.140066,-16.982407,4.545781,22.795856,13.904017,-30.815878,-10.060957,-5.2770004,2.211682,17.054234,16.057926,14.227165,-23.90122,15.475016,24.53065,-1.2201867,-15.725688,-12.735762,-28.022608,15.244563,23.89437,-10.741545,-15.807066,-12.374426,-14.881517,-19.090424,-11.522093,7.5427957,15.826323,-25.762354,-13.453221,-16.954752,-29.19476,-2.1111798,24.573856,-17.242329,-2.5022666,-10.364192,-6.490905,8.765627,-3.5143533,10.15258,18.585678,3.9161716,-10.25399,-5.8639975,17.302662,11.857271,-14.176523,-10.080661,-31.964167,-14.878833,26.42743,-9.386854
P02511,-15.771863,19.340736,23.282751,-5.511164,12.679632,-3.334969,-1.5052699,-17.700556,-10.571548,-16.886782,-15.28924,-14.818916,4.4269247,19.974464,13.230037,-27.813349,-8.951992,-4.7302065,2.4398859,15.666471,14.259535,12.087616,-21.316744,13.663103,22.157663,-1.1868916,-14.400241,-11.22565,-25.81156,13.781385,21.674896,-9.206181,-13.646045,-11.22744,-12.8082905,-16.68011,-12.101273,6.8122635,14.534674,-22.565357,-12.346114,-15.311971,-26.315247,-2.1647859,22.289595,-15.467577,-2.9727504,-9.478231,-6.2647796,7.578355,-3.3300204,8.879152,17.330078,3.8837285,-9.818348,-5.6346025,15.195442,11.271425,-12.007911,-9.230413,-29.471716,-13.023895,23.912197,-8.378104
P29350,-15.777612,19.948637,23.212223,-4.8837194,12.186028,-3.6836197,-1.2808158,-18.09299,-10.115674,-17.618267,-15.618785,-15.288511,4.2796316,20.544254,12.948066,-27.959772,-8.946271,-4.619373,2.1668966,15.548551,14.57258,12.682027,-21.663326,13.783582,22.24691,-1.1815047,-14.238533,-11.677225,-25.732258,13.9596405,21.840986,-9.3898945,-14.082054,-11.373195,-13.233969,-17.496605,-10.911655,6.849596,14.48501,-23.396439,-12.30192,-15.283981,-26.441442,-1.7485316,22.311052,-15.738568,-2.4675503,-9.609188,-6.0341954,7.960815,-3.1890028,9.22506,17.121605,3.597519,-9.454446,-5.454281,15.805581,11.208495,-12.827856,-9.220474,-29.3208,-13.269358,24.077108,-8.705748
P43593,-15.001685,17.943956,21.808817,-4.258028,10.802928,-3.3805983,-0.76637787,-16.679613,-8.916934,-16.530916,-14.156784,-13.768825,4.0043025,18.352385,11.972954,-25.38694,-7.2508774,-3.5522091,2.280038,13.74636,12.975579,11.119351,-19.595232,11.566184,20.054289,-1.1078546,-12.123046,-11.006152,-23.091024,12.571225,19.580645,-7.6560783,-12.21741,-10.791991,-11.560721,-16.413107,-10.085897,6.0607758,13.414558,-21.244017,-11.213336,-13.352009,-23.482565,-0.6591889,19.9625,-14.127266,-2.0188534,-8.98549,-5.3109913,7.194205,-2.6544318,8.489333,15.5347395,2.9949825,-8.1489935,-4.908913,14.859616,10.827136,-12.081494,-8.426831,-26.74772,-11.411458,21.93638,-8.389035
O94444,-6.310821,4.050546,8.536603,-1.5989262,2.10495,-1.377656,0.38247564,-5.8596897,-2.2392585,-5.20701,-4.368122,-2.992398,1.8725837,4.009881,4.70162,-6.510779,-0.4404172,0.08935871,1.4472166,4.373674,3.8668308,2.1161404,-4.540038,0.99512815,5.55817,-0.72102356,-2.6368477,-3.899993,-7.7389436,3.9050255,5.5056624,-0.10478306,-1.7129841,-4.216869,-1.4625944,-5.8647614,-4.6084867,1.4232111,4.433476,-5.957378,-3.5742595,-3.0248039,-5.2811704,1.1432427,4.742891,-3.9070823,-1.2831585,-3.4852514,-2.4409983,1.6641432,-0.096458316,2.8148186,5.228251,0.37568745,-2.6102266,-2.0033054,4.5989637,5.32131,-3.1967115,-2.4667368,-8.490198,-1.0465034,6.1701164,-3.9722655
P0ABC7,-12.145447,9.981156,16.51764,-2.6401641,5.1980596,-2.6466167,0.5703786,-11.859474,-4.7320027,-11.344215,-9.14764,-7.48855,3.1532915,9.8527775,9.020299,-14.791993,-2.1671329,-0.54360706,2.253665,8.769208,8.018734,5.595911,-10.933856,4.030036,12.008412,-1.214378,-6.0510383,-8.086071,-15.2376175,8.35194,12.020757,-1.8200182,-5.301171,-8.033536,-4.8767962,-12.181918,-7.8686986,3.2708142,8.825642,-13.194119,-7.4006715,-6.9000564,-12.68242,1.9477552,10.964011,-8.711665,-1.7909559,-6.8381248,-4.009356,4.3608823,-0.91278404,5.7029934,10.459911,1.1846763,-5.0191994,-3.5927818,10.300677,9.514683,-7.898338,-5.2601333,-17.463844,-4.435825,13.485622,-7.372935
P25911,-18.017654,24.54308,27.188541,-6.179586,15.782549,-4.042172,-1.9953779,-21.073215,-12.862148,-20.894588,-18.735374,-18.952106,5.050001,25.380232,15.141541,-34.606003,-11.480659,-6.216749,2.5654256,18.608654,17.419594,15.577602,-26.83589,17.757812,27.15614,-1.2339102,-17.65931,-13.470704,-30.770273,16.457323,26.328094,-12.3870735,-17.763218,-13.382615,-16.811604,-20.158266,-13.164598,8.534613,17.692469,-28.13046,-14.776751,-19.038754,-32.777897,-3.036508,27.777958,-18.953192,-2.7929547,-11.067827,-7.0201674,9.466335,-4.1641483,10.9361315,20.522297,4.6475077,-11.32924,-6.426954,18.583609,12.623946,-15.190053,-11.235518,-35.497482,-16.94833,29.369118,-9.505109
P13299,-13.264692,16.705452,19.517996,-4.0052404,9.807504,-3.3312798,-1.0239433,-15.357749,-8.2876625,-14.847899,-13.29019,-12.765719,3.666216,17.173271,10.83654,-23.183863,-7.4372115,-3.84398,1.7381202,13.242784,12.465548,10.796135,-17.899254,11.366881,18.660307,-1.0918056,-11.976038,-9.889562,-21.859478,11.787356,18.2746,-7.846601,-11.737679,-9.672422,-10.946329,-14.989595,-8.967257,5.742124,12.149085,-19.833832,-10.309374,-12.802827,-21.913254,-1.4061345,18.458607,-13.213753,-2.1253772,-8.146493,-5.307772,6.6539416,-2.5032437,7.9357767,14.381234,2.787895,-7.966594,-4.68162,13.205562,9.564637,-10.713949,-7.672092,-24.53239,-10.782025,20.076735,-7.58395
P04818,-17.291029,22.561144,25.746574,-5.6175103,14.474682,-3.7266884,-1.5908661,-19.811049,-11.794123,-19.678602,-17.260906,-17.419453,4.7097063,23.347889,14.306362,-31.983551,-10.194579,-5.3434577,2.6008368,16.980812,15.986489,14.045648,-24.912632,15.971995,24.966953,-1.0973678,-15.919194,-12.784569,-28.386854,15.310176,24.448442,-10.848925,-16.12045,-12.566929,-15.293664,-18.976677,-12.302013,7.7636304,16.42347,-26.045876,-13.726032,-17.286032,-30.152317,-2.2736292,25.653917,-17.57643,-2.524757,-10.492215,-6.3402534,8.851696,-3.7839262,10.096479,19.07061,4.317752,-10.394859,-5.8832126,17.625017,12.148276,-14.354658,-10.425662,-32.974564,-15.53338,27.216179,-9.067482
Q96EZ8,-17.224203,20.438372,24.919577,-4.890626,12.450735,-3.7764132,-0.9277756,-19.105946,-10.359084,-18.78645,-16.05356,-15.646308,4.480009,20.993713,13.802512,-28.856255,-8.636454,-4.182735,2.5701368,15.719567,14.827137,12.522349,-22.476698,13.589634,22.73012,-1.163512,-14.109068,-12.468821,-26.501316,14.553481,22.622425,-8.856898,-14.1089115,-12.021489,-13.258414,-18.66558,-11.480207,6.9139833,15.107198,-24.256325,-12.808138,-15.263992,-27.016111,-1.0233613,23.017958,-16.299505,-2.4838245,-10.304491,-6.007045,8.403282,-3.2554193,9.492547,17.892763,3.638414,-9.61318,-5.5815816,16.947165,12.303697,-13.655873,-9.553506,-30.563261,-13.444091,24.915771,-9.326318
P08318,-14.9655485,15.120252,21.007853,-3.3630836,8.638069,-3.1393034,0.23098154,-15.425921,-7.250309,-15.625247,-12.400029,-11.58763,3.7840378,15.269604,11.2678385,-21.82698,-4.555749,-1.7485995,2.6766958,11.409171,10.9503145,8.609973,-16.836578,8.075393,16.925295,-1.0912302,-9.078137,-10.507026,-20.097765,11.101848,16.901812,-4.6127396,-9.326119,-10.247001,-8.839339,-15.721246,-9.259931,4.9235377,12.100082,-18.710339,-9.9280405,-10.435995,-19.329885,1.3334999,16.810299,-12.276887,-1.6083503,-8.625402,-4.481813,6.3875012,-1.8861338,7.5810084,13.8505125,2.1618905,-6.575342,-4.2930236,14.079131,11.198268,-11.288631,-7.361542,-23.795336,-8.624376,19.113298,-8.430165
O75031,-19.222898,22.875608,27.086105,-4.478899,13.039028,-4.4937296,-0.59330046,-21.438515,-10.621265,-21.30428,-17.650389,-17.473383,4.6251564,23.48677,14.917642,-31.379553,-9.65351,-4.2375436,2.2847884,16.784548,16.286879,14.2911415,-25.013723,15.115715,24.681543,-1.2959127,-15.2948885,-14.285245,-28.560976,16.337847,25.266386,-9.59002,-15.833766,-12.943879,-14.971278,-21.244146,-11.166575,7.597323,15.938664,-27.238302,-13.833865,-16.391014,-29.842524,-0.4492301,25.050903,-18.300386,-2.2500713,-11.546657,-6.0179076,9.981435,-3.7221375,10.48655,19.265709,4.004504,-10.252282,-5.85783,19.502117,13.351612,-16.16488,-10.529437,-32.98235,-15.280564,27.408213,-10.536552
Q96AP0,-11.137628,11.511958,16.138247,-3.6522696,7.302787,-2.3040974,-0.536982,-11.765124,-6.3435745,-11.02968,-9.825652,-8.785775,3.1996968,11.760258,9.082019,-17.192623,-4.2182784,-2.1973715,2.1534593,10.035504,8.993559,6.8846083,-12.757828,6.8177147,13.853381,-0.9868181,-8.18679,-7.6165247,-16.712023,8.719389,13.363323,-4.3146234,-7.3311462,-7.9344964,-6.849165,-11.262947,-8.646013,3.9923239,9.64893,-14.062663,-8.025764,-9.067443,-15.507065,-0.25283086,13.319372,-9.534341,-2.0867355,-6.480363,-4.423009,4.3923893,-1.5058471,5.887991,11.250783,2.0621965,-6.062601,-3.8036761,9.898889,8.491355,-7.547661,-5.809311,-19.046757,-6.666315,15.010093,-6.384409
Q8N960,-13.210564,12.991878,18.150324,-2.6100786,7.084412,-2.8511877,0.42276084,-13.5640335,-5.9051213,-13.662521,-10.609186,-9.89967,3.2112193,13.1051445,9.721113,-18.491413,-3.8742464,-1.1975992,2.177342,9.67132,9.419431,7.494378,-14.427936,6.777033,14.4832535,-0.9399699,-7.643131,-9.372235,-17.110922,9.701088,14.650753,-3.6990752,-7.9614525,-8.862597,-7.571301,-13.870975,-7.642253,4.1712976,10.185502,-16.198818,-8.4917345,-8.747209,-16.502258,1.5422153,14.215025,-10.602898,-1.3006667,-7.610155,-3.710798,5.7200785,-1.6084144,6.56645,11.817724,1.7982292,-5.6118846,-3.659512,12.484772,9.766688,-10.119048,-6.372798,-20.238646,-7.362563,16.423004,-7.5600657
P41797,-12.948353,14.536684,18.842781,-3.9425414,9.040913,-2.7550616,-0.612029,-13.992245,-7.5859222,-13.669834,-11.821956,-11.152713,3.5984006,14.835305,10.402649,-21.141397,-5.521675,-2.7615404,2.2850163,11.650985,10.756679,8.801112,-16.016748,8.960809,16.762836,-1.0255272,-9.896539,-9.192343,-19.580383,10.419299,16.174686,-5.8235407,-9.580813,-9.343939,-9.052066,-13.652822,-9.382211,4.96518,11.519291,-17.392231,-9.512063,-11.022058,-19.210733,-0.35658625,16.468708,-11.61151,-1.9800333,-7.6322455,-4.765562,5.6602087,-2.0300198,7.104673,13.231564,2.4537446,-6.9121227,-4.2982173,12.247591,9.612982,-9.708773,-7.0643854,-22.69143,-8.832796,18.30535,-7.2840786
P00330,-11.189859,14.628125,16.528563,-3.7508636,9.295231,-2.533001,-1.1401255,-13.043775,-7.6333337,-12.508232,-11.186355,-11.179889,3.0930357,15.150142,9.284277,-20.542034,-7.0773787,-3.5331383,1.5208905,11.40188,10.660378,9.449957,-15.947528,10.607188,16.575233,-0.68390524,-10.726847,-8.404567,-18.642443,10.092559,15.981219,-7.34391,-10.645372,-8.256498,-10.05194,-12.300277,-8.096392,5.0573735,10.563077,-16.862991,-8.991491,-11.477938,-19.649689,-1.7298046,16.533834,-11.322713,-1.8652315,-6.8771744,-4.3457127,5.7388425,-2.4540358,6.660717,12.437419,2.7457933,-7.1099586,-3.9920154,11.348244,7.772068,-9.220705,-6.855462,-21.282003,-10.052607,17.698545,-6.103531
O43639,-18.443687,23.029917,26.508503,-4.5409994,13.01304,-4.4729943,-0.84684956,-21.092606,-10.633783,-21.019445,-17.691702,-17.5633,4.5511265,23.503258,14.475425,-31.46861,-9.763515,-4.531039,2.210108,17.05434,16.464294,14.647854,-24.731949,15.207722,25.042576,-1.22289,-15.3523,-14.06267,-28.414324,16.051926,24.721058,-10.200647,-16.081324,-13.123394,-15.171024,-21.06636,-10.971498,7.5693393,16.140354,-27.145857,-13.870281,-16.704784,-29.650526,-0.7614231,24.913109,-17.900951,-2.0917025,-11.237566,-6.1631308,9.652919,-3.5035653,10.675747,19.043346,3.624082,-10.068981,-5.8547482,19.116,12.856335,-15.905958,-10.425482,-32.740665,-15.094683,27.294231,-10.491878
P08638,-22.516844,31.84256,34.811466,-9.11035,22.181757,-4.5504165,-3.483222,-26.552216,-18.153666,-26.018837,-24.179161,-24.785162,6.579193,33.437695,19.864883,-45.815434,-16.042395,-9.32072,3.5752869,24.495783,22.57059,19.834146,-35.672424,24.739878,35.31398,-1.4229727,-24.229471,-16.320509,-40.665283,21.264635,34.85841,-17.174911,-23.707464,-16.459883,-22.40982,-24.336304,-18.218565,11.40845,23.076698,-36.041016,-19.24182,-25.714035,-43.99255,-5.9222355,37.53395,-25.031616,-4.2641296,-13.818105,-9.336619,11.982788,-6.0318933,13.552181,27.114843,7.2241344,-15.630389,-8.360807,22.942026,15.659026,-18.334476,-14.603364,-46.833546,-23.48701,38.31955,-10.749122
Q59NQ5,-27.215744,42.156425,40.56939,-9.452763,26.814697,-6.749936,-4.1047816,-33.824036,-20.70377,-33.087795,-30.478157,-32.352745,7.2581296,43.56381,23.218616,-57.171417,-22.768433,-11.808728,1.6863067,31.00724,28.901396,28.979635,-45.06433,33.24546,45.906338,-2.0282328,-31.673018,-21.809475,-49.248062,27.664585,44.502735,-23.837374,-32.132317,-20.136621,-30.778109,-31.733086,-19.370167,14.851393,27.037426,-46.36752,-23.849566,-32.907562,-56.741764,-6.9194555,46.08534,-31.78111,-4.287644,-17.298082,-10.635314,16.935633,-8.384054,17.616623,32.630405,8.669144,-19.214506,-10.372535,30.505568,17.144138,-26.208256,-19.056286,-56.586315,-31.142946,49.059917,-14.449889
Q16543,-12.03654,10.931098,16.737356,-3.0000947,6.094188,-2.6553333,0.1764865,-12.163697,-5.461174,-11.606882,-9.712333,-8.264187,3.2366824,10.967177,9.216721,-16.067276,-3.1528277,-1.2473537,2.1803951,9.462707,8.663308,6.3295364,-11.996331,5.3837595,12.960927,-1.1697588,-7.137676,-8.097429,-16.280725,8.772746,12.948744,-2.943155,-6.3567505,-8.108598,-5.8547287,-12.243874,-8.131697,3.691742,9.307365,-14.057462,-7.7846727,-7.9211435,-14.177453,1.0770056,12.228021,-9.369477,-1.9374577,-6.890222,-4.258783,4.6023984,-1.2206972,5.9373865,11.047194,1.5459992,-5.572767,-3.7623894,10.423625,9.332894,-8.007609,-5.58934,-18.508978,-5.5339193,14.402887,-7.109062
P03952,-18.68633,26.053635,28.125237,-6.369828,16.572384,-4.2937565,-2.2152197,-22.204601,-13.411473,-21.850315,-19.692959,-20.075405,5.1296477,26.97257,15.76699,-36.404617,-12.540425,-6.7519755,2.400576,19.715437,18.482807,16.822533,-28.34783,19.160255,28.751408,-1.2511214,-18.885096,-14.23301,-32.254932,17.465563,27.905388,-13.451809,-19.079094,-13.876402,-18.088236,-21.121693,-13.432444,9.003616,18.320456,-29.6669,-15.534356,-20.267342,-34.82858,-3.4060159,29.256264,-20.054382,-2.869278,-11.567141,-7.288723,10.137531,-4.490898,11.497846,21.43912,5.030312,-12.038325,-6.686132,19.631323,12.833928,-16.187983,-11.838681,-37.090767,-18.303936,30.952015,-9.971157
P50552,-19.529568,24.909595,28.601074,-5.6239,14.923358,-4.560826,-1.3806548,-22.385582,-12.206186,-22.180506,-19.25485,-19.108921,5.1013155,25.553038,15.812368,-34.670326,-10.848642,-5.4992986,2.5806737,18.839083,17.838446,15.784416,-26.994862,16.935892,27.393911,-1.4024761,-17.195179,-14.659343,-31.262934,17.220598,26.901169,-11.495601,-17.50435,-14.058792,-16.542274,-21.936192,-12.8689575,8.404969,17.803875,-29.09177,-15.135683,-18.652458,-32.659584,-1.6799961,27.51412,-19.461132,-2.6223311,-11.881346,-7.0300117,10.068808,-3.9435515,11.417987,20.900404,4.340803,-11.247871,-6.5075316,20.002127,13.725168,-16.461014,-11.386109,-36.014805,-16.5796,29.812027,-10.825025
P09237,-16.419193,22.826365,24.101702,-5.0533075,13.701384,-4.168863,-1.7793045,-19.818668,-11.117559,-19.111156,-17.229172,-17.440744,4.3051076,23.653198,13.62517,-30.992863,-11.516858,-5.839694,1.4930943,17.35338,16.450687,15.257166,-24.481997,17.040539,24.957546,-1.1723211,-16.845684,-12.751344,-28.18948,15.708621,24.743925,-11.89282,-16.923067,-11.803194,-15.952854,-18.90646,-10.7753725,7.865473,15.260702,-26.226402,-13.400522,-17.604462,-30.386778,-2.91076,25.087887,-17.774086,-2.5687284,-10.292066,-6.3577924,9.354329,-4.032223,10.110652,18.546238,4.362964,-10.780772,-5.86564,17.401966,11.010291,-14.5348015,-10.28306,-31.758196,-16.179495,26.777512,-9.039798
Q00987,-12.388824,13.475308,17.9108,-3.8344607,8.422961,-2.6243806,-0.5755491,-13.271358,-7.1545324,-12.739102,-11.123656,-10.30337,3.4599957,13.767165,9.984488,-19.693424,-5.1828027,-2.5705323,2.185401,11.120199,10.162887,8.152888,-14.876145,8.29945,15.7302,-1.024931,-9.40357,-8.65456,-18.648754,9.910908,15.295838,-5.31185,-8.825552,-8.790897,-8.290427,-12.84873,-9.1284075,4.6488323,10.790796,-16.25706,-8.990956,-10.339529,-17.97189,-0.3601452,15.378711,-10.949341,-2.0901103,-7.273515,-4.6620483,5.295313,-1.9142989,6.655407,12.590848,2.3592513,-6.714959,-4.1594253,11.444008,9.239019,-8.956689,-6.640481,-21.422705,-8.132729,17.151535,-6.966297
O14036,-13.970212,12.868118,18.783335,-2.4628754,6.4246917,-3.2293365,0.65914893,-14.215138,-5.5719852,-13.966069,-10.905324,-9.694008,3.3140876,12.91309,10.16874,-18.01109,-3.7460654,-0.9870036,2.062334,10.054401,9.733366,7.5201683,-14.088666,6.37777,14.36942,-1.1711446,-7.7473984,-9.760341,-17.747787,10.229167,15.015126,-3.2335138,-7.6539497,-8.9622965,-7.12954,-14.661446,-7.6749578,4.137476,9.999782,-16.5576,-8.607311,-8.53835,-16.24711,1.9211389,13.839836,-10.93411,-1.6065092,-8.039567,-4.0539193,6.001274,-1.5621992,6.7306466,12.148799,1.7018238,-5.929357,-3.8892815,12.807603,10.403345,-10.287239,-6.3403735,-20.419365,-6.9554863,16.340948,-8.192404
Q9NQ66,-19.140066,26.587858,28.43769,-6.330406,16.624746,-4.4618387,-2.2738695,-22.921091,-13.477008,-22.14,-19.946651,-20.3295,5.0285587,27.506935,16.104698,-36.715954,-13.309224,-6.918764,2.1499531,20.351013,19.04442,17.409468,-28.730534,19.864496,29.430794,-1.176722,-19.565422,-14.716,-32.856934,18.162539,28.678562,-13.941121,-19.707142,-13.977204,-18.60738,-21.708586,-13.37132,9.089994,18.244287,-30.241299,-15.894821,-20.734638,-35.60609,-3.5513864,29.656853,-20.498453,-3.0507073,-11.908432,-7.39076,10.624607,-4.719778,11.672703,21.84857,5.174168,-12.61615,-6.823305,20.216394,12.849442,-16.683067,-12.036898,-37.485485,-18.97596,31.41919,-10.347205
P08168,-14.362519,16.914587,20.735033,-4.6413603,10.946039,-2.9529967,-1.0638528,-15.84679,-9.019415,-15.083638,-13.264376,-12.896943,3.8504636,17.413464,11.76495,-24.285946,-7.653207,-3.7136524,2.166754,13.553139,12.391994,10.535136,-18.70589,11.656998,19.475986,-0.98669827,-12.302753,-10.268869,-22.347988,12.209036,19.076576,-7.6430764,-11.802704,-10.045088,-11.152819,-14.96808,-10.602228,5.855733,12.662325,-19.755827,-10.8806925,-13.160375,-22.966501,-1.3317621,19.358202,-13.51494,-2.506004,-8.551918,-5.2686596,6.8263044,-2.9064233,7.8000307,15.161337,3.3629627,-8.52398,-4.8977385,13.851388,10.131749,-11.028156,-8.20543,-25.758577,-11.327849,21.07981,-7.7277346
P60520,-14.365287,17.545221,21.146635,-4.5765347,11.301457,-2.9802237,-1.0710973,-16.020536,-9.328062,-15.76164,-13.675411,-13.520715,3.915942,18.154013,11.754378,-25.198183,-7.588881,-3.8594816,2.3750598,13.4767065,12.635868,10.688672,-19.546495,12.010148,19.712088,-0.9054437,-12.299115,-10.371102,-22.72375,12.205014,19.372408,-7.932472,-12.265382,-10.280704,-11.612877,-15.322419,-10.295728,6.0256996,13.20523,-20.546717,-10.998616,-13.433357,-23.534056,-1.3823174,20.158014,-13.874288,-2.1743624,-8.593507,-5.1784134,6.9155984,-2.8396237,8.043857,15.347991,3.35079,-8.313811,-4.7767186,14.148937,10.283059,-11.341504,-8.289405,-26.401201,-11.789985,21.559523,-7.576568
P04053,-20.609982,27.807198,30.979961,-7.0189257,18.012049,-4.529063,-2.2714581,-23.990046,-14.730739,-23.735233,-21.23762,-21.507761,5.6838155,28.909237,17.363949,-39.25505,-13.156429,-7.148513,2.9410908,21.028399,19.741463,17.450928,-30.694878,20.398285,30.53388,-1.370491,-20.180164,-15.218867,-35.0802,18.838032,30.226286,-13.97874,-20.204723,-14.881664,-19.088308,-22.792358,-14.883415,9.698285,19.905571,-31.997885,-16.730106,-21.57122,-37.43853,-3.5996766,31.783813,-21.805128,-3.2712374,-12.610903,-7.891965,10.911678,-4.892804,12.225092,23.412544,5.595877,-13.054549,-7.2209244,21.120728,14.384682,-17.17751,-12.693035,-40.39701,-19.634058,33.269802,-10.549556
P62913,-13.787026,15.515349,19.91374,-3.897548,9.424943,-3.0057685,-0.53431624,-14.94641,-7.939987,-14.721229,-12.533553,-11.913262,3.7180643,15.912681,10.951576,-22.258486,-5.995909,-2.8947673,2.3018677,12.124481,11.4158125,9.332101,-17.165699,9.725083,17.477715,-1.038228,-10.500299,-9.795239,-20.711912,11.163212,17.344368,-6.185929,-10.3338995,-9.677411,-9.719023,-14.675091,-9.368964,5.2809415,11.98973,-18.719704,-9.955825,-11.54324,-20.442232,-0.34848362,17.562754,-12.522388,-1.9938899,-8.151322,-4.863142,6.2731786,-2.2506356,7.4774675,13.974212,2.6525595,-7.3081822,-4.4372845,13.151465,10.1605015,-10.486214,-7.4135404,-23.910217,-9.676078,19.288109,-7.5888104
P68400,-17.813005,23.359102,26.24747,-5.8646245,14.8896,-3.9586473,-1.7581822,-20.547432,-12.0353365,-19.990393,-17.839624,-17.921879,4.8124647,24.089884,14.804791,-32.848072,-11.043705,-5.6840477,2.307572,17.969944,16.667095,15.004236,-25.497055,16.791773,26.127583,-1.2644937,-16.943146,-13.277435,-29.419107,16.088453,25.46879,-11.507726,-16.801983,-12.856874,-15.94932,-19.528091,-12.864721,8.09809,16.64244,-26.768164,-14.250061,-18.097353,-31.3818,-2.5364919,26.25326,-18.21114,-2.8564444,-10.857927,-6.7180176,9.287015,-4.0888963,10.436155,19.721989,4.569515,-11.07489,-6.262904,18.179789,12.281505,-14.888629,-10.896547,-33.90572,-16.12933,28.22166,-9.56696
P0A6F1,-14.772317,14.668332,20.280376,-2.8518207,7.877711,-3.2641673,0.4519015,-15.261187,-6.607075,-15.356805,-11.981048,-11.16789,3.5500655,14.810118,10.888695,-20.688017,-4.526461,-1.4686136,2.320216,10.92564,10.662421,8.511072,-16.224274,7.809368,16.182419,-1.0795679,-8.749729,-10.480858,-19.326794,11.011032,16.574064,-4.2959113,-9.071675,-9.789545,-8.573163,-15.648695,-8.355688,4.7212033,11.304574,-18.333704,-9.507338,-9.85859,-18.619196,1.6085994,15.999453,-12.049158,-1.4906943,-8.543008,-4.1843934,6.5487566,-1.8821714,7.357431,13.294983,2.058229,-6.3840165,-4.1047144,14.001305,10.884563,-11.358174,-7.1011467,-22.692337,-8.432999,18.375471,-8.415444
P0A7R5,-16.413626,18.282349,23.381763,-4.2169843,10.482328,-3.7933748,-0.47527647,-17.902416,-8.915297,-17.49415,-14.839294,-13.949139,4.2272835,18.689394,12.90554,-25.706436,-7.1209154,-3.3379588,2.4192169,14.371689,13.603485,11.168993,-19.96701,11.371365,20.351273,-1.3023359,-12.381601,-11.759918,-24.417286,13.465878,20.560472,-7.173754,-12.163485,-11.226414,-11.347475,-17.77148,-10.422588,6.1377144,13.699452,-22.274872,-11.669806,-13.396063,-23.86713,-0.1648308,20.3056,-14.930489,-2.3375335,-9.749808,-5.7179832,7.700982,-2.65658,8.847408,16.388884,3.0363336,-8.659763,-5.198756,15.74173,11.98683,-12.627609,-8.589685,-27.84059,-11.3852005,22.459518,-9.228862
P0A964,-12.453868,12.26414,17.62384,-3.3113093,7.299489,-2.589642,-0.031526804,-12.784388,-6.251248,-12.501812,-10.391298,-9.364634,3.3621764,12.378122,9.640111,-18.097692,-3.7982469,-1.6370437,2.3489861,10.025393,9.254869,7.0954237,-13.607585,6.535788,14.345297,-1.0528517,-7.8672776,-8.564768,-17.22436,9.245915,14.021701,-3.8287406,-7.4656243,-8.669694,-7.0326295,-12.750368,-8.63331,4.117146,10.236111,-15.211027,-8.417346,-8.939594,-15.991531,0.7784122,13.83859,-10.095453,-1.7919924,-7.159875,-4.253866,4.959531,-1.4890997,6.3393774,11.778122,1.8597473,-5.8539977,-3.8681855,11.249899,9.48706,-8.79698,-6.173877,-20.06712,-6.731276,15.920088,-7.1602125
P59240,-8.553641,6.7566833,11.915395,-2.2658746,3.9041507,-1.7416991,0.29360095,-8.2154455,-3.6401093,-7.774873,-6.431318,-5.111222,2.4561641,6.7151227,6.489801,-10.558129,-1.2519022,-0.3690354,1.9423705,6.2659144,5.620094,3.6144311,-7.5741706,2.5416188,8.563848,-0.85079414,-4.180777,-5.522369,-10.966356,5.63235,8.253142,-1.1266588,-3.4424703,-5.929066,-3.1608338,-8.269758,-6.26199,2.2914848,6.6169,-9.029851,-5.286139,-4.943264,-8.751404,1.220686,7.795006,-5.910629,-1.4385364,-4.7722554,-3.0921528,2.653196,-0.4655634,4.0497117,7.515052,0.7936186,-3.596664,-2.6585116,6.8983817,6.963317,-5.0774884,-3.7389722,-12.591229,-2.7076564,9.528693,-5.1673217
Q9Y6I3,-17.523424,20.912226,25.790533,-5.101491,13.202759,-3.5450888,-0.93336636,-19.246613,-10.928325,-19.473362,-16.336546,-16.202103,4.626849,21.607182,14.083946,-30.128391,-8.216717,-4.18544,3.1503155,15.522684,14.843813,12.242168,-23.504925,13.665136,23.030659,-1.0120423,-13.840847,-12.592348,-26.806831,14.432114,22.90026,-8.786394,-14.301334,-12.434128,-13.557802,-18.80207,-11.848307,7.0097327,15.9335,-24.763601,-13.059181,-15.489214,-27.646507,-0.9121926,24.026571,-16.576168,-2.1769392,-10.382381,-5.8387265,8.313616,-3.1714969,9.621088,18.216106,3.8046992,-9.367001,-5.4289045,17.33864,12.712945,-13.9206085,-9.728174,-31.557655,-13.865039,25.588001,-9.150993
P0A7V8,-11.919175,11.4247875,16.793856,-3.205467,6.7135253,-2.5411007,-0.056635242,-12.245825,-5.916448,-11.709601,-9.891194,-8.689959,3.2283568,11.595581,9.291692,-16.83852,-3.6677938,-1.6133792,2.2118616,9.690743,8.908215,6.617582,-12.6885805,6.164859,13.443093,-1.0511676,-7.629041,-8.077546,-16.647001,8.914261,13.420928,-3.5409443,-6.9568605,-8.108267,-6.456046,-12.109054,-8.257365,3.8750415,9.564041,-14.408693,-7.973541,-8.462012,-15.044144,0.59621036,13.009042,-9.672125,-1.9351655,-6.86173,-4.247845,4.703338,-1.401946,5.979707,11.288696,1.8282986,-5.8160853,-3.7538207,10.512535,9.135439,-8.086962,-5.7626452,-19.019806,-6.287387,14.897774,-6.843773
P03375,-14.383146,16.071075,20.688116,-4.068292,9.416501,-3.342147,-0.5702247,-15.686247,-8.008104,-15.179176,-13.210978,-12.250309,3.908879,16.335276,11.456948,-22.852877,-6.2377806,-3.0539432,2.2005367,13.049672,12.086262,9.985433,-17.3851,9.874354,18.340256,-1.2793589,-11.086991,-10.277876,-21.804035,11.790486,17.98193,-6.431551,-10.590309,-10.167077,-9.894453,-15.50601,-9.869477,5.487245,12.369592,-19.462635,-10.435641,-12.057138,-21.02372,-0.29537213,17.819647,-13.000331,-2.2634304,-8.54874,-5.391807,6.502146,-2.253206,7.935624,14.593542,2.5808659,-7.737439,-4.8185444,13.607021,10.643489,-10.851069,-7.694859,-24.806864,-9.634365,19.992872,-8.29581
O34002,-9.52108,10.802018,14.222923,-3.6589067,7.6101427,-1.7607557,-0.8183714,-10.214165,-6.3600535,-9.760873,-8.821903,-8.357837,2.9212403,11.168595,7.996043,-16.4252,-4.354447,-2.382905,2.0241551,9.006187,8.056353,6.445242,-12.23234,7.031977,13.000089,-0.7243381,-7.8122096,-6.5535083,-15.040817,7.6168156,12.2226925,-4.645677,-7.2229652,-7.112844,-6.892275,-9.456173,-8.142437,3.8555183,9.0650835,-12.669341,-7.300041,-8.754963,-14.87043,-0.90748775,12.863572,-8.614815,-1.8076856,-5.5641227,-3.847641,3.8335521,-1.5923736,5.2362137,10.195055,2.1628094,-5.524816,-3.3931978,8.691515,7.1690607,-6.6740346,-5.4925985,-17.548523,-6.743948,14.068186,-5.1261373
P10443,-19.049644,24.221027,28.109213,-5.8206463,15.097721,-4.2201295,-1.5064421,-21.697786,-12.43042,-21.507622,-18.736418,-18.669239,5.0693493,25.049782,15.610542,-34.135086,-10.71605,-5.567857,2.7877302,18.313,17.333267,15.010656,-26.693378,16.858839,26.616732,-1.2704974,-16.97982,-14.008514,-30.787317,16.735085,26.469738,-11.287491,-17.143457,-13.550294,-16.180042,-20.971333,-12.986722,8.276513,17.553951,-28.317661,-14.785676,-18.35126,-32.208633,-2.0875912,27.404417,-19.132599,-2.7393594,-11.531596,-6.889935,9.718925,-3.9887424,10.944811,20.630617,4.5690374,-11.208655,-6.3391457,19.252068,13.464091,-15.645111,-11.117128,-35.526695,-16.530945,29.152302,-10.085773
P61964,-11.664193,12.862,16.980444,-3.6385243,8.179063,-2.4224544,-0.55702525,-12.501828,-6.9272156,-12.167893,-10.538119,-9.894672,3.2962172,13.218963,9.398549,-18.869843,-4.9261804,-2.4629576,2.1573446,10.362298,9.585074,7.659338,-14.358565,8.02267,14.862988,-0.9034312,-8.883046,-8.131922,-17.645414,9.290974,14.536155,-5.10599,-8.484484,-8.308179,-7.994242,-12.080556,-8.568309,4.4543967,10.338208,-15.505074,-8.477541,-9.829171,-17.182356,-0.43164572,14.838384,-10.421193,-1.8851916,-6.8466115,-4.3144975,5.0097528,-1.8353826,6.284626,11.923225,2.2923706,-6.289367,-3.8691056,10.8313,8.728916,-8.485941,-6.3105545,-20.391935,-7.8953724,16.32662,-6.3939342
O22793,-10.567428,12.830937,15.67305,-3.8869808,8.66523,-2.1873047,-1.0922875,-11.880359,-7.37788,-11.165367,-10.162837,-9.8125925,3.0761576,13.380969,8.905435,-18.55588,-6.2696548,-3.2125041,1.7624038,10.544535,9.651487,7.932139,-14.294228,9.397378,14.872787,-0.6676817,-9.869786,-7.393665,-17.555649,9.202903,14.586098,-6.318854,-9.245639,-7.5414605,-8.591739,-11.007774,-8.31014,4.594852,9.846989,-15.097898,-8.275613,-10.371208,-17.674025,-1.8109131,15.169103,-10.302013,-2.1997232,-6.378677,-4.328469,4.986709,-2.255903,5.916734,11.773384,2.612473,-6.860077,-3.8618193,9.940011,7.62616,-7.6831703,-6.191719,-19.840141,-8.776154,15.954112,-5.4316506
P04806,-9.980634,9.957921,14.389038,-2.7176301,6.1069236,-2.0241425,-0.029473498,-10.253989,-5.3167567,-10.273724,-8.420476,-7.6916823,2.8077247,10.183856,7.715374,-14.849509,-2.988328,-1.3241502,2.1360185,7.8574166,7.4700036,5.5009637,-11.289783,5.3893147,11.470439,-0.72525,-6.25272,-6.79131,-14.012818,7.2744713,11.298673,-3.1384487,-6.134043,-7.069326,-5.754742,-10.235085,-6.8846726,3.3692179,8.551768,-12.479743,-6.741932,-7.2303777,-12.967175,0.4798127,11.565341,-8.163098,-1.3443841,-5.746445,-3.3834789,3.90304,-1.1338706,5.139672,9.561778,1.4694616,-4.633202,-3.0475655,8.980456,7.7738147,-6.949627,-4.9580026,-16.396463,-5.5390067,12.872387,-5.5034585
P04807,-13.428777,14.878542,19.697765,-4.231804,9.566655,-2.7279952,-0.6687063,-14.353015,-8.140561,-14.116025,-12.201296,-11.489193,3.797974,15.31447,10.874626,-21.916843,-5.6277876,-2.9274478,2.5846524,11.89795,11.023478,8.681101,-16.706535,9.320067,17.033281,-1.0211115,-10.2333765,-9.263936,-20.441053,10.693991,16.786076,-5.90931,-9.814739,-9.516344,-9.217526,-13.91931,-9.890008,5.1573453,12.019653,-17.967508,-9.784778,-11.336873,-19.884943,-0.57938355,17.315948,-12.102184,-2.1562142,-7.865072,-4.951776,5.776559,-2.151321,7.200499,13.833052,2.6901038,-7.2255197,-4.4199686,12.449106,10.106976,-9.696393,-7.224637,-23.684282,-9.222652,18.819235,-7.1926246
P02746,-16.77651,24.09816,25.126947,-5.617046,14.921501,-4.126123,-2.1120093,-20.409239,-12.009238,-19.852518,-18.067062,-18.480556,4.5493913,24.9234,14.152974,-33.11038,-12.051337,-6.3605046,1.7487526,18.282803,17.184786,16.055468,-25.860064,18.00339,26.567938,-1.158484,-17.682163,-13.133822,-29.46123,16.163664,25.683662,-12.830803,-17.889572,-12.561157,-16.953547,-19.393183,-11.731445,8.304459,16.420496,-27.30886,-14.170013,-18.79318,-32.088898,-3.326171,26.609917,-18.410612,-2.5917518,-10.537882,-6.685457,9.47906,-4.1783733,10.632909,19.43115,4.5636506,-11.156407,-6.139099,17.998747,11.281647,-15.036053,-10.868426,-33.54843,-17.025555,28.336403,-9.241946
O88951,-10.124069,9.25905,14.699681,-3.0948343,6.0851684,-1.761195,0.03222683,-9.883356,-5.209223,-9.8821945,-8.117516,-7.154468,2.9718816,9.226202,7.8872294,-14.691879,-1.9253573,-0.904392,2.5830512,7.778958,6.965645,4.8820343,-10.533899,4.059716,11.47271,-0.8285287,-5.4382935,-6.7286024,-13.495009,6.7851887,10.418984,-2.2896469,-5.107463,-7.5488434,-4.917805,-9.877625,-8.030087,3.0898862,8.881623,-11.484606,-6.8332686,-6.8502073,-12.038304,1.0862999,10.823726,-7.4308133,-1.3951776,-5.6475964,-3.5089588,3.2442193,-0.7816317,5.0823593,9.422857,1.2156903,-4.2470107,-3.1361678,8.746381,8.115742,-6.6157217,-4.951285,-16.334324,-4.345361,12.712549,-5.8821945
O76054,-19.652737,24.148085,27.998901,-5.178164,14.235207,-4.54278,-1.0583594,-22.203995,-11.50687,-21.768589,-18.557842,-18.436815,4.8614197,24.787941,15.623739,-33.35876,-10.64318,-4.9698052,2.3062332,18.14869,17.242004,15.376247,-26.28603,16.395992,26.49942,-1.3856101,-16.656694,-14.704721,-30.181091,17.115723,26.577862,-10.73605,-16.91867,-13.538242,-16.05106,-21.656944,-12.33872,8.1051445,16.842537,-28.289223,-14.6922,-17.83329,-31.84243,-1.1497536,26.522842,-19.139744,-2.5903976,-11.8627205,-6.577978,10.234469,-4.027893,10.985436,20.306564,4.4331083,-11.078268,-6.2974973,20.039213,13.528854,-16.588982,-11.18849,-34.80858,-16.307697,29.045326,-10.859432
P03485,-21.733864,29.23491,32.03763,-6.612446,17.674788,-5.1796913,-2.0069823,-25.527235,-14.225513,-25.106577,-22.217705,-22.379642,5.6808167,29.94641,17.874353,-40.391724,-13.473754,-6.9460363,2.5115747,22.160946,20.783747,19.071533,-31.352032,20.559694,32.27363,-1.5808512,-20.605217,-16.716276,-35.95001,19.931051,31.196957,-14.364805,-20.969345,-15.971155,-19.896091,-24.79462,-14.710971,9.893122,20.355064,-33.500175,-17.533623,-22.218998,-38.46008,-2.6560764,31.993439,-22.466915,-3.0205808,-13.387711,-8.09815,11.68816,-4.823318,13.171656,23.962494,5.204038,-13.19809,-7.5347347,22.859802,14.888622,-19.028297,-13.294546,-41.376564,-19.857323,34.707863,-12.203517
P54786,-16.016455,17.081545,23.019217,-3.9943192,10.186848,-3.3120415,-0.0857987,-16.779932,-8.586834,-17.167068,-13.881879,-13.187827,4.1963005,17.387205,12.330279,-24.769287,-5.51326,-2.4890893,3.0180867,12.779415,12.278676,9.658389,-19.12993,9.728852,18.935692,-1.1120788,-10.543168,-11.215026,-22.59593,12.1915045,18.876585,-5.84112,-10.862297,-11.164258,-10.254448,-16.986217,-10.294965,5.655193,13.666554,-20.933594,-11.031972,-12.058436,-22.014643,0.7028453,19.338722,-13.762589,-1.8041376,-9.300761,-5.039029,6.9762955,-2.233649,8.360568,15.48671,2.5855691,-7.4306245,-4.7323,15.198715,12.042149,-12.1198015,-8.153087,-26.713171,-10.1494,21.348228,-8.723627
O43614,-13.87594,14.604566,20.03542,-4.2732325,9.085558,-2.8751287,-0.519985,-14.612697,-7.703232,-14.060723,-12.242062,-11.156875,3.8728733,14.766072,11.146481,-21.608099,-5.115272,-2.5895054,2.573172,12.2591915,11.037992,8.751175,-16.047186,8.421327,17.293766,-1.2370281,-9.930928,-9.636513,-20.405262,10.819771,16.523703,-5.3575673,-9.220882,-9.9398775,-8.697666,-14.286891,-10.433516,4.985731,12.019382,-17.648472,-9.976129,-11.146971,-19.335741,0.0648298,16.540083,-11.848966,-2.285001,-8.062014,-5.2076197,5.6430798,-1.919658,7.3774357,13.850345,2.4283557,-7.1785345,-4.623672,12.677753,10.469091,-9.887536,-7.290263,-23.63193,-8.364317,18.83841,-8.010607
O58966,-10.061761,10.536885,14.432191,-3.5287614,7.00837,-2.025974,-0.62115586,-10.613135,-5.907133,-9.731512,-8.851076,-8.012474,2.942013,10.770884,8.275562,-15.783746,-4.2900815,-2.1226265,1.7916794,9.285269,8.146138,6.54379,-11.684795,6.59172,12.937107,-0.9377572,-7.848289,-6.8804193,-15.191488,7.990773,12.358208,-4.2052236,-6.846339,-7.1351576,-6.4808097,-9.891497,-8.262398,3.7712784,8.688524,-12.583361,-7.343194,-8.505534,-14.518833,-0.50170416,12.215182,-8.679463,-2.0818734,-5.850842,-4.053842,4.0332303,-1.5965399,5.281812,10.278866,2.094852,-5.7573357,-3.5924454,8.920017,7.489359,-6.8538065,-5.5048976,-17.361113,-6.283475,13.924849,-5.7235723
P61086,-13.640515,15.137064,19.161528,-3.281569,8.777807,-3.0317385,-0.22894064,-14.74782,-7.2341995,-14.577176,-11.97219,-11.564437,3.4150689,15.503443,10.503652,-21.277483,-5.8538465,-2.4425592,1.9829228,11.38233,10.9487505,9.2184925,-16.724152,9.398058,16.78447,-0.938916,-9.91875,-9.897074,-19.54271,10.973227,16.945095,-5.7718587,-10.100821,-9.2912035,-9.57876,-14.582788,-8.379841,5.032863,11.211177,-18.261776,-9.523943,-10.870195,-19.780256,0.17507592,16.780926,-12.19754,-1.6636032,-8.058167,-4.2899427,6.474988,-2.2573068,7.218342,13.2719555,2.5576832,-6.9004364,-4.12428,13.317899,9.769856,-10.858548,-7.2258577,-22.715893,-9.594661,18.669943,-7.582953
P0ADY3,-12.123535,10.7251005,16.812359,-2.8421803,5.993536,-2.5346208,0.38026154,-12.011023,-5.2772675,-11.743207,-9.467679,-8.138658,3.2027826,10.684675,9.112174,-15.966042,-2.5875702,-0.8617203,2.3713949,8.978234,8.293569,5.977828,-11.888482,4.8145704,12.708809,-1.0922688,-6.469563,-8.17367,-15.66862,8.472387,12.520114,-2.464501,-6.007769,-8.255862,-5.6170683,-12.249337,-8.056842,3.525382,9.366405,-13.782959,-7.682992,-7.5102644,-13.715188,1.5963029,11.968428,-9.055549,-1.658231,-6.859514,-3.955729,4.4820547,-1.0708829,5.8739266,10.78903,1.3749409,-5.120509,-3.5928316,10.583397,9.434864,-8.1895485,-5.5413446,-18.260899,-5.207616,14.260757,-7.165369
P33421,-12.718601,11.365859,17.37573,-2.6618748,6.1295485,-2.6931667,0.5313055,-12.645122,-5.260557,-12.451798,-9.794163,-8.598424,3.1956952,11.298242,9.385887,-16.61507,-2.801244,-0.75066686,2.2896004,9.162791,8.594192,6.442742,-12.548901,5.1301227,13.255143,-1.086553,-6.6448655,-8.754249,-15.992824,8.924998,13.1539955,-2.5756328,-6.4367433,-8.551133,-6.084719,-12.971847,-7.937288,3.656495,9.551563,-14.492627,-7.9584904,-7.7255955,-14.411483,1.9221429,12.425017,-9.498586,-1.5153446,-7.2085977,-3.833151,4.9329147,-1.1943344,6.12187,11.075852,1.4364434,-5.2013507,-3.6223037,11.403946,9.687546,-9.017755,-5.8280225,-18.799896,-5.6811385,14.938889,-7.561222
B9VJ59,-15.810215,21.346127,23.85241,-5.80552,14.078943,-3.5254602,-1.9833881,-18.508837,-11.670712,-17.885372,-16.435886,-16.42459,4.545212,22.201412,13.503891,-30.168884,-10.6791315,-5.7729874,2.2073522,16.746614,15.482111,13.606551,-23.416111,16.077229,23.88873,-1.0985191,-16.188969,-11.540428,-27.618605,14.652758,23.419495,-11.183735,-15.705411,-11.50698,-14.71256,-17.369999,-12.068183,7.605453,15.430173,-24.571918,-13.026978,-16.994062,-29.009653,-3.3571248,24.585867,-16.762798,-2.9994686,-9.739292,-6.5328703,8.290256,-3.87554,9.464244,18.365585,4.3097134,-10.600347,-5.8908315,15.855972,11.084695,-12.712737,-9.870541,-31.352997,-15.030616,25.687046,-8.1001835
P13232,-23.597677,34.481934,35.68534,-8.712929,22.423237,-5.4472036,-3.61657,-28.815228,-18.118637,-27.668125,-25.75663,-26.53398,6.420766,36.01202,20.557133,-47.87135,-18.176332,-10.009948,2.5560632,26.498943,24.602201,22.709703,-37.592754,27.044151,37.97236,-1.5541166,-26.34116,-18.07082,-42.738422,23.324165,37.468006,-19.076284,-26.081224,-17.152859,-24.658062,-26.620806,-17.481646,12.081443,23.330393,-38.797096,-20.358742,-27.55061,-47.035095,-6.1027527,39.078426,-26.840132,-4.2420244,-14.793434,-9.686891,13.572777,-6.5503373,14.677512,28.219313,7.508615,-16.777164,-8.784737,25.105259,15.643733,-20.675346,-15.526575,-48.522022,-25.616396,40.636513,-12.172724
P98170,-15.41541,19.431097,22.668169,-5.004083,12.290782,-3.4232728,-1.3646402,-17.570055,-10.144528,-16.995682,-15.121957,-14.897225,4.2016025,20.073313,12.750624,-27.475393,-8.949828,-4.5997806,2.1854982,15.20891,14.138463,12.284776,-21.296616,13.703809,21.842535,-1.0938739,-14.093218,-11.290109,-25.144188,13.62313,21.4538,-9.269235,-13.814238,-11.028266,-13.018368,-16.743994,-11.065259,6.731311,14.174999,-22.633385,-12.065925,-15.064682,-26.093422,-1.9461503,22.020742,-15.363155,-2.5558157,-9.345751,-5.8731365,7.735294,-3.2693567,8.865425,16.825106,3.7372143,-9.423112,-5.3611126,15.335415,10.867795,-12.373765,-9.099568,-28.775307,-13.184196,23.63837,-8.299416
Q08379,-12.48,13.87117,17.685501,-3.240915,7.951128,-2.8833003,-0.29062557,-13.570601,-6.6209254,-13.164993,-11.160543,-10.499189,3.224848,14.025156,9.694345,-19.43919,-5.4818897,-2.3519988,1.7684872,11.067829,10.26582,8.742512,-14.907794,8.474778,15.8574,-1.0051626,-9.3905,-9.036858,-18.327772,10.190375,15.35557,-5.5174947,-9.195919,-8.821667,-8.595804,-13.514436,-8.16916,4.6571407,10.432937,-16.701735,-8.955297,-10.166702,-17.95006,0.052326072,15.144937,-11.033529,-1.8109897,-7.4353504,-4.3611155,5.7846913,-1.9733611,6.7695127,12.371057,2.0649843,-6.538941,-4.0308414,12.043097,9.0026,-9.710174,-6.663336,-21.001007,-8.32603,17.14607,-7.273291
P00191,-9.548183,13.796095,14.503701,-3.6685362,8.873469,-2.3502343,-1.3503374,-11.612949,-7.1702685,-11.10586,-10.367919,-10.464489,2.8880897,14.041737,8.08555,-19.148727,-7.132069,-3.6042767,1.0848466,10.951951,9.977648,9.455728,-14.433031,10.246071,16.01878,-0.67566717,-10.395651,-7.4847984,-17.132387,9.103956,14.336783,-7.7064395,-10.260192,-7.796505,-9.687979,-11.057244,-7.66967,4.8734727,9.937018,-15.414072,-8.364509,-11.0909195,-18.262482,-2.1085398,15.164339,-10.034588,-1.7791706,-6.0540595,-4.2409973,5.0803947,-2.3197103,6.3456154,11.379341,2.1664546,-6.570135,-3.9304123,10.011475,6.5564895,-8.275469,-6.4904394,-19.493996,-9.102898,16.523989,-5.5452156
P09032,-14.34154,13.039623,19.32711,-2.6200492,6.5757637,-3.261998,0.6739232,-14.4913435,-5.704305,-14.220111,-11.137643,-9.820736,3.4361045,13.031106,10.473179,-18.4212,-3.6282108,-0.95632905,2.2047577,10.326664,9.890869,7.574595,-14.267154,6.270298,14.719266,-1.2354473,-7.805097,-9.967025,-18.138899,10.398713,15.217147,-3.1521597,-7.628486,-9.270156,-7.1156764,-14.9559355,-8.123296,4.189182,10.319425,-16.775614,-8.847308,-8.686417,-16.459946,2.061032,14.035859,-11.074048,-1.6846932,-8.217975,-4.2157936,6.010578,-1.5319782,6.8866353,12.448949,1.6954743,-6.023004,-4.0190997,13.047257,10.743218,-10.432912,-6.4843597,-20.94127,-6.8746696,16.701822,-8.466175
P11229,-15.319167,18.856604,22.499586,-4.822134,11.224294,-3.7250886,-1.3000124,-17.642138,-9.595847,-16.697893,-15.17137,-14.37647,4.175876,19.444244,12.716141,-26.387316,-8.518987,-4.5497575,2.0778341,15.443703,14.324113,12.104649,-20.311834,12.951588,21.283714,-1.2700632,-13.871113,-11.238003,-25.287724,13.661414,21.061893,-8.846921,-13.238931,-10.925804,-12.286852,-16.9716,-10.6771,6.4738064,13.783928,-22.44948,-11.906532,-14.7192,-25.079683,-1.7844474,21.08367,-15.210241,-2.7205172,-9.35231,-6.2673745,7.5439835,-2.8982136,8.937258,16.63772,3.4369826,-9.452154,-5.4093175,14.969244,11.03308,-11.947174,-8.689029,-28.19525,-12.372464,22.837952,-8.701183
P19784,-23.010935,34.102814,35.253643,-8.622804,22.397272,-5.271336,-3.5420277,-28.073,-18.09745,-27.498985,-25.455437,-26.368546,6.4531016,35.595734,20.03654,-47.57135,-17.602768,-9.842291,2.7606983,25.774546,24.067808,22.19444,-37.281017,26.56309,37.333504,-1.4986753,-25.673653,-17.57303,-42.022736,22.59466,36.595417,-18.841452,-25.708563,-17.06694,-24.326538,-26.164347,-17.226133,12.004416,23.441946,-38.370167,-19.981295,-27.089315,-46.26224,-6.020598,38.79791,-26.30985,-3.949253,-14.430954,-9.458428,13.171548,-6.3599415,14.530057,27.776754,7.1877522,-16.13495,-8.599082,24.566841,15.488129,-20.24667,-15.299496,-48.03134,-25.085411,40.1217,-11.675355
Q13951,-21.55222,30.835325,31.75432,-7.038447,19.170706,-5.2274413,-2.7556512,-26.211277,-15.342055,-25.163572,-22.898716,-23.608232,5.5569844,32.097157,18.225397,-42.05317,-16.162514,-8.363787,1.8607152,23.318295,21.931835,20.6083,-33.36123,23.828377,33.655506,-1.4382339,-23.157747,-16.760118,-37.629112,21.108383,33.56069,-16.593166,-23.222445,-15.298921,-21.998684,-24.533512,-14.623714,10.670492,20.242208,-34.892746,-17.996445,-24.072872,-41.652714,-4.609617,34.239605,-24.034739,-3.511994,-13.513728,-8.287933,12.645149,-5.8395276,13.203646,24.85613,6.4851136,-14.7438755,-7.732742,23.15504,14.054741,-19.372808,-13.882499,-42.645782,-22.752783,36.14103,-11.45591
P09326,-17.232626,19.570467,24.860563,-4.8831825,11.924575,-3.7459342,-0.6576375,-18.591566,-9.867726,-18.449644,-15.734764,-15.016402,4.6379075,19.88933,13.672921,-28.06195,-7.4735312,-3.6255615,2.7577646,15.239549,14.166219,11.901494,-21.458717,12.11287,22.085375,-1.4221869,-13.1407585,-12.281079,-25.762917,13.971423,21.617287,-7.7971053,-12.919259,-12.171638,-12.222275,-18.407372,-11.920326,6.68339,15.045074,-23.359442,-12.522548,-14.470615,-25.666758,-0.27690443,21.87223,-15.625995,-2.4482758,-10.163662,-6.046116,7.8928475,-2.9101315,9.386485,17.47294,3.2646568,-9.000228,-5.6199665,16.55977,12.624909,-13.325508,-9.396249,-29.988983,-12.01464,24.348335,-9.582289
P20065,-21.851128,27.168673,32.488438,-7.1572084,17.734692,-4.470461,-1.808186,-24.366596,-14.633708,-24.236832,-21.215643,-21.037802,5.9797964,28.12362,18.109638,-39.127674,-11.748356,-6.341254,3.6469944,20.772709,19.371628,16.370447,-30.355047,18.81467,30.144196,-1.493005,-19.155119,-15.587841,-35.184204,18.797102,29.946877,-12.4402485,-19.00343,-15.47353,-17.958363,-23.371344,-15.895413,9.414215,20.358799,-31.738335,-16.912497,-20.804375,-36.54854,-2.47212,31.384205,-21.640743,-3.3792622,-13.051437,-7.982131,10.686517,-4.5711684,12.2318,23.755184,5.3968625,-12.7919035,-7.3123593,21.54765,15.68009,-17.229061,-12.672195,-40.93869,-18.500626,33.208908,-11.19101
Q06124,-17.023836,22.770115,25.335093,-5.521192,14.1029,-4.0308876,-1.7480496,-20.008533,-11.615144,-19.507198,-17.52538,-17.483805,4.641045,23.553614,14.197245,-31.694553,-10.793218,-5.7072344,2.1687593,17.537825,16.475876,14.66629,-24.69809,16.438969,25.167921,-1.2170703,-16.549608,-12.798063,-28.850538,15.651006,24.715498,-11.402857,-16.49253,-12.39147,-15.5142975,-19.17661,-11.874537,7.8639407,16.12159,-26.370638,-13.745527,-17.623497,-30.330118,-2.6794915,25.508156,-17.80527,-2.7128263,-10.500773,-6.6674623,9.029356,-3.8253279,10.263613,19.113653,4.274186,-10.759851,-6.0324664,17.477207,11.873485,-14.29093,-10.368048,-32.809036,-15.689397,27.133642,-9.224497
Q383B2,-8.456821,10.626652,12.671532,-3.0995445,7.1902246,-1.7571005,-0.86213577,-9.588382,-5.9643855,-9.255014,-8.311958,-8.227454,2.535507,11.140444,7.0823374,-15.479095,-4.880876,-2.538066,1.5136881,8.329264,7.7900324,6.590534,-11.954882,7.592107,12.220644,-0.5231265,-7.7883406,-6.107357,-14.037916,7.2616487,11.825242,-5.1225615,-7.5902295,-6.299818,-7.211746,-8.8529825,-6.6084967,3.777235,8.201272,-12.376171,-6.679824,-8.491387,-14.53101,-1.320703,12.482733,-8.361704,-1.4823208,-5.106046,-3.3557246,3.9587457,-1.7030463,4.9196167,9.374731,2.1454275,-5.262733,-3.0124753,8.21176,6.1329136,-6.517106,-5.144759,-16.160965,-7.2092824,13.235073,-4.418343
P48415,-6.812202,4.418652,9.192867,-1.681791,2.2274926,-1.5190959,0.4128883,-6.355638,-2.388984,-5.6476216,-4.7536197,-3.2574008,1.9913124,4.3661933,5.0780735,-7.004271,-0.5362485,0.052615542,1.5014873,4.761069,4.21038,2.336733,-4.908361,1.139809,5.97724,-0.79754,-2.9085932,-4.213625,-8.399089,4.284268,6.0013595,-0.15873346,-1.8975922,-4.4915795,-1.604496,-6.3954864,-4.8825545,1.5491489,4.725885,-6.499962,-3.8584995,-3.2737782,-5.739956,1.215786,5.1211696,-4.286921,-1.3932127,-3.7727451,-2.638411,1.8652984,-0.1395143,3.0369523,5.659944,0.41828838,-2.8456624,-2.1624324,4.990122,5.7196116,-3.4826987,-2.6437027,-9.16028,-1.1941706,6.6458163,-4.2851987
P16143,-16.69655,19.6827,24.519411,-5.2270007,12.502182,-3.5671167,-1.1090635,-18.389952,-10.572339,-18.038132,-15.778422,-15.18655,4.598073,20.39628,13.667098,-28.298986,-8.335058,-4.371163,2.7824547,15.441795,14.4472,11.810689,-21.973183,13.303054,21.956114,-1.2386613,-13.995361,-11.711316,-26.400726,14.062622,22.156633,-8.596505,-13.553412,-11.579613,-12.675101,-17.723661,-11.840259,6.8600707,14.974721,-23.540884,-12.471799,-15.033924,-26.437378,-1.5089465,22.767584,-16.036272,-2.7477314,-9.939954,-6.2014904,7.897288,-3.1894257,9.140307,17.725237,3.808192,-9.613284,-5.5696864,15.947067,12.2162895,-12.591362,-9.264846,-30.253054,-13.028045,24.252388,-8.701562
O74499,-15.123183,16.726522,21.115921,-3.3269982,9.346482,-3.447404,-0.09267653,-16.374138,-7.765967,-16.283388,-13.1488085,-12.687683,3.6627746,16.989164,11.458278,-23.134613,-6.4910893,-2.5225506,2.063506,12.476964,12.08413,10.191552,-18.22744,10.280043,18.397457,-0.97196233,-10.800762,-11.031468,-21.385992,12.182155,18.50367,-6.3664203,-11.190707,-10.274065,-10.508577,-16.516024,-8.802619,5.4756937,12.241976,-20.27818,-10.474345,-11.758814,-21.49764,0.42387688,18.283041,-13.336529,-1.7469047,-8.977412,-4.617844,7.324376,-2.4920268,8.004997,14.58771,2.499406,-7.507708,-4.5277095,14.870256,10.7857275,-12.154099,-7.868376,-24.79955,-10.453714,20.366325,-8.483895
P18065,-13.518567,17.039743,20.40196,-5.132281,11.518086,-2.795328,-1.5304009,-15.298921,-9.603569,-14.679387,-13.515395,-13.163879,3.9986951,17.702303,11.564884,-24.871218,-7.7840977,-4.385976,2.3536546,13.805057,12.553688,10.576225,-18.93987,12.106542,19.61998,-1.0234667,-12.704757,-9.6237135,-22.816689,11.850562,18.967539,-8.283093,-12.04403,-9.951409,-11.362396,-14.23917,-10.935017,6.056343,13.105081,-19.767914,-10.871396,-13.727497,-23.311096,-2.2311032,19.898054,-13.545459,-2.583151,-8.136321,-5.6242805,6.3428006,-2.8196802,7.836107,15.238231,3.5104654,-8.578753,-4.938526,13.028312,9.815336,-10.238803,-8.140077,-26.149412,-11.489604,21.163885,-7.1187463
P01586,-18.893988,26.570793,28.427727,-6.9210777,17.360153,-4.262263,-2.6297686,-22.612377,-14.07095,-21.7104,-20.075659,-20.448694,5.2224607,27.691797,16.299383,-37.25001,-13.563345,-7.405096,2.298934,20.595737,19.051464,17.336275,-29.065947,20.329212,29.577145,-1.2917398,-20.109558,-14.266766,-33.379906,18.085804,29.010792,-14.2269745,-19.776592,-13.768749,-18.725035,-20.947363,-14.204741,9.325563,18.46753,-30.076902,-15.948325,-21.199507,-36.224796,-4.2822857,30.209023,-20.739805,-3.3863106,-11.718933,-7.685461,10.376789,-4.8980417,11.527789,22.122137,5.683728,-12.966995,-6.967168,19.673088,12.777149,-16.091896,-12.167868,-38.040512,-19.284958,31.71598,-9.86224
Q92734,-11.013161,10.947598,15.353115,-3.0707433,6.6013165,-2.3042846,-0.2073861,-11.492885,-5.646186,-10.740933,-9.120554,-8.227095,2.906495,11.078466,8.614187,-15.9203415,-4.144443,-1.665262,1.8178364,9.303041,8.4397545,6.6448216,-12.018469,6.4079638,13.099554,-0.8633705,-7.608268,-7.6360307,-15.470665,8.504233,12.768863,-3.8765259,-6.993741,-7.5419292,-6.5398064,-11.161577,-7.795929,3.7068343,8.814349,-13.405825,-7.5790915,-8.274519,-14.585062,0.2547086,12.353001,-9.011135,-1.8910527,-6.3980975,-3.8872538,4.567926,-1.558795,5.5656652,10.578701,1.82148,-5.722743,-3.5740776,9.938266,8.117323,-7.7398415,-5.585454,-17.71581,-6.363969,14.204672,-6.3628488
P03957,-12.926981,14.029094,18.725857,-3.8243032,8.479323,-2.8924055,-0.53496164,-13.933954,-7.396117,-13.442929,-11.735532,-10.745539,3.6070302,14.407193,10.383893,-20.267328,-5.3976903,-2.7321105,2.237697,11.54498,10.725572,8.406137,-15.479774,8.692506,16.0333,-1.1004965,-9.8407345,-8.9551525,-19.70139,10.424678,16.038572,-5.5053406,-9.220011,-8.9949465,-8.53284,-13.636981,-9.07364,4.8592486,11.140978,-17.261324,-9.259857,-10.654869,-18.592146,-0.44687787,16.044098,-11.614529,-2.1975052,-7.6335387,-4.932816,5.635325,-1.9667861,6.958008,13.17172,2.4044461,-7.0366354,-4.309407,11.857556,9.761222,-9.225932,-6.7513657,-22.293554,-8.49065,17.625217,-7.1760345
P00257,-6.267054,8.887954,9.292713,-2.7500963,6.4755692,-1.1972847,-1.1579921,-7.644298,-5.2419376,-6.751086,-6.34856,-6.711718,1.7987909,9.437462,5.500406,-12.594072,-5.55653,-2.5937428,0.78315145,7.154674,6.5408554,5.966229,-9.919024,7.6803446,10.578743,-0.085182026,-7.4102397,-4.7642956,-11.276636,6.116527,10.003501,-5.4106874,-7.1603904,-4.6878195,-6.7822986,-6.444398,-5.33866,3.1892414,6.226917,-9.753166,-5.501176,-7.62381,-12.727648,-2.1517994,10.600759,-6.7177787,-1.4935658,-3.946739,-2.6099994,3.4288263,-1.8875206,3.7518287,7.5989466,2.1177084,-5.016671,-2.4919906,6.419811,3.9536748,-5.1127934,-4.3556433,-12.769063,-6.9978695,10.885741,-3.0890973
P49710,-16.024246,20.814934,24.165886,-5.557008,13.435763,-3.5618186,-1.6253085,-18.38089,-11.171899,-18.106089,-16.31681,-16.090221,4.6119967,21.543749,13.459426,-29.707413,-9.390033,-5.1847477,2.5377421,16.200644,15.077075,12.982004,-22.882809,14.695753,23.255917,-1.200077,-15.05362,-11.648773,-27.053246,14.230335,22.682678,-10.11792,-14.780664,-11.791553,-13.902675,-17.597437,-11.956409,7.305586,15.524928,-24.248632,-12.837538,-16.239843,-27.87751,-2.4282982,23.82456,-16.371193,-2.6775553,-9.74686,-6.4158163,7.960512,-3.3983324,9.50613,18.01095,3.9299297,-9.890601,-5.724275,15.92441,11.569432,-12.773579,-9.643133,-31.00856,-13.994835,25.244766,-8.465985
P08171,-17.535322,23.891771,25.887848,-5.164843,14.366996,-4.2814155,-1.6291661,-20.831495,-11.743904,-20.582794,-18.075392,-18.351252,4.5715046,24.776443,14.376615,-32.702137,-11.405552,-5.802164,1.9899611,17.718506,17.04814,15.415306,-25.919298,17.39176,25.806925,-1.1129366,-17.016666,-13.438197,-29.45046,16.27472,25.747065,-11.963458,-17.492138,-12.5912695,-16.47501,-20.149462,-11.18307,8.139281,16.362532,-27.705841,-14.03007,-18.07721,-31.553923,-2.6047437,26.513937,-18.609392,-2.4188385,-10.889942,-6.4418855,9.755324,-4.0542245,10.611393,19.496098,4.4053826,-10.906447,-5.97028,18.49218,12.009349,-15.355256,-10.674233,-33.551228,-16.78963,28.013517,-9.417819
P00568,-21.163425,33.76556,32.494846,-7.8063297,21.584188,-5.274056,-3.5410523,-26.794937,-16.960482,-26.437468,-24.52592,-25.995626,5.893567,34.9489,18.339005,-46.09999,-17.91984,-9.7137985,1.7967228,24.928288,23.370213,22.949259,-36.057064,26.50521,36.86457,-1.402572,-25.146599,-17.12683,-39.647842,21.690762,35.063774,-19.43127,-25.819443,-16.47463,-24.618322,-25.236557,-15.474945,11.791208,22.29506,-37.21322,-19.163197,-26.604912,-45.113167,-5.9329443,37.19481,-25.094204,-3.2548037,-13.586421,-8.7448635,12.986006,-6.273587,14.31019,26.113556,6.563037,-15.173458,-8.213362,23.911499,13.674747,-20.367998,-15.017421,-45.490967,-24.687653,39.078278,-11.332958
O43255,-12.805188,13.885492,18.19271,-3.5696683,8.344482,-2.7680123,-0.393144,-13.716941,-6.942283,-13.253622,-11.284269,-10.582251,3.3995154,14.122165,10.09779,-20.00172,-5.2261558,-2.3746128,2.0620842,11.141179,10.305192,8.519888,-15.239369,8.365222,16.047983,-1.0276918,-9.360837,-9.151541,-18.63578,10.197426,15.642995,-5.2723436,-9.051511,-8.999989,-8.585091,-13.407109,-8.859666,4.682312,10.801121,-16.68641,-9.1285925,-10.365273,-18.312428,0.0667032,15.4896755,-11.187871,-1.885988,-7.515652,-4.4765797,5.6389136,-1.9554292,6.832156,12.637714,2.34786,-6.641319,-4.123269,12.118521,9.365294,-9.695691,-6.824712,-21.583061,-8.381015,17.559847,-7.3527536
Q14103,-13.1837635,14.656428,19.112364,-4.1079445,9.194273,-2.8165753,-0.7027904,-14.250626,-7.802033,-13.697401,-12.018018,-11.232217,3.6684787,15.053395,10.690793,-21.305159,-5.854275,-2.9621236,2.2580523,11.978963,11.005598,8.888839,-16.232248,9.323224,16.907919,-1.0801575,-10.356677,-9.220802,-20.163406,10.735518,16.666618,-5.9759073,-9.753947,-9.261588,-9.150818,-13.732431,-9.627081,5.0835648,11.528375,-17.644093,-9.642839,-11.269952,-19.63946,-0.6447138,16.790539,-11.964989,-2.2482295,-7.773296,-4.97652,5.809945,-2.1815374,7.113312,13.568122,2.692613,-7.3238626,-4.4335947,12.271971,9.766343,-9.6274395,-7.139212,-23.08601,-9.125293,18.49846,-7.277778
O08547,-15.765625,16.27648,22.228905,-3.5386977,9.10955,-3.5265164,0.10943547,-16.54929,-7.882125,-16.63469,-13.460747,-12.475496,4.015826,16.598461,11.985001,-23.102009,-5.4290667,-2.2751174,2.6389697,12.406611,12.029164,9.348715,-18.075863,9.274228,17.841324,-1.1978979,-10.289576,-10.981212,-22.047626,12.111393,18.438202,-5.3836355,-10.3404875,-10.530483,-9.607221,-16.84018,-9.421179,5.406892,12.693937,-20.412819,-10.506066,-11.348944,-20.91056,0.8168497,18.2277,-13.5090685,-1.9306848,-9.199368,-4.9971266,7.0332227,-2.1730661,8.073608,14.963538,2.4411287,-7.403737,-4.636829,14.747631,11.833651,-11.738225,-7.708699,-25.445557,-9.630901,20.205208,-8.678155
P18545,-12.790181,14.593716,18.976015,-4.3332157,9.667824,-2.4777114,-0.8397916,-13.784702,-8.082103,-13.519658,-11.805721,-11.278847,3.668134,14.991178,10.510448,-21.722727,-5.5516677,-2.9903603,2.577121,11.708721,10.71212,8.6062975,-16.366842,9.195533,16.990704,-0.9183857,-10.009398,-8.968712,-19.72243,10.255729,16.215162,-6.020197,-9.687373,-9.405079,-9.205368,-13.202019,-9.938911,5.0165935,11.883084,-17.253977,-9.642227,-11.32322,-19.582281,-0.71611077,16.982803,-11.593465,-2.0285585,-7.495649,-4.7977543,5.4202933,-2.0651412,7.024874,13.392505,2.6745274,-6.993946,-4.2818947,12.043416,9.555564,-9.416722,-7.138344,-23.116194,-9.096287,18.548038,-6.9597344
P0AFL3,-3.386008,2.097142,4.7731094,-1.1435841,1.5434676,-0.55948716,0.15739839,-3.038824,-1.4945402,-2.7444954,-2.2261012,-1.6102804,1.1896996,2.1640835,2.5326207,-3.873563,-0.045239296,0.19692844,1.1266898,2.1914861,1.9752046,0.944901,-2.6277254,0.40328383,3.252675,-0.25279048,-1.2175438,-2.087024,-4.066112,1.7686306,2.7937305,0.020456806,-0.84460235,-2.625755,-0.82560366,-2.8220952,-2.9881055,0.76469916,2.8206766,-2.99833,-1.9741756,-1.7312361,-2.8783607,0.58865553,2.7963774,-1.8298801,-0.6356523,-1.8292433,-1.3009909,0.56025934,0.099413246,1.5637554,2.812808,0.1844614,-1.3103045,-1.08418,2.3761613,2.9828045,-1.584504,-1.4870915,-4.7739215,-0.41227254,3.559019,-2.0846183
P78362,-17.938255,23.130518,26.223114,-5.4043713,14.109186,-4.1794615,-1.4871678,-20.71305,-11.546632,-20.21365,-17.78941,-17.706436,4.7103376,23.83636,14.675756,-32.131355,-10.697508,-5.388758,2.2257404,17.69772,16.659458,14.82132,-25.114862,16.32304,25.560417,-1.2638204,-16.514168,-13.429379,-29.199747,16.11277,25.248856,-11.0933895,-16.543846,-12.77684,-15.602667,-19.987946,-12.082975,7.907089,16.32558,-26.89498,-14.046664,-17.606915,-30.707535,-2.1058717,25.741451,-18.163792,-2.6944697,-10.961317,-6.6165667,9.413836,-3.8939877,10.467215,19.489338,4.290042,-10.852629,-6.1275787,18.319605,12.4452915,-15.029257,-10.628267,-33.397156,-15.795099,27.697613,-9.78837
P00004,-9.511597,10.27405,13.351316,-2.8912556,6.503706,-1.9515146,-0.46341392,-10.256487,-5.4028807,-9.481855,-8.186303,-7.740047,2.5189598,10.54022,7.5872602,-14.82265,-4.514062,-1.8872195,1.45664,8.510572,7.7614565,6.4455414,-11.355141,6.732506,12.24629,-0.62358725,-7.4325905,-6.780463,-13.9570265,7.7158394,11.871883,-4.265335,-6.99716,-6.6109047,-6.621495,-9.637001,-6.9180408,3.5143528,7.907995,-12.185375,-6.873489,-7.993565,-13.964495,-0.38181067,11.703048,-8.267878,-1.6836803,-5.608244,-3.385662,4.227293,-1.650848,4.967934,9.520213,1.9477496,-5.405649,-3.1739564,8.899304,6.7516623,-7.0322957,-5.203759,-16.022058,-6.570635,13.147056,-5.362282
P52286,-10.680323,10.56439,15.447355,-3.3678875,6.7065363,-2.1804519,-0.3191468,-11.021731,-5.9174185,-10.522857,-9.182302,-8.100726,3.112622,10.795287,8.572986,-15.930324,-3.548905,-1.8004255,2.2067719,9.122102,8.258165,6.063355,-11.8506975,5.973237,12.630809,-0.95416874,-7.3286676,-7.117584,-15.643968,8.046964,12.358872,-3.6081843,-6.537045,-7.50923,-6.068313,-10.703131,-8.148876,3.7013946,9.145707,-13.17903,-7.427218,-8.156572,-14.150604,0.028131435,12.378204,-8.873776,-1.943568,-6.155857,-4.127196,4.0594754,-1.3218796,5.4981217,10.573924,1.8001062,-5.5153728,-3.5632985,9.266334,8.325276,-6.988242,-5.3785515,-17.886639,-5.880494,13.901757,-5.9850264
O00757,-15.708819,17.207798,22.392456,-4.5091205,10.745412,-3.1332695,-0.57099557,-16.730341,-8.851943,-16.27235,-13.684772,-13.083615,4.0710464,17.433949,12.435025,-24.920202,-6.6772666,-2.9922373,2.6197364,13.657722,12.520734,10.359577,-18.968285,10.61884,19.930143,-1.071005,-11.583053,-11.161792,-22.720741,12.525527,19.20089,-6.743233,-11.371456,-11.040161,-10.786282,-16.338863,-11.123978,5.7524667,13.396671,-20.378714,-11.352504,-12.849067,-22.788467,-0.061104696,19.39268,-13.646028,-2.3053727,-9.186372,-5.286576,6.991066,-2.6170833,8.246808,15.647624,2.9421113,-8.210145,-5.018786,14.9838915,11.321823,-11.934947,-8.446884,-26.685585,-10.678157,21.717226,-8.765979
A6ND01,-22.890017,32.5875,34.31804,-7.7792344,20.465117,-5.425888,-2.8830101,-27.555944,-16.459185,-26.88057,-24.442064,-24.982744,6.1587315,33.5929,19.37961,-45.020298,-16.212572,-8.646053,2.4946697,24.833176,23.114914,21.492567,-35.01605,24.288843,35.99098,-1.5915508,-23.926544,-17.686611,-39.950027,21.936518,34.739758,-17.273224,-24.08716,-17.00167,-22.803833,-26.2489,-16.361715,11.2370615,22.357935,-36.829174,-19.321318,-25.409433,-43.48164,-4.46622,36.129425,-24.923449,-3.6279156,-14.286031,-9.056057,12.829704,-5.7876763,14.278857,26.522333,6.2330475,-15.143674,-8.366173,24.388788,15.400369,-20.2609,-14.723106,-45.71999,-23.027542,38.426327,-12.43307
P07358,-19.678343,26.727156,28.732925,-6.024773,16.091238,-4.8814297,-1.9985456,-23.405952,-13.018268,-22.552467,-20.289543,-20.399729,5.1154685,27.576553,16.29129,-36.48016,-13.228275,-6.7094626,1.8509483,20.492119,19.23529,17.781214,-28.655054,19.63362,29.379286,-1.4904766,-19.643028,-15.117017,-33.191273,18.561308,29.0746,-13.61541,-19.573145,-14.017522,-18.473162,-22.398104,-13.117892,9.20182,18.018179,-30.709951,-15.879418,-20.558683,-35.59842,-3.0953896,29.32984,-20.894665,-3.1117687,-12.226204,-7.5344543,10.992377,-4.740042,11.880002,21.949411,5.126825,-12.656362,-6.9829597,20.630589,13.244308,-17.17917,-12.142285,-37.55202,-18.732595,31.575981,-10.880221
Q15154,-14.652557,16.527327,20.941565,-4.0195107,9.694482,-3.3589692,-0.5559963,-16.021156,-8.145807,-15.540142,-13.351385,-12.5763855,3.8715773,16.811144,11.596561,-23.353949,-6.5889134,-3.083573,2.1457376,13.173242,12.2759285,10.288871,-17.914139,10.333917,18.753773,-1.1957849,-11.338176,-10.563149,-21.997496,12.069699,18.433207,-6.7000504,-11.027828,-10.281564,-10.341284,-15.811704,-9.8197,5.59579,12.487794,-19.87863,-10.622842,-12.304812,-21.636024,-0.2902417,18.286161,-13.274604,-2.1998286,-8.719544,-5.2690377,6.7993846,-2.4188535,8.03091,14.799673,2.6932638,-7.8779836,-4.8211064,14.065146,10.661265,-11.30341,-7.8931575,-25.164465,-10.156933,20.45102,-8.376236
P18075,-15.052704,20.708494,22.329657,-5.2212563,13.18056,-3.5485618,-1.8457296,-17.908728,-10.667384,-17.136578,-15.726438,-15.875025,4.153842,21.493816,12.73969,-28.80625,-10.467689,-5.478112,1.6822885,16.082386,14.9284725,13.701532,-22.464092,15.550146,23.141705,-1.1070521,-15.567888,-11.42865,-26.043228,14.210823,22.62408,-10.857828,-15.282084,-10.961113,-14.474159,-16.749146,-10.991298,7.2716165,14.356773,-23.589085,-12.434771,-16.36586,-28.022024,-2.9598956,23.229584,-16.141026,-2.6392374,-9.336891,-6.052342,8.198781,-3.7327087,9.162112,17.236996,4.2120066,-10.06436,-5.5439105,15.588115,10.214252,-12.83783,-9.578057,-29.56788,-14.666239,24.784388,-8.115833
O00222,-15.4770775,22.097559,23.05134,-4.5122194,12.548579,-4.2009473,-1.6201671,-19.111351,-10.263685,-18.671028,-16.73232,-16.86107,4.0456862,22.718374,12.751355,-29.70211,-10.565398,-5.484752,1.4538395,16.714413,16.032452,14.893279,-23.229345,15.837597,24.088896,-1.0809402,-15.667332,-12.471103,-26.857998,14.902718,23.208797,-11.443816,-16.234062,-11.76724,-15.272111,-18.696688,-9.654016,7.3706713,14.873203,-25.461826,-12.894901,-16.827425,-28.60622,-2.372679,23.69814,-16.776613,-2.0248816,-9.831047,-6.124719,8.805502,-3.3907514,10.085688,17.513018,3.5847263,-9.849483,-5.4999485,16.865404,10.535558,-14.215787,-9.686447,-30.217773,-15.054752,25.539454,-9.12293
P48962,-13.820765,16.977484,20.159246,-4.210703,10.810829,-2.8769834,-0.9460784,-15.445552,-8.767197,-15.247067,-13.061097,-13.080559,3.6713188,17.560558,11.192623,-24.250868,-7.3018994,-3.5812016,2.1714942,12.777588,12.072149,10.450462,-18.913061,11.5633955,18.999805,-0.83727676,-11.689896,-10.153856,-21.500198,11.728016,18.66062,-7.5915737,-11.873862,-9.881411,-11.344418,-14.7629385,-9.619515,5.7683167,12.556519,-19.751774,-10.525099,-12.857465,-22.712402,-1.108904,19.30525,-13.331164,-1.8936654,-8.266049,-4.748643,6.7665386,-2.7429814,7.7368975,14.556021,3.2578115,-7.838875,-4.482274,13.860105,9.738826,-11.27518,-8.038802,-25.17035,-11.4867935,20.825556,-7.3766785
P03255,-14.472275,17.51849,21.378002,-4.8653107,11.317844,-3.0666795,-1.2102635,-16.153648,-9.434071,-15.607675,-13.923841,-13.481345,4.055048,18.108791,12.02038,-25.299047,-7.6228323,-4.0564537,2.3892128,13.984523,12.8813095,10.809382,-19.405056,11.95937,19.969507,-1.0790668,-12.622519,-10.3560095,-23.289766,12.383169,19.548351,-7.9753394,-12.160067,-10.387617,-11.470385,-15.336231,-10.83009,6.0933304,13.332111,-20.57315,-11.171385,-13.688566,-23.645943,-1.5676117,20.139515,-14.009886,-2.471891,-8.657509,-5.5932875,6.8021107,-2.8035393,8.1529455,15.619038,3.423256,-8.611283,-5.0011115,13.987528,10.471191,-11.100479,-8.343426,-26.75845,-11.591724,21.704117,-7.787458
Q7L5D6,-13.982328,14.424352,19.59599,-3.3516374,8.185339,-3.1116645,-0.030571863,-14.723435,-6.9656215,-14.448277,-11.909574,-10.988401,3.5846577,14.649634,10.725295,-20.560884,-5.003894,-2.078341,2.2387142,11.358259,10.754513,8.584312,-15.8799715,8.252051,16.278732,-1.1225234,-9.358533,-9.846592,-19.579044,10.826554,16.412798,-4.899684,-9.168534,-9.471525,-8.597059,-14.748518,-8.822134,4.8044324,11.231915,-17.839432,-9.465033,-10.31889,-18.713558,0.6575768,16.011591,-11.881097,-1.8725889,-8.159374,-4.5884485,6.149794,-1.945181,7.2074065,13.293073,2.2504184,-6.7687097,-4.2555666,13.068822,10.36695,-10.433048,-7.0026903,-22.580694,-8.4730625,18.142168,-7.952092
P17562,-12.0105095,10.646478,16.535095,-2.6882324,5.9385056,-2.4538,0.4600263,-11.8512945,-5.0843773,-11.68373,-9.228342,-8.074216,3.0966094,10.561156,8.920816,-15.833558,-2.4651926,-0.68320453,2.3240652,8.67799,8.052456,5.955776,-11.810859,4.6631155,12.617847,-1.0251904,-6.173479,-8.216413,-15.105867,8.298701,12.280283,-2.3463054,-5.934846,-8.2286625,-5.6418014,-12.114658,-7.854887,3.4344707,9.22092,-13.52548,-7.5748563,-7.3251066,-13.539539,1.8295527,11.7471895,-8.835705,-1.4579066,-6.772799,-3.6866746,4.4694977,-1.0528781,5.792877,10.498893,1.3304746,-4.8681593,-3.4580336,10.67469,9.234367,-8.381643,-5.538959,-17.890312,-5.1773553,14.172247,-7.1564684
Q9UMS4,-13.890168,15.733315,20.00585,-4.2235036,9.712555,-3.016618,-0.75680023,-15.166363,-8.1468935,-14.513763,-12.687209,-11.975617,3.758777,16.058332,11.207306,-22.569527,-6.521841,-3.1604812,2.1698196,12.804885,11.734143,9.761876,-17.19056,10.122254,18.17669,-1.092811,-11.118701,-9.90533,-21.190248,11.495708,17.683392,-6.6193147,-10.603135,-9.818443,-9.960124,-14.674447,-9.982793,5.391742,12.078107,-18.735373,-10.271506,-12.047082,-20.953213,-0.66969347,17.729918,-12.629092,-2.3189871,-8.243474,-5.168981,6.320637,-2.4049003,7.5781207,14.304011,2.775798,-7.789583,-4.6970553,13.186107,10.085547,-10.466231,-7.627086,-24.286682,-9.856735,19.685352,-7.8143826
O08603,-9.453182,7.8896565,13.567943,-2.8799908,5.096088,-1.6776844,0.14633204,-9.012748,-4.5055118,-8.7819195,-7.2915044,-6.050093,2.8128204,7.7812066,7.3354306,-12.766929,-1.2976698,-0.570897,2.4488804,7.1220417,6.231418,4.093696,-8.938294,2.966159,10.149256,-0.8854534,-4.662815,-6.1257596,-12.28606,6.121677,9.177834,-1.5126519,-4.0220327,-6.9594283,-3.829067,-9.028905,-7.6412253,2.6521628,7.982516,-10.075978,-6.170995,-5.89411,-10.2580805,1.2759534,9.240872,-6.5338454,-1.4790249,-5.2208724,-3.421437,2.748071,-0.52439755,4.6014366,8.561049,0.950231,-3.8779194,-2.9744148,7.777038,7.7317224,-5.733764,-4.387107,-14.670699,-3.2082777,11.206233,-5.661522
P08134,-13.863407,12.937845,18.686382,-2.4515595,6.450927,-3.2567823,0.6054053,-14.209099,-5.643384,-13.951067,-10.953285,-9.7569065,3.3009915,13.043621,10.122513,-18.008186,-3.93952,-1.117482,2.0056612,10.086535,9.819989,7.579331,-14.175264,6.623931,14.326628,-1.1560279,-7.923431,-9.678844,-17.880383,10.27353,15.12738,-3.4142497,-7.8139744,-8.842604,-7.238546,-14.632051,-7.5203133,4.19048,9.954044,-16.685143,-8.573864,-8.624549,-16.375185,1.7146144,13.976185,-11.040087,-1.638618,-8.014168,-4.081523,6.0565953,-1.6160654,6.719919,12.180059,1.7524216,-6.022609,-3.8853626,12.722283,10.322818,-10.206639,-6.3097053,-20.42866,-7.136445,16.309875,-8.052863
O43432,-12.420135,11.258441,17.284037,-2.8915596,6.1367974,-2.7717016,0.29337937,-12.542499,-5.584347,-12.170766,-9.998263,-8.545896,3.2996712,11.351456,9.412366,-16.424368,-3.1514387,-1.2080766,2.2805147,9.479575,8.877952,6.3461533,-12.448499,5.538551,13.018962,-1.1496536,-7.1877627,-8.314297,-16.713638,9.002082,13.323209,-2.931988,-6.5652614,-8.246057,-5.995108,-12.767453,-7.960897,3.7814438,9.538835,-14.670567,-7.8969893,-7.961408,-14.475766,1.1835845,12.661483,-9.724297,-1.8734413,-7.1174397,-4.251898,4.838766,-1.2431599,6.0838523,11.328823,1.5360202,-5.61323,-3.7621524,10.786654,9.686257,-8.285606,-5.641615,-18.97782,-5.77132,14.658485,-7.1814036
Q06208,-8.28589,5.309011,11.477131,-2.4040797,3.0829203,-1.6107041,0.40100515,-7.4941673,-3.1066685,-6.762895,-5.788962,-3.9474914,2.5094864,5.069196,6.3386765,-9.002828,-0.17625338,0.06450841,2.126447,5.9371533,4.928283,2.6468277,-5.8909397,0.92910796,7.588656,-1.0254575,-3.2743187,-5.0436206,-10.130633,4.9906487,6.9480476,-0.0235037,-1.9865465,-5.7979646,-1.7444276,-7.5756955,-6.786633,1.8339304,6.1910834,-7.535271,-4.911288,-4.060024,-6.8886223,1.6464173,6.2103615,-4.944103,-1.689311,-4.4878435,-3.302022,1.9112715,-0.057599198,3.7132308,6.9796844,0.44896117,-3.2645,-2.6959655,5.9968896,7.0735607,-4.1037884,-3.2991247,-11.516075,-1.0726115,8.316432,-5.3122582
P18291,-8.893653,10.384259,12.460583,-1.9525622,6.1154647,-1.9785138,-0.09627988,-9.781758,-4.9283624,-9.943704,-7.839782,-8.002251,2.2192917,10.829456,6.6669354,-14.396248,-4.27019,-1.567443,1.26837,7.0817103,7.237037,6.2874775,-11.730342,6.855493,11.14721,-0.39488617,-6.6273913,-6.6209884,-12.702885,7.163461,11.471637,-4.1613865,-7.239077,-6.080647,-6.938926,-9.593149,-4.942001,3.4650476,7.447785,-12.453591,-6.15757,-7.28612,-13.580684,-0.036266733,11.658359,-8.197824,-0.808021,-5.314365,-2.4543288,4.502902,-1.6181971,4.7784667,8.641283,1.786894,-4.4608774,-2.541983,9.027813,6.233553,-7.5262756,-4.9146867,-14.962487,-7.0038304,12.587192,-4.6687837
O95834,-14.360816,16.970526,21.08991,-4.433578,11.026131,-2.8228693,-0.8292403,-15.641052,-9.030464,-15.66695,-13.276611,-13.138278,3.9071662,17.507284,11.591663,-24.722178,-6.7292104,-3.3787634,2.6223555,12.800553,12.04798,10.043713,-19.105352,11.07518,19.091848,-0.8854342,-11.389656,-10.273682,-21.896833,11.708733,18.665459,-7.1422677,-11.547605,-10.311849,-11.028915,-15.088765,-10.281722,5.773602,13.135311,-19.931334,-10.739361,-12.767708,-22.645586,-0.78678435,19.56662,-13.387078,-1.9336534,-8.468417,-4.890608,6.622309,-2.6073754,7.859881,14.931831,3.1643057,-7.745726,-4.5816827,14.047938,10.4169655,-11.261383,-8.120464,-25.886808,-11.120532,21.101496,-7.5627785
Q9UKG1,-13.347631,15.132746,19.384796,-4.090838,9.506245,-2.8150334,-0.70187676,-14.489699,-7.9801474,-14.090576,-12.196664,-11.596225,3.6674724,15.508858,10.760941,-21.905552,-6.0672235,-2.9943068,2.2799602,12.084952,11.178573,9.166217,-16.735659,9.673747,17.35753,-0.9965697,-10.503359,-9.44777,-20.337849,10.889513,16.94382,-6.2647414,-10.157386,-9.487316,-9.56512,-14.039179,-9.6182165,5.1940565,11.809181,-18.065157,-9.838209,-11.5222,-20.14936,-0.6216544,17.26112,-12.1385565,-2.1200197,-7.8900685,-4.882186,5.991448,-2.2642262,7.266473,13.756281,2.6812146,-7.3361707,-4.4373302,12.655431,9.800072,-10.015469,-7.321977,-23.493382,-9.500016,18.960884,-7.3420897
F4JW79,-11.056721,12.628652,16.031765,-3.6179593,7.9819283,-2.389723,-0.73910785,-12.138486,-6.658386,-11.467098,-10.234431,-9.639057,3.1137924,12.946728,9.042411,-18.327917,-5.267128,-2.6384368,1.8027433,10.450462,9.50003,7.948454,-13.846764,8.162744,14.851418,-0.9106798,-9.059605,-7.9273105,-17.147924,9.163672,14.248191,-5.404636,-8.512141,-7.9997544,-8.062077,-11.526382,-8.363277,4.3750243,9.83837,-14.935234,-8.310542,-9.904389,-16.98987,-0.70418596,14.310345,-10.112304,-1.93773,-6.5653615,-4.3037214,4.892793,-1.8683614,6.142282,11.5105715,2.3321614,-6.3486543,-3.8428383,10.445326,8.066631,-8.278167,-6.2276974,-19.63896,-7.8803096,15.991595,-6.316511
A1Z1Q3,-17.55441,23.608961,26.303976,-5.9431167,15.236238,-3.8963606,-1.9010881,-20.448767,-12.451488,-20.160887,-18.029415,-18.242523,4.856069,24.552141,14.738044,-33.283855,-11.204627,-6.0012336,2.4706585,17.873657,16.807076,14.899661,-26.034584,17.299026,26.005445,-1.164426,-17.14565,-13.010914,-29.789434,16.010147,25.689566,-11.855121,-17.161154,-12.711475,-16.22728,-19.396559,-12.633747,8.2381525,16.89515,-27.18366,-14.207,-18.326435,-31.77919,-3.0122845,26.932549,-18.488909,-2.7854102,-10.752248,-6.7227235,9.270221,-4.124154,10.432178,19.862598,4.7178864,-11.110229,-6.16223,17.979502,12.243491,-14.648243,-10.825728,-34.26,-16.613146,28.291456,-9.065824
Q9CZD3,-11.028523,13.524493,16.503065,-4.0643325,8.93721,-2.3157718,-1.0673922,-12.358623,-7.374414,-11.8288765,-10.781453,-10.381582,3.2749183,13.84927,9.258607,-19.804586,-5.785211,-3.1337223,1.9455343,11.096634,9.998187,8.548489,-14.779122,9.007136,15.978885,-0.8743231,-9.748458,-8.013164,-17.99394,9.371618,14.795227,-6.2838974,-9.294189,-8.450248,-8.844899,-11.667956,-8.992548,4.720824,10.655861,-15.625404,-8.796875,-10.820267,-18.193666,-1.224214,15.421971,-10.474572,-1.9615704,-6.610945,-4.5489717,4.9045806,-1.9968119,6.478213,12.075171,2.447639,-6.6105714,-4.0350404,10.642482,8.065189,-8.446709,-6.6085854,-20.80788,-8.519512,17.014662,-6.2628703
Q6P9J9,-13.848975,17.830389,20.58371,-5.1679363,12.221201,-2.780773,-1.6038162,-15.7308655,-9.95512,-15.051619,-13.6813,-13.709087,3.9462204,18.528494,11.754797,-25.716831,-8.7561,-4.5676217,2.110025,14.088619,12.82868,11.242461,-19.840034,13.223,20.430788,-0.9120147,-13.453556,-9.967698,-23.1508,12.351761,19.833017,-8.988871,-12.929707,-9.98728,-12.2672,-14.496128,-11.036011,6.3555503,13.194153,-20.339943,-11.165385,-14.28561,-24.57869,-2.5000124,20.755056,-14.016504,-2.6322742,-8.363304,-5.4416957,6.8945236,-3.3001025,7.906172,15.620928,3.8246503,-8.995577,-5.03851,13.643102,9.645049,-10.891553,-8.574249,-26.72615,-12.533857,22.016123,-7.0773644
Q8N8N0,-15.051749,17.051157,21.148888,-3.549385,9.579778,-3.536419,-0.31476602,-16.52514,-7.934589,-16.24187,-13.508865,-12.981303,3.736386,17.412018,11.6235,-23.626673,-6.780983,-2.9089067,1.9696442,12.952298,12.434349,10.624676,-18.556627,10.69028,18.812042,-1.1172091,-11.322328,-11.054244,-21.962898,12.408096,18.985828,-6.7271323,-11.468231,-10.272803,-10.811923,-16.43958,-9.040057,5.6593595,12.354691,-20.571508,-10.635297,-12.264595,-22.13346,0.06267134,18.622799,-13.720679,-1.8806475,-8.9766035,-4.900698,7.3428016,-2.5407736,8.145699,14.796117,2.786621,-7.7911906,-4.646364,14.835902,10.726731,-12.159145,-8.012742,-25.241074,-10.785148,20.783743,-8.542018
P07363,-13.790141,15.061141,19.532522,-3.2707136,8.766181,-2.988723,-0.074090816,-14.674454,-7.22576,-14.8501005,-11.996419,-11.559487,3.525631,15.322614,10.512446,-21.424646,-5.260142,-2.1728141,2.258565,11.143441,10.76126,8.923678,-16.677202,8.837361,16.699533,-0.95227385,-9.408694,-9.932988,-19.395151,10.728162,16.58507,-5.3936996,-9.779312,-9.606702,-9.303935,-14.768254,-8.5545225,4.9746413,11.5633135,-18.245897,-9.536451,-10.615631,-19.40426,0.5799903,16.700178,-11.993543,-1.4910125,-8.082684,-4.239969,6.2926197,-2.0645204,7.3061023,13.261495,2.292517,-6.5252185,-4.1005473,13.395654,10.094657,-10.902076,-7.2150917,-22.869425,-9.123389,18.684875,-7.6894937
C8VTS4,-20.166962,25.955957,30.482399,-7.0682125,17.29389,-4.1481943,-2.0664108,-22.85066,-14.401972,-22.707582,-20.242178,-20.17211,5.711103,27.071522,17.031963,-37.41954,-11.736817,-6.578629,3.4559567,19.890907,18.59446,15.631477,-29.12398,18.674206,28.665112,-1.3351297,-18.78539,-14.323021,-33.83002,17.768833,28.624512,-12.520918,-18.522867,-14.396696,-17.415266,-21.68308,-15.068861,9.130705,19.432993,-30.280972,-16.008984,-20.216885,-35.185787,-3.251872,30.389317,-20.71116,-3.3652577,-12.151575,-7.753978,10.037714,-4.478491,11.543625,22.68212,5.339522,-12.445939,-6.9645348,19.899025,14.532516,-15.792509,-11.979802,-39.061405,-18.092766,31.527359,-9.998373
O14782,-10.127391,9.265756,14.105115,-2.3907928,5.316702,-2.0837393,0.28089935,-10.129251,-4.601542,-10.00548,-7.974655,-7.068251,2.695527,9.321988,7.5859942,-13.77036,-2.3886132,-0.76880205,2.0202796,7.459248,7.0296044,5.166654,-10.3879385,4.4002047,10.883214,-0.8057332,-5.539812,-6.919325,-13.16637,7.092697,10.691042,-2.3180983,-5.366268,-6.9941115,-5.0720954,-10.244479,-6.665395,3.0465043,8.00886,-11.777299,-6.4793706,-6.493008,-11.896017,1.2094332,10.434849,-7.684554,-1.2763278,-5.75555,-3.1997225,3.8240213,-0.9517865,4.97829,9.07738,1.2285337,-4.301059,-2.9623194,9.007491,7.8250966,-7.0367575,-4.7704105,-15.478143,-4.730931,12.232493,-5.886579
O80467,-9.037249,5.855115,12.470858,-2.5420856,3.2808638,-1.8133023,0.4436561,-8.228167,-3.3390615,-7.4179955,-6.3638387,-4.342055,2.6922975,5.593216,6.907274,-9.758194,-0.30133235,0.012908369,2.2212183,6.5187774,5.4346895,2.9676337,-6.440012,1.1275568,8.2276325,-1.1402106,-3.6690457,-5.5109715,-11.113884,5.5471826,7.676152,-0.09586735,-2.2500947,-6.22405,-1.949074,-8.360064,-7.229071,2.0201921,6.646776,-8.332218,-5.343521,-4.434705,-7.5703793,1.7614083,6.776588,-5.500058,-1.8534453,-4.9149237,-3.6002686,2.196971,-0.116101325,4.0467916,7.62808,0.51007164,-3.6094303,-2.9363308,6.5789433,7.6757402,-4.526024,-3.5682292,-12.531402,-1.2778566,9.037174,-5.7843122
P05230,-18.971945,25.751822,28.454414,-6.6459565,16.671307,-4.215596,-2.2533014,-22.253227,-13.57438,-21.656212,-19.656532,-19.842333,5.2384353,26.722832,16.1046,-36.3169,-12.433115,-6.750224,2.56694,19.853321,18.43217,16.487352,-28.223394,18.98349,28.655823,-1.3141458,-18.959827,-14.159817,-32.531242,17.548073,28.03109,-13.160974,-18.773115,-13.837214,-17.771864,-20.95193,-14.034052,8.973438,18.332958,-29.427225,-15.606014,-20.23659,-34.78952,-3.4756608,29.24901,-20.110874,-3.1722364,-11.647819,-7.4778934,10.038274,-4.5313764,11.373234,21.663986,5.2331004,-12.301666,-6.80011,19.49302,13.111768,-15.883367,-11.84151,-37.322487,-18.160057,30.913687,-9.986501
P43138,-13.397066,17.68325,20.279385,-4.7078247,11.29896,-3.1011658,-1.4012932,-15.515001,-9.36097,-15.263809,-13.867609,-13.646666,3.9540892,18.225626,11.240466,-25.142817,-7.979222,-4.3835793,2.058655,13.827887,12.841213,11.257609,-19.217867,12.383921,19.914356,-1.066306,-12.773104,-9.8915825,-22.865843,11.961981,19.038889,-8.711218,-12.546967,-10.151022,-11.825106,-14.915222,-10.123756,6.2228065,13.218531,-20.520006,-10.872334,-13.841758,-23.514143,-2.0497227,20.002487,-13.706739,-2.233681,-8.206717,-5.5329227,6.6401696,-2.7823462,8.194574,15.159679,3.1405191,-8.300131,-4.9266376,13.405438,9.704962,-10.833242,-8.225898,-26.15585,-11.616637,21.437294,-7.316328
O60759,-15.834793,18.231844,22.31043,-3.781075,10.497405,-3.605566,-0.38986045,-17.392836,-8.593093,-17.243523,-14.242186,-13.928503,3.9028392,18.681578,12.252062,-25.341427,-7.3525944,-3.1685786,2.112236,13.558215,13.0785265,11.259569,-20.018044,11.660484,19.977459,-1.0838566,-12.055384,-11.639753,-23.129723,13.088997,20.227123,-7.3143964,-12.384211,-10.779596,-11.7339525,-17.221169,-9.530138,6.0557504,13.130651,-21.821674,-11.256208,-13.09502,-23.787807,-0.076637745,20.072006,-14.601238,-1.8894297,-9.432576,-4.9920893,7.840687,-2.8251357,8.536451,15.656139,3.1157622,-8.219101,-4.822088,15.767597,11.183127,-12.964838,-8.550814,-26.820934,-11.832901,22.173473,-8.771506
P55072,-12.292481,14.032754,17.719881,-3.6060076,8.561543,-2.7199152,-0.59774584,-13.469549,-7.1676855,-13.048389,-11.277411,-10.72964,3.338361,14.387841,9.832722,-20.063173,-5.7011886,-2.7281213,1.9418198,11.14422,10.396696,8.670745,-15.41264,8.984327,16.015272,-0.9392358,-9.726914,-8.834473,-18.704084,10.118614,15.701349,-5.8297095,-9.462918,-8.718687,-8.919758,-13.077934,-8.550952,4.7975717,10.734634,-16.7811,-9.02063,-10.6180935,-18.59287,-0.50993145,15.801255,-11.249369,-1.893184,-7.3098903,-4.4708724,5.6399264,-2.0759153,6.7639766,12.583769,2.44029,-6.75664,-4.074655,11.776691,8.9589815,-9.420198,-6.7602506,-21.483906,-8.809277,17.474375,-6.888082
P09169,-13.627686,17.04611,19.691126,-3.973717,10.195764,-3.2929866,-0.9973863,-15.659943,-8.453761,-15.084376,-13.302335,-13.024902,3.6130826,17.642624,11.050279,-23.577448,-7.9294395,-3.8693495,1.6277223,13.213241,12.515187,10.995339,-18.533731,11.989253,18.877016,-1.0224564,-12.33089,-10.120847,-21.981619,12.121605,18.952375,-8.010372,-12.147367,-9.525688,-11.40728,-15.057301,-8.966489,5.884272,12.03538,-20.116486,-10.4009495,-12.986507,-22.695456,-1.483765,18.98463,-13.6251,-2.1579845,-8.32389,-5.083485,7.061653,-2.8389084,7.8466187,14.574016,3.1872718,-8.237057,-4.656183,13.648579,9.543102,-11.1529665,-7.906736,-24.81991,-11.540421,20.519274,-7.491955
Q05201,-16.41573,19.328022,24.079483,-5.1073747,11.932039,-3.636005,-1.0942892,-18.222322,-10.10877,-17.669394,-15.598297,-14.830852,4.4958224,19.879154,13.445806,-27.670614,-8.035024,-4.248544,2.6513107,15.5109415,14.379004,11.856794,-21.225325,12.72461,21.850706,-1.2951593,-13.679135,-11.717276,-25.957142,13.894332,21.592638,-8.408621,-13.186401,-11.634625,-12.330633,-17.654673,-11.676265,6.635882,14.71658,-23.07363,-12.381274,-14.827155,-25.720186,-1.2572509,21.957613,-15.604902,-2.6933658,-9.810807,-6.2770996,7.664628,-2.931914,9.173375,17.357227,3.5188491,-9.418233,-5.5516067,15.757866,12.016357,-12.486463,-9.091321,-29.612806,-12.424645,23.82084,-9.026606
P0A7J3,-10.659014,9.16304,14.772034,-2.5572145,5.1560755,-2.2088358,0.35951123,-10.472985,-4.58737,-10.165483,-8.212809,-6.947274,2.870038,9.125336,8.007704,-13.793324,-2.0822,-0.64596987,2.1670892,7.8250594,7.193015,5.0630226,-10.194116,3.9454834,11.037059,-0.97202015,-5.5270534,-7.1274276,-13.679155,7.318906,10.804178,-1.9517206,-5.0247416,-7.296776,-4.6928368,-10.641987,-7.2332964,3.026672,8.220903,-11.875161,-6.6962214,-6.464762,-11.746387,1.4681721,10.294842,-7.78404,-1.5161543,-6.0078173,-3.5362496,3.7818341,-0.84414595,5.128979,9.418314,1.1467472,-4.468894,-3.1809545,9.146859,8.377461,-7.0125,-4.823679,-15.914142,-4.270678,12.363854,-6.3413167
O95881,-12.602412,14.466977,17.950886,-3.19063,8.289805,-2.923024,-0.3551176,-13.8876915,-6.843736,-13.690335,-11.468967,-11.035942,3.253561,14.734506,9.798997,-20.282984,-5.5919642,-2.4759748,1.8265296,11.059037,10.552929,9.029609,-15.704936,8.914464,16.221071,-0.919899,-9.498817,-9.335409,-18.594488,10.312669,15.860531,-5.772927,-9.679174,-8.983539,-9.175374,-13.792729,-7.9677033,4.7900977,10.781246,-17.319942,-9.097888,-10.538357,-18.710232,0.027857145,15.81635,-11.410935,-1.5421423,-7.52413,-4.2457905,5.957283,-1.9993764,7.01437,12.524132,2.2362068,-6.495238,-3.9754384,12.45486,9.084402,-10.19553,-6.8531184,-21.516304,-8.924493,17.751108,-7.2979474
P13635,-18.82017,27.500772,28.381918,-6.4071007,17.057098,-4.6341133,-2.53684,-23.132034,-13.880668,-22.460747,-20.473234,-20.993036,5.065186,28.369186,15.955577,-37.536976,-14.205958,-7.453295,1.9051448,20.982313,19.679937,18.292719,-29.301605,20.935564,30.30369,-1.1430912,-20.426504,-14.737231,-33.61516,18.453451,29.095093,-15.121434,-20.709753,-14.181556,-19.444902,-22.104965,-13.1755905,9.447391,18.664362,-31.12197,-16.173569,-21.520128,-36.505863,-4.1942935,30.429087,-20.815928,-3.0617387,-11.925129,-7.6365323,10.850537,-4.8875785,12.05024,22.223938,4.99983,-12.898299,-7.0234466,20.2814,12.577922,-16.831324,-12.244327,-38.088608,-19.576412,32.019855,-10.255338
P12235,-12.109087,12.160719,17.264277,-3.3229547,7.4097133,-2.4384937,-0.101094134,-12.47001,-6.273486,-12.277107,-10.178977,-9.315231,3.2877584,12.292817,9.416633,-18.055603,-3.765452,-1.6655076,2.3778462,9.809005,9.064464,7.0001516,-13.558759,6.549648,14.246528,-0.958593,-7.7190213,-8.3844,-16.827484,8.98682,13.750981,-3.903015,-7.4625297,-8.574752,-7.0829177,-12.38073,-8.544805,4.060362,10.190757,-14.919922,-8.3081455,-8.906177,-15.883654,0.6870323,13.790076,-9.869784,-1.6684328,-6.960032,-4.097932,4.8079257,-1.4654745,6.2268114,11.544349,1.8675127,-5.6894445,-3.7466576,11.058928,9.200438,-8.6711035,-6.116755,-19.793768,-6.7734923,15.778328,-6.927868
P0AER0,-11.458341,9.282323,16.339943,-3.4100049,5.791637,-2.1088693,0.22594392,-10.863753,-5.219476,-10.469452,-8.792666,-7.0730624,3.3578463,9.063356,8.904908,-14.967915,-1.4147091,-0.66810256,2.8590279,8.686869,7.4842696,4.835559,-10.369821,3.2809308,11.982747,-1.1927146,-5.569954,-7.3419538,-14.839539,7.46897,10.94855,-1.6065203,-4.5721173,-8.265071,-4.2815843,-10.993876,-9.193051,3.1203985,9.403247,-12.013799,-7.3979163,-6.912416,-12.009988,1.6562723,10.744308,-7.8623834,-1.9078022,-6.3167367,-4.2455306,3.3263218,-0.61010075,5.4995065,10.308616,1.0813798,-4.706158,-3.638113,9.282081,9.400661,-6.786438,-5.150964,-17.510786,-3.5683343,13.221704,-6.9575305
P43364,-19.97027,25.157701,29.014397,-5.8140087,15.37078,-4.473552,-1.4771546,-22.786283,-12.553706,-22.306479,-19.34056,-19.293722,5.089325,25.991983,16.254965,-35.14224,-11.314053,-5.6665626,2.6310015,19.07714,18.043873,15.824806,-27.612823,17.540846,27.680044,-1.3145623,-17.674397,-14.849618,-31.73825,17.644722,27.686346,-11.646541,-17.85096,-13.953548,-16.888453,-21.941977,-13.187982,8.497585,17.803396,-29.345995,-15.359985,-18.98806,-33.49506,-1.9377922,28.164871,-19.942352,-2.8270442,-12.0901575,-7.012651,10.355765,-4.2193165,11.325821,21.28829,4.848645,-11.747678,-6.5301404,20.33478,13.837863,-16.643272,-11.567951,-36.551983,-17.350584,30.242882,-10.765911
Q9Y3E5,-11.201767,13.832203,16.3223,-3.1130304,8.39228,-2.528884,-0.5378965,-12.557555,-6.8105984,-12.673097,-10.626674,-10.61668,3.0308518,14.131329,8.786575,-19.441654,-5.695219,-2.5789652,1.69202,10.168205,9.774118,8.629499,-15.081494,9.018811,15.410936,-0.6932188,-9.133764,-8.39516,-17.189949,9.349387,14.7240505,-6.0743213,-9.568826,-8.324535,-9.114357,-12.433305,-7.397414,4.666288,10.303441,-16.205015,-8.445773,-10.167803,-17.929771,-0.4969198,15.3142805,-10.533234,-1.3099545,-6.762738,-3.7962177,5.4891715,-2.0390034,6.50766,11.633116,2.1010494,-5.9894285,-3.665749,11.368626,8.012472,-9.381254,-6.516473,-20.15792,-8.793221,16.796852,-6.2414556
O80568,-15.42302,22.668547,23.817627,-5.8934593,14.729579,-3.7281988,-2.230299,-18.673307,-11.909386,-18.460127,-17.219065,-17.504282,4.6586237,23.356325,13.278012,-31.757998,-11.171966,-6.2463226,1.9578657,17.392008,16.074865,14.987958,-24.315422,16.876705,25.304405,-1.2506357,-16.802608,-11.822534,-28.151611,14.776889,23.790262,-12.328986,-16.69411,-12.118336,-15.813769,-17.799126,-12.081401,8.077027,16.20191,-25.555376,-13.420043,-17.979088,-30.214937,-3.5847845,25.358831,-17.085207,-2.6509955,-9.68618,-6.7118225,8.388603,-3.8830616,10.11275,18.567913,4.1197104,-10.423225,-6.074993,16.239319,10.7705345,-13.428777,-10.3666935,-32.216385,-15.491256,26.935575,-8.349412
P16402,-4.5048256,4.1765175,6.598558,-1.7112284,2.9942944,-0.80412847,-0.16478413,-4.553059,-2.597469,-4.1977844,-3.6860425,-3.2143114,1.5131269,4.3112736,3.612154,-6.7819176,-1.2238055,-0.51854825,1.2207149,3.7854884,3.388151,2.4010315,-4.8347936,2.1279867,5.6033273,-0.32290637,-2.8342865,-3.0457394,-6.4291825,3.0491698,4.897198,-1.3121082,-2.4816234,-3.5894382,-2.41152,-4.1645646,-4.0311275,1.4873663,4.1815434,-5.1441216,-3.1685956,-3.4764545,-5.728846,0.08768439,5.1024175,-3.314019,-0.84301156,-2.5629406,-1.8394028,1.2849826,-0.30895165,2.4000952,4.373431,0.64963937,-2.2601821,-1.575499,3.7364285,3.6458328,-2.7505515,-2.4114578,-7.5358596,-2.0118349,5.9736004,-2.6942692
P0A7E9,-11.95856,12.791205,16.808691,-3.455324,7.944742,-2.4398592,-0.44105807,-12.757454,-6.5942025,-12.04013,-10.22708,-9.643811,3.1026924,12.99491,9.450286,-18.44092,-5.264536,-2.2053552,1.8709162,10.465283,9.539793,7.8829727,-14.054985,8.037015,15.09087,-0.8158677,-8.931172,-8.49288,-17.230288,9.569533,14.578362,-5.068814,-8.528005,-8.306106,-8.058021,-12.271281,-8.511001,4.3123693,9.907787,-15.219234,-8.559928,-9.715163,-17.118502,-0.13293278,14.420537,-10.244318,-1.9573275,-7.013235,-4.123855,5.2899513,-1.9942236,6.2068634,11.826255,2.2511926,-6.4699874,-3.8998022,11.233696,8.553935,-8.900879,-6.4045615,-19.957071,-7.956985,16.29084,-6.770743
O15245,-12.401509,15.320038,18.487154,-4.252575,9.915707,-2.7005086,-1.0728983,-13.927826,-8.255878,-13.591742,-12.169496,-11.815849,3.6062317,15.813058,10.289067,-22.104881,-6.6452293,-3.5470474,2.075184,12.128919,11.216528,9.521816,-16.888134,10.438939,17.463808,-0.95644784,-10.989535,-8.926949,-20.259504,10.619432,16.86381,-7.089102,-10.649125,-9.141255,-10.0531645,-13.30323,-9.400631,5.3823743,11.755571,-17.963398,-9.676308,-11.968468,-20.543274,-1.4413223,17.555689,-12.089174,-2.094396,-7.4613466,-4.9117293,5.82086,-2.3878732,7.187806,13.544106,2.8309402,-7.3801064,-4.394578,12.033308,9.063502,-9.592868,-7.3012943,-23.288145,-9.95404,18.939957,-6.7123213
O95372,-19.898018,26.01951,29.055502,-5.8739223,15.830457,-4.6267476,-1.6955677,-23.137814,-12.895302,-22.641771,-19.831793,-19.954544,5.0989943,26.932856,16.299622,-35.990395,-12.176389,-6.1531816,2.3804739,19.611156,18.618546,16.64132,-28.394058,18.632755,28.429966,-1.3165406,-18.53691,-14.998329,-32.47834,18.070108,28.446371,-12.57711,-18.775526,-13.9984665,-17.739481,-22.237875,-13.027471,8.842613,18.028812,-30.190516,-15.61443,-19.73076,-34.630398,-2.4819183,28.998745,-20.502712,-2.857708,-12.183647,-7.1553345,10.708019,-4.467313,11.589163,21.656172,5.0227437,-12.122821,-6.6573677,20.589777,13.63532,-16.974525,-11.830804,-37.187798,-18.211136,30.945684,-10.703255
C0HLV2,-18.349428,25.963669,27.125193,-5.837628,15.641362,-4.6580367,-2.1636348,-22.321299,-12.631611,-21.489782,-19.551882,-19.825981,4.826755,26.817118,15.371608,-35.31106,-13.094151,-6.78978,1.6557914,19.876545,18.685553,17.47209,-27.68339,19.355988,28.547716,-1.3386701,-19.166553,-14.387248,-31.889189,17.750933,27.90537,-13.711197,-19.254942,-13.437728,-18.183863,-21.283796,-12.354224,8.907058,17.370752,-29.595884,-15.280056,-20.151972,-34.510166,-3.40555,28.399794,-20.032694,-2.8829782,-11.536386,-7.2649217,10.477892,-4.539217,11.498329,20.973577,4.9161477,-12.186568,-6.660454,19.629566,12.250858,-16.427994,-11.666816,-36.002766,-18.33906,30.429022,-10.267852
P07148,-16.04696,17.979284,22.775152,-4.342688,10.623527,-3.577185,-0.5732636,-17.442604,-8.795684,-16.90552,-14.43035,-13.69292,4.141651,18.302809,12.6852255,-25.487885,-7.110207,-3.2903616,2.3234415,14.224313,13.227002,11.172044,-19.609911,11.214916,20.395681,-1.2938844,-12.241866,-11.587624,-23.713068,13.162307,20.152853,-7.148735,-11.952881,-11.119946,-11.299897,-17.11033,-10.723412,6.0502357,13.473464,-21.500574,-11.562499,-13.339864,-23.667501,-0.16442461,19.887423,-14.490083,-2.326871,-9.493463,-5.568379,7.4664197,-2.6945229,8.645398,16.028248,3.1089818,-8.526056,-5.1632247,15.483741,11.545165,-12.504704,-8.64001,-27.336771,-11.214873,22.343025,-9.137906
A0FKN5,-12.348398,18.789122,19.50845,-5.1552014,13.046987,-2.6657958,-2.1051564,-15.0610485,-10.570188,-15.076394,-13.988644,-14.679987,3.8355637,19.759064,10.8786955,-26.79228,-9.597818,-5.480642,1.9490855,13.934291,13.120211,11.956472,-20.895683,14.766703,20.725662,-0.69094175,-14.077436,-9.321007,-23.22159,11.91354,19.912312,-10.573057,-14.232544,-9.6689205,-13.530131,-13.866753,-10.012782,6.7661047,13.5710125,-21.058815,-10.97021,-15.130212,-25.626001,-3.713658,21.94736,-14.24334,-2.128641,-7.7493706,-5.2590775,6.8075013,-3.40174,8.038436,15.368202,3.9148374,-8.741321,-4.76553,13.080779,8.589241,-10.68125,-8.559825,-26.847311,-13.736501,22.335804,-5.9492087
P46108,-16.526197,20.930948,24.472435,-5.380369,13.096457,-3.7569046,-1.474291,-18.89437,-10.882625,-18.363493,-16.432096,-16.069891,4.56212,21.580692,13.7095785,-29.588829,-9.443518,-5.0048695,2.38685,16.457684,15.294537,13.225343,-22.829596,14.579181,23.467823,-1.2546157,-15.106968,-12.106612,-27.214876,14.63154,22.984228,-9.950253,-14.784145,-11.93938,-13.893281,-18.149672,-11.871826,7.248163,15.366937,-24.474884,-12.996734,-16.208921,-27.936146,-2.0636833,23.632202,-16.549932,-2.7269258,-10.038672,-6.4516177,8.24369,-3.4046416,9.637972,18.132408,3.9001458,-10.052878,-5.79531,16.423256,11.788714,-13.234424,-9.7227,-31.052336,-13.9859,25.389748,-8.9959755
P63104,-14.611621,18.88035,21.443232,-4.687776,11.901879,-3.29949,-1.3421907,-16.83458,-9.711063,-16.32944,-14.491805,-14.477383,3.9524167,19.533188,12.055588,-26.487541,-8.906987,-4.493226,1.9184226,14.528855,13.599509,12.090241,-20.659636,13.534596,21.090528,-1.0017191,-13.687015,-10.866233,-23.978712,13.092193,20.719774,-9.19814,-13.580863,-10.484654,-12.850991,-16.0043,-10.310781,6.5406165,13.494824,-21.838127,-11.529283,-14.590404,-25.340103,-1.9858774,21.27329,-14.809531,-2.3354776,-8.912587,-5.485211,7.5631695,-3.2442255,8.514178,16.02944,3.652871,-9.0280075,-5.08539,14.802383,10.144314,-12.084817,-8.810702,-27.486979,-13.000903,22.817589,-7.8541126
P10852,-10.412058,10.2492,15.091304,-3.493121,6.7944245,-1.9438576,-0.38228875,-10.648649,-5.8685775,-10.077805,-8.781347,-7.8040457,3.033957,10.343401,8.400439,-15.719739,-3.4159303,-1.6778915,2.2630186,9.008688,7.939486,5.8989115,-11.434682,5.6768565,12.700348,-0.85003567,-7.0519104,-6.9869704,-15.016016,7.734357,11.80502,-3.5451074,-6.301852,-7.578935,-5.9197717,-10.2653475,-8.465975,3.5354657,9.101282,-12.482092,-7.4061165,-8.046564,-13.764401,0.10899758,11.999606,-8.324924,-1.9130852,-5.962619,-4.0023975,3.777202,-1.2668682,5.3555837,10.313518,1.6737236,-5.353984,-3.5265076,9.063313,8.039899,-6.8132157,-5.3594503,-17.483643,-5.5760093,13.70816,-5.9613843
P50222,-12.767745,14.117424,18.851254,-4.3143325,9.242513,-2.6065443,-0.80682856,-13.693819,-7.970931,-13.223348,-11.746934,-10.892975,3.7228491,14.578755,10.524087,-20.933964,-5.542505,-3.0181901,2.49436,11.692,10.681671,8.291312,-15.847697,9.025988,16.375994,-1.0412234,-10.1022625,-8.689871,-19.931196,10.284793,16.140505,-5.787141,-9.358215,-9.054307,-8.727323,-13.109682,-9.834077,4.9822087,11.535892,-17.094696,-9.420463,-11.045916,-19.089117,-0.90306866,16.608429,-11.618193,-2.3357825,-7.492062,-5.0295877,5.393422,-2.0746124,6.875501,13.403395,2.6708717,-7.1994185,-4.3735447,11.596376,9.69024,-8.887717,-6.90046,-22.817793,-8.762393,17.976124,-6.8257036
P08238,-11.699915,12.995401,16.995653,-3.7524307,8.20769,-2.4925091,-0.6693907,-12.670929,-6.9751525,-12.079926,-10.6662245,-9.930315,3.301871,13.31822,9.512982,-18.949022,-5.2371836,-2.6285949,2.0357537,10.769918,9.830137,7.944473,-14.328786,8.25039,15.201577,-0.9456579,-9.247362,-8.209208,-17.961473,9.515978,14.739671,-5.3679185,-8.657587,-8.358853,-8.1208515,-12.166536,-8.749239,4.5088077,10.332399,-15.596551,-8.631413,-10.098236,-17.41978,-0.6148301,14.881734,-10.518554,-2.0582929,-6.909919,-4.5130444,5.069732,-1.8948115,6.371139,12.089991,2.3250885,-6.5667834,-4.007847,10.849767,8.683278,-8.481897,-6.3854628,-20.543432,-7.988582,16.481236,-6.5532866
P07636,-15.942659,21.24804,24.22976,-5.609868,14.104805,-3.4996781,-1.6342131,-18.204103,-11.614776,-18.42773,-16.468224,-16.546585,4.7481375,22.062344,13.33566,-30.351343,-9.731303,-5.3202953,2.5484736,15.917105,14.974514,13.096087,-23.583511,15.343979,23.326385,-1.1985343,-15.331699,-11.439688,-27.224878,14.137769,22.964247,-10.50094,-15.219431,-11.701792,-14.351126,-17.51154,-11.967514,7.6522775,15.826533,-24.676004,-12.770008,-16.404232,-28.507915,-2.7410188,24.566486,-16.631493,-2.606024,-9.702711,-6.261311,8.131261,-3.692244,9.492363,18.194065,4.0442514,-9.824081,-5.756312,15.903764,11.549091,-12.839121,-9.855183,-31.466122,-14.45983,25.66774,-7.9238267
O75144,-12.51128,12.191119,17.606089,-3.6380317,7.4899793,-2.5191803,-0.23025164,-12.859897,-6.4175873,-12.097425,-10.326963,-9.1854105,3.367957,12.232909,9.854624,-18.073269,-4.224486,-1.8119718,2.266436,10.55042,9.40195,7.2506,-13.379589,6.7551417,14.78653,-1.0544757,-8.325062,-8.558624,-17.47439,9.462721,14.144495,-4.0886393,-7.534072,-8.705021,-7.058214,-12.574009,-9.263092,4.120766,10.188757,-14.924813,-8.638891,-9.246352,-16.188665,0.47847515,13.799248,-10.015799,-2.161344,-7.198516,-4.5036883,4.920785,-1.627905,6.2997966,12.00536,1.9599638,-6.3137183,-4.085434,11.130417,9.383313,-8.579334,-6.2803082,-20.187809,-6.7606406,16.028866,-7.293308
P08670,-14.176496,15.390877,20.07893,-3.7903426,9.240252,-3.021313,-0.32622376,-15.095193,-7.6485868,-14.794661,-12.358506,-11.710565,3.6965454,15.576987,11.045561,-22.046463,-5.7973647,-2.4955506,2.249129,12.082718,11.234405,9.345176,-16.863207,9.270976,17.625933,-1.0651826,-10.207999,-10.11045,-20.342442,11.223236,17.158169,-5.8262,-10.060872,-9.915856,-9.522873,-14.943833,-9.591558,5.1690392,11.908934,-18.464128,-10.03419,-11.279201,-20.143051,0.20628765,17.121807,-12.2738905,-1.9784771,-8.314302,-4.743672,6.351395,-2.2480252,7.4965434,13.91745,2.4620235,-7.193753,-4.5036917,13.5062,10.313406,-10.846147,-7.5285316,-23.738647,-9.293387,19.339645,-8.019648
Q9VDV4,-23.078117,33.65255,35.09934,-9.1997795,23.14021,-4.927491,-3.721405,-27.641727,-18.491726,-26.74821,-25.071873,-26.043728,6.5959163,35.211926,20.288593,-47.569725,-17.898994,-9.924373,2.787363,25.738884,23.586617,21.899117,-37.204056,26.757992,37.337227,-1.6092281,-26.03871,-17.190285,-41.898026,22.49508,36.746407,-18.715279,-25.41504,-16.732792,-24.182491,-25.16524,-18.456102,12.140011,23.27132,-37.507088,-19.943722,-27.157293,-46.581024,-6.415513,38.852013,-26.218725,-4.45113,-14.30714,-9.50281,13.02208,-6.772855,14.089884,27.910576,7.7541504,-16.5219,-8.803707,24.123898,15.380689,-19.759209,-15.547464,-48.139168,-25.153786,40.271175,-11.264875
P36024,-13.59793,16.747702,20.274057,-5.0279846,11.235901,-2.8008244,-1.447053,-15.302135,-9.414018,-14.504574,-13.282971,-12.858121,3.9203923,17.367321,11.549686,-24.336876,-7.797918,-4.228498,2.2738764,13.725747,12.441974,10.413029,-18.567856,11.931979,19.384546,-0.98526543,-12.603507,-9.636745,-22.5837,11.881741,18.818197,-8.094451,-11.861855,-9.829473,-11.137441,-14.242061,-10.833717,5.925831,12.810752,-19.499523,-10.789364,-13.482647,-22.952581,-2.1166725,19.536734,-13.380664,-2.6722033,-8.1717825,-5.5694046,6.3887744,-2.841011,7.7135506,15.1376915,3.444459,-8.639741,-4.931024,13.00154,9.792911,-10.171779,-8.038259,-25.77381,-11.322987,20.834219,-7.185162
Q8WV44,-14.093516,16.622915,20.251446,-4.500009,10.5524645,-2.987044,-1.0480891,-15.657017,-8.689519,-14.750964,-13.042953,-12.614681,3.7386863,17.052015,11.531506,-23.700823,-7.591327,-3.6424673,1.9974833,13.479098,12.275973,10.544189,-18.189953,11.4063,19.253801,-0.9995389,-12.141765,-10.195233,-21.934584,12.082249,18.715498,-7.5610414,-11.6059885,-9.909747,-10.958917,-14.809442,-10.33267,5.715387,12.32495,-19.384583,-10.721036,-12.963375,-22.486084,-1.2510161,18.7983,-13.230004,-2.4817464,-8.426616,-5.2382855,6.734555,-2.8163567,7.729254,14.84137,3.2256787,-8.420723,-4.8507714,13.65728,9.879502,-10.918049,-8.059474,-25.155329,-11.038761,20.677073,-7.798366
P14120,-9.902138,8.282962,13.698791,-2.4031093,4.6509943,-2.0538301,0.35907504,-9.664989,-4.1927466,-9.30669,-7.545057,-6.269093,2.700038,8.242034,7.436048,-12.560407,-1.7877725,-0.5183206,2.0542521,7.225822,6.6099415,4.549997,-9.225848,3.4299555,10.105681,-0.9253456,-5.0180297,-6.5672975,-12.641987,6.7162666,9.877631,-1.6337291,-4.450579,-6.7772164,-4.13903,-9.803055,-6.803314,2.749397,7.584726,-10.84127,-6.1626134,-5.876701,-10.634845,1.4143238,9.344722,-7.10302,-1.4696337,-5.5659733,-3.3429413,3.4035294,-0.71200967,4.729563,8.693427,1.0133452,-4.1377716,-2.9759696,8.36051,7.846724,-6.3531704,-4.4225855,-14.642629,-3.7111566,11.307255,-5.92884
Q9CR42,-14.012141,16.862366,20.996326,-4.8360243,11.204718,-2.8331504,-1.1262878,-15.421527,-9.388809,-15.25829,-13.474335,-13.079168,4.0704503,17.452364,11.631177,-24.728283,-6.9764175,-3.8264756,2.651545,13.2423525,12.262701,10.041473,-18.909132,11.322015,19.14421,-1.007317,-11.898528,-9.83245,-22.532988,11.682427,18.66898,-7.508483,-11.572072,-10.199383,-10.916562,-14.750136,-10.732482,5.9151134,13.290244,-19.894308,-10.773561,-13.101785,-22.706142,-1.4644717,19.708168,-13.436767,-2.3105094,-8.32246,-5.3810706,6.36354,-2.6198559,7.8724685,15.182623,3.2100315,-8.090012,-4.8087406,13.38439,10.3875885,-10.518849,-8.048677,-26.159897,-10.988154,21.001743,-7.301779
Q92997,-13.662222,17.223965,20.677835,-5.085064,11.650115,-2.7906508,-1.4480528,-15.376101,-9.692701,-15.007804,-13.617477,-13.348173,4.0475516,17.87987,11.594504,-25.180876,-7.6506014,-4.2986765,2.472397,13.679583,12.543166,10.540178,-19.215261,12.090611,19.675518,-0.99524826,-12.573858,-9.710936,-22.863787,11.825669,19.011,-8.238932,-12.11093,-10.104723,-11.444127,-14.448198,-10.907923,6.1044207,13.339334,-20.014538,-10.91578,-13.70349,-23.418955,-2.0853927,20.13565,-13.615714,-2.4494407,-8.202489,-5.535865,6.391944,-2.804332,7.914001,15.319985,3.4451752,-8.4335165,-4.9073253,13.221955,9.982402,-10.422012,-8.200049,-26.397196,-11.536546,21.350931,-7.112522
P06169,-19.34817,23.16883,28.955183,-6.6113057,15.17276,-3.980351,-1.6166344,-21.374166,-12.894861,-20.953161,-18.681564,-17.933756,5.485535,24.008251,16.19773,-33.779427,-9.757208,-5.524291,3.530969,18.50901,17.068382,13.752432,-25.916357,15.738825,26.087719,-1.4527675,-16.65113,-13.450441,-31.40104,16.410355,25.954826,-10.38006,-15.952046,-13.707327,-14.896357,-20.467684,-14.580236,8.10362,18.013826,-27.536613,-14.861334,-18.050493,-31.284512,-2.209776,27.109455,-18.808823,-3.3769193,-11.507349,-7.559929,8.941619,-3.7052476,10.742709,21.069601,4.572907,-11.423137,-6.624122,18.36752,14.315155,-14.310108,-10.873444,-36.04852,-15.337056,28.650265,-10.008907
P38822,-11.520603,11.962805,16.931067,-3.985097,8.021984,-2.1192245,-0.6071355,-12.005841,-6.836643,-11.476251,-10.084072,-9.20242,3.344708,12.210304,9.459761,-18.333673,-4.073934,-2.2259429,2.5488417,10.230507,9.110418,6.8851542,-13.486479,6.9257975,14.524004,-0.907892,-8.197649,-7.846032,-17.0945,8.78451,13.667097,-4.384348,-7.528527,-8.433701,-7.14417,-11.429613,-9.375234,4.0967135,10.368383,-14.378397,-8.420939,-9.442262,-16.171417,-0.1730951,14.077081,-9.708209,-2.0068336,-6.623268,-4.4290185,4.333634,-1.5054538,6.0572586,11.665203,2.183539,-6.0656533,-3.8469634,10.30518,8.824374,-7.827528,-6.098405,-20.003452,-6.942212,15.778175,-6.486792
P43405,-17.069263,23.661007,25.79965,-5.9679823,15.182637,-3.9093049,-2.0416079,-20.196981,-12.351013,-19.871489,-17.998863,-18.236603,4.8041563,24.469698,14.432063,-33.216396,-11.345579,-6.1446037,2.2985628,18.05757,16.854174,15.238747,-25.732368,17.336601,26.267775,-1.1821878,-17.229897,-12.892647,-29.580578,15.850492,25.335464,-12.221422,-17.268938,-12.7829275,-16.341202,-19.228397,-12.572608,8.241031,16.890347,-26.99541,-14.2007065,-18.494484,-31.639004,-3.159864,26.67044,-18.194168,-2.7329187,-10.554822,-6.808735,9.099636,-4.046256,10.526504,19.662971,4.4927216,-11.0113535,-6.2108946,17.735933,11.86139,-14.542716,-10.816966,-33.976994,-16.423542,28.23304,-9.10325
Q9H307,-17.172916,20.698112,24.887344,-4.9122815,12.604516,-3.749872,-0.9277365,-19.078712,-10.253686,-18.882017,-16.104324,-15.830583,4.4823256,21.068642,13.715717,-29.285242,-8.496651,-4.088191,2.5412285,15.820033,14.796309,12.890437,-22.52936,13.418529,23.269974,-1.2002727,-13.955718,-12.684321,-26.225891,14.453639,22.432375,-8.949016,-14.154553,-12.3962145,-13.453364,-18.74377,-11.701646,6.933571,15.351621,-24.19616,-12.961577,-15.409451,-27.118395,-0.72853106,22.923498,-16.096653,-2.2759764,-10.271594,-5.9412284,8.314434,-3.1697292,9.678001,17.787592,3.4701948,-9.349221,-5.612078,17.193964,12.192085,-14.039828,-9.758544,-30.640608,-13.280391,25.31073,-9.630528
P02489,-18.0707,22.67319,26.685272,-6.025728,14.671768,-3.8616457,-1.6405455,-20.401041,-12.101905,-19.848501,-17.67633,-17.436031,4.963534,23.43756,15.033169,-32.33678,-10.37923,-5.4491305,2.7022812,17.728453,16.386927,14.11962,-25.032103,16.03921,25.4564,-1.2978108,-16.485308,-13.02868,-29.482698,15.875454,25.109362,-10.770344,-16.065958,-12.825901,-15.1441765,-19.404097,-13.284908,7.916006,16.70573,-26.37674,-14.135747,-17.61113,-30.615137,-2.370062,25.957798,-18.015938,-3.0661292,-10.888832,-6.866658,8.988013,-3.9184155,10.249894,19.81121,4.504296,-11.032481,-6.282088,17.82654,12.79754,-14.293957,-10.650828,-33.90579,-15.470567,27.69761,-9.482895
P15303,-15.692657,18.290804,22.17109,-4.402699,11.193055,-3.3502095,-0.7775343,-17.269623,-9.066745,-16.604555,-14.093406,-13.812122,3.9357936,18.567919,12.424853,-25.686445,-8.091184,-3.4918215,2.047796,14.293354,13.192935,11.579937,-19.841822,12.168397,20.919306,-1.0149882,-12.761714,-11.512126,-23.338478,13.217392,20.238426,-7.9821563,-12.663669,-10.961471,-11.997451,-16.758318,-10.68882,6.142633,13.316907,-21.313929,-11.638535,-13.711284,-24.257303,-0.6513114,20.236565,-14.301011,-2.3536985,-9.363131,-5.281428,7.671745,-3.087217,8.491176,15.985227,3.1900675,-8.78199,-5.1587663,15.513622,10.846171,-12.620789,-8.826611,-27.121561,-11.9457855,22.549011,-8.784057
Q7LX99,-12.865557,15.407095,19.214888,-4.7248015,10.368062,-2.550573,-1.2604985,-14.30821,-8.760619,-13.596777,-12.302342,-11.817758,3.6998749,15.9330635,10.868534,-22.61413,-6.864502,-3.7193441,2.3674085,12.71698,11.516886,9.378331,-17.134895,10.657137,18.007175,-0.8552002,-11.381324,-9.058975,-20.96741,10.961788,17.280703,-7.2063055,-10.762394,-9.400986,-10.0885935,-13.390377,-10.296162,5.375481,12.122659,-18.033512,-10.113929,-12.377508,-21.021643,-1.6985338,18.070124,-12.26112,-2.455667,-7.6791706,-5.197147,5.7899055,-2.4689164,7.2148075,14.128475,3.0400114,-7.9275513,-4.5760136,12.173096,9.389288,-9.423073,-7.4311695,-24.060133,-10.198117,19.30884,-6.863191
Q9KK62,-9.745501,6.6855183,13.031214,-2.1599293,3.160008,-2.2188516,0.62187934,-9.184227,-3.2635145,-8.311039,-6.904589,-4.912324,2.6489992,6.5057545,7.2242603,-10.197617,-0.96042126,-0.03311692,1.8924689,6.867236,6.0603485,3.6668253,-7.2342587,1.9024419,8.638306,-1.1740901,-4.2690887,-6.1627574,-11.901947,6.3671703,8.780347,-0.43859118,-2.9991064,-6.2688837,-2.5813503,-9.433209,-6.5870323,2.2579439,6.574119,-9.554613,-5.5736985,-4.7308836,-8.5158205,1.8601573,7.3896036,-6.3609548,-1.8347225,-5.4157324,-3.5786695,2.9991772,-0.37534866,4.3445215,8.07069,0.6522411,-3.9976385,-3.0092306,7.486199,7.9624295,-5.426211,-3.7955976,-13.091537,-2.106794,9.648174,-6.1596856
P00360,-12.996868,14.000305,18.611856,-3.4830513,8.3994665,-2.7578747,-0.24299236,-13.777729,-7.0190988,-13.696095,-11.389411,-10.737141,3.47587,14.220101,10.124286,-20.282272,-4.8478465,-2.1892426,2.3020604,10.891595,10.2392025,8.300727,-15.479126,8.128975,15.96207,-0.98384124,-9.01176,-9.229932,-18.648155,10.081653,15.5468645,-5.057709,-8.9857,-9.226715,-8.523097,-13.706103,-8.7907,4.6827025,11.134225,-16.955439,-9.147475,-10.20276,-18.21588,0.34706292,15.694549,-11.1994505,-1.6834661,-7.5924625,-4.366998,5.6243567,-1.8462011,6.9270663,12.70711,2.1787517,-6.3608093,-4.0533,12.315052,9.672421,-9.846723,-6.8212857,-21.847895,-8.262432,17.657076,-7.3525467
O43924,-14.330136,15.481318,20.67854,-4.003073,9.203531,-3.147581,-0.40635547,-15.317259,-7.8717585,-15.038014,-12.822385,-11.853063,3.89645,15.731236,11.335017,-22.382338,-5.4973726,-2.6926227,2.5150533,12.454778,11.589668,9.236086,-16.982182,9.097971,17.689672,-1.1894448,-10.301974,-10.083722,-21.162365,11.326504,17.326618,-5.764632,-9.96274,-10.14482,-9.324108,-15.231249,-9.865903,5.2271204,12.34106,-18.898195,-10.205477,-11.475162,-20.185253,0.082838915,17.393887,-12.551802,-2.103082,-8.414322,-5.1703424,6.1860914,-2.0338206,7.7218957,14.280737,2.4247923,-7.30964,-4.6233478,13.392339,10.777189,-10.57506,-7.4588866,-24.37964,-9.08835,19.456472,-8.152548
P62277,-14.267447,15.940917,20.678661,-4.27581,9.809478,-3.1118014,-0.6812022,-15.452738,-8.34029,-14.999273,-13.052169,-12.221624,3.9274473,16.343216,11.491783,-23.00764,-6.2761083,-3.1614425,2.3969562,12.863129,11.912238,9.644001,-17.590895,10.061974,18.181057,-1.1707149,-11.110208,-10.016855,-21.76362,11.630753,18.004137,-6.449663,-10.593836,-10.000042,-9.915181,-15.057761,-10.115094,5.4972606,12.442257,-19.256926,-10.388241,-12.0939455,-21.176702,-0.58122617,18.141537,-12.990377,-2.3206959,-8.429759,-5.3078876,6.3804812,-2.345791,7.731468,14.633905,2.818053,-7.8020673,-4.7440286,13.378137,10.5801115,-10.547036,-7.6726613,-24.917114,-9.881646,19.957186,-7.8817735
O95970,-24.253027,36.31976,36.953564,-9.049536,23.60163,-5.747374,-3.854953,-29.877264,-19.040384,-28.958952,-27.048574,-27.992783,6.729998,37.896725,21.169115,-50.215298,-19.2729,-10.669243,2.509402,27.647955,25.74733,24.032991,-39.441654,28.658989,39.745453,-1.6618165,-27.749552,-18.667313,-44.69574,24.256691,39.100018,-20.397425,-27.588053,-17.83799,-26.062378,-27.766378,-17.987022,12.821266,24.468088,-40.78932,-21.177774,-28.947433,-49.3417,-6.666577,41.03772,-28.08164,-4.340739,-15.307498,-10.119633,14.218638,-6.934729,15.411731,29.44015,7.730313,-17.419592,-9.207709,26.035948,16.091913,-21.554777,-16.256353,-50.710617,-26.908297,42.545948,-12.427192
O88384,-14.256122,12.598737,19.111776,-2.3829448,5.84294,-3.4246786,0.93122464,-14.315488,-5.1045227,-13.914024,-11.090865,-9.461272,3.281069,12.572514,10.306469,-17.411196,-3.4783888,-0.89319164,1.9955312,10.460845,9.695567,7.565764,-13.597688,5.828836,14.171435,-1.5075566,-7.785755,-9.683135,-18.081873,10.546032,14.937097,-2.8612592,-7.178524,-8.9591465,-6.462382,-14.9340105,-7.7370324,4.112702,9.649434,-16.569794,-8.653527,-8.172946,-15.689205,2.2283857,13.302868,-11.121608,-1.8932934,-8.204208,-4.3280387,6.086563,-1.4436415,6.577049,12.208443,1.6064698,-6.0207705,-3.8725853,12.866504,10.59862,-10.177861,-6.1692834,-20.368336,-6.4327207,15.958232,-8.519965
Q9ZVD5,-10.517526,11.03458,14.910763,-2.8589563,6.2729816,-2.5127792,-0.25788072,-11.327854,-5.501993,-10.740687,-9.329893,-8.369206,2.8913434,11.260061,8.268775,-15.699871,-4.194768,-1.9089031,1.6338139,9.239848,8.605896,6.84371,-11.96776,6.574748,12.762306,-0.95927185,-7.70927,-7.400565,-15.604686,8.400887,12.708895,-4.1280527,-7.1438236,-7.296921,-6.604709,-11.160138,-7.0714827,3.7944803,8.679655,-13.723656,-7.33803,-8.295535,-14.464077,-0.012195243,12.293916,-9.156595,-1.7705839,-6.2284617,-3.9923108,4.553599,-1.4495614,5.658076,10.382715,1.7272391,-5.591406,-3.5061297,9.607642,7.915354,-7.55331,-5.391252,-17.46374,-6.376745,13.929474,-6.147613
O00585,-13.106815,16.539358,19.11099,-4.12643,9.950772,-3.1612575,-1.1058437,-15.129655,-8.1645,-14.400022,-12.973438,-12.580846,3.5746415,16.90919,10.759955,-23.102423,-7.505329,-3.7844799,1.626434,13.25884,12.225818,10.92139,-17.654707,11.273171,18.90492,-1.0806586,-11.930455,-9.903083,-21.318586,11.6663475,18.063732,-7.845627,-11.619335,-9.667304,-10.985055,-14.541871,-9.323044,5.66126,11.9601755,-19.217474,-10.326373,-12.8404455,-21.890741,-1.3345491,18.127884,-12.891422,-2.1402242,-8.012264,-5.187753,6.5292835,-2.5624897,7.806027,14.144633,2.8875532,-7.9412847,-4.682648,13.170486,9.21628,-10.778207,-7.7913938,-24.196617,-10.717057,20.130709,-7.6732006
P09382,-15.071694,14.058036,20.581703,-2.9816568,7.3862934,-3.3478067,0.5602847,-15.283465,-6.3672347,-15.10908,-11.93293,-10.64115,3.686508,14.072427,11.136636,-20.047972,-3.9607217,-1.2308588,2.4499514,11.081283,10.561568,8.099698,-15.444364,6.9260483,15.881673,-1.273994,-8.452741,-10.460426,-19.436342,10.986884,16.223797,-3.6347172,-8.309221,-9.909537,-7.773281,-15.727546,-8.866305,4.543484,11.235947,-17.905264,-9.504773,-9.498385,-17.818739,1.9314933,15.2952795,-11.81265,-1.778814,-8.6406355,-4.5194154,6.293728,-1.6687865,7.3411717,13.350285,1.87675,-6.4236417,-4.2811213,13.769993,11.328224,-10.980914,-6.9558635,-22.575577,-7.5223637,17.978556,-8.799774
P42801,-18.119177,26.040321,27.937504,-6.743518,17.157684,-4.1208925,-2.4518533,-21.600445,-13.955433,-21.597912,-19.764946,-20.209215,5.3359857,27.020916,15.54406,-36.760094,-12.596183,-7.093363,2.5871227,19.616875,18.336613,16.639061,-28.474144,19.43423,28.66874,-1.2926345,-19.079926,-13.5937195,-32.463818,17.040783,27.646225,-13.818545,-19.145761,-13.783373,-18.117212,-20.536997,-13.830996,9.232812,18.726095,-29.585812,-15.420428,-20.465694,-34.920647,-4.027014,29.668938,-19.945108,-2.9666767,-11.25317,-7.4660625,9.783704,-4.5444226,11.435091,21.531195,5.0205064,-11.964727,-6.7791677,18.909212,12.714098,-15.488705,-11.830936,-37.388374,-18.22818,30.959469,-9.30142
O95801,-20.166962,25.955957,30.482399,-7.0682125,17.29389,-4.1481943,-2.0664108,-22.85066,-14.401972,-22.707582,-20.242178,-20.17211,5.711103,27.071522,17.031963,-37.41954,-11.736817,-6.578629,3.4559567,19.890907,18.59446,15.631477,-29.12398,18.674206,28.665112,-1.3351297,-18.78539,-14.323021,-33.83002,17.768833,28.624512,-12.520918,-18.522867,-14.396696,-17.415266,-21.68308,-15.068861,9.130705,19.432993,-30.280972,-16.008984,-20.216885,-35.185787,-3.251872,30.389317,-20.71116,-3.3652577,-12.151575,-7.753978,10.037714,-4.478491,11.543625,22.68212,5.339522,-12.445939,-6.9645348,19.899025,14.532516,-15.792509,-11.979802,-39.061405,-18.092766,31.527359,-9.998373
Q86VP1,-11.384391,11.043923,15.91166,-2.5967915,6.3025594,-2.394611,0.23822753,-11.62051,-5.383396,-11.623903,-9.236184,-8.449563,2.9557276,11.179949,8.537578,-16.088043,-3.204741,-1.1343518,2.1258116,8.535227,8.187185,6.2450356,-12.361236,5.7107253,12.577885,-0.84384906,-6.6655955,-7.903271,-15.129154,8.256644,12.55665,-3.157174,-6.6933775,-7.801934,-6.3238072,-11.772793,-7.160476,3.6243057,9.099318,-13.866791,-7.412145,-7.6788554,-14.167261,1.1044952,12.382657,-9.072979,-1.3263487,-6.537536,-3.4953072,4.643066,-1.2838137,5.7000694,10.399811,1.5446045,-4.9750147,-3.2930343,10.446411,8.641554,-8.282387,-5.4986215,-17.786121,-6.081483,14.190167,-6.4715147
P47992,-12.973013,16.788105,18.931726,-4.3983874,10.517672,-3.0046742,-1.383734,-15.147671,-8.594471,-14.136154,-12.916816,-12.716343,3.5115402,17.248611,10.841242,-23.443296,-8.328927,-4.1538863,1.5138838,13.590826,12.402529,11.173656,-17.997448,12.153469,19.35104,-0.93550134,-12.620339,-9.794588,-21.580288,11.885189,18.481312,-8.50572,-12.174527,-9.49468,-11.487033,-14.221348,-9.606532,5.797856,11.9319935,-19.223537,-10.490287,-13.340121,-22.626944,-1.9719725,18.667065,-13.039274,-2.379303,-7.9772944,-5.215833,6.6646633,-2.887697,7.6936417,14.383577,3.1952944,-8.43798,-4.7651167,13.095228,8.868162,-10.653195,-7.9427867,-24.429136,-11.429809,20.40716,-7.373949
P15018,-17.857965,23.866358,26.55433,-6.352896,15.61008,-3.9182415,-2.1410012,-20.817684,-12.680751,-19.96488,-18.259922,-18.347973,4.9264417,24.793173,15.194897,-33.74481,-11.760892,-6.299372,2.3345463,18.672672,17.180048,15.387841,-26.210436,17.745953,26.805346,-1.2857808,-17.890728,-13.227727,-30.439756,16.494291,26.31714,-12.206553,-17.41363,-12.83593,-16.503267,-19.377827,-13.4591675,8.385572,16.955145,-27.232819,-14.595258,-18.927378,-32.54748,-3.3228655,27.192728,-18.791975,-3.195452,-10.923752,-7.0787454,9.382281,-4.334788,10.523896,20.296808,5.0619392,-11.734599,-6.4576817,18.136446,12.261878,-14.730779,-11.131668,-34.82661,-16.931978,28.882376,-9.389412
P13199,-6.7690296,4.224292,9.438026,-2.0810802,2.6373868,-1.2317493,0.32429132,-6.041951,-2.611768,-5.4570384,-4.6374507,-3.1591754,2.1247344,4.0432205,5.1764917,-7.427061,0.016759,0.1575626,1.8919615,4.75949,3.9330044,2.0305457,-4.791735,0.5874453,6.2634735,-0.7935119,-2.5175872,-4.1086407,-8.164986,3.9049697,5.525453,0.09534217,-1.496556,-4.8915095,-1.3569822,-6.0274105,-5.791568,1.4658184,5.2149553,-5.978257,-4.0185328,-3.2985616,-5.5308075,1.3941116,5.069354,-3.8643155,-1.3604923,-3.6376917,-2.6921854,1.385057,0.04117562,3.0376654,5.665971,0.33435667,-2.5934782,-2.2046075,4.835083,5.8408785,-3.2717242,-2.7433078,-9.430495,-0.7097762,6.8361235,-4.3493195
P07141,-15.273592,21.958847,22.679317,-5.6832514,14.352478,-3.5337524,-2.3121428,-18.592972,-11.531699,-17.400612,-16.255398,-16.712961,4.154101,22.816273,13.172763,-30.302795,-12.154907,-6.23332,1.4158092,17.22952,15.801012,14.837227,-23.689888,17.449583,24.765213,-0.9550865,-17.179483,-11.750107,-27.27598,15.073004,23.97337,-12.390233,-16.772444,-11.146811,-15.8479,-17.028458,-11.574286,7.747818,14.778481,-24.53188,-13.12704,-17.731121,-30.085281,-3.951311,24.722662,-16.887722,-3.0037715,-9.603155,-6.3018928,8.75318,-4.3291683,9.42214,18.119242,4.6662016,-11.084123,-5.8770766,16.103075,9.923479,-13.269747,-10.154947,-30.830837,-16.207836,26.097565,-8.083131
P68187,-12.22954,13.592792,17.611237,-3.7107785,8.060153,-2.8725622,-0.65264046,-13.440787,-6.949803,-12.636287,-11.309687,-10.324232,3.3993194,13.886891,9.905971,-19.403566,-5.5594788,-2.7922454,1.8570436,11.485061,10.505874,8.586111,-14.686021,8.567563,15.803277,-1.1260264,-9.804512,-8.696174,-18.94948,10.167936,15.489029,-5.632548,-9.044698,-8.644254,-8.405292,-13.0322895,-8.741204,4.7000303,10.515814,-16.494207,-8.9772835,-10.521699,-18.03848,-0.583379,15.200992,-11.128621,-2.2072682,-7.295624,-4.881982,5.4441566,-1.9245037,6.7735286,12.585933,2.3271728,-6.9526176,-4.248548,11.368966,9.064484,-8.949643,-6.577728,-21.242107,-8.212674,17.046701,-7.1204805
Q5XIM7,-18.0765,26.266047,27.717922,-6.5621448,16.932383,-4.1939135,-2.546831,-21.94718,-13.789514,-21.593397,-19.77879,-20.299208,5.0918803,27.34077,15.562523,-36.712196,-13.003082,-7.262471,2.3838847,19.888866,18.689228,16.986296,-28.622406,19.84218,28.880136,-1.1449076,-19.334154,-13.867894,-32.50719,17.37121,27.999378,-14.132773,-19.54964,-13.66956,-18.482862,-20.693468,-13.295966,9.123117,18.421036,-29.788486,-15.521841,-20.71935,-35.250393,-4.142151,29.737518,-20.147282,-2.8943274,-11.31324,-7.392606,10.014659,-4.548118,11.475662,21.462269,5.181667,-12.212636,-6.64207,19.206827,12.411109,-15.792607,-11.773801,-37.191257,-18.803852,30.965534,-9.485771
Q12873,-13.75747,15.173425,19.696405,-3.9366646,9.195251,-3.032571,-0.5461896,-14.8558655,-7.783067,-14.360942,-12.386025,-11.601074,3.7078836,15.555421,10.966834,-21.755075,-6.019158,-2.8784745,2.1857636,12.184491,11.332068,9.24598,-16.735594,9.558671,17.270613,-1.1234535,-10.552771,-9.693378,-20.635061,11.179118,17.248114,-6.0297675,-10.078453,-9.494318,-9.44846,-14.47676,-9.483779,5.217536,11.687653,-18.37123,-9.862047,-11.413491,-20.155878,-0.39042684,17.163012,-12.419598,-2.1963687,-8.121054,-4.9736047,6.22065,-2.2729175,7.355825,13.893539,2.7003834,-7.446979,-4.5075583,12.922406,10.110927,-10.249054,-7.3385315,-23.603088,-9.438175,19.003452,-7.631703
Q9H190,-16.25141,19.740273,23.3619,-4.604629,11.937565,-3.6278443,-0.9652668,-18.27582,-9.772668,-17.732513,-15.276077,-15.03946,4.1026278,20.278625,13.036722,-27.518957,-8.851904,-4.1725073,2.1270022,15.268118,14.27078,12.481782,-21.534597,13.50152,22.042116,-1.0930339,-13.909915,-11.950305,-25.219328,14.119016,21.81678,-8.934707,-13.871158,-11.3282175,-13.038346,-17.702356,-10.742301,6.669931,14.0959015,-23.166002,-12.276052,-14.817322,-26.164099,-1.2014713,21.99544,-15.653034,-2.4197502,-9.805816,-5.6661267,8.238003,-3.2827926,8.995208,16.989536,3.6066658,-9.397714,-5.2950897,16.29483,11.269184,-13.241311,-9.210568,-28.960993,-13.279464,23.889118,-8.905589
P04764,-14.279873,17.450504,20.7985,-4.493471,10.927499,-3.1472614,-1.0750651,-16.060003,-9.006091,-15.495287,-13.638667,-13.318708,3.8613973,17.902363,11.65388,-24.719505,-7.813709,-3.853217,2.0476391,13.767715,12.734585,11.037962,-19.0256,11.938001,19.848969,-1.0197023,-12.483312,-10.445163,-22.652473,12.340058,19.2456,-8.046587,-12.221731,-10.258967,-11.530542,-15.42253,-10.229818,5.999814,12.901468,-20.375265,-10.992463,-13.43398,-23.291412,-1.3492229,19.625364,-13.721969,-2.3202083,-8.607057,-5.3354883,6.9688625,-2.8503242,8.105829,15.2457285,3.1751637,-8.439419,-4.9261045,14.081783,10.107175,-11.357425,-8.286895,-26.023964,-11.499912,21.404371,-7.8765326
P00560,-14.456345,17.81843,21.069763,-4.1548057,10.887486,-3.2746067,-0.900345,-16.30903,-9.016959,-16.15067,-13.874882,-13.713819,3.8435354,18.447296,11.6259985,-25.014502,-7.7526145,-3.8086545,2.0943925,13.408203,12.839589,11.025708,-19.67135,12.192795,19.566576,-0.96328133,-12.372955,-10.592049,-22.816488,12.435895,19.627878,-8.012123,-12.51183,-10.172981,-11.79321,-15.83945,-9.498273,6.094822,12.971801,-21.08964,-10.89014,-13.341415,-23.599716,-1.228484,20.114454,-14.1683655,-2.0228243,-8.729226,-5.0966334,7.2746215,-2.8639648,8.183567,15.280083,3.252364,-8.259847,-4.7272935,14.443587,10.294875,-11.745372,-8.254077,-26.239279,-11.968457,21.533094,-7.7126465
O43396,-13.618009,12.699273,18.852547,-2.9968793,6.9885135,-2.9215374,0.392097,-13.747509,-6.049477,-13.602585,-10.864919,-9.654479,3.4753437,12.728829,10.189632,-18.468176,-3.4685562,-1.1929775,2.4501803,10.156143,9.579234,7.2018847,-14.051417,6.2075896,14.574104,-1.1472206,-7.6756535,-9.356834,-17.809774,9.81874,14.618972,-3.3178446,-7.452936,-9.165056,-6.984451,-14.056419,-8.536159,4.1480675,10.516335,-16.12992,-8.716709,-8.764176,-16.198914,1.5985218,14.051463,-10.614924,-1.6966596,-7.780805,-4.2537003,5.4559956,-1.438848,6.688214,12.24129,1.7072052,-5.855614,-3.9564054,12.288204,10.382668,-9.68659,-6.357124,-20.775146,-6.68058,16.43112,-7.9113946
D6RGH6,-20.19569,28.13144,30.512802,-7.5907574,18.815353,-4.302456,-2.8859653,-24.000746,-15.378059,-23.019209,-21.21284,-21.65537,5.5616574,29.406952,17.52594,-39.737915,-14.513632,-7.9527755,2.7127113,21.87562,20.19414,17.985758,-31.062302,21.797762,31.364567,-1.1967647,-21.452024,-14.990789,-35.6567,19.228752,30.906178,-15.148162,-21.05896,-14.5714245,-19.857609,-22.092289,-15.447058,9.87381,19.787704,-31.875566,-17.044498,-22.575518,-38.624325,-4.81593,32.5081,-22.047672,-3.757965,-12.470835,-8.1520605,10.979971,-5.316065,12.0777855,23.765507,6.179193,-13.998536,-7.3877025,20.802639,13.689588,-16.782982,-12.879523,-40.7184,-20.737535,33.65533,-10.173031
Q9BPZ3,-9.401957,8.807805,13.221354,-2.3147507,5.1355214,-1.9599361,0.17359304,-9.508805,-4.5002203,-9.391598,-7.5710297,-6.744379,2.5624676,8.946856,7.106682,-13.0648,-2.4535093,-0.88582134,1.9049151,7.071658,6.722194,4.903174,-9.928238,4.430872,10.261679,-0.7254133,-5.4218683,-6.3986235,-12.592029,6.6835666,10.184403,-2.4083393,-5.2387366,-6.5080805,-4.913333,-9.552379,-6.220812,2.9422624,7.5893545,-11.221694,-6.0875006,-6.2636085,-11.385907,0.85623974,10.0611105,-7.332175,-1.2485297,-5.378633,-3.071619,3.5998466,-0.9381733,4.688729,8.615923,1.220602,-4.1632805,-2.798721,8.344222,7.302038,-6.4782104,-4.48308,-14.671343,-4.6501,11.5387125,-5.357369
O43318,-14.756808,18.390306,21.61595,-4.5301614,11.234508,-3.4002762,-1.0894504,-16.763262,-9.246602,-16.349485,-14.393997,-14.064604,4.0108933,18.81925,12.008729,-25.877989,-8.032285,-4.044482,2.0658436,14.358908,13.377581,11.724594,-19.885973,12.392683,20.73584,-1.1191355,-12.932248,-10.952731,-23.618649,12.836601,20.002527,-8.470766,-12.824489,-10.779932,-12.110189,-16.289667,-10.339727,6.2856307,13.519391,-21.491074,-11.440818,-14.0293,-24.25588,-1.2977216,20.420544,-14.353089,-2.2364721,-8.945513,-5.565065,7.281097,-2.8624556,8.605177,15.802482,3.165119,-8.598853,-5.0967,14.756986,10.501027,-12.013635,-8.616981,-27.115276,-11.932457,22.365473,-8.308961
P04002,-16.7431,24.59054,25.324556,-6.30521,15.957011,-3.8979094,-2.6975758,-20.696342,-13.019002,-19.52733,-18.262068,-18.784561,4.5527263,25.65944,14.613118,-33.956654,-13.427212,-7.192886,1.7689842,19.22149,17.810415,16.364857,-26.60169,19.563406,27.444366,-0.92567414,-19.078062,-12.94921,-30.610853,16.730211,26.670156,-13.995837,-18.867481,-12.3861885,-17.731302,-19.027044,-12.5031395,8.560294,16.650373,-27.625177,-14.645294,-19.87761,-33.528175,-4.6333404,27.866804,-18.921377,-3.1875646,-10.596541,-7.0485992,9.647403,-4.6532264,10.548604,20.210138,5.1668644,-12.282554,-6.372874,17.824207,11.010121,-14.585598,-11.08146,-34.48373,-18.297413,28.910156,-8.792474
P06733,-14.607958,17.974417,21.440395,-4.691493,11.441858,-3.149422,-1.1476306,-16.403652,-9.44002,-15.96953,-14.039431,-13.785068,3.9982095,18.510265,11.979159,-25.619104,-7.984514,-4.035966,2.2269201,14.040028,13.0375,11.207843,-19.765947,12.367395,20.32712,-1.0138441,-12.814365,-10.6118145,-23.33227,12.591312,19.811628,-8.300418,-12.604609,-10.501241,-11.901657,-15.717802,-10.561067,6.206851,13.390307,-20.990833,-11.279299,-13.8450365,-24.062733,-1.5062959,20.421398,-14.16422,-2.3462274,-8.7880945,-5.444624,7.1100035,-2.946948,8.286482,15.709704,3.351725,-8.631181,-5.0115914,14.3944,10.401469,-11.572894,-8.507579,-26.905733,-11.957548,22.045492,-7.87876
P0ABB0,-9.080207,5.8189864,12.65258,-2.7182574,3.4662683,-1.7109513,0.41049504,-8.157931,-3.4499311,-7.392247,-6.3623514,-4.333391,2.7622263,5.5021515,6.9939547,-9.994033,-0.082925454,0.05210191,2.390249,6.5651894,5.361043,2.8670623,-6.436248,0.91535294,8.397621,-1.1478318,-3.539405,-5.5054045,-11.096705,5.4354734,7.538403,0.0032727718,-2.105694,-6.423798,-1.8633498,-8.271427,-7.6405196,2.0008283,6.885757,-8.181114,-5.44463,-4.475265,-7.539116,1.8444058,6.8009944,-5.370405,-1.8532053,-4.8936725,-3.6466243,2.0216312,-0.046165854,4.074077,7.6830378,0.4803322,-3.5331273,-2.9732099,6.5619736,7.7745805,-4.4730062,-3.6311662,-12.725226,-1.0942907,9.17414,-5.849008
P45973,-14.838899,17.578308,21.561111,-4.577399,10.988898,-3.2556064,-0.9958548,-16.481024,-9.205412,-15.922624,-13.973962,-13.467389,4.020567,18.144588,12.091796,-25.025726,-7.695442,-3.8546479,2.2417657,13.917667,12.95444,10.871999,-19.395891,11.9450445,19.818777,-1.102373,-12.610215,-10.60595,-23.354414,12.638107,19.75411,-7.8149905,-12.19099,-10.349977,-11.435462,-15.823807,-10.455094,6.0904565,13.13002,-20.868546,-11.138831,-13.477924,-23.581984,-1.3019147,20.031351,-14.185394,-2.4695733,-8.881657,-5.5165973,7.122852,-2.8721037,8.194312,15.674909,3.341802,-8.65928,-5.0134244,14.318199,10.670171,-11.416169,-8.336639,-26.676184,-11.614262,21.648516,-7.986773
O15496,-21.754019,31.486923,32.468803,-7.3857017,19.68872,-5.341072,-2.9055324,-26.513418,-15.831596,-25.638586,-23.55074,-24.149754,5.8345237,32.669136,18.511425,-43.114677,-16.307552,-8.657962,2.0186136,23.947037,22.409698,21.033077,-33.89614,24.148666,34.473812,-1.5720346,-23.632183,-16.869335,-38.623695,21.32679,33.93348,-17.062952,-23.602688,-15.8211975,-22.316177,-24.995693,-15.250166,10.981749,21.035702,-35.626205,-18.40711,-24.670397,-42.33184,-4.840203,34.950706,-24.367632,-3.6272163,-13.675566,-8.715479,12.626596,-5.8356867,13.615217,25.461014,6.3672724,-14.919256,-8.034138,23.291351,14.429538,-19.43735,-14.161402,-43.76335,-22.799688,36.91833,-11.633966
P12272,-19.080244,24.170094,27.42419,-5.001541,14.067565,-4.571242,-1.0848802,-21.870132,-11.361842,-21.565027,-18.523645,-18.48768,4.705826,24.867136,15.193708,-33.048344,-10.876396,-5.185515,2.1162717,18.09425,17.201008,15.561478,-26.184174,16.664072,26.261866,-1.3927644,-16.792826,-14.3574095,-30.020658,17.011469,26.368036,-11.103796,-17.114138,-13.245224,-16.126268,-21.427343,-11.715251,8.147456,16.55309,-28.322416,-14.492902,-17.789888,-31.685236,-1.4426466,26.442272,-19.127863,-2.5114205,-11.638865,-6.5150957,10.248243,-4.0220885,10.849062,20.033932,4.362293,-10.979362,-6.120137,19.748228,13.049223,-16.38506,-10.991708,-34.388577,-16.455448,28.668625,-10.51078
P06704,-13.485265,14.709454,18.52431,-3.1940396,8.367583,-3.0838706,-0.28555593,-14.6916,-6.9933624,-13.943691,-11.592296,-11.050902,3.2328236,15.05552,10.391951,-20.24716,-6.4624467,-2.4990735,1.5852284,11.53575,10.938236,9.25357,-16.038244,9.638875,16.513659,-0.8973734,-10.290738,-9.754512,-19.348595,11.17094,16.894867,-5.9280477,-10.095364,-8.822944,-9.429241,-14.350674,-8.151729,4.917183,10.478531,-17.794113,-9.367093,-10.745553,-19.45991,-0.1308887,16.22802,-12.02225,-2.0235565,-8.030353,-4.3442707,6.6296573,-2.4645195,6.9617667,13.133908,2.591361,-7.3411736,-4.2058144,13.014737,9.394364,-10.535327,-7.0623207,-21.965754,-9.610187,18.07885,-7.5285735
P00572,-18.006338,25.909891,27.627697,-6.6947327,17.218176,-3.9780698,-2.4957662,-21.505972,-13.941664,-21.369139,-19.481258,-20.10358,5.1801953,27.00918,15.484624,-36.583958,-12.780695,-7.112452,2.5403984,19.416504,18.197819,16.519175,-28.539318,19.648321,28.489079,-1.1507223,-19.081087,-13.543205,-32.124744,17.020725,27.717846,-13.833532,-19.22143,-13.503344,-18.23328,-20.197365,-13.639432,9.141565,18.421053,-29.324879,-15.319928,-20.42404,-35.01587,-4.142357,29.690388,-19.924051,-2.935121,-11.169703,-7.2325373,9.844,-4.64984,11.212499,21.354301,5.2694445,-12.037844,-6.616253,18.90127,12.433838,-15.4891815,-11.777753,-37.071125,-18.604107,30.80424,-9.088856
P05141,-12.179754,12.420299,17.546879,-3.6299973,7.8224316,-2.4121685,-0.27291325,-12.579614,-6.6274233,-12.312374,-10.429202,-9.532263,3.4106944,12.574456,9.63383,-18.601934,-3.997568,-1.9166502,2.4546158,10.195257,9.290451,7.1795697,-13.860937,6.8723826,14.689266,-1.004976,-8.119022,-8.367532,-17.35948,9.133447,14.056946,-4.202995,-7.682455,-8.718972,-7.2857885,-12.367736,-9.04784,4.220219,10.508208,-15.132154,-8.532739,-9.310018,-16.386375,0.38474032,14.226711,-10.071724,-1.8419573,-7.00638,-4.332341,4.78065,-1.5483508,6.3305707,11.883075,1.9999472,-5.947468,-3.9074144,11.035568,9.293765,-8.582454,-6.2788467,-20.370586,-6.9686446,16.18537,-6.9154644
Q8IWX8,-16.870584,18.167782,23.494213,-3.9295788,10.036731,-3.9819877,-0.21481141,-18.21354,-8.501737,-17.658464,-14.784262,-13.779085,4.181945,18.509022,13.025257,-25.24465,-7.065067,-3.0168235,2.2138329,14.288791,13.554204,11.226633,-19.753254,11.109883,20.169682,-1.4018579,-12.263267,-12.082242,-24.28361,13.718824,20.710943,-6.7802186,-11.964774,-11.173526,-11.161935,-18.163452,-10.199786,6.0771422,13.335585,-22.303728,-11.612298,-13.072911,-23.66339,0.29038674,19.894487,-15.025692,-2.372909,-9.98305,-5.6273336,7.9950705,-2.7156143,8.835924,16.339912,3.0131097,-8.6853075,-5.228779,16.106953,12.186441,-13.011747,-8.615793,-27.585863,-11.226988,22.371506,-9.593167
Q13825,-9.283453,11.104394,13.7471285,-2.9624417,7.045059,-2.010967,-0.5749591,-10.29381,-5.863859,-10.189514,-8.811616,-8.558472,2.6971738,11.417668,7.475935,-16.069502,-4.45806,-2.2004473,1.6821326,8.6016,8.105598,6.8072267,-12.257527,7.1610265,12.736494,-0.62671524,-7.5578165,-6.754706,-14.547923,7.600027,12.063994,-4.82609,-7.5707498,-7.0112286,-7.1854143,-9.979678,-6.7824736,3.8227472,8.756961,-13.12841,-7.049574,-8.483485,-14.637096,-0.5999051,12.6436825,-8.601094,-1.3386779,-5.55891,-3.4709778,4.17428,-1.5327435,5.3704433,9.783831,1.7945721,-5.116198,-3.1604772,9.017141,6.8779583,-7.2262154,-5.355191,-16.915724,-6.897572,13.819417,-5.164539
P04406,-12.97055,13.680089,18.754965,-4.0036507,8.684859,-2.6174853,-0.504157,-13.650773,-7.4181595,-13.19044,-11.379303,-10.478282,3.616513,13.9612,10.416026,-20.247385,-4.996757,-2.4742322,2.4683049,11.302094,10.30545,8.024278,-15.251773,8.201402,16.024797,-1.0354441,-9.399639,-8.903676,-19.150743,10.118225,15.6093025,-5.123506,-8.805118,-9.141534,-8.262529,-13.2596445,-9.636504,4.704745,11.233486,-16.608337,-9.27082,-10.437654,-18.263475,-0.16742118,15.795464,-11.182251,-2.1622062,-7.5400157,-4.7707644,5.359398,-1.9103107,6.793365,13.024177,2.3901768,-6.8225226,-4.2655635,11.806375,9.771527,-9.14055,-6.795372,-22.158419,-8.14599,17.577991,-7.187626
Q9UHD9,-15.621732,17.02425,22.05611,-3.9010575,10.110441,-3.2879143,-0.25408882,-16.653315,-8.365152,-16.52296,-13.505135,-12.986326,3.9203238,17.32175,12.066549,-24.228218,-6.383301,-2.6788876,2.478117,12.945017,12.279808,10.139618,-18.83103,10.358982,19.087412,-1.029964,-11.05883,-11.171187,-22.150097,12.36427,18.977316,-6.36493,-11.225392,-10.7181425,-10.619132,-16.55038,-9.987774,5.631426,12.953047,-20.497614,-10.929678,-12.24011,-22.22503,0.3216114,19.016418,-13.633623,-1.9580421,-9.158936,-4.902382,7.191963,-2.5300164,8.145341,15.198126,2.7844548,-7.7827787,-4.730479,15.078985,11.274249,-12.157556,-8.182273,-25.96849,-10.610622,21.15913,-8.628285
P21570,-17.68089,25.366522,27.05523,-6.4745383,16.346426,-4.101528,-2.4592266,-21.353235,-13.325647,-20.884335,-19.22595,-19.571674,5.0151377,26.328957,15.225748,-35.55916,-12.460941,-6.974544,2.353036,19.470137,18.151852,16.466846,-27.546186,18.969982,28.136406,-1.1951122,-18.719574,-13.519358,-31.635647,16.879406,27.083323,-13.552391,-18.753222,-13.42239,-17.730534,-20.139637,-13.234213,8.821003,17.94274,-28.777279,-15.142771,-20.08715,-34.03895,-3.8935273,28.648817,-19.460072,-2.9198663,-11.034932,-7.332346,9.6175585,-4.3394923,11.193535,20.895264,4.951998,-11.889239,-6.5584846,18.62056,12.20359,-15.26831,-11.458077,-36.16019,-17.920008,30.070719,-9.436731
P43274,-13.552661,15.409421,20.3538,-5.081177,10.5394,-2.6500683,-1.1709019,-14.617026,-9.035304,-14.027986,-12.803899,-11.922536,4.094023,15.921748,11.464784,-23.15773,-6.236277,-3.6348639,2.7824109,12.993846,11.641892,9.083255,-17.321873,10.107632,18.1215,-1.1393523,-11.307569,-9.165649,-21.85147,11.086487,17.541042,-6.6678605,-10.306403,-9.826932,-9.640527,-13.780929,-11.236962,5.5112553,12.750003,-18.380552,-10.362857,-12.393753,-21.08112,-1.4486908,18.329872,-12.58557,-2.6913145,-7.9558167,-5.640907,5.6376433,-2.3305361,7.428389,14.693978,3.0674298,-7.989985,-4.8427873,12.26268,10.309186,-9.304714,-7.573034,-25.081406,-9.676398,19.729849,-7.174723
O75822,-16.696978,17.889399,23.080362,-3.9864051,10.303138,-3.6303532,-0.22770353,-17.845991,-8.492746,-17.241968,-14.175618,-13.488083,4.014327,18.115633,12.83829,-25.065271,-7.115223,-2.7890632,2.244446,13.9681015,13.085598,11.015155,-19.516737,11.015859,20.244024,-1.1683664,-11.965474,-12.019818,-23.370852,13.427981,20.244072,-6.7366853,-11.863308,-11.157166,-11.185719,-17.65217,-10.452496,5.8943524,13.177623,-21.518066,-11.574424,-12.903752,-23.44506,0.41755477,19.643736,-14.452515,-2.2849815,-9.815371,-5.239907,7.8630805,-2.8179276,8.562533,16.033934,2.9929593,-8.535888,-5.1086116,16.0935,11.784202,-13.030223,-8.665175,-27.082754,-11.222707,22.236647,-9.45082
A6XH05,-11.884938,13.167941,17.085514,-3.5296164,8.174459,-2.5585265,-0.54840165,-12.860977,-6.927855,-12.388446,-10.70886,-10.092053,3.2486196,13.595234,9.53058,-19.00141,-5.3399553,-2.5631557,1.9762603,10.555741,9.852249,7.969784,-14.673206,8.474042,15.037791,-0.90329474,-9.252884,-8.347993,-17.970568,9.656068,15.051867,-5.3309913,-8.841137,-8.224196,-8.300955,-12.3747015,-8.332277,4.55299,10.2115345,-15.920284,-8.563421,-10.017904,-17.653633,-0.5293538,15.104317,-10.791311,-1.9415405,-7.0172224,-4.3166504,5.343088,-1.9945276,6.3473144,12.094992,2.4515724,-6.5560856,-3.8992867,11.129593,8.737236,-8.781008,-6.400277,-20.56448,-8.353818,16.549805,-6.481179
P08572,-18.791471,25.027916,27.198822,-5.6317267,15.245411,-4.4886804,-1.7090067,-22.000797,-12.195802,-21.315208,-18.872559,-19.09209,4.836114,25.758057,15.371855,-34.315456,-12.237242,-5.9738746,1.8358955,18.975088,17.797426,16.534395,-26.960602,18.200901,27.614834,-1.3596902,-18.162174,-14.352686,-30.843262,17.358515,27.223345,-12.476145,-18.21179,-13.312631,-17.276499,-21.07851,-12.557466,8.608835,16.982769,-28.666443,-14.924298,-19.086882,-33.358383,-2.544713,27.492987,-19.477161,-2.854448,-11.577144,-6.8616333,10.363778,-4.5040927,11.096764,20.59226,4.785305,-11.736687,-6.5465083,19.63039,12.598167,-16.380093,-11.536015,-35.274326,-17.467777,29.786303,-10.306783
Q14160,-14.856201,16.1764,21.154129,-3.7471924,9.611642,-3.1378958,-0.203107,-15.777943,-7.953087,-15.845248,-12.96104,-12.417826,3.8323865,16.460815,11.477771,-23.223564,-5.6720533,-2.4814358,2.5241134,12.21748,11.634966,9.541351,-17.951408,9.532904,18.110855,-1.0476749,-10.264245,-10.615015,-21.091866,11.589574,17.90962,-5.848837,-10.483553,-10.365888,-9.965053,-15.760104,-9.599143,5.3592143,12.556544,-19.541296,-10.383175,-11.583526,-21.002527,0.46765053,18.079248,-12.93795,-1.7486893,-8.682876,-4.7123775,6.6682425,-2.235645,7.8410683,14.426203,2.5755613,-7.1763206,-4.481124,14.308704,10.904704,-11.546152,-7.781128,-24.847633,-9.831275,20.189806,-8.263904
A7IZE9,-13.846025,19.469341,19.967281,-4.883287,12.47365,-3.213853,-1.9864244,-16.86718,-9.902266,-15.320841,-14.229698,-14.6598,3.5168138,20.199726,11.801624,-26.548897,-11.154276,-5.3706417,0.9706288,15.472905,14.125669,13.47782,-20.870155,15.597578,22.22367,-0.7884221,-15.40356,-10.834997,-23.988184,13.721888,21.541348,-10.979014,-14.988192,-9.856397,-14.2076435,-15.260662,-10.14248,6.7594743,12.666344,-21.620117,-11.731332,-15.750469,-26.818659,-3.308579,21.63258,-14.993969,-2.7448735,-8.7031145,-5.4789724,8.047285,-3.9512508,8.329148,15.994949,4.2570186,-10.109337,-5.225115,14.694805,8.64957,-12.201986,-9.114869,-27.006054,-14.59495,23.202229,-7.581464
P20290,-16.475534,16.392382,22.46264,-2.9778023,8.538068,-3.7554712,0.55668354,-17.105408,-7.1926637,-17.168608,-13.381299,-12.447964,3.8635209,16.553139,12.089694,-22.8075,-5.2099357,-1.6679869,2.3877192,12.180095,11.9498625,9.603564,-18.032608,8.838609,17.86886,-1.2350539,-9.858054,-11.721469,-21.55333,12.436528,18.602476,-4.8374844,-10.205766,-10.711884,-9.591536,-17.613024,-8.920423,5.2664037,12.331475,-20.580935,-10.524047,-10.915927,-20.749567,1.7965664,17.73002,-13.576321,-1.6647087,-9.563049,-4.623936,7.507297,-2.1760612,8.176324,14.776917,2.3090706,-7.1740966,-4.5482736,15.681198,12.055387,-12.769711,-7.842552,-25.10861,-9.536637,20.343086,-9.388656
C4M4P4,-11.987162,11.3533745,16.599958,-3.1636846,6.570375,-2.6297793,-0.03554654,-12.304614,-5.7514887,-11.531847,-9.821085,-8.550947,3.1990395,11.461298,9.297847,-16.521992,-3.938229,-1.5888714,1.9640869,9.823906,8.9147215,6.818347,-12.447462,6.246367,13.489996,-1.1319388,-7.843549,-8.133678,-16.611958,9.075201,13.504381,-3.583282,-6.9539223,-7.991839,-6.4405327,-12.123304,-8.283836,3.9010606,9.278852,-14.283949,-7.951501,-8.443126,-15.031932,0.58806336,12.7448225,-9.66783,-2.0995846,-6.9158487,-4.2970977,4.842145,-1.5338459,5.940011,11.274392,1.8486168,-5.9945574,-3.8663986,10.51977,9.0423765,-8.138034,-5.8174286,-18.809483,-6.2419314,14.852551,-6.9692826
P08118,-25.174746,36.356773,39.110073,-10.02714,24.8026,-5.3228197,-3.9651108,-30.115412,-20.347422,-29.629347,-27.554852,-28.271484,7.30437,38.10604,22.219187,-51.834812,-18.306725,-10.712862,3.8290448,27.84599,25.80323,22.83348,-40.38337,28.201267,40.029907,-1.5957824,-27.496908,-18.527655,-46.044838,24.144041,39.40566,-19.810045,-27.161633,-18.607304,-25.608507,-27.870647,-19.908348,12.918423,26.04731,-41.176086,-21.759026,-29.211922,-49.793564,-6.7438354,42.441814,-28.403912,-4.6132755,-15.583236,-10.55541,13.688122,-6.7438235,15.513672,30.558224,7.9578543,-17.56489,-9.381664,26.043455,17.47266,-20.941814,-16.409906,-52.824802,-26.726326,43.289124,-12.228592
P0C5Z0,-5.3657484,3.221307,7.550654,-1.7809854,2.2238884,-0.88203675,0.25359255,-4.6993265,-2.1531818,-4.249442,-3.5724235,-2.4301243,1.7683394,3.0949879,4.100916,-5.967818,0.19360259,0.24332842,1.6737888,3.6699064,3.0130305,1.4613142,-3.7751043,0.27306676,5.0365024,-0.5789259,-1.8186762,-3.243915,-6.3470793,2.9016757,4.210744,0.20450321,-1.0444684,-4.0515933,-0.9992894,-4.596073,-4.8680716,1.125498,4.310296,-4.5393257,-3.1920445,-2.5939698,-4.275197,1.1601167,4.013843,-2.8666086,-1.0563681,-2.8515449,-2.127789,0.89970285,0.13199675,2.4126217,4.450489,0.22858639,-1.9734315,-1.7498655,3.7606516,4.7000055,-2.5025501,-2.2287476,-7.5000467,-0.37559557,5.465928,-3.458197
P0CJ48,-7.013303,4.380022,9.801546,-2.180447,2.7581198,-1.2607164,0.3266281,-6.2442417,-2.718924,-5.6495476,-4.813221,-3.2773392,2.2034302,4.1743875,5.378891,-7.735029,0.04914473,0.15443581,1.9757602,4.9528418,4.0644126,2.0963306,-4.9588566,0.5795631,6.514431,-0.83116245,-2.596621,-4.250123,-8.460878,4.039419,5.704071,0.10526391,-1.5305915,-5.0868344,-1.3919622,-6.2391844,-6.0604677,1.5166533,5.432063,-6.173657,-4.1837974,-3.4265714,-5.729703,1.4562466,5.2508583,-3.9927764,-1.4107368,-3.7617483,-2.798638,1.415864,0.04588887,3.148769,5.882562,0.3434611,-2.674519,-2.2902453,5.0080395,6.0575113,-3.3840075,-2.846196,-9.804558,-0.7132525,7.101454,-4.515
P46777,-13.747335,15.14106,19.835533,-3.9460669,9.2626505,-2.952249,-0.50532466,-14.763759,-7.8445535,-14.473836,-12.358131,-11.621157,3.736212,15.510477,10.937152,-21.885378,-5.7334332,-2.7845333,2.3714514,12.009127,11.221493,9.039587,-16.788124,9.347799,17.200617,-1.0706197,-10.277407,-9.660586,-20.51245,11.003742,17.051357,-5.8907127,-9.969209,-9.619121,-9.364405,-14.474517,-9.523467,5.171128,11.8843775,-18.343288,-9.856275,-11.312652,-20.006989,-0.25989765,17.217247,-12.30353,-2.068138,-8.085676,-4.8979373,6.097317,-2.1709957,7.365504,13.85984,2.6053286,-7.242068,-4.4384274,12.925595,10.206873,-10.227089,-7.305599,-23.669283,-9.310459,18.988056,-7.58055
P07017,-12.173787,14.137037,17.961927,-4.2429075,9.247987,-2.5098517,-0.99233264,-13.413496,-7.85924,-12.713222,-11.407175,-10.787743,3.475449,14.521005,10.111467,-20.626852,-6.147743,-3.1907442,2.1533332,11.773976,10.660878,8.668479,-15.569144,9.48096,16.60229,-0.87263614,-10.353424,-8.565737,-19.395037,10.207726,15.883558,-6.378307,-9.724078,-8.852446,-9.081927,-12.728223,-9.504408,4.9210653,11.1727295,-16.71001,-9.353852,-11.228683,-19.104834,-1.2315854,16.374807,-11.268138,-2.2994564,-7.2539854,-4.872634,5.401948,-2.1945643,6.769821,13.074956,2.5986867,-7.276779,-4.315978,11.403938,8.938445,-8.845797,-6.8723273,-22.164322,-9.027999,17.77734,-6.674179
Q80VW7,-12.371066,12.689358,17.850365,-3.3195584,7.9247704,-2.3369741,-0.016944746,-12.643047,-6.5896316,-12.95464,-10.392769,-9.818766,3.3621445,12.830226,9.514775,-19.008575,-3.5907643,-1.5678802,2.6698859,9.623279,9.082528,7.0128007,-14.347755,6.694155,14.604299,-0.83375245,-7.5263486,-8.606132,-16.923368,8.94699,13.937711,-3.9681528,-7.760797,-8.956209,-7.4561157,-12.716264,-8.617464,4.1744785,10.783635,-15.435501,-8.499873,-9.043575,-16.383242,0.9060976,14.500206,-10.037632,-1.349648,-7.0724807,-3.8677642,4.8947167,-1.4630865,6.39619,11.749337,1.8334328,-5.42551,-3.6527748,11.542923,9.44658,-9.133449,-6.320406,-20.452852,-7.103188,16.370083,-6.8879285
P0DMC5,-12.191349,13.158752,17.58734,-3.4459963,8.107663,-2.5114946,-0.26799977,-12.840281,-6.709831,-12.830057,-10.7099285,-10.113421,3.3587964,13.308071,9.532667,-19.307478,-4.4092107,-2.0271487,2.2877707,10.270493,9.552384,7.7880125,-14.550758,7.493537,15.214758,-0.94480133,-8.389439,-8.648048,-17.495323,9.330738,14.46132,-4.7336073,-8.353863,-8.878127,-7.983801,-12.762961,-8.649425,4.42575,10.71189,-15.802546,-8.671692,-9.66034,-17.1181,0.3640675,14.779679,-10.376078,-1.5765579,-7.0934153,-4.1569805,5.1086416,-1.678916,6.5612764,11.972841,1.9896669,-5.8898396,-3.8704228,11.516699,9.141562,-9.201981,-6.5082345,-20.699574,-7.5724688,16.765244,-6.9490447
O95980,-16.34493,21.881458,24.21686,-5.1166883,13.070524,-4.0938196,-1.5454657,-19.284235,-10.698718,-18.79531,-16.919416,-16.713936,4.473462,22.370049,13.47583,-30.18305,-10.117537,-5.2606306,1.8891481,17.006306,15.878125,14.452089,-23.224277,15.277568,24.399185,-1.3265678,-15.670552,-12.528796,-27.505987,15.00442,23.360798,-10.844023,-15.638492,-12.225883,-14.732351,-18.802938,-11.303083,7.5016074,15.476206,-25.292486,-13.228325,-16.801363,-28.665644,-2.124016,23.865402,-16.826275,-2.500559,-10.129935,-6.516941,8.618398,-3.469614,10.112852,18.17839,3.663548,-10.080032,-5.9122124,16.913351,11.432051,-13.990561,-9.993412,-31.235956,-14.418648,26.042334,-9.4008465
Q9NR28,-14.626006,15.575171,21.00331,-3.6472235,9.361131,-2.971295,-0.051066,-15.280709,-7.8274555,-15.6768875,-12.589523,-12.0328455,3.8353603,15.850216,11.218929,-22.668793,-4.9502597,-2.1729786,2.808502,11.5539255,11.124107,8.788369,-17.49402,8.7992735,17.336296,-0.97228736,-9.490276,-10.283466,-20.447372,11.033256,17.147806,-5.2677937,-9.881354,-10.276195,-9.383147,-15.441775,-9.445103,5.1358857,12.527129,-19.014921,-10.064588,-10.972965,-20.06849,0.74155575,17.639696,-12.457828,-1.5697465,-8.475947,-4.5121284,6.316935,-2.0050147,7.6302667,14.063098,2.3411252,-6.687027,-4.284322,13.928487,10.978578,-11.139569,-7.4876347,-24.339262,-9.228592,19.539747,-7.9850082
Q14457,-12.700245,13.996621,18.07244,-3.2550833,8.272579,-2.7673185,-0.273075,-13.680898,-6.9131002,-13.540513,-11.210268,-10.724433,3.29355,14.3454075,9.871245,-19.944014,-5.2371163,-2.3021238,2.0686355,10.684048,10.22282,8.385485,-15.5251465,8.5611725,15.670666,-0.873454,-9.162751,-9.11965,-18.39457,10.102988,15.648312,-5.2992835,-9.257529,-8.81817,-8.753205,-13.513001,-8.137644,4.668745,10.711299,-16.954674,-8.937707,-10.169789,-18.301037,0.09965539,15.700927,-11.271926,-1.6141832,-7.4841666,-4.158305,5.806518,-1.9761761,6.768832,12.474764,2.3183434,-6.4255223,-3.8937945,12.231094,9.276367,-9.850148,-6.7029877,-21.381182,-8.706843,17.38683,-7.0554547
P0AFR2,-10.54198,9.49491,15.075915,-2.969582,5.854178,-2.0313363,0.114856675,-10.394487,-5.1555367,-10.231428,-8.441859,-7.285612,3.0116096,9.502856,8.142618,-14.674675,-2.1882305,-0.9530886,2.4358582,8.086049,7.339677,5.1153603,-10.695398,4.295783,11.542236,-0.92304164,-5.7932615,-6.9840655,-14.117484,7.2473845,10.952435,-2.3448796,-5.305167,-7.53782,-4.9900784,-10.449924,-7.831028,3.1903768,8.806778,-12.0599575,-6.940798,-6.94512,-12.312542,1.0818349,10.981861,-7.879676,-1.555013,-5.9343433,-3.6934204,3.5880542,-0.86814326,5.230643,9.7349825,1.2576545,-4.564159,-3.2614965,9.035876,8.411183,-6.8310766,-4.9859705,-16.633144,-4.532414,12.852539,-6.12694
Q15797,-14.342209,18.806622,21.557459,-5.1153746,12.283674,-3.1568859,-1.5852034,-16.560892,-10.1529255,-16.087467,-14.606714,-14.487032,4.117767,19.487309,12.1125765,-26.802649,-8.849947,-4.78243,2.1750932,14.756765,13.649818,11.896334,-20.648945,13.574353,21.21477,-1.02191,-13.85405,-10.497095,-24.363575,12.893659,20.563288,-9.397071,-13.528318,-10.576559,-12.748413,-15.650205,-10.903817,6.616511,13.896925,-21.725374,-11.620926,-14.8500595,-25.377882,-2.426566,21.544912,-14.719922,-2.518945,-8.754032,-5.791067,7.2020636,-3.1781144,8.525786,16.240017,3.655896,-9.129752,-5.2069507,14.3094,10.195627,-11.490595,-8.784627,-27.884083,-12.843483,22.853807,-7.5912795
Q00610,-11.742892,11.346089,16.529213,-3.1154501,6.779398,-2.4025257,0.0028671934,-11.984425,-5.8114686,-11.636467,-9.631791,-8.640369,3.1524477,11.447142,9.064694,-16.804453,-3.4975352,-1.4349898,2.2314537,9.353088,8.608037,6.5428734,-12.621735,5.988464,13.3917265,-0.9664302,-7.286213,-8.051093,-16.042501,8.640852,13.069641,-3.45126,-6.871152,-8.140178,-6.4766655,-11.904478,-8.173673,3.797753,9.537755,-14.098114,-7.874689,-8.286942,-14.843874,0.8057332,12.838529,-9.364372,-1.7170123,-6.730555,-3.9729855,4.6113105,-1.3741812,5.898404,11.005674,1.7329254,-5.500981,-3.6279826,10.536951,8.930414,-8.209953,-5.7756095,-18.704416,-6.1956167,14.836681,-6.7655816
O95998,-13.535466,16.938898,19.537786,-4.0158033,9.892341,-3.3904622,-1.0381826,-15.666126,-8.187544,-14.854045,-13.328408,-12.85247,3.6081963,17.349861,11.017419,-23.351187,-7.814462,-3.8469057,1.5052124,13.558235,12.612088,11.242057,-18.026222,11.627719,19.142948,-1.1370963,-12.300967,-10.218496,-21.922182,12.129752,18.66683,-7.998728,-11.950806,-9.732557,-11.227181,-15.131555,-9.153768,5.7980766,11.996646,-19.87938,-10.493094,-13.032804,-22.368538,-1.3303524,18.46595,-13.373208,-2.2223365,-8.302807,-5.3013825,6.9023824,-2.676233,7.9879966,14.48183,2.9579828,-8.220841,-4.7845626,13.581769,9.477985,-11.135392,-7.9044724,-24.624887,-11.058431,20.458742,-7.9050612
O96018,-17.721148,22.881386,26.291521,-6.1221814,14.4686,-4.033297,-1.9035826,-20.514862,-11.936424,-19.53436,-17.919136,-17.517273,4.896116,23.586763,14.981186,-32.372223,-10.721885,-5.8261476,2.4063423,18.422293,16.83796,14.789306,-24.808405,16.256287,25.992426,-1.4186176,-16.95312,-13.112496,-29.785318,16.084757,25.216513,-11.269245,-16.308767,-12.890918,-15.371602,-19.39146,-13.265231,7.939184,16.600992,-26.42935,-14.299527,-18.104498,-30.829193,-2.658542,25.747969,-18.06914,-3.1699812,-10.809337,-7.2193418,8.917905,-3.8153286,10.470913,19.779955,4.499828,-11.279431,-6.4102864,17.709244,12.450984,-14.282483,-10.674942,-33.837803,-15.501872,27.823029,-9.824106
Q96L73,-11.197859,12.278964,16.40734,-3.75858,7.9015207,-2.3228853,-0.7073153,-12.085496,-6.7963862,-11.452082,-10.218895,-9.416835,3.2231317,12.649896,9.216703,-18.162004,-4.83648,-2.5655093,2.1246803,10.359879,9.416336,7.3812222,-13.670274,7.748778,14.481621,-0.90441436,-8.801233,-7.7613716,-17.336615,9.038307,14.068542,-5.013564,-8.122721,-8.029796,-7.605542,-11.490497,-8.622244,4.269901,10.000047,-14.816549,-8.28717,-9.688318,-16.590958,-0.6735284,14.281427,-10.049056,-2.0496674,-6.585151,-4.440958,4.6754456,-1.7206827,6.071549,11.634971,2.292746,-6.337533,-3.8415065,10.219901,8.428694,-7.8680687,-6.0558233,-19.786901,-7.538495,15.711514,-6.236762
P05090,-18.392899,23.412176,27.769655,-6.6544843,15.294255,-3.9824705,-2.05492,-21.06738,-12.945542,-20.273054,-18.616442,-18.067837,5.2513127,24.363646,15.741502,-33.66772,-10.785061,-6.1872544,3.023257,18.88945,17.36599,14.467693,-25.89799,16.784788,26.37945,-1.378581,-17.467087,-13.123006,-31.36117,16.463816,26.103521,-11.453892,-16.674078,-13.22713,-15.559284,-19.844988,-14.07661,8.222777,17.571295,-27.442383,-14.764316,-18.657965,-31.808945,-3.1365077,27.204393,-18.840836,-3.4571822,-11.147578,-7.635052,8.976856,-3.897565,10.675312,20.81462,4.794192,-11.777963,-6.598534,17.884016,13.31829,-14.045113,-10.83015,-35.55211,-16.050653,28.55205,-9.614245
O15371,-12.29086,10.790662,16.81583,-2.6479745,5.86916,-2.5698695,0.51831806,-12.135453,-5.0613365,-11.908336,-9.397975,-8.159936,3.1302478,10.698365,9.090842,-15.925079,-2.5238178,-0.6595582,2.2911458,8.839403,8.221366,6.074278,-11.923775,4.7070813,12.738456,-1.0739415,-6.292013,-8.40463,-15.393265,8.525082,12.535729,-2.3227916,-6.002541,-8.3124895,-5.6761284,-12.437284,-7.8603344,3.4775157,9.255333,-13.801319,-7.6752186,-7.3760643,-13.69414,1.9179435,11.834492,-9.037678,-1.5132166,-6.9399314,-3.7647452,4.6261344,-1.0793844,5.891515,10.673309,1.3386354,-4.989214,-3.52704,10.898607,9.431415,-8.563811,-5.5985494,-18.110443,-5.2320857,14.328819,-7.3494844
P19156,-16.355848,16.18571,22.722244,-3.449155,8.789997,-3.6567764,0.3377638,-16.91688,-7.5869184,-16.889719,-13.524985,-12.336123,4.0694613,16.362654,12.277248,-22.977167,-5.052944,-1.9182833,2.6698277,12.508012,12.029819,9.322495,-17.864922,8.699766,17.935423,-1.3158504,-10.018222,-11.38245,-22.07318,12.309338,18.465265,-4.8682632,-9.982128,-10.822315,-9.296798,-17.325115,-9.66258,5.308084,12.702235,-20.419806,-10.64191,-11.117065,-20.657377,1.4175345,17.867136,-13.507038,-1.962587,-9.471202,-5.047728,7.123951,-2.0750973,8.190303,15.060061,2.3146954,-7.3607635,-4.73161,15.168236,12.263701,-12.096677,-7.7897735,-25.542124,-9.204477,20.31238,-9.25337
O75365,-20.166962,25.955957,30.482399,-7.0682125,17.29389,-4.1481943,-2.0664108,-22.85066,-14.401972,-22.707582,-20.242178,-20.17211,5.711103,27.071522,17.031963,-37.41954,-11.736817,-6.578629,3.4559567,19.890907,18.59446,15.631477,-29.12398,18.674206,28.665112,-1.3351297,-18.78539,-14.323021,-33.83002,17.768833,28.624512,-12.520918,-18.522867,-14.396696,-17.415266,-21.68308,-15.068861,9.130705,19.432993,-30.280972,-16.008984,-20.216885,-35.185787,-3.251872,30.389317,-20.71116,-3.3652577,-12.151575,-7.753978,10.037714,-4.478491,11.543625,22.68212,5.339522,-12.445939,-6.9645348,19.899025,14.532516,-15.792509,-11.979802,-39.061405,-18.092766,31.527359,-9.998373
Q13153,-16.55424,19.545975,23.882412,-4.64022,11.778678,-3.6753173,-0.83014476,-18.33861,-9.747475,-18.018848,-15.400086,-14.956793,4.3100863,20.020456,13.217518,-27.598663,-8.079726,-3.8941817,2.4416635,15.068737,14.185375,12.074044,-21.407793,12.756454,21.830198,-1.183084,-13.365851,-12.061852,-25.284101,13.913131,21.578043,-8.327694,-13.368206,-11.638658,-12.612459,-17.957508,-11.02567,6.588801,14.472297,-23.178745,-12.275001,-14.55908,-25.73952,-0.75780547,21.82842,-15.545073,-2.321679,-9.892354,-5.772726,8.003055,-3.0205524,9.167042,17.054821,3.4115114,-9.093744,-5.360705,16.316366,11.8404,-13.211855,-9.18267,-29.206264,-12.653009,23.902966,-9.152414
C6KSX0,-13.275125,15.747398,19.688704,-4.1293488,9.48363,-3.0867422,-0.83176214,-14.825734,-8.095868,-14.515388,-12.841759,-12.082194,3.7799847,16.070335,10.805644,-22.5323,-6.192539,-3.323336,2.2432747,12.690621,11.796009,9.752416,-17.031172,9.928504,17.944838,-1.1115757,-10.8743925,-9.609685,-21.147638,11.119667,17.195736,-6.781345,-10.580835,-9.862401,-9.882708,-14.616786,-9.504031,5.3785625,12.281598,-18.86944,-10.1056185,-12.030608,-20.544394,-0.79998153,17.628708,-12.453425,-2.0689008,-7.9810357,-5.272201,6.013781,-2.0977557,7.7306848,14.062123,2.4521282,-7.4055715,-4.5934978,12.77296,9.938924,-10.15546,-7.3929324,-24.106817,-9.542987,19.389624,-7.6312366
O55234,-17.593586,18.714035,24.819212,-4.4989743,10.775632,-3.9264646,-0.31318027,-18.733067,-9.093798,-18.234915,-15.378761,-14.2370615,4.516798,18.952309,13.739024,-26.642841,-6.8276696,-3.092427,2.68625,14.982538,13.931447,11.3611765,-20.415663,11.031365,21.221008,-1.502289,-12.477767,-12.455014,-25.285671,14.004408,21.179615,-6.799988,-12.044256,-11.995498,-11.299002,-18.659744,-11.522725,6.2660184,14.365211,-22.823795,-12.265275,-13.642951,-24.418007,0.41995466,20.679853,-15.33358,-2.5301976,-10.310737,-6.0270963,7.8841305,-2.6538477,9.221657,17.128864,3.052606,-8.892141,-5.537166,16.577236,12.918396,-13.251418,-9.02758,-29.087654,-11.179119,23.43442,-10.068562
P21374,-6.8173866,4.2764063,9.470514,-2.0475686,2.6062703,-1.2734905,0.33600456,-6.117456,-2.6021416,-5.515122,-4.683104,-3.1924348,2.1215167,4.1074343,5.199439,-7.427142,-0.048113532,0.14362484,1.8568437,4.7936077,3.9914432,2.0811489,-4.83593,0.65653396,6.270977,-0.8006303,-2.5813358,-4.146853,-8.2467575,3.9769454,5.6175017,0.06466728,-1.553691,-4.874748,-1.3946965,-6.111518,-5.722763,1.485367,5.1906424,-6.079093,-4.0271053,-3.3178544,-5.59238,1.38226,5.1078033,-3.940766,-1.3734806,-3.676683,-2.703998,1.451731,0.018949727,3.0570633,5.703195,0.34666184,-2.6398675,-2.2142491,4.885202,5.8634076,-3.318337,-2.7486482,-9.4616375,-0.7721857,6.858387,-4.370202
P04347,-16.42381,16.877024,22.531197,-3.0155947,9.012573,-3.673232,0.47099784,-17.172802,-7.4590154,-17.431707,-13.509771,-12.866461,3.842474,17.088497,12.067644,-23.505861,-5.487508,-1.8151636,2.4141045,12.199434,12.060577,9.877897,-18.651619,9.347509,18.279198,-1.12695,-10.050445,-11.810581,-21.63451,12.481447,18.88226,-5.2403793,-10.683077,-10.818416,-10.118449,-17.639786,-8.888144,5.4069924,12.5938015,-20.91753,-10.657333,-11.246867,-21.38884,1.645117,18.317024,-13.754736,-1.4968507,-9.556265,-4.473969,7.6261616,-2.2898893,8.259319,14.880497,2.4251175,-7.1608725,-4.490565,15.925928,11.913332,-13.06553,-8.02294,-25.471422,-10.081818,20.813152,-9.244997
P45880,-13.518637,16.089394,19.647097,-4.2471895,10.13507,-2.983401,-0.95287335,-15.041915,-8.470801,-14.487682,-12.792572,-12.339771,3.7167587,16.6479,11.043692,-22.926796,-7.1449947,-3.5776515,2.0208313,12.75313,11.865745,10.014125,-17.784315,11.039358,18.176098,-1.0304493,-11.65159,-9.658401,-21.417448,11.547006,18.137291,-7.2258105,-11.198579,-9.437696,-10.522762,-14.355575,-9.631249,5.6273975,12.007089,-19.077772,-10.168952,-12.40735,-21.677952,-1.3095348,18.377134,-13.003844,-2.3068316,-8.100924,-5.08689,6.497866,-2.659082,7.493311,14.344091,3.1213586,-7.982509,-4.621061,13.016909,9.717993,-10.388462,-7.6741414,-24.42095,-10.669349,19.86169,-7.2518616
P08640,-18.255215,23.479034,26.676079,-5.6429405,14.5668335,-4.074994,-1.5501686,-20.966467,-11.791259,-20.413815,-17.90586,-17.922379,4.762842,24.06374,14.948448,-32.834,-10.811722,-5.375426,2.3493776,18.047253,16.794155,15.05466,-25.437435,16.441055,26.314804,-1.2084874,-16.656084,-13.720993,-29.389877,16.280832,25.438637,-11.269755,-16.747122,-13.209943,-15.87322,-20.18507,-12.713618,7.961167,16.733969,-26.997217,-14.421089,-17.945143,-31.18428,-2.0025146,26.084993,-18.166546,-2.7187219,-11.110548,-6.650047,9.437696,-3.9530404,10.620983,19.787052,4.2912755,-10.969474,-6.252153,18.707094,12.5671,-15.349006,-10.912457,-33.958466,-15.934875,28.300741,-10.072355
P05120,-21.733864,29.23491,32.03763,-6.612446,17.674788,-5.1796913,-2.0069823,-25.527235,-14.225513,-25.106577,-22.217705,-22.379642,5.6808167,29.94641,17.874353,-40.391724,-13.473754,-6.9460363,2.5115747,22.160946,20.783747,19.071533,-31.352032,20.559694,32.27363,-1.5808512,-20.605217,-16.716276,-35.95001,19.931051,31.196957,-14.364805,-20.969345,-15.971155,-19.896091,-24.79462,-14.710971,9.893122,20.355064,-33.500175,-17.533623,-22.218998,-38.46008,-2.6560764,31.993439,-22.466915,-3.0205808,-13.387711,-8.09815,11.68816,-4.823318,13.171656,23.962494,5.204038,-13.19809,-7.5347347,22.859802,14.888622,-19.028297,-13.294546,-41.376564,-19.857323,34.707863,-12.203517
Q9UBC2,-17.75327,17.460855,24.243496,-3.3178823,9.299716,-3.8581207,0.63893324,-18.196724,-7.6716886,-18.373615,-14.216976,-13.265408,4.1658583,17.478743,13.022091,-24.664362,-5.1238527,-1.5758238,2.7517526,12.979088,12.552183,10.144204,-19.210846,8.963615,19.343351,-1.3329878,-10.155651,-12.649332,-22.733082,13.123074,19.595045,-4.8789372,-10.614904,-11.777571,-10.10344,-18.780394,-10.053732,5.5398,13.442876,-21.685713,-11.387964,-11.593717,-22.032164,2.310112,18.806091,-14.244756,-1.6688021,-10.21172,-4.868025,7.8237953,-2.2162611,8.767233,15.757008,2.381105,-7.4126654,-4.8622556,16.923399,13.002975,-13.805166,-8.494489,-26.971388,-9.86262,21.949636,-10.26296
P00724,-16.337366,21.531158,23.957949,-5.1535053,13.20828,-3.8797867,-1.5776746,-19.1199,-10.763454,-18.433403,-16.523973,-16.46706,4.353415,22.222954,13.526371,-29.863878,-10.273947,-5.254011,1.9037205,16.674715,15.590315,14.067912,-23.276161,15.468222,23.967,-1.2031237,-15.677189,-12.362029,-27.170898,14.97058,23.5161,-10.658686,-15.548051,-11.766179,-14.692867,-18.24507,-11.294352,7.408227,15.058614,-24.853472,-13.050691,-16.64389,-28.742085,-2.3043265,23.901907,-16.859007,-2.6008167,-10.049122,-6.2691092,8.671534,-3.6624086,9.723994,18.03812,4.1040883,-10.253227,-5.749219,16.787605,11.236699,-13.815041,-9.920847,-30.915245,-14.820735,25.78452,-9.028258
P09733,-7.6963754,5.1048183,10.406526,-1.9007354,2.6519852,-1.6401299,0.46885392,-7.1354094,-2.6966991,-6.447012,-5.355336,-3.773005,2.2057428,4.9721947,5.7330284,-8.145594,-0.52067757,0.084347636,1.7158039,5.3543787,4.6737337,2.6951184,-5.6441517,1.2428019,6.9023614,-0.89043003,-3.1811795,-4.820306,-9.314852,4.8063087,6.721242,-0.18534437,-2.1632147,-5.1578197,-1.8979999,-7.2302685,-5.602536,1.7407956,5.4209604,-7.2954483,-4.4258766,-3.7218688,-6.571845,1.5101526,5.8177176,-4.7944493,-1.4618665,-4.2355785,-2.8715053,2.1068597,-0.17239365,3.4372072,6.3606954,0.46910775,-3.0821953,-2.4032671,5.7811756,6.399113,-4.1135263,-3.0471988,-10.410484,-1.3945835,7.6595707,-4.8803883
P15692,-12.863391,14.871511,18.58116,-4.0374665,9.269979,-2.826401,-0.8377069,-14.20156,-7.758196,-13.495254,-11.950176,-11.34481,3.520788,15.2828665,10.4809675,-21.30257,-6.406937,-3.1700928,1.9561802,12.106095,11.115996,9.32748,-16.309843,9.861786,17.14549,-1.0207269,-10.717521,-9.213563,-20.019026,10.829118,16.804745,-6.4754567,-10.170075,-9.078658,-9.570551,-13.564576,-9.3284855,5.1456194,11.279843,-17.645317,-9.623878,-11.52676,-19.979387,-0.9340582,16.841019,-11.989999,-2.2260783,-7.671178,-4.8910284,5.9543715,-2.334536,7.091946,13.433679,2.7874243,-7.4626555,-4.409104,12.263443,9.285232,-9.751602,-7.19738,-22.828932,-9.550923,18.567171,-7.1786914
P69786,-8.663208,7.9761186,12.619302,-2.7099388,5.2672763,-1.5706177,-0.019521097,-8.529911,-4.5945683,-8.4647,-7.0447097,-6.1740603,2.6194518,8.040423,6.7764664,-12.596405,-1.8613839,-0.8776159,2.1991532,6.7415843,6.1059074,4.2288914,-9.122162,3.7188427,9.832661,-0.7133692,-4.8967934,-5.7018886,-11.853385,5.873905,9.105939,-2.1120274,-4.5113163,-6.4174457,-4.288139,-8.451596,-6.86525,2.7367704,7.637798,-10.011421,-5.8379483,-5.9851213,-10.4638405,0.6871154,9.4572935,-6.4960384,-1.3081357,-4.868317,-3.1245804,2.8096554,-0.7104098,4.3823795,8.189659,1.0914401,-3.813996,-2.752199,7.3782105,6.998711,-5.526893,-4.257669,-14.111065,-3.8311176,10.916472,-4.9383035
Q13492,-12.479039,13.039975,18.136482,-3.8282053,8.201422,-2.5424416,-0.41998237,-13.079662,-7.0444093,-12.743402,-10.969913,-10.017815,3.5335348,13.278629,9.992062,-19.408148,-4.451951,-2.2646794,2.4871955,10.7789345,9.853625,7.5790315,-14.527031,7.521928,15.294101,-1.036033,-8.767745,-8.561021,-18.357368,9.5900955,14.792232,-4.6974626,-8.236451,-8.919175,-7.7344785,-12.810224,-9.279234,4.467718,10.912694,-15.929662,-8.880422,-9.894544,-17.26531,0.02959951,15.022477,-10.642921,-2.0028362,-7.2375784,-4.6257725,5.011118,-1.6717705,6.5916963,12.457574,2.1600146,-6.3727016,-4.0852385,11.30897,9.543987,-8.742895,-6.47732,-21.282804,-7.507504,16.812176,-7.0091424
A5KE01,-13.722412,17.926262,20.388292,-4.583821,10.727035,-3.3822298,-1.4596444,-16.255783,-8.929613,-15.303571,-14.111343,-13.635607,3.7714522,18.378374,11.543919,-25.030214,-8.25164,-4.467601,1.763916,14.660496,13.474229,11.910106,-19.013275,12.390808,20.55158,-1.1035779,-13.102601,-10.527288,-23.239384,12.595371,19.458742,-8.8647175,-12.744419,-10.384214,-11.983322,-15.522523,-9.9564085,6.059277,12.954313,-20.768726,-11.229243,-14.192987,-23.717888,-1.8481135,19.671156,-13.921422,-2.3294654,-8.48459,-5.791242,6.875767,-2.6461954,8.47966,15.262468,3.1429422,-8.707375,-5.012207,13.9475155,9.674036,-11.339266,-8.26022,-26.125706,-11.746022,21.619118,-8.198875
P23396,-12.873482,14.194167,18.644592,-3.8978667,8.846839,-2.7191722,-0.57466704,-13.830544,-7.475631,-13.430886,-11.606761,-10.879196,3.5600092,14.519146,10.333705,-20.67115,-5.4322014,-2.6823127,2.2728553,11.4632635,10.577608,8.535574,-15.709963,8.781554,16.3818,-1.0152341,-9.758619,-9.044143,-19.352396,10.31409,15.986109,-5.6145678,-9.344759,-9.139287,-8.796843,-13.449129,-9.2947235,4.8675194,11.272332,-17.08766,-9.349957,-10.778615,-18.854824,-0.3537308,16.18429,-11.471188,-2.043985,-7.5675197,-4.722679,5.599522,-2.0240345,6.9407372,13.084308,2.4659424,-6.900951,-4.252163,12.039566,9.566678,-9.482036,-6.9267306,-22.341675,-8.669976,17.938002,-7.169142
P05451,-6.1332617,3.9321208,8.329763,-1.6028433,2.146746,-1.2748606,0.3714378,-5.6442165,-2.2060785,-5.0574565,-4.2006774,-2.9159582,1.8344014,3.8712306,4.5666633,-6.4457283,-0.3287037,0.14058071,1.4785866,4.2026186,3.68745,2.0224633,-4.4413776,0.87855273,5.485124,-0.67791456,-2.456802,-3.8083272,-7.407976,3.7100472,5.265405,-0.056163847,-1.6195475,-4.1946683,-1.4256829,-5.633869,-4.614313,1.3660176,4.405322,-5.6972523,-3.5013201,-2.9407,-5.125123,1.1835574,4.6199117,-3.7053707,-1.1960042,-3.3651009,-2.3281362,1.5434797,-0.062397406,2.7396731,5.0528526,0.3502433,-2.4555447,-1.9325223,4.497447,5.1736126,-3.1411977,-2.4405026,-8.283465,-0.9649587,6.071503,-3.8792095
O43508,-19.020248,24.244427,28.208715,-6.472725,15.438623,-4.264058,-1.8628659,-21.71184,-12.722499,-20.977528,-19.03889,-18.608856,5.305312,24.935234,15.943323,-34.43427,-11.088675,-5.9878216,2.688038,19.295124,17.662659,15.454051,-26.384413,17.004538,27.402927,-1.5617461,-17.749445,-13.883415,-31.575087,16.964277,26.65379,-11.68178,-17.111095,-13.7631645,-16.129314,-20.722397,-14.221984,8.476465,17.795311,-28.10653,-15.1315975,-18.97203,-32.565563,-2.5855126,27.365173,-19.15951,-3.3237271,-11.531589,-7.5926123,9.47221,-4.071101,11.09967,21.069588,4.6700573,-11.772466,-6.8295827,18.851185,13.500076,-15.189112,-11.36145,-36.08717,-16.21691,29.564438,-10.3642235
P10275,-15.304165,19.723997,22.734657,-5.0684376,12.457306,-3.4635925,-1.438217,-17.584478,-10.257732,-17.148518,-15.348189,-15.155508,4.2624855,20.332808,12.711163,-27.890974,-8.982275,-4.7340493,2.199475,15.373468,14.294149,12.536927,-21.504227,13.835461,22.150347,-1.1326238,-14.205901,-11.307559,-25.350725,13.610591,21.49393,-9.521509,-14.007895,-11.210218,-13.221092,-16.847187,-11.119468,6.841214,14.449302,-22.890057,-12.167907,-15.301373,-26.327269,-2.0272965,22.240955,-15.430301,-2.4792464,-9.320623,-5.967797,7.692588,-3.2244272,9.038194,16.909374,3.6596029,-9.3619175,-5.4112606,15.36001,10.8559885,-12.448832,-9.187168,-29.05651,-13.224478,23.911446,-8.332473
Q61371,-10.064637,9.371094,14.197264,-2.6842074,5.572803,-2.0762074,0.08087518,-10.152345,-4.8747406,-9.856827,-8.15906,-7.1498747,2.7905114,9.454156,7.7334075,-14.044472,-2.634033,-1.0553316,2.0396657,7.858677,7.244151,5.308022,-10.467595,4.669469,11.183419,-0.86687887,-5.9496794,-6.807023,-13.644701,7.203901,10.8887615,-2.6104345,-5.5057445,-7.0295334,-5.1654625,-10.124233,-7.083925,3.161776,8.181244,-11.851447,-6.630397,-6.844205,-12.212827,0.83254015,10.681482,-7.8132186,-1.5036503,-5.742503,-3.4852936,3.742791,-1.0061212,5.0358877,9.330516,1.3410227,-4.589643,-3.122212,8.813388,7.831656,-6.7845993,-4.842595,-15.844272,-4.825305,12.428887,-5.8449817
P21375,-11.783132,11.202419,16.127424,-2.3413696,5.996435,-2.608537,0.41342473,-12.040965,-5.1390986,-11.954361,-9.369872,-8.51036,2.9172843,11.321511,8.674262,-15.958228,-3.3095152,-0.98924017,1.9514271,8.607814,8.357699,6.4523945,-12.433224,5.7408442,12.592504,-0.8973704,-6.7353244,-8.243509,-15.28683,8.593621,12.888069,-3.0466862,-6.7802014,-7.8142056,-6.3751397,-12.2886915,-6.843506,3.6364508,8.916842,-14.222432,-7.451792,-7.594053,-14.2640915,1.3714395,12.31494,-9.333037,-1.3234749,-6.784702,-3.464605,4.979287,-1.340098,5.7969055,10.48579,1.5328345,-5.0735955,-3.3198106,10.863095,8.828052,-8.699302,-5.5447025,-17.79925,-6.182904,14.277386,-6.7825966
Q9BZR9,-14.929069,18.04494,21.76233,-4.9945536,11.736437,-3.1121583,-1.269732,-16.652998,-9.683513,-15.869518,-14.130178,-13.780197,4.068376,18.591541,12.356622,-25.872341,-8.305332,-4.1712008,2.2380838,14.480436,13.216264,11.309592,-19.888521,12.6216,20.728878,-1.0502187,-13.250425,-10.715107,-23.789938,12.902307,20.220781,-8.418328,-12.698643,-10.563864,-11.980043,-15.70811,-11.196438,6.281137,13.460368,-20.990143,-11.529601,-14.145841,-24.502695,-1.7060395,20.658363,-14.3537855,-2.6701422,-8.941276,-5.655896,7.185944,-3.114715,8.2795315,16.07262,3.589113,-9.079063,-5.203919,14.484163,10.53628,-11.534445,-8.680383,-27.339184,-12.152799,22.364452,-8.012118
Q7YZX3,-20.166962,25.955957,30.482399,-7.0682125,17.29389,-4.1481943,-2.0664108,-22.85066,-14.401972,-22.707582,-20.242178,-20.17211,5.711103,27.071522,17.031963,-37.41954,-11.736817,-6.578629,3.4559567,19.890907,18.59446,15.631477,-29.12398,18.674206,28.665112,-1.3351297,-18.78539,-14.323021,-33.83002,17.768833,28.624512,-12.520918,-18.522867,-14.396696,-17.415266,-21.68308,-15.068861,9.130705,19.432993,-30.280972,-16.008984,-20.216885,-35.185787,-3.251872,30.389317,-20.71116,-3.3652577,-12.151575,-7.753978,10.037714,-4.478491,11.543625,22.68212,5.339522,-12.445939,-6.9645348,19.899025,14.532516,-15.792509,-11.979802,-39.061405,-18.092766,31.527359,-9.998373
P0ACC1,-21.652496,30.029633,31.512888,-5.870159,17.92138,-5.2397285,-1.7838373,-25.686668,-14.131661,-25.788935,-22.12005,-23.060556,5.3585725,30.994705,17.419697,-40.70709,-14.319252,-6.915193,2.0648882,21.37007,20.708052,19.583597,-32.514965,21.817392,32.0675,-1.3158432,-20.81584,-16.946352,-35.413616,20.130266,31.917227,-14.920438,-22.0174,-15.435913,-20.988487,-25.02024,-13.142132,10.129914,19.887453,-34.309765,-17.23028,-22.190416,-39.43729,-2.703912,32.77007,-23.03042,-2.467067,-13.42854,-7.2220263,12.538284,-5.301274,13.032176,23.667725,5.523154,-13.014651,-7.116942,23.575167,14.330047,-20.033636,-13.4396715,-41.0535,-21.342087,35.00471,-11.628551
P54253,-15.45296,18.822971,22.251638,-4.486619,11.5297575,-3.4401221,-1.0033525,-17.3998,-9.507957,-16.867313,-14.545595,-14.331041,3.9900753,19.344883,12.431889,-26.301855,-8.571215,-4.0220156,2.0516186,14.535357,13.652044,11.849267,-20.55233,13.021856,21.054867,-0.9877682,-13.358432,-11.344518,-24.130032,13.399157,20.814407,-8.634372,-13.310603,-10.808741,-12.512644,-16.820435,-10.365969,6.4021025,13.5644455,-22.08667,-11.697039,-14.228444,-25.02834,-1.3245118,21.09807,-14.863942,-2.365955,-9.333268,-5.457192,7.8065248,-3.1798415,8.624786,16.284481,3.414434,-9.041845,-5.149231,15.395166,10.782625,-12.485228,-8.82348,-27.689106,-12.672673,22.830341,-8.38933
P0A6L0,-17.087324,20.154497,24.066797,-3.761133,11.3219795,-3.9699762,-0.31408098,-18.936172,-9.15445,-19.088957,-15.500984,-15.409163,4.0941205,20.595703,13.055394,-27.700014,-8.009637,-3.3655884,2.1695747,14.494868,14.208501,12.487323,-22.010445,12.808431,21.745447,-1.0896145,-12.916343,-12.815853,-24.796837,14.196702,21.937674,-8.109162,-13.748689,-11.744911,-13.07311,-18.993814,-9.700538,6.5830116,14.244611,-24.012674,-12.179127,-14.177217,-25.942217,0.14091134,21.885847,-15.888507,-1.6832004,-10.230542,-5.116851,8.7146845,-3.0604134,9.367616,16.807465,3.2386844,-8.617722,-5.0628147,17.464808,11.952828,-14.561452,-9.294488,-28.97241,-13.109267,24.180145,-9.536786
P15208,-17.415245,21.436848,25.617447,-5.687992,13.763097,-3.7102017,-1.3604473,-19.390676,-11.203435,-19.027363,-16.808975,-16.490856,4.823133,21.95982,14.32031,-30.778858,-9.198462,-4.7881036,2.6836212,16.73971,15.368823,13.395956,-23.529598,14.441653,24.320555,-1.3754324,-15.117879,-12.626094,-27.696554,14.901754,23.483557,-9.719724,-14.792929,-12.614619,-14.074898,-18.649288,-12.94534,7.4407454,16.089031,-24.865782,-13.482181,-16.47719,-28.663446,-1.5852587,24.211538,-16.841671,-2.7463717,-10.411513,-6.511327,8.360553,-3.491448,9.897565,18.694046,4.012048,-10.076467,-6.0169163,17.164192,12.447287,-13.874252,-10.229979,-32.214455,-14.005966,26.463675,-9.482359
P11940,-12.669612,15.101477,18.655064,-4.0949435,9.52008,-2.7703826,-0.87072146,-14.045711,-7.947186,-13.68276,-12.057892,-11.564859,3.5911224,15.425431,10.323572,-21.719408,-6.301283,-3.2005014,2.0911682,12.06625,11.111658,9.385296,-16.468407,9.872223,17.372852,-0.9741468,-10.610611,-9.131881,-20.010893,10.616261,16.556477,-6.6917095,-10.306996,-9.339609,-9.706976,-13.631417,-9.393086,5.220182,11.6936035,-17.800852,-9.686631,-11.632248,-20.00068,-0.9528164,17.06692,-11.839314,-2.0594087,-7.5861177,-4.881037,5.813271,-2.2545364,7.234919,13.464948,2.538161,-7.2208204,-4.4187207,12.21945,9.277983,-9.742871,-7.247475,-23.056223,-9.446453,18.744366,-7.081748
Q96EB6,-11.861555,14.242975,17.453371,-3.9598823,9.17037,-2.541427,-0.9326269,-13.21163,-7.629429,-12.737386,-11.3214245,-10.938981,3.3640182,14.695269,9.7704735,-20.562408,-6.173748,-3.1727197,1.9544462,11.38126,10.497998,8.858392,-15.728224,9.625275,16.371563,-0.88007164,-10.220993,-8.52864,-18.93067,10.046895,15.853145,-6.439372,-9.856395,-8.616447,-9.315874,-12.556444,-8.891607,4.9629345,10.920668,-16.735693,-9.106413,-11.121734,-19.166277,-1.1702977,16.307835,-11.30418,-2.0111413,-7.10066,-4.580401,5.5027375,-2.226316,6.7145104,12.703329,2.6767874,-6.986001,-4.12658,11.434344,8.604224,-9.098631,-6.861679,-21.761581,-9.259899,17.72898,-6.4824877
Q8IUQ4,-11.624316,11.6486845,16.288534,-3.3081892,6.958483,-2.5071075,-0.27370858,-12.191853,-5.983778,-11.364211,-9.816371,-8.768096,3.1174915,11.777457,9.165982,-16.929499,-4.379047,-1.884644,1.8929695,10.030408,9.049243,7.1442275,-12.706538,6.7867846,13.932533,-1.0111034,-8.176202,-8.056969,-16.60476,9.062501,13.5845995,-4.164142,-7.4015517,-7.9947658,-6.904959,-11.858747,-8.324191,3.9745986,9.377679,-14.292043,-8.063702,-8.865895,-15.500417,0.19563906,13.079887,-9.641968,-2.0596244,-6.768812,-4.269707,4.809954,-1.6244327,5.9614453,11.270854,1.9416257,-6.1082854,-3.8477173,10.453441,8.629655,-8.133912,-5.9123693,-18.887121,-6.684895,15.093862,-6.792234
Q94420,-8.087648,8.049832,11.516842,-2.488907,5.020142,-1.6919868,-0.23251949,-8.462284,-4.3664274,-7.903108,-6.8483243,-6.104466,2.319402,8.219413,6.4093275,-11.972281,-2.9206688,-1.2723076,1.5489398,6.9550886,6.3289037,4.835591,-8.932392,4.640891,9.807333,-0.6478935,-5.623735,-5.568966,-11.690219,6.136655,9.387328,-2.8626077,-5.0983396,-5.781788,-4.7745457,-8.120136,-6.072455,2.781117,6.8272243,-9.93113,-5.643312,-6.255124,-10.776533,0.049987566,9.277677,-6.608771,-1.4490166,-4.703166,-3.070447,3.127719,-0.9992061,4.220684,7.909188,1.3144414,-4.247041,-2.7129343,7.1450834,6.1613827,-5.477101,-4.168672,-13.340104,-4.5119886,10.603023,-4.6985836
P0A6S5,-9.756137,8.864508,13.473936,-2.833796,5.2470217,-2.1098483,-0.14199427,-9.998774,-4.726453,-8.933178,-7.8456016,-6.5788794,2.6676126,8.93151,7.683919,-13.057022,-3.2937818,-1.3097385,1.6407515,8.293735,7.317485,5.4142942,-9.640881,4.9215727,11.058992,-0.9140221,-6.5284853,-6.5302463,-13.657942,7.3933783,10.835663,-2.8770857,-5.43583,-6.5563154,-4.9569182,-9.645943,-7.2119284,3.0766792,7.4892564,-11.220653,-6.5335803,-6.9210987,-11.945699,0.2896871,10.081945,-7.622499,-2.0348558,-5.632272,-3.7772298,3.7247572,-1.1871696,4.7892494,9.254281,1.4611564,-5.1853065,-3.3107562,8.247355,7.394638,-6.188362,-4.69182,-15.189735,-4.739498,11.867685,-5.8006873
O00308,-15.02869,16.2053,21.504135,-4.2993126,9.741469,-3.3329108,-0.55576915,-16.120146,-8.375668,-15.500175,-13.448051,-12.375702,4.0595703,16.5931,12.0086975,-23.29201,-6.3183465,-3.0880072,2.4238749,13.274581,12.272716,9.7940645,-17.8537,10.067196,18.48285,-1.298513,-11.364156,-10.441092,-22.515854,12.1519575,18.608515,-6.2870955,-10.64144,-10.249423,-9.896574,-15.763164,-10.396264,5.5909576,12.613315,-19.825588,-10.67271,-12.212712,-21.534508,-0.36289832,18.383226,-13.454619,-2.5212727,-8.844684,-5.543882,6.681351,-2.4026306,7.9403586,15.130048,2.8805704,-8.1260805,-4.9425883,13.877785,11.161393,-10.890653,-7.834587,-25.575073,-9.934175,20.366575,-8.345744
B5KM66,-21.371138,27.17625,31.169888,-6.1564837,16.778986,-4.7519455,-1.5306256,-24.308193,-13.693495,-24.194372,-20.790787,-20.935179,5.4943724,28.152742,17.325628,-37.946953,-12.231488,-6.1166253,2.867629,20.11997,19.22752,16.862556,-30.036465,19.141287,29.469002,-1.3691578,-18.981144,-15.757711,-34.06333,18.836857,29.813145,-12.6103325,-19.36009,-14.810493,-18.301476,-23.530132,-13.918486,9.270786,19.209225,-31.765442,-16.355019,-20.30928,-36.164696,-2.210759,30.644081,-21.564526,-2.9229455,-12.933479,-7.337236,11.244749,-4.686017,12.078749,22.89248,5.2551594,-12.478838,-6.932701,21.800842,14.859768,-17.868528,-12.425801,-39.383583,-18.915482,32.516026,-11.12245
P00748,-16.174402,21.59144,24.22336,-5.4958587,13.759171,-3.6417203,-1.7161705,-18.841652,-11.216075,-18.456879,-16.582058,-16.623327,4.500015,22.291798,13.554045,-30.488398,-9.997715,-5.359398,2.2898211,16.625378,15.481763,13.804071,-23.541187,15.401962,24.150417,-1.1400253,-15.53743,-12.126812,-27.265606,14.651996,23.297045,-10.725478,-15.510533,-12.014258,-14.7027235,-17.962872,-11.845547,7.4628935,15.630774,-24.784286,-13.160637,-16.81036,-28.849377,-2.4623017,24.32172,-16.714233,-2.5390348,-9.906225,-6.319705,8.329784,-3.571268,9.749137,18.17441,4.079215,-10.086169,-5.7497435,16.57035,11.33518,-13.529154,-9.975679,-31.391062,-14.741449,26.009802,-8.76773
A0A0K0MJN3,-11.388234,13.799904,16.642876,-3.7941892,8.691252,-2.5875716,-0.98046297,-12.889981,-7.2813115,-12.154675,-11.012108,-10.551049,3.2057514,14.289828,9.44111,-19.661459,-6.316115,-3.237708,1.6619855,11.244851,10.359653,8.824055,-15.115512,9.578222,15.862231,-0.9035227,-10.229831,-8.257791,-18.50735,9.917205,15.555844,-6.4388123,-9.6873665,-8.153085,-9.107596,-12.139554,-8.410433,4.8357024,10.300011,-16.263655,-8.786736,-10.9016485,-18.66835,-1.359385,15.691148,-11.086402,-2.085614,-6.881918,-4.5628657,5.4386497,-2.2171059,6.5041633,12.291325,2.6894596,-7.013061,-4.048209,10.983893,8.170806,-8.756085,-6.6125584,-20.907349,-9.11728,17.077795,-6.317339
P01023,-16.45976,22.25348,24.745728,-5.8506045,14.208396,-3.8418465,-1.9521104,-19.347134,-11.655323,-18.710352,-17.226873,-17.099726,4.6984773,22.965256,13.971325,-31.320166,-10.6753845,-5.8304057,2.1726065,17.52825,16.14403,14.475335,-24.069769,16.158411,25.024338,-1.3124862,-16.50872,-12.297032,-28.488,15.219899,24.122688,-11.393315,-16.091259,-12.2419815,-15.175742,-18.358732,-12.4145155,7.82151,16.027393,-25.534883,-13.586701,-17.584171,-29.867582,-2.967559,25.032951,-17.312166,-2.9054773,-10.148017,-6.8344417,8.554599,-3.778705,10.069127,18.8655,4.2557874,-10.702519,-6.1244817,16.730156,11.55101,-13.61084,-10.291799,-32.411922,-15.170651,26.790388,-8.973414
P0A6E6,-8.484628,5.3744845,11.886435,-2.6379013,3.3394034,-1.5306985,0.3705442,-7.5567513,-3.282558,-6.8620634,-5.9007344,-4.0152454,2.6275802,5.065894,6.5525923,-9.428519,0.05514089,0.100275606,2.3433576,6.1064243,4.941926,2.5922503,-5.994948,0.7194751,7.914152,-1.0570533,-3.200253,-5.1293783,-10.304647,4.9695597,6.9303045,0.078453794,-1.8692708,-6.116316,-1.6843219,-7.626651,-7.3564425,1.8480053,6.561283,-7.515463,-5.1151934,-4.181569,-6.986588,1.7664425,6.3507886,-4.90186,-1.7214404,-4.5472584,-3.4152694,1.7620927,0.012851514,3.8110914,7.17216,0.4261573,-3.2431428,-2.7866714,6.091926,7.308366,-4.124999,-3.4260602,-11.943834,-0.8979,8.619351,-5.481331
P12476,-12.204123,16.008547,18.31619,-4.3211617,9.943411,-2.9108214,-1.3279884,-14.303186,-8.259265,-13.619787,-12.536219,-12.150806,3.5265203,16.26078,10.234923,-22.540215,-7.4249625,-3.9159765,1.7006273,13.103947,11.902958,10.5793,-16.877548,11.046085,18.630175,-0.9516835,-11.718599,-9.246542,-20.74255,11.037611,17.054062,-8.076568,-11.378475,-9.546936,-10.674036,-13.792002,-9.417228,5.507719,11.944363,-18.404325,-10.104961,-12.717292,-21.081793,-1.7364417,17.658894,-12.101906,-2.1758246,-7.542414,-5.2473288,5.9661098,-2.4092493,7.6202497,13.77445,2.5241058,-7.7279058,-4.6577096,12.266701,8.709057,-9.907824,-7.5097275,-23.531456,-10.162538,19.438578,-7.217223
P10810,-13.292524,17.530237,19.965302,-4.6834965,11.566978,-2.8876598,-1.35776,-15.201993,-9.372611,-15.074371,-13.501137,-13.56478,3.8828788,18.10924,11.089609,-25.085728,-8.002158,-4.2405005,2.047436,13.367616,12.418783,11.080438,-19.302866,12.443584,19.721436,-0.98192954,-12.589367,-9.7733,-22.254723,11.73539,18.91865,-8.59565,-12.487776,-9.944379,-11.897881,-14.462076,-10.154232,6.2083282,13.034286,-20.108664,-10.703131,-13.656129,-23.54068,-1.9964046,19.984539,-13.535013,-2.1322222,-8.074874,-5.1793365,6.6453404,-2.9446583,7.937957,14.917246,3.3190114,-8.13975,-4.7956305,13.3811865,9.462394,-10.895202,-8.291101,-25.854229,-11.788195,21.40168,-7.0138316
O94782,-19.511621,27.056742,29.70554,-7.2467346,17.867773,-4.313797,-2.617765,-23.065401,-14.669098,-22.489138,-20.7119,-20.923342,5.5636163,28.1992,16.835333,-38.32794,-13.309215,-7.485415,2.775172,20.942356,19.413485,17.216642,-29.777975,20.359335,30.025696,-1.3598913,-20.253235,-14.428851,-34.480305,18.300856,29.465036,-14.212995,-19.903465,-14.319765,-18.767506,-21.581413,-14.890918,9.551592,19.39346,-30.914356,-16.347895,-21.514063,-36.75757,-4.277177,31.102259,-21.193506,-3.4791698,-12.029966,-8.020259,10.376615,-4.8393173,11.856865,22.874079,5.6347356,-13.08404,-7.174554,19.96637,13.598361,-16.137476,-12.362462,-39.39727,-19.296804,32.403694,-9.987554
P61088,-12.918288,14.017584,18.713223,-3.951672,8.785574,-2.699515,-0.55536044,-13.77827,-7.457273,-13.35443,-11.568206,-10.752985,3.599286,14.337343,10.386224,-20.54843,-5.2496133,-2.62677,2.3485446,11.430786,10.500948,8.363364,-15.561833,8.559408,16.254393,-1.0506886,-9.644756,-8.993043,-19.339731,10.25357,15.883317,-5.4230814,-9.1347885,-9.143436,-8.593331,-13.3847,-9.442206,4.8231864,11.274728,-16.944384,-9.32557,-10.6739,-18.664234,-0.29255927,16.0553,-11.406938,-2.0963771,-7.561556,-4.774135,5.504246,-1.9717859,6.903146,13.079835,2.4597597,-6.8790135,-4.267681,11.946302,9.6700735,-9.35122,-6.8841724,-22.321127,-8.469863,17.832571,-7.189557
D3ZMK9,-13.510165,15.423186,19.368822,-3.9650733,9.558232,-2.9017632,-0.7227443,-14.825204,-8.075824,-14.228755,-12.236137,-11.73037,3.5568094,15.877281,10.834369,-21.893356,-6.777002,-3.132363,2.0463862,12.262756,11.446244,9.437302,-17.024965,10.387334,17.502905,-0.88064194,-11.016273,-9.589664,-20.623917,11.295357,17.461792,-6.6804385,-10.681736,-9.288998,-9.96033,-14.295597,-9.278703,5.2846227,11.584255,-18.448645,-9.907731,-11.720559,-20.646257,-0.9017215,17.607735,-12.453275,-2.2453587,-8.055043,-4.822695,6.408573,-2.5395682,7.243202,13.958534,2.8192017,-7.7387185,-4.464828,12.898811,9.680739,-10.21452,-7.3752227,-23.553274,-10.134297,19.062157,-7.2674103
Q9H4A3,-15.772041,20.243711,23.173622,-4.7699943,12.398048,-3.6289198,-1.254412,-18.139242,-10.141151,-17.84058,-15.610314,-15.544824,4.204252,20.868475,12.870664,-28.323328,-9.047321,-4.592785,2.1446686,15.387741,14.546918,12.854257,-22.068563,14.028476,22.42098,-1.0870396,-14.198899,-11.81987,-25.530243,13.958674,21.982222,-9.532903,-14.355493,-11.412209,-13.587293,-17.537308,-10.696784,6.891642,14.540767,-23.565966,-12.3260765,-15.369985,-26.786041,-1.6671404,22.583,-15.819066,-2.2409532,-9.607773,-5.781154,8.096293,-3.2549086,9.247001,17.04941,3.6739693,-9.322582,-5.3320026,16.095438,11.067655,-13.199119,-9.332268,-29.374151,-13.64593,24.342522,-8.651307
O15287,-11.473247,13.63958,16.54849,-3.4258132,8.304191,-2.5945208,-0.6902874,-12.829631,-6.8535624,-12.340732,-10.740814,-10.380801,3.0968254,13.951604,9.207915,-19.283403,-5.874686,-2.756675,1.6511762,10.791099,10.0449095,8.684888,-14.801425,8.994576,15.638656,-0.83017254,-9.562019,-8.462811,-17.756166,9.703391,15.043669,-6.02844,-9.407514,-8.3138485,-8.898324,-12.397532,-8.014323,4.641478,10.184479,-16.050447,-8.655419,-10.404184,-18.042133,-0.6993397,15.170032,-10.694445,-1.7630323,-6.902078,-4.220294,5.455192,-2.0704286,6.506969,11.935402,2.322117,-6.528898,-3.898543,11.265265,8.1839285,-9.122747,-6.5460014,-20.387697,-8.695971,16.833086,-6.549662
P0AB58,-14.273932,13.249687,19.896463,-3.3152888,7.4845643,-2.95941,0.36502814,-14.303084,-6.4412465,-14.191531,-11.382564,-10.090152,3.6990194,13.218097,10.752551,-19.543657,-3.4203565,-1.241308,2.7181768,10.702317,9.958337,7.4366384,-14.676345,6.2922344,15.4011965,-1.222382,-7.9275227,-9.760036,-18.646433,10.1777115,15.159744,-3.3884256,-7.6520996,-9.761049,-7.207971,-14.621652,-9.339559,4.323721,11.226521,-16.72976,-9.222785,-9.21602,-16.913237,1.731348,14.71698,-10.993196,-1.7923838,-8.111964,-4.517457,5.538109,-1.4448361,7.0188956,12.87487,1.7598952,-6.0643787,-4.183088,12.815579,10.953143,-10.054069,-6.6970024,-21.935389,-6.8071346,17.307005,-8.330485
O08722,-19.416668,25.353134,29.335073,-6.8448005,16.88623,-3.9568017,-2.0030928,-22.049921,-13.767212,-21.98581,-19.543736,-19.66546,5.487986,26.226526,16.341536,-36.595074,-11.247146,-6.230055,3.27473,19.32267,17.913778,15.548362,-28.181734,17.885605,28.34118,-1.300325,-17.986813,-14.112545,-32.279457,17.06133,27.445976,-12.220075,-17.97227,-14.316827,-17.08816,-20.98307,-14.797463,8.821406,18.985975,-29.112429,-15.638702,-19.705484,-34.130505,-2.807643,29.219988,-19.742773,-3.0140858,-11.69828,-7.373362,9.6115055,-4.248491,11.336563,21.751238,4.996343,-11.751454,-6.7478957,19.531778,13.842873,-15.730686,-11.82241,-37.739933,-17.347193,30.904182,-10.0184965
Q22289,-16.05151,20.315798,24.699594,-6.510059,14.351208,-3.0555844,-1.9888294,-17.970324,-12.024721,-17.500027,-16.184946,-15.818065,4.8942184,21.17146,13.963062,-30.231634,-9.089693,-5.4464993,3.205275,16.427044,14.837881,12.162731,-22.91499,14.5085335,23.364746,-1.1764774,-15.149461,-11.120909,-27.485659,13.936632,22.58454,-9.906478,-14.310122,-11.885022,-13.485331,-16.651848,-13.6468935,7.2960496,16.093433,-23.526043,-13.063476,-16.50661,-28.007277,-2.9645886,24.282795,-16.196392,-3.1563473,-9.582111,-6.7769794,7.318638,-3.4064324,9.231858,18.447254,4.343003,-10.225321,-5.888976,15.257002,11.863208,-11.776824,-9.694309,-31.77509,-13.808026,25.372963,-8.047211
O35627,-16.237457,18.455862,23.619104,-4.7892246,11.535051,-3.419848,-0.7701442,-17.573812,-9.7217245,-17.369007,-14.872795,-14.222839,4.398931,19.003712,13.051491,-26.6429,-7.281666,-3.6702592,2.7956824,14.390478,13.494609,10.939318,-20.600399,11.862455,20.67571,-1.2021408,-12.662769,-11.384539,-24.713293,13.243131,20.720497,-7.5193186,-12.391245,-11.275791,-11.636378,-17.146381,-11.282544,6.3402,14.269981,-22.196907,-11.824669,-13.83193,-24.546158,-0.7412218,21.185833,-14.99506,-2.4507222,-9.578286,-5.7591043,7.442639,-2.8279145,8.728596,16.706482,3.3700645,-8.791693,-5.242869,15.436798,11.958113,-12.223982,-8.779779,-28.582981,-11.810675,22.926277,-8.6447935
P01555,-10.759364,13.70747,16.450768,-4.0403705,9.416374,-2.0541792,-1.1885422,-12.212903,-7.8476734,-11.989154,-10.673473,-10.6701355,3.1545038,14.378823,9.15163,-20.221518,-5.992801,-3.3728347,2.205767,10.638742,9.956118,8.170037,-15.56361,9.681452,15.638454,-0.5373099,-9.765717,-7.7547636,-17.965057,9.22547,15.063093,-6.564158,-9.754384,-8.116145,-9.26531,-11.317007,-8.491558,4.734861,10.746864,-15.890019,-8.675554,-10.93404,-18.686218,-1.6920246,16.291592,-10.72641,-1.732904,-6.460682,-4.1916676,4.9648404,-2.1029644,6.259061,12.063047,2.7989612,-6.601037,-3.6869645,10.583317,7.8521,-8.311184,-6.472572,-20.949907,-9.448355,16.967012,-5.5087996
Q8TB24,-13.987116,16.02814,20.154099,-4.0424914,9.759696,-3.0882459,-0.659206,-15.306832,-8.165682,-14.913579,-12.833961,-12.248521,3.756084,16.398151,11.166274,-22.831423,-6.5476556,-3.1246746,2.16509,12.646194,11.798239,9.864471,-17.572605,10.306497,18.168837,-1.0631285,-11.09057,-10.0232,-21.258732,11.552949,17.874899,-6.6866903,-10.831194,-9.848849,-10.182761,-14.954837,-9.631858,5.477367,12.178094,-19.15653,-10.2566395,-12.044545,-21.183014,-0.5803012,18.021475,-12.838433,-2.1376002,-8.318934,-5.0274405,6.5079637,-2.4370368,7.6634293,14.340605,2.7589276,-7.669503,-4.621628,13.439982,10.161528,-10.759788,-7.67088,-24.44817,-10.107093,19.859823,-7.7630186
O95163,-14.033546,12.986293,19.429949,-3.1106882,7.136764,-3.0082047,0.4077551,-14.128453,-6.199739,-13.950809,-11.1752,-9.865737,3.5896957,12.991679,10.516162,-18.928843,-3.4874868,-1.2121272,2.5390387,10.480741,9.836446,7.3528175,-14.347249,6.267545,14.957217,-1.2109207,-7.8600516,-9.608109,-18.33721,10.094559,14.981692,-3.3348598,-7.563169,-9.43977,-7.075928,-14.460479,-8.866864,4.244394,10.815784,-16.526861,-8.972774,-8.975656,-16.56031,1.6791409,14.362839,-10.886433,-1.7852899,-8.006827,-4.425173,5.5713058,-1.4548792,6.874519,12.603868,1.7335993,-6.024988,-4.0944924,12.598915,10.730049,-9.90292,-6.516544,-21.366915,-6.750587,16.851055,-8.180862
Q9NRD5,-13.216911,13.320433,18.74113,-3.5728765,8.023187,-2.721374,-0.14278102,-13.695212,-6.8636627,-13.351637,-11.119917,-10.146089,3.5234294,13.472602,10.288704,-19.52358,-4.4727063,-1.9414561,2.4280314,10.841823,10.00878,7.7394714,-14.763824,7.4654284,15.509085,-1.0346998,-8.722098,-9.114466,-18.53045,10.00928,15.185744,-4.4717264,-8.333934,-9.165008,-7.815122,-13.59981,-9.156015,4.4696054,10.925058,-16.396587,-9.064699,-9.776398,-17.449974,0.54539126,15.093687,-10.90064,-1.9578451,-7.639167,-4.511626,5.432934,-1.7504723,6.746219,12.693186,2.0780365,-6.4402957,-4.1351585,12.047335,9.948721,-9.413911,-6.6341424,-21.547197,-7.6065564,17.123903,-7.4829745
Q15038,-13.785281,16.657866,20.308664,-4.549214,10.676678,-2.9521675,-1.1193513,-15.427432,-8.9675045,-14.87744,-13.197926,-12.776138,3.8295326,17.217287,11.389183,-23.896332,-7.4026375,-3.8270962,2.2281342,13.287804,12.300475,10.272916,-18.402327,11.47989,18.946373,-0.9600772,-12.059266,-9.861693,-22.167528,11.830028,18.589804,-7.6640224,-11.659276,-9.851205,-10.930648,-14.702282,-10.127669,5.7817903,12.617242,-19.63877,-10.6051855,-12.97792,-22.4263,-1.5364004,19.154644,-13.299708,-2.3787944,-8.278258,-5.3000255,6.5513797,-2.6983225,7.750934,14.876914,3.1665666,-8.259577,-4.763143,13.316016,9.950323,-10.541097,-7.8958135,-25.35671,-11.062329,20.533312,-7.382623
Q9C019,-16.875502,21.94268,26.158888,-6.7612424,15.4300375,-3.1905117,-2.1485982,-19.112295,-12.901101,-18.862726,-17.245293,-17.130827,5.0764856,22.942186,14.683929,-32.488956,-9.829722,-5.9114356,3.4209776,17.294788,15.849034,13.02763,-24.83196,15.83528,24.871475,-1.0776168,-16.111023,-11.837636,-29.131609,14.798417,24.134575,-10.843868,-15.6316,-12.572413,-14.743156,-17.763441,-14.003694,7.7831473,17.183336,-25.339918,-13.878051,-17.676203,-30.109228,-3.268715,26.244093,-17.35467,-3.0859041,-10.12498,-6.959387,7.9115186,-3.6563022,9.830705,19.549099,4.6613984,-10.749837,-6.0626464,16.391695,12.397817,-12.736962,-10.278034,-33.826405,-15.214126,27.079641,-8.313448
Q92731,-12.618258,15.179452,18.632368,-4.3550115,9.790452,-2.7400231,-1.0843831,-14.08896,-8.177481,-13.461408,-12.182254,-11.649975,3.6279047,15.637713,10.505052,-21.959589,-6.6235433,-3.5227828,2.055518,12.383927,11.292443,9.526385,-16.676537,10.26905,17.561974,-1.0311999,-11.072842,-9.038171,-20.416492,10.784402,16.95479,-6.935742,-10.474386,-9.188169,-9.878191,-13.350437,-9.705117,5.3279724,11.6703,-17.826338,-9.777775,-11.989432,-20.487604,-1.3728343,17.35656,-12.108142,-2.280346,-7.5603867,-5.0744467,5.8108754,-2.3749094,7.191818,13.64581,2.892584,-7.575619,-4.4987826,12.071209,9.191097,-9.562209,-7.3235927,-23.331572,-9.797799,18.943382,-6.9692707
P19889,-17.009483,21.151768,24.780127,-4.9655943,12.833888,-3.8908718,-1.1392817,-19.26728,-10.545469,-18.955307,-16.447035,-16.202997,4.4882183,21.710407,13.741309,-29.61222,-9.240647,-4.5825143,2.323793,16.178255,15.242576,13.330292,-23.024115,14.354692,23.471472,-1.2209417,-14.738567,-12.587818,-26.931114,14.787874,23.087645,-9.633873,-14.802623,-12.135179,-13.969769,-18.787392,-11.427848,7.1952,15.317407,-24.801958,-13.0129595,-15.911826,-27.894932,-1.3981347,23.542027,-16.633629,-2.4364107,-10.29194,-6.129449,8.579643,-3.3944054,9.751997,18.062151,3.7381346,-9.785617,-5.690589,17.111237,12.016498,-13.973238,-9.813265,-30.992455,-14.003807,25.556248,-9.356623
P58340,-11.871864,12.391243,17.05682,-3.6990552,7.6750317,-2.5623975,-0.49250087,-12.574717,-6.6311245,-11.873365,-10.506235,-9.445457,3.3655689,12.636777,9.575342,-18.211624,-4.666207,-2.326535,2.0969968,10.609497,9.583004,7.5151486,-13.641577,7.432885,14.672571,-1.0984786,-8.812952,-8.152893,-17.75922,9.38398,14.3463745,-4.680823,-7.946177,-8.32007,-7.411735,-12.157835,-8.883002,4.328386,10.110035,-15.16184,-8.466436,-9.596545,-16.593666,-0.23430455,14.161636,-10.277861,-2.1804085,-6.9368095,-4.6264334,4.889393,-1.7156034,6.2769814,11.941428,2.1778288,-6.434252,-4.0499353,10.647131,8.9755945,-8.224747,-6.2052183,-20.173277,-7.22147,15.988153,-6.772084
P07335,-5.1472015,3.0733156,7.2414813,-1.713726,2.13826,-0.841467,0.2469234,-4.503909,-2.069861,-4.0690784,-3.4107456,-2.3203895,1.705581,2.9620693,3.9267988,-5.71706,0.19363683,0.25154606,1.6198575,3.4986098,2.882266,1.3871638,-3.6210613,0.25136787,4.829138,-0.5453769,-1.7283899,-3.1131802,-6.0729094,2.762926,4.0278664,0.208909,-0.9935078,-3.8993952,-0.9554634,-4.3894343,-4.677154,1.0761567,4.1434374,-4.3392105,-3.0540102,-2.4819026,-4.088214,1.1143541,3.850429,-2.7309134,-1.0101774,-2.7346797,-2.0363162,0.8474888,0.13720454,2.3142755,4.2590084,0.2161666,-1.8885756,-1.6762223,3.5994475,4.5144706,-2.3921685,-2.1428108,-7.1828403,-0.34736764,5.240855,-3.314815
P11142,-12.883195,14.426162,18.563925,-3.933499,8.832112,-2.8501544,-0.68541,-14.052077,-7.4551287,-13.384017,-11.791344,-11.001616,3.537037,14.756322,10.416704,-20.768908,-5.8401976,-2.8951468,2.0495293,11.872933,10.880104,8.97044,-15.780647,9.140568,16.71974,-1.0872276,-10.208806,-9.167066,-19.689072,10.606733,16.332865,-5.943442,-9.621103,-9.11182,-9.041427,-13.561696,-9.291608,4.9616485,11.170412,-17.295504,-9.472176,-11.094244,-19.232542,-0.55962735,16.258226,-11.695145,-2.1797996,-7.6352773,-4.8949647,5.7525053,-2.115129,7.0446887,13.211187,2.5745404,-7.193158,-4.3664646,12.120242,9.451376,-9.596185,-7.020448,-22.45653,-8.913247,18.144926,-7.333023
Q61171,-15.102792,17.852219,21.892733,-4.126609,10.752239,-3.293047,-0.68246007,-16.724474,-8.905717,-16.650084,-14.004567,-13.72411,3.91335,18.363209,11.992381,-25.304152,-7.111412,-3.4289124,2.410288,13.449432,12.869086,10.816083,-19.739573,11.518365,19.767624,-0.9590985,-11.871991,-11.050517,-22.886795,12.535802,19.60017,-7.449583,-12.1847,-10.694306,-11.531647,-16.413828,-9.813784,5.94026,13.330456,-21.234695,-11.143932,-13.16434,-23.410582,-0.5383401,20.05581,-14.149696,-1.8865342,-9.00921,-5.081598,7.251181,-2.6320581,8.370584,15.452493,3.0819352,-8.068582,-4.7201023,15.000022,10.86591,-12.158809,-8.323146,-26.632574,-11.610123,21.779974,-8.274714
P9WPE9,-7.71879,4.884155,10.75061,-2.331591,2.966286,-1.4363462,0.36211336,-6.9190526,-2.9496331,-6.2565536,-5.3485985,-3.643813,2.3827016,4.6509066,5.919716,-8.468966,-0.03939487,0.111386344,2.085711,5.500642,4.526755,2.3823135,-5.4699025,0.7372505,7.131498,-0.93904555,-2.9477453,-4.684804,-9.374696,4.543584,6.3647385,0.050552167,-1.7576153,-5.5093813,-1.5716307,-6.9585605,-6.5253763,1.6876976,5.8872194,-6.896748,-4.599432,-3.78083,-6.360836,1.5740101,5.781495,-4.494103,-1.563617,-4.156903,-3.0824313,1.6595597,0.00034855306,3.4630177,6.4936643,0.39658216,-2.9860861,-2.5189009,5.5481186,6.631181,-3.7705774,-3.1049643,-10.775297,-0.8809412,7.7904644,-4.9630656
P20068,-6.394106,3.9176693,9.005442,-2.0974684,2.6268077,-1.0729344,0.28497386,-5.618848,-2.5452414,-5.098129,-4.3331857,-2.9464736,2.0636444,3.7204263,4.920209,-7.1477365,0.19344154,0.20466092,1.927558,4.4759293,3.6283336,1.8102233,-4.499941,0.37516907,6.0122385,-0.73678803,-2.2435112,-3.8590784,-7.6371665,3.554551,5.0712595,0.18377209,-1.2842594,-4.7677474,-1.205509,-5.5683937,-5.7664204,1.35767,5.095437,-5.4809523,-3.841554,-3.1212933,-5.1550303,1.3754482,4.7827744,-3.5051117,-1.2737148,-3.401445,-2.5582078,1.1453917,0.10749198,2.8753824,5.3514867,0.2870267,-2.372714,-2.0963879,4.5191855,5.5730257,-3.0219424,-2.6331162,-8.992638,-0.50842,6.524989,-4.13287
O82226,-16.965384,21.16979,25.402164,-6.166035,14.32693,-3.3709805,-1.7167065,-18.942019,-11.780924,-18.450628,-16.62325,-16.374468,4.855824,21.916615,14.344299,-30.92327,-9.407846,-5.203787,2.941085,16.75733,15.269018,12.963611,-23.63912,14.832001,24.164022,-1.2388808,-15.39691,-12.057691,-27.85321,14.661204,23.463263,-9.985758,-14.835131,-12.304064,-14.080609,-17.776371,-13.427592,7.454497,16.182623,-24.456867,-13.442144,-16.741188,-28.872375,-2.3517456,24.642218,-16.786469,-2.985386,-10.124377,-6.6238737,8.022644,-3.581509,9.607303,18.783695,4.378783,-10.353552,-5.9772305,16.497599,12.2015915,-13.0747175,-10.118983,-32.355183,-14.332613,26.291815,-8.814894
P08191,-13.936237,17.023048,20.469223,-4.4115553,10.308057,-3.2808623,-1.1249952,-15.901683,-8.732979,-15.16033,-13.6400585,-13.006132,3.8287082,17.545418,11.511015,-24.019474,-7.5270357,-3.9657938,2.0148697,13.801386,12.810198,10.82987,-18.454124,11.560199,19.302124,-1.1104414,-12.344856,-10.203137,-22.6991,12.216883,18.947315,-7.853734,-11.87688,-10.025032,-11.091433,-15.278582,-9.848803,5.8421297,12.619031,-20.19596,-10.778265,-13.246306,-22.654896,-1.462818,19.11346,-13.637653,-2.3828669,-8.4599695,-5.570895,6.738695,-2.5871096,8.07642,15.01881,3.0892847,-8.4132185,-4.8690653,13.60713,10.060678,-10.873779,-7.9361463,-25.563955,-11.098396,20.766699,-7.87403
P28834,-13.374114,12.898952,18.935827,-3.3283641,7.528509,-2.7661726,0.15621176,-13.577416,-6.5205483,-13.539844,-11.002906,-9.882855,3.571726,12.996505,10.215522,-19.05693,-3.6127443,-1.5041347,2.6397948,10.325945,9.676187,7.2057557,-14.390858,6.555027,14.863567,-1.0955251,-7.927141,-9.121348,-18.12921,9.705516,14.683036,-3.6968234,-7.690523,-9.247296,-7.2114697,-13.773994,-8.925299,4.278292,10.914848,-16.218437,-8.842904,-9.141222,-16.597586,1.1588336,14.580153,-10.663304,-1.7470387,-7.651773,-4.3860264,5.266609,-1.4668878,6.7200294,12.44077,1.8086036,-5.94605,-4.001732,12.046119,10.312879,-9.399242,-6.4276257,-21.23707,-6.9118457,16.695078,-7.6112237
P16951,-9.972212,9.859325,14.451374,-3.3791351,6.4283476,-2.007532,-0.44045278,-10.331495,-5.6890306,-9.617298,-8.605759,-7.520587,2.9591556,10.0781355,8.130698,-14.963746,-3.5473592,-1.8284465,2.0563664,8.832243,7.8432674,5.760752,-11.020075,5.7436757,12.068339,-0.90377194,-7.14309,-6.6116977,-14.864976,7.609382,11.654789,-3.5538838,-6.1715503,-7.0587993,-5.7111607,-9.8607435,-7.998399,3.497269,8.599342,-12.218668,-7.061353,-7.856757,-13.394255,-0.22059777,11.638352,-8.288461,-2.027069,-5.7586026,-4.0490623,3.7246008,-1.284705,5.147395,10.035014,1.7608364,-5.4203434,-3.4619393,8.530087,7.749577,-6.347534,-5.0971828,-16.869753,-5.522652,13.098229,-5.626706
Q9Y6K9,-12.969473,14.466614,18.613728,-3.819301,8.96979,-2.7641277,-0.5901543,-14.032921,-7.533127,-13.555765,-11.656056,-11.053282,3.4930415,14.843832,10.369352,-20.815283,-5.8803573,-2.7726023,2.107025,11.551307,10.725271,8.799996,-16.01147,9.27319,16.560257,-0.9621048,-10.084384,-9.172129,-19.48362,10.559096,16.367224,-5.899649,-9.719641,-9.035962,-9.143208,-13.578113,-9.103427,4.9615264,11.158084,-17.352016,-9.403137,-10.9522,-19.300753,-0.49686372,16.459671,-11.706566,-2.0678408,-7.6595693,-4.6395254,5.8786793,-2.2167888,6.942471,13.186042,2.6061554,-7.1054993,-4.256707,12.261353,9.453532,-9.723369,-7.026959,-22.42555,-9.142157,18.136414,-7.1299863
P01772,-21.733864,29.23491,32.03763,-6.612446,17.674788,-5.1796913,-2.0069823,-25.527235,-14.225513,-25.106577,-22.217705,-22.379642,5.6808167,29.94641,17.874353,-40.391724,-13.473754,-6.9460363,2.5115747,22.160946,20.783747,19.071533,-31.352032,20.559694,32.27363,-1.5808512,-20.605217,-16.716276,-35.95001,19.931051,31.196957,-14.364805,-20.969345,-15.971155,-19.896091,-24.79462,-14.710971,9.893122,20.355064,-33.500175,-17.533623,-22.218998,-38.46008,-2.6560764,31.993439,-22.466915,-3.0205808,-13.387711,-8.09815,11.68816,-4.823318,13.171656,23.962494,5.204038,-13.19809,-7.5347347,22.859802,14.888622,-19.028297,-13.294546,-41.376564,-19.857323,34.707863,-12.203517
O75751,-13.992435,17.669367,20.710447,-4.4041557,10.969961,-3.1988482,-1.0978667,-15.927536,-9.0622015,-15.702474,-13.834526,-13.596883,3.8958807,18.188936,11.446129,-24.989727,-7.6903152,-3.9805036,2.0908747,13.614629,12.791272,11.119012,-19.288343,12.035732,19.754457,-1.038755,-12.411309,-10.321936,-22.717138,12.169373,19.200287,-8.202987,-12.374036,-10.260153,-11.685055,-15.439287,-9.869495,6.094096,13.090389,-20.693737,-10.896577,-13.497736,-23.371298,-1.4429954,19.853575,-13.827602,-2.0979772,-8.488102,-5.31209,6.9088926,-2.7485366,8.215332,15.161318,3.1118097,-8.193424,-4.831525,13.984901,10.053549,-11.355049,-8.237116,-26.116493,-11.582902,21.45266,-7.679489
Q9Y6X0,-21.464952,28.087402,31.944145,-7.109641,18.070503,-4.6258645,-2.1716924,-24.723831,-14.814213,-24.254873,-21.559002,-21.672842,5.7654276,29.186115,17.99052,-39.75443,-13.078756,-7.0265937,3.1088107,21.44944,20.080675,17.51778,-31.084435,20.322067,30.996296,-1.3991772,-20.294445,-15.768804,-35.712524,19.351326,30.83944,-13.735296,-20.236212,-15.257536,-19.119663,-23.447056,-15.325262,9.695347,20.17123,-32.45724,-17.129248,-21.744804,-37.887527,-3.2669325,32.114235,-22.21595,-3.392714,-13.040408,-8.033548,11.154135,-4.8960066,12.418459,23.90456,5.7396393,-13.353545,-7.3382215,21.794064,14.967699,-17.645697,-12.888441,-41.140488,-19.797598,33.79921,-11.104198
P05113,-24.429096,36.001583,36.899487,-8.724879,23.13155,-5.724721,-3.6246817,-29.940325,-18.625244,-29.008987,-26.735914,-27.712845,6.5611453,37.566826,21.119282,-49.694603,-18.861387,-10.282644,2.5440319,27.247166,25.507988,23.715939,-39.177326,28.141523,39.3248,-1.5531873,-27.165754,-18.875404,-44.087093,24.181688,38.848083,-19.859053,-27.254581,-17.787884,-25.786562,-27.876844,-17.555996,12.540337,24.146702,-40.51504,-21.036919,-28.472454,-48.81012,-6.1344266,40.571415,-27.881618,-4.1236176,-15.356403,-9.805437,14.262521,-6.7923994,15.289784,29.113344,7.660576,-17.160261,-8.978038,26.29719,16.124474,-21.808485,-16.092577,-50.16746,-26.737217,42.168808,-12.620996
O88273,-13.255249,17.163612,19.958364,-5.1277328,11.672035,-2.7265608,-1.6670827,-15.226691,-9.670752,-14.431894,-13.342802,-13.174507,3.8535721,17.815556,11.39604,-24.809868,-8.374274,-4.5515285,2.1319025,13.920311,12.610938,10.847249,-18.948687,12.64103,19.847874,-0.88667387,-13.050955,-9.568865,-22.655777,11.926559,19.021076,-8.774471,-12.434792,-9.79275,-11.71315,-14.051515,-10.783661,6.080344,12.902275,-19.664732,-10.885743,-13.9407015,-23.565893,-2.557629,19.980722,-13.460546,-2.6328611,-8.052589,-5.5273657,6.461462,-3.0074425,7.7560015,15.177273,3.552894,-8.77974,-4.9359,12.979733,9.37637,-10.242586,-8.1786175,-25.911846,-11.879105,21.158615,-6.9581027
O14842,-13.956245,18.935026,20.779415,-4.0706687,11.162995,-3.4352295,-1.183518,-16.58074,-9.093305,-16.52748,-14.397309,-14.536225,3.7091312,19.460325,11.3383665,-26.089193,-8.391498,-4.2908077,1.8069506,14.068962,13.536361,12.247695,-20.318228,13.042537,20.77398,-0.87697273,-12.917798,-10.927318,-23.12709,12.651695,19.908203,-9.197146,-13.571125,-10.60579,-12.861623,-16.266983,-9.011317,6.299936,13.389992,-21.90679,-11.252743,-14.242226,-24.539703,-1.5212356,20.687683,-14.361549,-1.6483804,-8.661336,-5.159614,7.417258,-2.7940712,8.712653,15.314953,3.0489204,-8.226323,-4.7284493,14.845398,9.744713,-12.385484,-8.4955015,-26.615051,-12.637382,22.317268,-7.982965
P0C1S8,-18.66749,21.607248,26.804525,-5.1078215,13.042613,-4.020921,-0.7501612,-20.365976,-10.6569395,-20.183226,-17.040236,-16.554525,4.8064494,22.012308,14.788905,-30.7385,-8.443654,-4.0199847,2.8508575,16.535887,15.496002,13.22364,-23.714592,13.606172,24.209837,-1.3759695,-14.373651,-13.569407,-27.76052,15.350728,23.767126,-8.764159,-14.4769745,-13.12876,-13.767444,-20.06293,-12.484912,7.224748,16.174484,-25.556631,-13.668331,-15.901174,-28.346268,-0.30235258,24.01204,-17.133728,-2.4327683,-11.0464735,-6.2685285,8.830403,-3.2647622,10.179847,18.866074,3.724044,-9.793895,-5.9096413,18.383005,13.376561,-14.941119,-10.254779,-32.473175,-13.721633,26.639534,-10.405186
P83780,-21.080238,30.221575,32.641365,-8.177383,20.935835,-4.215922,-3.0756068,-24.895416,-17.002956,-24.952757,-22.615381,-23.600777,6.0740166,31.767776,18.346033,-43.325645,-14.935237,-8.518081,3.428935,22.376688,21.015196,18.605303,-34.017426,23.355858,33.028667,-1.1254231,-22.324585,-15.46189,-37.669426,19.752146,32.64628,-16.145288,-22.546549,-15.520439,-21.39978,-23.04683,-16.390003,10.713763,21.792288,-34.167347,-17.930464,-23.954191,-41.406727,-5.266167,35.56054,-23.483461,-3.4900978,-12.94945,-8.251492,11.415794,-5.6439495,12.754121,25.213293,6.656956,-14.197309,-7.5581846,21.92373,14.602272,-17.718487,-13.732508,-43.852024,-22.397318,36.090256,-9.885586
P05062,-10.070682,10.965651,14.387915,-3.0076108,6.7358117,-2.1683016,-0.40500227,-10.841831,-5.631505,-10.333269,-8.917987,-8.328037,2.7740068,11.149992,7.9951353,-15.888384,-4.277096,-1.9212387,1.6758735,8.989359,8.243385,6.8135757,-11.987462,6.690403,12.95435,-0.7824133,-7.556306,-7.2113585,-14.87323,8.025321,12.33026,-4.3311744,-7.21295,-7.2720857,-6.8320365,-10.4912615,-7.3015747,3.7335753,8.691172,-13.117696,-7.2972236,-8.372389,-14.527072,-0.12195514,12.300561,-8.721975,-1.6090847,-5.936437,-3.6884034,4.328028,-1.5164917,5.467336,10.075384,1.7986815,-5.388841,-3.372797,9.447717,7.3984385,-7.50421,-5.4747324,-17.158417,-6.532151,13.978151,-5.8529673
P14091,-15.152768,16.751902,21.816944,-4.2476816,10.257108,-3.190846,-0.50319535,-16.22666,-8.587969,-16.044203,-13.54062,-12.867789,4.0405884,17.127907,11.997232,-24.205532,-6.2466874,-2.9918242,2.6094697,13.066505,12.24156,9.95057,-18.60611,10.279592,18.935106,-1.1347021,-11.166503,-10.701733,-22.339678,12.0827,18.741425,-6.4454775,-11.011181,-10.589295,-10.397879,-15.963663,-10.371678,5.6679263,13.069982,-20.183443,-10.846091,-12.387011,-22.074863,-0.1282152,18.984732,-13.526106,-2.1296132,-8.888972,-5.2031918,6.7783833,-2.4216943,8.075323,15.174803,2.8797092,-7.8241253,-4.7937737,14.402753,11.168814,-11.471026,-8.06497,-26.010857,-10.3653145,20.96553,-8.327346
P62310,-14.446947,17.015055,21.115168,-4.5835423,10.79526,-3.074182,-0.94704235,-15.891054,-8.941887,-15.477966,-13.5698395,-13.072409,3.9972565,17.465355,11.778558,-24.556776,-7.046991,-3.6019375,2.3666687,13.482239,12.43472,10.47542,-18.774517,11.165014,19.426294,-1.1194875,-11.9316225,-10.344028,-22.51508,12.061963,18.90928,-7.3601127,-11.572293,-10.355044,-10.957079,-15.297311,-10.574597,5.876274,13.040985,-20.059807,-10.896575,-13.053067,-22.740517,-0.99672914,19.339325,-13.557674,-2.302422,-8.586094,-5.374823,6.673274,-2.633862,8.033982,15.180078,3.1378572,-8.162847,-4.8910747,13.927361,10.492954,-11.125056,-8.181386,-26.046003,-10.9072275,21.189657,-7.924482
P13797,-17.225124,16.993206,24.329628,-4.1425085,9.978565,-3.4176617,0.2525848,-17.443325,-8.31438,-17.693054,-14.110992,-13.02767,4.431182,16.969883,13.07066,-25.081163,-4.5842237,-1.8480822,3.345928,13.144684,12.278087,9.531311,-18.891273,8.495069,19.487,-1.3448385,-9.981601,-11.974054,-22.826223,12.471903,18.870344,-4.849654,-10.1042385,-12.043678,-9.651819,-17.82764,-11.415511,5.501876,14.140623,-20.88857,-11.504275,-11.815323,-21.693039,1.851281,18.898254,-13.683222,-1.8931556,-9.812847,-5.2588263,6.9230294,-1.9773797,8.667947,15.871044,2.3435092,-7.318905,-4.9980917,15.99699,13.037473,-12.725275,-8.44092,-27.386871,-9.206057,21.888786,-9.879826
Q9NYB9,-12.595294,13.719962,17.950022,-3.3667867,8.202953,-2.719313,-0.296819,-13.4794235,-6.869747,-13.257587,-11.0764,-10.482138,3.3303168,13.979951,9.827267,-19.676634,-5.105786,-2.2526495,2.0887299,10.708775,10.084445,8.251799,-15.129979,8.282516,15.605663,-0.9194209,-9.067752,-8.978227,-18.251123,9.95706,15.331042,-5.1835055,-8.992049,-8.83852,-8.4893465,-13.322685,-8.41042,4.609471,10.683731,-16.592018,-8.901944,-10.063798,-17.948755,0.11097938,15.381175,-11.005257,-1.7240263,-7.404501,-4.256559,5.6164227,-1.924709,6.714361,12.408089,2.2041748,-6.3981953,-3.9694579,11.978871,9.257976,-9.586987,-6.6575637,-21.206335,-8.321002,17.192919,-7.077864
P38011,-11.948587,11.653715,16.875687,-3.5039916,7.0453553,-2.5656695,-0.27392167,-12.392131,-6.2286854,-11.564264,-10.08492,-8.807092,3.303311,11.824493,9.486652,-17.134008,-4.2433906,-1.9407902,2.1008313,10.240016,9.213073,6.9473214,-12.821095,6.705363,13.933566,-1.1011217,-8.297925,-8.040484,-17.231798,9.201601,13.803363,-4.027157,-7.2899575,-8.12131,-6.7085686,-12.080695,-8.71503,4.0522575,9.667204,-14.565475,-8.193741,-8.928073,-15.579153,0.124280356,13.337931,-9.873946,-2.2648466,-6.924588,-4.546878,4.7801447,-1.5996212,6.043683,11.65107,1.9698541,-6.29303,-3.9939277,10.419065,9.087237,-7.931693,-5.9221535,-19.437195,-6.5562224,15.212959,-6.8376884
P78352,-10.446572,9.70381,14.877928,-3.019564,6.0231757,-2.0285351,0.0073646135,-10.431567,-5.1815286,-10.133377,-8.468273,-7.4145923,2.961326,9.7032175,8.121108,-14.871135,-2.5333152,-1.0976132,2.2705874,8.284189,7.445053,5.467136,-10.830268,4.6352067,11.879664,-0.92567545,-6.0842524,-7.0501304,-14.132863,7.363358,11.140212,-2.658594,-5.569279,-7.5191736,-5.2935066,-10.361245,-7.881214,3.266056,8.747241,-12.07944,-7.0218396,-7.207375,-12.681155,0.925284,11.086234,-7.9471545,-1.5797231,-5.9117045,-3.6927466,3.6736562,-0.98101383,5.2585797,9.741063,1.3735116,-4.699865,-3.3015518,9.109224,8.17417,-6.9794416,-5.1155124,-16.658838,-4.809333,13.087172,-6.158815
Q27820,-14.55481,17.320913,21.195826,-4.223113,10.693328,-3.110632,-0.72242314,-16.013119,-8.697835,-15.990861,-13.569935,-13.320106,3.9031327,17.672953,11.598907,-24.803976,-6.7778707,-3.2945206,2.373339,13.142506,12.346783,10.625427,-19.033285,10.98178,19.527922,-1.0236257,-11.472283,-10.677621,-22.059273,11.975899,18.768377,-7.2517853,-11.687431,-10.61699,-11.167084,-15.716817,-10.076954,5.824135,13.165497,-20.320581,-10.894639,-12.874294,-22.69898,-0.45425725,19.339376,-13.477693,-1.8485074,-8.6513815,-5.0085254,6.817723,-2.528569,8.183455,14.971112,2.896725,-7.7009144,-4.708592,14.449872,10.499463,-11.768246,-8.247387,-25.947548,-10.9392805,21.37561,-8.126454
Q15843,-15.791541,19.66363,22.83638,-4.6513715,12.121268,-3.5226994,-1.1274456,-17.909689,-9.859656,-17.451086,-15.138164,-15.071373,4.097358,20.319483,12.801399,-27.565496,-8.869659,-4.326996,2.089958,14.966914,14.12186,12.436225,-21.61846,13.673535,21.834394,-1.0633945,-13.873173,-11.711558,-24.908836,13.808639,21.729807,-9.042308,-13.913106,-11.071786,-13.205594,-17.157547,-10.611968,6.700529,14.027972,-22.926514,-12.060612,-14.896714,-26.270445,-1.4676051,22.042778,-15.572529,-2.2947903,-9.537957,-5.556043,8.069711,-3.302817,8.915938,16.72835,3.7977803,-9.259955,-5.2143555,15.949757,10.963185,-13.058694,-9.192367,-28.7148,-13.447803,23.839254,-8.548545
O54785,-19.076094,23.64127,28.15136,-5.815137,14.870139,-4.0784554,-1.3644226,-21.407986,-12.290532,-21.325195,-18.416834,-18.254503,5.092176,24.434734,15.575703,-33.652225,-10.06329,-5.2468133,3.0443077,17.8892,16.915491,14.360281,-26.23434,16.109982,26.068508,-1.2479845,-16.345428,-13.847245,-30.312931,16.379105,25.916468,-10.64826,-16.510006,-13.541878,-15.590601,-20.742678,-13.131103,8.053796,17.506107,-27.773586,-14.608015,-17.840897,-31.43547,-1.7483671,26.943163,-18.745687,-2.6943583,-11.446801,-6.785693,9.431688,-3.8033252,10.762191,20.408672,4.439047,-10.907788,-6.2362556,19.033913,13.646332,-15.354113,-10.9255295,-35.181625,-15.944187,28.680609,-10.03939
P18670,-5.0172434,5.734221,7.376992,-2.0500238,4.2778807,-0.9343427,-0.47493374,-5.4200225,-3.5169802,-5.0316777,-4.5771756,-4.4447107,1.6645377,6.078053,4.168302,-8.742941,-2.6798356,-1.2353053,1.0306747,4.694732,4.2939296,3.564075,-6.6602516,4.079536,7.05993,-0.32613176,-4.3946238,-3.4722695,-8.001711,3.9804182,6.6759906,-2.6422057,-4.0213995,-3.7766786,-3.8936195,-4.731927,-4.4342804,2.1691673,4.803688,-6.685857,-3.7998974,-4.798708,-8.163883,-0.7384643,7.015827,-4.555981,-1.0549364,-2.9592633,-2.0396564,2.027823,-0.9323529,2.770522,5.396494,1.2745072,-3.114382,-1.8718483,4.509018,3.7231097,-3.4918509,-3.0972123,-9.273459,-3.743751,7.6365438,-2.5965776
P18014,-13.848453,17.090004,20.070337,-4.233653,10.116158,-3.3808663,-1.0576102,-15.873492,-8.377072,-15.057536,-13.546799,-12.975684,3.7448387,17.447283,11.311862,-23.81482,-7.667656,-3.8426743,1.6917869,13.83067,12.743351,11.258534,-18.202734,11.507573,19.512632,-1.1937443,-12.346302,-10.36995,-22.301764,12.240413,18.813326,-7.9348507,-11.906953,-10.057655,-11.203841,-15.339089,-9.693219,5.850283,12.373282,-20.038,-10.73985,-13.206981,-22.57578,-1.2342143,18.688158,-13.468002,-2.303893,-8.4416895,-5.4770923,6.8443146,-2.6328619,8.133856,14.781558,2.9535997,-8.298299,-4.915917,13.753669,9.799569,-11.208275,-8.048823,-25.175413,-10.9533,20.825624,-8.132649
P60010,-15.621159,18.436487,22.587463,-4.6568317,11.448191,-3.3731527,-0.9039171,-17.230257,-9.445262,-16.809042,-14.509974,-14.086379,4.158948,18.8557,12.567576,-26.226778,-7.8254476,-3.7682288,2.345523,14.414739,13.383047,11.426031,-20.200918,12.191263,20.879822,-1.1253948,-12.854887,-11.285829,-24.013172,13.126441,20.393785,-8.023981,-12.655375,-11.05848,-11.9470005,-16.736626,-10.937231,6.2986026,13.804815,-21.714718,-11.693258,-13.933851,-24.473637,-0.93816113,20.734657,-14.596721,-2.3881154,-9.319299,-5.580241,7.45854,-2.951679,8.628704,16.26214,3.2746124,-8.7722435,-5.2087016,15.249495,11.162634,-12.276637,-8.794146,-27.779325,-11.926078,22.733315,-8.57602
P0DN86,-19.978174,30.299728,30.044706,-7.0720496,19.146158,-4.928757,-3.1029675,-24.968397,-15.25587,-24.007225,-22.264565,-23.240648,5.3339324,31.56691,17.245293,-41.308147,-16.309486,-8.695981,1.6609074,22.874002,21.45339,20.509027,-32.610855,23.933222,33.153503,-1.29118,-22.995377,-15.862702,-36.511593,20.24122,32.45454,-17.110605,-23.174902,-14.758248,-21.984823,-23.20154,-14.131337,10.538112,19.823805,-33.841465,-17.478302,-23.998568,-40.941498,-5.2796187,33.646145,-23.19456,-3.3380325,-12.7135725,-8.113734,12.053132,-5.736132,12.865077,23.997469,6.324966,-14.357839,-7.4992003,21.975912,12.892522,-18.484005,-13.530217,-41.36928,-22.547348,35.262424,-10.635941
P62136,-17.54322,21.664253,25.894173,-5.5070057,13.694095,-3.7683384,-1.3106246,-19.66715,-11.306541,-19.440187,-16.961687,-16.698767,4.764752,22.330889,14.376826,-30.933706,-9.250846,-4.837459,2.789398,16.658937,15.591132,13.297566,-23.928434,14.693915,24.173592,-1.2278957,-15.119141,-12.729877,-27.970772,15.052578,23.760147,-9.798251,-15.070961,-12.580292,-14.24498,-18.99977,-12.432438,7.4251323,16.166782,-25.387014,-13.502166,-16.49749,-28.851278,-1.6357218,24.627838,-17.132006,-2.610913,-10.525369,-6.419412,8.548629,-3.4607887,9.954011,18.817842,4.035086,-10.112334,-5.8708215,17.389698,12.583996,-14.005806,-10.117729,-32.405956,-14.4119835,26.444838,-9.382178
O60814,-22.413742,30.25243,33.554485,-7.602652,19.518904,-4.9327993,-2.5117352,-26.159704,-15.927146,-25.698965,-23.056347,-23.35415,6.0828953,31.446993,18.921463,-42.596786,-14.474953,-7.841334,3.067639,22.99734,21.522617,19.104866,-33.334698,22.29863,33.264664,-1.4906961,-22.076801,-16.616188,-38.11296,20.629883,32.99176,-15.2730465,-22.040154,-16.072773,-20.829784,-24.763798,-16.123533,10.511784,21.444923,-34.732655,-18.225613,-23.522606,-40.817997,-3.946795,34.482327,-23.771828,-3.6018372,-13.722979,-8.566694,11.961296,-5.3858585,13.249554,25.432394,6.195482,-14.32158,-7.8395805,23.041334,15.500757,-18.7654,-13.799199,-43.81669,-21.517012,36.167225,-11.54401
P75391,-10.191086,7.9428506,13.851768,-2.3152583,4.1705136,-2.1912022,0.5141452,-9.807483,-3.8841965,-9.2563505,-7.5085664,-5.9440455,2.7306907,7.8211823,7.5738206,-12.014514,-1.4998784,-0.29052082,2.0190392,7.2710476,6.5726,4.3832707,-8.739719,2.9070895,9.851898,-1.0502243,-4.8259172,-6.6809335,-12.6480665,6.809641,9.755238,-1.1791047,-4.021484,-6.7949777,-3.678631,-10.024566,-6.858998,2.6265547,7.379785,-10.677482,-6.122362,-5.567662,-10.130691,1.7370335,8.820006,-7.0305657,-1.6081301,-5.6992493,-3.4736183,3.4031153,-0.6116979,4.7268906,8.679305,0.8929884,-4.1634126,-3.0573409,8.380106,8.120202,-6.3123055,-4.3277106,-14.437722,-3.2133582,11.027046,-6.2582645
O75674,-13.723356,13.840685,18.896269,-2.8378356,7.5231357,-3.0379007,0.29442114,-14.280519,-6.227445,-14.218614,-11.266076,-10.506889,3.3483257,13.9103155,10.202856,-19.587847,-4.3651266,-1.4790213,2.1262984,10.515528,10.089773,8.246864,-15.156327,7.378465,15.577478,-1.0404689,-8.361175,-9.862976,-18.146158,10.319109,15.50599,-4.2378654,-8.580781,-9.334845,-8.165597,-14.542958,-8.131245,4.454379,10.696755,-17.065649,-9.037482,-9.494754,-17.602297,1.4142805,14.964484,-11.191473,-1.4448706,-7.9580917,-4.043269,6.0247183,-1.7391243,6.985896,12.470428,1.9197625,-6.054425,-3.9398057,13.08301,10.060245,-10.651964,-6.773398,-21.337667,-7.8597045,17.431202,-8.032668
Q27727,-17.661644,21.64907,25.18519,-4.97477,12.8554,-4.14736,-1.1609863,-20.079851,-10.574251,-19.211287,-16.758308,-16.391375,4.4608607,22.162123,14.203816,-29.814789,-10.123992,-4.7211294,1.9626194,16.955376,15.823985,14.011767,-23.295067,15.0573,24.202332,-1.2734363,-15.6021805,-13.113083,-27.712786,15.634801,24.004099,-10.066762,-15.357555,-12.216422,-14.4030695,-19.458967,-11.593804,7.358883,15.161609,-25.377289,-13.398351,-16.371578,-28.713158,-1.5282683,23.837967,-17.162994,-2.806403,-10.733722,-6.3583565,9.16023,-3.7276256,9.932633,18.599567,3.9130447,-10.523669,-5.982042,17.707489,12.157489,-14.47279,-10.097802,-31.466942,-14.556939,26.095558,-9.849778
P14209,-14.384924,15.035414,20.23141,-3.139889,8.418106,-3.2135844,0.12248443,-15.164843,-7.2082114,-15.3151,-12.270034,-11.534011,3.62847,15.374536,10.866734,-21.248081,-5.100767,-2.0505695,2.3696764,11.215478,10.997836,8.666258,-16.748695,8.682676,16.385172,-1.0172367,-9.416184,-10.119684,-20.024698,11.066528,16.950298,-5.0402665,-9.653769,-9.6238985,-9.017234,-15.403854,-8.400624,4.9727764,11.591259,-18.770971,-9.580931,-10.418729,-19.306639,0.7506099,16.816296,-12.38558,-1.6407913,-8.411988,-4.4117146,6.526183,-2.0309033,7.390878,13.610863,2.2664206,-6.720729,-4.166603,13.626139,10.70782,-10.932052,-7.1096964,-23.216799,-9.046888,18.586527,-7.877682
Q9Y2D8,-13.299852,13.635902,18.950928,-3.6208916,8.116015,-2.8634286,-0.20910123,-13.921811,-7.000782,-13.571976,-11.469046,-10.424704,3.6042209,13.864971,10.420406,-19.867474,-4.674693,-2.1605186,2.3797178,11.110602,10.314509,8.001937,-15.093401,7.791498,15.699129,-1.1278962,-9.076277,-9.171212,-19.087015,10.23372,15.599128,-4.7059956,-8.592682,-9.182217,-8.024515,-13.813612,-9.133364,4.6358385,11.062218,-16.874077,-9.163656,-10.0544,-17.883549,0.34115928,15.446495,-11.27902,-2.0275018,-7.730382,-4.699882,5.561459,-1.7965008,6.8957653,12.934316,2.189149,-6.6238637,-4.2228255,12.1178665,10.067977,-9.47842,-6.709748,-21.961544,-7.856487,17.403427,-7.5072145
P15336,-11.204721,12.179352,16.379213,-3.7072363,7.786704,-2.333309,-0.6366333,-12.021233,-6.6805253,-11.441346,-10.153076,-9.32318,3.2309968,12.469472,9.154599,-18.01431,-4.6814485,-2.4347467,2.1215072,10.277756,9.312246,7.334762,-13.478804,7.513648,14.42636,-0.9277238,-8.626785,-7.772751,-17.159239,8.951274,13.859955,-4.8800473,-7.9709654,-8.096338,-7.4694023,-11.532679,-8.631782,4.228304,9.991373,-14.695429,-8.250554,-9.542666,-16.341242,-0.5015063,14.061904,-9.892688,-2.0136454,-6.577924,-4.4156327,4.6265917,-1.6695817,6.080366,11.552323,2.151999,-6.208145,-3.8527884,10.2134695,8.459733,-7.884594,-6.041232,-19.651066,-7.2851253,15.624225,-6.318776
P0A8M3,-13.946017,16.573763,20.504684,-4.5040436,10.364481,-3.0652008,-1.0671382,-15.614882,-8.804666,-14.952108,-13.308883,-12.689053,3.8447266,17.108385,11.512076,-23.743446,-7.172685,-3.766223,2.261731,13.43549,12.430233,10.238754,-18.21974,11.174307,18.902273,-1.0229828,-11.9512,-9.994742,-22.329775,11.927833,18.57955,-7.4528346,-11.475356,-9.955726,-10.718035,-14.943931,-10.100429,5.696086,12.609603,-19.7078,-10.655732,-12.909219,-22.20891,-1.3549985,18.947342,-13.336594,-2.4042728,-8.372119,-5.4390965,6.5234957,-2.5468442,7.8453045,14.91178,3.0863192,-8.271322,-4.786354,13.389698,10.149602,-10.561148,-7.820036,-25.372414,-10.823832,20.442778,-7.6607494
P36873,-17.188438,22.01483,25.6707,-5.530166,13.919264,-3.814317,-1.5173919,-19.657469,-11.610108,-19.467894,-17.171358,-17.01266,4.7365675,22.853077,14.244395,-31.196766,-9.820175,-5.276502,2.678775,16.815779,15.90119,13.550693,-24.33701,15.486658,24.236546,-1.1563984,-15.653888,-12.517562,-28.409449,15.162519,24.107038,-10.4456,-15.647324,-12.341369,-14.69245,-18.924047,-12.050154,7.6068635,16.195917,-25.844156,-13.482152,-16.882633,-29.378733,-2.271254,25.188442,-17.451431,-2.6435785,-10.433931,-6.501844,8.673113,-3.5942535,9.9865465,18.949167,4.1756434,-10.351664,-5.852287,17.190636,12.326169,-13.827057,-10.078215,-32.591637,-15.023201,26.515133,-8.978088
Q9CXW4,-12.763281,11.821105,17.671278,-2.8288636,6.488636,-2.7641985,0.3638659,-12.88933,-5.6747704,-12.697712,-10.1821785,-8.9842,3.2869973,11.876635,9.559373,-17.193882,-3.2558784,-1.1218407,2.306095,9.532763,9.002667,6.6980186,-13.094263,5.7956796,13.587267,-1.0846348,-7.2213745,-8.73105,-16.767284,9.199699,13.698204,-3.0811229,-6.939412,-8.565577,-6.4732666,-13.153073,-8.007265,3.8840046,9.833208,-15.104874,-8.14147,-8.194235,-15.108376,1.4433658,13.132779,-9.946794,-1.6509514,-7.2993684,-4.050505,5.085302,-1.3284665,6.2631354,11.488688,1.5938995,-5.5427895,-3.73283,11.429248,9.77413,-8.968161,-5.9272127,-19.4455,-6.195896,15.319768,-7.4037004
P00044,-12.245327,12.668654,17.31265,-2.8243377,7.297224,-2.640069,0.088333316,-12.810483,-6.2249985,-12.949844,-10.364837,-9.740228,3.172408,12.955303,9.271342,-18.176561,-4.1426177,-1.6543382,2.191622,9.489775,9.262583,7.223107,-14.206275,7.1762137,14.02208,-0.83735245,-7.8517995,-8.583499,-16.957647,9.242114,14.251538,-4.160056,-8.053205,-8.361895,-7.5689664,-12.940944,-7.4736805,4.196839,10.051478,-15.77278,-8.180274,-8.855714,-16.316103,0.68913347,14.296039,-10.355957,-1.3957354,-7.125015,-3.7797203,5.349394,-1.6321969,6.2956405,11.570176,1.891373,-5.6468697,-3.563605,11.510254,9.195613,-9.188689,-6.0953336,-19.820639,-7.488916,15.863879,-6.7244663
A0A0H3LHU4,-15.30197,19.415718,22.215996,-4.4501014,11.500071,-3.6877594,-1.1429708,-17.678164,-9.433665,-17.11593,-15.061945,-14.815338,4.003974,19.94616,12.417467,-26.865723,-8.7774515,-4.3488007,1.8451201,15.028297,14.153775,12.600742,-20.906929,13.358249,21.614946,-1.1398573,-13.7422085,-11.571687,-24.618961,13.639914,21.200552,-9.104948,-13.739386,-10.989862,-12.96761,-17.130245,-10.129992,6.576294,13.732832,-22.689785,-11.872389,-14.7402315,-25.595188,-1.4502004,21.332033,-15.237361,-2.2447815,-9.356775,-5.684936,7.9025393,-3.0880685,8.982898,16.362663,3.4438274,-9.088796,-5.212435,15.595549,10.668487,-12.83618,-8.95875,-28.031002,-12.939054,23.314423,-8.684534
O43291,-16.84889,22.046656,24.583271,-4.674466,12.834168,-4.218489,-1.1772604,-19.645779,-10.465147,-19.36888,-16.973738,-16.87415,4.343552,22.677343,13.563629,-30.037954,-10.148329,-5.0170693,1.8321931,16.681675,15.8136425,14.384852,-23.661007,15.412102,24.000149,-1.3113368,-15.581469,-12.753013,-27.533293,15.339273,23.806387,-10.57054,-15.755445,-12.021742,-14.761681,-19.294283,-10.605769,7.528266,15.156444,-25.816776,-13.135119,-16.428185,-28.794357,-1.7749952,24.080927,-17.304842,-2.37191,-10.401645,-6.178519,9.141838,-3.609541,9.960618,18.209703,3.8100083,-10.0497675,-5.6697736,17.497158,11.62993,-14.501498,-9.942993,-31.24045,-14.865132,25.979385,-9.363734
P12670,-15.026227,16.55713,21.012749,-3.4517345,9.441819,-3.3989308,-0.15929604,-16.201063,-7.8207726,-16.075352,-13.138898,-12.645107,3.7179468,16.950203,11.500115,-23.118235,-6.391729,-2.6281354,2.1004996,12.380891,11.970723,10.050906,-18.271904,10.26349,18.162466,-1.0702498,-10.835504,-10.844403,-21.421759,12.0913,18.600065,-6.2256947,-11.02538,-10.060184,-10.40857,-16.137497,-8.955556,5.517586,12.150287,-20.112886,-10.359173,-11.753953,-21.565493,0.2734948,18.30353,-13.453941,-1.8225765,-8.876374,-4.666053,7.2203274,-2.5140946,7.8799057,14.537261,2.774521,-7.5371957,-4.504906,14.633644,10.77168,-11.939725,-7.851151,-24.807032,-10.49332,20.32467,-8.291675
P45850,-14.724408,19.297998,21.561754,-4.9417076,12.332693,-3.2815113,-1.5428418,-17.097315,-9.989398,-16.302328,-14.650759,-14.700498,3.9571252,19.887144,12.259705,-27.012558,-9.546715,-4.747065,1.7882324,15.118136,13.926969,12.595127,-20.935925,14.133525,21.889269,-0.97183144,-14.312891,-11.0401325,-24.397888,13.436544,21.134638,-9.77078,-14.06373,-10.661374,-13.310516,-16.094995,-10.773476,6.688899,13.658781,-22.021225,-11.86924,-15.143641,-26.046808,-2.3002236,21.664246,-14.959829,-2.5438662,-9.023003,-5.649567,7.7135973,-3.4556663,8.636637,16.371023,3.7650242,-9.455484,-5.288971,14.99951,10.015412,-12.248164,-9.077568,-27.936108,-13.414206,23.351803,-8.006757
P14755,-11.4863205,14.105728,16.766626,-3.839086,9.075565,-2.4332185,-0.999223,-12.985284,-7.4776354,-12.314854,-10.90009,-10.701538,3.1344106,14.464243,9.441432,-20.084282,-6.5994415,-3.1632528,1.7038693,11.320059,10.368348,8.987009,-15.357031,9.852571,16.406971,-0.69188416,-10.279258,-8.446986,-18.331232,9.965329,15.529518,-6.7565985,-10.033909,-8.435183,-9.464901,-12.289518,-8.5967655,4.8357344,10.541361,-16.294512,-9.014779,-11.083468,-18.962067,-1.307574,15.980505,-10.905818,-1.9929022,-6.946187,-4.3702207,5.5334344,-2.3328714,6.5565453,12.40333,2.5508718,-7.0246544,-4.0579233,11.314498,8.049435,-9.057432,-6.791674,-21.082949,-9.369821,17.409405,-6.3722525
P0A7L0,-11.813848,10.51309,16.378523,-2.7526243,5.878148,-2.473238,0.36959428,-11.730275,-5.162535,-11.485466,-9.237403,-7.9820924,3.1158853,10.492188,8.867297,-15.617296,-2.5798116,-0.84863514,2.3005655,8.735951,8.104765,5.86869,-11.668998,4.776181,12.41953,-1.0447652,-6.336422,-7.9873114,-15.277605,8.27087,12.25484,-2.4547276,-5.9301057,-8.046189,-5.5516357,-11.951962,-7.7995057,3.454438,9.137239,-13.492667,-7.490005,-7.352116,-13.447827,1.5340686,11.736593,-8.857747,-1.5924486,-6.6923523,-3.827111,4.401514,-1.0609984,5.734848,10.518308,1.3562057,-4.996984,-3.4892683,10.353249,9.174157,-8.030498,-5.421195,-17.81605,-5.16094,13.945097,-6.9634814
O43278,-18.199083,24.18971,26.315338,-5.265352,13.868967,-4.805114,-1.6615877,-21.710484,-11.398313,-20.637503,-18.66143,-18.345684,4.683791,24.85406,14.930916,-32.602383,-11.904262,-5.9469504,1.505821,18.978857,17.813068,16.355522,-25.54126,17.438911,26.673359,-1.5164909,-17.861725,-14.042137,-30.515755,17.173847,26.449377,-12.146821,-17.579988,-12.898886,-16.460184,-20.994986,-11.67746,8.278059,16.199383,-28.15417,-14.479145,-18.543564,-31.914848,-2.512162,26.117834,-19.055534,-2.963807,-11.357143,-7.157732,10.102725,-4.117296,11.032506,20.018574,4.367396,-11.633412,-6.5043836,18.898941,12.354751,-15.720995,-10.93733,-33.987537,-16.521185,28.488125,-10.490423
P04899,-14.026839,15.5855055,20.079256,-3.8587158,9.442999,-2.9947088,-0.44333026,-15.08421,-7.8281136,-14.859046,-12.509364,-11.940909,3.7052822,15.904321,11.047682,-22.400562,-5.8694606,-2.714217,2.311093,12.116601,11.359799,9.411761,-17.219646,9.549444,17.67939,-1.0452691,-10.349417,-10.037784,-20.55144,11.218282,17.368729,-6.0236235,-10.270134,-9.858428,-9.74391,-14.825743,-9.50912,5.2452617,12.031851,-18.682188,-10.051294,-11.501952,-20.489183,-0.03151405,17.487095,-12.485483,-1.9134405,-8.247763,-4.7625265,6.3306146,-2.2422588,7.5248632,13.963913,2.6390672,-7.2219415,-4.4360585,13.460355,10.243825,-10.813606,-7.5341234,-23.962885,-9.624588,19.49429,-7.840966
P30822,-10.275811,12.443135,15.569921,-3.8279305,8.415871,-2.065424,-0.95933604,-11.394995,-7.0608287,-11.109642,-10.003396,-9.642306,3.1253083,12.871876,8.634912,-18.469398,-5.1285257,-2.8719037,2.0802848,10.037746,9.19172,7.521966,-13.898094,8.279331,14.528436,-0.7379925,-8.858534,-7.2864,-16.800743,8.536533,13.697417,-5.6508007,-8.523495,-7.8276653,-8.077098,-10.75287,-8.357823,4.372454,10.085282,-14.579206,-8.091847,-9.920526,-16.800669,-1.1921258,14.574885,-9.75975,-1.7828865,-6.121855,-4.1874695,4.4440928,-1.7884873,5.951727,11.275315,2.3056858,-6.0536,-3.6638598,9.755299,7.7027197,-7.618058,-6.045036,-19.48811,-7.908336,15.690177,-5.556301
O76093,-21.47811,29.977465,32.251106,-7.642978,19.445747,-4.892557,-2.8198414,-25.559126,-15.830118,-24.750805,-22.72323,-23.093315,5.911879,31.233004,18.402962,-41.896843,-15.190887,-8.26525,2.5893989,23.05409,21.43503,19.405523,-32.82283,22.866173,33.049522,-1.5066793,-22.59117,-16.072248,-37.73831,20.453342,32.76496,-15.885862,-22.247646,-15.435131,-20.994158,-23.89744,-15.789597,10.55648,20.799294,-34.15681,-17.903936,-23.688148,-40.739773,-4.7030616,34.09742,-23.535229,-3.798756,-13.301704,-8.620227,11.857562,-5.574985,12.985506,25.02135,6.3414755,-14.545607,-7.847441,22.260176,14.61532,-18.194298,-13.653566,-42.95802,-21.705193,35.661446,-11.048767
O70209,-18.173302,24.678814,27.1152,-6.0584326,15.619308,-4.179184,-2.011036,-21.396502,-12.737484,-20.909782,-18.809551,-18.998953,4.948172,25.609003,15.262974,-34.48028,-11.886208,-6.3273973,2.3232956,18.82068,17.662243,15.8575115,-26.958359,18.127968,27.215221,-1.2476014,-18.017988,-13.664013,-30.988739,16.827301,26.806126,-12.533018,-18.009712,-13.180638,-17.01966,-20.312305,-12.881878,8.558851,17.362705,-28.349655,-14.808743,-19.178951,-33.12009,-3.1464958,27.82943,-19.279291,-2.8960347,-11.198687,-7.0375133,9.765056,-4.2990417,10.928818,20.585344,4.8766947,-11.647258,-6.4305773,18.796118,12.537576,-15.407547,-11.2592945,-35.44316,-17.366283,29.425125,-9.627802
O96013,-20.466791,25.36286,28.94523,-4.3980975,13.968822,-5.0027103,-0.43726206,-23.112673,-11.042085,-23.365088,-19.316721,-19.404829,4.7218146,25.93605,15.669423,-34.125553,-10.731449,-4.682455,2.0963986,18.267504,17.612238,16.288116,-27.375946,16.702951,26.989342,-1.5296907,-16.70672,-15.472984,-30.661161,17.858683,27.333536,-10.8916445,-17.609642,-13.982716,-16.598724,-23.269823,-11.214322,8.390624,16.97152,-29.964838,-14.964604,-17.729605,-32.499985,-0.30491385,27.129616,-20.042067,-2.0995834,-12.431424,-6.2326508,11.171558,-4.07722,11.324122,20.556646,4.1823134,-10.768143,-6.0488954,21.53543,13.868778,-18.114931,-11.412066,-35.478752,-16.913698,29.763239,-11.395565
A0A4P8DY91,-13.643631,17.086071,20.078295,-4.2365875,10.27936,-3.2215827,-1.077287,-15.667166,-8.527537,-15.140882,-13.469265,-13.058107,3.7237468,17.505768,11.180376,-24.02888,-7.4029937,-3.8339767,1.9348046,13.537713,12.611061,10.9821415,-18.390896,11.432076,19.364613,-1.0501059,-12.036528,-10.234192,-22.088043,11.959608,18.580965,-7.904327,-11.904755,-10.103515,-11.228297,-15.17716,-9.566979,5.786458,12.590118,-20.010595,-10.6850395,-13.14805,-22.487722,-1.238255,18.896975,-13.341737,-2.0786157,-8.307131,-5.3108687,6.6713233,-2.5135138,8.095667,14.669184,2.9121819,-8.035144,-4.73781,13.676596,9.75595,-11.115727,-7.9566383,-25.191763,-11.015434,20.754652,-7.882717
Q00534,-12.641771,14.629053,18.547543,-4.0343075,9.260086,-2.6929398,-0.8058393,-13.879293,-7.8100443,-13.465007,-11.814553,-11.248466,3.5430913,15.074987,10.318872,-21.221443,-5.9500546,-3.0795698,2.211273,11.72532,10.867182,8.884941,-16.219967,9.511859,16.756336,-0.9492794,-10.270538,-8.975083,-19.733416,10.449167,16.380901,-6.2317142,-9.906571,-9.0752325,-9.323922,-13.342189,-9.246326,5.044669,11.422636,-17.446594,-9.469294,-11.277775,-19.559587,-0.8632718,16.78646,-11.755622,-2.0584083,-7.5075665,-4.784443,5.688542,-2.1606374,7.0088544,13.255286,2.671764,-7.133959,-4.2606606,12.013942,9.322907,-9.482349,-7.027967,-22.690784,-9.297421,18.279583,-6.930127
O43896,-14.881371,15.212777,19.954891,-2.0651796,7.458818,-3.483538,0.8873345,-15.530369,-5.875563,-15.85381,-12.0032015,-11.560459,3.1243477,15.383294,10.52963,-20.470417,-4.9773207,-1.2868868,1.7841798,10.745972,10.589913,9.278777,-16.664282,8.259086,16.169466,-1.122343,-8.844607,-10.819921,-18.854208,11.471679,16.955656,-4.5118527,-9.585289,-9.5247,-9.026996,-16.155241,-7.007351,4.804522,10.551553,-18.906017,-9.393383,-9.572916,-18.90902,2.0761337,15.942124,-12.511845,-1.1200706,-8.703444,-3.595294,7.3292575,-2.0868852,7.1861806,12.91803,2.1254401,-6.1809063,-3.679474,14.889352,10.367574,-12.423905,-7.125915,-22.173697,-9.177552,18.38484,-8.52019
P0AG30,-12.376451,13.074184,17.39987,-3.5839322,8.108476,-2.517434,-0.42830577,-13.131118,-6.7535233,-12.385009,-10.536229,-9.853639,3.2226946,13.249068,9.783219,-18.9204,-5.264601,-2.2210684,1.9740397,10.792825,9.789832,8.024758,-14.349536,8.078506,15.487377,-0.88001776,-9.10381,-8.742862,-17.754538,9.83484,14.928048,-5.077238,-8.625448,-8.597127,-8.141822,-12.666401,-8.87606,4.4067163,10.226843,-15.60188,-8.823867,-9.929451,-17.476038,-0.04542911,14.7330065,-10.503785,-2.0456502,-7.2366962,-4.298763,5.3897915,-2.0041816,6.394914,12.19239,2.2749407,-6.6322427,-4.0406175,11.541939,8.908702,-9.111942,-6.5688834,-20.563612,-8.010961,16.721207,-7.044908
O15530,-14.392407,16.87204,20.97761,-4.129046,10.196766,-3.1895344,-0.6817181,-15.859394,-8.480478,-15.726299,-13.447844,-12.955423,3.8854575,17.23236,11.484524,-24.078035,-6.562948,-3.2502985,2.3507285,13.049688,12.278963,10.325033,-18.469479,10.619689,18.991983,-1.0687454,-11.296493,-10.468705,-21.980127,11.860186,18.441092,-6.999876,-11.33595,-10.415148,-10.716442,-15.638071,-9.828653,5.6840143,12.896622,-20.078438,-10.689434,-12.567161,-22.045673,-0.46598876,18.854298,-13.309603,-1.9475315,-8.576251,-5.1304717,6.6799636,-2.3876595,8.0915165,14.807736,2.753404,-7.677286,-4.6917067,14.0819,10.525434,-11.361174,-7.9702716,-25.503498,-10.51723,20.777164,-8.088454
O75688,-18.97386,22.41619,27.631323,-5.3941917,13.825645,-4.081001,-0.95539314,-20.853827,-11.524146,-20.841324,-17.712437,-17.288809,5.0093274,23.10546,15.209851,-31.91188,-9.116515,-4.565452,3.0468724,16.967367,16.115221,13.415325,-24.930624,14.765023,24.643454,-1.3184015,-15.256465,-13.547946,-29.158697,15.823485,24.837143,-9.469044,-15.328677,-13.157004,-14.424034,-20.447721,-12.650247,7.637434,16.784483,-26.747248,-13.982743,-16.609205,-29.650879,-1.0542337,25.506266,-18.027792,-2.6311224,-11.2836685,-6.531161,9.160228,-3.5452452,10.369058,19.694841,4.0794244,-10.350606,-6.0470862,18.556742,13.740214,-14.909314,-10.445011,-33.812107,-14.742451,27.372423,-10.006148
P0DPK2,-15.676686,21.003069,23.150177,-5.4014,13.24099,-3.6317647,-1.8266029,-18.495363,-10.723363,-17.520073,-16.068586,-16.029913,4.254119,21.660208,13.244067,-29.372574,-10.305416,-5.4012604,1.8478574,16.66245,15.288465,13.91454,-22.639353,15.318967,23.845604,-1.1642662,-15.635047,-11.931365,-26.589935,14.584065,22.936258,-10.747334,-15.273567,-11.526882,-14.485759,-17.34389,-11.595792,7.252315,14.773209,-23.905252,-12.895238,-16.641155,-28.315163,-2.6261005,23.386137,-16.311424,-2.7259827,-9.662248,-6.30151,8.244664,-3.6180356,9.462008,17.657717,4.155473,-10.249539,-5.7216735,16.126078,10.680618,-13.223264,-9.7870865,-30.267454,-14.550427,25.338572,-8.782715
O95235,-13.11895,14.548945,18.515093,-3.288749,8.305305,-3.0487065,-0.30886415,-14.296117,-6.970889,-13.923601,-11.715907,-11.076117,3.3737826,14.863687,10.202397,-20.397472,-5.704713,-2.4938931,1.8617926,11.34453,10.781324,9.017054,-15.871182,9.009261,16.307512,-1.0173686,-9.787875,-9.503164,-19.225506,10.682624,16.343977,-5.6634536,-9.686221,-9.028006,-9.103847,-14.143204,-8.258766,4.880546,10.849742,-17.657722,-9.257499,-10.62291,-18.981922,0.012236459,16.043667,-11.78225,-1.8027523,-7.795368,-4.4639,6.154361,-2.1022308,7.075874,12.930307,2.377304,-6.842126,-4.1413646,12.649316,9.503295,-10.239125,-6.937045,-21.999487,-9.007178,17.95635,-7.475353
Q9Y6Q9,-16.558994,20.6768,24.177935,-4.8992157,12.5211735,-3.811355,-1.1685008,-18.836132,-10.287774,-18.458275,-16.115469,-15.8450165,4.386618,21.236547,13.439923,-28.984203,-9.003965,-4.5401387,2.2735183,15.911879,14.962318,13.093668,-22.482044,14.003398,23.016714,-1.2130497,-14.430008,-12.312933,-26.365543,14.450724,22.570642,-9.443722,-14.458315,-11.890525,-13.663724,-18.306143,-11.208889,7.018209,14.98454,-24.215527,-12.746217,-15.636792,-27.287796,-1.4013176,22.979877,-16.260906,-2.3814478,-10.030367,-6.0555906,8.319431,-3.258491,9.566877,17.63136,3.6838508,-9.580937,-5.5626154,16.68796,11.706731,-13.632734,-9.588804,-30.299011,-13.672847,25.004238,-9.206473
B9EHT4,-19.076794,19.705284,26.528667,-3.899992,11.023767,-4.009225,0.40933722,-19.758009,-8.99296,-20.238733,-15.7612915,-15.07849,4.5697336,19.814617,14.189554,-28.044281,-6.01226,-2.1640625,3.135408,14.33892,13.884613,11.365128,-21.822536,10.598948,21.706907,-1.321976,-11.506855,-13.666986,-25.139107,14.296816,21.708855,-6.066207,-12.264366,-12.9566345,-11.731782,-20.295147,-11.189657,6.290827,15.19396,-24.07227,-12.649165,-13.280188,-24.994196,1.9898754,21.503593,-15.783694,-1.6983844,-11.010639,-5.268105,8.530659,-2.579484,9.655224,17.44692,2.8024168,-8.150579,-5.277326,18.493237,13.940107,-15.114711,-9.473913,-30.12856,-11.520739,24.587004,-10.784687
Q7WTU1,-12.402992,10.981987,17.178978,-2.877932,6.0925117,-2.6146173,0.39399976,-12.305188,-5.375981,-12.021704,-9.697193,-8.3284445,3.2624185,10.94236,9.317619,-16.294044,-2.6809564,-0.8955207,2.392149,9.194509,8.50239,6.136418,-12.155246,4.9558725,12.973543,-1.1249237,-6.6472187,-8.363813,-16.04737,8.699892,12.836452,-2.536541,-6.1659374,-8.409178,-5.752708,-12.561711,-8.178987,3.6102984,9.538861,-14.132054,-7.849693,-7.677177,-14.036065,1.6230919,12.23335,-9.29576,-1.7029259,-7.0246572,-4.0478163,4.6210027,-1.1105579,6.006054,11.037991,1.4111918,-5.255828,-3.6743035,10.833938,9.641128,-8.388454,-5.6550837,-18.659224,-5.354142,14.565913,-7.3282824
Q8IZU0,-20.06234,25.769478,29.494907,-6.063811,16.10129,-4.4798646,-1.6379142,-22.955038,-13.249015,-22.7386,-19.804638,-19.874743,5.282955,26.781157,16.448692,-36.07835,-11.8275795,-6.0735173,2.7536318,19.289095,18.374344,15.998047,-28.519573,18.432987,28.007881,-1.3062524,-18.324951,-14.713114,-32.652473,17.857037,28.363285,-12.233241,-18.483036,-13.961866,-17.410234,-22.079554,-13.395929,8.878395,18.30978,-30.147785,-15.5329,-19.503277,-34.46675,-2.5403872,29.281315,-20.519684,-2.952982,-12.182851,-7.1734138,10.5489855,-4.4767838,11.444918,21.851091,5.0778637,-12.059015,-6.660077,20.345253,14.029224,-16.568628,-11.763359,-37.524624,-18.041153,30.832436,-10.335861
P30041,-16.607424,21.950346,24.49977,-5.414437,13.674802,-3.8674886,-1.7079526,-19.438076,-11.201814,-18.717781,-16.851458,-16.798683,4.467109,22.691746,13.852795,-30.584778,-10.570456,-5.4815907,2.0395484,17.083197,15.924366,14.238099,-23.810106,15.919748,24.48637,-1.1782398,-16.111202,-12.477829,-27.864117,15.251666,24.009382,-10.991108,-15.917436,-11.980781,-15.006144,-18.473087,-11.719875,7.576881,15.470651,-25.320436,-13.361808,-17.088074,-29.418922,-2.5694814,24.578026,-17.199205,-2.7442138,-10.213279,-6.4579654,8.7748375,-3.7747724,9.872982,18.517591,4.24387,-10.572237,-5.888733,16.983963,11.456722,-13.880564,-10.107125,-31.69504,-15.212524,26.310484,-9.049589
P01236,-21.05132,29.297907,31.24277,-6.466818,17.77113,-5.1135874,-2.1658535,-25.148167,-14.318377,-24.832283,-22.041166,-22.475874,5.515232,30.18457,17.41481,-40.19724,-13.988428,-7.255356,2.299049,21.881207,20.739418,19.167107,-31.498508,21.242426,31.955158,-1.4312835,-20.858847,-16.330729,-35.686962,19.757166,31.177177,-14.9023905,-21.40693,-15.470903,-20.27049,-24.327938,-13.993153,9.962723,20.042595,-33.502144,-17.246115,-22.313854,-38.630516,-3.2280326,32.202637,-22.483496,-2.9096866,-13.095652,-7.8931675,11.749229,-4.973401,12.987743,23.67928,5.333192,-13.202379,-7.3481903,22.478004,14.281525,-18.784714,-13.142222,-40.912296,-20.415352,34.404938,-11.5669565
O60684,-12.487239,10.98744,17.175867,-2.7896233,6.078403,-2.5729842,0.48416263,-12.30779,-5.239846,-12.094191,-9.590273,-8.321997,3.2174883,10.883696,9.286036,-16.32866,-2.5260196,-0.7124812,2.3976407,9.048105,8.365334,6.1495533,-12.15635,4.77066,13.034237,-1.0980871,-6.411422,-8.510288,-15.723699,8.640022,12.727518,-2.383733,-6.088961,-8.51342,-5.763642,-12.601363,-8.167339,3.5501854,9.527548,-14.014975,-7.855381,-7.56441,-13.966335,1.9087929,12.105799,-9.175187,-1.5612571,-7.0400243,-3.8783166,4.635021,-1.0839757,6.0051928,10.911762,1.3665178,-5.0791235,-3.612444,11.039868,9.621737,-8.643207,-5.71361,-18.545683,-5.2915335,14.637418,-7.4590797
P04397,-19.658287,28.024628,29.588663,-6.257437,17.136261,-4.76026,-2.2036893,-23.721128,-13.796509,-23.597712,-21.014784,-21.56058,5.2528453,28.88619,16.390635,-38.611706,-13.241554,-7.0553913,2.321441,20.81504,19.770517,18.291714,-30.129303,20.29352,30.594141,-1.2744102,-19.781551,-15.407922,-33.892216,18.557665,29.460913,-14.44075,-20.521112,-14.86171,-19.471441,-22.949842,-13.307762,9.490157,19.357813,-31.89092,-16.441042,-21.43527,-36.836468,-3.241988,30.85279,-21.2558,-2.5955007,-12.282212,-7.503859,10.953036,-4.6009502,12.440136,22.446936,4.99657,-12.388478,-6.9162445,21.233156,13.40451,-17.765472,-12.495246,-39.013077,-19.481098,32.830753,-10.85436
O95760,-20.135672,27.590818,30.160063,-7.01693,17.74626,-4.5524054,-2.4725373,-23.804981,-14.4811945,-23.059101,-21.011427,-21.23876,5.499818,28.691975,17.144001,-38.675373,-13.607875,-7.383362,2.5678895,21.28417,19.806612,17.761627,-30.201674,20.628132,30.548244,-1.3844678,-20.51237,-15.078345,-34.83029,18.885939,30.133831,-14.298212,-20.280472,-14.544609,-19.15133,-22.355654,-14.685972,9.616545,19.357916,-31.546698,-16.6247,-21.71525,-37.340107,-3.942349,31.31277,-21.639425,-3.4308727,-12.41756,-7.9782605,10.873273,-4.947452,12.099418,23.126226,5.7031555,-13.301076,-7.2333784,20.785183,13.806106,-16.955257,-12.594472,-39.74469,-19.71376,32.938896,-10.547265
P19880,-13.252421,14.944147,19.655243,-4.5083017,9.881175,-2.6499538,-0.8776382,-14.253546,-8.424682,-13.904398,-12.280335,-11.557399,3.8560138,15.426259,10.932478,-22.175953,-5.8599954,-3.2024274,2.6207612,12.156232,11.134746,8.757871,-16.805908,9.609422,17.259748,-1.0312281,-10.562429,-9.086874,-20.72706,10.70004,16.89459,-6.2084413,-9.959444,-9.493976,-9.342894,-13.651416,-10.241893,5.249591,12.159384,-17.932222,-9.877601,-11.647181,-20.173859,-0.97402066,17.568142,-12.153889,-2.3173125,-7.7793565,-5.1328526,5.6598816,-2.2135208,7.1936364,13.985168,2.8246882,-7.4360065,-4.5119295,12.208042,10.003685,-9.423236,-7.2767873,-23.933054,-9.373427,18.959732,-7.0324135
P50570,-13.17619,14.896291,19.062092,-3.6607285,9.044388,-2.8215258,-0.42133275,-14.231415,-7.489993,-14.173324,-11.937799,-11.457367,3.516125,15.228237,10.381887,-21.40556,-5.558264,-2.6354666,2.2544937,11.483522,10.786246,8.968893,-16.4754,9.1345625,16.81092,-0.9762122,-9.8207445,-9.431051,-19.545122,10.577777,16.424717,-5.843531,-9.841467,-9.401918,-9.309091,-14.047067,-8.927164,5.021532,11.527778,-17.854351,-9.538253,-10.951478,-19.474854,-0.09985625,16.749186,-11.868031,-1.7427725,-7.7756143,-4.5041995,5.968982,-2.0826578,7.147452,13.237942,2.455032,-6.767447,-4.142152,12.7403755,9.660601,-10.226436,-7.1284356,-22.817244,-9.188934,18.514002,-7.323279
P04351,-22.793863,32.890392,34.99662,-8.975745,22.432457,-4.8344727,-3.5448616,-27.244421,-18.17412,-26.605646,-24.723747,-25.508905,6.528712,34.433826,20.007982,-46.707333,-16.869476,-9.576417,3.167267,25.139467,23.21879,20.981993,-36.4558,25.663948,36.37252,-1.4763479,-25.000193,-16.914019,-41.269314,21.917099,35.75058,-17.969934,-24.644663,-16.724447,-23.353065,-25.056747,-17.982103,11.715636,23.21712,-37.0033,-19.62306,-26.420328,-45.19658,-6.0034432,38.146942,-25.631693,-4.1883497,-14.105399,-9.386383,12.54855,-6.270185,13.95897,27.452707,7.320354,-15.948247,-8.512853,23.714571,15.535409,-19.248926,-15.016357,-47.43516,-24.300543,39.27654,-11.180744
P14868,-18.053,23.479042,27.189365,-5.684656,14.8401375,-3.9235494,-1.5379896,-20.693,-12.32056,-20.908798,-18.126915,-18.213915,4.9314947,24.368923,14.88553,-33.323265,-10.129258,-5.487691,3.0039375,17.435379,16.70208,14.216253,-26.057327,16.333897,25.58376,-1.061774,-16.17194,-13.2707,-29.718777,15.8182,25.300964,-11.050936,-16.672112,-13.173819,-15.708704,-20.100037,-12.389959,7.9910746,17.35218,-27.48666,-14.232052,-17.769415,-31.06258,-2.2116432,26.87143,-18.370584,-2.419375,-10.958489,-6.576757,9.144496,-3.6986566,10.5954685,19.891651,4.293646,-10.562809,-5.966533,18.37032,12.97515,-14.852454,-10.614881,-34.47921,-16.042406,28.093536,-9.353165
P01210,-23.728525,33.383068,34.910053,-6.9674416,20.139471,-5.8464646,-2.3841074,-28.459846,-16.133163,-28.206497,-24.847357,-25.622435,6.056381,34.533497,19.503904,-45.317226,-16.436087,-8.313705,2.2324593,24.426706,23.404016,21.89762,-36.026497,24.781504,35.82292,-1.5667256,-23.922525,-18.429949,-40.202805,22.551178,35.721134,-17.15664,-24.688562,-16.94271,-23.366745,-27.502432,-15.049267,11.4160385,22.174238,-38.19238,-19.274794,-25.191492,-44.15921,-3.8726366,36.6945,-25.80699,-3.2148788,-14.809474,-8.581165,13.787792,-6.0000854,14.494454,26.671766,6.317383,-15.0379,-8.167302,25.580751,15.810582,-21.53523,-14.868375,-45.993282,-23.871325,38.871914,-12.669978
P03126,-8.922218,10.362267,12.894669,-3.4812706,7.212802,-1.7049277,-0.98529553,-9.913542,-6.0024734,-8.758686,-8.129313,-7.7632284,2.5311973,10.668468,7.553653,-15.169731,-5.3348584,-2.5148964,1.3961996,9.099445,7.9504395,6.705204,-11.379095,7.5599194,12.832758,-0.5359712,-8.261517,-6.3315134,-14.304532,7.7045245,11.953724,-5.1609526,-7.4521503,-6.4735813,-7.0074434,-8.885311,-7.6182165,3.667276,8.034129,-11.858734,-7.058126,-8.704619,-14.542761,-1.3835597,12.123841,-8.1578045,-2.0722141,-5.339672,-3.693596,3.9898248,-1.8798938,4.864135,9.739106,2.178339,-5.944683,-3.3717413,8.286326,6.211422,-6.37854,-5.304946,-16.248186,-6.9862204,13.318308,-4.933447
Q9BQB6,-14.148445,13.099239,18.970652,-2.4129744,6.441471,-3.329021,0.677444,-14.463503,-5.611569,-14.193731,-11.081365,-9.860439,3.3251214,13.173626,10.27737,-18.18343,-3.9312181,-1.0408714,2.0026383,10.193324,9.926382,7.696485,-14.3205,6.609182,14.507943,-1.185231,-7.9496064,-9.903375,-18.03938,10.447666,15.324516,-3.3569794,-7.863373,-8.98786,-7.297821,-14.928237,-7.5760164,4.21702,10.032709,-16.900244,-8.690191,-8.66246,-16.53281,1.8894479,14.057749,-11.178888,-1.6310616,-8.167893,-4.0932474,6.1877193,-1.6296902,6.818886,12.312256,1.7491375,-6.06359,-3.9290621,13.007879,10.499663,-10.4687395,-6.404172,-20.643623,-7.1780114,16.527012,-8.270302
Q96LK0,-13.318053,15.946711,19.25069,-3.8232877,9.807864,-2.9495394,-0.72728115,-14.804526,-8.074886,-14.586392,-12.478436,-12.253148,3.5510542,16.457289,10.643092,-22.553316,-6.7824297,-3.2323973,1.9741591,12.107878,11.501627,9.863473,-17.632292,10.678807,17.74429,-0.92038935,-11.011816,-9.698623,-20.54715,11.21926,17.66512,-6.9372354,-11.041056,-9.3645525,-10.456411,-14.346338,-8.926578,5.4613028,11.776139,-18.873493,-9.888957,-11.937827,-21.166143,-0.8524229,17.985989,-12.690147,-1.8835332,-7.9766493,-4.6353655,6.505011,-2.536651,7.407557,13.831762,2.9063199,-7.4368873,-4.3409057,13.146124,9.508659,-10.675506,-7.539931,-23.748825,-10.517189,19.52443,-7.193961
P06702,-12.071625,12.747518,17.147078,-3.2709422,7.512125,-2.6912737,-0.2712255,-12.859994,-6.4431324,-12.432035,-10.569904,-9.714401,3.2508395,13.003691,9.463697,-18.306879,-4.737246,-2.133137,1.9858619,10.328023,9.643894,7.6957784,-14.01619,7.612266,14.622863,-0.99495304,-8.66238,-8.464639,-17.597078,9.524104,14.542612,-4.705987,-8.255896,-8.346305,-7.711174,-12.679106,-8.148852,4.3438435,10.044997,-15.666505,-8.422112,-9.458634,-16.751268,0.0778865,14.335866,-10.4685955,-1.8667927,-7.0899434,-4.300948,5.25535,-1.757358,6.3735943,11.866562,2.0732498,-6.2388687,-3.8901522,11.168146,9.001547,-8.818634,-6.230057,-20.105028,-7.5591655,16.100222,-6.846023
Q3UVR3,-10.667424,13.019104,15.859102,-3.7039573,8.386053,-2.3394558,-0.91412127,-11.973394,-6.97066,-11.545839,-10.399623,-10.006981,3.133461,13.387899,8.841234,-18.855583,-5.5670986,-2.94046,1.8021526,10.501277,9.633871,8.204201,-14.257077,8.691503,15.114325,-0.84612876,-9.327364,-7.7458053,-17.311136,9.059066,14.314138,-5.9659147,-8.969751,-8.015059,-8.497673,-11.398574,-8.248469,4.552318,10.1152935,-15.23279,-8.340505,-10.256235,-17.427479,-1.1078761,14.813518,-10.196554,-1.8238701,-6.4144897,-4.3034143,4.860447,-1.92584,6.2336774,11.562637,2.3290782,-6.312883,-3.8260026,10.306366,7.8192377,-8.217484,-6.292945,-19.889336,-8.246682,16.240774,-5.98998
P02359,-10.652448,8.819037,14.708312,-2.5640733,4.87261,-2.2404711,0.39676884,-10.382527,-4.438239,-9.95218,-8.114404,-6.6588097,2.890776,8.748672,8.011303,-13.341218,-1.8816462,-0.5640508,2.1713994,7.8084416,7.101525,4.853996,-9.769317,3.5973732,10.762124,-1.0400842,-5.3912644,-7.029553,-13.613767,7.252276,10.580041,-1.6917835,-4.6918206,-7.226835,-4.329988,-10.567963,-7.298258,2.9312694,8.069074,-11.610049,-6.6047535,-6.253491,-11.305985,1.5396676,9.9090605,-7.635988,-1.6322147,-5.9861736,-3.6448023,3.6624603,-0.76034874,5.0637875,9.343377,1.0697984,-4.46901,-3.219182,8.934836,8.4569235,-6.7642007,-4.6978555,-15.675216,-3.8892472,12.040162,-6.4054217
P15891,-7.054239,5.595205,9.605876,-1.6292577,3.0978754,-1.4667119,0.36024782,-6.819636,-2.8133888,-6.4901366,-5.1391954,-4.2200866,1.9431559,5.6107726,5.1814733,-8.537261,-1.1213655,-0.12096879,1.4931494,4.8768787,4.552534,3.0637963,-6.3221993,2.1708496,6.970179,-0.6071708,-3.3145907,-4.696661,-8.681542,4.6071067,6.819199,-0.89509654,-2.9439228,-4.833359,-2.7621195,-6.843222,-4.7386518,1.8548155,5.2590313,-7.4556937,-4.230413,-3.940726,-7.202081,1.1599283,6.3548355,-4.8266425,-1.0151001,-3.9539185,-2.2963958,2.3241827,-0.40166578,3.3116293,5.9764557,0.6464342,-2.8532326,-2.0718262,5.8754807,5.6077924,-4.466212,-3.1094282,-10.049126,-2.3839524,7.8151183,-4.265842
P62263,-13.229088,13.959131,18.812529,-3.5840313,8.162605,-2.9791832,-0.30721268,-14.100199,-7.029641,-13.618716,-11.644155,-10.639008,3.5570083,14.222536,10.405449,-20.029943,-5.14641,-2.3867383,2.1564605,11.38988,10.598386,8.434925,-15.30401,8.293732,15.980509,-1.1420332,-9.513347,-9.254996,-19.365297,10.479996,15.946877,-5.133702,-9.000819,-9.11132,-8.385937,-13.937349,-8.9294,4.7580676,10.982634,-17.192087,-9.238261,-10.361612,-18.323833,0.08617419,15.659337,-11.523559,-2.0746372,-7.7692146,-4.7729917,5.76256,-1.9168323,6.990476,13.029343,2.277753,-6.8495955,-4.277721,12.212313,9.889758,-9.629354,-6.789121,-22.05849,-8.241942,17.605816,-7.5298357
Q8R010,-17.833687,24.609322,27.537308,-6.8067164,16.474272,-3.823232,-2.411793,-20.981335,-13.6691475,-20.667606,-18.981104,-19.113054,5.2191052,25.694773,15.4585085,-35.26684,-11.715821,-6.801296,2.9473524,19.038322,17.705275,15.304061,-27.275803,18.286549,27.351282,-1.1664456,-18.203554,-13.052165,-31.66073,16.472967,26.67817,-12.797821,-17.984922,-13.328502,-16.92513,-19.683474,-13.883847,8.668671,18.167295,-28.257446,-14.988964,-19.61479,-33.36562,-3.8989112,28.626518,-19.23612,-3.125221,-10.957569,-7.417043,9.177241,-4.2051797,10.884568,21.012781,5.022938,-11.800666,-6.522089,18.081907,12.71782,-14.446195,-11.211339,-36.31296,-17.371344,29.567627,-9.0255
P04696,-7.5493727,4.930598,10.22065,-1.888141,2.5042486,-1.6643913,0.44094446,-7.0252876,-2.6582308,-6.267124,-5.298806,-3.6355991,2.194325,4.831356,5.656548,-7.839508,-0.55788416,0.02514372,1.6667397,5.330684,4.657218,2.602778,-5.4392214,1.2364458,6.6692467,-0.90764946,-3.2220092,-4.663185,-9.317928,4.763955,6.6348133,-0.18454713,-2.0895529,-4.990849,-1.7700776,-7.1057796,-5.484232,1.7180386,5.268749,-7.1936946,-4.317055,-3.6495044,-6.3828845,1.3700004,5.6756077,-4.757952,-1.5418487,-4.170828,-2.9345956,2.06271,-0.16523539,3.3680196,6.2989407,0.46355027,-3.134163,-2.4045882,5.5484586,6.3340845,-3.8754268,-2.9326468,-10.214352,-1.3148838,7.4024987,-4.766095
P04385,-20.267977,27.475351,29.930435,-6.2578964,17.251623,-4.575891,-1.9142994,-23.649267,-13.799603,-23.572298,-20.596346,-21.177353,5.3227615,28.425804,16.67061,-38.21191,-12.923679,-6.586319,2.5015616,20.169802,19.163319,17.537775,-30.101995,19.916868,29.92573,-1.2850777,-19.402416,-15.373843,-33.504665,18.494255,29.539038,-13.596859,-19.957579,-14.585816,-19.006315,-22.704847,-13.701042,9.423913,19.08448,-31.41941,-16.236841,-20.820732,-36.595173,-2.8690643,30.72843,-21.254887,-2.7501104,-12.428033,-7.1937003,11.07422,-4.8331623,12.02681,22.45944,5.3098164,-12.377046,-6.866787,21.336792,13.795005,-17.74597,-12.533097,-38.90847,-19.371721,32.6439,-10.649619
Q05128,-17.142809,25.305655,25.874846,-6.277621,16.653725,-3.8792212,-2.5464585,-20.891459,-13.312557,-20.297834,-18.557755,-19.44222,4.7032423,26.350214,14.717959,-35.062122,-13.481509,-7.0638585,1.8549876,19.003515,17.756985,16.674282,-27.572098,19.927769,27.937483,-0.95339304,-19.110128,-13.232163,-30.736303,16.794577,27.113106,-14.128212,-19.273552,-12.709178,-18.281942,-19.393784,-12.691972,8.880092,17.178894,-28.259514,-14.806413,-20.055143,-34.357525,-4.381741,28.64595,-19.263786,-2.9238243,-10.772862,-6.781765,9.938878,-4.869741,10.728932,20.471888,5.2406125,-12.050786,-6.3999743,18.434465,11.259007,-15.295296,-11.507361,-35.257103,-18.725878,29.812887,-8.74989
P00803,-13.761156,16.21211,20.25495,-4.4090877,10.213294,-2.9831958,-0.9142856,-15.181044,-8.556821,-14.808306,-13.047417,-12.463332,3.8750088,16.631706,11.245043,-23.422405,-6.6059957,-3.4566133,2.3329148,12.946341,11.955641,9.952737,-17.829943,10.530021,18.530888,-1.0893147,-11.351583,-9.838543,-21.652775,11.473802,17.954031,-7.0094633,-10.982352,-9.983675,-10.350048,-14.689122,-10.114219,5.600054,12.575057,-19.223564,-10.418137,-12.466163,-21.560362,-0.96928304,18.433495,-12.90923,-2.2151315,-8.198652,-5.2612243,6.2707944,-2.4031816,7.7514005,14.537637,2.8737164,-7.77218,-4.7061677,13.196165,10.126852,-10.486601,-7.7552757,-24.93581,-10.222292,20.165596,-7.613184
P01225,-18.22026,23.680841,26.536142,-5.1256347,14.130873,-4.33941,-1.3518616,-21.128963,-11.521608,-20.86859,-18.081234,-18.15608,4.676882,24.43732,14.725537,-32.59617,-10.83436,-5.3510227,2.160968,17.657257,16.903456,15.142774,-25.729534,16.655941,25.754765,-1.2245376,-16.581974,-13.782541,-29.422052,16.374294,25.704258,-11.243414,-16.970415,-12.895826,-16.023108,-20.565496,-11.5817,8.023582,16.451498,-27.621578,-14.135786,-17.715965,-31.200964,-1.9237341,26.185877,-18.567316,-2.4508862,-11.1647625,-6.4487734,9.781564,-3.9473305,10.663632,19.61488,4.3002014,-10.789292,-6.046267,18.882046,12.578999,-15.637175,-10.746943,-33.718285,-16.263716,28.09,-9.912516
O75795,-12.853596,11.066537,17.305931,-2.4560597,5.4116592,-3.0289743,0.6141886,-12.890988,-4.9818387,-12.346515,-9.909405,-8.2916355,3.1958578,11.075425,9.460317,-15.704961,-3.0083506,-0.8157945,2.0211408,9.350285,8.844601,6.393688,-12.062858,5.13023,12.695354,-1.2413702,-6.94266,-8.68811,-16.46781,9.257415,13.368634,-2.4490721,-6.297996,-8.167976,-5.7170625,-13.274228,-7.464559,3.6397183,9.043178,-14.694646,-7.7800198,-7.5111613,-14.040311,1.7602544,12.034081,-9.766724,-1.8488178,-7.3583336,-4.13521,5.1523247,-1.2217927,6.0881333,11.165146,1.4138108,-5.57058,-3.7419598,11.178971,9.868522,-8.711875,-5.572044,-18.496088,-5.504647,14.382939,-7.6425514
P0DJD3,-15.470112,17.698267,22.09806,-4.285133,10.491239,-3.5272253,-0.6905516,-17.019089,-8.778843,-16.459639,-14.200333,-13.500951,4.0461807,18.129797,12.329801,-24.961533,-7.309839,-3.4817827,2.1953642,14.001931,13.097693,11.026505,-19.33261,11.422054,19.910528,-1.2370871,-12.316205,-11.154525,-23.459875,12.928704,19.898674,-7.3448205,-11.975694,-10.6783495,-11.248535,-16.619576,-10.29695,6.020025,13.135884,-21.223305,-11.262422,-13.244233,-23.39549,-0.5850467,19.720945,-14.341466,-2.3576257,-9.220071,-5.528908,7.3552165,-2.7252405,8.437222,15.748383,3.1416538,-8.527162,-5.059152,14.937051,11.1391115,-12.024903,-8.405065,-26.787933,-11.280907,21.814764,-8.667283
Q21921,-11.24855,12.758308,16.63661,-3.900843,8.486045,-2.2694442,-0.8028379,-12.169514,-7.2068157,-11.736614,-10.44452,-9.850192,3.304722,13.207101,9.299946,-18.907951,-5.187595,-2.770621,2.1724865,10.440679,9.552136,7.6039777,-14.342644,8.347638,14.854541,-0.86876607,-9.162385,-7.762695,-17.698978,9.142794,14.4871435,-5.4213314,-8.586994,-8.094303,-8.077834,-11.524291,-8.790861,4.510999,10.328464,-15.24907,-8.427197,-10.051017,-17.328245,-0.95695806,15.002486,-10.354793,-2.0342927,-6.625456,-4.4146824,4.8202834,-1.9167215,6.1445556,11.914531,2.4651506,-6.4539394,-3.888345,10.366324,8.438086,-8.019686,-6.2722716,-20.368292,-8.067317,16.23732,-6.0053535
P09446,-18.300377,20.993626,26.569153,-5.2049713,13.001766,-3.8519626,-0.79219794,-19.830631,-10.865857,-19.791927,-16.756914,-16.186052,4.8581357,21.57733,14.615635,-30.15318,-8.206293,-4.0814686,3.0851994,16.059399,15.156191,12.428494,-23.405293,13.448917,23.3001,-1.3102775,-14.157507,-12.934091,-27.635735,14.941975,23.373238,-8.516023,-14.109491,-12.689041,-13.28913,-19.478712,-12.3989315,7.1457195,16.045326,-25.16116,-13.309673,-15.532425,-27.763739,-0.6710626,23.94445,-16.948421,-2.5605977,-10.798856,-6.2739797,8.538913,-3.2310953,9.844971,18.736412,3.7728963,-9.736411,-5.798275,17.63872,13.380659,-14.085845,-9.908579,-32.15346,-13.50732,25.913103,-9.728222
P98175,-17.589819,23.517593,26.177248,-6.1324825,15.115001,-3.969405,-2.072372,-20.63361,-12.45777,-19.75078,-18.008848,-17.99143,4.817513,24.363302,14.896919,-32.94286,-11.759976,-6.1956925,2.2372308,18.512966,17.097126,15.169639,-25.599836,17.546253,26.3657,-1.1881567,-17.702662,-13.040455,-30.13536,16.350182,25.816803,-12.185712,-17.275146,-12.679446,-16.207598,-19.421602,-12.968104,8.21852,16.674809,-27.010885,-14.392746,-18.59466,-31.82409,-3.3357477,26.70765,-18.436493,-3.2063103,-10.836389,-7.055244,9.327004,-4.2444167,10.441541,20.073753,4.7009206,-11.656651,-6.412514,17.841541,12.114754,-14.415893,-10.842602,-34.19782,-16.578518,28.214071,-9.301019
P25788,-16.367311,19.203573,23.879131,-4.9870005,12.060769,-3.4833512,-0.98280865,-17.982565,-10.059321,-17.64597,-15.298551,-14.776159,4.431154,19.776596,13.282573,-27.58646,-7.9245377,-4.0416613,2.676656,15.007932,13.998702,11.643173,-21.304325,12.665143,21.586145,-1.2079525,-13.374588,-11.654906,-25.383402,13.667941,21.425264,-8.217326,-13.099334,-11.496912,-12.346237,-17.40162,-11.542699,6.597531,14.587604,-22.807642,-12.204965,-14.560872,-25.624817,-1.0847155,21.916166,-15.446994,-2.5198288,-9.7224045,-5.921489,7.68686,-3.0169525,8.983018,17.116661,3.5834377,-9.16864,-5.3962183,15.804842,11.88297,-12.60676,-9.1071205,-29.325365,-12.505335,23.736725,-8.792036
O75815,-17.995771,29.171432,27.982124,-6.7715445,18.128227,-4.759617,-3.2919533,-23.438263,-14.637466,-22.663847,-21.414085,-22.344002,5.018525,30.242165,15.832352,-39.47898,-15.763657,-8.748429,1.5134636,22.207052,20.85599,20.006456,-30.77556,23.059734,32.006794,-1.1030675,-22.083233,-14.789269,-34.88694,18.965954,30.272667,-17.24036,-22.548893,-14.3126,-21.241817,-22.081516,-12.987198,10.042,19.250439,-32.432335,-16.702316,-23.324173,-38.76084,-5.5772023,32.045486,-21.682777,-2.9832904,-11.751933,-8.015449,11.094452,-5.139374,12.593143,22.686321,5.422468,-13.499256,-7.1561146,20.387047,11.730745,-17.177496,-12.681327,-39.21814,-21.285303,33.38649,-10.016175
P25539,-14.413567,23.69398,22.046995,-4.956782,14.357823,-3.9344018,-2.4333725,-18.93051,-11.355416,-18.459795,-17.027603,-18.110594,3.8629882,24.536543,12.357577,-31.589989,-12.868038,-6.7391667,0.91174084,17.436625,16.6662,16.488604,-24.89895,18.703718,25.766016,-0.7763297,-17.554047,-12.213585,-27.374472,15.219109,24.332916,-13.941577,-18.420174,-11.4906435,-17.476595,-17.946856,-9.626468,8.062694,15.172143,-26.202713,-13.253665,-18.58478,-31.216232,-4.12876,25.596987,-17.35179,-2.0144086,-9.473367,-5.988749,9.219432,-4.1774306,10.173043,17.831038,4.2437057,-10.558468,-5.570379,16.832335,9.111626,-14.495534,-10.301289,-30.971579,-17.36508,26.910322,-8.167915
Q8WYB5,-13.61017,17.69282,20.361996,-4.8069043,11.518646,-2.9644077,-1.4630882,-15.683386,-9.457284,-15.16936,-13.731209,-13.627704,3.8625462,18.33617,11.4706545,-25.291117,-8.188023,-4.4091253,2.0836298,13.896085,12.845489,11.224775,-19.45914,12.616516,20.066074,-0.9606551,-12.913812,-10.039174,-22.835865,12.149133,19.381102,-8.698272,-12.651796,-10.060989,-11.99219,-14.749091,-10.3259115,6.167687,13.083602,-20.38642,-10.985793,-13.97358,-23.896692,-2.101811,20.203205,-13.840201,-2.3073409,-8.278355,-5.412148,6.754523,-2.9185576,8.056455,15.23131,3.4876347,-8.54669,-4.865018,13.627558,9.635767,-10.984078,-8.314466,-26.2377,-12.060466,21.605453,-7.329578
Q06449,-9.087697,8.595001,12.776779,-2.2180357,5.012392,-1.9015989,0.16400313,-9.227805,-4.3804097,-9.132245,-7.338546,-6.586586,2.4722242,8.755726,6.856311,-12.704225,-2.4534602,-0.8740048,1.8273648,6.8253427,6.5341616,4.79655,-9.706733,4.39967,9.9635,-0.67717165,-5.2920413,-6.2106338,-12.197786,6.484052,9.921435,-2.402004,-5.1654577,-6.289228,-4.8503137,-9.255244,-5.946282,2.8713121,7.3494205,-10.933939,-5.8890147,-6.102462,-11.117036,0.7904358,9.82613,-7.137052,-1.1821098,-5.210587,-2.940086,3.5247657,-0.9306848,4.5473123,8.340584,1.202743,-4.0412626,-2.6928263,8.112419,7.0352488,-6.3194876,-4.359507,-14.215218,-4.60951,11.215071,-5.151193
O02372,-16.27442,21.602278,23.684534,-4.88133,12.612492,-4.168826,-1.5328121,-19.355724,-10.353505,-18.424017,-16.62809,-16.386889,4.24588,22.164345,13.389317,-29.38078,-10.504967,-5.262966,1.5497935,16.992458,15.886616,14.507597,-22.857796,15.458952,24.066002,-1.2725364,-15.841232,-12.558487,-27.236084,15.211992,23.47592,-10.846041,-15.66284,-11.776863,-14.698584,-18.67434,-10.788996,7.35868,14.760267,-25.03046,-13.053542,-16.650473,-28.500652,-2.220861,23.442947,-16.838295,-2.6273966,-10.131209,-6.414862,8.839993,-3.591034,9.901323,17.943413,3.8259077,-10.346476,-5.830283,16.877287,11.105333,-13.980692,-9.834894,-30.542393,-14.642715,25.58475,-9.411779
P42834,-15.804413,17.860579,22.469543,-4.3931985,11.183284,-3.1005876,-0.5723679,-16.964857,-8.995257,-16.710138,-13.810199,-13.598605,3.9850082,18.11043,12.413064,-25.676712,-7.0667396,-3.0414631,2.5331633,13.642273,12.655597,10.822322,-19.724684,11.226394,20.462662,-0.9394042,-11.778758,-11.463889,-22.687973,12.6977005,19.625847,-7.1691127,-11.989112,-11.177878,-11.4866,-16.565023,-10.904008,5.902059,13.572757,-20.847445,-11.515423,-13.171681,-23.583292,-0.04106156,19.99417,-13.898313,-2.0436647,-9.270687,-4.994883,7.301911,-2.795603,8.3662615,15.721259,3.0653725,-8.175511,-4.9291368,15.529748,11.145883,-12.581921,-8.711107,-27.005905,-11.393056,22.331373,-8.755626
P08237,-16.315481,20.812645,24.008879,-5.287925,13.292447,-3.5349135,-1.492214,-18.645494,-10.895926,-18.119747,-16.014174,-15.9855,4.3777566,21.567543,13.515137,-29.434353,-9.677611,-4.965306,2.3233461,16.044117,14.99011,13.079945,-22.956133,14.872169,23.246819,-1.0569977,-15.032627,-11.993417,-26.606419,14.487523,22.95101,-10.010606,-14.914453,-11.611596,-14.099444,-17.683584,-11.616201,7.1761584,15.044169,-24.11734,-12.823882,-16.10023,-28.040462,-2.169032,23.689507,-16.423819,-2.6097705,-9.8892765,-6.0503254,8.318888,-3.581103,9.344509,17.853767,4.133404,-10.009242,-5.5812902,16.408457,11.380576,-13.282059,-9.701885,-30.615614,-14.431751,25.235224,-8.624676
Q9URB4,-9.261022,7.4017196,13.068355,-2.6316698,4.5179853,-1.7570612,0.25378075,-8.810936,-4.101573,-8.438824,-6.9977083,-5.628168,2.70102,7.290555,7.101568,-11.82996,-1.1980343,-0.4254615,2.2558613,6.854318,6.0247307,3.8869538,-8.319541,2.6578374,9.526614,-0.918239,-4.446927,-5.9717846,-11.857893,6.0058002,8.844582,-1.2313191,-3.6915584,-6.6128254,-3.4537039,-8.869911,-7.174481,2.4918659,7.4421806,-9.689455,-5.8592143,-5.4687862,-9.588446,1.3685641,8.578121,-6.315893,-1.5147206,-5.1248603,-3.355833,2.7331982,-0.47534895,4.418353,8.209507,0.8583231,-3.8013232,-2.8970485,7.50106,7.570828,-5.512065,-4.1365986,-13.90139,-2.882459,10.547188,-5.6142316
Q05086,-10.2324915,11.208108,14.595792,-3.1598606,6.836127,-2.3047338,-0.5244795,-11.131437,-5.7674556,-10.385264,-9.237089,-8.50387,2.8528795,11.4551525,8.24525,-16.155947,-4.6048403,-2.1797097,1.574407,9.450361,8.593552,7.1279826,-12.202227,7.044035,13.261895,-0.906417,-8.068135,-7.30028,-15.514404,8.364762,12.835343,-4.5754094,-7.4358087,-7.2688875,-7.006082,-10.637585,-7.5130844,3.8875978,8.737862,-13.458931,-7.4641385,-8.728777,-15.018864,-0.38755047,12.57041,-9.106596,-1.8338912,-6.0631638,-3.9720373,4.462958,-1.6144675,5.5854926,10.384042,1.9975535,-5.760922,-3.5390444,9.501425,7.504446,-7.518602,-5.5895023,-17.581766,-6.778695,14.283216,-5.976573
O14788,-19.923084,27.312468,29.84943,-7.095448,17.816938,-4.3556285,-2.4905896,-23.455168,-14.373576,-22.71229,-20.683054,-21.020617,5.4476185,28.321505,16.993671,-38.544247,-13.352607,-7.2358418,2.623087,21.080791,19.46131,17.615719,-29.908232,20.275263,30.539204,-1.3480736,-20.174479,-14.987407,-34.210747,18.570543,29.681358,-14.114046,-19.994753,-14.58677,-19.004921,-21.929592,-14.943184,9.485653,19.303253,-30.93382,-16.5596,-21.568502,-37.023457,-3.7694173,30.957375,-21.215046,-3.3387237,-12.236385,-7.82407,10.620661,-4.8786125,11.969938,22.832596,5.665571,-13.061342,-7.1644354,20.64851,13.585522,-16.889378,-12.602154,-39.390465,-19.434456,32.822556,-10.538618
Q6ZNA4,-13.950148,14.768952,19.6119,-3.6518445,8.513574,-3.163487,-0.30104607,-14.920874,-7.2221193,-14.300015,-12.186453,-11.207277,3.6328082,15.012836,10.923002,-21.006107,-5.5884895,-2.4853303,2.0819328,12.017469,11.154996,9.099284,-16.10284,8.8378315,16.920076,-1.2017511,-10.078229,-9.888295,-20.189991,11.154778,16.88909,-5.4612474,-9.574533,-9.515746,-8.971118,-14.703995,-9.239873,4.9889984,11.333413,-18.050575,-9.729086,-10.921659,-19.4048,0.18374655,16.358585,-12.157978,-2.1434317,-8.20123,-4.908752,6.2202106,-2.1003706,7.3341975,13.612154,2.466286,-7.24005,-4.4719353,13.04374,10.233885,-10.39786,-7.1985817,-23.026892,-8.842472,18.585243,-8.043385
P12530,-12.5871315,22.585505,20.665043,-5.1450553,14.438489,-3.4563131,-2.6858907,-17.024338,-11.650577,-17.373238,-16.367699,-17.578064,3.934146,23.606926,11.240274,-30.715984,-12.031181,-6.9788933,1.3499224,16.201271,15.697704,15.227536,-24.081264,18.14085,24.151588,-0.66311544,-16.687166,-10.581779,-26.290928,13.62098,22.599136,-13.82275,-17.695095,-10.817039,-16.720753,-16.20411,-9.245457,7.925986,15.209563,-25.02159,-12.3477545,-17.946312,-29.707039,-4.8815923,25.16227,-16.342596,-1.761545,-8.421914,-5.8583264,8.097475,-3.8153198,9.644641,16.9418,3.943091,-9.66143,-5.2039127,14.871183,8.451986,-12.682466,-9.596406,-29.865322,-16.511974,25.445951,-6.590973
P14921,-13.3203,15.707743,19.620354,-4.6495743,10.209549,-2.8572927,-1.1578841,-14.783249,-8.653943,-13.97233,-12.718252,-12.025024,3.8185942,16.214777,11.13848,-22.764929,-7.0146227,-3.7333136,2.1842184,13.05774,11.840613,9.765698,-17.312044,10.7684555,18.223143,-1.0821366,-11.719809,-9.359521,-21.581682,11.389266,17.812841,-7.1978297,-10.872046,-9.494721,-10.158123,-13.952368,-10.313273,5.555136,12.133265,-18.59126,-10.241996,-12.50387,-21.360542,-1.5797412,18.15775,-12.719489,-2.6013641,-7.96382,-5.4293246,6.096989,-2.5508072,7.4327955,14.433135,3.0845106,-8.149451,-4.7757854,12.498101,9.73471,-9.752969,-7.5891023,-24.466362,-10.225805,19.655684,-7.2252655
P0A7W7,-11.123516,9.541582,15.310461,-2.540262,5.1726484,-2.4033263,0.40751362,-10.994944,-4.671735,-10.608886,-8.589087,-7.210173,2.9469085,9.522841,8.326296,-14.143222,-2.296604,-0.7034818,2.1262465,8.176631,7.5684357,5.3336167,-10.554926,4.204025,11.350977,-1.0423177,-5.8635817,-7.4359727,-14.331619,7.7501893,11.363316,-2.0592215,-5.284585,-7.4535995,-4.8785605,-11.2080145,-7.272142,3.1600614,8.373218,-12.487367,-6.917005,-6.684766,-12.2105465,1.4928167,10.649734,-8.225851,-1.6234732,-6.299599,-3.7028213,4.0749435,-0.9248474,5.330199,9.8082905,1.2047236,-4.740492,-3.3154912,9.53723,8.710593,-7.320424,-4.9611444,-16.459316,-4.516253,12.751233,-6.6102324
O75570,-8.208749,6.3603954,11.540565,-2.328562,3.8220093,-1.611537,0.24524766,-7.8043313,-3.5783188,-7.363978,-6.1580067,-4.823319,2.431075,6.302096,6.287281,-10.17583,-1.0366783,-0.34014246,1.9960461,6.056286,5.3469653,3.33102,-7.16738,2.2512274,8.253872,-0.83350086,-3.9361985,-5.2318377,-10.563094,5.30349,7.7866235,-0.98249954,-3.13894,-5.796261,-2.8850565,-7.821318,-6.3210163,2.1758897,6.493218,-8.511421,-5.1112313,-4.747444,-8.28022,1.1682166,7.4432144,-5.5581164,-1.4403871,-4.5518565,-3.063474,2.374751,-0.37529972,3.888833,7.2536464,0.7323107,-3.439125,-2.5984964,6.492613,6.7763095,-4.6991615,-3.5914724,-12.178994,-2.387469,9.141946,-4.976833
P99029,-16.383543,18.831533,23.06529,-3.22299,10.604116,-3.6602826,0.044442877,-17.805725,-8.658355,-18.525291,-14.435732,-14.519969,3.8787997,19.387775,12.236555,-25.986483,-7.0199184,-2.7512598,2.381173,12.784702,13.020692,11.044081,-21.051718,11.770176,19.717083,-0.8519298,-11.491359,-12.047848,-23.033113,13.117879,20.534113,-7.067527,-12.7470045,-10.990431,-12.096789,-18.098263,-8.621441,6.118398,13.513814,-22.826777,-11.213589,-12.7544775,-24.087616,0.52531815,20.845053,-14.991489,-1.274389,-9.719208,-4.3877773,8.305153,-2.8295321,8.677441,15.7402725,2.97243,-7.698572,-4.491015,16.647259,11.646253,-13.825973,-8.596914,-27.244608,-12.361695,22.504904,-8.643821
P09104,-14.692559,13.473862,20.54348,-3.5193222,7.6676373,-3.0211241,0.35406482,-14.647695,-6.6438117,-14.486823,-11.704819,-10.259121,3.8549404,13.40537,11.12456,-20.027212,-3.3580215,-1.2727785,2.8734846,11.078494,10.206272,7.5163417,-14.910907,6.2583675,15.801377,-1.3058819,-8.094592,-9.966205,-19.234442,10.416714,15.463727,-3.3612392,-7.67445,-10.084205,-7.2106767,-14.976972,-9.847098,4.4125276,11.602756,-17.058855,-9.506729,-9.438907,-17.216518,1.79428,15.011912,-11.221794,-1.9300909,-8.32618,-4.7621484,5.56582,-1.427072,7.2087536,13.279781,1.7732166,-6.244535,-4.35647,13.047615,11.359726,-10.160445,-6.851588,-22.599352,-6.7631135,17.722015,-8.610053
P42227,-13.94406,16.589209,20.346386,-4.4358425,10.516347,-3.0045927,-0.99141246,-15.478357,-8.770717,-14.950081,-13.155496,-12.709165,3.828709,17.092422,11.400246,-23.752275,-7.240941,-3.6405146,2.1803002,13.178306,12.1977005,10.2715225,-18.293716,11.240401,18.87201,-1.0187359,-11.884733,-9.986549,-21.994423,11.837718,18.539381,-7.4271355,-11.495113,-9.887196,-10.81526,-14.821125,-10.091557,5.7495813,12.524468,-19.579096,-10.56568,-12.798065,-22.269135,-1.2554423,18.928583,-13.262384,-2.3327923,-8.340336,-5.230523,6.606537,-2.6818209,7.7549725,14.797373,3.1185737,-8.149205,-4.7619667,13.460686,10.0388565,-10.723141,-7.923292,-25.235172,-10.886559,20.519579,-7.546647
P00326,-17.003443,21.579351,24.98548,-5.1834064,13.3185005,-3.8361788,-1.3090776,-19.380892,-10.87629,-19.109112,-16.701399,-16.580465,4.5481877,22.192427,13.875323,-30.366432,-9.468413,-4.83793,2.3966024,16.456331,15.466823,13.613933,-23.555765,14.779941,23.985994,-1.208268,-15.062931,-12.647473,-27.30911,14.897157,23.437439,-10.011302,-15.170932,-12.29828,-14.377907,-18.773018,-11.719386,7.354744,15.661258,-25.110807,-13.233579,-16.368645,-28.562162,-1.6456305,24.108973,-16.87404,-2.4258633,-10.302743,-6.2109246,8.592979,-3.4612844,9.881308,18.29962,3.9132984,-9.916143,-5.7396894,17.237062,11.990089,-14.0980215,-10.00579,-31.55129,-14.414508,26.082602,-9.316993
O15360,-14.787053,17.589058,21.621954,-4.5912266,11.143341,-3.1399984,-0.96544355,-16.338976,-9.249255,-16.015112,-13.920883,-13.541722,4.034719,18.151041,12.033301,-25.266779,-7.3954225,-3.7580369,2.4108553,13.687808,12.785431,10.729791,-19.534704,11.75381,19.806307,-1.05771,-12.306744,-10.592856,-23.108034,12.420972,19.574453,-7.6786156,-12.097934,-10.47083,-11.43344,-15.718907,-10.518523,6.0584164,13.31883,-20.784918,-11.124202,-13.407155,-23.532724,-1.1380368,20.10322,-14.068572,-2.2792685,-8.808353,-5.3715787,6.9916515,-2.7849157,8.190251,15.572322,3.318124,-8.3925295,-4.9113793,14.363627,10.687199,-11.48924,-8.357638,-26.72454,-11.556531,21.729904,-7.9250703
P01721,-21.733864,29.23491,32.03763,-6.612446,17.674788,-5.1796913,-2.0069823,-25.527235,-14.225513,-25.106577,-22.217705,-22.379642,5.6808167,29.94641,17.874353,-40.391724,-13.473754,-6.9460363,2.5115747,22.160946,20.783747,19.071533,-31.352032,20.559694,32.27363,-1.5808512,-20.605217,-16.716276,-35.95001,19.931051,31.196957,-14.364805,-20.969345,-15.971155,-19.896091,-24.79462,-14.710971,9.893122,20.355064,-33.500175,-17.533623,-22.218998,-38.46008,-2.6560764,31.993439,-22.466915,-3.0205808,-13.387711,-8.09815,11.68816,-4.823318,13.171656,23.962494,5.204038,-13.19809,-7.5347347,22.859802,14.888622,-19.028297,-13.294546,-41.376564,-19.857323,34.707863,-12.203517
Q5JFD7,-14.454758,19.324732,21.066454,-4.6172957,11.535194,-3.6909971,-1.5866505,-17.334555,-9.584426,-16.166643,-14.855472,-14.602276,3.8250751,19.925272,12.05869,-26.246546,-10.022434,-5.0030346,1.3069085,15.526591,14.413055,13.063663,-20.471209,14.4103775,21.704443,-1.0743065,-14.765676,-11.051591,-24.767199,13.778308,21.272104,-10.14416,-14.306729,-10.361446,-13.323537,-16.4629,-9.896789,6.682115,13.13797,-22.376137,-11.745814,-15.2179365,-25.832891,-2.5861712,21.249054,-15.156833,-2.6908362,-9.056042,-5.943313,7.9437165,-3.4094124,8.777085,16.28762,3.5915127,-9.754723,-5.36282,14.819568,9.786647,-12.135952,-8.830199,-27.445862,-13.418644,22.891638,-8.192019
P11574,-17.824648,20.980715,26.610329,-6.013632,13.699673,-3.6904237,-1.3554319,-19.525667,-11.694787,-19.197474,-17.051146,-16.246042,5.105372,21.71332,14.8228035,-30.65397,-8.654831,-4.857388,3.29951,16.788496,15.497361,12.3832855,-23.481924,14.039847,23.653353,-1.3875762,-15.007744,-12.293743,-28.670092,14.912181,23.55839,-9.190772,-14.306525,-12.60612,-13.337344,-18.79756,-13.401162,7.3779235,16.495234,-25.100365,-13.514865,-16.269773,-28.26008,-1.8223296,24.566782,-17.090836,-3.1145976,-10.5701065,-6.954254,8.105191,-3.304653,9.832105,19.245764,4.0449424,-10.3413,-6.100229,16.740213,13.312226,-13.0066595,-9.908964,-32.896038,-13.645028,26.056822,-9.235004
O14544,-12.767918,12.086388,17.719007,-2.8283005,6.751692,-2.7007382,0.3464729,-12.925351,-5.7793345,-12.866074,-10.217039,-9.210376,3.2641144,12.144897,9.5423155,-17.599312,-3.343713,-1.1377121,2.3308623,9.497119,9.013867,6.847712,-13.432793,5.9995875,13.8413,-1.01731,-7.2403083,-8.830459,-16.702744,9.199685,13.80845,-3.2436059,-7.166544,-8.670017,-6.760114,-13.178849,-8.00704,3.9395485,9.9850235,-15.242786,-8.222032,-8.338845,-15.432762,1.4627718,13.411422,-9.997847,-1.5116688,-7.3009796,-3.9140968,5.1469216,-1.378075,6.310215,11.50637,1.6405209,-5.4724565,-3.6827447,11.63338,9.696598,-9.214574,-6.049143,-19.616365,-6.4628005,15.60859,-7.3745236
P32189,-22.009964,29.862442,33.10619,-7.4674397,19.417986,-4.7645288,-2.351715,-25.503082,-15.665456,-25.503515,-22.656393,-23.11263,6.077663,30.877085,18.445242,-42.26408,-13.818779,-7.465982,3.1689384,22.323313,20.891375,18.77384,-32.86378,21.568853,32.877155,-1.485725,-21.276884,-16.371668,-37.096382,19.95149,32.04699,-14.875595,-21.536001,-16.15294,-20.479095,-24.390976,-16.056326,10.377578,21.470499,-34.087597,-17.926588,-22.99939,-39.985806,-3.5075824,33.886093,-23.093008,-3.2700205,-13.429526,-8.258066,11.599729,-5.1961675,13.137024,24.891626,5.8257537,-13.602112,-7.6950955,22.769613,15.323663,-18.670431,-13.710045,-43.19202,-20.804516,35.80791,-11.39475
P06744,-13.024974,18.760265,19.825397,-4.695613,11.848787,-3.1827347,-1.7958072,-15.902654,-9.676886,-15.393115,-14.227976,-14.424367,3.7258174,19.474754,11.145695,-26.067831,-9.360296,-5.100901,1.5955871,14.484111,13.56941,12.424894,-20.207355,14.0451565,20.914808,-0.89499223,-13.925409,-10.114785,-23.399517,12.514768,20.019499,-10.11199,-13.934728,-10.0008,-13.165523,-14.986212,-9.586162,6.525534,13.167086,-21.33353,-11.158799,-14.891924,-25.081951,-2.8769243,20.98951,-14.326337,-2.1696775,-8.197908,-5.500347,7.1280303,-3.1339452,8.394318,15.358251,3.5385666,-8.846481,-4.905166,13.767711,8.96709,-11.354603,-8.500819,-26.522882,-13.13199,22.201685,-7.167437
P01859,-25.585617,38.890648,38.57312,-8.657749,24.063839,-6.4725075,-3.7775578,-32.02944,-19.29653,-31.179638,-28.662888,-29.851053,6.7400646,40.437675,21.935326,-52.68204,-20.571743,-11.0453825,2.0994477,29.068623,27.489437,26.147453,-41.69991,30.41483,42.01568,-1.671778,-29.121048,-20.33136,-46.717484,25.929153,41.380424,-21.763878,-29.638203,-18.838814,-27.997847,-30.246666,-17.36212,13.435249,25.34582,-43.735054,-22.263834,-30.404928,-52.04421,-6.4689603,42.95887,-29.791607,-4.0302405,-16.318377,-10.280626,15.590525,-7.2348523,16.552807,30.651484,7.8026237,-18.06483,-9.468201,28.28201,16.64669,-23.820934,-17.08582,-52.847176,-28.739576,44.848915,-13.62423
Q9KKF0,-14.685152,15.901813,21.235258,-4.248408,9.645643,-3.1774828,-0.51417255,-15.692151,-8.266861,-15.330851,-13.180038,-12.190058,4.0226364,16.225513,11.715162,-23.075132,-5.829802,-2.915928,2.5940528,12.872437,11.929008,9.452213,-17.547007,9.577199,18.17886,-1.2201287,-10.800486,-10.236263,-21.90934,11.681642,17.952463,-6.044881,-10.315656,-10.298548,-9.637053,-15.470629,-10.298258,5.4281983,12.671117,-19.395823,-10.4998665,-11.911573,-20.939487,-0.1653336,18.056005,-12.996134,-2.288243,-8.617083,-5.370973,6.358399,-2.192665,7.8571243,14.778302,2.6527145,-7.682199,-4.783927,13.63051,11.031848,-10.69709,-7.6777563,-25.17412,-9.521795,20.024221,-8.204097
O75914,-19.032715,24.559196,28.349495,-6.0359864,15.527501,-4.191794,-1.5800464,-21.65147,-12.6852,-21.693428,-18.980282,-18.97305,5.227675,25.281483,15.639576,-34.80783,-10.691063,-5.6524305,2.8861976,18.498404,17.396053,15.2537985,-26.963856,16.930975,27.122839,-1.3466934,-17.084291,-14.01642,-31.013817,16.660828,26.461393,-11.521163,-17.285227,-13.893559,-16.377563,-21.039204,-13.451187,8.456417,18.046776,-28.509989,-14.970093,-18.630943,-32.52449,-2.1192536,27.715862,-19.127537,-2.7024913,-11.520638,-7.0103407,9.610818,-3.98803,11.141296,20.823925,4.4592113,-11.109928,-6.4829855,19.290936,13.554436,-15.72682,-11.337832,-36.043613,-16.446995,29.64299,-10.1296425
A5D8V6,-14.302295,15.143609,20.085093,-3.3557556,8.555073,-3.1899474,0.0032499689,-15.145021,-7.1118584,-14.978331,-12.334731,-11.56053,3.5702097,15.390544,10.930725,-21.39697,-5.370407,-2.2366786,2.1932938,11.769995,11.0714655,9.1581335,-16.638365,8.790419,16.959152,-1.1713253,-9.798521,-10.140146,-20.11579,11.264524,17.035906,-5.311839,-9.712974,-9.715882,-9.108434,-15.1971445,-8.864927,5.0368643,11.477217,-18.556885,-9.7939625,-10.71782,-19.561422,0.65458584,16.675657,-12.401901,-1.8300394,-8.382087,-4.58649,6.503024,-2.089149,7.36093,13.636896,2.395417,-6.9327154,-4.2517633,13.665284,10.415067,-10.996778,-7.2659154,-23.287756,-9.074751,18.830664,-8.113384
F1LQ48,-6.471874,4.1664157,8.98838,-1.9171543,2.5152817,-1.2400972,0.3073003,-5.875255,-2.5191104,-5.3049664,-4.495117,-3.1175873,2.0136797,4.055564,4.926459,-7.1198654,-0.19260007,0.08717062,1.7307755,4.562983,3.8716004,2.056399,-4.732376,0.81550103,5.989199,-0.73515147,-2.5669832,-3.9570436,-7.9298987,3.8337705,5.4708686,-0.058330804,-1.6269661,-4.599102,-1.4547244,-5.84605,-5.317764,1.4568778,4.928409,-5.923998,-3.8231928,-3.2246761,-5.465772,1.2186499,4.996324,-3.84157,-1.2996594,-3.5144567,-2.5589352,1.4531792,-0.020925185,2.924587,5.4535637,0.36679375,-2.5693326,-2.0974586,4.675097,5.5465226,-3.193302,-2.6309257,-9.035469,-0.90025187,6.571299,-4.099992
Q13064,-12.676209,17.636982,18.518112,-5.242344,12.279105,-2.5644858,-2.2181559,-15.304376,-9.92707,-13.430942,-12.832327,-13.19551,3.3507755,18.36208,11.163756,-24.598278,-10.863353,-5.2805476,1.1673524,14.683804,13.006032,12.016111,-19.122307,14.866385,20.81643,-0.52333736,-14.785958,-9.537269,-22.509775,12.632775,19.861988,-10.530392,-13.905892,-9.033126,-13.055208,-13.361311,-10.540914,6.2536488,11.90877,-19.359007,-11.048963,-14.916554,-24.97932,-3.8858767,20.38153,-13.571641,-3.129807,-7.9334207,-5.342075,7.127139,-3.896492,7.4045324,15.200783,4.139315,-9.992627,-5.0601764,12.957698,7.890524,-10.354292,-8.458814,-25.283014,-13.622358,21.374107,-6.5382857
O15389,-10.742242,8.223343,14.637052,-2.5136251,4.353923,-2.2760675,0.5370253,-10.255744,-4.0713654,-9.651944,-7.8798585,-6.147532,2.9020913,8.042824,8.020404,-12.580025,-1.4030081,-0.2751348,2.1872284,7.69223,6.853186,4.499557,-9.023048,2.8299294,10.338643,-1.1487089,-4.9802947,-6.9879265,-13.290615,7.1119084,10.123056,-1.1034493,-4.0390544,-7.200151,-3.687936,-10.502479,-7.4268146,2.7198594,7.8045554,-11.075496,-6.462997,-5.798879,-10.482768,1.8973179,9.134453,-7.3001475,-1.7413598,-5.9795303,-3.724879,3.470705,-0.59023494,4.960403,9.139825,0.8979981,-4.348869,-3.2521484,8.73717,8.615257,-6.5308795,-4.526921,-15.199895,-3.156676,11.540417,-6.646503
O95833,-18.327547,24.161509,27.720095,-6.5023837,15.962609,-3.8824196,-2.031234,-21.080145,-13.189731,-20.790312,-18.699705,-18.724623,5.191834,25.15119,15.538604,-34.602917,-11.1749525,-6.2206273,2.9535096,18.585077,17.323122,14.911983,-26.856817,17.518652,26.832506,-1.2271699,-17.585663,-13.289966,-31.130562,16.442375,26.441133,-11.960692,-17.383133,-13.316746,-16.3952,-19.930077,-13.763486,8.468555,17.84068,-27.941916,-14.817722,-18.934904,-32.688213,-3.1535156,27.97859,-19.056763,-3.0599089,-11.131973,-7.180753,9.283111,-4.144972,10.754563,20.802298,4.904794,-11.543807,-6.4540367,18.370298,13.047917,-14.718127,-11.143917,-35.87135,-16.85338,29.238564,-9.334718
O15055,-21.751493,28.390894,32.24373,-7.117622,18.213364,-4.722787,-2.1240084,-24.98149,-14.869824,-24.545744,-21.776667,-21.894613,5.838858,29.448133,18.148224,-40.10284,-13.219742,-7.0154324,3.0515683,21.621239,20.22503,17.783064,-31.357107,20.485907,31.31463,-1.4747472,-20.489328,-15.9786,-35.999172,19.567528,31.15148,-13.824554,-20.40977,-15.415326,-19.30514,-23.75873,-15.471515,9.8329735,20.319935,-32.789806,-17.273811,-21.893875,-38.249935,-3.1846201,32.336002,-22.438742,-3.4235065,-13.205533,-8.084065,11.339395,-4.9939547,12.555748,24.122168,5.759613,-13.442561,-7.4524865,22.083445,15.138306,-17.943644,-13.07563,-41.507717,-19.918013,34.186283,-11.279308
P07327,-17.003443,21.579351,24.98548,-5.1834064,13.3185005,-3.8361788,-1.3090776,-19.380892,-10.87629,-19.109112,-16.701399,-16.580465,4.5481877,22.192427,13.875323,-30.366432,-9.468413,-4.83793,2.3966024,16.456331,15.466823,13.613933,-23.555765,14.779941,23.985994,-1.208268,-15.062931,-12.647473,-27.30911,14.897157,23.437439,-10.011302,-15.170932,-12.29828,-14.377907,-18.773018,-11.719386,7.354744,15.661258,-25.110807,-13.233579,-16.368645,-28.562162,-1.6456305,24.108973,-16.87404,-2.4258633,-10.302743,-6.2109246,8.592979,-3.4612844,9.881308,18.29962,3.9132984,-9.916143,-5.7396894,17.237062,11.990089,-14.0980215,-10.00579,-31.55129,-14.414508,26.082602,-9.316993
P19221,-12.782544,16.107622,18.86801,-4.223071,10.06525,-2.9851925,-1.1744592,-14.678078,-8.423403,-14.073573,-12.728217,-12.354462,3.601176,16.688593,10.620313,-22.730547,-7.4597936,-3.9020364,1.7971845,12.825024,11.939522,10.297507,-17.582684,11.364516,18.164293,-1.0001897,-11.866258,-9.351796,-21.230574,11.358154,17.890156,-7.7391586,-11.445275,-9.208302,-10.73333,-13.96053,-9.226525,5.64542,11.820617,-18.93427,-10.017318,-12.609238,-21.629171,-1.7565271,18.247847,-12.838408,-2.247672,-7.793543,-5.131756,6.3536353,-2.624742,7.4789786,14.055153,3.0629826,-7.9545236,-4.5635805,12.571357,9.145144,-10.100337,-7.5445824,-23.980288,-10.779889,19.61148,-6.9853473
O61667,-9.769291,8.523968,13.645699,-2.452951,5.0036244,-1.9311392,0.29073375,-9.57678,-4.362951,-9.385789,-7.5352182,-6.494972,2.6740427,8.499827,7.355451,-13.000825,-1.8825682,-0.5851772,2.1087408,7.1501465,6.5743356,4.661536,-9.568932,3.6731443,10.346898,-0.832464,-5.03138,-6.5671835,-12.512684,6.6223946,9.9081,-1.8594818,-4.6911488,-6.853319,-4.4481716,-9.676467,-6.8339014,2.8070853,7.766232,-10.895773,-6.2185073,-6.050578,-10.957115,1.3403729,9.660408,-7.0913644,-1.3155005,-5.489761,-3.1918983,3.3903992,-0.7587607,4.7433195,8.670084,1.0716935,-4.0371275,-2.9042702,8.452183,7.68229,-6.498554,-4.529646,-14.784613,-3.9974265,11.568252,-5.7861066
P29055,-11.962885,14.453076,17.847717,-4.3457885,9.636359,-2.4696193,-1.146834,-13.344937,-8.098349,-12.7494135,-11.572876,-11.126213,3.4963868,14.9782505,10.072772,-21.136967,-6.399686,-3.4758964,2.1288152,11.807179,10.761495,8.898107,-16.069578,9.976428,16.774258,-0.8835913,-10.649771,-8.465406,-19.59013,10.210841,16.205433,-6.728307,-10.067717,-8.743677,-9.4770565,-12.501045,-9.479401,5.097289,11.28676,-16.948414,-9.363706,-11.558468,-19.69131,-1.5699203,16.856907,-11.540874,-2.2418518,-7.155431,-4.8582726,5.4364514,-2.2989464,6.7853727,13.124521,2.8665094,-7.331755,-4.277727,11.357696,8.757087,-8.879782,-6.980798,-22.438938,-9.514844,18.096308,-6.407454
G1FNI6,-12.623908,17.585663,18.456024,-5.228302,12.248737,-2.549705,-2.2177806,-15.253046,-9.9057255,-13.387746,-12.789637,-13.159171,3.336506,18.314478,11.124428,-24.532099,-10.831535,-5.271327,1.171793,14.635291,12.969347,11.973284,-19.073992,14.830372,20.752914,-0.51168376,-14.737972,-9.503185,-22.437584,12.587245,19.79802,-10.508195,-13.872996,-9.004968,-13.024086,-13.310541,-10.498954,6.230646,11.878107,-19.300365,-11.015496,-14.877852,-24.907434,-3.8850596,20.333069,-13.527236,-3.113173,-7.9029026,-5.321074,7.09897,-3.879905,7.3805084,15.150595,4.1289167,-9.960344,-5.0363493,12.913574,7.8571644,-10.316226,-8.427889,-25.204853,-13.595209,21.305313,-6.507239
Q13596,-12.60765,13.1930685,17.840752,-3.6106472,8.002482,-2.7036965,-0.3835865,-13.358487,-6.8011813,-12.694181,-10.919732,-10.009665,3.385099,13.420181,9.984318,-19.104492,-5.0666366,-2.2849088,2.0584145,10.955175,10.012259,8.032718,-14.500087,7.971956,15.434704,-1.0481867,-9.181588,-8.793409,-18.33806,9.976627,15.179472,-4.9475465,-8.5544,-8.693398,-8.017109,-12.997986,-8.924148,4.5150743,10.433795,-16.045446,-8.876133,-9.975012,-17.556265,-0.0198186,14.89385,-10.83375,-2.1143568,-7.372535,-4.553178,5.418224,-1.9169493,6.564401,12.437397,2.2782347,-6.6798496,-4.138887,11.573331,9.306238,-9.087581,-6.566049,-20.998022,-7.8832374,16.854517,-7.16953
P19447,-18.281656,23.159887,26.985447,-5.952576,14.900887,-3.9350634,-1.6080033,-20.693438,-12.232193,-20.31126,-17.942533,-17.842472,4.9849906,23.966507,15.131603,-32.902706,-10.563348,-5.502416,2.6899495,17.795969,16.593311,14.405832,-25.606646,16.406246,25.765749,-1.2800109,-16.663643,-13.258659,-29.771116,16.081326,25.5288,-10.987384,-16.450748,-12.95867,-15.5390625,-19.753237,-13.149095,8.065684,16.918829,-26.927189,-14.272482,-17.832098,-31.17376,-2.347908,26.45071,-18.353144,-2.9421062,-11.032149,-6.7961063,9.231641,-4.0070276,10.406314,20.005594,4.577276,-11.056777,-6.2752676,18.216215,12.899896,-14.705094,-10.81663,-34.339012,-15.892597,28.151789,-9.531006
F8WQK8,-13.204231,16.729042,19.084093,-3.9328976,9.826619,-3.2897148,-1.0464028,-15.341827,-8.072783,-14.590114,-13.058395,-12.703224,3.51291,17.144728,10.748863,-23.05551,-7.759899,-3.8035784,1.4579228,13.268245,12.369587,11.123168,-17.82261,11.551068,18.886557,-1.0721964,-12.099973,-10.039228,-21.42611,11.875004,18.34381,-7.9724197,-11.858556,-9.557034,-11.17822,-14.788806,-8.931286,5.714079,11.796939,-19.52841,-10.303555,-12.865365,-22.094942,-1.3465966,18.22835,-13.118459,-2.110808,-8.112384,-5.123472,6.7914853,-2.65627,7.841528,14.170878,2.9320905,-8.035656,-4.658962,13.372771,9.187143,-11.012679,-7.803225,-24.16274,-11.001732,20.172941,-7.701023
P15151,-14.061796,16.09462,20.387531,-4.2291427,9.862698,-3.1160476,-0.75529176,-15.41306,-8.326921,-14.9196415,-13.026173,-12.309989,3.8474069,16.485472,11.344776,-23.044966,-6.571575,-3.2736344,2.2406895,12.931375,11.980217,9.90343,-17.640253,10.356922,18.346851,-1.1253006,-11.288614,-10.012192,-21.672132,11.6577835,18.034113,-6.761763,-10.849329,-9.941035,-10.167301,-14.996622,-9.93111,5.5343947,12.3546715,-19.284657,-10.3875,-12.244667,-21.34997,-0.73303163,18.184433,-12.973019,-2.2786608,-8.365078,-5.255392,6.447138,-2.413962,7.745621,14.557125,2.8166947,-7.841587,-4.729509,13.377718,10.307196,-10.625561,-7.705594,-24.786963,-10.096223,20.007343,-7.827442
P07998,-21.59031,35.182858,33.622116,-8.340641,22.516298,-5.4744844,-3.9747033,-27.76257,-17.848541,-27.240503,-25.69498,-27.116333,6.1294317,36.49612,19.042648,-48.10462,-18.789534,-10.538527,1.9057155,26.311647,24.600342,23.975752,-37.492134,27.815731,38.477554,-1.4586089,-26.46853,-17.572603,-41.638306,22.547668,36.486515,-20.610502,-27.027327,-17.079039,-25.695763,-26.017239,-16.13787,12.28432,23.308575,-38.7715,-20.005234,-28.048801,-47.065098,-6.6779566,38.86513,-26.169476,-3.483349,-13.964226,-9.388973,13.29277,-6.4192696,14.950491,27.234722,6.890252,-15.965347,-8.565407,24.487911,14.030611,-20.768524,-15.498444,-47.460007,-25.803875,40.58574,-11.645072
O60504,-21.070585,29.447275,31.878822,-7.299886,19.39826,-4.5258956,-2.3992026,-24.603521,-15.5730715,-24.813232,-21.936487,-22.713882,5.8752174,30.301125,17.612436,-41.42504,-14.152303,-7.397122,2.926808,21.741722,20.329622,18.616064,-32.167118,21.704481,32.4559,-1.2529579,-21.071878,-15.778293,-35.952225,19.33196,31.046068,-15.259735,-21.57669,-15.78788,-20.463808,-23.693192,-15.579038,10.2800045,21.083261,-33.277023,-17.502771,-22.65151,-39.243977,-3.8001435,33.353626,-22.236502,-3.1527154,-12.965541,-7.8917003,11.397803,-5.318332,12.813083,24.287638,5.410541,-13.275731,-7.577488,22.089472,14.503197,-18.18027,-13.5007715,-42.04623,-20.5615,35.050926,-10.745885
P38936,-12.883798,15.756016,18.982304,-4.117506,9.915775,-2.8497076,-0.9997545,-14.523525,-8.2972145,-14.114884,-12.457971,-12.120944,3.5748808,16.325037,10.584864,-22.47726,-6.8943944,-3.565517,2.0411677,12.35644,11.586078,9.768953,-17.4058,10.792707,17.739613,-0.9103133,-11.239543,-9.336046,-20.740324,11.079895,17.496742,-7.197355,-11.022518,-9.2475195,-10.371927,-13.889345,-9.179613,5.4456534,11.818775,-18.611292,-9.88738,-12.165239,-21.094154,-1.3550918,17.995918,-12.5645895,-2.0727906,-7.763722,-4.896139,6.202624,-2.4734511,7.344913,13.847957,2.9622574,-7.618068,-4.3923693,12.600877,9.3031845,-10.078368,-7.410986,-23.72682,-10.459684,19.313244,-6.9576077
P16687,-10.710301,13.83506,15.405345,-3.4434288,8.698594,-2.434137,-0.9989414,-12.410529,-6.8754373,-11.7270775,-10.460597,-10.538749,2.8575156,14.278836,8.783695,-19.360376,-6.6956153,-3.1661518,1.2160388,10.749385,9.959771,9.24818,-15.028267,9.904365,15.857277,-0.7443516,-10.081617,-8.2240305,-17.236265,9.6178255,15.217305,-6.772459,-9.975511,-7.811749,-9.598889,-11.553165,-7.6955605,4.7620263,9.707997,-15.707957,-8.488415,-10.816518,-18.691261,-1.3104724,15.302909,-10.688294,-1.6928092,-6.539198,-3.9610786,5.535093,-2.3705351,6.2844176,11.539187,2.7493613,-6.661736,-3.763663,11.018018,7.20076,-9.162942,-6.6613526,-19.858559,-9.51196,16.938198,-6.082626
A0A0B5LB55,-12.542472,10.7570915,17.045267,-2.5963142,5.490434,-2.8493247,0.5419345,-12.486755,-5.013013,-11.993541,-9.672434,-8.084874,3.1989934,10.733815,9.304813,-15.560955,-2.7545152,-0.79314065,2.149036,9.175988,8.573311,6.128553,-11.7788925,4.8451223,12.545017,-1.2111157,-6.68563,-8.429673,-16.092764,8.907856,12.915722,-2.3333921,-6.0262003,-8.148579,-5.5054913,-12.821049,-7.69336,3.544853,9.07283,-14.196301,-7.68159,-7.3969235,-13.686655,1.7262659,11.807379,-9.407755,-1.822388,-7.142103,-4.103031,4.8347254,-1.1247426,5.962702,10.959702,1.36147,-5.386176,-3.6920917,10.833088,9.713932,-8.384581,-5.4906583,-18.251156,-5.2111497,14.156034,-7.4711757
P42566,-12.120137,10.730475,17.043114,-3.1157942,6.29701,-2.4104881,0.28115717,-11.918144,-5.518631,-11.698777,-9.527751,-8.178876,3.309993,10.658104,9.228985,-16.33123,-2.4175918,-0.92062193,2.588199,9.105575,8.274484,5.8726373,-11.954774,4.6962156,12.9410715,-1.1001049,-6.4395804,-8.098628,-15.805013,8.356797,12.423168,-2.463596,-5.917791,-8.468762,-5.565885,-12.108462,-8.581883,3.5458858,9.706857,-13.679226,-7.8214517,-7.655876,-13.782215,1.5398107,12.130755,-8.964184,-1.7048897,-6.8179297,-4.0766854,4.260861,-1.0079162,5.9155846,10.927173,1.3729467,-5.1041036,-3.6605108,10.48239,9.545468,-8.0265045,-5.612568,-18.59954,-5.0695424,14.451682,-7.1587405
P39099,-7.58096,8.720028,11.070084,-2.846544,5.9928036,-1.5226873,-0.71859115,-8.374582,-5.079477,-7.64549,-6.978153,-6.6270475,2.254623,9.08482,6.3317585,-12.811474,-4.223577,-2.0226305,1.3211993,7.4114738,6.6936755,5.4694905,-9.744312,6.225544,10.530925,-0.48033068,-6.7677565,-5.3013086,-12.1907015,6.3695707,10.082056,-4.1465154,-6.1874166,-5.493729,-5.8006644,-7.6082067,-6.2107754,3.1371784,6.9225683,-10.257179,-5.82455,-7.1856794,-12.138108,-1.08829,10.342374,-6.9848914,-1.6435158,-4.5328593,-3.1172504,3.325291,-1.4660773,4.1660037,8.209334,1.7802658,-4.8448286,-2.794235,6.9469633,5.494219,-5.3345194,-4.4211373,-13.80261,-5.7680955,11.178898,-4.0685034
O15151,-17.73256,24.184109,26.434784,-6.170515,15.350817,-4.1376085,-2.1417484,-20.990461,-12.482748,-20.1578,-18.510351,-18.55033,4.8894587,25.020775,15.050034,-33.804863,-11.890077,-6.385192,2.1282008,18.923306,17.477165,15.865017,-26.188293,17.843826,27.07209,-1.3456271,-18.019691,-13.396213,-30.590054,16.622047,26.338722,-12.499834,-17.66254,-12.981601,-16.705532,-19.763893,-13.063696,8.43722,16.98185,-27.605562,-14.654919,-19.08974,-32.598503,-3.2806847,27.109545,-18.86106,-3.0773091,-10.956401,-7.1817036,9.482539,-4.2411003,10.778423,20.263922,4.8318486,-11.679665,-6.4999423,18.275373,12.166307,-14.9764,-11.141674,-34.797306,-16.905428,28.98475,-9.646439
O53664,-14.037325,18.156898,20.600952,-4.0569043,10.867964,-3.2959838,-1.0343919,-16.267544,-8.853523,-16.081665,-13.907661,-13.927534,3.687634,18.685474,11.339223,-25.247902,-7.9630938,-3.9562986,1.8901606,13.619225,13.016232,11.590752,-19.695892,12.398011,20.063938,-0.898536,-12.446731,-10.727909,-22.54502,12.398735,19.487816,-8.488174,-12.86752,-10.328741,-12.212828,-15.836712,-9.188913,6.0756407,12.980148,-21.121185,-10.979212,-13.64978,-23.776361,-1.2580235,20.037922,-14.011734,-1.7764933,-8.586887,-5.0281672,7.2425003,-2.771015,8.359582,15.039687,3.1107912,-8.119865,-4.659304,14.558022,9.81966,-12.04071,-8.314153,-26.018661,-12.133852,21.713211,-7.886939
P0A937,-8.390167,7.7176604,11.833516,-2.8097503,4.9946437,-1.6635413,-0.2844773,-8.557344,-4.4341173,-7.6094756,-6.8146076,-5.7604156,2.4352062,7.787006,6.754161,-11.764053,-2.8454611,-1.2339559,1.643304,7.3454103,6.352296,4.6508617,-8.498279,4.3124156,9.954551,-0.7474582,-5.740248,-5.5724945,-11.978524,6.2690268,9.343433,-2.6290972,-4.733061,-5.9168878,-4.3718915,-8.081497,-6.8616056,2.7142816,6.8644047,-9.579574,-5.8191547,-6.2650137,-10.560705,0.056169778,9.010349,-6.482524,-1.8393946,-4.817595,-3.3966022,2.9758754,-0.9928694,4.189159,8.1648655,1.3147465,-4.559834,-2.9525557,7.003878,6.4352303,-5.1639028,-4.1989713,-13.517551,-4.0796638,10.558915,-4.9674935
O88622,-19.72047,25.09479,29.609573,-6.9394145,16.8617,-3.9175975,-1.9634314,-22.15799,-13.837699,-21.922972,-19.472282,-19.464193,5.529255,26.05306,16.604036,-36.39957,-11.173661,-6.165293,3.3898087,19.303041,17.856874,15.206822,-28.12892,17.774302,28.09636,-1.3080683,-17.990788,-14.096824,-32.44608,17.171988,27.611374,-11.914582,-17.74943,-14.1962,-16.834837,-20.934862,-15.040896,8.767509,18.884531,-28.995981,-15.637447,-19.571066,-34.06885,-2.8055856,29.22402,-19.851467,-3.2143743,-11.806294,-7.426822,9.6381035,-4.303725,11.194606,21.899567,5.1808496,-11.955249,-6.7727427,19.510468,14.088516,-15.5638,-11.775695,-37.831158,-17.335793,30.779518,-9.99611
P63208,-10.725284,11.441861,15.528909,-3.3952138,7.2949142,-2.2183924,-0.47612426,-11.376971,-6.2193995,-10.916732,-9.523416,-8.775847,3.0655212,11.733841,8.641591,-16.923529,-4.29923,-2.1254487,2.0162237,9.480338,8.668348,6.8289175,-12.763379,6.9729424,13.463549,-0.88119596,-7.9798803,-7.406962,-16.053108,8.41959,13.093957,-4.3948236,-7.4267855,-7.62984,-6.9914637,-10.943374,-8.060427,3.9841237,9.377523,-13.873802,-7.7115936,-8.829192,-15.350258,-0.28310984,13.223456,-9.348943,-1.8392229,-6.262975,-4.04823,4.4326887,-1.5875679,5.706125,10.847741,2.0397816,-5.7608223,-3.5972092,9.756617,8.088515,-7.575544,-5.724465,-18.480227,-6.8335524,14.735792,-5.9775386
O00212,-11.906189,13.261048,17.410706,-3.7954156,8.6641245,-2.3414543,-0.57685995,-12.67124,-7.214737,-12.49754,-10.702151,-10.2109375,3.3785777,13.553784,9.570607,-19.606495,-5.0034223,-2.4588606,2.2967262,10.507627,9.667586,7.830096,-14.825387,8.2161665,15.414193,-0.8567184,-8.979937,-8.321684,-17.842968,9.374179,14.7353115,-5.2876816,-8.734656,-8.651488,-8.297174,-12.281198,-8.980315,4.5754356,10.777616,-15.766353,-8.739355,-10.093175,-17.670757,-0.37120655,15.313392,-10.506993,-1.8289961,-6.960204,-4.2842298,5.0665345,-1.9112977,6.4269223,12.192014,2.28871,-6.2943177,-3.944191,11.15919,8.873863,-8.78055,-6.56149,-20.968414,-8.096495,16.891981,-6.483741
O00499,-11.950449,12.550697,17.237402,-3.7563074,7.858569,-2.5253367,-0.5266393,-12.674518,-6.7981877,-12.007927,-10.577201,-9.574511,3.3762906,12.82408,9.658799,-18.480938,-4.762872,-2.383091,2.172517,10.677253,9.673004,7.5297995,-13.877735,7.6119895,14.827629,-1.0357331,-8.905968,-8.197897,-17.921947,9.452917,14.491564,-4.803062,-8.110157,-8.392704,-7.5562367,-12.236624,-8.951995,4.364107,10.261456,-15.328692,-8.565334,-9.72705,-16.82614,-0.3107312,14.442554,-10.371499,-2.1754894,-6.9846153,-4.619922,4.9342747,-1.7521657,6.311027,12.079812,2.2167933,-6.5051026,-4.0499783,10.75053,9.024957,-8.277704,-6.253769,-20.414328,-7.420184,16.151737,-6.7356143
P02091,-12.42214,14.31633,17.636871,-3.023383,7.9210243,-3.0707097,-0.2884487,-13.765166,-6.5922647,-13.571232,-11.436457,-10.882225,3.2438102,14.503639,9.578901,-19.78819,-5.5981874,-2.4289138,1.6288961,11.008733,10.518191,9.109284,-15.296702,8.771821,15.983192,-1.0129652,-9.46917,-9.2343445,-18.47044,10.251142,15.61455,-5.7628045,-9.566572,-8.871876,-9.0019,-13.85693,-7.662928,4.786181,10.562678,-17.25752,-8.93044,-10.35134,-18.311909,0.05845979,15.406881,-11.278564,-1.5664444,-7.471896,-4.309311,5.961917,-1.9642941,7.0302024,12.361986,2.0166721,-6.4133844,-4.025239,12.256098,9.00089,-10.080661,-6.745376,-21.133068,-8.5982,17.438297,-7.324077
Q8WWY3,-12.22352,13.986364,17.599895,-3.7010736,8.631443,-2.6863759,-0.673967,-13.41772,-7.2194147,-12.857624,-11.217213,-10.65788,3.329223,14.32332,9.835903,-20.000584,-5.882585,-2.803382,1.8833104,11.267008,10.406501,8.724247,-15.311429,9.099152,16.109472,-0.93590444,-9.888728,-8.771579,-18.720041,10.145902,15.699602,-5.955352,-9.500337,-8.671633,-8.942322,-12.943036,-8.704424,4.8083143,10.674992,-16.643175,-9.046304,-10.704721,-18.636108,-0.6589864,15.76767,-11.192953,-2.0089722,-7.279179,-4.5299067,5.6194415,-2.141194,6.721423,12.609866,2.4731193,-6.8905063,-4.1353555,11.668851,8.852544,-9.304773,-6.7815285,-21.44237,-8.830733,17.46044,-6.857282
P08244,-14.997001,18.120443,21.72432,-4.704962,11.582512,-3.225686,-1.0773242,-16.65639,-9.480606,-16.165928,-14.183429,-13.92101,4.070307,18.73273,12.2335415,-25.821606,-8.125127,-4.016332,2.158977,14.0787945,13.081131,11.316925,-20.09143,12.558116,20.382694,-1.1275332,-13.036842,-10.775013,-23.611004,12.85165,20.314724,-8.196444,-12.664871,-10.428562,-12.006062,-15.8470955,-10.719856,6.345805,13.333902,-21.223806,-11.325335,-13.897934,-24.489262,-1.4587147,20.645973,-14.537493,-2.4581354,-8.965759,-5.449008,7.3563995,-3.1296024,8.274687,15.909072,3.6281033,-8.815245,-5.0861483,14.648118,10.608898,-11.819503,-8.678328,-27.21501,-12.212103,22.358303,-7.9405737
P44324,-6.388003,3.9135368,8.996807,-2.09559,2.6244166,-1.0718014,0.2847876,-5.6133904,-2.5429146,-5.093092,-4.3286705,-2.9434092,2.0618918,3.7167144,4.9153466,-7.140734,0.1934425,0.20489042,1.9260519,4.4711456,3.6246817,1.8081524,-4.495639,0.37456313,6.0064473,-0.73585117,-2.24099,-3.8554277,-7.62951,3.5506763,5.0661526,0.18389513,-1.2828363,-4.7634974,-1.2042851,-5.5626235,-5.761089,1.3562921,5.0907774,-5.475364,-3.8376997,-3.118164,-5.149809,1.3741702,4.778211,-3.501322,-1.2724248,-3.3981812,-2.5556533,1.1439337,0.107637405,2.8726358,5.346139,0.2866799,-2.3703444,-2.0943313,4.5146837,5.5678444,-3.0188599,-2.6307166,-8.98378,-0.50763166,6.5187035,-4.128866
P09616,-14.194763,17.392517,20.356901,-4.305696,10.964972,-3.0481133,-1.0899758,-16.057411,-9.04282,-15.296854,-13.263279,-13.192978,3.6251729,17.983032,11.523228,-24.298367,-8.4941,-3.9018106,1.8225577,13.540027,12.659139,10.981241,-19.12185,12.599501,19.585571,-0.77105826,-12.763898,-10.371353,-22.360363,12.495886,19.480476,-8.328179,-12.599568,-9.771861,-11.8179,-15.21678,-9.713823,5.956426,12.379652,-20.272331,-10.840155,-13.375948,-23.498941,-1.6704954,19.769962,-13.77552,-2.3867168,-8.594715,-5.013707,7.3000383,-3.1696231,7.8028584,15.1443615,3.3995557,-8.730437,-4.7823715,14.108555,9.709911,-11.364462,-8.207168,-25.564283,-12.181217,21.119858,-7.4878197
O70624,-16.908625,18.925627,23.779211,-3.7996788,10.546092,-3.9138894,-0.12458624,-18.339214,-8.675077,-18.262333,-15.055496,-14.464131,4.076149,19.341755,12.944498,-26.172333,-7.3071914,-3.1269672,2.2668223,14.281789,13.620633,11.651935,-20.716345,11.692897,20.634834,-1.3247498,-12.423462,-12.202988,-24.397636,13.879107,21.08795,-7.2321005,-12.586809,-11.340739,-11.77672,-18.410263,-9.886744,6.2907395,13.608231,-22.985031,-11.794394,-13.31694,-24.43204,0.31488854,20.705948,-15.429098,-2.0550349,-10.042266,-5.3163023,8.302282,-2.8344147,8.86485,16.445374,3.1201224,-8.520395,-4.984969,16.677471,12.013922,-13.605792,-8.80173,-28.107563,-11.991353,22.940228,-9.410943
O73790,-10.532431,13.809235,15.560681,-3.6582534,8.8909025,-2.3699381,-1.1485764,-12.288925,-7.2347546,-11.690835,-10.595769,-10.591074,2.9575279,14.363112,8.823921,-19.535648,-6.6759434,-3.411356,1.439012,10.830401,10.072637,8.997829,-15.142383,10.042519,15.742766,-0.7063772,-10.208451,-7.9292703,-17.649525,9.519383,15.20946,-6.9240756,-10.021679,-7.7787557,-9.538079,-11.408048,-7.835209,4.8117437,9.974795,-15.840733,-8.502639,-10.960227,-18.72884,-1.7032,15.650322,-10.762542,-1.7951531,-6.4550166,-4.1573563,5.3511524,-2.3145225,6.281555,11.729141,2.7710707,-6.7624297,-3.7827928,10.667483,7.30071,-8.6932335,-6.544601,-20.168577,-9.552543,16.849623,-5.7748833
P14069,-17.39194,23.040007,25.448858,-5.2784314,13.440004,-4.4768033,-1.6375482,-20.646091,-11.152539,-19.707672,-17.822346,-17.437159,4.5980153,23.52597,14.310171,-31.313726,-11.200283,-5.630568,1.7068691,18.283972,17.012608,15.414953,-24.20859,16.416826,25.732922,-1.3730354,-16.946346,-13.319,-29.27317,16.23846,24.88349,-11.644652,-16.680225,-12.6936455,-15.542468,-20.119682,-11.675132,7.8710747,15.927605,-26.777746,-14.00246,-17.757084,-30.22485,-2.4145603,24.99573,-17.867453,-2.9116192,-10.845827,-7.0038147,9.381594,-3.8143659,10.635156,19.315735,3.8421824,-11.075577,-6.3456936,17.897259,11.992088,-14.728007,-10.453603,-32.73824,-15.365396,27.230534,-10.064414
A7KAX9,-19.653528,24.097523,27.723907,-4.793296,13.974774,-4.5318465,-0.7832111,-22.125566,-11.110471,-21.771229,-18.310497,-18.372225,4.582174,24.768248,15.383064,-32.848194,-10.844187,-4.8022814,2.0841048,17.90392,16.954723,15.457392,-26.26101,16.506418,26.183132,-1.3637781,-16.60706,-14.657101,-29.712658,17.259417,26.550495,-10.698044,-16.977673,-13.225303,-16.01973,-21.660694,-11.691612,8.062314,16.2484,-28.240185,-14.528816,-17.436419,-31.662458,-0.9438768,26.318417,-19.21408,-2.5067616,-11.882269,-6.196629,10.580327,-4.174023,10.645996,20.024834,4.4802237,-10.99251,-6.0022645,20.30774,13.181551,-16.863758,-11.07238,-34.27787,-16.586388,28.688936,-10.709128
O95835,-14.147284,17.520607,20.483727,-3.9997127,10.485688,-3.2995284,-0.8639418,-16.050661,-8.583449,-15.76954,-13.60504,-13.416375,3.724671,18.006716,11.328894,-24.433968,-7.616143,-3.6655388,1.8793395,13.310499,12.640069,11.129354,-19.064846,11.813258,19.440323,-1.0102463,-12.1178055,-10.56277,-22.2031,12.240372,19.139015,-7.8921213,-12.248051,-10.110768,-11.596367,-15.640917,-9.294926,5.944225,12.627247,-20.58557,-10.728741,-13.11702,-23.05174,-1.014197,19.394175,-13.762483,-1.9417801,-8.571001,-5.0254965,7.1411057,-2.751909,8.133489,14.858627,3.0588102,-8.04401,-4.6895423,14.284943,9.975264,-11.737654,-8.162527,-25.536102,-11.547296,21.183779,-7.8806424
P62081,-13.808884,15.403223,19.895199,-3.922428,9.277949,-3.0661383,-0.54376584,-14.9742565,-7.8731465,-14.611226,-12.551663,-11.798132,3.7364929,15.782395,10.994405,-22.056898,-6.0071125,-2.9134681,2.249394,12.247176,11.463981,9.337243,-16.964266,9.643627,17.432396,-1.100962,-10.570533,-9.776062,-20.815975,11.221908,17.335478,-6.1406755,-10.234263,-9.642951,-9.585491,-14.690587,-9.428471,5.26638,11.901027,-18.660612,-9.950881,-11.524024,-20.319874,-0.37547746,17.396109,-12.519307,-2.11081,-8.171617,-4.9887257,6.25627,-2.235798,7.479712,13.999814,2.6351633,-7.405093,-4.5052776,13.059385,10.200352,-10.373942,-7.3767934,-23.852783,-9.53032,19.184011,-7.671103
O46043,-18.960884,24.688486,28.30102,-6.3354583,16.158148,-3.9426408,-1.8397007,-21.627682,-13.16125,-21.46378,-18.887835,-19.110142,5.172555,25.641153,15.815237,-35.245224,-11.220568,-5.9896016,2.959894,18.602734,17.45152,15.212303,-27.497334,17.665081,27.311558,-1.1831598,-17.55638,-13.871861,-31.214817,16.783154,26.951477,-11.895449,-17.67268,-13.635321,-16.783718,-20.534985,-13.749825,8.538232,18.033674,-28.453924,-15.0698805,-19.031847,-33.2802,-2.6894598,28.374125,-19.379284,-2.8596425,-11.455467,-6.941574,9.670063,-4.2517858,10.928527,21.009995,4.9865093,-11.513626,-6.426496,19.221445,13.310979,-15.570908,-11.437274,-36.340633,-17.26135,29.891968,-9.710602
P01258,-19.207127,27.385372,28.663471,-6.7590303,17.402523,-4.540261,-2.6672504,-23.326326,-14.097707,-22.21856,-20.50682,-20.94115,5.1403356,28.457996,16.4642,-37.75712,-14.383642,-7.6173387,1.9535487,21.230337,19.711742,18.204473,-29.586426,21.155737,30.387272,-1.258023,-20.826244,-14.779262,-34.026512,18.754505,29.764471,-14.936493,-20.609688,-13.963133,-19.44099,-21.735712,-13.872755,9.518941,18.517384,-30.958136,-16.295673,-21.748974,-37.099228,-4.415754,30.698889,-21.233915,-3.4175117,-12.0384655,-7.7813406,10.921564,-5.100933,11.861805,22.499994,5.664939,-13.387993,-7.1137915,20.318176,12.733667,-16.75484,-12.410419,-38.492012,-19.971172,32.323708,-10.248212
O14879,-13.298351,14.706312,18.775675,-3.4887044,8.850195,-2.8312519,-0.37707478,-14.34898,-7.359787,-13.990539,-11.615038,-11.184265,3.3761318,15.049236,10.372079,-20.84473,-5.968993,-2.5185676,2.0205104,11.356378,10.737099,8.913031,-16.258896,9.367627,16.604794,-0.8432069,-9.943087,-9.528261,-19.27815,10.744237,16.541714,-5.8426385,-9.928867,-9.107449,-9.355102,-14.045743,-8.654116,4.9258375,11.064859,-17.650774,-9.43091,-10.803778,-19.417166,-0.13892281,16.53914,-11.802849,-1.8629577,-7.854177,-4.3350186,6.2205534,-2.292993,6.986902,13.163036,2.527194,-7.013339,-4.1497073,12.809362,9.512486,-10.288933,-7.0900908,-22.357187,-9.4043255,18.256136,-7.2981853
I1WVY3,-14.136543,21.581352,22.080423,-5.1274943,13.3860445,-3.614956,-2.1357741,-17.772514,-10.973582,-17.592161,-16.251144,-16.654871,4.0993276,22.368765,12.192429,-29.768793,-10.587275,-6.010759,1.7848943,16.31552,15.491231,14.276959,-23.04529,16.113983,23.698149,-0.9062493,-15.667285,-11.287614,-26.360535,13.94106,22.371712,-11.917701,-16.139174,-11.346021,-15.213246,-17.03166,-10.172647,7.4022903,15.093692,-24.470922,-12.56976,-17.004578,-28.382044,-3.4263973,23.947235,-16.144737,-2.0881271,-9.046081,-6.128802,7.982805,-3.3914158,9.653072,17.178078,3.7437992,-9.669472,-5.372301,15.466904,9.799233,-12.863307,-9.466434,-29.91477,-15.034671,25.051977,-7.880709
P42858,-14.536517,15.898081,20.601673,-3.7451973,9.258735,-3.251896,-0.32894927,-15.657255,-7.7779536,-15.303302,-12.875239,-12.127527,3.742358,16.227747,11.352548,-22.515781,-6.089219,-2.728617,2.2083297,12.485776,11.744501,9.683936,-17.450665,9.744141,17.87982,-1.1394829,-10.679351,-10.361696,-21.204441,11.722936,17.914318,-6.0701394,-10.479497,-9.960352,-9.828876,-15.49276,-9.390254,5.346698,12.037928,-19.312984,-10.238939,-11.613281,-20.806093,0.055322256,17.697023,-12.948134,-2.0513425,-8.579656,-4.9364214,6.6909156,-2.3124235,7.697093,14.324697,2.6535137,-7.5174856,-4.552108,13.878015,10.585211,-11.130068,-7.6067667,-24.378214,-9.810597,19.732626,-8.167058
Q5JFG7,-10.022656,10.547278,14.366382,-3.197796,6.4115767,-2.29642,-0.51743513,-10.818935,-5.6708207,-9.925015,-8.98498,-7.9555974,2.8758357,10.770763,8.1324,-15.260704,-4.392834,-2.1271436,1.6265897,9.343569,8.413391,6.607324,-11.425553,6.61125,12.631775,-0.92582417,-7.8906093,-6.9134135,-15.41256,8.150083,12.319077,-4.293735,-6.9527493,-7.0378647,-6.37804,-10.391633,-7.5163627,3.7229335,8.493068,-12.979848,-7.2386146,-8.351306,-14.164475,-0.51324373,12.015504,-8.763199,-2.0718825,-5.9422283,-4.154642,4.2075734,-1.50152,5.399944,10.266324,1.7945317,-5.7984505,-3.5839946,8.901345,7.5508485,-6.8102202,-5.2665114,-17.097656,-6.176199,13.518619,-5.809994
P01583,-22.879482,33.032265,34.07949,-7.4768267,20.41512,-5.549406,-2.9015498,-27.898602,-16.418102,-27.101929,-24.496239,-25.253468,5.9447026,34.14904,19.28918,-45.05532,-16.947557,-8.815517,2.17259,24.922636,23.434944,21.9418,-35.432045,25.105091,36.139595,-1.4287167,-24.375378,-17.902021,-40.058693,22.31908,35.267445,-17.806747,-24.778366,-16.764448,-23.398235,-26.540548,-15.594129,11.305464,22.0498,-37.336456,-19.337938,-25.642223,-44.05255,-4.705685,36.486004,-25.275326,-3.5471427,-14.393089,-8.861311,13.304926,-6.010333,14.301079,26.544392,6.369499,-15.409348,-8.262197,24.743496,15.085362,-20.668352,-14.745209,-45.60537,-23.85594,38.532093,-12.360584
P20783,-14.723431,19.88175,22.005262,-5.3386836,12.873584,-3.3919556,-1.8346181,-17.329746,-10.528933,-16.53608,-15.324612,-15.262835,4.1928205,20.62202,12.558762,-28.00138,-9.877361,-5.3135424,1.8701005,15.746387,14.470022,13.013166,-21.629738,14.770632,22.45495,-1.1432796,-15.045158,-10.9722395,-25.546091,13.7086315,21.824493,-10.326664,-14.525307,-10.796898,-13.720053,-16.178787,-11.225177,7.0411596,14.188581,-22.745842,-12.151119,-15.873429,-26.996128,-2.8988078,22.520996,-15.578285,-2.7425537,-9.077442,-6.1190796,7.713028,-3.5193608,8.907375,16.915262,4.0452003,-9.826593,-5.505789,14.9100685,10.207493,-12.112139,-9.27807,-28.977898,-13.853134,24.030546,-7.919442
P04279,-20.68333,26.700077,30.386957,-6.2634125,16.017803,-5.0135946,-1.7817101,-24.018774,-13.32567,-23.34737,-20.840878,-20.43973,5.491976,27.524185,17.04541,-36.934757,-12.367786,-6.461362,2.5045004,20.764446,19.507488,17.151379,-28.826632,18.853289,29.36045,-1.6173857,-19.318703,-15.384468,-34.27846,18.788685,29.27509,-12.879153,-19.066328,-14.641539,-17.830412,-23.294014,-13.864595,9.181239,18.822678,-31.329525,-16.234001,-20.402977,-35.371696,-2.6385927,29.675104,-21.212994,-3.299798,-12.690905,-7.9804955,10.88421,-4.4481773,12.17387,22.69143,4.9163074,-12.715751,-7.1898923,20.93861,14.52254,-17.074871,-12.120264,-38.72335,-18.108446,31.811392,-11.340028
P13716,-11.473648,13.800879,16.89868,-3.9660392,8.817698,-2.537969,-1.0292567,-12.92825,-7.452281,-12.167236,-11.063902,-10.526613,3.2753513,14.22634,9.562399,-19.81685,-6.2701683,-3.2543414,1.8046998,11.431399,10.425524,8.742591,-15.068436,9.500198,16.060732,-0.8789016,-10.255967,-8.249749,-18.70354,9.922461,15.478099,-6.4722867,-9.653076,-8.351768,-9.030999,-12.211917,-8.763702,4.8266215,10.544306,-16.253387,-8.933546,-10.991042,-18.638988,-1.3950638,15.776805,-10.998124,-2.1801972,-6.922482,-4.69872,5.3307233,-2.1762948,6.5645967,12.473055,2.5823772,-7.085327,-4.1422834,10.949672,8.314263,-8.622281,-6.6358705,-21.158695,-8.967582,17.153807,-6.386475
P27540,-13.121502,15.248999,19.223593,-4.353756,9.845088,-2.7438507,-0.95779353,-14.419596,-8.277929,-13.821681,-12.26894,-11.69647,3.6806781,15.725512,10.810627,-22.152475,-6.4967203,-3.3602278,2.233963,12.384965,11.348398,9.333238,-16.913103,10.180605,17.595676,-0.98778635,-10.990131,-9.264416,-20.661217,10.973797,17.199717,-6.692518,-10.4365015,-9.3468685,-9.815027,-13.708586,-9.865622,5.3086624,11.835169,-18.066856,-9.918891,-11.917571,-20.60193,-1.1508288,17.58898,-12.28443,-2.3097672,-7.7949076,-5.047227,5.951423,-2.3953588,7.224894,13.904531,2.9267442,-7.6561527,-4.5120754,12.413479,9.583091,-9.756256,-7.3778133,-23.700977,-9.866186,19.11097,-7.1186495
P01731,-12.216209,13.614627,17.82801,-4.375528,9.186243,-2.3501515,-0.9533537,-13.150763,-7.6903076,-12.284896,-11.0647335,-10.380638,3.4816322,13.948453,10.168246,-20.252247,-5.7665396,-2.9687855,2.232557,11.587687,10.265372,8.327283,-15.125943,8.921663,16.377539,-0.9367595,-10.01066,-8.484701,-18.910927,9.991386,15.553518,-5.8701124,-9.161363,-8.795124,-8.658749,-12.281775,-9.971418,4.762466,10.976303,-15.978139,-9.259595,-10.939661,-18.669678,-0.98229825,15.861972,-10.944136,-2.387107,-7.1640625,-4.8185835,5.1645546,-2.1467159,6.555918,12.860382,2.7004437,-7.174201,-4.306596,11.233698,8.939164,-8.673456,-6.856757,-21.830196,-8.598869,17.558678,-6.7475433
P17710,-12.370115,14.816599,18.01764,-3.5307944,9.061589,-2.7573993,-0.6015665,-13.7062645,-7.473711,-13.698735,-11.631314,-11.3975935,3.37335,15.201412,9.809559,-21.019299,-6.017928,-2.8587365,1.9527074,11.16718,10.640849,9.107995,-16.293049,9.622638,16.530874,-0.8571055,-9.970786,-9.037459,-19.011768,10.256353,16.131794,-6.339968,-10.135665,-8.950966,-9.602235,-13.476973,-8.334004,5.053645,11.1801815,-17.56297,-9.198555,-10.9933405,-19.407635,-0.5909934,16.62211,-11.604776,-1.6349062,-7.409548,-4.320125,5.91102,-2.206835,7.0018606,12.819313,2.4384205,-6.6789618,-4.0491905,12.22157,8.971619,-9.935861,-7.0065856,-22.104921,-9.43062,18.148802,-6.787641
O95238,-8.791634,6.0943213,11.661164,-1.8365507,2.8414817,-2.0108204,0.61055076,-8.321271,-2.8835034,-7.567188,-6.1641273,-4.4788694,2.3511715,5.9664807,6.4337916,-9.190418,-0.9439969,0.04591474,1.6590139,6.0554767,5.4443593,3.3777323,-6.633783,1.8115087,7.7926083,-0.99998724,-3.8109605,-5.641573,-10.578216,5.732283,7.9643784,-0.42224398,-2.81081,-5.6420174,-2.4625745,-8.5269165,-5.730332,2.0366201,5.8645697,-8.666733,-4.979087,-4.2388506,-7.746587,1.7331343,6.699067,-5.7375183,-1.5564044,-4.8979816,-3.0916383,2.785697,-0.35827005,3.9170418,7.1876388,0.5975034,-3.5556273,-2.6515079,6.8710594,7.1084037,-5.061513,-3.457911,-11.689331,-2.0340507,8.735154,-5.5446787
O43613,-13.137547,11.398452,18.783909,-3.7811813,7.0211415,-2.4810467,0.17580342,-12.737016,-6.2183666,-12.461448,-10.393843,-8.714455,3.7513118,11.233395,10.209335,-17.880072,-2.2459075,-1.0753375,3.0939837,10.118722,8.912263,6.0755453,-12.711857,4.677219,14.145294,-1.28812,-6.8963437,-8.579879,-17.373022,8.9010105,13.194906,-2.4975114,-6.0389023,-9.399903,-5.664657,-12.9165945,-10.11185,3.8126225,10.880412,-14.522997,-8.628294,-8.368075,-14.719034,1.6124878,13.08955,-9.529903,-2.0416338,-7.323582,-4.7238054,4.2377024,-0.9580196,6.4268293,12.035112,1.4342034,-5.549824,-4.1167254,11.045455,10.579977,-8.2538595,-6.0705967,-20.514023,-5.015218,15.683489,-7.806172
P09201,-8.289723,7.338421,11.4882345,-1.9685189,4.2823753,-1.6450144,0.29377067,-8.181007,-3.6723993,-8.063875,-6.3321157,-5.5971656,2.23754,7.3763237,6.14733,-11.079459,-1.7183002,-0.41997936,1.7493515,5.9074364,5.5730767,4.0495095,-8.303388,3.278375,8.815429,-0.62351185,-4.2493396,-5.671244,-10.467392,5.6041546,8.49079,-1.6440568,-4.144974,-5.8178787,-3.9726431,-8.223629,-5.563698,2.397755,6.5501924,-9.336213,-5.229063,-5.136767,-9.429023,1.1678995,8.302754,-6.0322576,-0.99925214,-4.6766553,-2.55152,2.968748,-0.6694551,4.034127,7.2681565,0.9313166,-3.3817375,-2.3928487,7.312882,6.4364314,-5.7091866,-3.9012203,-12.448482,-3.5884619,9.893513,-4.877667
P02789,-16.190207,22.268517,24.865953,-6.032837,14.657218,-3.543898,-2.131342,-19.141628,-12.16973,-18.73092,-17.151474,-17.23808,4.6660485,23.22012,13.958956,-31.73948,-10.607352,-6.0570683,2.5902534,17.288994,16.118172,13.975238,-24.550343,16.451527,24.825119,-1.0248367,-16.410257,-11.993301,-28.563032,14.977505,24.112162,-11.552803,-16.284174,-12.146868,-15.321892,-17.985445,-12.363368,7.763571,16.338007,-25.589146,-13.582408,-17.719572,-30.072277,-3.3775582,25.708042,-17.345545,-2.7760196,-9.97735,-6.698696,8.349329,-3.7213502,9.924731,18.92888,4.4435315,-10.676111,-5.883889,16.508415,11.485153,-13.236689,-10.129393,-32.674423,-15.652395,26.70345,-8.401999
P32325,-10.862366,11.938108,15.885478,-3.7615428,8.001716,-2.1504784,-0.697305,-11.5705,-6.7404046,-11.053911,-9.835267,-9.188913,3.1897523,12.299059,8.9285555,-17.820408,-4.772042,-2.4656937,2.0761638,9.920156,8.955339,7.1581616,-13.414235,7.637119,14.131439,-0.8937282,-8.588034,-7.449308,-16.701569,8.67101,13.675178,-4.8934655,-7.9002786,-7.774518,-7.4744005,-10.917964,-8.649102,4.2440734,9.773013,-14.246882,-8.019658,-9.427552,-16.286383,-0.70597404,13.997542,-9.717067,-2.012526,-6.3458176,-4.2252984,4.524112,-1.803812,5.8148913,11.3036175,2.327275,-6.123979,-3.7658455,9.878114,8.135024,-7.6401186,-6.018944,-19.294249,-7.381701,15.430494,-5.8878455
Q9BWF3,-13.361277,14.912105,19.18492,-3.8087637,9.037481,-2.9168577,-0.5262924,-14.471406,-7.585722,-14.08225,-12.049895,-11.391453,3.5868406,15.227478,10.611949,-21.375715,-5.842343,-2.7533994,2.1575966,11.850869,11.037487,9.101904,-16.380775,9.307323,17.022465,-1.028337,-10.1858225,-9.528443,-19.958912,10.8298645,16.700752,-5.962018,-9.913656,-9.409868,-9.332576,-14.167253,-9.216569,5.067578,11.514904,-17.9205,-9.666976,-11.167825,-19.669878,-0.28630802,16.766712,-11.988972,-2.0105336,-7.8987875,-4.759812,6.037689,-2.1730719,7.2349787,13.490002,2.5222945,-7.135049,-4.3594418,12.711717,9.786623,-10.1393175,-7.2017336,-23.007658,-9.206515,18.632862,-7.4968414
Q9NPD3,-15.954091,19.216738,22.993776,-4.422155,11.514631,-3.6416473,-0.86063755,-17.864536,-9.510374,-17.551867,-15.049395,-14.724611,4.1455517,19.781818,12.7483015,-26.903755,-8.222113,-3.9563293,2.1995535,14.651766,13.915348,11.987564,-21.066902,12.866813,21.233347,-1.1419187,-13.286973,-11.69923,-24.689308,13.631193,21.259224,-8.40091,-13.327273,-11.119038,-12.569606,-17.42687,-10.384357,6.5222015,13.935206,-22.781034,-11.868804,-14.313061,-25.372839,-0.9864161,21.448355,-15.338721,-2.2376175,-9.5936575,-5.5676003,7.9553757,-3.0625393,8.910622,16.567392,3.4578612,-8.951282,-5.181348,15.868114,11.318737,-12.927616,-8.957218,-28.369755,-12.7051325,23.31823,-8.727302
P05129,-16.93629,23.612888,25.55745,-5.8541536,14.98453,-3.919445,-2.0626771,-20.204592,-12.1758175,-19.764585,-17.91704,-18.18377,4.683554,24.458471,14.346898,-33.03839,-11.350321,-6.164418,2.2199168,18.039524,16.884848,15.296518,-25.650852,17.323725,26.196,-1.1357965,-17.167171,-12.943018,-29.390774,15.856009,25.306896,-12.225662,-17.286823,-12.687549,-16.378817,-19.162699,-12.279406,8.140605,16.687387,-26.909168,-14.150793,-18.480787,-31.569168,-3.1349049,26.512726,-18.16705,-2.6445537,-10.501597,-6.7347536,9.104719,-3.9814675,10.499036,19.480011,4.5385847,-10.986099,-6.0999465,17.762104,11.676509,-14.6106415,-10.733005,-33.69552,-16.521338,28.090515,-9.156222
P55084,-14.310614,18.696829,21.086634,-4.234535,11.455332,-3.306671,-1.1098702,-16.542206,-9.320586,-16.49233,-14.261323,-14.398816,3.8225875,19.322878,11.594855,-26.065668,-8.3640785,-4.175786,1.9533432,13.834405,13.270705,11.825535,-20.45715,13.0469885,20.488708,-0.90509266,-12.937632,-10.810787,-23.201828,12.669918,20.123512,-8.86435,-13.3531065,-10.425576,-12.668392,-16.049658,-9.463624,6.3607607,13.354687,-21.7351,-11.195131,-14.061059,-24.64323,-1.5480275,20.873777,-14.489957,-1.8640888,-8.748954,-5.1015778,7.4776855,-3.0047271,8.475612,15.502307,3.33327,-8.381865,-4.7779155,14.800263,10.015845,-12.224154,-8.567359,-26.827223,-12.705087,22.340742,-7.74023
P57086,-25.948984,36.876488,40.73337,-10.996538,26.169672,-5.0827975,-4.255307,-30.536459,-21.595734,-30.100048,-28.214312,-28.810194,7.7937355,38.768494,23.197182,-53.59098,-18.372856,-11.106687,4.5422416,28.566326,26.191072,22.596685,-41.499245,28.665722,40.945038,-1.6530207,-28.154583,-18.526346,-47.635326,24.471127,40.298706,-20.00156,-27.391954,-19.16949,-25.813286,-27.962284,-21.737095,13.288626,27.274725,-41.790955,-22.437027,-30.015034,-51.064915,-7.2543564,43.96232,-29.036726,-5.089721,-15.891151,-11.096237,13.549234,-6.926073,15.696365,31.753363,8.412619,-18.171139,-9.762462,26.171894,18.357204,-20.652946,-16.849901,-54.905987,-27.138632,44.468178,-12.119055
P17741,-8.633243,8.753007,12.764197,-3.283659,6.06054,-1.6080135,-0.57033265,-8.984667,-5.2775607,-8.310384,-7.588608,-6.7117643,2.67769,8.968843,7.2058835,-13.630607,-3.1208022,-1.7408601,1.988037,7.9396443,6.939651,5.112821,-9.86317,5.127314,11.01719,-0.74298286,-6.3590097,-5.764179,-13.15121,6.5606356,10.220169,-3.3047087,-5.498254,-6.4242616,-5.171124,-8.373078,-7.529241,3.1045115,7.8857894,-10.607114,-6.3642817,-7.218571,-12.033759,-0.38063446,10.486341,-7.1828303,-1.7963221,-4.9719553,-3.651894,3.030824,-1.0692251,4.5788107,8.897434,1.628986,-4.80486,-3.0816214,7.396747,6.746967,-5.4591346,-4.6076,-15.120704,-4.9077454,11.806091,-4.91943
Q8BH75,-22.535923,33.965885,34.39038,-8.843544,22.6424,-5.154011,-3.8801079,-27.808163,-18.20232,-26.66127,-25.173107,-26.1916,6.301735,35.588932,19.92457,-47.254337,-18.501595,-10.278861,2.36729,26.04668,24.08432,22.506376,-37.13805,27.35038,37.43537,-1.4818339,-26.42178,-17.266848,-41.940502,22.724714,36.87168,-19.412678,-26.02653,-16.497086,-24.645126,-25.361492,-17.345387,12.080823,22.864113,-37.879997,-19.891232,-27.458027,-46.711308,-6.7786045,38.770596,-26.343307,-4.300158,-14.208775,-9.515732,13.230854,-6.707243,14.230848,27.666206,7.657158,-16.677477,-8.661956,24.123753,14.7884445,-19.889847,-15.339546,-47.617054,-25.65408,40.007378,-11.311621
P10398,-17.902752,27.706532,27.27415,-6.1056013,17.295,-4.4257603,-2.6449249,-22.514652,-13.71587,-22.269112,-20.182451,-21.339901,4.7914486,28.793549,15.268122,-37.78707,-14.229533,-7.612032,1.7412019,20.23493,19.321758,18.52206,-29.805851,21.345968,30.033157,-0.98991275,-20.13083,-14.507843,-32.575394,17.934864,28.924809,-15.425346,-21.061361,-13.756453,-20.06081,-21.302242,-12.231012,9.454083,18.369513,-30.914976,-15.776286,-21.555647,-36.816525,-4.3324146,30.579308,-20.744213,-2.4193876,-11.429922,-7.0066,10.782476,-4.8824244,11.860361,21.442942,5.315864,-12.3144045,-6.525999,20.176666,11.682636,-17.121624,-12.20558,-37.396877,-20.28312,31.998798,-9.655295
P9WQP1,-15.093573,18.366985,21.661093,-4.176842,10.4036045,-3.861323,-0.9194849,-17.284485,-8.75345,-16.512962,-14.655988,-13.934794,3.9765267,18.78751,12.133397,-25.176266,-8.219975,-4.0064535,1.6776016,14.677214,13.762976,12.037982,-19.527664,12.340977,20.501703,-1.3269297,-13.202545,-11.236821,-24.076502,13.342039,20.370264,-8.343367,-12.792817,-10.60682,-11.918407,-16.9511,-9.752314,6.2823853,13.033556,-21.9215,-11.383528,-13.888519,-24.059479,-1.148429,19.971598,-14.72053,-2.4314837,-9.225404,-5.820041,7.657697,-2.8546796,8.749521,15.880841,3.0851274,-8.891214,-5.226592,14.945875,10.721045,-12.201357,-8.496258,-26.885702,-11.791133,22.107176,-8.765747
Q6Q3I2,-13.624965,15.961421,19.979185,-4.361566,9.743027,-3.1541755,-0.95366985,-15.190564,-8.312849,-14.502957,-13.058793,-12.1973295,3.8485591,16.352695,11.195882,-22.817251,-6.6997104,-3.5471141,2.127454,13.190902,12.097455,10.036401,-17.302462,10.411881,18.346155,-1.2027704,-11.512603,-9.755121,-21.787613,11.57533,17.862305,-7.01289,-10.832531,-9.818382,-10.099487,-14.701844,-9.953887,5.540297,12.257413,-19.10066,-10.33459,-12.414101,-21.20632,-1.0903459,17.972717,-12.868575,-2.4157166,-8.1800165,-5.511741,6.241962,-2.3395934,7.756534,14.470851,2.7876098,-7.9521995,-4.8029237,12.923816,10.058423,-10.216813,-7.595658,-24.59398,-9.938626,19.790598,-7.75324
Q6PDN3,-22.12217,28.971424,32.080704,-6.1484537,17.28843,-5.17935,-1.624513,-25.62941,-13.813061,-25.381199,-21.87774,-22.181416,5.537878,29.728174,17.836824,-39.879288,-13.109739,-6.420569,2.5049162,21.449154,20.390469,18.681082,-31.333958,20.164246,31.632195,-1.4912728,-19.992556,-16.95676,-35.271473,19.89507,31.14563,-13.687925,-20.67087,-15.780598,-19.67844,-24.985619,-14.127458,9.706602,19.945251,-33.379036,-17.278599,-21.566965,-38.06881,-2.0151634,31.677412,-22.441265,-2.763783,-13.520901,-7.5957103,11.950201,-4.8446975,12.965241,23.655539,5.2406254,-12.8884945,-7.272183,23.283329,15.033354,-19.473831,-13.200659,-40.86635,-19.860306,34.402134,-12.247687
P0CX45,-10.956821,9.0056505,15.094226,-2.6235363,5.031496,-2.226455,0.45196414,-10.585419,-4.4806437,-10.2089205,-8.226525,-6.798119,2.9450233,8.864738,8.200818,-13.740369,-1.7394923,-0.4479901,2.277529,7.9094424,7.140406,4.936167,-9.975765,3.4740155,11.09765,-1.0539412,-5.309834,-7.2765203,-13.695239,7.338982,10.689686,-1.5928808,-4.6888847,-7.5202866,-4.396436,-10.801331,-7.599134,2.948325,8.319234,-11.733231,-6.79303,-6.329912,-11.494888,1.7952217,10.043357,-7.6818013,-1.576334,-6.11914,-3.632243,3.69329,-0.73769665,5.1828384,9.487456,1.0528005,-4.4224014,-3.2634895,9.262284,8.662937,-7.0633125,-4.8583612,-16.015797,-3.8656237,12.397954,-6.658748
P67809,-12.4188,12.572757,17.435318,-3.0979693,7.1532655,-2.7719128,-0.04042645,-13.02105,-6.1469483,-12.646705,-10.539084,-9.55856,3.2652967,12.736646,9.562542,-18.064835,-4.2649875,-1.7845529,2.0608337,10.174446,9.530201,7.5106497,-13.792096,7.0232906,14.443677,-1.0489064,-8.226681,-8.697917,-17.416128,9.524745,14.377758,-4.1885867,-7.883275,-8.517486,-7.376439,-13.009386,-8.106833,4.209912,10.018186,-15.618863,-8.40888,-9.1087265,-16.325209,0.618421,13.970215,-10.376284,-1.7748295,-7.234172,-4.2398996,5.2689185,-1.608138,6.4217134,11.798188,1.905441,-6.0290956,-3.8641686,11.423444,9.313485,-9.044573,-6.190741,-19.997583,-7.143501,15.9916,-7.188107
P20443,-10.227939,10.364581,14.796933,-3.445473,6.783021,-2.059558,-0.47724655,-10.651632,-5.887696,-9.982588,-8.90835,-7.9314284,3.0143938,10.618803,8.335785,-15.652427,-3.8095703,-1.9513848,2.0368621,9.072234,8.092505,6.128549,-11.611235,6.1635127,12.55955,-0.93016255,-7.467786,-6.856199,-15.274284,7.88002,12.177021,-3.8195598,-6.558859,-7.225829,-6.1348567,-10.125789,-8.146231,3.681429,8.847049,-12.705427,-7.28194,-8.21334,-14.108609,-0.27216431,12.169364,-8.66201,-2.006664,-5.914071,-4.071705,3.9414902,-1.4130185,5.309847,10.315903,1.9289867,-5.567768,-3.5298724,8.906394,7.8541,-6.73284,-5.341866,-17.43913,-5.9674125,13.693774,-5.7335753
Q96Q45,-17.225035,22.771093,25.384281,-5.3492866,13.813036,-4.083371,-1.5395877,-20.098904,-11.2098675,-19.6327,-17.38178,-17.329426,4.59536,23.167063,14.09626,-31.536686,-10.510579,-5.2601943,2.0803032,17.596516,16.348364,14.895849,-24.204556,15.821035,25.58777,-1.2217264,-16.117596,-13.179808,-28.31055,15.594992,24.176685,-11.207162,-16.27063,-12.902242,-15.364744,-19.626583,-12.012398,7.714872,16.209034,-26.12181,-13.892339,-17.399082,-29.815155,-1.981967,24.877312,-17.28442,-2.547892,-10.610257,-6.566186,9.001899,-3.6805825,10.457471,18.95373,3.7302692,-10.434407,-6.1241636,17.863132,11.917208,-14.752681,-10.487621,-32.533855,-15.028773,27.207165,-9.847267
P15812,-19.338266,20.542147,26.080645,-2.5884042,9.842957,-4.7871423,1.0026779,-20.597801,-7.911866,-21.017513,-16.220604,-15.627258,3.9812236,20.91116,13.813414,-27.071333,-7.3788605,-2.3149066,1.9932582,14.552219,14.399157,12.678579,-22.36489,11.911879,21.241474,-1.5477128,-12.508543,-14.021505,-25.586327,15.581769,22.975204,-6.7265425,-13.339699,-12.040648,-12.342455,-21.494684,-8.554981,6.590112,13.639941,-25.66787,-12.371396,-12.988893,-25.57465,2.02676,21.554255,-17.163181,-1.6344347,-11.461006,-4.89145,10.095543,-3.0497608,9.445636,17.281197,3.0224957,-8.563974,-4.844735,19.52129,13.362474,-16.272108,-9.263459,-29.442974,-12.9247,24.201332,-10.818607
P21333,-17.60364,22.125969,25.664738,-5.297139,13.561577,-4.0121546,-1.3594536,-20.08915,-11.155397,-19.56053,-17.16053,-16.94701,4.6259184,22.817831,14.379741,-30.956018,-10.021026,-5.050796,2.3317142,17.05497,16.018261,14.014743,-24.16029,15.41248,24.553642,-1.2472789,-15.751218,-13.021669,-28.275583,15.557562,24.359112,-10.339497,-15.672099,-12.431143,-14.775444,-19.353613,-11.947306,7.5602136,15.839109,-25.868555,-13.598,-16.845375,-29.457241,-1.8441436,24.774765,-17.525166,-2.678372,-10.679964,-6.4485846,9.010208,-3.681953,10.080595,18.911427,4.162813,-10.487512,-5.939937,17.72604,12.322216,-14.439369,-10.241098,-32.37445,-15.013216,26.696371,-9.573994
P13598,-16.829693,21.737331,25.52086,-6.0871496,14.353746,-3.5906093,-1.8329102,-19.224276,-11.987506,-18.84365,-17.10255,-16.832218,4.879305,22.569843,14.301289,-31.337933,-9.835456,-5.575342,2.8440886,17.10476,15.80957,13.388946,-24.085842,15.467238,24.418291,-1.2259587,-15.884873,-12.082219,-28.574717,14.919541,23.867733,-10.606309,-15.44727,-12.3404665,-14.5178175,-18.22022,-12.947671,7.651949,16.411196,-25.301758,-13.553688,-17.15704,-29.372286,-2.7582395,25.20542,-17.20954,-2.9520276,-10.192053,-6.826622,8.221455,-3.5907476,9.879245,19.053385,4.301331,-10.536737,-6.024031,16.552822,12.198744,-13.129288,-10.103329,-32.779827,-14.774973,26.513596,-8.737468
Q9H8X2,-13.883131,14.831139,19.487219,-3.4496887,8.527074,-3.1062157,-0.1980974,-14.833597,-7.146634,-14.460162,-12.052857,-11.288122,3.5488942,15.092275,10.742865,-21.029907,-5.5025554,-2.3439994,2.0933368,11.648566,10.984332,9.035888,-16.266191,8.845173,16.766958,-1.0962423,-9.81687,-9.921746,-19.799335,11.014262,16.780964,-5.410166,-9.644262,-9.477119,-9.091126,-14.707407,-8.874185,4.95399,11.294447,-18.071812,-9.616903,-10.757581,-19.365437,0.35281506,16.40453,-12.089416,-1.8938439,-8.15514,-4.6113386,6.2881,-2.1034606,7.284335,13.4177065,2.4265156,-6.9836435,-4.3036246,13.191946,10.124674,-10.61701,-7.180932,-22.83133,-8.98283,18.547733,-7.914917
O64470,-10.422849,10.884226,15.072057,-3.415874,6.738027,-2.3105214,-0.447239,-11.008108,-5.7732787,-10.364473,-9.332175,-8.255644,3.1064732,10.903639,8.4021435,-16.108236,-3.9167752,-1.9574865,1.8636265,9.583401,8.457413,6.810089,-11.681177,6.1736946,13.301745,-1.0914465,-7.687837,-7.2304244,-15.650579,8.136001,12.304105,-4.1075773,-6.801276,-7.710889,-6.377305,-10.766207,-8.286055,3.8342483,9.167842,-13.188932,-7.569808,-8.519317,-14.368167,-0.04792297,12.169214,-8.754432,-1.9701437,-6.0987754,-4.3011417,4.068472,-1.3586159,5.7250075,10.529292,1.618046,-5.5574236,-3.7642677,9.283384,7.996806,-7.197802,-5.585342,-17.840809,-5.7699404,14.229546,-6.2882986
P0CG48,-13.981407,14.617879,19.70043,-3.486935,8.50688,-3.013977,-0.10096114,-14.715639,-7.1278653,-14.507505,-11.955337,-11.157011,3.609008,14.818765,10.772493,-21.00664,-5.0246353,-2.1252363,2.3228557,11.436904,10.764535,8.694962,-16.123602,8.353297,16.616787,-1.0889014,-9.392631,-9.902337,-19.585186,10.795868,16.459137,-5.03481,-9.294501,-9.644945,-8.79253,-14.687401,-9.093744,4.852714,11.466958,-17.857382,-9.59993,-10.514955,-18.99581,0.6435801,16.247793,-11.868337,-1.8121967,-8.141909,-4.5587144,6.0971146,-1.9611932,7.262485,13.3619795,2.295095,-6.7369804,-4.2657013,13.176279,10.331332,-10.552635,-7.1397157,-22.83695,-8.601092,18.454973,-7.9658465
P02309,-8.297126,7.6347313,11.738844,-2.8308988,5.0096893,-1.6125644,-0.297848,-8.440957,-4.427513,-7.5139923,-6.735613,-5.7044616,2.4260833,7.694616,6.69606,-11.714291,-2.7787197,-1.21799,1.6687454,7.2763767,6.2662735,4.584116,-8.422297,4.237045,9.90575,-0.73348904,-5.656783,-5.507285,-11.84009,6.1674967,9.212511,-2.596669,-4.6641903,-5.9039783,-4.3244123,-7.9540367,-6.8945627,2.6843967,6.8563585,-9.436199,-5.7829895,-6.2229652,-10.460321,0.059295475,8.938422,-6.3769965,-1.8168826,-4.7543316,-3.3663287,2.8969433,-0.96897376,4.14972,8.088638,1.2996275,-4.4953017,-2.9280481,6.9203835,6.375298,-5.094084,-4.1764526,-13.422674,-4.0098705,10.491425,-4.9176064
O00253,-21.367125,29.792446,32.373672,-7.703423,19.57634,-4.794527,-2.7793822,-25.268269,-16.042366,-24.805868,-22.687096,-23.059145,6.0280695,31.11205,18.319029,-41.893906,-14.87536,-8.225616,2.8430588,22.693777,21.212097,18.941956,-32.857258,22.694616,32.627026,-1.4879019,-22.3373,-15.757042,-37.724655,20.14809,32.515392,-15.699539,-22.049095,-15.3765335,-20.76131,-23.727787,-15.829224,10.58102,21.008202,-34.12618,-17.746988,-23.470348,-40.475147,-4.7724423,34.24262,-23.454247,-3.7591653,-13.198017,-8.592047,11.6758795,-5.521244,12.894236,25.027294,6.2715554,-14.340042,-7.7949834,21.956432,14.7896185,-17.835283,-13.535439,-43.04591,-21.510838,35.456535,-10.673344
P24228,-12.1177025,16.95664,18.320475,-4.324653,11.005771,-2.7762887,-1.50427,-14.425057,-8.906793,-14.136933,-12.818752,-13.0914,3.4836655,17.635807,10.243721,-23.852777,-8.263806,-4.3926682,1.6517142,12.848,12.07606,10.998192,-18.550531,12.577202,18.912794,-0.7879835,-12.402771,-9.231328,-21.11281,11.251138,18.194407,-8.857548,-12.477479,-9.180201,-11.866952,-13.553634,-9.005517,5.942491,12.11734,-19.287294,-10.119222,-13.348282,-22.798523,-2.3926866,19.206507,-12.983607,-1.9330765,-7.516764,-4.841127,6.456751,-2.8877523,7.5467567,14.000499,3.2883213,-7.915113,-4.4345574,12.639171,8.391217,-10.404363,-7.8325057,-24.267485,-11.869468,20.313171,-6.4462466
P12271,-17.505344,20.429344,24.71604,-4.322135,11.851605,-3.9789152,-0.56465244,-19.324005,-9.639619,-19.06656,-15.908287,-15.591098,4.3113523,20.893671,13.656196,-28.40297,-8.386867,-3.7124023,2.2632692,15.322896,14.634479,12.748955,-22.333326,13.18967,22.494028,-1.2370635,-13.652171,-12.927223,-25.824366,14.644176,22.602152,-8.3903885,-13.932927,-11.9796915,-13.224469,-19.061619,-10.773231,6.793861,14.623523,-24.259085,-12.625377,-14.804593,-26.729034,-0.25243044,22.420233,-16.294127,-2.160488,-10.445197,-5.6222515,8.729671,-3.2213993,9.512439,17.476946,3.5548143,-9.256139,-5.4181685,17.521063,12.274798,-14.432335,-9.583258,-29.951927,-13.325982,24.837881,-9.759643
P37282,-8.103958,5.4017878,10.916316,-1.9368622,2.6895764,-1.7939185,0.49622414,-7.5697346,-2.7999759,-6.805822,-5.689213,-3.9804301,2.2958379,5.277609,6.0362244,-8.469091,-0.6598679,0.029173419,1.7188753,5.6881924,4.9939594,2.8918643,-5.9274354,1.4142852,7.1896,-0.96192586,-3.461773,-5.0661693,-9.913494,5.1601443,7.174616,-0.25369543,-2.3408608,-5.324934,-2.0123646,-7.696169,-5.738117,1.8526413,5.5996523,-7.790056,-4.635377,-3.920546,-6.945955,1.5251582,6.119358,-5.153838,-1.580195,-4.4832125,-3.0550659,2.312712,-0.22352909,3.6151495,6.7235513,0.51212406,-3.322024,-2.539449,6.081018,6.7222805,-4.324632,-3.1664119,-10.927822,-1.5454028,7.998707,-5.121745
O89093,-13.762602,16.178505,20.36932,-5.259546,11.098935,-2.6635897,-1.4381033,-15.166252,-9.245803,-14.085623,-13.04936,-12.415837,3.9676855,16.751083,11.778414,-24.027264,-7.2350745,-4.028463,2.4584665,13.732195,12.162301,10.018941,-18.07155,11.174389,19.237701,-1.0914474,-12.230365,-9.629584,-22.312817,11.730391,18.527422,-7.4574523,-11.1646805,-9.89538,-10.5792465,-13.873169,-11.502232,5.7149076,12.715132,-18.780647,-10.800373,-13.251215,-22.476141,-1.8101208,18.989353,-13.101987,-2.8176541,-8.135954,-5.6688576,6.05954,-2.6777413,7.567198,15.01951,3.565523,-8.598664,-4.956134,12.853601,9.959715,-9.949942,-8.002157,-25.6101,-10.763428,20.651405,-7.4448886
O53585,-12.751502,17.042004,19.437859,-4.667429,11.117288,-2.8489826,-1.4923935,-14.871927,-9.216605,-14.546801,-13.277657,-13.174146,3.7639298,17.674343,10.836045,-24.377115,-7.841613,-4.378461,2.065959,13.339923,12.39467,10.775996,-18.686207,12.182352,19.242699,-0.9083766,-12.418787,-9.428693,-22.033392,11.48406,18.422188,-8.565143,-12.23388,-9.695335,-11.546132,-14.081121,-9.818528,5.975188,12.756248,-19.677189,-10.500868,-13.506392,-22.869541,-2.2395835,19.514166,-13.215317,-2.1650136,-7.8188324,-5.293528,6.3255973,-2.7100775,7.8083663,14.608641,3.2034748,-8.1102495,-4.6735077,12.811992,9.184794,-10.295791,-7.910672,-25.238472,-11.496305,20.6722,-6.8484507
Q15024,-16.888227,20.616314,24.678333,-5.202777,12.731971,-3.7860827,-1.2195113,-18.98383,-10.542116,-18.466986,-16.268055,-15.806647,4.553138,21.190683,13.806094,-29.20576,-8.938533,-4.5919785,2.4558733,16.183954,15.048269,12.931952,-22.536077,13.926314,23.161497,-1.3016595,-14.599998,-12.309922,-26.860022,14.589384,22.783356,-9.3076105,-14.305117,-12.017145,-13.486245,-18.335463,-11.864347,7.0768075,15.216512,-24.240036,-12.921555,-15.75538,-27.436308,-1.4814295,23.166178,-16.404764,-2.651743,-10.160342,-6.3152466,8.250991,-3.2905939,9.5842495,17.987467,3.8072267,-9.8336115,-5.7377353,16.650614,12.064416,-13.437053,-9.673766,-30.804209,-13.559812,25.19681,-9.290425
A0A1C7D1B7,-8.570139,5.9757395,11.399475,-1.8352427,2.940844,-1.8549042,0.6052412,-8.03796,-2.8391073,-7.402999,-5.9310284,-4.4095683,2.293017,5.8100767,6.250407,-9.177834,-0.77789044,0.13981594,1.7113963,5.8031015,5.184832,3.2736478,-6.552904,1.6519797,7.748309,-0.929041,-3.5352287,-5.555647,-10.08074,5.460229,7.64038,-0.35578656,-2.7037797,-5.6505537,-2.4545443,-8.22632,-5.7514324,1.9593439,5.856793,-8.318749,-4.8986163,-4.1335325,-7.575965,1.8343669,6.559216,-5.4545736,-1.3991644,-4.73995,-2.8982937,2.6300454,-0.31390753,3.8250034,6.9406652,0.5629858,-3.3109455,-2.5422895,6.795848,6.901329,-5.0595436,-3.4519901,-11.430389,-1.9493967,8.662397,-5.438101
P11980,-8.388133,9.935941,12.462953,-3.1704311,6.8261395,-1.6628281,-0.812107,-9.295251,-5.7285595,-8.738887,-7.9221783,-7.617871,2.5212345,10.3166685,7.033093,-14.686717,-4.5090656,-2.3001616,1.5740818,8.225724,7.46596,6.143503,-11.106781,6.8982506,11.852748,-0.54326886,-7.411436,-5.9281487,-13.591807,7.0184093,11.202039,-4.661884,-6.9597325,-6.2574725,-6.576114,-8.559568,-6.905971,3.530675,7.960829,-11.605592,-6.5528073,-8.083781,-13.6573105,-1.123809,11.719081,-7.8350787,-1.6471149,-5.0084434,-3.4226477,3.6577358,-1.5653492,4.734504,9.155251,1.9500889,-5.1895933,-3.0512035,7.8468137,6.1450458,-6.0854354,-4.9555306,-15.609909,-6.4805646,12.65412,-4.5204673
Q24314,-15.103829,18.163385,21.615053,-3.8858743,10.62013,-3.4828165,-0.614149,-16.879335,-8.643818,-16.774714,-14.09027,-13.89951,3.8404,18.588825,11.8460245,-25.280577,-7.4803433,-3.4140515,2.0303762,13.538869,12.981732,11.386584,-19.795885,11.803668,20.016163,-1.0423518,-12.10568,-11.272783,-22.794214,12.737135,19.797018,-7.711001,-12.480739,-10.66496,-11.8545065,-16.67064,-9.453694,6.0580215,13.107728,-21.467184,-11.130675,-13.251824,-23.65857,-0.44461218,19.94205,-14.268619,-1.814411,-9.076991,-5.002358,7.548371,-2.7681897,8.485396,15.362274,3.0303977,-8.077504,-4.7747273,15.269246,10.658477,-12.60811,-8.470486,-26.458502,-11.780427,21.984798,-8.466526
P13489,-15.868415,20.168005,23.28655,-5.0658,12.90514,-3.4048605,-1.3897667,-18.07348,-10.543559,-17.632586,-15.466657,-15.507827,4.2332945,20.928988,13.084287,-28.534986,-9.337588,-4.7305474,2.2736828,15.393733,14.451179,12.616174,-22.338678,14.405529,22.452154,-0.99446034,-14.476089,-11.6567955,-25.671625,14.010411,22.264847,-9.6186285,-14.448293,-11.232758,-13.686881,-17.133951,-11.179479,6.948761,14.558148,-23.37902,-12.385688,-15.524978,-27.189018,-2.0217636,22.996328,-15.928449,-2.4653986,-9.598661,-5.754086,8.1036825,-3.4881237,9.022035,17.259129,4.0390935,-9.637285,-5.356135,15.981437,11.047771,-12.962766,-9.417054,-29.635859,-14.047502,24.467543,-8.318934
O60826,-14.819657,16.389355,20.87133,-3.7304847,9.515464,-3.31274,-0.33593056,-16.02265,-7.86413,-15.674454,-13.095695,-12.488041,3.7533178,16.702297,11.5250435,-23.12178,-6.327366,-2.7525868,2.140011,12.678369,11.976981,10.090635,-17.953247,10.07999,18.410364,-1.1257341,-10.895802,-10.727542,-21.420977,11.9847,18.36456,-6.287882,-10.852734,-10.17433,-10.27516,-15.826049,-9.4555235,5.4669967,12.231066,-19.723507,-10.458626,-11.923747,-21.440996,0.14483929,18.082773,-13.21531,-1.9619157,-8.750844,-4.8836823,6.9283185,-2.4191694,7.891514,14.519509,2.7557092,-7.607476,-4.609989,14.357605,10.653129,-11.655534,-7.863909,-24.79431,-10.207575,20.318207,-8.399084
F5HF68,-14.9073105,19.85133,22.028667,-5.176915,12.962093,-3.2425616,-1.6822612,-17.331955,-10.418658,-16.677055,-15.05998,-15.258688,4.0810657,20.616161,12.549692,-28.063644,-9.690025,-5.0285683,1.9466077,15.319881,14.178642,12.834596,-21.841799,14.641874,22.345385,-1.010348,-14.662952,-11.155479,-24.992702,13.620388,21.805029,-10.032278,-14.459679,-10.789124,-13.791601,-16.120186,-11.094323,6.9320126,14.08952,-22.57131,-12.097497,-15.640766,-27.015547,-2.5300245,22.528652,-15.5000515,-2.503017,-9.103506,-5.7090816,7.8098297,-3.5587182,8.771015,16.719982,4.160887,-9.5974655,-5.302387,15.261549,10.1699,-12.4949255,-9.334038,-28.798744,-14.046025,24.090225,-7.910047
O55038,-13.265222,15.190328,19.646154,-4.5739975,9.788695,-2.8060324,-0.98498994,-14.49504,-8.3301325,-13.877144,-12.519443,-11.665492,3.8577397,15.569813,11.017124,-22.32802,-6.100147,-3.363711,2.4301786,12.698264,11.478302,9.270175,-16.724812,9.729445,17.782907,-1.1367375,-10.901474,-9.290161,-21.04812,10.955049,17.063845,-6.502632,-10.141088,-9.683019,-9.5101,-13.881606,-10.375234,5.3038383,12.1932745,-18.09979,-10.086503,-11.983439,-20.400562,-1.0292555,17.483969,-12.239803,-2.4180977,-7.8542027,-5.388052,5.706636,-2.184571,7.41287,14.104916,2.7636843,-7.635428,-4.6754384,12.325246,9.939958,-9.581309,-7.389049,-24.081345,-9.351342,19.218449,-7.413197
O75175,-14.5446415,12.893481,19.419899,-2.5177598,6.2511897,-3.3875926,0.7787872,-14.645533,-5.5027266,-14.245258,-11.153113,-9.663627,3.44134,12.854219,10.560171,-18.08051,-3.541424,-0.8382519,2.1342845,10.372403,9.924823,7.5345545,-14.026613,6.0510426,14.56083,-1.3114489,-7.7594905,-10.068499,-18.20627,10.525429,15.239331,-2.9263697,-7.4469995,-9.244065,-6.894651,-15.165769,-8.046284,4.136361,10.15193,-16.782974,-8.819254,-8.518185,-16.225533,2.2322257,13.761951,-11.1103735,-1.7717903,-8.330271,-4.291072,6.088576,-1.5012932,6.898162,12.462741,1.6395719,-6.0822477,-4.0679297,13.107708,10.906373,-10.461302,-6.428172,-20.823921,-6.663425,16.545036,-8.667609
O89050,-13.634605,16.774452,19.722706,-3.923997,10.072052,-3.1568253,-0.90486366,-15.525458,-8.349628,-15.040802,-13.0484915,-12.804193,3.558531,17.3012,10.990153,-23.376217,-7.5197086,-3.6176746,1.8183463,12.952797,12.273871,10.635509,-18.287216,11.517228,18.69561,-0.90590453,-11.836345,-10.1290655,-21.535057,11.887158,18.521214,-7.679641,-11.844959,-9.647358,-11.143541,-15.001389,-8.985267,5.679697,12.070591,-19.775818,-10.362621,-12.698517,-22.215498,-1.1758752,18.718138,-13.276012,-2.0166154,-8.276601,-4.919716,6.8839035,-2.680691,7.7728095,14.393138,3.0152159,-7.979185,-4.534849,13.663573,9.584767,-11.120001,-7.796974,-24.56982,-11.231818,20.273582,-7.544443
P0A894,-10.089095,9.940691,14.447062,-3.1956558,6.3509054,-2.0074658,-0.3191926,-10.424311,-5.5396843,-9.783028,-8.499762,-7.53744,2.8737466,10.085234,8.067732,-14.933174,-3.538602,-1.6342084,2.0045567,8.692553,7.7742333,5.825814,-11.043447,5.6893206,12.132776,-0.82357424,-6.967569,-6.806981,-14.569158,7.6307626,11.5908575,-3.5021508,-6.228787,-7.1474485,-5.798598,-10.060294,-7.7918615,3.437987,8.544415,-12.234998,-7.071963,-7.73615,-13.342305,0.049331687,11.553945,-8.193994,-1.8755316,-5.8238587,-3.8417892,3.8516166,-1.297408,5.1648264,9.937709,1.6471603,-5.2887154,-3.3944793,8.816981,7.712683,-6.6704345,-5.1361423,-16.716726,-5.556528,13.133115,-5.756728
P48570,-24.799595,34.84462,38.616074,-10.002241,24.202488,-5.067412,-3.7800136,-29.176334,-20.115442,-28.796112,-26.752357,-27.1927,7.3328915,36.680126,21.911217,-50.188324,-17.358986,-10.308231,4.1503515,26.831963,24.871202,21.338482,-39.164825,27.035732,38.29506,-1.5864711,-26.533031,-17.693703,-45.133957,23.33654,38.258682,-18.69495,-25.888752,-17.990915,-24.283972,-26.949509,-19.864655,12.536118,25.512989,-39.89868,-21.060732,-28.067831,-48.039284,-6.6295843,41.397327,-27.663527,-4.766491,-15.219361,-10.4332485,13.110557,-6.5315876,14.886621,29.996685,7.830344,-17.174835,-9.183329,24.959457,17.575489,-19.732023,-15.798733,-51.689297,-25.630417,41.77546,-11.584583
P10503,-15.577821,21.643417,23.61807,-5.4301467,13.898989,-3.6047573,-1.8257618,-18.417439,-11.343505,-18.258917,-16.489023,-16.712622,4.458976,22.405146,13.121632,-30.371885,-10.342182,-5.582588,2.1387327,16.386696,15.386591,13.882473,-23.571903,15.858621,23.922415,-1.0833502,-15.717055,-11.722141,-27.085575,14.406341,23.117147,-11.174664,-15.798618,-11.705323,-14.928171,-17.61118,-11.419315,7.588193,15.529571,-24.78675,-12.916725,-16.85471,-28.872536,-2.9148595,24.455101,-16.62947,-2.4723365,-9.645286,-6.2265143,8.3037615,-3.685142,9.651914,17.985409,4.0285263,-9.998838,-5.6893735,16.144505,10.916719,-13.235849,-9.886343,-31.095703,-14.946849,25.791956,-8.224458
O70435,-20.09221,22.708086,28.533342,-5.1746254,13.27209,-4.4757657,-0.6042006,-21.830519,-10.953903,-21.499197,-18.095253,-17.33339,5.0701613,23.095316,15.777188,-32.01675,-8.82594,-4.081154,2.8825061,17.537062,16.471628,13.945713,-24.79745,14.121995,25.321531,-1.5695509,-15.148453,-14.532886,-29.508512,16.486357,25.24412,-8.946469,-15.101329,-13.810864,-14.268256,-21.653929,-12.948369,7.577919,16.835337,-27.17621,-14.409253,-16.546133,-29.676292,-0.041203815,25.043707,-18.265171,-2.6735134,-11.884457,-6.7110972,9.544885,-3.4337966,10.793994,20.000128,3.8539326,-10.4403925,-6.3031654,19.609804,14.416435,-15.920758,-10.745706,-34.199955,-14.280522,27.944654,-11.294341
C3VPR6,-21.851128,27.168673,32.488438,-7.1572084,17.734692,-4.470461,-1.808186,-24.366596,-14.633708,-24.236832,-21.215643,-21.037802,5.9797964,28.12362,18.109638,-39.127674,-11.748356,-6.341254,3.6469944,20.772709,19.371628,16.370447,-30.355047,18.81467,30.144196,-1.493005,-19.155119,-15.587841,-35.184204,18.797102,29.946877,-12.4402485,-19.00343,-15.47353,-17.958363,-23.371344,-15.895413,9.414215,20.358799,-31.738335,-16.912497,-20.804375,-36.54854,-2.47212,31.384205,-21.640743,-3.3792622,-13.051437,-7.982131,10.686517,-4.5711684,12.2318,23.755184,5.3968625,-12.7919035,-7.3123593,21.54765,15.68009,-17.229061,-12.672195,-40.93869,-18.500626,33.208908,-11.19101
P01097,-9.7388315,10.486901,14.140094,-3.0811272,6.6500645,-2.046615,-0.47151226,-10.443932,-5.7354,-9.9769945,-8.715915,-8.049102,2.785357,10.8404255,7.8685284,-15.438766,-4.0636163,-2.0140996,1.8396256,8.666808,8.021649,6.2478456,-11.750513,6.5513535,12.261543,-0.7454842,-7.390096,-6.7462816,-14.768724,7.723365,12.064611,-4.1301336,-6.918561,-6.907227,-6.4790044,-9.983986,-7.1904955,3.645527,8.5379505,-12.787591,-7.021332,-8.133114,-14.108209,-0.4116802,12.208431,-8.614669,-1.6848915,-5.7206764,-3.7069237,4.078324,-1.4478195,5.214594,9.921203,1.906493,-5.3502545,-3.2527122,8.87547,7.3471985,-6.8654037,-5.1908803,-16.86839,-6.4104514,13.4168215,-5.3773
P09038,-17.098598,23.523159,25.781887,-6.3387423,15.528699,-3.7740989,-2.2865057,-20.207222,-12.68904,-19.434406,-17.929708,-18.107384,4.8210464,24.484386,14.71127,-33.241524,-11.814192,-6.4528823,2.2965767,18.384327,16.948278,15.161344,-25.802662,17.79192,26.368982,-1.167859,-17.777103,-12.712118,-29.960983,16.0566,25.735687,-12.4230385,-17.368359,-12.513928,-16.401827,-18.7769,-13.107019,8.2944,16.747562,-26.769495,-14.297099,-18.7999,-32.067528,-3.7049794,26.937572,-18.381395,-3.1380074,-10.545395,-7.0008497,9.096158,-4.273113,10.32314,19.915726,4.9326735,-11.567844,-6.3235292,17.48259,11.768206,-14.155809,-10.863963,-34.183647,-16.811697,28.283726,-8.885209
O14187,-13.540096,12.075542,18.208195,-2.4884763,6.075444,-3.0611687,0.6753231,-13.594946,-5.2889647,-13.28931,-10.398809,-9.081745,3.2642584,12.041429,9.870722,-17.14956,-3.2326188,-0.785547,2.127468,9.669838,9.221336,6.9927883,-13.215654,5.6330605,13.760284,-1.1831291,-7.189601,-9.374627,-16.967964,9.706985,14.161237,-2.7630978,-6.958395,-8.771021,-6.4939947,-14.0254,-7.7629814,3.8758197,9.690395,-15.598679,-8.295025,-8.045256,-15.236929,2.058472,12.995867,-10.2854595,-1.6163901,-7.7338676,-3.9969106,5.5550985,-1.3670149,6.4597907,11.660494,1.5375674,-5.62148,-3.7983308,12.21361,10.189545,-9.7339,-6.072596,-19.5976,-6.2121096,15.599485,-8.050206
P01315,-20.620562,31.545183,31.287748,-8.0217705,20.845732,-4.7456264,-3.5916932,-25.6848,-16.56318,-24.474024,-23.0003,-24.146677,5.637876,32.793938,18.11263,-43.529694,-17.468885,-9.360837,1.8987427,24.207464,22.258163,21.299273,-34.019787,25.38015,35.149136,-1.2232753,-24.429382,-16.195295,-38.171326,20.993332,33.739906,-18.324503,-24.321875,-15.470174,-23.083405,-23.52693,-15.873257,11.075328,20.992737,-34.746693,-18.479885,-25.470148,-43.078907,-6.102679,35.46565,-23.884987,-3.8383477,-13.092288,-8.611263,12.290675,-6.225682,13.243786,25.316793,6.7409596,-15.336456,-8.02811,22.51734,13.198654,-18.74916,-14.299843,-43.51799,-23.658875,37.03743,-10.750905
P21980,-14.393949,17.012089,21.151646,-4.66203,10.852285,-3.032605,-1.0045836,-15.870608,-9.029377,-15.436648,-13.575695,-13.064877,4.002409,17.455961,11.793629,-24.622047,-7.044913,-3.6559389,2.4345164,13.563043,12.47769,10.435617,-18.758736,11.170909,19.499664,-1.0808923,-11.947674,-10.304593,-22.576689,12.036441,18.85229,-7.4273047,-11.590363,-10.412585,-10.95274,-15.265471,-10.66974,5.8551607,13.135402,-20.035769,-10.949359,-13.122501,-22.730614,-1.0736843,19.393959,-13.504317,-2.3226545,-8.562693,-5.426332,6.596433,-2.5974019,8.049204,15.223623,3.105036,-8.192126,-4.8998437,13.86568,10.486495,-11.023654,-8.160204,-26.112585,-10.892391,21.18335,-7.9087825
O60241,-17.080034,21.15967,24.995768,-4.7588353,12.1043005,-4.200077,-1.0303984,-19.556076,-10.125823,-19.208101,-16.764015,-16.155401,4.509606,21.556665,13.739146,-29.360611,-8.75817,-4.4766846,2.312195,16.496016,15.572001,13.500609,-22.577105,13.7156105,23.521263,-1.3547815,-14.455402,-12.848385,-27.16508,14.867915,22.81336,-9.427787,-14.558415,-12.496483,-13.64621,-19.437256,-11.113285,7.0539174,15.429298,-25.086405,-13.1017,-15.81298,-27.326363,-0.991203,23.036362,-16.563189,-2.324228,-10.405883,-6.419502,8.47475,-2.9874754,10.105021,18.02283,3.2803946,-9.595094,-5.7435017,17.231134,12.292072,-14.088478,-9.646635,-30.928596,-13.357918,25.378866,-9.971171
O00175,-9.650586,6.6116524,13.030786,-2.3081565,3.4299133,-2.0076706,0.5979132,-8.938094,-3.3315716,-8.212232,-6.7394423,-4.8891068,2.6652582,6.348288,7.1757264,-10.466105,-0.6418353,0.08757336,2.085954,6.718015,5.8043094,3.5285747,-7.224495,1.6058546,8.808127,-1.1211786,-3.9386997,-6.1346626,-11.504372,6.0769963,8.440624,-0.3056468,-2.8172503,-6.486036,-2.5388916,-9.162448,-6.975881,2.1886642,6.8072,-9.189546,-5.6250057,-4.7030873,-8.409962,2.0446813,7.340786,-6.045967,-1.69194,-5.2941766,-3.451271,2.746328,-0.28529075,4.315088,7.943012,0.60259014,-3.7322543,-2.9554167,7.4773927,7.90264,-5.4453454,-3.8741856,-13.106018,-1.911363,9.775271,-6.162262
P16860,-18.700552,25.312115,27.921143,-6.221835,15.691211,-4.525237,-2.0551746,-22.09132,-12.929563,-21.465912,-19.556662,-19.430899,5.1752906,26.148296,15.714513,-35.158375,-12.181479,-6.5523047,2.2563787,19.680534,18.358335,16.47088,-27.305964,18.420832,27.997625,-1.4722713,-18.659664,-14.042091,-32.205933,17.417551,27.468618,-12.885542,-18.370941,-13.6315565,-17.250433,-21.169598,-13.27709,8.832558,17.835047,-29.263494,-15.250181,-19.711605,-33.759575,-3.2239742,28.275288,-19.825075,-3.150802,-11.576464,-7.57339,10.009823,-4.326104,11.398372,21.26308,4.775992,-12.061598,-6.8077345,19.170902,13.047122,-15.683313,-11.514949,-36.44247,-17.401272,30.12145,-10.161802
Q63HR2,-13.569249,18.650045,20.133423,-4.6377983,11.846781,-3.1807826,-1.623239,-16.170366,-9.658353,-15.504272,-14.071639,-14.254968,3.7185297,19.347494,11.403785,-25.842415,-9.533676,-4.852652,1.5525336,14.409924,13.464502,12.26342,-20.209145,14.079479,20.834387,-0.8628603,-13.984032,-10.309875,-23.401138,12.778088,20.28212,-9.860262,-13.869608,-9.9296055,-13.071499,-15.199359,-9.750229,6.5095625,12.967656,-21.296356,-11.196999,-14.686186,-25.13346,-2.6841688,20.976002,-14.419884,-2.3538084,-8.445716,-5.383797,7.4169264,-3.3592002,8.257778,15.539195,3.6388712,-9.076717,-4.9746614,14.068509,9.20222,-11.5428505,-8.589569,-26.55274,-13.225889,22.220472,-7.2637925
O08838,-8.976023,9.37719,13.140566,-3.0247436,5.9145494,-1.9272649,-0.4223017,-9.50748,-5.1221933,-8.990453,-8.0583935,-7.1601076,2.7191505,9.492334,7.2815466,-14.062605,-3.2551885,-1.6962755,1.803025,8.20501,7.333524,5.714483,-10.235778,5.304366,11.470631,-0.85166895,-6.5341744,-6.2213783,-13.570804,6.9217987,10.613988,-3.5088432,-5.87239,-6.742227,-5.515046,-9.209213,-7.1866736,3.272555,8.0859,-11.418755,-6.5508485,-7.400716,-12.426081,-0.09914541,10.696471,-7.546361,-1.6423022,-5.2455215,-3.7095866,3.3874917,-1.0663394,4.9576254,9.105847,1.4311045,-4.770688,-3.1810815,7.9769545,6.976036,-6.1199446,-4.793733,-15.518621,-5.0343986,12.299318,-5.356982
P38398,-14.03951,16.095903,20.51398,-4.5446863,10.261647,-2.9642203,-0.8983,-15.298409,-8.605353,-14.764067,-13.041125,-12.345867,3.9373448,16.498308,11.480902,-23.407421,-6.5685744,-3.3953044,2.3927033,13.07395,11.943099,9.845379,-17.76275,10.409084,18.591372,-1.1383764,-11.402795,-9.904621,-21.805466,11.589094,18.065739,-6.828689,-10.82161,-10.035067,-10.19619,-14.709138,-10.507506,5.589164,12.58865,-19.11702,-10.510094,-12.452151,-21.57631,-0.9070657,18.399141,-12.944568,-2.3902266,-8.306711,-5.358719,6.2741404,-2.4479363,7.717006,14.698053,2.959262,-7.9332614,-4.80499,13.247199,10.324574,-10.448053,-7.815839,-25.103123,-10.120547,20.235806,-7.7419877
P23219,-17.861784,22.030222,25.431175,-4.259627,12.329886,-4.428363,-0.76706773,-20.406744,-10.169772,-20.17865,-17.031752,-16.812756,4.3762345,22.656296,13.99619,-29.898714,-9.624694,-4.414704,1.9757613,16.325693,15.886493,14.023818,-23.820618,14.864871,23.685293,-1.2414875,-15.008206,-13.46611,-27.55394,15.635373,24.144958,-9.731589,-15.486045,-12.244263,-14.540982,-20.245796,-10.266853,7.33956,15.165723,-26.248438,-13.175456,-15.967534,-28.609617,-0.9102414,23.98414,-17.537157,-2.1822412,-10.886727,-5.958589,9.504581,-3.5155404,10.13968,18.360216,3.7312164,-9.934897,-5.6330223,18.312605,12.424446,-15.20414,-9.955451,-31.37644,-14.749076,26.061079,-9.938502
P00549,-16.136997,20.502542,23.859676,-4.8455877,12.726409,-3.6113417,-1.2030216,-18.385845,-10.536775,-18.355303,-15.8713,-15.833328,4.3394146,21.259071,13.139992,-28.86327,-8.994075,-4.622404,2.4328556,15.324536,14.673359,12.614794,-22.668756,14.241539,22.401165,-1.028594,-14.257114,-11.857388,-26.06704,14.079757,22.365812,-9.50129,-14.524767,-11.516636,-13.686228,-17.83723,-10.799816,7.01464,14.938824,-24.112682,-12.441071,-15.443374,-27.170256,-1.7343395,23.27222,-16.186886,-2.2399945,-9.783674,-5.7906923,8.21919,-3.3117046,9.305178,17.439348,3.7759953,-9.397943,-5.3275294,16.29359,11.497801,-13.236406,-9.382043,-30.059404,-13.9492855,24.622032,-8.477149
P42684,-15.892941,21.868547,23.525314,-4.938266,13.17584,-3.946357,-1.6224684,-18.998417,-10.700197,-18.539669,-16.576395,-16.716307,4.2472515,22.501938,13.122571,-29.966818,-10.534694,-5.375703,1.7163252,16.631964,15.704752,14.456358,-23.37062,15.800964,24.128912,-1.1156874,-15.742828,-12.326607,-26.980347,14.867477,23.346355,-11.158787,-15.967415,-11.787404,-15.0728855,-18.35137,-10.701178,7.470511,15.088292,-25.106678,-12.990807,-16.782326,-28.813288,-2.4329839,23.976822,-16.76372,-2.346501,-9.912768,-6.149014,8.730355,-3.640304,9.860143,17.847294,3.85407,-10.055623,-5.6711135,16.780909,10.861371,-13.970362,-9.89783,-30.69588,-14.998075,25.792377,-8.91377
P07250,-15.760677,20.144262,23.070248,-4.6080337,12.425188,-3.548949,-1.1238005,-17.9789,-10.09923,-17.91925,-15.4098425,-15.514775,4.162371,20.814161,12.72932,-28.195469,-8.9303465,-4.414427,2.1796188,14.920066,14.263651,12.618122,-22.157408,13.983072,22.073204,-1.0142484,-13.929632,-11.751688,-25.140892,13.7875,21.869328,-9.346168,-14.290341,-11.264564,-13.5639515,-17.431107,-10.439658,6.867965,14.434402,-23.474943,-12.142264,-15.0914345,-26.657375,-1.5276977,22.586617,-15.752533,-2.0875528,-9.56188,-5.4942894,8.154154,-3.3124192,9.100962,16.876785,3.694187,-9.106476,-5.189469,16.128763,11.032934,-13.273498,-9.29414,-29.151772,-13.712941,24.201693,-8.417162
P01593,-21.733864,29.23491,32.03763,-6.612446,17.674788,-5.1796913,-2.0069823,-25.527235,-14.225513,-25.106577,-22.217705,-22.379642,5.6808167,29.94641,17.874353,-40.391724,-13.473754,-6.9460363,2.5115747,22.160946,20.783747,19.071533,-31.352032,20.559694,32.27363,-1.5808512,-20.605217,-16.716276,-35.95001,19.931051,31.196957,-14.364805,-20.969345,-15.971155,-19.896091,-24.79462,-14.710971,9.893122,20.355064,-33.500175,-17.533623,-22.218998,-38.46008,-2.6560764,31.993439,-22.466915,-3.0205808,-13.387711,-8.09815,11.68816,-4.823318,13.171656,23.962494,5.204038,-13.19809,-7.5347347,22.859802,14.888622,-19.028297,-13.294546,-41.376564,-19.857323,34.707863,-12.203517
Q01217,-16.137712,19.836378,23.491173,-4.3840656,11.91938,-3.629686,-0.8931449,-18.219885,-9.903857,-18.188757,-15.375034,-15.277737,4.1447253,20.562979,12.892525,-27.742163,-8.442852,-4.1295757,2.3836877,14.68335,14.240035,12.096608,-21.97323,13.464328,21.515335,-0.96142465,-13.481532,-11.878169,-25.174711,13.836998,21.793869,-8.759915,-13.922745,-11.258378,-13.106603,-17.812498,-10.113745,6.656393,14.343761,-23.573944,-12.062383,-14.646983,-26.119148,-1.1527234,22.377426,-15.793862,-2.0419042,-9.736394,-5.450908,8.194222,-3.124171,9.065688,16.885431,3.5839455,-9.017998,-5.0660634,16.279161,11.463361,-13.254802,-9.0463,-29.042076,-13.451992,23.788374,-8.566373
P21860,-10.894143,11.691437,15.866717,-3.7900636,7.693195,-2.1914217,-0.7065974,-11.622749,-6.5753603,-10.846694,-9.768838,-8.919812,3.1635551,11.973229,8.989678,-17.448452,-4.665327,-2.417179,2.0601254,10.122734,9.010881,7.0938463,-12.972177,7.331303,14.114902,-0.9165707,-8.528052,-7.486473,-16.700203,8.716149,13.487226,-4.7546177,-7.670777,-7.830132,-7.200734,-10.966175,-8.756213,4.1041512,9.657012,-14.016223,-8.061484,-9.353104,-15.9221735,-0.6228218,13.610023,-9.544987,-2.1361077,-6.370566,-4.3797307,4.420138,-1.6874868,5.8259473,11.278808,2.2052057,-6.2116704,-3.8257391,9.791045,8.174333,-7.490637,-5.9180713,-19.101503,-7.050688,15.192924,-6.131326
P24278,-13.694899,17.18807,19.986229,-4.4823213,10.789732,-3.0985324,-1.2438309,-15.666248,-8.837563,-14.901206,-13.410097,-13.137635,3.7304075,17.739555,11.35111,-24.281183,-7.9844923,-4.0691013,1.8254696,13.679011,12.61359,11.11485,-18.734451,12.074147,19.569849,-1.0447943,-12.585673,-10.143141,-22.284056,12.154804,19.08313,-8.199089,-12.188469,-9.83955,-11.546297,-14.78785,-9.951983,5.951258,12.456372,-19.932055,-10.743248,-13.454394,-23.165798,-1.6753525,19.303127,-13.597155,-2.3340423,-8.308788,-5.306604,6.8287897,-2.859387,7.914296,14.860008,3.3702571,-8.450253,-4.8207994,13.63186,9.577652,-11.056832,-8.148389,-25.415333,-11.594662,21.046438,-7.6118293
B9PW35,-14.76166,19.284657,22.118265,-5.201641,12.241781,-3.4145067,-1.6012621,-17.128193,-10.119268,-16.483511,-15.138447,-14.798172,4.2378244,19.844845,12.459812,-27.345623,-8.912691,-4.870433,2.1047592,15.440314,14.15683,12.466155,-20.845856,13.586903,21.942932,-1.2075474,-14.181681,-10.943043,-25.078342,13.3284645,20.99527,-9.550102,-13.709389,-11.029093,-12.920948,-16.305067,-11.223855,6.7436113,14.218615,-22.288734,-12.0007515,-15.249323,-25.812164,-2.2622468,21.68935,-15.051385,-2.608843,-9.0356865,-6.14583,7.343133,-3.106713,8.924572,16.623783,3.5785952,-9.335867,-5.448074,14.745304,10.526013,-11.902945,-9.013691,-28.533373,-12.787645,23.452295,-8.224753
P46937,-12.362756,12.7889595,17.848177,-3.6951826,8.014831,-2.4991913,-0.3366248,-12.883373,-6.8324814,-12.577941,-10.721167,-9.816612,3.4603603,12.999244,9.821158,-19.027458,-4.2975545,-2.0991735,2.4358015,10.491743,9.604562,7.4312463,-14.2618065,7.283299,15.007343,-1.0160648,-8.495818,-8.500156,-17.890585,9.415984,14.510493,-4.4886785,-8.028791,-8.796433,-7.573473,-12.639494,-9.09576,4.3638706,10.683253,-15.608002,-8.709967,-9.622503,-16.908592,0.1975582,14.676324,-10.420571,-1.9177717,-7.148521,-4.4590416,4.962628,-1.6434836,6.4672976,12.188303,2.1059372,-6.190229,-3.9927673,11.230846,9.412861,-8.727565,-6.3944325,-20.843569,-7.328923,16.535786,-6.962372
P14540,-12.65486,15.20169,18.33572,-3.6291175,9.150003,-2.891206,-0.659518,-14.114755,-7.4907193,-13.904211,-11.951423,-11.6367235,3.419068,15.515365,10.070363,-21.47137,-6.22753,-2.9639876,1.8575629,11.692574,11.000095,9.58942,-16.508165,9.795976,17.161974,-0.9530029,-10.312688,-9.37538,-19.470032,10.61124,16.530111,-6.553188,-10.368087,-9.231162,-9.851584,-13.843269,-8.617694,5.1537557,11.353749,-17.902811,-9.500282,-11.366945,-19.886171,-0.54874456,16.793901,-11.853267,-1.7211342,-7.600406,-4.5248985,6.053909,-2.2327902,7.242991,13.092606,2.481062,-6.9082155,-4.215122,12.572221,9.092761,-10.280039,-7.222668,-22.55644,-9.566573,18.654375,-7.2089705
P05064,-14.874,15.905243,21.273275,-3.8821924,9.357113,-3.2303782,-0.22274393,-15.748005,-7.9007015,-15.671415,-13.053143,-12.18343,3.9500132,16.1139,11.567974,-22.920218,-5.4509125,-2.495044,2.5733595,12.451264,11.6988735,9.410715,-17.493433,9.15211,18.01217,-1.1908069,-10.255054,-10.501151,-21.358757,11.57156,17.701399,-5.6732764,-10.148321,-10.44363,-9.55553,-15.805579,-9.890271,5.3222637,12.6045475,-19.409983,-10.397773,-11.51152,-20.590708,0.45874807,17.75111,-12.83047,-1.9618115,-8.694146,-5.0420446,6.473895,-2.0978997,7.899849,14.51981,2.4127245,-7.251307,-4.642694,14.021229,11.120457,-11.182921,-7.6804776,-24.869877,-9.292958,19.970512,-8.425773
P06681,-25.585617,38.890648,38.57312,-8.657749,24.063839,-6.4725075,-3.7775578,-32.02944,-19.29653,-31.179638,-28.662888,-29.851053,6.7400646,40.437675,21.935326,-52.68204,-20.571743,-11.0453825,2.0994477,29.068623,27.489437,26.147453,-41.69991,30.41483,42.01568,-1.671778,-29.121048,-20.33136,-46.717484,25.929153,41.380424,-21.763878,-29.638203,-18.838814,-27.997847,-30.246666,-17.36212,13.435249,25.34582,-43.735054,-22.263834,-30.404928,-52.04421,-6.4689603,42.95887,-29.791607,-4.0302405,-16.318377,-10.280626,15.590525,-7.2348523,16.552807,30.651484,7.8026237,-18.06483,-9.468201,28.28201,16.64669,-23.820934,-17.08582,-52.847176,-28.739576,44.848915,-13.62423
O32504,-5.7881603,3.606123,7.965042,-1.6641879,2.1340814,-1.1275433,0.31869227,-5.241584,-2.1711133,-4.6907425,-3.9353023,-2.6880116,1.8024125,3.5293865,4.3580046,-6.1699467,-0.137261,0.16563839,1.5380787,3.9816935,3.4162445,1.7790282,-4.124401,0.6428589,5.2415743,-0.6422149,-2.2164083,-3.5439534,-6.98464,3.3803482,4.827283,0.044523716,-1.3768383,-4.0885453,-1.2268775,-5.191227,-4.670761,1.2648824,4.320531,-5.2145405,-3.3467984,-2.7825077,-4.7396145,1.1364872,4.341377,-3.365644,-1.1597607,-3.144401,-2.2616131,1.2817267,0.014460251,2.5906591,4.794354,0.30133072,-2.2782679,-1.8582733,4.1459227,4.964146,-2.829056,-2.32511,-7.914026,-0.71657735,5.760516,-3.680029
Q9JHG7,-9.117933,8.687742,12.443052,-1.7980251,4.8051696,-1.9168407,0.37175667,-9.264854,-3.9815874,-9.296534,-7.0884614,-6.621823,2.2659721,8.801915,6.6162987,-12.5146675,-2.4647396,-0.5744402,1.6102601,6.410799,6.321725,4.974361,-9.77203,4.375921,9.873285,-0.5811539,-4.978498,-6.4860735,-11.477096,6.4622865,9.859815,-2.2879927,-5.2603593,-6.2142544,-5.061744,-9.379703,-5.328002,2.7814147,7.0124664,-10.876862,-5.747908,-5.841845,-11.0647335,1.2238655,9.584331,-7.0397162,-0.84655124,-5.2260337,-2.475988,3.7784214,-0.98395085,4.4912186,7.964556,1.166093,-3.7450523,-2.4833317,8.541078,6.778726,-6.920691,-4.401546,-13.691936,-4.8037453,11.193307,-5.25874
O75525,-16.566183,21.326088,24.687826,-5.8524947,14.055325,-3.505091,-1.790579,-18.957457,-11.604924,-18.284258,-16.52144,-16.403028,4.617213,22.137726,13.9966135,-30.46868,-10.1437845,-5.42547,2.4993865,16.795794,15.472064,13.367409,-23.578178,15.5175905,24.06286,-1.1206936,-15.816329,-12.000997,-27.733091,14.841559,23.612188,-10.561766,-15.361501,-11.894954,-14.47268,-17.785006,-12.542828,7.4767356,15.66732,-24.62944,-13.278237,-16.85184,-29.015291,-2.7384512,24.59588,-16.872593,-2.9678328,-10.045192,-6.50588,8.327643,-3.752836,9.54976,18.583677,4.3771715,-10.559499,-5.893515,16.42819,11.655223,-13.125531,-9.995051,-31.792984,-14.847236,26.002464,-8.612795
Q9NPI8,-12.097097,13.405608,17.191727,-3.3527343,8.068066,-2.6359,-0.41496038,-13.083135,-6.6728964,-12.668877,-10.760235,-10.226528,3.196527,13.690802,9.53397,-19.1904,-5.2247243,-2.3477411,1.8883054,10.586258,9.880917,8.278945,-14.740067,8.293609,15.376905,-0.9189998,-9.067421,-8.727772,-17.747044,9.74704,15.049424,-5.2574644,-8.885466,-8.507896,-8.442525,-12.736822,-8.243355,4.522271,10.261747,-16.036888,-8.681811,-10.002289,-17.706194,-0.08111918,14.96017,-10.747276,-1.7362745,-7.1367435,-4.18038,5.468619,-1.9381272,6.5135636,12.017424,2.3074255,-6.365825,-3.8848019,11.595926,8.764541,-9.3376045,-6.546556,-20.55611,-8.288413,16.831175,-6.888418
P0AAW9,-12.051308,10.913777,17.068754,-3.1762285,6.465833,-2.4205647,0.19235338,-11.957446,-5.7015004,-11.756816,-9.655309,-8.341685,3.3294237,10.907722,9.243096,-16.551992,-2.6440852,-1.1023272,2.5808733,9.216239,8.421257,5.976646,-12.187096,5.0277934,13.043518,-1.0800258,-6.6861978,-8.038857,-16.069595,8.431322,12.620986,-2.7231495,-6.1595917,-8.425696,-5.7601933,-12.110184,-8.548999,3.6420624,9.795798,-13.905342,-7.863516,-7.854456,-14.074204,1.2855564,12.43652,-9.129901,-1.7423626,-6.8130035,-4.137446,4.313725,-1.0741509,5.9487586,11.05498,1.4488348,-5.2306504,-3.6817741,10.441459,9.507155,-7.971831,-5.6368537,-18.80623,-5.3287883,14.572507,-7.0190654
O00291,-12.496423,13.704545,17.879995,-3.7404957,8.497747,-2.6755507,-0.5319579,-13.415079,-7.1149225,-12.848592,-11.160423,-10.444405,3.39805,13.994029,9.987668,-19.780823,-5.52562,-2.589464,2.0074742,11.199671,10.222084,8.441278,-15.076254,8.631305,15.914101,-1.0318292,-9.648471,-8.774642,-18.687077,10.122486,15.562634,-5.511435,-9.087293,-8.736252,-8.537636,-12.980761,-8.997701,4.742454,10.65828,-16.443644,-9.036579,-10.424797,-18.289003,-0.37753126,15.51202,-11.122091,-2.106483,-7.3606367,-4.573888,5.5505233,-2.0826237,6.6420655,12.642467,2.4385076,-6.8334565,-4.1647263,11.680841,9.12908,-9.229736,-6.752514,-21.456694,-8.440525,17.331135,-6.9898796
O95166,-12.347864,13.954115,17.864416,-3.67979,8.867223,-2.4760895,-0.54820275,-13.295582,-7.293869,-13.101722,-11.064296,-10.723839,3.3354816,14.301417,9.840012,-20.33152,-5.3747187,-2.5346012,2.206954,10.806638,10.0868845,8.349063,-15.581951,8.756336,16.002869,-0.8124901,-9.327391,-8.83056,-18.296112,9.861786,15.482815,-5.5906725,-9.310828,-8.855129,-8.888716,-12.8689,-8.803944,4.714704,10.940368,-16.51612,-9.032863,-10.48124,-18.54083,-0.28700557,15.918757,-11.036358,-1.7149165,-7.2502728,-4.212917,5.4944916,-2.0409105,6.6601152,12.495281,2.4686728,-6.496203,-3.943119,11.880489,8.995346,-9.498428,-6.8116245,-21.538647,-8.793886,17.566923,-6.774746
A0A0H3LCC3,-14.813345,14.893059,20.269245,-2.732461,7.861171,-3.3637536,0.45732605,-15.436285,-6.6189537,-15.525423,-12.099632,-11.332976,3.5113862,15.098462,10.884746,-20.752544,-4.817787,-1.5626374,2.190415,10.979125,10.833513,8.709303,-16.455034,8.165541,16.214964,-1.063235,-8.984327,-10.556957,-19.519974,11.198952,16.87061,-4.5067883,-9.359562,-9.687949,-8.806552,-15.833183,-8.045626,4.8032274,11.221531,-18.665998,-9.508444,-9.965125,-18.902828,1.488075,16.210896,-12.2915,-1.4827765,-8.614929,-4.160141,6.768965,-1.9821402,7.3983192,13.36913,2.1253734,-6.5085325,-4.094925,14.136379,10.843222,-11.5124,-7.1214843,-22.756792,-8.763355,18.461826,-8.373476
P12960,-8.399972,8.52772,12.184581,-2.6769183,5.4191895,-1.7309088,-0.22645308,-8.703691,-4.621017,-8.411523,-7.2777696,-6.5345817,2.5239637,8.611777,6.6546197,-12.8861475,-2.7211025,-1.2829201,1.7546462,7.2113643,6.5195236,5.069587,-9.423388,4.602203,10.401626,-0.7504385,-5.6599956,-5.799623,-12.1639595,6.2158437,9.601929,-2.9266026,-5.222199,-6.289881,-4.9641356,-8.50847,-6.5794754,2.9619935,7.4735184,-10.406799,-5.946158,-6.5488915,-11.226491,0.22321899,9.742593,-6.8078175,-1.370396,-4.8561053,-3.220812,3.1042633,-0.93924016,4.527287,8.260516,1.2368844,-4.1522837,-2.8561943,7.4739685,6.5401955,-5.7856107,-4.437267,-14.171043,-4.463624,11.294267,-4.9516025
P11836,-15.403857,18.436726,22.297392,-4.5028014,11.304291,-3.3340645,-0.9448617,-17.21316,-9.338094,-16.740828,-14.3856325,-14.083241,3.9876976,18.941042,12.421303,-26.09616,-7.889213,-3.8234928,2.3050287,14.307747,13.418891,11.4282255,-20.239653,12.313079,20.758307,-0.9821608,-12.773583,-11.300994,-23.769257,13.09772,20.365782,-8.120773,-12.795052,-10.916622,-12.085008,-16.640772,-10.470396,6.178104,13.612372,-21.683329,-11.623101,-13.935618,-24.456245,-0.99119395,20.719257,-14.572764,-2.2264931,-9.232156,-5.4150634,7.4802365,-2.8922064,8.570874,16.050802,3.3326094,-8.725987,-5.0152726,15.280879,10.898553,-12.337512,-8.664889,-27.468687,-12.20161,22.546974,-8.49754
P62256,-14.847069,17.185867,20.842934,-3.6238375,9.943094,-3.3767223,-0.41840112,-16.347052,-8.029913,-16.075897,-13.35405,-13.094904,3.662318,17.556026,11.506138,-23.900112,-7.0200005,-2.9844437,1.9001857,12.881389,12.307569,10.805353,-18.769085,10.991363,19.060905,-1.0421739,-11.420036,-11.023493,-21.64713,12.318053,19.012552,-6.973882,-11.680767,-10.221319,-11.13638,-16.092625,-9.142935,5.70584,12.328151,-20.373974,-10.6471,-12.439516,-22.470467,-0.060782313,18.777138,-13.641011,-1.7959621,-8.849541,-4.712801,7.340949,-2.6719155,8.061028,14.672991,2.9482188,-7.763802,-4.588066,14.863762,10.384774,-12.289078,-8.152704,-25.171824,-11.107556,21.002033,-8.383579
P04075,-11.7082815,14.844554,17.321472,-4.077909,9.507143,-2.6257908,-1.1848943,-13.45075,-7.852839,-12.775116,-11.625597,-11.3563595,3.3231893,15.327531,9.800091,-21.13698,-6.9317102,-3.6070864,1.7037116,11.947902,10.969424,9.575077,-16.173891,10.474701,17.085436,-0.87085336,-10.964062,-8.644304,-19.430693,10.39154,16.384531,-7.2397623,-10.564263,-8.648494,-9.981716,-12.648631,-8.881577,5.178752,11.009826,-17.189516,-9.347538,-11.785995,-20.027397,-1.656679,16.81447,-11.634298,-2.0947695,-7.126815,-4.7391663,5.711952,-2.4090064,6.8988757,12.937998,2.8349183,-7.362192,-4.246866,11.568953,8.299343,-9.299566,-7.0665154,-22.13261,-9.907849,18.24233,-6.510155
P13001,-10.238563,12.519324,15.279323,-3.243995,8.195424,-2.1399229,-0.6912814,-11.375733,-6.9021726,-11.499457,-9.820277,-9.7642565,2.95479,13.146171,8.298296,-18.077913,-5.3227196,-2.6977463,1.9160498,9.240992,8.989028,7.3355613,-14.262807,8.678439,13.743325,-0.5697562,-8.677328,-7.236809,-16.399252,8.507447,13.864774,-5.6073365,-8.809625,-7.3261456,-8.291944,-10.915982,-7.139034,4.4007006,9.660625,-14.966069,-7.6832085,-9.483464,-16.788803,-1.1378485,14.776741,-9.998006,-1.478591,-6.1351886,-3.657202,4.8854976,-1.9763483,5.7519507,11.010674,2.3623116,-5.8360214,-3.3517456,9.93885,7.569237,-7.895031,-5.875747,-19.010408,-8.461635,15.33315,-5.0571103
P34960,-25.706743,38.21927,39.293213,-9.4373455,24.765785,-6.009272,-3.9368074,-31.531786,-20.062931,-30.819778,-28.513367,-29.504105,7.091289,39.881287,22.355947,-52.985027,-19.838783,-11.065819,2.9137108,28.901194,27.05665,24.963867,-41.63303,29.831797,41.658802,-1.6655258,-28.798897,-19.729692,-47.023438,25.443148,41.019855,-21.17644,-28.889458,-18.949041,-27.269663,-29.485209,-18.820448,13.386376,25.98879,-43.087032,-22.32157,-30.274963,-51.717785,-6.730758,43.293354,-29.539984,-4.383402,-16.175972,-10.552499,14.910099,-7.1319275,16.267328,31.018782,8.005957,-18.100271,-9.566289,27.578644,17.216864,-22.764946,-17.007183,-53.53345,-28.20593,44.72201,-13.122508
A0A4Y1WAR4,-14.523612,16.76544,21.146477,-4.394537,10.316366,-3.182331,-0.7895918,-15.919342,-8.63646,-15.525702,-13.521619,-12.852673,3.9831207,17.141039,11.726409,-24.09784,-6.675087,-3.3802166,2.378052,13.361503,12.371864,10.297658,-18.378105,10.658384,19.117899,-1.1621546,-11.578359,-10.40544,-22.351492,11.997605,18.61529,-7.0017667,-11.242443,-10.403736,-10.5954075,-15.521113,-10.337588,5.732395,12.926437,-19.97768,-10.799129,-12.721768,-22.169027,-0.66632706,18.888128,-13.400805,-2.2426229,-8.626927,-5.3884587,6.6206136,-2.4522374,8.066154,15.037444,2.9005916,-7.980964,-4.8593698,13.929589,10.65366,-11.114507,-8.023342,-25.751968,-10.454734,20.853754,-8.13617
O96028,-15.714487,21.014154,23.566391,-5.3064866,13.381419,-3.5863755,-1.6561403,-18.323412,-10.981579,-18.01558,-16.1786,-16.208899,4.408358,21.773106,13.156485,-29.59996,-9.818161,-5.2649374,2.2169707,16.087418,15.087141,13.368799,-22.991838,15.138858,23.30925,-1.1117043,-15.206195,-11.700282,-26.667078,14.266772,22.766079,-10.479005,-15.160257,-11.558943,-14.317904,-17.487446,-11.3580065,7.322322,15.176123,-24.26826,-12.719515,-16.325474,-28.107624,-2.5347486,23.794107,-16.383957,-2.502893,-9.642827,-6.1599236,8.167613,-3.5239005,9.457472,17.726591,4.0024843,-9.860952,-5.589387,16.030964,11.068497,-13.060681,-9.661295,-30.56626,-14.440836,25.228704,-8.357982
Q9P2J5,-16.962328,21.579103,24.841768,-4.944438,13.128127,-3.8451414,-1.2287586,-19.424633,-10.759505,-19.20234,-16.564472,-16.54609,4.4138536,22.213247,13.734153,-30.125746,-9.552566,-4.750178,2.3401306,16.257738,15.450259,13.555614,-23.548023,14.86471,23.792778,-1.0653809,-14.943465,-12.698821,-27.074724,14.906055,23.377453,-10.039654,-15.293149,-12.194443,-14.446044,-18.901825,-11.21914,7.264221,15.486373,-25.176088,-13.145496,-16.21936,-28.43158,-1.5819539,24.071053,-16.82671,-2.2931864,-10.312926,-6.0101914,8.725287,-3.4655569,9.831652,18.166672,3.8271003,-9.851721,-5.602815,17.351673,11.874503,-14.214823,-9.893495,-31.258879,-14.575047,25.86421,-9.251199
Q9Y4L5,-12.935756,13.866929,17.951712,-3.0180893,7.8438697,-2.9169147,-0.08965329,-13.846406,-6.452687,-13.522521,-11.101321,-10.529771,3.219384,14.091542,9.872994,-19.488716,-5.179285,-2.0308688,1.8201046,10.669581,10.148494,8.563109,-15.173026,8.253093,15.630016,-0.97689325,-9.027589,-9.39498,-18.092443,10.24772,15.611702,-5.0160923,-9.051757,-8.814493,-8.601754,-13.742717,-7.979608,4.5838637,10.352593,-16.798174,-8.888621,-9.924018,-18.033318,0.5223959,15.148089,-11.197017,-1.6123329,-7.607075,-4.085669,5.9750457,-1.9828368,6.777556,12.304291,2.2365167,-6.38238,-3.927229,12.4903,9.287322,-10.192223,-6.7387156,-20.99127,-8.4510355,17.295156,-7.452225
G8JZS6,-11.41509,10.857345,15.794782,-2.9160748,6.1044025,-2.6161928,-0.01872466,-11.8251295,-5.4341645,-11.065349,-9.455056,-8.190929,3.0463808,11.041066,8.841813,-15.634143,-3.8351867,-1.5720459,1.8088146,9.366,8.6227,6.5453076,-11.913487,6.069958,12.715903,-1.096533,-7.570825,-7.7542496,-16.002428,8.732461,13.018308,-3.45524,-6.7098937,-7.510916,-6.1669126,-11.657806,-7.606851,3.7452881,8.749831,-13.824692,-7.514591,-8.048837,-14.358227,0.47562197,12.190521,-9.376831,-2.008044,-6.6234994,-4.1390433,4.702102,-1.4520148,5.690245,10.753517,1.7914743,-5.7783694,-3.6666296,10.009934,8.643577,-7.7444053,-5.483234,-17.895185,-6.0496106,14.074824,-6.613212
O35250,-14.202364,17.281584,21.680243,-5.355661,12.208626,-2.633317,-1.2487854,-15.329928,-10.085653,-15.562502,-13.787826,-13.52688,4.3938255,17.824747,11.894985,-25.952208,-6.903858,-3.9504242,3.0225186,13.389318,12.225372,10.053066,-19.58144,11.514594,19.786797,-1.0768685,-12.077446,-9.738619,-23.022758,11.558551,18.842419,-7.706219,-11.716205,-10.647495,-11.156313,-14.664289,-11.812788,6.225747,14.162783,-20.13243,-11.075272,-13.504988,-23.380009,-1.6228505,20.525185,-13.548965,-2.3730035,-8.34774,-5.525787,6.1859546,-2.7359724,8.018226,15.671325,3.2816086,-8.060589,-5.0235863,13.410072,10.724829,-10.482814,-8.426692,-27.25819,-11.036245,21.834461,-7.1255245
Q08438,-11.382902,13.043787,16.56837,-3.964297,8.48559,-2.3783495,-0.9572934,-12.580269,-7.2053337,-11.61444,-10.540516,-9.897438,3.1941013,13.437708,9.479147,-18.946007,-5.9281635,-2.994083,1.8621371,11.099411,9.982845,8.170465,-14.343323,8.906452,15.474762,-0.8375453,-9.82077,-8.034074,-18.069801,9.647226,14.93682,-5.9377966,-9.039048,-8.116028,-8.444782,-11.750868,-8.877492,4.5516686,10.137571,-15.409655,-8.700596,-10.49379,-17.826887,-1.219052,15.075291,-10.5287695,-2.2875211,-6.7889733,-4.593145,5.093152,-2.102095,6.2433367,12.147033,2.5573668,-6.995091,-4.0602665,10.603544,8.233519,-8.223157,-6.411673,-20.458467,-8.470133,16.488255,-6.316514
O22287,-23.245817,31.731781,35.020157,-7.525829,19.967293,-5.279846,-2.4500449,-27.33473,-16.40069,-27.27814,-24.170057,-24.532265,6.262956,32.94486,19.458885,-44.37087,-14.770961,-8.049239,3.2479475,23.697245,22.519152,19.89358,-34.825233,23.056816,34.429527,-1.4641334,-22.604391,-17.41442,-39.595596,21.386658,34.139473,-15.894093,-23.072382,-16.878418,-21.735512,-26.311258,-15.980071,10.882499,22.477966,-36.65778,-18.899658,-24.304186,-42.223427,-3.8310306,35.93376,-24.7585,-3.3622475,-14.307468,-8.765994,12.525345,-5.384727,13.990619,26.342789,6.084164,-14.5128145,-7.978811,24.202147,16.220201,-19.79331,-14.192436,-45.5302,-22.342857,37.504997,-12.067006
A6NI73,-16.00887,20.47706,23.864206,-5.4305506,13.027301,-3.596974,-1.5916061,-18.39104,-10.86205,-17.797642,-16.086048,-15.756888,4.480385,21.218388,13.434877,-29.076849,-9.4054985,-5.1033363,2.3837962,16.179707,15.016003,12.900832,-22.46363,14.519043,22.977583,-1.1964219,-14.987929,-11.676662,-26.79094,14.2942295,22.60152,-9.916947,-14.575143,-11.565163,-13.687698,-17.48418,-11.741972,7.1372538,15.0681715,-23.91367,-12.721033,-16.041101,-27.543137,-2.349545,23.350758,-16.267647,-2.7595208,-9.737448,-6.3847857,7.990699,-3.3788004,9.365878,17.80445,3.9883127,-9.987949,-5.669935,15.863841,11.432002,-12.713093,-9.502279,-30.49286,-13.898344,24.860212,-8.582594
P10276,-14.468131,17.68476,21.400494,-4.7650194,11.330638,-3.1158752,-1.1324363,-16.143692,-9.3739805,-15.812804,-13.996095,-13.622134,4.080582,18.196224,11.913961,-25.452194,-7.543143,-3.9677198,2.3607519,13.896388,12.851562,10.950308,-19.48285,11.904655,20.069551,-1.1068538,-12.512718,-10.429505,-23.192219,12.32072,19.459057,-8.003741,-12.213926,-10.527282,-11.554715,-15.510839,-10.726194,6.1488357,13.457922,-20.718561,-11.168676,-13.655414,-23.640738,-1.4004953,20.14336,-13.970977,-2.3285234,-8.667116,-5.5244336,6.835794,-2.780235,8.258027,15.577177,3.265781,-8.41372,-5.0054593,14.112776,10.492058,-11.303755,-8.4112835,-26.794628,-11.500669,21.837982,-7.8499227
Q9AIS0,-9.628394,6.2842345,13.253684,-2.652004,3.4379854,-1.9717922,0.4769289,-8.80476,-3.5226774,-7.932903,-6.81586,-4.652235,2.8366005,6.004533,7.355058,-10.354024,-0.39794385,-0.027353138,2.297084,6.976484,5.832296,3.2190864,-6.8717237,1.2819092,8.73142,-1.230503,-3.9783914,-5.8784103,-11.8868885,5.983901,8.247572,-0.1519781,-2.4561756,-6.560677,-2.1093073,-8.976113,-7.580243,2.1664977,7.0069957,-8.957663,-5.6841965,-4.729644,-8.106203,1.852488,7.2220125,-5.9361787,-1.9825039,-5.250573,-3.8351524,2.4202228,-0.16154519,4.3092914,8.138359,0.55788666,-3.880045,-3.1256266,7.0364833,8.150028,-4.85761,-3.78033,-13.331308,-1.4377811,9.604993,-6.1560082
O75943,-15.716852,18.789722,23.094122,-5.092419,11.950731,-3.4001374,-1.191015,-17.470303,-10.0321245,-16.920189,-15.022441,-14.451068,4.358702,19.417692,12.966382,-26.98619,-8.138459,-4.290003,2.518195,14.976285,13.855327,11.547319,-20.793743,12.773691,21.236635,-1.2144717,-13.534101,-11.166264,-25.125944,13.415123,21.077675,-8.423192,-12.995262,-11.080172,-12.196493,-16.71494,-11.449568,6.5491614,14.219587,-22.259119,-11.952283,-14.546556,-25.288671,-1.573426,21.56041,-15.175751,-2.68509,-9.396093,-6.018914,7.443122,-3.0359616,8.757208,16.831104,3.6401901,-9.261602,-5.3838925,15.101486,11.407471,-11.972748,-8.901742,-28.733145,-12.394612,23.203114,-8.409053
P01867,-17.125126,22.40866,25.103489,-5.3302226,13.5344305,-4.1601067,-1.6070833,-20.049986,-11.125317,-19.282652,-17.345346,-17.11427,4.5635743,23.08977,14.16688,-30.981544,-10.619994,-5.4713564,1.9635065,17.519945,16.365974,14.668614,-24.10103,15.970342,24.925749,-1.3266228,-16.346432,-12.929044,-28.522625,15.702567,24.509598,-11.028715,-16.112492,-12.303535,-15.158387,-19.245195,-11.7264805,7.703232,15.686877,-26.022543,-13.628063,-17.300999,-29.798431,-2.3341115,24.77675,-17.626348,-2.7735815,-10.546284,-6.6769485,9.055948,-3.750321,10.211376,18.87458,4.1761527,-10.726512,-6.052379,17.499514,11.862727,-14.362697,-10.276155,-32.258915,-15.259611,26.785526,-9.5658865
P36006,-23.12869,35.391212,35.054035,-8.147377,22.486284,-5.646975,-3.5691562,-28.86904,-17.946625,-28.21127,-25.956854,-27.255722,6.208242,36.920918,19.950846,-48.334084,-18.821075,-10.157343,2.0865076,26.266396,24.820984,23.625359,-38.28695,27.952501,38.295612,-1.4395922,-26.579569,-18.26789,-42.436844,23.378853,37.704617,-19.92865,-27.060495,-17.079372,-25.652657,-27.0032,-16.191185,12.32461,23.255209,-39.606888,-20.238697,-27.818485,-47.69591,-6.1826406,39.50878,-27.080252,-3.687482,-14.708997,-9.257457,14.042701,-6.705435,14.9155035,27.926987,7.346555,-16.456066,-8.585141,25.53806,15.036732,-21.474768,-15.665359,-48.29833,-26.421614,41.0094,-11.990583
P02293,-7.1766453,4.576441,9.873486,-2.0163167,2.6003225,-1.4361969,0.37696853,-6.5332484,-2.6568725,-5.8648753,-4.9778314,-3.3991346,2.1745594,4.4279237,5.4400086,-7.676996,-0.23825443,0.09460048,1.8076178,5.064105,4.2928643,2.3032532,-5.1187816,0.8805959,6.4993844,-0.85488635,-2.8580244,-4.388971,-8.759304,4.3259845,6.069292,-0.029610207,-1.7718517,-4.977135,-1.5488424,-6.5636897,-5.7111816,1.5917697,5.285494,-6.573791,-4.189631,-3.4859476,-5.958946,1.3930827,5.383146,-4.2998786,-1.4575216,-3.907279,-2.8296707,1.6990923,-0.05136654,3.211807,6.0028863,0.39508486,-2.8602803,-2.3158095,5.1925435,6.114117,-3.564811,-2.8498423,-9.868656,-0.98317385,7.1476746,-4.574124
P0AF36,-13.475644,13.992058,18.724768,-3.6099308,8.31375,-2.8748639,-0.31568184,-14.288232,-6.992569,-13.445939,-11.366741,-10.508842,3.4127905,14.164208,10.534676,-19.961843,-5.6195197,-2.2831461,1.9767638,11.55983,10.565923,8.633658,-15.264018,8.561816,16.376867,-1.0155921,-9.737054,-9.509906,-19.1107,10.736918,16.124458,-5.273554,-9.184345,-9.114869,-8.605731,-13.921563,-9.170766,4.6977673,10.734994,-16.917372,-9.400617,-10.458131,-18.585886,0.14079833,15.593842,-11.418002,-2.2068334,-7.8913217,-4.6107144,5.9859085,-2.158039,6.877955,13.072156,2.3917935,-7.136599,-4.331531,12.536241,9.685071,-9.927638,-6.964859,-21.914236,-8.533348,17.77345,-7.7159142
P11488,-12.796828,13.567334,18.470629,-3.8386712,8.6537485,-2.515446,-0.4008945,-13.384295,-7.2346697,-13.1622925,-11.138481,-10.436015,3.5393612,13.822591,10.168727,-20.147686,-4.7200055,-2.268764,2.4819298,10.854639,9.974448,7.907274,-15.207504,7.9555984,15.809636,-0.98423827,-8.974575,-8.874912,-18.514036,9.822966,15.2827635,-4.920057,-8.655568,-9.104428,-8.2367115,-13.05699,-9.4043045,4.6229467,11.142276,-16.336636,-9.096966,-10.178632,-18.015064,0.10282109,15.584537,-10.941069,-1.8930416,-7.4028916,-4.463217,5.283712,-1.8535469,6.698654,12.676191,2.3369868,-6.438868,-4.0906773,11.835014,9.597374,-9.293117,-6.771474,-21.782711,-8.049142,17.460278,-7.091226
O75970,-13.390001,13.520493,19.111488,-3.3574557,7.919164,-2.8467722,0.019794181,-13.8640995,-6.886898,-13.899655,-11.367801,-10.396059,3.5879507,13.762869,10.297299,-19.714764,-4.2167344,-1.8633993,2.562491,10.590063,10.087839,7.607636,-15.125119,7.4263134,15.235148,-1.037777,-8.526584,-9.181883,-18.764095,10.017839,15.330297,-4.323561,-8.394249,-9.209686,-7.8233843,-14.010503,-8.717287,4.53078,11.1191025,-16.954626,-8.997612,-9.631643,-17.47058,0.7050344,15.390913,-11.176567,-1.7587197,-7.7465353,-4.44048,5.5610905,-1.6668174,6.861188,12.777251,2.0001268,-6.2388024,-4.03563,12.236294,10.26539,-9.580064,-6.5659637,-21.801891,-7.6818986,17.157242,-7.411338
P82612,-11.295316,12.86456,16.806978,-3.9890594,8.644139,-2.2576299,-0.8397721,-12.211916,-7.3664794,-11.830576,-10.551972,-9.956319,3.361393,13.338183,9.376016,-19.13564,-5.2200594,-2.842424,2.2476416,10.512289,9.623042,7.6004744,-14.510551,8.454178,14.9493885,-0.86902285,-9.255945,-7.7436724,-17.911568,9.173109,14.594355,-5.4993014,-8.667653,-8.15175,-8.139921,-11.562481,-8.919771,4.5725136,10.490679,-15.393232,-8.492961,-10.1592045,-17.494345,-1.0508898,15.225382,-10.449434,-2.0653167,-6.6511946,-4.4756637,4.81594,-1.9353489,6.1842637,12.053278,2.4949517,-6.5076804,-3.9238648,10.368668,8.526302,-7.983283,-6.311577,-20.61945,-8.146928,16.371212,-5.9549723
P03087,-10.495072,10.010005,14.718347,-3.3630912,6.2164493,-2.2137027,-0.40347394,-10.908793,-5.538857,-9.682371,-8.732656,-7.444794,2.9275162,10.109474,8.47145,-14.809014,-4.029036,-1.799458,1.7802035,9.4202795,8.19912,6.1759877,-10.87228,5.936624,12.533733,-0.971198,-7.6155105,-7.0291615,-15.287021,8.196201,12.107586,-3.6737545,-6.3387933,-7.1699634,-5.789622,-10.381134,-8.192534,3.5141637,8.392303,-12.412482,-7.3298645,-8.03664,-13.647294,-0.13988511,11.50195,-8.490754,-2.3394783,-6.093923,-4.256455,4.074752,-1.449314,5.2686763,10.350413,1.7642316,-5.920346,-3.7055492,8.931903,7.896078,-6.6632466,-5.251061,-17.012705,-5.603539,13.313756,-6.161663
O76071,-9.542872,8.0065,13.332909,-2.4583652,4.6067543,-1.9685484,0.27436247,-9.325261,-4.2057323,-8.955216,-7.3654575,-6.077802,2.6765444,7.9979267,7.245167,-12.248948,-1.7535092,-0.59935635,2.0625374,7.092087,6.457972,4.3561993,-8.953213,3.3730247,9.82245,-0.9038913,-4.9577403,-6.2622414,-12.43425,6.4824567,9.581761,-1.6507512,-4.3159957,-6.582708,-3.985378,-9.41339,-6.756494,2.6964753,7.4591866,-10.51401,-5.999415,-5.7870994,-10.344043,1.2070464,9.163149,-6.8968635,-1.5063854,-5.3679366,-3.355444,3.209677,-0.6760412,4.5922356,8.515243,1.0012317,-4.0879664,-2.9312599,7.953274,7.6444855,-5.9659896,-4.2776856,-14.328564,-3.5749452,10.967822,-5.6689906
A0A0H3L5C8,-14.813345,14.893059,20.269245,-2.732461,7.861171,-3.3637536,0.45732605,-15.436285,-6.6189537,-15.525423,-12.099632,-11.332976,3.5113862,15.098462,10.884746,-20.752544,-4.817787,-1.5626374,2.190415,10.979125,10.833513,8.709303,-16.455034,8.165541,16.214964,-1.063235,-8.984327,-10.556957,-19.519974,11.198952,16.87061,-4.5067883,-9.359562,-9.687949,-8.806552,-15.833183,-8.045626,4.8032274,11.221531,-18.665998,-9.508444,-9.965125,-18.902828,1.488075,16.210896,-12.2915,-1.4827765,-8.614929,-4.160141,6.768965,-1.9821402,7.3983192,13.36913,2.1253734,-6.5085325,-4.094925,14.136379,10.843222,-11.5124,-7.1214843,-22.756792,-8.763355,18.461826,-8.373476
O75330,-17.174334,20.446169,24.512636,-4.224191,11.782842,-3.9580708,-0.5435936,-19.070076,-9.606244,-19.102795,-15.852112,-15.605358,4.2975755,20.788221,13.334487,-28.351355,-8.232816,-3.6548712,2.30199,15.161,14.546172,12.732689,-22.150833,13.032754,22.465881,-1.1670524,-13.396042,-12.794933,-25.542252,14.355302,22.107058,-8.516948,-13.943496,-12.12384,-13.201194,-19.102312,-10.539904,6.759561,14.794281,-24.226622,-12.552661,-14.702834,-26.365486,-0.19618131,22.290194,-15.964129,-1.96491,-10.304248,-5.5568104,8.570246,-3.0850384,9.593688,17.30497,3.1761312,-8.936345,-5.373327,17.368387,12.146416,-14.345375,-9.4937105,-29.750078,-13.039037,24.66816,-9.6730795
P05031,-11.302186,14.151254,17.008322,-4.0065284,9.001454,-2.5841784,-1.0665032,-12.861393,-7.542122,-12.441231,-11.359531,-10.879077,3.3821065,14.511373,9.448713,-20.388445,-6.0676627,-3.3387582,1.8884355,11.492534,10.52569,8.995608,-15.326318,9.460197,16.37209,-0.95491153,-10.184051,-8.261468,-18.836044,9.770313,15.378839,-6.6551723,-9.779119,-8.653714,-9.212396,-12.350048,-8.802176,4.955136,10.979426,-16.5628,-9.015645,-11.186858,-18.796785,-1.3457094,15.992703,-11.015578,-1.9685487,-6.85496,-4.770618,5.1998663,-2.0365102,6.8118725,12.495782,2.408541,-6.80605,-4.1660104,10.981865,8.3540945,-8.755587,-6.7371535,-21.497667,-8.857773,17.4944,-6.4366097
Q05516,-16.674747,22.196444,24.741795,-5.7910557,14.422996,-3.6539693,-1.8993903,-19.420467,-11.75315,-18.690569,-16.891989,-17.01298,4.554391,22.99823,14.056651,-31.254747,-10.955224,-5.702676,2.1867664,17.268534,15.962158,14.260754,-24.29932,16.456596,24.927765,-1.0914448,-16.5136,-12.380769,-28.177504,15.319416,24.329044,-11.351735,-16.237865,-12.042999,-15.341036,-18.221853,-12.354594,7.744849,15.796541,-25.367785,-13.573371,-17.483284,-30.089447,-2.966831,25.238941,-17.328388,-2.910025,-10.218095,-6.4913507,8.775409,-4.009609,9.817588,18.858732,4.497132,-10.851063,-5.9904475,16.97305,11.4393425,-13.778889,-10.328791,-32.276527,-15.664797,26.771166,-8.780839
P10768,-14.106293,15.405042,19.544233,-3.4890373,8.938755,-3.1420162,-0.3434144,-15.294838,-7.4532075,-14.603366,-12.173645,-11.606465,3.441254,15.733037,10.936272,-21.438696,-6.587629,-2.6367753,1.8090471,12.110385,11.403573,9.592845,-16.835138,9.963577,17.393488,-0.94848627,-10.686501,-10.158557,-20.290947,11.594893,17.583092,-6.168049,-10.484105,-9.37041,-9.818849,-14.951329,-8.82975,5.1507244,11.193882,-18.563059,-9.882056,-11.300845,-20.376173,-0.12098924,17.075254,-12.518899,-2.106074,-8.368232,-4.5928483,6.7970643,-2.5281184,7.310492,13.812375,2.6938403,-7.6102805,-4.421737,13.576852,9.908602,-10.949977,-7.4222355,-23.19951,-9.9525175,19.032104,-7.868732
P0AFX7,-11.841399,12.012646,17.120674,-3.6796908,7.563911,-2.3801003,-0.36011237,-12.288994,-6.4912343,-11.824826,-10.225323,-9.193093,3.3644912,12.159102,9.477226,-18.050701,-3.9291894,-1.9777124,2.3982868,10.195818,9.182129,7.017621,-13.329594,6.654987,14.401073,-1.028617,-8.058727,-8.109282,-17.146854,8.958051,13.703593,-4.137959,-7.4192433,-8.524557,-6.9933987,-12.001688,-9.030506,4.098609,10.253439,-14.67625,-8.38091,-9.187133,-15.920684,0.2357555,13.780742,-9.805776,-1.954319,-6.826685,-4.437708,4.5571465,-1.4582695,6.2023907,11.66687,1.954644,-5.9620605,-3.901852,10.597357,9.088892,-8.155523,-6.091081,-19.91096,-6.661793,15.727357,-6.829182
P13458,-12.322646,15.016696,18.334444,-4.1352663,9.319965,-2.8308272,-1.0408753,-13.966627,-7.899298,-13.397591,-12.126921,-11.509268,3.5417075,15.430151,10.236021,-21.517025,-6.398734,-3.474818,2.007235,12.275319,11.301389,9.474148,-16.29573,9.975075,17.274315,-1.0067351,-10.796507,-8.967979,-20.178417,10.619642,16.554607,-6.8782005,-10.345331,-9.160764,-9.690206,-13.430113,-9.190481,5.186279,11.538267,-17.76833,-9.628946,-11.788981,-19.948627,-1.2701528,16.962576,-11.891248,-2.1275725,-7.4521127,-5.0712233,5.6941805,-2.1551707,7.2401443,13.375867,2.6126568,-7.3490114,-4.395911,11.907394,9.072107,-9.449214,-7.0908713,-22.882576,-9.491196,18.51746,-7.019513
Q9NP31,-17.75327,17.460855,24.243496,-3.3178823,9.299716,-3.8581207,0.63893324,-18.196724,-7.6716886,-18.373615,-14.216976,-13.265408,4.1658583,17.478743,13.022091,-24.664362,-5.1238527,-1.5758238,2.7517526,12.979088,12.552183,10.144204,-19.210846,8.963615,19.343351,-1.3329878,-10.155651,-12.649332,-22.733082,13.123074,19.595045,-4.8789372,-10.614904,-11.777571,-10.10344,-18.780394,-10.053732,5.5398,13.442876,-21.685713,-11.387964,-11.593717,-22.032164,2.310112,18.806091,-14.244756,-1.6688021,-10.21172,-4.868025,7.8237953,-2.2162611,8.767233,15.757008,2.381105,-7.4126654,-4.8622556,16.923399,13.002975,-13.805166,-8.494489,-26.971388,-9.86262,21.949636,-10.26296
O60565,-9.591904,13.403805,14.530401,-4.211726,9.70697,-1.847761,-1.6836467,-11.431933,-7.937933,-10.4798765,-9.941893,-10.235459,2.8317113,14.10808,8.501709,-19.254879,-7.692934,-3.9814115,1.3840344,10.839933,9.784386,8.713016,-14.929934,11.044211,15.67491,-0.39852452,-10.905688,-7.03088,-17.350742,9.1892185,14.957022,-7.779758,-10.38637,-7.127899,-9.795982,-9.989622,-8.319078,4.8530903,9.694661,-14.904647,-8.348918,-11.32438,-18.964462,-2.993104,15.962543,-10.326497,-2.2333398,-5.9507575,-4.1324883,5.057597,-2.7362554,5.723757,11.660015,3.1168513,-7.291155,-3.8043466,9.614698,6.391718,-7.5788565,-6.447165,-19.745272,-10.130111,16.418056,-4.6859045
P19835,-15.623172,19.950998,22.837748,-4.690914,11.903083,-3.7879095,-1.2479185,-18.077208,-9.817196,-17.516857,-15.554652,-15.236186,4.1772637,20.481493,12.757848,-27.664719,-9.055218,-4.585401,1.920524,15.554836,14.584614,12.946069,-21.438715,13.772912,22.245752,-1.2151712,-14.239203,-11.752479,-25.476763,13.982352,21.74243,-9.46663,-14.122331,-11.2994995,-13.289578,-17.540281,-10.5680275,6.8153634,14.218155,-23.32852,-12.218501,-15.232434,-26.305262,-1.6576381,21.978424,-15.651942,-2.3956702,-9.569758,-5.9788327,8.037736,-3.1770499,9.252135,16.901648,3.5043995,-9.390186,-5.4330363,15.839978,10.977332,-12.986548,-9.196824,-28.928339,-13.21399,23.957449,-8.840906
P25858,-15.273241,20.945189,23.23344,-5.5513024,13.997131,-3.2147064,-1.8533485,-17.823313,-11.371346,-17.683588,-15.872393,-16.241535,4.365876,21.806158,12.9702425,-29.914814,-9.916715,-5.418105,2.4070325,15.786832,14.778444,13.111502,-23.240139,15.432913,23.2958,-0.91638976,-15.163869,-11.334106,-26.269226,13.889287,22.559711,-10.707502,-15.281894,-11.412939,-14.527273,-16.752344,-11.6030245,7.329235,15.306279,-23.855856,-12.646417,-16.446619,-28.30904,-2.9004233,24.148422,-16.15202,-2.4172375,-9.347634,-5.9292154,7.927386,-3.6224072,9.21727,17.586548,4.2048984,-9.762969,-5.4418917,15.710956,10.694475,-12.759515,-9.67819,-30.524195,-14.770639,25.242939,-7.7860956
P0C7R1,-13.116897,10.317729,18.143478,-3.2545283,5.323015,-3.025006,0.41736558,-12.8084955,-5.3519845,-11.857291,-10.191379,-7.7207885,3.646755,10.233464,10.069024,-15.469203,-2.3109272,-0.96657115,2.540969,10.081565,8.982269,5.687851,-11.205845,4.174393,12.616942,-1.5630025,-6.9951687,-8.284106,-17.524641,9.187593,13.01776,-1.9009733,-5.3382707,-8.498755,-4.5991464,-13.116393,-9.037379,3.5743532,9.56881,-14.252594,-8.022265,-7.5327473,-13.304107,1.534269,11.683365,-9.582355,-2.5805476,-7.4125743,-5.112393,4.4513545,-0.89958495,6.159291,11.750821,1.2684523,-5.9592204,-4.2153487,10.353864,10.696401,-7.492222,-5.407299,-19.19139,-4.243911,14.097282,-7.9011154
P08487,-15.540958,15.780491,22.32359,-4.0535126,9.537764,-3.095395,-0.0056399256,-15.927391,-8.0826435,-16.163805,-13.137527,-12.161978,4.162489,15.9177885,11.992985,-23.373032,-4.5726852,-2.085457,3.1548903,12.262883,11.500919,8.792343,-17.660206,8.354605,18.00792,-1.1869632,-9.611873,-10.709234,-21.47204,11.443636,17.54798,-4.930323,-9.623676,-10.966846,-9.108721,-16.139378,-10.588959,5.2183666,13.214819,-19.43121,-10.600761,-11.227835,-20.330288,1.071529,17.903366,-12.753639,-1.8791509,-8.912985,-5.0306726,6.274227,-1.8847021,7.9797726,14.797977,2.2861686,-6.9729404,-4.650267,14.348365,11.889898,-11.288723,-7.7485256,-25.509586,-8.798197,20.207237,-8.687188
O35381,-17.719608,21.866858,26.600407,-6.397019,14.70025,-3.5851796,-1.7596252,-19.760088,-12.301197,-19.24031,-17.383636,-16.931349,5.0984564,22.713968,15.006878,-31.912977,-9.70507,-5.463999,3.1313214,17.438883,15.964668,13.2251,-24.483555,15.363234,24.782032,-1.3188835,-16.04179,-12.413363,-29.292316,15.311444,24.45023,-10.263,-15.316104,-12.667219,-14.402984,-18.613932,-13.846327,7.73932,16.799734,-25.588705,-13.918034,-17.292673,-29.833307,-2.555502,25.644688,-17.594387,-3.2317204,-10.581133,-7.0363994,8.352604,-3.6896832,9.964757,19.66596,4.535882,-10.876526,-6.2364173,16.991959,12.90853,-13.319248,-10.356109,-33.71607,-14.813731,27.07886,-9.070995
A0A2P1GIW3,-21.851128,27.168673,32.488438,-7.1572084,17.734692,-4.470461,-1.808186,-24.366596,-14.633708,-24.236832,-21.215643,-21.037802,5.9797964,28.12362,18.109638,-39.127674,-11.748356,-6.341254,3.6469944,20.772709,19.371628,16.370447,-30.355047,18.81467,30.144196,-1.493005,-19.155119,-15.587841,-35.184204,18.797102,29.946877,-12.4402485,-19.00343,-15.47353,-17.958363,-23.371344,-15.895413,9.414215,20.358799,-31.738335,-16.912497,-20.804375,-36.54854,-2.47212,31.384205,-21.640743,-3.3792622,-13.051437,-7.982131,10.686517,-4.5711684,12.2318,23.755184,5.3968625,-12.7919035,-7.3123593,21.54765,15.68009,-17.229061,-12.672195,-40.93869,-18.500626,33.208908,-11.19101
P60953,-12.20292,13.197618,17.43361,-3.481608,8.00652,-2.6317904,-0.389684,-13.044958,-6.7334256,-12.621533,-10.780362,-10.057192,3.300981,13.421981,9.638528,-19.055237,-5.0058136,-2.2867517,2.0313323,10.663448,9.842993,8.038588,-14.48558,7.98732,15.29002,-0.97337586,-8.977675,-8.630722,-17.909771,9.695091,14.861463,-5.0674124,-8.618198,-8.616869,-8.115597,-12.782548,-8.561917,4.490848,10.396894,-15.93049,-8.71539,-9.889026,-17.396757,-0.039884936,14.830469,-10.632577,-1.8809495,-7.1704273,-4.355496,5.322739,-1.8607162,6.5168133,12.142666,2.169231,-6.3855104,-3.9852402,11.433326,9.004457,-9.068389,-6.488295,-20.671251,-7.899532,16.696459,-6.9401765
P06789,-11.892349,14.000904,17.263,-3.945671,8.968303,-2.5591211,-0.88910294,-13.1502075,-7.374611,-12.485717,-11.168862,-10.7035475,3.3382232,14.373566,9.766431,-20.218973,-6.0769706,-3.043725,1.8329492,11.39137,10.358018,8.886726,-15.363259,9.336562,16.325823,-0.97269726,-10.1247225,-8.576455,-18.663298,10.031353,15.708084,-6.219048,-9.587474,-8.578158,-9.116022,-12.43343,-9.029223,4.8875847,10.680237,-16.373167,-9.055587,-10.978259,-18.912521,-0.98307914,15.854434,-11.142905,-2.0805113,-7.0871396,-4.5898,5.4594398,-2.2148068,6.6520996,12.547707,2.6807706,-6.97035,-4.169493,11.404118,8.544747,-9.1215105,-6.8749614,-21.455355,-8.980131,17.610102,-6.676707
Q96VN5,-12.295761,13.684345,17.805904,-3.640127,8.188493,-2.7972856,-0.55363363,-13.40328,-7.0097494,-12.914116,-11.295835,-10.451225,3.4162927,13.969845,9.8625965,-19.658045,-5.296344,-2.6399543,2.0320604,11.206773,10.372477,8.427445,-14.91243,8.432229,15.760549,-1.0497587,-9.494876,-8.742701,-18.770908,10.013559,15.3708515,-5.500485,-9.028079,-8.790258,-8.4354315,-13.129696,-8.673656,4.6861854,10.738769,-16.591694,-8.970165,-10.401395,-18.007679,-0.3678826,15.367064,-11.072966,-1.9921439,-7.299608,-4.6955733,5.4193068,-1.8654648,6.7984056,12.551899,2.238499,-6.684149,-4.1439567,11.529835,9.176061,-9.111438,-6.597109,-21.355776,-8.2068405,17.140762,-7.0583334
O97364,-11.263594,10.054086,16.268345,-3.387075,6.4711723,-2.0123053,0.07936641,-10.941253,-5.609768,-10.84458,-8.972451,-7.7374806,3.2784495,9.96129,8.776272,-15.932429,-2.003886,-0.96187866,2.8074207,8.667542,7.6831017,5.309967,-11.349304,4.2505083,12.507566,-1.0030876,-5.9619255,-7.421481,-14.950051,7.558497,11.434832,-2.3484938,-5.4285693,-8.281493,-5.180159,-11.001422,-8.891415,3.3575816,9.677677,-12.596338,-7.526454,-7.427887,-13.037648,1.2983627,11.678547,-8.194417,-1.6393629,-6.2728047,-3.9757273,3.5830479,-0.83424026,5.5922914,10.415041,1.2919922,-4.7228117,-3.512113,9.604367,9.060762,-7.218063,-5.3828487,-17.941103,-4.5603843,13.852834,-6.616703
Q9P2N6,-13.907049,15.691671,19.72877,-3.5200932,9.328966,-2.9894085,-0.3203612,-15.035571,-7.5938673,-14.982679,-12.320145,-12.020338,3.5328083,16.022392,10.776367,-22.276108,-5.944539,-2.5636764,2.1529527,11.733913,11.208024,9.524156,-17.346577,9.669939,17.530441,-0.9306115,-10.144322,-10.147451,-20.00973,11.1471405,17.311441,-6.053008,-10.442754,-9.724485,-9.977057,-14.85435,-8.885006,5.1980925,11.784195,-18.702316,-9.892395,-11.33013,-20.484953,0.1630126,17.416967,-12.431059,-1.6202446,-8.19998,-4.3809915,6.516562,-2.2913678,7.462634,13.652147,2.616663,-6.9787397,-4.2318196,13.694572,9.968527,-11.1889925,-7.5193815,-23.540455,-9.885939,19.419928,-7.76047
P06983,-18.393515,22.40714,26.49853,-4.7841353,13.101533,-4.2356687,-0.8865762,-20.72577,-10.776547,-20.583748,-17.385021,-17.167402,4.613032,23.019882,14.579799,-31.125128,-9.381321,-4.4832525,2.4910288,16.740183,16.082893,13.929572,-24.482397,14.837649,24.460802,-1.2179298,-15.082901,-13.693124,-28.225088,15.762027,24.493073,-9.711883,-15.545788,-12.859113,-14.678246,-20.432547,-11.393109,7.441172,16.033796,-26.534006,-13.68969,-16.419199,-29.266708,-0.86405534,24.765982,-17.738476,-2.2601109,-11.088319,-6.1642165,9.344193,-3.471572,10.345162,18.960829,3.8754575,-10.072552,-5.7824426,18.658415,12.959328,-15.324595,-10.261749,-32.592983,-14.864741,26.893127,-10.150764
P11880,-11.013439,9.101916,15.0668955,-2.496229,4.903954,-2.3349555,0.48430964,-10.732544,-4.4183025,-10.310005,-8.297959,-6.853401,2.9101284,9.0032625,8.199335,-13.63964,-1.9334944,-0.48636508,2.1507847,7.942503,7.262525,5.0576496,-10.045911,3.6719034,11.036591,-1.0617208,-5.464133,-7.338158,-13.8293915,7.498371,10.891339,-1.6828471,-4.8392396,-7.408873,-4.491581,-10.969666,-7.316481,2.9869206,8.179332,-11.954221,-6.7630844,-6.342485,-11.603742,1.7413491,10.0925455,-7.855803,-1.5965778,-6.1886945,-3.6307373,3.8716686,-0.8020711,5.2012515,9.521679,1.0846008,-4.526971,-3.2626698,9.347263,8.655605,-7.1582685,-4.839728,-15.981201,-4.0409064,12.373906,-6.663464
O75821,-14.624884,13.797839,20.098099,-3.012083,7.448756,-3.1674645,0.48795885,-14.822677,-6.3553,-14.740136,-11.630991,-10.475689,3.6180322,13.816438,10.845418,-19.83605,-3.8474233,-1.2360119,2.4846687,10.787895,10.264974,7.902395,-15.223017,6.8173504,15.650797,-1.1956816,-8.224121,-10.170966,-18.912064,10.616595,15.786916,-3.6355813,-8.17334,-9.760741,-7.696502,-15.214143,-8.812684,4.457223,11.136063,-17.431778,-9.322481,-9.372881,-17.519787,1.8321564,15.094347,-11.466614,-1.676068,-8.372409,-4.368888,6.051684,-1.6219976,7.1717315,13.032818,1.8525966,-6.2068014,-4.157922,13.423421,11.000629,-10.711203,-6.8499403,-22.154627,-7.4101424,17.690563,-8.506335
Q9NUX5,-11.2207365,12.775588,16.607008,-3.7684395,8.220124,-2.3503244,-0.71373487,-12.183541,-6.939959,-11.832965,-10.472326,-9.8312645,3.2868168,13.068939,9.185182,-18.839834,-4.8990216,-2.6063545,2.143509,10.455461,9.5464735,7.739841,-14.102909,7.9560037,14.971337,-0.91122824,-8.874131,-7.9196305,-17.473719,9.054472,14.179412,-5.304456,-8.445316,-8.3407345,-7.9774475,-11.7541,-8.680982,4.4298573,10.395065,-15.216618,-8.451966,-9.944964,-17.006498,-0.61004424,14.658291,-10.143064,-1.867422,-6.626326,-4.408748,4.7392054,-1.7321297,6.298796,11.75967,2.1782696,-6.1906986,-3.884219,10.491394,8.454183,-8.218836,-6.2633643,-20.206661,-7.6886325,16.219685,-6.31867
P16885,-14.362414,17.435778,21.125814,-4.5376725,10.646245,-3.2904422,-1.074724,-16.225069,-8.946993,-15.6384115,-13.915198,-13.312622,3.9576776,17.838518,11.778777,-24.736544,-7.471031,-3.8806784,2.1771228,14.043702,12.972926,11.0123825,-18.846094,11.566258,19.89352,-1.1192713,-12.384769,-10.511245,-23.045387,12.381803,19.152067,-7.9115863,-12.034595,-10.505116,-11.277181,-15.7403,-10.304324,5.9515185,13.131976,-20.579815,-11.101261,-13.461436,-23.036928,-1.2388107,19.503115,-13.753737,-2.347476,-8.677821,-5.631636,6.8168797,-2.5965571,8.316409,15.374385,2.9750588,-8.410773,-5.0038953,14.043273,10.405173,-11.241344,-8.190209,-26.24809,-11.108596,21.360176,-8.167536
Q969T4,-15.044627,17.74874,21.438759,-4.196499,10.571593,-3.4453392,-0.78747976,-16.761538,-8.673789,-16.162582,-13.97373,-13.52229,3.8850625,18.186401,12.014509,-24.869926,-7.6292644,-3.5795717,1.9616945,13.879175,12.981198,11.289488,-19.316849,11.735333,19.974354,-1.1616486,-12.408093,-11.064274,-22.977428,12.808341,19.796131,-7.660185,-12.20473,-10.470535,-11.5512905,-16.246819,-10.006051,6.0200996,12.86314,-20.972052,-11.140826,-13.332899,-23.519558,-0.7490657,19.623089,-14.190259,-2.2339287,-9.018553,-5.317024,7.3775373,-2.8253129,8.331179,15.434266,3.2219,-8.461433,-4.9521084,14.846731,10.601757,-12.107107,-8.428005,-26.340082,-11.560907,21.767105,-8.484054
O75971,-16.856192,20.479103,24.771973,-5.380316,12.9054,-3.6971264,-1.3341385,-18.926996,-10.8417635,-18.329763,-16.259226,-15.74662,4.5943074,21.22223,13.9302225,-29.18706,-9.0662985,-4.783441,2.595256,16.192173,15.082096,12.626194,-22.6529,14.161915,22.92484,-1.2473998,-14.798139,-12.064587,-27.171326,14.607558,22.957733,-9.353919,-14.329574,-11.7956505,-13.424267,-18.093237,-11.989746,7.1000237,15.220989,-24.242144,-12.889365,-15.821933,-27.556444,-1.8661464,23.46499,-16.558048,-2.8388321,-10.128464,-6.4131565,8.204406,-3.3651297,9.438849,18.155832,4.024937,-10.078401,-5.7314987,16.380724,12.125161,-13.033146,-9.574468,-30.974257,-13.78271,25.05604,-8.957047
P54066,-8.193103,5.369991,11.116257,-2.066176,2.7265453,-1.8029227,0.46361566,-7.617459,-2.8919096,-6.8025045,-5.7834764,-3.9582982,2.3735065,5.2352414,6.1651707,-8.542218,-0.59087753,-0.009474613,1.8027852,5.8402405,5.0613728,2.8339422,-5.890169,1.3308426,7.2552867,-1.009265,-3.5157893,-5.047469,-10.149153,5.1955876,7.2001514,-0.2114859,-2.2580588,-5.410938,-1.9049146,-7.733341,-5.9957237,1.8681548,5.7288246,-7.8118424,-4.712246,-3.9772637,-6.938361,1.4865022,6.1556296,-5.183262,-1.6873925,-4.5221806,-3.209318,2.2414536,-0.19009772,3.6563764,6.865509,0.5047804,-3.4049923,-2.6221688,6.02082,6.8763843,-4.198764,-3.1752272,-11.131811,-1.4196438,8.044847,-5.1820693
Q9BRJ7,-17.113482,21.188133,25.9178,-6.454082,14.371285,-3.511899,-1.8754406,-19.175138,-12.207617,-18.52023,-17.04873,-16.422318,5.063879,22.092648,14.685907,-31.01188,-9.602958,-5.582299,3.0951557,17.229483,15.70669,12.793549,-23.743496,15.122503,24.06879,-1.3370881,-15.934427,-11.829628,-28.984877,14.937347,23.881233,-10.162822,-14.920509,-12.225618,-13.919912,-17.959595,-13.696194,7.604085,16.419874,-24.945831,-13.560431,-17.007637,-29.075657,-2.9160643,25.094986,-17.223007,-3.4026918,-10.253876,-7.154808,8.008377,-3.5984356,9.691059,19.337017,4.4789524,-10.85609,-6.1941957,16.154636,12.618243,-12.488714,-10.003727,-33.007614,-14.3894615,26.248816,-8.658163
P21243,-7.0177317,4.45274,9.678516,-2.0076141,2.5796497,-1.3794774,0.36361408,-6.3643475,-2.6196003,-5.718627,-4.8520617,-3.3118832,2.1431348,4.30236,5.326344,-7.5406876,-0.18434176,0.11064431,1.8074907,4.9426928,4.1732693,2.2209263,-4.998372,0.8114099,6.3804865,-0.8307449,-2.7560096,-4.2861953,-8.54241,4.1908045,5.8934603,-0.0017327368,-1.696698,-4.908368,-1.4936993,-6.3815455,-5.6646137,1.5487214,5.215035,-6.3812943,-4.1075134,-3.4090319,-5.806203,1.3780653,5.262418,-4.1626396,-1.4216354,-3.8113914,-2.7701583,1.6153331,-0.03007251,3.1422586,5.867927,0.37811428,-2.7756376,-2.2677884,5.063321,5.9945965,-3.466115,-2.798715,-9.670442,-0.9159893,7.006893,-4.478874
P62258,-13.881097,16.791471,20.102652,-4.223402,10.483997,-3.0489113,-0.92908305,-15.505414,-8.589599,-15.0639715,-13.1218405,-12.8603115,3.7288978,17.281836,11.2387,-23.809351,-7.370515,-3.58332,1.9968796,13.038078,12.166257,10.553274,-18.452162,11.398969,18.951458,-1.0018557,-11.861148,-10.1334,-21.70629,11.860671,18.612226,-7.5345597,-11.689228,-9.8437395,-11.081385,-14.885109,-9.727431,5.7791834,12.37721,-19.673569,-10.508809,-12.797047,-22.43572,-1.1224144,18.907938,-13.3017435,-2.139569,-8.3286295,-5.0159774,6.7748733,-2.7409215,7.7792044,14.61572,3.135964,-8.013927,-4.6725993,13.692284,9.828805,-11.097869,-7.9996057,-25.037935,-11.108064,20.641525,-7.5854316
P09056,-12.818462,15.539171,19.033674,-4.9689817,10.729013,-2.4883258,-1.4669145,-14.322037,-8.885852,-13.30644,-12.350902,-11.941774,3.696565,16.176867,11.026218,-22.943975,-7.2349267,-3.9929621,2.22548,12.992183,11.597389,9.6986065,-17.406075,11.080648,18.341875,-0.9465136,-11.8403225,-9.064801,-21.128384,11.130983,17.73738,-7.438419,-10.944527,-9.237875,-10.389915,-12.980478,-10.677454,5.50175,11.994291,-17.916136,-10.204056,-12.7670765,-21.668364,-2.0078175,18.283394,-12.515775,-2.6181073,-7.631089,-5.2736883,5.833972,-2.6552434,7.1423354,14.192301,3.5118687,-8.232081,-4.6379905,12.157188,9.158192,-9.473085,-7.630904,-24.239746,-10.641481,19.679077,-6.8254685
P20809,-19.20204,27.214909,28.8034,-6.8133655,17.396425,-4.4804163,-2.6222363,-23.17574,-14.091191,-22.243038,-20.506893,-20.896416,5.218315,28.30727,16.480772,-37.81301,-13.903335,-7.5191727,2.1624637,21.030401,19.543413,17.923029,-29.552996,20.747738,30.178776,-1.3091457,-20.480684,-14.69808,-33.92293,18.53007,29.5589,-14.601149,-20.291365,-14.038345,-19.193882,-21.613573,-14.019787,9.4685,18.670057,-30.8256,-16.233946,-21.586002,-36.85628,-4.2383885,30.621132,-21.153692,-3.3241742,-11.974734,-7.7771583,10.71225,-4.9450483,11.847571,22.421892,5.6572466,-13.148458,-7.053096,20.2196,12.90244,-16.647009,-12.358362,-38.54346,-19.690527,32.263996,-10.224849
O15212,-7.231125,4.5324163,10.100619,-2.2352567,2.8308163,-1.3094299,0.33586177,-6.447164,-2.7948787,-5.833905,-4.976859,-3.3889794,2.2616591,4.3156595,5.548495,-7.9709573,0.032722045,0.14318332,2.017625,5.1226144,4.202199,2.1788754,-5.1149435,0.6174327,6.711412,-0.86452323,-2.6976674,-4.3827705,-8.739473,4.188138,5.899376,0.09336878,-1.5929699,-5.2257853,-1.4427216,-6.454837,-6.222697,1.5680119,5.582898,-6.3873987,-4.3158236,-3.5368767,-5.9211698,1.4963048,5.4143095,-4.1397524,-1.4574735,-3.8815446,-2.8876789,1.4818316,0.03537397,3.2461922,6.0721083,0.3582544,-2.7660706,-2.3619633,5.1723604,6.237752,-3.4996293,-2.9283931,-10.110848,-0.75557697,7.3188233,-4.6551676
P02942,-11.333028,12.371544,16.336008,-3.7278862,8.090482,-2.2261553,-0.6661323,-12.1394,-6.806481,-11.433265,-9.993552,-9.383842,3.1328275,12.628204,9.202678,-18.184065,-5.163483,-2.4249246,2.0118763,10.346271,9.311151,7.5180135,-13.689541,7.953943,14.774106,-0.78057605,-8.876779,-7.916163,-17.033546,9.126466,14.07219,-5.162254,-8.306735,-8.091901,-7.8138695,-11.530694,-8.737027,4.259783,9.919939,-14.663035,-8.377132,-9.700738,-16.739056,-0.5837429,14.28667,-9.885376,-2.0601437,-6.6534915,-4.236326,4.843985,-1.9125148,6.008204,11.642192,2.248713,-6.4114623,-3.8716805,10.472039,8.270913,-8.131359,-6.2067833,-19.681442,-7.707995,15.858832,-6.292671
P32835,-15.7554245,20.680872,24.009691,-5.7775264,14.060458,-3.1920726,-1.7723823,-17.965052,-11.648145,-17.872248,-16.017649,-16.108252,4.5903716,21.63295,13.39284,-29.958763,-9.49861,-5.32899,2.7935991,15.769246,14.75298,12.503468,-23.285597,15.077998,22.971527,-0.98831505,-15.040797,-11.245847,-26.814476,13.9316025,22.6911,-10.209143,-14.883183,-11.483871,-14.051467,-16.882826,-12.12349,7.328266,15.587807,-23.95706,-12.704269,-16.265808,-28.149698,-2.851394,24.35346,-16.338112,-2.6556125,-9.523337,-6.1532617,7.824085,-3.5678446,9.171532,17.970366,4.2877564,-9.894899,-5.538834,15.61806,11.353234,-12.408597,-9.610681,-31.061218,-14.493965,25.185114,-7.7441373
P18239,-15.649224,15.498978,21.507105,-3.3516407,8.381597,-3.5248783,0.2468633,-16.272871,-7.1185136,-15.906224,-12.87627,-11.732133,3.8308487,15.624719,11.786939,-21.902895,-5.107833,-1.88156,2.343674,12.232288,11.588177,9.246004,-16.955618,8.439773,17.469282,-1.3015441,-9.81925,-11.031982,-21.047377,11.934213,17.793901,-4.788453,-9.617679,-10.342168,-9.020547,-16.46924,-9.39848,5.0701003,11.938565,-19.341526,-10.26097,-10.807113,-19.93154,1.3260611,16.895538,-12.8980055,-1.9870434,-9.07687,-4.8804693,6.8708763,-2.0569446,7.838449,14.358729,2.3269765,-7.23616,-4.603971,14.587602,11.527026,-11.710696,-7.5676136,-24.28653,-8.881732,19.5571,-9.076982
P0AG40,-5.032616,3.0180113,7.038045,-1.6227726,2.0357537,-0.85790014,0.25520763,-4.438581,-1.9938824,-3.995428,-3.337346,-2.2731872,1.6529936,2.9324296,3.8175814,-5.521833,0.11901112,0.24190804,1.5374371,3.4044433,2.8476586,1.387638,-3.5519304,0.31397012,4.6762514,-0.527436,-1.7314227,-3.0553198,-5.9534483,2.7376766,3.991344,0.17704152,-1.0195616,-3.7615566,-0.9647259,-4.325266,-4.449266,1.060219,3.9854891,-4.2993717,-2.956356,-2.4168117,-4.0134225,1.06507,3.7673872,-2.7131922,-0.9891442,-2.6885197,-1.978659,0.88354313,0.11568448,2.2599933,4.1526947,0.22065271,-1.8758621,-1.6299543,3.5315557,4.395878,-2.359829,-2.0820177,-6.971596,-0.3971981,5.0911593,-3.2271607
P16686,-10.886871,14.330059,15.793715,-4.0972795,9.637038,-2.2778368,-1.4606384,-12.775504,-7.767028,-11.5388775,-10.691525,-10.796396,2.9289691,14.853413,9.281789,-20.171394,-7.920104,-3.7980165,1.2198952,11.731892,10.540478,9.619311,-15.5872,11.176058,16.870365,-0.58930516,-11.34801,-8.180132,-18.348396,10.200289,16.05487,-7.7869854,-10.803212,-7.865879,-10.236355,-11.461473,-8.649161,5.0242023,10.042143,-16.022308,-9.027807,-11.781099,-19.931454,-2.3216298,16.344517,-11.071237,-2.2983298,-6.702208,-4.366063,5.717491,-2.815333,6.3046784,12.369072,3.1224775,-7.687892,-4.1130867,10.985892,7.1161222,-8.862518,-6.9557724,-20.842413,-10.417744,17.594913,-5.894033
P0DPB6,-22.860983,28.525959,33.753395,-6.9971776,18.139069,-4.852106,-1.6224285,-25.514755,-14.8738,-25.673195,-22.146122,-22.069458,6.1471376,29.42225,18.642561,-40.616196,-12.181025,-6.3520403,3.578,21.348534,20.132645,17.299196,-31.671955,19.52781,31.275875,-1.5849845,-19.721804,-16.4812,-36.344833,19.625877,31.156618,-12.886186,-19.900978,-16.141335,-18.824505,-24.832886,-15.869762,9.831137,21.058285,-33.39225,-17.491854,-21.408125,-37.94514,-2.1505425,32.508354,-22.587553,-3.231516,-13.690751,-8.05881,11.423744,-4.768348,12.854229,24.553253,5.38156,-13.009474,-7.531379,22.824291,16.330978,-18.47976,-13.214444,-42.37955,-19.24456,34.591698,-11.817504
Q9NQX3,-10.678205,12.765084,15.70786,-3.7386458,8.347253,-2.2503872,-0.92668533,-11.903293,-6.9344535,-11.274836,-10.155793,-9.761768,3.0668,13.14348,8.865225,-18.536667,-5.655098,-2.889891,1.7729342,10.453853,9.5042925,8.0408745,-14.04127,8.665214,14.982371,-0.78971726,-9.325449,-7.691103,-17.108866,9.060012,14.251061,-5.871368,-8.853464,-7.864608,-8.379722,-11.183033,-8.342246,4.4585915,9.884816,-14.895089,-8.29474,-10.152602,-17.288465,-1.145114,14.632789,-10.068017,-1.9392152,-6.3929806,-4.247007,4.8512874,-1.9953303,6.0650897,11.495998,2.4162045,-6.433134,-3.811307,10.219797,7.72003,-8.088015,-6.246361,-19.63844,-8.248318,16.03815,-5.9392314
P20042,-13.7679,12.406944,18.652058,-2.632875,6.1942415,-3.241734,0.5665391,-13.981259,-5.5969114,-13.547239,-10.850473,-9.339174,3.3940358,12.47731,10.165189,-17.483976,-3.618421,-1.1038437,2.1169226,10.153017,9.702823,7.1965394,-13.5614195,6.1251035,13.984831,-1.262081,-7.7854776,-9.406482,-17.929737,10.10596,14.751986,-3.0985985,-7.3021545,-8.781718,-6.6707535,-14.383922,-7.865014,4.0768538,9.888561,-16.246073,-8.484012,-8.419283,-15.760401,1.6604888,13.521863,-10.793383,-1.8792711,-7.9269724,-4.3532414,5.7442236,-1.4696679,6.6264315,12.155298,1.6552604,-6.0660744,-3.9863002,12.239313,10.464297,-9.628745,-6.1235056,-20.243286,-6.5272574,15.866284,-8.056124
C0LGQ5,-11.216536,9.998824,16.245161,-3.4310472,6.5132055,-1.9639933,0.065564446,-10.860201,-5.6257234,-10.78379,-8.925704,-7.7030067,3.2855961,9.890631,8.757598,-15.945355,-1.9255284,-0.9454701,2.8526406,8.635229,7.619306,5.2526946,-11.303923,4.1681833,12.5092745,-0.9962321,-5.889613,-7.3821154,-14.865521,7.4787645,11.333145,-2.3116703,-5.3622026,-8.309644,-5.136881,-10.910562,-8.98444,3.3365316,9.715711,-12.484934,-7.523269,-7.410404,-12.972988,1.3150554,11.640593,-8.109121,-1.626074,-6.231777,-3.9662101,3.5052247,-0.8076641,5.573969,10.380024,1.2777739,-4.671185,-3.5042925,9.552202,9.043187,-7.1674933,-5.380862,-17.919964,-4.4864664,13.837633,-6.5989275
P06745,-16.634283,21.247952,24.766953,-5.210778,13.24251,-3.6854799,-1.296614,-18.914915,-10.815696,-18.904825,-16.483803,-16.37954,4.563217,21.774883,13.601027,-30.176659,-8.926101,-4.699505,2.606103,16.1288,15.142407,13.252136,-23.183758,14.223976,23.713104,-1.1676722,-14.51696,-12.386868,-26.803528,14.395004,22.722565,-9.772158,-14.787514,-12.399807,-14.0474615,-18.465284,-11.76265,7.209033,15.807288,-24.66556,-13.083609,-16.09697,-27.914833,-1.4885432,23.767714,-16.38583,-2.242625,-10.060601,-6.1368666,8.191347,-3.2179065,9.82874,17.997452,3.6411598,-9.479902,-5.6344156,16.892918,11.91415,-13.790859,-9.846034,-31.231567,-13.873396,25.742683,-9.184658
P13929,-14.692559,13.473862,20.54348,-3.5193222,7.6676373,-3.0211241,0.35406482,-14.647695,-6.6438117,-14.486823,-11.704819,-10.259121,3.8549404,13.40537,11.12456,-20.027212,-3.3580215,-1.2727785,2.8734846,11.078494,10.206272,7.5163417,-14.910907,6.2583675,15.801377,-1.3058819,-8.094592,-9.966205,-19.234442,10.416714,15.463727,-3.3612392,-7.67445,-10.084205,-7.2106767,-14.976972,-9.847098,4.4125276,11.602756,-17.058855,-9.506729,-9.438907,-17.216518,1.79428,15.011912,-11.221794,-1.9300909,-8.32618,-4.7621484,5.56582,-1.427072,7.2087536,13.279781,1.7732166,-6.244535,-4.35647,13.047615,11.359726,-10.160445,-6.851588,-22.599352,-6.7631135,17.722015,-8.610053
P03372,-12.768722,16.237915,19.022932,-4.445524,10.596556,-2.7406769,-1.2518679,-14.536818,-8.7129965,-14.099902,-12.649157,-12.499419,3.6354623,16.793428,10.666335,-23.30385,-7.372197,-3.889659,2.023684,12.754152,11.787497,10.218929,-17.891918,11.403595,18.497168,-0.89362085,-11.754181,-9.341517,-21.062809,11.182525,17.810093,-7.8060603,-11.5088625,-9.427601,-10.909597,-13.731242,-9.6900015,5.665055,12.172608,-18.782997,-10.158327,-12.7617035,-21.891575,-1.7456737,18.574299,-12.69669,-2.1437552,-7.7251706,-4.998922,6.2037687,-2.6474829,7.459241,14.107117,3.1253402,-7.8342395,-4.529074,12.652724,9.1075,-10.166013,-7.702874,-24.279081,-10.904744,19.94983,-6.877745
P01597,-21.733864,29.23491,32.03763,-6.612446,17.674788,-5.1796913,-2.0069823,-25.527235,-14.225513,-25.106577,-22.217705,-22.379642,5.6808167,29.94641,17.874353,-40.391724,-13.473754,-6.9460363,2.5115747,22.160946,20.783747,19.071533,-31.352032,20.559694,32.27363,-1.5808512,-20.605217,-16.716276,-35.95001,19.931051,31.196957,-14.364805,-20.969345,-15.971155,-19.896091,-24.79462,-14.710971,9.893122,20.355064,-33.500175,-17.533623,-22.218998,-38.46008,-2.6560764,31.993439,-22.466915,-3.0205808,-13.387711,-8.09815,11.68816,-4.823318,13.171656,23.962494,5.204038,-13.19809,-7.5347347,22.859802,14.888622,-19.028297,-13.294546,-41.376564,-19.857323,34.707863,-12.203517
O75344,-19.396461,26.126442,28.229155,-5.9142957,16.090921,-4.5023146,-1.9156898,-22.877243,-12.9707365,-22.112226,-19.49531,-19.890457,4.9010463,26.950842,15.960141,-35.80122,-13.088632,-6.383162,1.9886103,19.782877,18.604294,17.089506,-28.226809,19.37856,28.808714,-1.151066,-19.063639,-14.833163,-32.101055,18.094648,28.359518,-13.345211,-19.292957,-13.763416,-18.21523,-21.829824,-12.939099,8.897191,17.699598,-29.845922,-15.604268,-20.025688,-34.899845,-2.986006,28.963247,-20.22,-2.976756,-11.995521,-7.0311885,10.818764,-4.7757597,11.446141,21.505606,5.0147643,-12.390058,-6.714803,20.3886,12.889763,-16.897131,-11.918859,-36.715664,-18.624056,30.903746,-10.446288
Q03790,-14.792066,20.43569,22.288242,-5.324281,13.190238,-3.2921538,-1.908808,-17.63645,-10.755068,-16.940042,-15.428367,-15.634425,4.0739,21.1202,12.60055,-28.717548,-10.101442,-5.3700852,2.0003107,15.967041,14.7603855,13.27999,-22.139894,15.138061,23.131287,-0.8612754,-15.092843,-11.295552,-25.613672,13.847885,21.952042,-10.778906,-15.076606,-11.196893,-14.251269,-16.55646,-11.127945,7.0053596,14.589881,-23.141201,-12.486574,-16.242487,-27.47226,-2.8740394,23.059689,-15.578128,-2.495985,-9.172279,-5.962086,7.816806,-3.484277,9.113461,17.076979,3.9084144,-9.822553,-5.4131613,15.403903,10.114604,-12.545758,-9.39509,-29.351603,-14.336241,24.465418,-8.07
O95399,-24.357199,36.575222,36.9886,-9.178721,23.861662,-5.7218013,-3.9686306,-30.064936,-19.13437,-28.93027,-27.121038,-28.148676,6.699076,38.154083,21.32556,-50.57765,-19.609133,-10.8027525,2.4133244,27.958496,25.91205,24.370699,-39.690746,28.997513,40.226093,-1.6571355,-28.081757,-18.84703,-44.84966,24.48313,39.44362,-20.656134,-27.852636,-17.90609,-26.381903,-27.749102,-18.244555,12.890193,24.485846,-40.850544,-21.37313,-29.28296,-49.861664,-6.7777963,41.25523,-28.233332,-4.414652,-15.372204,-10.149375,14.3326645,-7.0616403,15.457463,29.574251,7.9311633,-17.65373,-9.273904,26.251617,15.975177,-21.783709,-16.447638,-50.941364,-27.258852,42.933064,-12.566212
Q9NQX1,-15.851849,18.634924,23.002884,-4.8738256,11.569002,-3.5072966,-1.0590218,-17.592043,-9.735558,-16.919857,-14.925961,-14.280033,4.2787776,19.25271,12.954581,-26.536835,-8.107225,-4.1318574,2.3788319,14.884681,13.825113,11.526553,-20.565104,12.613544,20.993195,-1.2353954,-13.428068,-11.290766,-24.96447,13.519675,21.08144,-8.206511,-12.867184,-10.957292,-12.050782,-16.87194,-11.137364,6.457158,13.901332,-22.210308,-11.853868,-14.314111,-25.041662,-1.3639666,21.231771,-15.181523,-2.6849904,-9.475834,-5.948778,7.5829797,-3.030652,8.711035,16.707563,3.6137123,-9.26574,-5.344652,15.218026,11.427792,-12.103266,-8.820972,-28.401442,-12.308125,22.97121,-8.56318
P0AC19,-17.596222,24.420395,25.949137,-5.523255,15.011613,-4.1958833,-1.8916417,-21.040915,-12.086353,-20.486845,-18.207575,-18.63558,4.5788603,25.162704,14.563271,-33.451,-12.150189,-6.0777936,1.834961,18.415955,17.355104,16.09193,-26.231567,18.067045,26.927505,-1.0737222,-17.714935,-13.647466,-29.77928,16.593672,26.116598,-12.693752,-18.064096,-12.896111,-17.078415,-20.1567,-11.896068,8.323315,16.631548,-27.784681,-14.467904,-18.777884,-32.41331,-2.9323041,26.941689,-18.651024,-2.6225548,-10.968178,-6.595257,9.86523,-4.3091283,10.767532,19.84799,4.4975715,-11.330293,-6.22755,18.732357,11.764104,-15.602356,-11.067376,-34.072163,-17.219296,28.756762,-9.623183
P17555,-7.111364,6.790554,10.137838,-2.5689812,4.651659,-1.3227062,-0.35582367,-7.31201,-4.0351753,-6.4967146,-5.8373756,-5.089966,2.1219842,6.899364,5.784522,-10.471693,-2.6404662,-1.1476071,1.4762827,6.355035,5.493987,4.1090126,-7.564994,3.9824758,8.862354,-0.5521129,-5.0737514,-4.7781987,-10.3076105,5.3268337,8.110481,-2.509547,-4.290082,-5.1855626,-4.0269923,-6.7511826,-6.0950775,2.398316,6.081376,-8.230059,-5.0808268,-5.626642,-9.402821,-0.14221597,8.046918,-5.5419416,-1.5603769,-4.0923066,-2.8879657,2.4963217,-0.89586216,3.6211557,7.0606794,1.2118995,-3.9761255,-2.5426478,6.014988,5.408077,-4.447962,-3.7392962,-11.784729,-3.7371688,9.328873,-4.1627455
P01575,-23.719166,34.536602,35.906387,-8.908786,22.594004,-5.403469,-3.7059464,-28.928835,-18.286182,-27.63506,-25.826593,-26.545483,6.464866,36.044617,20.74409,-48.085148,-18.262413,-10.091471,2.6355298,26.774174,24.72614,22.737862,-37.6377,27.106487,38.25621,-1.5437303,-26.506634,-18.11888,-42.99259,23.434774,37.57754,-19.165302,-26.124203,-17.290533,-24.683767,-26.642368,-17.861803,12.092414,23.489609,-38.79924,-20.536922,-27.74222,-47.206604,-6.1989183,39.21995,-26.865227,-4.3764286,-14.853706,-9.827901,13.530003,-6.5661397,14.721001,28.421215,7.549264,-16.962994,-8.881167,25.133204,15.729227,-20.615423,-15.597411,-48.80306,-25.644785,40.808395,-12.271197
P02767,-15.9354515,17.398838,23.267246,-4.902569,10.712308,-3.4513724,-0.7452202,-17.09354,-9.262645,-16.580233,-14.557917,-13.344402,4.4667244,17.754698,12.917367,-25.380823,-6.496366,-3.4620886,2.8717232,14.407622,13.18659,10.36392,-19.147425,10.611727,20.02055,-1.4039445,-12.106198,-11.009,-24.345318,12.824853,19.693155,-6.8182907,-11.313009,-11.242225,-10.511171,-16.77731,-11.614268,6.0053053,13.984916,-21.204697,-11.584422,-13.268867,-23.034842,-0.51307446,19.87717,-14.281538,-2.7063458,-9.366357,-6.140967,6.832019,-2.4208817,8.608429,16.355446,2.9678535,-8.609162,-5.356779,14.639877,12.061263,-11.369137,-8.384806,-27.795048,-10.404668,21.94366,-8.889125
P06307,-19.356108,27.531443,28.842085,-6.6197133,17.20307,-4.658862,-2.5351202,-23.470352,-13.830956,-22.509516,-20.672417,-21.070633,5.1685677,28.494566,16.470646,-37.939133,-13.986257,-7.431267,1.9617404,21.231363,19.738443,18.394293,-29.593763,20.746439,30.555412,-1.3651797,-20.520302,-15.058296,-33.92428,18.737698,29.674097,-14.707982,-20.466276,-14.260773,-19.399324,-22.06333,-13.809882,9.492651,18.66192,-31.10305,-16.35853,-21.678467,-36.98876,-3.952082,30.49849,-21.220556,-3.1987307,-12.111389,-7.7628036,10.9046755,-4.9158287,12.067967,22.40788,5.501883,-13.092917,-7.098517,20.623568,12.892631,-17.148935,-12.484501,-38.551895,-19.687944,32.52677,-10.641116
O70201,-10.315189,9.42621,14.513278,-2.5958037,5.4933343,-2.129463,0.20146123,-10.325387,-4.848389,-10.145275,-8.246626,-7.2029233,2.8247135,9.502277,7.8342557,-14.112629,-2.4536524,-0.92016006,2.130275,7.787448,7.2686143,5.213023,-10.57193,4.521544,11.128182,-0.8656029,-5.7991433,-6.94492,-13.737692,7.263353,10.948585,-2.4267495,-5.451683,-7.144062,-5.0964665,-10.41585,-7.018591,3.1484427,8.286599,-12.057906,-6.664298,-6.7318983,-12.167244,1.0474651,10.74396,-7.899198,-1.4415447,-5.866972,-3.4538527,3.8180308,-0.95993483,5.099684,9.416054,1.2725,-4.5178638,-3.1064506,9.0178385,8.077324,-6.939457,-4.84218,-15.99684,-4.768055,12.479213,-5.956513
P09429,-13.4352665,16.198109,19.77796,-4.3710437,10.270687,-2.9346528,-1.0279309,-15.010454,-8.58491,-14.543382,-12.902101,-12.451394,3.762306,16.719114,11.057649,-23.253263,-6.98259,-3.6408477,2.1654375,12.874515,11.936693,10.0415945,-17.861544,10.943554,18.40766,-1.0173432,-11.580426,-9.659443,-21.504671,11.453211,18.023567,-7.299488,-11.209673,-9.661691,-10.557514,-14.362414,-9.82435,5.624025,12.299524,-19.119564,-10.285559,-12.554292,-21.71394,-1.3096868,18.492764,-12.932673,-2.2336116,-8.056225,-5.1661425,6.330993,-2.5338404,7.6076226,14.3923,3.0363705,-7.8873243,-4.628721,13.001303,9.752639,-10.359071,-7.6994696,-24.642685,-10.578767,20.013086,-7.3133135
Q96B02,-12.975865,15.852849,18.85086,-4.041158,9.8596325,-2.9238727,-0.98639727,-14.667071,-8.159384,-14.081584,-12.449358,-12.139652,3.51442,16.404795,10.611881,-22.408484,-7.1633196,-3.566883,1.8244219,12.471293,11.650405,10.047239,-17.417715,10.977805,17.888718,-0.94996166,-11.439809,-9.490538,-20.713135,11.27426,17.714697,-7.2913804,-11.151956,-9.17347,-10.526726,-13.9539,-9.105912,5.4809356,11.599959,-18.634916,-9.910743,-12.236036,-21.295841,-1.3318151,17.917046,-12.667994,-2.1222563,-7.8325834,-4.864793,6.390547,-2.5937126,7.3450623,13.832571,3.0600085,-7.755427,-4.432172,12.772104,9.188746,-10.310689,-7.505471,-23.626602,-10.631185,19.426487,-7.095542
P00445,-20.144148,25.294683,30.067186,-6.656639,16.595516,-4.0756907,-1.706265,-22.523817,-13.635723,-22.502436,-19.632387,-19.597368,5.5366464,26.165995,16.69205,-36.48438,-10.893477,-5.8666024,3.4384508,19.203423,17.939415,15.236191,-28.257944,17.494448,28.119211,-1.3036484,-17.688723,-14.467113,-32.47923,17.30982,27.660612,-11.65514,-17.727837,-14.473598,-16.79833,-21.608482,-14.743248,8.72878,19.02284,-29.414053,-15.711442,-19.367273,-33.952515,-2.2920396,29.205835,-19.946617,-3.0128822,-12.045602,-7.318502,9.837905,-4.199304,11.383984,21.966436,4.9389997,-11.750522,-6.7378945,20.011217,14.439952,-16.041906,-11.800339,-37.972134,-17.202337,30.901573,-10.343539
P0CT31,-9.140203,7.4288416,12.57671,-2.1953518,4.133086,-1.8986083,0.38047707,-8.860186,-3.756484,-8.472923,-6.848337,-5.6080413,2.5017655,7.382647,6.8287935,-11.31971,-1.5096575,-0.3614172,1.9117985,6.5728436,6.0040083,4.0683975,-8.284503,2.9345748,9.169987,-0.86223006,-4.479515,-6.039688,-11.515852,6.1114035,8.952339,-1.319341,-3.9071956,-6.2445846,-3.6305838,-8.976204,-6.2854366,2.4658766,6.9091706,-9.811125,-5.611566,-5.266454,-9.536801,1.4030306,8.383221,-6.4163156,-1.3759735,-5.1230483,-3.0858092,3.0619235,-0.59175813,4.323458,7.9217935,0.8802604,-3.770522,-2.7413583,7.630043,7.2733817,-5.774117,-4.0296273,-13.310467,-3.1981118,10.256881,-5.5185223
P08254,-16.695826,22.312395,24.59506,-5.290499,13.587886,-4.0861406,-1.7053757,-19.734951,-11.180472,-19.007553,-17.17356,-17.073969,4.482024,23.09661,13.894395,-30.761864,-10.856811,-5.63401,1.8642858,17.309689,16.254835,14.617748,-24.077623,16.276403,24.644064,-1.2547216,-16.447943,-12.625953,-28.3049,15.534995,24.412397,-11.258389,-16.249434,-11.967879,-15.26773,-18.847002,-11.40448,7.7234025,15.469588,-25.872223,-13.419407,-17.29334,-29.785406,-2.6788216,24.810186,-17.567703,-2.751998,-10.338857,-6.570141,9.024362,-3.8340766,10.04637,18.677181,4.267261,-10.7215185,-5.9504313,17.167063,11.508924,-14.10221,-10.162558,-31.921186,-15.484482,26.520636,-9.148086
P07492,-25.707361,39.114445,39.271503,-9.184735,24.94071,-6.2533784,-3.9450893,-31.920769,-20.084219,-31.397085,-28.944662,-30.175482,7.039655,40.758686,22.23364,-53.660095,-20.479483,-11.273907,2.5762546,29.158865,27.505136,25.843702,-42.32899,30.650522,42.28665,-1.6701614,-29.311096,-20.064367,-47.37631,25.80178,41.587048,-21.903833,-29.733307,-19.07759,-28.085989,-30.06341,-18.252157,13.672711,26.122843,-43.990376,-22.477716,-30.738974,-52.579884,-6.845732,43.852978,-29.987616,-4.1709924,-16.313852,-10.480704,15.368793,-7.307665,16.591955,31.169718,7.9626617,-18.15817,-9.604023,28.09176,17.031164,-23.456705,-17.259817,-53.885418,-28.882807,45.357513,-13.23508
P0AFX0,-10.03185,8.346241,13.847003,-2.421465,4.7545276,-1.9988297,0.40626523,-9.703273,-4.1758943,-9.4145355,-7.5253844,-6.318357,2.7085989,8.24278,7.490481,-12.773628,-1.6286417,-0.39252555,2.1295748,7.190911,6.5366063,4.563972,-9.306545,3.272458,10.285512,-0.91247016,-4.853005,-6.7073555,-12.498828,6.6812997,9.827642,-1.5235447,-4.3949327,-6.9622116,-4.163132,-9.861248,-6.9806275,2.7247639,7.717533,-10.789744,-6.246315,-5.8649964,-10.669033,1.6390475,9.34782,-7.0282555,-1.3761145,-5.6021094,-3.2594788,3.378227,-0.67968893,4.770633,8.685819,0.9839242,-4.016132,-2.9631608,8.555347,7.9093,-6.558267,-4.517985,-14.739903,-3.6502979,11.492366,-6.07041
Q96SB4,-17.617498,22.872183,25.916338,-5.477709,14.14157,-4.0174117,-1.5473735,-20.35027,-11.525168,-19.900658,-17.54995,-17.532204,4.672978,23.552343,14.490759,-31.983234,-10.476876,-5.360082,2.3156888,17.508938,16.415209,14.6165495,-24.868559,16.08,25.422089,-1.2114393,-16.249186,-13.224512,-28.776167,15.790791,24.825941,-11.008055,-16.333351,-12.746872,-15.456461,-19.58219,-12.173925,7.798782,16.309746,-26.444609,-13.943826,-17.497694,-30.385698,-2.1103456,25.514025,-17.826088,-2.6154516,-10.751963,-6.5357533,9.144079,-3.7936966,10.354098,19.243034,4.2388973,-10.651307,-6.041144,18.04665,12.242157,-14.795287,-10.542166,-33.09656,-15.578747,27.475214,-9.64321
P06151,-19.007956,23.924244,27.75027,-5.0476885,14.200218,-4.3346977,-1.0553763,-21.620949,-11.6498375,-21.810537,-18.362768,-18.419983,4.81831,24.654102,15.138233,-33.268463,-10.058692,-4.944005,2.697256,17.466616,16.94653,14.73086,-26.258942,16.091774,25.83546,-1.1429201,-15.963579,-14.232008,-29.693739,16.43327,25.81148,-10.6530285,-16.779284,-13.4889145,-15.860103,-21.354689,-11.749295,7.9453135,17.115917,-28.183983,-14.393015,-17.503828,-31.187855,-1.2167976,26.611305,-18.743223,-2.1692934,-11.51133,-6.3290358,9.826742,-3.7123475,10.896455,19.945429,4.118406,-10.470368,-5.955869,19.57555,13.397627,-16.12217,-10.811977,-34.48806,-16.10593,28.473692,-10.266893
P0C0L5,-13.802264,17.203407,20.421576,-4.5328336,10.821467,-3.0674448,-1.15793,-15.644372,-8.921262,-15.199552,-13.535176,-13.202968,3.8541162,17.662348,11.391847,-24.55984,-7.4510694,-3.9093952,2.134013,13.591437,12.562988,10.87647,-18.750074,11.60991,19.603308,-1.0432888,-12.182808,-10.169735,-22.330477,11.952662,18.775642,-7.95948,-11.967504,-10.210465,-11.334281,-15.021018,-10.154912,5.910685,12.914619,-20.035234,-10.827207,-13.338271,-22.88556,-1.3899951,19.348654,-13.443439,-2.1846464,-8.33492,-5.3498726,6.618603,-2.636172,8.06503,14.937073,3.0910158,-8.145024,-4.8202662,13.681506,9.909854,-11.041183,-8.12856,-25.710869,-11.18211,21.115854,-7.7245717
P0ABU9,-11.023758,9.103293,15.603154,-3.109618,5.5466323,-2.0829723,0.26095274,-10.552312,-4.9582286,-10.209882,-8.458782,-6.9311185,3.1589763,8.940925,8.481288,-14.416266,-1.5741725,-0.6360343,2.6248617,8.263093,7.2538514,4.8211513,-10.172796,3.4184806,11.532448,-1.0937581,-5.4378304,-7.163549,-14.208038,7.273077,10.706271,-1.6825324,-4.6353545,-7.866474,-4.353602,-10.683315,-8.482093,3.0391934,8.924657,-11.754661,-7.0720534,-6.6711674,-11.746791,1.5874786,10.451402,-7.684565,-1.7364874,-6.11167,-3.940883,3.3901098,-0.6639879,5.2994585,9.860042,1.0823073,-4.5318875,-3.4322188,9.101554,8.930683,-6.7606907,-4.984986,-16.752748,-3.7235892,12.777253,-6.6549077
P04626,-15.903774,20.225784,23.69477,-5.6155167,13.31041,-3.3782167,-1.622957,-18.044107,-10.949661,-17.475693,-15.794688,-15.574181,4.506714,20.910337,13.380331,-29.049313,-9.304333,-5.004418,2.4637468,15.985822,14.6558695,12.694456,-22.305527,14.356377,22.963696,-1.1818528,-14.834358,-11.501402,-26.37907,14.035423,22.314024,-9.785964,-14.347387,-11.547029,-13.567261,-17.021791,-12.205111,7.1113615,15.075438,-23.3745,-12.668863,-15.939308,-27.409332,-2.330991,23.212498,-15.958496,-2.803314,-9.600019,-6.2767863,7.799073,-3.4470582,9.187936,17.686378,4.041064,-9.888257,-5.682648,15.671785,11.311333,-12.544648,-9.574265,-30.35588,-13.719806,24.83876,-8.423027
P00883,-18.846828,31.209877,29.1188,-7.1702824,19.660028,-5.0226626,-3.5068555,-24.52619,-15.454425,-23.890167,-22.653578,-23.954306,5.336277,32.27305,16.533524,-42.17524,-17.06866,-9.322787,1.2330319,23.366117,21.822504,21.76851,-32.880234,24.840054,34.20615,-1.359259,-23.665316,-15.6196165,-36.57037,20.012941,32.227406,-18.555428,-24.120962,-15.004825,-22.950813,-23.02668,-13.898759,10.934214,20.251905,-34.239975,-17.583618,-24.863625,-41.613487,-5.950437,33.993355,-23.03364,-3.0836456,-12.307009,-8.286592,11.916771,-5.77202,13.288064,23.848614,5.9588685,-14.160381,-7.658679,21.644634,12.021497,-18.567394,-13.788063,-41.47237,-22.800528,35.857166,-10.441349
P09960,-14.572623,18.247993,21.215538,-4.538599,11.020148,-3.4754167,-1.2032886,-16.74615,-9.1062,-15.966514,-14.33111,-13.890102,3.9313095,18.708036,11.964905,-25.470575,-8.358411,-4.218577,1.8168976,14.589178,13.490055,11.908248,-19.591223,12.574108,20.691628,-1.1740903,-13.2444515,-10.874741,-23.665855,12.971854,20.088621,-8.637771,-12.862339,-10.523964,-12.103406,-16.09931,-10.2350235,6.2668347,13.147177,-21.314642,-11.381541,-14.124465,-24.239826,-1.5540924,20.16199,-14.379134,-2.4273875,-8.889556,-5.7014794,7.3177257,-2.9264784,8.532754,15.723434,3.2818491,-8.864005,-5.151397,14.547083,10.2494955,-11.838317,-8.549899,-26.800726,-11.997921,22.156694,-8.326417
P61459,-7.216425,4.4866447,10.146248,-2.3202238,2.9176354,-1.2461112,0.3164814,-6.374351,-2.8411684,-5.788162,-4.9477134,-3.364994,2.2890673,4.242358,5.565592,-8.056543,0.15267548,0.16614799,2.101006,5.1180897,4.1388407,2.11065,-5.0858855,0.49708998,6.7684355,-0.8628304,-2.6106503,-4.3568068,-8.681999,4.1024766,5.7916822,0.1485878,-1.504737,-5.3088174,-1.3879635,-6.369952,-6.415209,1.5487319,5.6849084,-6.269351,-4.347166,-3.539516,-5.8712387,1.5338681,5.3990808,-4.0447717,-1.4492486,-3.8493967,-2.8971095,1.3763878,0.07469448,3.2439456,6.068741,0.33974558,-2.7092977,-2.3693137,5.134795,6.259526,-3.4511719,-2.9479,-10.161716,-0.64981806,7.3546076,-4.665575
P00558,-18.651188,24.683397,27.579943,-5.7878923,15.301661,-4.3252397,-1.6837991,-21.649061,-12.468912,-21.416813,-18.890621,-18.998041,5.0084543,25.499643,15.353267,-34.39288,-11.415444,-5.9071784,2.3981247,18.578278,17.566908,15.728622,-26.920935,17.600576,27.054163,-1.3142402,-17.56481,-13.970189,-30.892805,16.864664,26.72112,-12.030862,-17.739084,-13.427864,-16.768524,-20.89574,-12.721637,8.508389,17.455338,-28.580585,-14.799423,-18.789875,-32.78368,-2.5072937,27.619278,-19.2866,-2.731451,-11.424849,-6.92372,9.902045,-4.188609,11.053737,20.59791,4.620418,-11.356484,-6.4208746,19.208292,12.982091,-15.805425,-11.276991,-35.494804,-16.983395,29.448605,-9.9670925
P52735,-19.600498,28.062532,29.268997,-6.562036,17.403303,-4.7378125,-2.4745295,-23.797089,-14.015686,-23.04413,-20.911205,-21.401766,5.206946,28.859491,16.514008,-38.449116,-14.247185,-7.3860536,1.9735719,21.466171,20.005312,18.71414,-29.907013,21.028318,31.127426,-1.2637124,-20.67859,-15.3283415,-34.224724,18.937098,29.780432,-15.091706,-20.908058,-14.679212,-19.74114,-22.715881,-13.805438,9.608592,19.085306,-31.664185,-16.631222,-21.89058,-37.289722,-3.8653367,30.893671,-21.259848,-3.1186955,-12.316472,-7.7658234,11.114479,-4.9738383,12.343231,22.723892,5.158946,-13.110503,-7.2196326,21.035189,13.054057,-17.514452,-12.654054,-39.01562,-19.80472,32.94084,-10.834282
O04019,-17.21398,20.533678,25.808586,-5.9094353,13.547036,-3.520366,-1.3917822,-18.923792,-11.510529,-18.662046,-16.582285,-15.923882,4.9596076,21.28169,14.363239,-30.049166,-8.542492,-4.813454,3.2302313,16.3164,15.080921,12.116918,-23.033997,13.86797,23.140345,-1.2943605,-14.679721,-11.912373,-27.867477,14.45306,22.958124,-9.127068,-14.084774,-12.268123,-13.166404,-18.153742,-13.059854,7.2251167,16.134949,-24.44333,-13.167183,-15.966155,-27.702654,-1.9121704,24.106203,-16.631336,-2.9807413,-10.220833,-6.713241,7.863913,-3.2536354,9.561391,18.719625,3.9937007,-10.056411,-5.9059663,16.264769,12.825854,-12.659833,-9.6925,-32.07725,-13.4689665,25.47557,-8.853127
P04418,-15.581707,23.69157,23.985094,-6.136046,15.681648,-3.6034799,-2.665562,-19.367487,-12.640298,-18.673775,-17.503727,-18.23643,4.445806,24.725624,13.688864,-32.969685,-12.690215,-6.9734516,1.7920274,18.121546,16.840609,15.728365,-25.719212,18.778503,26.343204,-0.90787464,-18.116491,-12.141576,-29.045109,15.593924,25.266497,-13.573782,-18.128525,-11.927734,-17.167683,-17.826757,-12.04184,8.332389,16.248886,-26.387669,-13.912308,-19.126814,-32.214264,-4.5483336,26.892204,-17.968727,-2.8147414,-9.883596,-6.6418266,8.9933195,-4.407071,10.128496,19.16556,4.915502,-11.384621,-6.0366964,16.82399,10.336033,-13.890312,-10.698618,-33.086235,-17.491524,27.87585,-8.089367
O88587,-14.030377,15.971447,19.998161,-4.024895,9.589158,-3.1919682,-0.61245,-15.30071,-7.880446,-14.775925,-12.841737,-12.161159,3.7820919,16.206478,11.152099,-22.6813,-6.476975,-3.0232651,1.9688374,12.772901,11.742747,10.141484,-17.281748,10.049338,18.330566,-1.2471509,-11.080536,-10.148164,-21.104555,11.58208,17.794157,-6.5641847,-10.639607,-9.925273,-10.086266,-14.966367,-9.812268,5.495163,12.039253,-18.958097,-10.258116,-12.008419,-21.06546,-0.34844795,17.593002,-12.744868,-2.180558,-8.331903,-5.105659,6.498226,-2.4250145,7.7280173,14.227344,2.7084122,-7.615326,-4.739265,13.487958,10.126003,-10.9282675,-7.784037,-24.281616,-9.780586,19.950396,-8.077788
P13569,-13.369172,15.184731,19.270859,-3.8589575,9.2610655,-2.9263785,-0.5885169,-14.560374,-7.7292356,-14.224889,-12.2097225,-11.633414,3.6105087,15.547024,10.658792,-21.758736,-6.0062003,-2.8861227,2.1494548,11.955632,11.168647,9.296009,-16.717201,9.595588,17.248121,-1.0321363,-10.381817,-9.576905,-20.168282,10.918244,16.95054,-6.176893,-10.158232,-9.449789,-9.592716,-14.2111025,-9.241891,5.1779995,11.650771,-18.172344,-9.75072,-11.392143,-20.066063,-0.41240296,17.091425,-12.182915,-1.9819902,-7.9200664,-4.773286,6.113107,-2.234524,7.307504,13.604389,2.6288202,-7.197257,-4.372218,12.816795,9.767585,-10.266304,-7.3053875,-23.283678,-9.48812,18.916014,-7.456067
P76015,-11.456781,12.382075,16.096384,-3.4706187,7.7045927,-2.421911,-0.59067595,-12.398912,-6.503862,-11.396614,-9.957609,-9.285369,3.0029895,12.646321,9.191129,-17.701347,-5.5685816,-2.4069793,1.6545684,10.457768,9.459607,7.7957735,-13.527407,8.190576,14.687643,-0.8105175,-9.141915,-8.094888,-17.045403,9.454706,14.346308,-5.2436914,-8.459571,-7.8484216,-7.897091,-11.761032,-8.284073,4.2491655,9.433846,-14.774953,-8.311487,-9.647202,-16.777018,-0.5769871,14.041257,-10.053996,-2.1640048,-6.7823462,-4.212947,5.1791034,-2.0530782,5.9798093,11.591255,2.3020966,-6.65465,-3.8966775,10.6425495,8.144047,-8.345975,-6.1800146,-19.33346,-7.9024057,15.707402,-6.456517
O15198,-19.652737,24.148085,27.998901,-5.178164,14.235207,-4.54278,-1.0583594,-22.203995,-11.50687,-21.768589,-18.557842,-18.436815,4.8614197,24.787941,15.623739,-33.35876,-10.64318,-4.9698052,2.3062332,18.14869,17.242004,15.376247,-26.28603,16.395992,26.49942,-1.3856101,-16.656694,-14.704721,-30.181091,17.115723,26.577862,-10.73605,-16.91867,-13.538242,-16.05106,-21.656944,-12.33872,8.1051445,16.842537,-28.289223,-14.6922,-17.83329,-31.84243,-1.1497536,26.522842,-19.139744,-2.5903976,-11.8627205,-6.577978,10.234469,-4.027893,10.985436,20.306564,4.4331083,-11.078268,-6.2974973,20.039213,13.528854,-16.588982,-11.18849,-34.80858,-16.307697,29.045326,-10.859432
P27635,-16.921997,19.214714,24.596811,-4.8835874,11.831972,-3.6104457,-0.72255385,-18.302986,-9.940433,-18.16865,-15.497299,-14.789429,4.564376,19.678036,13.528394,-27.678135,-7.370859,-3.6975727,2.8908496,14.959934,14.01419,11.442971,-21.29431,12.0769005,21.552588,-1.2892084,-12.975748,-11.950608,-25.570496,13.739843,21.379557,-7.7106476,-12.78344,-11.873538,-12.023383,-18.018988,-11.670991,6.5489273,14.881435,-23.089058,-12.316976,-14.290737,-25.33409,-0.5157181,21.82722,-15.491908,-2.444406,-9.982252,-5.9721994,7.720666,-2.8445196,9.16724,17.299864,3.331941,-8.970299,-5.451273,16.170214,12.483615,-12.868806,-9.128981,-29.657137,-12.049769,23.84459,-9.190308
O64903,-20.574255,28.741234,31.452253,-7.448668,19.052776,-4.4574256,-2.58727,-24.174042,-15.519397,-24.15568,-21.810562,-22.319052,5.8706493,29.910055,17.56177,-40.780243,-13.730771,-7.6751456,3.0814407,21.563406,20.20661,18.015009,-31.77237,21.37728,31.545822,-1.3444338,-20.922674,-15.23351,-35.979614,19.035368,30.87383,-14.880282,-21.045229,-15.230872,-19.922852,-22.893486,-15.439484,10.112051,20.71727,-32.78642,-17.153297,-22.472757,-38.749664,-4.2020564,33.0408,-22.275131,-3.2935722,-12.648609,-8.100123,10.97884,-5.0883965,12.522962,24.001371,5.7854285,-13.318389,-7.398332,21.283077,14.398468,-17.32293,-13.081475,-41.621933,-20.39543,34.310795,-10.338105
Q92569,-13.843381,19.271442,20.593893,-4.1892447,11.361777,-3.504225,-1.3951011,-16.754076,-9.265088,-16.395037,-14.542313,-14.705287,3.6632442,19.799759,11.372331,-26.279032,-9.143584,-4.63782,1.5426756,14.578794,13.897412,12.765441,-20.465902,13.75508,21.274038,-0.8619321,-13.615956,-10.956479,-23.535067,12.976348,20.298037,-9.853973,-14.097898,-10.538307,-13.29794,-16.295874,-9.0583315,6.4504056,13.32339,-22.134605,-11.423489,-14.725296,-25.110184,-2.000324,20.96509,-14.55835,-1.8603672,-8.694577,-5.3372765,7.6064415,-3.0051413,8.788546,15.529949,3.1555157,-8.669114,-4.884401,14.842856,9.472977,-12.39618,-8.621234,-26.782692,-13.093667,22.56945,-7.980273
P76014,-13.431337,14.162623,18.777859,-3.3440456,8.028893,-3.0374157,-0.18728985,-14.356687,-6.752762,-13.820719,-11.595931,-10.734266,3.4196625,14.367828,10.405809,-20.07861,-5.218136,-2.2085276,1.9934242,11.361889,10.626658,8.72724,-15.42823,8.311614,16.200857,-1.0971864,-9.42201,-9.633929,-19.077314,10.651674,16.094006,-5.101322,-9.140959,-9.200024,-8.611513,-14.206609,-8.651001,4.7009783,10.8168955,-17.279676,-9.301603,-10.33915,-18.479729,0.43549308,15.554014,-11.5641,-1.8908927,-7.8885183,-4.544026,5.998318,-1.9461199,7.0512176,12.904172,2.286257,-6.774769,-4.194379,12.702497,9.7952795,-10.204954,-6.898963,-21.900381,-8.44066,17.797195,-7.8376756
Q74JU6,-11.548546,10.262927,16.44866,-3.2033749,6.2573013,-2.2264683,0.16817728,-11.326578,-5.5059223,-11.129614,-9.175552,-7.855431,3.2619042,10.209111,8.903084,-15.868801,-2.2579377,-0.9749677,2.6351075,8.820784,7.9432774,5.5344076,-11.500278,4.490203,12.521025,-1.0507288,-6.2137265,-7.6415157,-15.305618,7.9113636,11.850057,-2.4162328,-5.63771,-8.2188835,-5.3031435,-11.443617,-8.5684185,3.4282691,9.534323,-13.047578,-7.5650187,-7.466706,-13.261036,1.3220742,11.779934,-8.538942,-1.7020968,-6.4817142,-4.0287046,3.9066145,-0.9246218,5.686549,10.578348,1.3296691,-4.9274235,-3.5620885,9.877594,9.205198,-7.472197,-5.4049234,-18.05333,-4.7874646,13.935548,-6.779814
P9WQP3,-16.459866,21.387672,23.762943,-4.558051,12.145008,-4.333706,-1.2685883,-19.404415,-10.061143,-18.657976,-16.616018,-16.255434,4.261508,21.983253,13.32798,-28.881824,-10.175484,-5.001229,1.5227306,16.602396,15.745646,14.242706,-22.691648,15.105743,23.444271,-1.3510362,-15.508582,-12.576423,-27.123903,15.181574,23.400936,-10.391213,-15.376977,-11.618355,-14.370683,-18.944847,-10.295329,7.3113575,14.5401945,-25.162458,-12.80836,-16.178238,-28.047796,-1.8986586,23.158993,-16.916616,-2.5437286,-10.2191105,-6.316263,8.967066,-3.5279632,9.859579,17.816462,3.7169373,-10.144005,-5.7518334,16.923223,11.363797,-14.037293,-9.67524,-30.2743,-14.379471,25.232721,-9.418181
P0AEU7,-9.75877,11.084014,14.3472805,-3.6572518,7.597629,-1.8690743,-0.8849385,-10.646936,-6.396828,-9.839172,-8.942476,-8.439435,2.84344,11.420403,8.189511,-16.497435,-4.9245806,-2.5131502,1.8288856,9.487907,8.43487,6.8281245,-12.333953,7.493247,13.4509,-0.66580164,-8.304617,-6.823099,-15.427784,8.070944,12.647606,-5.0191464,-7.62184,-7.163769,-7.186493,-9.808668,-8.131038,3.8906446,8.972549,-12.958594,-7.5364943,-9.063495,-15.2840805,-1.0651073,13.033899,-8.823199,-1.9882816,-5.7683306,-3.9623108,4.12279,-1.7445592,5.336942,10.459571,2.201873,-5.95695,-3.5167716,8.98442,7.1297154,-6.8944516,-5.5915875,-17.722742,-7.1121426,14.280739,-5.373802
P05030,-15.5697155,20.810495,23.974411,-5.7646255,13.9548435,-3.260507,-1.6968678,-17.76649,-11.386557,-17.987795,-16.142082,-16.194672,4.6935425,21.409328,13.144222,-30.20229,-8.96623,-5.112079,2.8063383,15.850527,14.656845,12.832039,-22.92986,14.405371,23.434246,-1.1421986,-14.600357,-11.374519,-26.465347,13.605219,22.015774,-10.149118,-14.635841,-12.075528,-13.931826,-17.109377,-12.376829,7.3242807,16.007294,-23.830555,-12.803137,-16.227251,-27.705225,-2.343999,23.878216,-15.857216,-2.3896506,-9.430621,-6.2348585,7.517044,-3.2725575,9.500426,17.773466,3.722425,-9.342731,-5.653319,15.670484,11.373209,-12.642999,-9.739348,-31.03546,-13.666763,25.406641,-8.198479
P47068,-11.144794,15.077868,16.483664,-3.979493,9.950794,-2.3642993,-1.3432283,-13.094406,-7.9076214,-12.487353,-11.240494,-11.546714,3.0536768,15.643593,9.381873,-21.358934,-7.475361,-3.755039,1.487347,11.624808,10.749039,9.876517,-16.545195,11.168129,17.26858,-0.6204222,-11.08039,-8.546238,-18.660524,10.200156,16.378532,-7.7822433,-11.092976,-8.359633,-10.654392,-12.039569,-8.475623,5.1952343,10.742142,-16.904951,-9.223921,-11.995278,-20.520674,-1.9391527,17.057497,-11.482219,-1.809501,-6.838589,-4.2388506,5.803549,-2.6357586,6.6875997,12.532929,3.0864432,-7.2507744,-3.9887168,11.602475,7.483561,-9.552674,-7.167459,-21.663042,-10.686699,18.362345,-6.0708613
O22822,-7.6635475,8.496122,11.215867,-2.5095918,5.595764,-1.5482417,-0.39613327,-8.234208,-4.712426,-8.004043,-6.8963513,-6.5624347,2.2698638,8.81822,6.1559033,-12.614348,-3.298094,-1.5641483,1.540275,6.7528415,6.331201,5.0554533,-9.622396,5.370752,9.970717,-0.50955737,-5.855111,-5.383064,-11.623766,5.9894247,9.589137,-3.4277556,-5.6711335,-5.638627,-5.39739,-7.804605,-5.794563,2.9723306,6.9989114,-10.202739,-5.592614,-6.5871696,-11.440674,-0.37249032,9.962615,-6.7766542,-1.2182988,-4.5061007,-2.8358586,3.1851344,-1.1560318,4.19254,7.8527493,1.5175275,-4.15561,-2.5609605,7.102185,5.7716,-5.56205,-4.270242,-13.515191,-5.2266946,10.916909,-4.1748843
P37887,-15.156953,19.787561,22.445314,-5.025732,12.441913,-3.4750183,-1.5149299,-17.601095,-10.2778225,-16.988028,-15.244517,-15.106712,4.1575794,20.364536,12.597487,-27.690857,-9.474108,-4.847027,2.0004992,15.525149,14.404435,12.732064,-21.396963,14.225884,22.27584,-1.0343354,-14.511542,-11.274639,-25.335167,13.735639,21.526064,-9.898953,-14.2988205,-11.088504,-13.415259,-16.847048,-10.936775,6.8496876,14.262221,-22.879995,-12.181225,-15.422478,-26.413748,-2.2818077,22.238968,-15.3699255,-2.5785177,-9.308076,-5.9595904,7.824121,-3.3627245,9.001775,16.917349,3.6035626,-9.5781765,-5.4520154,15.308636,10.58821,-12.401691,-9.171001,-28.853167,-13.440108,23.810234,-8.257867
P08312,-14.029089,12.186979,19.06877,-2.875712,6.280688,-3.1221845,0.613384,-13.945439,-5.602435,-13.512539,-10.810208,-9.168242,3.5229647,12.100783,10.389391,-17.653074,-3.046891,-0.86773217,2.400478,10.226231,9.524697,6.947158,-13.324271,5.4397397,14.189147,-1.3323278,-7.3997173,-9.507148,-17.827377,9.95019,14.431755,-2.6531994,-6.816571,-9.182349,-6.297708,-14.367295,-8.622954,3.9675646,10.213262,-15.8807335,-8.652875,-8.310869,-15.44763,2.0552485,13.277073,-10.505147,-1.9093466,-7.969921,-4.4560184,5.4458094,-1.2898608,6.6800632,12.221373,1.530848,-5.8994217,-4.0785933,12.293146,10.782011,-9.600044,-6.2101364,-20.470182,-5.941471,16.004276,-8.383606
P21583,-15.261157,17.848476,22.191277,-4.412238,10.752649,-3.4180229,-0.7562977,-16.828915,-8.961342,-16.56507,-14.279083,-13.674642,4.1146903,18.20332,12.217809,-25.41525,-7.0566673,-3.510798,2.4071078,13.979444,13.062601,11.010398,-19.454563,11.289428,20.151943,-1.1908547,-12.114706,-11.073975,-23.399136,12.662107,19.59403,-7.461171,-11.999112,-10.978182,-11.315007,-16.574465,-10.494052,6.038784,13.578936,-21.243801,-11.349726,-13.358411,-23.369804,-0.5624392,19.894295,-14.140905,-2.1782176,-9.101507,-5.5340576,7.1074295,-2.5756087,8.565208,15.742261,2.942868,-8.255139,-5.0406694,14.867737,11.136406,-11.976473,-8.4425745,-27.01865,-11.116247,21.989809,-8.616602
O88554,-21.28836,28.674145,32.437553,-7.575717,18.887402,-4.5572186,-2.5420215,-24.804688,-15.739542,-24.52094,-22.114347,-22.26025,5.9758396,30.010082,18.201511,-40.839314,-13.565201,-7.6985044,3.4063268,21.904167,20.595888,17.588032,-31.968355,21.26915,31.407322,-1.3244047,-21.041273,-15.4444475,-36.90618,19.483334,31.41934,-14.529631,-20.918339,-15.319616,-19.62054,-23.413284,-15.66905,10.030629,20.888859,-33.251137,-17.39139,-22.495123,-38.852554,-4.2015166,33.399708,-22.749893,-3.5753722,-13.015541,-8.403288,11.098401,-5.008497,12.580488,24.552763,5.960231,-13.763292,-7.4613357,21.51223,15.106698,-17.186218,-12.96038,-42.278698,-20.498684,34.30211,-10.56325
P19414,-12.830885,13.196468,18.554598,-3.827593,8.270679,-2.5795102,-0.29997167,-13.284918,-7.028675,-13.064371,-11.100605,-10.136074,3.6149554,13.342468,10.160955,-19.711514,-4.2448487,-2.082965,2.5750856,10.815678,9.860656,7.6347485,-14.6730385,7.310597,15.531099,-1.0890516,-8.630049,-8.80781,-18.436253,9.666378,14.862064,-4.5160756,-8.1681,-9.211033,-7.722123,-13.133831,-9.519083,4.49832,11.148308,-16.094652,-9.023583,-9.87086,-17.343904,0.36352676,15.081044,-10.688341,-1.943715,-7.3964624,-4.6168766,5.0678654,-1.6432796,6.7243137,12.595619,2.0756986,-6.2743025,-4.1485047,11.636881,9.826604,-9.05241,-6.624559,-21.592676,-7.3668613,17.11964,-7.2803473
P0C0V0,-8.473985,8.837035,12.3049345,-2.9201849,5.955305,-1.6132655,-0.44118977,-8.887935,-5.070406,-8.377956,-7.33992,-6.7453976,2.4986665,9.049638,6.8699203,-13.359134,-3.387706,-1.6004676,1.7461761,7.5299416,6.760727,5.2376437,-9.923191,5.3940396,10.811101,-0.6142338,-6.268542,-5.7976136,-12.597201,6.5066357,10.152067,-3.4392831,-5.742304,-6.195196,-5.4253044,-8.388042,-6.8468533,3.0951862,7.552258,-10.615328,-6.1562905,-7.016651,-12.010628,-0.2923422,10.40705,-7.101052,-1.5735847,-4.920582,-3.2594125,3.2846174,-1.215299,4.469029,8.601167,1.567792,-4.631566,-2.917669,7.553386,6.4105773,-5.7605724,-4.586775,-14.608669,-5.196607,11.649689,-4.7318473
P32527,-11.924634,10.724925,16.826042,-3.0747707,6.19314,-2.4991827,0.20063978,-11.894769,-5.577041,-11.591811,-9.590618,-8.177843,3.289009,10.762524,9.143989,-16.099932,-2.7341063,-1.1421214,2.4580457,9.169151,8.424249,5.9131336,-11.939365,5.0468335,12.722001,-1.1047157,-6.7469344,-7.908774,-16.060751,8.443412,12.576104,-2.7085674,-6.1005025,-8.186445,-5.625502,-12.051682,-8.264071,3.611866,9.524396,-13.84647,-7.7108216,-7.728213,-13.847535,1.164312,12.226208,-9.134622,-1.825904,-6.7735534,-4.1822515,4.3459854,-1.0849744,5.8694606,10.962346,1.4409925,-5.305502,-3.671962,10.236585,9.428684,-7.773806,-5.4924145,-18.504988,-5.274287,14.2396345,-6.92201
P40763,-12.900139,15.25534,18.957664,-4.3222675,9.879114,-2.721387,-0.9861041,-14.245735,-8.255314,-13.718525,-12.201127,-11.71044,3.6533039,15.717107,10.635506,-22.10836,-6.5682597,-3.3951561,2.1594334,12.293617,11.271928,9.4072695,-16.871601,10.258716,17.570808,-0.9808665,-10.992014,-9.161535,-20.47792,10.85764,17.072874,-6.814951,-10.493338,-9.278879,-9.889512,-13.559924,-9.752429,5.3334584,11.783817,-17.981052,-9.838186,-11.91809,-20.572527,-1.2248005,17.538286,-12.188425,-2.2527673,-7.688533,-4.9869957,5.9186625,-2.4169326,7.198078,13.776392,2.8905528,-7.5690985,-4.487417,12.298174,9.396773,-9.720093,-7.373092,-23.533192,-9.874929,19.060768,-6.99755
O96033,-12.25996,10.844115,16.834724,-2.693245,5.96201,-2.5486894,0.4828186,-12.122189,-5.13787,-11.916549,-9.427532,-8.212782,3.1428804,10.764477,9.096455,-16.037624,-2.5614123,-0.7105548,2.3158562,8.867899,8.2454605,6.091118,-12.001676,4.783207,12.7976265,-1.0630313,-6.341436,-8.379402,-15.450103,8.518273,12.565509,-2.395373,-6.0610123,-8.327595,-5.7333674,-12.407435,-7.908142,3.503587,9.320579,-13.837755,-7.699833,-7.44486,-13.782915,1.8491985,11.937108,-9.059428,-1.5147328,-6.925664,-3.7785869,4.6108274,-1.09007,5.901627,10.709823,1.3588217,-5.00596,-3.5322247,10.880116,9.418672,-8.540535,-5.616771,-18.194479,-5.2928534,14.388313,-7.3040466
A1B198,-5.8789663,3.7358253,7.967001,-1.5217025,1.9933486,-1.25979,0.35751772,-5.4364142,-2.1069036,-4.829694,-4.0372744,-2.7652278,1.7682517,3.707185,4.375486,-6.079023,-0.36571527,0.119541794,1.3947845,4.0395412,3.5744882,1.9302704,-4.224013,0.8782809,5.1925726,-0.6550808,-2.4080758,-3.6309738,-7.1728907,3.5833611,5.084938,-0.061903924,-1.5595186,-3.974156,-1.3437567,-5.412272,-4.3590016,1.3157805,4.174214,-5.49687,-3.326779,-2.809689,-4.8884454,1.0781024,4.4173446,-3.5855272,-1.1887001,-3.2392113,-2.269942,1.4975445,-0.061920106,2.623202,4.8557987,0.3401491,-2.4107761,-1.86544,4.263794,4.9760013,-2.953064,-2.312658,-7.9083157,-0.9261018,5.757053,-3.701416
P04156,-12.083204,12.990545,17.372057,-3.5995288,7.992408,-2.579102,-0.45176998,-12.890398,-6.7924805,-12.414087,-10.709606,-9.899295,3.3383148,13.206553,9.624911,-18.90231,-4.911678,-2.3214355,2.1044142,10.676981,9.785895,7.8602157,-14.263601,7.8478775,15.179655,-0.9777608,-8.935613,-8.468565,-17.904964,9.573507,14.670525,-5.0136366,-8.455597,-8.591339,-7.932325,-12.599553,-8.736832,4.447003,10.419629,-15.715352,-8.681732,-9.853404,-17.17973,-0.14225392,14.711095,-10.4864435,-1.9700067,-7.091857,-4.4554977,5.1519265,-1.8082421,6.4701223,12.130389,2.13024,-6.401586,-4.021696,11.175814,9.0093565,-8.77262,-6.4128532,-20.606382,-7.693335,16.523607,-6.865486
P32790,-11.555255,13.554642,17.008446,-3.9228396,8.841823,-2.4091809,-0.8858601,-12.735897,-7.426473,-12.224664,-10.868084,-10.401525,3.304328,13.984384,9.529455,-19.73151,-5.8244596,-2.9929647,2.0113358,10.984332,10.075029,8.315678,-15.033247,9.098749,15.713035,-0.8427208,-9.782748,-8.180707,-18.324272,9.656303,15.203739,-6.0425715,-9.321937,-8.361948,-8.775999,-12.081707,-8.821026,4.739647,10.597664,-16.011665,-8.804001,-10.643127,-18.309828,-1.1065359,15.674059,-10.820087,-2.0453424,-6.8816643,-4.493284,5.212702,-2.111642,6.4385476,12.333104,2.5519512,-6.7879014,-4.026028,10.941576,8.46162,-8.597356,-6.586106,-21.04885,-8.737844,17.007153,-6.26689
P01317,-20.158815,29.821226,30.256922,-7.4418716,19.35491,-4.7364726,-3.1753738,-24.827995,-15.572276,-23.59487,-22.003672,-22.801565,5.437424,31.058386,17.4936,-40.979443,-16.400787,-8.671724,1.8441461,22.984991,21.276285,19.994165,-32.226517,23.833189,33.02448,-1.2470654,-23.12794,-15.5929,-36.663704,20.226198,32.312836,-16.953794,-22.870657,-14.68428,-21.578806,-22.895094,-14.906532,10.481915,19.832254,-33.343315,-17.533215,-23.898193,-40.684055,-5.5233903,33.5802,-22.967255,-3.7850437,-12.742379,-8.298982,11.892308,-5.874311,12.626433,24.263792,6.3639426,-14.7111635,-7.6858916,21.608217,13.07996,-17.88002,-13.489316,-41.460064,-22.278837,35.010403,-10.4605875
P16435,-16.036896,19.436357,23.330133,-4.6242094,11.894376,-3.5583389,-0.90384704,-17.861574,-9.754391,-17.739138,-15.205333,-14.938881,4.268244,19.938417,12.853461,-27.496199,-8.075932,-3.9700983,2.393785,14.751484,13.929349,12.030538,-21.33268,12.825595,21.609285,-1.1557244,-13.254349,-11.740844,-24.844948,13.55586,21.248072,-8.462386,-13.368942,-11.43782,-12.671353,-17.47542,-10.836971,6.6097875,14.3847275,-22.890707,-12.049274,-14.496044,-25.601694,-0.9382841,21.745615,-15.321689,-2.1861994,-9.60908,-5.6232395,7.834271,-3.02687,9.039615,16.744349,3.4064133,-8.854713,-5.252476,15.960876,11.473244,-12.999799,-9.118838,-28.844915,-12.647689,23.711288,-8.775737
O13877,-25.04441,34.961258,37.474396,-8.200487,22.124683,-5.7612677,-2.811799,-29.64381,-17.816881,-29.448057,-26.284346,-26.968761,6.717285,36.200836,20.989548,-48.569267,-16.889105,-8.998452,3.0131378,26.002018,24.51362,22.465874,-38.128048,25.860966,38.034836,-1.6948012,-25.23023,-18.993391,-42.897472,23.45954,37.49437,-17.94804,-25.639757,-18.167862,-24.301325,-28.371313,-17.43389,12.105003,24.180958,-39.854473,-20.596725,-26.853062,-46.702053,-4.4501796,39.20109,-27.065289,-3.7095866,-15.477866,-9.426844,13.920532,-6.258887,15.200964,28.585857,6.8568416,-15.974725,-8.803843,26.445053,17.057295,-21.917938,-15.778479,-49.437798,-24.849022,41.295143,-13.061801
Q9BYF1,-15.140312,17.742516,21.795305,-4.4159675,10.574318,-3.545837,-0.86804354,-16.866724,-8.892358,-16.192703,-14.251289,-13.512363,4.058649,18.161322,12.206104,-24.93319,-7.637188,-3.7446222,2.0654218,14.247858,13.225512,11.23741,-19.210154,11.71525,20.056067,-1.2689259,-12.661525,-10.948411,-23.631107,12.920292,19.864908,-7.738623,-12.1536255,-10.591377,-11.361742,-16.42792,-10.356055,6.107344,13.120653,-21.19111,-11.264598,-13.480039,-23.488619,-0.9780822,19.743156,-14.303686,-2.4969444,-9.098785,-5.712527,7.2816534,-2.7779374,8.457616,15.77776,3.11648,-8.690192,-5.163897,14.621751,10.905823,-11.747364,-8.395786,-26.75739,-11.314462,21.779089,-8.530271
P52987,-8.103958,5.4017878,10.916316,-1.9368622,2.6895764,-1.7939185,0.49622414,-7.5697346,-2.7999759,-6.805822,-5.689213,-3.9804301,2.2958379,5.277609,6.0362244,-8.469091,-0.6598679,0.029173419,1.7188753,5.6881924,4.9939594,2.8918643,-5.9274354,1.4142852,7.1896,-0.96192586,-3.461773,-5.0661693,-9.913494,5.1601443,7.174616,-0.25369543,-2.3408608,-5.324934,-2.0123646,-7.696169,-5.738117,1.8526413,5.5996523,-7.790056,-4.635377,-3.920546,-6.945955,1.5251582,6.119358,-5.153838,-1.580195,-4.4832125,-3.0550659,2.312712,-0.22352909,3.6151495,6.7235513,0.51212406,-3.322024,-2.539449,6.081018,6.7222805,-4.324632,-3.1664119,-10.927822,-1.5454028,7.998707,-5.121745
P03971,-23.318014,34.5887,35.487743,-8.980976,22.889475,-5.311466,-3.8211703,-28.57468,-18.46447,-27.414728,-25.722794,-26.612085,6.467303,36.10378,20.478043,-48.135612,-18.575184,-10.255396,2.5341382,26.65597,24.598707,22.833961,-37.684216,27.475979,38.259956,-1.516131,-26.704697,-17.81899,-42.83779,23.246634,37.455647,-19.529966,-26.333115,-17.119722,-24.888065,-26.278814,-17.843771,12.221314,23.479345,-38.68254,-20.419123,-27.847021,-47.33708,-6.551183,39.357624,-26.753439,-4.3872848,-14.658299,-9.768427,13.482585,-6.7152357,14.630267,28.334991,7.5555053,-16.941685,-8.898253,24.82307,15.405597,-20.404636,-15.632327,-48.68397,-25.790722,40.79345,-11.8780775
P68767,-13.892461,19.11837,20.757578,-5.064104,12.475868,-3.179299,-1.7941784,-16.452902,-10.093291,-15.744594,-14.54522,-14.686139,3.945792,19.857775,11.8467455,-26.866669,-9.657157,-5.1195273,1.6988033,14.929405,13.766511,12.583824,-20.834822,14.389131,21.54663,-1.0229923,-14.450721,-10.459445,-24.190737,13.03667,20.88523,-10.0786085,-14.09229,-10.23905,-13.371925,-15.281482,-10.586906,6.773773,13.496109,-21.699738,-11.562207,-15.253819,-26.0054,-2.8759158,21.639452,-14.857822,-2.526786,-8.591369,-5.6886253,7.4202743,-3.4531362,8.466441,16.045275,3.9371357,-9.353268,-5.1980147,14.2652235,9.500567,-11.681266,-8.933202,-27.56777,-13.499177,23.05333,-7.4153237
O15393,-14.368942,19.753042,21.330872,-4.714711,12.42515,-3.3431778,-1.5706723,-17.037998,-9.995278,-16.636837,-14.867877,-15.177348,3.8946087,20.468723,11.967299,-27.468847,-9.577837,-4.9211197,1.7367862,14.895526,14.043776,12.890239,-21.488249,14.493546,21.888407,-0.9302753,-14.287854,-11.033205,-24.34891,13.323114,21.269321,-10.093631,-14.477722,-10.607565,-13.7721405,-16.1429,-10.081772,6.8078003,13.775557,-22.515469,-11.764566,-15.309822,-26.416897,-2.3949523,22.061192,-15.196745,-2.1527028,-8.892256,-5.457659,7.7947035,-3.396089,8.76771,16.19059,3.8047917,-9.161656,-5.0801115,15.105902,9.780538,-12.532022,-9.073115,-27.980265,-13.866061,23.545023,-7.781194
P19544,-14.267358,17.2819,20.89732,-4.5666356,10.698836,-3.238023,-1.10123,-16.07085,-8.966757,-15.410782,-13.759865,-13.1901045,3.9385245,17.723196,11.721848,-24.521257,-7.629701,-3.9085233,2.0984256,13.941863,12.840295,10.939239,-18.753088,11.687061,19.72784,-1.1204967,-12.480102,-10.361266,-22.918419,12.342036,19.14782,-7.9278035,-12.00732,-10.288876,-11.250548,-15.479243,-10.329373,5.9688735,12.937134,-20.370298,-10.992603,-13.403993,-23.020906,-1.3878145,19.440018,-13.717555,-2.44653,-8.6115675,-5.588835,6.8310695,-2.715595,8.16589,15.31169,3.0869071,-8.494033,-5.0088086,13.870914,10.272673,-11.087054,-8.175947,-26.062332,-11.171814,21.226145,-7.977902
P19971,-13.595168,19.77573,20.360868,-5.5336123,13.591246,-2.9495883,-2.3299441,-16.527527,-10.916649,-15.334429,-14.536938,-15.081198,3.831246,20.670805,11.94107,-27.624275,-11.39407,-5.883173,1.3801086,15.621476,14.189556,13.279351,-21.593401,16.256948,22.518589,-0.77331316,-15.910415,-10.280943,-24.774828,13.513632,21.7751,-11.523848,-15.32906,-9.918509,-14.492842,-14.775314,-11.012039,7.1219635,13.462179,-21.897078,-11.8853035,-16.303093,-27.570145,-4.150444,22.757996,-15.221533,-2.9602833,-8.537309,-5.7530284,7.77046,-4.1257052,8.323509,16.529625,4.48969,-10.312458,-5.3913918,14.171243,8.780929,-11.547665,-9.2785425,-28.066109,-14.957513,23.699215,-6.8428373
P01563,-24.067125,35.38409,36.245544,-8.568685,22.55306,-5.7268395,-3.5731256,-29.560759,-18.166979,-28.449692,-26.338875,-27.178873,6.4409556,36.86523,20.808947,-48.71835,-18.602354,-10.116185,2.387786,27.015526,25.204912,23.496103,-38.323944,27.597748,38.79958,-1.5913883,-26.805868,-18.667473,-43.432262,23.900148,38.219982,-19.541466,-26.76599,-17.543446,-25.309479,-27.525276,-17.291365,12.306618,23.649797,-39.819344,-20.741034,-28.046408,-47.933094,-5.984916,39.679394,-27.406466,-4.1335797,-15.15108,-9.76617,14.043541,-6.643425,15.1064,28.634018,7.481177,-16.971695,-8.906088,25.892525,15.851359,-21.489607,-15.83438,-49.258465,-26.161514,41.457226,-12.646378
O75563,-18.66749,21.607248,26.804525,-5.1078215,13.042613,-4.020921,-0.7501612,-20.365976,-10.6569395,-20.183226,-17.040236,-16.554525,4.8064494,22.012308,14.788905,-30.7385,-8.443654,-4.0199847,2.8508575,16.535887,15.496002,13.22364,-23.714592,13.606172,24.209837,-1.3759695,-14.373651,-13.569407,-27.76052,15.350728,23.767126,-8.764159,-14.4769745,-13.12876,-13.767444,-20.06293,-12.484912,7.224748,16.174484,-25.556631,-13.668331,-15.901174,-28.346268,-0.30235258,24.01204,-17.133728,-2.4327683,-11.0464735,-6.2685285,8.830403,-3.2647622,10.179847,18.866074,3.724044,-9.793895,-5.9096413,18.383005,13.376561,-14.941119,-10.254779,-32.473175,-13.721633,26.639534,-10.405186
O75112,-11.625759,10.601401,16.007488,-2.5046346,5.643812,-2.6303601,0.35937968,-11.790235,-5.075273,-11.476102,-9.265621,-8.034078,3.005325,10.713525,8.688452,-15.263565,-3.0510404,-1.0266796,2.01784,8.687673,8.269378,6.0432696,-11.728672,5.284676,12.122472,-1.0181876,-6.6666102,-7.894632,-15.399358,8.442584,12.518085,-2.7555172,-6.261232,-7.6466026,-5.7550807,-12.011735,-7.0896263,3.5238836,8.756274,-13.785253,-7.3060775,-7.365771,-13.580559,1.2163024,11.809737,-9.112137,-1.6236224,-6.6804805,-3.7877262,4.6750727,-1.2025328,5.675161,10.453749,1.4415771,-5.1800485,-3.43026,10.264215,8.946393,-7.997658,-5.2944913,-17.528883,-5.5649467,13.699071,-6.7252774
O15054,-18.467413,26.753082,27.279512,-5.516315,15.765132,-4.8344975,-2.0745046,-22.723032,-12.681667,-22.19217,-19.85485,-20.395262,4.7515106,27.557241,15.250522,-35.87366,-13.579045,-6.82465,1.4668502,19.951624,19.03442,18.06289,-28.321205,20.004677,29.02555,-1.2167376,-19.426538,-14.738843,-32.099796,18.037745,28.285955,-14.281604,-20.01349,-13.642453,-18.866783,-21.995895,-11.718541,9.090437,17.57654,-30.464167,-15.431347,-20.414902,-35.11694,-3.3674192,28.952341,-20.330566,-2.6094964,-11.720984,-7.0759587,10.925714,-4.670338,11.782071,21.132698,4.7178082,-12.148723,-6.6349397,20.214188,12.190619,-17.100637,-11.837369,-36.306187,-18.914677,30.902672,-10.351078
P15291,-13.061557,14.236491,18.71778,-3.6522958,8.451042,-2.900071,-0.4039804,-14.054651,-7.1548843,-13.620025,-11.689898,-10.859154,3.4972422,14.498095,10.329739,-20.403975,-5.3929734,-2.543615,2.127986,11.534246,10.661587,8.702294,-15.568357,8.623344,16.337265,-1.087749,-9.706027,-9.241817,-19.368774,10.505795,16.021568,-5.4979024,-9.306341,-9.177811,-8.702567,-13.844004,-8.961679,4.8322215,11.085279,-17.279562,-9.349809,-10.61574,-18.672796,-0.07463172,15.929482,-11.55695,-2.0108953,-7.7070575,-4.7178226,5.7863975,-1.976394,7.0041895,13.045099,2.3268273,-6.8703527,-4.23426,12.291345,9.644756,-9.741982,-6.8840947,-22.195633,-8.548944,17.843155,-7.448469
P0DP23,-14.182918,16.784718,20.517584,-4.027897,10.184675,-3.1535976,-0.6979617,-15.686674,-8.395946,-15.486481,-13.226187,-12.865654,3.778783,17.182892,11.292022,-23.783113,-6.8559213,-3.277015,2.1493652,12.876314,12.139891,10.386667,-18.39044,10.870289,18.822447,-1.0267148,-11.40317,-10.352523,-21.664907,11.823388,18.42925,-7.1309066,-11.440003,-10.121873,-10.830564,-15.37182,-9.573572,5.6909547,12.561214,-19.87784,-10.525885,-12.5047,-22.061367,-0.6128168,18.74348,-13.2522,-1.9560478,-8.474659,-4.970235,6.777336,-2.5386682,7.927676,14.614634,2.8544915,-7.716989,-4.633149,13.968471,10.206854,-11.336515,-7.9480605,-25.109426,-10.719209,20.605474,-7.8744154
P17931,-13.877939,15.967689,20.120998,-4.124864,9.856317,-2.994103,-0.71058446,-15.180009,-8.209795,-14.828504,-12.790466,-12.247036,3.7583382,16.365881,11.151722,-22.950125,-6.3711653,-3.1450372,2.2761772,12.581337,11.71892,9.762684,-17.603941,10.192046,18.159588,-1.0453901,-10.956032,-9.961554,-21.143066,11.411873,17.769995,-6.619375,-10.740116,-9.876694,-10.153791,-14.752826,-9.746425,5.4367695,12.258105,-19.008398,-10.251591,-12.061914,-21.1591,-0.57664746,18.036804,-12.764392,-2.0708563,-8.229154,-5.00022,6.357921,-2.3620784,7.6348104,14.264088,2.8178973,-7.5687575,-4.559743,13.364235,10.11838,-10.69154,-7.657345,-24.455578,-10.081104,19.869864,-7.709802
Q9UTI7,-19.211662,26.60022,28.892513,-6.4790783,16.792376,-4.4660296,-2.2030814,-22.772669,-13.657278,-22.420876,-20.19283,-20.464409,5.282484,27.465532,16.15387,-37.093742,-12.745431,-6.835861,2.453495,20.224363,18.936596,17.172255,-28.820618,19.434547,29.36938,-1.321041,-19.271358,-14.583271,-33.0828,17.900524,28.450695,-13.678665,-19.417196,-14.269093,-18.34761,-21.809977,-13.75009,9.195517,18.769287,-30.397543,-15.905195,-20.636444,-35.420765,-3.384624,29.788376,-20.46959,-2.9838467,-11.89554,-7.5405817,10.376686,-4.5544996,11.815939,21.99079,4.983835,-12.305588,-6.906967,20.081156,13.269363,-16.524096,-12.072802,-37.94922,-18.488453,31.575127,-10.31284
P23202,-14.279808,16.83148,20.508368,-3.6497622,9.803315,-3.2470605,-0.558749,-15.935758,-8.177053,-15.771405,-13.192716,-12.89938,3.605175,17.358025,11.238372,-23.527334,-6.8372703,-3.1805203,2.1098278,12.633025,12.23695,10.294514,-18.54448,10.937579,18.464014,-0.8832367,-11.223198,-10.533994,-21.552828,11.955414,18.590881,-7.0187364,-11.573341,-9.951145,-10.903236,-15.675408,-8.765349,5.560619,12.300441,-20.176123,-10.414998,-12.310848,-21.993805,-0.4554211,18.772707,-13.438247,-1.7451092,-8.565427,-4.7356863,7.018558,-2.481969,7.9022336,14.477469,2.8813314,-7.6583533,-4.395642,14.253677,10.202304,-11.60189,-7.7672706,-24.844133,-11.046956,20.359735,-7.879881
O00399,-15.481907,15.226353,21.1969,-2.9639785,8.192055,-3.354653,0.5308478,-15.880369,-6.7883987,-16.018057,-12.413072,-11.582528,3.6885371,15.291928,11.371595,-21.57787,-4.4990435,-1.3867087,2.4645457,11.325197,10.9858,8.8192835,-16.819374,7.870314,16.913288,-1.1364794,-8.899384,-11.0107765,-19.92199,11.412073,17.122885,-4.288999,-9.288168,-10.320078,-8.837359,-16.325674,-8.847988,4.8555446,11.814179,-18.94225,-9.939842,-10.170454,-19.267193,1.9261643,16.510544,-12.423818,-1.4847353,-8.910933,-4.2894106,6.771931,-1.9123354,7.666836,13.787356,2.0896645,-6.5122714,-4.2608824,14.704075,11.384827,-11.962097,-7.4336376,-23.605,-8.612581,19.186306,-8.91151
P06367,-12.960946,14.0386305,18.32466,-3.4985108,8.282308,-2.8775573,-0.3631971,-13.935618,-6.932606,-13.426895,-11.423809,-10.682554,3.4021513,14.302546,10.183545,-20.044096,-5.3858075,-2.4102945,1.9847324,11.25395,10.470998,8.656888,-15.374036,8.538893,16.101322,-1.0508518,-9.532903,-9.267565,-18.883123,10.397888,15.900277,-5.348573,-9.200686,-8.984339,-8.685273,-13.648844,-8.722453,4.738718,10.769353,-16.968214,-9.172904,-10.431599,-18.4954,0.045233518,15.611778,-11.398832,-1.9257191,-7.6312623,-4.521034,5.8117743,-2.011001,6.8964334,12.761524,2.380231,-6.7697515,-4.159381,12.2689705,9.451941,-9.828963,-6.852306,-21.713043,-8.539347,17.652489,-7.4282565
O54288,-18.14162,29.942854,28.70631,-6.99935,18.705585,-4.8021135,-3.4355485,-23.767239,-15.133379,-23.328367,-22.076832,-23.08159,5.2079396,31.11135,16.094494,-40.805397,-15.72695,-9.067368,1.7983601,22.567455,21.317333,20.326538,-31.73621,23.451542,32.661057,-1.1338254,-22.348392,-14.958779,-35.74263,19.115685,30.80431,-17.62512,-23.028408,-14.74922,-21.739044,-22.458569,-13.243923,10.30007,20.052383,-33.321243,-17.053009,-23.923952,-39.65146,-5.7509356,33.033813,-22.198706,-2.8273928,-11.8621645,-8.213021,11.097158,-5.057379,12.967045,23.15002,5.5247626,-13.503458,-7.202799,20.694527,12.045372,-17.439827,-12.905527,-40.353394,-21.728386,34.220573,-10.056012
P0A912,-11.315302,8.212845,14.779433,-1.9967635,3.5201168,-2.701964,0.86163795,-10.874958,-3.4917567,-10.003877,-8.001286,-6.0125084,2.807085,8.018599,8.166311,-11.842363,-1.5565777,-0.0106279105,1.8001412,7.7501135,7.0887327,4.7208657,-8.791182,2.7445714,10.014223,-1.2788773,-5.064583,-7.4358397,-13.479769,7.6519117,10.544561,-0.792761,-4.0057836,-7.0177374,-3.5358233,-11.29525,-6.69167,2.6733654,7.2262354,-11.5103035,-6.3745823,-5.464676,-10.294103,2.3099375,8.696286,-7.6682506,-1.8265388,-6.354726,-3.726164,4.0163584,-0.65893364,5.0348377,9.1651745,0.83822703,-4.5497484,-3.2945702,9.2194195,8.889936,-7.012377,-4.450473,-14.878966,-3.135788,11.311865,-7.128773
P62829,-14.993106,17.821285,21.78955,-4.3499293,10.902856,-3.3329072,-0.822587,-16.624418,-9.0708065,-16.390028,-14.10389,-13.692458,4.022388,18.336449,12.037553,-25.278973,-7.4082522,-3.6558459,2.300206,13.7185,12.951142,10.947982,-19.63195,11.757624,19.860664,-1.0933461,-12.294073,-10.839594,-23.234653,12.603247,19.721071,-7.677103,-12.226636,-10.576377,-11.52154,-16.216318,-10.155684,6.092525,13.315841,-21.192055,-11.153733,-13.35904,-23.566156,-0.9111857,20.097448,-14.230899,-2.1742811,-8.967873,-5.348871,7.213409,-2.7626293,8.35358,15.618176,3.1694756,-8.336674,-4.920055,14.678063,10.828782,-11.836011,-8.381275,-26.776268,-11.570454,21.824705,-8.154469
A0A075TRK9,-14.508745,17.129192,20.97354,-4.2154408,10.142655,-3.3968947,-0.8116209,-16.202932,-8.465258,-15.656839,-13.719011,-13.055292,3.8981352,17.466661,11.667649,-24.130941,-7.1198225,-3.512627,2.0503387,13.67413,12.702698,10.875797,-18.468294,11.049002,19.4437,-1.203334,-11.950458,-10.633598,-22.549183,12.30695,18.917133,-7.3937416,-11.641205,-10.400484,-10.946006,-15.860123,-9.952706,5.8224673,12.767944,-20.355455,-10.877751,-12.964243,-22.492113,-0.7370115,18.903648,-13.612904,-2.2310364,-8.720642,-5.445672,6.895469,-2.5288892,8.238262,15.066513,2.8627553,-8.145221,-4.9210944,14.166052,10.47668,-11.450567,-8.102325,-25.71535,-10.728253,21.035538,-8.360497
B2UP57,-12.355322,11.23147,16.18357,-1.742904,5.2881403,-2.897091,0.8225918,-12.54996,-4.4392605,-12.366058,-9.291554,-8.412357,2.747723,11.250732,8.709644,-15.399671,-3.2438853,-0.49523038,1.611774,8.396573,8.33807,6.685433,-12.278362,5.4455204,12.407363,-0.94788086,-6.452596,-8.840932,-14.90316,8.948,13.0845995,-2.5936103,-6.6850376,-7.792438,-6.318819,-12.9982605,-6.1327724,3.5108895,8.3889675,-14.421668,-7.368368,-7.146678,-14.033559,2.1389627,11.776048,-9.462574,-1.1478508,-7.10822,-3.1646495,5.482009,-1.3735377,5.8486557,10.283451,1.4247093,-4.957184,-3.2371757,11.595208,8.976091,-9.524305,-5.5712185,-17.3182,-6.135007,14.19653,-7.351997
P0AE85,-8.397239,8.429219,12.047734,-3.1177847,5.8086247,-1.5532436,-0.5521768,-8.766076,-4.9711947,-7.800714,-7.098985,-6.317177,2.466585,8.545692,6.9289703,-12.860286,-3.4921417,-1.6203241,1.6517245,7.807306,6.699843,5.1813436,-9.309991,5.196549,10.860718,-0.65168375,-6.3867736,-5.697431,-12.480666,6.5229144,9.925437,-3.3857834,-5.4702735,-6.126236,-5.13718,-8.080085,-7.2785087,2.96914,7.2971454,-10.023734,-6.1866097,-7.006434,-11.685353,-0.3973609,9.91439,-6.8041806,-1.8731998,-4.863495,-3.4481165,3.1175892,-1.2250029,4.3441935,8.554942,1.5659574,-4.8773904,-3.0536861,7.264972,6.2683544,-5.420147,-4.539272,-14.290826,-4.8679914,11.381078,-4.8750377
P63085,-18.640884,24.67493,27.24839,-5.394638,14.851461,-4.4305305,-1.529328,-21.775854,-12.042401,-21.440928,-18.72196,-18.907063,4.7721705,25.472603,15.16556,-33.897366,-11.583483,-5.7628994,2.1288345,18.465435,17.55598,15.913725,-26.75588,17.63866,26.890217,-1.2465023,-17.486004,-14.150534,-30.509438,17.015722,26.705303,-12.028178,-17.841244,-13.256614,-16.831244,-21.097511,-12.01952,8.386902,16.978098,-28.592073,-14.689354,-18.57357,-32.59529,-2.2874863,27.28682,-19.271805,-2.5967934,-11.47242,-6.6835494,10.16752,-4.20803,10.9797735,20.325869,4.552427,-11.310434,-6.254529,19.474298,12.724744,-16.138813,-11.170535,-34.93434,-17.138023,29.172527,-10.103888
P06850,-24.68459,37.024952,37.824165,-9.366522,24.34299,-5.7086725,-3.972192,-30.318518,-19.632364,-29.556284,-27.55334,-28.600626,6.9102135,38.66131,21.609627,-51.485554,-19.472586,-10.891649,2.7771385,28.068096,26.137613,24.283712,-40.385372,29.170252,40.52433,-1.6353756,-28.155136,-18.920086,-45.53945,24.562672,39.768745,-20.754133,-28.082544,-18.263706,-26.562338,-28.144642,-18.569098,13.073286,25.190863,-41.52277,-21.621178,-29.532953,-50.351685,-6.833197,42.065636,-28.57014,-4.3666563,-15.539345,-10.268713,14.350064,-7.039956,15.674723,30.058401,7.915862,-17.652935,-9.339648,26.476223,16.46275,-21.862011,-16.584126,-51.905922,-27.451965,43.456795,-12.498707
Q9D1M4,-20.349272,28.17984,31.135101,-7.1964836,18.437586,-4.449827,-2.4890573,-23.972404,-15.217977,-23.918108,-21.49928,-21.884943,5.729256,29.42627,17.351034,-39.897686,-13.362786,-7.525473,3.143608,21.175688,20.019648,17.477106,-31.236032,20.92432,30.738146,-1.2377595,-20.453835,-15.03363,-35.565895,18.808058,30.420343,-14.482269,-20.656996,-14.935692,-19.448496,-22.752321,-14.83419,9.824618,20.33071,-32.449245,-16.84848,-21.981354,-37.919514,-4.098291,32.522854,-22.02009,-3.2112706,-12.524756,-7.9882216,10.835414,-4.876196,12.327412,23.645554,5.656975,-13.142404,-7.1743603,20.982141,14.337379,-16.967857,-12.670151,-40.91038,-20.096428,33.485683,-10.1963415
P01031,-20.162506,28.803411,30.410275,-7.2977705,18.716896,-4.633532,-2.7964356,-24.234695,-15.110379,-23.51013,-21.660305,-22.188366,5.590352,29.967525,17.332163,-40.181553,-14.700281,-8.000158,2.3511493,22.034452,20.473036,18.84203,-31.403711,22.055622,31.822449,-1.4021257,-21.658794,-15.308611,-35.808083,19.40805,31.175678,-15.508278,-21.475988,-14.771153,-20.339146,-22.629526,-14.9744625,10.130023,19.88183,-32.555073,-17.08749,-22.810253,-39.06187,-4.618163,32.583775,-22.343204,-3.4994044,-12.553109,-8.159174,11.267889,-5.331787,12.449137,23.725315,6.0136194,-13.790842,-7.466048,21.199976,13.608467,-17.457617,-13.114,-40.877342,-20.852495,34.18157,-10.486589
O35235,-13.893464,16.803925,20.025316,-4.7045827,10.961011,-2.92155,-1.2904888,-15.617477,-9.04242,-14.512493,-13.076172,-12.752708,3.7215855,17.378504,11.559063,-23.905792,-8.280257,-4.0357065,1.8637122,13.713611,12.444958,10.746182,-18.490934,12.195077,19.434795,-0.95085907,-12.788068,-9.991081,-22.27774,12.250997,19.13253,-8.112008,-12.054776,-9.624244,-11.341919,-14.484561,-10.436574,5.887357,12.237983,-19.480225,-10.758433,-13.364749,-23.10212,-1.8996371,19.265257,-13.477379,-2.7094905,-8.360302,-5.3248034,6.85197,-3.0916622,7.622515,15.02716,3.5451534,-8.845596,-4.920214,13.448776,9.598839,-10.695249,-8.135277,-25.335901,-11.645798,20.827787,-7.4314055
Q06406,-14.204252,16.062607,20.48776,-4.111368,9.821126,-3.1264164,-0.63582337,-15.442385,-8.279897,-15.080895,-12.99515,-12.3201885,3.852078,16.498737,11.357249,-22.993145,-6.4506717,-3.1435356,2.273681,12.686929,11.868909,9.759402,-17.7484,10.288992,18.11807,-1.1231254,-11.137269,-10.045921,-21.58351,11.64351,18.090153,-6.5608106,-10.780767,-9.872825,-10.116132,-15.068372,-9.777499,5.534577,12.3032055,-19.35585,-10.300581,-12.062937,-21.311466,-0.5843116,18.215776,-13.052196,-2.2084622,-8.414769,-5.1247344,6.537937,-2.4404752,7.6931987,14.526933,2.8585427,-7.746637,-4.66301,13.4855795,10.423028,-10.733568,-7.692785,-24.763248,-10.1326885,19.97099,-7.7679515
P0C7P0,-7.696321,6.1531525,10.61165,-1.8946524,3.394241,-1.6685022,0.29587153,-7.509869,-3.2234325,-7.0667686,-5.807396,-4.644546,2.1771743,6.2023354,5.775833,-9.354531,-1.3684229,-0.3554847,1.6221594,5.5908723,5.165459,3.361531,-6.9086967,2.5428064,7.605278,-0.73433524,-3.9121878,-5.0081253,-9.945083,5.1763787,7.618412,-1.1311576,-3.2851994,-5.1982856,-2.9799128,-7.5367494,-5.2702837,2.1017554,5.791033,-8.33135,-4.6767883,-4.4535985,-7.980587,0.9943576,7.087663,-5.4641137,-1.2943506,-4.3420324,-2.7445192,2.5535793,-0.4783603,3.6469524,6.7451863,0.7533552,-3.3372471,-2.3658702,6.251409,6.2131543,-4.6375723,-3.3432033,-11.216706,-2.652657,8.515953,-4.590685
P15822,-17.011063,21.015682,25.102531,-5.470299,13.408347,-3.634826,-1.3871431,-19.133219,-11.123829,-18.716194,-16.475695,-16.19597,4.6252446,21.768873,14.054673,-30.034815,-9.243248,-4.870941,2.6851795,16.318716,15.241849,12.91384,-23.314577,14.551399,23.48442,-1.1750375,-14.966495,-12.279538,-27.384905,14.729042,23.304197,-9.659826,-14.748814,-12.060657,-13.908931,-18.279112,-12.166641,7.2454934,15.612072,-24.648193,-13.130588,-16.179174,-28.242218,-1.8848171,24.080605,-16.776962,-2.6972353,-10.216744,-6.323202,8.329434,-3.452933,9.593204,18.377592,4.1216617,-10.084132,-5.730952,16.767576,12.158734,-13.430164,-9.822005,-31.543638,-14.240891,25.679834,-8.985339
P00390,-11.726052,12.010913,16.34878,-2.4856768,6.801068,-2.503025,0.2278151,-12.199387,-5.670955,-12.385716,-9.680312,-9.211123,2.9335508,12.235311,8.717126,-17.147114,-3.8133097,-1.3201846,2.0225236,8.773484,8.640008,6.894255,-13.462359,6.63553,13.290538,-0.7509487,-7.182901,-8.345558,-15.671239,8.728828,13.4336815,-3.7608669,-7.5817757,-7.992269,-7.211603,-12.364361,-6.8948016,3.905238,9.412564,-14.866658,-7.71179,-8.218129,-15.370894,0.9990391,13.367802,-9.71031,-1.1469091,-6.7991567,-3.3494956,5.1600757,-1.5302553,5.9616046,10.781365,1.7421709,-5.1661315,-3.2871506,11.188606,8.678334,-9.06096,-5.8317738,-18.550926,-7.074024,15.066787,-6.5336895
O53580,-7.955578,5.1309366,10.925282,-2.1884918,2.8356385,-1.6265244,0.41502756,-7.2747784,-2.914671,-6.5330844,-5.567863,-3.8027773,2.3743656,4.950241,6.0388403,-8.493402,-0.32891226,0.048395783,1.9341643,5.669348,4.80011,2.6152654,-5.681923,1.0476635,7.1848907,-0.97403395,-3.240911,-4.867888,-9.765944,4.8781176,6.793092,-0.08676717,-2.0174906,-5.44919,-1.744149,-7.3537545,-6.236643,1.779676,5.7947354,-7.3659697,-4.65094,-3.8776886,-6.653573,1.5255113,5.968773,-4.8483133,-1.6260145,-4.3421335,-3.1439304,1.9621253,-0.09934145,3.559029,6.6781707,0.4526901,-3.2012606,-2.5689974,5.7872667,6.749535,-3.9891968,-3.1370463,-10.944726,-1.1621729,7.9114265,-5.0700226
P06243,-12.859705,16.02008,19.15854,-4.599376,10.610441,-2.6787245,-1.2697372,-14.495554,-8.778997,-13.947403,-12.57653,-12.308683,3.6897473,16.539822,10.787527,-23.184126,-7.2575235,-3.8474355,2.131998,12.829125,11.723887,10.00817,-17.678196,11.196921,18.468458,-0.90611756,-11.710989,-9.275889,-21.113598,11.152254,17.690508,-7.651184,-11.290429,-9.47682,-10.673751,-13.643317,-10.046492,5.6098742,12.218749,-18.557173,-10.201963,-12.703497,-21.702084,-1.742803,18.45799,-12.573248,-2.2931848,-7.7390327,-5.1078844,6.0782876,-2.6231995,7.406338,14.189843,3.1046987,-7.9143753,-4.6028924,12.525435,9.233804,-9.946808,-7.6787744,-24.324738,-10.6695175,19.855545,-6.915161
P28741,-10.699922,11.884705,15.596487,-3.444426,7.68092,-2.1736145,-0.550855,-11.462986,-6.4215713,-11.131798,-9.651112,-9.119468,3.0577812,12.149417,8.62393,-17.51632,-4.5758815,-2.2358952,1.9997548,9.6047325,8.798622,7.1589513,-13.200504,7.3782396,13.95108,-0.80735934,-8.182433,-7.5260296,-16.14051,8.487814,13.28299,-4.790491,-7.842247,-7.808272,-7.4398923,-11.044322,-8.117928,4.110212,9.633854,-14.149856,-7.878078,-9.14523,-15.865708,-0.3804479,13.650513,-9.438865,-1.7270615,-6.2798433,-3.9712586,4.5318713,-1.6824353,5.828417,10.965507,2.0487685,-5.767848,-3.610447,9.98815,7.968556,-7.855907,-5.913328,-18.800896,-7.198445,15.178954,-5.959039
O43704,-16.012918,18.554918,23.544127,-4.826114,11.4128065,-3.4496062,-0.8666346,-17.564857,-9.640003,-17.331053,-14.9828415,-14.273022,4.373887,18.996643,12.959123,-26.773676,-7.1368275,-3.7516012,2.8212693,14.653535,13.66845,11.144254,-20.435019,11.678824,20.984858,-1.1970483,-12.580917,-11.446439,-24.71614,13.168834,20.46495,-7.676286,-12.409817,-11.5410385,-11.65944,-17.23474,-11.285001,6.2668166,14.456395,-22.194956,-11.9482155,-14.001246,-24.40698,-0.6972167,21.03699,-14.812602,-2.3414142,-9.503071,-5.8935866,7.2470927,-2.6052997,8.919517,16.634388,3.1455402,-8.672774,-5.250808,15.408021,11.856224,-12.228523,-8.744466,-28.573202,-11.589984,22.960012,-8.885046
O88470,-11.492771,13.135994,17.375946,-4.4416304,9.132432,-2.2166965,-1.0570856,-12.424701,-7.853346,-11.916001,-10.915612,-10.188826,3.551011,13.638108,9.768523,-19.858803,-5.3601766,-3.1418126,2.46437,11.076045,9.956269,7.701299,-14.860072,8.706077,15.512385,-0.92524487,-9.692065,-7.751654,-18.716597,9.376053,14.966561,-5.7618794,-8.83913,-8.428488,-8.271844,-11.619042,-9.693864,4.7272925,10.996478,-15.671964,-8.842525,-10.661701,-18.050909,-1.3828529,15.785141,-10.706286,-2.319047,-6.754547,-4.8524137,4.7132955,-1.9617624,6.345078,12.566274,2.6412227,-6.8572674,-4.1408496,10.34943,8.7985525,-7.8051114,-6.4835687,-21.478834,-8.286489,16.872927,-6.023846
P03452,-16.48374,22.266088,24.576752,-5.36566,13.959892,-3.794398,-1.6609808,-19.300236,-11.284432,-19.049383,-16.939352,-17.128035,4.506977,22.941551,13.6752205,-31.157356,-10.316434,-5.3988357,2.1759741,16.84546,15.812939,14.339507,-24.16526,15.858158,24.705757,-1.1376975,-15.821542,-12.525632,-27.62739,14.997966,23.818983,-11.065445,-16.03926,-12.26168,-15.23608,-18.54396,-11.671359,7.648485,15.86612,-25.497932,-13.390853,-17.126116,-29.543243,-2.3641756,24.824623,-17.10076,-2.4003215,-10.1342745,-6.2651305,8.690541,-3.687225,10.013406,18.4269,4.081144,-10.151044,-5.7976813,17.15573,11.437253,-14.16375,-10.225855,-31.89441,-15.209714,26.631346,-8.998499
O13289,-14.317953,21.277102,22.317938,-5.4056206,13.310896,-3.6698039,-2.118633,-17.686638,-10.918868,-17.367573,-16.325062,-16.38669,4.3195367,21.87046,12.378234,-29.61094,-10.253914,-5.898649,1.8390347,16.591301,15.398682,14.207891,-22.512297,15.526503,23.819866,-1.1688015,-15.619501,-11.230592,-26.542484,13.88342,22.101883,-11.594103,-15.617332,-11.586821,-14.719367,-17.014177,-10.980574,7.4254966,15.250614,-24.13279,-12.655146,-16.918823,-27.98828,-3.2514982,23.493872,-15.931393,-2.374802,-9.089052,-6.495078,7.7290297,-3.3058941,9.725996,17.320831,3.5746884,-9.696436,-5.6677914,15.232166,10.118895,-12.58846,-9.5482,-30.072948,-14.235343,25.070997,-8.195297
P51881,-15.634071,18.363213,22.45436,-4.2519712,11.320417,-3.2368312,-0.63245744,-17.08394,-9.123514,-17.097614,-14.191393,-14.121788,3.992323,18.826712,12.32358,-26.191364,-7.2586746,-3.3374557,2.470345,13.597061,12.932329,11.129642,-20.415178,11.7804165,20.451077,-0.968105,-12.036329,-11.457349,-23.076277,12.794401,20.108921,-7.5202475,-12.46508,-11.034388,-11.952697,-16.692398,-10.330526,6.1102686,13.679153,-21.553316,-11.459387,-13.449779,-24.195007,-0.31019527,20.59005,-14.421043,-1.838036,-9.245607,-4.9627676,7.490738,-2.8252575,8.50102,15.769491,3.2738373,-8.141511,-4.809821,15.62913,11.078106,-12.785864,-8.732308,-27.319859,-11.999198,22.612514,-8.511924
P0AG86,-10.633446,8.738784,14.725571,-2.6436718,5.028579,-2.085413,0.41678298,-10.216487,-4.426743,-9.897103,-7.9628677,-6.6135483,2.8944533,8.58201,7.9817033,-13.506318,-1.5790588,-0.40586457,2.3140652,7.665337,6.873966,4.7418966,-9.722836,3.282954,10.8857155,-1.005054,-5.068013,-7.060118,-13.237372,7.0316243,10.291543,-1.5129267,-4.50009,-7.4197946,-4.2623153,-10.400664,-7.591213,2.8539753,8.223741,-11.297288,-6.643108,-6.1776986,-11.168271,1.7818493,9.795896,-7.3662286,-1.501144,-5.9137464,-3.5177305,3.479742,-0.67788506,5.0431604,9.216847,1.0107929,-4.228566,-3.1709738,8.988028,8.434208,-6.8451214,-4.765015,-15.642982,-3.684988,12.133012,-6.4734025
P34896,-11.23698,13.845163,16.375334,-3.8234975,8.901992,-2.4330053,-1.0579861,-12.784507,-7.3436995,-11.973151,-10.776763,-10.527648,3.0847437,14.295151,9.331165,-19.709696,-6.5958195,-3.2525527,1.6018811,11.227444,10.275082,8.913432,-15.137055,9.820153,16.081375,-0.7477106,-10.293269,-8.259288,-18.17707,9.876174,15.470718,-6.68238,-9.885938,-8.135697,-9.337701,-11.932244,-8.442469,4.791953,10.228705,-16.027647,-8.829346,-11.001754,-18.799807,-1.4547257,15.733805,-10.890356,-2.0466616,-6.8045635,-4.386504,5.4539533,-2.3227038,6.4138017,12.195479,2.7087142,-7.049899,-3.9982843,11.026031,7.8547378,-8.826109,-6.671162,-20.7265,-9.3521185,17.119032,-6.2269897
Q9Y7F0,-11.533745,12.179189,16.990614,-3.8464289,7.986412,-2.2940538,-0.5621132,-12.112527,-6.934316,-11.748566,-10.3134,-9.402612,3.4040546,12.512282,9.405056,-18.334902,-4.350839,-2.3511274,2.434669,10.196068,9.280014,6.990497,-13.722421,7.3166604,14.338746,-0.9556716,-8.479626,-7.7606835,-17.494081,8.92597,13.950268,-4.6028237,-7.801914,-8.2637825,-7.2858653,-11.69114,-8.980466,4.2779126,10.357893,-14.897603,-8.327115,-9.468884,-16.370092,-0.40090737,14.372887,-10.030984,-2.0504348,-6.6954803,-4.4895835,4.5656447,-1.627961,6.1141324,11.824666,2.1668508,-6.1681957,-3.893323,10.268238,8.920551,-7.799255,-6.0692735,-20.163515,-7.164137,15.77266,-6.2723737
P01556,-12.093197,14.797676,18.22913,-4.0705357,9.793318,-2.3643422,-0.96703976,-13.461459,-8.183946,-13.448242,-11.613994,-11.507246,3.4259539,15.408453,9.995664,-21.708181,-5.9937096,-3.2578065,2.4483044,11.28136,10.680415,8.669119,-16.746138,9.925287,16.67971,-0.6414271,-10.095075,-8.67796,-19.322607,10.043132,16.19529,-6.5821857,-10.260647,-8.964175,-9.731924,-12.833199,-8.948324,5.031486,11.648915,-17.398148,-9.368786,-11.411478,-19.824938,-1.1928228,17.36462,-11.622546,-1.7094438,-7.2023315,-4.414707,5.51911,-2.1581864,6.866001,13.042789,2.7846384,-6.857964,-3.9475524,11.850779,8.908537,-9.3637,-6.9579344,-22.656437,-9.860547,18.287329,-6.292021
O76927,-14.363661,16.876102,21.5095,-4.7855406,10.958737,-2.9398177,-0.9547444,-15.649293,-9.2156105,-15.607901,-13.649662,-13.071344,4.168583,17.298618,11.7869835,-24.829906,-6.4354525,-3.5525079,2.8192694,13.330177,12.311319,9.988742,-18.754606,10.693541,19.288948,-1.0912051,-11.512354,-10.111654,-22.61319,11.688917,18.467373,-7.1306553,-11.266723,-10.64406,-10.632695,-15.251512,-10.917945,5.832042,13.591581,-20.025917,-10.923094,-12.942148,-22.365448,-0.93558455,19.478868,-13.334498,-2.2107198,-8.490757,-5.4830103,6.2785773,-2.3785505,8.100516,15.268604,2.897147,-7.859439,-4.8743744,13.664755,10.811583,-10.746152,-8.072534,-26.379679,-10.445415,21.111801,-7.7802076
O95631,-23.2444,32.94479,34.19394,-7.068801,19.868855,-5.7866726,-2.5798726,-28.137276,-15.918894,-27.440033,-24.551182,-25.21181,5.9258,34.078575,19.31696,-44.67741,-16.566954,-8.475263,2.0396159,24.597797,23.336063,21.923643,-35.370323,24.678322,35.699867,-1.5848894,-24.017357,-18.187534,-39.874767,22.427208,35.3881,-17.240458,-24.48681,-16.67578,-23.171696,-26.934937,-15.081929,11.256756,21.737852,-37.5211,-19.152128,-25.209063,-43.77973,-4.132687,36.106075,-25.479115,-3.383606,-14.564804,-8.707097,13.545298,-5.9411125,14.327625,26.359785,6.3723793,-15.175829,-8.168686,25.09633,15.351371,-21.108421,-14.703718,-45.344734,-23.665216,38.412025,-12.650949
P02294,-7.3336487,4.6393147,10.176161,-2.1731791,2.774126,-1.3918531,0.35879746,-6.601264,-2.7796717,-5.953681,-5.07182,-3.457829,2.258008,4.4453497,5.6000347,-7.9814024,-0.09279133,0.11588016,1.9518936,5.195651,4.320627,2.2798219,-5.206768,0.75199187,6.734435,-0.87967163,-2.824709,-4.4620647,-8.908925,4.333084,6.0849695,0.03383988,-1.7056023,-5.1996,-1.5174866,-6.6260405,-6.097409,1.6078575,5.5427046,-6.590699,-4.338071,-3.5788004,-6.0479674,1.4752519,5.4954023,-4.293231,-1.4844971,-3.9617772,-2.9142857,1.6129705,-0.007841162,3.2877572,6.151983,0.38257125,-2.859304,-2.3836377,5.275941,6.288951,-3.5943408,-2.9422503,-10.184113,-0.8774815,7.37113,-4.7014503
B2RHG1,-8.722812,10.052012,12.76403,-2.9950235,6.629771,-1.8526269,-0.6634462,-9.599075,-5.626652,-9.094927,-8.140287,-7.737661,2.5689604,10.512699,7.185699,-14.672003,-4.4653187,-2.2345834,1.5251703,8.18404,7.592999,6.172968,-11.314218,6.9164987,11.666756,-0.6421309,-7.453623,-6.097098,-13.900944,7.245855,11.5656395,-4.4776545,-6.9718823,-6.194066,-6.5542603,-8.934849,-6.642152,3.60204,7.891572,-12.027945,-6.5202947,-7.986497,-13.782197,-0.9773216,11.82288,-8.2033415,-1.6490772,-5.19729,-3.4430766,3.9012103,-1.5961223,4.8001738,9.282379,2.0335836,-5.2404222,-3.0565207,8.085627,6.4351897,-6.30691,-4.9608912,-15.784342,-6.5831523,12.723805,-4.6253276
O49523,-14.589325,17.33744,21.408722,-4.351362,10.194449,-3.5095768,-0.9272148,-16.457132,-8.787922,-15.900075,-14.11435,-13.257069,4.0125127,17.802628,11.88017,-24.418268,-7.2369084,-3.8094158,2.2009432,14.014188,13.119611,10.842113,-18.74465,11.331695,19.486149,-1.2122349,-12.287936,-10.563129,-23.386604,12.516248,19.259832,-7.622523,-11.861173,-10.442327,-10.990651,-16.138083,-9.952278,5.925183,13.057873,-20.918592,-11.014659,-13.237599,-22.758894,-1.1037226,19.393383,-13.983239,-2.3823998,-8.82401,-5.767512,6.9148164,-2.4801214,8.388589,15.460069,2.8923657,-8.422112,-5.004555,14.068138,10.759106,-11.190471,-8.020259,-26.276978,-10.91576,21.111849,-8.279609
P63279,-17.105047,21.348045,25.16722,-5.489339,13.37855,-3.8269556,-1.443735,-19.410465,-11.0769825,-18.827192,-16.768068,-16.389488,4.661281,22.021584,14.1445265,-30.246758,-9.558845,-5.0171328,2.469024,16.778994,15.575524,13.441039,-23.37811,14.795498,23.953178,-1.3002887,-15.367242,-12.480665,-27.786787,15.025065,23.596115,-9.972641,-15.007109,-12.204741,-14.137254,-18.595024,-12.23202,7.3799324,15.659109,-24.977587,-13.307321,-16.489979,-28.582619,-1.9534386,24.130716,-16.97898,-2.8001206,-10.337447,-6.5430546,8.484643,-3.5054977,9.811347,18.561174,4.08231,-10.290284,-5.910868,16.936705,12.162553,-13.649433,-9.973376,-31.784908,-14.310514,26.005718,-9.284502
O75937,-18.080935,21.736715,26.290201,-5.352502,13.486589,-3.9343352,-1.1246035,-20.091934,-11.151236,-19.76391,-17.084116,-16.710087,4.784605,22.403858,14.640753,-30.851776,-9.264856,-4.6555076,2.7140436,16.71526,15.698923,13.348717,-24.023981,14.639143,24.150463,-1.3011178,-15.16329,-13.048564,-28.2025,15.387698,24.1321,-9.545017,-15.037132,-12.607916,-14.189151,-19.463161,-12.365389,7.44134,16.046701,-25.67545,-13.5667095,-16.377056,-28.954824,-1.3490447,24.611372,-17.414093,-2.6850882,-10.80784,-6.4190474,8.849159,-3.5380669,10.005419,18.994553,4.094893,-10.254307,-5.929665,17.791214,12.911624,-14.349205,-10.189196,-32.55841,-14.460749,26.567814,-9.675068
P06168,-11.700363,13.339138,17.03498,-3.630417,8.216468,-2.5764182,-0.66052336,-12.841564,-6.928446,-12.353673,-10.84618,-10.204957,3.26448,13.657704,9.471725,-19.265568,-5.308116,-2.6732163,1.9719551,10.844372,10.007293,8.24959,-14.611368,8.418394,15.446125,-0.9330182,-9.294725,-8.397204,-18.034798,9.611712,14.9004345,-5.556336,-8.921314,-8.48285,-8.405696,-12.4184,-8.487569,4.5617986,10.433802,-15.940636,-8.70904,-10.256806,-17.690105,-0.5451095,15.062734,-10.666061,-1.8840022,-6.9544687,-4.459836,5.188856,-1.864406,6.5304813,12.092384,2.291612,-6.4907203,-3.963522,11.110266,8.636919,-8.812208,-6.4566736,-20.674603,-8.205008,16.729263,-6.6763954
Q24803,-13.51343,16.349077,19.953945,-4.459897,10.150297,-3.0790133,-1.0939324,-15.231395,-8.545502,-14.593127,-13.164798,-12.516613,3.821462,16.7797,11.187697,-23.384691,-7.01399,-3.7481945,2.1139128,13.333552,12.238905,10.333153,-17.753868,10.885649,18.773708,-1.124152,-11.7766905,-9.805236,-21.898315,11.637723,18.10616,-7.432112,-11.249385,-9.892386,-10.555925,-14.638799,-10.012316,5.6546793,12.444932,-19.309113,-10.475736,-12.781455,-21.776543,-1.3127499,18.427395,-13.001515,-2.3367677,-8.1462555,-5.4553466,6.3038926,-2.4376824,7.8245406,14.562513,2.9181957,-8.024136,-4.785908,13.058003,9.864908,-10.394788,-7.750183,-24.880081,-10.403555,20.184765,-7.6549797
P04819,-11.768693,15.272888,18.062204,-4.5606318,10.692765,-2.279718,-1.3957232,-13.347492,-8.902768,-13.190309,-11.893876,-11.926456,3.5538418,16.05885,10.079394,-22.464228,-6.9888597,-3.9552362,2.3088448,11.781448,10.990387,9.131628,-17.37849,11.153668,17.230877,-0.6858878,-11.191731,-8.317444,-20.10769,10.247258,16.865816,-7.5431914,-10.984745,-8.720229,-10.392417,-12.349069,-9.464467,5.453551,11.850541,-17.70003,-9.521205,-12.215069,-20.978903,-2.2478423,18.28268,-12.062827,-2.0770566,-7.0853457,-4.7019424,5.6019235,-2.5726151,6.8398366,13.4810295,3.2379324,-7.4561005,-4.1812086,11.475452,8.593648,-9.001222,-7.2169037,-23.331732,-10.677655,18.843243,-5.7374845
Q9BSI4,-11.398749,11.680911,16.460678,-3.6467953,7.3300323,-2.362608,-0.47111496,-11.981633,-6.3421817,-11.288674,-9.975564,-8.906439,3.2506235,11.876893,9.227078,-17.436049,-4.1371694,-2.1172225,2.1960998,10.143729,9.087667,6.98386,-12.89882,6.7421975,14.067953,-1.0226823,-8.167499,-7.8201795,-16.876087,8.84063,13.491494,-4.2519155,-7.351899,-8.143425,-6.886255,-11.556841,-8.770329,4.0239058,9.817449,-14.272691,-8.157324,-9.112411,-15.631219,-0.062270183,13.410866,-9.631038,-2.0607305,-6.6169515,-4.4553294,4.466456,-1.485602,6.013601,11.391316,2.0121539,-6.0520797,-3.8578186,10.157286,8.695287,-7.7819657,-5.909741,-19.31434,-6.631748,15.25225,-6.6041846
A2AR95,-11.912515,9.6910925,16.794733,-3.2968752,5.707956,-2.3644075,0.29330495,-11.438483,-5.245976,-10.93926,-9.180291,-7.3480315,3.398882,9.521466,9.185336,-15.199496,-1.7537642,-0.7485165,2.7252176,9.023074,7.910212,5.168366,-10.742783,3.6619902,12.213113,-1.260841,-5.986332,-7.662164,-15.51961,7.973017,11.598178,-1.7708887,-4.917681,-8.317777,-4.519078,-11.623906,-9.009473,3.2680435,9.430004,-12.725236,-7.569959,-7.1165466,-12.504131,1.6365203,11.095881,-8.387,-2.0182574,-6.6282353,-4.3915854,3.7228909,-0.73105377,5.6915383,10.679662,1.1571355,-5.026813,-3.7563841,9.692603,9.689429,-7.1317863,-5.2580905,-17.96594,-3.9205067,13.545528,-7.198832
P02649,-12.290896,13.49639,17.593096,-3.639923,8.260328,-2.674531,-0.5251057,-13.259968,-6.954257,-12.679111,-11.0133095,-10.278021,3.3373587,13.781648,9.821767,-19.434767,-5.3989058,-2.5432825,1.9711102,11.042966,10.129045,8.328354,-14.804841,8.450469,15.659049,-1.0046649,-9.459064,-8.688368,-18.409813,9.969723,15.30545,-5.41507,-8.946814,-8.629563,-8.401404,-12.853046,-8.755536,4.6370473,10.49477,-16.233192,-8.895101,-10.267327,-17.95267,-0.34138963,15.22297,-10.941492,-2.0384443,-7.2549,-4.523414,5.453056,-1.9916075,6.5926495,12.421911,2.356787,-6.7101593,-4.0932546,11.514919,9.00372,-9.109032,-6.617613,-21.083231,-8.275326,17.030815,-6.951083
P32121,-14.540874,17.02384,21.337694,-4.880069,11.011372,-3.0466273,-1.1037507,-15.984299,-9.196405,-15.343205,-13.70668,-13.073314,4.090122,17.519108,12.031678,-24.760715,-7.205846,-3.810331,2.4418175,13.846304,12.610403,10.480742,-18.83402,11.325466,19.646889,-1.1692153,-12.266561,-10.2844715,-22.985851,12.213343,19.147408,-7.481351,-11.6031885,-10.38346,-10.9482355,-15.200181,-11.062955,5.9409146,13.173993,-20.076141,-11.058148,-13.320191,-23.004179,-1.2810247,19.551975,-13.703343,-2.5625312,-8.630101,-5.638995,6.6086035,-2.6862254,8.045612,15.461424,3.3036106,-8.485201,-5.036323,13.800402,10.604793,-10.887134,-8.239902,-26.421612,-10.981455,21.34886,-7.932221
O43865,-13.506009,14.487607,18.763481,-3.4999988,8.5187235,-2.961109,-0.35711658,-14.5375395,-7.1475816,-13.769375,-11.586273,-10.902618,3.366193,14.763249,10.534379,-20.370653,-6.104882,-2.4799707,1.8391132,11.657321,10.840081,8.996092,-15.829072,9.233903,16.610632,-0.9516861,-10.130557,-9.634173,-19.425209,10.993549,16.624266,-5.7217827,-9.752743,-9.043678,-9.123532,-14.160336,-8.804775,4.867884,10.769489,-17.487206,-9.471402,-10.753639,-19.231623,-0.09587797,16.134928,-11.805684,-2.1376991,-7.9788804,-4.5362763,6.3014336,-2.3307962,6.970567,13.23186,2.529223,-7.3001304,-4.30451,12.797265,9.585315,-10.226441,-7.0712085,-22.188248,-9.179908,18.097963,-7.59699
P0AEJ6,-12.746685,11.145222,17.576103,-2.914206,6.2263365,-2.5908575,0.4826159,-12.50995,-5.3647017,-12.291506,-9.773073,-8.443967,3.307803,11.0093155,9.507138,-16.677559,-2.4660969,-0.71103305,2.5051599,9.254956,8.493295,6.205968,-12.329874,4.73699,13.315886,-1.1381962,-6.4781404,-8.656905,-16.029665,8.766581,12.896933,-2.3615077,-6.1070642,-8.740726,-5.7897696,-12.811186,-8.496642,3.6007817,9.782238,-14.200255,-8.0395565,-7.7025375,-14.169637,1.9834359,12.297676,-9.293359,-1.6135335,-7.1666193,-3.994698,4.646051,-1.0706769,6.1241274,11.143832,1.3724269,-5.1543317,-3.7060192,11.217882,9.859116,-8.753733,-5.8282704,-18.958347,-5.273124,14.930067,-7.6393185
L7NCQ3,-11.660402,15.091705,17.551529,-4.3212943,9.885145,-2.594285,-1.311949,-13.424119,-8.157622,-12.878126,-11.877068,-11.611594,3.4644966,15.580046,9.887191,-21.706652,-6.942281,-3.7980306,1.8341321,12.152618,11.095122,9.693644,-16.467028,10.6299925,17.412376,-0.9299405,-11.148738,-8.570022,-19.803679,10.362711,16.49701,-7.4578333,-10.70046,-8.835108,-10.132826,-12.616455,-9.264887,5.332732,11.408439,-17.397652,-9.492735,-12.084841,-20.369173,-1.8526745,17.195839,-11.748941,-2.1273296,-7.101365,-4.911626,5.5971327,-2.403545,7.028411,13.157404,2.8657706,-7.3895493,-4.3493266,11.4954195,8.39396,-9.214313,-7.193131,-22.642262,-9.957243,18.59946,-6.445426
P11859,-16.717531,20.138134,24.02448,-4.785406,11.740533,-4.0668454,-1.0633237,-18.953487,-9.822555,-18.101162,-16.044058,-15.305919,4.385652,20.619856,13.525589,-27.931774,-8.937288,-4.419023,2.0196419,16.128893,15.00887,13.017248,-21.61478,13.535147,22.598265,-1.4234017,-14.4723835,-12.316785,-26.463772,14.647946,22.449564,-9.059492,-13.973439,-11.678659,-13.066646,-18.44699,-11.139821,6.8836365,14.44919,-23.923985,-12.61059,-15.308176,-26.600012,-1.2698759,22.136744,-16.18982,-2.7248707,-10.136254,-6.356946,8.347631,-3.1957026,9.511179,17.567818,3.5711675,-9.81867,-5.729567,16.458271,11.855889,-13.357237,-9.391123,-29.790882,-13.06534,24.432495,-9.554254
Q9SSE7,-13.054426,13.636551,18.608763,-3.6538959,8.128354,-2.870963,-0.35434473,-13.860233,-7.0500817,-13.311193,-11.4371395,-10.406303,3.5342712,13.953657,10.342865,-19.722612,-5.0622106,-2.4005527,2.2187948,11.2428055,10.426058,8.140702,-15.075396,8.179393,15.675018,-1.1065971,-9.414187,-9.027935,-19.180647,10.313816,15.746126,-5.0102396,-8.80112,-8.925166,-8.179676,-13.587003,-8.979129,4.672441,10.840571,-16.84446,-9.11054,-10.226606,-18.061382,-0.03633678,15.502665,-11.367309,-2.144168,-7.643326,-4.7589946,5.608956,-1.8992877,6.8171616,12.908092,2.3421285,-6.853035,-4.224622,11.913799,9.796267,-9.2980175,-6.660282,-21.810322,-8.141218,17.294716,-7.325511
P0A870,-19.14963,28.182356,28.986197,-6.3519497,17.677559,-4.672526,-2.284757,-23.128672,-13.988343,-23.36779,-20.924273,-21.756567,5.3524265,28.982689,15.96931,-38.831295,-13.6107,-7.1876087,2.0946743,20.534208,19.436846,18.586166,-30.256577,20.73866,30.67302,-1.385815,-20.031126,-15.0044985,-33.569286,18.223906,29.287397,-14.876531,-20.743431,-14.674726,-19.785645,-22.426598,-13.448109,9.807558,19.396967,-31.725388,-16.227922,-21.53161,-37.10013,-3.5786884,30.990572,-21.111164,-2.5753844,-12.007146,-7.384632,10.919328,-4.885778,12.348758,22.293581,4.9972215,-12.203753,-7.0210176,20.848944,12.995324,-17.64194,-12.709343,-38.914997,-19.537483,33.03677,-10.332007
O35305,-15.802651,21.529188,24.061579,-6.050855,14.585793,-3.3458488,-2.104221,-18.441221,-11.9589815,-17.951014,-16.530697,-16.681868,4.6127105,22.485575,13.642311,-30.86991,-10.523412,-5.8922515,2.4421892,16.730362,15.441091,13.571675,-23.909988,16.165686,24.140741,-1.0834458,-16.163729,-11.529817,-27.690735,14.545835,23.594091,-11.199783,-15.7645235,-11.630219,-14.914311,-17.092306,-12.473157,7.6733336,15.760219,-24.584097,-13.146966,-17.24228,-29.468058,-3.4257824,25.033241,-16.889458,-2.8981762,-9.670169,-6.487066,8.146108,-3.861456,9.468591,18.44363,4.5851083,-10.530078,-5.8258777,15.920201,11.107507,-12.776704,-10.018017,-31.797096,-15.299735,26.104828,-7.9827085
A0AVT1,-14.384533,13.461444,19.585121,-2.7563474,6.9014144,-3.3237236,0.5303319,-14.713902,-6.0665927,-14.453529,-11.479141,-10.176716,3.510684,13.561452,10.621318,-18.950975,-4.038355,-1.2790767,2.2140133,10.64398,10.250621,7.815125,-14.771647,6.872689,15.025275,-1.2282072,-8.311703,-9.960321,-18.807524,10.64467,15.7074995,-3.6068013,-8.090344,-9.286239,-7.4816766,-15.124707,-8.167654,4.3922668,10.5679035,-17.328178,-9.010758,-9.103645,-17.09577,1.6483444,14.673251,-11.474656,-1.7898283,-8.30066,-4.3903604,6.1578326,-1.6555959,7.013832,12.808146,1.8369894,-6.3164535,-4.10974,13.09333,10.810819,-10.418879,-6.5800476,-21.511057,-7.351937,17.055159,-8.328948
O15056,-12.952089,15.807841,19.223362,-4.154565,9.794431,-2.8760915,-0.9799215,-14.621025,-8.212778,-14.244084,-12.566408,-12.126498,3.6083617,16.220387,10.631647,-22.635582,-6.5626373,-3.4630628,2.1688576,12.5559435,11.68368,9.82534,-17.23844,10.385374,18.03599,-0.92029935,-11.000547,-9.508487,-20.755848,11.033012,17.231909,-7.107759,-10.884007,-9.645727,-10.249397,-14.158603,-9.368849,5.3529387,12.105064,-18.62049,-10.060939,-12.193373,-20.859764,-1.0738971,17.824778,-12.366811,-1.9783195,-7.8069887,-5.008306,6.0353155,-2.2456226,7.5476456,13.873509,2.6794624,-7.4549103,-4.436982,12.731425,9.45335,-10.180825,-7.420798,-23.856192,-10.07353,19.408535,-7.3213224
P31230,-22.048172,32.278538,33.839214,-8.300441,21.230669,-4.950478,-3.3911755,-26.844543,-17.285658,-26.162529,-24.199905,-24.959297,6.1411014,33.76656,19.262182,-45.241184,-16.506294,-9.331997,2.8664083,24.593407,22.973755,20.810677,-35.43321,25.041647,35.455452,-1.3373903,-24.268484,-16.7745,-40.117935,21.515196,34.807903,-17.70671,-24.292704,-16.337168,-22.95047,-24.917433,-16.531431,11.270004,22.401262,-36.44497,-19.101309,-25.749489,-43.87334,-5.680424,36.94389,-25.015074,-3.7934608,-13.787639,-9.069516,12.402461,-5.897915,13.813179,26.511526,6.8777504,-15.426463,-8.125579,23.39231,14.931972,-19.12539,-14.450749,-45.810993,-23.807718,38.06208,-11.207024
P47135,-8.862512,7.079548,12.35968,-2.3437688,4.0944004,-1.8032373,0.29238653,-8.532354,-3.798141,-8.100613,-6.69811,-5.359233,2.5337632,7.0346985,6.730611,-11.030681,-1.343524,-0.41670647,1.9994938,6.5173054,5.849388,3.7964067,-7.9271555,2.7102203,8.925859,-0.87815446,-4.375099,-5.7363415,-11.39397,5.867134,8.604556,-1.2294095,-3.6372242,-6.1436987,-3.3449783,-8.598561,-6.470931,2.3961039,6.8773756,-9.420475,-5.5014343,-5.1689186,-9.162088,1.2455174,8.150646,-6.170179,-1.4740711,-4.948977,-3.19088,2.7843373,-0.50763386,4.208302,7.8118186,0.84005773,-3.7333004,-2.7506695,7.190647,7.195402,-5.310185,-3.892374,-13.10345,-2.8885543,9.934557,-5.3422217
P17888,-19.78577,30.551401,29.889984,-7.4207563,19.467403,-4.8825884,-3.4006572,-25.004318,-15.449966,-23.671135,-22.351576,-23.30796,5.3329816,31.652552,17.302464,-41.66046,-16.83406,-9.000926,1.5150671,23.591671,21.749687,21.05233,-32.495167,24.296688,34.027878,-1.2928381,-23.54363,-15.905603,-36.769157,20.405144,32.486,-17.738974,-23.501076,-15.013969,-22.297068,-23.094952,-14.732027,10.61376,20.002548,-33.71067,-17.810974,-24.576912,-41.327072,-5.6358232,33.70656,-23.042368,-3.5642672,-12.672701,-8.40505,11.951227,-5.810153,13.017808,24.19306,6.2660503,-14.700282,-7.745263,21.898453,12.597101,-18.414364,-13.731243,-41.596912,-22.606075,35.630432,-10.859171
P21399,-13.3005495,14.2863455,18.89763,-3.4766035,8.489432,-2.8539047,-0.2112109,-14.112241,-7.064322,-13.908996,-11.609203,-10.941239,3.459431,14.573418,10.344101,-20.505392,-5.186533,-2.2983525,2.2019203,11.181881,10.45593,8.572434,-15.822183,8.501453,16.193933,-1.0458348,-9.408725,-9.388703,-19.089369,10.478542,16.072605,-5.222659,-9.250893,-9.1966915,-8.722098,-13.96051,-8.797326,4.8105145,11.06751,-17.346888,-9.298657,-10.382006,-18.696543,0.26843813,16.008364,-11.617619,-1.8171449,-7.7847557,-4.4265804,5.924736,-2.005789,6.9350753,12.963727,2.3799307,-6.653282,-4.0873356,12.619584,9.750344,-10.084401,-6.9320817,-22.190222,-8.662073,17.927187,-7.440609
P01027,-19.647486,25.982193,29.000635,-6.049927,15.772562,-4.7192974,-1.8287079,-23.00438,-12.992384,-22.47227,-20.028522,-19.924082,5.223708,26.83012,16.241486,-35.939693,-12.192708,-6.3656363,2.369834,19.923685,18.78541,16.733608,-28.113928,18.589035,28.510967,-1.4425316,-18.740862,-14.770863,-32.848927,18.008373,28.266298,-12.784387,-18.728527,-14.071048,-17.5949,-22.214241,-13.228364,8.921818,18.198957,-30.228367,-15.64041,-19.88408,-34.462177,-2.7558758,28.908371,-20.432917,-3.0277555,-12.09895,-7.5156803,10.505051,-4.3732347,11.714813,21.768555,4.8327913,-12.200231,-6.835988,20.190876,13.663755,-16.565504,-11.77022,-37.308655,-17.861965,30.856363,-10.694532
P16045,-17.855656,26.330475,26.831772,-6.0608144,16.395964,-4.425239,-2.464052,-22.034174,-13.204642,-21.38587,-19.567009,-20.213652,4.7985315,27.388,15.201785,-35.97472,-13.649806,-7.245254,1.7132562,19.826422,18.73828,17.582844,-28.360506,20.269281,28.749939,-1.1555191,-19.611265,-14.0433235,-32.018707,17.6248,28.162107,-14.421126,-19.87611,-13.220294,-18.799799,-20.760408,-12.332592,9.108485,17.57812,-29.763306,-15.281285,-20.626951,-35.27418,-4.1332355,29.23694,-20.201918,-2.829709,-11.300042,-7.1486487,10.457059,-4.7556453,11.393909,21.050425,5.221684,-12.316642,-6.5618234,19.377977,11.824001,-16.214785,-11.744174,-36.29454,-19.157043,30.701689,-9.5860405
P32243,-12.986579,14.463463,19.430573,-4.6475997,9.732295,-2.5577369,-0.9369034,-13.892196,-8.396076,-13.472669,-12.080771,-11.199773,3.8916907,14.926453,10.833528,-21.728422,-5.5755186,-3.1971917,2.7260811,12.067803,10.926097,8.392099,-16.291563,9.212418,16.913816,-1.0649089,-10.356639,-8.766291,-20.53795,10.414708,16.437113,-5.9888773,-9.545749,-9.390802,-8.9131565,-13.25817,-10.449885,5.1305614,12.083658,-17.430056,-9.735567,-11.448687,-19.611475,-1.0575559,17.177963,-11.831408,-2.432642,-7.599561,-5.254947,5.3309298,-2.0839047,7.0566864,13.831435,2.7419758,-7.364405,-4.522413,11.717928,9.964961,-8.896468,-7.0943727,-23.628988,-8.902593,18.52106,-6.8980856
P16662,-12.853596,11.066537,17.305931,-2.4560597,5.4116592,-3.0289743,0.6141886,-12.890988,-4.9818387,-12.346515,-9.909405,-8.2916355,3.1958578,11.075425,9.460317,-15.704961,-3.0083506,-0.8157945,2.0211408,9.350285,8.844601,6.393688,-12.062858,5.13023,12.695354,-1.2413702,-6.94266,-8.68811,-16.46781,9.257415,13.368634,-2.4490721,-6.297996,-8.167976,-5.7170625,-13.274228,-7.464559,3.6397183,9.043178,-14.694646,-7.7800198,-7.5111613,-14.040311,1.7602544,12.034081,-9.766724,-1.8488178,-7.3583336,-4.13521,5.1523247,-1.2217927,6.0881333,11.165146,1.4138108,-5.57058,-3.7419598,11.178971,9.868522,-8.711875,-5.572044,-18.496088,-5.504647,14.382939,-7.6425514
P18196,-14.44759,16.59747,20.744013,-4.4700556,10.418605,-3.061912,-0.92334217,-15.889816,-8.696973,-15.054627,-13.190832,-12.612263,3.8235335,17.036285,11.745016,-23.732132,-7.3047094,-3.509216,2.1659634,13.475071,12.343921,10.329366,-18.241838,11.14239,19.132622,-1.0312339,-11.982602,-10.321228,-22.206861,12.176941,18.80232,-7.262058,-11.438518,-10.048616,-10.745745,-15.154348,-10.385093,5.686461,12.479782,-19.61594,-10.781253,-12.826678,-22.36587,-1.0339592,18.855019,-13.362585,-2.4988208,-8.596233,-5.3133926,6.7688704,-2.7266848,7.803607,15.020994,3.1631732,-8.408577,-4.871749,13.818505,10.284824,-10.962234,-8.021639,-25.420488,-10.874011,20.68342,-7.9528337
P00894,-16.795288,18.258194,23.620712,-3.801658,10.26112,-3.7781754,-0.09782791,-18.022604,-8.596202,-17.993652,-14.642129,-13.950961,4.141709,18.612495,12.846265,-25.614298,-6.61961,-2.793601,2.5229003,13.735562,13.2699995,10.903896,-20.099936,10.902442,20.035784,-1.199602,-11.669995,-12.08585,-23.784874,13.35238,20.390974,-6.60511,-11.952126,-11.352215,-11.244526,-18.143051,-9.978428,5.991985,13.650386,-22.319727,-11.55154,-12.865973,-23.551172,0.5907166,20.142042,-14.826436,-1.9432837,-9.888982,-5.2324357,7.879993,-2.5853117,8.815178,16.150625,2.884682,-8.177949,-4.9648685,16.291271,12.20343,-13.21696,-8.587727,-27.601112,-11.284867,22.416697,-9.38535
P62328,-15.554594,19.28816,22.854738,-4.9678445,12.228139,-3.3789046,-1.2524415,-17.539345,-10.069075,-17.103668,-15.069504,-14.834847,4.2327414,19.930681,12.800116,-27.467299,-8.536635,-4.4070454,2.348435,14.9791765,13.967268,12.026839,-21.280874,13.320196,21.652834,-1.1048374,-13.730203,-11.334503,-24.96683,13.492059,21.314209,-8.89628,-13.5377,-11.108526,-12.808684,-16.757246,-11.121901,6.6523476,14.245314,-22.53259,-12.023156,-14.84366,-25.868551,-1.6551647,21.918055,-15.296357,-2.4466515,-9.361278,-5.781658,7.647741,-3.1601562,8.839662,16.751081,3.720217,-9.210638,-5.2846403,15.412782,11.053434,-12.431111,-9.0696335,-28.771135,-12.976443,23.590937,-8.356877
Q04637,-12.216828,12.527171,17.414913,-3.4259589,7.5043364,-2.6354244,-0.26161054,-12.840765,-6.4939203,-12.374161,-10.563054,-9.56303,3.337751,12.769129,9.632158,-18.284729,-4.4104667,-2.0574923,2.1837916,10.357522,9.572514,7.4145126,-13.865709,7.2491074,14.548106,-1.0367595,-8.487126,-8.430676,-17.679247,9.454763,14.42103,-4.409023,-7.939824,-8.457143,-7.409839,-12.626926,-8.526401,4.2742434,10.178207,-15.488977,-8.46995,-9.365769,-16.531382,0.18617839,14.2373,-10.387669,-1.9546901,-7.11324,-4.417329,5.0779386,-1.6524485,6.3547688,11.946024,2.0682578,-6.226983,-3.931491,11.08124,9.239679,-8.633315,-6.19639,-20.242567,-7.25737,16.043755,-6.930601
P02745,-14.935663,19.601753,22.09452,-4.875419,12.046291,-3.5665843,-1.4698434,-17.449198,-9.876472,-16.822117,-15.211142,-14.993449,4.111464,20.149305,12.415833,-27.378082,-9.116271,-4.771137,1.8883018,15.415308,14.304587,12.8166685,-21.071663,13.796161,22.07059,-1.1683294,-14.219337,-11.284668,-24.993067,13.570742,21.262342,-9.650072,-14.003325,-11.040439,-13.222319,-16.725185,-10.683797,6.7549295,14.046526,-22.652855,-12.021921,-15.251541,-26.040419,-2.0354197,21.721933,-15.243052,-2.4271393,-9.182881,-5.9531765,7.6830454,-3.165831,9.028577,16.562521,3.5559528,-9.307179,-5.3698235,15.213649,10.459253,-12.456835,-9.079817,-28.429106,-13.102863,23.607342,-8.438783
P0AGC3,-11.005098,13.821209,16.347092,-3.8460293,8.876505,-2.471231,-1.0671529,-12.56666,-7.391581,-12.011488,-10.902485,-10.585326,3.1895037,14.257477,9.178286,-19.748869,-6.3506184,-3.3050547,1.6881628,11.133362,10.24032,8.834728,-15.068596,9.652698,15.924234,-0.8269317,-10.167026,-8.049202,-18.249834,9.649303,15.22316,-6.676957,-9.778246,-8.18323,-9.207996,-11.894978,-8.397957,4.850768,10.427355,-16.104235,-8.734321,-10.950705,-18.581413,-1.5083482,15.7189045,-10.823648,-1.980578,-6.69004,-4.493297,5.2714024,-2.1962576,6.4893665,12.154942,2.5409975,-6.8393507,-4.01431,10.756649,7.9192286,-8.596891,-6.5959864,-20.778994,-9.065918,17.025368,-6.0921354
P00924,-14.163938,18.581707,21.171167,-4.894658,11.892204,-3.1937234,-1.500569,-16.43201,-9.825426,-15.912778,-14.373436,-14.244499,3.9939857,19.16719,11.867452,-26.250835,-8.7842245,-4.623616,2.0266802,14.599281,13.518242,11.881028,-20.202717,13.331011,20.99538,-0.9840943,-13.620343,-10.491068,-23.90298,12.779737,20.191046,-9.303259,-13.385506,-10.498461,-12.591402,-15.647017,-10.536435,6.471427,13.606348,-21.45393,-11.472634,-14.590271,-24.886028,-2.2478607,21.043753,-14.42307,-2.432321,-8.681646,-5.675902,7.1827927,-3.102637,8.47432,15.941368,3.4374223,-8.971349,-5.138392,14.244342,9.997923,-11.4964,-8.648827,-27.303131,-12.580734,22.473248,-7.671837
M1V4Y8,-6.2452254,3.8168528,8.794823,-2.0516493,2.568475,-1.0452971,0.2804306,-5.485723,-2.4884806,-4.97526,-4.223046,-2.8717186,2.0208914,3.6298783,4.8015957,-6.9769135,0.19346486,0.21025904,1.8908185,4.3592367,3.5392525,1.7597097,-4.395002,0.36038718,5.8709755,-0.71393347,-2.1820056,-3.7700183,-7.4503937,3.4600306,4.946678,0.18677346,-1.2495435,-4.664066,-1.1756535,-5.4276257,-5.6363616,1.3240572,4.981768,-5.344628,-3.7475207,-3.0449498,-5.0276523,1.3442734,4.671452,-3.412672,-1.2422484,-3.321833,-2.4958937,1.1098219,0.11103967,2.8083858,5.221044,0.278566,-2.3149078,-2.0462198,4.4093685,5.446634,-2.9467468,-2.5745738,-8.776547,-0.4891903,6.371662,-4.035194
Q8TAD8,-18.521475,22.685202,27.296158,-6.050108,14.555466,-3.9234357,-1.5031686,-20.685669,-12.020985,-20.18671,-17.86657,-17.46353,5.070031,23.386795,15.3266735,-32.563198,-9.866542,-5.2333207,2.9209309,17.812502,16.44044,13.9965925,-25.0723,15.51872,25.567183,-1.383795,-16.179602,-13.31322,-29.673082,15.95113,25.141302,-10.334757,-15.770474,-13.1777725,-14.902422,-19.787273,-13.577537,7.8517156,16.979027,-26.52053,-14.300599,-17.513184,-30.497534,-1.9170134,25.903309,-18.083664,-3.0148423,-11.080342,-6.9576354,8.936471,-3.7331128,10.409855,19.963362,4.426094,-10.911685,-6.3187857,18.141832,13.264274,-14.520972,-10.704601,-34.263348,-15.144316,27.898483,-9.892461
P0ACN4,-12.089016,12.879546,16.993246,-3.4954727,7.995856,-2.4640763,-0.43707705,-12.874104,-6.6439395,-12.147794,-10.32359,-9.709314,3.1401546,13.074253,9.554221,-18.590605,-5.2645564,-2.2102606,1.9031091,10.567536,9.61785,7.927236,-14.146937,8.049968,15.21465,-0.8358939,-8.985066,-8.57092,-17.393948,9.652356,14.687528,-5.0714436,-8.558425,-8.396956,-8.084182,-12.3946295,-8.624963,4.341822,10.00739,-15.338689,-8.6423235,-9.78206,-17.230116,-0.10561601,14.518085,-10.325318,-1.9849001,-7.082995,-4.1784573,5.3211193,-1.9973321,6.265569,11.940555,2.2586062,-6.5206394,-3.9437618,11.329923,8.664686,-8.966769,-6.4558587,-20.146421,-7.973835,16.425192,-6.856331
P0DPD7,-7.3672266,4.636415,10.271208,-2.2475693,2.8535485,-1.354717,0.3462711,-6.588578,-2.8296185,-5.9573345,-5.083582,-3.4628038,2.29029,4.419703,5.6474066,-8.093262,-0.0069376603,0.13065965,2.0224586,5.226978,4.301663,2.24595,-5.2170525,0.67023116,6.817095,-0.88522965,-2.780642,-4.4698606,-8.923111,4.2997675,6.0447865,0.07247565,-1.65273,-5.289745,-1.4871352,-6.606979,-6.2737303,1.6040137,5.6493917,-6.546583,-4.388359,-3.6033037,-6.049958,1.5113733,5.517476,-4.252627,-1.4879303,-3.9623485,-2.9394941,1.5480318,0.019252934,3.3059943,6.1882105,0.37182915,-2.8357897,-2.403759,5.281581,6.341975,-3.5819292,-2.973554,-10.284531,-0.8074771,7.4421606,-4.737832
A0A024B7W1,-9.918086,9.8105135,14.001439,-2.674235,5.958531,-2.0234556,-0.054591637,-10.225511,-5.0748935,-9.938435,-8.214684,-7.5007915,2.6903083,10.001111,7.6680036,-14.510838,-3.186345,-1.299627,1.8998705,7.9268856,7.4010777,5.6809497,-11.021492,5.4072328,11.516042,-0.74993354,-6.344913,-6.8589573,-13.707515,7.350494,11.297916,-3.1405385,-6.08831,-6.913594,-5.7700443,-10.033213,-6.869861,3.3007746,8.169587,-12.131383,-6.6993103,-7.2162757,-12.929915,0.5082221,11.204759,-8.060088,-1.4177383,-5.71096,-3.3282516,3.9604013,-1.2127806,5.0357046,9.374175,1.5814446,-4.7429976,-3.0523407,8.989614,7.502517,-7.0375786,-4.9861445,-15.994095,-5.567142,12.779163,-5.632772
P16219,-10.855361,13.339888,16.740574,-3.7334313,8.954534,-2.1076107,-0.8541645,-12.044443,-7.6643534,-12.362504,-10.601957,-10.475699,3.2379868,13.983919,8.982693,-19.757183,-5.16085,-2.9532485,2.5046403,9.972973,9.637453,7.4720755,-15.288143,8.894317,14.802881,-0.52266735,-8.950804,-7.6192036,-17.687931,8.849405,14.488891,-5.890045,-9.224925,-8.173357,-8.664804,-11.623499,-8.036598,4.588354,10.875143,-15.948027,-8.390665,-10.226372,-17.754745,-1.2008818,15.995551,-10.503839,-1.4854503,-6.4694185,-4.044488,4.823656,-1.8275695,6.242525,11.8918495,2.3794847,-6.052909,-3.5315428,10.482787,8.301376,-8.1466675,-6.1752486,-20.722988,-8.782346,16.412374,-5.3976984
P07359,-10.914448,8.624915,15.166801,-2.817568,4.7800403,-2.313363,0.36566842,-10.522671,-4.5441003,-9.905352,-8.311378,-6.494296,3.069708,8.516759,8.327456,-13.284453,-1.6649429,-0.59891653,2.331317,8.162122,7.249031,4.6680627,-9.5130205,3.272544,10.789469,-1.1865265,-5.4767675,-6.9965878,-14.15712,7.363835,10.602164,-1.4721129,-4.37962,-7.3865633,-3.9390688,-10.706257,-7.8507776,2.9295373,8.262024,-11.610477,-6.7440596,-6.2796154,-11.117205,1.5163214,9.816945,-7.6882267,-1.9297391,-6.106127,-4.041236,3.5078137,-0.659787,5.1446986,9.650347,1.0199194,-4.680829,-3.4291341,8.769322,8.870599,-6.433148,-4.6679854,-16.036861,-3.4613063,12.014389,-6.616135
Q14247,-14.43428,15.201276,20.110874,-3.1029935,8.271228,-3.3103244,0.14195578,-15.314392,-6.886712,-15.223177,-12.344667,-11.574129,3.5296044,15.396083,10.877707,-21.25983,-5.251226,-2.0503147,2.1202753,11.628965,11.1047325,9.2124815,-16.596203,8.635904,16.87656,-1.1505058,-9.589524,-10.361113,-19.963886,11.301112,17.004314,-5.1726427,-9.706023,-9.783718,-9.113518,-15.535649,-8.496064,4.9774923,11.415884,-18.714472,-9.7498455,-10.560942,-19.409199,0.9500965,16.511501,-12.387553,-1.6694934,-8.472979,-4.47535,6.6269965,-2.0253918,7.4672823,13.542467,2.239055,-6.7819123,-4.214023,13.903483,10.5030575,-11.288163,-7.2446,-23.125647,-8.991864,18.79256,-8.313129
P34760,-11.02757,11.532618,15.695291,-3.3843148,7.2932453,-2.254043,-0.42671624,-11.633269,-6.1581807,-10.993589,-9.5192795,-8.762135,3.0394692,11.75361,8.808918,-16.954266,-4.4671383,-2.0317354,1.9289303,9.659684,8.744447,6.99094,-12.774597,7.0240917,13.729455,-0.8791663,-8.099243,-7.6548524,-16.103064,8.653378,13.283058,-4.3902135,-7.4923425,-7.733308,-7.0653234,-11.16327,-8.215048,3.9780695,9.320225,-13.905513,-7.853443,-8.880284,-15.506352,-0.13880168,13.192846,-9.397369,-1.9210012,-6.425331,-4.0405583,4.6009674,-1.6802567,5.740949,10.966966,2.058081,-5.9204717,-3.676793,10.048501,8.156636,-7.8363705,-5.8471994,-18.560946,-6.902731,14.918922,-6.2341423
P0C0T5,-15.735267,19.207602,22.832554,-4.7362676,11.345661,-3.8513856,-1.1756897,-17.982325,-9.587226,-17.095617,-15.371805,-14.626907,4.2307873,19.755947,12.891432,-26.717615,-8.702884,-4.4546595,1.9641246,15.530428,14.435107,12.407863,-20.664139,13.154357,21.57464,-1.3481644,-14.05402,-11.542425,-25.513168,13.945633,21.477713,-8.879189,-13.444719,-11.053359,-12.521473,-17.381529,-10.725668,6.628125,13.855024,-22.848389,-12.031397,-14.80257,-25.50777,-1.5954938,21.313328,-15.501303,-2.7219484,-9.581402,-6.2256308,7.857053,-3.05942,9.059916,16.848522,3.4894319,-9.532544,-5.5082726,15.411695,11.232536,-12.418173,-8.919008,-28.537262,-12.576289,23.27608,-8.908285
P0A9Q7,-14.1731615,18.275177,21.211483,-4.876721,11.818798,-3.0243502,-1.4257668,-16.275234,-9.745,-15.841299,-14.116391,-14.037082,3.942779,18.860485,11.85024,-26.104147,-8.309985,-4.3991284,2.2607634,14.281416,13.242653,11.451926,-20.049885,12.856712,20.73555,-0.87848854,-13.10349,-10.4746065,-23.45692,12.526053,19.839405,-8.895004,-13.039625,-10.55315,-12.32196,-15.469264,-10.58288,6.264758,13.619092,-21.080923,-11.408034,-14.306195,-24.479647,-1.9612526,20.836948,-14.148778,-2.2809079,-8.611618,-5.490505,6.9820557,-2.9421864,8.353435,15.7403965,3.4030483,-8.713097,-4.972067,14.242335,10.046167,-11.445598,-8.535218,-27.083652,-12.35766,22.244774,-7.665755
P06612,-14.405403,19.390352,21.651865,-4.6774697,12.12413,-3.3505862,-1.3779948,-16.818102,-9.886708,-16.797226,-14.867493,-14.964588,4.0500546,19.982738,11.895691,-27.229694,-8.710161,-4.6054664,2.0700674,14.574819,13.790952,12.351164,-21.075552,13.588847,21.45511,-1.0001613,-13.586594,-10.896729,-24.191004,12.928144,20.609514,-9.5086155,-13.8644905,-10.875835,-13.143961,-16.304476,-10.177857,6.6777225,14.08848,-22.372282,-11.649788,-14.836837,-25.550348,-1.9608535,21.683891,-14.850356,-2.0214179,-8.856001,-5.525759,7.4506683,-3.0615945,8.838037,16.099712,3.3743665,-8.686836,-5.0657377,14.901734,10.207268,-12.264327,-8.884695,-27.941788,-12.986457,23.197557,-7.858783
Q9QWV4,-11.425342,12.107449,16.734245,-3.7666345,7.870753,-2.3008714,-0.55294806,-12.039426,-6.7847123,-11.612271,-10.199546,-9.320891,3.3367467,12.416393,9.293788,-18.130537,-4.401844,-2.319243,2.3164058,10.14241,9.213797,7.064221,-13.573006,7.296553,14.289468,-0.9562939,-8.449835,-7.7605953,-17.262663,8.895067,13.8593855,-4.6079564,-7.7805815,-8.179751,-7.2898993,-11.600675,-8.842902,4.2393136,10.173735,-14.7428055,-8.256799,-9.409275,-16.268772,-0.36466488,14.167772,-9.937125,-2.0218484,-6.644119,-4.422509,4.579354,-1.6389953,6.0696545,11.66905,2.15734,-6.1310625,-3.8631487,10.244117,8.756651,-7.839773,-6.05016,-19.890465,-7.1406274,15.666562,-6.291703
Q7L0Y3,-11.935811,15.031469,17.681513,-4.0170326,9.614849,-2.6345797,-1.0877616,-13.607687,-7.957165,-13.152066,-11.742071,-11.534914,3.367641,15.529501,9.887068,-21.427174,-6.8258963,-3.514626,1.8348749,11.839223,10.998105,9.502617,-16.482553,10.4898,17.113062,-0.8263833,-10.8602295,-8.763591,-19.555777,10.431985,16.506483,-7.174933,-10.648873,-8.786494,-10.056178,-12.926809,-8.827527,5.2187376,11.22838,-17.498442,-9.40766,-11.7541,-20.161299,-1.5142576,17.098093,-11.763967,-1.9877716,-7.2402496,-4.655768,5.809615,-2.4079223,6.9709578,13.072609,2.7926443,-7.275943,-4.2140346,11.809194,8.523118,-9.492936,-7.113183,-22.421272,-10.009066,18.418207,-6.5141625
P51965,-14.495782,17.187056,21.11189,-4.5304246,10.815214,-3.1348703,-0.9762195,-16.058153,-8.980922,-15.562599,-13.655147,-13.190916,3.9555554,17.708052,11.82331,-24.624151,-7.334889,-3.7138286,2.2644994,13.5839815,12.598933,10.636591,-18.975851,11.50157,19.490967,-1.0954374,-12.180934,-10.411781,-22.710478,12.253586,19.208994,-7.5515018,-11.821756,-10.253547,-11.163445,-15.400526,-10.387414,5.9340563,12.952486,-20.297094,-10.9257,-13.188927,-23.033953,-1.1443195,19.539362,-13.777746,-2.3365839,-8.649515,-5.373387,6.8523316,-2.7321553,8.047265,15.266952,3.2548661,-8.336889,-4.8875346,14.035837,10.442393,-11.229291,-8.204694,-26.12211,-11.23892,21.276865,-7.894135
Q9C0C9,-15.984086,19.732615,23.610136,-5.2971663,12.614592,-3.4669807,-1.401377,-18.038157,-10.517365,-17.438072,-15.578765,-15.179835,4.4126735,20.440996,13.302514,-28.219954,-8.830881,-4.703736,2.483953,15.624359,14.476183,12.255443,-21.806864,13.746519,22.238697,-1.1739727,-14.315593,-11.513734,-26.022411,13.938167,21.997494,-9.193306,-13.87004,-11.364976,-13.048333,-17.136484,-11.684104,6.855399,14.694726,-23.154232,-12.415843,-15.377355,-26.620989,-1.9524871,22.615208,-15.80887,-2.7203462,-9.621376,-6.168073,7.775421,-3.2493575,9.066784,17.396448,3.9064329,-9.6883335,-5.5192695,15.626602,11.452468,-12.460623,-9.267443,-29.763119,-13.315399,24.189074,-8.52826
P80188,-13.148426,16.783104,19.324812,-4.4367194,10.635431,-2.9802198,-1.3438524,-15.216323,-8.833882,-14.385924,-13.034926,-12.803462,3.6017303,17.393478,10.995114,-23.607294,-8.173171,-4.1756434,1.7496653,13.427383,12.41583,10.822358,-18.302101,12.191743,19.063112,-0.9036219,-12.56852,-9.70089,-21.899307,11.886029,18.668758,-8.349195,-12.148234,-9.434482,-11.401097,-14.292804,-9.591912,5.837335,12.108243,-19.492563,-10.462027,-13.270862,-22.71163,-2.0537322,19.045809,-13.276275,-2.3934777,-8.042975,-5.2256217,6.681885,-2.8852627,7.6533237,14.574927,3.3084953,-8.462298,-4.7121806,13.072612,9.1704035,-10.505201,-7.8712773,-24.763786,-11.567851,20.389044,-7.146563
Q12349,-22.887287,23.906118,31.6348,-4.4170485,13.3587675,-4.6762214,0.62202346,-23.63749,-10.548782,-24.499783,-18.712564,-18.286694,5.276341,23.891333,16.847404,-33.953335,-7.085776,-2.3624768,3.6657472,16.874956,16.373045,13.846353,-26.42364,12.648502,26.256153,-1.4914179,-13.422069,-16.67131,-29.380596,17.059937,25.902122,-7.2349453,-14.829949,-15.646292,-14.385811,-24.410229,-13.17457,7.478074,18.169697,-28.759483,-15.196531,-15.819034,-30.12542,2.8846302,25.729248,-18.780558,-1.6155205,-13.163836,-5.819267,10.387529,-3.1543627,11.557504,20.623379,3.337941,-9.3520565,-6.1200085,22.705225,16.43522,-18.82859,-11.506328,-35.91787,-14.048814,29.760345,-13.0528965
C0LGW6,-13.262276,14.335099,19.590479,-4.957883,9.734314,-2.6674335,-1.0337662,-14.065063,-8.402054,-13.162361,-12.218816,-11.012685,4.0337486,14.711965,11.17468,-21.61574,-5.79591,-3.3054483,2.5742662,12.645111,11.085647,8.613159,-15.970009,9.174544,17.2378,-1.3136361,-10.823398,-8.817117,-21.023973,10.71835,16.69434,-5.969685,-9.364873,-9.428577,-8.720663,-13.236209,-11.20523,5.225467,11.999181,-17.257341,-9.911374,-11.652123,-19.739386,-1.1833806,16.948519,-11.93924,-2.8998737,-7.734796,-5.678671,5.3306255,-2.2017782,7.091726,14.124664,2.8763638,-7.8143516,-4.863357,11.606,10.136052,-8.724984,-7.253225,-23.871622,-8.637544,18.698647,-7.221683
Q9HAU5,-14.347341,15.1237135,20.646048,-4.1024837,9.274586,-3.0148208,-0.3966609,-15.115275,-7.9638276,-14.799915,-12.597118,-11.609692,3.921488,15.456765,11.382766,-22.10943,-5.402432,-2.6366742,2.6234996,12.2146,11.333871,8.818641,-16.855726,8.992267,17.30424,-1.1708513,-10.206042,-9.863762,-21.02657,11.198689,17.247774,-5.5090747,-9.7067995,-9.920526,-9.072713,-14.884113,-10.056109,5.1793494,12.204717,-18.560629,-10.0693655,-11.267487,-19.997808,0.00019222498,17.333952,-12.479381,-2.2327983,-8.355608,-5.119411,6.0991683,-2.1030054,7.4861665,14.250275,2.5819914,-7.3579516,-4.592644,13.151512,10.82306,-10.262798,-7.379894,-24.25199,-9.028657,19.205278,-7.8931737
P11415,-24.444221,36.314262,37.495613,-8.614774,23.62024,-5.460756,-3.394576,-29.680988,-18.911522,-29.83589,-26.770977,-28.16317,6.6721406,37.820404,20.914062,-50.650795,-17.921024,-9.89658,3.1807969,26.445248,25.114805,23.22263,-39.85186,27.644184,39.283253,-1.3332822,-26.16415,-18.901037,-43.593174,23.553097,38.297867,-19.54197,-27.181831,-18.361223,-25.858494,-28.101074,-17.47545,12.518828,25.055454,-40.80803,-21.042587,-28.188894,-48.650566,-5.548496,41.12738,-27.60713,-3.4216185,-15.273778,-9.326951,14.00293,-6.508732,15.44066,29.011683,7.2776937,-16.226837,-8.678101,26.626503,16.45788,-22.15084,-16.137316,-50.628193,-26.562286,42.487907,-12.382634
P0DMC3,-21.625359,30.478888,32.182713,-7.2045026,18.918837,-5.2339005,-2.7038846,-26.113186,-15.339296,-25.170425,-22.990477,-23.355225,5.734316,31.610516,18.332096,-41.901268,-15.427629,-8.210764,2.2126012,23.39053,21.884638,20.159142,-32.876038,22.993652,33.49148,-1.5262938,-22.703999,-16.648754,-37.789875,20.863815,33.021507,-16.141964,-22.642496,-15.646719,-21.366617,-24.675575,-15.046431,10.529574,20.6189,-34.71964,-18.050962,-23.84053,-40.918163,-4.353979,33.90088,-23.729645,-3.5659888,-13.512361,-8.584578,12.232858,-5.4878535,13.325114,24.938353,6.117486,-14.52943,-7.8269053,22.89101,14.502497,-18.963345,-13.7157545,-42.80084,-21.883556,35.879726,-11.673902
Q9UJV3,-11.471832,13.843611,16.944952,-4.2511363,9.345039,-2.2541234,-1.1344155,-12.768538,-7.664785,-11.998822,-10.868382,-10.545504,3.2765715,14.168381,9.632167,-20.292276,-6.2402215,-3.201751,1.9643247,11.47309,10.226079,8.741892,-15.186576,9.464,16.553186,-0.78056204,-10.16808,-8.293997,-18.383482,9.768152,15.321657,-6.5301046,-9.645782,-8.610322,-9.176956,-11.884726,-9.439265,4.7980466,10.805403,-15.845505,-9.127171,-11.166046,-18.85288,-1.330858,15.900033,-10.712705,-2.1452007,-6.847606,-4.57697,5.147114,-2.2220936,6.515443,12.480223,2.646152,-7.0245233,-4.157787,11.04411,8.180384,-8.714058,-6.847405,-21.333038,-8.997624,17.507017,-6.416299
P08909,-10.953334,11.882239,15.876718,-3.8321154,7.9854627,-2.1721828,-0.7112568,-11.61573,-6.6807876,-10.927936,-9.823648,-9.106561,3.20704,12.197143,9.016622,-17.752806,-4.833714,-2.4550025,1.9983097,10.071019,8.9609165,7.2555943,-13.282718,7.5897307,14.253858,-0.96664613,-8.690818,-7.505366,-16.730934,8.757726,13.727833,-4.8570356,-7.823876,-7.7884355,-7.424316,-10.887437,-8.8781395,4.2518086,9.694103,-14.117597,-8.068611,-9.46448,-16.308767,-0.67782927,13.852061,-9.706841,-2.1318886,-6.3834023,-4.3066573,4.5340676,-1.8464295,5.8104463,11.337593,2.3745604,-6.234633,-3.8565323,9.890693,8.141718,-7.6581383,-6.086987,-19.288057,-7.2929225,15.4919405,-6.030552
P48601,-15.612835,17.06259,21.7999,-3.716994,9.653304,-3.5693874,-0.23927714,-16.858475,-8.007726,-16.453997,-13.674465,-12.967071,3.873706,17.36991,12.046761,-23.865717,-6.5850205,-2.7742913,2.1260545,13.197244,12.518844,10.545511,-18.623615,10.429877,19.04919,-1.2143272,-11.327132,-11.302817,-22.33912,12.631632,19.222513,-6.4236603,-11.266848,-10.543676,-10.631434,-16.738909,-9.620454,5.670574,12.574347,-20.66805,-10.864548,-12.287128,-22.242401,0.31299213,18.689478,-13.866215,-2.0487454,-9.222898,-5.0691595,7.3777585,-2.5349216,8.23572,15.123685,2.8378942,-7.945571,-4.8019667,15.110528,11.190166,-12.294223,-8.154837,-25.72946,-10.603928,21.080107,-8.889557
D2Z028,-12.142242,17.70901,18.54193,-4.773846,11.695002,-2.8266022,-1.9601417,-14.894873,-9.527019,-14.140631,-13.348845,-13.638514,3.5297506,18.562231,10.638919,-24.83449,-9.343466,-5.1471777,1.503208,13.847945,12.848342,11.745491,-19.337214,13.8561,19.904148,-0.7883593,-13.658562,-9.3225155,-22.313969,11.881961,19.253792,-9.892428,-13.400619,-9.185126,-12.6856785,-13.581083,-9.457208,6.270297,12.370375,-19.961096,-10.579551,-14.422734,-24.237038,-3.31044,20.2285,-13.678363,-2.3062377,-7.6402082,-5.26664,6.701679,-3.1912591,7.7383833,14.648358,3.7762504,-8.763332,-4.6793933,12.734393,8.227297,-10.408771,-8.1224375,-25.224152,-12.914987,21.116127,-6.405749
Q42403,-12.5180235,10.10843,17.21825,-2.9900782,5.525331,-2.5934002,0.5237066,-12.05735,-5.009785,-11.540143,-9.404736,-7.6031528,3.3530748,9.896183,9.407954,-15.401238,-1.89244,-0.5352245,2.5520232,9.124199,8.14399,5.546368,-11.099978,3.7803657,12.488614,-1.292882,-6.0578437,-8.232289,-15.703473,8.427315,12.117518,-1.694273,-5.1608844,-8.48878,-4.7754655,-12.367827,-8.701537,3.3211157,9.3670435,-13.295907,-7.727363,-7.1175117,-12.878161,2.070389,11.216105,-8.760441,-1.9128147,-6.98489,-4.2658443,4.196047,-0.82450944,5.8798175,10.843197,1.1640209,-5.0935807,-3.773899,10.447871,9.944707,-7.904064,-5.440062,-18.189857,-4.19949,13.940941,-7.6574764
P19174,-13.874565,16.471125,20.338423,-4.4049144,10.310382,-3.025483,-0.9726947,-15.436568,-8.646253,-14.922313,-13.155105,-12.6200075,3.8242772,16.932371,11.355031,-23.622969,-6.970349,-3.5846546,2.2431076,13.175828,12.191686,10.1901655,-18.084787,10.928271,18.795252,-1.0331439,-11.667609,-9.988295,-21.91001,11.736392,18.30823,-7.283561,-11.313363,-9.978988,-10.63644,-14.85863,-10.040281,5.6546097,12.557855,-19.491661,-10.550327,-12.704877,-21.967485,-1.1189493,18.706816,-13.127441,-2.266773,-8.303031,-5.278255,6.4676538,-2.5135682,7.804945,14.699294,2.9831781,-8.012247,-4.7307973,13.401374,10.078721,-10.661443,-7.830189,-25.119791,-10.615504,20.37128,-7.667558
P84022,-12.749369,15.717458,18.841568,-4.401911,10.102321,-2.8166962,-1.1656752,-14.39202,-8.391182,-13.76296,-12.474287,-12.045131,3.6497252,16.183393,10.623183,-22.547575,-7.0774446,-3.719306,1.958265,12.714762,11.62112,9.983256,-17.176619,10.836973,18.101019,-1.0194162,-11.525281,-9.232356,-20.860268,11.080739,17.426762,-7.403424,-10.990683,-9.327265,-10.364304,-13.644943,-9.738767,5.51826,11.879868,-18.343374,-10.000292,-12.405853,-21.176329,-1.5629894,17.87305,-12.428761,-2.2970617,-7.692026,-5.1362944,6.0488,-2.5262752,7.371415,13.932192,2.9674175,-7.793762,-4.5951953,12.367017,9.182961,-9.86837,-7.5315137,-23.814463,-10.2704115,19.45578,-7.0372634
P17515,-14.897188,19.5387,22.538605,-5.4236937,12.835218,-3.2250483,-1.7102323,-17.209415,-10.631509,-16.715645,-15.24431,-15.088506,4.295711,20.277838,12.682255,-28.03936,-9.023492,-5.0383825,2.3982913,15.4088,14.222622,12.270562,-21.531202,14.0063305,22.088982,-1.0608937,-14.334761,-10.894848,-25.418354,13.36824,21.373442,-9.7072935,-13.991165,-11.058148,-13.204324,-16.200834,-11.486121,6.8400316,14.575833,-22.563145,-12.145415,-15.508599,-26.41073,-2.5336554,22.478088,-15.32758,-2.5995717,-9.0709505,-6.0770736,7.366712,-3.2151215,8.878126,16.919106,3.8666358,-9.471495,-5.3801045,14.848203,10.656001,-11.873712,-9.1048565,-29.142239,-13.34662,23.802479,-7.907388
Q9VU87,-9.475541,7.906521,13.33852,-2.5735304,4.7209487,-1.864048,0.24356122,-9.174455,-4.258861,-8.848614,-7.287905,-6.018782,2.7052374,7.8592496,7.235268,-12.32726,-1.571361,-0.5627937,2.1780384,7.0499387,6.334837,4.237333,-8.877364,3.1858237,9.86633,-0.89441156,-4.807016,-6.1958923,-12.290516,6.323812,9.380573,-1.5659977,-4.1715245,-6.677443,-3.8932056,-9.241942,-7.0094924,2.6570385,7.579718,-10.29355,-6.0185795,-5.768027,-10.229716,1.254659,9.10637,-6.7246966,-1.4843836,-5.2950544,-3.3509254,3.0388145,-0.61526316,4.5685706,8.470694,0.97056955,-3.9842844,-2.927254,7.8630347,7.639338,-5.869678,-4.2896075,-14.340476,-3.4085438,10.975804,-5.6552653
P46273,-10.3950405,10.15994,15.010338,-3.1640542,6.4713793,-2.0316792,-0.17734067,-10.58457,-5.606662,-10.310184,-8.746954,-7.8100095,2.999482,10.311877,8.216834,-15.457277,-3.0666318,-1.4747533,2.2603693,8.535105,7.7664742,5.720411,-11.444019,5.4124174,12.182809,-0.87008613,-6.649347,-6.990202,-14.7186165,7.5815988,11.675294,-3.2177978,-6.1377325,-7.446397,-5.781759,-10.387619,-7.8745885,3.4873872,8.953058,-12.597684,-7.1562915,-7.6733675,-13.447179,0.4038597,11.832514,-8.3602295,-1.66118,-5.942452,-3.7870605,3.8416562,-1.1675339,5.325513,10.060674,1.6028557,-5.0097733,-3.3470201,9.129576,8.112353,-6.9618483,-5.2243805,-17.187786,-5.4743257,13.45943,-5.883552
O15394,-14.901491,16.943665,21.737616,-4.8920326,10.906059,-3.026209,-1.0274103,-16.2504,-9.2085495,-15.475019,-13.658953,-12.928753,4.0737185,17.374882,12.258192,-24.68119,-7.117342,-3.645785,2.5791485,13.968563,12.680071,10.285715,-18.72765,11.127109,19.729626,-1.0701158,-12.1559725,-10.481493,-23.083149,12.365642,19.140364,-7.3006744,-11.507471,-10.573083,-10.786762,-15.505969,-11.228746,5.808476,13.249819,-20.077354,-11.219187,-13.234292,-22.84926,-1.0817546,19.51503,-13.63496,-2.6379037,-8.811319,-5.6606236,6.649791,-2.640903,8.067539,15.633717,3.1893954,-8.600017,-5.06569,14.025766,10.855653,-10.9455805,-8.211492,-26.537123,-10.871361,21.30713,-8.171089
P9WPW9,-15.401272,24.14414,23.969826,-6.1763735,15.923101,-3.6805615,-2.753428,-19.366478,-12.72827,-18.887644,-17.82419,-18.653488,4.518379,25.15653,13.595501,-33.577034,-12.7561455,-7.1611624,1.7351962,18.28315,17.018326,16.179256,-26.085888,19.01054,26.75387,-1.0057476,-18.286514,-12.18837,-29.250072,15.576614,25.400843,-13.916232,-18.420301,-12.11292,-17.524973,-17.911053,-12.037294,8.5228615,16.547363,-26.752224,-14.0041485,-19.457172,-32.640244,-4.6321297,27.18633,-18.130085,-2.6613355,-9.828892,-6.7154565,8.983425,-4.3798656,10.355583,19.207775,4.8950777,-11.257209,-6.081082,16.899992,10.252464,-14.1067505,-10.863573,-33.422268,-17.629969,28.321404,-8.12356
O33407,-14.347093,15.769737,20.52972,-3.7438831,9.340675,-3.2262146,-0.36066064,-15.4456835,-8.028774,-15.299285,-12.860675,-12.120605,3.8136609,16.268417,11.246093,-22.377142,-6.134783,-2.8516493,2.3038914,12.167095,11.672818,9.320872,-17.567343,9.966049,17.350151,-1.0913752,-10.720852,-10.006961,-21.355509,11.560294,17.929659,-6.1008887,-10.514396,-9.650321,-9.76799,-15.300649,-9.144477,5.4218216,12.044196,-19.434557,-10.012189,-11.505131,-20.753624,-0.29759678,17.965729,-13.0556345,-2.0932195,-8.479815,-4.9304023,6.663728,-2.3793578,7.5756626,14.3616495,2.7224305,-7.5311923,-4.50893,13.499372,10.64,-10.712857,-7.4490438,-24.380806,-9.939711,19.456617,-7.647568
Q9ALW2,-12.676209,17.636982,18.518112,-5.242344,12.279105,-2.5644858,-2.2181559,-15.304376,-9.92707,-13.430942,-12.832327,-13.19551,3.3507755,18.36208,11.163756,-24.598278,-10.863353,-5.2805476,1.1673524,14.683804,13.006032,12.016111,-19.122307,14.866385,20.81643,-0.52333736,-14.785958,-9.537269,-22.509775,12.632775,19.861988,-10.530392,-13.905892,-9.033126,-13.055208,-13.361311,-10.540914,6.2536488,11.90877,-19.359007,-11.048963,-14.916554,-24.97932,-3.8858767,20.38153,-13.571641,-3.129807,-7.9334207,-5.342075,7.127139,-3.896492,7.4045324,15.200783,4.139315,-9.992627,-5.0601764,12.957698,7.890524,-10.354292,-8.458814,-25.283014,-13.622358,21.374107,-6.5382857
O15033,-12.739414,13.292354,17.811687,-3.2125332,7.65732,-2.8225288,-0.13667496,-13.486529,-6.4021974,-13.048045,-10.897048,-10.091045,3.2905385,13.463012,9.837526,-18.992079,-4.777842,-1.9784132,1.966855,10.6266,9.913093,8.133388,-14.538428,7.6838913,15.289042,-1.0486072,-8.76397,-9.083295,-17.920626,9.950864,15.0885725,-4.676584,-8.495503,-8.77178,-8.038531,-13.351851,-8.359965,4.43833,10.306196,-16.201187,-8.7720785,-9.683754,-17.356625,0.511671,14.648967,-10.819313,-1.7788615,-7.4460144,-4.270699,5.5832353,-1.8150645,6.646071,12.175026,2.1254032,-6.311502,-3.980114,11.975413,9.337287,-9.6141205,-6.5578294,-20.711634,-7.806667,16.838684,-7.4053674
O00560,-16.394423,20.984049,24.075605,-5.1732087,13.137709,-3.6769383,-1.4267793,-18.7971,-10.746306,-18.315401,-16.175098,-16.09809,4.392276,21.665012,13.500074,-29.49533,-9.646496,-4.9201045,2.2273085,16.149021,15.112972,13.324481,-22.957043,14.807495,23.39587,-1.1326365,-15.032916,-12.160135,-26.687971,14.579385,22.989088,-10.035414,-14.965838,-11.749481,-14.1526,-17.983799,-11.481146,7.2137027,15.086156,-24.339985,-12.870161,-16.1238,-28.051662,-2.0019257,23.608404,-16.485273,-2.5411391,-9.965872,-6.09653,8.402203,-3.530651,9.501715,17.863657,4.0016527,-9.940234,-5.627218,16.58254,11.446718,-13.5134535,-9.751921,-30.663118,-14.332675,25.359426,-8.853535
O94875,-20.973272,30.74893,31.710577,-7.8915334,20.360868,-4.7057867,-3.2063198,-25.44599,-16.320513,-24.561317,-22.722242,-23.595665,5.7884135,31.926134,18.159689,-42.770718,-16.390524,-8.753224,2.2838411,23.515474,21.686487,20.285471,-33.395695,24.163445,34.17114,-1.2969645,-23.463263,-16.036243,-37.75555,20.582327,33.05178,-17.192518,-23.314232,-15.50901,-22.0731,-23.602312,-15.992932,10.837119,21.000557,-34.298954,-18.18943,-24.545496,-41.861233,-5.4277573,34.823902,-23.503252,-3.808346,-13.141377,-8.524462,12.02343,-5.970674,13.064362,25.160803,6.430735,-14.866554,-7.9618516,22.323057,13.833041,-18.411451,-14.027461,-43.216396,-22.623957,36.367126,-10.760564
P09455,-18.33913,23.056438,26.613094,-5.1535287,13.588051,-4.36144,-1.2155182,-21.004429,-11.14929,-20.584473,-17.887403,-17.609888,4.7318773,23.613611,14.776602,-31.916851,-10.139898,-5.009251,2.2821972,17.650005,16.671612,14.757578,-24.852276,15.623468,25.477623,-1.3487046,-16.032078,-13.784648,-29.114712,16.171032,25.060495,-10.576242,-16.183542,-13.089633,-15.258319,-20.579319,-11.929087,7.762287,16.372211,-27.021152,-14.088102,-17.268435,-30.213116,-1.4365287,25.307686,-18.088047,-2.545299,-11.164525,-6.6182833,9.447087,-3.6519547,10.649837,19.441463,3.9790814,-10.586439,-6.1235657,18.687805,12.840795,-15.376734,-10.580818,-33.336845,-15.259021,27.627024,-10.323037
P11541,-6.086549,3.940032,8.151235,-1.4379482,1.9311013,-1.3928419,0.39630502,-5.7172813,-2.1005313,-5.0598783,-4.216633,-2.9010992,1.7742578,3.9416783,4.4911146,-6.1610894,-0.55765504,0.0801477,1.3057566,4.1841273,3.7819586,2.1064596,-4.4081516,1.0912067,5.2812753,-0.6830927,-2.6176872,-3.7881236,-7.4827967,3.835249,5.4107413,-0.15505739,-1.7484535,-3.9721289,-1.476733,-5.722666,-4.2063427,1.3877772,4.1518974,-5.8542433,-3.3931367,-2.899394,-5.1313334,1.0636942,4.5818133,-3.8496902,-1.2326759,-3.3886027,-2.322331,1.7132208,-0.13037767,2.7097487,5.0172844,0.3804197,-2.5661888,-1.9116652,4.4694543,5.092225,-3.1365986,-2.3574376,-8.091161,-1.125943,5.895999,-3.8063817
O29976,-17.475101,23.043865,25.636942,-5.03362,13.172258,-4.6217675,-1.4168105,-20.626673,-10.929386,-20.10844,-18.009052,-17.572573,4.6916685,23.566008,14.2266445,-31.333664,-10.597265,-5.428367,1.8054711,17.890608,16.890814,15.272715,-24.317972,15.9612665,25.320374,-1.5180619,-16.484983,-13.361227,-29.203075,16.062246,24.786104,-11.205377,-16.405943,-12.743213,-15.334633,-20.358448,-11.306902,7.8947444,16.028992,-27.050888,-13.818666,-17.435997,-29.954506,-2.011902,24.89699,-17.996487,-2.6399856,-10.861441,-6.922995,9.361164,-3.6229463,10.736832,19.167173,3.7435615,-10.636216,-6.2339315,17.992159,12.2884,-14.911319,-10.386185,-32.755486,-15.073039,27.187435,-10.108414
O23512,-10.037999,7.944273,13.815664,-2.4421937,4.2886,-2.168508,0.4009115,-9.719763,-4.0629115,-9.152,-7.571103,-5.97034,2.772008,7.878134,7.567523,-12.07706,-1.6144645,-0.47154438,2.0567229,7.3681006,6.6475782,4.350175,-8.774555,3.0797954,9.839038,-1.0501175,-5.0031376,-6.504509,-12.8649025,6.7846394,9.787556,-1.3502614,-4.0985556,-6.7250056,-3.7018394,-9.884762,-6.938495,2.6806905,7.4522896,-10.715266,-6.1218414,-5.698889,-10.214965,1.4525292,8.979691,-7.078735,-1.7017697,-5.6336546,-3.5963147,3.3278298,-0.6281832,4.7139187,8.76533,0.93845665,-4.273498,-3.093955,8.155097,8.084217,-6.0541754,-4.2893467,-14.553038,-3.2815666,10.994934,-6.0815763
A0A166U5H3,-13.890729,16.40252,20.129332,-3.871021,9.658941,-3.2189171,-0.6773631,-15.499725,-8.087762,-15.198955,-13.069522,-12.550075,3.691988,16.795357,11.075829,-23.101946,-6.635586,-3.2395077,2.0797613,12.763637,12.073321,10.210181,-17.843496,10.51561,18.371466,-1.0391499,-11.163081,-10.196023,-21.400263,11.661916,18.037409,-6.9496403,-11.154427,-9.943643,-10.491277,-15.252727,-9.178193,5.5152307,12.257164,-19.59739,-10.317003,-12.2382765,-21.427362,-0.57530016,18.203415,-13.023018,-1.9326745,-8.342084,-5.011151,6.622944,-2.352644,7.8607373,14.316411,2.6969287,-7.597006,-4.5474076,13.659778,10.073241,-11.054502,-7.674324,-24.533442,-10.359254,20.031944,-7.8810387
P01700,-21.733864,29.23491,32.03763,-6.612446,17.674788,-5.1796913,-2.0069823,-25.527235,-14.225513,-25.106577,-22.217705,-22.379642,5.6808167,29.94641,17.874353,-40.391724,-13.473754,-6.9460363,2.5115747,22.160946,20.783747,19.071533,-31.352032,20.559694,32.27363,-1.5808512,-20.605217,-16.716276,-35.95001,19.931051,31.196957,-14.364805,-20.969345,-15.971155,-19.896091,-24.79462,-14.710971,9.893122,20.355064,-33.500175,-17.533623,-22.218998,-38.46008,-2.6560764,31.993439,-22.466915,-3.0205808,-13.387711,-8.09815,11.68816,-4.823318,13.171656,23.962494,5.204038,-13.19809,-7.5347347,22.859802,14.888622,-19.028297,-13.294546,-41.376564,-19.857323,34.707863,-12.203517
P13727,-12.78456,16.355297,18.59176,-3.941913,9.736225,-3.1592152,-1.0976238,-14.898406,-7.9921546,-14.166122,-12.752461,-12.434872,3.4519396,16.774572,10.475742,-22.634974,-7.6196656,-3.7937353,1.4639379,12.999584,12.085032,10.872356,-17.445395,11.354546,18.531473,-1.0306519,-11.874515,-9.726684,-20.951534,11.534545,17.885042,-7.8915057,-11.625065,-9.353939,-10.969838,-14.304868,-8.845699,5.603725,11.606154,-19.022135,-10.084094,-12.665493,-21.65065,-1.4407836,17.890966,-12.773206,-2.0769951,-7.8631034,-5.038012,6.549496,-2.5919733,7.6568456,13.853217,2.8860934,-7.8648586,-4.562326,12.958268,8.910037,-10.654575,-7.640562,-23.660032,-10.774478,19.750269,-7.442657
Q9VMB4,-16.249155,18.65995,23.091682,-4.1933064,10.787913,-3.7534006,-0.51916564,-17.827469,-8.873599,-17.52244,-14.827991,-14.219257,4.1718783,18.945482,12.721492,-26.140213,-7.375668,-3.3514254,2.22413,14.412356,13.563477,11.694774,-20.193283,11.638668,20.893162,-1.30201,-12.488444,-11.910185,-24.093435,13.431058,20.565567,-7.5277023,-12.478652,-11.382726,-11.803697,-17.711548,-10.466277,6.2521744,13.771048,-22.266275,-11.754637,-13.63508,-24.262262,-0.097893834,20.380777,-14.837362,-2.1547902,-9.679753,-5.5450354,7.776248,-2.764533,8.9448805,16.2595,3.0128345,-8.514876,-5.212767,15.972498,11.648012,-13.057814,-8.8476095,-27.826883,-11.588742,22.90187,-9.314207
P49407,-13.628218,15.962437,19.958712,-4.4596114,10.168006,-2.915965,-0.98190147,-15.041901,-8.539572,-14.444992,-12.82508,-12.224401,3.8083546,16.40718,11.199872,-23.051659,-6.803014,-3.5060816,2.2432525,12.946158,11.865517,9.854745,-17.573822,10.615215,18.37932,-1.0520217,-11.4646845,-9.689652,-21.504019,11.462012,17.886097,-7.0434513,-10.926199,-9.756829,-10.266104,-14.394841,-10.149016,5.540986,12.303331,-18.89325,-10.33581,-12.421668,-21.438406,-1.1565821,18.252153,-12.791439,-2.3671074,-8.122602,-5.2603126,6.2452593,-2.4891462,7.580041,14.454821,2.964507,-7.935363,-4.7111206,12.975292,9.934907,-10.247868,-7.683697,-24.635777,-10.249033,19.911428,-7.4815454
O13034,-6.522494,4.320837,8.793834,-1.6023899,2.3297641,-1.3364502,0.42940068,-6.018557,-2.2864406,-5.4817333,-4.4395604,-3.2056332,1.8796024,4.2293787,4.800396,-6.9731784,-0.38868907,0.18697397,1.5133982,4.387071,3.8794594,2.2637377,-4.858978,1.0124158,5.9085,-0.6874284,-2.5624855,-4.1428924,-7.696531,3.9611835,5.630047,-0.1100503,-1.8348128,-4.463701,-1.6727867,-6.046765,-4.759427,1.4550201,4.651968,-6.105419,-3.7310688,-3.1274872,-5.570287,1.3657128,4.9549556,-3.954768,-1.143986,-3.5774715,-2.3214316,1.7382312,-0.11083084,2.9147456,5.3016267,0.3845534,-2.5156796,-1.9891847,4.963638,5.39893,-3.5790396,-2.642052,-8.762781,-1.183313,6.559269,-4.1390886
O00910,-15.810276,19.106255,23.190779,-5.3148384,12.500301,-3.2575727,-1.3553045,-17.608696,-10.40144,-16.897966,-15.013369,-14.638214,4.3295074,19.750597,13.125746,-27.48045,-8.722311,-4.4777536,2.4951022,15.257559,13.996656,11.77678,-21.193802,13.408381,21.783524,-1.0786657,-14.005212,-11.238934,-25.33456,13.634691,21.448418,-8.8918495,-13.454276,-11.128098,-12.645871,-16.635746,-11.817616,6.6604176,14.3493595,-22.343912,-12.191676,-14.956387,-25.964325,-1.9003432,22.077143,-15.2915745,-2.8229756,-9.458645,-5.9916945,7.5928764,-3.2943113,8.73201,17.103962,3.8382883,-9.609667,-5.466262,15.269686,11.253788,-12.079541,-9.117059,-29.099533,-12.954541,23.62317,-8.309944
Q74K78,-8.305991,5.4684286,11.235166,-2.0459633,2.7139254,-1.8610854,0.47868615,-7.7550406,-2.9030812,-6.9163094,-5.878209,-4.025177,2.3865006,5.3434215,6.2374187,-8.60883,-0.6645545,-0.027482003,1.7772129,5.9244246,5.1624236,2.911077,-5.9812193,1.4150543,7.3188157,-1.0262482,-3.6121318,-5.125543,-10.314741,5.3141284,7.3531938,-0.24748844,-2.3364587,-5.432279,-1.959368,-7.883669,-5.968237,1.903443,5.7454796,-7.979435,-4.758598,-4.028901,-7.0578837,1.4851832,6.2426414,-5.3060746,-1.7143947,-4.5974603,-3.2469976,2.3310182,-0.21671847,3.7044933,6.9585752,0.52204865,-3.480182,-2.652653,6.120498,6.9511857,-4.2809777,-3.2040884,-11.251322,-1.4980028,8.129835,-5.2438183
P53675,-13.17275,12.730583,18.123308,-2.6837027,6.98536,-2.808278,0.42769533,-13.424907,-5.848509,-13.476783,-10.507092,-9.69491,3.2418356,12.800228,9.721372,-18.27488,-3.6442196,-1.1252192,2.2502644,9.639024,9.293177,7.300623,-14.132926,6.4561396,14.351112,-0.9755053,-7.471953,-9.278946,-16.989635,9.56946,14.400305,-3.4918714,-7.676963,-8.88225,-7.3008795,-13.72999,-7.836703,4.0914254,10.170864,-15.912752,-8.452071,-8.611355,-16.175068,1.6173565,13.953621,-10.4139,-1.356528,-7.556796,-3.7734616,5.5482635,-1.5219698,6.5158486,11.749888,1.7338469,-5.5503817,-3.6811488,12.310444,9.815477,-9.918668,-6.3075404,-20.109884,-7.035603,16.240877,-7.59504
P11473,-16.314724,21.70518,24.24438,-5.5068316,13.806707,-3.7042313,-1.722955,-18.991772,-11.208436,-18.467697,-16.64195,-16.673939,4.5031247,22.402346,13.650469,-30.532103,-10.253823,-5.4001107,2.1506298,16.782732,15.573161,14.014147,-23.619303,15.611923,24.31556,-1.1924675,-15.790181,-12.230062,-27.414066,14.849867,23.557213,-10.82961,-15.637656,-11.975678,-14.829971,-18.040653,-11.920693,7.54007,15.537047,-24.877542,-13.219497,-16.922422,-29.103996,-2.511733,24.37514,-16.865591,-2.646873,-9.994401,-6.3609347,8.488566,-3.7012863,9.763178,18.277573,4.183548,-10.269257,-5.834336,16.690472,11.328374,-13.663702,-10.082656,-31.477531,-14.897758,26.17497,-8.852968
P07315,-20.166962,25.955957,30.482399,-7.0682125,17.29389,-4.1481943,-2.0664108,-22.85066,-14.401972,-22.707582,-20.242178,-20.17211,5.711103,27.071522,17.031963,-37.41954,-11.736817,-6.578629,3.4559567,19.890907,18.59446,15.631477,-29.12398,18.674206,28.665112,-1.3351297,-18.78539,-14.323021,-33.83002,17.768833,28.624512,-12.520918,-18.522867,-14.396696,-17.415266,-21.68308,-15.068861,9.130705,19.432993,-30.280972,-16.008984,-20.216885,-35.185787,-3.251872,30.389317,-20.71116,-3.3652577,-12.151575,-7.753978,10.037714,-4.478491,11.543625,22.68212,5.339522,-12.445939,-6.9645348,19.899025,14.532516,-15.792509,-11.979802,-39.061405,-18.092766,31.527359,-9.998373
Q9Y2D1,-14.829523,18.04773,22.00366,-4.972265,11.845986,-3.0200057,-1.193908,-16.444527,-9.7891655,-16.169123,-14.214716,-13.948855,4.160767,18.660225,12.2646,-26.218939,-7.663664,-4.071973,2.591575,14.062954,13.032828,10.944658,-20.149736,12.2492285,20.450567,-1.0273513,-12.724262,-10.594641,-23.663301,12.530738,19.955688,-8.12604,-12.495991,-10.714411,-11.85017,-15.667065,-11.1063795,6.260052,13.846147,-21.105116,-11.434707,-13.968307,-24.312037,-1.5025787,20.858679,-14.3102,-2.3569498,-8.832601,-5.5315585,6.9477406,-2.8848403,8.324757,15.970611,3.5060084,-8.610114,-5.0268526,14.434537,10.744988,-11.4913645,-8.596837,-27.530981,-11.978949,22.36691,-7.8234477
O88844,-15.003015,16.921179,21.841604,-4.106577,10.36045,-3.1171334,-0.50521487,-16.207443,-8.762528,-16.3077,-13.547488,-13.075467,3.9618397,17.450993,11.869189,-24.409874,-6.2516785,-3.0636966,2.7622979,12.777707,12.276497,9.765224,-19.016813,10.549893,18.716455,-0.9321763,-11.048634,-10.624417,-22.316626,11.987271,18.794268,-6.5862484,-11.282852,-10.497197,-10.614274,-15.997737,-9.858921,5.6488585,13.1805,-20.491896,-10.772713,-12.383395,-22.208532,-0.26207757,19.420378,-13.641457,-1.8937092,-8.8333435,-4.9894347,6.8295836,-2.389328,8.046582,15.136945,2.9047546,-7.6957016,-4.5698304,14.4501295,11.107457,-11.4854555,-7.9373603,-26.058477,-10.782842,20.887625,-7.9924927
Q5SW96,-13.279779,14.723633,19.078568,-3.6868916,8.76548,-2.9340553,-0.4635594,-14.396681,-7.4107394,-14.0392685,-11.959952,-11.251397,3.5412717,15.036613,10.512683,-21.078346,-5.6036334,-2.655492,2.1831608,11.694721,10.956986,8.940515,-16.161049,9.031371,16.753477,-1.0138913,-9.927657,-9.497452,-19.75377,10.7148,16.474318,-5.7655635,-9.725408,-9.367663,-9.138212,-14.163891,-8.980422,4.9531717,11.406732,-17.801727,-9.5580225,-10.96224,-19.309969,-0.14587173,16.509613,-11.864135,-1.9243268,-7.8517356,-4.7121873,5.96094,-2.0458767,7.205645,13.318634,2.423776,-6.98341,-4.271337,12.642897,9.782784,-10.077771,-7.0611396,-22.734703,-9.0063925,18.357416,-7.520612
P07014,-4.8856115,3.0758953,6.846944,-1.5571126,2.047494,-0.8632873,0.22468457,-4.386918,-2.0077913,-3.967862,-3.3146133,-2.3260922,1.6034222,3.0417016,3.706998,-5.4821596,-0.054881938,0.15954056,1.4586041,3.3425426,2.866409,1.450697,-3.6287415,0.53703535,4.605625,-0.48870063,-1.8283211,-2.9872985,-5.916423,2.734398,4.0425906,0.017113065,-1.175667,-3.6249366,-1.0976751,-4.2574453,-4.21145,1.0897042,3.8892303,-4.3624215,-2.8871932,-2.4523292,-4.103666,0.92015874,3.8486695,-2.7619014,-0.95640546,-2.636334,-1.9184624,0.9455217,0.06118474,2.2244084,4.094371,0.26203445,-1.8955443,-1.5814582,3.4782517,4.2445374,-2.3451123,-2.0510044,-6.865439,-0.5908574,5.0357695,-3.0763607
P22736,-15.531369,19.514612,22.82945,-5.167863,12.410978,-3.443412,-1.4299092,-17.677273,-10.233622,-16.966618,-15.236582,-14.927312,4.2688546,20.099194,12.90246,-27.655218,-9.053213,-4.6688895,2.1765227,15.50543,14.260864,12.435757,-21.290455,13.746935,22.152334,-1.1583817,-14.295749,-11.35475,-25.39766,13.747686,21.566875,-9.364631,-13.843527,-11.166864,-13.045197,-16.80468,-11.433583,6.7886786,14.297727,-22.65897,-12.220708,-15.248453,-26.259235,-2.0022779,22.070599,-15.402918,-2.6985726,-9.411044,-6.0445204,7.7220306,-3.301426,8.944707,17.004562,3.7477593,-9.584626,-5.5043917,15.364134,10.946753,-12.368824,-9.209114,-29.025288,-13.131755,23.848742,-8.454724
F1RAX4,-13.057675,15.20124,19.00735,-4.321406,9.906848,-2.6105318,-0.9361657,-14.304587,-8.162151,-13.682584,-11.996833,-11.595146,3.5730724,15.5522785,10.691372,-22.111897,-6.4927735,-3.1941583,2.1963894,12.286058,11.155228,9.385756,-16.767408,10.062969,17.790268,-0.883611,-10.792657,-9.362755,-20.13172,10.85634,16.927814,-6.6888967,-10.411488,-9.456715,-9.880263,-13.586013,-9.946507,5.202092,11.775063,-17.709524,-9.949681,-11.854818,-20.484234,-0.94580775,17.370405,-11.954884,-2.1935012,-7.7373247,-4.836851,5.9079213,-2.4042096,7.1715837,13.709263,2.829619,-7.5131025,-4.458204,12.543729,9.358061,-9.945373,-7.4452033,-23.41942,-9.804656,19.129501,-7.219739
O75446,-13.914902,16.467093,19.816435,-3.7735054,9.856917,-3.1190555,-0.6501617,-15.463969,-8.01515,-15.093799,-12.817777,-12.578484,3.5603607,16.902555,11.011997,-23.10575,-6.9616337,-3.170787,1.8864666,12.548711,11.8783,10.365211,-18.049051,10.841579,18.421713,-0.97107476,-11.252856,-10.291393,-20.971725,11.719223,18.242992,-7.019301,-11.335365,-9.727731,-10.787888,-15.013683,-9.07369,5.540457,11.9456625,-19.408895,-10.247783,-12.2314,-21.760653,-0.54934734,18.24669,-13.057034,-1.8729944,-8.325366,-4.691214,6.8419023,-2.595074,7.6831856,14.154012,2.9606142,-7.635424,-4.456344,13.873172,9.773053,-11.375449,-7.818377,-24.284933,-10.796505,20.171776,-7.7693963
P0ACE3,-9.949904,8.347835,13.62521,-2.253618,4.5748725,-2.0801833,0.43393716,-9.725097,-4.0619464,-9.4004755,-7.4938807,-6.303674,2.6346571,8.295516,7.3792815,-12.516323,-1.8198014,-0.42516336,1.970683,7.1155305,6.574535,4.6369543,-9.278584,3.4537926,10.094646,-0.89899224,-4.948157,-6.685701,-12.458232,6.7509217,9.911103,-1.6094259,-4.510983,-6.756495,-4.2292724,-9.8969,-6.581758,2.7317007,7.474501,-10.881397,-6.1298084,-5.806755,-10.658457,1.5571162,9.293301,-7.1142044,-1.3669521,-5.5969977,-3.200344,3.521103,-0.7398451,4.7267957,8.598863,1.0074345,-4.0657,-2.9159384,8.537492,7.7851405,-6.582275,-4.44546,-14.505889,-3.8052409,11.326814,-5.9846897
O23530,-16.237345,18.402245,23.718246,-4.9229727,11.673406,-3.3292506,-0.798449,-17.484514,-9.79926,-17.31867,-14.8454,-14.197962,4.446183,18.907429,13.094469,-26.79593,-7.102349,-3.6367512,2.9257257,14.400851,13.412975,10.844744,-20.572372,11.684724,20.781702,-1.2029665,-12.541718,-11.358804,-24.654804,13.128956,20.577799,-7.437211,-12.264442,-11.415145,-11.558905,-17.040161,-11.589434,6.316314,14.439171,-22.040453,-11.885332,-13.847088,-24.49022,-0.68048954,21.179417,-14.866648,-2.4430475,-9.54192,-5.7823544,7.2902327,-2.7696548,8.735077,16.720604,3.343638,-8.715311,-5.2612247,15.396769,12.009224,-12.162586,-8.817538,-28.690758,-11.655399,23.002289,-8.674697
P20827,-15.961329,18.966354,23.991024,-6.3610754,13.206143,-3.1933718,-1.7577058,-17.498117,-11.165739,-16.513052,-15.5772,-14.639765,4.878131,19.617437,13.780437,-28.234425,-8.523476,-4.9829793,2.9099038,16.169163,14.25306,11.624481,-21.145342,13.236636,22.311134,-1.4904809,-14.629515,-10.818222,-26.70839,13.663704,21.678486,-8.909346,-13.045021,-11.454718,-12.21552,-16.217134,-13.7396145,6.957891,15.141905,-22.239698,-12.57247,-15.563282,-26.319544,-2.5262446,22.472355,-15.508831,-3.5462093,-9.454364,-6.965942,7.0207477,-3.2521563,8.878857,17.888426,4.089923,-10.136113,-6.0265465,14.547755,11.869808,-11.113929,-9.330538,-30.404985,-12.37599,24.141846,-8.328491
Q43155,-10.710851,13.971385,15.771496,-3.5718222,8.697673,-2.5407705,-1.0875527,-12.544987,-7.1302323,-11.925964,-10.813576,-10.682847,2.9915206,14.467271,8.905247,-19.575607,-6.6681724,-3.3904934,1.3759376,11.0329275,10.284821,9.194808,-15.138484,9.990771,15.886273,-0.78009963,-10.275224,-8.114858,-17.919405,9.699895,15.329389,-6.938025,-10.0738325,-7.92857,-9.542251,-11.807774,-7.739742,4.8434815,10.040544,-16.147861,-8.593807,-11.004921,-18.746944,-1.5756383,15.618725,-10.892457,-1.8018945,-6.5927835,-4.2834926,5.457758,-2.2599688,6.4558578,11.84813,2.6417468,-6.7987785,-3.8623273,10.849532,7.4722133,-8.867835,-6.5693374,-20.318953,-9.456806,16.954575,-6.0392895
O53581,-15.257617,18.75315,22.183243,-4.4321303,10.986273,-3.7405663,-1.0596586,-17.478474,-9.313488,-16.818739,-14.890238,-14.28416,4.063832,19.287308,12.387151,-25.952953,-8.454438,-4.236062,1.9397873,14.875711,13.999904,11.997284,-20.185421,12.84062,20.864014,-1.1915783,-13.507826,-11.239176,-24.64542,13.483539,20.774878,-8.676115,-13.193359,-10.765866,-12.2562065,-17.050034,-10.070644,6.4183016,13.507751,-22.361248,-11.635706,-14.276547,-24.70939,-1.4795332,20.808964,-15.010071,-2.4825811,-9.317858,-5.8835955,7.7060266,-2.9551404,8.821023,16.310843,3.2426808,-9.117688,-5.2560296,15.075851,10.897847,-12.17301,-8.615115,-27.642563,-12.302023,22.541859,-8.560688
P18956,-2.7678313,1.6265898,3.9444015,-1.0221106,1.3576057,-0.395085,0.1289523,-2.4293904,-1.2853582,-2.1944084,-1.7413507,-1.2670128,1.0365133,1.7085465,2.0601134,-3.21808,0.07101868,0.25094134,1.0447223,1.7033529,1.5479734,0.67044485,-2.1488113,0.21609643,2.706756,-0.16095267,-0.877187,-1.7014177,-3.2379458,1.3056247,2.1781874,0.09972977,-0.6072986,-2.2690523,-0.6371795,-2.174056,-2.616129,0.60320836,2.4288826,-2.3234775,-1.6095656,-1.4035418,-2.2868083,0.5076034,2.2997663,-1.360379,-0.5015296,-1.4766006,-1.0534296,0.32215148,0.15212819,1.2837687,2.266615,0.1282709,-1.0203867,-0.88470113,1.8916252,2.4873939,-1.2325394,-1.2581189,-3.9119306,-0.22169438,2.9439104,-1.7026073
P15202,-18.838333,24.21533,27.428978,-4.955602,13.935219,-4.6427937,-1.0929147,-21.721567,-11.362845,-21.773682,-18.643549,-18.55004,4.8482685,24.742193,14.968796,-33.19486,-10.392826,-5.0748568,2.2627535,17.936798,17.238253,15.500499,-25.975632,16.218658,26.290268,-1.3793025,-16.352308,-14.362477,-29.893957,16.621828,25.825575,-11.057576,-16.981985,-13.617431,-16.03585,-21.661812,-11.634887,8.108558,17.030745,-28.406319,-14.455829,-17.745798,-31.254036,-1.2419906,26.273077,-18.761396,-2.241662,-11.532672,-6.602488,9.936865,-3.7245467,11.179443,19.930777,3.859951,-10.533559,-6.200421,19.578575,13.219025,-16.320591,-10.945069,-34.395386,-15.859683,28.661629,-10.641253
P0A744,-10.732133,8.455695,14.67912,-2.5196466,4.5261703,-2.2802682,0.49195987,-10.332358,-4.1985645,-9.782673,-7.9827366,-6.3423133,2.897846,8.318627,8.028582,-12.852103,-1.5972211,-0.38294894,2.1688578,7.749132,6.9654856,4.6451435,-9.305567,3.1280344,10.493761,-1.1136637,-5.151655,-7.018891,-13.4407425,7.1912823,10.322607,-1.3232362,-4.2922754,-7.205043,-3.9295998,-10.5608635,-7.357666,2.802814,7.890901,-11.306065,-6.518264,-5.968543,-10.799754,1.7666056,9.425161,-7.4502993,-1.7088188,-5.998536,-3.7028432,3.5647786,-0.6589533,5.005757,9.228983,0.9636274,-4.410725,-3.2454133,8.828085,8.570759,-6.6321955,-4.590384,-15.38435,-3.439733,11.728361,-6.5712566
P09758,-13.690343,11.948007,18.607336,-2.7954144,6.1727443,-3.0430844,0.59797955,-13.626574,-5.487179,-13.22398,-10.55472,-8.9937105,3.434156,11.877534,10.127222,-17.291826,-3.0147314,-0.84899604,2.340174,9.962596,9.307409,6.815299,-13.0805025,5.3742857,13.886732,-1.2804782,-7.2381086,-9.299914,-17.391972,9.714699,14.122764,-2.6316698,-6.7148833,-8.971409,-6.215911,-14.0280075,-8.382,3.8868139,9.9849415,-15.542563,-8.449799,-8.139891,-15.14781,1.9951956,13.02265,-10.271841,-1.8363817,-7.782281,-4.318408,5.337595,-1.271358,6.528797,11.927126,1.506867,-5.7542276,-3.9677405,12.036129,10.503601,-9.417972,-6.083704,-19.997843,-5.8699183,15.669047,-8.166733
P03069,-12.877318,15.046372,18.991737,-4.460306,9.884519,-2.6609185,-1.0483503,-14.17093,-8.344378,-13.529011,-12.144195,-11.553577,3.6825438,15.545932,10.714733,-21.976648,-6.506059,-3.447312,2.255916,12.343151,11.245772,9.190821,-16.725756,10.169145,17.447222,-0.97808415,-11.003092,-9.027349,-20.566399,10.818334,17.013584,-6.72839,-10.341164,-9.217332,-9.70687,-13.384949,-9.958233,5.2850285,11.775308,-17.802092,-9.832253,-11.899863,-20.444044,-1.3490036,17.496231,-12.139792,-2.3852968,-7.653897,-5.091996,5.7934694,-2.3906808,7.1183147,13.823846,2.9483004,-7.672664,-4.510361,12.094141,9.447061,-9.434382,-7.2975574,-23.540789,-9.77639,18.9079,-6.9230914
A0JNT9,-14.341802,17.268879,21.203829,-4.443259,10.667338,-3.1747415,-0.9329149,-15.994939,-8.92541,-15.78407,-13.7775955,-13.286883,3.9836643,17.701874,11.66579,-24.745417,-6.9600425,-3.6512673,2.408251,13.5252075,12.6418,10.604378,-18.91041,11.183113,19.506231,-1.073114,-11.851314,-10.416508,-22.656988,12.050067,18.849525,-7.525107,-11.758888,-10.5235195,-11.081551,-15.628296,-10.195075,5.879378,13.249081,-20.451384,-10.938296,-13.125165,-22.722076,-0.95816725,19.47641,-13.603806,-2.1071754,-8.594818,-5.3951836,6.6778007,-2.480378,8.23021,15.185725,2.9161692,-8.00646,-4.8323073,14.025986,10.526695,-11.239854,-8.112401,-26.150618,-10.919375,21.220064,-7.988869
P10096,-8.511407,7.2767377,11.931766,-2.21912,4.2835097,-1.724133,0.22634459,-8.350826,-3.8578312,-8.074597,-6.586433,-5.545385,2.407984,7.314363,6.4485703,-11.154983,-1.6485392,-0.5409894,1.8840257,6.289743,5.793136,3.9509814,-8.209849,3.1667385,8.905778,-0.7460448,-4.460896,-5.630217,-11.10616,5.760916,8.635296,-1.5819683,-4.0013804,-5.945885,-3.7332656,-8.376107,-6.034861,2.4496562,6.7706127,-9.478154,-5.383442,-5.267075,-9.428912,1.0265751,8.388192,-6.181416,-1.28391,-4.7951536,-2.9373415,2.874182,-0.6174118,4.131894,7.6198335,0.9271725,-3.6428583,-2.5944412,7.1691,6.7987576,-5.409176,-3.89419,-12.894551,-3.3509705,9.950055,-5.0098
P04739,-14.125085,12.587502,18.960709,-2.5525718,6.257203,-3.2284153,0.7137865,-14.2013645,-5.4714203,-13.859463,-10.860756,-9.4565525,3.384457,12.5493145,10.293073,-17.798225,-3.4065683,-0.83746326,2.167482,10.105605,9.640123,7.3115416,-13.741796,5.8944225,14.292614,-1.2531588,-7.5346284,-9.774038,-17.725863,10.172824,14.798067,-2.8863773,-7.2623873,-9.088077,-6.7545843,-14.67388,-8.010717,4.0417566,10.032274,-16.300514,-8.633238,-8.36853,-15.8696575,2.138381,13.510431,-10.768192,-1.7060794,-8.076849,-4.181347,5.840661,-1.4434522,6.729106,12.161629,1.6050906,-5.890757,-3.9644532,12.735662,10.619188,-10.150887,-6.3034654,-20.395924,-6.4907255,16.214075,-8.400927
P11672,-22.6695,32.232162,33.6967,-7.177289,19.792686,-5.479962,-2.6321921,-27.387814,-15.902464,-26.842937,-24.038313,-24.726072,5.887238,33.35691,18.968256,-44.113327,-16.00518,-8.35803,2.3075216,24.078947,22.79259,21.209377,-34.756897,24.067087,35.070297,-1.4686503,-23.388136,-17.658913,-39.108948,21.746399,34.469658,-16.889627,-23.9133,-16.516178,-22.643242,-26.172081,-15.171457,11.004263,21.671312,-36.634415,-18.849922,-24.787481,-42.873394,-4.154489,35.612644,-24.806385,-3.291413,-14.172867,-8.573746,12.993921,-5.7191463,14.032361,25.909842,6.216385,-14.781839,-7.9855185,24.416157,15.116128,-20.421574,-14.398558,-44.700264,-23.096535,37.701923,-12.237969
O14368,-14.4284315,18.433825,21.555809,-5.2428327,12.405212,-2.9680645,-1.5468774,-16.34763,-10.192846,-15.830224,-14.29766,-14.201805,4.1336975,19.105986,12.176033,-26.59021,-8.662085,-4.6072955,2.3053026,14.519313,13.303917,11.50444,-20.449594,13.305129,20.99895,-0.9913401,-13.630653,-10.375788,-24.029776,12.723659,20.357538,-9.063929,-13.191079,-10.499961,-12.478213,-15.304187,-11.288503,6.524643,13.813575,-21.221575,-11.550559,-14.615533,-25.131464,-2.3264346,21.366379,-14.490493,-2.6096003,-8.706704,-5.682671,7.070946,-3.2289808,8.303473,16.16946,3.7487106,-9.097341,-5.1910267,14.181468,10.235031,-11.305602,-8.77982,-27.73144,-12.655175,22.695906,-7.475636
Q9Y2X8,-10.436517,11.349394,14.87862,-3.2148347,6.9079804,-2.3478992,-0.51660013,-11.31908,-5.840708,-10.556579,-9.389618,-8.607763,2.9087052,11.584859,8.405281,-16.381096,-4.615348,-2.1893387,1.6171557,9.609665,8.720392,7.2027283,-12.347667,7.074674,13.449283,-0.93768746,-8.159492,-7.4238276,-15.773766,8.500958,13.0144005,-4.584319,-7.4907894,-7.4028263,-7.051521,-10.836693,-7.673382,3.9350545,8.883744,-13.654883,-7.5894527,-8.832508,-15.196684,-0.3483783,12.723335,-9.240773,-1.8774596,-6.174385,-4.056071,4.520604,-1.6227326,5.6769223,10.561968,2.0106914,-5.844599,-3.6067195,9.654251,7.674661,-7.6252327,-5.6675205,-17.87159,-6.814118,14.488886,-6.108676
O95997,-14.734526,17.633963,21.69767,-4.523179,11.315805,-3.042487,-0.9133968,-16.220612,-9.413085,-16.213165,-13.871346,-13.657797,4.036535,18.28667,11.941462,-25.423605,-7.2875457,-3.716764,2.5740893,13.3288355,12.648885,10.471687,-19.823946,11.839361,19.561909,-0.94316894,-12.120053,-10.477206,-22.99681,12.25494,19.533833,-7.644925,-12.169104,-10.410088,-11.498183,-15.670588,-10.305493,6.074393,13.448016,-20.910677,-11.025221,-13.291799,-23.55983,-1.1595113,20.402565,-14.094788,-2.1166189,-8.759687,-5.173257,6.995552,-2.7968464,8.11991,15.544155,3.3298936,-8.215754,-4.7705193,14.359701,10.722978,-11.467058,-8.304198,-26.787552,-11.7359705,21.688187,-7.611255
P07550,-14.195165,16.455557,20.09041,-3.7311413,9.66672,-3.2269306,-0.53734064,-15.673957,-7.9158487,-15.218363,-12.903824,-12.504351,3.5807238,16.80826,11.144425,-22.942957,-6.971968,-3.0716934,1.8544359,12.742603,11.963096,10.401939,-17.89348,10.711261,18.4799,-1.034816,-11.31162,-10.407464,-21.185923,11.92248,18.286095,-6.928618,-11.260734,-9.835039,-10.620912,-15.3505125,-9.1434965,5.5361037,11.918633,-19.533257,-10.340338,-12.14135,-21.62376,-0.39904028,18.121271,-13.10747,-2.0038648,-8.493404,-4.803624,6.9572787,-2.598945,7.724161,14.309381,2.8272123,-7.7474785,-4.5454354,14.021195,9.973971,-11.43478,-7.816288,-24.374731,-10.611234,20.13789,-7.9947143
P04797,-15.300733,20.047022,22.623095,-4.994737,12.629597,-3.473784,-1.4635484,-17.705767,-10.2959,-17.258749,-15.360715,-15.353441,4.183136,20.626102,12.651712,-28.116959,-9.39649,-4.790649,2.0319586,15.463267,14.400682,12.885119,-21.753363,14.266924,22.483095,-1.0568566,-14.451708,-11.450277,-25.319483,13.762533,21.698315,-9.879644,-14.402272,-11.22964,-13.616812,-16.966412,-10.973065,6.9234085,14.423019,-23.077648,-12.252386,-15.49912,-26.717484,-2.1048996,22.454266,-15.506056,-2.425089,-9.364325,-5.847563,7.9053206,-3.3802063,9.086301,16.944592,3.675883,-9.450788,-5.418575,15.5957,10.654941,-12.747532,-9.323628,-29.093231,-13.59918,24.163683,-8.341275
P11551,-17.481516,21.981142,25.778513,-5.5870423,13.711868,-3.9465578,-1.4955679,-19.920696,-11.371985,-19.365793,-17.245817,-16.881193,4.757778,22.68312,14.463849,-31.06679,-9.859816,-5.2014513,2.5086625,17.220957,16.033,13.8424225,-24.043497,15.273004,24.571884,-1.31699,-15.801562,-12.792735,-28.540659,15.427921,24.229887,-10.328359,-15.493245,-12.497569,-14.577624,-19.123726,-12.40322,7.585192,16.069391,-25.730352,-13.645991,-16.954645,-29.37027,-2.055168,24.820486,-17.461351,-2.8316205,-10.590638,-6.701929,8.735869,-3.5953648,10.088927,19.036917,4.170118,-10.545411,-6.039147,17.380545,12.43026,-14.021133,-10.207123,-32.61035,-14.766957,26.67386,-9.484549
P39633,-21.643267,35.560272,32.628742,-6.858323,20.992073,-6.126198,-3.4034164,-28.380136,-16.49743,-27.831482,-25.498636,-27.141815,5.5548506,36.73328,18.333084,-46.720863,-19.466904,-10.04245,0.8398186,25.850563,24.809032,24.907303,-37.15989,28.15588,38.007607,-1.3425364,-26.338469,-18.32725,-40.70864,23.077454,36.62369,-20.792677,-27.640696,-16.640646,-26.17104,-27.239964,-13.51931,12.128411,22.018297,-39.459198,-19.577316,-27.43444,-46.658916,-5.9330306,37.956894,-26.30327,-2.9328787,-14.238626,-8.700265,14.3599825,-6.545182,15.081377,26.501513,6.399609,-15.703545,-8.25256,25.443863,13.459669,-22.114916,-15.297485,-45.87567,-26.221535,39.99547,-12.168083
O15123,-19.562145,25.879965,28.914402,-6.4354577,16.155642,-4.609951,-2.055458,-22.863174,-13.299197,-22.046488,-20.011953,-19.84618,5.312179,26.793186,16.401886,-36.041897,-12.540953,-6.6427093,2.347503,20.211246,18.800459,16.751741,-28.10754,18.91132,28.676355,-1.5165074,-19.211775,-14.52935,-33.149548,18.071377,28.476171,-12.99776,-18.759048,-13.906161,-17.625082,-21.747868,-13.852699,9.041799,18.17983,-29.976002,-15.705609,-20.168669,-34.790916,-3.230835,29.076283,-20.508518,-3.379591,-12.02666,-7.7426057,10.410242,-4.562227,11.583694,21.965406,5.1307993,-12.581665,-7.0071154,19.85086,13.565947,-16.174908,-11.870665,-37.523594,-18.003105,30.975458,-10.490721
O95484,-10.306259,8.09741,14.52092,-2.919389,4.840712,-2.0048003,0.28597277,-9.786163,-4.479811,-9.294884,-7.8024483,-6.1352987,2.997201,7.939025,7.935942,-12.917476,-1.27749,-0.50367326,2.4622092,7.7080216,6.708933,4.2574983,-9.023962,2.82825,10.441589,-1.0949848,-4.96412,-6.5773206,-13.268096,6.7312264,9.785189,-1.2824907,-3.963943,-7.2642136,-3.649796,-9.901976,-7.9826274,2.740684,8.163343,-10.7158375,-6.4911256,-6.000613,-10.476227,1.5202136,9.348502,-7.03336,-1.7846684,-5.7024765,-3.837003,3.0333416,-0.5194481,4.8851213,9.148197,0.92828417,-4.279782,-3.263927,8.234419,8.464895,-5.9934626,-4.5104957,-15.387285,-3.0473561,11.552488,-6.2818756
Q6GIL8,-12.52833,16.961628,19.067574,-4.544239,11.222736,-2.6575751,-1.41614,-14.539285,-9.048021,-14.446887,-12.930342,-13.13293,3.6490793,17.510212,10.546925,-24.383568,-7.6048164,-4.1378064,2.0786982,12.889336,11.988443,10.72108,-18.64336,11.948446,19.214819,-0.80335706,-11.954095,-9.436186,-21.18638,11.131065,17.997532,-8.4296,-12.124071,-9.73916,-11.613232,-13.781058,-9.715328,5.869842,12.700608,-19.246803,-10.378126,-13.295498,-22.666847,-1.9259071,19.286558,-12.828884,-1.848058,-7.642746,-4.8999486,6.212612,-2.6745434,7.699306,14.203831,3.130256,-7.679151,-4.4877896,12.897962,8.884994,-10.533997,-7.955835,-24.815502,-11.422432,20.648594,-6.7778935
P31681,-6.138585,3.9302137,8.3969,-1.6835608,2.2832084,-1.1910615,0.36187854,-5.5779696,-2.254539,-5.051795,-4.163489,-2.928369,1.8557098,3.8294551,4.5835795,-6.616522,-0.18835104,0.19111547,1.5756764,4.175228,3.6036677,1.9766178,-4.4686975,0.75213575,5.6035976,-0.6624382,-2.331861,-3.8230324,-7.2945795,3.6125412,5.155283,0.0016803145,-1.5494345,-4.3226333,-1.4147142,-5.5590377,-4.8279157,1.3462197,4.5439296,-5.579584,-3.5536475,-2.9527185,-5.1176963,1.2732748,4.6331496,-3.5962863,-1.1447012,-3.336849,-2.2936776,1.4427347,-0.023607746,2.7478933,5.038952,0.33100706,-2.3583229,-1.9255171,4.526352,5.188345,-3.1707911,-2.49293,-8.358859,-0.8835534,6.1747,-3.911097
P01298,-24.072622,35.36675,35.95905,-8.756986,22.670578,-5.6911163,-3.7352335,-29.623133,-18.095085,-28.01023,-26.23134,-27.066881,6.369559,36.80788,20.93953,-48.68516,-19.021461,-10.250963,2.1377182,27.416903,25.272139,23.870073,-38.179356,27.826462,39.23148,-1.6568141,-27.21081,-18.77976,-43.394436,24.122736,38.450367,-19.735796,-26.842966,-17.467188,-25.472456,-27.236197,-17.709438,12.316365,23.372198,-39.465206,-20.875734,-28.332962,-48.263752,-6.1350713,39.498486,-27.403284,-4.3661127,-15.148792,-9.861722,14.092685,-6.807188,15.040513,28.635248,7.746716,-17.31926,-9.0336895,25.922354,15.562938,-21.570211,-16.00923,-49.153744,-26.336218,41.660995,-12.856202
P47543,-12.426989,14.214621,18.192581,-3.7728453,8.858001,-2.655853,-0.6024897,-13.504677,-7.4191065,-13.341691,-11.478305,-10.94017,3.4796169,14.540787,9.968453,-20.629738,-5.4051557,-2.7137299,2.2262082,11.180807,10.428419,8.570783,-15.698481,8.838013,16.245443,-0.9424187,-9.586885,-8.8676815,-18.93751,10.025603,15.675573,-5.778241,-9.438063,-9.048149,-8.925406,-13.216633,-8.913815,4.855762,11.236281,-16.984028,-9.180569,-10.72341,-18.719894,-0.4161742,16.13097,-11.273622,-1.8110983,-7.3498383,-4.5383825,5.499497,-1.9725714,6.906027,12.785061,2.358875,-6.6148643,-4.1088653,11.868196,9.2399645,-9.446691,-6.8509545,-22.00815,-8.702158,17.786222,-6.922719
P16554,-13.619374,15.992981,19.97808,-4.417836,10.443496,-2.786308,-0.9215996,-14.884802,-8.682613,-14.582996,-12.726465,-12.347968,3.8158445,16.54907,11.136769,-23.258005,-6.713334,-3.439503,2.3638656,12.520221,11.627099,9.632357,-17.933626,10.725479,18.144028,-0.98233163,-11.296737,-9.58955,-21.288404,11.294996,17.937166,-6.942734,-10.960342,-9.631481,-10.369218,-14.204454,-10.050462,5.5917587,12.355522,-18.913548,-10.210191,-12.301497,-21.591488,-1.143245,18.544579,-12.85994,-2.2145095,-8.064491,-4.999998,6.279896,-2.5758643,7.448421,14.38674,3.1210308,-7.759221,-4.5691924,13.009894,9.9318905,-10.309838,-7.711587,-24.6857,-10.499262,19.972246,-7.1493063
P20676,-15.970253,23.82475,24.385906,-5.48052,14.920805,-3.8280134,-2.1714218,-19.715797,-11.99768,-19.514307,-17.553009,-18.291452,4.350093,24.59732,13.514238,-32.787685,-11.850384,-6.2929263,1.8802608,17.70442,16.779108,15.69402,-25.541542,17.85045,26.214502,-0.8385222,-17.118406,-12.728745,-28.48789,15.500692,24.751774,-12.985153,-17.865578,-12.476273,-16.93285,-18.870142,-11.2266865,8.079122,16.407457,-26.757324,-13.902908,-18.530249,-31.432753,-3.40221,26.378326,-17.697044,-2.215357,-10.11453,-6.30295,9.117236,-4.0018554,10.451637,18.878202,4.212822,-10.637245,-5.8319807,17.572805,10.716723,-14.701255,-10.590603,-32.789898,-16.876072,27.752201,-8.753128
O95994,-18.888851,25.62915,27.671057,-6.1052327,16.14739,-4.3248143,-2.0558538,-22.270586,-12.967251,-21.47332,-19.216322,-19.599989,4.9205127,26.53821,15.749398,-35.453793,-12.861392,-6.489656,2.0299866,19.521132,18.236351,16.777203,-27.870644,19.14868,28.372192,-1.2291957,-18.911781,-14.35896,-31.70545,17.672724,27.972948,-13.174511,-18.903276,-13.44035,-17.923775,-20.994616,-13.149266,8.847772,17.49648,-29.166397,-15.331893,-19.888178,-34.55306,-3.223055,28.63926,-19.954683,-3.0417793,-11.653073,-7.047978,10.443112,-4.727445,11.185111,21.180218,5.198395,-12.259781,-6.649622,19.74829,12.607959,-16.338894,-11.787849,-36.297977,-18.369688,30.529604,-10.068771
Q8WUM4,-12.44354,11.949777,17.23066,-2.9981747,6.795929,-2.666276,0.117828876,-12.770805,-5.8510933,-12.316374,-10.084203,-9.02943,3.1959672,12.035469,9.471723,-17.29695,-3.8748574,-1.429619,2.108974,9.796946,9.104127,7.0170045,-13.159783,6.3947253,13.9252825,-1.013226,-7.7182465,-8.603392,-16.774712,9.281267,13.853966,-3.6316535,-7.318218,-8.392814,-6.8446016,-12.777503,-8.124238,3.9613757,9.690811,-14.947784,-8.201922,-8.571183,-15.535158,0.9577597,13.303366,-9.936184,-1.7934427,-7.1711664,-4.0789356,5.1154823,-1.5270354,6.181288,11.494304,1.7812107,-5.843162,-3.7838411,11.258621,9.3201275,-8.848633,-6.0147657,-19.369526,-6.623499,15.434173,-7.212804
P10987,-15.481516,18.28051,23.14576,-5.3059397,11.616907,-3.3933783,-1.2886999,-17.23009,-10.048775,-16.57286,-15.030836,-14.071251,4.4666905,18.875357,12.975207,-26.541618,-7.6487436,-4.361978,2.7659564,15.134102,13.870426,11.090246,-20.14537,12.165443,20.90124,-1.2798357,-13.305843,-10.835438,-25.325962,13.166494,20.548279,-8.166376,-12.481191,-11.143986,-11.568695,-16.547325,-11.719009,6.384127,14.351358,-21.933084,-11.907023,-14.402101,-24.53067,-1.6866328,21.158115,-14.876935,-2.8628125,-9.262592,-6.401365,6.977786,-2.7148497,8.764858,16.830017,3.3986073,-9.23426,-5.454466,14.51092,11.598825,-11.238129,-8.602343,-28.638893,-11.670231,22.67186,-8.421667
P0DOY2,-21.733864,29.23491,32.03763,-6.612446,17.674788,-5.1796913,-2.0069823,-25.527235,-14.225513,-25.106577,-22.217705,-22.379642,5.6808167,29.94641,17.874353,-40.391724,-13.473754,-6.9460363,2.5115747,22.160946,20.783747,19.071533,-31.352032,20.559694,32.27363,-1.5808512,-20.605217,-16.716276,-35.95001,19.931051,31.196957,-14.364805,-20.969345,-15.971155,-19.896091,-24.79462,-14.710971,9.893122,20.355064,-33.500175,-17.533623,-22.218998,-38.46008,-2.6560764,31.993439,-22.466915,-3.0205808,-13.387711,-8.09815,11.68816,-4.823318,13.171656,23.962494,5.204038,-13.19809,-7.5347347,22.859802,14.888622,-19.028297,-13.294546,-41.376564,-19.857323,34.707863,-12.203517
P14373,-14.16235,15.588187,20.109318,-3.9651015,9.393176,-3.1006675,-0.54256827,-15.311301,-7.902626,-14.69948,-12.604052,-11.860549,3.713927,15.948072,11.244165,-22.22104,-6.3377743,-2.9109056,2.1401591,12.520233,11.621251,9.573654,-17.135782,9.90064,17.790089,-1.0987083,-10.869966,-10.04481,-21.024672,11.563495,17.737377,-6.239847,-10.424713,-9.701242,-9.780166,-14.893239,-9.640501,5.3119755,11.840074,-18.786274,-10.140387,-11.702856,-20.722326,-0.35281366,17.538862,-12.710936,-2.2512846,-8.365975,-5.007292,6.494803,-2.4033616,7.507833,14.213256,2.7844124,-7.701056,-4.6048985,13.392861,10.259827,-10.660334,-7.5495925,-24.071081,-9.807248,19.488811,-7.8944235
P0AAR3,-11.191708,9.217097,15.3293495,-2.5649197,4.9881063,-2.3586857,0.48682436,-10.882725,-4.494285,-10.451932,-8.427014,-6.940346,2.9662073,9.101738,8.345813,-13.860011,-1.9149879,-0.4896051,2.2082205,8.083309,7.360758,5.108362,-10.1686735,3.6712332,11.216702,-1.0891737,-5.525272,-7.4421444,-14.046998,7.599754,11.025771,-1.6779543,-4.867704,-7.5474315,-4.519324,-11.127251,-7.5039425,3.024702,8.332934,-12.101293,-6.8819556,-6.43547,-11.750489,1.7849569,10.225186,-7.9532228,-1.6334643,-6.280268,-3.7077591,3.8985088,-0.8002975,5.282147,9.6793375,1.0920006,-4.588297,-3.324641,9.4746275,8.812238,-7.2419662,-4.9137335,-16.251102,-4.0478835,12.565365,-6.7835183
O76041,-13.248207,15.058497,19.257582,-3.7593162,8.804122,-3.0955198,-0.55018336,-14.562808,-7.5270844,-14.240006,-12.339165,-11.511769,3.6428058,15.331711,10.554786,-21.419931,-5.7464013,-2.8677285,2.1408725,12.076482,11.301959,9.281451,-16.301722,9.226092,17.096422,-1.1115664,-10.23021,-9.537904,-20.290617,10.860039,16.63976,-6.093647,-9.965143,-9.557982,-9.301366,-14.464984,-9.020646,5.1030254,11.680881,-18.249151,-9.708572,-11.26868,-19.558401,-0.31727004,16.732653,-12.053882,-1.9737163,-7.9082146,-4.986503,5.979172,-2.001499,7.4579377,13.549085,2.2985623,-7.083078,-4.4199257,12.642451,9.881965,-10.083866,-7.1256394,-23.129694,-9.001117,18.614367,-7.6465416
O95273,-22.702185,31.629593,34.511032,-8.373562,20.994102,-4.8817797,-3.1085682,-26.899536,-17.195055,-26.2153,-24.006342,-24.475325,6.2986183,33.088577,19.646667,-44.78446,-15.730392,-8.843518,3.2278306,24.272894,22.590174,19.975641,-35.0423,24.108221,34.88061,-1.4212403,-23.674047,-16.80863,-40.03901,21.427412,34.587574,-16.687418,-23.443316,-16.417524,-22.125076,-25.002615,-17.08244,11.080531,22.414017,-36.047756,-19.04301,-25.128504,-43.172657,-5.125948,36.55029,-24.873016,-3.9673512,-13.983306,-9.088723,12.264249,-5.7892556,13.635536,26.620415,6.859152,-15.333839,-8.163545,23.41762,15.622609,-18.925879,-14.353093,-45.863525,-23.10926,37.749073,-11.384613
O43586,-15.708819,17.207798,22.392456,-4.5091205,10.745412,-3.1332695,-0.57099557,-16.730341,-8.851943,-16.27235,-13.684772,-13.083615,4.0710464,17.433949,12.435025,-24.920202,-6.6772666,-2.9922373,2.6197364,13.657722,12.520734,10.359577,-18.968285,10.61884,19.930143,-1.071005,-11.583053,-11.161792,-22.720741,12.525527,19.20089,-6.743233,-11.371456,-11.040161,-10.786282,-16.338863,-11.123978,5.7524667,13.396671,-20.378714,-11.352504,-12.849067,-22.788467,-0.061104696,19.39268,-13.646028,-2.3053727,-9.186372,-5.286576,6.991066,-2.6170833,8.246808,15.647624,2.9421113,-8.210145,-5.018786,14.9838915,11.321823,-11.934947,-8.446884,-26.685585,-10.678157,21.717226,-8.765979
P02042,-15.141169,14.530766,20.560856,-2.772062,7.5264955,-3.4181163,0.5938065,-15.525372,-6.3862667,-15.464026,-12.053701,-11.005119,3.5912528,14.608456,11.085341,-20.397278,-4.3524504,-1.2906635,2.2852013,11.046907,10.72879,8.469582,-15.972622,7.4699116,16.100529,-1.1903007,-8.674491,-10.679569,-19.484985,11.2017,16.63593,-3.967612,-8.818506,-9.868343,-8.287287,-15.989904,-8.414307,4.661801,11.200991,-18.379585,-9.547152,-9.68078,-18.375345,1.8971372,15.699961,-12.110959,-1.6068084,-8.732811,-4.309678,6.6367073,-1.8272644,7.4170833,13.386738,1.9796637,-6.4600782,-4.1982975,14.163017,11.18849,-11.455938,-7.081608,-22.693546,-8.125696,18.297237,-8.76164
O14529,-14.510755,16.355051,21.351906,-4.8898797,10.617547,-3.0348141,-1.0114015,-15.726338,-9.1209135,-15.078145,-13.514191,-12.589314,4.16536,16.90049,12.021591,-23.99061,-6.75362,-3.6716194,2.6200888,13.559097,12.359933,9.784055,-18.25561,10.762917,18.843424,-1.2176656,-11.925504,-9.9365015,-22.93059,11.978568,18.74249,-6.9486847,-11.004529,-10.151177,-10.246149,-15.005379,-11.065922,5.7872906,13.00129,-19.708147,-10.798404,-12.830914,-22.186035,-1.2626952,19.120155,-13.503925,-2.7341774,-8.562374,-5.759838,6.373546,-2.5475395,7.843485,15.376217,3.2025433,-8.427466,-5.021827,13.304677,10.858006,-10.258664,-7.9219112,-26.094889,-10.402248,20.64617,-7.73614
P10613,-11.677606,9.5582075,16.413849,-3.1591518,5.5482306,-2.3650987,0.29997778,-11.27206,-5.1184764,-10.769967,-9.019867,-7.24222,3.3082998,9.425651,8.977121,-14.855061,-1.8414255,-0.75606936,2.6036353,8.833837,7.8095493,5.1348987,-10.590877,3.725584,11.938335,-1.2243682,-5.948466,-7.534195,-15.253449,7.879685,11.471353,-1.8063078,-4.9249077,-8.085994,-4.50985,-11.453696,-8.654124,3.2266772,9.167866,-12.586604,-7.391887,-6.988649,-12.33046,1.5576181,10.923329,-8.303915,-1.9723505,-6.5203776,-4.2818704,3.7412918,-0.7539478,5.582636,10.466891,1.1567072,-4.972939,-3.668232,9.538868,9.464959,-7.0431404,-5.1472316,-17.572197,-3.9660995,13.266374,-7.0300546
O14520,-12.952324,11.708838,18.241198,-3.3001888,6.851612,-2.5976663,0.266242,-12.825381,-5.9802012,-12.643761,-10.296233,-8.933451,3.5080173,11.653722,9.87461,-17.686968,-2.7806928,-1.0990541,2.7078722,9.805703,8.956615,6.4436307,-13.029347,5.3088527,13.960826,-1.1597465,-7.0586324,-8.696286,-17.033089,9.047859,13.483879,-2.846501,-6.572949,-9.022535,-6.1777043,-13.044343,-9.054412,3.8670409,10.410467,-14.861366,-8.413402,-8.330822,-15.032304,1.5431427,13.210552,-9.753386,-1.7888509,-7.311544,-4.329163,4.6858664,-1.1615595,6.361559,11.762357,1.5303311,-5.5139256,-3.9029627,11.3193245,10.14467,-8.711213,-6.045463,-20.03623,-5.7052994,15.609689,-7.5961375
P04776,-16.42381,16.877024,22.531197,-3.0155947,9.012573,-3.673232,0.47099784,-17.172802,-7.4590154,-17.431707,-13.509771,-12.866461,3.842474,17.088497,12.067644,-23.505861,-5.487508,-1.8151636,2.4141045,12.199434,12.060577,9.877897,-18.651619,9.347509,18.279198,-1.12695,-10.050445,-11.810581,-21.63451,12.481447,18.88226,-5.2403793,-10.683077,-10.818416,-10.118449,-17.639786,-8.888144,5.4069924,12.5938015,-20.91753,-10.657333,-11.246867,-21.38884,1.645117,18.317024,-13.754736,-1.4968507,-9.556265,-4.473969,7.6261616,-2.2898893,8.259319,14.880497,2.4251175,-7.1608725,-4.490565,15.925928,11.913332,-13.06553,-8.02294,-25.471422,-10.081818,20.813152,-9.244997
Q66GS9,-13.180869,15.42843,18.961958,-4.065773,9.8667345,-2.6990578,-0.8477258,-14.5177355,-8.124568,-13.938214,-12.01434,-11.758735,3.4743564,15.881805,10.657296,-22.08133,-6.851742,-3.1945884,2.0260947,12.140964,11.243573,9.52585,-17.09632,10.508628,17.674759,-0.8063077,-10.971629,-9.48838,-20.165754,11.074853,17.301014,-6.842336,-10.755876,-9.243741,-10.173441,-13.808577,-9.41157,5.269316,11.554816,-18.073399,-9.879502,-11.839861,-20.798388,-0.99435586,17.618704,-12.242698,-2.124962,-7.846212,-4.638124,6.2696695,-2.5834823,7.134246,13.727127,2.9491236,-7.614947,-4.3704195,12.808043,9.290416,-10.238059,-7.4582934,-23.36067,-10.305944,19.166353,-7.100948
P18509,-18.12937,24.198112,27.162773,-6.4272137,15.551295,-4.178188,-2.142886,-21.199608,-12.86193,-20.412321,-18.81401,-18.613262,5.1278367,25.104618,15.435673,-34.08525,-11.785621,-6.462035,2.39892,19.120905,17.639753,15.574685,-26.39435,17.834812,27.03885,-1.4330661,-18.202627,-13.324541,-31.36319,16.77678,26.630556,-12.3662,-17.567871,-13.096202,-16.495754,-19.99472,-13.55969,8.561674,17.352459,-27.951492,-14.796483,-19.160564,-32.747066,-3.429881,27.521042,-19.15801,-3.3447952,-11.141845,-7.4891653,9.46759,-4.2654037,10.841452,20.760323,4.88969,-11.92376,-6.6791,18.206673,12.72509,-14.691179,-11.164046,-35.505733,-16.815796,29.137077,-9.595617
Q96LR5,-8.528686,8.492698,12.128165,-2.6699245,5.2613683,-1.818889,-0.26650876,-8.917947,-4.528582,-8.274638,-7.289594,-6.439303,2.4661038,8.622575,6.797148,-12.660359,-3.0123303,-1.3702685,1.5823418,7.4592094,6.687755,5.2151027,-9.336787,4.785869,10.43858,-0.78470033,-5.9560013,-5.90037,-12.358586,6.4963975,9.897782,-2.9836595,-5.291281,-6.1342273,-4.990479,-8.550766,-6.5482097,2.9494135,7.1931443,-10.417138,-5.986229,-6.6414266,-11.370036,0.108894505,9.657485,-6.9809594,-1.557777,-4.9504256,-3.322244,3.261655,-1.0326382,4.490913,8.334179,1.404292,-4.469731,-2.9144523,7.5292296,6.4983993,-5.807781,-4.4357085,-14.098611,-4.6398416,11.257161,-5.082438
P06709,-11.938966,14.26614,17.81055,-4.4279447,9.508651,-2.4643764,-1.182425,-13.30937,-8.037716,-12.5473995,-11.513873,-10.937679,3.5011024,14.732023,10.106523,-20.925692,-6.3292074,-3.4669087,2.135271,11.9485235,10.763087,8.841063,-15.761174,9.774459,16.788137,-0.90981376,-10.6274805,-8.433997,-19.58143,10.195656,16.042685,-6.6552854,-9.894016,-8.783649,-9.285662,-12.44107,-9.664967,5.0211353,11.244467,-16.72674,-9.3926115,-11.533068,-19.456888,-1.5613478,16.608715,-11.389542,-2.349575,-7.1385317,-4.9815097,5.317042,-2.2325063,6.777214,13.113394,2.7962594,-7.390469,-4.338686,11.228869,8.763724,-8.713108,-6.931145,-22.334694,-9.263259,17.956398,-6.5263634
Q09472,-11.678793,13.796614,17.164135,-3.868798,8.717295,-2.56336,-0.8701779,-12.986293,-7.3093705,-12.434975,-11.115801,-10.568214,3.3248177,14.171648,9.60766,-19.92866,-5.813013,-3.0180926,1.9333173,11.242294,10.310431,8.634499,-15.1092615,9.073495,15.998552,-0.93114406,-9.867266,-8.410136,-18.558748,9.830241,15.362022,-6.109602,-9.416787,-8.551724,-8.879057,-12.413254,-8.773877,4.7810698,10.690461,-16.301704,-8.932995,-10.791426,-18.457304,-0.97432023,15.668918,-10.966614,-2.0027814,-6.98709,-4.611795,5.2907233,-2.038592,6.6434083,12.412846,2.48462,-6.7984276,-4.089253,11.167799,8.554589,-8.859657,-6.662641,-21.231707,-8.710074,17.239094,-6.58104
P24058,-23.088234,36.651463,35.751167,-8.670174,23.797056,-5.560586,-3.8851318,-29.031805,-18.828709,-28.898396,-26.72799,-28.348223,6.502351,38.089394,20.115158,-50.466667,-19.190464,-10.639469,2.3348126,26.900188,25.310205,24.431644,-39.55539,28.793043,39.800167,-1.4605774,-27.196796,-18.402287,-43.349182,23.44981,38.191925,-20.946106,-27.970242,-17.867165,-26.642311,-27.288742,-17.05115,12.833105,24.548145,-40.55663,-20.837938,-28.88885,-49.14261,-6.586606,40.913483,-27.43602,-3.5336506,-14.742008,-9.49445,13.987206,-6.8009577,15.451386,28.58481,7.30879,-16.455555,-8.837909,25.868063,15.136503,-21.858952,-16.243279,-49.89407,-26.981083,42.489258,-11.962809
P20338,-8.844769,8.613199,12.787655,-2.900412,5.4366527,-1.8604052,-0.2981946,-9.155032,-4.839755,-8.546062,-7.6153483,-6.568618,2.6556687,8.769994,7.131197,-13.055731,-2.8865693,-1.4609938,1.8325219,7.7404723,6.91608,5.080822,-9.551991,4.752647,10.597567,-0.84563255,-6.0946918,-5.924215,-13.043008,6.641572,10.128729,-2.939911,-5.267922,-6.364455,-4.8848653,-8.826891,-6.9845815,3.037787,7.610653,-10.771694,-6.1909146,-6.8029265,-11.548255,0.025869131,10.030329,-7.2148404,-1.7228358,-5.1110616,-3.6093533,3.2137482,-0.983989,4.633306,8.76094,1.4019933,-4.642589,-3.0618265,7.5535474,6.955391,-5.6569557,-4.4780674,-14.773365,-4.562142,11.490842,-5.1591053
A2A825,-10.304125,11.937537,15.351949,-3.638549,7.878264,-2.1235242,-0.7900947,-11.273135,-6.658213,-10.879343,-9.737926,-9.206675,3.073113,12.30403,8.539124,-17.667152,-4.803296,-2.5938802,2.0037694,9.788222,8.939087,7.2354393,-13.280411,7.718993,14.010277,-0.8000766,-8.48888,-7.248906,-16.384912,8.419818,13.328238,-5.1641455,-8.034466,-7.6716805,-7.587307,-10.708426,-8.164671,4.186994,9.699426,-14.160536,-7.871166,-9.442993,-16.077538,-0.8773977,13.882154,-9.500808,-1.8130312,-6.104797,-4.138193,4.383339,-1.6875131,5.8152604,10.999697,2.1706073,-5.913872,-3.6245086,9.618479,7.744073,-7.4935927,-5.859691,-18.891434,-7.400186,15.160139,-5.6810355
P00359,-11.07409,10.866797,15.766298,-3.0561936,6.569639,-2.259675,-0.042779386,-11.327414,-5.6049275,-11.092767,-9.235489,-8.306829,3.0612497,10.934279,8.585723,-16.218565,-3.210602,-1.3921897,2.210239,8.939981,8.205018,6.273259,-12.05481,5.6234784,12.9056635,-0.9318089,-6.8764057,-7.6349115,-15.28736,8.101675,12.319927,-3.3404431,-6.533931,-7.9114094,-6.193207,-11.284345,-7.9292264,3.641226,9.294403,-13.4227915,-7.540922,-7.979357,-14.1364565,0.762964,12.276999,-8.829675,-1.5741563,-6.351,-3.8354352,4.2468715,-1.2204131,5.7006097,10.474183,1.5711589,-5.129409,-3.4736362,9.971601,8.508314,-7.7808423,-5.540405,-17.928467,-5.779362,14.241898,-6.4581323
P00925,-12.712898,16.032019,18.92276,-4.380429,10.286823,-2.811287,-1.2077407,-14.490268,-8.552559,-13.981536,-12.584602,-12.28313,3.6274455,16.497808,10.585238,-22.887915,-7.287922,-3.813034,1.9716467,12.78973,11.776543,10.149607,-17.47558,11.156205,18.350107,-0.91891885,-11.659729,-9.2923765,-20.996222,11.143124,17.540485,-7.7189393,-11.332238,-9.434654,-10.662456,-13.819683,-9.605096,5.583898,12.068706,-18.648859,-10.102215,-12.598744,-21.463999,-1.6766545,18.216892,-12.506508,-2.2062347,-7.7181573,-5.090964,6.1392727,-2.5638962,7.4709334,14.039649,2.9034872,-7.8109794,-4.5788016,12.508365,9.127948,-10.005165,-7.584839,-24.024858,-10.548522,19.654476,-6.9796195
Q6NUS6,-19.232376,27.184166,29.769875,-7.7541714,18.864239,-3.9213817,-2.930291,-22.69755,-15.443716,-22.284225,-20.658478,-21.159258,5.663465,28.52263,16.90974,-39.125057,-13.561508,-7.8524323,3.1065881,20.8826,19.290148,16.955425,-30.405643,20.957394,30.220415,-1.2032809,-20.548265,-14.007858,-34.672684,18.070667,29.635544,-14.604314,-20.18902,-14.226843,-19.099636,-20.860811,-15.540582,9.717667,19.816645,-30.79273,-16.432793,-21.924206,-37.426292,-4.9350967,31.972195,-21.26224,-3.5686665,-11.814022,-7.987467,10.1509905,-5.032218,11.666482,23.102993,6.0271935,-13.239244,-7.1449084,19.618032,13.439642,-15.700707,-12.486773,-39.96423,-19.865711,32.73836,-9.299154
Q5A0M4,-8.884025,7.6403804,12.686894,-2.7036908,4.820579,-1.7107967,0.051879656,-8.668933,-4.3199906,-8.277371,-7.0275216,-5.8342724,2.6469975,7.630493,6.936168,-12.049535,-1.7154766,-0.7604451,2.1094544,6.946551,6.1430016,4.1591396,-8.593226,3.3081503,9.681539,-0.8586015,-4.874651,-5.7814536,-11.95848,6.0207763,9.043782,-1.7822843,-4.1355186,-6.3996844,-3.8704202,-8.583584,-7.018369,2.6333663,7.3945785,-9.803283,-5.833113,-5.8012366,-10.050895,0.864338,8.93238,-6.443798,-1.5362663,-4.978737,-3.3456652,2.7910879,-0.6380875,4.378635,8.208901,1.0283662,-3.9659564,-2.8819444,7.3155055,7.1916213,-5.403728,-4.177321,-13.918796,-3.3824933,10.658412,-5.272976
O70361,-10.383205,14.299368,15.790009,-4.0845957,9.837426,-2.1613886,-1.460354,-12.232544,-8.004037,-11.775868,-10.838478,-11.0781355,3.0742488,15.035721,8.968515,-20.564585,-7.17433,-3.8868294,1.6384139,11.051346,10.272377,9.110747,-15.990396,10.917349,16.221195,-0.60080516,-10.790859,-7.7032413,-18.243599,9.560954,15.70228,-7.5748034,-10.613394,-7.7888308,-10.113983,-11.096784,-8.306937,5.0934553,10.477241,-16.207836,-8.713709,-11.589854,-19.723534,-2.4045057,16.723501,-11.104019,-1.8910786,-6.3803167,-4.2416086,5.333307,-2.541945,6.290014,12.141916,3.1188498,-7.0523024,-3.8368816,10.549262,7.2159305,-8.502975,-6.7510824,-20.999659,-10.312553,17.439177,-5.267893
Q04120,-11.635663,12.158417,16.493734,-3.359909,7.4474564,-2.5007453,-0.35227418,-12.302574,-6.345018,-11.732433,-10.105363,-9.267888,3.1806662,12.443847,9.219337,-17.665903,-4.667711,-2.1236663,1.9392382,10.026533,9.225036,7.352963,-13.483136,7.4083195,14.148978,-0.98413914,-8.498264,-8.055016,-17.00416,9.168695,14.085465,-4.535416,-7.889044,-7.9737587,-7.399305,-11.918103,-8.240692,4.216059,9.656162,-14.861168,-8.136642,-9.202277,-16.26187,-0.092831016,13.852014,-10.074176,-1.9675058,-6.797338,-4.214786,4.987203,-1.7793795,6.0407047,11.497411,2.1754122,-6.175762,-3.8175824,10.610637,8.644296,-8.317051,-6.069431,-19.44119,-7.314747,15.56997,-6.510816
O00214,-16.936535,21.578745,25.106735,-5.28815,13.6327305,-3.6976752,-1.3684937,-19.254772,-11.222252,-19.162897,-16.683151,-16.668818,4.5885177,22.351934,13.896558,-30.57038,-9.506864,-4.9552894,2.600062,16.248367,15.402226,13.294101,-23.8835,15.034876,23.760448,-1.0993693,-15.099353,-12.415414,-27.449375,14.792333,23.540056,-10.0728,-15.276715,-12.150763,-14.438887,-18.566639,-11.727991,7.4079027,15.806547,-25.20944,-13.175461,-16.39162,-28.73992,-1.928072,24.561855,-16.99318,-2.4318283,-10.242434,-6.143435,8.558304,-3.5327134,9.757504,18.410606,4.07026,-9.953641,-5.6561832,17.073612,12.037144,-13.847046,-9.947734,-31.769587,-14.708151,26.049688,-8.8871355
P00375,-15.564198,19.716516,23.04745,-4.7763658,12.247531,-3.4903116,-1.164462,-17.683764,-10.094947,-17.615625,-15.316963,-15.19075,4.2518244,20.302263,12.674652,-27.854744,-8.510221,-4.377117,2.366649,14.930512,14.128226,12.251008,-21.608826,13.437839,21.840385,-1.0632432,-13.656318,-11.482549,-25.082228,13.498605,21.327158,-9.103862,-13.8356695,-11.350773,-13.067708,-17.226288,-10.74747,6.74427,14.550015,-23.07691,-12.083768,-14.908546,-26.00804,-1.5225539,22.199701,-15.38881,-2.1897678,-9.42793,-5.706267,7.767532,-3.0945637,9.074694,16.810738,3.4588425,-8.9840975,-5.250194,15.678741,11.139781,-12.750543,-9.115352,-29.006561,-13.059487,23.81926,-8.409729
Q9UQE7,-12.328024,13.03222,17.325209,-3.0309572,7.533756,-2.6948335,-0.079491526,-13.05266,-6.254613,-12.865833,-10.564495,-9.934206,3.1817617,13.205817,9.445063,-18.634613,-4.5427017,-1.8441083,1.9912091,10.103632,9.557561,7.8637056,-14.32108,7.474094,14.84283,-0.9353014,-8.328622,-8.847731,-17.234499,9.5403385,14.572347,-4.5557823,-8.340038,-8.600069,-7.926324,-13.017645,-7.9421744,4.313149,10.144628,-15.841915,-8.492336,-9.358679,-16.882803,0.5949881,14.378468,-10.463406,-1.5326437,-7.205798,-3.9806862,5.424388,-1.7282898,6.4826837,11.753764,1.9906662,-5.927775,-3.7668264,11.739228,9.053009,-9.479385,-6.382614,-20.133547,-7.662099,16.421415,-7.1059732
O94788,-18.366295,22.683168,26.535673,-4.7461257,13.215472,-4.2787743,-0.9003838,-20.799105,-10.836761,-20.775667,-17.525843,-17.39163,4.619558,23.284943,14.536438,-31.412888,-9.504867,-4.5486836,2.4524932,16.798906,16.198679,14.148953,-24.718477,15.044769,24.66726,-1.2097757,-15.187982,-13.762532,-28.332544,15.810623,24.605673,-9.92744,-15.782216,-12.94814,-14.912557,-20.583323,-11.284549,7.529204,16.16809,-26.800797,-13.7491865,-16.567728,-29.511007,-0.8998663,24.980232,-17.838562,-2.172147,-11.10786,-6.1472135,9.4245825,-3.4955742,10.45531,19.016615,3.8354156,-10.041476,-5.789351,18.783804,12.926257,-15.495517,-10.3382845,-32.75987,-15.029659,27.10633,-10.155946
P11103,-14.152644,15.893681,20.580345,-4.10295,9.796072,-3.0250087,-0.6036718,-15.3200445,-8.339411,-15.113678,-12.898004,-12.239761,3.848022,16.376678,11.323202,-22.939165,-6.1401267,-3.0657866,2.4943807,12.447957,11.741897,9.38873,-17.7295,10.0584955,17.844011,-1.0284135,-10.824041,-9.937738,-21.446499,11.44834,17.867153,-6.3583703,-10.614765,-9.881542,-9.939378,-14.988968,-9.707411,5.427937,12.403065,-19.263697,-10.233828,-11.888514,-21.044334,-0.5191739,18.236378,-12.931848,-2.105484,-8.354832,-5.0409946,6.390656,-2.3168778,7.6281357,14.458406,2.8034363,-7.5790396,-4.5402455,13.391115,10.509043,-10.5707445,-7.5554447,-24.716454,-10.028815,19.762383,-7.626642
Q6UWE0,-12.446119,12.269528,17.327534,-3.0100875,6.88717,-2.7818444,0.053896926,-12.936174,-5.9434958,-12.506719,-10.370729,-9.305835,3.2405086,12.407982,9.522335,-17.628725,-4.0679827,-1.6215963,2.0397677,10.00828,9.359952,7.3105645,-13.46283,6.7038636,14.136487,-1.0782055,-8.005735,-8.664015,-17.167492,9.445091,14.173304,-3.890885,-7.591031,-8.420898,-7.092244,-12.947009,-8.038157,4.1043196,9.807372,-15.354793,-8.28176,-8.831213,-15.927999,0.7931801,13.600484,-10.228493,-1.7962677,-7.220576,-4.198521,5.225458,-1.560511,6.3238916,11.646639,1.8550526,-5.950206,-3.8360348,11.34025,9.344783,-8.9610405,-6.091222,-19.675203,-6.868823,15.69821,-7.232858
P15260,-16.636776,20.490534,24.51362,-4.924353,12.075771,-3.9573104,-1.1026417,-18.914207,-10.113124,-18.554403,-16.316378,-15.679515,4.504983,20.890644,13.509034,-28.794352,-8.421634,-4.4206867,2.4476707,16.140352,15.096157,12.952003,-21.99397,13.27612,22.994997,-1.3330382,-14.098843,-12.365204,-26.59101,14.368146,22.156586,-9.132655,-14.037961,-12.256574,-13.174023,-18.676613,-11.36052,6.8914313,15.251241,-24.239557,-12.833751,-15.490222,-26.64511,-1.1002649,22.562956,-16.055,-2.393863,-10.086369,-6.3779016,8.045527,-2.898379,9.799209,17.685379,3.2683563,-9.408653,-5.6692977,16.583569,12.076825,-13.444145,-9.44024,-30.378548,-12.887774,24.80281,-9.615172
A0QWG6,-16.706497,19.718208,24.257854,-5.2820845,12.193004,-3.8038116,-1.2160789,-18.609234,-10.285919,-17.717207,-15.923446,-15.0692215,4.581009,20.296795,13.75103,-28.010136,-8.735651,-4.5298448,2.374111,16.091509,14.760225,12.41814,-21.539167,13.388723,22.382206,-1.4546676,-14.495225,-11.884339,-26.675074,14.414944,22.339546,-8.837617,-13.600875,-11.587404,-12.699074,-17.844654,-12.01876,6.907462,14.675115,-23.472874,-12.603819,-15.301039,-26.521137,-1.6025887,22.319101,-16.092297,-3.0409307,-10.018413,-6.5531797,7.994014,-3.240976,9.279939,17.779373,3.8007822,-9.97876,-5.830854,15.932453,12.06237,-12.654567,-9.366732,-30.114893,-12.861496,24.33936,-9.171369
A0A1D8PFS4,-18.745373,21.429932,26.674234,-4.7171836,12.821877,-3.9989083,-0.49040624,-20.284203,-10.45902,-20.384623,-16.761656,-16.459997,4.692423,21.93181,14.5994005,-30.318197,-8.286792,-3.7157717,2.842429,15.839133,15.1651125,12.858916,-23.785429,13.5217085,23.536926,-1.2558922,-13.962695,-13.554547,-27.238916,15.218005,23.682455,-8.415932,-14.384338,-12.835026,-13.68047,-20.099566,-11.808915,7.137369,15.861564,-25.548355,-13.359349,-15.394876,-28.058638,-0.031878393,23.929054,-17.126093,-2.2032897,-11.054936,-5.8366218,9.031819,-3.3269413,9.970748,18.597792,3.7346573,-9.524151,-5.661576,18.521158,13.378669,-15.114486,-10.111447,-32.024395,-13.854997,26.282007,-10.138339
O35244,-16.30673,19.137657,23.588629,-4.544672,11.31068,-3.649819,-0.8359088,-18.18061,-9.454273,-17.71572,-15.192422,-14.626193,4.190675,19.614494,13.080914,-27.05292,-7.7058463,-3.8236864,2.49306,14.971686,14.100731,11.814184,-20.90809,12.271495,21.476511,-1.1354554,-12.98578,-11.985094,-24.925627,13.720058,21.151253,-8.049891,-13.018018,-11.562931,-12.263243,-17.777355,-10.7642975,6.3240223,14.242697,-22.782797,-12.145431,-14.323228,-25.116528,-0.62300634,21.305796,-15.25572,-2.2367728,-9.75412,-5.768038,7.7615604,-2.7570534,9.0936775,16.732714,3.306961,-8.934567,-5.2108774,16.101307,11.714912,-12.987091,-8.913749,-28.676027,-12.315579,23.387909,-9.245263
O94953,-10.237848,10.908383,14.450922,-2.790715,6.42352,-2.3180137,-0.27833837,-11.01599,-5.473968,-10.498068,-8.97785,-8.296487,2.7522893,11.191395,8.034266,-15.584111,-4.2647405,-1.8633728,1.5971568,8.85717,8.298859,6.729023,-12.005448,6.694271,12.576732,-0.8225357,-7.5475044,-7.2658396,-14.9983015,8.171471,12.538055,-4.1489286,-7.1778154,-7.0687776,-6.734339,-10.706741,-6.8806863,3.7271743,8.456746,-13.350157,-7.1680274,-8.183082,-14.449709,-0.0535674,12.252402,-8.962263,-1.6180261,-6.04207,-3.66256,4.5228896,-1.5345868,5.4355383,10.071506,1.864364,-5.4378963,-3.3194919,9.5286455,7.5422773,-7.5670547,-5.3678575,-17.048836,-6.613616,13.786911,-5.8470283
P13010,-11.012104,10.979289,15.699534,-3.114838,6.614943,-2.3340688,-0.16373542,-11.429048,-5.742353,-11.022075,-9.367712,-8.381745,3.0614192,11.147202,8.640485,-16.21851,-3.6169832,-1.652232,2.0901766,9.175569,8.43802,6.4279075,-12.171901,6.0668244,12.940162,-0.9478541,-7.3158016,-7.5512624,-15.687476,8.305374,12.644583,-3.6479454,-6.7938457,-7.723726,-6.3558044,-11.269278,-7.844853,3.742738,9.196816,-13.641233,-7.5595303,-8.205587,-14.4420805,0.3761963,12.502753,-9.082774,-1.7503426,-6.371064,-3.98879,4.3680205,-1.3420016,5.696212,10.634646,1.7226357,-5.444446,-3.541426,9.853132,8.434812,-7.6317377,-5.526656,-18.048574,-6.0912886,14.256381,-6.3269367
O60880,-12.386185,11.827893,17.17898,-2.71082,6.602125,-2.629876,0.33482394,-12.58402,-5.633799,-12.551036,-9.93464,-9.018704,3.1544952,11.912731,9.238189,-17.161318,-3.3436534,-1.1233585,2.2366614,9.197919,8.785462,6.718195,-13.16373,5.9616866,13.4791,-0.9587105,-7.082607,-8.602106,-16.223854,8.957334,13.489021,-3.2359104,-7.077532,-8.404176,-6.6835637,-12.817917,-7.673567,3.853365,9.693574,-14.893249,-7.98093,-8.1431,-15.106163,1.3828393,13.125989,-9.76083,-1.4309883,-7.0968533,-3.7543223,5.055721,-1.3689786,6.1384354,11.171913,1.6188275,-5.32424,-3.5541134,11.351807,9.372527,-9.021772,-5.899039,-19.062307,-6.4134955,15.215461,-7.1240807
O70394,-19.163692,25.178495,28.3581,-5.9967713,15.7174015,-4.3370566,-1.7246522,-22.147392,-12.799727,-21.897951,-19.268284,-19.379925,5.122506,25.997456,15.797886,-35.260323,-11.516841,-5.985843,2.5828362,19.00006,17.911924,15.940212,-27.530361,17.844276,27.712204,-1.3048406,-17.83215,-14.322148,-31.54288,17.213514,27.26461,-12.176007,-18.032654,-13.82666,-17.068954,-21.338108,-13.2120495,8.6337805,17.944118,-29.111052,-15.203993,-19.194908,-33.480476,-2.470139,28.253773,-19.652658,-2.7843382,-11.696026,-7.0611815,10.047366,-4.2377043,11.2825575,21.093294,4.7396812,-11.587521,-6.544281,19.69535,13.351316,-16.157364,-11.534645,-36.380497,-17.313019,30.143272,-10.246107
O95154,-13.126873,14.842628,18.068018,-2.7222857,8.266727,-2.9821234,-0.003349483,-14.314505,-6.574566,-14.112626,-11.369848,-11.255851,2.945745,15.214189,9.850176,-20.156824,-6.274528,-2.2992249,1.4918696,10.942471,10.477822,9.376034,-16.269989,9.586601,16.213144,-0.84449303,-9.831998,-9.645773,-18.469345,10.923924,16.552177,-5.9027696,-10.176057,-8.661923,-9.563847,-14.200641,-7.271655,4.885559,10.155205,-17.772835,-9.1131735,-10.333452,-19.257486,0.24446136,16.123877,-11.948123,-1.5182769,-7.8402023,-3.74221,6.7771025,-2.4314137,6.70848,12.561861,2.5344088,-6.7281256,-3.71907,13.290146,8.881991,-10.983069,-6.9608135,-21.397114,-9.856581,17.860727,-7.2439704
P08037,-25.741333,39.69739,39.06646,-8.606575,24.256735,-6.656924,-3.8463497,-32.54801,-19.526348,-31.867504,-29.247877,-30.497774,6.775055,41.28546,22.078213,-53.57717,-20.833532,-11.304769,2.1263165,29.494905,28.08751,26.676659,-42.44655,30.946774,42.639214,-1.6325824,-29.48004,-20.66038,-47.45977,26.27682,41.92826,-22.29247,-30.295883,-19.181126,-28.576187,-30.92155,-17.096725,13.619131,25.823599,-44.726532,-22.579762,-30.92716,-52.799618,-6.585675,43.70447,-30.282106,-3.8630362,-16.511656,-10.408127,15.828421,-7.193806,16.950092,31.021416,7.7501836,-18.166744,-9.494892,28.749186,16.80393,-24.268776,-17.228586,-53.60153,-29.268383,45.46662,-13.819349
Q93062,-12.772055,14.313602,18.40667,-3.828187,8.991256,-2.6543715,-0.604006,-13.796241,-7.498563,-13.391175,-11.482449,-10.957354,3.4565964,14.677657,10.229784,-20.727291,-5.7198796,-2.721469,2.1630323,11.364566,10.536453,8.662109,-15.888465,9.112965,16.446114,-0.91680264,-9.868344,-9.05873,-19.145493,10.337341,16.092436,-5.8213964,-9.590632,-9.010337,-9.069012,-13.326187,-9.104796,4.8884397,11.135651,-17.070189,-9.318798,-10.849336,-19.096361,-0.4557434,16.318941,-11.488952,-1.9751958,-7.5255857,-4.5336227,5.7266636,-2.1572645,6.8613496,12.9969635,2.5754263,-6.933278,-4.1740904,12.1277,9.314501,-9.628539,-6.9761815,-22.204643,-9.02895,17.998995,-7.025957
P07900,-11.182311,11.868599,16.010738,-3.345433,7.2557435,-2.4156039,-0.428786,-11.947475,-6.2142925,-11.346438,-9.863852,-9.026199,3.0903373,12.10333,8.930484,-17.270788,-4.542511,-2.141298,1.9256552,9.921243,9.078014,7.2298536,-13.039346,7.1876554,13.959495,-0.9207478,-8.286683,-7.827094,-16.586767,8.876545,13.573339,-4.5597615,-7.7246833,-7.894242,-7.230484,-11.587329,-8.089672,4.069137,9.5214615,-14.432642,-7.998005,-9.085077,-15.780588,-0.16153133,13.464735,-9.682965,-1.9024566,-6.5659947,-4.1907578,4.729379,-1.636888,5.9586115,11.189686,2.0065362,-6.009009,-3.7352843,10.254345,8.341789,-8.01254,-5.8891115,-18.94149,-7.037844,15.161709,-6.4034657
P07764,-11.260169,14.675846,17.002037,-4.0245633,9.418636,-2.564143,-1.1847734,-13.0217285,-7.7892036,-12.654929,-11.521914,-11.296558,3.3331094,15.114542,9.452869,-20.993992,-6.5747824,-3.5719383,1.7947776,11.6398325,10.749415,9.396912,-15.940011,10.164503,16.808985,-0.8616735,-10.590847,-8.369926,-19.052555,9.9600935,15.827053,-7.183506,-10.373234,-8.657472,-9.814543,-12.411465,-8.682654,5.1256094,11.106838,-16.975964,-9.155176,-11.597982,-19.556927,-1.6238697,16.592695,-11.306161,-1.8911886,-6.8831606,-4.675383,5.4246235,-2.2223067,6.889679,12.645757,2.5915947,-6.961372,-4.144993,11.227766,8.153571,-9.051973,-6.9181767,-21.831657,-9.543524,17.953854,-6.303789
P15248,-24.067125,35.38409,36.245544,-8.568685,22.55306,-5.7268395,-3.5731256,-29.560759,-18.166979,-28.449692,-26.338875,-27.178873,6.4409556,36.86523,20.808947,-48.71835,-18.602354,-10.116185,2.387786,27.015526,25.204912,23.496103,-38.323944,27.597748,38.79958,-1.5913883,-26.805868,-18.667473,-43.432262,23.900148,38.219982,-19.541466,-26.76599,-17.543446,-25.309479,-27.525276,-17.291365,12.306618,23.649797,-39.819344,-20.741034,-28.046408,-47.933094,-5.984916,39.679394,-27.406466,-4.1335797,-15.15108,-9.76617,14.043541,-6.643425,15.1064,28.634018,7.481177,-16.971695,-8.906088,25.892525,15.851359,-21.489607,-15.83438,-49.258465,-26.161514,41.457226,-12.646378
P02730,-10.167272,11.219361,14.793637,-3.43508,7.3704863,-2.0473995,-0.65075165,-10.9501505,-6.229608,-10.35448,-9.166512,-8.584072,2.913586,11.55635,8.323668,-16.58394,-4.6033397,-2.2908974,1.8773911,9.348709,8.486056,6.8060246,-12.524579,7.233437,13.312811,-0.76034665,-8.075955,-7.0856404,-15.58963,8.196449,12.827347,-4.6768217,-7.515949,-7.3002076,-7.0901976,-10.323485,-7.9024067,3.9188464,9.062167,-13.378915,-7.5342183,-8.860778,-15.247482,-0.6527666,13.060513,-9.068351,-1.8551362,-5.976976,-3.920762,4.3015804,-1.6700596,5.4759765,10.54177,2.130133,-5.792125,-3.4965658,9.350301,7.5306606,-7.2540007,-5.6165576,-17.93092,-7.0030994,14.405799,-5.609536
P00519,-15.738355,21.008335,23.508833,-5.29173,13.264951,-3.6230757,-1.6667434,-18.405476,-10.879224,-17.942783,-16.155663,-16.139147,4.3659725,21.700377,13.169486,-29.487146,-9.904205,-5.2510843,2.1300807,16.248545,15.159352,13.498688,-22.830359,15.110299,23.45368,-1.1119071,-15.262335,-11.7957535,-26.644306,14.354342,22.738937,-10.528785,-15.171671,-11.613639,-14.317145,-17.568806,-11.376594,7.2785125,15.0992,-24.205648,-12.780858,-16.363386,-28.055788,-2.490522,23.631626,-16.315096,-2.5463579,-9.676441,-6.205102,8.190806,-3.5134642,9.494623,17.717491,3.9377875,-9.933219,-5.6332526,16.089458,11.013235,-13.120781,-9.671583,-30.470505,-14.377315,25.215681,-8.532223
O75462,-17.553528,22.03248,25.46357,-5.041045,13.08315,-4.191262,-1.2362885,-20.118116,-10.788431,-19.583809,-17.163767,-16.836046,4.5768356,22.648417,14.220601,-30.518612,-9.896393,-4.924769,2.1544852,16.998894,16.029276,14.12612,-23.824629,15.153524,24.353535,-1.3282821,-15.594994,-13.097509,-28.110592,15.559527,24.17805,-10.208242,-15.5389,-12.398623,-14.6174135,-19.573124,-11.532133,7.4981956,15.614194,-25.8874,-13.473108,-16.6309,-29.07309,-1.6177979,24.336645,-17.448557,-2.602571,-10.692678,-6.4536347,9.062345,-3.577603,10.147461,18.716972,3.9566288,-10.344576,-5.9277377,17.74261,12.301507,-14.54057,-10.137744,-32.000282,-14.720657,26.445414,-9.771611
O76021,-12.659042,11.883087,17.5308,-2.7725265,6.507843,-2.766742,0.3444135,-12.858077,-5.6842923,-12.6929865,-10.1659565,-9.038385,3.2460058,11.9762125,9.474923,-17.18574,-3.3915467,-1.178924,2.2447495,9.480594,9.016604,6.7582526,-13.173552,5.973762,13.549547,-1.0512108,-7.2915382,-8.693467,-16.729145,9.200575,13.745786,-3.207277,-7.0712075,-8.469861,-6.592521,-13.111227,-7.820243,3.9083767,9.765248,-15.1632185,-8.093869,-8.225539,-15.195657,1.3448774,13.206666,-9.987691,-1.6141847,-7.263535,-3.9917524,5.1415753,-1.3731664,6.2399898,11.443034,1.6269177,-5.550682,-3.69162,11.411598,9.656061,-8.983746,-5.912654,-19.371267,-6.359307,15.297052,-7.294543
P61978,-13.649272,16.471922,20.072102,-4.6618237,10.722086,-2.8857226,-1.1937414,-15.24838,-8.953206,-14.554928,-13.063502,-12.626145,3.8242636,17.032333,11.360561,-23.737604,-7.4512734,-3.8747087,2.1748033,13.305529,12.185135,10.248542,-18.214283,11.454768,18.90998,-1.0006205,-12.11808,-9.732952,-22.030018,11.7564335,18.50596,-7.649849,-11.539622,-9.731698,-10.852937,-14.376963,-10.331116,5.768752,12.4777,-19.312954,-10.552953,-12.983716,-22.36701,-1.6448652,18.984726,-13.191226,-2.484062,-8.180433,-5.334307,6.451118,-2.7399557,7.642411,14.790051,3.2687387,-8.320433,-4.793829,13.111889,9.804812,-10.365529,-7.900199,-25.190134,-10.991221,20.447521,-7.316003
P12104,-16.525766,27.25422,25.433258,-6.1568356,17.40229,-4.134259,-2.9883227,-21.425732,-13.697887,-20.950502,-19.329857,-20.808285,4.499377,28.144527,14.307529,-36.76284,-15.20672,-7.891124,1.2150743,20.085926,18.891459,18.73024,-28.813805,21.954432,29.949512,-0.7471787,-20.487045,-13.71388,-31.445227,17.389172,27.91573,-16.37936,-21.356344,-13.199962,-20.25797,-20.159506,-11.958389,9.394491,17.731789,-29.754313,-15.400303,-21.580446,-36.265785,-5.171511,29.918797,-19.738659,-2.5689373,-10.793547,-6.8237023,10.515076,-5.1581583,11.459478,20.801609,4.995385,-12.361653,-6.544616,19.128786,10.340805,-16.319822,-12.027379,-35.99464,-20.211662,31.182274,-8.909808
P00342,-14.74203,16.078924,21.280453,-3.957362,9.705585,-3.1057227,-0.34177032,-15.705953,-8.223968,-15.729831,-13.069107,-12.383226,3.92014,16.455036,11.563372,-23.256382,-5.681058,-2.7013142,2.6824756,12.368103,11.755911,9.326022,-17.941418,9.617533,17.998415,-1.0459723,-10.42832,-10.366656,-21.499416,11.560114,17.930103,-5.9418883,-10.464213,-10.305258,-9.842082,-15.623297,-9.783213,5.386018,12.710039,-19.593967,-10.402243,-11.703661,-20.993353,0.1144947,18.283762,-13.009758,-1.918833,-8.63065,-4.9450216,6.511386,-2.1938825,7.8228316,14.608716,2.621077,-7.3476334,-4.534719,13.973834,11.007341,-11.090747,-7.6691675,-25.079412,-9.81481,20.065243,-8.056206
P09874,-13.426128,15.48455,19.663628,-4.314565,9.851455,-2.834259,-0.86339116,-14.691988,-8.292247,-14.220491,-12.49879,-11.885124,3.752577,15.914217,10.968315,-22.475706,-6.3463244,-3.2687902,2.3210742,12.479753,11.488958,9.41964,-17.131107,10.080912,17.799868,-1.0229057,-10.928184,-9.498091,-20.910769,11.102396,17.347254,-6.614105,-10.477736,-9.611615,-9.855706,-14.128881,-9.920444,5.3515806,12.090764,-18.422018,-10.06417,-11.95516,-20.729496,-0.9188333,17.7546,-12.432475,-2.238132,-7.962433,-5.087723,6.0390577,-2.3371334,7.40385,14.084824,2.8302019,-7.600542,-4.5556927,12.724144,9.873835,-10.029909,-7.4669347,-24.063492,-9.824109,19.382816,-7.3553658
Q9C035,-10.334547,11.385805,14.717361,-3.1575935,7.040164,-2.2406805,-0.5317861,-11.247765,-5.9322205,-10.527121,-9.206987,-8.608942,2.8100884,11.640572,8.289452,-16.356457,-4.846254,-2.1872513,1.6018438,9.462314,8.648465,7.1518006,-12.44268,7.335054,13.431473,-0.77121925,-8.181274,-7.3763366,-15.556422,8.464029,12.976871,-4.76332,-7.6927423,-7.3103228,-7.2249193,-10.74753,-7.494368,3.908175,8.817625,-13.6028385,-7.5586076,-8.826049,-15.267279,-0.45916837,12.863141,-9.150237,-1.8203738,-6.131795,-3.865001,4.594915,-1.7243106,5.5769625,10.507454,2.0083625,-5.8591766,-3.5216918,9.677882,7.481389,-7.6412344,-5.6484823,-17.726206,-7.078116,14.419665,-5.905431
P04792,-15.864042,19.415428,22.978033,-4.9256196,12.131315,-3.5329108,-1.2169836,-17.879328,-10.029626,-17.170057,-15.152693,-14.811523,4.225133,19.999647,12.968072,-27.31753,-8.996539,-4.417335,2.1181946,15.298786,14.186939,12.298539,-21.229424,13.611766,21.869589,-1.1452546,-14.139812,-11.526513,-25.289743,13.883666,21.655424,-9.067579,-13.737748,-11.0845785,-12.9076805,-17.100729,-11.151265,6.7270904,14.075639,-22.74257,-12.140604,-14.94339,-26.079027,-1.7130764,21.914621,-15.476129,-2.6846576,-9.577984,-5.90051,7.9492917,-3.352694,8.888109,16.989084,3.716818,-9.574803,-5.462554,15.613722,11.129733,-12.583263,-9.166179,-28.85734,-13.107013,23.695442,-8.562692
Q14152,-16.445568,17.608887,22.951523,-3.816143,9.895642,-3.7223504,-0.117069975,-17.572536,-8.255752,-17.27114,-14.222786,-13.393921,4.074417,17.880558,12.613603,-24.7299,-6.4823165,-2.694386,2.3515859,13.594881,12.917633,10.713391,-19.259985,10.457755,19.626347,-1.2895669,-11.479848,-11.80606,-23.195734,13.08465,19.845943,-6.3363857,-11.447736,-11.072222,-10.785452,-17.588747,-10.062426,5.825776,13.162457,-21.480518,-11.290555,-12.5416765,-22.835157,0.60979044,19.303644,-14.363719,-2.0920873,-9.663762,-5.2591705,7.6292295,-2.5389905,8.575196,15.74935,2.8347507,-8.1152725,-4.980981,15.791165,11.904692,-12.800876,-8.424768,-26.802158,-10.736437,21.827042,-9.353627
P0ABI4,-7.0132904,5.662193,9.902485,-1.9978017,3.4805572,-1.3690869,0.17928202,-6.7567787,-3.208739,-6.437706,-5.3223567,-4.3210425,2.0981271,5.6971893,5.35296,-8.991079,-1.090926,-0.3409896,1.7254559,5.153105,4.670614,2.9794872,-6.4689546,2.2419205,7.2326794,-0.6320798,-3.5001729,-4.5309396,-9.128267,4.5591264,6.8569293,-1.0510039,-2.9609356,-5.005944,-2.753559,-6.699243,-5.3216577,1.943626,5.671749,-7.5004544,-4.4032946,-4.227977,-7.412313,0.86939687,6.701748,-4.8631306,-1.1676687,-3.915817,-2.5569055,2.1011035,-0.36786935,3.3782065,6.2586007,0.6917687,-2.9873266,-2.1973608,5.654287,5.7543206,-4.1385655,-3.1667223,-10.572574,-2.3420184,8.034013,-4.1651225
P00805,-15.215326,19.956894,22.67613,-5.1245885,12.608988,-3.4789534,-1.5692545,-17.694267,-10.447224,-17.138063,-15.428921,-15.281755,4.222027,20.58517,12.710609,-28.03408,-9.46375,-4.957572,2.101549,15.641634,14.537448,12.765463,-21.655334,14.337169,22.414902,-1.0481663,-14.612313,-11.291594,-25.63209,13.789936,21.70491,-9.980386,-14.402705,-11.176919,-13.513629,-16.91489,-11.057456,6.918996,14.474461,-23.108706,-12.2767515,-15.59051,-26.66205,-2.3740437,22.529701,-15.539476,-2.5808864,-9.342014,-6.046141,7.812334,-3.3459904,9.081701,17.07667,3.6735563,-9.6279955,-5.472959,15.351186,10.704694,-12.406056,-9.217632,-29.194784,-13.568903,24.014479,-8.242859
G7JEE5,-15.512339,19.655334,22.676313,-4.8962936,11.995922,-3.78947,-1.2822964,-17.751722,-9.891211,-17.16595,-15.506432,-15.031931,4.344178,20.147411,12.726841,-27.396788,-9.0730295,-4.62862,1.8534459,15.538183,14.373619,12.838065,-21.108156,13.675276,22.044712,-1.4179676,-14.39172,-11.416845,-25.544413,13.8407345,21.595743,-9.3828335,-13.840384,-11.132636,-13.005296,-17.190475,-11.015049,6.9464684,14.151298,-23.01362,-12.077042,-15.137384,-26.112516,-1.8529136,21.75916,-15.556582,-2.6760411,-9.472038,-6.1807537,7.8978963,-3.2920105,9.135662,16.936707,3.5287943,-9.464206,-5.633443,15.373355,11.0179,-12.551088,-9.228244,-28.885881,-12.831176,23.829456,-8.645366
O95361,-16.552277,18.805307,23.910572,-4.7976427,11.507503,-3.6065173,-0.724692,-17.931334,-9.593192,-17.632378,-15.171174,-14.421059,4.4723935,19.180222,13.226739,-26.978708,-7.3548846,-3.623569,2.649403,14.817207,13.747727,11.456452,-20.655787,11.819483,21.275522,-1.3598639,-12.848735,-11.759416,-25.002447,13.524661,20.936869,-7.6134925,-12.498437,-11.636668,-11.784097,-17.622522,-11.542313,6.4450693,14.442275,-22.489613,-12.077936,-14.052049,-24.810093,-0.48697764,21.137724,-15.119614,-2.4836762,-9.780229,-5.931948,7.5840135,-2.826949,9.010836,16.900501,3.245026,-8.858709,-5.4443293,15.822551,12.126831,-12.661631,-9.020524,-28.919369,-11.676839,23.405476,-9.1684885
P18510,-18.035076,23.045223,26.492088,-5.903312,14.770196,-3.894751,-1.6572903,-20.535057,-11.966367,-19.96702,-17.72516,-17.698704,4.8542666,23.774641,14.954057,-32.666103,-10.614766,-5.47502,2.5006738,17.812567,16.482708,14.614819,-25.313982,16.310596,25.875599,-1.281824,-16.599154,-13.295574,-29.29583,15.996588,25.312899,-11.028349,-16.39159,-12.906479,-15.579831,-19.490715,-13.092371,7.968124,16.649231,-26.518915,-14.224,-17.831175,-31.038738,-2.2657378,26.042906,-18.104288,-2.8782206,-10.901176,-6.702591,9.161126,-3.9824464,10.352895,19.699465,4.5806394,-10.979992,-6.2295504,18.182726,12.53446,-14.802479,-10.829739,-33.876064,-15.818401,28.063484,-9.661508
P05979,-12.88165,17.435528,18.997334,-4.599624,11.085458,-2.994961,-1.663401,-15.393596,-9.053173,-14.273648,-13.231706,-13.213754,3.4985878,18.014393,10.957347,-24.238783,-9.0988655,-4.635288,1.4227158,14.077462,12.865125,11.701282,-18.704325,13.149207,20.020416,-0.844209,-13.381625,-9.845936,-22.209867,12.216022,19.129934,-9.324904,-12.962331,-9.508711,-12.2123995,-14.261615,-9.678547,6.03784,12.1662245,-19.775955,-10.760398,-14.048188,-23.660156,-2.5781362,19.505089,-13.464802,-2.4658542,-8.015594,-5.33073,6.873623,-3.1132193,7.826447,14.743278,3.4570081,-8.860383,-4.8420196,13.231693,8.650697,-10.775574,-8.14611,-25.030771,-12.285908,20.985191,-7.209678
P01189,-15.534496,20.824001,23.28553,-5.788309,13.730656,-3.422361,-2.0079374,-18.19557,-11.234997,-17.290714,-16.058195,-16.006037,4.40705,21.647543,13.36054,-29.603607,-10.302644,-5.639952,2.1304328,16.600677,15.172085,13.483617,-22.825186,15.501177,23.645212,-1.1505594,-15.796268,-11.493781,-26.899471,14.398878,22.98518,-10.783803,-15.198425,-11.35966,-14.378983,-16.827646,-12.1098585,7.350134,15.004996,-23.76032,-12.859505,-16.754646,-28.474892,-3.1108975,23.81632,-16.37896,-2.9380372,-9.524921,-6.4407783,8.0095625,-3.699832,9.282663,17.86487,4.4081125,-10.406963,-5.7594547,15.649494,10.770632,-12.618321,-9.7518635,-30.630486,-14.657018,25.310316,-8.267098
O14939,-19.81569,20.75132,26.554014,-2.7871153,10.144469,-4.8554764,0.7846987,-21.143955,-8.423146,-21.38365,-16.359587,-15.7224455,4.2611675,21.121744,14.260531,-27.641298,-7.4713116,-2.270304,2.1453035,14.543162,14.830612,12.516922,-22.687653,12.126491,21.557178,-1.3452159,-12.571124,-14.50511,-26.02494,15.647007,23.43618,-6.7065377,-13.565096,-12.328264,-12.707811,-21.905733,-8.97776,6.600832,14.221701,-25.97629,-12.551561,-13.400891,-26.110285,1.9397321,22.014051,-17.203043,-1.657253,-11.694013,-5.0479617,10.094704,-3.1082401,9.903683,17.727146,3.0430655,-8.827661,-5.224792,19.672531,13.9563465,-16.419569,-9.516461,-30.02456,-13.04821,24.787569,-11.078045
O64743,-10.651643,12.132645,15.782252,-3.5104942,7.4849167,-2.3732529,-0.67423314,-11.72538,-6.4187965,-11.258746,-10.059102,-9.288606,3.1119664,12.363625,8.719826,-17.725977,-4.593785,-2.4791954,1.9813209,10.147185,9.271262,7.488863,-13.17489,7.396755,14.29554,-0.9002695,-8.424527,-7.6361814,-16.734375,8.682628,13.404103,-5.0467353,-7.988048,-8.041829,-7.4919105,-11.398106,-8.096379,4.1446376,9.856061,-14.553711,-8.075634,-9.4734535,-15.962239,-0.5074362,13.705293,-9.606944,-1.779429,-6.342242,-4.343099,4.471868,-1.4930328,6.1264877,11.157094,1.9039868,-5.904911,-3.7286503,9.984468,8.0764475,-7.8198447,-5.8798523,-19.11397,-7.0988674,15.312682,-6.267742
P00958,-15.529767,21.292063,23.083675,-4.777589,13.104654,-3.7374127,-1.5034254,-18.378311,-10.672589,-18.281828,-16.110619,-16.411179,4.1991158,22.10173,12.771854,-29.365942,-10.147438,-5.198537,1.8754146,15.713697,15.093061,13.689041,-23.203533,15.544653,23.072685,-1.0129114,-15.193285,-11.822855,-26.273678,14.325963,22.878458,-10.717468,-15.57533,-11.286879,-14.711264,-17.725344,-10.270082,7.3558455,14.792921,-24.620268,-12.484396,-16.181421,-28.208355,-2.4553494,23.794384,-16.515385,-2.185083,-9.629693,-5.779115,8.55203,-3.6349206,9.452301,17.415554,3.941496,-9.67388,-5.3804374,16.298273,10.724182,-13.52289,-9.606552,-30.066727,-14.891559,25.102789,-8.2192745
P50362,-10.769225,12.837128,15.763145,-3.7420044,8.408113,-2.2821183,-0.9600414,-12.044767,-7.0825863,-11.303288,-10.186605,-9.78487,3.0514793,13.2932205,8.948462,-18.483156,-6.0304575,-3.006888,1.7053338,10.551077,9.642183,8.052322,-14.172701,9.057103,14.950321,-0.7367451,-9.645731,-7.660582,-17.391626,9.26404,14.538681,-6.0685654,-9.083226,-7.7028527,-8.501248,-11.260174,-8.249525,4.5221252,9.789305,-15.090696,-8.312054,-10.244001,-17.518848,-1.4047192,14.872969,-10.263796,-2.09371,-6.4756722,-4.2843943,5.0360055,-2.1561375,6.012699,11.677022,2.5185666,-6.716116,-3.8537807,10.21933,7.7281694,-8.012533,-6.235241,-19.738678,-8.557577,16.018406,-5.7972894
Q3Y454,-9.921535,10.844143,14.564173,-3.2948842,6.9833865,-2.0334852,-0.50918496,-10.584464,-5.875484,-10.234672,-8.981966,-8.32593,2.9212677,11.027497,8.033773,-16.174793,-3.8966758,-1.9954576,1.9723082,8.993216,8.147923,6.548377,-11.970535,6.408679,12.967194,-0.82317287,-7.3859253,-6.9813967,-14.9782295,7.7451563,12.068503,-4.2258153,-6.973881,-7.4404373,-6.6319017,-10.22608,-7.785352,3.7408009,9.0712595,-12.9516735,-7.3373156,-8.425664,-14.395414,-0.20317644,12.399573,-8.577721,-1.6206717,-5.804264,-3.8429527,3.9681733,-1.3630888,5.4882345,10.136635,1.7640512,-5.247071,-3.4048162,9.145933,7.5359154,-7.149414,-5.4556246,-17.440737,-6.22895,14.017282,-5.7303147
P01270,-15.7267685,19.455442,22.716486,-4.757346,11.639082,-3.7501416,-1.2193633,-18.00322,-9.603363,-17.106113,-15.297419,-14.797117,4.152914,19.96049,12.86792,-27.09089,-8.892235,-4.4465075,1.8891098,15.557676,14.396504,12.696959,-20.922098,13.372853,21.992222,-1.2829344,-14.113894,-11.716607,-25.2549,13.973796,21.582222,-9.072043,-13.674624,-11.157387,-12.875082,-17.290493,-10.838716,6.657515,13.885733,-22.781467,-12.144167,-14.993855,-25.891247,-1.5289638,21.451807,-15.466444,-2.5987256,-9.565537,-6.04007,7.9315577,-3.157612,9.072669,16.785069,3.5939453,-9.498537,-5.470953,15.679952,11.002396,-12.777202,-9.115739,-28.571728,-12.872897,23.63332,-8.981225
Q13200,-14.195738,16.753376,20.251255,-3.8563087,9.824341,-3.3059008,-0.6714417,-15.842128,-8.080355,-15.365517,-13.202086,-12.760645,3.671388,17.129766,11.2596655,-23.403225,-7.0582886,-3.27408,1.8681275,13.024603,12.256258,10.656728,-18.158754,10.912044,18.816692,-1.0859889,-11.544461,-10.503149,-21.603565,12.026137,18.543736,-7.159988,-11.472817,-9.986306,-10.8507185,-15.482369,-9.279207,5.646012,12.186099,-19.855017,-10.487397,-12.489091,-22.012653,-0.5564501,18.4122,-13.310096,-2.008138,-8.526254,-4.9942117,6.939728,-2.5659559,7.937604,14.496119,2.879598,-7.8473053,-4.6492805,14.062819,10.057551,-11.498255,-7.9219947,-24.775715,-10.749243,20.485685,-8.100315
P36776,-10.837877,11.58047,15.402968,-3.1387165,7.046642,-2.327739,-0.37773216,-11.604106,-5.9443827,-11.04211,-9.48254,-8.799531,2.9294329,11.816275,8.587602,-16.763573,-4.478173,-2.011016,1.7986634,9.504533,8.754011,7.1052275,-12.740544,7.053625,13.5730095,-0.8420267,-7.990366,-7.6835737,-15.867643,8.608675,13.197671,-4.4483128,-7.586632,-7.6316624,-7.1554785,-11.229102,-7.672884,3.9336712,9.14069,-13.986469,-7.727185,-8.790618,-15.389227,-0.07317976,13.057711,-9.378346,-1.73869,-6.3662176,-3.905188,4.6722064,-1.6251372,5.7582006,10.741588,1.9795306,-5.766307,-3.5519145,10.090622,7.970039,-7.975861,-5.754392,-18.23415,-6.977302,14.756173,-6.2182746
O96020,-17.020472,18.715513,24.009544,-4.4498935,10.805921,-3.8881643,-0.50285435,-18.441366,-9.055266,-17.781206,-15.189819,-14.217427,4.353206,19.03326,13.398888,-26.384613,-7.3682427,-3.3751507,2.3766162,14.972305,13.926793,11.638301,-20.336287,11.567162,21.166796,-1.4421153,-12.818066,-12.206894,-25.01827,13.944461,21.17256,-7.2864385,-12.362206,-11.597383,-11.606506,-18.183409,-11.132356,6.3043404,13.9732895,-22.616837,-12.090022,-13.817184,-24.580719,-0.047952652,20.624454,-15.279109,-2.5436294,-10.06625,-5.942339,7.9181495,-2.8015034,9.074086,16.860743,3.2023017,-9.013829,-5.4648147,16.25927,12.297982,-13.084613,-8.968446,-28.594526,-11.563904,23.236124,-9.733487
A6NIH7,-12.05201,11.689351,16.965628,-3.176967,7.018475,-2.422622,0.020280758,-12.273116,-5.9441237,-11.991643,-9.860183,-8.91974,3.2133636,11.781148,9.286529,-17.366611,-3.5009964,-1.429948,2.318236,9.521134,8.769722,6.720713,-13.036687,6.0965476,13.784393,-0.9765466,-7.3696074,-8.307423,-16.32579,8.819684,13.383458,-3.4996235,-7.0451913,-8.396106,-6.6943107,-12.195256,-8.389623,3.883279,9.824775,-14.438853,-8.090656,-8.49153,-15.271647,0.9285,13.19487,-9.5858135,-1.6670715,-6.888869,-3.9866133,4.7230315,-1.3970307,6.0518727,11.238297,1.7959269,-5.5404506,-3.6725304,10.903531,9.136483,-8.544386,-5.9585476,-19.199165,-6.3922334,15.30286,-6.957344
P00346,-9.934612,11.031918,14.338773,-3.7948945,7.5995893,-1.8877903,-0.9524299,-10.814226,-6.387042,-9.594166,-8.874268,-8.261484,2.822667,11.268405,8.362568,-16.325165,-5.30321,-2.545709,1.6633757,9.885439,8.550798,7.023615,-12.081226,7.6296177,13.779459,-0.6877573,-8.653379,-6.9343305,-15.568012,8.33494,12.780679,-5.160221,-7.6675205,-7.186884,-7.189828,-9.841223,-8.5063505,3.8846493,8.816353,-12.774994,-7.6971207,-9.211874,-15.381799,-1.1598027,12.871479,-8.774464,-2.2806067,-5.8784842,-4.118222,4.2160277,-1.8886783,5.3192234,10.621754,2.2284448,-6.3257923,-3.7066815,9.027541,7.081931,-6.8782187,-5.6926785,-17.715357,-7.0965905,14.345996,-5.600914
P06241,-13.910188,16.910437,20.21164,-4.368598,10.549185,-3.0859706,-1.0044446,-15.586796,-8.6259575,-15.039835,-13.2615595,-12.910261,3.787333,17.294083,11.323448,-24.012087,-7.4116044,-3.6518292,1.9812806,13.376531,12.316899,10.780292,-18.378557,11.362696,19.342815,-1.0690651,-12.004047,-10.216723,-21.908018,11.936401,18.604427,-7.672792,-11.718725,-10.071135,-11.114717,-14.987696,-10.056473,5.817423,12.555007,-19.697733,-10.682271,-13.002925,-22.52247,-1.1313012,18.880554,-13.258782,-2.221437,-8.362911,-5.2064023,6.7044206,-2.700984,7.923689,14.7432575,3.0414164,-8.092782,-4.814216,13.71671,9.865469,-11.118307,-8.09991,-25.247932,-10.954224,20.853354,-7.814464
P16330,-10.621674,11.73058,15.321771,-2.9073865,6.6508493,-2.6192455,-0.3474729,-11.664618,-5.856855,-11.280269,-9.810992,-8.94845,2.9744895,12.011379,8.386585,-16.547155,-4.5424485,-2.1809874,1.6654637,9.555531,9.044603,7.2560325,-12.692284,7.1899223,13.283497,-0.935783,-8.136568,-7.5540056,-16.290678,8.660263,13.22163,-4.661762,-7.754563,-7.5206423,-7.1423726,-11.598615,-7.0007987,4.0394087,9.132473,-14.5485525,-7.582837,-8.775879,-15.231298,-0.26392198,13.079504,-9.597799,-1.7036201,-6.364567,-4.1036134,4.760702,-1.5252576,5.937241,10.769768,1.7437024,-5.732235,-3.57683,9.894863,8.039238,-7.8217525,-5.564904,-18.207302,-6.8971195,14.51365,-6.1282463
P02753,-17.759617,24.31401,26.96942,-6.298649,15.574557,-4.0647707,-2.1446233,-20.96659,-12.8276,-20.534273,-18.732399,-18.752575,5.0373645,25.170238,15.115085,-34.300465,-11.483967,-6.4032626,2.544058,18.850883,17.537334,15.537875,-26.470936,17.668655,27.07015,-1.2713995,-17.770107,-13.292916,-30.907547,16.428074,26.18023,-12.453165,-17.638145,-13.287783,-16.62119,-19.95514,-13.21245,8.456962,17.582947,-27.927292,-14.756027,-19.1164,-32.537823,-3.2787814,27.539705,-18.860052,-2.946002,-10.95815,-7.261663,9.271193,-4.048271,10.9209,20.47902,4.635437,-11.471472,-6.468466,18.22481,12.514549,-14.795103,-11.07881,-35.326645,-16.761635,29.082888,-9.512382
O15372,-12.878978,12.148894,17.470629,-2.4075525,6.41024,-2.8131437,0.5540648,-13.075973,-5.374878,-13.041602,-10.06721,-9.206116,3.0902262,12.18658,9.383623,-17.270376,-3.429355,-0.8958368,2.072422,9.214239,8.928189,7.028271,-13.427479,6.0142875,13.673546,-0.9748722,-7.0724545,-9.095812,-16.25058,9.307409,13.871239,-3.1305437,-7.254105,-8.534793,-6.8901076,-13.424506,-7.3549824,3.8731406,9.5902815,-15.31348,-8.083099,-8.08798,-15.361988,1.810342,13.155093,-10.026601,-1.3019181,-7.382845,-3.5903857,5.4572854,-1.442186,6.2770314,11.240378,1.6108918,-5.326548,-3.5397632,12.009038,9.548148,-9.7153845,-6.0453815,-19.15041,-6.6287246,15.511501,-7.5179753
A0A3L7I2I8,-17.641235,25.364557,26.573618,-6.3604846,16.348982,-4.162213,-2.4514554,-21.31755,-13.170746,-20.636711,-19.065939,-19.518152,4.9284434,26.363352,15.127967,-35.243763,-13.006722,-7.0158653,1.952603,19.41628,18.0596,16.772438,-27.51995,19.406965,28.075043,-1.2671155,-19.092627,-13.507367,-31.444185,17.051702,27.370844,-13.724851,-18.932522,-13.035403,-17.943642,-19.928518,-13.05605,8.935415,17.436432,-28.647629,-14.992337,-20.091257,-34.309486,-4.053123,28.519716,-19.592249,-3.0572376,-11.028193,-7.211519,9.908116,-4.65411,11.025714,20.778406,5.198791,-12.106021,-6.604552,18.623766,11.887775,-15.409968,-11.568315,-35.809574,-18.24446,30.071123,-9.318158
P27302,-14.299835,15.683662,20.29451,-4.0264344,9.439954,-3.1445024,-0.53129417,-15.415496,-7.9309616,-14.791829,-12.712032,-11.908664,3.7769578,15.966716,11.335504,-22.362883,-6.342667,-2.8896224,2.1420991,12.68504,11.695483,9.685644,-17.13404,9.858414,18.009016,-1.1520526,-10.936734,-10.135754,-21.183922,11.641205,17.774042,-6.2634754,-10.429978,-9.866147,-9.781064,-15.060918,-9.855373,5.35838,11.977443,-18.874111,-10.250377,-11.77541,-20.781927,-0.28720513,17.554817,-12.722313,-2.3061206,-8.44413,-5.106088,6.5081844,-2.4066186,7.605498,14.3435755,2.7054539,-7.740162,-4.711132,13.481476,10.381709,-10.732944,-7.6370845,-24.267006,-9.69294,19.657036,-8.052394
P04509,-9.867502,6.5164795,13.461512,-2.5498652,3.3498816,-2.135153,0.5213999,-9.135727,-3.5119376,-8.196234,-7.0286236,-4.804898,2.8431554,6.276335,7.488988,-10.427198,-0.63351744,-0.08035196,2.1852393,7.150156,6.0825014,3.4243865,-7.076972,1.5390886,8.818932,-1.2661011,-4.236114,-6.0551605,-12.263495,6.285582,8.634967,-0.26464453,-2.6784534,-6.544048,-2.258991,-9.341579,-7.385888,2.251822,6.967207,-9.381974,-5.7554407,-4.8322697,-8.384126,1.8227524,7.4091206,-6.2532206,-2.0430903,-5.4261227,-3.9046311,2.6775022,-0.24376488,4.408312,8.329176,0.6061784,-4.0731554,-3.1820383,7.265325,8.285757,-5.0589485,-3.824697,-13.536577,-1.6726048,9.751246,-6.273505
O14503,-13.43318,15.658655,19.728056,-4.6449113,10.272161,-2.771512,-1.1046014,-14.78463,-8.645326,-14.025469,-12.621166,-12.000192,3.800223,16.16558,11.189045,-22.83794,-6.8433547,-3.6053028,2.2881541,12.91595,11.716778,9.625054,-17.377138,10.618966,18.20502,-1.0314538,-11.516576,-9.432934,-21.39405,11.331506,17.766764,-7.0167246,-10.773377,-9.555891,-10.1211605,-13.92155,-10.395456,5.491596,12.170612,-18.481321,-10.257293,-12.411385,-21.328722,-1.4026299,18.161417,-12.657959,-2.5208895,-7.9804893,-5.301393,6.073474,-2.5283437,7.387346,14.390187,3.1210449,-8.050213,-4.706878,12.627651,9.787673,-9.863102,-7.6115847,-24.468964,-10.2249975,19.69516,-7.255412
