UniProt_ID,0,1,2,3,4,5,6,7,8,9,10,11,12,13,14,15,16,17,18,19,20,21,22,23,24,25,26,27,28,29,30,31,32,33,34,35,36,37,38,39,40,41,42,43,44,45,46,47,48,49,50,51,52,53,54,55,56,57,58,59,60,61,62,63
P11827,-16.42381,16.877024,22.531197,-3.0155947,9.012573,-3.673232,0.47099784,-17.172802,-7.4590154,-17.431707,-13.509771,-12.866461,3.842474,17.088497,12.067644,-23.505861,-5.487508,-1.8151636,2.4141045,12.199434,12.060577,9.877897,-18.651619,9.347509,18.279198,-1.12695,-10.050445,-11.810581,-21.63451,12.481447,18.88226,-5.2403793,-10.683077,-10.818416,-10.118449,-17.639786,-8.888144,5.4069924,12.5938015,-20.91753,-10.657333,-11.246867,-21.38884,1.645117,18.317024,-13.754736,-1.4968507,-9.556265,-4.473969,7.6261616,-2.2898893,8.259319,14.880497,2.4251175,-7.1608725,-4.490565,15.925928,11.913332,-13.06553,-8.02294,-25.471422,-10.081818,20.813152,-9.244997
O75347,-14.9139385,17.813667,21.387142,-3.9722157,10.275835,-3.566874,-0.6765874,-16.733822,-8.5234585,-16.374044,-14.02368,-13.535892,3.8731494,18.111952,11.767499,-24.68022,-7.5084877,-3.4626381,1.9258835,13.798235,13.023804,11.341711,-19.094728,11.554647,19.907902,-1.1303933,-12.198909,-11.072401,-22.87367,12.6982975,19.433102,-7.7288933,-12.23139,-10.631109,-11.482156,-16.611704,-9.597414,5.988158,12.963735,-21.161842,-11.087015,-13.171216,-23.114662,-0.5856535,19.430935,-13.987875,-2.0750115,-9.014475,-5.306215,7.368978,-2.6878335,8.484775,15.344913,2.7740564,-8.21413,-4.948753,14.844411,10.624498,-12.142996,-8.318377,-26.160519,-11.238539,21.569643,-8.562975
P11655,-14.709962,17.379192,20.374725,-3.1242547,9.85438,-3.3666031,-0.14507125,-16.217875,-7.703353,-16.197908,-13.110981,-13.240612,3.3371127,17.822525,11.097399,-23.550964,-7.5119605,-2.8861573,1.5589828,12.48841,12.0139265,11.069923,-19.035349,11.507982,18.773912,-0.9638678,-11.513275,-10.9424095,-21.09722,12.459946,19.115318,-7.2185197,-12.065618,-9.792449,-11.4292755,-16.08511,-8.189318,5.7769547,11.701451,-20.529175,-10.415959,-12.119995,-22.579672,0.0064779706,18.828531,-13.816357,-1.6018639,-8.828413,-4.166546,7.8487067,-2.9584,7.709153,14.347624,3.0338712,-7.6406927,-4.2373815,15.194805,9.844927,-12.716401,-8.096415,-24.616964,-11.737778,20.760307,-8.010671
O95149,-13.553313,15.615595,19.946281,-4.3576245,9.93509,-2.8317988,-0.83964443,-14.786823,-8.342592,-14.432065,-12.632772,-12.015733,3.809935,16.015306,11.062213,-22.792673,-6.134096,-3.2235565,2.4551952,12.525959,11.5377035,9.427654,-17.286566,9.935167,17.971182,-1.0367455,-10.8063135,-9.613534,-21.012617,11.091765,17.356764,-6.5389314,-10.451214,-9.836825,-9.866934,-14.288601,-10.067948,5.359241,12.344104,-18.56251,-10.174409,-12.007458,-20.79701,-0.76306826,17.875967,-12.463508,-2.1513784,-8.015288,-5.1118083,5.987732,-2.2460055,7.5192814,14.168219,2.7786336,-7.4955983,-4.559772,12.878297,10.041903,-10.163475,-7.527618,-24.331621,-9.753501,19.589262,-7.491495
P06132,-14.691027,17.941488,21.253834,-4.0728817,10.50571,-3.5172825,-0.8518702,-16.679916,-8.750761,-16.289747,-14.118106,-13.71467,3.854298,18.443075,11.7685375,-24.922825,-7.7463937,-3.7765357,1.9402443,13.838626,13.152658,11.376707,-19.449642,12.005696,19.862589,-1.0947756,-12.48445,-10.9041195,-23.117262,12.7265005,19.738293,-7.9986296,-12.49003,-10.399053,-11.729648,-16.33016,-9.481282,6.073391,12.948912,-21.316944,-11.055334,-13.429373,-23.534903,-1.0097885,19.836102,-14.257121,-2.09498,-8.912144,-5.333895,7.373599,-2.754929,8.421883,15.388522,3.0806584,-8.374613,-4.8712754,14.681569,10.458219,-11.981776,-8.289793,-26.310282,-11.723088,21.63619,-8.247225
B4XT64,-11.783305,11.631249,16.431635,-3.0184534,6.6211944,-2.6353343,-0.054583758,-12.2930565,-5.724073,-11.703403,-9.88141,-8.802331,3.1158106,11.770865,9.114446,-16.781492,-3.9931707,-1.6537418,1.9213104,9.725699,8.981341,7.029509,-12.726867,6.448614,13.596687,-1.0558993,-7.800218,-8.194592,-16.471933,9.019536,13.526755,-3.8071969,-7.2275615,-8.017643,-6.7499213,-12.172641,-7.887583,3.924365,9.335122,-14.50307,-7.9349704,-8.553636,-15.230316,0.58462435,12.927494,-9.717017,-1.845682,-6.8454995,-4.1388445,4.89399,-1.4946378,6.020492,11.139805,1.8272818,-5.820547,-3.732291,10.656044,8.841769,-8.376051,-5.8283296,-18.770226,-6.5158696,14.975463,-6.9077134
O75604,-14.954193,20.676857,22.317844,-4.99655,13.002914,-3.5203166,-1.6936764,-17.78311,-10.525539,-17.360397,-15.619283,-15.867828,4.106298,21.372986,12.503489,-28.722284,-10.085173,-5.235275,1.8052008,15.724956,14.759397,13.516691,-22.371002,15.195169,22.954956,-0.9991824,-15.056063,-11.452018,-25.624628,13.943997,22.176342,-10.688278,-15.171364,-11.12579,-14.369947,-16.927437,-10.629689,7.1538215,14.485105,-23.586658,-12.342218,-16.078123,-27.582275,-2.6251276,23.074228,-15.860423,-2.3330474,-9.28406,-5.8360357,8.111148,-3.5529504,9.212604,17.020475,3.875977,-9.6383,-5.394574,15.671308,10.236645,-12.955957,-9.466458,-29.338833,-14.4004,24.593973,-8.120094
P26639,-15.131214,17.717537,22.031332,-4.718703,10.895999,-3.3564026,-1.0649387,-16.891273,-9.277481,-16.06592,-14.243858,-13.504295,4.0665336,18.239952,12.416248,-25.224457,-7.7154517,-3.9511864,2.328066,14.459693,13.349616,10.995262,-19.387259,11.897901,20.208984,-1.1190348,-12.809531,-10.840829,-23.925756,12.945386,19.972536,-7.878921,-12.244025,-10.634734,-11.4011545,-16.219671,-10.734473,6.0530114,13.34389,-21.131971,-11.438591,-13.731145,-23.707634,-1.3034548,20.12802,-14.33085,-2.6274369,-9.075717,-5.821715,7.1274242,-2.7634375,8.397476,16.000944,3.2819262,-8.935464,-5.149795,14.499137,10.937844,-11.442422,-8.355972,-27.092682,-11.560832,21.829294,-8.377328
P12425,-11.502515,11.377143,16.28847,-3.2367027,6.547169,-2.632557,-0.19600111,-12.049001,-5.7946496,-11.344326,-9.900999,-8.600885,3.2055635,11.466478,9.060578,-16.556751,-3.9116046,-1.8108845,1.9636285,9.9398,9.006367,6.930468,-12.301299,6.262812,13.542271,-1.144158,-7.877836,-7.904894,-16.636936,8.869089,13.220383,-3.8633032,-7.015356,-8.018933,-6.470716,-11.937157,-8.184479,3.9124484,9.403319,-14.2524,-7.9144006,-8.602197,-14.899307,0.33742794,12.695646,-9.516563,-2.039576,-6.707403,-4.4436016,4.6014366,-1.3852067,6.0276814,11.158215,1.6973611,-5.8863997,-3.8628278,10.1685705,8.820656,-7.8531857,-5.716567,-18.720768,-6.100367,14.7339325,-6.853087
O76095,-11.175143,11.931326,16.13325,-3.4078233,7.447139,-2.3616126,-0.4211858,-11.857251,-6.3319764,-11.454692,-9.917172,-9.139215,3.1614048,12.176658,8.928192,-17.53306,-4.384957,-2.1275618,2.0463614,9.806026,8.996207,7.156603,-13.21259,7.1376476,13.972193,-0.9365717,-8.184902,-7.7749486,-16.588272,8.754332,13.538019,-4.5134597,-7.6953135,-7.9739943,-7.2470555,-11.533832,-8.221251,4.1238084,9.722021,-14.478645,-7.9982705,-9.089099,-15.848263,-0.13021916,13.62623,-9.690802,-1.8282627,-6.5331335,-4.1598372,4.655414,-1.6175033,5.9776907,11.215083,2.0137618,-5.8742085,-3.721724,10.243208,8.421994,-8.013676,-5.938986,-19.127264,-7.011993,15.295758,-6.3108425
P63159,-10.636761,11.0842495,15.426861,-3.3938112,6.995582,-2.2083204,-0.42962247,-11.204271,-6.012067,-10.699962,-9.38136,-8.479481,3.0721967,11.279713,8.568977,-16.522099,-3.9165576,-1.9750756,2.0757082,9.416086,8.51177,6.612343,-12.262889,6.430787,13.257335,-0.9277205,-7.6479797,-7.3324094,-15.79181,8.223608,12.652405,-4.0861216,-7.0167847,-7.69146,-6.596196,-10.8523245,-8.149646,3.8321013,9.316504,-13.500346,-7.6347985,-8.582574,-14.763994,-0.07407145,12.727468,-9.032702,-1.8421326,-6.1881948,-4.111142,4.201446,-1.4036196,5.6808996,10.669872,1.8476532,-5.5900784,-3.598436,9.560808,8.128987,-7.3739934,-5.5946774,-18.17237,-6.29558,14.41284,-6.115587
P46527,-11.178429,12.345684,16.284159,-3.4781382,7.5568557,-2.4869406,-0.5580823,-12.135926,-6.502449,-11.635016,-10.253482,-9.431344,3.184021,12.607272,9.02634,-17.924671,-4.7625265,-2.4096115,1.9654207,10.261691,9.426329,7.557659,-13.493222,7.5880084,14.409189,-0.94580543,-8.6405735,-7.8826613,-17.157291,9.0315275,13.8964615,-4.980919,-8.120674,-8.092218,-7.580632,-11.818436,-8.191579,4.2559104,9.905959,-14.965733,-8.203587,-9.509921,-16.322441,-0.413266,13.998637,-9.969943,-1.90116,-6.6218925,-4.375685,4.7799764,-1.6521091,6.1863966,11.48521,2.017357,-6.1322203,-3.8302736,10.349632,8.417977,-8.095935,-6.018007,-19.528086,-7.320739,15.602042,-6.410696
Q8IZH2,-13.611849,15.11291,19.442497,-3.673881,8.93638,-3.0462935,-0.36905867,-14.662235,-7.4242,-14.439174,-12.216411,-11.538563,3.6424913,15.309418,10.648893,-21.555496,-5.6488132,-2.5630188,2.1293814,11.854286,11.0714,9.293851,-16.45126,9.0877075,17.204258,-1.1187594,-10.030621,-9.787913,-19.969751,10.895218,16.71268,-5.8280907,-9.880892,-9.671008,-9.345537,-14.5810585,-9.18955,5.111895,11.665037,-18.166328,-9.740235,-11.099917,-19.659906,0.09206692,16.696396,-12.029528,-1.8817493,-8.036245,-4.7382874,6.1381173,-2.116287,7.4181356,13.525456,2.3440912,-6.9514065,-4.4100657,13.037487,9.995938,-10.520891,-7.318818,-23.158775,-9.009739,18.872862,-7.804196
P54279,-8.091818,5.2156944,11.140301,-2.260232,2.928773,-1.6263335,0.41406685,-7.3736234,-2.9839969,-6.6376576,-5.6583295,-3.8697934,2.4226398,5.013674,6.1548133,-8.6964245,-0.28314975,0.055983637,1.999972,5.7720633,4.8568807,2.64182,-5.778522,1.0178759,7.3464007,-0.9922886,-3.2608008,-4.948194,-9.909346,4.9335165,6.8701844,-0.069620915,-2.021617,-5.5822344,-1.7599332,-7.456019,-6.428728,1.8039488,5.9423213,-7.450772,-4.7527385,-3.950991,-6.7612596,1.5765125,6.0714374,-4.898112,-1.6449814,-4.405262,-3.1975892,1.9586945,-0.08884658,3.6221259,6.796134,0.4538802,-3.2279637,-2.615669,5.8870974,6.873206,-4.0550504,-3.2037888,-11.167178,-1.1468146,8.077639,-5.1678953
P07288,-14.925249,19.796,22.112837,-5.0806394,12.646011,-3.4052784,-1.6120899,-17.39372,-10.304506,-16.78109,-15.197247,-15.198689,4.137021,20.506012,12.513692,-27.813742,-9.569141,-4.9976673,1.9189644,15.3877125,14.286848,12.81974,-21.602697,14.448366,22.19182,-1.0900252,-14.622212,-11.134725,-25.19022,13.643541,21.683681,-9.966509,-14.35374,-10.836742,-13.585784,-16.400595,-10.919109,6.9306393,14.107988,-22.743828,-12.056571,-15.523909,-26.705462,-2.4710243,22.342005,-15.497208,-2.5418396,-9.154363,-5.8709164,7.8021264,-3.4544504,8.8790455,16.760962,3.929409,-9.564029,-5.3733625,15.171419,10.339865,-12.383939,-9.226489,-28.766476,-13.728703,23.90041,-8.017909
P13686,-12.260612,13.310964,18.41661,-4.019681,8.71978,-2.3439844,-0.59595054,-12.981404,-7.611079,-12.981634,-11.12407,-10.359785,3.579398,13.732761,9.996693,-20.108631,-4.4321947,-2.5409,2.8754952,10.696049,9.977537,7.3129907,-15.151208,7.8998127,15.338751,-0.8202977,-8.791991,-8.333791,-18.68462,9.420109,14.875581,-5.0123177,-8.571129,-8.99267,-8.006184,-12.681126,-9.2718525,4.5272346,11.430248,-16.283491,-8.967948,-10.172059,-17.643707,-0.37379313,15.843414,-10.782211,-1.8554043,-7.1273475,-4.5944414,4.855158,-1.6111867,6.6165223,12.656009,2.2414074,-6.3307295,-3.9397871,11.181818,9.576595,-8.4938,-6.411419,-21.816822,-7.961541,16.968544,-6.5407014
O94316,-13.415256,13.29884,18.705204,-3.1508281,7.481727,-2.9449298,0.08827624,-13.941684,-6.453019,-13.621228,-11.147635,-10.118151,3.4277372,13.499888,10.237334,-19.090202,-4.371934,-1.7450119,2.2473614,10.613798,10.042174,7.7751694,-14.715538,7.331155,15.107439,-1.0783703,-8.543891,-9.3331,-18.417686,10.169356,15.329538,-4.1952496,-8.279083,-8.995043,-7.735539,-13.983496,-8.440325,4.406293,10.564472,-16.655306,-8.893638,-9.4661255,-17.249958,0.86965466,14.835675,-11.099277,-1.8192217,-7.7743573,-4.3648663,5.7118564,-1.7152226,6.7606707,12.529186,2.0537195,-6.339334,-4.015828,12.321853,10.0441265,-9.745516,-6.5198894,-21.214836,-7.6337314,16.899334,-7.650385
Q12309,-6.2132564,3.933419,8.594113,-1.8213341,2.3781502,-1.1761367,0.3226428,-5.6100326,-2.3683422,-5.0629935,-4.250406,-2.939301,1.9293045,3.8195133,4.7013316,-6.764689,-0.11843352,0.15326415,1.6734192,4.309539,3.6560187,1.932728,-4.482542,0.6885944,5.7137675,-0.6946533,-2.3712606,-3.811562,-7.493013,3.6269677,5.1749697,0.021230698,-1.4939266,-4.431693,-1.3513232,-5.5761156,-5.102504,1.3665433,4.707179,-5.598239,-3.6422424,-3.030755,-5.153464,1.2410326,4.7106194,-3.6132774,-1.2213384,-3.3643258,-2.417818,1.3644879,0.0064715,2.7918649,5.1723113,0.32909933,-2.4144018,-1.9953457,4.48982,5.319701,-3.078096,-2.5227392,-8.5839815,-0.79145515,6.2677546,-3.958712
P23872,-9.711359,10.716347,14.253812,-3.4350803,7.1978416,-1.893049,-0.7080745,-10.477042,-6.1706014,-9.837788,-8.7590475,-8.179001,2.8193393,11.053872,8.023914,-15.932989,-4.5288515,-2.2756608,1.8957773,9.069379,8.192982,6.4166365,-11.988657,7.0448017,12.834961,-0.649845,-7.8529954,-6.6968756,-15.093637,7.848816,12.267111,-4.612378,-7.264884,-7.033257,-6.7913647,-9.826009,-7.7550383,3.7488976,8.800235,-12.788819,-7.2870827,-8.590399,-14.6317425,-0.82617474,12.659403,-8.629163,-1.8862047,-5.720444,-3.8427236,4.047675,-1.6116948,5.2309055,10.228526,2.0163178,-5.6907225,-3.3960502,8.83214,7.231531,-6.732395,-5.3608108,-17.300375,-6.738123,13.773684,-5.2807155
P02686,-11.323747,10.578044,15.846624,-2.8489015,6.063232,-2.4228015,0.12882514,-11.498354,-5.335738,-11.125372,-9.194759,-8.041914,3.0439415,10.670848,8.665144,-15.592469,-3.0934608,-1.2227474,2.1301827,8.848876,8.20221,6.061917,-11.73199,5.3621345,12.437718,-0.9952943,-6.7725425,-7.691671,-15.343823,8.246343,12.353383,-2.9776955,-6.2726517,-7.7315054,-5.8416314,-11.528138,-7.6321015,3.547195,8.968433,-13.442227,-7.404838,-7.640191,-13.736653,0.9439546,11.926549,-8.911854,-1.6863781,-6.4882436,-3.8773408,4.3851852,-1.1963763,5.636177,10.455387,1.5302874,-5.2092557,-3.4768698,9.9865675,8.730349,-7.729799,-5.3762164,-17.662642,-5.56151,13.857235,-6.5830126
P02747,-9.665682,11.033282,13.967184,-3.0293605,6.6905937,-2.2255547,-0.5682167,-10.699328,-5.616254,-10.094423,-8.987139,-8.384809,2.7344387,11.25305,7.807649,-15.826747,-4.5293064,-2.1921618,1.5038859,9.161259,8.38776,7.079783,-11.910391,6.956212,13.007657,-0.8231243,-7.8222704,-7.0469275,-14.951594,8.002942,12.324535,-4.6847124,-7.397361,-7.123024,-6.98593,-10.291827,-7.1047454,3.7917714,8.579594,-13.131221,-7.2383323,-8.58445,-14.618121,-0.45633012,12.269631,-8.745095,-1.6362114,-5.7826576,-3.81139,4.271783,-1.5104765,5.498039,9.975618,1.8250427,-5.4650183,-3.386982,9.179041,7.092726,-7.3292923,-5.423162,-17.002768,-6.639558,13.903854,-5.7380652
Q15428,-12.935623,13.244571,18.233181,-3.431196,7.7609525,-2.8424356,-0.19590802,-13.609325,-6.6684604,-13.10076,-11.090427,-10.081102,3.435585,13.484613,10.105514,-19.110765,-4.7512293,-2.103732,2.1417131,10.841279,10.066895,7.928708,-14.605768,7.7042155,15.255728,-1.1031276,-8.952115,-8.987064,-18.490145,10.067017,15.284829,-4.62896,-8.426022,-8.800878,-7.87328,-13.423875,-8.712623,4.4985743,10.508674,-16.372835,-8.870477,-9.780024,-17.440031,0.30936432,14.894812,-11.01337,-2.0127075,-7.5405507,-4.5380816,5.5303316,-1.8159344,6.6688676,12.506247,2.2004347,-6.5512667,-4.1047015,11.835352,9.661714,-9.310721,-6.5321217,-21.148235,-7.7585983,16.871485,-7.3566284
O95429,-12.343827,12.718032,17.871017,-3.8151007,8.125527,-2.4393742,-0.39335835,-12.822138,-6.937609,-12.467724,-10.695913,-9.772843,3.4892683,12.952328,9.874739,-19.060635,-4.305428,-2.1524885,2.4940836,10.528662,9.5787,7.343371,-14.253898,7.299173,15.008584,-1.0160177,-8.546374,-8.416532,-17.94853,9.389099,14.514475,-4.487671,-7.985011,-8.77189,-7.531284,-12.493309,-9.292005,4.368725,10.717991,-15.506286,-8.7261505,-9.665344,-16.93785,0.09275007,14.727399,-10.407721,-1.9961963,-7.119697,-4.509616,4.892201,-1.6618823,6.419367,12.237289,2.1760697,-6.258848,-4.0171437,11.122177,9.420608,-8.582658,-6.3970137,-20.912745,-7.3295474,16.534643,-6.8894973
P0AFW0,-13.824036,16.298767,20.257875,-4.1268096,10.124715,-2.9856327,-0.7207692,-15.176333,-8.395016,-15.121033,-12.960787,-12.557808,3.812652,16.692204,11.084839,-23.429892,-6.4000387,-3.2049806,2.3477705,12.538805,11.780467,9.894504,-17.974842,10.394043,18.362238,-1.0151813,-10.982318,-9.968209,-21.258118,11.355498,17.824816,-6.839949,-10.989487,-10.030217,-10.409745,-14.884817,-9.698401,5.5609922,12.569807,-19.334848,-10.311401,-12.209082,-21.432693,-0.6198842,18.411175,-12.847756,-1.9208765,-8.220519,-4.950364,6.3823857,-2.3718963,7.758303,14.352875,2.7432616,-7.4355707,-4.549267,13.464844,10.142066,-10.8302965,-7.750043,-24.7638,-10.240122,20.150953,-7.603761
P06821,-13.453514,16.184654,19.617582,-4.112734,9.855387,-3.0497844,-0.8681363,-15.063416,-8.121121,-14.618952,-12.834923,-12.366619,3.6777182,16.501219,10.893423,-23.007065,-6.712906,-3.3613436,2.01608,12.835702,11.873909,10.272158,-17.507051,10.479017,18.520597,-1.0647641,-11.221323,-9.9329195,-21.051447,11.401583,17.681204,-7.1115637,-11.035954,-9.887672,-10.459844,-14.647407,-9.580692,5.497263,12.190396,-18.995092,-10.277342,-12.350924,-21.307936,-0.79282403,17.934214,-12.659111,-2.0212307,-8.082885,-5.0632024,6.332828,-2.3670325,7.746154,14.116347,2.7215729,-7.5793843,-4.60238,13.255427,9.691765,-10.741708,-7.7084255,-24.254694,-10.167095,19.956802,-7.7555046
P13721,-14.450776,18.463495,21.451817,-4.7263894,11.435407,-3.3965907,-1.300523,-16.620386,-9.495371,-16.152224,-14.540174,-14.170368,4.0699806,18.99489,11.971327,-26.029968,-8.291589,-4.396021,2.0443132,14.561277,13.533766,11.821525,-19.990364,12.759012,20.778685,-1.1632974,-13.306908,-10.682572,-23.979128,12.824948,20.135822,-8.82247,-13.011127,-10.629645,-12.238722,-16.022326,-10.428607,6.414823,13.586607,-21.582928,-11.431238,-14.317074,-24.512161,-1.7959764,20.679066,-14.495546,-2.3775058,-8.818081,-5.7744565,7.1873927,-2.9109585,8.604023,15.907486,3.3006835,-8.789396,-5.162281,14.4001665,10.362153,-11.659675,-8.5938015,-27.287708,-12.117035,22.389534,-8.038784
P10645,-11.512502,13.975543,16.872898,-3.6096618,8.464457,-2.724138,-0.839694,-13.057523,-7.118268,-12.533351,-11.185988,-10.678049,3.2292454,14.353043,9.397718,-19.757076,-6.0514784,-3.078164,1.6923317,11.238974,10.457415,8.932642,-15.112272,9.308866,15.953128,-0.9277582,-9.98677,-8.4647665,-18.52838,9.921173,15.423983,-6.3491955,-9.67085,-8.434706,-9.0757065,-12.6136055,-8.181395,4.8159533,10.493891,-16.564062,-8.84225,-10.8088875,-18.486027,-1.0205858,15.606448,-11.057991,-1.8960915,-6.980319,-4.5592146,5.471946,-2.0552816,6.7194815,12.289173,2.3868747,-6.773561,-4.043655,11.231108,8.361817,-9.028366,-6.6082697,-20.985611,-8.869837,17.149616,-6.5899835
P60411,-17.75327,17.460855,24.243496,-3.3178823,9.299716,-3.8581207,0.63893324,-18.196724,-7.6716886,-18.373615,-14.216976,-13.265408,4.1658583,17.478743,13.022091,-24.664362,-5.1238527,-1.5758238,2.7517526,12.979088,12.552183,10.144204,-19.210846,8.963615,19.343351,-1.3329878,-10.155651,-12.649332,-22.733082,13.123074,19.595045,-4.8789372,-10.614904,-11.777571,-10.10344,-18.780394,-10.053732,5.5398,13.442876,-21.685713,-11.387964,-11.593717,-22.032164,2.310112,18.806091,-14.244756,-1.6688021,-10.21172,-4.868025,7.8237953,-2.2162611,8.767233,15.757008,2.381105,-7.4126654,-4.8622556,16.923399,13.002975,-13.805166,-8.494489,-26.971388,-9.86262,21.949636,-10.26296
O94913,-14.24893,17.286304,21.08463,-4.8319454,11.170374,-3.0758739,-1.2354753,-15.952785,-9.398899,-15.36973,-13.810766,-13.310977,4.0364046,17.931805,11.878235,-24.89709,-7.6868963,-4.1209464,2.320134,13.862961,12.798834,10.6630125,-19.17284,11.988507,19.611622,-1.0904454,-12.657643,-10.113483,-23.220345,12.286301,19.421627,-7.9771814,-12.076769,-10.125802,-11.326372,-15.118429,-10.6402,6.0784903,13.115521,-20.41955,-10.9884615,-13.562111,-23.409864,-1.7621696,19.979921,-13.952467,-2.553829,-8.549626,-5.6203184,6.755736,-2.8253973,8.028104,15.506772,3.4321601,-8.644981,-4.9823713,13.666082,10.353104,-10.789734,-8.198736,-26.466412,-11.524769,21.358303,-7.5588865
P16333,-14.098554,16.432484,20.306614,-3.9142737,9.93217,-3.118132,-0.6157247,-15.50421,-8.213217,-15.305636,-12.993801,-12.604076,3.7248838,16.857567,11.17913,-23.305386,-6.633109,-3.133571,2.1586854,12.577024,11.908019,10.087891,-18.094809,10.581525,18.370712,-1.0121183,-11.119444,-10.232973,-21.314249,11.658212,18.176365,-6.829197,-11.151386,-9.933582,-10.552752,-15.186503,-9.378695,5.5640545,12.311766,-19.569138,-10.325907,-12.183739,-21.629183,-0.4943833,18.40859,-13.0863285,-1.9248097,-8.395909,-4.858134,6.703029,-2.4825797,7.7692447,14.384816,2.8426566,-7.58465,-4.529972,13.80842,10.166134,-11.184277,-7.791379,-24.693932,-10.517296,20.213842,-7.777617
A8I4E9,-7.496607,8.2631235,11.212865,-2.6834002,5.5012183,-1.5056301,-0.43501544,-7.9958897,-4.638903,-7.7909913,-6.8800416,-6.379003,2.3634174,8.413134,6.098408,-12.553234,-2.8434708,-1.491572,1.6816033,6.8672104,6.226837,4.956245,-9.161841,4.78077,10.077038,-0.6014821,-5.559377,-5.2831016,-11.486806,5.7152734,9.051164,-3.2463703,-5.2774243,-5.9257164,-5.0495296,-7.6893353,-6.2210917,2.8813498,7.23152,-9.840224,-5.6396785,-6.523661,-10.942792,-0.20299311,9.55856,-6.383745,-1.2206069,-4.3885245,-3.027623,2.800108,-0.9113763,4.286655,7.7620845,1.2377917,-3.9329243,-2.6510935,6.848017,5.837815,-5.3144937,-4.232451,-13.465671,-4.5454984,10.817539,-4.37736
Q92890,-11.92159,13.112065,17.302412,-3.64017,8.043848,-2.6126547,-0.54340285,-12.867473,-6.860716,-12.41043,-10.848437,-10.033267,3.3547685,13.385468,9.587577,-19.061697,-4.9770875,-2.4967082,2.0892646,10.775855,9.911904,7.98345,-14.389244,8.006519,15.234237,-1.0082687,-9.073365,-8.400287,-18.084044,9.57397,14.762296,-5.1886153,-8.581826,-8.559929,-8.049278,-12.544961,-8.662768,4.5092225,10.481048,-15.862835,-8.685194,-10.018222,-17.343225,-0.32360592,14.855517,-10.603753,-1.9542488,-7.033031,-4.541443,5.117592,-1.7811586,6.5272403,12.14787,2.1872666,-6.4272637,-4.0178885,11.079811,8.940373,-8.7077265,-6.4032044,-20.709465,-7.8135276,16.589582,-6.792916
P0DTD2,-10.513971,12.595945,15.3742075,-3.5869462,8.203245,-2.2250855,-0.8987939,-11.766543,-6.8353653,-11.122641,-9.945748,-9.626364,2.9605293,13.044668,8.696271,-18.151377,-5.767979,-2.8697534,1.6761066,10.202619,9.375133,7.9134245,-13.932225,8.765603,14.628573,-0.7152037,-9.27947,-7.5667734,-16.83228,8.993662,14.179113,-5.8596125,-8.862417,-7.5793643,-8.360713,-11.008286,-7.963952,4.40002,9.58021,-14.751262,-8.103926,-9.979108,-17.130772,-1.2272015,14.510785,-10.015215,-1.9095243,-6.312392,-4.087788,4.9141846,-2.0553381,5.9024286,11.304422,2.4666598,-6.4190392,-3.6969502,10.098524,7.5239015,-7.9975867,-6.120585,-19.239805,-8.375255,15.722495,-5.7201815
O62479,-9.935392,10.322641,14.196031,-3.0426083,6.5072436,-2.0451016,-0.36249584,-10.486545,-5.56738,-9.93151,-8.570319,-7.8500533,2.7738767,10.550441,7.916922,-15.198045,-3.9510725,-1.7869426,1.8108431,8.6483555,7.894061,6.19197,-11.467715,6.2537313,12.2842045,-0.76034176,-7.2243204,-6.8728604,-14.5456705,7.7385955,11.898333,-3.9018307,-6.704791,-7.0084143,-6.2902236,-10.084604,-7.352829,3.560116,8.451284,-12.554533,-7.0454383,-7.9471784,-13.840767,-0.1293927,11.884336,-8.42138,-1.7265444,-5.7976727,-3.667677,4.089555,-1.4448738,5.1920013,9.881679,1.7830797,-5.3147883,-3.3052826,8.9932165,7.42813,-6.9677687,-5.2218328,-16.707294,-6.123736,13.351758,-5.600478
P47017,-11.304695,12.103429,16.693003,-3.9880195,8.115677,-2.2190976,-0.6735717,-11.891685,-6.940062,-11.425775,-10.208623,-9.328066,3.4023225,12.378724,9.311782,-18.320152,-4.445666,-2.4300811,2.3555887,10.285328,9.188973,7.113618,-13.548947,7.3339143,14.498244,-0.99622977,-8.569755,-7.6436453,-17.321125,8.815437,13.796039,-4.730798,-7.7664156,-8.245834,-7.310556,-11.369288,-9.240185,4.2953286,10.314596,-14.579605,-8.324041,-9.572628,-16.369429,-0.5213491,14.220194,-9.85096,-2.1139007,-6.562871,-4.5340414,4.4300323,-1.6601756,6.0703497,11.726334,2.1918309,-6.1802254,-3.9523997,10.072341,8.693262,-7.674859,-6.129547,-20.03163,-7.070369,15.798342,-6.241366
P00812,-11.713004,11.564227,16.74697,-3.366751,6.8499417,-2.5586782,-0.22952668,-12.216982,-6.103655,-11.618857,-10.059556,-8.805707,3.2716703,11.756899,9.284694,-17.042017,-3.8673375,-1.8824472,2.20539,9.977494,9.119375,6.78197,-12.749166,6.4170837,13.65344,-1.0704694,-7.9240017,-7.953094,-16.983597,8.946381,13.492195,-3.8775406,-7.1472335,-8.131809,-6.5874095,-12.040391,-8.367674,3.9592419,9.711395,-14.542158,-8.056719,-8.753136,-15.243534,0.25889075,13.204924,-9.742753,-2.028681,-6.797805,-4.455067,4.620395,-1.3933017,6.064478,11.416206,1.834175,-5.9656644,-3.8350186,10.316055,9.051285,-7.8786597,-5.7651634,-19.225063,-6.3778057,14.987283,-6.766636
Q28399,-15.446323,20.032442,22.915472,-5.3138537,12.879956,-3.4498987,-1.6342192,-17.838036,-10.643477,-17.135805,-15.526187,-15.35815,4.2926707,20.744707,12.975872,-28.299177,-9.634451,-5.0637803,2.1310377,15.810776,14.6103735,12.791405,-21.913336,14.561479,22.567663,-1.1015923,-14.893386,-11.329086,-25.959673,13.977199,22.09961,-9.9981365,-14.467347,-11.133155,-13.602193,-16.839848,-11.432564,7.017555,14.515289,-23.18067,-12.385456,-15.773705,-27.077768,-2.5226166,22.81175,-15.797084,-2.7603161,-9.4336815,-6.1376195,7.89381,-3.4887323,9.0424185,17.310307,3.9602973,-9.890657,-5.558565,15.418007,10.826824,-12.40989,-9.349378,-29.550867,-13.818023,24.282516,-8.223874
P36969,-12.830594,15.293215,18.491314,-3.8643403,9.526148,-2.7944963,-0.83438426,-14.319644,-7.8781724,-13.778204,-11.951735,-11.671461,3.4004683,15.774129,10.364783,-21.65266,-6.826533,-3.232891,1.8566825,11.972246,11.196172,9.571292,-16.841768,10.457373,17.324926,-0.846999,-10.8899975,-9.334084,-19.936377,10.939575,17.096088,-6.8627386,-10.706617,-9.013065,-10.101793,-13.69058,-8.895557,5.2354345,11.278204,-18.004465,-9.645622,-11.69017,-20.493473,-1.0468085,17.310478,-12.170516,-2.033279,-7.699772,-4.6058283,6.2399797,-2.5112052,7.09855,13.438756,2.8707657,-7.4706635,-4.2836714,12.572921,9.06315,-10.121081,-7.292989,-22.89156,-10.200476,18.813082,-6.9876623
P09041,-12.337552,13.5993595,17.378527,-3.0374591,7.812126,-2.8391478,-0.24396345,-13.394051,-6.5745835,-13.106732,-10.926788,-10.377962,3.1696754,13.965564,9.548735,-19.075018,-5.353108,-2.2855618,1.7859443,10.458112,10.045408,8.32581,-14.97637,8.500177,15.124733,-0.9079879,-9.129026,-8.879453,-17.983425,9.980784,15.36924,-5.245591,-9.090238,-8.387204,-8.538309,-13.224721,-7.6322527,4.5806055,10.140141,-16.586855,-8.604896,-9.873352,-17.800169,-0.0027220487,15.133116,-11.083696,-1.6676111,-7.31966,-4.0992336,5.8100486,-2.0013642,6.574565,12.107598,2.2777014,-6.402713,-3.8320937,11.859724,8.946786,-9.585546,-6.4850874,-20.594252,-8.534529,16.779625,-6.8819785
O09061,-20.09221,22.708086,28.533342,-5.1746254,13.27209,-4.4757657,-0.6042006,-21.830519,-10.953903,-21.499197,-18.095253,-17.33339,5.0701613,23.095316,15.777188,-32.01675,-8.82594,-4.081154,2.8825061,17.537062,16.471628,13.945713,-24.79745,14.121995,25.321531,-1.5695509,-15.148453,-14.532886,-29.508512,16.486357,25.24412,-8.946469,-15.101329,-13.810864,-14.268256,-21.653929,-12.948369,7.577919,16.835337,-27.17621,-14.409253,-16.546133,-29.676292,-0.041203815,25.043707,-18.265171,-2.6735134,-11.884457,-6.7110972,9.544885,-3.4337966,10.793994,20.000128,3.8539326,-10.4403925,-6.3031654,19.609804,14.416435,-15.920758,-10.745706,-34.199955,-14.280522,27.944654,-11.294341
A2ABV5,-12.439275,18.355537,18.618486,-4.2239647,11.57169,-3.0068944,-1.703268,-15.366344,-9.233101,-14.889251,-13.477722,-14.107494,3.3473213,19.19092,10.5254,-25.171602,-9.563068,-4.9222817,1.2615286,13.620338,12.998193,12.259613,-19.950426,14.207424,20.144024,-0.6738151,-13.57222,-9.888808,-22.07482,12.165332,19.653215,-10.045451,-13.939579,-9.298675,-13.279541,-14.289909,-8.567912,6.32423,12.280475,-20.652617,-10.6176605,-14.405734,-24.703598,-2.85416,20.48998,-13.981318,-1.8605437,-7.866673,-4.8167195,7.2486625,-3.285963,7.9267745,14.545747,3.7112312,-8.541622,-4.489815,13.601135,8.159965,-11.432948,-8.283828,-25.194427,-13.501819,21.514078,-6.656643
O55164,-14.507652,21.264816,22.131567,-5.6922407,14.177786,-3.3082118,-2.2347913,-17.549913,-11.291976,-16.993137,-15.906629,-16.38448,4.257391,22.02728,12.588747,-29.925646,-10.914314,-5.9552197,1.7538893,16.387413,15.026308,14.164415,-23.03858,16.260458,23.989925,-1.0608904,-16.054241,-11.16338,-26.23351,14.000803,22.66672,-11.721297,-15.858072,-11.1842985,-15.140095,-16.254599,-11.60786,7.564539,14.956827,-23.657904,-12.663206,-17.100212,-28.859722,-3.577551,23.973957,-16.094004,-2.6010756,-9.068845,-6.1431255,7.964901,-3.8676422,9.284449,17.401627,4.307294,-10.087921,-5.6545815,15.34436,9.802927,-12.7079525,-9.882924,-30.164427,-15.089849,25.47956,-7.744876
Q8IXK0,-13.759283,18.072186,20.623724,-5.2378325,12.247914,-2.8493297,-1.7572792,-15.912371,-10.073168,-15.090009,-13.905482,-13.882698,3.9263084,18.826584,11.821027,-25.950846,-9.002238,-4.8369875,2.0793157,14.450495,13.178205,11.485398,-20.0088,13.539377,20.697117,-0.8896309,-13.772586,-10.009575,-23.563643,12.534895,20.075031,-9.334706,-13.2233305,-10.026712,-12.488428,-14.610373,-10.958487,6.397366,13.286684,-20.637407,-11.306455,-14.621831,-24.88799,-2.7743926,21.006315,-14.212938,-2.6795547,-8.382353,-5.6195273,6.923246,-3.269553,8.035833,15.772077,3.8748348,-9.206857,-5.068654,13.649546,9.581816,-10.863641,-8.563608,-26.953747,-12.798424,22.147923,-7.1287394
P04049,-12.883979,14.501458,18.336588,-3.4461112,8.322875,-3.0303023,-0.4441528,-14.167434,-7.00926,-13.6349,-11.728615,-11.002649,3.3662336,14.7635565,10.14718,-20.329311,-5.8555107,-2.671556,1.8099936,11.644031,10.859933,9.151617,-15.6408415,9.065113,16.491545,-1.0545751,-9.996203,-9.349625,-19.3328,10.677635,16.206743,-5.90004,-9.706615,-9.044758,-9.068997,-13.974125,-8.455864,4.8886237,10.8453245,-17.502235,-9.321693,-10.783971,-18.92304,-0.21855383,15.937439,-11.666669,-1.9452925,-7.7020326,-4.652042,6.0202584,-2.0784538,7.0734468,12.946835,2.3189547,-6.9678345,-4.217673,12.4081955,9.3270035,-9.983377,-6.9085674,-21.964146,-8.893839,17.883656,-7.4753847
P14859,-13.263775,15.66121,19.399197,-4.296306,9.915903,-2.8962607,-0.9567433,-14.7044735,-8.32813,-14.133924,-12.552794,-11.993735,3.7103393,16.11955,10.877919,-22.487474,-6.786095,-3.4620562,2.1058414,12.629287,11.62958,9.726348,-17.219103,10.524238,17.933962,-1.0324627,-11.299312,-9.45427,-21.033714,11.230429,17.547533,-6.9868774,-10.786441,-9.460117,-10.122783,-14.084268,-9.7551,5.461006,11.9546995,-18.556149,-10.053669,-12.159352,-21.020794,-1.2037184,17.87252,-12.559801,-2.3077028,-7.933332,-5.123735,6.1772504,-2.479221,7.411757,14.106507,2.9053056,-7.779892,-4.6036043,12.669665,9.643716,-10.041701,-7.513097,-24.020702,-10.112925,19.452118,-7.2531724
P21187,-9.447448,8.016654,13.391776,-2.7700713,4.751963,-1.961761,0.10052732,-9.274118,-4.3418403,-8.729357,-7.507748,-6.056386,2.787529,7.904517,7.345123,-12.445258,-1.780908,-0.7744337,2.092489,7.5372286,6.6018844,4.5255113,-8.761098,3.3058054,10.228032,-1.0111848,-5.1782374,-6.192617,-12.730991,6.4863563,9.49264,-1.8268812,-4.2596946,-6.795354,-3.9260979,-9.312436,-7.3356414,2.7477312,7.691251,-10.387072,-6.1811056,-6.0674825,-10.385195,1.0335362,9.109831,-6.7915473,-1.6990826,-5.3259144,-3.6832445,2.98923,-0.61607474,4.712358,8.676566,0.93297553,-4.2312407,-3.1340058,7.742113,7.659735,-5.7290826,-4.360422,-14.585629,-3.3041239,11.136947,-5.828887
O94760,-12.01351,13.534146,17.348036,-3.7711208,8.271615,-2.6926801,-0.68549055,-13.154413,-6.97,-12.439123,-11.05637,-10.259598,3.350011,13.720172,9.721445,-19.458355,-5.5365405,-2.7053297,1.8777796,11.335825,10.258792,8.575953,-14.575005,8.4952545,15.955965,-1.0373682,-9.629849,-8.622186,-18.458319,9.920752,15.133921,-5.701838,-9.01813,-8.731752,-8.4654875,-12.751085,-8.920955,4.6523757,10.568724,-16.111778,-8.968108,-10.494395,-17.927683,-0.52364546,15.083574,-10.766222,-2.102916,-7.1502028,-4.7108097,5.298267,-1.9378855,6.703313,12.40267,2.2247274,-6.7651696,-4.2119203,11.30671,8.8162365,-8.956785,-6.6401076,-21.034842,-8.113854,17.062994,-7.0415635
P17256,-15.312021,19.510939,22.479137,-4.8114543,12.124712,-3.4848933,-1.2964902,-17.552095,-9.9443035,-17.081667,-15.104412,-14.952575,4.1343656,20.107601,12.576009,-27.402325,-8.902671,-4.521985,2.0789318,15.091658,14.11466,12.43701,-21.263014,13.646709,21.825329,-1.0897061,-13.9546795,-11.372636,-24.900372,13.571171,21.3396,-9.286636,-13.861179,-11.046701,-13.095544,-16.849289,-10.726546,6.7086077,14.094804,-22.683393,-11.998911,-14.987493,-25.995474,-1.7840807,21.870981,-15.2995825,-2.3808618,-9.315795,-5.753375,7.7849784,-3.2178636,8.92044,16.643196,3.6197634,-9.235798,-5.2898083,15.441481,10.747065,-12.582136,-9.085771,-28.551748,-13.154439,23.60483,-8.374067
P09546,-11.597226,14.295027,17.032146,-3.8821404,9.092302,-2.5711968,-0.97479725,-13.090554,-7.4899697,-12.553973,-11.221539,-10.906101,3.280479,14.63339,9.53302,-20.38964,-6.4283786,-3.2042975,1.7276887,11.457811,10.4989,9.156016,-15.50332,9.751634,16.542414,-0.86779785,-10.326298,-8.511586,-18.679659,10.012435,15.662942,-6.717834,-10.00115,-8.602261,-9.455412,-12.506829,-8.732248,4.968416,10.776645,-16.603804,-9.077062,-11.180221,-19.094257,-1.2282256,16.07828,-11.101629,-1.984691,-7.0109973,-4.5497937,5.520692,-2.2658162,6.7412977,12.542281,2.5174887,-6.9596887,-4.161689,11.369128,8.286147,-9.147906,-6.8830314,-21.442099,-9.21401,17.671509,-6.5205646
P14738,-9.04414,5.9081955,12.39082,-2.4232395,3.1584237,-1.8964815,0.46945664,-8.314982,-3.2715425,-7.469115,-6.3936334,-4.3679585,2.651522,5.684404,6.8738227,-9.627615,-0.46347263,-0.01764516,2.1053083,6.5147195,5.512565,3.0554507,-6.470142,1.2889366,8.138237,-1.1405064,-3.7813056,-5.538303,-11.175288,5.6547303,7.810861,-0.17024578,-2.3663332,-6.102775,-2.0204885,-8.462529,-6.957512,2.0433226,6.498978,-8.4799,-5.292957,-4.4244814,-7.6267667,1.7079158,6.787468,-5.620384,-1.8618199,-4.9514375,-3.5820885,2.336399,-0.16894197,4.0439873,7.62126,0.5343526,-3.6811314,-2.9220219,6.620147,7.6352897,-4.584968,-3.5367572,-12.443805,-1.4191355,8.975436,-5.7617283
P31725,-11.740783,13.250777,16.951954,-3.57711,7.90885,-2.7158754,-0.6199998,-12.913825,-6.686934,-12.256509,-10.875607,-10.059211,3.2696466,13.442977,9.461493,-18.959288,-5.3005476,-2.6093524,1.8110225,11.044132,10.075329,8.4271345,-14.231348,8.203623,15.518839,-1.0457758,-9.324839,-8.4873295,-18.044336,9.698367,14.7851715,-5.504314,-8.785224,-8.5508175,-8.246777,-12.585459,-8.508907,4.5323467,10.303584,-15.860486,-8.725279,-10.202902,-17.438978,-0.41042674,14.662968,-10.5671425,-1.9766167,-7.004298,-4.6067677,5.195055,-1.8140378,6.613841,12.058974,2.1248913,-6.5272846,-4.082359,11.101189,8.656365,-8.836727,-6.451257,-20.498798,-7.8688493,16.636568,-6.965755
O14011,-10.296702,8.139495,14.054787,-2.3833473,4.3542924,-2.1844525,0.48858148,-9.922805,-4.0135655,-9.413157,-7.633253,-6.1069145,2.7687812,8.019918,7.672991,-12.346007,-1.5545212,-0.33675474,2.0716486,7.3806553,6.6703367,4.4807506,-8.976529,3.0330985,10.080338,-1.043644,-4.9213104,-6.765963,-12.831197,6.887623,9.915304,-1.2792346,-4.156929,-6.9188757,-3.8240745,-10.132145,-6.9966254,2.6892643,7.560108,-10.860057,-6.2401886,-5.720354,-10.391138,1.7182575,9.063243,-7.1412964,-1.5985079,-5.757922,-3.4990788,3.4424624,-0.6370538,4.8035784,8.820632,0.9277805,-4.2072077,-3.0897157,8.5161705,8.196353,-6.4274464,-4.422515,-14.724985,-3.348672,11.276031,-6.3002005
P21327,-16.806053,26.441055,26.454659,-6.308352,16.603638,-4.2861466,-2.937882,-21.588314,-13.783091,-21.13152,-19.776478,-20.439243,4.772977,27.75024,14.839693,-36.269257,-13.78545,-7.9814544,2.0135632,19.999226,19.120453,17.379004,-28.54821,20.804653,28.583824,-0.91573,-19.852919,-13.356928,-32.514626,17.255915,27.882896,-15.21296,-20.319366,-13.063001,-19.011242,-20.29171,-11.889731,9.108105,17.986698,-30.036495,-15.223446,-21.109678,-35.30583,-5.1588306,29.869822,-20.177547,-2.738933,-10.862732,-7.427183,9.983287,-4.4805603,11.451388,21.056446,5.1410437,-12.344869,-6.383426,18.521376,11.433682,-15.267885,-11.334492,-36.44195,-19.498093,30.307236,-8.843807
O61722,-10.431747,9.486269,14.906557,-2.9105995,5.8723607,-1.9847052,0.123317,-10.294039,-5.1096754,-10.188793,-8.338991,-7.285202,2.95921,9.493247,8.029737,-14.645634,-2.1895378,-0.92025185,2.4090078,7.9494605,7.2440476,5.1194983,-10.702427,4.3116903,11.501711,-0.8796278,-5.7063484,-6.9636497,-13.882455,7.1589384,10.86128,-2.3624742,-5.329034,-7.4941735,-5.0496726,-10.347297,-7.7096405,3.1670544,8.746061,-11.965484,-6.8827567,-6.899823,-12.284257,1.1112987,10.94245,-7.7967086,-1.463193,-5.8707113,-3.5701876,3.5818033,-0.87583786,5.1864743,9.605303,1.2561496,-4.464797,-3.1927855,9.03857,8.276609,-6.8847237,-4.980141,-16.473457,-4.5841055,12.814331,-6.0585175
P62993,-13.098327,16.120768,19.225077,-4.2641187,10.1491785,-2.9121125,-1.0689672,-14.79979,-8.401536,-14.249858,-12.678967,-12.330383,3.6308682,16.570621,10.772653,-22.93511,-7.188317,-3.6498344,1.9493693,12.818894,11.839895,10.218007,-17.581781,11.025566,18.410658,-0.9686721,-11.591864,-9.5852375,-21.078018,11.347625,17.769045,-7.493998,-11.28277,-9.535987,-10.645061,-14.156432,-9.577052,5.57037,12.035521,-18.834702,-10.177526,-12.524763,-21.545925,-1.3686743,18.186428,-12.677559,-2.17933,-7.9102974,-5.0546637,6.316645,-2.5652778,7.541158,14.118453,2.9404595,-7.825657,-4.5880575,12.873459,9.354756,-10.35125,-7.6602225,-24.146364,-10.561983,19.815172,-7.2660003
Q3HL75,-12.967786,15.363887,18.777494,-4.0577693,9.590714,-2.83278,-0.87164956,-14.413902,-7.9283676,-13.810091,-12.126348,-11.690397,3.521648,15.697362,10.519199,-21.890228,-6.699628,-3.229607,1.9244556,12.31895,11.315063,9.710508,-16.714436,10.231226,17.723995,-0.9519846,-10.935779,-9.4341135,-20.18919,10.986575,17.019588,-6.864352,-10.6002865,-9.349908,-10.005559,-13.861865,-9.40172,5.267898,11.569846,-18.01197,-9.853142,-11.83962,-20.476078,-0.9470886,17.24172,-12.088295,-2.1362078,-7.77073,-4.8493757,6.110855,-2.425002,7.2753778,13.624931,2.712283,-7.503768,-4.469054,12.605778,9.255083,-10.116925,-7.407656,-23.210672,-9.855974,19.05173,-7.293246
O75400,-13.183193,14.7490015,19.235258,-4.3775177,9.420319,-2.7856114,-0.8363218,-14.255404,-7.940867,-13.583493,-12.147683,-11.287812,3.7612364,15.062447,10.819907,-21.63234,-5.8791013,-3.0827084,2.2999737,12.335952,11.112466,9.072556,-16.211617,9.303912,17.347143,-1.161137,-10.5338545,-9.237893,-20.38863,10.764084,16.675776,-6.1154313,-9.750348,-9.486207,-9.18607,-13.664932,-10.174063,5.1446223,11.768645,-17.571373,-9.836879,-11.541877,-19.815184,-0.73115367,16.838984,-11.919955,-2.370892,-7.766304,-5.1942515,5.6634126,-2.159726,7.222427,13.7245,2.6913261,-7.42864,-4.5907836,12.218944,9.793863,-9.562128,-7.277401,-23.39276,-8.993011,18.783344,-7.4407196
P68105,-13.115437,14.3621,18.945683,-3.9104152,8.790743,-2.8240862,-0.5475595,-14.100989,-7.439975,-13.637781,-11.813049,-10.984179,3.606442,14.638948,10.508357,-20.868912,-5.3899508,-2.6674287,2.2763557,11.709581,10.770913,8.707942,-15.786774,8.715193,16.638845,-1.0809916,-9.825004,-9.263108,-19.629889,10.500063,16.15947,-5.5934844,-9.3723955,-9.3425455,-8.821616,-13.766717,-9.415125,4.892058,11.404563,-17.321173,-9.508309,-10.8892145,-18.985321,-0.21499693,16.225796,-11.607318,-2.0672991,-7.711658,-4.8472333,5.6658688,-1.976253,7.09977,13.245066,2.427189,-6.967475,-4.334418,12.26768,9.760205,-9.680068,-7.0073357,-22.609192,-8.621925,18.16282,-7.462014
O95727,-11.536045,12.911398,17.001045,-4.1946955,8.722359,-2.2683198,-0.88773656,-12.3932085,-7.352056,-11.721645,-10.592894,-9.8755045,3.4111676,13.191907,9.592448,-19.26372,-5.32498,-2.8002837,2.192235,10.974224,9.734589,7.8599725,-14.293274,8.330292,15.519804,-0.9427308,-9.431742,-7.9610043,-18.046478,9.357708,14.602944,-5.552139,-8.613691,-8.461529,-8.114926,-11.703823,-9.542594,4.570816,10.605936,-15.230464,-8.764663,-10.350697,-17.569077,-0.93072534,15.046853,-10.317655,-2.2606971,-6.775072,-4.674218,4.788077,-1.9597354,6.3030095,12.2399645,2.403511,-6.701592,-4.14947,10.523988,8.604234,-8.099465,-6.50102,-20.817928,-7.903122,16.656172,-6.380106
Q05080,-10.078322,9.373405,14.242554,-2.8430276,5.7002673,-2.0354493,-0.021939494,-10.188934,-4.999873,-9.728223,-8.1775675,-7.128906,2.8051732,9.467692,7.845184,-14.133091,-2.7777808,-1.1699767,2.0559187,8.069168,7.3309894,5.3409514,-10.472448,4.790745,11.351907,-0.86144984,-6.141255,-6.786244,-13.818908,7.285016,10.990232,-2.7236774,-5.5558615,-7.041055,-5.2000003,-10.032547,-7.340581,3.1741736,8.216434,-11.795114,-6.7284365,-7.008314,-12.3615265,0.6676416,10.769384,-7.840579,-1.6375769,-5.750009,-3.59685,3.7088125,-1.0463465,5.02578,9.449311,1.4290843,-4.7767777,-3.188854,8.755599,7.813885,-6.6740174,-4.878304,-15.979569,-4.902237,12.505932,-5.855482
P25233,-11.675517,12.237458,16.848783,-3.5780046,7.589483,-2.4958663,-0.4251373,-12.330187,-6.544778,-11.834405,-10.329523,-9.359777,3.3229256,12.472446,9.353679,-18.015541,-4.453243,-2.2049751,2.1464262,10.265835,9.358265,7.313416,-13.518402,7.241551,14.383317,-1.0374988,-8.495507,-8.025186,-17.36553,9.125384,14.013765,-4.5535474,-7.8175917,-8.259463,-7.305039,-12.023489,-8.641628,4.255062,10.064615,-14.986074,-8.301409,-9.360665,-16.266361,-0.1262457,14.004935,-10.062597,-2.0172384,-6.814938,-4.452833,4.7914824,-1.6448268,6.1983113,11.710094,2.0557468,-6.164248,-3.926805,10.530679,8.878519,-8.15815,-6.099433,-19.871,-7.074646,15.7442665,-6.6102686
O75129,-22.886152,33.715572,33.987083,-7.9334965,21.322685,-5.496414,-3.2782292,-28.101854,-16.900934,-26.904535,-24.753159,-25.719723,5.9912176,34.852432,19.538862,-46.00463,-18.073639,-9.349518,1.854026,25.694592,23.811934,22.845097,-36.084846,26.288387,37.280876,-1.5023385,-25.527985,-18.009483,-40.6603,22.78667,36.124405,-18.75862,-25.577324,-16.775873,-24.26662,-26.285486,-16.357357,11.692598,22.170197,-37.55723,-19.723408,-26.58477,-45.478176,-5.3914995,37.221092,-25.694355,-3.8880038,-14.44343,-9.067746,13.56351,-6.487972,14.381098,26.983814,6.860003,-16.077692,-8.566337,24.895891,14.713681,-20.899546,-15.260193,-46.297646,-24.737514,39.505188,-12.336162
Q9GZM8,-9.560501,8.704659,13.283482,-2.6695595,5.203464,-1.9800917,-0.01870651,-9.681724,-4.585675,-8.970708,-7.6102834,-6.529795,2.61394,8.7531805,7.418863,-12.977455,-2.8372784,-1.0711572,1.7752172,7.7541184,6.9511456,5.135982,-9.595265,4.54322,10.737575,-0.8338833,-5.94962,-6.4489713,-13.013832,6.9979,10.386186,-2.588393,-5.208992,-6.5698943,-4.839103,-9.461596,-6.957855,2.9618943,7.5101433,-10.964893,-6.3412056,-6.5896277,-11.559394,0.5994888,9.899566,-7.329159,-1.7095884,-5.473849,-3.462633,3.5658073,-1.0505282,4.703011,8.901538,1.3353895,-4.698939,-3.0966036,8.227014,7.303472,-6.258638,-4.606303,-14.85086,-4.543525,11.675483,-5.653417
P0ABV6,-10.530561,8.081388,14.640752,-2.792305,4.569043,-2.1549954,0.3819577,-10.014216,-4.3193207,-9.410627,-7.881154,-6.0807977,2.9941573,7.9168077,8.032885,-12.689296,-1.31045,-0.43363523,2.3598027,7.787295,6.818139,4.311364,-8.930373,2.7752185,10.351328,-1.1574546,-5.0204096,-6.717942,-13.428337,6.9302077,9.941567,-1.1662897,-3.9250054,-7.228617,-3.5582135,-10.184202,-7.8241234,2.7322907,8.012,-10.875609,-6.4879036,-5.91032,-10.410512,1.637029,9.215514,-7.1735215,-1.8574435,-5.8438253,-3.8989136,3.1933713,-0.5317311,4.925089,9.211878,0.9066936,-4.384389,-3.3102596,8.3694935,8.614516,-6.10299,-4.4850745,-15.353984,-2.9966779,11.487461,-6.4633956
A8KC60,-13.446352,14.017661,19.644999,-4.3342943,8.879158,-2.7815893,-0.6341276,-14.20009,-7.8259063,-13.555066,-11.991087,-10.758973,3.8469942,14.388104,10.983371,-20.869562,-5.1055474,-2.779612,2.6667442,11.999491,10.88665,8.132557,-15.657518,8.4343195,16.445913,-1.1659901,-9.927112,-9.051951,-20.402239,10.576375,16.26978,-5.27144,-8.981212,-9.403511,-8.299331,-13.735537,-10.174904,4.8787866,11.705354,-17.30065,-9.644156,-10.903469,-18.830038,-0.44297647,16.405466,-11.750076,-2.484694,-7.828402,-5.2962193,5.424928,-1.8936146,7.0602503,13.715257,2.5348365,-7.308388,-4.520133,11.929306,10.341404,-9.028297,-6.8969464,-23.1956,-8.296921,18.04184,-7.419903
P63165,-13.891213,16.06682,20.103643,-4.1824203,9.817592,-3.0960116,-0.7811707,-15.303802,-8.2052145,-14.770995,-12.928421,-12.28038,3.779733,16.441732,11.217333,-22.95755,-6.601931,-3.279121,2.1430426,12.886891,11.915871,10.013277,-17.553427,10.354831,18.363108,-1.1231145,-11.25301,-10.003622,-21.42114,11.589096,17.937595,-6.807725,-10.85446,-9.883077,-10.226365,-14.842277,-9.827211,5.503849,12.22176,-19.12056,-10.332995,-12.24575,-21.314772,-0.7179849,18.028284,-12.875344,-2.211487,-8.2771435,-5.181505,6.4189095,-2.4061487,7.7149744,14.380591,2.8340948,-7.7705283,-4.681761,13.346621,10.098308,-10.678996,-7.706188,-24.550293,-10.110142,19.96528,-7.8327227
P10809,-12.302283,13.135244,17.642406,-3.5739057,8.061318,-2.6101027,-0.39977667,-13.070074,-6.834024,-12.662644,-10.841508,-10.051653,3.370459,13.413877,9.767434,-19.14822,-4.844553,-2.2971544,2.167759,10.653583,9.846841,7.8636646,-14.554919,7.88718,15.206654,-0.99577975,-8.929482,-8.601062,-18.071327,9.679348,14.923019,-4.9219074,-8.503952,-8.635183,-8.00773,-12.757888,-8.727281,4.4897475,10.506814,-15.95485,-8.732469,-9.882143,-17.40611,-0.048176277,14.929297,-10.708684,-1.9215779,-7.193294,-4.4233174,5.254288,-1.8209395,6.513437,12.235605,2.2459993,-6.4059663,-3.994731,11.389667,9.1799965,-8.963891,-6.4730105,-20.85578,-7.8585033,16.71869,-6.915378
Q9MZB4,-12.8681135,16.447206,19.343409,-5.1834636,11.581016,-2.5025241,-1.6171815,-14.502081,-9.414047,-13.781087,-12.807922,-12.677794,3.8476694,17.0354,11.090833,-24.18227,-7.8492007,-4.2963085,2.1663294,13.356394,11.912378,10.392272,-18.297571,11.955619,19.286053,-0.96801627,-12.478522,-9.188121,-21.707382,11.336851,18.272135,-8.240992,-11.731803,-9.564787,-11.196184,-13.238669,-11.036979,5.9240503,12.602377,-18.640385,-10.52808,-13.443505,-22.79328,-2.344864,19.233515,-12.873781,-2.5877829,-7.719469,-5.338949,6.05742,-2.928574,7.430361,14.63985,3.5525336,-8.370792,-4.8411727,12.464304,9.128878,-9.863335,-8.071699,-25.163942,-11.238855,20.66268,-6.7300687
P0DPK5,-14.407156,17.670382,20.99384,-4.701523,11.068801,-3.2307515,-1.2220957,-16.303123,-9.10911,-15.48902,-13.937014,-13.495268,3.9349408,18.172743,11.918566,-25.098415,-7.984604,-4.095883,2.0012345,14.237276,13.039759,11.35651,-19.236485,12.144865,20.245659,-1.1541324,-12.879921,-10.569213,-23.177591,12.606997,19.679136,-8.213449,-12.354552,-10.33557,-11.689129,-15.461296,-10.574194,6.1120644,13.000174,-20.584242,-11.1931095,-13.819628,-23.775187,-1.5262102,19.835701,-14.039392,-2.4845803,-8.689659,-5.604719,6.9989576,-2.8763592,8.234812,15.484055,3.4107337,-8.726803,-5.0608063,14.157233,10.182321,-11.416572,-8.428462,-26.449125,-11.686658,21.77996,-8.079119
P08902,-7.53597,9.423555,10.933585,-3.0546446,6.669658,-1.4475936,-1.0275981,-8.674008,-5.473969,-7.6146383,-7.1037903,-7.0671787,2.1331198,9.825364,6.4492283,-13.579176,-5.334641,-2.4627717,1.0541134,8.01291,7.1209984,6.234867,-10.402,7.4222836,11.517445,-0.3231697,-7.6888294,-5.50226,-12.565468,6.824435,10.79373,-5.133006,-7.128907,-5.50819,-6.729455,-7.574602,-6.4072237,3.3543034,6.975743,-10.589401,-6.1825733,-7.9937763,-13.356727,-1.6738312,11.087305,-7.2970886,-1.7792261,-4.598395,-3.1133823,3.6586308,-1.8468608,4.2403235,8.524542,2.0995603,-5.406441,-2.904622,7.2638073,5.0345726,-5.6783886,-4.7598486,-14.236142,-6.8071704,11.890672,-4.023973
Q88YH3,-8.622822,5.7006564,11.747673,-2.227682,3.0285325,-1.8014517,0.48431608,-7.946249,-3.073835,-7.18478,-6.0462866,-4.2166266,2.4911842,5.498867,6.491818,-9.214554,-0.48417884,0.042504817,1.9744138,6.1051297,5.224461,2.9752429,-6.2657585,1.291596,7.7859125,-1.0424023,-3.5575142,-5.3513927,-10.507219,5.377709,7.4690104,-0.18367457,-2.3375797,-5.8229475,-2.040494,-8.082741,-6.4923,1.9463966,6.1617265,-8.111902,-5.022624,-4.201524,-7.3351426,1.6933589,6.501118,-5.350194,-1.6823587,-4.725079,-3.2950716,2.2873101,-0.17878813,3.8550394,7.1920934,0.5157128,-3.448656,-2.732318,6.4245834,7.212962,-4.5265675,-3.4074936,-11.786722,-1.4602284,8.607683,-5.4915385
O81770,-7.842093,6.0401464,11.023553,-2.2344239,3.6458247,-1.5347021,0.2389233,-7.44583,-3.418832,-7.0155764,-5.8612795,-4.581638,2.3352933,5.9932566,6.000776,-9.694183,-0.969154,-0.3017358,1.9255912,5.7631407,5.09471,3.1539903,-6.825715,2.119498,7.871592,-0.78913414,-3.7355554,-4.9936814,-10.073398,5.0394607,7.41385,-0.9111285,-2.97102,-5.5506454,-2.733072,-7.445381,-6.0572553,2.0702758,6.2094183,-8.099849,-4.871365,-4.5194497,-7.874409,1.1204801,7.093065,-5.280577,-1.3795644,-4.3463264,-2.9290311,2.2426152,-0.3417594,3.7123566,6.916832,0.69219106,-3.280805,-2.4829423,6.1814585,6.4861298,-4.464783,-3.4307506,-11.6146755,-2.2449334,8.716694,-4.755221
P15700,-14.9814415,18.454252,21.97901,-4.750973,11.5404215,-3.3899415,-1.1868755,-16.926315,-9.638237,-16.41068,-14.578809,-14.16883,4.1269555,19.082113,12.319843,-26.116308,-8.303266,-4.2797666,2.1718366,14.511165,13.542923,11.569615,-20.265825,12.819359,20.663841,-1.1433667,-13.360093,-10.829091,-24.271017,13.066188,20.53952,-8.561519,-12.974415,-10.592509,-12.171723,-16.233276,-10.607287,6.436083,13.599444,-21.775581,-11.5035515,-14.227786,-24.729288,-1.7056323,20.960726,-14.78413,-2.512205,-9.052507,-5.7396545,7.396467,-3.0452096,8.526473,16.18951,3.5079248,-8.999689,-5.1835914,14.664074,10.733318,-11.767051,-8.649736,-27.627077,-12.327426,22.511106,-8.048242
P10493,-12.908309,16.705748,19.005339,-4.15049,10.174247,-3.0669215,-1.2167243,-15.082229,-8.396212,-14.407594,-12.937672,-12.707246,3.5055146,17.136454,10.661843,-23.283558,-7.804931,-3.9494607,1.6569886,13.260943,12.311916,10.937898,-17.883308,11.689136,18.996283,-0.9090278,-12.095325,-9.801708,-21.35664,11.653463,18.111025,-8.211032,-11.959748,-9.610069,-11.25793,-14.4643955,-9.155924,5.6834517,12.038212,-19.34029,-10.356281,-13.016519,-22.12003,-1.6341065,18.47477,-12.898562,-2.0970151,-7.946184,-5.10842,6.5603504,-2.6320512,7.7777987,14.189118,2.9001443,-8.0215025,-4.614887,13.12065,9.020924,-10.698359,-7.761284,-24.248644,-11.087783,20.141638,-7.4137754
P03615,-3.6888454,2.0857756,5.1783876,-1.2649084,1.5668634,-0.5707471,0.20242031,-3.1998985,-1.5138651,-2.8655205,-2.3318775,-1.5881333,1.2867967,2.0751092,2.7649257,-4.0437684,0.19386522,0.30638203,1.259977,2.3555548,2.00968,0.89236146,-2.5931408,0.10657237,3.445406,-0.32150605,-1.1259139,-2.2407918,-4.2433834,1.8370568,2.8075335,0.23830867,-0.65345025,-2.8837872,-0.6630149,-3.0105457,-3.4031687,0.7469042,3.0299969,-3.0038507,-2.1329138,-1.7340835,-2.8404858,0.80898356,2.7599761,-1.8254255,-0.70194894,-1.9548435,-1.4259218,0.49906728,0.17195578,1.6580156,2.9812667,0.13328995,-1.3223364,-1.1848049,2.5237396,3.2764046,-1.6555971,-1.5693588,-5.0661354,-0.15900385,3.7389572,-2.358033
P28241,-10.283464,7.6887026,13.881418,-2.276488,3.7525692,-2.3763576,0.5418836,-9.925998,-3.7581773,-9.137704,-7.591002,-5.7060637,2.7729053,7.5999107,7.6680117,-11.464838,-1.5408411,-0.338406,1.9189548,7.439223,6.7172217,4.278656,-8.368966,2.8030584,9.518481,-1.1680549,-4.9886007,-6.5975237,-13.001907,6.9800553,9.826785,-1.0477489,-3.8395982,-6.607293,-3.3539538,-10.167189,-6.7448587,2.6062584,7.138593,-10.731334,-6.0393095,-5.440544,-9.8336315,1.6260383,8.551874,-7.151883,-1.8656927,-5.782655,-3.7357433,3.4511971,-0.59292185,4.70963,8.776475,0.8635643,-4.402604,-3.168075,8.163323,8.296575,-6.01315,-4.163064,-14.318311,-2.9807048,10.673548,-6.325279
O60906,-11.895854,14.3255205,17.225977,-3.903841,9.214224,-2.535758,-0.916024,-13.2435,-7.479494,-12.637052,-11.195012,-10.932872,3.2830906,14.693814,9.725833,-20.53853,-6.4147396,-3.1015444,1.7418648,11.425769,10.436134,9.152425,-15.692806,9.747581,16.62488,-0.8869388,-10.320625,-8.687591,-18.652351,10.136923,15.910846,-6.53878,-9.961025,-8.6124115,-9.500553,-12.519993,-8.928245,4.976555,10.732037,-16.578632,-9.138667,-11.170163,-19.323147,-1.0650617,16.156374,-11.234708,-2.0031054,-7.1198506,-4.456615,5.6362996,-2.3559515,6.691879,12.603328,2.7207232,-7.021744,-4.156034,11.625634,8.391864,-9.389651,-7.0093675,-21.574755,-9.367626,17.887037,-6.626909
O75334,-8.025497,6.806984,10.985499,-1.7985842,3.6951575,-1.7545227,0.33072826,-7.9594054,-3.3663838,-7.6358037,-6.1099014,-5.149081,2.1654992,6.8880496,5.9386177,-10.076002,-1.7124665,-0.41108266,1.559338,5.752954,5.4600177,3.8049567,-7.6382837,3.0735834,8.120398,-0.683811,-4.200225,-5.3865542,-10.283712,5.520332,8.211164,-1.4549631,-3.8353736,-5.386809,-3.5479863,-8.015511,-5.1279025,2.2740638,6.011628,-9.004736,-4.9051323,-4.7803164,-8.765979,1.0414155,7.7016406,-5.886319,-1.1583405,-4.5619173,-2.6319592,2.920861,-0.629959,3.8440726,7.0079336,0.86593467,-3.4405162,-2.3685284,6.8461227,6.298531,-5.2536993,-3.592451,-11.747977,-3.2659924,9.146561,-4.731026
O14960,-14.013205,16.237305,20.248737,-4.35095,10.08194,-3.0833,-0.92137796,-15.510244,-8.515796,-14.740938,-13.016678,-12.360952,3.785609,16.69321,11.418678,-23.129604,-7.149728,-3.519984,2.0978374,13.213162,12.165213,10.120106,-17.789392,10.927125,18.598087,-1.0568318,-11.788435,-9.988709,-21.903837,11.888391,18.368504,-7.1758513,-11.20611,-9.7846575,-10.464715,-14.870196,-10.009882,5.6078043,12.229595,-19.331997,-10.485336,-12.556364,-21.796078,-1.1369879,18.445894,-13.124773,-2.4698567,-8.380082,-5.315007,6.5911317,-2.6199203,7.686109,14.71075,3.0216002,-8.228418,-4.7947884,13.35251,10.090142,-10.566336,-7.774237,-24.87154,-10.555319,20.126745,-7.7114663
O59734,-13.052719,11.704654,17.613018,-2.4524732,5.93748,-2.957913,0.61261207,-13.140412,-5.1972528,-12.838585,-10.09019,-8.814482,3.179626,11.706503,9.54738,-16.638065,-3.1952631,-0.8251973,2.0750756,9.385955,8.965269,6.766683,-12.836875,5.548471,13.324834,-1.1343368,-7.0372834,-9.017603,-16.514057,9.387892,13.741994,-2.754128,-6.790878,-8.46855,-6.321465,-13.525342,-7.525809,3.7791607,9.413701,-15.136558,-8.02653,-7.8479805,-14.807257,1.8736409,12.669623,-9.983712,-1.59431,-7.4675283,-3.9076724,5.3571134,-1.3314844,6.253623,11.3212,1.5108377,-5.490346,-3.6874619,11.747773,9.849798,-9.336669,-5.8730497,-19.018984,-6.0661187,15.103322,-7.7185965
O60609,-12.698515,12.978614,18.391281,-4.076689,8.381756,-2.5170531,-0.4652109,-13.138271,-7.1700954,-12.64481,-11.0335865,-9.955791,3.6536758,13.1759405,10.236949,-19.547462,-4.445431,-2.2797832,2.5439491,11.013426,9.860968,7.5680127,-14.47973,7.439315,15.502479,-1.1430738,-8.919713,-8.577871,-18.605154,9.681452,14.908062,-4.6083155,-8.091727,-9.024865,-7.6174703,-12.753608,-9.879772,4.5240345,11.02914,-15.811077,-9.014095,-9.997006,-17.380928,0.008992717,15.035608,-10.677588,-2.2244694,-7.312637,-4.8132577,4.951363,-1.7293738,6.5967145,12.6691475,2.2554872,-6.553453,-4.255707,11.280726,9.728872,-8.648393,-6.604338,-21.578585,-7.359057,17.00943,-7.1340656
P01857,-15.944127,21.228973,23.874964,-5.4874787,13.540365,-3.5853658,-1.7864358,-18.668203,-11.137848,-18.067245,-16.352957,-16.329597,4.4014335,22.024206,13.468622,-29.967987,-10.035174,-5.4319267,2.2573743,16.542631,15.404004,13.559211,-23.22577,15.372156,23.762035,-1.0822145,-15.521906,-11.916432,-27.099016,14.576867,23.161505,-10.656852,-15.365707,-11.705156,-14.509824,-17.625776,-11.662803,7.3284,15.298343,-24.448938,-13.000178,-16.684837,-28.557764,-2.659197,24.076883,-16.607145,-2.6351683,-9.781379,-6.3207736,8.235738,-3.5484483,9.553674,18.000776,4.1822605,-10.190361,-5.661737,16.254677,11.144666,-13.1781025,-9.766539,-30.969477,-14.741598,25.55216,-8.58565
Q0VCU1,-11.791873,12.864685,17.264547,-3.6945493,8.195069,-2.4114935,-0.51973665,-12.552287,-6.970442,-12.31186,-10.61733,-9.913596,3.3638873,13.176795,9.490775,-19.025482,-4.664538,-2.384117,2.3170388,10.385836,9.590513,7.5477815,-14.367043,7.7776995,14.926727,-0.9145081,-8.714325,-8.188212,-17.729385,9.245618,14.44384,-4.958013,-8.355997,-8.512197,-7.8739185,-12.218361,-8.752168,4.427604,10.564152,-15.55256,-8.5587225,-9.797078,-17.080324,-0.27590168,14.860688,-10.376742,-1.8502158,-6.893791,-4.368419,4.915186,-1.7280871,6.364707,12.004872,2.1895204,-6.193856,-3.889544,10.894355,8.935234,-8.495038,-6.318568,-20.591171,-7.6952333,16.39897,-6.511223
O15537,-11.101344,13.005119,16.719023,-4.2145367,8.881493,-2.207661,-1.0383978,-12.159223,-7.5332246,-11.650289,-10.646678,-10.055753,3.3833616,13.457812,9.394497,-19.437489,-5.4088173,-3.0774095,2.2379367,10.839931,9.774171,7.831583,-14.56017,8.657066,15.340103,-0.8817579,-9.520511,-7.686489,-18.093891,9.186597,14.632314,-5.823645,-8.829946,-8.249017,-8.316226,-11.38938,-9.226478,4.631295,10.64541,-15.35378,-8.636632,-10.50203,-17.755463,-1.3132658,15.363639,-10.430187,-2.1440632,-6.5699573,-4.639974,4.691897,-1.9356002,6.256947,12.137637,2.5435195,-6.6410275,-4.0090175,10.243563,8.366579,-7.871246,-6.3938584,-20.808723,-8.233265,16.579056,-5.9681087
P16233,-18.272097,24.305635,26.65447,-5.601765,14.594615,-4.48826,-1.768923,-21.574198,-11.899725,-20.690536,-18.58779,-18.505825,4.7655783,25.009783,15.089374,-33.302483,-11.856169,-5.9802523,1.854263,18.888702,17.650196,16.101025,-26.003483,17.591017,26.962582,-1.3697174,-17.820564,-13.953165,-30.514313,17.012072,26.481495,-12.211293,-17.667004,-13.084953,-16.630833,-20.700756,-12.314379,8.329448,16.65179,-28.04104,-14.649257,-18.729944,-32.302937,-2.6332326,26.685892,-18.994293,-2.9409747,-11.31288,-7.041889,9.94852,-4.2017775,10.952668,20.217165,4.5291395,-11.615892,-6.4810286,18.933327,12.422503,-15.654726,-11.101699,-34.49554,-16.768084,28.864462,-10.228654
P14384,-18.088184,24.074486,26.65514,-5.640789,14.594925,-4.4031224,-1.6982569,-21.199808,-11.878526,-20.670599,-18.521862,-18.423363,4.8749547,24.712578,14.921973,-33.2874,-11.264422,-5.819112,2.0741844,18.550032,17.339426,15.777045,-25.809055,17.04267,26.696045,-1.4296645,-17.325356,-13.742169,-30.207201,16.57942,25.958237,-11.885217,-17.2676,-13.214643,-16.305792,-20.513916,-12.459601,8.2893,16.885235,-27.7901,-14.511014,-18.46056,-31.815725,-2.4147048,26.475212,-18.693817,-2.783243,-11.153257,-7.009551,9.625249,-4.006078,10.946851,20.035118,4.323194,-11.182304,-6.4342856,18.680841,12.536542,-15.446575,-11.029785,-34.419323,-16.23193,28.708984,-10.12153
P05187,-12.2785,13.559032,17.73823,-3.6917686,8.364705,-2.6214068,-0.5026306,-13.178444,-6.9605393,-12.815883,-11.063114,-10.3710985,3.40847,13.753395,9.796715,-19.754524,-5.013073,-2.428561,2.133347,10.960182,10.042724,8.3025255,-14.846984,8.117818,15.825558,-1.0209537,-9.142927,-8.75965,-18.252419,9.762117,15.063769,-5.2761846,-8.80565,-8.922924,-8.366006,-12.887516,-8.961648,4.615523,10.811932,-16.186268,-8.956425,-10.25758,-17.855173,-0.08807214,15.197789,-10.77122,-1.8550206,-7.2126656,-4.4950123,5.265091,-1.8351215,6.7211328,12.3662615,2.2102716,-6.41377,-4.0853252,11.586304,9.108414,-9.226925,-6.6875267,-21.225716,-8.007958,17.217505,-7.0842814
O75694,-16.533707,17.696619,23.49495,-4.4698277,10.350301,-3.7228482,-0.4537003,-17.689697,-8.85937,-17.090973,-14.668088,-13.481616,4.3650246,18.014303,13.068901,-25.263454,-6.6987743,-3.179134,2.5655873,14.3974,13.340704,10.743366,-19.353937,10.715541,20.105686,-1.452695,-12.1606,-11.57896,-24.353327,13.301132,20.198677,-6.663049,-11.501321,-11.252677,-10.711498,-17.490133,-11.10546,6.0295067,13.664506,-21.672176,-11.628673,-13.125714,-23.280691,-0.028190792,19.789751,-14.636326,-2.6158557,-9.7217,-5.942091,7.3921623,-2.5650592,8.717316,16.397747,2.9950473,-8.682349,-5.34971,15.385219,12.235432,-12.172794,-8.525993,-27.73705,-10.671889,22.170828,-9.339955
P01588,-13.281211,15.774394,19.451576,-4.357647,10.038233,-2.8721492,-1.0156293,-14.770918,-8.392673,-14.157161,-12.617262,-12.099064,3.7038298,16.276484,10.951301,-22.713913,-6.832002,-3.54264,2.1280396,12.719948,11.70496,9.811788,-17.400799,10.637062,18.083448,-1.0257211,-11.382528,-9.510764,-21.124287,11.287724,17.704058,-7.0573316,-10.88017,-9.486519,-10.251868,-14.046634,-9.829492,5.48159,12.009157,-18.619816,-10.12512,-12.306583,-21.254942,-1.2556173,18.028584,-12.664632,-2.2927306,-7.93912,-5.131423,6.184953,-2.486383,7.4351144,14.15084,3.0289407,-7.833991,-4.5872564,12.746825,9.619288,-10.118891,-7.5672226,-24.165636,-10.291362,19.616879,-7.275367
P14079,-9.94698,10.277232,14.066404,-2.943891,6.181479,-2.2408237,-0.33930266,-10.590911,-5.3421683,-9.869186,-8.690715,-7.792666,2.7804961,10.512339,7.919936,-14.895636,-4.0236826,-1.837651,1.6032238,8.795662,8.023791,6.383413,-11.270127,6.228625,12.1737585,-0.9143111,-7.382416,-6.9081254,-14.715609,7.8906794,12.027403,-3.8716202,-6.648389,-6.8779364,-6.201674,-10.1968355,-7.165656,3.5933518,8.210928,-12.645369,-6.9763746,-7.926957,-13.77004,-0.1385094,11.632431,-8.570383,-1.8284996,-5.8406024,-3.8215518,4.181878,-1.4400485,5.239152,9.854116,1.8047768,-5.4215035,-3.3779793,8.941643,7.4402223,-6.9693475,-5.1832438,-16.564182,-6.0200796,13.246417,-5.749984
P13725,-11.856407,14.669684,17.466932,-4.013779,9.1496525,-2.7468805,-1.0883334,-13.555293,-7.6662855,-12.8044,-11.666508,-11.172267,3.3600762,15.061378,9.856641,-20.807093,-6.712693,-3.4734426,1.7047057,12.038457,11.013153,9.490908,-15.81501,10.098384,16.970362,-0.9455964,-10.823932,-8.712911,-19.510324,10.435361,16.219881,-7.0060377,-10.310827,-8.749585,-9.668715,-12.906196,-8.881657,5.098492,10.977445,-17.17091,-9.351225,-11.606458,-19.624315,-1.4496288,16.47476,-11.545697,-2.1654274,-7.2153683,-4.881588,5.676367,-2.2860277,6.97048,12.9598255,2.6269891,-7.344757,-4.3221455,11.559163,8.510687,-9.238924,-6.977899,-22.04437,-9.489533,18.04382,-6.760498
P0ABE5,-10.599081,14.583428,16.393236,-3.7272081,9.273277,-2.3980641,-1.126888,-12.493292,-7.6069384,-12.607571,-11.163986,-11.255051,3.150053,14.918658,8.811649,-20.784441,-6.237578,-3.3940575,1.8698981,11.045059,10.408859,9.2216,-15.717175,9.88888,16.534815,-0.61467767,-9.919376,-8.169936,-18.095467,9.364531,14.958759,-7.253321,-10.364065,-8.712124,-9.843098,-12.210371,-7.993556,4.932994,11.147622,-16.6785,-8.909096,-11.291046,-18.923336,-1.4308081,16.315025,-10.691152,-1.3775172,-6.5524836,-4.261929,5.1687503,-1.9870739,6.8535047,12.075344,2.1433039,-6.2932286,-3.8355784,11.058338,7.708297,-9.039347,-6.6996856,-21.138613,-9.322545,17.524754,-6.0353556
Q13114,-11.670651,12.971266,16.739067,-3.3526561,7.857525,-2.5747705,-0.4627493,-12.657414,-6.615757,-12.247926,-10.515913,-9.904089,3.1713724,13.272001,9.263469,-18.60188,-5.118648,-2.3826373,1.8871673,10.367415,9.669392,7.9612656,-14.25456,8.107618,14.881467,-0.90264785,-8.918298,-8.329364,-17.467422,9.441506,14.584964,-5.1934457,-8.632585,-8.248575,-8.126055,-12.339296,-8.083372,4.428271,10.05584,-15.626674,-8.427286,-9.765028,-17.141994,-0.27824688,14.603655,-10.442651,-1.7940035,-6.9086065,-4.208951,5.233752,-1.8652537,6.3402314,11.774212,2.1923177,-6.2719297,-3.8371625,11.05098,8.572069,-8.804312,-6.303359,-20.06294,-7.972029,16.260399,-6.582615
P23381,-12.985168,16.082836,19.195051,-4.3783507,10.209641,-2.8846004,-1.1660696,-14.741743,-8.52656,-14.123494,-12.697772,-12.299256,3.650063,16.555195,10.781118,-22.932467,-7.276967,-3.780592,1.9830402,12.939599,11.906823,10.1791315,-17.53297,11.119422,18.428873,-0.9538235,-11.721504,-9.460669,-21.2301,11.336703,17.751663,-7.6210794,-11.317503,-9.505015,-10.629529,-14.050306,-9.6789465,5.5796466,12.080886,-18.805513,-10.200102,-12.625757,-21.55633,-1.5798699,18.253525,-12.663622,-2.2743611,-7.8635545,-5.1674194,6.237113,-2.5625234,7.529177,14.185771,2.9493158,-7.935176,-4.6258073,12.693471,9.319712,-10.127515,-7.6177435,-24.2037,-10.571373,19.756197,-7.1724887
P06454,-14.886444,15.916129,21.32722,-4.376906,9.643836,-3.2650206,-0.5832334,-15.909856,-8.289547,-15.206468,-13.28571,-12.141702,4.057634,16.253992,11.947776,-23.027721,-6.129907,-3.0388215,2.456615,13.239218,12.117393,9.639143,-17.502077,9.768077,18.366238,-1.322878,-11.200427,-10.317056,-22.284973,11.981656,18.30055,-6.129117,-10.366773,-10.233336,-9.653323,-15.514661,-10.572806,5.4949007,12.539092,-19.434963,-10.612122,-12.094449,-21.191011,-0.32316732,18.057625,-13.202406,-2.5664792,-8.737909,-5.5841775,6.4800906,-2.3192172,7.863829,14.988093,2.8270473,-8.0549135,-4.948314,13.652928,11.093764,-10.670278,-7.7640595,-25.334332,-9.619378,20.15028,-8.359114
O95071,-12.72736,14.297125,18.471195,-3.930328,8.835501,-2.7735605,-0.670956,-13.842078,-7.457813,-13.323446,-11.685423,-10.93519,3.540718,14.610656,10.28874,-20.702293,-5.6327085,-2.8340216,2.1456714,11.675686,10.720049,8.787512,-15.679372,8.955354,16.561453,-1.0528605,-9.97734,-9.03813,-19.46151,10.384977,16.052778,-5.8492465,-9.487222,-9.121899,-8.926927,-13.418647,-9.2694645,4.9117517,11.228548,-17.130894,-9.387775,-10.963556,-18.989012,-0.51196265,16.170736,-11.509335,-2.0893884,-7.530582,-4.8260007,5.606074,-2.0374403,7.0004215,13.084326,2.4791553,-7.002077,-4.3037324,11.978193,9.415709,-9.468955,-6.951553,-22.325583,-8.7425375,17.998352,-7.2147717
P04637,-10.905967,11.517455,15.723729,-3.3490064,7.0982733,-2.359329,-0.4151522,-11.584802,-6.099171,-11.067213,-9.678802,-8.784326,3.1054225,11.713064,8.7277,-16.896355,-4.246342,-2.0641785,1.9664924,9.690397,8.822682,6.9811273,-12.640396,6.8193607,13.619285,-0.9594184,-8.000811,-7.5770745,-16.247509,8.561903,13.115241,-4.3546576,-7.3893366,-7.8079576,-6.9172792,-11.288687,-8.089191,3.9872496,9.438378,-14.04188,-7.809425,-8.837142,-15.267248,-0.11848627,13.087551,-9.379329,-1.8778973,-6.3881664,-4.18614,4.4855595,-1.5234959,5.858745,10.948973,1.8783349,-5.789063,-3.7000575,9.898806,8.25913,-7.7020693,-5.7520175,-18.580996,-6.6201224,14.804295,-6.2744427
P09956,-14.196059,16.644844,21.234114,-4.8225293,10.9939995,-2.8642728,-1.0527505,-15.508182,-9.355062,-15.300567,-13.473839,-12.912987,4.105098,17.266409,11.762824,-24.48572,-6.7460113,-3.7345264,2.7738886,13.203124,12.258676,9.741722,-18.755196,11.054845,18.868681,-1.0167171,-11.750785,-9.8252,-22.660353,11.708598,18.635546,-7.2162395,-11.333759,-10.182729,-10.619508,-14.864796,-10.742234,5.8287296,13.267761,-19.885538,-10.747464,-12.914514,-22.429901,-1.3660642,19.600187,-13.458108,-2.3863752,-8.400025,-5.4548798,6.3301587,-2.5370386,7.8394227,15.248855,3.1825218,-8.122536,-4.80435,13.346779,10.638299,-10.36906,-7.9258733,-26.169611,-10.79272,20.783842,-7.3524966
P17506,-17.75327,17.460855,24.243496,-3.3178823,9.299716,-3.8581207,0.63893324,-18.196724,-7.6716886,-18.373615,-14.216976,-13.265408,4.1658583,17.478743,13.022091,-24.664362,-5.1238527,-1.5758238,2.7517526,12.979088,12.552183,10.144204,-19.210846,8.963615,19.343351,-1.3329878,-10.155651,-12.649332,-22.733082,13.123074,19.595045,-4.8789372,-10.614904,-11.777571,-10.10344,-18.780394,-10.053732,5.5398,13.442876,-21.685713,-11.387964,-11.593717,-22.032164,2.310112,18.806091,-14.244756,-1.6688021,-10.21172,-4.868025,7.8237953,-2.2162611,8.767233,15.757008,2.381105,-7.4126654,-4.8622556,16.923399,13.002975,-13.805166,-8.494489,-26.971388,-9.86262,21.949636,-10.26296
P13667,-12.984224,13.71607,18.48444,-3.5790875,8.181955,-2.80779,-0.30781204,-13.771509,-6.929352,-13.353824,-11.335737,-10.464654,3.4802043,13.940707,10.210724,-19.86166,-4.926958,-2.2633128,2.208417,11.105761,10.28683,8.253416,-15.09331,8.036249,15.842146,-1.0695311,-9.177204,-9.139846,-18.778805,10.174925,15.54433,-4.984473,-8.794321,-9.075682,-8.281345,-13.564321,-8.951779,4.630827,10.893507,-16.711117,-9.121286,-10.18587,-18.02007,0.20992665,15.390219,-11.174304,-1.9376423,-7.588632,-4.5760126,5.567134,-1.8506578,6.8520746,12.72397,2.2453005,-6.6005683,-4.153896,12.077648,9.661924,-9.560899,-6.7389116,-21.674911,-8.078592,17.416336,-7.4280624
P27487,-9.912309,10.122268,14.246416,-3.169741,6.4198275,-2.0577128,-0.39139175,-10.39827,-5.557533,-9.774965,-8.599339,-7.703614,2.8565187,10.318127,7.9712276,-15.063768,-3.7519493,-1.7978791,1.8765757,8.745713,7.8712583,6.0703473,-11.2092495,5.981557,12.210891,-0.8564513,-7.1753416,-6.7671466,-14.648928,7.666044,11.744629,-3.7517333,-6.4488535,-7.047777,-6.0263815,-9.995876,-7.6151114,3.5368018,8.499357,-12.39056,-7.0408487,-7.90253,-13.600112,-0.13451518,11.68968,-8.334309,-1.8430259,-5.7657876,-3.8513224,3.9159594,-1.3538342,5.199274,9.907083,1.7348739,-5.322755,-3.3874311,8.779172,7.542448,-6.719032,-5.1733875,-16.726915,-5.78666,13.239241,-5.6606073
O14792,-14.565622,13.081507,19.87236,-2.9520998,6.6674175,-3.374683,0.536934,-14.730226,-6.039202,-14.2705555,-11.531454,-9.85984,3.6523309,13.11978,10.845002,-18.631624,-3.7051,-1.2247813,2.351205,10.863632,10.261195,7.5269394,-14.297949,6.3614864,14.878989,-1.3730888,-8.233742,-9.877367,-19.095152,10.648095,15.531583,-3.2490988,-7.616844,-9.381881,-6.950404,-15.15097,-8.646713,4.3156466,10.625735,-17.105858,-9.054531,-8.968999,-16.6462,1.7169211,14.332005,-11.373631,-2.0598602,-8.361881,-4.7262416,5.942058,-1.5158281,7.025113,12.957998,1.7410762,-6.4319477,-4.2777557,12.843246,11.1560135,-10.030774,-6.484686,-21.60366,-6.761738,16.834139,-8.5334425
P28862,-10.836809,12.043401,15.702296,-3.3679242,7.482418,-2.3442404,-0.5416934,-11.742214,-6.310005,-11.270062,-9.85392,-9.20336,3.051302,12.303794,8.7223425,-17.516277,-4.697018,-2.2973115,1.877465,9.865184,9.059392,7.410308,-13.223444,7.4605193,14.091736,-0.8752139,-8.369276,-7.7057953,-16.440586,8.734153,13.522879,-4.871184,-7.9581428,-7.8509536,-7.5089507,-11.351694,-7.973067,4.139259,9.58164,-14.435229,-7.9617233,-9.260854,-15.995885,-0.36116678,13.639232,-9.643061,-1.7740272,-6.4030027,-4.104641,4.6740727,-1.6654625,5.962682,11.069198,2.0412688,-5.910035,-3.6723304,10.149852,8.046218,-8.015613,-5.9291244,-18.899508,-7.2588997,15.270372,-6.195438
O60870,-12.362644,11.577251,17.229874,-3.1211379,6.485041,-2.7546432,0.08226213,-12.6514635,-5.7645416,-12.04827,-10.149583,-8.754904,3.305361,11.655756,9.523041,-16.884981,-3.5911627,-1.4826912,2.1559627,9.939182,9.119723,6.80704,-12.677895,5.987898,13.633432,-1.1810278,-7.676266,-8.396796,-16.99901,9.20344,13.642526,-3.386483,-6.909283,-8.335491,-6.3761134,-12.669041,-8.32175,3.9125278,9.639463,-14.749559,-8.121951,-8.44987,-15.070845,0.8926138,12.929256,-9.863685,-2.000095,-7.119172,-4.4020433,4.8797164,-1.3694532,6.1783404,11.502759,1.7107308,-5.8951564,-3.8945074,10.850496,9.491346,-8.384988,-5.852224,-19.285774,-6.1011753,15.099387,-7.2750177
P01584,-10.706133,11.622613,15.430247,-3.2428012,7.0100074,-2.4136217,-0.46111605,-11.571397,-6.0067782,-11.009483,-9.68225,-8.847627,3.0212252,11.833779,8.577999,-16.824522,-4.457489,-2.1656835,1.8028108,9.7288065,8.910304,7.2050767,-12.645029,7.0332904,13.654359,-0.941278,-8.12758,-7.5766115,-16.180233,8.596931,13.151506,-4.5794716,-7.5813794,-7.7048697,-7.0959983,-11.270149,-7.7758737,4.0019593,9.290571,-14.108734,-7.7627735,-8.924823,-15.351597,-0.23118655,13.05824,-9.407651,-1.8205721,-6.3305387,-4.151536,4.556697,-1.5446197,5.8782787,10.8364315,1.8800578,-5.8053436,-3.6598425,9.885281,8.027168,-7.7692475,-5.728491,-18.392048,-6.7900596,14.765452,-6.245048
P09086,-12.856126,14.539842,18.796146,-4.278765,9.330757,-2.7239676,-0.87358856,-13.995427,-7.918736,-13.331399,-11.927339,-11.150055,3.6612709,14.965789,10.590499,-21.245262,-6.0069427,-3.1571064,2.231776,12.061718,10.971726,8.889,-16.101671,9.466605,16.918139,-1.0753013,-10.520136,-8.974717,-20.128946,10.614886,16.553177,-6.1765428,-9.77278,-9.128555,-9.167143,-13.332287,-9.78373,5.0970426,11.478349,-17.38497,-9.601358,-11.405064,-19.648813,-0.9671158,16.769255,-11.850596,-2.3511055,-7.6018796,-5.062525,5.647539,-2.208557,7.0255833,13.507089,2.7709582,-7.4147,-4.4570785,11.9276285,9.524754,-9.3038,-7.103995,-22.974062,-9.147648,18.394896,-7.0743937
Q06559,-12.573981,14.069229,18.31638,-3.881777,8.686214,-2.7798715,-0.64611095,-13.653936,-7.4290333,-13.2025385,-11.599891,-10.786922,3.5530198,14.422347,10.16587,-20.36527,-5.540089,-2.8264642,2.1577291,11.485516,10.605038,8.559664,-15.47943,8.854275,16.174303,-1.0642601,-9.881212,-8.822153,-19.38648,10.243593,15.870594,-5.7463984,-9.337153,-8.944092,-8.723986,-13.285929,-9.099745,4.887016,11.114984,-17.02401,-9.212899,-10.77159,-18.683348,-0.5938731,16.029568,-11.435212,-2.1181967,-7.44661,-4.834248,5.533825,-2.0109596,6.905598,12.988202,2.4286253,-6.941713,-4.272099,11.707816,9.40922,-9.193245,-6.8048115,-22.107567,-8.584329,17.672985,-7.013997
P10082,-20.068611,27.818052,29.749018,-7.1397285,17.739422,-4.668081,-2.7005143,-24.047224,-14.319521,-22.65536,-21.08066,-21.260363,5.3840537,28.84653,17.239977,-38.685764,-14.325414,-7.6727915,2.109682,22.001143,20.158815,18.552858,-30.069221,21.111559,31.257349,-1.4901028,-21.213305,-15.313617,-35.01153,19.31303,30.538954,-14.813557,-20.626286,-14.498091,-19.535545,-22.275898,-14.902527,9.684845,19.018742,-31.443537,-16.843245,-22.234035,-37.875675,-4.206875,31.134129,-21.763819,-3.685447,-12.45599,-8.19582,11.046605,-5.1233835,12.182339,23.169918,5.9212685,-13.789808,-7.4283752,20.902102,13.387566,-17.17987,-12.8059435,-39.651928,-20.026127,33.259335,-10.930054
P37370,-9.030171,7.0534806,12.477356,-2.2918057,3.9729793,-1.8536235,0.36621618,-8.646862,-3.6916547,-8.177157,-6.712155,-5.315854,2.538879,6.97147,6.8027344,-10.958117,-1.2559774,-0.31173417,1.9862437,6.5356383,5.8537464,3.7996745,-7.860769,2.5614595,8.928657,-0.9113696,-4.304442,-5.8564525,-11.392513,5.9364085,8.624106,-1.0850003,-3.5456338,-6.203982,-3.2618406,-8.750861,-6.486758,2.3668606,6.845629,-9.435162,-5.526249,-5.089956,-9.08467,1.4183402,8.033706,-6.1809235,-1.4804672,-5.0306387,-3.1955254,2.8326287,-0.48655832,4.23752,7.8274374,0.8049395,-3.7254033,-2.771781,7.318172,7.3072248,-5.4255433,-3.907594,-13.098797,-2.782243,9.945184,-5.505106
P60723,-10.252353,11.205698,14.825509,-2.9397318,6.7298255,-2.29537,-0.33640522,-11.0592575,-5.7734976,-10.797357,-9.243285,-8.584315,2.8779404,11.468064,8.099128,-16.176184,-4.165068,-1.9653466,1.809182,8.9837055,8.445907,6.762838,-12.3340435,6.765258,12.871041,-0.80828416,-7.574631,-7.2563505,-15.348014,8.122203,12.561918,-4.327309,-7.3360643,-7.3625097,-6.8690805,-10.886075,-7.102651,3.8343182,8.959895,-13.692156,-7.3327537,-8.400332,-14.676335,-0.12633218,12.677831,-9.033868,-1.548328,-6.062058,-3.7732756,4.4265585,-1.4614484,5.618206,10.303706,1.74679,-5.362357,-3.3727798,9.567142,7.7290587,-7.5566077,-5.44563,-17.583452,-6.62295,14.101205,-5.8164716
G4NAP4,-5.8069744,5.3508644,8.457149,-2.1570456,3.832635,-1.0404128,-0.20649667,-5.796316,-3.347537,-5.3853264,-4.765979,-4.123244,1.8962989,5.5105777,4.688114,-8.6069565,-1.6540694,-0.7706611,1.4733082,4.858235,4.294409,3.016159,-6.1999106,2.845247,6.969866,-0.48842582,-3.7609758,-3.7864532,-8.34175,4.0297856,6.3969054,-1.6842772,-3.1798203,-4.35628,-3.0352552,-5.368384,-5.111126,1.953691,5.207396,-6.647188,-4.023184,-4.3914237,-7.400585,0.03521033,6.567144,-4.421379,-1.1705161,-3.2865887,-2.3562903,1.7901268,-0.54945594,2.9679205,5.688065,0.936224,-2.9703035,-2.030905,4.748853,4.6706653,-3.4658368,-3.0284522,-9.69791,-2.7023878,7.5656514,-3.3036616
P0DTC5,-12.598392,16.638754,18.86816,-4.622831,11.251728,-2.560697,-1.4595454,-14.493147,-9.1120825,-14.052467,-12.621866,-12.809115,3.5766983,17.264544,10.638985,-23.902912,-7.99756,-4.162666,1.9691871,12.870987,11.865576,10.509668,-18.438837,12.197756,18.97733,-0.73521155,-12.212919,-9.29393,-21.11758,11.2598,18.13733,-8.418922,-12.0917225,-9.373171,-11.5192795,-13.466006,-9.845291,5.824806,12.295713,-18.88775,-10.29613,-13.211202,-22.663946,-2.1881242,19.198963,-12.814835,-2.1499417,-7.6559324,-4.8660235,6.3256125,-2.9170723,7.4078355,14.239761,3.3682952,-8.05049,-4.522994,12.723599,8.757027,-10.268137,-7.9084635,-24.551186,-11.623072,20.37486,-6.566569
P16858,-14.5877285,18.365622,21.77725,-4.6418433,11.535495,-3.189918,-1.1235877,-16.505543,-9.511509,-16.45894,-14.357599,-14.174982,4.0609374,18.873047,11.945018,-26.257984,-7.621328,-4.0397573,2.43554,14.041071,13.198201,11.330856,-20.151531,12.229934,20.588867,-0.998724,-12.564558,-10.763266,-23.480108,12.484467,19.755342,-8.356493,-12.734628,-10.887564,-12.072345,-16.058468,-10.430566,6.2447004,13.891614,-21.446697,-11.4101925,-13.981036,-24.190567,-1.3022442,20.731085,-14.235373,-2.0213532,-8.798677,-5.4365187,7.0158157,-2.7164896,8.566893,15.754125,3.1582875,-8.296652,-4.9329205,14.629672,10.5688305,-11.840891,-8.54865,-27.311718,-11.929522,22.370352,-8.012039
Q15750,-12.90792,13.531799,17.92067,-3.0120988,7.7842774,-2.8484,-0.018575862,-13.624795,-6.4757843,-13.406568,-10.9283,-10.31617,3.2580633,13.810505,9.824219,-19.154339,-4.9719987,-1.9255714,1.928457,10.344778,9.895058,8.139358,-14.99975,8.046512,15.144396,-0.9727722,-8.816693,-9.164235,-17.935898,10.058657,15.414056,-4.73268,-8.774249,-8.629522,-8.301255,-13.536989,-7.97108,4.5384617,10.259796,-16.575897,-8.698959,-9.623535,-17.686152,0.5219437,15.028526,-11.09438,-1.6586931,-7.5436625,-4.0279717,5.883841,-1.9851861,6.602542,12.228384,2.2443423,-6.2965345,-3.880082,12.240076,9.380697,-9.89582,-6.6082907,-20.813255,-8.258791,16.965433,-7.1998577
P0A855,-8.162465,6.7409444,11.482224,-2.3375556,4.0418553,-1.6681083,0.13250573,-7.968422,-3.7370462,-7.4680543,-6.334244,-5.110624,2.3998027,6.759436,6.3039722,-10.507249,-1.5367335,-0.58921367,1.8412753,6.2740273,5.6036143,3.7028246,-7.5581326,2.863431,8.547266,-0.8097113,-4.3930297,-5.287017,-10.874171,5.5330734,8.210563,-1.4411373,-3.6137266,-5.716966,-3.3225543,-7.892699,-6.177332,2.3314886,6.495287,-8.87709,-5.1997795,-5.0932403,-8.865591,0.854666,7.853396,-5.856077,-1.4732229,-4.5889726,-3.0873206,2.5872076,-0.5411918,3.9542503,7.403406,0.89314693,-3.672241,-2.6306796,6.607434,6.617571,-4.8499684,-3.7026243,-12.405801,-2.913564,9.430799,-4.885636
P41834,-19.982748,24.559288,28.350609,-5.1812325,14.283256,-4.7813234,-1.0718006,-22.662613,-11.6300955,-22.098948,-18.966698,-18.721481,4.948199,25.242548,15.874814,-33.64001,-11.101403,-5.160418,2.1367707,18.56901,17.666264,15.776653,-26.632195,16.891546,26.801424,-1.5002725,-17.232056,-14.899112,-30.94103,17.58503,27.221317,-11.038449,-17.29804,-13.553848,-16.319675,-22.129635,-12.324741,8.325739,16.900011,-28.939802,-14.861777,-18.141443,-32.415348,-1.3483603,26.911152,-19.650772,-2.7902665,-12.111791,-6.813277,10.574301,-4.20131,11.166396,20.713587,4.5376573,-11.464588,-6.4890513,20.278587,13.745176,-16.785229,-11.333417,-35.314827,-16.645573,29.411364,-11.004882
P12956,-11.5416765,12.749159,16.806482,-3.585399,7.950863,-2.4882689,-0.5406416,-12.420746,-6.753768,-12.049974,-10.513046,-9.77658,3.2889063,13.023269,9.285104,-18.613354,-4.839888,-2.4250472,2.0745497,10.400379,9.569529,7.7182055,-14.046937,7.8192825,14.817096,-0.9614433,-8.80523,-8.103031,-17.532715,9.225016,14.307944,-5.0707016,-8.355435,-8.331136,-7.8542705,-12.097874,-8.498136,4.412212,10.258893,-15.381559,-8.426402,-9.745992,-16.891134,-0.3582739,14.520577,-10.264915,-1.8865708,-6.8002205,-4.383038,4.933323,-1.752283,6.3232427,11.806572,2.1303935,-6.210414,-3.904384,10.717584,8.674045,-8.419482,-6.2530317,-20.16758,-7.6054506,16.163961,-6.50422
O14793,-13.41033,16.924623,19.951649,-4.850629,11.280217,-2.8165445,-1.4121138,-15.193229,-9.301599,-14.567763,-13.24081,-13.023195,3.8487751,17.552153,11.316783,-24.410358,-7.9184804,-4.2177486,2.1124785,13.509029,12.352807,10.643219,-18.739424,12.126255,19.38318,-0.9772616,-12.5819845,-9.653332,-22.28,11.804627,18.826225,-8.241375,-12.051193,-9.732927,-11.397434,-14.17952,-10.477092,5.9920316,12.69848,-19.5649,-10.674169,-13.476949,-23.1025,-2.0813718,19.562616,-13.396407,-2.4755468,-8.0894575,-5.357773,6.498383,-2.909187,7.708621,14.931951,3.4648874,-8.460091,-4.837256,13.090902,9.544056,-10.422873,-8.09758,-25.57233,-11.529592,20.918425,-7.0765734
P0CG04,-21.733864,29.23491,32.03763,-6.612446,17.674788,-5.1796913,-2.0069823,-25.527235,-14.225513,-25.106577,-22.217705,-22.379642,5.6808167,29.94641,17.874353,-40.391724,-13.473754,-6.9460363,2.5115747,22.160946,20.783747,19.071533,-31.352032,20.559694,32.27363,-1.5808512,-20.605217,-16.716276,-35.95001,19.931051,31.196957,-14.364805,-20.969345,-15.971155,-19.896091,-24.79462,-14.710971,9.893122,20.355064,-33.500175,-17.533623,-22.218998,-38.46008,-2.6560764,31.993439,-22.466915,-3.0205808,-13.387711,-8.09815,11.68816,-4.823318,13.171656,23.962494,5.204038,-13.19809,-7.5347347,22.859802,14.888622,-19.028297,-13.294546,-41.376564,-19.857323,34.707863,-12.203517
A4YDT1,-8.645926,12.787557,13.097878,-3.022393,8.043732,-2.1334574,-1.1658102,-10.71661,-6.4388804,-10.436125,-9.443187,-9.827273,2.470199,13.310989,7.2646537,-17.65153,-6.4468217,-3.287922,1.0219098,9.531634,9.118232,8.592469,-13.79187,9.618259,14.287198,-0.4563552,-9.277692,-6.972296,-15.3928385,8.290743,13.431644,-6.9659023,-9.62221,-6.868656,-9.191209,-10.040216,-6.1571655,4.395414,8.880651,-14.390644,-7.456651,-10.075152,-17.003263,-1.8623058,14.1956215,-9.494758,-1.229544,-5.4923134,-3.4742472,4.8228145,-2.0696344,5.7233224,10.117629,2.3087137,-5.8073087,-3.2042677,9.4404745,5.827837,-7.9408116,-5.8425975,-17.627405,-9.003858,15.094325,-4.8483615
O02649,-11.242237,10.280088,15.730882,-2.7447646,6.0499115,-2.1987782,0.30102,-11.133886,-5.1305118,-11.089178,-8.807688,-7.853074,2.9914737,10.24788,8.449419,-15.4931755,-2.4284072,-0.7993006,2.3438547,8.269369,7.668067,5.6805186,-11.514284,4.6680117,12.222112,-0.90089166,-5.963582,-7.693923,-14.43022,7.7620873,11.687394,-2.4776373,-5.8282022,-7.909406,-5.5806537,-11.295786,-7.6848803,3.3417861,9.040345,-12.8859215,-7.2715607,-7.199355,-13.159741,1.5049254,11.534802,-8.382538,-1.3445781,-6.3402934,-3.5018096,4.12361,-1.0157759,5.5241213,10.048267,1.3298203,-4.619083,-3.2768679,10.049702,8.685376,-7.8690205,-5.345434,-17.26289,-5.116352,13.692539,-6.598628
O88867,-9.985932,11.260396,14.586239,-3.2790139,7.0890603,-2.1891706,-0.61507934,-10.908295,-6.006807,-10.385268,-9.256703,-8.611945,2.9000351,11.533214,8.134841,-16.422667,-4.5201793,-2.2879841,1.7450109,9.359872,8.546804,7.0012317,-12.341199,7.104898,13.269626,-0.8401521,-8.004916,-7.0940614,-15.522041,8.141592,12.659726,-4.720938,-7.50016,-7.327452,-7.0632043,-10.458926,-7.5879955,3.9227407,9.006637,-13.469914,-7.4561477,-8.811925,-15.037696,-0.5653152,12.813046,-9.012874,-1.7517699,-5.927639,-3.96916,4.2824273,-1.5592622,5.5925364,10.390988,1.9396883,-5.632005,-3.4974377,9.299626,7.454252,-7.3079987,-5.558626,-17.727427,-6.7916126,14.301709,-5.722158
P9WK17,-10.734837,10.625126,15.219616,-3.1803453,6.3824906,-2.3243961,-0.27928078,-11.232219,-5.6014647,-10.467738,-9.147393,-8.029146,2.985275,10.76691,8.532056,-15.631007,-3.8074253,-1.7528945,1.9130025,9.323387,8.399517,6.4218516,-11.628211,6.036205,12.801126,-0.9717822,-7.465718,-7.3572364,-15.533383,8.27776,12.435104,-3.714659,-6.6491694,-7.4904704,-6.1658216,-10.92791,-7.880874,3.648636,8.834741,-13.182293,-7.46112,-8.177274,-14.129491,0.15185554,12.057563,-8.862077,-1.9628015,-6.241592,-4.117639,4.2535377,-1.3573107,5.5574155,10.478428,1.7306634,-5.631087,-3.5980446,9.478032,8.157669,-7.268009,-5.40077,-17.578245,-5.909983,13.867305,-6.298776
P00684,-12.429762,10.9819145,17.032623,-2.6884952,5.9695654,-2.6188068,0.5000601,-12.312029,-5.169549,-12.0780945,-9.564787,-8.308618,3.1714926,10.908747,9.213385,-16.167189,-2.6378498,-0.73121625,2.3023329,8.9965315,8.381816,6.189013,-12.13327,4.8757963,12.913529,-1.0887382,-6.463147,-8.491915,-15.687984,8.674698,12.768364,-2.4337828,-6.1546288,-8.386431,-5.800422,-12.613203,-7.925663,3.5520904,9.378089,-14.05986,-7.7811995,-7.525448,-13.951988,1.8588647,12.066772,-9.219547,-1.5538813,-7.031934,-3.8397303,4.7163277,-1.1189408,5.975255,10.852535,1.3797296,-5.1044188,-3.5816045,11.0223875,9.541004,-8.652434,-5.667432,-18.39494,-5.380946,14.5307455,-7.402675
P55853,-10.009155,10.157523,14.243689,-2.9308827,6.154174,-2.1399307,-0.24350123,-10.507858,-5.296575,-9.968749,-8.575673,-7.705959,2.789962,10.290106,7.89491,-14.931293,-3.5888999,-1.6015515,1.8163505,8.610398,7.8434997,6.1328387,-11.145678,5.7711344,12.155248,-0.8450706,-6.9272766,-6.963701,-14.412457,7.6761465,11.649527,-3.595071,-6.4005384,-7.12931,-6.003318,-10.261703,-7.2898483,3.4622743,8.417081,-12.4643,-7.0056286,-7.724292,-13.41264,0.1987586,11.481779,-8.281313,-1.6676395,-5.828314,-3.712875,4.008879,-1.2744048,5.2638316,9.764782,1.5877831,-5.13095,-3.3119342,9.024447,7.5708566,-7.017893,-5.1512136,-16.529716,-5.682276,13.189973,-5.8624353
P51668,-13.705159,14.976543,19.58145,-3.8654263,8.959051,-3.0347404,-0.4810507,-14.759502,-7.565482,-14.259447,-12.266096,-11.426205,3.67859,15.270539,10.877623,-21.489697,-5.752458,-2.7241948,2.1866295,12.097315,11.206265,9.167692,-16.413252,9.175217,17.16789,-1.1434833,-10.271083,-9.715053,-20.338251,11.046999,16.933516,-5.8141155,-9.8263445,-9.560563,-9.2331505,-14.462266,-9.452009,5.10088,11.614024,-18.122927,-9.806112,-11.222774,-19.76226,-0.1533123,16.782293,-12.182912,-2.1275713,-8.077115,-4.943995,6.102944,-2.1449559,7.3540506,13.71066,2.5466378,-7.2681093,-4.4787226,12.888274,10.094588,-10.24764,-7.2720633,-23.324406,-9.093916,18.816149,-7.780926
P06881,-11.400657,11.506185,16.242704,-3.3521895,6.8891664,-2.5111287,-0.30897462,-11.981596,-6.0300407,-11.303549,-9.88376,-8.742918,3.1900105,11.694267,9.071688,-16.86347,-4.110833,-1.9649011,2.013871,9.918944,9.006806,6.9397264,-12.620544,6.6072917,13.644177,-1.0658557,-8.041583,-7.8190165,-16.678677,8.854209,13.394392,-4.072844,-7.2310476,-7.9354334,-6.7123013,-11.705809,-8.265866,3.9764085,9.472597,-14.278533,-7.94277,-8.791612,-15.264896,0.0919026,13.052265,-9.615724,-2.0318213,-6.643169,-4.3724537,4.608527,-1.4882939,5.958816,11.209078,1.8990495,-5.9700227,-3.8135054,10.138725,8.68518,-7.8192616,-5.775828,-18.879025,-6.4763613,14.894968,-6.6156363
P12645,-9.836958,9.700735,14.412532,-3.6256385,6.646951,-1.8898208,-0.5313184,-10.066556,-5.812766,-9.369349,-8.558748,-7.4419227,3.0582757,9.888153,8.139318,-15.074133,-3.372458,-1.8707514,2.1682835,8.847595,7.684462,5.6473765,-10.8997555,5.560114,12.120554,-0.9789397,-7.092698,-6.4243407,-14.809645,7.404789,11.4557705,-3.4819932,-5.9550033,-7.1135116,-5.5667067,-9.511644,-8.484636,3.521592,8.7460575,-11.901853,-7.06454,-7.8944426,-13.316925,-0.29247546,11.574248,-8.124831,-2.1049242,-5.633288,-4.1502743,3.4710777,-1.2529444,5.1010714,10.023508,1.7980287,-5.362676,-3.5309205,8.264983,7.743097,-6.0918617,-5.1443796,-16.952501,-5.2744136,13.142607,-5.545925
P16297,-13.200508,15.379642,19.306335,-4.1486864,9.678081,-2.8468115,-0.7448443,-14.395828,-7.97714,-14.149517,-12.3492565,-11.81232,3.734994,15.650003,10.652374,-22.276741,-6.041443,-3.0441027,2.2171178,12.191108,11.198706,9.509234,-16.82553,9.676259,17.718796,-1.1004963,-10.540009,-9.480688,-20.313263,10.798364,16.863657,-6.4486766,-10.247139,-9.694403,-9.741546,-14.044762,-9.77878,5.3150263,12.027924,-18.135685,-9.904694,-11.701189,-20.3121,-0.57369983,17.282478,-12.086519,-2.0172133,-7.824273,-4.931655,5.916541,-2.234599,7.427821,13.72534,2.5789835,-7.1692243,-4.514965,12.681259,9.714014,-10.175846,-7.481654,-23.641863,-9.386675,19.280594,-7.4443645
O75897,-15.269163,18.676888,22.167883,-4.415102,11.062002,-3.587621,-0.98511016,-17.339844,-9.178006,-16.819933,-14.698323,-14.248869,4.020751,19.126482,12.332221,-26.103355,-8.042979,-3.9922228,2.0709767,14.629471,13.723135,11.89759,-20.165205,12.425968,20.95254,-1.1453193,-13.038711,-11.365423,-24.093666,13.245609,20.470804,-8.388437,-12.962995,-10.9686575,-12.201213,-16.91169,-10.230576,6.293645,13.601017,-22.025826,-11.648754,-14.127903,-24.538002,-1.0738606,20.61728,-14.730602,-2.2416775,-9.25044,-5.6502743,7.5494647,-2.834531,8.798978,16.076454,3.1989973,-8.770348,-5.1336226,15.257397,10.851601,-12.419855,-8.682421,-27.504827,-12.11459,22.639267,-8.7031145
O60729,-16.075785,18.818115,23.41403,-4.912066,11.58144,-3.5995948,-1.000075,-17.776192,-9.77249,-17.227966,-15.176547,-14.426501,4.396938,19.34466,13.087128,-26.837976,-7.914013,-4.071319,2.4769487,15.051147,13.959181,11.616271,-20.650276,12.431288,21.2336,-1.3150669,-13.3792925,-11.444667,-25.253284,13.585199,21.10622,-8.150217,-12.836744,-11.268981,-12.011032,-17.23779,-11.336626,6.5145264,14.221647,-22.48919,-12.005617,-14.371852,-25.06862,-1.1764011,21.317411,-15.243967,-2.664455,-9.601885,-6.0880713,7.5708494,-2.93887,8.91522,16.899242,3.4434695,-9.1990795,-5.450444,15.390755,11.723669,-12.242465,-8.906075,-28.778177,-12.088564,23.217297,-8.8070965
Q9FNJ8,-11.292342,9.335504,15.484412,-2.5782917,4.9065413,-2.5160673,0.44155195,-11.108493,-4.5944133,-10.550469,-8.6668215,-7.019611,3.0174484,9.300381,8.477065,-13.832742,-2.191809,-0.68129563,2.1290648,8.343041,7.6530538,5.215149,-10.261841,3.9719276,11.197085,-1.1489708,-5.90394,-7.426452,-14.606739,7.8617835,11.373021,-1.8598666,-5.049967,-7.440513,-4.567414,-11.346278,-7.3983574,3.1281738,8.304219,-12.4769945,-6.921454,-6.5864453,-11.957778,1.5181566,10.42768,-8.26976,-1.8214072,-6.3915896,-3.9284298,4.0513387,-0.870516,5.348226,9.926062,1.1563069,-4.88652,-3.4286926,9.427818,8.944427,-7.1244273,-4.8794947,-16.481272,-4.2182117,12.571213,-6.763079
P01282,-14.020401,16.018034,20.550629,-4.6164722,10.01884,-3.0967784,-0.9537783,-15.377019,-8.524337,-14.654715,-13.198957,-12.249195,3.993754,16.370054,11.548318,-23.23412,-6.530451,-3.4917986,2.3439493,13.3985,12.137395,9.94202,-17.467491,10.25272,18.650026,-1.2570457,-11.529582,-9.892523,-22.111443,11.679977,18.02699,-6.8400106,-10.705171,-10.09976,-10.012785,-14.824896,-10.616449,5.5796137,12.591135,-19.144218,-10.566558,-12.525853,-21.402517,-0.9686018,18.181044,-12.952113,-2.5442152,-8.332261,-5.65259,6.186031,-2.3406203,7.827924,14.780746,2.8555439,-8.058882,-4.935241,13.093752,10.417604,-10.263162,-7.755225,-25.136763,-9.831556,20.142067,-7.947441
O54924,-20.646149,34.57536,32.185066,-7.9893584,22.037203,-5.3833838,-3.9220495,-26.86885,-17.285206,-26.465027,-24.999544,-26.613604,5.893505,35.75766,18.176254,-46.944443,-18.726719,-10.354269,1.5293288,25.621119,23.962845,23.899952,-36.565937,27.49445,37.78138,-1.423452,-25.996208,-17.102478,-40.25772,21.898705,35.459785,-20.57478,-26.710503,-16.605663,-25.45538,-25.270185,-15.412216,12.103153,22.607224,-37.81233,-19.422142,-27.494717,-46.062428,-6.629101,37.824844,-25.379253,-3.2521837,-13.469507,-9.018032,13.0555935,-6.3767385,14.637007,26.322765,6.58677,-15.4408865,-8.363282,23.852741,13.209545,-20.461174,-15.230327,-45.963036,-25.305744,39.695213,-11.269274
P08183,-11.722332,12.0736265,16.740515,-3.432767,7.254518,-2.5550835,-0.34753883,-12.393294,-6.282895,-11.766581,-10.223074,-9.180026,3.2428453,12.268601,9.325652,-17.644619,-4.357813,-2.0766604,2.063976,10.239584,9.335113,7.2904663,-13.240723,7.013053,14.246616,-1.0373236,-8.345998,-8.127314,-17.17077,9.1613455,13.899715,-4.375995,-7.667158,-8.225405,-7.150879,-12.113519,-8.443592,4.131087,9.840264,-14.850119,-8.250958,-9.189125,-15.977081,0.068353906,13.65753,-9.965351,-1.9976565,-6.8456335,-4.416319,4.819694,-1.5759202,6.1784706,11.569623,1.9829925,-6.1326156,-3.887553,10.5949,8.857011,-8.230511,-6.0142107,-19.558174,-6.9156513,15.527394,-6.792447
P04591,-14.384913,18.38468,21.597582,-4.915441,11.9379835,-3.0337188,-1.2582445,-16.216711,-9.653678,-16.175604,-14.272403,-14.191552,4.125681,18.775633,11.882462,-26.559174,-7.666107,-4.0995135,2.440903,14.146652,13.037526,11.485906,-20.095192,12.229233,20.980553,-1.0482184,-12.633527,-10.648392,-23.285501,12.295377,19.5505,-8.521628,-12.706262,-11.034991,-12.162568,-15.6806755,-11.018413,6.319632,14.073522,-21.084375,-11.493721,-14.170052,-24.315979,-1.3881513,20.705194,-13.983251,-2.0656943,-8.651916,-5.474179,6.805778,-2.7698581,8.559285,15.722656,3.161435,-8.240477,-5.043581,14.468196,10.375759,-11.761417,-8.7339525,-27.393217,-11.786527,22.630274,-7.98196
O94868,-16.126637,18.85205,23.624998,-5.070126,12.035748,-3.31629,-1.0190018,-17.644817,-10.0015135,-17.300114,-15.020514,-14.517568,4.3960185,19.391912,13.153415,-27.343771,-7.63899,-3.9600906,2.7872813,14.819461,13.7246065,11.361086,-20.973385,12.31254,21.39996,-1.1636027,-13.059816,-11.472445,-24.941996,13.361211,20.984457,-8.016801,-12.786551,-11.468442,-12.100275,-16.999464,-11.702969,6.4505134,14.533142,-22.277945,-12.105334,-14.389364,-25.21564,-1.0255868,21.60173,-15.084616,-2.478965,-9.540346,-5.8519335,7.405848,-2.9046388,8.844075,16.875244,3.540572,-8.98807,-5.317897,15.541554,11.738152,-12.35388,-9.006682,-28.99585,-12.2111025,23.463673,-8.701635
B5BLW5,-22.46886,38.620064,35.41532,-8.90602,24.507215,-5.934731,-4.629054,-29.836784,-19.431417,-29.208282,-27.76432,-29.612568,6.355319,39.909233,20.005331,-52.111076,-21.436756,-11.91006,1.5924052,28.871416,26.98774,26.752491,-40.54947,31.173882,42.234203,-1.3310984,-29.321918,-18.828571,-44.935143,24.450493,39.32026,-23.645079,-30.237026,-18.365494,-28.611229,-28.105555,-16.77073,13.396389,25.107594,-42.156025,-21.707626,-30.92015,-51.2971,-7.956256,42.25743,-28.095125,-3.6805732,-14.848089,-10.120569,14.524103,-7.1238656,16.29488,29.333164,7.1390886,-17.44836,-9.277052,26.285133,14.237787,-22.436745,-16.74008,-50.96311,-28.513374,43.882072,-12.312084
P19934,-8.54531,6.882039,12.011483,-2.483206,4.159129,-1.70266,0.16056257,-8.242092,-3.8316643,-7.704364,-6.5440674,-5.207198,2.5157576,6.834863,6.6064563,-10.871752,-1.3935167,-0.53059965,1.9742442,6.536585,5.7404094,3.7521331,-7.691386,2.7070343,8.885705,-0.88003945,-4.4202633,-5.507677,-11.220744,5.6981063,8.386102,-1.3215629,-3.5511706,-6.0272517,-3.2798615,-8.186056,-6.629715,2.3676317,6.788068,-9.053793,-5.4332933,-5.212076,-9.034265,1.0347005,7.9897532,-5.970471,-1.5501395,-4.76944,-3.2412903,2.5930078,-0.50395876,4.1042094,7.6804767,0.87788737,-3.7529829,-2.759887,6.8556895,6.956557,-5.0090466,-3.8448005,-12.885096,-2.793069,9.772074,-5.1892505
Q96RG2,-14.901688,16.91175,21.772758,-4.585611,10.537822,-3.206503,-0.7990038,-16.19211,-8.933877,-15.808228,-13.7910795,-12.996007,4.1376424,17.34069,12.075947,-24.494036,-6.648046,-3.443778,2.5808048,13.580004,12.56184,10.188016,-18.684044,10.73196,19.269495,-1.2009827,-11.752666,-10.476955,-22.959648,12.194508,18.956966,-6.956373,-11.277366,-10.563758,-10.570958,-15.772725,-10.727116,5.829616,13.250238,-20.324463,-10.9890585,-12.871895,-22.46383,-0.7346566,19.305166,-13.688207,-2.400631,-8.811871,-5.5837727,6.6667223,-2.4821906,8.156535,15.448107,2.9906263,-8.18929,-4.9793878,14.047596,11.066476,-11.071253,-8.10412,-26.388155,-10.532092,21.131126,-8.185502
O14352,-13.677789,13.423119,18.761568,-2.650536,7.1174555,-3.0996287,0.4145159,-14.154587,-6.096424,-14.118406,-11.110074,-10.207094,3.328239,13.602827,10.10253,-18.870926,-4.228255,-1.3902396,2.1264107,10.169543,9.940306,7.7959642,-14.84354,7.20463,14.801018,-1.0365187,-8.189053,-9.622408,-18.07249,10.231792,15.362983,-3.9312856,-8.315482,-8.968608,-7.781388,-14.485668,-7.690734,4.3654165,10.367233,-16.977528,-8.73874,-9.077415,-17.083853,1.3718934,14.711436,-11.188922,-1.5170882,-7.930055,-4.013246,6.0451436,-1.7199522,6.795705,12.346614,1.8961577,-6.0408206,-3.8532002,12.788918,10.154606,-10.297321,-6.490159,-20.936798,-7.6917467,16.817533,-7.772642
Q08117,-12.29895,14.761063,18.212215,-4.217896,9.697389,-2.546491,-1.0072792,-13.631321,-8.094116,-13.204706,-11.727246,-11.355097,3.5213397,15.2376,10.177722,-21.45796,-6.394415,-3.330857,2.1411178,11.790063,10.844646,9.043882,-16.38556,10.026981,16.984419,-0.8726744,-10.610632,-8.746586,-19.697594,10.369119,16.41378,-6.707729,-10.227117,-8.952118,-9.64751,-12.944431,-9.403842,5.162411,11.459021,-17.32978,-9.47957,-11.563639,-19.92004,-1.3091446,17.075151,-11.700955,-2.1240287,-7.342778,-4.758855,5.6495185,-2.3390021,6.9233747,13.268325,2.7908506,-7.266501,-4.289844,11.784163,8.967463,-9.3034725,-7.115708,-22.722694,-9.63346,18.409597,-6.589683
P28702,-15.357675,19.688152,23.108421,-5.3949947,13.032623,-3.212365,-1.5252221,-17.40123,-10.747625,-17.184336,-15.344059,-15.248641,4.4053435,20.413214,12.883713,-28.399391,-8.793048,-4.803367,2.5855443,15.211936,14.128429,12.106619,-21.885406,13.8793545,22.114044,-1.0642778,-14.139346,-11.079772,-25.5151,13.414483,21.534351,-9.43393,-13.938493,-11.260901,-13.190568,-16.52232,-11.667783,6.905657,14.850539,-22.828192,-12.223959,-15.374316,-26.552757,-2.2152586,22.760567,-15.470176,-2.519902,-9.261109,-5.955126,7.494369,-3.2618797,8.926629,17.118965,3.8561232,-9.34953,-5.389396,15.201752,11.055175,-12.162952,-9.240219,-29.555275,-13.348682,24.095375,-7.9681897
F9VMT6,-12.4477,13.286709,17.810791,-3.4604464,7.766351,-2.8463924,-0.33166078,-13.326398,-6.680706,-12.886288,-11.103976,-10.1227255,3.4210024,13.482407,9.813479,-19.082949,-4.8602324,-2.2922668,2.0473998,10.906581,10.100833,8.115134,-14.44709,7.817802,15.322761,-1.1131716,-9.040604,-8.763574,-18.404804,9.87607,15.011048,-4.964311,-8.544938,-8.774884,-7.9683723,-13.219878,-8.575074,4.540178,10.544098,-16.30278,-8.801335,-9.9138365,-17.344683,0.0596295,14.81223,-10.836951,-1.9622679,-7.3339124,-4.6181836,5.3672066,-1.7548999,6.7218437,12.35746,2.0469882,-6.454264,-4.117184,11.51201,9.360638,-9.092636,-6.474937,-20.965029,-7.6650205,16.76587,-7.2088466
P0A903,-9.124405,9.165768,12.865032,-3.1272666,5.9878087,-1.8764071,-0.5099582,-9.594544,-5.1405096,-8.525371,-7.785052,-6.881293,2.617315,9.360055,7.455706,-13.63364,-3.919505,-1.7931803,1.5263373,8.382844,7.309768,5.773935,-10.093591,5.7712445,11.4541445,-0.833723,-7.0564485,-6.198625,-13.585637,7.244915,11.013391,-3.629981,-5.9756184,-6.3262525,-5.5868373,-8.890449,-7.395266,3.2826748,7.5410523,-11.079014,-6.5366654,-7.4775047,-12.711095,-0.4219489,10.6179285,-7.664995,-2.03589,-5.313514,-3.709118,3.6341145,-1.4243864,4.6738896,9.188158,1.8196224,-5.329965,-3.2804146,7.9220796,6.7516026,-6.012497,-4.859691,-15.279506,-5.429915,12.20506,-5.262586
P08240,-14.1634245,12.530933,18.933798,-2.4724786,6.0059,-3.3757591,0.7254593,-14.324496,-5.404412,-13.844491,-10.948379,-9.386824,3.3850453,12.546504,10.324178,-17.48732,-3.5743148,-0.91813844,2.0441399,10.212178,9.792624,7.335051,-13.622312,6.0103335,14.091641,-1.3089591,-7.7378383,-9.737446,-17.999258,10.34184,14.9597435,-2.919676,-7.292734,-8.910524,-6.675226,-14.811187,-7.779764,4.0660458,9.838672,-16.467249,-8.569742,-8.33986,-15.816205,1.997063,13.446114,-10.939128,-1.8494343,-8.141415,-4.315733,5.962484,-1.4803677,6.7262425,12.234322,1.6210136,-6.082684,-4.016477,12.644405,10.67673,-10.025776,-6.206503,-20.326508,-6.514349,16.023993,-8.39303
P39743,-8.894761,8.572941,12.497172,-2.5569503,5.2453947,-1.8364854,-0.12180639,-9.171766,-4.548602,-8.603878,-7.3018427,-6.480271,2.4608207,8.706427,6.946512,-12.71923,-2.9780343,-1.1949972,1.6633441,7.35916,6.701952,5.0880523,-9.519996,4.7736387,10.404381,-0.7094604,-5.85769,-6.0947866,-12.424518,6.6389523,10.055638,-2.8296635,-5.3293114,-6.215856,-4.9938054,-8.888833,-6.465825,2.9255662,7.247017,-10.638373,-6.0471416,-6.518375,-11.419576,0.317905,9.813004,-7.0904627,-1.5210177,-5.134469,-3.2055829,3.445532,-1.0763971,4.5022917,8.472061,1.3759923,-4.485366,-2.885802,7.847231,6.7398067,-6.0370703,-4.4592066,-14.255733,-4.745795,11.326756,-5.164272
Q04439,-10.035062,9.696193,14.271138,-3.0175433,5.905917,-2.1569223,-0.22259209,-10.379869,-5.260841,-9.705684,-8.487618,-7.3530936,2.8674045,9.857485,7.969753,-14.406722,-3.374447,-1.5650082,1.8908303,8.571763,7.7334056,5.7381253,-10.70963,5.434478,11.703905,-0.9327364,-6.8459373,-6.736512,-14.512329,7.6037707,11.4731245,-3.2680457,-5.9886947,-6.962439,-5.518105,-10.105998,-7.4566336,3.388364,8.271208,-12.190847,-6.8752923,-7.4757123,-12.939834,0.14237323,11.168394,-8.198141,-1.8975713,-5.808502,-3.8980496,3.858157,-1.2180067,5.1336875,9.780477,1.5798739,-5.221877,-3.3782485,8.659047,7.7572756,-6.5513577,-4.976078,-16.3755,-5.281848,12.771117,-5.790607
P08700,-15.035533,18.488888,22.025951,-4.903825,11.480758,-3.4424698,-1.298661,-17.087385,-9.581929,-16.25547,-14.690318,-14.129565,4.133485,19.046207,12.478594,-26.183659,-8.374118,-4.3854556,2.1087234,14.962026,13.756258,11.820631,-20.103146,12.761112,21.046299,-1.2200216,-13.556226,-10.969025,-24.48959,13.236737,20.621256,-8.650551,-12.957598,-10.749075,-12.168047,-16.280457,-10.928433,6.4102387,13.618845,-21.706121,-11.693181,-14.464998,-24.819782,-1.7274468,20.81705,-14.785176,-2.6520207,-9.099926,-5.971533,7.3335342,-2.9860985,8.639418,16.285551,3.5258098,-9.194194,-5.309468,14.701259,10.723749,-11.784424,-8.716764,-27.73878,-12.224693,22.66093,-8.379143
P14324,-16.74345,17.991154,23.262783,-3.7429001,10.007431,-3.813226,-0.06409129,-17.92135,-8.300426,-17.656963,-14.4366,-13.675987,4.0802145,18.268175,12.768382,-25.124239,-6.658572,-2.691361,2.3072596,13.7334795,13.123929,10.982948,-19.663815,10.713979,19.937334,-1.2852988,-11.64925,-12.09079,-23.459782,13.349197,20.238676,-6.465303,-11.73563,-11.213444,-11.075567,-17.973253,-9.996972,5.92258,13.284494,-21.92068,-11.448235,-12.71137,-23.277973,0.70301497,19.62695,-14.648297,-2.0380497,-9.84899,-5.224399,7.879715,-2.621312,8.716078,15.944537,2.8880692,-8.203163,-5.0083146,16.20261,12.036116,-13.207962,-8.5787,-27.149738,-11.049974,22.211334,-9.52473
O14717,-13.21709,14.2269335,18.980675,-4.0691605,8.819959,-2.8292046,-0.61359876,-14.1461115,-7.5127807,-13.421471,-11.796334,-10.833291,3.6479511,14.508056,10.6654215,-20.71552,-5.5830708,-2.7457705,2.224837,11.929597,10.819692,8.690873,-15.630005,8.795508,16.676878,-1.1380277,-10.084256,-9.207246,-19.85148,10.639775,16.291025,-5.610842,-9.313885,-9.255123,-8.719673,-13.669968,-9.731992,4.9164166,11.301692,-17.18934,-9.556593,-10.959256,-19.03277,-0.38792327,16.173153,-11.652072,-2.3341496,-7.7590613,-5.01749,5.677645,-2.0773418,7.0340858,13.394699,2.5354445,-7.2530475,-4.4690294,12.138782,9.804856,-9.481064,-7.030728,-22.669012,-8.592985,18.13328,-7.4811172
O43765,-12.672857,13.931783,18.363329,-3.9616423,8.723337,-2.6913006,-0.6656758,-13.678511,-7.4537935,-13.069595,-11.465113,-10.646929,3.5194979,14.28809,10.274792,-20.287987,-5.5444217,-2.7837577,2.2115698,11.518953,10.55193,8.428293,-15.400938,8.796827,16.193493,-1.009071,-9.859392,-8.851065,-19.311968,10.275419,15.869552,-5.6507397,-9.250492,-8.935744,-8.650487,-13.181483,-9.296558,4.805722,11.053696,-16.812675,-9.262465,-10.75198,-18.653194,-0.5761012,15.977971,-11.363346,-2.1957657,-7.468873,-4.812575,5.50637,-2.0326684,6.8185782,13.007909,2.5082157,-7.042704,-4.265952,11.730364,9.412019,-9.148628,-6.802917,-22.071108,-8.600627,17.630741,-7.0515876
P46587,-11.356693,11.878636,16.70307,-3.743546,7.6323156,-2.3007274,-0.49792284,-11.913347,-6.613844,-11.524639,-10.123606,-9.135961,3.3499842,12.089523,9.217449,-17.891949,-4.0271964,-2.1752172,2.3929522,10.077226,9.09959,6.9102163,-13.210339,6.8165317,14.167121,-0.9885295,-8.120613,-7.7334247,-17.044884,8.712412,13.4662285,-4.359797,-7.463405,-8.3049755,-6.9910736,-11.60092,-8.886534,4.118286,10.20469,-14.505822,-8.213765,-9.211957,-15.787523,-0.13589962,13.792946,-9.6688595,-1.9636171,-6.588996,-4.460044,4.3812337,-1.4527797,6.0972447,11.523567,1.9438288,-5.9218097,-3.853388,10.135801,8.817178,-7.7356544,-5.954019,-19.687452,-6.675667,15.45135,-6.436697
P06106,-11.334122,13.9079275,16.562632,-3.7207282,8.53492,-2.6911216,-0.9814577,-12.971332,-7.184358,-12.184247,-11.07651,-10.562488,3.1798813,14.290156,9.358427,-19.571415,-6.4631124,-3.2531297,1.5316563,11.434724,10.505877,9.059912,-14.952582,9.6185255,16.047314,-0.9096485,-10.330118,-8.333172,-18.56066,9.997366,15.474345,-6.631904,-9.807168,-8.2574,-9.164879,-12.367326,-8.282615,4.840764,10.297235,-16.370493,-8.843116,-10.965735,-18.591982,-1.3518788,15.56105,-11.010968,-2.0939481,-6.913507,-4.6433682,5.487343,-2.1933439,6.6254153,12.303046,2.47623,-7.040548,-4.122708,11.021143,8.107811,-8.820547,-6.612189,-20.833345,-9.010168,17.0652,-6.479174
P27986,-13.570611,16.559093,19.85586,-4.24675,10.253879,-3.047342,-0.9886652,-15.27974,-8.479403,-14.811073,-13.059429,-12.67918,3.7189393,17.000284,11.0737705,-23.518406,-7.1559873,-3.6199906,2.0227745,13.059238,12.132071,10.456216,-18.054508,11.104953,18.805214,-1.0222806,-11.696501,-9.959246,-21.569963,11.654758,18.2159,-7.4952383,-11.479646,-9.8502,-10.848126,-14.72508,-9.678355,5.677837,12.355276,-19.426607,-10.429203,-12.720178,-21.997904,-1.1564626,18.574326,-13.045295,-2.126698,-8.176727,-5.129461,6.5246277,-2.5580015,7.788386,14.443465,2.9593627,-7.8892107,-4.6594667,13.3755,9.724622,-10.7996645,-7.8404164,-24.765448,-10.741997,20.330072,-7.590084
O74966,-12.170527,10.6464815,16.459375,-2.3946936,5.458561,-2.7214553,0.57420856,-12.145958,-4.8267264,-11.798032,-9.324023,-8.012849,3.0303345,10.624046,8.932487,-15.3233795,-2.7476635,-0.6873793,2.0432184,8.736827,8.261119,6.099867,-11.69559,4.8507457,12.319676,-1.0889112,-6.406084,-8.326076,-15.345546,8.62244,12.58954,-2.3507094,-6.0437694,-7.9570775,-5.6167045,-12.475984,-7.2699428,3.4530163,8.811581,-13.851352,-7.458304,-7.2027664,-13.494518,1.8040347,11.591794,-9.127345,-1.5666114,-6.931234,-3.740699,4.80324,-1.1391321,5.8000293,10.525523,1.3448071,-5.0887747,-3.480218,10.771703,9.287726,-8.479045,-5.42766,-17.66152,-5.309987,13.928777,-7.245833
P27695,-12.654774,14.871026,18.612484,-4.073529,9.278602,-2.8096368,-0.861143,-14.027373,-7.835657,-13.556388,-12.032996,-11.400557,3.5861175,15.25311,10.353618,-21.415564,-6.143268,-3.200605,2.106513,12.04038,11.1015835,9.216238,-16.268177,9.677504,17.088062,-1.0200329,-10.530638,-9.065295,-20.037561,10.603842,16.517027,-6.4881897,-10.097013,-9.211306,-9.476504,-13.558582,-9.309747,5.1442995,11.538603,-17.694433,-9.597626,-11.50628,-19.764772,-0.9482279,16.866823,-11.85824,-2.117763,-7.5678334,-4.9551425,5.7493043,-2.1739016,7.1771054,13.400141,2.5903432,-7.2464743,-4.3888445,12.077189,9.334734,-9.569274,-7.1172676,-22.900898,-9.309244,18.495058,-7.091791
P0AA37,-9.84673,7.785862,13.53833,-2.4000766,4.330333,-2.0127575,0.43389162,-9.436005,-3.9453168,-8.989098,-7.293275,-5.8617716,2.6980078,7.659875,7.3722773,-11.99991,-1.3858645,-0.30833825,2.0994093,7.06587,6.3392,4.231092,-8.638428,2.826787,9.768185,-0.9803033,-4.642644,-6.4578743,-12.259739,6.4963675,9.411965,-1.2039803,-3.9316788,-6.7466536,-3.6540368,-9.600254,-6.9371986,2.5728176,7.4046493,-10.308738,-6.0261407,-5.525897,-9.966464,1.6538842,8.745218,-6.749086,-1.5152098,-5.482898,-3.3608594,3.1756806,-0.5688585,4.61303,8.466829,0.8808613,-3.9786339,-2.968752,8.124586,7.8795104,-6.1094356,-4.282472,-14.215895,-3.1374533,10.895499,-6.026803
O75886,-12.87597,13.069018,18.129309,-3.372405,7.5920014,-2.8238413,-0.13575092,-13.491792,-6.5008388,-13.017193,-10.9687,-9.9359045,3.413618,13.23783,10.012689,-18.900667,-4.502999,-1.9611964,2.1613972,10.717582,9.923339,7.829121,-14.349781,7.3725133,15.1438875,-1.1109962,-8.681286,-8.983602,-18.198488,9.919102,14.991696,-4.433945,-8.203626,-8.852467,-7.689614,-13.380591,-8.688991,4.4011197,10.461065,-16.143528,-8.80806,-9.5990095,-17.09727,0.514184,14.588407,-10.794708,-1.9367939,-7.488444,-4.4865956,5.417856,-1.7103219,6.652701,12.33712,2.0701928,-6.3687625,-4.0672593,11.794141,9.643325,-9.300618,-6.475725,-20.907497,-7.4669647,16.708702,-7.444736
P30575,-12.197436,13.571421,17.76522,-3.9011626,8.473494,-2.6596162,-0.6883551,-13.2270565,-7.232691,-12.6407385,-11.214978,-10.370876,3.4697692,13.867809,9.920635,-19.748487,-5.3925686,-2.75768,2.1066725,11.302201,10.298238,8.327895,-14.871512,8.518911,15.854654,-1.046849,-9.640624,-8.558016,-18.824024,9.9371395,15.33247,-5.587921,-8.986356,-8.757674,-8.406377,-12.791297,-9.117521,4.7173777,10.814149,-16.334892,-9.011875,-10.525537,-18.093462,-0.60794663,15.453999,-10.984335,-2.1543307,-7.2148457,-4.786909,5.2720017,-1.9354348,6.7039943,12.633325,2.3485982,-6.818436,-4.218661,11.291172,9.112731,-8.828537,-6.640317,-21.464857,-8.203228,17.17701,-6.900406
P31658,-10.346264,10.606675,14.6886015,-3.1134768,6.458915,-2.237159,-0.3348339,-10.923331,-5.5335765,-10.230752,-8.941939,-8.023876,2.886473,10.741153,8.227708,-15.534723,-3.950068,-1.7933995,1.7764515,9.120559,8.22176,6.5347424,-11.573466,6.1877947,12.75773,-0.9186613,-7.4354596,-7.209393,-15.081106,8.073968,12.226996,-3.9042282,-6.751734,-7.333698,-6.3312116,-10.585323,-7.6653137,3.6499174,8.66907,-12.933839,-7.316162,-8.169951,-14.108346,0.04728133,11.950195,-8.670749,-1.8363976,-6.0420804,-3.9338071,4.2072577,-1.4102583,5.4588923,10.194311,1.737526,-5.482529,-3.5048144,9.325666,7.7570796,-7.259549,-5.396055,-17.199322,-6.0166183,13.772131,-6.084987
P05219,-13.3057995,13.05167,19.050278,-3.795632,7.902458,-2.7881672,-0.18545832,-13.6789255,-6.9648085,-13.248949,-11.306393,-9.98595,3.7084875,13.240331,10.498437,-19.393682,-4.167383,-2.0266423,2.6022751,11.030191,10.083226,7.4572654,-14.522298,7.1322055,15.293143,-1.202602,-8.742824,-8.930235,-19.013863,9.993633,15.1527605,-4.214094,-7.9708295,-9.183116,-7.3824363,-13.571682,-9.545597,4.4811344,11.06714,-16.375889,-9.071279,-9.737057,-17.190542,0.44046432,15.002346,-10.977624,-2.2038205,-7.660703,-4.88193,5.217301,-1.6208215,6.773371,12.893433,2.0821943,-6.558945,-4.2776394,11.711885,10.306288,-8.95239,-6.5283175,-21.806694,-7.1865487,16.968498,-7.5116706
P35846,-9.248513,8.647583,13.15364,-2.8235765,5.294206,-1.9500449,-0.14865649,-9.435245,-4.7140074,-8.801834,-7.693946,-6.5560584,2.6904283,8.73326,7.323116,-13.063288,-2.7315238,-1.2569134,1.8531234,7.794427,6.9558268,5.086863,-9.544352,4.5175734,10.6778965,-0.8944834,-5.981964,-6.1908092,-13.131617,6.807698,10.23371,-2.6873333,-5.1488276,-6.5426016,-4.7748733,-9.200152,-7.074173,3.0103848,7.651172,-10.903955,-6.28955,-6.6910367,-11.499435,0.36259848,9.940524,-7.2849407,-1.7311195,-5.3100686,-3.6174097,3.3357017,-0.9616258,4.7189283,8.876159,1.3322353,-4.6415005,-3.1165073,7.8711705,7.2424197,-5.92585,-4.5451026,-14.915373,-4.4127016,11.6131115,-5.472948
P05122,-15.332356,18.795954,22.545849,-4.744919,11.684668,-3.3938155,-1.0940299,-17.228628,-9.682553,-16.916018,-14.799634,-14.4516115,4.1797676,19.344425,12.512396,-26.739645,-7.995706,-4.124965,2.377432,14.590887,13.658177,11.6659565,-20.633844,12.617392,21.081537,-1.1156541,-13.129125,-11.18871,-24.387981,13.137026,20.632748,-8.447925,-13.027922,-11.053482,-12.300284,-16.675562,-10.782027,6.4318604,14.034033,-22.107616,-11.753719,-14.322546,-24.93935,-1.3125329,21.2157,-14.859037,-2.2999,-9.220767,-5.687002,7.4203444,-2.915538,8.757635,16.348776,3.3968549,-8.814545,-5.166882,15.157511,11.030672,-12.22438,-8.804945,-28.107504,-12.316973,22.969812,-8.388933
O00451,-10.435432,9.328471,14.835502,-3.109313,5.766998,-2.0789568,-0.016826183,-10.360108,-5.1284995,-9.839742,-8.421978,-7.1021957,3.0136888,9.345391,8.191892,-14.378289,-2.463189,-1.132299,2.264429,8.382941,7.4344125,5.2369018,-10.400853,4.4204087,11.568353,-1.0189729,-6.1376915,-6.86638,-14.29569,7.3702235,11.037398,-2.4724941,-5.26835,-7.3577104,-4.910626,-10.234834,-8.021949,3.2103398,8.568639,-11.853917,-6.9358983,-7.0724487,-12.318001,0.80266905,10.780411,-7.898668,-1.8320116,-5.8979373,-3.919038,3.561828,-0.94414634,5.168163,9.77179,1.3757657,-4.8682857,-3.394846,8.771671,8.279556,-6.5608487,-4.9673066,-16.50554,-4.489882,12.728779,-6.1463094
P18054,-9.184616,9.543214,13.266438,-2.7728057,5.789135,-2.035342,-0.28829023,-9.751474,-5.060582,-9.32814,-8.124862,-7.291435,2.6643138,9.743068,7.3019114,-14.0233965,-3.3899784,-1.6285146,1.730083,8.045755,7.4171677,5.7369323,-10.505746,5.523394,11.2910595,-0.80055183,-6.5657005,-6.369396,-13.657889,7.1060143,10.907904,-3.4961417,-6.0696507,-6.622728,-5.6568646,-9.530739,-6.707328,3.3043232,7.9600015,-11.804009,-6.4941516,-7.3039627,-12.583809,-0.023309961,10.886321,-7.812791,-1.5571936,-5.385952,-3.5590048,3.6838517,-1.1522292,4.961376,9.150218,1.4787717,-4.799394,-3.0972335,8.250617,7.0690084,-6.384722,-4.7708955,-15.5289,-5.3493123,12.299878,-5.320507
P23568,-10.600742,8.355152,14.514704,-2.5081198,4.504597,-2.236305,0.4818347,-10.195599,-4.1652365,-9.663383,-7.879634,-6.270977,2.8703332,8.217925,7.9332094,-12.734445,-1.5584519,-0.37076858,2.1645415,7.648409,6.869245,4.5801363,-9.206917,3.0765848,10.392021,-1.0936762,-5.071227,-6.9347463,-13.263302,7.08321,10.181847,-1.3028452,-4.2342424,-7.1436715,-3.886515,-10.413701,-7.309224,2.767994,7.8271646,-11.15197,-6.4484024,-5.904456,-10.675273,1.7522222,9.325549,-7.3409853,-1.6793957,-5.920432,-3.6528838,3.5004597,-0.64323354,4.9480424,9.116939,0.9504515,-4.343214,-3.2051136,8.722537,8.470282,-6.552579,-4.5468874,-15.21697,-3.3892117,11.609499,-6.491533
B2RXH2,-16.07994,22.78634,24.57562,-6.1767116,15.422237,-3.4391258,-2.3509276,-19.16331,-12.581258,-18.665628,-17.190382,-17.668566,4.612861,23.934868,13.978501,-32.36281,-11.5863905,-6.4531245,2.325259,17.388235,16.223728,14.468097,-25.356852,17.66366,25.23548,-0.9649008,-17.222464,-11.933929,-28.772203,15.241577,24.892914,-12.277062,-17.051046,-11.796096,-16.141146,-17.611202,-12.415446,8.086117,16.21382,-25.846724,-13.633812,-18.263674,-31.276861,-4.0138993,26.510866,-17.809406,-2.8868468,-9.943532,-6.5398197,8.711741,-4.221789,9.789041,19.106562,5.0080805,-11.093689,-5.9069047,16.611715,11.0531845,-13.444828,-10.438262,-32.985523,-16.762304,27.277193,-7.941152
P12004,-13.029982,15.493802,19.136543,-4.2232175,9.777417,-2.8626604,-0.95402724,-14.49934,-8.219854,-13.989518,-12.424957,-11.888573,3.6606307,15.966502,10.700335,-22.256754,-6.6378827,-3.438058,2.1079862,12.440421,11.501807,9.605889,-17.046429,10.374942,17.691841,-1.00966,-11.10589,-9.325555,-20.760225,11.042542,17.298296,-6.9103737,-10.665469,-9.358608,-10.017524,-13.901765,-9.547886,5.3858395,11.845962,-18.367744,-9.913359,-12.019587,-20.748936,-1.1893318,17.677189,-12.405758,-2.2145545,-7.803906,-5.0504117,6.063471,-2.395561,7.3452454,13.891019,2.8557181,-7.6190286,-4.5074506,12.498169,9.506845,-9.918184,-7.395513,-23.718771,-9.995131,19.203886,-7.1450777
Q05513,-12.7927265,13.177066,18.085302,-3.353822,7.6242776,-2.8344438,-0.16257022,-13.488621,-6.5235577,-13.063926,-11.017177,-10.025414,3.401496,13.34508,9.956062,-19.00348,-4.555741,-2.0143247,2.1453028,10.743038,9.979606,7.9223614,-14.425961,7.465988,15.220539,-1.0930173,-8.717627,-8.984784,-18.218977,9.910858,14.996087,-4.559202,-8.31528,-8.879754,-7.7951107,-13.41019,-8.5985365,4.4246655,10.512866,-16.237473,-8.822229,-9.673222,-17.172226,0.4666978,14.665935,-10.808772,-1.8829755,-7.4653025,-4.480436,5.4231863,-1.6989714,6.698774,12.329144,2.0386884,-6.341313,-4.0531883,11.805442,9.582594,-9.337281,-6.4823546,-20.934895,-7.53784,16.759533,-7.4245734
P00358,-10.963512,10.797552,15.447292,-2.7789965,6.233051,-2.3889186,0.026441265,-11.345153,-5.4115996,-11.072854,-9.1676035,-8.234246,2.9545004,10.950433,8.413828,-15.732111,-3.4340868,-1.4088404,1.9923886,8.769539,8.232132,6.2938795,-11.957001,5.824571,12.502207,-0.91240925,-6.959954,-7.5750566,-15.21251,8.183392,12.402994,-3.3921013,-6.6413097,-7.5732713,-6.210488,-11.346368,-7.285889,3.630401,8.903255,-13.543188,-7.327917,-7.8140364,-14.015565,0.6645472,12.146848,-8.94538,-1.5646992,-6.345247,-3.7444315,4.451123,-1.292086,5.613488,10.328995,1.5866333,-5.1835194,-3.390361,9.910118,8.363898,-7.7666974,-5.387958,-17.531097,-5.9510407,13.902661,-6.3089175
P0AES9,-10.962736,12.560494,15.906386,-3.90888,8.335335,-2.2558334,-0.9197051,-12.00798,-6.9625106,-11.1011505,-10.1019125,-9.520128,3.13863,12.858823,9.101291,-18.325178,-5.740892,-2.8243797,1.7566278,10.689886,9.49719,7.9615626,-13.75693,8.542864,15.07189,-0.8621206,-9.482032,-7.722087,-17.28919,9.218649,14.298434,-5.7352967,-8.658435,-7.9013777,-8.146308,-11.210245,-8.842148,4.448568,9.825394,-14.68438,-8.395315,-10.124309,-17.1942,-1.1347042,14.451444,-10.016913,-2.2446177,-6.5171733,-4.427363,4.8604116,-2.0859425,6.0155215,11.694381,2.4265304,-6.700666,-4.0035205,10.182235,7.9024467,-7.9433947,-6.3051677,-19.725042,-8.013932,16.023237,-6.1085734
H2B3G5,-25.585617,38.890648,38.57312,-8.657749,24.063839,-6.4725075,-3.7775578,-32.02944,-19.29653,-31.179638,-28.662888,-29.851053,6.7400646,40.437675,21.935326,-52.68204,-20.571743,-11.0453825,2.0994477,29.068623,27.489437,26.147453,-41.69991,30.41483,42.01568,-1.671778,-29.121048,-20.33136,-46.717484,25.929153,41.380424,-21.763878,-29.638203,-18.838814,-27.997847,-30.246666,-17.36212,13.435249,25.34582,-43.735054,-22.263834,-30.404928,-52.04421,-6.4689603,42.95887,-29.791607,-4.0302405,-16.318377,-10.280626,15.590525,-7.2348523,16.552807,30.651484,7.8026237,-18.06483,-9.468201,28.28201,16.64669,-23.820934,-17.08582,-52.847176,-28.739576,44.848915,-13.62423
P68036,-11.406495,12.748292,16.674889,-3.7103333,8.10498,-2.4066536,-0.66134894,-12.342112,-6.8496385,-11.862179,-10.467167,-9.777085,3.263772,13.05521,9.288242,-18.708323,-4.966371,-2.5534945,2.074325,10.497883,9.584899,7.7624907,-14.080835,7.9644117,14.937296,-0.93204725,-8.931827,-8.033959,-17.526484,9.208523,14.339871,-5.213264,-8.4266405,-8.285773,-7.9492817,-11.866034,-8.641932,4.413143,10.249711,-15.248856,-8.462602,-9.8998785,-17.039019,-0.5374474,14.594047,-10.243816,-1.9322921,-6.724325,-4.406452,4.8647814,-1.7821513,6.277647,11.798562,2.2483382,-6.302956,-3.9009588,10.619035,8.519943,-8.32338,-6.2747602,-20.176025,-7.7434173,16.211407,-6.428424
O75888,-16.016054,19.144917,23.231693,-4.912171,11.76395,-3.6193402,-1.0837122,-17.875484,-9.762572,-17.227709,-15.235236,-14.635817,4.331093,19.63249,13.051134,-27.135366,-8.2913265,-4.1875906,2.274249,15.263714,14.093742,12.089532,-20.860844,12.807667,21.690954,-1.3125074,-13.66954,-11.605053,-25.236397,13.736831,21.32874,-8.513296,-13.181607,-11.317648,-12.413801,-17.252922,-11.333347,6.6068144,14.19015,-22.592262,-12.122324,-14.667409,-25.519331,-1.2581006,21.44909,-15.326593,-2.628269,-9.608544,-6.043835,7.713843,-3.0597594,8.995178,16.90048,3.526588,-9.296955,-5.4875298,15.594105,11.469723,-12.552021,-9.087266,-28.83028,-12.413397,23.560246,-8.913211
P01160,-12.289487,14.0586,18.01038,-4.177385,9.027753,-2.6631272,-0.87322086,-13.414203,-7.621859,-12.774942,-11.536176,-10.762525,3.5796895,14.389359,10.1291275,-20.503311,-5.8588877,-3.0681038,2.074223,11.732239,10.590284,8.745898,-15.406772,9.126366,16.478651,-1.1009363,-10.226835,-8.6188,-19.410599,10.188092,15.853737,-6.080268,-9.438037,-8.884944,-8.862708,-12.831693,-9.558576,4.97645,11.124959,-16.719755,-9.271183,-11.06825,-18.921015,-0.97000766,16.072485,-11.326618,-2.302775,-7.2922454,-4.9695754,5.38939,-2.130664,6.843057,13.014239,2.5608096,-7.1309776,-4.3956866,11.407617,9.1229315,-8.937491,-6.915132,-22.140951,-8.654475,17.805399,-6.8731093
P01594,-18.714647,25.368933,27.531128,-6.155745,15.876227,-4.307956,-2.0773737,-22.119616,-12.792699,-21.214699,-19.089247,-19.318268,4.9041367,26.084967,15.637486,-35.12724,-12.60362,-6.3908734,2.0635006,19.668564,18.191175,16.719727,-27.275457,18.661924,28.45456,-1.2283467,-18.665464,-14.323273,-31.46993,17.498293,27.418633,-13.086667,-18.61486,-13.658478,-17.615797,-20.983515,-13.3209505,8.679964,17.539633,-28.786451,-15.372069,-19.784847,-33.96649,-3.0660095,28.122803,-19.501823,-3.0569894,-11.569613,-7.1794586,10.16782,-4.514376,11.249282,21.041924,4.8491306,-12.129603,-6.709881,19.5591,12.555923,-16.136961,-11.682635,-36.012047,-17.779001,30.263277,-10.315106
P06993,-11.690676,12.547367,16.391699,-3.7643209,7.875244,-2.5051947,-0.7582809,-12.710512,-6.729835,-11.319296,-10.214491,-9.336094,3.099253,12.798926,9.535692,-17.929474,-5.989195,-2.66362,1.5859737,11.10544,9.831183,8.072586,-13.576145,8.521339,15.168772,-0.90424263,-9.743883,-8.181223,-17.754967,9.841614,14.780994,-5.5361423,-8.648197,-7.940948,-7.9987717,-11.899986,-8.818078,4.371967,9.537021,-14.963331,-8.589722,-10.060465,-17.21539,-0.8955414,14.261967,-10.30699,-2.5383081,-6.943983,-4.593616,5.261503,-2.179448,6.0883803,12.01889,2.4356215,-7.172882,-4.164158,10.652018,8.280466,-8.23752,-6.3213367,-19.81959,-8.034745,16.012455,-6.6560373
Q8DTS9,-16.63786,20.973965,23.972038,-4.8413486,12.228421,-4.182393,-1.3094479,-19.324963,-10.221935,-18.33885,-16.41282,-15.884102,4.332321,21.529593,13.556104,-28.630833,-10.077467,-4.929997,1.7052524,16.703436,15.600649,13.8248825,-22.339046,14.840988,23.366974,-1.3307436,-15.482442,-12.440453,-27.177143,15.15112,23.235844,-10.143011,-15.030708,-11.635702,-13.985278,-18.723904,-10.9365015,7.208268,14.559837,-24.71049,-12.876996,-16.071512,-27.764545,-1.9523798,23.000055,-16.70074,-2.8443441,-10.246706,-6.46194,8.784903,-3.5505204,9.700422,17.974014,3.7400296,-10.353208,-5.870853,16.697027,11.545393,-13.628725,-9.635321,-30.322296,-14.071512,25.042267,-9.411857
P00533,-11.184957,12.130945,16.218662,-3.5019047,7.639126,-2.356184,-0.5103292,-11.956552,-6.496109,-11.499463,-10.038438,-9.292508,3.1667812,12.4168005,9.007426,-17.80131,-4.6237173,-2.2901058,2.0386465,10.00809,9.156168,7.310648,-13.440524,7.4432178,14.2026415,-0.9192852,-8.451126,-7.788036,-16.852974,8.888305,13.7684,-4.76128,-7.928619,-7.9922395,-7.4486094,-11.556779,-8.307704,4.203194,9.811448,-14.662885,-8.110034,-9.323147,-16.185862,-0.32956415,13.910919,-9.85043,-1.8899277,-6.5631194,-4.227386,4.7194724,-1.6887918,6.013661,11.37036,2.1105258,-6.0419884,-3.7560425,10.290764,8.386867,-8.030458,-6.0045795,-19.374403,-7.2762733,15.488813,-6.272019
Q8WZ42,-11.9295635,15.0486,17.53849,-3.9529524,9.46137,-2.7163951,-1.0777234,-13.666801,-7.787431,-13.085951,-11.745859,-11.498173,3.3312604,15.486562,9.853933,-21.287502,-6.9216266,-3.501662,1.6753663,11.957717,11.051309,9.71318,-16.332123,10.477215,17.214483,-0.8809224,-10.9336195,-8.856171,-19.503847,10.516819,16.513092,-7.21894,-10.66117,-8.788175,-10.078506,-12.996977,-8.763059,5.2141066,11.088313,-17.465155,-9.415881,-11.773426,-20.133745,-1.4527086,16.891783,-11.742815,-2.0105116,-7.2608485,-4.6889286,5.868444,-2.4165113,7.0131054,13.012942,2.7528608,-7.311668,-4.2593493,11.864277,8.437797,-9.605451,-7.141964,-22.273714,-9.947011,18.42154,-6.6824846
P12318,-12.503664,10.870417,18.066025,-3.8271685,7.0175138,-2.2029276,0.10484236,-12.0111065,-6.1164393,-11.846036,-9.877901,-8.349288,3.6552105,10.673451,9.783054,-17.422184,-1.92573,-0.9938677,3.170267,9.644076,8.389441,5.6894016,-12.211155,4.2959785,13.73054,-1.193818,-6.421352,-8.152076,-16.48024,8.295927,12.410197,-2.337618,-5.662334,-9.206009,-5.394993,-12.127554,-10.108846,3.6271265,10.6984215,-13.663507,-8.336219,-8.070421,-14.074219,1.5845721,12.603014,-8.908295,-1.8981129,-6.920052,-4.5049376,3.8127377,-0.83833516,6.1531763,11.507745,1.3509198,-5.1709414,-3.9380121,10.50161,10.13589,-7.817583,-5.886985,-19.788145,-4.652714,15.163191,-7.4433722
P06907,-12.349093,10.408588,17.008757,-2.8780806,5.709971,-2.5803022,0.4773914,-12.05746,-5.096067,-11.657994,-9.424589,-7.8570924,3.2660844,10.275765,9.257062,-15.635907,-2.231734,-0.6662298,2.440039,9.032504,8.211456,5.7704787,-11.473546,4.2722354,12.577591,-1.1955856,-6.2404685,-8.23419,-15.652148,8.465511,12.320866,-2.0469277,-5.571154,-8.366208,-5.1856933,-12.344006,-8.332398,3.4123757,9.3279085,-13.540417,-7.694786,-7.279774,-13.269816,1.8808519,11.548232,-8.908587,-1.7747396,-6.9378915,-4.0909953,4.365626,-0.94797045,5.876062,10.796519,1.2611082,-5.0965276,-3.676571,10.552493,9.694514,-8.090367,-5.488125,-18.182943,-4.693132,14.084698,-7.443197
O15305,-13.463879,17.778797,19.615498,-3.9868727,10.742178,-3.2584527,-1.1348898,-15.764729,-8.716883,-15.378671,-13.500625,-13.5880165,3.5611343,18.345339,10.9258,-24.433254,-8.478531,-4.0987444,1.504091,13.406636,12.752177,11.621688,-19.205265,12.740942,19.618046,-0.90672207,-12.719368,-10.28106,-22.079338,12.23534,19.2592,-8.746035,-12.890725,-9.723255,-12.190783,-15.189991,-8.869495,6.097821,12.340221,-20.58068,-10.613021,-13.51,-23.527987,-1.7104422,19.62518,-13.782748,-1.9583855,-8.310733,-4.9465055,7.255698,-3.0055768,8.038713,14.6891985,3.2014515,-8.252427,-4.657675,13.972992,9.228033,-11.602993,-8.181309,-25.199755,-12.190043,21.166487,-7.4205422
P14550,-13.144101,18.507406,19.856537,-4.4857316,11.57538,-3.1470037,-1.610334,-15.873012,-9.452086,-15.478923,-14.019333,-14.240378,3.6563954,19.22473,11.095703,-25.738386,-8.971787,-4.8065724,1.6936718,14.095671,13.333975,12.083548,-20.05652,13.628776,20.515743,-0.8275095,-13.443381,-10.182112,-22.985592,12.37861,19.785437,-9.672898,-13.6441145,-9.968084,-12.9108,-15.041395,-9.317841,6.3534284,13.026581,-21.160212,-11.020637,-14.495596,-24.653381,-2.503054,20.720697,-14.177333,-2.0034335,-8.214871,-5.273358,7.117244,-3.0260217,8.295419,15.147475,3.4640248,-8.594408,-4.7412643,13.884712,9.067148,-11.455214,-8.372353,-26.205242,-12.945231,21.916113,-7.205315
P67870,-13.529102,16.314327,19.697903,-4.3032317,10.194092,-3.0173447,-1.0111642,-15.168168,-8.458714,-14.541585,-12.90972,-12.460153,3.7124376,16.76039,11.07249,-23.189924,-7.23851,-3.622503,1.9684578,13.051121,12.034303,10.332918,-17.80172,11.0784235,18.637695,-1.0409434,-11.761269,-9.828634,-21.501968,11.639651,18.146471,-7.4335365,-11.344882,-9.687079,-10.688969,-14.523225,-9.787801,5.647176,12.162867,-19.162273,-10.353733,-12.632072,-21.835352,-1.2608734,18.385588,-12.957296,-2.2851233,-8.139536,-5.1723566,6.491326,-2.6212597,7.6586814,14.411395,3.0098622,-8.009029,-4.7026396,13.175692,9.667652,-10.5757,-7.7893257,-24.569761,-10.644965,20.120996,-7.5089345
P28482,-14.269467,16.658813,20.545425,-4.0336857,9.869312,-3.3111563,-0.70343155,-15.837078,-8.260916,-15.366057,-13.334196,-12.711121,3.7949066,17.045103,11.399466,-23.433872,-6.944792,-3.3475914,2.0283172,13.175815,12.319163,10.463346,-18.090864,10.804551,18.764023,-1.1453173,-11.611286,-10.358384,-21.98244,12.030488,18.522581,-7.1028295,-11.338796,-10.051855,-10.629678,-15.51372,-9.579544,5.6802135,12.379009,-19.917238,-10.545325,-12.504825,-21.911444,-0.68267775,18.505352,-13.353968,-2.1786003,-8.557819,-5.221909,6.8213983,-2.5175662,7.9540315,14.711146,2.834732,-7.950974,-4.7474017,13.871526,10.297336,-11.182898,-7.869751,-25.06138,-10.545531,20.432514,-8.053745
P09914,-13.026803,14.3872795,18.719305,-3.7532551,8.6742525,-2.8904579,-0.5096014,-14.080499,-7.3377438,-13.638089,-11.775463,-10.995609,3.5499783,14.692967,10.374738,-20.673822,-5.5626507,-2.6762655,2.1193693,11.597561,10.761021,8.800902,-15.7816305,8.883808,16.485304,-1.079677,-9.89618,-9.236094,-19.537174,10.529954,16.210032,-5.679895,-9.483538,-9.167577,-8.906341,-13.782281,-9.071416,4.9228835,11.202488,-17.393606,-9.389857,-10.826202,-18.990515,-0.26679528,16.179098,-11.66367,-2.036811,-7.694613,-4.764396,5.7982745,-2.050145,7.060915,13.147927,2.434251,-6.967371,-4.297636,12.257695,9.631291,-9.734956,-6.973002,-22.395262,-8.748143,18.052847,-7.3654447
Q7Z3B3,-14.740153,17.202938,21.385057,-4.3401556,10.744684,-3.1183171,-0.7687535,-16.139185,-8.884681,-15.922141,-13.608255,-13.235002,3.9490077,17.700987,11.8295965,-24.68518,-6.9799643,-3.4211826,2.4087927,13.239578,12.439214,10.424921,-19.114222,11.209833,19.325583,-1.0340496,-11.75771,-10.577004,-22.46671,12.171098,19.11124,-7.2210684,-11.695807,-10.388918,-11.082697,-15.657252,-10.203926,5.8654685,13.054565,-20.401592,-10.891298,-12.910538,-22.865353,-0.7307785,19.548265,-13.741609,-2.111549,-8.740424,-5.140038,6.914612,-2.6596458,8.062326,15.204436,3.1425798,-8.050136,-4.765531,14.3340225,10.657913,-11.515051,-8.198622,-26.130772,-11.15343,21.289715,-7.96413
O95868,-18.986351,24.284302,27.802004,-5.887022,14.993044,-4.306233,-1.620885,-21.807436,-12.282396,-21.18431,-18.694836,-18.542,4.995336,24.926708,15.594797,-33.92533,-11.216946,-5.664191,2.4548004,18.832354,17.529917,15.516828,-26.305616,17.052742,27.13395,-1.3143274,-17.395277,-14.141544,-30.810745,16.974636,26.467447,-11.663606,-17.315825,-13.624196,-16.314905,-21.031204,-13.18693,8.282592,17.351658,-28.13414,-14.947283,-18.601902,-32.273922,-2.2044597,27.075983,-18.97243,-2.9598238,-11.567076,-7.0712132,9.797053,-4.0925827,11.025174,20.662798,4.4499426,-11.510699,-6.5495467,19.266027,13.188379,-15.708879,-11.230624,-35.333572,-16.45576,29.22677,-10.411982
E7EZF3,-15.704405,19.448792,23.003231,-5.25233,12.46248,-3.4650664,-1.4257619,-17.746588,-10.30914,-16.965519,-15.30512,-14.907167,4.342091,20.111456,13.0744705,-27.660582,-9.05413,-4.7018166,2.2068353,15.533842,14.2685,12.336045,-21.369102,13.774101,22.040648,-1.2372266,-14.4114065,-11.324814,-25.635437,13.843575,21.792048,-9.235936,-13.758553,-11.068412,-12.956698,-16.7652,-11.610703,6.844021,14.266776,-22.702087,-12.213506,-15.245118,-26.376514,-2.0677493,22.16336,-15.593964,-2.839448,-9.474918,-6.131908,7.7641077,-3.3682215,8.892552,17.137592,3.9266126,-9.729104,-5.557285,15.330032,11.112662,-12.28333,-9.232112,-29.199041,-13.177532,23.889656,-8.413264
Q16659,-16.125986,18.042795,22.868406,-4.342028,10.628647,-3.6087675,-0.56556755,-17.52992,-8.811327,-16.980122,-14.493912,-13.737235,4.155515,18.368837,12.740143,-25.54996,-7.143702,-3.2995892,2.3186557,14.284301,13.289516,11.21651,-19.670832,11.255947,20.450853,-1.3058583,-12.297108,-11.63969,-23.823105,13.233784,20.245607,-7.165659,-11.99498,-11.148945,-11.330207,-17.204866,-10.735126,6.0725327,13.502191,-21.602129,-11.60107,-13.377545,-23.745539,-0.15922157,19.947695,-14.563114,-2.345002,-9.5425,-5.597105,7.5137534,-2.707284,8.679741,16.094831,3.118406,-8.570994,-5.1864195,15.549491,11.602692,-12.556071,-8.664025,-27.431314,-11.254071,22.410196,-9.184155
O14526,-17.564491,21.70005,25.763449,-5.4414773,13.33971,-3.986493,-1.3100032,-19.836805,-11.014951,-19.353237,-17.10247,-16.634098,4.7594104,22.238804,14.379169,-30.68851,-9.366034,-4.862491,2.5262809,17.02958,15.802405,13.697904,-23.583212,14.592556,24.394035,-1.388211,-15.305864,-12.89146,-28.113039,15.250255,23.777254,-9.876389,-15.046016,-12.657786,-14.195329,-19.242308,-12.398124,7.435086,16.004013,-25.427898,-13.56403,-16.57795,-28.74653,-1.5511777,24.23483,-17.13565,-2.7201335,-10.596092,-6.6413884,8.6101055,-3.414508,10.11242,18.807838,3.8962657,-10.224735,-6.025789,17.43077,12.551989,-14.116817,-10.148344,-32.26928,-14.1540165,26.45138,-9.774741
P14099,-9.504594,12.183296,14.622927,-3.790506,8.372948,-1.9456086,-1.1574873,-10.858742,-7.037475,-10.49103,-9.669216,-9.45726,2.957117,12.725562,8.175748,-17.96753,-5.4667606,-3.1352568,1.8825331,9.8179245,9.027258,7.4873705,-13.626037,8.626252,14.142481,-0.6340504,-8.988583,-6.8164277,-16.353148,8.250193,13.402579,-6.0038857,-8.647952,-7.3246903,-8.17038,-10.048895,-7.9012313,4.3282156,9.663734,-14.147525,-7.7796035,-9.91959,-16.622896,-1.7124063,14.393613,-9.529828,-1.7734408,-5.75007,-4.074852,4.303038,-1.851381,5.6962547,10.875931,2.4027882,-6.054372,-3.5146742,9.162659,7.0474052,-7.1516767,-5.830672,-18.787008,-8.116878,15.176533,-5.0197797
Q9CW03,-14.750631,18.60085,21.803669,-4.877357,11.913058,-3.1859062,-1.300654,-16.725967,-9.741097,-16.306896,-14.461797,-14.307955,4.0729637,19.184208,12.209087,-26.563366,-8.267543,-4.3122263,2.2517054,14.470373,13.41964,11.694403,-20.454226,12.868457,21.033836,-1.046725,-13.244638,-10.841837,-23.90719,12.861979,20.373888,-8.731674,-13.087328,-10.759894,-12.430291,-15.930511,-10.831946,6.4174013,13.79053,-21.542547,-11.594578,-14.416936,-24.940378,-1.6893886,21.087326,-14.573712,-2.321735,-8.898717,-5.574832,7.2330613,-3.01818,8.52946,16.045704,3.5485196,-8.815027,-5.098422,14.722799,10.458277,-11.910734,-8.778182,-27.650751,-12.464327,22.780775,-8.009462
P02585,-13.339217,11.367885,17.85087,-2.4603693,5.524781,-3.0891175,0.71901816,-13.282495,-4.989168,-12.76798,-10.117687,-8.501712,3.2563984,11.300427,9.741713,-16.170017,-2.9148667,-0.6684854,2.090629,9.527041,8.981728,6.573856,-12.365871,5.0507407,13.114019,-1.2766604,-6.922825,-9.078513,-16.687485,9.490931,13.648514,-2.340171,-6.361052,-8.512301,-5.837177,-13.725985,-7.722297,3.6828003,9.298668,-15.003389,-8.026748,-7.6123443,-14.345348,2.097726,12.225923,-9.94258,-1.8001965,-7.6002297,-4.1359286,5.306744,-1.2239338,6.269364,11.398592,1.4033201,-5.5816975,-3.8142657,11.688414,10.178934,-9.179811,-5.7790875,-18.952402,-5.547893,14.853909,-8.023111
O54983,-12.825074,14.0951395,19.12677,-4.593881,9.523954,-2.4841993,-0.8833589,-13.62108,-8.176447,-13.181613,-11.797494,-10.90316,3.8388271,14.498346,10.672864,-21.286299,-5.3137336,-3.0279405,2.7186842,11.829197,10.640512,8.178879,-15.869225,8.816339,16.632391,-1.0664744,-10.027203,-8.655737,-20.039995,10.174197,16.020977,-5.7148123,-9.20415,-9.310139,-8.628838,-12.9942045,-10.431,4.9874115,11.880815,-16.947567,-9.576479,-11.162129,-19.113724,-0.8801519,16.706512,-11.499506,-2.3885984,-7.472064,-5.1549397,5.163226,-1.9987888,6.924362,13.541912,2.6542883,-7.1682353,-4.4564166,11.533437,9.841699,-8.759657,-6.9893785,-23.158157,-8.549304,18.18439,-6.890842
Q9H6Y7,-12.91964,13.371913,18.224276,-3.25033,7.639773,-2.8796792,-0.10995324,-13.657943,-6.5303955,-13.312381,-11.105811,-10.180092,3.3798952,13.565369,9.989677,-19.168304,-4.617269,-1.9923087,2.1371686,10.719571,10.068605,8.007913,-14.664182,7.6013856,15.282829,-1.0553588,-8.738064,-9.121417,-18.298964,10.017872,15.173608,-4.609011,-8.480668,-8.919463,-7.9504924,-13.62996,-8.41056,4.4547753,10.556302,-16.503233,-8.8620205,-9.705966,-17.35654,0.5315625,14.851457,-10.956792,-1.7970316,-7.5508423,-4.4032493,5.568969,-1.7255152,6.7576385,12.387553,2.0488627,-6.3345194,-4.0136065,12.028845,9.639487,-9.559676,-6.5186567,-21.056211,-7.7387624,16.891932,-7.46054
P01704,-21.733864,29.23491,32.03763,-6.612446,17.674788,-5.1796913,-2.0069823,-25.527235,-14.225513,-25.106577,-22.217705,-22.379642,5.6808167,29.94641,17.874353,-40.391724,-13.473754,-6.9460363,2.5115747,22.160946,20.783747,19.071533,-31.352032,20.559694,32.27363,-1.5808512,-20.605217,-16.716276,-35.95001,19.931051,31.196957,-14.364805,-20.969345,-15.971155,-19.896091,-24.79462,-14.710971,9.893122,20.355064,-33.500175,-17.533623,-22.218998,-38.46008,-2.6560764,31.993439,-22.466915,-3.0205808,-13.387711,-8.09815,11.68816,-4.823318,13.171656,23.962494,5.204038,-13.19809,-7.5347347,22.859802,14.888622,-19.028297,-13.294546,-41.376564,-19.857323,34.707863,-12.203517
O48737,-9.865096,8.830553,13.882276,-2.7623305,5.1674967,-2.1259265,0.0103036985,-9.957653,-4.723736,-9.321331,-8.008384,-6.6888366,2.7926092,8.931907,7.7022223,-13.264375,-2.598054,-1.1345578,1.9565964,7.9668756,7.203432,5.063321,-9.792507,4.4127126,10.748809,-0.96366477,-6.0104384,-6.5193515,-13.680494,7.153541,10.646637,-2.4429321,-5.132833,-6.7450585,-4.695946,-9.828775,-7.132918,3.0486836,7.826311,-11.424767,-6.463914,-6.669201,-11.662315,0.6236038,10.153293,-7.6531925,-1.7967962,-5.639918,-3.741512,3.5609043,-0.9416787,4.8843837,9.230784,1.3331255,-4.779552,-3.2008424,8.289499,7.7809005,-6.2044954,-4.605398,-15.418064,-4.420728,11.849561,-5.7963214
O24146,-11.906247,13.311294,17.53829,-3.9808533,8.25685,-2.6868618,-0.7435936,-12.962348,-7.11016,-12.350134,-11.196806,-10.172984,3.5231628,13.518293,9.774611,-19.460903,-5.1321597,-2.7857487,2.1116214,11.371778,10.236972,8.272088,-14.395517,8.138689,15.744928,-1.1549858,-9.501239,-8.358969,-18.737043,9.714742,14.907556,-5.5062633,-8.687142,-8.799613,-8.1018,-12.61373,-9.238029,4.66159,10.825669,-16.045727,-8.933723,-10.44668,-17.623545,-0.61948586,15.041155,-10.713859,-2.1992671,-7.06311,-4.9809294,4.9835124,-1.7573946,6.737352,12.487505,2.1513577,-6.686717,-4.2827783,10.915227,9.063255,-8.492549,-6.526467,-21.243082,-7.679113,16.914816,-6.9519224
Q9JL25,-12.165285,10.720249,17.440876,-3.5257192,6.6808157,-2.2737017,0.13625714,-11.8400955,-5.8730164,-11.6408825,-9.667856,-8.215992,3.4883037,10.609554,9.449951,-16.808048,-2.1901453,-1.030558,2.8949287,9.363428,8.307276,5.7140207,-12.01387,4.5244956,13.252996,-1.1406305,-6.4600267,-7.9875145,-16.141796,8.249387,12.337368,-2.45189,-5.770409,-8.764717,-5.4413676,-11.964121,-9.360479,3.5859213,10.190414,-13.584262,-8.032923,-7.874467,-13.867069,1.4241114,12.359341,-8.887485,-1.8378797,-6.792656,-4.32895,3.956633,-0.9161935,5.991274,11.190301,1.3706565,-5.1521463,-3.7968621,10.310932,9.773102,-7.737147,-5.6981735,-19.137814,-4.8379993,14.702433,-7.177161
P40054,-19.296597,31.5474,30.333817,-7.417524,19.942099,-5.059153,-3.618873,-25.091383,-16.233337,-24.586721,-23.244514,-24.3175,5.5288672,32.913223,17.088987,-42.87622,-17.085083,-9.680795,1.8041693,23.712578,22.44889,21.27151,-33.6654,25.279726,34.144882,-1.1865649,-24.00263,-15.56871,-38.01369,20.364832,32.89386,-18.721209,-24.4776,-15.153328,-22.987633,-23.613657,-13.963933,11.024353,20.944345,-35.295074,-17.885096,-25.202566,-42.117306,-6.454738,35.18799,-23.714369,-3.2698004,-12.5953455,-8.653459,11.985774,-5.6906357,13.459484,24.67244,6.072803,-14.609578,-7.676731,21.696482,12.7668295,-18.170572,-13.614555,-42.69081,-23.317083,36.01041,-10.18209
Q07637,-11.365663,12.257749,16.440193,-3.4750042,7.471288,-2.5323114,-0.5120267,-12.248772,-6.48843,-11.669048,-10.283663,-9.364501,3.214012,12.566274,9.161899,-17.805546,-4.7357054,-2.3786304,1.9779288,10.269993,9.4456,7.449019,-13.481229,7.54299,14.265453,-0.98793405,-8.673863,-7.9091434,-17.31212,9.137757,14.043519,-4.8232346,-8.025828,-8.019748,-7.459984,-11.887647,-8.225082,4.2539287,9.828565,-15.011501,-8.190654,-9.436371,-16.308594,-0.38965702,13.988953,-10.098622,-1.9998622,-6.7072616,-4.4266,4.8458724,-1.6798544,6.149925,11.571644,2.1032727,-6.2397346,-3.8557844,10.374359,8.577447,-8.063342,-5.9957376,-19.585886,-7.3141613,15.551648,-6.4400353
O33983,-12.937138,17.432062,19.058506,-4.3883533,10.905287,-3.099522,-1.4135518,-15.250224,-8.781692,-14.569191,-13.283058,-13.267793,3.6028166,17.852568,10.766983,-24.215515,-8.577015,-4.3023806,1.4293472,13.713786,12.602154,11.701608,-18.578228,12.605274,19.863646,-0.99819285,-12.893208,-9.910971,-21.866282,11.9588585,18.76088,-8.965852,-12.659371,-9.718333,-12.007397,-14.49663,-9.562986,6.0774984,12.309195,-19.81105,-10.621756,-13.695072,-23.255453,-2.0525417,19.185215,-13.292142,-2.216552,-8.013212,-5.2147408,6.821808,-2.9836912,7.9490137,14.550497,3.14082,-8.34404,-4.8436375,13.3382635,8.846455,-11.029631,-8.197622,-24.927542,-11.733164,21.015394,-7.3604593
O50202,-10.021801,8.763749,14.000762,-2.5061202,5.0862265,-2.0271788,0.2826845,-9.866772,-4.487293,-9.6340885,-7.7879333,-6.672786,2.743742,8.758538,7.564859,-13.288165,-2.01701,-0.66652817,2.1216078,7.402252,6.817774,4.810025,-9.814925,3.8566906,10.574605,-0.87489367,-5.2709856,-6.711907,-12.974679,6.8658705,10.24721,-1.965013,-4.8600154,-6.966421,-4.5671635,-9.975851,-6.9455323,2.904315,7.9247546,-11.268329,-6.374572,-6.2361917,-11.276501,1.2890525,9.940294,-7.3611126,-1.4035964,-5.649356,-3.3325245,3.5259292,-0.80437165,4.8708105,8.946251,1.1176108,-4.222534,-3.0022845,8.636073,7.8920546,-6.617655,-4.6186748,-15.193106,-4.15018,11.832249,-5.9125147
P14907,-14.029056,16.337015,20.37808,-4.3253856,9.78435,-3.256739,-0.9095731,-15.662248,-8.303261,-14.860283,-13.270745,-12.412156,3.836152,16.65912,11.439807,-23.189993,-6.880799,-3.5073872,2.0760508,13.522842,12.383916,10.375607,-17.574913,10.567429,18.854445,-1.1900334,-11.6949005,-10.168181,-22.082815,11.932006,18.229748,-7.1337204,-11.089265,-10.095305,-10.351999,-15.203261,-10.03645,5.577666,12.396073,-19.48127,-10.609247,-12.632484,-21.602095,-0.90806705,18.178318,-13.079963,-2.4124665,-8.428615,-5.5437894,6.481937,-2.3837447,7.9522166,14.71634,2.772691,-8.1139965,-4.883795,13.434985,10.222696,-10.685471,-7.774103,-24.95949,-10.151703,20.214453,-8.145008
P0DJL7,-13.758852,21.574472,21.009602,-5.487527,14.175758,-3.311811,-2.528958,-17.451744,-11.300674,-16.531094,-15.653414,-16.450417,3.8848212,22.382517,12.084967,-29.566175,-12.225357,-6.4212885,1.1786151,16.644,15.334982,14.824247,-23.008142,17.494427,24.254528,-0.76593274,-16.83746,-11.008116,-26.014797,14.208416,22.803509,-12.8880625,-16.809917,-10.7081375,-15.912029,-16.008577,-10.71974,7.5970945,14.385393,-23.696404,-12.588849,-17.54178,-29.292389,-4.382742,24.102036,-16.03214,-2.636039,-8.862299,-5.9856186,8.278164,-4.177613,9.177137,17.184654,4.323674,-10.507212,-5.575575,15.159803,8.791092,-12.664163,-9.795353,-29.475018,-15.990984,25.232199,-7.3650684
O75792,-14.444636,16.763308,20.867552,-4.2461596,9.933769,-3.412554,-0.79813236,-16.043034,-8.407405,-15.409899,-13.617493,-12.779444,3.9380596,17.13081,11.65209,-23.664053,-6.996574,-3.4969633,2.0593975,13.58939,12.586168,10.597026,-18.11292,10.833512,19.04134,-1.2709229,-11.894963,-10.417299,-22.54843,12.218397,18.75387,-7.1777515,-11.346118,-10.207018,-10.598028,-15.680625,-9.985775,5.7736354,12.590699,-20.117033,-10.724593,-12.754271,-22.112648,-0.8126457,18.629303,-13.5328455,-2.3882859,-8.666573,-5.554794,6.788302,-2.502923,8.113885,15.015145,2.8610227,-8.190456,-4.9531054,13.83937,10.540505,-11.080659,-7.95402,-25.496862,-10.444673,20.665857,-8.246999
P41911,-8.756526,6.881317,12.049839,-2.1389358,3.67939,-1.9478264,0.33951744,-8.528335,-3.5795867,-7.955562,-6.6300426,-5.17101,2.4597008,6.89587,6.6051445,-10.413048,-1.5081841,-0.4426088,1.7877407,6.4480567,5.8832936,3.7720802,-7.6384754,2.7759182,8.502391,-0.9110772,-4.472397,-5.63501,-11.384828,5.948302,8.619148,-1.2109938,-3.6070263,-5.8150067,-3.2108362,-8.619033,-5.984537,2.3617003,6.4669394,-9.423997,-5.297898,-4.9876714,-8.9037285,1.1335953,7.8730564,-6.232614,-1.5645071,-4.9395423,-3.2175817,2.9105961,-0.54320306,4.118344,7.6886725,0.8331876,-3.8424828,-2.7288454,7.0159364,7.0991516,-5.156075,-3.7127426,-12.686023,-2.8763952,9.515606,-5.2586546
P09913,-14.552734,17.190018,21.350147,-4.390188,10.697667,-3.1872933,-0.82728356,-16.032337,-8.980093,-15.892577,-13.743914,-13.252717,4.02818,17.69777,11.747045,-24.627165,-6.992719,-3.5647812,2.4207284,13.314931,12.531893,10.40462,-19.020235,11.251173,19.217089,-1.0907402,-11.867227,-10.373162,-22.723475,12.105523,19.021715,-7.3550835,-11.707815,-10.355247,-11.002788,-15.660228,-10.154947,5.9346504,13.153841,-20.531006,-10.839948,-12.952345,-22.753887,-0.9509086,19.58488,-13.758389,-2.1829183,-8.677957,-5.323451,6.823214,-2.6127522,8.117974,15.270058,3.027584,-8.06731,-4.833946,14.050021,10.694339,-11.220297,-8.111662,-26.199524,-11.008766,21.16319,-7.827805
P00423,-12.844953,16.659538,19.077507,-4.4025483,10.63729,-2.9021626,-1.2639867,-14.772112,-8.637644,-14.326014,-12.927284,-12.792526,3.6591911,17.123138,10.687927,-23.672535,-7.5825343,-3.9641008,1.8334329,13.065373,12.03838,10.774862,-18.088451,11.606177,18.997633,-0.9999926,-12.00734,-9.593523,-21.28529,11.392424,18.05229,-8.085889,-11.789075,-9.63381,-11.222571,-14.054104,-9.681412,5.8060966,12.286622,-19.136955,-10.318258,-13.03853,-22.272243,-1.6818702,18.669638,-12.869469,-2.0966403,-7.8223524,-5.0890474,6.360989,-2.68088,7.697044,14.206578,3.0677567,-7.868644,-4.643794,12.934004,9.082302,-10.553488,-7.8991327,-24.516853,-11.0073595,20.376392,-7.1697206
Q8TBC4,-13.308545,14.016776,19.103426,-3.9335258,8.679961,-2.797561,-0.45289585,-14.060653,-7.4614735,-13.558523,-11.673829,-10.71231,3.6605341,14.32111,10.617002,-20.483404,-5.254455,-2.528367,2.3719912,11.542964,10.604394,8.294081,-15.562174,8.499123,16.239996,-1.0908111,-9.712182,-9.140998,-19.64526,10.477151,16.086622,-5.265434,-9.078091,-9.20693,-8.46662,-13.724009,-9.5441,4.8363996,11.29313,-17.143105,-9.407836,-10.60351,-18.665464,-0.1759006,16.086916,-11.563196,-2.2347589,-7.7684984,-4.8692794,5.6528788,-2.014572,6.944849,13.309308,2.4376378,-7.040616,-4.3648977,12.1224985,9.985679,-9.419323,-6.9055433,-22.533512,-8.40646,17.87133,-7.3579054
O00182,-10.659613,10.751203,15.233178,-3.1458337,6.547668,-2.2709055,-0.258965,-11.140211,-5.6811028,-10.619653,-9.165419,-8.189294,2.9967175,10.920303,8.442461,-15.879709,-3.7172487,-1.7373108,1.990051,9.127134,8.319124,6.3957314,-11.867217,6.085205,12.785993,-0.9337165,-7.344139,-7.3254776,-15.425198,8.148463,12.402561,-3.7420201,-6.727423,-7.5252905,-6.287715,-10.894186,-7.7863636,3.6918755,8.97724,-13.281559,-7.4256153,-8.171772,-14.228947,0.18268836,12.250937,-8.872755,-1.8020711,-6.189476,-3.988034,4.23764,-1.3492098,5.568939,10.429682,1.7284474,-5.450527,-3.5182426,9.5225,8.136995,-7.356861,-5.430722,-17.6596,-6.013553,13.974155,-6.158572
P14902,-9.306415,7.129235,12.79211,-2.3152835,3.9445667,-1.9205552,0.41846526,-8.866991,-3.6832745,-8.351016,-6.8444715,-5.354757,2.5944993,7.010952,6.987211,-11.078002,-1.1896731,-0.2505127,2.0211136,6.685207,5.9565616,3.8448608,-7.9102616,2.4638503,9.073671,-0.9644174,-4.327012,-6.0250516,-11.611663,6.0863075,8.76739,-0.98224574,-3.5058453,-6.3553205,-3.2175848,-9.003942,-6.653669,2.3820286,6.947546,-9.586245,-5.6446404,-5.1164956,-9.153811,1.5619205,8.064721,-6.2870827,-1.5328208,-5.1726356,-3.2828457,2.8950994,-0.47186244,4.329167,7.986607,0.78811455,-3.7916958,-2.8476944,7.5058923,7.5309467,-5.5615077,-3.9748783,-13.332894,-2.7112656,10.1053095,-5.722852
O95257,-15.972119,21.749426,24.387241,-6.0279117,14.583585,-3.4134674,-2.034246,-18.608128,-11.937102,-18.274479,-16.725851,-16.84939,4.676983,22.595325,13.704773,-31.19102,-10.311674,-5.7933764,2.5270529,16.839193,15.546878,13.704518,-24.009563,15.96933,24.42416,-1.1158735,-16.026539,-11.733886,-27.80783,14.571292,23.549381,-11.164868,-15.773094,-11.973032,-14.941666,-17.458126,-12.562986,7.6924424,16.064922,-24.828876,-13.296405,-17.288605,-29.47894,-3.164664,25.08492,-16.882702,-2.778721,-9.770596,-6.533078,8.135175,-3.7445073,9.679064,18.543308,4.380576,-10.377604,-5.8735595,16.16718,11.312306,-13.023733,-10.104062,-32.073586,-15.117587,26.356176,-8.253084
P21266,-11.180884,12.77181,16.191662,-3.6191251,8.159811,-2.3504236,-0.72550654,-12.2387495,-6.815362,-11.625326,-10.237822,-9.735416,3.1082664,13.103734,9.098534,-18.501734,-5.441045,-2.63411,1.8413854,10.43552,9.535404,7.9343257,-14.067305,8.390987,14.947174,-0.82040346,-9.1524725,-7.9743037,-17.235825,9.24654,14.387506,-5.5239835,-8.701432,-8.028447,-8.21292,-11.642409,-8.366917,4.4152913,9.927694,-15.0955,-8.376283,-9.959327,-17.193363,-0.758995,14.579853,-10.182944,-1.9419569,-6.6384172,-4.229837,5.011552,-1.968792,6.136037,11.64561,2.34272,-6.4271502,-3.843446,10.581575,8.10975,-8.361851,-6.2797627,-19.809538,-8.103892,16.110582,-6.236216
Q8N165,-21.55222,30.835325,31.75432,-7.038447,19.170706,-5.2274413,-2.7556512,-26.211277,-15.342055,-25.163572,-22.898716,-23.608232,5.5569844,32.097157,18.225397,-42.05317,-16.162514,-8.363787,1.8607152,23.318295,21.931835,20.6083,-33.36123,23.828377,33.655506,-1.4382339,-23.157747,-16.760118,-37.629112,21.108383,33.56069,-16.593166,-23.222445,-15.298921,-21.998684,-24.533512,-14.623714,10.670492,20.242208,-34.892746,-17.996445,-24.072872,-41.652714,-4.609617,34.239605,-24.034739,-3.511994,-13.513728,-8.287933,12.645149,-5.8395276,13.203646,24.85613,6.4851136,-14.7438755,-7.732742,23.15504,14.054741,-19.372808,-13.882499,-42.645782,-22.752783,36.14103,-11.45591
P08169,-18.97473,25.36163,27.768896,-5.338771,14.9780855,-4.5588403,-1.4589627,-22.265512,-11.967101,-22.000408,-19.186674,-19.4389,4.7285995,26.106812,15.371694,-34.6959,-11.652435,-5.8290415,2.1076863,18.959833,17.915257,16.551523,-27.339594,17.813406,27.658163,-1.3319895,-17.691545,-14.599322,-30.932312,17.425503,27.159199,-12.274658,-18.217533,-13.684866,-17.223003,-21.67821,-12.028135,8.508894,17.251734,-29.249233,-15.071271,-18.926943,-33.21891,-2.0193496,27.67876,-19.684326,-2.4417844,-11.702865,-6.715505,10.419668,-4.158042,11.241696,20.554844,4.5746846,-11.320915,-6.2168837,20.18316,12.809558,-16.839777,-11.400621,-35.548447,-17.48332,29.842884,-10.568473
O75962,-12.338841,16.104235,18.235752,-3.9289231,9.966032,-2.8897715,-1.0923924,-14.307356,-8.114521,-13.995137,-12.412249,-12.361864,3.4224548,16.586824,10.121196,-22.583488,-7.304904,-3.7084327,1.6735656,12.34724,11.609,10.408339,-17.461113,11.209203,18.069185,-0.88762116,-11.409412,-9.336535,-20.303946,10.977903,17.3701,-7.766688,-11.461939,-9.192664,-10.885083,-13.74928,-8.698873,5.5406656,11.664307,-18.626007,-9.80831,-12.387673,-21.325766,-1.4795872,17.915874,-12.427488,-1.8260647,-7.5583134,-4.7153554,6.2812505,-2.5427334,7.430126,13.511878,2.8558776,-7.4347672,-4.332405,12.611535,8.682263,-10.3744545,-7.510914,-23.3297,-10.713979,19.453705,-6.897205
O00204,-12.958404,17.082964,19.155523,-4.0387707,10.22007,-3.1822593,-1.1711525,-15.242879,-8.393237,-14.780772,-13.191031,-13.026588,3.53699,17.487333,10.627416,-23.662848,-7.8223534,-3.969098,1.6195728,13.308574,12.474586,11.227008,-18.194878,11.820892,19.225195,-0.94299823,-12.134572,-9.962941,-21.52202,11.727451,18.26082,-8.373151,-12.197171,-9.782274,-11.504205,-14.796369,-8.954248,5.7951446,12.241099,-19.77814,-10.427933,-13.145171,-22.375303,-1.5401713,18.701637,-13.070595,-1.9337392,-8.0145235,-5.093495,6.680659,-2.6087625,7.975006,14.256435,2.8059187,-7.9034734,-4.619304,13.364511,9.086022,-11.011645,-7.8584785,-24.497473,-11.20639,20.437881,-7.518251
Q9BYE9,-9.780251,9.326066,13.881483,-2.6343524,5.4432473,-2.1110384,0.025916459,-10.005541,-4.7985973,-9.696882,-8.130237,-7.1078973,2.7496626,9.4004755,7.544874,-13.848631,-2.7117038,-1.1471502,1.9362725,7.8659067,7.263263,5.39244,-10.292582,4.7171836,11.101704,-0.87322617,-5.9912186,-6.67864,-13.558851,7.1203265,10.733338,-2.7592134,-5.544243,-6.931991,-5.1718526,-10.017524,-6.8678293,3.1545217,8.074853,-11.79,-6.539541,-6.854032,-12.072547,0.69874835,10.535938,-7.721366,-1.4861916,-5.629049,-3.5194306,3.684606,-0.96980083,5.0357437,9.196407,1.2599938,-4.5545225,-3.107983,8.612732,7.6375384,-6.6461563,-4.757801,-15.60609,-4.7681346,12.248954,-5.764972
Q95017,-10.465245,10.707599,14.939128,-2.9065144,6.3158255,-2.2953703,-0.18007079,-11.025351,-5.4634137,-10.639349,-9.046811,-8.163122,2.893807,10.870775,8.194606,-15.639325,-3.6166005,-1.6411312,1.9126313,8.861503,8.214963,6.391616,-11.768896,5.9897227,12.555471,-0.8817526,-7.104453,-7.316533,-15.052188,8.009647,12.187303,-3.698569,-6.7183905,-7.438506,-6.2933908,-10.897441,-7.3016653,3.616795,8.814828,-13.240904,-7.267375,-7.985565,-13.983157,0.31897452,12.050737,-8.750274,-1.5963547,-6.1047683,-3.8031273,4.252713,-1.2773688,5.5460424,10.15737,1.6126125,-5.214269,-3.3751678,9.531019,7.967149,-7.458604,-5.325008,-17.274195,-5.9825006,13.753286,-6.1099186
Q15477,-10.345067,11.222608,14.6189785,-2.6556332,6.4527597,-2.356899,-0.16077864,-11.131367,-5.36187,-10.869992,-9.074722,-8.518662,2.7507608,11.334414,7.957114,-15.945681,-4.092196,-1.6702486,1.6094887,8.834442,8.310726,6.9844065,-12.142136,6.5265474,12.952932,-0.8033408,-7.307267,-7.5462303,-14.8070545,8.133822,12.390803,-4.175525,-7.2761755,-7.4550467,-6.90324,-11.088014,-6.8240366,3.7369773,8.729988,-13.550229,-7.296533,-8.19107,-14.471525,0.3390644,12.253497,-8.839811,-1.3534648,-6.1134615,-3.5325806,4.564624,-1.4440043,5.651197,10.03489,1.5842288,-5.1376944,-3.311771,9.911603,7.59707,-8.032851,-5.509154,-17.168026,-6.481932,14.099434,-6.135541
P00374,-11.091003,13.667062,16.607567,-3.7477381,8.77835,-2.396475,-0.9026102,-12.465722,-7.3242426,-12.254052,-10.839558,-10.545862,3.2256377,14.086676,9.142849,-19.778643,-5.703173,-3.0305154,1.981112,10.736196,10.006573,8.421103,-15.06318,9.095274,15.625772,-0.7806006,-9.55185,-8.064115,-17.960373,9.366659,14.876489,-6.2184525,-9.441376,-8.359353,-8.93008,-11.980195,-8.327178,4.7229266,10.64204,-16.044333,-8.659354,-10.61527,-18.162346,-1.10244,15.6305895,-10.649706,-1.728402,-6.672569,-4.330912,5.09937,-1.9764106,6.495278,12.022434,2.3745763,-6.4224906,-3.8622372,10.831931,8.16808,-8.640658,-6.495879,-20.763863,-8.73498,16.895298,-6.104681
O43464,-10.783261,11.507708,15.6090145,-3.36682,7.2239084,-2.279286,-0.46351704,-11.480854,-6.1983633,-11.0011215,-9.602981,-8.807056,3.0718105,11.778438,8.671428,-16.93276,-4.3266735,-2.1318913,1.9955034,9.575979,8.767853,6.899294,-12.758556,6.9820123,13.526945,-0.89203596,-8.025295,-7.4705267,-16.174398,8.496886,13.138141,-4.431987,-7.4713,-7.686221,-7.002534,-11.102902,-8.01421,3.9913797,9.406877,-13.999537,-7.7551312,-8.860193,-15.358824,-0.26360855,13.229277,-9.392799,-1.8507869,-6.3160396,-4.102502,4.474804,-1.5689884,5.7723174,10.906374,1.9801068,-5.795989,-3.6282794,9.8170595,8.144824,-7.6213827,-5.723599,-18.539627,-6.8149853,14.761288,-6.0672226
P01764,-21.733864,29.23491,32.03763,-6.612446,17.674788,-5.1796913,-2.0069823,-25.527235,-14.225513,-25.106577,-22.217705,-22.379642,5.6808167,29.94641,17.874353,-40.391724,-13.473754,-6.9460363,2.5115747,22.160946,20.783747,19.071533,-31.352032,20.559694,32.27363,-1.5808512,-20.605217,-16.716276,-35.95001,19.931051,31.196957,-14.364805,-20.969345,-15.971155,-19.896091,-24.79462,-14.710971,9.893122,20.355064,-33.500175,-17.533623,-22.218998,-38.46008,-2.6560764,31.993439,-22.466915,-3.0205808,-13.387711,-8.09815,11.68816,-4.823318,13.171656,23.962494,5.204038,-13.19809,-7.5347347,22.859802,14.888622,-19.028297,-13.294546,-41.376564,-19.857323,34.707863,-12.203517
Q9HD42,-11.013329,11.744184,15.79469,-3.274629,7.18507,-2.3710744,-0.40660483,-11.766811,-6.128552,-11.247395,-9.729622,-8.949439,3.0477004,11.98053,8.775479,-17.10474,-4.4305263,-2.0866833,1.9230782,9.717262,8.92851,7.1313515,-12.926983,7.075809,13.771682,-0.89393747,-8.108211,-7.733888,-16.30056,8.710778,13.36566,-4.487606,-7.6334896,-7.8153806,-7.1672587,-11.43222,-7.933421,4.016281,9.432931,-14.261688,-7.877959,-8.9493265,-15.578083,-0.116679214,13.316866,-9.541393,-1.8093992,-6.4643145,-4.083879,4.6572,-1.5960737,5.889984,11.003781,1.9673629,-5.853236,-3.6522949,10.149966,8.22275,-7.958063,-5.819755,-18.688448,-6.957747,14.989163,-6.3013353
P27797,-12.139433,13.152723,17.495419,-3.631497,8.051245,-2.634287,-0.48997626,-13.018785,-6.8555913,-12.527549,-10.880787,-10.0476265,3.3694096,13.417025,9.713005,-19.117577,-4.9769416,-2.4267821,2.101037,10.812154,9.937973,7.986282,-14.459756,7.988545,15.296466,-1.0169908,-9.084508,-8.525006,-18.163378,9.686217,14.893364,-5.1039934,-8.574695,-8.615321,-8.046731,-12.690371,-8.743972,4.513763,10.495589,-15.938569,-8.746787,-10.004685,-17.422312,-0.21731026,14.89761,-10.682846,-1.9840667,-7.1377125,-4.5342603,5.205194,-1.815379,6.5442348,12.240188,2.21768,-6.483465,-4.045354,11.245866,9.068245,-8.838096,-6.45714,-20.826893,-7.843477,16.691158,-6.901593
Q9K498,-12.953302,14.804182,18.951336,-4.0007863,8.955715,-2.9334347,-0.7548919,-14.299041,-7.671149,-13.740781,-12.155907,-11.319053,3.6120496,15.149653,10.536302,-21.283508,-5.8735113,-3.0685713,2.1713536,12.165571,11.229971,9.140491,-16.12403,9.327586,17.044191,-1.0734807,-10.377431,-9.2688055,-20.226574,10.745096,16.544033,-6.20213,-9.896234,-9.3646555,-9.240466,-13.92186,-9.295754,5.052045,11.563153,-17.82525,-9.67481,-11.38944,-19.543396,-0.6735454,16.686314,-11.920748,-2.1381161,-7.7279806,-5.0707746,5.7705703,-2.028957,7.2843423,13.486514,2.4878423,-7.254963,-4.416716,12.256217,9.636488,-9.665579,-7.057299,-22.981356,-9.059396,18.43747,-7.4226747
O95319,-13.958275,15.0503235,20.030394,-4.07452,9.179041,-3.0220609,-0.5287527,-14.926777,-7.834136,-14.388141,-12.449868,-11.506884,3.8021703,15.393475,11.159233,-21.795982,-5.7567043,-2.811394,2.3529203,12.299436,11.341896,9.0646305,-16.623573,9.250357,17.301258,-1.1737298,-10.444641,-9.72507,-20.814732,11.183717,17.189056,-5.8002424,-9.838595,-9.663293,-9.20407,-14.558802,-9.846464,5.174667,11.860047,-18.313416,-9.959258,-11.373214,-20.004425,-0.2713193,17.10565,-12.383714,-2.2906382,-8.192729,-5.1215215,6.097844,-2.1782265,7.3972445,14.033606,2.6538057,-7.468818,-4.583814,12.912641,10.381144,-10.139166,-7.335987,-23.818123,-9.157171,19.023407,-7.787296
O09118,-9.10348,8.671043,13.103475,-2.967583,5.4975543,-1.8484032,-0.23505445,-9.285264,-4.8157268,-8.695027,-7.670386,-6.5919085,2.7144358,8.715265,7.284826,-13.284082,-2.6681004,-1.3060653,1.9300988,7.8395324,6.9019947,5.1113753,-9.555996,4.478131,10.8710575,-0.8824048,-5.9454985,-6.1264257,-13.043144,6.6702147,10.086045,-2.7699404,-5.1382027,-6.6604595,-4.820022,-9.015485,-7.330497,3.015737,7.8182707,-10.751828,-6.3481746,-6.8034515,-11.538021,0.31873816,9.979678,-7.143356,-1.6978666,-5.2150297,-3.6331499,3.1743774,-0.92216814,4.736799,8.851248,1.3128827,-4.565873,-3.1283484,7.7850885,7.1543193,-5.8621645,-4.599708,-14.990837,-4.349049,11.728148,-5.447072
O60381,-19.678268,30.162483,29.500992,-6.975309,18.881813,-4.9353914,-3.1228633,-24.796093,-14.9916,-23.643072,-21.975922,-22.957731,5.1937904,31.167677,16.93409,-40.78694,-16.565178,-8.60391,1.3929874,23.01918,21.395842,20.761871,-31.95723,23.846052,33.37156,-1.2203758,-22.993738,-15.859419,-36.02796,20.164234,31.929115,-17.367722,-23.19627,-14.835287,-21.956005,-23.194553,-14.033049,10.418182,19.598877,-33.425552,-17.473179,-23.938313,-40.485016,-5.232261,33.059338,-22.66209,-3.365892,-12.617773,-8.095653,12.000171,-5.729906,12.877902,23.761967,5.920452,-14.327371,-7.582541,21.856556,12.50289,-18.44949,-13.492038,-40.765587,-22.194283,34.981052,-10.821124
P06312,-21.733864,29.23491,32.03763,-6.612446,17.674788,-5.1796913,-2.0069823,-25.527235,-14.225513,-25.106577,-22.217705,-22.379642,5.6808167,29.94641,17.874353,-40.391724,-13.473754,-6.9460363,2.5115747,22.160946,20.783747,19.071533,-31.352032,20.559694,32.27363,-1.5808512,-20.605217,-16.716276,-35.95001,19.931051,31.196957,-14.364805,-20.969345,-15.971155,-19.896091,-24.79462,-14.710971,9.893122,20.355064,-33.500175,-17.533623,-22.218998,-38.46008,-2.6560764,31.993439,-22.466915,-3.0205808,-13.387711,-8.09815,11.68816,-4.823318,13.171656,23.962494,5.204038,-13.19809,-7.5347347,22.859802,14.888622,-19.028297,-13.294546,-41.376564,-19.857323,34.707863,-12.203517
P0A935,-10.472024,10.244574,14.421643,-2.4669418,5.45691,-2.5461826,0.054477014,-11.021824,-4.806691,-10.397987,-8.792154,-7.703547,2.7566485,10.358745,7.9820733,-14.440448,-3.6194215,-1.3812518,1.5079767,8.62767,8.062536,6.3731093,-11.035266,5.6598053,11.889722,-1.0030161,-6.9536147,-7.3425546,-14.634145,8.089662,11.996283,-3.3332057,-6.3819847,-7.0384383,-5.89572,-11.014528,-6.616825,3.4751186,8.040579,-12.976212,-6.920057,-7.448907,-13.271996,0.59195834,11.166422,-8.640378,-1.6690909,-6.1401725,-3.733218,4.4561133,-1.2897015,5.402074,9.791048,1.4841518,-5.19386,-3.351603,9.44488,7.8636413,-7.473643,-5.104413,-16.357613,-5.6090555,13.074823,-6.2747316
P0C8E7,-15.255002,23.209906,23.449156,-6.129308,15.8348055,-3.3678598,-2.584983,-18.696024,-12.600692,-18.252615,-16.9921,-17.9221,4.443218,24.219286,13.344617,-32.522182,-12.506955,-6.7516804,1.7970892,17.441591,16.16562,15.306557,-25.401712,18.54194,25.798828,-0.8928361,-17.742281,-11.729131,-28.21341,15.08377,24.718681,-13.297482,-17.762905,-11.626836,-16.913282,-17.147257,-12.126672,8.304757,16.016136,-25.666487,-13.547997,-18.679777,-31.741728,-4.5050006,26.547686,-17.523424,-2.7641351,-9.610954,-6.330193,8.805211,-4.5240445,9.779681,18.777246,4.916723,-11.054868,-5.945467,16.405668,10.083604,-13.589687,-10.6530905,-32.50625,-17.20466,27.498444,-7.6072803
O43572,-14.379954,14.096411,20.749847,-3.9703643,8.620771,-2.8468306,-0.02869742,-14.575027,-7.4674025,-14.61474,-12.07736,-10.857981,3.9861743,14.191501,11.197073,-21.203726,-3.8691945,-1.86752,3.087955,11.4299755,10.544619,7.7503633,-15.786928,7.192211,16.413273,-1.1972102,-8.733107,-9.703282,-19.96622,10.426008,15.89485,-4.2055593,-8.382414,-10.190609,-7.868087,-14.729197,-10.25355,4.7213874,12.256277,-17.571922,-9.764686,-10.208333,-18.238564,0.9881166,16.165949,-11.55442,-1.9790423,-8.204501,-4.9411306,5.4761834,-1.5737736,7.3300323,13.715952,2.0117316,-6.5003877,-4.424898,12.859263,11.230519,-9.914877,-7.034883,-23.5224,-7.5031004,18.352102,-8.108261
Q9H211,-11.773282,13.418375,17.396135,-4.05049,8.66116,-2.4868114,-0.8673417,-12.8774395,-7.389521,-12.2732725,-11.048639,-10.301691,3.4255211,13.804578,9.760769,-19.72506,-5.449477,-2.9505413,2.1684844,11.213328,10.184467,8.183873,-14.834063,8.656175,15.733448,-0.967986,-9.667398,-8.249445,-18.645784,9.7024145,15.155365,-5.7493143,-9.001079,-8.572142,-8.440074,-12.263314,-9.15881,4.686467,10.7761135,-16.026737,-8.914852,-10.613539,-18.078691,-0.94295686,15.512165,-10.838972,-2.1553705,-6.9755073,-4.7616363,5.0558677,-1.9270647,6.555971,12.484323,2.474341,-6.8107634,-4.130451,10.915257,8.813379,-8.471413,-6.548686,-21.291956,-8.322549,17.003191,-6.557001
Q9H0M0,-10.635611,9.896062,14.818151,-2.7844234,5.721996,-2.2659588,0.073250666,-10.795786,-4.958168,-10.279873,-8.603865,-7.4850516,2.87948,9.919337,8.17293,-14.657475,-2.9272525,-1.134938,1.9552828,8.478705,7.7101274,5.8374133,-10.873518,4.946271,11.924137,-0.98137265,-6.4119215,-7.2890587,-14.359518,7.7499723,11.553221,-2.8074944,-5.82377,-7.373048,-5.47641,-10.732309,-7.4501863,3.3212962,8.424387,-12.430898,-7.0282106,-7.2684655,-12.906473,0.92207336,11.039265,-8.255962,-1.6511116,-6.086996,-3.721941,4.037691,-1.1045411,5.328577,9.800265,1.43562,-4.9434133,-3.3471622,9.372297,8.145901,-7.2814665,-5.1401033,-16.562975,-5.0826707,13.121155,-6.3607483
O42661,-12.170527,10.6464815,16.459375,-2.3946936,5.458561,-2.7214553,0.57420856,-12.145958,-4.8267264,-11.798032,-9.324023,-8.012849,3.0303345,10.624046,8.932487,-15.3233795,-2.7476635,-0.6873793,2.0432184,8.736827,8.261119,6.099867,-11.69559,4.8507457,12.319676,-1.0889112,-6.406084,-8.326076,-15.345546,8.62244,12.58954,-2.3507094,-6.0437694,-7.9570775,-5.6167045,-12.475984,-7.2699428,3.4530163,8.811581,-13.851352,-7.458304,-7.2027664,-13.494518,1.8040347,11.591794,-9.127345,-1.5666114,-6.931234,-3.740699,4.80324,-1.1391321,5.8000293,10.525523,1.3448071,-5.0887747,-3.480218,10.771703,9.287726,-8.479045,-5.42766,-17.66152,-5.309987,13.928777,-7.245833
Q92448,-6.6236973,4.8535485,9.113605,-1.7395638,2.8703806,-1.2682053,0.33528438,-6.1944485,-2.632605,-5.828111,-4.6804338,-3.6606395,1.9269805,4.7924995,4.9250712,-7.836744,-0.60635215,0.032925382,1.616837,4.552462,4.0685744,2.5368183,-5.527284,1.4614552,6.4594264,-0.6171189,-2.797303,-4.292188,-7.995409,4.075683,5.988617,-0.47538987,-2.2779953,-4.701843,-2.1598017,-6.1835732,-4.9670186,1.6198058,5.0676103,-6.5251813,-3.9717076,-3.5309448,-6.28179,1.2420998,5.624727,-4.1924176,-1.0409552,-3.6432018,-2.2811615,1.8352336,-0.20376694,3.0644257,5.5571103,0.4971447,-2.5650957,-2.004261,5.2648025,5.4233932,-3.876537,-2.8734415,-9.374222,-1.660996,7.166799,-4.1047554
P08621,-13.637397,15.379211,19.792835,-4.171961,9.526734,-2.9746292,-0.7191602,-14.832549,-8.0668955,-14.341378,-12.551096,-11.786405,3.7772903,15.773948,11.027487,-22.20447,-6.156818,-3.1099234,2.271802,12.444837,11.491032,9.380886,-16.950102,9.798165,17.614737,-1.1193991,-10.794523,-9.616189,-20.942781,11.183318,17.345797,-6.3353624,-10.274328,-9.622208,-9.6364355,-14.383142,-9.793885,5.316004,11.976953,-18.489435,-10.01436,-11.746897,-20.482939,-0.6650024,17.494987,-12.481845,-2.253124,-8.072932,-5.1285577,6.1141276,-2.2790594,7.4446797,14.071402,2.747087,-7.5558686,-4.583881,12.8250885,10.077868,-10.1263895,-7.4232745,-23.974516,-9.575569,19.267073,-7.560653
P61077,-11.545618,12.131141,16.441668,-3.457487,7.3798475,-2.519014,-0.421374,-12.2757635,-6.271937,-11.591424,-10.152278,-9.217708,3.1985507,12.325477,9.2210865,-17.682573,-4.574108,-2.1620054,1.9259398,10.255704,9.292236,7.488295,-13.267969,7.2206492,14.369099,-1.0464996,-8.493153,-8.083015,-17.01704,9.140226,13.930316,-4.5640807,-7.7920227,-8.129793,-7.328851,-11.894195,-8.451579,4.1810765,9.726818,-14.725308,-8.22267,-9.302843,-16.151447,-0.055620372,13.647494,-9.938335,-1.9967493,-6.7577252,-4.3630834,4.8378916,-1.6691631,6.1336617,11.471465,2.078704,-6.161195,-3.8896196,10.542795,8.605334,-8.271065,-6.087109,-19.43241,-7.0685167,15.607479,-6.716719
P19087,-13.296402,13.81308,19.409637,-4.399626,9.065557,-2.5731735,-0.58572274,-13.805422,-7.7277865,-13.333558,-11.676409,-10.621038,3.8451452,14.041043,10.807011,-20.894012,-4.759162,-2.5335057,2.7420936,11.678144,10.433944,8.0116825,-15.453978,8.014824,16.493183,-1.1632968,-9.4919615,-8.991407,-19.685982,10.190769,15.770815,-5.029421,-8.67003,-9.538234,-8.179096,-13.352838,-10.521409,4.8048844,11.762583,-16.713346,-9.575003,-10.704562,-18.541914,-0.13231441,16.084152,-11.294779,-2.3225448,-7.658737,-5.0715723,5.182924,-1.8497332,6.958824,13.41825,2.4453697,-6.9300356,-4.469317,11.876555,10.182087,-9.091101,-6.994921,-22.924946,-7.941431,18.069164,-7.4156103
P11325,-15.582159,18.594038,22.262423,-4.06041,10.842101,-3.6025672,-0.6503107,-17.386501,-8.83543,-17.150537,-14.504792,-14.199556,3.9647393,18.983547,12.259626,-25.912382,-7.643872,-3.513743,2.0723748,14.073226,13.37718,11.724452,-20.183985,12.001724,20.64108,-1.1307054,-12.473082,-11.614197,-23.501637,13.145539,20.326319,-7.8639503,-12.714824,-11.006797,-12.070488,-17.15099,-9.899713,6.201198,13.454863,-21.97128,-11.495314,-13.637408,-24.240967,-0.421871,20.350582,-14.637114,-1.9567556,-9.354004,-5.253766,7.7149596,-2.8184192,8.740683,15.830147,3.1032982,-8.369611,-4.975806,15.669304,11.00457,-12.911065,-8.709823,-27.211733,-11.955796,22.587833,-8.842791
Q9NRI5,-11.846218,12.743221,17.07251,-3.5383742,7.8776355,-2.5010064,-0.4343504,-12.616183,-6.6700997,-12.209806,-10.500879,-9.737047,3.285251,12.967619,9.435203,-18.624693,-4.705869,-2.246962,2.1251552,10.405883,9.559261,7.666928,-14.046646,7.6255794,14.885248,-0.9504217,-8.666048,-8.315097,-17.504154,9.32606,14.354166,-4.8571415,-8.255459,-8.470803,-7.776983,-12.323777,-8.590386,4.350187,10.282045,-15.39837,-8.511797,-9.649831,-16.844852,-0.083458625,14.455326,-10.266294,-1.8708885,-6.938232,-4.3346257,5.005628,-1.731853,6.3527956,11.865296,2.0984364,-6.1993003,-3.9096382,10.981672,8.856929,-8.632699,-6.2984314,-20.237772,-7.529168,16.242659,-6.7307367
P18708,-11.637558,12.914357,17.241255,-4.083857,8.564216,-2.3357608,-0.82108766,-12.527646,-7.398125,-11.970054,-10.704755,-9.915196,3.4240162,13.291568,9.642527,-19.20312,-5.2066407,-2.7980976,2.310405,10.874959,9.839927,7.64171,-14.411797,8.318473,15.232784,-0.8952835,-9.350972,-7.9478593,-18.283455,9.40475,14.692206,-5.4531236,-8.625409,-8.4135685,-8.027135,-11.937733,-9.233096,4.5456395,10.656709,-15.535934,-8.720079,-10.244719,-17.482492,-0.9398573,15.211682,-10.485768,-2.2218158,-6.848163,-4.687117,4.8477864,-1.889493,6.325151,12.329422,2.369773,-6.6980815,-4.0769844,10.546646,8.814424,-8.030261,-6.3580775,-20.922203,-7.9659963,16.49839,-6.2962556
O81862,-8.774938,10.326886,13.424619,-3.2538965,6.7789063,-1.8965305,-0.72174114,-9.684809,-5.8663745,-9.475877,-8.600215,-8.0004835,2.8065948,10.614531,7.3215,-15.385267,-3.9344265,-2.282441,1.8947037,8.564856,7.8530602,6.2149916,-11.383263,6.4765406,12.18196,-0.7259283,-7.2648582,-6.1623535,-14.424658,7.1128464,11.28845,-4.511138,-6.873403,-6.882397,-6.4310493,-9.349124,-7.1708713,3.6512084,8.734553,-12.380686,-6.835422,-8.226606,-13.684602,-0.82511765,12.029328,-8.099591,-1.5600704,-5.240345,-3.8062072,3.5514634,-1.2528288,5.208425,9.585432,1.6178712,-5.0101695,-3.2165396,8.094038,6.866404,-6.2281375,-5.021659,-16.523155,-6.0312743,13.089685,-4.94506
B7GTK2,-8.669169,5.6651006,11.840294,-2.280806,2.9835405,-1.8451774,0.46373302,-7.9977226,-3.1129093,-7.169811,-6.121755,-4.1846976,2.53429,5.475792,6.5663815,-9.166431,-0.49964917,-0.010316044,1.9864928,6.2187057,5.304689,2.9473314,-6.2114925,1.2876196,7.761014,-1.0827746,-3.6508498,-5.3191824,-10.716675,5.4397297,7.5259075,-0.17927781,-2.3045163,-5.8134675,-1.9609454,-8.129435,-6.567912,1.9634871,6.178486,-8.168149,-5.043853,-4.229129,-7.317237,1.6171223,6.5083723,-5.4135017,-1.7841148,-4.758264,-3.4204369,2.2776055,-0.17177907,3.873931,7.289855,0.5183823,-3.5509663,-2.7919526,6.3516345,7.306612,-4.4079776,-3.3816729,-11.8777485,-1.4020782,8.573888,-5.5096645
P01139,-9.355675,9.034446,13.260958,-2.6291203,5.375716,-1.9948704,-0.05405548,-9.615869,-4.6603985,-9.21014,-7.804584,-6.8682733,2.6397834,9.097403,7.267974,-13.447512,-2.760769,-1.1701995,1.8150182,7.6931963,7.0203323,5.3437266,-9.938561,4.6678114,10.908438,-0.8376852,-5.902618,-6.448823,-13.034766,6.8740964,10.384069,-2.7969007,-5.424566,-6.7017756,-5.105959,-9.512978,-6.773626,3.0628383,7.775498,-11.259681,-6.3541064,-6.7515693,-11.791225,0.58280605,10.173289,-7.405622,-1.4683728,-5.390297,-3.4089086,3.5251212,-0.9749566,4.8529153,8.853228,1.280934,-4.4636536,-3.028554,8.286963,7.2283473,-6.423768,-4.6654825,-15.043028,-4.677227,11.926849,-5.578395
Q13387,-13.209368,15.962914,19.66088,-4.705063,10.451431,-2.8237548,-1.2178503,-14.743,-8.777663,-14.113575,-12.855168,-12.280694,3.851866,16.477293,11.092413,-23.219213,-6.9835973,-3.824721,2.2462378,13.073967,11.889534,9.921084,-17.6083,10.886162,18.457031,-1.0801321,-11.729476,-9.371151,-21.628588,11.314299,17.851908,-7.367144,-11.035929,-9.630249,-10.379766,-13.934721,-10.357298,5.6374116,12.379673,-18.75821,-10.308192,-12.689147,-21.623878,-1.617179,18.419037,-12.773983,-2.4620678,-7.909318,-5.4068046,6.045073,-2.5189703,7.534414,14.449436,3.096216,-8.026508,-4.7502217,12.557654,9.686962,-9.870638,-7.6807623,-24.701912,-10.357564,19.931402,-7.1827297
P11124,-13.030009,22.718956,20.659676,-5.2892127,14.438818,-3.5567465,-2.748228,-17.475748,-11.416546,-17.109728,-16.362694,-17.470587,3.8708868,23.562048,11.597068,-30.712069,-12.582621,-6.967417,0.95531887,16.908688,15.921053,15.899683,-23.880821,18.31583,24.96481,-0.80474025,-17.231163,-11.068151,-26.40995,14.174641,23.05666,-13.967942,-17.801899,-10.955589,-16.919647,-16.348743,-9.860765,7.950197,14.898176,-24.800251,-12.681139,-18.286575,-30.170113,-4.7532053,24.845383,-16.423958,-2.0997505,-8.666871,-6.027906,8.364134,-4.0469255,9.712913,17.117567,4.1447887,-10.176352,-5.4876547,15.305666,8.341375,-13.148286,-9.941613,-29.907892,-16.613287,25.91843,-7.267104
O60678,-11.465593,12.298123,16.522924,-3.260964,7.5070844,-2.4497237,-0.34302616,-12.226747,-6.4406815,-11.960408,-10.143901,-9.444561,3.1505706,12.638532,9.069392,-17.885006,-4.5115275,-2.1400096,2.0924826,9.805806,9.226192,7.237019,-13.727809,7.4446735,14.046513,-0.85958666,-8.285925,-7.998995,-16.924564,8.999779,13.96322,-4.6092587,-8.021317,-8.029919,-7.5151234,-11.973646,-7.905668,4.194395,9.855349,-15.069807,-8.094441,-9.18374,-16.247,-0.09563043,14.0991335,-10.059147,-1.7223812,-6.722732,-4.0760746,4.9315977,-1.6700666,6.086443,11.425716,2.0760477,-5.9425087,-3.6591542,10.629439,8.618915,-8.3406725,-5.9809537,-19.488039,-7.4431405,15.538629,-6.328567
O18334,-12.57472,13.5487995,17.993145,-3.5270588,8.154135,-2.7289662,-0.33247715,-13.390757,-6.843297,-13.046919,-11.136601,-10.363583,3.3916218,13.797224,9.908319,-19.56767,-4.989961,-2.324095,2.1151712,10.909874,10.06594,8.221833,-14.9128685,8.086253,15.593431,-1.0634704,-9.140348,-8.845568,-18.421354,9.963084,15.268583,-5.0842896,-8.761937,-8.835081,-8.241746,-13.173541,-8.728245,4.6211505,10.660616,-16.429174,-8.925452,-10.06396,-17.807953,0.05727753,15.212598,-11.006649,-1.8977861,-7.375371,-4.4642315,5.4811487,-1.87363,6.6699185,12.452676,2.2460983,-6.4771614,-4.040093,11.782647,9.310097,-9.346613,-6.630102,-21.264568,-8.068499,17.1168,-7.130744
O94906,-12.063886,13.924776,17.526947,-3.8940687,8.823626,-2.586709,-0.78511846,-13.234397,-7.346357,-12.655578,-11.184923,-10.629354,3.3738515,14.241765,9.8228445,-20.127077,-5.847606,-2.8922412,1.9541066,11.341455,10.348204,8.695998,-15.252565,9.067417,16.22849,-0.951118,-9.916463,-8.634214,-18.700823,10.015332,15.566944,-6.0223193,-9.439031,-8.718773,-8.917556,-12.680396,-9.027494,4.821833,10.794885,-16.435057,-9.080386,-10.811856,-18.643671,-0.7880215,15.7779,-11.066734,-2.0610392,-7.1723022,-4.607868,5.4356914,-2.1214352,6.7004013,12.610174,2.4958134,-6.887778,-4.177954,11.472993,8.7763,-9.111655,-6.8119802,-21.507198,-8.735745,17.507664,-6.7838907
P01709,-21.733864,29.23491,32.03763,-6.612446,17.674788,-5.1796913,-2.0069823,-25.527235,-14.225513,-25.106577,-22.217705,-22.379642,5.6808167,29.94641,17.874353,-40.391724,-13.473754,-6.9460363,2.5115747,22.160946,20.783747,19.071533,-31.352032,20.559694,32.27363,-1.5808512,-20.605217,-16.716276,-35.95001,19.931051,31.196957,-14.364805,-20.969345,-15.971155,-19.896091,-24.79462,-14.710971,9.893122,20.355064,-33.500175,-17.533623,-22.218998,-38.46008,-2.6560764,31.993439,-22.466915,-3.0205808,-13.387711,-8.09815,11.68816,-4.823318,13.171656,23.962494,5.204038,-13.19809,-7.5347347,22.859802,14.888622,-19.028297,-13.294546,-41.376564,-19.857323,34.707863,-12.203517
O94806,-15.656217,19.016005,22.81474,-4.872405,11.765263,-3.531976,-1.129162,-17.56161,-9.718514,-16.995527,-15.046148,-14.560116,4.264142,19.514824,12.792241,-26.959911,-8.283581,-4.2149796,2.2352076,15.047201,13.917515,12.029603,-20.729322,12.813441,21.512093,-1.2614999,-13.553272,-11.405015,-24.868687,13.497963,21.054897,-8.58228,-13.159881,-11.1708,-12.421756,-16.928593,-11.149126,6.5679865,14.071548,-22.334997,-11.9651165,-14.589661,-25.341875,-1.3547053,21.314135,-15.122355,-2.5311186,-9.415031,-5.922254,7.5949106,-3.0428393,8.890631,16.65017,3.5006611,-9.140614,-5.39044,15.360094,11.188625,-12.403,-9.006049,-28.485147,-12.393772,23.348015,-8.688376
P19338,-14.062774,16.736813,20.588394,-4.323796,10.394704,-3.1025317,-0.89913696,-15.623632,-8.707528,-15.269784,-13.332902,-12.847484,3.866271,17.212265,11.416956,-23.900309,-7.025049,-3.5625787,2.2454846,13.160654,12.291669,10.306015,-18.400345,11.08357,18.891768,-1.0443666,-11.729513,-10.120388,-22.110003,11.855723,18.53865,-7.340052,-11.492253,-10.06154,-10.801626,-15.151284,-9.928306,5.755802,12.695814,-19.870962,-10.603362,-12.753971,-22.219458,-1.0514542,18.97665,-13.338806,-2.1990175,-8.419947,-5.2412825,6.6358185,-2.5657537,7.9050794,14.837631,2.9750476,-7.9967847,-4.7428384,13.6367,10.229926,-10.899714,-7.9154367,-25.389763,-10.783672,20.603287,-7.6949635
P18433,-17.010532,21.095612,25.529531,-6.6240306,14.653466,-3.24953,-1.9737953,-18.975103,-12.051166,-18.061258,-16.665047,-16.283037,4.9279513,21.857012,14.658145,-31.16951,-9.597312,-5.456531,3.01832,17.275557,15.413676,13.01461,-23.59023,14.950595,24.587805,-1.2892016,-15.783454,-12.002995,-28.229858,14.80026,23.658281,-10.127754,-14.800667,-12.372074,-14.069183,-17.447042,-14.244832,7.4733567,16.293028,-24.182333,-13.684934,-17.124628,-29.18464,-2.6762326,24.755735,-16.815039,-3.3207607,-10.117045,-6.9315534,7.845861,-3.635355,9.577769,19.039286,4.6368146,-10.758439,-6.155439,16.32102,12.194791,-12.785748,-10.234163,-32.70213,-14.38148,26.518988,-8.905027
P0AC13,-13.61898,15.575193,19.543453,-3.6168218,8.900159,-3.2184455,-0.4850011,-15.047472,-7.489085,-14.69086,-12.568161,-11.867792,3.5905724,15.84301,10.731886,-21.889042,-6.042808,-2.8522892,2.002474,12.28273,11.577421,9.74217,-16.801552,9.5884285,17.570126,-1.0943623,-10.464063,-9.984449,-20.515034,11.244612,17.173101,-6.290567,-10.378679,-9.723838,-9.747315,-14.949945,-8.864658,5.200264,11.732207,-18.76328,-9.9205265,-11.510995,-20.171347,-0.15265489,17.069246,-12.406324,-1.8744977,-8.146518,-4.8904915,6.3466353,-2.1205354,7.635134,13.728459,2.3982008,-7.2071977,-4.4314504,13.256287,9.94528,-10.729231,-7.345862,-23.46104,-9.475279,19.13068,-7.945189
A8MT69,-11.897848,12.987832,17.054213,-3.3518624,7.7395687,-2.671321,-0.38051984,-12.810592,-6.561169,-12.4405575,-10.677052,-9.920272,3.2612658,13.23595,9.396862,-18.656097,-4.8920317,-2.2899003,1.9524872,10.455488,9.73662,7.946246,-14.214741,7.850726,14.916626,-0.9967517,-8.827705,-8.446296,-17.669666,9.50478,14.602084,-5.002897,-8.482903,-8.421996,-7.968925,-12.609808,-8.210017,4.4376416,10.196131,-15.775174,-8.494851,-9.708649,-17.042402,-0.077657394,14.541571,-10.50329,-1.8137364,-7.022221,-4.3282022,5.227593,-1.779416,6.4571767,11.890034,2.092782,-6.2322297,-3.9120095,11.159125,8.851306,-8.874996,-6.3255544,-20.262318,-7.723335,16.339964,-6.80029
A6NED2,-17.225124,16.993206,24.329628,-4.1425085,9.978565,-3.4176617,0.2525848,-17.443325,-8.31438,-17.693054,-14.110992,-13.02767,4.431182,16.969883,13.07066,-25.081163,-4.5842237,-1.8480822,3.345928,13.144684,12.278087,9.531311,-18.891273,8.495069,19.487,-1.3448385,-9.981601,-11.974054,-22.826223,12.471903,18.870344,-4.849654,-10.1042385,-12.043678,-9.651819,-17.82764,-11.415511,5.501876,14.140623,-20.88857,-11.504275,-11.815323,-21.693039,1.851281,18.898254,-13.683222,-1.8931556,-9.812847,-5.2588263,6.9230294,-1.9773797,8.667947,15.871044,2.3435092,-7.318905,-4.9980917,15.99699,13.037473,-12.725275,-8.44092,-27.386871,-9.206057,21.888786,-9.879826
P0DOB5,-26.978806,39.4088,41.498344,-9.98261,26.135565,-5.906114,-4.00242,-32.594658,-21.319069,-32.26653,-29.466967,-30.594185,7.475042,41.341595,23.471834,-55.334545,-19.98346,-11.326952,3.6864352,29.43474,27.745478,24.9014,-43.65925,30.688972,42.691967,-1.533445,-29.37597,-20.25468,-48.843822,26.125092,42.528896,-21.431911,-29.670168,-19.665401,-27.993042,-30.405466,-19.862425,13.800434,27.389494,-44.67983,-23.13068,-31.121605,-53.584957,-6.920727,45.50836,-30.70919,-4.469735,-16.801815,-10.746059,15.282347,-7.3467445,16.647995,32.389973,8.503389,-18.61177,-9.720416,28.57611,18.35879,-23.310339,-17.521202,-56.036213,-29.36852,46.317898,-13.139542
P40429,-11.701954,12.363472,16.965658,-3.4491296,7.478845,-2.552929,-0.3524223,-12.412589,-6.475932,-12.083412,-10.423577,-9.470229,3.3151531,12.568319,9.301198,-18.11359,-4.288836,-2.1322434,2.1946766,10.205575,9.416015,7.342079,-13.59429,7.1286173,14.394964,-1.0127041,-8.322983,-8.129039,-17.352642,9.100035,13.943537,-4.5228133,-7.8517265,-8.399454,-7.3299627,-12.27479,-8.413644,4.2325373,10.189123,-15.19545,-8.317281,-9.312133,-16.189043,0.0444674,14.029462,-10.063749,-1.8546734,-6.849527,-4.4052544,4.8075876,-1.537135,6.312169,11.683626,1.9018999,-5.9947443,-3.8713806,10.677763,8.959492,-8.3188305,-6.070911,-19.910913,-7.0176454,15.770426,-6.705438
P00734,-10.861742,12.112522,15.907498,-3.5340989,7.665985,-2.3180163,-0.6212839,-11.764983,-6.521632,-11.3056135,-9.985121,-9.285515,3.1337426,12.402535,8.835686,-17.76529,-4.70306,-2.416484,1.9950048,10.009844,9.156355,7.3705444,-13.354871,7.538772,14.20768,-0.88795793,-8.491714,-7.642518,-16.739008,8.753329,13.613605,-4.9536495,-8.000442,-7.92696,-7.523257,-11.340113,-8.220151,4.197727,9.792717,-14.544809,-8.053388,-9.411944,-16.148134,-0.515807,13.871096,-9.72815,-1.8543777,-6.4136643,-4.2406898,4.6037407,-1.6589031,6.006946,11.248288,2.080442,-6.0032487,-3.7341094,10.07375,8.159604,-7.873861,-5.9558854,-19.211882,-7.289376,15.396547,-6.1420116
O75368,-13.512817,14.932201,19.60475,-4.502806,9.731553,-2.7738657,-0.85198885,-14.489411,-8.201145,-13.76578,-12.282333,-11.446041,3.8335216,15.3421545,11.0996895,-21.971863,-6.1213837,-3.1600924,2.348271,12.448845,11.220142,9.080428,-16.618998,9.647816,17.487846,-1.166576,-10.835678,-9.316982,-20.792686,11.007797,17.159218,-6.178248,-9.933424,-9.456062,-9.351768,-13.754382,-10.431481,5.2744718,11.864064,-17.834671,-9.958335,-11.708735,-20.31428,-0.8730872,17.286497,-12.254631,-2.5215015,-7.9234543,-5.229999,5.851853,-2.349026,7.2011685,14.038331,2.943742,-7.700653,-4.664805,12.395251,9.988766,-9.6470995,-7.41798,-23.84773,-9.360923,19.093948,-7.3735332
O95390,-9.72963,7.653235,13.575372,-2.58894,4.3211474,-2.0486329,0.30206862,-9.375052,-4.1328707,-8.801991,-7.414414,-5.7743335,2.7922246,7.5930943,7.444174,-11.878451,-1.476997,-0.5378343,2.147742,7.286549,6.4834733,4.1102476,-8.497303,2.9172437,9.643569,-1.0428721,-4.9002185,-6.206669,-12.701302,6.5222754,9.450278,-1.3129339,-3.889932,-6.6342626,-3.49357,-9.483672,-7.1072216,2.6231594,7.4487224,-10.341153,-6.019048,-5.6352882,-9.914348,1.2836167,8.814435,-6.832461,-1.7585502,-5.443357,-3.657056,3.0574753,-0.5579132,4.6002393,8.641795,0.91186994,-4.21036,-3.0820262,7.7454376,7.961245,-5.63645,-4.175577,-14.363507,-3.0468037,10.728118,-5.8729234
O94649,-7.326802,4.7216763,10.005133,-1.9537023,2.5465748,-1.5377513,0.40457264,-6.740073,-2.6510136,-6.0296707,-5.111133,-3.4947217,2.1792152,4.5975137,5.5246058,-7.724697,-0.38414428,0.06170044,1.7388657,5.173289,4.4490595,2.4310994,-5.2473555,1.0400721,6.555553,-0.8772511,-3.0184894,-4.4996753,-8.995141,4.514134,6.3109436,-0.09942586,-1.9099921,-4.968284,-1.6419575,-6.7919855,-5.5926347,1.6450799,5.2624397,-6.8384676,-4.2350655,-3.5505693,-6.1328416,1.3751028,5.5005746,-4.497511,-1.4954816,-4.0171075,-2.8735683,1.8589205,-0.10233428,3.2740653,6.12288,0.42510983,-2.98068,-2.351446,5.3357973,6.1999383,-3.6905487,-2.878136,-9.9987955,-1.1288674,7.2403893,-4.648253
P99999,-13.758286,14.822893,20.056221,-4.041221,9.388372,-2.7224298,-0.40507904,-14.449068,-7.9183264,-14.487307,-12.140911,-11.457277,3.8113708,15.139216,10.908535,-21.941856,-5.0391083,-2.5004892,2.7654932,11.5801935,10.812205,8.460469,-16.66981,8.706052,16.943687,-1.0022186,-9.618233,-9.5275135,-20.081314,10.565529,16.515827,-5.3990183,-9.498239,-9.820462,-8.989834,-14.26266,-9.851614,5.026758,12.180233,-17.951105,-9.794765,-10.973026,-19.509985,0.07597535,17.099218,-11.925349,-1.8967863,-7.981515,-4.740957,5.7569804,-1.9797617,7.2732935,13.726787,2.4559243,-6.8226376,-4.325683,12.819556,10.411804,-10.060864,-7.2381,-23.660242,-8.848172,18.844755,-7.4801354
P05112,-12.552786,15.539768,18.56519,-4.261933,9.920337,-2.7904963,-1.1193004,-14.206501,-8.245863,-13.65553,-12.302332,-11.920114,3.5760648,16.017647,10.424305,-22.237364,-6.9548078,-3.6424727,1.9356333,12.454615,11.463388,9.840433,-16.998074,10.699644,17.796772,-0.9728816,-11.301326,-9.127057,-20.519299,10.906953,17.17703,-7.301614,-10.881901,-9.193889,-10.260999,-13.510555,-9.430606,5.4308167,11.712713,-18.165813,-9.831317,-12.199067,-20.869865,-1.5043216,17.655815,-12.268851,-2.1857011,-7.584416,-5.002199,5.9930553,-2.468228,7.2820387,13.694552,2.8993568,-7.6208377,-4.4786596,12.244251,9.043923,-9.794469,-7.402755,-23.441975,-10.177736,19.162651,-6.9180846
P61457,-14.841399,17.63027,21.230402,-4.5001893,10.941035,-3.22668,-1.004924,-16.554066,-8.965854,-15.720778,-13.753361,-13.378153,3.8553734,18.065098,12.0300045,-24.899805,-7.989106,-3.7631786,1.9879084,14.0582285,12.927652,11.228664,-19.222992,12.032952,20.191666,-1.0458224,-12.6879425,-10.849472,-22.937712,12.761792,19.729305,-7.959668,-12.314573,-10.391665,-11.640331,-15.794867,-10.462361,6.011269,12.861246,-20.58118,-11.2250185,-13.552996,-23.666515,-1.1506691,19.737524,-13.992702,-2.4483788,-8.897398,-5.3676305,7.244487,-2.9670928,8.174049,15.508155,3.3372023,-8.726547,-5.0212717,14.571351,10.340387,-11.763529,-8.46453,-26.33236,-11.718504,21.752277,-8.25985
Q8NEU8,-12.602699,13.793201,18.32718,-4.07422,8.780071,-2.615899,-0.7055913,-13.542723,-7.4919353,-12.906938,-11.383708,-10.539678,3.5443316,14.115035,10.270419,-20.250387,-5.444136,-2.7740996,2.2779803,11.525362,10.459231,8.321894,-15.252144,8.652831,16.199974,-1.0132022,-9.789337,-8.761224,-19.224031,10.163337,15.696604,-5.5927696,-9.110789,-8.972186,-8.532086,-13.012352,-9.527655,4.7704167,11.100236,-16.586058,-9.267047,-10.732066,-18.516354,-0.588713,15.8767185,-11.209188,-2.239645,-7.4058976,-4.8517065,5.3622093,-1.9979818,6.779171,12.981259,2.4830384,-7.0162773,-4.290509,11.59091,9.395785,-8.993255,-6.7936673,-22.037846,-8.430687,17.575417,-7.032791
P47897,-15.844934,20.287542,23.538015,-4.9581637,12.5085,-3.648319,-1.3049811,-18.180199,-10.36235,-17.956059,-15.829476,-15.609628,4.3536634,20.894602,13.011482,-28.56486,-8.90336,-4.679497,2.3309848,15.582536,14.679182,12.753693,-22.104536,13.934477,22.524536,-1.1404682,-14.252562,-11.7440815,-25.95901,13.951667,21.970533,-9.544739,-14.297872,-11.603108,-13.464875,-17.664364,-11.019842,6.9511075,14.885134,-23.743471,-12.4435215,-15.47792,-26.780077,-1.761635,22.767363,-15.86812,-2.3421152,-9.648466,-6.0222087,7.960988,-3.1703658,9.365148,17.298159,3.5747182,-9.370537,-5.448996,15.975848,11.337427,-12.9787,-9.330682,-29.788317,-13.44783,24.43857,-8.668933
Q8N3Y7,-12.5448265,13.6421795,17.978212,-3.5975065,8.190101,-2.7990036,-0.45733756,-13.511078,-6.996979,-13.018332,-11.253091,-10.411253,3.4276516,13.9436035,9.976508,-19.605148,-5.2829742,-2.5155973,2.0463638,11.106537,10.302567,8.319557,-14.973928,8.402597,15.665818,-1.050048,-9.457412,-8.826139,-18.766562,10.097788,15.496878,-5.32638,-8.96743,-8.756614,-8.380652,-13.222485,-8.713221,4.6858745,10.677526,-16.612059,-8.962928,-10.280762,-18.032495,-0.24344625,15.390379,-11.1506815,-2.0299273,-7.403682,-4.623202,5.536749,-1.9419879,6.741524,12.614799,2.3050401,-6.7259974,-4.146817,11.674706,9.319049,-9.216122,-6.6317525,-21.39846,-8.247144,17.163342,-7.0809965
P18627,-5.741153,3.4755158,8.081727,-1.8965182,2.3709753,-0.95172435,0.26504838,-5.035,-2.2963042,-4.559257,-3.8501413,-2.618619,1.8761411,3.3233056,4.4000006,-6.39855,0.1935438,0.22921276,1.7664278,3.9641469,3.2376485,1.5886842,-4.0397077,0.31033942,5.392697,-0.63655376,-1.9737632,-3.468482,-6.8180285,3.1400094,4.524877,0.19693527,-1.1320046,-4.313027,-1.0745703,-4.951021,-5.1960163,1.210253,4.596914,-4.8830686,-3.4291496,-2.7864707,-4.596382,1.2387238,4.2945433,-3.0996954,-1.135711,-3.052287,-2.2849145,0.9893921,0.12305123,2.5815535,4.7794003,0.24992016,-2.1191905,-1.8763642,4.037556,5.0187035,-2.6921554,-2.3763633,-8.04492,-0.42408344,5.85254,-3.704488
P55055,-11.439288,12.383346,16.743435,-3.6769822,7.9206023,-2.3549564,-0.53608745,-12.154954,-6.7576194,-11.810622,-10.3026495,-9.521306,3.309283,12.652816,9.245523,-18.366972,-4.5222545,-2.3266227,2.2370648,10.198529,9.318396,7.33138,-13.766474,7.457702,14.5313015,-0.9411519,-8.512594,-7.909543,-17.272402,8.970878,13.958713,-4.789427,-8.006572,-8.290657,-7.531915,-11.79969,-8.691857,4.296204,10.249452,-14.973839,-8.325241,-9.526902,-16.483618,-0.3039921,14.292702,-10.004729,-1.9060262,-6.685911,-4.3620744,4.6943493,-1.6596259,6.185009,11.680158,2.0984092,-6.0808682,-3.8582838,10.458636,8.69896,-8.1164055,-6.140183,-19.976562,-7.292762,15.883173,-6.386062
O00472,-12.194197,12.071121,17.420914,-3.7951531,7.388823,-2.5906262,-0.3807589,-12.668957,-6.4203215,-11.832485,-10.493865,-9.150443,3.4590857,12.149841,9.798,-18.002018,-4.105391,-2.0522,2.2550118,10.75017,9.502508,7.302365,-13.165065,6.645757,14.706764,-1.2198037,-8.444067,-8.317049,-17.725609,9.352787,14.042661,-4.146933,-7.385763,-8.637785,-6.897489,-12.334673,-9.378413,4.1676803,10.21938,-14.857589,-8.579178,-9.372392,-16.064882,0.22918835,13.657738,-10.035836,-2.2671638,-7.04706,-4.8049383,4.6787353,-1.4952453,6.3545694,11.972591,1.9816781,-6.33535,-4.1614766,10.707851,9.340481,-8.196808,-6.1918793,-20.197994,-6.5106206,15.910638,-7.247669
P9WQN9,-12.848431,15.7275305,18.413874,-3.6686454,9.114524,-3.223254,-0.8419876,-14.720548,-7.583933,-14.002169,-12.433609,-11.931353,3.4170637,16.120953,10.341883,-21.648031,-7.188713,-3.429833,1.436673,12.527401,11.72571,10.362366,-16.795263,10.712869,17.701897,-1.0796607,-11.37459,-9.6021385,-20.487764,11.349528,17.450836,-7.2505474,-11.036301,-9.0978155,-10.342617,-14.283208,-8.498543,5.4060917,11.174408,-18.622423,-9.746133,-11.986942,-20.744007,-1.0873246,17.180826,-12.515424,-2.0936294,-7.8520546,-4.927122,6.5103064,-2.4958098,7.451833,13.554063,2.7161922,-7.655149,-4.4810038,12.757123,9.050913,-10.438841,-7.3712454,-22.98381,-10.200005,19.036306,-7.429755
P0AFM6,-13.793129,15.223206,19.91181,-4.3777843,9.616759,-2.8949022,-0.78247494,-14.882144,-8.138806,-14.121701,-12.458834,-11.603132,3.7972784,15.570059,11.226107,-22.156364,-6.2137814,-3.1026201,2.315112,12.669244,11.484438,9.3096895,-16.773338,9.718592,17.793417,-1.1207165,-10.896812,-9.645668,-21.011683,11.271221,17.36002,-6.272103,-10.145722,-9.685687,-9.513353,-14.274275,-10.278239,5.2634826,11.969514,-18.217718,-10.144841,-11.812404,-20.478594,-0.693066,17.401983,-12.388478,-2.4610462,-8.123123,-5.2427893,6.047258,-2.3211477,7.3877234,14.196618,2.8155556,-7.7689166,-4.691033,12.798911,10.131963,-10.006986,-7.477241,-24.052486,-9.476392,19.301682,-7.69031
Q93VT9,-14.699056,17.45745,22.1022,-5.3545957,11.800452,-2.8855026,-1.2811147,-16.066298,-9.89267,-15.693902,-14.083229,-13.494722,4.3363566,17.944515,12.334806,-25.895905,-7.1486435,-4.0273495,2.8766656,14.174513,12.817269,10.443071,-19.454857,11.539864,20.285435,-1.128352,-12.460663,-10.244953,-23.67125,12.192615,19.328285,-7.7728586,-11.842808,-10.871006,-11.175624,-15.302322,-11.896084,6.134325,14.060005,-20.47068,-11.43684,-13.79743,-23.587593,-1.523557,20.407005,-13.842808,-2.614196,-8.690149,-5.868849,6.4156656,-2.6699665,8.258277,16.00058,3.2948346,-8.559972,-5.1910214,13.843766,10.95551,-10.768456,-8.460504,-27.512398,-11.106776,22.01197,-7.8399334
P19793,-12.902438,15.262489,18.983942,-4.2828226,9.79985,-2.753862,-0.9513294,-14.248793,-8.180612,-13.778473,-12.239237,-11.724544,3.6654928,15.69285,10.611551,-22.115509,-6.4310493,-3.346574,2.1716528,12.275414,11.267218,9.426175,-16.831171,10.115959,17.57086,-1.0109924,-10.884407,-9.200693,-20.440428,10.819836,16.996231,-6.7441487,-10.42791,-9.351346,-9.842158,-13.632713,-9.716709,5.319332,11.825848,-18.00284,-9.834654,-11.875551,-20.47962,-1.1101065,17.456379,-12.157342,-2.192139,-7.6894846,-4.992784,5.88605,-2.348282,7.250487,13.73546,2.8190563,-7.468435,-4.4805913,12.3305855,9.438769,-9.775575,-7.3672585,-23.52067,-9.751312,19.065083,-7.0810747
G5EEG7,-11.11633,12.958395,16.433807,-4.200978,8.855626,-2.1955123,-1.0677965,-12.198797,-7.421361,-11.388096,-10.446299,-9.899939,3.2766857,13.335704,9.377064,-19.173727,-5.814192,-3.0621793,1.9953483,10.9872,9.759709,8.047421,-14.351015,8.860947,15.526026,-0.84928703,-9.753718,-7.7687697,-17.900398,9.342531,14.6829405,-5.9879313,-8.939268,-8.1472435,-8.424829,-11.309397,-9.283638,4.60658,10.34344,-15.106323,-8.668204,-10.552383,-17.823193,-1.3674713,15.153101,-10.322185,-2.2836518,-6.5959907,-4.592434,4.8312507,-2.1060624,6.170037,12.091458,2.583334,-6.858139,-4.0788417,10.304548,8.120564,-7.963487,-6.468634,-20.530266,-8.343691,16.557743,-6.065013
Q60591,-12.524245,14.112347,18.28298,-3.9898584,8.969367,-2.6497982,-0.71490276,-13.56627,-7.587922,-13.131791,-11.521395,-10.843818,3.5415297,14.507488,10.180237,-20.58214,-5.631974,-2.8801503,2.2147346,11.435482,10.5287075,8.528521,-15.664797,9.021275,16.272343,-1.0019399,-9.931426,-8.770735,-19.305891,10.19224,15.927988,-5.8348203,-9.426415,-8.9170475,-8.862455,-13.067026,-9.265947,4.9110475,11.170613,-16.924938,-9.24095,-10.870956,-18.900602,-0.70407957,16.228146,-11.427698,-2.1087515,-7.392924,-4.748479,5.5069733,-2.087698,6.830882,12.9983635,2.5674324,-6.967463,-4.238172,11.700654,9.307948,-9.184953,-6.871981,-22.191479,-8.793131,17.800535,-6.866295
Q12018,-6.884164,4.332218,9.549985,-2.0478005,2.6163633,-1.2967018,0.34300053,-6.188992,-2.615872,-5.579713,-4.734301,-3.2320325,2.1327417,4.163778,5.244896,-7.487482,-0.0721241,0.1389375,1.8553458,4.840804,4.040138,2.1189387,-4.8910174,0.6880952,6.322997,-0.8091721,-2.6220653,-4.19321,-8.331333,4.0335226,5.6921873,0.05173766,-1.5888546,-4.904015,-1.4230281,-6.1891603,-5.73706,1.5034177,5.2191634,-6.1611485,-4.061287,-3.3498135,-5.659974,1.391976,5.15992,-3.9982812,-1.3842456,-3.716998,-2.7236586,1.4897037,0.008932099,3.0863063,5.7570024,0.35410023,-2.6722898,-2.2321045,4.9451003,5.9104314,-3.3673275,-2.7717996,-9.54253,-0.8053041,6.9205585,-4.4104643
Q9H0A6,-16.805637,18.04419,23.433685,-3.7225766,10.143936,-3.707439,-0.036135554,-17.941187,-8.411341,-17.82817,-14.393462,-13.759952,4.051885,18.382608,12.7995205,-25.337975,-6.5196824,-2.6338358,2.4851737,13.549925,13.067118,10.790345,-19.91595,10.710479,19.887323,-1.1621417,-11.461348,-12.126887,-23.371555,13.280981,20.249348,-6.388583,-11.77552,-11.264682,-11.138158,-17.981989,-9.93194,5.872223,13.418588,-21.98539,-11.468708,-12.674063,-23.347305,0.7760376,19.860271,-14.662798,-1.8962064,-9.85528,-5.0658092,7.8699226,-2.5866249,8.685438,15.946684,2.931538,-8.096632,-4.8800693,16.335695,12.093056,-13.291277,-8.559664,-27.258724,-11.222313,22.25824,-9.427139
P41250,-13.705531,16.289604,20.110847,-4.4020243,10.201051,-2.9957323,-0.97011024,-15.240236,-8.528415,-14.718159,-13.014585,-12.456844,3.807778,16.666542,11.214409,-23.383121,-6.8604097,-3.5174592,2.2102287,13.115447,12.054449,10.149739,-17.770378,10.708237,18.730947,-1.0485191,-11.521893,-9.898675,-21.6386,11.575294,17.98922,-7.2226377,-11.1447115,-9.987135,-10.488165,-14.715626,-10.0767975,5.5919514,12.490003,-19.204483,-10.481081,-12.589772,-21.653042,-1.0538907,18.397926,-12.869965,-2.2556531,-8.205342,-5.273441,6.3339324,-2.4541342,7.7717524,14.538156,2.8480651,-7.892771,-4.7387633,13.240062,9.966794,-10.545563,-7.7836895,-24.84935,-10.330928,20.193254,-7.685951
P00957,-11.884491,15.259173,17.43925,-3.8708105,9.424865,-2.811853,-1.0994372,-13.780898,-7.7637553,-13.159509,-11.834872,-11.611761,3.292061,15.663609,9.787896,-21.313667,-7.2245317,-3.5862572,1.5108154,12.113511,11.221935,10.001278,-16.383154,10.754678,17.397358,-0.87152106,-11.163626,-8.927614,-19.619982,10.658976,16.632414,-7.5064316,-10.9276285,-8.790279,-10.289022,-13.179534,-8.560535,5.2790203,11.045834,-17.68225,-9.4582405,-11.911145,-20.301037,-1.5539882,16.95642,-11.817782,-2.0171814,-7.299841,-4.715624,6.0143247,-2.4836392,7.0994368,13.05788,2.6813784,-7.408588,-4.306528,11.947041,8.327384,-9.728516,-7.179476,-22.269934,-10.102304,18.500847,-6.73044
P10300,-12.10121,12.609037,17.655485,-4.158824,8.413027,-2.2965682,-0.637153,-12.61236,-7.131117,-11.998384,-10.622835,-9.67692,3.5143464,12.845047,9.919369,-19.165737,-4.492337,-2.3908448,2.498858,10.813658,9.580208,7.4050756,-14.126852,7.435484,15.267817,-1.0401149,-8.816836,-8.22156,-18.011215,9.331039,14.476402,-4.705043,-7.97523,-8.735624,-7.559634,-12.011892,-9.829045,4.3896704,10.743187,-15.132923,-8.812253,-9.945438,-17.092268,-0.2564038,14.732083,-10.28726,-2.201432,-6.9717236,-4.6877103,4.6739087,-1.7092721,6.343765,12.275282,2.3407257,-6.469595,-4.1182013,10.802698,9.201324,-8.253248,-6.4562435,-20.966993,-7.3429976,16.60482,-6.799858
P03612,-7.1810355,7.0313745,10.023681,-2.3001952,4.5345526,-1.4395087,-0.27152783,-7.513625,-3.8951445,-6.721455,-5.8741145,-5.2511578,2.0151956,7.18562,5.708713,-10.4391985,-2.927635,-1.1312197,1.2673016,6.275055,5.5977445,4.3621283,-7.7935767,4.3100367,8.848613,-0.51120245,-5.2001824,-4.954691,-10.267893,5.5194798,8.388378,-2.661148,-4.591981,-5.05563,-4.3090243,-6.996461,-5.5714564,2.4453666,5.8695693,-8.543743,-5.0318036,-5.6302376,-9.645905,-0.1032365,8.151297,-5.755352,-1.4496902,-4.179758,-2.7170134,2.8081295,-1.0106239,3.6441631,7.0109234,1.2615498,-4.0082197,-2.4679093,6.297086,5.296685,-4.803465,-3.7676523,-11.663145,-4.111699,9.391746,-4.175072
P20826,-10.301622,10.374186,14.826213,-3.1856892,6.39664,-2.1982718,-0.3245221,-10.780109,-5.606849,-10.201976,-8.947944,-7.91209,2.9672606,10.559576,8.247573,-15.431477,-3.599516,-1.7758269,1.985243,8.982466,8.130707,6.1666403,-11.460886,5.8930783,12.435856,-0.9387407,-7.215442,-7.0225677,-15.149144,7.8943024,12.035221,-3.6584373,-6.4796233,-7.3186445,-6.031572,-10.481629,-7.74491,3.5992415,8.785177,-12.854255,-7.2348704,-8.012484,-13.803308,0.041543797,11.915028,-8.614744,-1.8503423,-5.983913,-4.01471,4.0101457,-1.2775218,5.416587,10.196818,1.7000645,-5.3774967,-3.4735394,9.085002,7.9418125,-6.9448676,-5.256963,-17.242414,-5.7577486,13.55136,-5.9562407
P12931,-11.144242,11.216445,15.791504,-3.0593376,6.5969753,-2.440121,-0.15452862,-11.658173,-5.705171,-11.1881695,-9.519054,-8.528695,3.0519798,11.360211,8.708363,-16.368605,-3.8085823,-1.6897162,1.9750483,9.368055,8.625777,6.7100534,-12.31174,6.248131,13.183991,-0.9769922,-7.5064306,-7.734246,-15.879853,8.512558,12.880285,-3.8001878,-6.9928355,-7.798036,-6.5399384,-11.525208,-7.773445,3.8064697,9.204406,-13.90181,-7.661305,-8.350793,-14.691196,0.39682278,12.5992365,-9.246116,-1.7578266,-6.4802136,-4.02989,4.532237,-1.3916423,5.8106985,10.739387,1.7236553,-5.5490575,-3.5976033,10.071204,8.456123,-7.869874,-5.617085,-18.190205,-6.2428365,14.465115,-6.4971128
P50142,-12.452093,13.74219,18.241468,-3.8938198,8.724025,-2.583288,-0.59733814,-13.343112,-7.44927,-13.066962,-11.315469,-10.591338,3.5323544,14.122086,10.0588455,-20.198849,-5.158653,-2.6615186,2.378133,11.069603,10.257609,8.084426,-15.351381,8.513519,15.805588,-0.9633669,-9.436643,-8.637813,-18.937267,9.905059,15.485639,-5.4298177,-9.03384,-8.889336,-8.476499,-12.965561,-9.135031,4.748082,11.127339,-16.634817,-9.066415,-10.479039,-18.295193,-0.46769765,15.904188,-11.153739,-1.9983078,-7.3076806,-4.6407676,5.3178835,-1.9197541,6.727543,12.782949,2.407389,-6.680425,-4.118621,11.53485,9.396543,-8.991867,-6.682194,-21.870966,-8.39543,17.39321,-6.7909203
P05981,-10.3816395,10.19996,14.823851,-3.0581112,6.181338,-2.2243972,-0.20313546,-10.761202,-5.442566,-10.227588,-8.849126,-7.7731905,2.9514055,10.365989,8.213664,-15.148368,-3.4035223,-1.6030781,1.9896404,8.789715,8.000514,6.002574,-11.288375,5.6364317,12.178257,-0.94905335,-6.985894,-7.0426984,-14.95738,7.8382406,11.896922,-3.3989325,-6.279624,-7.277989,-5.8352394,-10.542803,-7.602827,3.5255032,8.664916,-12.757706,-7.134437,-7.759907,-13.506882,0.24967064,11.6845875,-8.534935,-1.808224,-6.006626,-3.9364665,4.0208626,-1.2332907,5.367669,10.090181,1.6275774,-5.259556,-3.4288554,9.108024,8.023401,-6.968224,-5.1847887,-17.03565,-5.566349,13.356313,-5.9989104
A0A2P1GIW2,-21.851128,27.168673,32.488438,-7.1572084,17.734692,-4.470461,-1.808186,-24.366596,-14.633708,-24.236832,-21.215643,-21.037802,5.9797964,28.12362,18.109638,-39.127674,-11.748356,-6.341254,3.6469944,20.772709,19.371628,16.370447,-30.355047,18.81467,30.144196,-1.493005,-19.155119,-15.587841,-35.184204,18.797102,29.946877,-12.4402485,-19.00343,-15.47353,-17.958363,-23.371344,-15.895413,9.414215,20.358799,-31.738335,-16.912497,-20.804375,-36.54854,-2.47212,31.384205,-21.640743,-3.3792622,-13.051437,-7.982131,10.686517,-4.5711684,12.2318,23.755184,5.3968625,-12.7919035,-7.3123593,21.54765,15.68009,-17.229061,-12.672195,-40.93869,-18.500626,33.208908,-11.19101
P20592,-13.093255,13.971333,18.626709,-3.5644789,8.037792,-3.0259633,-0.37724367,-14.122787,-6.9548955,-13.494371,-11.658325,-10.614561,3.4993079,14.235401,10.353729,-19.915506,-5.2837358,-2.4920316,2.051557,11.545472,10.720219,8.583839,-15.194668,8.38361,16.042564,-1.140513,-9.637863,-9.257177,-19.398726,10.54024,15.956002,-5.2828,-9.083057,-9.062119,-8.440081,-13.919595,-8.799697,4.732854,10.870149,-17.182991,-9.24675,-10.459499,-18.324797,-0.022737635,15.564869,-11.52081,-2.101323,-7.735564,-4.8403587,5.763077,-1.8923609,7.016743,12.980572,2.2725947,-6.934904,-4.281355,12.154535,9.744214,-9.594185,-6.7451153,-21.928673,-8.28796,17.53394,-7.5849414
O60242,-10.007716,7.8544674,14.17421,-2.9294038,4.8291483,-1.8803945,0.25530717,-9.45128,-4.425078,-9.010232,-7.5607896,-5.966492,2.9474838,7.6841736,7.7308936,-12.691583,-1.1408696,-0.46692997,2.4876032,7.481992,6.4681807,4.084205,-8.792248,2.6632507,10.23913,-1.0497978,-4.748625,-6.379183,-12.849131,6.4547844,9.42676,-1.2139385,-3.797772,-7.162502,-3.5309389,-9.538879,-7.9556394,2.6551094,8.064334,-10.323392,-6.3488245,-5.859114,-10.178271,1.503974,9.120449,-6.750246,-1.7157431,-5.5151825,-3.7297912,2.8459582,-0.46796346,4.755751,8.897459,0.8911958,-4.1057243,-3.1773367,7.9837837,8.250449,-5.7959595,-4.421895,-15.0361805,-2.890543,11.303012,-6.108842
P08393,-8.177574,8.63189,12.06119,-2.8546257,5.599728,-1.6874306,-0.4555799,-8.703864,-4.854698,-8.217608,-7.358866,-6.616276,2.4947872,8.824522,6.6899643,-13.050006,-3.0658736,-1.6217253,1.7433345,7.499542,6.750573,5.1812677,-9.563373,5.028804,10.56674,-0.6926091,-6.044182,-5.6649575,-12.48304,6.3109145,9.808138,-3.3132553,-5.4953775,-6.1758947,-5.1731415,-8.303774,-6.6301064,3.004699,7.4910574,-10.479392,-6.0265017,-6.892919,-11.556032,-0.24237585,10.030805,-6.9422135,-1.4964414,-4.7802134,-3.3710563,3.0647807,-0.985007,4.516515,8.377884,1.4098325,-4.432998,-2.8720834,7.2812757,6.351733,-5.546773,-4.4078526,-14.315213,-4.8125377,11.334292,-4.783818
E9Q401,-11.748731,13.238165,17.065453,-3.809919,8.432945,-2.4932575,-0.7056304,-12.742999,-7.0668206,-12.186659,-10.775982,-10.125104,3.3297274,13.546397,9.558041,-19.29936,-5.382435,-2.68978,1.9988531,10.879051,9.900253,8.172984,-14.575609,8.45258,15.497333,-0.9691015,-9.405114,-8.297519,-18.0653,9.592034,14.919716,-5.5384645,-8.842424,-8.451988,-8.349406,-12.211237,-8.884163,4.611469,10.456422,-15.743276,-8.730736,-10.2875595,-17.760544,-0.6472478,15.0932865,-10.625849,-2.0402403,-6.941478,-4.511307,5.138824,-1.9698455,6.443851,12.181403,2.3881664,-6.6018534,-4.055269,10.99079,8.659378,-8.663693,-6.5351415,-20.772875,-8.1637125,16.795263,-6.591554
O75324,-10.538519,8.364983,14.492934,-2.538241,4.462715,-2.3057282,0.41738045,-10.229906,-4.251266,-9.620943,-7.9826584,-6.2808495,2.8946319,8.295064,7.9517355,-12.647984,-1.7456894,-0.53427714,2.116503,7.7741957,7.015637,4.599013,-9.209216,3.2851396,10.303769,-1.1193398,-5.3115234,-6.8229513,-13.564965,7.1772246,10.324155,-1.4525087,-4.335538,-7.0110474,-3.8953838,-10.423757,-7.2207427,2.8260262,7.779313,-11.305418,-6.425071,-5.9920487,-10.747779,1.4946923,9.429954,-7.4884586,-1.8065307,-5.924327,-3.7941318,3.5407448,-0.68374336,4.9484644,9.223499,0.99547493,-4.5220094,-3.2547646,8.563569,8.478442,-6.356952,-4.4840684,-15.280042,-3.486066,11.521936,-6.378745
O15085,-13.898238,14.908576,20.13398,-4.341509,9.455006,-2.8158789,-0.60639846,-14.706879,-7.976995,-14.211727,-12.340651,-11.42687,3.8672354,15.178528,11.214736,-22.05297,-5.4306602,-2.7603612,2.5952058,12.30187,11.155494,8.869694,-16.541233,8.921391,17.491478,-1.1554435,-10.205727,-9.648823,-20.624413,10.935899,16.882784,-5.655853,-9.591162,-9.894438,-9.062863,-14.262916,-10.431932,5.107138,12.140524,-17.926788,-10.059969,-11.405247,-19.884932,-0.18368866,17.064514,-12.097113,-2.2722356,-8.087144,-5.141437,5.7810698,-2.069266,7.3748026,14.013635,2.6304789,-7.323796,-4.596783,12.799388,10.407919,-9.992745,-7.396069,-23.951466,-8.884957,19.132347,-7.813313
P07102,-9.4766,10.626897,13.916516,-3.0121593,6.5437055,-2.1500406,-0.5505211,-10.424605,-5.727857,-9.965207,-8.841706,-8.15315,2.756973,10.999637,7.7082253,-15.395543,-4.2754097,-2.2037554,1.711946,8.790848,8.21075,6.461637,-11.741871,6.7952824,12.277939,-0.75111884,-7.5898857,-6.658804,-14.928229,7.751535,12.079984,-4.444345,-7.1428275,-6.83226,-6.6223874,-10.04156,-6.8637443,3.7023103,8.505407,-13.001095,-6.9832516,-8.271872,-14.15733,-0.64561254,12.256066,-8.68032,-1.6690391,-5.6564636,-3.8002853,4.105207,-1.4286407,5.297939,9.898315,1.8236055,-5.392362,-3.2604373,8.737902,7.187081,-6.7793465,-5.1208377,-16.800726,-6.5076184,13.341542,-5.2990723
P09467,-12.222735,12.569775,17.522352,-3.5898445,7.664784,-2.6145945,-0.35209963,-12.855742,-6.6735706,-12.321413,-10.642342,-9.59033,3.3973925,12.814732,9.724634,-18.429583,-4.532828,-2.180249,2.2264662,10.5480795,9.666597,7.433346,-13.905606,7.3789916,14.698676,-1.0487691,-8.682869,-8.366057,-17.934986,9.507039,14.501717,-4.547306,-8.004664,-8.497895,-7.43631,-12.590314,-8.784175,4.3307343,10.303567,-15.526756,-8.559604,-9.524715,-16.67139,-0.0014181348,14.391047,-10.430776,-2.08555,-7.122814,-4.558738,5.0363045,-1.6904168,6.377125,12.111383,2.0977137,-6.380682,-4.0236087,10.985654,9.282751,-8.4824505,-6.2334805,-20.463999,-7.28634,16.138111,-6.893124
Q5BJF6,-13.594965,17.020048,20.020908,-4.3336744,10.721976,-3.0228493,-1.085034,-15.403082,-8.827893,-15.072593,-13.268136,-13.074842,3.7571137,17.54216,11.132769,-24.142649,-7.5531816,-3.8347785,2.0279186,13.17066,12.317691,10.700483,-18.658314,11.719548,19.144726,-0.96361583,-12.071313,-9.981367,-21.922192,11.798247,18.628428,-7.9301095,-11.969958,-9.880387,-11.317986,-14.803269,-9.709763,5.881669,12.601611,-19.869413,-10.558897,-13.072303,-22.679281,-1.4505392,19.230474,-13.34523,-2.1105618,-8.222479,-5.105031,6.6964145,-2.7366564,7.86291,14.691852,3.10723,-8.036891,-4.687275,13.526959,9.690467,-10.951607,-8.008299,-25.244802,-11.290314,20.766878,-7.3900695
P27361,-13.807763,16.403273,19.977674,-4.030141,9.911206,-3.1506553,-0.77809364,-15.386234,-8.230451,-14.963998,-13.014122,-12.540025,3.7025206,16.817503,11.089296,-23.14463,-6.9547377,-3.3805847,1.9912534,12.878267,12.0333805,10.309788,-17.877068,10.8104515,18.491962,-1.0679088,-11.471066,-10.056298,-21.462015,11.708658,18.159407,-7.1561093,-11.261592,-9.809735,-10.59705,-14.980378,-9.436677,5.612284,12.175641,-19.459917,-10.330518,-12.383655,-21.664913,-0.84400535,18.307894,-13.0578575,-2.1051223,-8.2922735,-5.055284,6.646265,-2.5269501,7.7515836,14.383406,2.857956,-7.794936,-4.622317,13.516883,9.912524,-10.918039,-7.760205,-24.57658,-10.527539,20.114183,-7.7165866
B8Q027,-21.356216,33.54858,32.743393,-8.812754,22.17752,-5.0623527,-4.186089,-27.131113,-17.82988,-25.400175,-24.432539,-25.470303,5.938808,34.662518,19.05922,-45.960194,-19.397026,-10.416028,1.7437564,26.52293,24.030664,23.044844,-35.531906,27.501053,37.887333,-1.2358209,-26.711187,-16.892223,-40.93261,22.434038,35.56748,-20.40273,-26.242102,-16.449434,-24.657915,-24.89578,-17.121033,11.811094,22.296553,-36.747158,-19.827501,-27.547182,-45.702965,-7.245268,37.54254,-25.035223,-4.498905,-13.767336,-9.607943,12.928529,-6.7161226,14.155423,27.099726,6.8073916,-16.800629,-8.846928,23.358463,13.562176,-19.29508,-15.118183,-46.110466,-25.019669,39.12944,-11.372126
P15391,-10.140136,8.643254,14.262266,-2.6857808,5.0490966,-2.0703013,0.23654144,-9.931333,-4.591161,-9.577279,-7.9226847,-6.5762405,2.8606043,8.63114,7.7521157,-13.254446,-1.9210262,-0.73476565,2.2217014,7.640249,6.9286585,4.6899605,-9.662847,3.7077518,10.577603,-0.9644998,-5.3721113,-6.6456385,-13.360822,6.9311094,10.27186,-1.8761094,-4.691643,-7.036624,-4.334305,-10.026886,-7.28605,2.9167676,8.049093,-11.281228,-6.45394,-6.2814837,-11.179119,1.1993659,9.9194565,-7.4087563,-1.6100867,-5.7061357,-3.6046493,3.4182498,-0.7492476,4.9148016,9.15193,1.0991946,-4.382788,-3.1383872,8.475759,8.131474,-6.3491488,-4.5865374,-15.431862,-3.9101174,11.798746,-5.993562
P02100,-17.596485,21.145887,25.143503,-4.556803,12.343118,-4.0983615,-0.7894544,-19.708342,-10.136386,-19.441614,-16.484531,-16.16808,4.439072,21.697748,13.899266,-29.317366,-8.969106,-4.1833234,2.2544048,15.937032,15.227841,13.266342,-23.05568,14.015323,23.177816,-1.2658467,-14.415311,-13.014897,-26.841227,15.037797,23.30617,-9.105477,-14.625783,-12.155942,-13.804643,-19.400238,-10.96682,7.1057878,15.081105,-25.094137,-12.95723,-15.509364,-27.709595,-0.78042895,23.312042,-16.851084,-2.3020544,-10.589791,-5.9377236,8.923118,-3.3662949,9.796064,18.030954,3.6975422,-9.668778,-5.6066475,17.672281,12.383565,-14.520314,-9.795594,-30.874542,-13.939143,25.506186,-9.72918
P13639,-10.983259,11.466959,15.74236,-3.1408157,6.8781013,-2.3851187,-0.26024383,-11.606679,-5.8777556,-11.235587,-9.604143,-8.750554,3.0553837,11.621577,8.646936,-16.763279,-3.960095,-1.838332,1.9898655,9.442889,8.701342,6.8936133,-12.578573,6.5190206,13.454469,-0.9349209,-7.643307,-7.70618,-15.940026,8.476995,12.944283,-4.098317,-7.2474113,-7.873088,-6.8186407,-11.452065,-7.8188524,3.8919423,9.390261,-14.029213,-7.7366514,-8.591216,-15.004764,0.23019339,12.88845,-9.281949,-1.6824691,-6.414127,-4.014165,4.5089965,-1.4214107,5.874711,10.778014,1.752019,-5.5331454,-3.5902388,10.080457,8.317443,-7.922356,-5.7035155,-18.378956,-6.4688106,14.703682,-6.394679
P04278,-25.001472,42.174427,38.326214,-8.594486,25.635672,-7.069636,-4.415265,-33.00611,-20.306248,-32.53678,-30.309738,-32.312675,6.736597,43.7104,21.576462,-55.653126,-23.661049,-12.557192,1.0144717,30.719208,29.348932,29.384035,-44.26248,34.213856,44.875523,-1.6434978,-31.932467,-20.865793,-48.764065,27.152517,43.48622,-25.342903,-33.08375,-19.242903,-31.191963,-31.533474,-16.421408,14.7172365,26.271254,-46.75093,-23.075737,-32.88866,-55.743336,-8.136711,45.64502,-31.3258,-3.8331292,-16.53929,-10.569162,16.852486,-8.0944,17.648022,31.684141,7.8335204,-18.920183,-9.938475,29.24361,15.662008,-25.271725,-18.089645,-54.742397,-31.441078,47.346745,-13.431036
P12063,-10.533374,11.006355,14.771734,-2.8757343,6.7649527,-2.1138816,-0.21952824,-11.108174,-5.5946054,-10.658884,-8.815638,-8.338285,2.7251549,11.196287,8.185674,-15.982022,-4.154897,-1.6363859,1.787253,8.779919,8.143213,6.6326113,-12.221293,6.586946,12.93526,-0.67106587,-7.318569,-7.5029426,-14.717746,8.150265,12.492979,-4.032598,-7.1835647,-7.369391,-6.844681,-10.763285,-7.277003,3.652373,8.694377,-13.1972275,-7.3671465,-8.18555,-14.59967,0.24791956,12.415953,-8.789254,-1.5070149,-6.1334276,-3.435449,4.5252595,-1.5702492,5.4206667,10.138949,1.8539495,-5.344914,-3.2797132,9.912004,7.6216316,-7.888669,-5.5416,-17.2535,-6.6920996,14.103078,-5.9894867
O00338,-14.227284,15.979685,20.643505,-4.354166,9.842237,-3.1046324,-0.75863844,-15.486801,-8.363472,-14.904207,-13.072786,-12.219722,3.912777,16.356907,11.524642,-23.063738,-6.3803144,-3.2414653,2.3678832,13.053906,12.004887,9.760836,-17.548832,10.125555,18.37272,-1.1667111,-11.230617,-10.043521,-21.834103,11.686812,18.026373,-6.5748124,-10.654725,-10.051157,-9.972463,-15.0315,-10.235004,5.4902716,12.458504,-19.21713,-10.4716625,-12.23329,-21.255274,-0.6603726,18.134468,-12.967239,-2.3747723,-8.423331,-5.385852,6.350131,-2.3411484,7.765471,14.670561,2.8254786,-7.8990316,-4.786872,13.366834,10.510281,-10.527939,-7.699488,-24.95253,-9.905841,20.019104,-7.961394
P12955,-10.718192,10.202782,15.502255,-3.5866349,6.534111,-2.139346,-0.33833304,-10.901674,-5.736705,-10.187614,-9.092592,-7.7661963,3.1896095,10.235004,8.676376,-15.725703,-3.0985541,-1.6502619,2.3010535,9.354864,8.136419,5.9690137,-11.243299,5.2577615,12.80147,-1.0876627,-7.0603895,-7.144751,-15.4806795,7.9020867,11.908575,-3.2602894,-5.9999113,-7.795659,-5.6138663,-10.576559,-8.798146,3.5528495,9.230292,-12.628886,-7.5324006,-8.06405,-13.634915,0.31601423,11.783441,-8.4772415,-2.065701,-6.11895,-4.3526187,3.7104049,-1.1102052,5.546045,10.506389,1.6194096,-5.427224,-3.704755,9.112597,8.44235,-6.8096094,-5.38767,-17.78648,-5.136109,13.819656,-6.3885274
P05696,-12.735383,14.136882,18.547956,-3.9863222,8.795878,-2.7465837,-0.6575608,-13.764289,-7.4783196,-13.270604,-11.657256,-10.82856,3.5872705,14.445374,10.314516,-20.605364,-5.446052,-2.7920501,2.2464802,11.625874,10.647723,8.591943,-15.548294,8.750879,16.422838,-1.0713986,-9.85448,-8.953282,-19.46514,10.294295,15.91512,-5.6924853,-9.301208,-9.137949,-8.7309675,-13.362496,-9.392847,4.8741174,11.27847,-17.020277,-9.35934,-10.862225,-18.78396,-0.4809748,16.08542,-11.430438,-2.12686,-7.5107217,-4.8785734,5.49373,-1.975407,6.9718146,13.08954,2.436906,-6.9588885,-4.3143725,11.854439,9.521327,-9.301307,-6.8936667,-22.32675,-8.539261,17.878681,-7.1905594
O75317,-18.206188,23.703508,27.383642,-6.320951,15.461319,-3.9074209,-1.8849488,-20.846983,-12.744795,-20.526096,-18.413324,-18.326984,5.128049,24.558077,15.328216,-33.903812,-10.760523,-5.926329,2.879567,18.331573,17.026571,14.724011,-26.187073,16.860394,26.460909,-1.2844871,-17.106783,-13.256318,-30.5321,16.199696,25.875347,-11.53331,-16.889393,-13.283566,-15.950888,-19.833828,-13.602346,8.267942,17.54718,-27.431131,-14.6156645,-18.491932,-31.901438,-2.76698,27.20146,-18.638384,-2.9836483,-11.037351,-7.1013594,9.119035,-3.9740067,10.674106,20.421001,4.6605487,-11.249276,-6.401108,18.223425,12.98009,-14.647807,-10.988042,-35.212837,-16.22965,28.765224,-9.51264
O95393,-11.899565,13.688911,17.373175,-3.7486,8.440722,-2.664897,-0.72806144,-13.119687,-7.15219,-12.595902,-11.157795,-10.474402,3.3548737,14.033429,9.6796,-19.712856,-5.5768666,-2.8496056,1.9633677,11.179443,10.304801,8.505227,-14.964882,8.773372,15.806249,-0.98278606,-9.681139,-8.510999,-18.60092,9.877611,15.319801,-5.8229814,-9.21447,-8.603067,-8.646662,-12.679037,-8.673693,4.726649,10.65807,-16.380974,-8.903177,-10.575411,-18.188387,-0.72440314,15.481891,-10.986826,-1.9992949,-7.0975313,-4.638079,5.333565,-1.959087,6.682031,12.429566,2.3728957,-6.7335205,-4.098509,11.267254,8.797244,-8.918266,-6.5996833,-21.20007,-8.463663,17.113033,-6.7484674
Q3E7X9,-9.835403,7.8079147,13.30067,-2.1296735,4.0576353,-2.130274,0.52401334,-9.525261,-3.723526,-9.042322,-7.2386627,-5.846389,2.5883813,7.719629,7.248146,-11.673196,-1.5786978,-0.2644639,1.8828251,6.9373446,6.364321,4.351562,-8.608942,2.9841275,9.555061,-0.9643833,-4.6886015,-6.5295625,-12.127129,6.610694,9.523516,-1.2367445,-4.0544252,-6.5328493,-3.7394505,-9.733075,-6.40427,2.5617516,7.077048,-10.43051,-5.891631,-5.4022098,-9.93824,1.6900867,8.620917,-6.8502836,-1.4590718,-5.5187306,-3.2308345,3.4018693,-0.6400056,4.573301,8.332005,0.89159286,-3.9954407,-2.8960073,8.230074,7.7524667,-6.2810187,-4.2189054,-13.893753,-3.3133602,10.726702,-6.0141106
P32856,-12.916033,13.788234,18.688322,-4.06761,8.684098,-2.7083468,-0.5861479,-13.711104,-7.435715,-13.120345,-11.517085,-10.534399,3.6465302,14.050293,10.435531,-20.281658,-5.224127,-2.6278768,2.3374982,11.569742,10.477041,8.276233,-15.2186775,8.384872,16.210913,-1.11674,-9.691828,-8.8966055,-19.403807,10.245259,15.742725,-5.342717,-8.931192,-9.133944,-8.352599,-13.297715,-9.704519,4.791198,11.218136,-16.715519,-9.327168,-10.626344,-18.422167,-0.3424226,15.808599,-11.278722,-2.2832937,-7.5519824,-4.943092,5.396335,-1.9557811,6.869484,13.117891,2.400628,-6.9873157,-4.3811274,11.738478,9.719467,-9.097299,-6.843836,-22.246431,-8.174322,17.672642,-7.2510433
P15926,-13.83401,20.078901,20.871416,-4.4769897,12.386841,-3.472948,-1.6095017,-16.82695,-10.0185375,-16.785732,-15.012363,-15.471896,3.857602,20.809277,11.497052,-27.496572,-9.886223,-5.131101,1.5362035,14.749653,14.162262,13.201691,-21.635773,14.953862,21.790787,-0.8985993,-14.452077,-10.808057,-24.348707,13.1815,21.153028,-10.639165,-14.9246855,-10.46833,-14.113139,-16.227121,-9.33514,6.970726,13.801041,-22.938284,-11.579286,-15.402295,-26.479149,-2.7080262,22.25299,-15.2324705,-1.9477438,-8.723937,-5.400347,7.8783937,-3.4178479,8.881033,16.046751,3.565554,-8.976317,-5.0226417,14.89684,9.462871,-12.490143,-8.987276,-27.806976,-14.057922,23.44346,-7.431165
O75717,-14.266594,16.773811,20.417953,-3.960309,9.947175,-3.3219702,-0.73995256,-15.924446,-8.320515,-15.388645,-13.319537,-12.807999,3.7310383,17.288256,11.404029,-23.45648,-7.2641544,-3.4541063,1.9164858,13.111596,12.389004,10.541558,-18.350912,11.216286,18.689985,-1.0869285,-11.832864,-10.374194,-22.037958,12.162232,18.849644,-7.2633157,-11.593522,-9.818341,-10.875825,-15.458785,-9.321021,5.7342887,12.201512,-20.0679,-10.490042,-12.597282,-22.246756,-0.87675554,18.73818,-13.577831,-2.1854522,-8.574666,-5.12003,7.014223,-2.6696165,7.88481,14.723897,3.0572157,-8.108947,-4.6931663,13.935642,10.175671,-11.270204,-7.8857403,-25.033442,-10.998077,20.476107,-7.884353
P07395,-12.427051,11.94605,17.277227,-3.4033818,7.04926,-2.6361437,-0.14255744,-12.825473,-6.1257944,-11.94629,-10.187452,-8.956041,3.2762852,12.0120945,9.707641,-17.425276,-4.2820444,-1.7440943,2.0670934,10.40323,9.348225,7.1969633,-13.036461,6.6845007,14.359812,-1.0797697,-8.28508,-8.501485,-17.28911,9.489291,14.06124,-3.9679317,-7.420557,-8.419749,-6.8826766,-12.579722,-8.795877,4.044328,9.764154,-14.820252,-8.425572,-8.987881,-15.837529,0.5042218,13.415058,-9.987341,-2.195745,-7.181972,-4.461189,5.022466,-1.6371192,6.196913,11.806589,1.922071,-6.330202,-4.03642,11.01178,9.278409,-8.50095,-6.112459,-19.685284,-6.6655397,15.602453,-7.2674923
Q99816,-11.026653,10.116853,15.332261,-2.7448256,5.7383204,-2.37021,0.16893092,-11.14397,-5.0525813,-10.7019,-8.841575,-7.656536,2.953546,10.156044,8.401531,-14.910263,-2.9193106,-1.0844904,2.0380201,8.58012,7.898473,5.8466954,-11.156511,5.0065603,12.022243,-0.9929438,-6.48111,-7.4909377,-14.770931,7.9797463,11.860459,-2.7545927,-5.92977,-7.524642,-5.521233,-11.185801,-7.457142,3.3868134,8.616619,-12.880756,-7.1605816,-7.3036113,-13.114765,1.0332003,11.328049,-8.526996,-1.6722683,-6.3077197,-3.7801566,4.2186913,-1.125148,5.455219,10.082462,1.4163789,-5.0358706,-3.401945,9.6687565,8.493153,-7.4819417,-5.200553,-16.981646,-5.185173,13.339768,-6.5012045
P0CY29,-13.927629,17.143381,20.659966,-4.8207784,10.965091,-3.0730019,-1.2919075,-15.738877,-9.154179,-15.04744,-13.67603,-13.145558,3.968605,17.645535,11.657654,-24.640272,-7.599116,-4.1023235,2.1946864,13.952524,12.731905,10.83455,-18.724155,11.726024,19.730495,-1.1240838,-12.528767,-10.078859,-22.85101,12.1180935,19.005001,-8.026781,-11.93599,-10.200628,-11.236677,-14.948544,-10.641891,5.9792743,13.005867,-20.047073,-10.957705,-13.546847,-23.062778,-1.6782341,19.497108,-13.597835,-2.4994943,-8.396323,-5.6568866,6.562256,-2.6948595,8.063545,15.237897,3.2377145,-8.495786,-4.9952626,13.501213,10.076629,-10.735187,-8.159862,-26.060741,-11.174814,21.198177,-7.729048
Q13404,-11.42726,11.463709,16.282549,-3.159432,6.6908417,-2.5495944,-0.17960045,-11.984069,-5.9094896,-11.491253,-9.855184,-8.730642,3.1637871,11.653233,8.977215,-16.716211,-3.8957896,-1.8166337,2.0608783,9.671148,8.934452,6.7905555,-12.5988455,6.423875,13.386629,-1.0271596,-7.7695765,-7.8467298,-16.523178,8.770864,13.25691,-3.8987281,-7.152167,-7.9368634,-6.614497,-11.874041,-7.929526,3.9164512,9.456514,-14.372244,-7.8429394,-8.565646,-15.017731,0.28950495,12.9732,-9.577583,-1.8794748,-6.659189,-4.249558,4.6374626,-1.4048356,5.96658,11.104824,1.7661282,-5.7697086,-3.713282,10.211846,8.769275,-7.898038,-5.677585,-18.738808,-6.3781624,14.7279415,-6.602642
P0ABB4,-8.195056,5.1963277,11.443539,-2.5039883,3.1796055,-1.5072733,0.37118414,-7.3276954,-3.1461837,-6.6399097,-5.69566,-3.8781598,2.528594,4.9219956,6.3074703,-9.044988,-0.0048565865,0.09994531,2.2283468,5.875957,4.795978,2.525657,-5.8002033,0.75023276,7.603873,-1.0123194,-3.1211433,-4.964752,-9.960915,4.8239264,6.735745,0.056799278,-1.8441992,-5.8679695,-1.6521877,-7.388391,-7.000688,1.7906184,6.2835183,-7.302666,-4.9119644,-4.0279875,-6.7575374,1.6854647,6.1363893,-4.765041,-1.6628007,-4.404571,-3.2862694,1.7439331,0.00024475655,3.6785977,6.913691,0.418548,-3.1562717,-2.682937,5.89171,7.045389,-3.999285,-3.2995377,-11.4874,-0.91248685,8.295644,-5.2813153
P04911,-11.040439,8.330146,14.877483,-2.4028645,4.1020303,-2.4956114,0.6072113,-10.621951,-3.9906847,-9.865968,-8.101315,-6.185617,2.9279325,8.181721,8.198829,-12.44268,-1.5872184,-0.30420128,2.05806,7.912906,7.1227098,4.640449,-9.054414,2.9639542,10.309443,-1.2321032,-5.236585,-7.1521745,-13.74636,7.4541183,10.489816,-1.1073066,-4.1362643,-7.1490684,-3.6766884,-10.918388,-7.241512,2.7782238,7.6878314,-11.466542,-6.51008,-5.822992,-10.599362,1.8901258,9.171454,-7.6197166,-1.8869921,-6.1882796,-3.8819,3.720981,-0.64623797,5.052533,9.350473,0.9180167,-4.5969605,-3.3492873,8.902615,8.836941,-6.6375084,-4.516698,-15.348704,-3.2406178,11.556885,-6.827835
O60341,-11.326435,13.047699,16.579994,-3.6567888,8.25196,-2.4409966,-0.7139433,-12.420413,-6.937442,-11.979818,-10.560111,-10.001546,3.2216368,13.384794,9.219566,-18.937069,-5.3119164,-2.6901217,1.9546305,10.572219,9.729531,8.037437,-14.359966,8.395348,15.134855,-0.8856227,-9.18825,-8.074745,-17.635422,9.320616,14.558582,-5.563999,-8.795733,-8.248451,-8.292946,-11.946922,-8.434468,4.5178275,10.261994,-15.518899,-8.500548,-10.104118,-17.405773,-0.7156287,14.871864,-10.395469,-1.8860699,-6.7323856,-4.356721,5.024567,-1.8933917,6.332144,11.851176,2.2901704,-6.3846073,-3.8956249,10.724402,8.365157,-8.47967,-6.347759,-20.269978,-8.106608,16.396772,-6.340611
P27278,-10.86436,10.412454,15.36403,-3.1989143,6.2708006,-2.2960584,-0.19568914,-11.19593,-5.5135903,-10.449698,-9.069638,-7.863919,3.0250044,10.495566,8.5933485,-15.487896,-3.479635,-1.5751815,2.026131,9.233018,8.257911,6.2017956,-11.417294,5.6304183,12.682489,-1.0027937,-7.19257,-7.379305,-15.399276,8.1819725,12.22817,-3.391466,-6.3387346,-7.5903044,-5.8873887,-10.941395,-8.06585,3.5600774,8.870875,-12.98253,-7.45089,-7.97769,-13.812667,0.39392072,11.825558,-8.709779,-1.9643406,-6.264197,-4.1225166,4.1402397,-1.261542,5.5365605,10.441387,1.6450864,-5.5127645,-3.6045256,9.474524,8.326519,-7.224971,-5.3688183,-17.526928,-5.5731196,13.762805,-6.421194
Q9V4S8,-8.69092,8.1825,12.077745,-2.3339055,4.6020455,-1.9868437,-0.0460225,-9.048083,-4.1024904,-8.327548,-7.176528,-6.1484046,2.3822153,8.297292,6.750715,-11.929243,-2.7690697,-1.1103754,1.481658,7.257026,6.632561,5.017915,-8.918146,4.3753505,9.922984,-0.8103775,-5.6512504,-6.010135,-12.159394,6.554879,9.750441,-2.5661943,-4.9909315,-5.9928784,-4.624916,-8.835685,-6.0289207,2.7777617,6.816578,-10.376334,-5.804623,-6.2016892,-10.786636,0.4491354,9.138394,-6.9344254,-1.5257709,-5.048619,-3.2608259,3.374642,-0.9222065,4.445907,8.148578,1.2516998,-4.380418,-2.8361201,7.6025763,6.634954,-5.864646,-4.221875,-13.616448,-4.3364067,10.77517,-5.2758794
P0AEY8,-15.818269,20.083649,23.526497,-5.144796,12.895985,-3.3444922,-1.298124,-17.844658,-10.471183,-17.770899,-15.511209,-15.494523,4.372126,20.62685,12.992614,-28.77128,-8.574201,-4.476724,2.5573885,15.2707205,14.240922,12.453858,-22.098345,13.616975,22.581198,-1.0676628,-13.86342,-11.665536,-25.395277,13.607708,21.621256,-9.281311,-14.019721,-11.733584,-13.365654,-17.221043,-11.552339,6.872515,15.047424,-23.183908,-12.444293,-15.343877,-26.663233,-1.550467,22.711576,-15.504886,-2.2373035,-9.51687,-5.792919,7.7128143,-3.166169,9.205742,17.146181,3.62557,-9.107956,-5.3781986,15.948852,11.279012,-12.966193,-9.437943,-29.746391,-13.276951,24.538559,-8.561871
P61254,-11.972789,12.598708,17.20523,-3.4695559,7.623203,-2.586513,-0.3291603,-12.660227,-6.5119643,-12.279462,-10.541218,-9.629143,3.3320255,12.784648,9.474824,-18.420242,-4.421356,-2.112236,2.1588905,10.359505,9.526051,7.550456,-13.846924,7.274203,14.706639,-1.0340421,-8.469698,-8.358208,-17.515411,9.306821,14.24093,-4.575016,-8.001232,-8.525506,-7.516706,-12.478998,-8.569378,4.300841,10.267113,-15.390414,-8.468914,-9.457863,-16.54288,0.13647652,14.215032,-10.238587,-1.8711953,-6.991942,-4.3976607,4.967385,-1.6246176,6.3913074,11.841713,1.9913557,-6.10179,-3.9297569,10.986781,9.055966,-8.6219,-6.237003,-20.184813,-7.208185,16.11311,-6.8850627
O17670,-10.5072155,11.297425,15.28346,-3.516138,7.273669,-2.1923642,-0.6026961,-11.234055,-6.2331595,-10.59155,-9.465227,-8.645367,3.05421,11.59433,8.595912,-16.752512,-4.4077053,-2.268765,1.9591147,9.628201,8.687979,6.8517036,-12.539052,7.0106335,13.464473,-0.90701604,-8.123233,-7.2511787,-16.06917,8.380401,13.004353,-4.508252,-7.384121,-7.527947,-6.9309564,-10.686188,-8.180922,3.9663181,9.275056,-13.649732,-7.689701,-8.9181795,-15.276355,-0.5034804,13.083934,-9.257706,-1.9664501,-6.157192,-4.1768913,4.309805,-1.5822477,5.6541114,10.802864,2.0798347,-5.8792396,-3.6432953,9.486515,7.92625,-7.310427,-5.673229,-18.342134,-6.7671013,14.598189,-5.919888
P08048,-19.056614,23.944248,27.29831,-5.086135,14.050647,-4.5777407,-1.2073503,-21.868408,-11.532886,-21.355133,-18.43,-18.30043,4.764214,24.755787,15.276535,-32.776695,-11.06133,-5.289226,2.094464,18.01915,17.263058,15.311815,-26.078278,16.851027,25.95686,-1.3411728,-16.959467,-14.233059,-30.177559,17.0117,26.516178,-11.089937,-17.09954,-12.971021,-16.079239,-21.245514,-11.731007,8.136382,16.429646,-28.223225,-14.371889,-17.817791,-31.701641,-1.7645324,26.478565,-19.168861,-2.6984782,-11.620581,-6.6160083,10.232801,-4.118933,10.789966,20.11317,4.5148945,-11.234942,-6.2199097,19.444141,13.11438,-16.045809,-10.916891,-34.304546,-16.54425,28.47974,-10.31024
P10826,-13.117364,14.612221,19.262938,-4.4925504,9.468258,-2.7432826,-0.9075432,-14.175846,-8.094558,-13.458463,-12.142239,-11.208725,3.7994153,15.005543,10.86657,-21.552635,-5.8954144,-3.1940348,2.3889706,12.35075,11.122524,8.867284,-16.17951,9.358182,17.172592,-1.1490943,-10.61621,-9.053175,-20.565928,10.73239,16.688839,-6.1183743,-9.700283,-9.36765,-9.076288,-13.507016,-10.264239,5.1457233,11.779113,-17.527222,-9.8013525,-11.553613,-19.77551,-0.9549177,16.932838,-11.956292,-2.4924097,-7.724228,-5.2938037,5.581393,-2.1654625,7.145809,13.802915,2.767134,-7.545983,-4.601929,11.985433,9.836822,-9.251016,-7.189655,-23.453295,-9.007644,18.636705,-7.254786
P04370,-9.362179,8.6080675,13.4250555,-2.9853718,5.518316,-1.8299487,-0.14792132,-9.380368,-4.861152,-8.852296,-7.6883316,-6.567147,2.7718058,8.672552,7.4428735,-13.3376465,-2.463853,-1.1825299,2.0737119,7.7475085,6.8432584,4.8938565,-9.633814,4.3025165,10.766983,-0.88750327,-5.8023257,-6.1867194,-13.119505,6.6896925,10.14308,-2.514416,-4.989091,-6.722496,-4.6781945,-9.124333,-7.4705014,2.9955454,7.910691,-10.794878,-6.3728833,-6.681763,-11.493812,0.4758206,10.04627,-7.2045474,-1.7108995,-5.310938,-3.6158004,3.1861212,-0.9065887,4.7192936,8.9529085,1.3429532,-4.544381,-3.1243238,7.893742,7.4088182,-5.892627,-4.6064734,-15.162506,-4.2790346,11.759309,-5.4848623
Q9Z0E3,-12.803096,15.618718,19.094345,-4.7140946,10.528123,-2.6212173,-1.2790183,-14.280313,-8.812308,-13.650736,-12.419593,-12.003959,3.74629,16.154648,10.798409,-22.780214,-7.1288342,-3.8224652,2.2046654,12.73669,11.549222,9.652072,-17.32571,10.97381,18.113987,-0.9443164,-11.642532,-9.020282,-21.080814,11.018255,17.476423,-7.433986,-10.971092,-9.318305,-10.310697,-13.378793,-10.256538,5.5560493,12.10987,-18.219934,-10.0789585,-12.505526,-21.329147,-1.8439146,18.22962,-12.423159,-2.479564,-7.66977,-5.208119,5.91908,-2.6175015,7.2482677,14.172073,3.10829,-7.9701385,-4.64952,12.164765,9.303419,-9.514468,-7.5543127,-24.160543,-10.369256,19.513071,-6.7557273
P0CG47,-11.444987,11.805832,16.41238,-3.395162,7.373583,-2.3395886,-0.30707592,-11.951329,-6.2793117,-11.565897,-9.863843,-9.030099,3.188667,12.009177,9.063201,-17.47382,-4.126473,-1.9247305,2.1700168,9.723371,8.902138,6.945852,-13.138066,6.825691,13.902452,-0.9300271,-7.9497824,-7.8893867,-16.524162,8.756726,13.469489,-4.200828,-7.4735227,-8.093814,-7.043658,-11.673892,-8.372947,4.043466,9.774363,-14.404088,-8.035313,-8.907745,-15.657828,0.14194901,13.520867,-9.627789,-1.8249027,-6.6332455,-4.1217756,4.643552,-1.5656546,5.9660397,11.255512,1.9602869,-5.8107815,-3.719343,10.388873,8.652181,-8.0874605,-5.937692,-19.174704,-6.8140554,15.272502,-6.459093
P39533,-12.158166,9.031487,15.671808,-1.8480109,3.5981498,-3.033703,0.99636525,-11.841625,-3.5782795,-10.91631,-8.627353,-6.590394,2.8784451,8.86311,8.665096,-12.582026,-1.992653,-0.04449913,1.6724102,8.256754,7.7165565,5.321863,-9.600203,3.2996418,10.654273,-1.3513848,-5.6020875,-8.104683,-14.438369,8.426989,11.586981,-1.0297778,-4.600686,-7.3146505,-4.05028,-12.360499,-6.580318,2.91415,7.464853,-12.6616535,-6.763898,-5.8514194,-11.253601,2.4714837,9.387893,-8.465002,-1.8730865,-6.885032,-3.8446817,4.6439824,-0.84226096,5.4005547,9.773043,0.9540466,-4.934723,-3.4588516,10.120159,9.3843975,-7.8295083,-4.7570934,-15.785519,-3.7496521,12.118138,-7.6248255
P14618,-13.00436,15.878345,19.075481,-4.217797,9.991687,-2.913357,-1.0321957,-14.643679,-8.321027,-14.108151,-12.570196,-12.162204,3.6320982,16.35789,10.688969,-22.599298,-7.073109,-3.605718,1.9440048,12.642623,11.7037735,10.01881,-17.370663,10.874922,18.067326,-0.995611,-11.47567,-9.432032,-20.948036,11.233003,17.615664,-7.330356,-11.092204,-9.372251,-10.437249,-14.011763,-9.467412,5.529161,11.8819065,-18.667084,-10.020836,-12.32743,-21.261192,-1.3775846,17.98789,-12.602546,-2.2089913,-7.8447227,-5.0443497,6.256298,-2.543767,7.438491,14.002588,2.9323192,-7.7698483,-4.556641,12.669698,9.347349,-10.152326,-7.5464816,-23.909203,-10.39958,19.534193,-7.1418376
Q75NZ0,-7.7171645,10.761907,11.468657,-2.614071,6.6041117,-1.9670584,-0.88578737,-9.377828,-5.3680305,-8.935133,-8.107681,-8.173474,2.2264812,11.081677,6.3629346,-14.784419,-5.4280915,-2.6024513,0.85923994,8.3623,7.877925,7.3469925,-11.397777,7.8767915,12.318769,-0.47873068,-7.9187613,-6.124332,-13.345426,7.2087297,11.394379,-5.739118,-7.9830756,-6.104539,-7.5576415,-8.89596,-5.546946,3.722419,7.619268,-12.259766,-6.458664,-8.495631,-14.207446,-1.3772653,11.798256,-7.99151,-1.2503355,-4.8814383,-3.190732,4.111234,-1.69887,5.0076585,8.791399,1.7373164,-5.0872684,-2.9435208,8.118649,5.2927523,-6.7592955,-5.0334573,-15.088844,-7.195639,12.853384,-4.5252824
P62837,-12.648045,14.142725,18.270641,-3.8126147,8.600123,-2.819916,-0.62267494,-13.776242,-7.283457,-13.2201605,-11.590814,-10.798699,3.4945772,14.448742,10.183271,-20.35949,-5.59729,-2.7760468,2.055235,11.574188,10.653747,8.747676,-15.456137,8.843708,16.340958,-1.0704163,-9.892961,-8.9978695,-19.292976,10.345507,15.92902,-5.7572007,-9.381427,-9.001091,-8.806628,-13.389362,-9.050784,4.857258,11.024673,-17.016357,-9.268581,-10.806435,-18.743555,-0.45934513,15.915318,-11.434059,-2.0815403,-7.496559,-4.7945905,5.613911,-2.013892,6.949515,12.940019,2.4287584,-6.9541454,-4.2717137,11.896346,9.346539,-9.422136,-6.862116,-22.02793,-8.622128,17.764027,-7.214121
Q8N0Z3,-10.782774,10.629933,15.275347,-2.8262377,6.392499,-2.1932123,0.022844143,-11.040157,-5.4350142,-10.913289,-8.920053,-8.144321,2.922473,10.764595,8.276292,-15.751227,-3.2019327,-1.3015804,2.1226873,8.475764,7.932154,6.0696054,-11.9034195,5.6238117,12.406085,-0.83070636,-6.6435437,-7.452339,-14.740577,7.8803678,12.071945,-3.257929,-6.4784975,-7.585027,-6.1467605,-11.004587,-7.402637,3.5471926,8.947592,-13.166134,-7.2492514,-7.68128,-13.829391,0.75975204,12.060963,-8.661226,-1.4266876,-6.189403,-3.5521922,4.2597384,-1.2455872,5.4915686,10.119575,1.578584,-4.9391117,-3.2769318,9.805729,8.223794,-7.699073,-5.373917,-17.339949,-5.8499126,13.821362,-6.1522737
P37231,-11.033271,12.271402,16.16677,-3.7143579,7.8772106,-2.331867,-0.6931726,-11.924069,-6.691932,-11.362456,-10.155131,-9.398362,3.2165911,12.553752,9.0423,-18.081766,-4.839006,-2.5218167,2.0214887,10.29732,9.312938,7.509916,-13.518479,7.686806,14.523874,-0.943289,-8.746579,-7.717055,-17.100636,8.918723,13.862016,-5.0710354,-8.099407,-8.049817,-7.6186466,-11.419594,-8.589732,4.2914114,9.963895,-14.686171,-8.226151,-9.64423,-16.466486,-0.61801875,14.090794,-9.88248,-1.9939998,-6.505002,-4.401613,4.6332593,-1.7218785,6.086428,11.494736,2.1694613,-6.200448,-3.8643856,10.149783,8.285481,-7.898114,-6.087664,-19.596846,-7.37605,15.691316,-6.243403
P53350,-11.278891,11.694646,16.165104,-3.4032815,7.1143627,-2.4480276,-0.3800868,-11.92958,-6.1311407,-11.318174,-9.896451,-8.894393,3.1713839,11.862111,9.005247,-17.156555,-4.2346163,-2.0392034,2.007779,9.960224,9.026799,7.104186,-12.79684,6.794092,13.89895,-1.0175487,-8.113456,-7.8288083,-16.619034,8.814317,13.400111,-4.2986045,-7.4234533,-8.016389,-6.9430914,-11.636995,-8.318919,4.024283,9.59613,-14.309268,-8.008922,-8.962287,-15.489781,0.015116706,13.225013,-9.582931,-1.9536408,-6.588788,-4.316743,4.5938597,-1.519826,5.999335,11.202464,1.9025191,-5.9332986,-3.8021328,10.18614,8.537049,-7.9143844,-5.863637,-18.96808,-6.6383386,15.091901,-6.5690384
C6KRN1,-7.880881,7.0643444,10.976832,-1.906489,4.099354,-1.6291987,0.22648092,-7.8716407,-3.6087093,-7.705643,-6.145611,-5.3950424,2.1661606,7.175444,5.8881345,-10.575308,-1.8337264,-0.5354174,1.6401917,5.7390656,5.466896,3.910433,-8.008637,3.3625376,8.390882,-0.59846014,-4.279935,-5.348528,-10.269885,5.4371552,8.274045,-1.728343,-4.097715,-5.4699006,-3.8610165,-7.8741317,-5.2301345,2.3549993,6.2483144,-9.095009,-4.985003,-5.012211,-9.136132,0.8863428,8.088725,-5.906285,-1.0454606,-4.483043,-2.5405066,2.884199,-0.6789941,3.8695316,7.0450454,0.9385641,-3.3881454,-2.3232915,6.886122,6.1586227,-5.326043,-3.7003472,-11.981355,-3.5649955,9.431445,-4.55833
P00942,-12.679611,14.862293,18.310875,-3.493798,8.682461,-3.0326662,-0.6092415,-14.181299,-7.4010496,-13.814202,-11.945448,-11.371744,3.4045796,15.325429,10.103324,-20.786297,-6.244155,-3.0165565,1.8238926,11.624687,11.088339,9.249891,-16.228235,9.767405,16.49963,-0.9721755,-10.377842,-9.191381,-19.747787,10.721057,16.609903,-6.3671083,-10.209183,-8.861432,-9.510105,-13.910518,-8.192563,5.0826197,11.017121,-17.991947,-9.296673,-11.117798,-19.523466,-0.7365087,16.632662,-12.024183,-1.911711,-7.6450467,-4.6622486,6.129438,-2.2125182,7.1178603,13.120391,2.5206711,-7.115367,-4.188675,12.294808,9.241745,-9.884513,-6.926301,-22.312029,-9.51189,18.086403,-7.045998
P51948,-11.4417715,10.339535,15.86413,-2.8743188,5.7133093,-2.5684636,0.14066902,-11.608251,-5.1633425,-10.940696,-9.241506,-7.793252,3.0834298,10.391289,8.786546,-15.149193,-3.0871632,-1.2235582,2.0203428,9.099005,8.306875,6.062682,-11.309798,5.150898,12.326733,-1.1342375,-6.894091,-7.697007,-15.571307,8.400921,12.361693,-2.82572,-6.0390363,-7.671205,-5.5374694,-11.62418,-7.7425814,3.5079207,8.769212,-13.344223,-7.399575,-7.5667715,-13.465399,0.9480116,11.557044,-8.928251,-1.9297755,-6.566161,-4.133705,4.3792334,-1.1620071,5.647645,10.520288,1.4919031,-5.412019,-3.6194782,9.849689,8.863556,-7.5423203,-5.3016396,-17.549816,-5.241002,13.642853,-6.8025184
P56192,-12.943078,13.78613,18.498743,-3.5218744,8.172483,-2.83117,-0.29327065,-13.773861,-6.957434,-13.460587,-11.38509,-10.538512,3.4809203,14.033062,10.158199,-19.902323,-4.929474,-2.282693,2.2228696,11.046673,10.318905,8.24681,-15.179317,8.099505,15.783692,-1.0474162,-9.164519,-9.116288,-18.821888,10.156904,15.550228,-5.0376287,-8.870063,-9.06638,-8.328068,-13.63703,-8.78774,4.65239,10.938642,-16.853579,-9.09385,-10.178887,-18.032228,0.18092968,15.485686,-11.217968,-1.8804173,-7.5839953,-4.55325,5.593105,-1.8380066,6.878712,12.728272,2.2031012,-6.5537324,-4.122964,12.078675,9.672887,-9.566041,-6.7077503,-21.70233,-8.133132,17.39869,-7.3574677
P19926,-10.284314,11.255437,14.725178,-2.78055,6.5513897,-2.3649096,-0.25250888,-11.122916,-5.544891,-10.867615,-9.220719,-8.590778,2.8209562,11.448093,8.02356,-16.08482,-4.1187406,-1.8451405,1.6922121,8.945232,8.429346,6.92881,-12.255309,6.649852,12.924217,-0.83055377,-7.4609094,-7.4158373,-15.138414,8.146817,12.505674,-4.271324,-7.3248405,-7.41789,-6.9014006,-11.032133,-6.911004,3.799767,8.855005,-13.693692,-7.316881,-8.323008,-14.593731,0.103229046,12.469595,-8.981477,-1.4374051,-6.0912166,-3.6852176,4.5012584,-1.4295218,5.672816,10.171921,1.6593045,-5.2436676,-3.345805,9.745215,7.6721897,-7.8140173,-5.4733324,-17.399405,-6.551034,14.11889,-6.005501
Q42525,-12.476441,14.989943,18.594147,-4.172282,9.611555,-2.693389,-0.9521552,-13.870533,-8.111802,-13.583442,-12.046961,-11.562891,3.6110113,15.457769,10.28683,-21.72561,-6.2302427,-3.3413723,2.2206147,11.927533,11.068919,9.136501,-16.568018,9.948263,17.089506,-0.940988,-10.598568,-8.8883705,-20.087366,10.478515,16.551388,-6.6876445,-10.278457,-9.161578,-9.655333,-13.359614,-9.330311,5.2230763,11.71693,-17.777863,-9.580676,-11.631396,-19.99693,-1.1957828,17.244347,-11.903685,-2.0632021,-7.467885,-4.8947134,5.693272,-2.2260783,7.1347404,13.444346,2.6744936,-7.2178793,-4.3333836,11.952598,9.252226,-9.4395485,-7.129031,-23.079948,-9.561443,18.586123,-6.7689943
Q9VD72,-11.066178,11.581265,15.954307,-3.4955473,6.9770265,-2.5337045,-0.4999547,-11.853699,-6.181368,-11.037842,-9.931018,-8.739221,3.1977804,11.70847,8.935836,-16.816668,-4.537421,-2.2368696,1.8705072,10.249722,9.185017,7.186155,-12.438026,6.954046,13.883594,-1.0634723,-8.448246,-7.616133,-16.893824,8.875279,13.312866,-4.5736313,-7.4761505,-7.903772,-6.8461666,-11.593764,-8.347895,4.0625577,9.497733,-14.268898,-7.991636,-9.062909,-15.332503,-0.3430029,13.080167,-9.516592,-2.2078018,-6.5408463,-4.589353,4.545643,-1.554586,6.008014,11.292732,1.7746634,-6.1825085,-3.9611351,9.818779,8.440928,-7.511844,-5.766294,-18.86208,-6.482286,14.84803,-6.5001664
P01579,-10.394101,11.310324,15.020896,-3.2460902,6.920218,-2.3250027,-0.4989456,-11.235333,-5.932114,-10.647289,-9.430338,-8.610119,2.9709866,11.524454,8.372105,-16.431908,-4.4062896,-2.1611855,1.7707334,9.535142,8.690241,7.0218935,-12.317334,6.911975,13.360571,-0.91873145,-8.000691,-7.3276906,-15.823872,8.363077,12.821572,-4.524298,-7.4022503,-7.5079746,-6.9258037,-10.88916,-7.709028,3.923148,9.08824,-13.70019,-7.581622,-8.761984,-15.007069,-0.32769284,12.768872,-9.150595,-1.8341908,-6.1471586,-4.0957885,4.3968563,-1.525486,5.7169714,10.597884,1.8582168,-5.7181063,-3.6031513,9.549547,7.80293,-7.4761662,-5.6031203,-17.970972,-6.6204925,14.413914,-6.0408916
O95704,-15.9435005,20.254555,23.764637,-5.434974,13.05442,-3.4529867,-1.5641588,-18.201735,-10.837424,-17.660608,-15.853428,-15.606975,4.4370365,21.0088,13.374797,-28.949419,-9.194951,-4.981744,2.4937701,15.920163,14.773024,12.628662,-22.368238,14.309055,22.779877,-1.1223481,-14.707507,-11.597409,-26.423288,14.09749,22.372768,-9.706396,-14.381521,-11.51565,-13.554603,-17.23718,-11.783083,7.0283303,15.013764,-23.59093,-12.635663,-15.860128,-27.3227,-2.242721,23.227182,-16.06989,-2.6827781,-9.648875,-6.2257524,7.86933,-3.3398068,9.2278805,17.639147,4.015998,-9.83902,-5.560849,15.7958975,11.371252,-12.63867,-9.44442,-30.282875,-13.81716,24.697233,-8.47462
P0A3J0,-9.9097,9.644816,14.079886,-3.0295415,5.73007,-2.23628,-0.28213137,-10.369186,-5.130619,-9.525007,-8.5242195,-7.2785826,2.8525963,9.768803,7.9287004,-14.230167,-3.4357502,-1.6479942,1.7627113,8.767167,7.828223,5.908508,-10.476048,5.3939476,11.765495,-1.009738,-6.957469,-6.7247834,-14.55737,7.6448784,11.426519,-3.342555,-5.9536214,-6.937999,-5.471777,-10.073063,-7.445191,3.3764367,8.153715,-12.111557,-6.874148,-7.5438585,-12.850565,0.08157578,10.938904,-8.16243,-1.9697484,-5.771497,-4.037533,3.8128421,-1.1733127,5.177603,9.724537,1.5467806,-5.2902913,-3.4386706,8.543916,7.6550217,-6.4778557,-4.94864,-16.2343,-5.1514664,12.694889,-5.9157104
P0A0M0,-7.4940267,6.9695506,10.563872,-1.9039358,4.1824207,-1.5200528,0.14136004,-7.5554028,-3.651728,-7.464007,-5.9694266,-5.354053,2.0994742,7.1284966,5.642554,-10.463091,-1.9126873,-0.62939113,1.6158508,5.5435586,5.3226724,3.8417523,-7.960066,3.4956672,8.222966,-0.5227178,-4.2477403,-5.10762,-9.978358,5.2156563,8.0685625,-1.8794676,-4.153194,-5.284778,-3.9286175,-7.5059624,-5.053758,2.3386924,6.148827,-8.879054,-4.83769,-4.9974856,-9.060178,0.6781437,8.074988,-5.751024,-0.97292584,-4.280067,-2.4274752,2.7753189,-0.6948953,3.747846,6.839247,0.96405655,-3.2923203,-2.223025,6.6193786,5.855034,-5.1262107,-3.6184094,-11.698516,-3.6603222,9.239236,-4.251164
Q9Y4K3,-11.072654,11.439056,15.829274,-3.204781,6.832496,-2.4368856,-0.2946226,-11.71428,-5.9146776,-11.187221,-9.671139,-8.700884,3.082633,11.608484,8.762594,-16.68779,-4.078165,-1.9098135,1.9597297,9.626836,8.819072,6.912161,-12.518035,6.5870104,13.479382,-0.97230977,-7.8255925,-7.706908,-16.189775,8.614656,13.07918,-4.13128,-7.2535634,-7.839239,-6.7692003,-11.508216,-7.9209113,3.9104152,9.351096,-14.080442,-7.784291,-8.657161,-15.050866,0.12088011,12.896624,-9.376872,-1.8359036,-6.475682,-4.154801,4.545913,-1.4549345,5.882405,10.908068,1.7947409,-5.725541,-3.671604,10.037903,8.392471,-7.822787,-5.6952996,-18.468975,-6.473297,14.688117,-6.443898
O00463,-10.717523,9.776853,14.970931,-2.8709395,5.7122903,-2.2663236,0.049456593,-10.83487,-5.088814,-10.237197,-8.622082,-7.3854613,2.925948,9.845881,8.286277,-14.534355,-2.9765713,-1.1892272,2.0274549,8.5500765,7.7638106,5.6460233,-10.811517,4.981863,11.788395,-0.97254664,-6.5191727,-7.18782,-14.613296,7.8124585,11.615078,-2.779569,-5.77572,-7.3034725,-5.3381667,-10.741055,-7.5582967,3.3201923,8.433362,-12.456662,-7.0356727,-7.2522864,-12.850362,0.7675233,11.112651,-8.315275,-1.8156468,-6.130816,-3.8434544,4.028501,-1.1309434,5.2803936,9.955159,1.4600716,-5.1162353,-3.4016838,9.236306,8.284054,-7.03446,-5.068999,-16.669584,-5.060507,12.991604,-6.2720265
P01501,-8.682632,8.63635,12.299265,-2.5501592,5.315002,-1.8469763,-0.21418518,-9.094307,-4.653088,-8.540517,-7.3548846,-6.583624,2.4400496,8.913617,6.8654103,-12.740021,-3.1880243,-1.4069753,1.6060193,7.3180833,6.772538,5.1212387,-9.705582,5.1173544,10.247091,-0.69997257,-6.0673738,-5.928054,-12.561717,6.644702,10.237196,-3.033878,-5.5187683,-5.971079,-5.14799,-8.710319,-6.2206545,3.0019937,7.1510315,-10.774953,-5.946889,-6.6296053,-11.633469,-0.00018781424,10.032724,-7.279544,-1.5329769,-5.048402,-3.2109623,3.4890237,-1.1434762,4.4432898,8.456225,1.5484143,-4.576968,-2.8293235,7.676358,6.591633,-5.894903,-4.4015384,-14.243795,-5.059794,11.270428,-4.885625
Q13480,-12.0498705,14.186401,17.65398,-3.818861,8.940133,-2.6115184,-0.7680858,-13.295792,-7.441981,-12.955266,-11.347962,-10.898838,3.3895824,14.568211,9.786877,-20.468836,-5.8193913,-2.943037,2.0174377,11.244996,10.429457,8.758542,-15.623173,9.229448,16.25501,-0.9207513,-9.896579,-8.670878,-18.817938,10.00562,15.704983,-6.125641,-9.637446,-8.767614,-9.1193,-12.82325,-8.799906,4.897282,10.972893,-16.784826,-9.086946,-10.889587,-18.87617,-0.7983565,16.10389,-11.242307,-1.8954242,-7.182484,-4.5338464,5.50085,-2.1018958,6.7870464,12.649722,2.5081005,-6.7732773,-4.1016326,11.602193,8.821832,-9.266979,-6.834496,-21.72322,-8.960128,17.679739,-6.689121
P00546,-10.854758,11.1984625,15.626215,-3.2272248,6.882372,-2.3066106,-0.29762977,-11.394898,-5.943929,-11.000986,-9.470547,-8.568841,3.0767763,11.402598,8.611555,-16.527449,-3.8893054,-1.8646204,2.0581892,9.322156,8.558921,6.6222105,-12.403085,6.435947,13.173388,-0.9307916,-7.59416,-7.4751463,-15.873129,8.335657,12.794558,-3.9947014,-7.070392,-7.713595,-6.62041,-11.169414,-7.9115057,3.8565164,9.313971,-13.781771,-7.623809,-8.477663,-14.794277,0.0907694,12.801758,-9.182358,-1.7762475,-6.316828,-4.0426106,4.3774977,-1.4221797,5.734715,10.7283325,1.8010894,-5.551305,-3.5778441,9.7862425,8.295897,-7.589542,-5.6014295,-18.24491,-6.354815,14.454329,-6.18467
P60174,-11.680409,15.585719,17.541342,-4.530365,10.436773,-2.5093074,-1.590382,-13.722171,-8.589132,-12.832248,-11.966152,-11.910532,3.361269,16.185648,10.074062,-22.251408,-7.9100256,-4.214022,1.6863112,12.65681,11.494044,10.139298,-17.035614,11.697606,18.073706,-0.7480253,-11.97321,-8.670445,-20.275331,10.796394,17.181362,-8.248433,-11.480051,-8.745533,-10.834934,-12.569957,-9.4114685,5.484044,11.419896,-17.706097,-9.78229,-12.738949,-21.376394,-2.4704766,17.924946,-12.088705,-2.3298988,-7.1847243,-4.945095,5.888402,-2.7385075,7.022093,13.5114765,3.2079532,-7.993092,-4.422936,11.687889,8.08806,-9.333697,-7.391835,-23.053349,-10.921576,19.063463,-6.2994003
P20937,-15.764398,19.686205,23.628357,-5.623197,12.979369,-3.260915,-1.504793,-17.675926,-10.682504,-17.237907,-15.496348,-15.141045,4.529162,20.15301,13.2108965,-28.591848,-8.513738,-4.6413865,2.693899,15.726627,14.2703705,12.241305,-21.570244,13.349843,22.706514,-1.1842948,-14.069018,-11.395603,-25.750605,13.562576,21.401764,-9.235501,-13.655803,-11.814561,-12.9414835,-16.885012,-12.444385,6.8402486,15.177945,-22.714563,-12.575706,-15.478551,-26.392654,-1.8426837,22.47557,-15.280763,-2.6741362,-9.454414,-6.2536874,7.3471622,-3.1078556,9.162403,17.367416,3.6090558,-9.414783,-5.640775,15.4329195,11.406575,-12.296086,-9.402465,-29.9167,-12.765572,24.395369,-8.621841
P07814,-13.145375,15.583287,19.312605,-4.1265106,9.52717,-2.9984837,-0.9080571,-14.725224,-8.122898,-14.176288,-12.576189,-11.910782,3.6568298,16.001755,10.748061,-22.196663,-6.6048527,-3.416404,2.0905566,12.622462,11.712971,9.699802,-16.961739,10.286921,17.769405,-1.0157876,-11.108137,-9.473164,-20.973833,11.18158,17.311687,-6.927548,-10.703106,-9.500426,-9.974207,-14.27997,-9.380627,5.3504186,11.90093,-18.614008,-9.995821,-12.02927,-20.640684,-1.0880975,17.612179,-12.450667,-2.207526,-7.914579,-5.1611886,6.122211,-2.2960718,7.494411,13.977479,2.674291,-7.648831,-4.5458264,12.626757,9.644625,-10.003283,-7.3429313,-23.780033,-9.880339,19.173864,-7.3753223
O75716,-17.057184,19.526627,24.675993,-4.956882,11.970332,-3.636525,-0.8241237,-18.598675,-9.957537,-18.214941,-15.627272,-14.968657,4.5067496,19.970457,13.697431,-28.041271,-7.6727037,-3.8215442,2.7821908,15.354919,14.277952,11.855684,-21.521767,12.363155,22.102604,-1.2770203,-13.280474,-12.230916,-25.764408,14.024424,21.728071,-7.9766374,-13.073236,-12.017139,-12.355046,-18.1532,-11.825472,6.581173,14.909979,-23.239723,-12.558336,-14.649053,-25.825146,-0.5520586,21.999153,-15.655971,-2.4758809,-10.084524,-6.025546,7.8529754,-2.905703,9.285712,17.43148,3.4705272,-9.194061,-5.506385,16.481157,12.386972,-13.189135,-9.300462,-29.884604,-12.379616,24.238375,-9.466101
P0ADS2,-11.53684,12.254668,16.527994,-3.7518208,7.817296,-2.4064515,-0.6260352,-12.307734,-6.681547,-11.43792,-10.1880665,-9.290609,3.234059,12.518592,9.384741,-17.976774,-5.0461597,-2.4369347,1.9602499,10.552266,9.44458,7.533356,-13.496535,7.745473,14.658544,-0.97453177,-8.97851,-7.957248,-17.406263,9.292092,14.224683,-4.9510393,-8.086811,-8.069697,-7.5545835,-11.703253,-8.849949,4.290027,9.843032,-14.76625,-8.379174,-9.656076,-16.62335,-0.5340035,14.090517,-10.069655,-2.245998,-6.7650633,-4.499157,4.863501,-1.8637395,6.0746627,11.76854,2.27887,-6.553163,-4.0033264,10.416238,8.535135,-8.03792,-6.178441,-19.786453,-7.4485,15.804867,-6.5035095
A0A0D1DWQ2,-13.973987,17.86773,20.891928,-4.4531693,11.055161,-3.2635198,-1.1553156,-16.019371,-9.245351,-15.880526,-14.065217,-13.779615,3.9629958,18.43087,11.486023,-25.229042,-7.785392,-4.1419725,2.144189,13.761929,12.999752,11.183167,-19.490381,12.242568,19.835815,-1.0454135,-12.59556,-10.275549,-23.118818,12.241378,19.350262,-8.408268,-12.56259,-10.312372,-11.790392,-15.602855,-9.825439,6.190279,13.294682,-21.045206,-10.961122,-13.666809,-23.557964,-1.6391516,20.15571,-14.005746,-2.1256871,-8.520053,-5.4511414,6.929884,-2.737376,8.326342,15.349683,3.0782993,-8.27512,-4.878757,13.943848,10.157301,-11.270272,-8.227642,-26.425358,-11.695769,21.556387,-7.605085
Q6ZU80,-10.892602,10.693398,15.188487,-2.5206487,5.993588,-2.404606,0.21309045,-11.205989,-5.08161,-11.029251,-9.009165,-8.159329,2.8061004,10.84739,8.20317,-15.342189,-3.414539,-1.2704811,1.841656,8.544417,7.989119,6.332236,-11.8374,5.735615,12.219468,-0.95599586,-6.8215795,-7.511647,-14.824069,8.175572,12.272242,-3.2710674,-6.5548477,-7.374842,-6.106116,-11.290924,-6.871407,3.5981383,8.519849,-13.432375,-7.1610565,-7.4994073,-13.769808,0.8618008,11.872941,-8.931774,-1.4748089,-6.3085685,-3.519235,4.5942,-1.3288883,5.41663,10.061225,1.5820417,-5.020425,-3.2091486,9.998726,8.1486025,-7.9110293,-5.3013654,-17.107473,-5.959834,13.632274,-6.2354097
O08604,-7.1983547,5.5168777,10.171351,-2.1306546,3.4682884,-1.3383425,0.21180467,-6.7795224,-3.1982632,-6.42116,-5.3309464,-4.200619,2.182244,5.4687905,5.5109916,-9.0221815,-0.78222615,-0.21755989,1.8704548,5.2384963,4.6099477,2.8344233,-6.295529,1.848865,7.3143215,-0.6935191,-3.3224814,-4.589827,-9.15729,4.5171885,6.712857,-0.7833335,-2.669549,-5.2135587,-2.5007513,-6.7384114,-5.739652,1.8851452,5.8286953,-7.3306155,-4.49808,-4.1586614,-7.2123413,1.0771941,6.540095,-4.7391624,-1.2298334,-3.9669678,-2.6644185,1.951982,-0.26647276,3.4160993,6.330988,0.61947024,-2.9426367,-2.2737596,5.6699443,5.978702,-4.0902996,-3.197796,-10.711894,-1.9849566,8.078248,-4.3743377
Q13501,-12.311593,13.629771,17.640388,-3.6175451,8.275037,-2.7189808,-0.5457319,-13.358788,-6.9796257,-12.7898245,-11.111947,-10.388761,3.3445878,13.937213,9.846259,-19.575825,-5.44562,-2.591657,1.9561908,11.091299,10.24074,8.425556,-14.940663,8.552476,15.738377,-1.0009427,-9.51968,-8.760635,-18.524511,10.02715,15.4307165,-5.491636,-9.060819,-8.659036,-8.519019,-12.95456,-8.675037,4.6674037,10.551376,-16.402641,-8.927947,-10.363183,-18.103533,-0.36552134,15.340058,-11.04272,-1.9994189,-7.2836556,-4.5398645,5.4998693,-1.9867448,6.668924,12.465688,2.3772771,-6.729377,-4.098783,11.59042,9.027008,-9.200751,-6.6444755,-21.185751,-8.387354,17.141146,-6.9874034
Q15046,-14.896879,18.182611,22.0146,-4.9398384,11.6555,-3.1890879,-1.2245544,-16.680044,-9.70462,-16.190718,-14.376137,-13.96627,4.151625,18.731043,12.320723,-26.12058,-7.938769,-4.1679983,2.408773,14.430566,13.314572,11.255888,-20.022722,12.400106,20.679611,-1.0850354,-13.025143,-10.721838,-23.973743,12.78761,20.11162,-8.343427,-12.655546,-10.764941,-11.919439,-15.956763,-11.038934,6.2981105,13.776619,-21.31445,-11.540799,-14.126272,-24.38924,-1.5821992,20.779257,-14.411311,-2.4902973,-8.93983,-5.7253833,7.0769243,-2.9072814,8.458962,16.1022,3.4103377,-8.832109,-5.1606383,14.502212,10.7490015,-11.550342,-8.615845,-27.57212,-11.971725,22.409784,-8.055558
O08583,-6.8662295,4.3181124,9.523603,-2.041033,2.603096,-1.2971594,0.34205753,-6.1755095,-2.6082566,-5.5635314,-4.7236404,-3.2209606,2.1279197,4.152651,5.2314095,-7.458494,-0.07702907,0.13638708,1.847928,4.8302045,4.0338173,2.112961,-4.8748627,0.690034,6.3002167,-0.8079922,-2.6210213,-4.1802087,-8.317437,4.0263495,5.6813626,0.05044643,-1.585518,-4.8862853,-1.416977,-6.1748066,-5.715942,1.5002407,5.200645,-6.1490216,-4.0481634,-3.3404474,-5.643171,1.3826929,5.1453457,-3.9917827,-1.385037,-3.7086544,-2.7206857,1.4879653,0.00839413,3.07799,5.743696,0.35369676,-2.6711388,-2.2277422,4.9276695,5.8966174,-3.3528945,-2.7617598,-9.515128,-0.8035244,6.896415,-4.3974133
P0A6Y1,-12.659369,11.015255,17.65397,-3.1195395,6.2556825,-2.5989988,0.36256632,-12.441403,-5.549317,-12.121326,-9.876628,-8.360324,3.406926,10.921814,9.592279,-16.620123,-2.487128,-0.89691895,2.5876863,9.457889,8.599376,6.073527,-12.198085,4.755096,13.244457,-1.1962351,-6.6665215,-8.43886,-16.407703,8.762698,12.89381,-2.4244905,-6.0284214,-8.691757,-5.6219788,-12.691086,-8.745015,3.6375697,9.875022,-14.188018,-8.056959,-7.8020005,-14.1079445,1.6874166,12.354664,-9.332307,-1.8266977,-7.1287932,-4.264833,4.500363,-1.0424374,6.1192813,11.308154,1.390081,-5.336847,-3.814367,10.884387,9.957902,-8.329208,-5.7490478,-19.129356,-5.1414456,14.812953,-7.5263405
O33283,-11.108177,12.658521,16.211023,-3.653241,7.654753,-2.6128538,-0.72229093,-12.27045,-6.4825654,-11.534663,-10.524871,-9.609687,3.237607,12.788106,9.086904,-18.259459,-5.054088,-2.631636,1.7511363,10.85584,9.732029,8.190445,-13.460945,7.773084,15.094421,-1.109358,-9.071328,-8.029018,-17.482012,9.231297,14.059727,-5.376864,-8.330733,-8.319623,-7.825415,-11.911342,-8.545469,4.393075,10.026784,-15.075547,-8.43573,-9.9566765,-16.685265,-0.5400954,13.964507,-10.034103,-2.0257852,-6.6423078,-4.6698675,4.77132,-1.6675363,6.422709,11.61896,1.9878873,-6.318472,-4.056357,10.396716,8.291588,-8.237105,-6.2289467,-19.773493,-7.280367,16.023182,-6.7547607
Q9UNE7,-11.19047,11.749278,16.092487,-3.48962,7.3607736,-2.3389313,-0.4574819,-11.844146,-6.2769847,-11.245911,-9.837111,-8.962815,3.1510975,11.97284,8.9965925,-17.347183,-4.350693,-2.1224155,2.0433848,9.918334,8.980695,7.0957875,-12.982129,6.994574,13.970397,-0.9574833,-8.188369,-7.7642174,-16.563255,8.771198,13.471238,-4.4195185,-7.539969,-7.9599166,-7.0961156,-11.424953,-8.407068,4.052086,9.627536,-14.247131,-8.020585,-9.072565,-15.709033,-0.1292121,13.42524,-9.599827,-1.9389975,-6.5257344,-4.24191,4.5761504,-1.5899867,5.93149,11.200687,2.0418832,-5.9663086,-3.7597468,10.157614,8.413074,-7.8924336,-5.909617,-19.027842,-6.8715043,15.1914,-6.4061065
O15264,-11.892257,13.531469,17.165295,-3.431823,8.023189,-2.7552133,-0.5475101,-13.100337,-6.8055735,-12.650101,-11.006477,-10.324631,3.258803,13.834744,9.494287,-19.230381,-5.421368,-2.6208003,1.8426429,10.88793,10.166903,8.439001,-14.707727,8.520845,15.455451,-0.9716194,-9.382777,-8.578361,-18.215603,9.816048,15.1063175,-5.592007,-9.0678425,-8.500772,-8.494181,-12.828975,-8.169938,4.618743,10.378624,-16.31492,-8.718983,-10.228877,-17.77285,-0.4314003,15.095687,-10.863142,-1.8544552,-7.1044908,-4.4605446,5.424931,-1.8999299,6.6423483,12.170966,2.2108445,-6.5242705,-3.9924207,11.347354,8.756184,-9.066409,-6.476693,-20.727629,-8.281361,16.793911,-6.8211565
O43559,-13.547734,15.368208,19.890598,-4.8464727,10.333015,-2.6559715,-1.0945183,-14.658951,-8.683263,-13.833453,-12.481748,-11.753141,3.8817432,15.769879,11.307094,-22.746616,-6.562957,-3.4600208,2.4497747,12.938921,11.5271015,9.361929,-17.068962,10.201567,18.230806,-1.0631876,-11.318635,-9.37871,-21.278637,11.197858,17.481222,-6.736895,-10.406883,-9.712862,-9.794165,-13.775253,-10.955817,5.4096627,12.287937,-18.080103,-10.316173,-12.286067,-21.01672,-1.2533274,17.92346,-12.384771,-2.6437697,-7.9737244,-5.384189,5.855201,-2.4686925,7.3314257,14.426783,3.040171,-8.0176115,-4.797679,12.506266,9.943559,-9.664275,-7.6305704,-24.497856,-9.793488,19.637018,-7.3606462
P0AE88,-10.642897,12.163388,15.625015,-3.1829531,7.5621676,-2.280912,-0.4519528,-11.551526,-6.347776,-11.526844,-9.799924,-9.372022,3.0216017,12.438632,8.45416,-17.664324,-4.518673,-2.199444,1.9825134,9.43377,8.894885,7.2813606,-13.446351,7.4611936,13.894882,-0.7574892,-8.048639,-7.6206574,-16.125494,8.466586,13.287578,-4.893289,-8.059375,-7.874544,-7.6248794,-11.3804245,-7.5598965,4.144768,9.736036,-14.579056,-7.827354,-9.103291,-15.8960495,-0.26103577,13.81144,-9.541051,-1.4616913,-6.302175,-3.8382816,4.655337,-1.6092755,5.966932,10.899998,1.8798862,-5.538154,-3.4981768,10.180209,7.979878,-8.114036,-5.8712754,-18.811865,-7.323117,15.2155075,-5.938664
P0AFF6,-11.213227,10.859244,15.671013,-2.7915432,6.3311996,-2.344775,0.100819945,-11.462413,-5.3782725,-11.21138,-9.146827,-8.271021,2.9636793,10.954356,8.541089,-15.937679,-3.2948806,-1.2474439,2.0560625,8.74972,8.162398,6.307553,-12.062707,5.6683106,12.693154,-0.9092719,-6.816755,-7.778599,-15.098426,8.219867,12.443673,-3.2247822,-6.5724454,-7.753374,-6.2279716,-11.4526205,-7.505457,3.6057281,8.999256,-13.503861,-7.4324684,-7.787966,-14.097865,0.93714803,12.1526985,-8.922706,-1.5031834,-6.4363112,-3.6525323,4.483501,-1.2931638,5.6429114,10.360232,1.6045948,-5.1130595,-3.390756,10.186795,8.479986,-8.037154,-5.511419,-17.66129,-5.9233375,14.127227,-6.502787
D9I2F9,-9.60892,7.7564898,13.579569,-2.7205763,4.6366544,-1.9108009,0.22310261,-9.237969,-4.309972,-8.789012,-7.3915415,-5.8931646,2.8091872,7.690139,7.410096,-12.236408,-1.4412943,-0.5876411,2.2655127,7.252752,6.414972,4.1080704,-8.6838665,2.9810634,9.841055,-0.9848896,-4.8566427,-6.152001,-12.605517,6.3804307,9.372868,-1.4271322,-3.9660118,-6.7463675,-3.6335304,-9.30308,-7.320029,2.6492038,7.6668563,-10.269503,-6.0821695,-5.7654753,-10.07706,1.2255366,9.018638,-6.744198,-1.6732365,-5.3556185,-3.5951118,2.937538,-0.5521225,4.6041584,8.638926,0.9376017,-4.1146293,-3.0516045,7.7272325,7.87564,-5.6349955,-4.2522187,-14.516742,-3.1326482,10.914347,-5.7658706
O08807,-10.964821,11.242294,15.512173,-3.026414,6.7521787,-2.3022234,-0.17594354,-11.487021,-5.6943994,-11.073424,-9.295175,-8.52713,2.9502695,11.339298,8.534332,-16.41358,-3.9048939,-1.6360273,1.9383479,9.211006,8.461392,6.7613826,-12.32948,6.337583,13.296844,-0.8571353,-7.407187,-7.7263336,-15.441167,8.372572,12.699542,-3.9249284,-7.0969615,-7.7992997,-6.7113595,-11.3258705,-7.722325,3.762065,9.158585,-13.669755,-7.6394305,-8.349931,-14.713202,0.42432308,12.573543,-9.024388,-1.6244617,-6.374849,-3.8075364,4.5105586,-1.4403316,5.736419,10.557674,1.6989636,-5.4234924,-3.5098839,10.113414,8.175494,-7.9838223,-5.6621795,-17.96194,-6.3635974,14.484698,-6.4051
P21981,-10.95181,9.557615,15.520456,-3.0691545,5.473748,-2.3631065,0.07265912,-10.950232,-5.092873,-10.307683,-8.875829,-7.2314234,3.12589,9.543368,8.554994,-14.507823,-2.4068315,-1.132508,2.2948253,8.836493,7.8926554,5.388522,-10.477163,4.3232913,11.769724,-1.1373523,-6.317258,-7.195195,-15.074755,7.7947273,11.419429,-2.3925593,-5.3040304,-7.626181,-4.8131356,-10.993122,-8.04257,3.2528832,8.766801,-12.477329,-7.170886,-7.179418,-12.415519,0.9581734,10.892503,-8.266648,-1.9688494,-6.229529,-4.2461643,3.7463887,-0.8462286,5.4545207,10.178087,1.2517277,-5.098308,-3.5627632,9.095063,8.799205,-6.740464,-4.9814367,-17.020887,-4.372184,12.919762,-6.6065154
Q12904,-12.413177,14.30866,17.979622,-3.7495143,8.753328,-2.7540052,-0.6906189,-13.685491,-7.3508453,-13.181529,-11.495914,-10.91367,3.3905177,14.635193,9.997912,-20.453316,-5.9028897,-2.8722262,1.9608302,11.506718,10.657955,8.901815,-15.61642,9.212765,16.444462,-0.94434047,-10.011202,-8.952749,-19.10956,10.311966,15.93568,-6.08935,-9.694553,-8.913013,-9.11385,-13.276584,-8.798831,4.8832164,10.969519,-17.044813,-9.243323,-10.926642,-18.945734,-0.6384504,16.084698,-11.3933935,-1.9804965,-7.407572,-4.6357703,5.687049,-2.1062315,6.913138,12.8461275,2.4413505,-6.9491444,-4.1925945,11.9061365,9.041974,-9.495392,-6.8782473,-21.893265,-8.954154,17.79389,-7.0250015
P68104,-13.898885,17.263805,20.482344,-4.461785,10.904712,-3.0691805,-1.1000589,-15.683609,-8.995015,-15.335102,-13.525641,-13.269764,3.8559415,17.78661,11.400853,-24.57997,-7.572983,-3.8861208,2.1217773,13.433734,12.523524,10.814252,-18.947191,11.803916,19.467344,-1.0114652,-12.239121,-10.155652,-22.365479,12.002514,18.939903,-7.9684186,-12.075238,-10.0928955,-11.417664,-15.068763,-10.014932,5.970901,12.870852,-20.183985,-10.7695875,-13.280689,-23.025366,-1.4324635,19.53985,-13.579801,-2.1813533,-8.383386,-5.2465754,6.766209,-2.7531426,8.004508,14.991271,3.1680806,-8.1789055,-4.7913976,13.7500305,9.954189,-11.098367,-8.144012,-25.762253,-11.390025,21.134203,-7.564856
Q00613,-11.128281,11.814202,16.018585,-3.4218225,7.329766,-2.3911564,-0.45154214,-11.841767,-6.280334,-11.295235,-9.8809595,-9.020015,3.146452,12.062718,8.926628,-17.308706,-4.464101,-2.1708934,1.977126,9.887477,9.022862,7.1557736,-13.031543,7.1388545,13.900857,-0.9619799,-8.273557,-7.7217116,-16.622839,8.793307,13.525307,-4.5233994,-7.6467204,-7.880111,-7.1643505,-11.472179,-8.216026,4.101482,9.58516,-14.381641,-7.9678893,-9.078945,-15.753112,-0.21594112,13.4851675,-9.672028,-1.9306622,-6.5196896,-4.2374697,4.6463423,-1.627834,5.94046,11.200661,2.0272396,-5.97917,-3.756786,10.1247835,8.375521,-7.8843904,-5.888262,-19.000656,-6.955631,15.157018,-6.3189692
P23256,-9.667989,8.351027,13.330844,-2.7564712,4.9185305,-2.0332572,-0.0032238453,-9.687597,-4.44914,-8.721706,-7.5559034,-6.2017784,2.6625488,8.337118,7.5412703,-12.536378,-2.6764538,-1.0035789,1.7721903,7.915353,6.9318366,4.9732146,-9.107943,4.169576,10.592747,-0.9389359,-5.9124045,-6.408843,-13.093857,7.0318933,10.23257,-2.3209214,-4.8441668,-6.5611525,-4.4342527,-9.442384,-7.225216,2.868887,7.376039,-10.683996,-6.3349156,-6.443872,-11.156824,0.66890717,9.481522,-7.2040772,-1.932667,-5.51195,-3.6773732,3.4489434,-0.9769722,4.6669726,8.928454,1.2720741,-4.820334,-3.2152169,8.04217,7.455905,-5.998504,-4.519705,-14.714374,-4.104725,11.417219,-5.844224
P16568,-8.76916,7.934517,12.579363,-2.747225,4.921817,-1.7889525,-0.09867464,-8.81473,-4.427987,-8.26984,-7.2115555,-6.036159,2.6145875,7.9762063,6.9485703,-12.261841,-2.1626682,-1.0431187,1.9516623,7.2763352,6.448245,4.5307183,-8.801929,3.8066692,9.979381,-0.85752296,-5.3268175,-5.8095713,-12.30406,6.2384367,9.36803,-2.2323017,-4.528609,-6.34411,-4.2065506,-8.635896,-6.9128976,2.7439804,7.379615,-10.086942,-5.934163,-6.1593857,-10.492092,0.5298805,9.196334,-6.6717653,-1.612709,-4.989951,-3.4702156,2.9176817,-0.730192,4.468114,8.338207,1.1336504,-4.22211,-2.940281,7.330289,7.020196,-5.4417458,-4.2347937,-14.079737,-3.7609696,10.848626,-5.257844
Q15637,-11.372157,12.93354,16.172136,-3.3500683,7.9484496,-2.490053,-0.60514766,-12.511426,-6.61966,-11.848648,-10.266895,-9.814778,3.010773,13.292091,9.101201,-18.367327,-5.6602592,-2.5561402,1.6433663,10.393671,9.641435,8.134101,-14.197484,8.590586,14.9056425,-0.801688,-9.2405405,-8.205308,-17.225168,9.489076,14.6675005,-5.5509477,-8.897657,-7.923767,-8.3828945,-11.957063,-7.9120793,4.4256845,9.682156,-15.369264,-8.34709,-9.901994,-17.343157,-0.63145643,14.581281,-10.39045,-1.8808689,-6.78056,-4.0954514,5.3296175,-2.064409,6.157847,11.624898,2.3809788,-6.4943714,-3.794607,10.902333,8.092864,-8.721538,-6.297535,-19.68221,-8.374654,16.13442,-6.353384
O60568,-13.032938,14.573333,18.39614,-3.1954484,8.326982,-3.0129492,-0.2431436,-14.184384,-6.9062085,-13.9258995,-11.654464,-11.121689,3.2990303,14.919247,10.079704,-20.346024,-5.7584195,-2.48439,1.819539,11.219888,10.654629,9.043396,-15.953061,9.096282,16.206099,-1.0140945,-9.774702,-9.415727,-19.066992,10.662818,16.320055,-5.7024937,-9.737623,-8.916836,-9.139754,-14.055993,-8.063869,4.9044614,10.718192,-17.656754,-9.186865,-10.526651,-18.984648,0.019969843,16.071074,-11.817178,-1.7424582,-7.751103,-4.323834,6.2296524,-2.1536715,6.955493,12.826062,2.416991,-6.7643175,-4.024587,12.6825075,9.351657,-10.293486,-6.9107265,-21.878193,-9.140792,17.881767,-7.326027
P16152,-13.725433,16.816698,19.986448,-4.118585,10.002459,-3.3064153,-0.9802088,-15.662246,-8.42617,-15.033551,-13.344553,-12.800796,3.71624,17.251041,11.158318,-23.437897,-7.5338087,-3.7540436,1.8157601,13.425476,12.540511,10.7925005,-18.085798,11.424426,18.950117,-1.0729722,-12.09959,-10.119892,-22.103252,12.032975,18.562729,-7.77554,-11.780684,-9.845368,-10.98903,-15.226205,-9.371008,5.7672253,12.2827215,-19.942122,-10.52292,-12.8867655,-22.186216,-1.2927731,18.666704,-13.341992,-2.2589211,-8.362758,-5.3350544,6.796226,-2.6146364,7.9629455,14.673392,2.8691537,-8.1768465,-4.785907,13.520251,9.82217,-10.909512,-7.8299665,-24.913471,-10.892984,20.376366,-7.7777314
P02511,-14.417671,17.787779,21.166296,-4.7819686,11.3100395,-3.2006967,-1.2506179,-16.283983,-9.388751,-15.62243,-14.021867,-13.615364,4.0106144,18.329882,11.93998,-25.301523,-8.129493,-4.1855736,2.0917625,14.217987,13.079959,11.267717,-19.453047,12.397637,20.24211,-1.1106365,-13.029907,-10.439258,-23.433266,12.605888,19.77081,-8.38316,-12.51983,-10.329429,-11.775877,-15.50212,-10.639532,6.2201476,13.195171,-20.799992,-11.2133255,-13.895042,-23.942917,-1.7417943,20.189857,-14.133333,-2.5428681,-8.706829,-5.639422,7.032055,-2.9653387,8.236039,15.677943,3.3947902,-8.801076,-5.10591,14.075752,10.277017,-11.271827,-8.443959,-26.72576,-11.824055,21.851107,-7.8433847
P29350,-12.844096,14.900267,18.68612,-3.9719386,9.092873,-2.9270763,-0.79060036,-14.230462,-7.706299,-13.644603,-12.08559,-11.372686,3.5703113,15.26009,10.430323,-21.261292,-6.244198,-3.1460505,1.9898118,12.137259,11.200029,9.326466,-16.208778,9.69289,17.096478,-1.0614831,-10.621355,-9.210356,-20.147459,10.793465,16.667849,-6.4496946,-10.118161,-9.196154,-9.460981,-13.795887,-9.200049,5.14716,11.406448,-17.820608,-9.619229,-11.46958,-19.771322,-0.8576245,16.769808,-11.964822,-2.1807103,-7.6911373,-4.9901958,5.9084907,-2.214233,7.2147465,13.4578495,2.574523,-7.3551025,-4.4388022,12.227886,9.416889,-9.709833,-7.1302295,-22.873228,-9.311713,18.492361,-7.2605762
P43593,-14.91462,17.224737,21.621109,-4.3208523,10.332079,-3.3976,-0.72131616,-16.398386,-8.686735,-16.03455,-13.921226,-13.185411,4.0589247,17.58464,11.948354,-24.501877,-6.874158,-3.4201767,2.306442,13.663209,12.733482,10.654335,-18.761423,10.91832,19.469595,-1.2379762,-11.870187,-10.719582,-22.92702,12.37442,19.101515,-7.1669955,-11.551279,-10.605173,-10.841874,-16.134085,-10.276062,5.8914213,13.122336,-20.646374,-11.000153,-12.937003,-22.6201,-0.5979195,19.2348,-13.804426,-2.2670627,-8.892606,-5.5164604,6.9164567,-2.5168273,8.3141365,15.374228,2.8744504,-8.145501,-4.984021,14.340975,10.941765,-11.496175,-8.17812,-26.26692,-10.669282,21.276735,-8.403792
O94444,-9.202623,9.509603,12.951744,-2.9101431,5.8696847,-2.055627,-0.43504024,-9.83266,-5.031067,-8.907455,-8.044361,-7.1788063,2.60438,9.746467,7.428492,-13.847444,-3.9719753,-1.8224691,1.4168972,8.390253,7.512844,6.066129,-10.412301,5.9456515,11.514301,-0.88126403,-7.1219115,-6.391501,-13.771403,7.40144,11.292744,-3.7341964,-6.218449,-6.3553505,-5.825065,-9.254026,-6.9544473,3.3751411,7.5627856,-11.582595,-6.5402446,-7.552646,-12.9706,-0.32867298,10.7984085,-7.963162,-1.8715283,-5.407234,-3.6708276,3.8468907,-1.4104196,4.8375535,9.207461,1.8165878,-5.2604103,-3.234971,8.198436,6.804735,-6.367107,-4.8999214,-15.411597,-5.6571784,12.401179,-5.367407
P0ABC7,-11.590556,9.109036,15.803621,-2.6616442,4.782662,-2.4946742,0.5502099,-11.16521,-4.455493,-10.554407,-8.620606,-6.817625,3.0939317,8.939091,8.661836,-13.762835,-1.7307025,-0.4184341,2.2786257,8.378979,7.5192876,5.0300255,-9.971657,3.3561916,11.256268,-1.2297987,-5.5675526,-7.579484,-14.495142,7.8108735,11.144352,-1.4071884,-4.611404,-7.7125626,-4.2023673,-11.454252,-7.851531,3.0123053,8.4222355,-12.208211,-7.0165434,-6.3950934,-11.603821,1.9375278,10.084329,-8.068163,-1.8548117,-6.482192,-3.9961734,3.8984618,-0.72864884,5.387822,9.944221,1.0330681,-4.7657804,-3.5004535,9.540792,9.234985,-7.177722,-4.918193,-16.535133,-3.70099,12.589573,-7.116518
P25911,-11.583543,13.236994,16.967186,-3.6944315,8.285098,-2.5303235,-0.69166964,-12.682233,-7.025917,-12.248414,-10.796449,-10.14711,3.299565,13.5713625,9.414112,-19.193712,-5.3097987,-2.713004,2.0136595,10.770838,9.928839,8.1171,-14.546612,8.433822,15.315396,-0.92914623,-9.302836,-8.221318,-18.031263,9.503784,14.793149,-5.5763407,-8.874763,-8.409389,-8.3316765,-12.265423,-8.549322,4.5821176,10.455746,-15.850629,-8.644324,-10.219133,-17.598763,-0.67730933,15.080608,-10.600638,-1.9353561,-6.8844113,-4.4859076,5.1097803,-1.8833792,6.4688535,12.092082,2.276603,-6.486484,-3.9776444,10.905017,8.618382,-8.59247,-6.4128246,-20.649391,-8.14048,16.616581,-6.4981213
P13299,-12.739773,16.20579,18.7914,-3.93558,9.586615,-3.199559,-1.0431335,-14.79948,-8.060758,-14.287988,-12.847667,-12.376197,3.5565584,16.635504,10.437357,-22.508436,-7.2839804,-3.7628796,1.6558317,12.871536,12.067389,10.545587,-17.31428,11.072552,18.196466,-1.052937,-11.658856,-9.542433,-21.123913,11.368713,17.644043,-7.7168884,-11.41943,-9.398327,-10.670233,-14.416691,-8.76934,5.5848475,11.797518,-19.136808,-9.998756,-12.480234,-21.26663,-1.4345613,17.875946,-12.722153,-2.0662932,-7.840353,-5.155768,6.3952646,-2.4362998,7.6969733,13.903911,2.681514,-7.71949,-4.5619917,12.726818,9.1631,-10.346025,-7.472184,-23.739946,-10.435647,19.496025,-7.3257685
P04818,-17.067003,22.175581,25.321596,-5.427236,14.015756,-3.7845845,-1.498578,-19.569256,-11.443537,-19.40847,-17.036385,-17.096577,4.6434574,22.907938,14.055862,-31.284355,-9.993367,-5.195883,2.4694028,16.744152,15.777434,13.902983,-24.361086,15.597672,24.515812,-1.1472828,-15.644787,-12.646345,-27.96038,15.118952,24.033068,-10.606304,-15.797586,-12.380741,-14.962217,-18.841244,-11.975529,7.6352615,16.078537,-25.69223,-13.475245,-16.929073,-29.522274,-2.1272721,25.051554,-17.303009,-2.494914,-10.374015,-6.293549,8.757761,-3.6854563,9.994417,18.737938,4.150069,-10.210708,-5.828759,17.373894,12.013216,-14.182039,-10.237291,-32.348125,-15.120688,26.71034,-9.065144
Q96EZ8,-13.276691,14.546708,19.175766,-3.9196322,8.9920635,-2.8034196,-0.5335449,-14.23884,-7.6282063,-13.85485,-11.87839,-11.130795,3.6235514,14.864246,10.601661,-21.113306,-5.5571136,-2.6874523,2.3311572,11.705566,10.840184,8.697647,-16.088997,8.975474,16.728586,-1.009516,-9.94908,-9.316021,-19.81545,10.610973,16.379585,-5.709035,-9.5806875,-9.368089,-8.988959,-13.914344,-9.420002,4.9604607,11.526996,-17.568975,-9.581308,-10.969184,-19.260199,-0.28768882,16.573235,-11.759719,-2.0760474,-7.804259,-4.795346,5.8036504,-2.0806742,7.1098967,13.4243555,2.4748445,-7.0623097,-4.339307,12.420658,9.855053,-9.773471,-7.069023,-22.870375,-8.8882675,18.329372,-7.3710756
P08318,-14.9655485,15.120252,21.007853,-3.3630836,8.638069,-3.1393034,0.23098154,-15.425921,-7.250309,-15.625247,-12.400029,-11.58763,3.7840378,15.269604,11.2678385,-21.82698,-4.555749,-1.7485995,2.6766958,11.409171,10.9503145,8.609973,-16.836578,8.075393,16.925295,-1.0912302,-9.078137,-10.507026,-20.097765,11.101848,16.901812,-4.6127396,-9.326119,-10.247001,-8.839339,-15.721246,-9.259931,4.9235377,12.100082,-18.710339,-9.9280405,-10.435995,-19.329885,1.3334999,16.810299,-12.276887,-1.6083503,-8.625402,-4.481813,6.3875012,-1.8861338,7.5810084,13.8505125,2.1618905,-6.575342,-4.2930236,14.079131,11.198268,-11.288631,-7.361542,-23.795336,-8.624376,19.113298,-8.430165
O75031,-17.658735,19.381752,24.655842,-4.0730224,10.765701,-4.1498375,-0.2549675,-19.15901,-9.045465,-18.732338,-15.594925,-14.731364,4.3428197,19.774796,13.622338,-26.86324,-7.607284,-3.2602735,2.2982259,14.961105,14.288473,11.953835,-21.119377,12.008286,21.335028,-1.4021909,-12.982981,-12.728858,-25.50788,14.446504,21.921976,-7.371397,-12.880014,-11.724934,-12.050742,-19.125246,-10.533165,6.463035,14.090809,-23.665455,-12.233234,-13.880219,-25.21358,0.22047836,21.230612,-15.915969,-2.3594303,-10.472357,-5.7730885,8.522125,-2.940451,9.308177,17.1864,3.2299728,-9.087298,-5.4227643,17.07479,12.675816,-13.869646,-9.119038,-29.11554,-12.169086,23.712675,-9.945383
Q96AP0,-10.743627,9.880809,15.140259,-3.02432,5.8375783,-2.272605,-0.039122403,-10.904549,-5.212818,-10.258786,-8.788466,-7.4870157,2.9922318,9.964068,8.4112015,-14.808448,-2.9600554,-1.3146363,2.098216,8.772196,7.9045563,5.7245398,-10.923699,5.0153437,11.996392,-1.0208007,-6.6453667,-7.202256,-14.896624,7.867815,11.734043,-2.8561897,-5.809919,-7.4159403,-5.3784795,-10.750332,-7.8034263,3.3678162,8.614043,-12.55963,-7.1554193,-7.4487934,-13.034317,0.67322993,11.267002,-8.4163885,-1.8731796,-6.1462936,-3.9999118,3.9578052,-1.0913045,5.3666577,10.096354,1.5177135,-5.2010365,-3.4656093,9.22138,8.365831,-6.9875636,-5.1214466,-16.959452,-5.077142,13.177506,-6.3407063
Q8N960,-8.762843,7.1749797,11.957684,-1.9826511,3.9065552,-1.8482251,0.41155007,-8.5352745,-3.5200226,-8.181866,-6.5219045,-5.4094505,2.3496313,7.1528163,6.475907,-10.7948265,-1.5314223,-0.29693785,1.7575804,6.19965,5.7480984,3.9734776,-8.006029,2.9034224,8.756829,-0.79105663,-4.281471,-5.8568974,-10.91978,5.8813624,8.634025,-1.2912774,-3.8370159,-5.936758,-3.5822613,-8.650585,-5.79536,2.3628051,6.520783,-9.46345,-5.329888,-5.0107155,-9.184658,1.3905436,8.034371,-6.17639,-1.2461239,-4.926501,-2.848882,3.0339108,-0.59711057,4.13688,7.515756,0.8523967,-3.5850859,-2.5758023,7.4159074,6.900772,-5.6799693,-3.872364,-12.63306,-3.186826,9.826876,-5.2846828
P41797,-11.689074,12.247821,16.884457,-3.6181808,7.6409674,-2.4481235,-0.43083945,-12.31911,-6.5288954,-11.828145,-10.303796,-9.363928,3.3182113,12.438611,9.370489,-18.129076,-4.3446913,-2.1576881,2.1962726,10.285936,9.323242,7.328849,-13.51106,7.120522,14.51802,-1.0259277,-8.393175,-8.088136,-17.259035,9.078812,13.931461,-4.5089936,-7.7671294,-8.380156,-7.306394,-12.00257,-8.77708,4.21879,10.144701,-14.89239,-8.360256,-9.381491,-16.252958,-0.017856853,13.964019,-9.971905,-1.9646561,-6.804393,-4.427902,4.7237306,-1.5956551,6.224824,11.679513,2.030667,-6.0918217,-3.9172375,10.598438,8.871591,-8.234178,-6.1408634,-19.8953,-7.0066085,15.829699,-6.7072
P00330,-11.442354,13.729005,16.751842,-3.6205761,8.628612,-2.4992957,-0.7997152,-12.791099,-7.1947417,-12.385549,-10.837593,-10.5069685,3.1728957,14.127634,9.301672,-19.62373,-5.930745,-2.9219415,1.8321916,10.843979,10.1084,8.549062,-15.072993,9.207342,15.697533,-0.77884024,-9.698949,-8.317904,-18.05114,9.6741495,15.162295,-6.1732926,-9.528372,-8.331172,-8.981223,-12.287408,-8.236059,4.71487,10.439025,-16.180378,-8.725965,-10.577438,-18.28477,-0.9667526,15.582267,-10.802635,-1.8227142,-6.8764105,-4.2960277,5.3792753,-2.1011415,6.497522,12.13135,2.420597,-6.626576,-3.9127252,11.1434765,8.262728,-8.914027,-6.5577645,-20.749628,-8.880841,16.955763,-6.3210588
O43639,-14.852272,19.223606,21.89433,-4.5382714,11.544199,-3.5409958,-1.2426455,-17.273085,-9.513194,-16.827597,-14.865347,-14.664978,3.981685,19.673328,12.138567,-26.718487,-8.666598,-4.3871202,1.9443566,14.925642,13.9969,12.424267,-20.591085,13.211821,21.548307,-1.0387663,-13.553156,-11.278125,-24.304138,13.284688,20.640404,-9.235755,-13.651827,-11.03142,-12.851877,-16.82415,-10.16774,6.490921,13.844923,-22.342127,-11.798544,-14.690242,-25.194916,-1.591773,21.166555,-14.805989,-2.184306,-9.12366,-5.678869,7.597346,-2.9704063,8.935296,16.183487,3.194662,-8.899643,-5.175756,15.208888,10.4389515,-12.462589,-8.828661,-27.767365,-12.65483,23.028349,-8.473961
P08638,-19.0283,24.903826,28.32267,-6.4427776,16.257715,-4.087548,-1.9508051,-21.82226,-13.295871,-21.433989,-19.122929,-19.236542,5.2348876,25.89183,15.947776,-35.338615,-11.741607,-6.2508984,2.7492974,19.0036,17.744593,15.562848,-27.616669,18.159096,27.552721,-1.2950057,-18.16236,-13.867877,-31.769407,17.103926,27.39566,-12.26002,-17.967058,-13.525861,-16.988842,-20.636337,-13.86523,8.7307005,17.972874,-28.749039,-15.162518,-19.342848,-33.723232,-3.0538225,28.592691,-19.69827,-3.1308143,-11.551341,-7.1911645,9.863738,-4.4461007,10.994515,21.28562,5.125932,-11.916359,-6.624626,19.17718,13.3063135,-15.51801,-11.545257,-36.60967,-17.51585,30.096817,-9.712653
Q59NQ5,-13.60339,16.85602,19.888166,-4.606657,10.768579,-3.0322714,-1.1647295,-15.277729,-8.68588,-14.659298,-13.252145,-12.888194,3.863375,17.18318,11.225643,-24.101702,-7.494447,-3.8162386,1.8888773,13.528359,12.228898,10.9757395,-18.216108,11.392201,19.54521,-1.2083637,-12.187236,-10.008155,-21.855629,11.783406,18.46691,-7.8442116,-11.653568,-10.051508,-11.131572,-14.564106,-10.477754,5.9207597,12.582625,-19.385427,-10.669148,-13.184981,-22.591087,-1.3447294,18.752436,-13.121555,-2.3366017,-8.184222,-5.3586535,6.5018063,-2.7404366,7.908827,14.677227,3.101331,-8.105413,-4.942183,13.387089,9.648528,-10.898037,-8.206037,-25.226854,-10.783981,20.965675,-7.7425227
Q16543,-10.9315,9.115363,15.106189,-2.7487862,4.997849,-2.391686,0.29225045,-10.767923,-4.637598,-10.107713,-8.493122,-6.8528,3.0038025,9.065511,8.335847,-13.686352,-2.213507,-0.7995756,2.1191316,8.363549,7.5182586,5.161323,-9.994257,3.9349089,11.177252,-1.1513709,-5.9267483,-7.171538,-14.393742,7.6493816,11.096137,-1.9540237,-4.937241,-7.341843,-4.488015,-10.876662,-7.614635,3.0929601,8.23737,-12.0474205,-6.8552585,-6.6369205,-11.802271,1.3018486,10.242541,-8.019827,-1.8944011,-6.1832094,-3.984504,3.8122518,-0.8523493,5.240077,9.774818,1.1831938,-4.8831806,-3.440338,9.053193,8.681444,-6.7896805,-4.834248,-16.25075,-4.080472,12.406659,-6.603028
P03952,-13.16832,17.133947,19.775583,-4.692007,11.169463,-2.8619273,-1.4243093,-15.177366,-9.183853,-14.707035,-13.318962,-13.201885,3.7690785,17.738447,11.107578,-24.551332,-7.8486423,-4.2560387,2.0771823,13.479645,12.452068,10.851215,-18.825504,12.137631,19.487997,-0.9245615,-12.451622,-9.723772,-22.132433,11.716805,18.693867,-8.41306,-12.220535,-9.837394,-11.584665,-14.298506,-10.07131,5.962658,12.772444,-19.73866,-10.667328,-13.547372,-23.090542,-2.0119286,19.565676,-13.346298,-2.2171364,-8.0105095,-5.2750907,6.4709415,-2.7685325,7.844053,14.761492,3.31528,-8.236065,-4.7228827,13.179193,9.371876,-10.608397,-8.054591,-25.459946,-11.586241,20.943975,-7.134057
P50552,-18.705809,24.005386,27.563147,-5.603401,14.656936,-4.259176,-1.4678217,-21.48745,-12.0106,-21.245665,-18.518026,-18.448719,4.9242635,24.719023,15.28201,-33.621872,-10.550262,-5.448128,2.6142175,18.192719,17.2068,15.106247,-26.183617,16.516716,26.471222,-1.2650974,-16.679054,-14.002492,-30.21341,16.537775,25.987562,-11.216777,-16.965057,-13.515063,-16.041798,-20.872385,-12.593216,8.106703,17.26702,-27.961576,-14.631036,-18.144693,-31.673147,-1.8770758,26.782724,-18.765078,-2.5717876,-11.375217,-6.790882,9.597148,-3.8221004,10.9383745,20.2053,4.3342338,-10.946107,-6.241139,19.141935,13.149087,-15.674319,-10.976729,-34.852383,-16.191923,28.786287,-10.235778
P09237,-11.43153,12.747973,16.47781,-3.5091624,7.6929364,-2.611801,-0.59757704,-12.504187,-6.5299697,-11.836765,-10.511715,-9.695557,3.1982753,12.991609,9.226526,-18.320337,-5.1198955,-2.5239007,1.7992178,10.648938,9.724718,8.04134,-13.807896,7.9474673,14.920137,-1.0191638,-9.047062,-8.174803,-17.5368,9.394896,14.387955,-5.245088,-8.44734,-8.215305,-7.9234977,-12.110858,-8.314857,4.3958464,9.95497,-15.328661,-8.420662,-9.847388,-16.90078,-0.44452015,14.246157,-10.285912,-1.9768846,-6.797071,-4.4763193,5.0251594,-1.78155,6.3489227,11.716976,2.1476302,-6.381799,-3.9565222,10.698241,8.452499,-8.469807,-6.2389693,-19.889738,-7.6425834,16.079178,-6.6772814
Q00987,-11.570075,12.738435,16.805199,-3.7046788,8.018144,-2.4707303,-0.6142748,-12.459979,-6.790014,-11.913168,-10.516656,-9.738282,3.2944014,12.999895,9.378874,-18.650467,-4.951895,-2.4941225,2.0441098,10.593683,9.62758,7.8017225,-14.000542,7.8747005,14.988044,-0.98579586,-8.958072,-8.124825,-17.626125,9.306937,14.388745,-5.133884,-8.363351,-8.347234,-7.8729897,-12.020055,-8.732474,4.417609,10.240436,-15.286529,-8.508124,-9.872215,-17.000956,-0.4396134,14.505387,-10.272734,-2.0004203,-6.8121543,-4.474731,4.913934,-1.7872161,6.31947,11.872919,2.2085178,-6.3589926,-3.9723713,10.698946,8.641286,-8.381498,-6.305655,-20.230413,-7.628441,16.245491,-6.5812216
O14036,-12.474707,10.919044,16.868002,-2.4475095,5.5830936,-2.7958064,0.5876375,-12.453521,-4.940177,-12.095502,-9.566635,-8.215883,3.0994248,10.890859,9.159089,-15.699089,-2.823794,-0.715758,2.081617,8.968494,8.474006,6.260868,-11.98213,4.978674,12.621248,-1.1234381,-6.578268,-8.532373,-15.740433,8.85332,12.9123745,-2.415863,-6.198671,-8.14256,-5.755463,-12.801999,-7.43889,3.5408206,9.018922,-14.20788,-7.6463943,-7.383134,-13.834531,1.8469734,11.875765,-9.369064,-1.6102079,-7.1058035,-3.8386667,4.935663,-1.174592,5.943887,10.793675,1.3799871,-5.221556,-3.568931,11.043388,9.516229,-8.69359,-5.55708,-18.103462,-5.4493465,14.270826,-7.428522
Q9NQ66,-16.881435,22.214231,25.02742,-5.5618324,14.044676,-3.7699258,-1.7141697,-19.626831,-11.489683,-19.051771,-16.994425,-17.028883,4.540432,22.948486,14.076302,-31.203465,-10.482002,-5.458683,2.2914734,17.169943,16.008114,14.18519,-24.229197,15.973073,24.835882,-1.0946913,-16.080545,-12.635302,-28.098734,15.309324,24.170202,-11.016576,-16.047596,-12.288903,-15.158504,-18.674116,-12.06399,7.6156163,15.900174,-25.563116,-13.595634,-17.258198,-29.74885,-2.4903233,25.03404,-17.29255,-2.6853883,-10.331811,-6.4400067,8.774191,-3.7671094,9.9780445,18.782957,4.2556033,-10.571361,-5.9017105,17.2636,11.698134,-14.055956,-10.244754,-32.248234,-15.369942,26.707901,-9.114102
P08168,-13.437487,14.953903,19.109364,-4.031364,9.353387,-2.83359,-0.6918358,-14.55968,-7.8028665,-13.801051,-11.975213,-11.358423,3.5568995,15.330915,10.799059,-21.452908,-6.4125953,-2.9574084,2.0310051,12.146731,11.1330385,9.253801,-16.496834,9.822035,17.296516,-0.9969231,-10.710671,-9.510187,-20.172115,11.083832,17.089228,-6.2568774,-10.154495,-9.236231,-9.556574,-13.922528,-9.58103,5.1452017,11.354189,-17.799234,-9.787326,-11.461229,-20.155148,-0.6626364,16.98898,-12.13455,-2.302874,-7.939444,-4.8312674,6.1707335,-2.4424527,7.105745,13.687521,2.8369431,-7.5978737,-4.4731245,12.687032,9.621771,-10.057745,-7.334655,-23.137516,-9.629973,18.80992,-7.4044046
P60520,-14.637732,18.3664,21.545134,-4.656131,11.669836,-3.1767225,-1.1872964,-16.56889,-9.581054,-16.246664,-14.232382,-14.12911,3.9861166,18.985336,12.008949,-26.087982,-8.20099,-4.172523,2.2051747,14.0922785,13.215162,11.4513445,-20.267008,12.77412,20.553488,-0.9759453,-13.014768,-10.723957,-23.545506,12.724703,20.164906,-8.568764,-12.9764805,-10.525263,-12.285528,-15.854486,-10.391696,6.327805,13.521399,-21.398872,-11.361239,-14.088602,-24.578085,-1.6191753,20.870049,-14.44927,-2.2369084,-8.835258,-5.379341,7.2749553,-3.0232716,8.378014,15.819153,3.4831777,-8.67362,-4.967186,14.619661,10.364767,-11.83197,-8.613971,-27.204218,-12.414791,22.379225,-7.816075
P04053,-17.540995,22.938137,26.151077,-5.8108373,14.6869,-3.9003882,-1.7344204,-20.216772,-12.1180725,-19.879406,-17.721182,-17.71075,4.8404,23.845108,14.645624,-32.397846,-10.69324,-5.7080297,2.5326397,17.528849,16.477802,14.3552065,-25.328962,16.576221,25.292925,-1.208114,-16.63911,-12.841434,-29.375607,15.769579,25.170801,-11.236383,-16.514196,-12.540807,-15.555797,-19.25645,-12.508679,8.0067005,16.575901,-26.66806,-13.939723,-17.747894,-30.853037,-2.7220097,26.222065,-18.152946,-2.8328311,-10.690137,-6.70383,9.080222,-3.9545567,10.246002,19.586086,4.5517473,-10.918552,-6.0987115,17.67993,12.371588,-14.303093,-10.548656,-33.663887,-15.958841,27.600483,-9.083496
P62913,-12.714884,14.823263,18.556822,-3.8119462,9.055559,-2.8469265,-0.6750351,-14.013824,-7.599609,-13.732154,-11.918691,-11.361227,3.5284557,15.154561,10.211026,-21.205421,-5.937158,-2.94821,2.0731547,11.715794,10.933644,9.142971,-16.195032,9.443747,16.864943,-0.99139327,-10.193753,-9.166722,-19.66586,10.51068,16.333263,-6.264121,-9.992517,-9.219468,-9.402244,-13.728442,-8.952484,5.0753894,11.432657,-17.689394,-9.474338,-11.208985,-19.487513,-0.61038595,16.654842,-11.7482605,-1.9215806,-7.591144,-4.73443,5.8296003,-2.12837,7.166223,13.205731,2.437412,-6.9791007,-4.283155,12.248922,9.356431,-9.803011,-7.073466,-22.623434,-9.176572,18.358383,-7.148034
P68400,-12.217015,13.993414,17.807718,-3.9004667,8.775937,-2.6568432,-0.75331736,-13.382526,-7.380999,-12.85177,-11.358982,-10.70757,3.4387653,14.331419,9.943694,-20.25216,-5.7152658,-2.8949234,2.0395336,11.414766,10.463937,8.661367,-15.35115,8.986958,16.227322,-0.9943705,-9.901958,-8.699014,-18.968266,10.088312,15.676091,-5.9381614,-9.409172,-8.812631,-8.85933,-12.887709,-9.048587,4.8435526,10.933472,-16.661762,-9.136357,-10.827052,-18.672506,-0.7318029,15.883451,-11.208405,-2.0664675,-7.257385,-4.7049823,5.447392,-2.0570538,6.790521,12.740863,2.477643,-6.897172,-4.20342,11.54709,8.995218,-9.134274,-6.803607,-21.742302,-8.687562,17.579813,-6.8721843
P0A6F1,-10.667481,9.486155,14.585842,-2.26119,5.1186385,-2.2981207,0.43244988,-10.6468115,-4.470356,-10.417197,-8.229836,-7.1815257,2.7338555,9.506964,7.874832,-13.854779,-2.4344454,-0.64743334,1.9410464,7.6899505,7.2820354,5.37108,-10.533297,4.3849087,11.065578,-0.8937302,-5.6622605,-7.3074436,-13.560226,7.488941,11.101687,-2.190172,-5.4299936,-7.1523094,-5.0968294,-10.851696,-6.627712,3.0905316,8.014586,-12.217843,-6.6391263,-6.5063844,-12.091537,1.4821483,10.485495,-8.002829,-1.3398849,-6.0674043,-3.2871318,4.121467,-0.9866886,5.145669,9.330063,1.2186499,-4.4642177,-3.065722,9.468765,8.177802,-7.4397173,-4.8757544,-15.777611,-4.7743416,12.482031,-6.292256
P0A7R5,-16.90653,18.469458,23.843687,-4.025117,10.3827,-3.894141,-0.25153726,-18.26452,-8.784528,-17.98626,-14.955027,-14.080096,4.2436414,18.830149,13.08345,-25.874344,-6.9418526,-3.0672448,2.4567459,14.283277,13.634557,11.199874,-20.195908,11.203982,20.424694,-1.3124466,-12.188655,-12.126584,-24.45723,13.650418,20.76292,-6.9059153,-12.1511755,-11.432459,-11.365282,-18.288544,-10.322447,6.1343145,13.787303,-22.599335,-11.761736,-13.251068,-23.944754,0.28508672,20.372372,-15.095289,-2.2116356,-9.996303,-5.5888777,7.9326563,-2.6527042,8.960765,16.497553,2.9747581,-8.559762,-5.182708,16.257742,12.314473,-13.117233,-8.691833,-28.050243,-11.39456,22.692482,-9.526377
P0A964,-10.403565,8.929784,14.5149555,-2.7415948,5.1493826,-2.1693358,0.20957513,-10.257399,-4.644159,-9.75207,-8.143258,-6.7565436,2.8933077,8.902539,7.9678907,-13.55869,-2.1705055,-0.81645155,2.133325,7.980241,7.1824775,5.0097413,-9.890218,3.9485977,10.97109,-1.0232698,-5.6911716,-6.877894,-13.739426,7.2393694,10.667157,-2.0420876,-4.909683,-7.1596756,-4.54564,-10.296475,-7.4550424,3.0175712,8.123635,-11.577785,-6.650244,-6.5378084,-11.604722,1.1778547,10.126052,-7.6657333,-1.7104137,-5.8738246,-3.7254791,3.599318,-0.84024686,5.0467954,9.392716,1.1917285,-4.6150975,-3.2592711,8.745438,8.236438,-6.598465,-4.749573,-15.78004,-4.1200447,12.162212,-6.224425
P59240,-6.4495087,4.8312426,8.991493,-1.7987536,2.9229271,-1.2536889,0.25021785,-6.0919604,-2.7391675,-5.713087,-4.692698,-3.6618319,1.9347073,4.8240285,4.8683133,-7.804765,-0.7261144,-0.11082781,1.611531,4.581302,4.106703,2.5108857,-5.5266795,1.6228726,6.384628,-0.60688245,-2.931473,-4.128601,-8.101231,4.0394864,5.9924974,-0.6235501,-2.3501372,-4.588316,-2.1853328,-6.0404606,-4.9296703,1.6541595,5.0567145,-6.5317225,-3.9278529,-3.6044471,-6.315262,1.0008053,5.713509,-4.217026,-1.0998586,-3.5685434,-2.3459878,1.7898113,-0.22575216,3.0292013,5.5727897,0.5344544,-2.6395187,-2.0096955,5.060415,5.338126,-3.663906,-2.8182478,-9.368432,-1.7375875,7.0782123,-3.9259033
Q9Y6I3,-14.557083,15.843015,21.076185,-4.0985293,9.730359,-3.0150454,-0.45582247,-15.522404,-8.283782,-15.381699,-12.932446,-12.199595,3.9044945,16.262789,11.547485,-23.057388,-5.7222886,-2.8077316,2.7021644,12.405114,11.690624,9.17991,-17.742075,9.615051,17.880508,-1.0329627,-10.490605,-10.170187,-21.450083,11.474769,17.824965,-5.9527364,-10.354012,-10.156253,-9.72285,-15.276532,-9.941724,5.3346515,12.596869,-19.286066,-10.351584,-11.721588,-20.881584,-0.09861636,18.178764,-12.901791,-2.0461686,-8.515474,-5.0162597,6.3642707,-2.1965532,7.6958156,14.554768,2.7198942,-7.455704,-4.536898,13.682659,10.875912,-10.768852,-7.5903764,-24.929115,-9.776268,19.868176,-7.9143987
P0A7V8,-11.374578,10.666442,15.920948,-2.8965287,6.1532054,-2.4253156,0.08921368,-11.580676,-5.4207287,-11.157412,-9.256606,-8.109109,3.0511103,10.792504,8.739789,-15.717263,-3.2146876,-1.296592,2.1287634,8.946823,8.289102,6.1183553,-11.859347,5.5175824,12.532962,-0.98810506,-6.913373,-7.716818,-15.501089,8.338082,12.514026,-3.0701602,-6.3793745,-7.72558,-5.9344606,-11.550887,-7.6852784,3.5846786,8.99838,-13.542419,-7.461281,-7.7516246,-13.924536,0.84961706,12.078256,-9.021091,-1.7328132,-6.5231404,-3.913127,4.4351287,-1.2426056,5.6487546,10.551373,1.6084282,-5.3197656,-3.4987586,10.027653,8.74414,-7.746136,-5.4119825,-17.801453,-5.712552,13.958975,-6.5725627
P03375,-14.383146,16.071075,20.688116,-4.068292,9.416501,-3.342147,-0.5702247,-15.686247,-8.008104,-15.179176,-13.210978,-12.250309,3.908879,16.335276,11.456948,-22.852877,-6.2377806,-3.0539432,2.2005367,13.049672,12.086262,9.985433,-17.3851,9.874354,18.340256,-1.2793589,-11.086991,-10.277876,-21.804035,11.790486,17.98193,-6.431551,-10.590309,-10.167077,-9.894453,-15.50601,-9.869477,5.487245,12.369592,-19.462635,-10.435641,-12.057138,-21.02372,-0.29537213,17.819647,-13.000331,-2.2634304,-8.54874,-5.391807,6.502146,-2.253206,7.935624,14.593542,2.5808659,-7.737439,-4.8185444,13.607021,10.643489,-10.851069,-7.694859,-24.806864,-9.634365,19.992872,-8.29581
O34002,-8.384167,8.497729,12.287312,-3.0239697,5.8646812,-1.5473356,-0.4299554,-8.640461,-5.003345,-8.1759405,-7.2536283,-6.541429,2.5716755,8.698975,6.857963,-13.184314,-2.9260674,-1.5140754,1.9003693,7.3858485,6.5455604,4.9348702,-9.637301,4.899951,10.55292,-0.7003333,-5.95072,-5.6359773,-12.424743,6.2493877,9.827086,-3.0789864,-5.3050137,-6.208956,-5.0534496,-8.125142,-7.0933976,3.0113904,7.588557,-10.262851,-6.058914,-6.8190937,-11.603061,-0.16397853,10.113428,-6.906239,-1.5772203,-4.8082957,-3.3240235,3.002795,-1.0571687,4.4040704,8.467551,1.5459691,-4.4438424,-2.9019775,7.294353,6.508438,-5.497295,-4.4999576,-14.493426,-4.759825,11.448925,-4.722195
P10443,-15.84208,18.263367,22.990164,-4.645192,11.137731,-3.4923432,-0.81920004,-17.386715,-9.379012,-16.984829,-14.707275,-14.006959,4.26245,18.743803,12.760146,-26.095575,-7.372936,-3.7108994,2.5314898,14.434425,13.479085,11.135597,-20.101274,11.76796,20.566008,-1.2287102,-12.649384,-11.305089,-24.3566,13.157901,20.412962,-7.624967,-12.329194,-11.114596,-11.568629,-16.96974,-10.928403,6.2350655,13.898301,-21.886606,-11.6783285,-13.7653885,-24.180138,-0.7780606,20.64498,-14.748543,-2.4285166,-9.41871,-5.7737384,7.3697934,-2.7496595,8.699993,16.369072,3.2435458,-8.739425,-5.2112617,15.210834,11.577068,-12.1264925,-8.646486,-27.955275,-11.615727,22.566317,-8.720856
P61964,-11.180098,11.465878,15.9626465,-3.162728,6.9859934,-2.3597875,-0.22323754,-11.699162,-6.0010233,-11.351533,-9.618179,-8.776077,3.0870075,11.703087,8.786149,-16.83448,-3.9838312,-1.819856,2.0695963,9.361898,8.684905,6.7331614,-12.773491,6.6150336,13.339311,-0.9128659,-7.6829505,-7.711256,-16.084814,8.555163,13.150415,-4.004064,-7.259579,-7.801974,-6.813166,-11.482487,-7.870782,3.9218903,9.405088,-14.135948,-7.7381,-8.555382,-15.146942,0.20102334,13.101287,-9.444532,-1.7370874,-6.4937844,-3.9784343,4.5998325,-1.5022583,5.8099675,10.907078,1.8883654,-5.6260576,-3.5779376,10.150455,8.470191,-7.920295,-5.7167087,-18.55262,-6.634931,14.747238,-6.292775
O22793,-10.203008,10.303803,14.637346,-3.2817562,6.5366488,-2.1353097,-0.42979336,-10.709964,-5.774404,-9.953303,-8.819354,-7.8109,2.9311185,10.536949,8.238669,-15.264699,-4.02464,-1.9225343,1.8950564,9.062144,8.143984,6.1437364,-11.415464,6.2727556,12.40977,-0.8693493,-7.5405784,-6.8551397,-15.227552,7.9715157,12.138188,-3.9089909,-6.6463556,-7.0983605,-6.116553,-10.271694,-7.804849,3.6364467,8.62466,-12.742203,-7.213083,-8.107711,-13.934965,-0.3185467,12.023003,-8.619447,-2.0519867,-5.9505067,-4.0423684,4.076011,-1.4618391,5.276057,10.27771,1.8082101,-5.6589575,-3.5266964,8.891872,7.772105,-6.703177,-5.2399254,-17.165956,-5.9894443,13.437515,-5.718591
P04806,-11.601094,10.897523,16.38582,-2.9050417,6.280183,-2.4704504,0.15380713,-11.759756,-5.587556,-11.569078,-9.49432,-8.333056,3.1563215,11.027834,8.868473,-16.104912,-3.0772135,-1.2675384,2.295785,8.958728,8.403739,6.076693,-12.171732,5.515176,12.6309395,-0.9903987,-6.871977,-7.810613,-15.825416,8.391826,12.649216,-3.0471377,-6.460808,-7.9357114,-5.9813848,-11.887243,-7.7371845,3.6641672,9.339288,-13.946738,-7.568015,-7.7950387,-14.077966,0.9369729,12.414532,-9.190789,-1.6694118,-6.646559,-3.9542933,4.483774,-1.2039442,5.790931,10.777047,1.5263648,-5.2606745,-3.5260973,10.210238,9.05139,-7.8625207,-5.4647493,-18.248108,-5.7321525,14.18957,-6.6076145
P04807,-12.968096,13.65486,18.7594,-3.7564058,8.383339,-2.7281713,-0.3667441,-13.678919,-7.2466507,-13.409133,-11.423844,-10.493795,3.5962677,13.967953,10.298906,-20.037823,-4.7885246,-2.3662095,2.4663787,11.061624,10.290595,7.920618,-15.230911,8.042622,15.680262,-1.0401523,-9.169008,-8.917701,-19.083422,10.066005,15.529812,-4.956921,-8.739794,-9.081569,-8.158259,-13.4765215,-9.152105,4.6689215,11.164686,-16.808039,-9.126313,-10.20614,-18.01227,-0.0005014768,15.700329,-11.233692,-2.008994,-7.5582843,-4.688554,5.421157,-1.8124534,6.8250966,12.9088,2.2672853,-6.628625,-4.163313,11.848799,9.866776,-9.209055,-6.6630225,-21.996235,-8.056386,17.367756,-7.1690264
P02746,-13.072215,16.353926,19.268284,-4.28697,10.11701,-3.0289774,-1.1267631,-14.9344845,-8.359713,-14.343697,-12.917743,-12.503396,3.6626117,16.758472,10.797902,-23.171053,-7.234352,-3.7664165,1.8723423,13.106999,12.067436,10.552225,-17.644861,11.076785,18.723526,-1.0582999,-11.746618,-9.703891,-21.320772,11.456316,17.878443,-7.6710396,-11.409231,-9.693377,-10.779228,-14.335335,-9.598955,5.6377974,12.156697,-19.059025,-10.294621,-12.747633,-21.724398,-1.3789707,18.217396,-12.78486,-2.1628141,-7.9395967,-5.2118425,6.321495,-2.5009875,7.7288527,14.185972,2.8904116,-7.8515573,-4.6649065,12.955879,9.356003,-10.484675,-7.73368,-24.328651,-10.546661,20.039574,-7.479155
O88951,-9.424886,7.847059,13.571377,-2.9298403,5.145579,-1.632785,0.1330807,-8.948401,-4.5286803,-8.736573,-7.2586155,-6.0250206,2.8253915,7.7218833,7.3317375,-12.801499,-1.2191763,-0.5551679,2.498831,7.104441,6.178784,4.0427165,-8.906116,2.8855593,10.168847,-0.8814785,-4.5981603,-6.0975976,-12.225021,6.0537667,9.091736,-1.4761432,-3.9599428,-7.000753,-3.7894907,-8.955702,-7.7508774,2.6353304,8.035005,-9.981632,-6.179707,-5.8862596,-10.209429,1.2966216,9.216942,-6.4600987,-1.4696954,-5.189849,-3.4197903,2.6746123,-0.4982234,4.591562,8.54248,0.93705845,-3.8335187,-2.9729302,7.73868,7.730114,-5.6926227,-4.392527,-14.676875,-3.1366625,11.210412,-5.656078
O76054,-19.652737,24.148085,27.998901,-5.178164,14.235207,-4.54278,-1.0583594,-22.203995,-11.50687,-21.768589,-18.557842,-18.436815,4.8614197,24.787941,15.623739,-33.35876,-10.64318,-4.9698052,2.3062332,18.14869,17.242004,15.376247,-26.28603,16.395992,26.49942,-1.3856101,-16.656694,-14.704721,-30.181091,17.115723,26.577862,-10.73605,-16.91867,-13.538242,-16.05106,-21.656944,-12.33872,8.1051445,16.842537,-28.289223,-14.6922,-17.83329,-31.84243,-1.1497536,26.522842,-19.139744,-2.5903976,-11.8627205,-6.577978,10.234469,-4.027893,10.985436,20.306564,4.4331083,-11.078268,-6.2974973,20.039213,13.528854,-16.588982,-11.18849,-34.80858,-16.307697,29.045326,-10.859432
P03485,-16.997528,21.285376,24.589003,-4.810049,12.517297,-4.0783153,-1.1255802,-19.455608,-10.237579,-18.955177,-16.553621,-16.232183,4.415694,21.762205,13.689845,-29.464941,-9.381676,-4.59869,2.0577495,16.429602,15.440754,13.759449,-22.858984,14.360439,23.683195,-1.310516,-14.86777,-12.805654,-26.94008,14.976014,23.164673,-9.751777,-14.896732,-12.178538,-14.069717,-19.025015,-11.182515,7.1886315,15.124062,-24.909342,-13.054401,-16.000134,-27.908823,-1.282245,23.258873,-16.68071,-2.415395,-10.347309,-6.204348,8.703356,-3.3569145,9.894171,17.97407,3.6577644,-9.829179,-5.740301,17.275736,11.892338,-14.239162,-9.845865,-30.805626,-13.9616585,25.605377,-9.696079
P54786,-13.207532,13.119844,18.699463,-3.2000444,7.6333647,-2.763321,0.12807235,-13.560201,-6.553513,-13.61423,-10.990531,-10.068147,3.4816709,13.287201,10.05739,-19.172436,-3.9050357,-1.603157,2.51897,10.215309,9.715028,7.3872833,-14.663663,6.961995,14.881608,-1.0116857,-8.066042,-9.112063,-18.03662,9.729559,14.832354,-3.981333,-8.024157,-9.1042795,-7.541575,-13.740858,-8.545436,4.3431067,10.82403,-16.39931,-8.782741,-9.241525,-16.880621,1.0044231,14.808589,-10.774121,-1.6249236,-7.6019855,-4.220199,5.419515,-1.5725168,6.698921,12.362399,1.8855696,-5.9391217,-3.906094,12.11794,10.073692,-9.550368,-6.4466395,-21.151972,-7.3209114,16.759172,-7.4186597
O43614,-10.423485,9.4701185,14.903162,-3.2399783,5.933879,-2.0506997,-0.101478904,-10.396472,-5.214411,-9.830315,-8.507995,-7.20285,3.0390248,9.443247,8.25217,-14.669802,-2.5067308,-1.2118204,2.288349,8.590986,7.5265794,5.4027004,-10.48402,4.472251,11.899623,-1.0309745,-6.2372746,-6.9269047,-14.397986,7.3994217,11.075262,-2.6136699,-5.3521934,-7.5191097,-5.029203,-10.227473,-8.273603,3.2429168,8.734441,-11.868755,-7.0755315,-7.278167,-12.506438,0.76503336,10.878736,-7.8889036,-1.8422781,-5.895247,-3.9977028,3.5020478,-0.9278269,5.2545495,9.850022,1.3808275,-4.9071107,-3.452537,8.82144,8.252876,-6.61609,-5.0654693,-16.703413,-4.513257,12.959342,-6.253339
O58966,-10.859405,10.111928,14.88255,-2.8626974,5.6796956,-2.5258017,-0.06210673,-11.233048,-5.0885515,-10.22565,-8.920076,-7.571689,2.915002,10.272807,8.462115,-14.547381,-3.7655342,-1.5205456,1.6116171,9.073676,8.211289,6.252239,-11.019634,5.722521,12.075356,-1.1186086,-7.358534,-7.3282113,-15.269942,8.372199,12.380745,-3.2484198,-6.2438183,-7.050423,-5.7117257,-10.945267,-7.428517,3.5439517,8.124864,-12.910594,-7.1283765,-7.655515,-13.535964,0.35825303,11.330917,-8.862384,-2.1227267,-6.301848,-4.087891,4.435988,-1.4144408,5.355869,10.228413,1.7537985,-5.6916976,-3.5960662,9.350712,8.187036,-7.183615,-5.2082276,-16.862864,-5.5932126,13.256907,-6.373423
P61086,-10.068529,9.240533,13.896846,-2.4298997,5.1908293,-2.1851442,0.18345822,-10.208516,-4.5397964,-9.769186,-8.017958,-6.9889703,2.6681435,9.316131,7.622788,-13.540272,-2.734213,-0.9434676,1.8027338,7.7529016,7.203423,5.3941593,-10.221972,4.631603,10.949975,-0.8811161,-5.9136653,-6.897019,-13.38321,7.294775,10.8844795,-2.5120413,-5.4622893,-6.825975,-5.112333,-10.192397,-6.6581655,3.0858858,7.763464,-11.761367,-6.4880753,-6.645359,-12.008475,0.9675848,10.318549,-7.7984796,-1.486464,-5.7685285,-3.3761237,3.9083612,-1.0411438,4.966504,9.125795,1.3330463,-4.5973716,-3.0675247,8.887229,7.69348,-6.927868,-4.765525,-15.377744,-4.8217387,12.173557,-5.9432163
P0ADY3,-12.123535,10.7251005,16.812359,-2.8421803,5.993536,-2.5346208,0.38026154,-12.011023,-5.2772675,-11.743207,-9.467679,-8.138658,3.2027826,10.684675,9.112174,-15.966042,-2.5875702,-0.8617203,2.3713949,8.978234,8.293569,5.977828,-11.888482,4.8145704,12.708809,-1.0922688,-6.469563,-8.17367,-15.66862,8.472387,12.520114,-2.464501,-6.007769,-8.255862,-5.6170683,-12.249337,-8.056842,3.525382,9.366405,-13.782959,-7.682992,-7.5102644,-13.715188,1.5963029,11.968428,-9.055549,-1.658231,-6.859514,-3.955729,4.4820547,-1.0708829,5.8739266,10.78903,1.3749409,-5.120509,-3.5928316,10.583397,9.434864,-8.1895485,-5.5413446,-18.260899,-5.207616,14.260757,-7.165369
P33421,-10.281152,8.079409,14.044581,-2.4123921,4.4050975,-2.1129787,0.50294715,-9.834816,-3.9911485,-9.372287,-7.5482826,-6.0665994,2.7666094,7.9174895,7.650379,-12.386645,-1.4023498,-0.25363743,2.1334074,7.3014703,6.5518694,4.4170575,-8.926994,2.8658473,10.114531,-1.0286926,-4.7554803,-6.774754,-12.632747,6.776414,9.761584,-1.179313,-4.0485806,-6.998951,-3.7738054,-10.045472,-7.1215334,2.6449568,7.6132913,-10.692245,-6.2464576,-5.6656537,-10.295417,1.8402609,8.979926,-7.001545,-1.5375267,-5.7195587,-3.436189,3.3527777,-0.5945269,4.786373,8.745817,0.8949895,-4.088092,-3.0639765,8.530397,8.180646,-6.4567156,-4.444637,-14.678676,-3.2339406,11.29362,-6.3326797
B9VJ59,-15.810215,21.346127,23.85241,-5.80552,14.078943,-3.5254602,-1.9833881,-18.508837,-11.670712,-17.885372,-16.435886,-16.42459,4.545212,22.201412,13.503891,-30.168884,-10.6791315,-5.7729874,2.2073522,16.746614,15.482111,13.606551,-23.416111,16.077229,23.88873,-1.0985191,-16.188969,-11.540428,-27.618605,14.652758,23.419495,-11.183735,-15.705411,-11.50698,-14.71256,-17.369999,-12.068183,7.605453,15.430173,-24.571918,-13.026978,-16.994062,-29.009653,-3.3571248,24.585867,-16.762798,-2.9994686,-9.739292,-6.5328703,8.290256,-3.87554,9.464244,18.365585,4.3097134,-10.600347,-5.8908315,15.855972,11.084695,-12.712737,-9.870541,-31.352997,-15.030616,25.687046,-8.1001835
P13232,-15.373436,19.097197,22.733011,-5.2900105,12.214406,-3.3862753,-1.4717951,-17.441553,-10.141462,-16.639833,-15.1301985,-14.639174,4.306418,19.68773,12.89626,-27.336538,-8.639182,-4.649219,2.3117352,15.464912,14.117417,12.119725,-20.87955,13.258923,21.86492,-1.2271106,-14.0343895,-11.163269,-25.273657,13.524072,21.225245,-9.042345,-13.396491,-11.129918,-12.626967,-16.49939,-11.639913,6.6531644,14.252809,-22.246666,-12.127755,-15.083382,-25.780859,-1.9644343,21.698318,-15.188991,-2.7589762,-9.279069,-6.1772447,7.4053817,-3.1089208,8.865114,16.858397,3.734822,-9.487146,-5.4861617,15.018784,10.989506,-11.990598,-9.051443,-28.820719,-12.6914015,23.523344,-8.464147
P98170,-11.43443,12.309527,16.532516,-3.5853732,7.71322,-2.432647,-0.5257008,-12.213331,-6.582577,-11.670424,-10.238329,-9.407182,3.2407029,12.573027,9.218484,-18.053232,-4.7059355,-2.3299177,2.046642,10.268707,9.35549,7.458388,-13.582907,7.52256,14.475332,-0.9716652,-8.636851,-7.953677,-17.216524,9.092674,14.025118,-4.814304,-8.0185795,-8.146006,-7.5236754,-11.806037,-8.530798,4.27182,9.965761,-14.900489,-8.275159,-9.495088,-16.435993,-0.3218346,14.074214,-10.024291,-1.9844353,-6.7075744,-4.3728967,4.8022346,-1.7171255,6.144136,11.608243,2.1344447,-6.2031903,-3.878872,10.4605665,8.583274,-8.151625,-6.1150146,-19.724976,-7.321325,15.756766,-6.466241
Q08379,-10.336497,10.780954,14.751528,-2.9229465,6.3973637,-2.280219,-0.22441177,-10.958807,-5.4796906,-10.514462,-9.010747,-8.185033,2.840221,10.919639,8.105152,-15.609906,-3.908504,-1.7370211,1.7876813,8.978563,8.226133,6.5762606,-11.7510195,6.2345133,12.692359,-0.87589103,-7.324201,-7.2428064,-15.036886,8.067512,12.201573,-3.9546807,-6.885595,-7.372448,-6.419467,-10.812837,-7.286357,3.6706116,8.716341,-13.212016,-7.2843614,-8.079036,-14.091982,0.15781645,12.073882,-8.73609,-1.6622269,-6.0671015,-3.8002613,4.3161416,-1.3792866,5.4941473,10.152719,1.6147331,-5.31384,-3.3925376,9.487773,7.7571273,-7.435998,-5.3546023,-17.203615,-6.11262,13.758432,-6.0309434
P00191,-9.548315,11.424222,13.883204,-3.0948193,6.9361176,-2.3016498,-0.6781892,-10.762717,-5.8141174,-10.156013,-9.153754,-8.611217,2.764611,11.536452,7.718853,-16.095558,-5.113154,-2.3974826,1.3048748,9.5024805,8.63013,7.546694,-12.032262,7.50678,13.499822,-0.81695956,-8.324287,-7.0375457,-15.254986,8.164436,12.457631,-5.3054757,-7.8756027,-7.2248135,-7.364307,-10.479257,-7.1588936,3.9899075,8.731536,-13.434077,-7.381033,-8.931744,-14.996673,-0.777034,12.537269,-8.786435,-1.7454776,-5.8116326,-3.9404984,4.418379,-1.6882242,5.6482644,10.190349,1.6646131,-5.6694283,-3.5773382,9.1782465,6.9327636,-7.370152,-5.5761275,-17.227034,-6.8294983,14.181004,-5.704815
P09032,-12.4159975,10.378066,16.79647,-2.5587487,5.3279185,-2.7285697,0.61852396,-12.19161,-4.781476,-11.727611,-9.350443,-7.7848864,3.1494339,10.259934,9.152861,-15.20002,-2.362005,-0.547564,2.202989,8.887825,8.216911,5.8759084,-11.359715,4.316709,12.320772,-1.1991513,-6.221673,-8.363422,-15.473047,8.604573,12.411322,-1.9735683,-5.614544,-8.163155,-5.1965213,-12.546526,-7.774761,3.3706207,8.942627,-13.6338625,-7.5502043,-7.076524,-13.144473,2.0282276,11.304603,-8.992712,-1.7196751,-7.010289,-3.9525623,4.6153336,-1.0023031,5.837804,10.638296,1.2438519,-5.095878,-3.6071517,10.711943,9.614995,-8.315095,-5.4157243,-17.795431,-4.782299,13.873607,-7.5194983
P11229,-9.80197,8.108685,13.806646,-2.8812509,4.712569,-2.0810544,0.072627306,-9.648354,-4.42296,-8.8552685,-7.754584,-6.095674,2.8600085,8.039609,7.6884346,-12.559352,-1.8985872,-0.87250584,2.1047242,7.9210944,6.897381,4.603866,-8.860628,3.39776,10.399679,-1.0909237,-5.475168,-6.355652,-13.316823,6.828489,9.905144,-1.8150133,-4.300554,-6.857927,-3.89808,-9.590159,-7.568265,2.7937653,7.7424393,-10.665194,-6.3612375,-6.243408,-10.637199,0.9649391,9.2687435,-7.1037583,-1.920974,-5.530137,-3.9339073,3.10965,-0.6457988,4.80532,9.002901,1.0607065,-4.5674086,-3.2699928,7.8840537,7.943006,-5.746127,-4.408798,-14.978366,-3.3932724,11.310602,-6.052845
P19784,-15.732763,20.955494,23.629145,-5.4797173,13.438158,-3.5834327,-1.7900889,-18.404404,-11.145027,-17.84453,-16.242697,-16.151094,4.430131,21.806736,13.325006,-29.572554,-10.029615,-5.4715114,2.2296586,16.347078,15.25497,13.329115,-22.994213,15.348823,23.326372,-1.1198281,-15.516619,-11.6106205,-27.039293,14.421885,22.99531,-10.595709,-15.215482,-11.43783,-14.300959,-17.3762,-11.543329,7.341258,15.130212,-24.2823,-12.78401,-16.50312,-28.275389,-2.848772,23.933517,-16.54088,-2.7308466,-9.664063,-6.3546405,8.159639,-3.5785973,9.411232,17.906857,4.180403,-10.183275,-5.66003,15.872445,11.092017,-12.8022375,-9.624848,-30.721853,-14.597315,25.195974,-8.291819
Q13951,-18.087402,24.064741,26.842646,-5.974819,14.6095,-4.4702516,-1.9882783,-21.442617,-12.167168,-20.417921,-18.79339,-18.383913,4.930303,24.84841,15.251923,-33.324963,-11.623294,-6.2799,2.105286,19.227491,17.827744,15.8253355,-25.79152,17.399916,26.868248,-1.4696188,-17.947157,-13.627063,-31.09083,16.917475,26.382538,-12.1932955,-17.417986,-13.110809,-16.289188,-20.460516,-12.774207,8.322583,16.908665,-27.967825,-14.709743,-18.90511,-32.126316,-3.014413,26.737724,-19.016699,-3.1950862,-11.209235,-7.501826,9.568657,-4.008086,10.989471,20.423187,4.5621357,-11.793225,-6.5981784,18.395472,12.618436,-14.966636,-10.940812,-34.813778,-16.454327,28.69176,-10.133569
P09326,-13.880316,14.207408,19.630205,-3.6917012,8.359422,-3.020272,-0.14871404,-14.478525,-7.095095,-14.123398,-11.902138,-10.8275585,3.7311757,14.329248,10.79353,-20.617489,-4.810266,-2.1304479,2.3571482,11.558909,10.651674,8.49218,-15.57073,7.9525576,16.443645,-1.2449248,-9.360498,-9.655295,-19.648434,10.649903,16.133207,-4.8286743,-8.865377,-9.627565,-8.336312,-14.449835,-9.530689,4.821584,11.441325,-17.459429,-9.538842,-10.392722,-18.526333,0.57942265,15.829489,-11.640058,-2.0606701,-8.057902,-4.8411746,5.8245554,-1.8781004,7.2119384,13.362421,2.192412,-6.781099,-4.429119,12.73147,10.431742,-10.068923,-7.05631,-22.722832,-8.009622,18.177425,-7.995234
P20065,-10.743794,12.011247,16.069307,-3.7561722,8.16559,-2.0311549,-0.6817921,-11.436286,-6.9298186,-11.295012,-9.856524,-9.33582,3.2150724,12.410317,8.833339,-18.132467,-4.4500866,-2.4327152,2.3674603,9.654754,8.877637,6.879584,-13.656903,7.525415,14.023708,-0.7623022,-8.259465,-7.3509293,-16.62116,8.413133,13.45349,-4.8552413,-7.912475,-7.921122,-7.4852543,-10.92891,-8.536111,4.2082996,10.12068,-14.3770075,-8.006221,-9.368189,-16.196022,-0.66021585,14.281387,-9.627768,-1.7748677,-6.265761,-4.100305,4.366505,-1.6581451,5.849766,11.280387,2.1998034,-5.834167,-3.6198218,9.857973,8.222255,-7.579317,-5.9383698,-19.460653,-7.381443,15.42036,-5.683088
Q06124,-12.089806,13.966659,17.51959,-3.6888678,8.468565,-2.7803516,-0.70641315,-13.387556,-7.1588798,-12.816664,-11.331557,-10.655485,3.358108,14.305232,9.776971,-19.897985,-5.8357325,-2.8930888,1.8409213,11.361837,10.504932,8.78871,-15.183601,9.042453,16.042337,-1.0112126,-9.932173,-8.698662,-18.861904,10.129711,15.645025,-5.996977,-9.464394,-8.651354,-8.867805,-12.972479,-8.597172,4.825144,10.668354,-16.717207,-9.00686,-10.729152,-18.520657,-0.73401296,15.665914,-11.218551,-2.0302787,-7.2389016,-4.671299,5.557157,-2.05893,6.7886133,12.5891695,2.4050078,-6.8814826,-4.167376,11.516037,8.853474,-9.175722,-6.7107725,-21.406796,-8.690938,17.360476,-6.880637
Q383B2,-8.456821,10.626652,12.671532,-3.0995445,7.1902246,-1.7571005,-0.86213577,-9.588382,-5.9643855,-9.255014,-8.311958,-8.227454,2.535507,11.140444,7.0823374,-15.479095,-4.880876,-2.538066,1.5136881,8.329264,7.7900324,6.590534,-11.954882,7.592107,12.220644,-0.5231265,-7.7883406,-6.107357,-14.037916,7.2616487,11.825242,-5.1225615,-7.5902295,-6.299818,-7.211746,-8.8529825,-6.6084967,3.777235,8.201272,-12.376171,-6.679824,-8.491387,-14.53101,-1.320703,12.482733,-8.361704,-1.4823208,-5.106046,-3.3557246,3.9587457,-1.7030463,4.9196167,9.374731,2.1454275,-5.262733,-3.0124753,8.21176,6.1329136,-6.517106,-5.144759,-16.160965,-7.2092824,13.235073,-4.418343
P48415,-8.173593,5.504713,10.942813,-1.8604904,2.6491265,-1.8531832,0.5234968,-7.685579,-2.7701766,-6.91252,-5.744801,-4.049069,2.2760699,5.397841,6.052088,-8.484197,-0.7691111,0.021739036,1.6529886,5.7111115,5.0706,2.989835,-6.0224533,1.5371933,7.2103677,-0.96131676,-3.5436213,-5.1435714,-9.989061,5.266496,7.317871,-0.30913004,-2.4520578,-5.2981133,-2.104418,-7.8286824,-5.5920124,1.8814188,5.551006,-7.948954,-4.643269,-3.9453182,-7.059731,1.5288434,6.1843276,-5.267663,-1.5700299,-4.5408597,-3.0350816,2.4331467,-0.2649272,3.6429598,6.757008,0.53290117,-3.370411,-2.5369527,6.1924973,6.7312026,-4.4448276,-3.183963,-10.952439,-1.6740619,8.048304,-5.1523075
P16143,-10.607778,11.379704,15.408759,-3.3005927,7.2392735,-2.2223942,-0.45973715,-11.288567,-6.2559433,-10.92189,-9.476474,-8.760926,3.0398686,11.763878,8.534161,-16.746775,-4.3622136,-2.1658285,2.0106053,9.283131,8.628421,6.679278,-12.803351,7.1096325,13.144307,-0.8330312,-7.9810205,-7.2546115,-16.039513,8.365525,13.097664,-4.421244,-7.4801774,-7.422592,-6.9831023,-10.879535,-7.7488074,3.9930496,9.270251,-13.946548,-7.5665917,-8.7260065,-15.285867,-0.4260752,13.303951,-9.406984,-1.8197175,-6.214418,-3.9806445,4.478193,-1.6229773,5.6190987,10.797362,2.0661242,-5.7517924,-3.5206578,9.620082,8.043046,-7.4324317,-5.609614,-18.350748,-6.9591503,14.521758,-5.7217774
O74499,-14.307602,15.462963,19.903728,-3.1230743,8.560061,-3.2789447,-0.019253148,-15.387197,-7.1783504,-15.21797,-12.298099,-11.712704,3.4859557,15.695452,10.8133135,-21.430035,-5.8901663,-2.2431898,1.9815167,11.686647,11.29328,9.396671,-16.849031,9.33962,17.094551,-0.9628856,-9.997965,-10.358273,-20.071877,11.407645,17.25202,-5.708872,-10.236026,-9.664801,-9.584193,-15.530555,-8.346317,5.0710225,11.432618,-18.898905,-9.787317,-10.865269,-19.869146,0.52833533,16.908411,-12.437237,-1.7166426,-8.468142,-4.415829,6.8012447,-2.2552826,7.4995704,13.67497,2.2836468,-7.043507,-4.286853,13.885351,10.286542,-11.2922325,-7.3247747,-23.175941,-9.505257,18.940557,-8.079725
P18065,-12.617403,16.026392,18.91989,-4.68666,10.694793,-2.6663654,-1.3957677,-14.36208,-8.862787,-13.7441635,-12.58617,-12.32217,3.6876051,16.583757,10.703825,-23.174019,-7.459864,-4.037068,2.057294,12.927039,11.77264,10.106556,-17.654655,11.416519,18.494396,-0.92280793,-11.925905,-9.111957,-21.189596,11.124758,17.707308,-7.8814282,-11.399567,-9.352769,-10.76144,-13.425372,-10.057324,5.666225,12.169538,-18.507908,-10.168529,-12.850588,-21.805199,-2.0272894,18.50705,-12.58488,-2.3688269,-7.6337585,-5.1916776,6.026691,-2.6687121,7.3772607,14.175171,3.1716235,-8.014562,-4.632833,12.298985,9.051892,-9.753704,-7.6640997,-24.283073,-10.767315,19.821665,-6.759954
P01586,-10.265258,10.765419,14.759547,-3.3205926,6.7686334,-2.1995938,-0.49283564,-10.91357,-5.811748,-10.193982,-9.100757,-8.194256,2.955132,10.988965,8.319144,-15.893251,-4.1428146,-2.0465162,1.8262651,9.31015,8.361232,6.6190686,-11.844565,6.511596,12.93503,-0.93975306,-7.7409987,-7.0960393,-15.436625,8.1259575,12.467771,-4.1552277,-6.9404445,-7.305401,-6.5077085,-10.433428,-7.8936353,3.7734249,8.832238,-13.078801,-7.3981867,-8.461399,-14.498623,-0.28668186,12.318208,-8.860724,-1.9378201,-6.0065246,-4.071536,4.1719146,-1.4778328,5.478761,10.37432,1.9162616,-5.658598,-3.562363,9.202223,7.738203,-7.1095085,-5.4623356,-17.542265,-6.268457,13.98611,-5.9235682
Q92734,-11.226148,10.401064,15.525502,-3.0019317,6.0200806,-2.4207094,-0.026834201,-11.483923,-5.3294992,-10.634687,-9.049799,-7.7833314,2.9851954,10.459355,8.708967,-15.213709,-3.5773025,-1.3901232,1.9025128,9.2111225,8.294235,6.2218986,-11.362835,5.6118593,12.583064,-1.0111514,-7.207568,-7.603653,-15.427795,8.42708,12.419383,-3.2248645,-6.3292036,-7.545295,-5.830602,-11.295481,-7.8690696,3.533609,8.655058,-13.123573,-7.4478865,-7.8013277,-13.765172,0.6151623,11.699577,-8.830668,-2.0206628,-6.467448,-4.058242,4.4101686,-1.3501756,5.528232,10.505456,1.6234319,-5.621949,-3.630804,9.759861,8.487801,-7.473136,-5.3786964,-17.44042,-5.59967,13.712004,-6.6124773
P03957,-12.529795,14.436259,18.328007,-3.9984477,9.063026,-2.7405965,-0.79690534,-13.766329,-7.682442,-13.266804,-11.732848,-11.072979,3.5353327,14.85299,10.225774,-20.853773,-5.966497,-3.0685062,2.10607,11.710595,10.8085165,8.860479,-15.912022,9.413141,16.575594,-1.0046991,-10.277848,-8.867573,-19.644983,10.406892,16.233095,-6.1863513,-9.775278,-8.952642,-9.162216,-13.253765,-9.178184,5.0205345,11.2369175,-17.275827,-9.362417,-11.16206,-19.301405,-0.89758694,16.503183,-11.652963,-2.141109,-7.457662,-4.8427205,5.6540227,-2.15859,6.9564433,13.158331,2.6099067,-7.149727,-4.298449,11.821563,9.254672,-9.317103,-6.952148,-22.427425,-9.096952,18.04213,-6.914617
P00257,-10.467905,13.34625,15.009348,-3.882646,9.134204,-2.1931405,-1.2443366,-11.958822,-7.300119,-10.912325,-10.08983,-10.12675,2.9190323,13.887564,8.822431,-18.924898,-7.290525,-3.4327862,1.1542386,10.802318,9.707293,8.912476,-14.716128,10.365953,15.610288,-0.73360574,-10.633377,-7.632724,-17.314749,9.551623,15.232117,-6.992894,-9.9101,-7.2997446,-9.444109,-10.700425,-8.359697,4.8563194,9.41458,-15.052065,-8.35604,-10.884893,-18.748175,-2.0703185,15.347974,-10.556173,-2.2582507,-6.3619237,-4.1190095,5.42013,-2.7461329,5.859141,11.681464,3.0756407,-7.190034,-3.9517486,10.282386,6.9506164,-8.318461,-6.6428156,-19.71621,-9.627676,16.625805,-5.4647975
P49710,-13.7420435,16.804132,20.284334,-4.4551983,10.584392,-3.061204,-1.0443839,-15.400333,-8.793031,-15.039062,-13.339486,-12.909954,3.8832,17.25016,11.2708,-24.02788,-7.2005477,-3.7412086,2.158621,13.273605,12.289313,10.514507,-18.368416,11.264838,19.084702,-1.0844283,-11.914927,-9.957806,-22.0756,11.746354,18.446733,-7.6304975,-11.606224,-10.040006,-10.945438,-14.877054,-10.070501,5.8414264,12.738892,-19.748186,-10.598734,-12.952816,-22.344778,-1.2928792,18.993317,-13.247163,-2.2277548,-8.267107,-5.3144565,6.520912,-2.6025643,7.9172406,14.781051,2.9825387,-8.003148,-4.801404,13.408355,9.980564,-10.761494,-7.9751635,-25.364159,-10.7966175,20.688929,-7.575439
P08171,-11.459948,12.526424,16.495579,-3.3330672,7.3855867,-2.6385827,-0.4470252,-12.443024,-6.3385577,-11.913962,-10.409099,-9.536047,3.180678,12.745325,9.135772,-17.982443,-4.7643704,-2.3106458,1.8728284,10.370551,9.573133,7.769223,-13.580364,7.5516357,14.549058,-1.0044478,-8.660825,-8.163792,-17.29235,9.250172,14.106025,-4.915022,-8.1797905,-8.210688,-7.6420836,-12.216828,-8.057746,4.275915,9.88702,-15.2453,-8.284959,-9.508285,-16.426659,-0.17489368,13.969492,-10.138624,-1.8618641,-6.7946057,-4.3827176,4.9718876,-1.6477337,6.3185077,11.560059,1.9756564,-6.1500216,-3.8651903,10.68361,8.573189,-8.444386,-6.0910826,-19.63222,-7.338936,15.772201,-6.7053943
P00568,-15.859703,23.558525,24.126595,-5.786239,15.115932,-3.8030272,-2.277325,-19.395906,-12.010292,-19.01024,-17.513435,-18.121462,4.5076275,24.30792,13.562836,-32.67919,-11.882019,-6.3933334,1.7464095,17.81251,16.56185,15.773776,-25.269745,17.757406,26.21932,-1.1222161,-17.354996,-12.47656,-28.50013,15.403716,24.747774,-12.88525,-17.552298,-12.307274,-16.737726,-18.32063,-11.906273,8.227429,16.271255,-26.287283,-13.815585,-18.581865,-31.468145,-3.576512,26.106201,-17.661516,-2.5139961,-9.987899,-6.5233383,8.9482,-4.137491,10.32731,18.859388,4.4494033,-10.758761,-6.0461154,17.166645,10.65105,-14.393741,-10.739654,-32.77242,-16.578749,27.835196,-8.683218
O43255,-9.434411,9.282718,13.520489,-2.9605398,5.8909774,-1.9039558,-0.24592505,-9.709312,-5.070087,-9.204745,-7.985519,-7.0854077,2.7348554,9.414807,7.509395,-14.035478,-3.052521,-1.4343452,1.911449,8.022392,7.201035,5.4702783,-10.337014,5.0861807,11.332921,-0.83886796,-6.32255,-6.4197726,-13.508312,7.023151,10.760999,-3.101718,-5.6819587,-6.7790093,-5.367008,-9.387268,-7.3003316,3.2148416,8.051955,-11.414154,-6.572977,-7.1713433,-12.399241,0.23234886,10.699933,-7.6329613,-1.64289,-5.4242682,-3.5719516,3.5188243,-1.1098418,4.8864355,9.184637,1.5249978,-4.760803,-3.147927,8.282344,7.2711205,-6.342468,-4.840965,-15.616084,-5.0278606,12.353786,-5.4822383
Q14103,-10.801655,10.2720375,15.294543,-3.086608,6.1761966,-2.2785044,-0.10506709,-11.045945,-5.4395924,-10.486539,-8.98355,-7.8117876,3.0255988,10.394411,8.479104,-15.326841,-3.2478256,-1.4656132,2.081774,8.91029,8.074595,5.9843373,-11.385153,5.4521184,12.335054,-1.0011791,-6.9350734,-7.280873,-15.180272,8.009646,12.071735,-3.1803613,-6.181686,-7.489998,-5.7513256,-10.864509,-7.8575883,3.5278273,8.815058,-12.9198675,-7.286431,-7.7422247,-13.580927,0.5047108,11.738273,-8.657759,-1.8529227,-6.2040105,-3.9984233,4.1000986,-1.2152351,5.461903,10.292313,1.6215596,-5.308555,-3.5046942,9.397811,8.355867,-7.1779513,-5.281069,-17.35332,-5.4699445,13.5752735,-6.276459
O08547,-13.0825615,11.64806,18.088991,-2.947609,6.1492424,-3.001089,0.36130357,-13.199392,-5.694914,-12.702039,-10.477916,-8.806882,3.4427743,11.727574,9.891442,-16.865414,-3.2706356,-1.2324481,2.304164,9.972912,9.323839,6.6029596,-12.801206,5.67024,13.440927,-1.2717079,-7.534217,-8.711561,-17.567127,9.519636,13.949476,-2.9390726,-6.740681,-8.536435,-6.089808,-13.483997,-8.226223,3.9212532,9.807758,-15.349612,-8.217707,-8.206701,-14.949446,1.29442,13.025758,-10.217577,-2.0533178,-7.503436,-4.5311227,5.1222663,-1.2924994,6.351944,11.8604355,1.5740283,-5.9436007,-3.9745204,11.255993,10.217186,-8.614795,-5.8208447,-19.733099,-5.89331,15.150576,-7.61034
P18545,-10.574992,11.507458,15.611693,-3.5846486,7.6661487,-2.012135,-0.57740325,-11.19228,-6.462973,-10.90576,-9.481754,-8.886368,3.090071,11.79874,8.6219845,-17.371996,-4.115294,-2.1684363,2.262677,9.417571,8.572496,6.69822,-12.965809,6.9292645,13.661447,-0.77839845,-7.813374,-7.32271,-15.92812,8.189244,12.913584,-4.456783,-7.4429164,-7.816641,-7.0818405,-10.711018,-8.357516,3.9627497,9.715733,-13.746518,-7.802886,-8.956778,-15.44829,-0.32224333,13.472068,-9.188799,-1.7096179,-6.1426086,-3.9799695,4.204356,-1.5073001,5.7102246,10.842391,2.0426362,-5.599396,-3.527889,9.707861,8.036834,-7.5068183,-5.7697473,-18.690975,-6.8697343,14.907708,-5.848768
P0AFL3,-3.386008,2.097142,4.7731094,-1.1435841,1.5434676,-0.55948716,0.15739839,-3.038824,-1.4945402,-2.7444954,-2.2261012,-1.6102804,1.1896996,2.1640835,2.5326207,-3.873563,-0.045239296,0.19692844,1.1266898,2.1914861,1.9752046,0.944901,-2.6277254,0.40328383,3.252675,-0.25279048,-1.2175438,-2.087024,-4.066112,1.7686306,2.7937305,0.020456806,-0.84460235,-2.625755,-0.82560366,-2.8220952,-2.9881055,0.76469916,2.8206766,-2.99833,-1.9741756,-1.7312361,-2.8783607,0.58865553,2.7963774,-1.8298801,-0.6356523,-1.8292433,-1.3009909,0.56025934,0.099413246,1.5637554,2.812808,0.1844614,-1.3103045,-1.08418,2.3761613,2.9828045,-1.584504,-1.4870915,-4.7739215,-0.41227254,3.559019,-2.0846183
P78362,-16.313448,20.900688,23.976934,-5.1366034,12.82382,-3.827969,-1.4229276,-18.803871,-10.557764,-18.226871,-16.27588,-15.99721,4.4238763,21.497385,13.444158,-29.225985,-9.57559,-4.9384775,2.114806,16.333746,15.21822,13.457162,-22.608541,14.599968,23.380728,-1.2564671,-15.057357,-12.1495495,-26.79362,14.599479,22.841118,-10.020678,-14.834342,-11.792258,-13.975362,-18.11063,-11.427416,7.202441,15.022985,-24.335623,-12.849676,-16.094784,-27.774008,-1.9655154,23.27628,-16.42015,-2.610284,-9.961559,-6.297324,8.339165,-3.4242375,9.6063385,17.827053,3.824367,-9.937634,-5.725453,16.44737,11.473006,-13.411701,-9.687653,-30.5304,-13.983577,25.213106,-9.0468645
P00004,-13.0577545,15.766574,18.577219,-3.4916382,9.319829,-3.0205638,-0.65595466,-14.708919,-7.6065774,-14.304423,-12.155609,-11.989544,3.317934,16.171776,10.303759,-21.836065,-6.98,-3.0970213,1.6238176,11.988659,11.403233,10.062825,-17.12816,10.626506,17.585999,-0.85451317,-10.907636,-9.761223,-19.925772,11.199164,17.357588,-6.9980216,-11.04861,-9.169895,-10.453708,-14.321953,-8.331816,5.3020415,11.2408495,-18.553787,-9.711312,-11.717303,-20.751526,-0.7104272,17.369509,-12.387317,-1.7882018,-7.893126,-4.4403863,6.6125426,-2.5397766,7.325489,13.42044,2.7238524,-7.3529263,-4.2491493,13.150353,9.078664,-10.81877,-7.4173107,-22.912027,-10.427051,19.108362,-7.3129296
P52286,-9.821942,9.339106,14.103935,-3.009724,5.890934,-1.9670122,-0.14273381,-9.9484625,-5.163684,-9.544442,-8.18995,-7.1454077,2.867504,9.444542,7.760445,-14.238116,-2.7963967,-1.320417,2.1023295,8.09796,7.2890215,5.317837,-10.448327,4.8583164,11.3723135,-0.89047945,-6.2263756,-6.554425,-13.8669815,7.1253796,10.866297,-2.8696587,-5.553405,-7.012668,-5.200489,-9.756582,-7.5358243,3.2377741,8.334742,-11.682693,-6.7004275,-7.1172247,-12.378431,0.43006676,10.843628,-7.7639985,-1.6877317,-5.6093717,-3.6928523,3.5373323,-1.0434816,5.0053067,9.449167,1.4390335,-4.7649245,-3.230339,8.459848,7.715673,-6.399448,-4.875805,-16.040552,-4.841293,12.50253,-5.6585693
O00757,-15.708819,17.207798,22.392456,-4.5091205,10.745412,-3.1332695,-0.57099557,-16.730341,-8.851943,-16.27235,-13.684772,-13.083615,4.0710464,17.433949,12.435025,-24.920202,-6.6772666,-2.9922373,2.6197364,13.657722,12.520734,10.359577,-18.968285,10.61884,19.930143,-1.071005,-11.583053,-11.161792,-22.720741,12.525527,19.20089,-6.743233,-11.371456,-11.040161,-10.786282,-16.338863,-11.123978,5.7524667,13.396671,-20.378714,-11.352504,-12.849067,-22.788467,-0.061104696,19.39268,-13.646028,-2.3053727,-9.186372,-5.286576,6.991066,-2.6170833,8.246808,15.647624,2.9421113,-8.210145,-5.018786,14.9838915,11.321823,-11.934947,-8.446884,-26.685585,-10.678157,21.717226,-8.765979
A6ND01,-17.264215,21.829346,25.47391,-5.6779222,13.57852,-3.9518528,-1.5590773,-19.736025,-11.190219,-19.018276,-17.144115,-16.680304,4.754769,22.327412,14.329514,-30.840734,-9.821775,-5.174372,2.3834577,17.442568,15.980191,14.039999,-23.52184,14.989865,24.820835,-1.3981371,-15.770818,-12.761928,-28.300766,15.310286,23.822538,-10.388537,-15.314,-12.6520815,-14.433591,-18.997728,-12.679676,7.5276947,16.033625,-25.329918,-13.685611,-16.978344,-29.036488,-1.9839962,24.324034,-17.082691,-2.8991055,-10.486977,-6.841708,8.534038,-3.5084877,10.148876,18.892513,3.9351711,-10.485901,-6.168393,17.196522,12.246123,-13.915181,-10.233394,-32.337452,-14.293966,26.5946,-9.722396
P07358,-17.301039,21.771303,24.936893,-5.0649333,12.817181,-4.286258,-1.342074,-19.982044,-10.604142,-19.068577,-17.053438,-16.560095,4.528639,22.379578,14.113991,-29.922564,-10.232827,-5.08365,1.8419816,17.206793,16.061913,14.298373,-23.337568,15.26934,24.220083,-1.4452381,-15.925853,-12.918595,-28.103788,15.637754,24.149649,-10.349399,-15.475389,-12.0825205,-14.500925,-19.29595,-11.488438,7.5017347,15.168359,-25.580608,-13.344152,-16.652746,-28.90708,-1.9019814,23.911455,-17.390795,-2.8670747,-10.597531,-6.638653,9.061885,-3.6675515,10.040432,18.59827,4.023525,-10.605071,-6.042422,17.37903,12.02493,-14.239618,-10.060236,-31.565372,-14.610013,26.132404,-9.7523985
Q15154,-12.731894,12.529469,17.862514,-3.3041625,7.0841255,-2.8781812,-0.064089514,-13.26404,-6.20217,-12.659824,-10.758626,-9.473787,3.4082603,12.614534,9.877394,-18.097523,-4.20425,-1.8119551,2.1168797,10.613735,9.739938,7.539926,-13.606483,6.824857,14.674312,-1.1912988,-8.408506,-8.796318,-17.93598,9.738901,14.499768,-4.0879173,-7.7134376,-8.727455,-7.146057,-13.255488,-8.621012,4.2363462,10.181577,-15.694923,-8.608766,-9.219838,-16.297531,0.63965017,13.896276,-10.461061,-2.0481105,-7.4008675,-4.5976405,5.2220283,-1.5623819,6.552655,12.113662,1.8505627,-6.2759857,-4.0957727,11.423864,9.657489,-8.92028,-6.245588,-20.366682,-6.828517,16.114166,-7.508605
P18075,-9.892923,11.627371,14.508481,-3.3914492,7.443651,-2.1792686,-0.7755455,-10.991746,-6.2399087,-10.395753,-9.390133,-8.881384,2.8866348,11.939523,8.151909,-16.83978,-5.036322,-2.5533254,1.6214551,9.623334,8.758983,7.375539,-12.701651,7.713089,13.6866,-0.80734426,-8.47913,-7.1082196,-15.788509,8.315779,13.005606,-5.2301946,-7.9630523,-7.306701,-7.5105658,-10.41893,-7.6566687,4.084606,9.083781,-13.709569,-7.5878043,-9.215262,-15.642129,-0.9184552,13.231322,-9.212633,-1.8147852,-5.926877,-4.0104547,4.418822,-1.7384077,5.6474743,10.555618,2.089557,-5.8699603,-3.5649376,9.35852,7.252288,-7.400698,-5.714151,-17.995142,-7.2709756,14.65,-5.615781
O00222,-11.086751,11.984113,15.979655,-3.1968658,6.8114214,-2.6511793,-0.40401727,-12.091563,-5.924875,-11.473961,-10.11592,-9.080004,3.0926397,12.102441,8.834749,-17.164644,-4.3683558,-2.1591642,1.8123001,10.1866665,9.34129,7.5389733,-12.7786875,6.9211283,14.095436,-1.0358719,-8.224887,-7.974599,-16.738583,8.930669,13.418065,-4.6067963,-7.693696,-8.104669,-7.1560845,-11.974173,-7.8051176,4.0364065,9.571786,-14.668444,-8.044626,-9.125117,-15.522321,0.010593844,13.150223,-9.656252,-1.8091135,-6.5920725,-4.394716,4.681878,-1.4009024,6.2268596,11.123878,1.7043417,-5.8846545,-3.7883396,10.296641,8.383757,-8.122869,-5.816635,-18.86506,-6.6872673,15.112291,-6.7808237
P48962,-11.918029,13.533755,17.335062,-3.7095802,8.521221,-2.5343113,-0.6364093,-12.943639,-7.1161475,-12.577688,-10.940775,-10.387154,3.3369102,13.867586,9.613315,-19.665737,-5.344395,-2.6519513,2.0602517,10.83126,10.0034895,8.265948,-14.955727,8.557272,15.6254425,-0.9316169,-9.359741,-8.479087,-18.18565,9.676269,15.117338,-5.5711207,-9.02993,-8.588858,-8.549589,-12.505889,-8.717524,4.6633162,10.639904,-16.12147,-8.807736,-10.347048,-18.016481,-0.5162919,15.393606,-10.812577,-1.8795855,-7.043185,-4.4162474,5.2727733,-1.9606184,6.5590925,12.272094,2.3821797,-6.514556,-3.9990344,11.297238,8.788643,-8.971696,-6.605336,-21.040045,-8.377434,17.048206,-6.6485763
P03255,-11.967938,11.823744,17.239746,-3.7878199,7.402033,-2.4670265,-0.38071552,-12.369175,-6.478575,-11.68181,-10.297764,-9.015302,3.4414325,11.967339,9.639625,-17.794413,-3.9372973,-2.025151,2.375824,10.420183,9.27426,6.947751,-13.06892,6.5400305,14.315521,-1.1424794,-8.2171,-8.05746,-17.461178,9.0847225,13.770898,-4.028537,-7.237242,-8.473589,-6.7417583,-12.035019,-9.258295,4.101587,10.17563,-14.62624,-8.4005,-9.173054,-15.782819,0.14994518,13.616572,-9.869567,-2.2066643,-6.8951836,-4.6892266,4.529381,-1.4568365,6.1967015,11.812301,1.9751215,-6.182561,-4.0430994,10.434948,9.261527,-7.9124303,-6.0448837,-19.969275,-6.4408355,15.600722,-6.929891
Q7L5D6,-11.934412,12.066356,16.92822,-3.2047853,7.0992894,-2.5803056,-0.14902598,-12.491193,-6.1454563,-12.080974,-10.182542,-9.201068,3.2161593,12.271615,9.31641,-17.584688,-4.085181,-1.8283207,2.1415968,9.912818,9.214967,7.108017,-13.345798,6.792856,13.999599,-0.99102324,-8.000796,-8.2701025,-16.970463,9.1270275,13.865297,-4.0748014,-7.5673056,-8.259643,-7.0721908,-12.35958,-8.140578,4.0675035,9.829939,-14.98057,-8.174731,-8.909713,-15.812613,0.41339728,13.63383,-9.989608,-1.8076515,-6.9344354,-4.2047505,4.9259205,-1.5242085,6.1732793,11.490361,1.9116398,-5.9085317,-3.7624543,10.850577,9.033025,-8.481669,-5.972549,-19.489616,-6.8845906,15.465456,-6.8367596
P17562,-12.0105095,10.646478,16.535095,-2.6882324,5.9385056,-2.4538,0.4600263,-11.8512945,-5.0843773,-11.68373,-9.228342,-8.074216,3.0966094,10.561156,8.920816,-15.833558,-2.4651926,-0.68320453,2.3240652,8.67799,8.052456,5.955776,-11.810859,4.6631155,12.617847,-1.0251904,-6.173479,-8.216413,-15.105867,8.298701,12.280283,-2.3463054,-5.934846,-8.2286625,-5.6418014,-12.114658,-7.854887,3.4344707,9.22092,-13.52548,-7.5748563,-7.3251066,-13.539539,1.8295527,11.7471895,-8.835705,-1.4579066,-6.772799,-3.6866746,4.4694977,-1.0528781,5.792877,10.498893,1.3304746,-4.8681593,-3.4580336,10.67469,9.234367,-8.381643,-5.538959,-17.890312,-5.1773553,14.172247,-7.1564684
Q9UMS4,-11.492908,12.228863,16.5601,-3.567179,7.5521502,-2.4661083,-0.49808484,-12.269004,-6.4710793,-11.635719,-10.21743,-9.301234,3.2288027,12.426714,9.245012,-17.90544,-4.6248393,-2.260191,2.033638,10.353728,9.377151,7.4607353,-13.382321,7.337456,14.508368,-0.9856543,-8.566356,-8.025385,-17.183857,9.1200695,13.921833,-4.7274823,-7.9096594,-8.225426,-7.404119,-11.903517,-8.5692835,4.2051973,9.93464,-14.820571,-8.309855,-9.44076,-16.253958,-0.20207354,13.87186,-9.929793,-2.0094872,-6.7427726,-4.423301,4.7734365,-1.6537173,6.1781106,11.592383,2.0347893,-6.202897,-3.9095523,10.491035,8.6261635,-8.163511,-6.0895333,-19.64242,-7.133358,15.684435,-6.6385064
O08603,-9.94806,9.120265,14.109447,-2.8634079,5.6073756,-1.9991163,-0.002969861,-9.964227,-4.9377446,-9.553577,-8.065332,-6.959446,2.8345375,9.199016,7.752861,-13.889159,-2.5580087,-1.1086689,2.1007423,7.9120317,7.1520257,5.1402116,-10.220522,4.5260406,11.101692,-0.9033993,-5.953737,-6.6208673,-13.633817,7.0902467,10.721313,-2.5386748,-5.298815,-6.9774437,-4.9599643,-9.83549,-7.3931365,3.127322,8.16628,-11.538463,-6.604721,-6.829395,-12.030343,0.7054468,10.532298,-7.669369,-1.6468078,-5.6506295,-3.6074102,3.5516565,-0.98048025,4.9495473,9.3192835,1.372713,-4.6491475,-3.1769416,8.522693,7.810613,-6.4568715,-4.79466,-15.783104,-4.6149106,12.280159,-5.770492
P08134,-9.6439495,7.3894806,13.138093,-2.2555754,3.9093843,-2.0687435,0.47771963,-9.244775,-3.690241,-8.674299,-7.0851927,-5.528505,2.6286998,7.279879,7.1913514,-11.272304,-1.3394039,-0.25787503,1.9643714,6.895812,6.203397,4.047203,-8.14807,2.6313653,9.266669,-1.0103512,-4.5343943,-6.269222,-12.008473,6.3956795,9.155115,-1.033719,-3.6848543,-6.44958,-3.350352,-9.424158,-6.6106324,2.4635909,7.0052743,-10.010413,-5.7805247,-5.2334924,-9.454615,1.6251466,8.26946,-6.5913887,-1.5854003,-5.3847313,-3.3634026,3.1302593,-0.5320879,4.4637647,8.224428,0.8220215,-3.9615834,-2.9257298,7.816876,7.7489433,-5.828618,-4.0675254,-13.652021,-2.8877378,10.356015,-5.930678
O43432,-11.781048,10.015737,16.432034,-2.9472332,5.5859656,-2.5166695,0.32044697,-11.595709,-5.1478753,-11.123267,-9.226302,-7.5839486,3.2352457,9.980432,8.9762945,-15.085869,-2.3324542,-0.89070326,2.3939269,8.907548,8.092334,5.515491,-11.075425,4.350776,12.080198,-1.1795137,-6.3215876,-7.7218313,-15.538275,8.201781,11.999667,-2.1783643,-5.459364,-7.967261,-4.9790406,-11.797962,-8.140761,3.373613,9.074111,-13.182337,-7.425201,-7.1947265,-12.893049,1.4073892,11.341004,-8.720318,-1.9075717,-6.655745,-4.1893125,4.1371922,-0.93172216,5.671451,10.593126,1.2755858,-5.1471763,-3.6362493,9.8634205,9.38946,-7.413648,-5.226971,-17.730232,-4.582438,13.511171,-6.9854994
Q06208,-9.050788,5.9530463,12.325396,-2.324471,3.0567358,-1.9659716,0.4909866,-8.388146,-3.215617,-7.512465,-6.4191337,-4.3900013,2.6177995,5.760951,6.846666,-9.519828,-0.59860164,-0.043142717,2.0089319,6.5120482,5.578009,3.1289458,-6.49589,1.4235215,8.064593,-1.1408918,-3.875238,-5.5616226,-11.227599,5.744937,7.9238877,-0.23225157,-2.4634185,-6.0023336,-2.0801873,-8.548782,-6.731983,2.062804,6.376493,-8.603808,-5.2513885,-4.416425,-7.674536,1.6635244,6.797212,-5.721228,-1.8689907,-4.9823527,-3.5673156,2.4528165,-0.21300134,4.042058,7.6163697,0.55463994,-3.7412388,-2.9104016,6.6551538,7.6023455,-4.634551,-3.510884,-12.372114,-1.5369954,8.924917,-5.7435007
P18291,-8.296696,8.075164,11.639654,-2.122667,4.8655977,-1.6990833,0.07102018,-8.484714,-4.1218386,-8.342397,-6.7375917,-6.1844177,2.2685342,8.239377,6.2853937,-11.945524,-2.5006711,-0.8767149,1.6199478,6.3542337,6.0418215,4.641629,-9.124612,4.319092,9.466079,-0.59341526,-5.050979,-5.759488,-11.187157,5.9857616,9.261217,-2.4387114,-4.9623094,-5.8237023,-4.733201,-8.3735485,-5.5965285,2.7151623,6.799445,-10.047258,-5.480235,-5.8254232,-10.560041,0.6073986,9.209916,-6.5822334,-1.0801218,-4.767835,-2.6624362,3.2696338,-0.9426774,4.1979423,7.6770744,1.2121795,-3.7887886,-2.497868,7.525055,6.306818,-5.933445,-4.157125,-13.149721,-4.471442,10.570462,-4.71607
O95834,-11.243127,12.928096,16.539742,-3.609028,8.288974,-2.3276784,-0.65211093,-12.22809,-6.919085,-11.9990015,-10.411786,-9.963051,3.2051737,13.272108,9.109151,-18.936031,-5.0136046,-2.5526676,2.0947342,10.245422,9.497229,7.7928953,-14.368213,8.164095,14.934288,-0.82255876,-8.835849,-8.005828,-17.288027,9.07636,14.3055525,-5.3625455,-8.638202,-8.263163,-8.199652,-11.801686,-8.372588,4.444451,10.318385,-15.347069,-8.403329,-9.912112,-17.195024,-0.55313236,14.824648,-10.2273,-1.7142963,-6.6423483,-4.175451,4.9050293,-1.8150561,6.25951,11.681924,2.2482996,-6.1168704,-3.76673,10.697981,8.352936,-8.47415,-6.296478,-20.136518,-8.005076,16.292818,-6.2194815
Q9UKG1,-12.121506,12.71752,17.463068,-3.6748343,7.8893776,-2.5582576,-0.43268216,-12.802741,-6.7884235,-12.298014,-10.667249,-9.715189,3.3993847,12.957301,9.6952,-18.692703,-4.658162,-2.2737381,2.221303,10.614026,9.688394,7.5724053,-14.060559,7.559971,14.919995,-1.0285754,-8.793373,-8.349174,-17.93734,9.483809,14.542843,-4.74429,-8.15838,-8.546556,-7.624286,-12.488074,-8.899038,4.3895636,10.408337,-15.539347,-8.619476,-9.696428,-16.89945,-0.11189643,14.556249,-10.429645,-2.059692,-7.0733213,-4.5456057,5.014112,-1.7335825,6.401157,12.132218,2.141082,-6.3891516,-4.0348954,10.988739,9.16523,-8.520932,-6.3189406,-20.577229,-7.4306865,16.322535,-6.836358
F4JW79,-11.549957,12.556957,16.995049,-3.952714,8.217153,-2.3171222,-0.6969984,-12.312949,-7.005743,-11.781598,-10.479904,-9.648812,3.37642,12.849803,9.495924,-18.7941,-4.6941004,-2.5287783,2.308274,10.595441,9.535859,7.4796715,-13.976829,7.6705184,14.95198,-0.9650168,-8.832783,-7.9679055,-17.695486,9.144912,14.245467,-4.9865212,-8.149873,-8.426852,-7.6795616,-11.773198,-9.164372,4.3697133,10.462406,-15.071279,-8.55803,-9.8862,-16.904142,-0.51343,14.5938,-10.1666,-2.066928,-6.7442403,-4.56483,4.660315,-1.7012472,6.261398,11.951409,2.2626057,-6.3477836,-3.9765625,10.497241,8.766648,-8.07828,-6.270408,-20.427898,-7.4738946,16.221136,-6.47801
A1Z1Q3,-14.942601,18.173647,22.097742,-4.810713,11.630041,-3.1734405,-1.0955907,-16.615171,-9.638686,-16.397943,-14.353159,-14.023908,4.1670814,18.73412,12.249258,-26.172634,-7.636187,-4.0014033,2.506199,14.105352,13.147844,11.098672,-20.13476,12.18952,20.471481,-1.0792202,-12.703573,-10.741439,-23.759533,12.635454,19.999035,-8.110339,-12.537521,-10.798244,-11.856977,-16.012547,-10.869986,6.282006,13.845327,-21.362677,-11.44389,-13.918493,-24.257195,-1.3404138,20.782598,-14.390249,-2.2993283,-8.93066,-5.5578523,7.067607,-2.8440385,8.452464,15.990794,3.3608978,-8.55626,-5.0543833,14.599237,10.85195,-11.684755,-8.597922,-27.540192,-11.891556,22.393911,-8.003922
Q9CZD3,-10.9197235,11.833672,16.113785,-3.8956995,7.7709317,-2.1999414,-0.69726497,-11.612376,-6.5673566,-11.012576,-9.946014,-9.049923,3.2735634,11.955541,9.010387,-17.8449,-4.2907124,-2.3386004,2.2001019,10.264291,9.033858,7.220108,-12.94928,6.9533763,14.483308,-1.0010937,-8.305916,-7.6026344,-16.721739,8.583842,13.242697,-4.6881437,-7.536499,-8.260713,-7.1455717,-11.135664,-9.1031,4.117049,10.06727,-14.050556,-8.2211,-9.433845,-15.8321905,-0.3544761,13.54714,-9.384027,-2.011486,-6.3699384,-4.490676,4.215596,-1.4957517,6.0499167,11.314038,1.9671451,-5.958717,-3.9041262,9.88601,8.333376,-7.6207414,-6.02752,-19.377789,-6.6523337,15.473391,-6.4191136
Q6P9J9,-12.80253,15.578813,19.038242,-4.4433584,10.153363,-2.7393644,-1.1076367,-14.287517,-8.485778,-13.83666,-12.427049,-11.983428,3.71363,16.047709,10.6432905,-22.559216,-6.7867002,-3.6106367,2.1631353,12.518275,11.474945,9.657973,-17.161457,10.595402,17.906672,-0.9895489,-11.273411,-9.137154,-20.809517,10.916583,17.242601,-7.183988,-10.797349,-9.390479,-10.16684,-13.619603,-9.855346,5.4791985,12.042701,-18.277699,-9.96342,-12.237499,-20.95725,-1.4681336,17.905455,-12.32944,-2.2607846,-7.6781616,-5.103913,5.927015,-2.4564226,7.331787,13.952,2.89283,-7.6514497,-4.5618663,12.290824,9.36264,-9.726503,-7.4737954,-23.892818,-10.079297,19.358767,-6.9346495
Q8N8N0,-11.000209,10.935367,15.392062,-2.818971,6.226105,-2.4801161,-0.04804197,-11.504805,-5.392686,-11.009805,-9.279488,-8.289891,2.9433415,11.081273,8.491841,-15.767359,-3.7446837,-1.5464022,1.8197882,9.074133,8.431105,6.6002927,-11.972246,6.072316,12.748786,-0.97373253,-7.2991652,-7.6647043,-15.44793,8.406555,12.654577,-3.6093328,-6.8153763,-7.5467186,-6.363112,-11.415467,-7.339118,3.6990821,8.807589,-13.651465,-7.4181867,-8.02823,-14.276678,0.52280074,12.168961,-9.0942135,-1.6956663,-6.404411,-3.8753667,4.5678153,-1.378328,5.6729584,10.430944,1.6714728,-5.41902,-3.4930272,9.964412,8.289569,-7.840175,-5.4676127,-17.604424,-6.102166,14.048913,-6.438682
P07363,-9.762856,8.55604,13.568641,-2.429111,4.8405175,-2.0773468,0.24725024,-9.702713,-4.3252435,-9.326821,-7.659846,-6.4825277,2.6775618,8.563944,7.3871045,-12.809597,-2.1588821,-0.7328106,1.9374242,7.375486,6.778095,4.8354836,-9.484808,3.8900735,10.326503,-0.90622324,-5.3522,-6.5480385,-12.826802,6.822841,10.115947,-2.0239446,-4.80719,-6.7131147,-4.4721165,-9.780254,-6.699332,2.8703995,7.6031585,-11.065244,-6.208883,-6.1493697,-11.040462,1.1353263,9.633959,-7.2699294,-1.4799917,-5.540724,-3.3648982,3.5104253,-0.8231236,4.7752843,8.766197,1.1083984,-4.2758,-2.9971569,8.367356,7.666806,-6.4075184,-4.4958606,-14.772617,-4.0728626,11.499143,-5.8125515
C8VTS4,-15.477415,17.791018,22.323923,-4.544704,10.872686,-3.4274254,-0.7868942,-16.94209,-9.095082,-16.468304,-14.289755,-13.601301,4.1687355,18.196781,12.427057,-25.353924,-7.3280234,-3.578652,2.3543153,14.130014,13.105959,10.9831085,-19.484386,11.507412,20.157448,-1.2412772,-12.433563,-11.047222,-23.689436,12.867442,19.897732,-7.4767213,-12.021005,-10.839098,-11.292748,-16.527723,-10.775881,6.116722,13.473071,-21.240427,-11.3907585,-13.425917,-23.584272,-0.74735856,20.007725,-14.319598,-2.4477477,-9.202881,-5.6466966,7.2297487,-2.7604506,8.475258,15.959402,3.1380477,-8.580902,-5.1665215,14.832544,11.239301,-11.86184,-8.508879,-27.184479,-11.254141,22.047865,-8.566275
O14782,-10.127391,9.265756,14.105115,-2.3907928,5.316702,-2.0837393,0.28089935,-10.129251,-4.601542,-10.00548,-7.974655,-7.068251,2.695527,9.321988,7.5859942,-13.77036,-2.3886132,-0.76880205,2.0202796,7.459248,7.0296044,5.166654,-10.3879385,4.4002047,10.883214,-0.8057332,-5.539812,-6.919325,-13.16637,7.092697,10.691042,-2.3180983,-5.366268,-6.9941115,-5.0720954,-10.244479,-6.665395,3.0465043,8.00886,-11.777299,-6.4793706,-6.493008,-11.896017,1.2094332,10.434849,-7.684554,-1.2763278,-5.75555,-3.1997225,3.8240213,-0.9517865,4.97829,9.07738,1.2285337,-4.301059,-2.9623194,9.007491,7.8250966,-7.0367575,-4.7704105,-15.478143,-4.730931,12.232493,-5.886579
O80467,-9.037249,5.855115,12.470858,-2.5420856,3.2808638,-1.8133023,0.4436561,-8.228167,-3.3390615,-7.4179955,-6.3638387,-4.342055,2.6922975,5.593216,6.907274,-9.758194,-0.30133235,0.012908369,2.2212183,6.5187774,5.4346895,2.9676337,-6.440012,1.1275568,8.2276325,-1.1402106,-3.6690457,-5.5109715,-11.113884,5.5471826,7.676152,-0.09586735,-2.2500947,-6.22405,-1.949074,-8.360064,-7.229071,2.0201921,6.646776,-8.332218,-5.343521,-4.434705,-7.5703793,1.7614083,6.776588,-5.500058,-1.8534453,-4.9149237,-3.6002686,2.196971,-0.116101325,4.0467916,7.62808,0.51007164,-3.6094303,-2.9363308,6.5789433,7.6757402,-4.526024,-3.5682292,-12.531402,-1.2778566,9.037174,-5.7843122
P05230,-11.412549,12.847278,16.681654,-3.7640307,8.213366,-2.426256,-0.7172705,-12.39395,-6.952103,-11.8564415,-10.5382395,-9.851245,3.2800524,13.1923895,9.3340645,-18.803255,-5.1816044,-2.6691308,2.0222685,10.6099825,9.678732,7.8639936,-14.200772,8.208819,15.021803,-0.94482535,-9.16169,-8.011101,-17.71973,9.310524,14.527563,-5.3754997,-8.575065,-8.225622,-8.069384,-11.856188,-8.681664,4.4899383,10.245807,-15.363027,-8.494787,-10.034341,-17.26319,-0.71207166,14.757677,-10.375569,-2.0166826,-6.745053,-4.4647355,4.9367504,-1.8714688,6.2799716,11.903931,2.3376946,-6.4524875,-3.9498448,10.601058,8.495976,-8.2970085,-6.3179927,-20.301306,-7.9197245,16.306097,-6.3640347
P43138,-10.567505,11.485974,15.498215,-3.420113,7.2632966,-2.264007,-0.49790573,-11.27294,-6.2213078,-10.935779,-9.62802,-8.823859,3.1264348,11.704451,8.533289,-16.981213,-4.1896715,-2.1620605,2.0311832,9.540672,8.703198,6.903946,-12.656334,6.8589973,13.53183,-0.9365671,-7.9377084,-7.329997,-16.106342,8.304766,12.892242,-4.4748883,-7.3990936,-7.756224,-6.946177,-10.9942465,-8.082597,4.0205255,9.542223,-13.925235,-7.713697,-8.860216,-15.210159,-0.2922147,13.158369,-9.247486,-1.8013588,-6.2022543,-4.156816,4.310482,-1.4913307,5.8169107,10.835246,1.8490483,-5.636351,-3.6515827,9.624487,8.098409,-7.4817567,-5.709947,-18.52075,-6.590284,14.734034,-6.002546
O60759,-12.657368,14.4959545,17.825514,-3.0475678,8.418131,-2.8597045,-0.2942374,-13.885202,-6.891984,-13.750415,-11.306591,-11.084732,3.1647658,14.905214,9.758514,-20.223383,-5.8431854,-2.445452,1.7571411,10.731218,10.417061,8.9322605,-16.00567,9.275412,15.9611,-0.8165256,-9.560378,-9.3123665,-18.413784,10.363575,16.117092,-5.7887716,-9.863585,-8.6793585,-9.369719,-13.67158,-7.651103,4.8250523,10.539249,-17.37298,-8.958964,-10.439151,-18.958174,-0.05618935,16.050123,-11.581499,-1.4937915,-7.536921,-3.9656818,6.1935987,-2.2078876,6.8240585,12.465596,2.4767463,-6.5492287,-3.8425007,12.566915,8.966571,-10.325079,-6.860303,-21.38396,-9.401478,17.715994,-6.997917
P55072,-10.7906065,10.86719,15.393047,-3.1556587,6.54577,-2.347466,-0.25623962,-11.299247,-5.712624,-10.739581,-9.307482,-8.271217,3.033661,11.044518,8.545123,-15.979366,-3.80017,-1.781432,1.9644263,9.269215,8.455788,6.498152,-11.963445,6.1777287,12.883546,-0.9766542,-7.4878488,-7.4024277,-15.678136,8.291959,12.589977,-3.792554,-6.8069506,-7.5630484,-6.3366075,-11.064375,-7.8142524,3.7484064,9.022691,-13.483822,-7.4923105,-8.258155,-14.379033,0.1570522,12.356993,-9.027826,-1.8610554,-6.277249,-4.077018,4.323451,-1.3763131,5.638856,10.565693,1.7504679,-5.5573587,-3.579714,9.609192,8.244874,-7.4195285,-5.472288,-17.843643,-6.0748672,14.092634,-6.2397623
P09169,-12.421925,14.172079,17.872232,-3.6901188,8.539642,-2.8498425,-0.6584063,-13.688522,-7.206384,-13.085158,-11.505866,-10.807884,3.3987765,14.528591,9.99788,-20.161472,-5.8988137,-2.8735065,1.8513939,11.501255,10.654051,8.903526,-15.45005,9.145565,16.232618,-1.0435491,-10.058004,-8.9159,-19.151516,10.362436,15.986373,-5.9739847,-9.572111,-8.75588,-8.977685,-13.254869,-8.692918,4.888678,10.760499,-17.00941,-9.141724,-10.829224,-18.825945,-0.642774,15.884772,-11.469276,-2.0642855,-7.415529,-4.704398,5.7265654,-2.1166687,6.8749948,12.796382,2.4964576,-7.004957,-4.2193017,11.810743,9.062186,-9.4245825,-6.8252974,-21.737774,-8.860257,17.641329,-7.0475526
Q05201,-10.572126,11.37163,15.472292,-3.4804237,7.207585,-2.2418451,-0.5427229,-11.289858,-6.207859,-10.7867565,-9.573289,-8.70674,3.1025186,11.596152,8.594028,-16.857407,-4.211316,-2.1900675,2.034651,9.644012,8.72904,6.8558874,-12.524656,6.817911,13.534177,-0.92519116,-7.975941,-7.323014,-16.125593,8.343584,12.884502,-4.4477234,-7.334568,-7.7272396,-6.8693027,-10.918482,-8.179981,3.9614472,9.46673,-13.788624,-7.741208,-8.879171,-15.15073,-0.33852464,13.064683,-9.209196,-1.8863312,-6.200548,-4.215748,4.2676616,-1.476431,5.7782917,10.8419485,1.8918265,-5.742178,-3.6649535,9.567831,8.076271,-7.3829885,-5.6737185,-18.4611,-6.5627375,14.65013,-6.050981
P0A7J3,-11.4837265,11.559991,16.490978,-3.1656795,6.844316,-2.4639573,-0.11163121,-11.9336195,-5.94946,-11.7100115,-9.860515,-8.845198,3.2021422,11.674508,8.956332,-17.049051,-3.569085,-1.6602546,2.2447639,9.514685,8.811839,6.712095,-12.73878,6.173221,13.522849,-0.985937,-7.4438715,-7.9318633,-16.33002,8.595941,13.055925,-3.7689626,-7.077033,-8.209283,-6.620515,-11.956948,-8.062457,3.8924587,9.7578125,-14.377202,-7.907319,-8.508182,-14.961817,0.56074566,13.048836,-9.433603,-1.6762034,-6.651979,-4.128172,4.529462,-1.2991341,6.0451913,11.073001,1.6281654,-5.4805074,-3.659232,10.374754,8.87667,-8.074831,-5.7455397,-18.894178,-6.2319665,14.9078,-6.6711473
O95881,-14.001232,18.07561,20.42985,-4.1812544,10.951601,-3.2765474,-1.104054,-16.197392,-8.884698,-15.806829,-13.810368,-13.793935,3.6968546,18.532257,11.346555,-25.096586,-8.249872,-4.0085316,1.7509553,13.796558,12.991419,11.710985,-19.481476,12.529911,20.217617,-0.9367278,-12.69754,-10.6590605,-22.544113,12.459248,19.474771,-8.637379,-12.883984,-10.271873,-12.212857,-15.685376,-9.471722,6.117937,12.8630705,-20.895676,-11.009075,-13.73,-23.806053,-1.4143304,19.90697,-13.908529,-1.9821031,-8.5728,-5.120453,7.2510324,-2.9069061,8.300602,15.088503,3.1218476,-8.316568,-4.8004026,14.4234085,9.695555,-11.91297,-8.386754,-25.93782,-12.076915,21.714048,-7.890036
P13635,-11.852549,14.78886,17.546001,-4.155396,9.516665,-2.5951917,-1.1253479,-13.45516,-7.8477015,-12.823608,-11.597121,-11.261207,3.3875844,15.096237,9.85265,-21.173225,-6.725839,-3.4320154,1.8070686,12.026464,10.902942,9.515704,-15.955627,10.138212,17.289467,-0.87669903,-10.779345,-8.725374,-19.36028,10.324951,16.105955,-7.1150026,-10.385406,-8.9510355,-9.808206,-12.812425,-9.233586,5.1303234,11.2287,-17.055763,-9.467787,-11.710321,-19.77401,-1.4178119,16.642796,-11.378009,-2.112148,-7.183395,-4.794968,5.5984373,-2.3320973,6.9827924,13.0072775,2.575821,-7.2620344,-4.3491545,11.633274,8.46413,-9.317864,-7.12216,-22.22363,-9.505502,18.298769,-6.730276
P12235,-10.967795,10.280167,15.585201,-3.0402186,6.1884136,-2.2214372,0.004784304,-11.090057,-5.429772,-10.733605,-8.973321,-7.8479886,3.0441046,10.364901,8.526705,-15.499669,-2.8788679,-1.2687238,2.2841837,8.733651,7.976474,5.7905936,-11.478657,5.1401205,12.321717,-0.94509614,-6.571716,-7.401456,-15.037552,7.902921,11.926331,-2.9270694,-6.04172,-7.7051973,-5.6584826,-11.026053,-7.894661,3.4506526,9.027081,-12.949105,-7.3314962,-7.596889,-13.437516,0.81812435,11.768551,-8.569248,-1.6814022,-6.2531824,-3.8795166,4.0375247,-1.0928319,5.509168,10.278985,1.5104944,-5.074609,-3.424474,9.595755,8.550535,-7.33725,-5.281857,-17.464828,-5.3277493,13.635702,-6.37679
P0AER0,-11.601772,11.240988,16.640915,-3.6982315,7.1403913,-2.273724,-0.28791258,-11.799969,-6.076581,-11.18141,-9.751753,-8.552707,3.3331726,11.221512,9.274078,-17.18224,-3.3851762,-1.6750917,2.3903153,9.935663,8.686907,6.63584,-12.363139,5.768502,13.966891,-1.1196254,-7.5031524,-7.896777,-16.364101,8.542925,12.892822,-3.5677955,-6.6424575,-8.452058,-6.318143,-11.512882,-9.282495,3.837619,9.918779,-13.687221,-8.145081,-8.686575,-14.9096775,0.5705906,12.769012,-9.15074,-2.0041947,-6.613878,-4.4215426,4.164571,-1.269688,5.993544,11.209013,1.7595212,-5.6756988,-3.8924441,10.170631,8.956754,-7.789093,-5.918902,-19.116507,-5.776246,15.117307,-6.9490356
P43364,-19.97027,25.157701,29.014397,-5.8140087,15.37078,-4.473552,-1.4771546,-22.786283,-12.553706,-22.306479,-19.34056,-19.293722,5.089325,25.991983,16.254965,-35.14224,-11.314053,-5.6665626,2.6310015,19.07714,18.043873,15.824806,-27.612823,17.540846,27.680044,-1.3145623,-17.674397,-14.849618,-31.73825,17.644722,27.686346,-11.646541,-17.85096,-13.953548,-16.888453,-21.941977,-13.187982,8.497585,17.803396,-29.345995,-15.359985,-18.98806,-33.49506,-1.9377922,28.164871,-19.942352,-2.8270442,-12.0901575,-7.012651,10.355765,-4.2193165,11.325821,21.28829,4.848645,-11.747678,-6.5301404,20.33478,13.837863,-16.643272,-11.567951,-36.551983,-17.350584,30.242882,-10.765911
Q9Y3E5,-8.757661,9.416739,12.479805,-2.3386376,5.5522985,-1.977435,-0.14885058,-9.384686,-4.708225,-9.196792,-7.686023,-7.1824427,2.4264722,9.597403,6.7502947,-13.493575,-3.4612525,-1.4210579,1.486926,7.403491,7.0380826,5.7345514,-10.329892,5.565829,10.853164,-0.6484175,-6.2117105,-6.269084,-12.694766,6.8045154,10.495993,-3.5184383,-6.1390066,-6.3105235,-5.7822943,-9.300535,-5.8611636,3.1998074,7.5053177,-11.510324,-6.132319,-6.92604,-12.222878,0.13477306,10.526822,-7.4881167,-1.2168944,-5.1751866,-3.0569928,3.785425,-1.2053535,4.7678943,8.576218,1.3447231,-4.4063163,-2.8297555,8.225366,6.552852,-6.5753856,-4.6441436,-14.638282,-5.4514394,11.883684,-5.038544
O80568,-12.437633,17.487747,19.084475,-4.720366,11.418587,-2.9292116,-1.6237012,-14.758597,-9.29074,-14.518689,-13.458915,-13.499212,3.8007793,18.00449,10.608437,-24.769955,-8.3305,-4.606197,1.7705998,13.592259,12.527549,11.446469,-18.848309,12.679025,19.790464,-1.0103948,-12.862017,-9.396085,-22.109514,11.509016,18.501198,-9.186117,-12.671857,-9.773594,-12.015684,-14.052961,-9.866552,6.2327914,12.8693495,-19.870024,-10.5655155,-13.891252,-23.32697,-2.4971983,19.670351,-13.238071,-2.1527762,-7.725623,-5.3686476,6.403833,-2.868072,7.975736,14.625828,3.120159,-8.127873,-4.834976,12.772182,8.852989,-10.459297,-8.146974,-25.353573,-11.651496,21.083029,-6.8175535
P16402,-4.5048256,4.1765175,6.598558,-1.7112284,2.9942944,-0.80412847,-0.16478413,-4.553059,-2.597469,-4.1977844,-3.6860425,-3.2143114,1.5131269,4.3112736,3.612154,-6.7819176,-1.2238055,-0.51854825,1.2207149,3.7854884,3.388151,2.4010315,-4.8347936,2.1279867,5.6033273,-0.32290637,-2.8342865,-3.0457394,-6.4291825,3.0491698,4.897198,-1.3121082,-2.4816234,-3.5894382,-2.41152,-4.1645646,-4.0311275,1.4873663,4.1815434,-5.1441216,-3.1685956,-3.4764545,-5.728846,0.08768439,5.1024175,-3.314019,-0.84301156,-2.5629406,-1.8394028,1.2849826,-0.30895165,2.4000952,4.373431,0.64963937,-2.2601821,-1.575499,3.7364285,3.6458328,-2.7505515,-2.4114578,-7.5358596,-2.0118349,5.9736004,-2.6942692
P0A7E9,-11.919728,11.719555,16.499434,-3.162378,6.929772,-2.5001152,-0.11781229,-12.370328,-5.8849897,-11.621922,-9.75007,-8.794641,3.0746377,11.802277,9.235511,-16.98171,-4.2865195,-1.6479644,1.9194267,9.878984,8.973249,7.110961,-12.824025,6.677288,13.97231,-0.9479861,-7.9755,-8.29913,-16.41767,9.133314,13.630938,-3.9798548,-7.3940783,-8.110973,-6.9373345,-12.11289,-8.245316,3.9230099,9.379034,-14.359163,-8.108144,-8.719022,-15.505735,0.5269164,13.08106,-9.637675,-1.9411134,-6.90309,-4.073699,4.959964,-1.6477484,5.9707174,11.267355,1.8975372,-6.0094967,-3.791278,10.817356,8.75149,-8.484388,-5.977947,-18.892744,-6.729289,15.199238,-6.949569
O15245,-13.645222,17.462978,20.249325,-4.569279,11.016949,-3.0999882,-1.2938673,-15.685345,-9.091096,-15.171254,-13.645146,-13.39857,3.826911,18.000404,11.34801,-24.744177,-7.9455566,-4.178755,1.9806867,13.768418,12.760188,11.161083,-19.008144,12.190078,19.78065,-1.0197934,-12.629023,-10.102536,-22.589003,12.103371,19.082214,-8.41471,-12.375544,-10.060569,-11.68553,-14.966099,-10.02216,6.052186,12.871479,-20.277273,-10.855218,-13.635052,-23.336578,-1.7824408,19.676922,-13.658299,-2.259019,-8.310671,-5.397085,6.7631283,-2.798221,8.077898,15.04313,3.2288294,-8.376181,-4.8574505,13.630492,9.702992,-11.0234375,-8.185397,-25.829203,-11.621189,21.26415,-7.5389233
O95372,-13.742099,16.111639,19.889954,-4.0991464,9.851171,-3.051763,-0.80968666,-15.246349,-8.208137,-14.735723,-12.839447,-12.32706,3.688391,16.557623,11.103527,-22.93855,-6.74421,-3.333923,2.093585,12.75972,11.893794,10.031967,-17.675993,10.567927,18.28146,-1.0348969,-11.275936,-9.964703,-21.265724,11.562574,17.980547,-6.9325113,-11.01202,-9.737586,-10.388444,-14.722227,-9.553434,5.4898844,12.101055,-19.12446,-10.262462,-12.264153,-21.418736,-0.8220256,18.123123,-12.899409,-2.1239214,-8.211273,-5.0391192,6.4768276,-2.4516876,7.6446033,14.2693615,2.9188762,-7.75748,-4.5715885,13.348168,9.902471,-10.71793,-7.6684985,-24.39338,-10.380101,19.905434,-7.670974
C0HLV2,-18.349428,25.963669,27.125193,-5.837628,15.641362,-4.6580367,-2.1636348,-22.321299,-12.631611,-21.489782,-19.551882,-19.825981,4.826755,26.817118,15.371608,-35.31106,-13.094151,-6.78978,1.6557914,19.876545,18.685553,17.47209,-27.68339,19.355988,28.547716,-1.3386701,-19.166553,-14.387248,-31.889189,17.750933,27.90537,-13.711197,-19.254942,-13.437728,-18.183863,-21.283796,-12.354224,8.907058,17.370752,-29.595884,-15.280056,-20.151972,-34.510166,-3.40555,28.399794,-20.032694,-2.8829782,-11.536386,-7.2649217,10.477892,-4.539217,11.498329,20.973577,4.9161477,-12.186568,-6.660454,19.629566,12.250858,-16.427994,-11.666816,-36.002766,-18.33906,30.429022,-10.267852
P07148,-11.205051,10.941049,15.862727,-3.2076771,6.6112022,-2.3273559,-0.14300181,-11.521974,-5.660132,-10.991917,-9.371873,-8.31334,3.095503,11.007693,8.787923,-16.291307,-3.4686155,-1.5441805,2.114255,9.33739,8.42306,6.4912777,-12.045609,5.8036504,13.183215,-1.0129117,-7.243199,-7.7155566,-15.659027,8.355113,12.607242,-3.4868562,-6.6221967,-7.925106,-6.2540193,-11.330781,-8.213869,3.7018197,9.262969,-13.485511,-7.6887813,-8.221772,-14.401207,0.59880227,12.323884,-8.99531,-1.7974571,-6.4412475,-4.0554833,4.310905,-1.2964718,5.7530503,10.675491,1.6986324,-5.447731,-3.62354,9.992325,8.54303,-7.759006,-5.6283174,-18.136074,-5.8685093,14.413719,-6.6235213
A0FKN5,-12.348398,18.789122,19.50845,-5.1552014,13.046987,-2.6657958,-2.1051564,-15.0610485,-10.570188,-15.076394,-13.988644,-14.679987,3.8355637,19.759064,10.8786955,-26.79228,-9.597818,-5.480642,1.9490855,13.934291,13.120211,11.956472,-20.895683,14.766703,20.725662,-0.69094175,-14.077436,-9.321007,-23.22159,11.91354,19.912312,-10.573057,-14.232544,-9.6689205,-13.530131,-13.866753,-10.012782,6.7661047,13.5710125,-21.058815,-10.97021,-15.130212,-25.626001,-3.713658,21.94736,-14.24334,-2.128641,-7.7493706,-5.2590775,6.8075013,-3.40174,8.038436,15.368202,3.9148374,-8.741321,-4.76553,13.080779,8.589241,-10.68125,-8.559825,-26.847311,-13.736501,22.335804,-5.9492087
P46108,-12.636879,14.592042,18.53297,-4.107746,9.21115,-2.7545846,-0.83819914,-13.879758,-7.795883,-13.3638735,-11.877839,-11.192193,3.5959642,14.986827,10.348144,-21.137575,-6.0123186,-3.128957,2.1439242,11.90285,10.927193,8.978641,-16.051449,9.484413,16.833206,-1.0376507,-10.407873,-8.941016,-19.883081,10.497758,16.368824,-6.2766633,-9.85688,-9.095648,-9.247176,-13.35692,-9.409661,5.084951,11.415801,-17.416176,-9.496218,-11.32918,-19.513327,-0.92733854,16.669954,-11.742913,-2.1888165,-7.518643,-4.944659,5.6599326,-2.1702366,7.0489287,13.320876,2.624603,-7.229183,-4.37896,11.905836,9.351732,-9.375152,-7.048382,-22.720654,-9.132662,18.27835,-7.009764
P63104,-11.691074,13.173618,16.857044,-3.5932682,8.173396,-2.5659115,-0.6311416,-12.753345,-6.8843994,-12.193962,-10.696228,-10.060945,3.2408676,13.52022,9.431049,-18.966755,-5.442278,-2.6400619,1.8731151,10.716907,9.879276,8.1648655,-14.488007,8.488342,15.225731,-0.9424529,-9.3538065,-8.3009,-17.908983,9.614358,14.912518,-5.5034204,-8.866545,-8.267299,-8.337729,-12.268951,-8.434678,4.566794,10.197392,-15.779028,-8.588349,-10.129058,-17.615404,-0.61145204,14.946328,-10.651056,-1.979207,-6.9370713,-4.40313,5.258275,-1.9819348,6.3891716,12.033604,2.3705912,-6.5675216,-3.9690762,11.003981,8.564983,-8.716955,-6.4303346,-20.458504,-8.232149,16.561285,-6.542385
P10852,-11.1801195,12.393982,16.382673,-3.7985659,8.082165,-2.2601902,-0.70742345,-12.028188,-6.8353953,-11.467503,-10.159722,-9.467978,3.2238338,12.641675,9.153474,-18.342619,-4.903443,-2.4986198,2.1085012,10.384318,9.34896,7.517567,-13.673276,7.7668,14.774478,-0.8691347,-8.781177,-7.817635,-17.1613,8.980297,13.928981,-5.140679,-8.202868,-8.20621,-7.725531,-11.508831,-8.8061905,4.2948728,10.13363,-14.733876,-8.370733,-9.746944,-16.640152,-0.5936097,14.284325,-9.870076,-2.0005,-6.573893,-4.374263,4.6587467,-1.7608128,6.1172442,11.63165,2.1608734,-6.2574286,-3.8903568,10.311588,8.346895,-8.00034,-6.1762185,-19.818726,-7.4795594,15.886878,-6.2975907
P50222,-12.39336,14.504067,18.500847,-4.3733525,9.624501,-2.5622513,-1.0039543,-13.580568,-8.198066,-13.16605,-11.82577,-11.211953,3.6701288,15.024484,10.333675,-21.34388,-6.071678,-3.3409615,2.3409102,11.809361,10.825508,8.692814,-16.225077,9.712241,16.707235,-0.9740584,-10.521969,-8.574783,-20.005886,10.298196,16.340218,-6.4207797,-9.894729,-8.954281,-9.263376,-12.90607,-9.686644,5.1537,11.591975,-17.292597,-9.4498,-11.446629,-19.65464,-1.3472648,17.031792,-11.735921,-2.2815459,-7.3556714,-4.985589,5.469503,-2.2332568,6.9064884,13.409342,2.7881155,-7.298212,-4.362881,11.522182,9.290808,-8.925394,-7.0098386,-22.916597,-9.293409,18.241373,-6.5440373
P08238,-10.923019,11.613174,15.770052,-3.4177098,7.2231493,-2.3410838,-0.48537534,-11.659187,-6.21817,-11.065551,-9.728315,-8.856203,3.0985134,11.859139,8.801958,-17.040543,-4.417146,-2.1762955,1.9685256,9.808158,8.925721,7.038463,-12.792048,7.037287,13.732088,-0.92957747,-8.180165,-7.5842466,-16.414618,8.658488,13.295815,-4.497195,-7.536208,-7.7808084,-7.045354,-11.26694,-8.143365,4.02143,9.462756,-14.131509,-7.874225,-8.988233,-15.499278,-0.27252534,13.281484,-9.493685,-1.9327711,-6.408109,-4.220434,4.5304537,-1.5799863,5.857056,11.049324,1.9860183,-5.9327216,-3.7119067,9.920454,8.232605,-7.6915307,-5.7822123,-18.721928,-6.8359423,14.904892,-6.2298527
P07636,-15.942659,21.24804,24.22976,-5.609868,14.104805,-3.4996781,-1.6342131,-18.204103,-11.614776,-18.42773,-16.468224,-16.546585,4.7481375,22.062344,13.33566,-30.351343,-9.731303,-5.3202953,2.5484736,15.917105,14.974514,13.096087,-23.583511,15.343979,23.326385,-1.1985343,-15.331699,-11.439688,-27.224878,14.137769,22.964247,-10.50094,-15.219431,-11.701792,-14.351126,-17.51154,-11.967514,7.6522775,15.826533,-24.676004,-12.770008,-16.404232,-28.507915,-2.7410188,24.566486,-16.631493,-2.606024,-9.702711,-6.261311,8.131261,-3.692244,9.492363,18.194065,4.0442514,-9.824081,-5.756312,15.903764,11.549091,-12.839121,-9.855183,-31.466122,-14.45983,25.66774,-7.9238267
O75144,-11.4444685,10.132363,16.039145,-3.3220494,6.1446724,-2.2864196,-0.0073314407,-11.383354,-5.4385133,-10.604893,-9.069048,-7.612804,3.1764424,10.05985,8.951678,-15.43056,-2.8882782,-1.2017821,2.2945447,9.279683,8.121132,5.83886,-11.126235,4.860084,12.703629,-1.097188,-6.7914977,-7.5932145,-15.459357,8.197303,12.0420265,-2.7465022,-5.7738595,-7.963705,-5.361143,-11.238723,-8.713553,3.4373722,9.104634,-12.785937,-7.6076903,-7.6916523,-13.385053,0.9348734,11.525544,-8.546775,-2.0767705,-6.4803147,-4.2444234,4.0104136,-1.1168829,5.5908723,10.628432,1.4776493,-5.4355645,-3.7360547,9.674178,8.899685,-7.2645416,-5.4181514,-17.7852,-4.9201446,13.804325,-6.8549066
P08670,-13.211273,14.524863,18.77301,-3.6113863,8.678685,-2.9025147,-0.3868172,-14.203879,-7.2346168,-13.825691,-11.70031,-11.038492,3.4994915,14.719984,10.349108,-20.70978,-5.6470647,-2.4814844,2.0369391,11.526459,10.705446,8.938841,-15.824602,8.894512,16.663422,-1.0260719,-9.818688,-9.450817,-19.316193,10.6013775,16.197996,-5.684581,-9.582222,-9.297097,-9.029848,-14.028768,-8.996837,4.917261,11.189546,-17.442268,-9.443487,-10.750953,-19.023125,-0.013135837,16.135397,-11.584736,-1.9443116,-7.797733,-4.5917807,5.96541,-2.124239,7.099329,13.131481,2.3061495,-6.891736,-4.3016677,12.572826,9.62727,-10.084843,-7.08067,-22.33842,-8.773903,18.188847,-7.520634
Q9VDV4,-13.93577,17.823738,20.570068,-4.9339848,11.712959,-3.04289,-1.4780848,-15.913095,-9.577581,-15.196648,-13.869902,-13.697729,3.9512742,18.493092,11.7339525,-25.42792,-8.559403,-4.489896,1.9451017,14.1489105,12.963102,11.429037,-19.637362,12.943823,20.273579,-1.0845724,-13.366267,-10.1310835,-23.24542,12.468817,19.87002,-8.78847,-12.780312,-9.986717,-12.109259,-14.830027,-10.669568,6.3404884,13.018908,-20.547707,-11.089332,-14.147733,-24.348291,-2.2435908,20.39972,-14.152118,-2.5805557,-8.447104,-5.5502043,6.9828215,-3.1653562,8.047989,15.523168,3.7204628,-8.905917,-5.0559893,13.745387,9.77332,-11.070697,-8.506738,-26.563654,-12.275284,21.90818,-7.3887606
P36024,-12.31995,13.811314,18.145536,-4.2933054,9.025394,-2.5714617,-0.9229894,-13.386414,-7.7875767,-12.645428,-11.44698,-10.58073,3.5869412,14.239451,10.248726,-20.32691,-5.801518,-3.1174428,2.2530963,11.712836,10.579214,8.354915,-15.327145,9.087945,16.217485,-1.0163844,-10.209674,-8.460368,-19.555233,10.16938,15.836077,-5.963411,-9.312758,-8.769839,-8.655065,-12.693294,-9.662792,4.888046,11.116365,-16.602898,-9.254722,-11.0013485,-18.77253,-1.1425402,16.149523,-11.31972,-2.4391456,-7.285732,-5.0354214,5.293552,-2.1071193,6.7150693,13.110742,2.6410646,-7.2807302,-4.3642936,11.210367,9.232742,-8.584217,-6.766398,-22.17292,-8.664707,17.550459,-6.701992
Q8WV44,-10.905875,11.154837,15.436951,-3.308919,6.9058137,-2.2859335,-0.38663557,-11.49101,-5.902919,-10.707386,-9.337828,-8.429397,2.992469,11.3303,8.703599,-16.361456,-4.2911468,-1.9335055,1.8657912,9.590658,8.624767,6.823485,-12.254981,6.6675143,13.410511,-0.91546386,-7.910434,-7.5572815,-15.854653,8.547993,12.962243,-4.160333,-7.17434,-7.614717,-6.7238235,-11.047225,-8.100641,3.8352082,9.05351,-13.558188,-7.7113643,-8.627749,-14.97095,-0.044883206,12.678967,-9.165888,-1.9774582,-6.3557754,-4.0827026,4.482725,-1.5766976,5.65519,10.762305,1.9435439,-5.867595,-3.663859,9.824815,8.098771,-7.6185684,-5.679417,-18.106842,-6.5254765,14.4902525,-6.3004713
P14120,-9.549181,7.6464167,13.136383,-2.3108926,4.225479,-1.9910706,0.40178835,-9.219806,-3.8786137,-8.775375,-7.1381745,-5.7615433,2.6197622,7.570886,7.153395,-11.688172,-1.4917417,-0.36726803,2.0007129,6.8933196,6.243015,4.1771336,-8.49528,2.929214,9.495447,-0.9388831,-4.6392875,-6.2673607,-12.030371,6.3724346,9.269678,-1.2881358,-3.9529903,-6.501718,-3.6507497,-9.36131,-6.6260734,2.543703,7.176753,-10.154538,-5.8474593,-5.4367614,-9.81053,1.4924498,8.61891,-6.658234,-1.4883235,-5.342423,-3.2792094,3.1526308,-0.5917589,4.4953785,8.268307,0.89216244,-3.940858,-2.8864622,7.893586,7.6331296,-5.9364095,-4.1623383,-13.85217,-3.1944356,10.60918,-5.795842
Q9CR42,-12.575477,13.743052,18.350279,-3.910731,8.701671,-2.6420083,-0.5758291,-13.426848,-7.462872,-13.105004,-11.384752,-10.583908,3.5785995,14.126992,10.144202,-20.16428,-5.213756,-2.6667655,2.3478327,11.139701,10.304716,8.09955,-15.34725,8.542326,15.791326,-1.0207613,-9.543543,-8.6529255,-19.113272,10.002407,15.606118,-5.4026794,-9.019323,-8.86809,-8.433376,-13.052955,-9.204394,4.7947516,11.110426,-16.718725,-9.079021,-10.479158,-18.338106,-0.4875255,15.9198065,-11.254104,-2.0957937,-7.3758345,-4.7193246,5.3816504,-1.9671079,6.738625,12.886084,2.432443,-6.779581,-4.188655,11.542948,9.505968,-8.975035,-6.7051673,-21.967093,-8.374047,17.421206,-6.823599
Q92997,-12.947325,17.032206,19.667812,-4.8466973,11.433998,-2.735643,-1.5169458,-14.892704,-9.439685,-14.538248,-13.242417,-13.181571,3.8266377,17.70221,11.025217,-24.59533,-7.9048877,-4.3767967,2.1771054,13.3447485,12.319645,10.64121,-18.87207,12.285737,19.328268,-0.8923374,-12.514336,-9.41252,-22.14272,11.52832,18.593473,-8.515743,-12.224749,-9.700904,-11.565163,-13.959336,-10.22105,6.0254087,12.857582,-19.610916,-10.5787735,-13.56506,-23.102652,-2.3068519,19.75061,-13.286256,-2.2845273,-7.8719635,-5.2849035,6.3395276,-2.8343873,7.72363,14.78249,3.3770406,-8.24515,-4.7233953,12.848468,9.30024,-10.256044,-8.017407,-25.506895,-11.629384,20.852121,-6.7565804
P06169,-14.609002,14.985774,20.845673,-4.0671835,8.888658,-3.2167063,-0.35107818,-15.402311,-7.8301554,-14.804311,-12.743994,-11.442922,3.9603815,15.333309,11.590833,-21.724195,-5.451007,-2.652789,2.5330753,12.486652,11.557268,8.807647,-16.598135,8.894621,17.156103,-1.2859073,-10.3915205,-9.945076,-21.457542,11.48444,17.452719,-5.366248,-9.576553,-9.846052,-8.821965,-15.176749,-10.020917,5.1580176,12.022633,-18.712818,-10.092659,-11.211212,-19.84693,-0.007649263,17.134617,-12.67371,-2.4772093,-8.5274,-5.379652,6.212954,-2.0865319,7.529881,14.425095,2.5786314,-7.6376953,-4.718803,13.139019,11.073547,-10.149922,-7.287989,-24.27717,-8.866932,19.025108,-8.119122
P38822,-10.812907,9.961944,15.484643,-3.2896037,6.1459646,-2.1989837,-0.15113413,-10.933746,-5.5436974,-10.31194,-8.950048,-7.5932283,3.1128309,10.086252,8.602645,-15.205065,-2.9274352,-1.4608855,2.3122976,8.961008,8.013454,5.6145334,-11.129999,5.0919075,12.177067,-1.0204512,-6.778556,-7.120578,-15.296139,7.8783894,11.849096,-2.9347022,-5.842907,-7.552902,-5.384186,-10.712425,-8.2296505,3.4350884,8.950181,-12.675696,-7.305652,-7.6562023,-13.251788,0.47939098,11.619557,-8.514071,-1.9833963,-6.165615,-4.174893,3.836016,-1.077722,5.415901,10.362948,1.5852827,-5.3245964,-3.5451708,9.132946,8.551022,-6.7872543,-5.169011,-17.437115,-5.117347,13.377096,-6.2654324
P43405,-12.551362,13.97133,18.15569,-3.7443638,8.485696,-2.7935882,-0.56541216,-13.617048,-7.205342,-13.159911,-11.467436,-10.67629,3.4838498,14.254308,10.059579,-20.131016,-5.4321704,-2.6752217,2.0849683,11.370514,10.498291,8.574954,-15.275213,8.647969,16.10726,-1.0541276,-9.681221,-8.899001,-19.062279,10.183978,15.678503,-5.6195154,-9.225087,-8.957008,-8.648233,-13.315901,-8.940452,4.7990985,10.971827,-16.860796,-9.152895,-10.608903,-18.438643,-0.3752307,15.733476,-11.270174,-2.0258875,-7.431164,-4.7251368,5.5364976,-1.9615554,6.8908677,12.804888,2.3219743,-6.8016453,-4.2227745,11.779039,9.328959,-9.319969,-6.775121,-21.808352,-8.427084,17.545872,-7.1355762
Q9H307,-15.152024,16.974024,21.842745,-4.379107,10.335982,-3.230662,-0.59620345,-16.340807,-8.5621,-16.005966,-13.667535,-12.954718,4.0581274,17.167889,12.041806,-24.481808,-6.373613,-3.0495403,2.5182698,13.509257,12.429941,10.375032,-18.504637,10.273529,19.565655,-1.1876054,-11.339354,-10.888153,-22.440083,12.188071,18.695202,-6.7020125,-11.12901,-10.919948,-10.547851,-16.116241,-10.721928,5.6982923,13.255408,-20.177395,-11.090425,-12.67874,-22.219425,-0.07817522,18.893888,-13.402476,-2.1699302,-8.924366,-5.3710814,6.7251177,-2.3825228,8.278763,15.265011,2.7199702,-7.887738,-4.9551425,14.533284,11.095248,-11.64257,-8.231731,-26.176882,-10.217184,21.28726,-8.689925
P02489,-15.271075,18.34402,22.323648,-4.880032,11.65192,-3.2923663,-1.1314911,-16.992758,-9.688927,-16.454178,-14.51664,-14.072961,4.183488,18.911545,12.528413,-26.241087,-8.044818,-4.1055593,2.3558838,14.515283,13.429493,11.366359,-20.237743,12.510162,20.772234,-1.1363102,-13.16291,-10.943288,-24.226013,13.052009,20.478472,-8.274823,-12.741268,-10.794736,-11.99735,-16.264132,-11.054469,6.3678403,13.75935,-21.599052,-11.624074,-14.148632,-24.650599,-1.4638184,20.926014,-14.681908,-2.5497406,-9.139756,-5.732689,7.3134294,-3.0086958,8.51192,16.288116,3.508478,-8.973641,-5.219271,14.805877,10.962241,-11.8197775,-8.7226515,-27.81178,-12.133431,22.628586,-8.215084
P15303,-9.312807,9.312693,13.197477,-2.7831814,5.7526255,-1.9445992,-0.21519247,-9.689787,-4.919992,-9.141463,-7.855128,-7.043399,2.6213126,9.401477,7.3250413,-13.7760725,-3.315488,-1.4046128,1.704085,7.9634094,7.187234,5.638251,-10.219601,5.2619696,11.3130245,-0.7806355,-6.3883343,-6.446767,-13.268306,7.0598,10.704681,-3.2720268,-5.8417444,-6.6632195,-5.496005,-9.425996,-6.955579,3.1981146,7.814926,-11.383402,-6.49689,-7.121516,-12.347322,0.21795344,10.55176,-7.5471716,-1.6009471,-5.403561,-3.447703,3.6575534,-1.1909798,4.8531976,9.0437975,1.4393796,-4.766114,-3.117993,8.322599,7.034663,-6.455377,-4.81955,-15.279053,-5.1305523,12.225617,-5.462404
Q7LX99,-13.793317,16.062183,20.325695,-4.560263,10.421949,-2.8024178,-0.99425685,-15.140849,-8.800661,-14.646044,-12.85672,-12.326394,3.8363178,16.552689,11.351817,-23.39128,-6.7462554,-3.5013585,2.4788685,12.927271,11.898167,9.651981,-17.865343,10.685117,18.471577,-0.9275095,-11.414046,-9.724702,-21.657757,11.473906,17.977104,-7.0410094,-11.011342,-9.890295,-10.3289175,-14.474991,-10.316205,5.527999,12.571479,-19.03209,-10.460385,-12.488011,-21.606998,-1.1768963,18.623425,-12.845899,-2.3387742,-8.187677,-5.2145295,6.232011,-2.486432,7.584201,14.639979,2.9969497,-7.9638815,-4.6710167,13.100965,10.101776,-10.250603,-7.7033157,-24.975348,-10.422172,20.053234,-7.4031944
Q9KK62,-9.745501,6.6855183,13.031214,-2.1599293,3.160008,-2.2188516,0.62187934,-9.184227,-3.2635145,-8.311039,-6.904589,-4.912324,2.6489992,6.5057545,7.2242603,-10.197617,-0.96042126,-0.03311692,1.8924689,6.867236,6.0603485,3.6668253,-7.2342587,1.9024419,8.638306,-1.1740901,-4.2690887,-6.1627574,-11.901947,6.3671703,8.780347,-0.43859118,-2.9991064,-6.2688837,-2.5813503,-9.433209,-6.5870323,2.2579439,6.574119,-9.554613,-5.5736985,-4.7308836,-8.5158205,1.8601573,7.3896036,-6.3609548,-1.8347225,-5.4157324,-3.5786695,2.9991772,-0.37534866,4.3445215,8.07069,0.6522411,-3.9976385,-3.0092306,7.486199,7.9624295,-5.426211,-3.7955976,-13.091537,-2.106794,9.648174,-6.1596856
P00360,-11.807082,12.262714,16.91588,-3.2212324,7.349188,-2.5175629,-0.17594522,-12.386944,-6.288675,-12.206902,-10.223713,-9.400535,3.2345042,12.469002,9.211383,-17.919304,-4.1042666,-1.8709335,2.1983376,9.809307,9.180126,7.1706476,-13.599963,6.944352,14.121815,-0.94432026,-7.9796395,-8.221946,-16.91431,9.009374,13.832442,-4.243131,-7.7354946,-8.334345,-7.2713757,-12.317924,-8.118111,4.1429214,10.029476,-15.09747,-8.185025,-9.00209,-15.991764,0.35990208,13.884995,-9.978384,-1.6732022,-6.869395,-4.112412,4.901625,-1.5411217,6.213505,11.484006,1.8805158,-5.770864,-3.723055,10.870339,8.960722,-8.550173,-6.0370398,-19.628124,-7.017115,15.639193,-6.6877513
O43924,-12.596684,13.275882,18.151905,-3.5590532,7.946463,-2.7255526,-0.3036698,-13.333553,-6.827397,-13.042357,-11.103633,-10.1623745,3.4730222,13.479603,9.938615,-19.371918,-4.5488405,-2.1942976,2.3157682,10.803004,10.016996,7.8590703,-14.612269,7.6033874,15.353675,-1.0509437,-8.789199,-8.800553,-18.39284,9.770386,14.940326,-4.7649517,-8.420541,-8.962573,-7.8886337,-13.232376,-8.823809,4.489471,10.819829,-16.285854,-8.885375,-9.8722105,-17.328768,0.21225782,14.984883,-10.78897,-1.8780351,-7.3591843,-4.563056,5.2478337,-1.667147,6.7292933,12.432624,2.0451543,-6.3273253,-4.063769,11.610481,9.561099,-9.108734,-6.4930654,-21.218922,-7.6053047,16.87818,-7.213102
P62277,-12.929845,13.848763,18.772717,-3.9744012,8.631149,-2.734842,-0.5307822,-13.739488,-7.4136214,-13.300488,-11.579042,-10.621824,3.6486108,14.143045,10.40445,-20.352673,-5.0781355,-2.5889366,2.397651,11.443961,10.481969,8.221739,-15.339479,8.32598,16.105198,-1.1026613,-9.554706,-8.924354,-19.400982,10.204482,15.740248,-5.272483,-8.935848,-9.158991,-8.358599,-13.408679,-9.507802,4.785876,11.283784,-16.872633,-9.292159,-10.562388,-18.394733,-0.2526674,15.882586,-11.337747,-2.161769,-7.5613594,-4.883901,5.4102707,-1.8923148,6.908239,13.0889635,2.3670278,-6.859451,-4.309385,11.809281,9.7920685,-9.175543,-6.805594,-22.28302,-8.193845,17.666914,-7.23043
O95970,-15.429067,20.902807,23.146275,-5.518125,13.405653,-3.593417,-1.8832862,-18.192793,-11.001848,-17.48515,-16.139475,-16.059305,4.390063,21.652683,13.131482,-29.390131,-10.225831,-5.5489774,1.9969082,16.476706,15.202765,13.624746,-22.690287,15.393628,23.496244,-1.1954842,-15.660691,-11.525671,-26.800587,14.350017,22.80831,-10.801394,-15.2252445,-11.381396,-14.357362,-17.123566,-11.616384,7.3654017,14.952886,-23.980085,-12.740274,-16.593248,-28.21034,-2.949834,23.613012,-16.336782,-2.7847831,-9.525182,-6.4063964,8.085108,-3.6183705,9.401187,17.726898,4.130766,-10.189433,-5.739026,15.679799,10.761298,-12.74529,-9.67624,-30.40921,-14.459025,25.162119,-8.334858
O88384,-14.256122,12.598737,19.111776,-2.3829448,5.84294,-3.4246786,0.93122464,-14.315488,-5.1045227,-13.914024,-11.090865,-9.461272,3.281069,12.572514,10.306469,-17.411196,-3.4783888,-0.89319164,1.9955312,10.460845,9.695567,7.565764,-13.597688,5.828836,14.171435,-1.5075566,-7.785755,-9.683135,-18.081873,10.546032,14.937097,-2.8612592,-7.178524,-8.9591465,-6.462382,-14.9340105,-7.7370324,4.112702,9.649434,-16.569794,-8.653527,-8.172946,-15.689205,2.2283857,13.302868,-11.121608,-1.8932934,-8.204208,-4.3280387,6.086563,-1.4436415,6.577049,12.208443,1.6064698,-6.0207705,-3.8725853,12.866504,10.59862,-10.177861,-6.1692834,-20.368336,-6.4327207,15.958232,-8.519965
Q9ZVD5,-10.671796,11.473739,15.373937,-3.2113492,6.9602146,-2.381583,-0.43442914,-11.481045,-6.0008564,-10.951272,-9.590936,-8.757032,3.0109777,11.7386055,8.544468,-16.652138,-4.385772,-2.134248,1.8395975,9.559932,8.806333,7.0131946,-12.596415,6.9805202,13.39706,-0.9212252,-8.03556,-7.4766607,-16.088682,8.522681,13.096191,-4.4606504,-7.4843445,-7.5753636,-6.9890842,-11.158049,-7.6836996,3.9682004,9.200048,-14.019097,-7.6594257,-8.790924,-15.218859,-0.24957861,13.018558,-9.38998,-1.8214742,-6.293836,-4.0970488,4.5352645,-1.54661,5.7822504,10.773528,1.922052,-5.7742877,-3.6036735,9.78323,8.032076,-7.6505675,-5.649507,-18.26897,-6.778656,14.590593,-6.108745
O00585,-9.957341,10.076913,14.172823,-2.9925022,6.156171,-2.1339562,-0.29149428,-10.45887,-5.3116426,-9.835185,-8.567603,-7.653991,2.8009925,10.247205,7.9161253,-14.863141,-3.6180382,-1.669728,1.7998701,8.650494,7.8414774,6.1096106,-11.094331,5.792869,12.096689,-0.8805237,-7.0033107,-6.888522,-14.46416,7.6770463,11.685212,-3.589785,-6.3540545,-7.039707,-5.9586883,-10.123845,-7.359832,3.4698303,8.350013,-12.382403,-6.9782357,-7.7509737,-13.422706,0.09551136,11.451772,-8.311063,-1.742796,-5.7939234,-3.773526,3.9714985,-1.2886832,5.2192345,9.762063,1.677004,-5.203995,-3.3287606,8.905208,7.540573,-6.895846,-5.13309,-16.505648,-5.686895,13.141631,-5.8135734
P09382,-10.115263,8.620617,13.929798,-2.3420486,4.7453446,-2.1450346,0.3819521,-9.958177,-4.2579856,-9.619314,-7.747489,-6.521438,2.704053,8.607863,7.5548534,-12.877193,-2.0070646,-0.5686301,1.9965096,7.3639903,6.8213925,4.792336,-9.584829,3.731917,10.342775,-0.92083824,-5.232954,-6.770425,-12.931237,6.9593725,10.250733,-1.8055177,-4.743972,-6.8477993,-4.4101505,-10.117186,-6.6971,2.85052,7.668134,-11.259167,-6.2822247,-6.0503216,-11.045259,1.40842,9.661242,-7.384997,-1.4476839,-5.7142096,-3.3373442,3.6317456,-0.7994407,4.8440766,8.876238,1.0761561,-4.256093,-3.003354,8.662748,7.9359713,-6.648873,-4.535346,-14.941138,-4.0309386,11.608628,-6.0219703
P42801,-10.32036,11.106306,15.177797,-3.4211583,7.0976133,-2.191504,-0.51171166,-10.972086,-6.12888,-10.593994,-9.390135,-8.538098,3.0918975,11.338439,8.377557,-16.521294,-4.0440135,-2.1288085,2.04236,9.34321,8.488952,6.629307,-12.280774,6.63377,13.153785,-0.92600363,-7.757084,-7.086129,-15.803324,8.081107,12.555967,-4.31366,-7.132628,-7.563172,-6.6737304,-10.657275,-8.025388,3.9138885,9.340205,-13.521238,-7.5279775,-8.640417,-14.776749,-0.34642345,12.829568,-9.005531,-1.8365375,-6.0460525,-4.1343107,4.1341004,-1.4350355,5.65376,10.619147,1.820632,-5.5544276,-3.594591,9.281092,7.966331,-7.14613,-5.546183,-18.11472,-6.346379,14.321211,-5.830472
O95801,-16.605997,22.243423,25.197483,-6.000333,14.619217,-3.637167,-1.9180274,-19.244282,-12.018715,-18.953117,-17.216948,-17.212479,4.807584,23.052952,14.099644,-31.759531,-10.33729,-5.753793,2.5750446,17.208652,15.9520645,13.994875,-24.468485,16.064386,24.871975,-1.2097695,-16.233397,-12.17942,-28.528881,15.013784,24.103065,-11.172186,-15.994251,-12.342686,-15.112976,-18.252031,-12.694388,7.835762,16.419008,-25.589819,-13.604925,-17.49855,-29.951336,-2.9344199,25.493633,-17.341524,-2.8087785,-10.142848,-6.7069674,8.426361,-3.7568898,9.993412,19.00869,4.3412266,-10.5400715,-6.0283127,16.739151,11.829794,-13.500229,-10.302223,-32.826546,-15.247488,26.913204,-8.683131
Q86VP1,-12.6919985,13.2852125,18.14081,-3.2508125,7.7616525,-2.7512639,-0.12363496,-13.399175,-6.6711397,-13.303965,-10.998518,-10.187815,3.376765,13.544237,9.831553,-19.20042,-4.453643,-1.998948,2.3056433,10.412627,9.903749,7.7173586,-14.744969,7.5780973,15.019568,-0.9521365,-8.522523,-8.898646,-18.11335,9.750596,14.946866,-4.5891776,-8.451863,-8.850135,-7.9159265,-13.41629,-8.276694,4.4257665,10.664762,-16.43179,-8.740581,-9.597556,-17.212992,0.44258377,14.988994,-10.837947,-1.6668497,-7.4091926,-4.2757287,5.4280996,-1.6724427,6.669074,12.281614,2.0152786,-6.1406827,-3.884207,11.834328,9.581663,-9.355715,-6.4095035,-20.989841,-7.758512,16.722137,-7.135947
Q86X19,-9.878301,6.6269264,13.313687,-2.3327484,3.1560476,-2.2685862,0.57235944,-9.281938,-3.3885543,-8.299143,-7.0673714,-4.865141,2.7636857,6.4482026,7.41934,-10.229514,-0.90939456,-0.11832479,1.9843543,7.119858,6.2012634,3.5885139,-7.153501,1.820514,8.683276,-1.256794,-4.4082456,-6.1191387,-12.324381,6.4613843,8.861711,-0.39477897,-2.8919117,-6.3456817,-2.4080234,-9.51687,-6.905161,2.2896435,6.716195,-9.63231,-5.669637,-4.8129063,-8.497371,1.7549523,7.4350476,-6.450573,-2.03066,-5.4862266,-3.8419895,2.9243536,-0.33746055,4.403531,8.299828,0.64808977,-4.1722455,-3.1441522,7.3668256,8.199113,-5.201498,-3.7826154,-13.376598,-1.9353559,9.666995,-6.237286
P47992,-9.795892,9.673916,13.9453745,-2.9678497,5.893161,-2.1102788,-0.2556841,-10.211473,-5.171079,-9.551507,-8.358239,-7.326428,2.7923872,9.803746,7.7827907,-14.324956,-3.4154124,-1.5703775,1.8093832,8.488722,7.644018,5.8267016,-10.612401,5.450638,11.720318,-0.8960391,-6.783267,-6.6859994,-14.204659,7.4790254,11.292393,-3.3661273,-6.0229926,-6.9181337,-5.594764,-9.931788,-7.324981,3.3541048,8.174581,-12.009961,-6.8106666,-7.4698734,-12.865198,0.13236111,11.029645,-8.034028,-1.8030138,-5.689403,-3.79764,3.8043122,-1.2062488,5.0996714,9.584175,1.5401576,-5.110891,-3.3188906,8.590615,7.5078626,-6.5702343,-4.96279,-16.110268,-5.2850995,12.69933,-5.740082
P15018,-13.050479,15.087285,19.003742,-4.2374787,9.447032,-2.8936048,-0.88407767,-14.369609,-7.9422126,-13.686529,-12.254637,-11.51302,3.6822822,15.420421,10.683668,-21.72683,-6.3705907,-3.2492855,2.052333,12.455689,11.32288,9.481735,-16.428225,9.838339,17.536697,-1.126935,-10.889556,-9.295582,-20.506008,10.942943,16.928064,-6.5701647,-10.208053,-9.383337,-9.585013,-13.81622,-9.775084,5.264348,11.6604,-17.907318,-9.843227,-11.75697,-20.17986,-0.95094204,17.044914,-12.099613,-2.3357563,-7.781193,-5.1548176,5.9048786,-2.2996364,7.2958503,13.7434635,2.6975806,-7.5546484,-4.5985103,12.325725,9.556044,-9.755544,-7.3324127,-23.365116,-9.396143,18.912798,-7.375392
P13199,-6.7690296,4.224292,9.438026,-2.0810802,2.6373868,-1.2317493,0.32429132,-6.041951,-2.611768,-5.4570384,-4.6374507,-3.1591754,2.1247344,4.0432205,5.1764917,-7.427061,0.016759,0.1575626,1.8919615,4.75949,3.9330044,2.0305457,-4.791735,0.5874453,6.2634735,-0.7935119,-2.5175872,-4.1086407,-8.164986,3.9049697,5.525453,0.09534217,-1.496556,-4.8915095,-1.3569822,-6.0274105,-5.791568,1.4658184,5.2149553,-5.978257,-4.0185328,-3.2985616,-5.5308075,1.3941116,5.069354,-3.8643155,-1.3604923,-3.6376917,-2.6921854,1.385057,0.04117562,3.0376654,5.665971,0.33435667,-2.5934782,-2.2046075,4.835083,5.8408785,-3.2717242,-2.7433078,-9.430495,-0.7097762,6.8361235,-4.3493195
P07141,-9.005322,9.393258,13.054199,-3.020257,6.03168,-1.8774282,-0.45828348,-9.552011,-5.2230077,-8.920664,-7.9556394,-7.1494093,2.6529615,9.594305,7.314545,-14.005673,-3.586722,-1.7663801,1.7339345,8.179465,7.3419704,5.6990957,-10.374104,5.6576114,11.423476,-0.76556355,-6.7481384,-6.1934032,-13.589164,7.041959,10.8373,-3.6488562,-6.060437,-6.541064,-5.6674595,-9.107821,-7.102991,3.2930207,7.9157267,-11.424001,-6.5315166,-7.4534307,-12.65531,-0.2973884,10.87492,-7.6573777,-1.7267443,-5.267348,-3.6215906,3.5392327,-1.2358425,4.8322196,9.155144,1.6073369,-4.9749007,-3.1531315,7.998216,6.861173,-6.107894,-4.8013167,-15.47664,-5.395097,12.278377,-5.182449
P68187,-12.315601,14.342192,17.924942,-3.8522627,8.636883,-2.893572,-0.8137319,-13.756049,-7.3531833,-13.046954,-11.714944,-10.929544,3.44674,14.690977,10.057164,-20.404968,-6.0587373,-3.1086597,1.8479676,11.869866,10.912941,9.116518,-15.50019,9.327554,16.53965,-1.0793264,-10.340518,-8.889275,-19.532555,10.455223,16.089619,-6.2687616,-9.740612,-8.863791,-9.0963745,-13.29159,-8.863911,4.957658,10.936575,-17.173256,-9.285609,-11.13827,-19.034832,-0.890213,16.046452,-11.552984,-2.161338,-7.4045324,-4.9405723,5.658469,-2.0822434,7.007465,12.959854,2.482513,-7.168089,-4.3236113,11.713346,9.040528,-9.303395,-6.8560104,-22.000618,-8.906452,17.797224,-7.106294
Q5XIM7,-13.531736,17.018295,20.322304,-4.688881,10.886865,-3.0002742,-1.2861587,-15.406886,-9.127058,-14.976884,-13.524825,-13.112835,3.906723,17.567875,11.334554,-24.454315,-7.433827,-4.099034,2.2528076,13.57849,12.552688,10.622483,-18.653889,11.661514,19.35503,-1.0287023,-12.251709,-9.83191,-22.494423,11.795436,18.647331,-8.035213,-11.903819,-10.058091,-11.19312,-14.7281885,-10.218913,5.9175496,12.969366,-19.938404,-10.739045,-13.364543,-22.752224,-1.7389531,19.437096,-13.405641,-2.29512,-8.192239,-5.490559,6.4231315,-2.5970645,7.9800954,14.965236,3.1208243,-8.208782,-4.820375,13.248699,9.878869,-10.545283,-7.9806576,-25.721647,-11.128948,20.86877,-7.410306
Q12873,-13.55202,13.95791,19.075768,-3.5596166,8.099115,-3.0356176,-0.21660331,-14.314696,-6.9758973,-13.756967,-11.690567,-10.613722,3.585412,14.211317,10.591651,-20.014656,-5.110303,-2.274496,2.1569057,11.438403,10.62712,8.416504,-15.334499,8.207487,15.999181,-1.1854161,-9.517186,-9.422502,-19.48729,10.645105,16.125814,-4.951671,-8.925651,-9.159022,-8.313792,-14.142926,-9.034298,4.7565236,10.953493,-17.274754,-9.298896,-10.299037,-18.368671,0.25573754,15.641938,-11.643147,-2.1424851,-7.922552,-4.789415,5.8831987,-1.9545583,7.005309,13.14685,2.3248599,-6.935798,-4.3261786,12.4170885,10.097258,-9.7837925,-6.8446107,-22.182108,-8.221323,17.694857,-7.704476
Q9H190,-15.272202,18.322256,21.928679,-4.3287377,11.0808115,-3.3981113,-0.86200047,-17.092278,-9.099561,-16.55636,-14.251214,-13.955911,3.8809023,18.816061,12.228728,-25.619263,-8.122773,-3.806421,2.0535529,14.243672,13.300735,11.551965,-20.007687,12.416447,20.542002,-1.0390123,-12.889188,-11.185192,-23.564255,13.154182,20.308926,-8.18295,-12.802905,-10.652457,-12.031296,-16.556623,-10.147584,6.1949067,13.202119,-21.5693,-11.465176,-13.75966,-24.286047,-1.0281228,20.443956,-14.56041,-2.2919557,-9.19275,-5.337895,7.6302257,-3.0045252,8.413329,15.879516,3.3246987,-8.761544,-4.9728384,15.202652,10.653523,-12.318454,-8.59521,-27.053123,-12.216195,22.269157,-8.400232
P04764,-13.444392,15.877784,19.52568,-4.1727676,9.841229,-2.9743576,-0.8857717,-14.946275,-8.215039,-14.366157,-12.630362,-12.10907,3.6651566,16.26458,10.919741,-22.614706,-6.848573,-3.3742101,2.031751,12.731568,11.751958,9.955465,-17.316854,10.551136,18.183933,-1.0115782,-11.30025,-9.720818,-21.037872,11.389015,17.655737,-7.0383205,-10.928388,-9.624983,-10.273109,-14.416443,-9.633309,5.454701,11.982787,-18.758852,-10.165894,-12.207908,-21.140697,-1.0009843,17.881739,-12.610065,-2.2197795,-8.057557,-5.0678773,6.3303456,-2.476647,7.535038,14.142752,2.8160012,-7.7663608,-4.6102,13.0028,9.679298,-10.394689,-7.594945,-24.080282,-10.185581,19.636732,-7.5066414
P00560,-11.968895,13.511032,17.373037,-3.4671936,8.211833,-2.6834147,-0.5301285,-13.071254,-7.049136,-12.786128,-11.015574,-10.384577,3.3102837,13.954657,9.564668,-19.340857,-5.400979,-2.6515949,2.011503,10.669899,10.104911,8.127589,-14.987801,8.67187,15.180364,-0.9082716,-9.377084,-8.434423,-18.375,9.778552,15.252396,-5.5270324,-9.101049,-8.366682,-8.48241,-12.765023,-8.139101,4.6663237,10.469172,-16.463207,-8.653154,-10.164881,-17.887592,-0.5777224,15.451205,-11.027092,-1.8706585,-7.117612,-4.397441,5.458144,-1.9687321,6.5392675,12.293926,2.3457415,-6.556319,-3.9293034,11.280633,8.907173,-8.91143,-6.4261656,-20.931087,-8.49354,16.75407,-6.5049334
O43396,-13.618009,12.699273,18.852547,-2.9968793,6.9885135,-2.9215374,0.392097,-13.747509,-6.049477,-13.602585,-10.864919,-9.654479,3.4753437,12.728829,10.189632,-18.468176,-3.4685562,-1.1929775,2.4501803,10.156143,9.579234,7.2018847,-14.051417,6.2075896,14.574104,-1.1472206,-7.6756535,-9.356834,-17.809774,9.81874,14.618972,-3.3178446,-7.452936,-9.165056,-6.984451,-14.056419,-8.536159,4.1480675,10.516335,-16.12992,-8.716709,-8.764176,-16.198914,1.5985218,14.051463,-10.614924,-1.6966596,-7.780805,-4.2537003,5.4559956,-1.438848,6.688214,12.24129,1.7072052,-5.855614,-3.9564054,12.288204,10.382668,-9.68659,-6.357124,-20.775146,-6.68058,16.43112,-7.9113946
D6RGH6,-14.067805,16.616484,20.725405,-4.910706,10.846731,-2.9471326,-1.2406769,-15.615099,-9.157002,-14.760865,-13.379765,-12.720785,3.9740663,17.15694,11.783715,-24.13357,-7.389784,-3.9460123,2.344345,13.768186,12.478117,10.281258,-18.361687,11.390728,19.28593,-1.0843459,-12.321986,-9.92015,-22.691254,12.028429,18.818043,-7.602889,-11.514138,-10.029339,-10.785708,-14.696986,-10.888916,5.8207865,12.814968,-19.586142,-10.853437,-13.225259,-22.622444,-1.6361798,19.23147,-13.420595,-2.6889913,-8.395923,-5.6488085,6.442421,-2.6972873,7.8160315,15.217476,3.310857,-8.583452,-4.978942,13.282165,10.221907,-10.371364,-8.011845,-25.839153,-10.921579,20.788685,-7.621655
Q9BPZ3,-6.69569,6.264116,9.506541,-1.7773253,3.8529785,-1.3411698,0.09254482,-6.766184,-3.3779695,-6.684283,-5.363934,-4.8292,1.927684,6.4510274,5.0628133,-9.47485,-1.750377,-0.58968854,1.5095962,4.9727764,4.801948,3.4263134,-7.2168736,3.203047,7.426041,-0.4397099,-3.8508542,-4.549876,-9.0219965,4.6367216,7.260664,-1.7392435,-3.7693346,-4.780443,-3.567538,-6.6636677,-4.606666,2.1231644,5.606257,-7.985922,-4.347984,-4.549373,-8.193236,0.51422983,7.3611336,-5.1545367,-0.8884484,-3.8293684,-2.2063847,2.437595,-0.6099736,3.3763058,6.1697884,0.88163835,-2.9861488,-2.0054882,5.881497,5.2690053,-4.5271125,-3.2708142,-10.572112,-3.314533,8.336872,-3.7568204
O43318,-10.913871,11.018886,15.599691,-3.1823738,6.6009736,-2.3697124,-0.23576082,-11.416147,-5.7214227,-10.906849,-9.420352,-8.378512,3.0713043,11.123821,8.616717,-16.22903,-3.7126977,-1.7356277,2.0116098,9.3861885,8.5283575,6.6139007,-12.044607,6.0906644,13.138412,-0.99535424,-7.447986,-7.548247,-15.75811,8.3325,12.599506,-3.7968662,-6.830754,-7.788598,-6.3862677,-11.257895,-7.9586763,3.7648294,9.21509,-13.601955,-7.6189003,-8.335671,-14.454964,0.30183607,12.4092865,-9.02617,-1.8110842,-6.344362,-4.1120133,4.3178296,-1.3258187,5.7641773,10.647976,1.6614543,-5.503973,-3.6243856,9.782259,8.352481,-7.5898223,-5.5590944,-18.047699,-5.999095,14.305701,-6.427851
P04002,-16.7431,24.59054,25.324556,-6.30521,15.957011,-3.8979094,-2.6975758,-20.696342,-13.019002,-19.52733,-18.262068,-18.784561,4.5527263,25.65944,14.613118,-33.956654,-13.427212,-7.192886,1.7689842,19.22149,17.810415,16.364857,-26.60169,19.563406,27.444366,-0.92567414,-19.078062,-12.94921,-30.610853,16.730211,26.670156,-13.995837,-18.867481,-12.3861885,-17.731302,-19.027044,-12.5031395,8.560294,16.650373,-27.625177,-14.645294,-19.87761,-33.528175,-4.6333404,27.866804,-18.921377,-3.1875646,-10.596541,-7.0485992,9.647403,-4.6532264,10.548604,20.210138,5.1668644,-12.282554,-6.372874,17.824207,11.010121,-14.585598,-11.08146,-34.48373,-18.297413,28.910156,-8.792474
P06733,-12.844535,15.284613,18.747269,-4.008498,9.568534,-2.8132458,-0.8524323,-14.27731,-7.9760823,-13.853532,-12.124965,-11.707236,3.539592,15.713968,10.432073,-21.8411,-6.5388393,-3.249114,2.020478,12.079325,11.234095,9.491489,-16.789284,10.195237,17.395594,-0.9363691,-10.7975855,-9.271717,-20.166142,10.839452,16.954727,-6.773209,-10.539471,-9.22428,-9.928744,-13.759405,-9.192238,5.267975,11.584933,-18.063635,-9.714636,-11.720598,-20.366173,-1.0077528,17.3267,-12.129568,-2.0571618,-7.694153,-4.7978125,6.050932,-2.375443,7.218087,13.555345,2.7392766,-7.3790083,-4.3718095,12.453695,9.286219,-9.963075,-7.2958307,-23.170124,-9.870862,18.88687,-7.0611744
P0ABB0,-7.869004,6.2290196,11.449527,-2.6481485,4.155933,-1.4216658,0.045449108,-7.446078,-3.8921778,-7.062389,-6.1111884,-4.7845745,2.5129821,6.195875,6.2319045,-10.371871,-0.9513846,-0.5363072,2.2000473,6.0952926,5.25688,3.1262248,-7.122307,2.247794,8.289754,-0.8063509,-3.9552524,-4.8885484,-10.60299,5.025627,7.533068,-1.1166278,-3.0619085,-5.816941,-2.815261,-7.3605056,-6.7443013,2.1927898,6.7462783,-8.238864,-5.121773,-4.8965864,-8.241721,0.8410371,7.585585,-5.3676705,-1.5127503,-4.341291,-3.1917431,2.0343401,-0.31871173,3.826463,7.276996,0.7550885,-3.4222796,-2.6237135,6.057115,6.6779537,-4.2242837,-3.554716,-12.315674,-2.2768438,9.103001,-4.688459
P45973,-14.80781,17.37387,21.414957,-4.41825,10.674761,-3.292893,-0.873944,-16.390528,-8.919697,-15.873713,-13.837854,-13.285624,3.980492,17.848707,11.959584,-24.665943,-7.421723,-3.6450179,2.20059,13.741294,12.794902,10.791637,-19.056948,11.545347,19.621058,-1.1298821,-12.285137,-10.642224,-22.995214,12.506455,19.430876,-7.5556655,-11.930498,-10.376556,-11.206202,-15.869641,-10.286056,5.9769435,12.992333,-20.655758,-11.029359,-13.201752,-23.130917,-1.0033777,19.599651,-13.958133,-2.3701231,-8.853053,-5.437548,7.061849,-2.758133,8.184166,15.451352,3.1581519,-8.435936,-4.968135,14.316983,10.662176,-11.469333,-8.256329,-26.315443,-11.255582,21.410923,-8.128945
O15496,-11.4661,12.4751425,16.546312,-3.5382986,7.6059766,-2.573465,-0.54418474,-12.384152,-6.529741,-11.757086,-10.417727,-9.509978,3.2467508,12.7340765,9.247763,-18.081684,-4.8797398,-2.428628,1.9157082,10.485099,9.569289,7.714636,-13.619644,7.6787457,14.609051,-1.0369065,-8.857002,-8.04264,-17.477362,9.270542,14.215454,-4.974756,-8.170684,-8.155014,-7.630513,-12.011405,-8.405859,4.3380313,9.935247,-15.150939,-8.325924,-9.629781,-16.587107,-0.38853866,14.104212,-10.191176,-2.0316164,-6.775241,-4.4941716,4.915754,-1.7326328,6.255815,11.693125,2.1213717,-6.3229933,-3.947634,10.528626,8.5932665,-8.24194,-6.140901,-19.810087,-7.395244,15.847443,-6.5907364
P12272,-13.867417,16.138203,19.932816,-3.9158618,9.506878,-3.2074578,-0.6587167,-15.382958,-7.901932,-14.862893,-12.906835,-12.284957,3.654286,16.451672,11.060093,-22.70669,-6.662281,-3.1823866,1.9613168,12.869901,11.936603,10.227032,-17.435276,10.324813,18.340635,-1.125596,-11.192819,-10.128368,-21.224253,11.677368,17.86869,-6.8433104,-10.926029,-9.867723,-10.261809,-15.073833,-9.376953,5.4604897,11.998305,-19.21588,-10.288115,-12.11806,-21.160732,-0.52539575,17.795336,-12.856754,-2.097344,-8.313232,-5.070692,6.5770736,-2.3807042,7.735528,14.219083,2.6886513,-7.673886,-4.600732,13.536779,9.9588375,-10.931683,-7.655962,-24.251156,-10.103165,19.838865,-7.9810586
P06704,-11.758922,12.598166,16.23985,-3.196637,7.5242515,-2.6176665,-0.3990619,-12.677074,-6.2700925,-11.786953,-10.132748,-9.482961,3.0049622,12.906186,9.247692,-17.75378,-5.5397286,-2.2711692,1.4997562,10.319091,9.508807,8.007743,-13.800538,8.221964,14.595431,-0.925842,-9.121179,-8.363098,-17.10255,9.655494,14.704478,-5.0728464,-8.52418,-7.7984405,-8.012448,-12.12279,-7.912605,4.3386345,9.294006,-15.16554,-8.251014,-9.537916,-16.984598,-0.28714415,14.073067,-10.395062,-2.0404067,-6.9496665,-4.0951157,5.485658,-2.1131904,6.058693,11.579799,2.3978314,-6.577568,-3.8610117,11.026893,8.304122,-8.821492,-6.2697244,-19.383627,-8.06397,15.898089,-6.6236606
P00572,-15.612616,19.312332,23.015541,-5.026749,12.154664,-3.5006692,-1.2498293,-17.594915,-10.100367,-17.16851,-15.265066,-14.851622,4.3490086,19.90876,12.858786,-27.459526,-8.514661,-4.4579716,2.3363295,15.159746,14.089202,12.087775,-21.178394,13.256926,21.685638,-1.2271512,-13.853974,-11.294459,-25.304697,13.55151,21.330921,-8.915599,-13.485092,-11.18668,-12.69049,-16.932507,-11.251636,6.735885,14.363675,-22.700487,-12.056754,-14.879904,-25.806763,-1.7044091,21.893175,-15.366297,-2.5698123,-9.415903,-6.0070047,7.6271963,-3.133386,8.949452,16.907211,3.6051981,-9.274571,-5.42957,15.308552,11.237433,-12.303277,-9.074715,-28.9612,-12.744877,23.614305,-8.436054
P05141,-12.231929,12.91126,17.773142,-3.813425,8.178772,-2.4714968,-0.44234362,-12.831371,-6.9162383,-12.496392,-10.780038,-9.907567,3.4766512,13.08582,9.797931,-19.249727,-4.403259,-2.2188914,2.4135754,10.663293,9.6721735,7.616738,-14.306755,7.3988605,15.280643,-1.031634,-8.632298,-8.479723,-17.947,9.40024,14.50479,-4.6980367,-8.140087,-8.884251,-7.7103844,-12.548127,-9.273563,4.414983,10.797649,-15.590272,-8.793613,-9.825663,-17.074093,0.07799002,14.751149,-10.386123,-1.9303355,-7.0923085,-4.5319533,4.892463,-1.6472226,6.5284095,12.216161,2.1057827,-6.2198424,-4.0460134,11.1816635,9.298744,-8.714311,-6.471123,-20.951239,-7.3627963,16.702915,-6.9808216
Q8IWX8,-13.118458,14.573262,18.641926,-3.5611904,8.254323,-3.1455696,-0.4742313,-14.421367,-7.031285,-13.723408,-11.92951,-11.0002,3.4709158,14.740223,10.364067,-20.440416,-5.8346634,-2.6807513,1.8173273,12.000362,11.093803,9.283972,-15.531869,8.942449,16.78674,-1.1384029,-10.123242,-9.527492,-19.706038,10.84911,16.306282,-5.8910103,-9.663578,-9.2846365,-9.001685,-14.272219,-8.778022,4.907159,11.027704,-17.63722,-9.50509,-10.933413,-18.957703,-0.1580128,15.887763,-11.707508,-2.0850604,-7.8442883,-4.911702,6.0041065,-2.0235555,7.2686276,13.177792,2.213143,-7.121772,-4.414594,12.4905815,9.578899,-10.011462,-6.987378,-22.250443,-8.668741,18.068739,-7.8106985
Q13825,-9.283453,11.104394,13.7471285,-2.9624417,7.045059,-2.010967,-0.5749591,-10.29381,-5.863859,-10.189514,-8.811616,-8.558472,2.6971738,11.417668,7.475935,-16.069502,-4.45806,-2.2004473,1.6821326,8.6016,8.105598,6.8072267,-12.257527,7.1610265,12.736494,-0.62671524,-7.5578165,-6.754706,-14.547923,7.600027,12.063994,-4.82609,-7.5707498,-7.0112286,-7.1854143,-9.979678,-6.7824736,3.8227472,8.756961,-13.12841,-7.049574,-8.483485,-14.637096,-0.5999051,12.6436825,-8.601094,-1.3386779,-5.55891,-3.4709778,4.17428,-1.5327435,5.3704433,9.783831,1.7945721,-5.116198,-3.1604772,9.017141,6.8779583,-7.2262154,-5.355191,-16.915724,-6.897572,13.819417,-5.164539
P04406,-11.035103,11.58935,16.0941,-3.5010536,7.3384976,-2.2788193,-0.46079463,-11.660232,-6.3809657,-11.22368,-9.7864895,-8.890785,3.1778808,11.862792,8.904639,-17.2334,-4.1628346,-2.1324122,2.203395,9.725842,8.892019,6.777925,-12.91722,6.881241,13.661479,-0.90005267,-8.014816,-7.5461035,-16.540339,8.57442,13.250183,-4.3430705,-7.4296227,-7.8997126,-6.9288793,-11.316436,-8.3076,4.0090256,9.713317,-14.206064,-7.9147105,-8.937878,-15.447526,-0.21959102,13.462701,-9.503861,-1.90431,-6.4343243,-4.2385454,4.4314933,-1.5047259,5.872252,11.163636,1.9587665,-5.854299,-3.6917875,9.9161825,8.462662,-7.597482,-5.7565074,-18.979404,-6.7517333,14.935923,-6.170505
Q9UHD9,-10.485672,9.872257,14.712089,-2.7717237,5.883102,-2.140448,0.056621443,-10.627883,-5.096949,-10.261328,-8.461011,-7.496916,2.8377843,9.948225,8.051818,-14.68473,-2.969353,-1.1423938,2.0384793,8.243781,7.582071,5.6558375,-10.990279,5.084116,11.779617,-0.85128534,-6.3306885,-7.1453815,-14.174216,7.601115,11.449126,-2.881981,-5.9110837,-7.2803187,-5.5510287,-10.561123,-7.325171,3.3057272,8.450348,-12.370242,-6.9514327,-7.216522,-12.903007,0.8083659,11.2079935,-8.171432,-1.5691578,-5.9973755,-3.5615637,4.009451,-1.1454667,5.22345,9.735305,1.4453288,-4.866112,-3.2439399,9.284202,8.030965,-7.1818852,-5.0874424,-16.485266,-5.2459383,13.021366,-6.0762377
P21570,-13.551771,17.510471,20.312513,-4.749499,11.236152,-3.039608,-1.4124264,-15.6182995,-9.304932,-15.108563,-13.726761,-13.473018,3.8860037,18.093206,11.399532,-24.980085,-7.9854417,-4.3389225,2.0768464,13.882823,12.820422,11.135883,-19.129723,12.314218,19.882986,-1.0213181,-12.761853,-9.981327,-22.797136,12.067987,19.13466,-8.547993,-12.435092,-10.080994,-11.736317,-14.817908,-10.247803,6.107651,13.039668,-20.301353,-10.913488,-13.8090925,-23.501606,-2.0010855,19.894794,-13.706268,-2.3230166,-8.256882,-5.506194,6.6572576,-2.7991984,8.0868845,15.153903,3.305509,-8.453765,-4.892969,13.483158,9.705661,-10.840163,-8.204105,-26.058626,-11.695149,21.36298,-7.416385
P43274,-13.70929,13.364259,19.440372,-3.8525417,7.947836,-2.9540281,-0.19885969,-14.148274,-7.0266347,-13.490146,-11.614562,-10.172354,3.7658045,13.557495,10.822398,-19.67555,-4.482914,-2.1301239,2.4922264,11.476886,10.439635,7.799881,-14.773941,7.423612,15.688992,-1.2951264,-9.177219,-9.215177,-19.607563,10.43908,15.70917,-4.368697,-8.209497,-9.292695,-7.5738335,-13.975047,-9.727616,4.607021,11.121167,-16.804539,-9.30376,-10.019439,-17.684124,0.39550868,15.252983,-11.366333,-2.389758,-7.9140344,-5.083637,5.4784966,-1.7399126,6.930964,13.249344,2.2094755,-6.9162903,-4.448427,12.031747,10.523219,-9.209935,-6.695915,-22.2637,-7.4307885,17.357141,-7.8047905
O75822,-15.0650215,15.110475,20.757782,-3.6174006,8.560151,-3.2929482,-0.031128675,-15.757912,-7.257114,-15.055195,-12.451412,-11.36129,3.7314987,15.225463,11.550398,-21.454412,-5.5391455,-2.123005,2.2160935,12.320137,11.400114,9.166424,-16.466862,8.698096,17.433073,-1.2041683,-10.094208,-10.580113,-20.703047,11.7184725,17.44016,-5.1404963,-9.616025,-10.02193,-8.98831,-15.672064,-9.675818,5.0066457,11.640741,-18.591755,-10.152292,-10.920791,-19.758156,0.76962316,16.643036,-12.481249,-2.2423394,-8.767362,-4.9318924,6.62238,-2.1905885,7.556299,14.170301,2.4070823,-7.4683604,-4.6478324,13.951961,10.960951,-11.09066,-7.475363,-23.778978,-8.883311,19.174139,-8.698556
A6XH05,-10.768363,10.473312,15.319339,-3.1291556,6.384258,-2.2596374,-0.17418902,-11.092254,-5.6039586,-10.564957,-9.067583,-7.9868636,3.024362,10.655896,8.495855,-15.592039,-3.4627855,-1.6007289,2.0762107,8.970606,8.175693,6.0955577,-11.664805,5.7765017,12.471675,-0.9607342,-7.1332808,-7.2705793,-15.342679,8.078368,12.276505,-3.4102852,-6.4290304,-7.4633255,-5.9845243,-10.854598,-7.832917,3.6115997,8.894042,-13.109911,-7.3363733,-7.9255877,-13.910273,0.31848726,12.049055,-8.806382,-1.8491005,-6.2057066,-3.987466,4.1739883,-1.2968332,5.4796653,10.389692,1.721453,-5.401103,-3.4996095,9.437967,8.296267,-7.217487,-5.3375134,-17.541523,-5.7732935,13.745492,-6.1554494
P08572,-16.038378,20.537786,23.026123,-4.6193614,12.434241,-3.7845335,-1.2037333,-18.457535,-10.015801,-17.906683,-15.640586,-15.671126,4.1286163,21.156395,12.948177,-28.283281,-9.746337,-4.6161065,1.7141705,15.564599,14.683394,13.388496,-22.269457,14.618455,22.692423,-1.1517518,-14.732029,-12.083262,-25.629425,14.400037,22.557785,-9.815814,-14.749482,-11.217505,-13.983161,-17.742725,-10.542577,7.059234,14.164151,-23.795013,-12.365609,-15.525486,-27.349434,-1.7275318,22.659256,-16.140242,-2.3880956,-9.796376,-5.7006454,8.583677,-3.6141112,9.231925,17.153198,3.8859005,-9.667338,-5.4497666,16.453047,10.913455,-13.65194,-9.561772,-29.33668,-14.131366,24.64102,-8.77606
Q14160,-10.949587,11.220291,15.670785,-3.2409182,7.021541,-2.2153215,-0.25933927,-11.383903,-5.9339914,-11.028271,-9.363633,-8.577934,3.0549862,11.377849,8.63629,-16.669916,-3.8198907,-1.7403162,2.0991795,9.232342,8.429389,6.615496,-12.474507,6.357081,13.309265,-0.8900773,-7.4596195,-7.5789313,-15.635764,8.291627,12.74983,-3.9098003,-7.038387,-7.814328,-6.6726174,-11.127297,-8.068382,3.8270748,9.35879,-13.643838,-7.67222,-8.448147,-14.847598,0.26611555,12.798536,-9.084301,-1.7003154,-6.329132,-3.9033315,4.3766594,-1.4466575,5.708506,10.683407,1.8213168,-5.460759,-3.5473704,9.95285,8.276884,-7.7743187,-5.6962075,-18.249512,-6.3711386,14.5965185,-6.249854
A7IZE9,-13.846025,19.469341,19.967281,-4.883287,12.47365,-3.213853,-1.9864244,-16.86718,-9.902266,-15.320841,-14.229698,-14.6598,3.5168138,20.199726,11.801624,-26.548897,-11.154276,-5.3706417,0.9706288,15.472905,14.125669,13.47782,-20.870155,15.597578,22.22367,-0.7884221,-15.40356,-10.834997,-23.988184,13.721888,21.541348,-10.979014,-14.988192,-9.856397,-14.2076435,-15.260662,-10.14248,6.7594743,12.666344,-21.620117,-11.731332,-15.750469,-26.818659,-3.308579,21.63258,-14.993969,-2.7448735,-8.7031145,-5.4789724,8.047285,-3.9512508,8.329148,15.994949,4.2570186,-10.109337,-5.225115,14.694805,8.64957,-12.201986,-9.114869,-27.006054,-14.59495,23.202229,-7.581464
P20290,-13.822998,13.226591,18.832727,-2.611115,6.898885,-3.1320157,0.5071306,-14.186202,-5.9189916,-14.081684,-11.043112,-10.025875,3.338157,13.340749,10.157916,-18.619633,-4.001048,-1.2213821,2.1370752,10.142169,9.854974,7.685232,-14.578404,6.850338,14.695285,-1.0895293,-7.9956203,-9.6971245,-17.954666,10.222461,15.221974,-3.6445134,-8.044946,-9.023401,-7.529846,-14.560908,-7.77339,4.27827,10.287521,-16.8087,-8.721851,-8.887443,-16.782057,1.6155049,14.39939,-11.078066,-1.5450815,-7.9807134,-4.0337353,6.00589,-1.6481494,6.786437,12.293491,1.8169668,-5.982871,-3.876199,12.824825,10.28204,-10.314576,-6.4582863,-20.802303,-7.3854423,16.692162,-7.964256
C4M4P4,-12.320794,12.57204,17.455359,-3.5493715,7.631926,-2.6232603,-0.34604886,-12.965046,-6.597735,-12.264333,-10.575718,-9.552154,3.3320162,12.837413,9.784125,-18.341276,-4.7044415,-2.1681063,2.119093,10.593727,9.685773,7.523571,-13.920224,7.4981956,14.741806,-1.0353198,-8.789857,-8.4709215,-17.884611,9.646645,14.669614,-4.55558,-8.064931,-8.408542,-7.513668,-12.583634,-8.745412,4.3125544,10.1149645,-15.480953,-8.574271,-9.545769,-16.798944,0.009702642,14.351834,-10.499829,-2.1319554,-7.175083,-4.5038414,5.162025,-1.7769924,6.324183,12.098858,2.2218733,-6.5087223,-4.015918,11.110646,9.209113,-8.613685,-6.2713933,-20.371016,-7.458957,16.16582,-6.960263
P08118,-25.174746,36.356773,39.110073,-10.02714,24.8026,-5.3228197,-3.9651108,-30.115412,-20.347422,-29.629347,-27.554852,-28.271484,7.30437,38.10604,22.219187,-51.834812,-18.306725,-10.712862,3.8290448,27.84599,25.80323,22.83348,-40.38337,28.201267,40.029907,-1.5957824,-27.496908,-18.527655,-46.044838,24.144041,39.40566,-19.810045,-27.161633,-18.607304,-25.608507,-27.870647,-19.908348,12.918423,26.04731,-41.176086,-21.759026,-29.211922,-49.793564,-6.7438354,42.441814,-28.403912,-4.6132755,-15.583236,-10.55541,13.688122,-6.7438235,15.513672,30.558224,7.9578543,-17.56489,-9.381664,26.043455,17.47266,-20.941814,-16.409906,-52.824802,-26.726326,43.289124,-12.228592
P0C5Z0,-7.356575,4.6780386,10.16557,-2.1222713,2.7231455,-1.435353,0.37175915,-6.660412,-2.7548008,-5.9943724,-5.100614,-3.4800954,2.244105,4.5009794,5.599642,-7.94135,-0.17048714,0.10050193,1.9011958,5.209089,4.3696847,2.3285596,-5.235038,0.83126867,6.7102203,-0.88282585,-2.8866076,-4.4869003,-8.962968,4.3970776,6.1659403,-0.0021956488,-1.7658765,-5.155155,-1.5556417,-6.693695,-5.9844294,1.6233716,5.4868674,-6.679434,-4.3262377,-3.5839648,-6.091778,1.4537294,5.5152893,-4.3630724,-1.4926578,-3.9897676,-2.913788,1.684469,-0.033628456,3.2952447,6.165909,0.3953212,-2.9012804,-2.3833942,5.3101597,6.286228,-3.6324973,-2.9348867,-10.170622,-0.9477129,7.361758,-4.703504
P0CJ48,-9.585532,7.451632,13.338893,-2.5474706,4.304615,-1.9135357,0.351303,-9.117927,-3.9860551,-8.635015,-7.1445174,-5.624512,2.7299376,7.3215213,7.2805,-11.739734,-1.2098349,-0.35182166,2.1924536,7.0079274,6.181131,3.9670365,-8.298699,2.5951316,9.547336,-0.9940212,-4.525927,-6.1734834,-12.126869,6.2534804,9.067456,-1.1079746,-3.6644335,-6.665104,-3.3791342,-9.234883,-7.1349854,2.5028327,7.3869624,-9.922336,-5.926348,-5.430883,-9.605457,1.5191194,8.52052,-6.5014954,-1.60171,-5.315186,-3.455145,2.901619,-0.4840118,4.504147,8.358468,0.839371,-3.9306262,-2.9762094,7.7126546,7.807565,-5.67479,-4.157541,-14.02332,-2.831342,10.598746,-5.865771
P46777,-12.7151165,14.292857,18.495668,-3.8121433,8.805861,-2.757864,-0.57619953,-13.772594,-7.4353447,-13.476288,-11.637426,-10.959456,3.536864,14.595511,10.182435,-20.6798,-5.480879,-2.7133114,2.2083209,11.426215,10.604457,8.656294,-15.719237,8.854571,16.39519,-1.00557,-9.756505,-9.017192,-19.28856,10.260211,15.905123,-5.7551055,-9.455078,-9.142566,-8.893266,-13.493661,-9.075027,4.894248,11.283112,-17.180962,-9.308296,-10.796856,-18.836336,-0.38047662,16.181065,-11.438164,-1.9524046,-7.5166116,-4.691606,5.610084,-2.0036016,6.992763,13.008085,2.3633626,-6.8062572,-4.2288246,12.015395,9.459236,-9.520881,-6.9091563,-22.256214,-8.681224,17.919374,-7.1280637
P07017,-10.335546,10.257089,14.689084,-3.0338523,6.2252426,-2.1950371,-0.23280208,-10.779937,-5.450358,-10.156268,-8.76578,-7.7691073,2.870564,10.414868,8.170015,-15.104102,-3.6624343,-1.6430216,1.8984725,8.8497305,8.0264435,6.111005,-11.300592,5.8566194,12.283949,-0.8783708,-7.125993,-7.0581098,-14.888509,7.9155197,11.943575,-3.5843537,-6.4485435,-7.221741,-5.9753556,-10.517407,-7.5243073,3.5204506,8.556,-12.730148,-7.161233,-7.825791,-13.612297,0.15460898,11.71985,-8.513636,-1.8333807,-6.0058713,-3.873757,4.110289,-1.3207449,5.3205113,10.080093,1.6447427,-5.3623996,-3.413937,9.156249,7.855404,-7.016315,-5.1997514,-16.93826,-5.7545238,13.350005,-5.9632673
Q80VW7,-10.138869,9.203823,14.181394,-2.638145,5.471788,-2.044792,0.17037325,-10.0915365,-4.728621,-9.810014,-8.022173,-7.0091867,2.7798915,9.227202,7.7196217,-13.876005,-2.4196184,-0.871096,2.0588925,7.7129297,7.0673494,5.1923275,-10.288232,4.371011,11.086172,-0.8822727,-5.707096,-6.8531218,-13.365812,7.114029,10.706454,-2.3573446,-5.2790875,-7.066901,-4.9969726,-10.092004,-7.149801,3.0843105,8.113146,-11.623671,-6.5850296,-6.6493816,-11.967064,1.0763403,10.427304,-7.654668,-1.4613138,-5.7426267,-3.3997617,3.6955214,-0.9655013,4.9880643,9.211495,1.2875727,-4.4548965,-3.0989304,8.858388,7.8688154,-6.846855,-4.8401947,-15.66894,-4.6004086,12.344209,-5.942819
P0DMC5,-10.652785,11.116701,15.296121,-2.920182,6.815148,-2.1780117,-0.11936503,-11.098577,-5.713851,-11.0956135,-9.142135,-8.551847,2.9417682,11.283562,8.24755,-16.39468,-3.5639877,-1.553919,2.0894513,8.665591,8.146005,6.4429736,-12.409716,6.1753106,12.863625,-0.7898753,-6.9930906,-7.474949,-15.010681,7.9628043,12.35517,-3.7720578,-6.9703064,-7.683602,-6.6432233,-11.041212,-7.4230876,3.733015,9.215988,-13.543986,-7.394622,-8.09739,-14.453353,0.47545645,12.600922,-8.861942,-1.3583893,-6.168858,-3.5622897,4.34654,-1.3517913,5.624616,10.279892,1.6526049,-5.0152917,-3.3065398,9.911109,8.076554,-7.85872,-5.541206,-17.737213,-6.30315,14.266876,-6.029241
O95980,-12.393766,15.08543,18.123966,-3.8018064,8.988787,-2.9907136,-0.84556985,-14.048044,-7.5091677,-13.547378,-12.069578,-11.498742,3.4629676,15.371121,10.053628,-21.222692,-6.4250526,-3.2386658,1.7394315,12.124489,11.229828,9.74325,-16.126143,9.859078,17.2423,-1.0611321,-10.65913,-9.181875,-19.82891,10.673214,16.463886,-6.804849,-10.353009,-9.168885,-9.72855,-13.729521,-8.7671795,5.179182,11.292299,-17.824144,-9.529553,-11.5710125,-19.763441,-0.9137447,16.59795,-11.81816,-1.9821887,-7.521625,-4.902761,5.9066706,-2.1823733,7.302135,13.169827,2.416339,-7.1645517,-4.384989,12.166953,8.992785,-9.853897,-7.1321154,-22.51215,-9.353284,18.475323,-7.248359
Q9NR28,-11.127774,11.705808,16.239923,-3.324864,7.3972826,-2.2398589,-0.32754895,-11.682412,-6.392628,-11.559123,-9.765924,-9.044114,3.1521144,12.033328,8.8464,-17.407946,-3.980971,-1.9817218,2.3193386,9.363016,8.77487,6.6263685,-13.232125,6.862703,13.488783,-0.80684465,-7.7376776,-7.6179476,-16.354946,8.484392,13.262877,-4.2082467,-7.485308,-7.920237,-7.0182962,-11.451049,-8.004152,4.000235,9.80558,-14.401927,-7.8470845,-8.776925,-15.483237,-0.018348336,13.673236,-9.564573,-1.6625814,-6.462487,-3.980564,4.521135,-1.490352,5.860421,11.099109,1.9469359,-5.6140046,-3.5322535,10.138245,8.547982,-7.8325706,-5.7476034,-19.018192,-6.91463,14.982278,-6.0528846
Q14457,-10.685009,10.111465,15.001701,-2.7902904,5.8779964,-2.2862673,0.048363328,-10.908885,-5.1524115,-10.500143,-8.76044,-7.687594,2.9097867,10.217253,8.227488,-14.926381,-3.0690594,-1.2491229,2.0094635,8.504092,7.8516493,5.8587804,-11.204575,5.2367477,11.960829,-0.9399089,-6.57101,-7.281984,-14.653732,7.8402495,11.791558,-2.9773607,-6.0584674,-7.3628783,-5.654457,-10.862611,-7.34725,3.4120507,8.566949,-12.773869,-7.0715733,-7.399001,-13.1940975,0.7600152,11.424278,-8.476547,-1.6402447,-6.137927,-3.7339056,4.1378684,-1.1587491,5.374674,9.966304,1.4946651,-5.024022,-3.3373702,9.4345255,8.224495,-7.301381,-5.1560416,-16.846567,-5.3632736,13.257947,-6.225027
P0AFR2,-13.59909,17.705523,20.461191,-4.4125237,10.931041,-3.1314528,-1.234482,-15.780943,-9.076053,-15.581404,-13.811996,-13.635396,3.8048604,18.231379,11.255183,-25.057037,-7.6297455,-4.1271224,2.155737,13.670244,12.88089,11.152791,-19.235476,12.039241,19.833761,-0.9231809,-12.314103,-10.231056,-22.586786,12.000975,18.943386,-8.422475,-12.478792,-10.322124,-11.777941,-15.302367,-9.658838,5.99529,13.181983,-20.633877,-10.910039,-13.631022,-23.265364,-1.5763512,19.850815,-13.6515045,-1.9394659,-8.317943,-5.3109746,6.7110248,-2.5713704,8.270232,15.001191,3.0013108,-8.070136,-4.7142158,13.83578,9.802947,-11.229882,-8.112523,-25.970531,-11.61082,21.328531,-7.6238656
Q15797,-13.750378,17.185328,20.455667,-4.7496014,11.110047,-3.0031805,-1.2759758,-15.545996,-9.224812,-15.054777,-13.557464,-13.202652,3.9383514,17.699608,11.46081,-24.65026,-7.7102847,-4.089852,2.1692545,13.69573,12.582425,10.799271,-18.826826,11.906892,19.619637,-1.0490667,-12.4920845,-9.947363,-22.61625,11.972036,18.899914,-8.155058,-12.064362,-10.097558,-11.366576,-14.818763,-10.453745,6.0250096,12.991326,-20.0278,-10.844557,-13.484138,-23.083242,-1.7602956,19.607061,-13.517743,-2.4009871,-8.304722,-5.4814134,6.5930357,-2.781274,7.9873495,15.136227,3.2034712,-8.375232,-4.9289007,13.431458,9.916639,-10.724016,-8.158735,-25.930513,-11.304922,21.149988,-7.4609365
Q00610,-12.253678,13.046254,17.584156,-3.611942,8.057866,-2.5702744,-0.41556168,-12.995983,-6.8210588,-12.557664,-10.771281,-9.973451,3.3647382,13.299411,9.747426,-19.082136,-4.796409,-2.277896,2.18548,10.648296,9.789559,7.814022,-14.442243,7.798409,15.202547,-0.98876244,-8.875491,-8.564633,-17.97507,9.618597,14.808423,-4.887114,-8.425883,-8.646632,-7.9426107,-12.666683,-8.813996,4.4534082,10.496509,-15.80604,-8.727086,-9.855072,-17.30295,-0.03660721,14.832176,-10.602193,-1.9350485,-7.1559243,-4.4264655,5.1825957,-1.7988173,6.485827,12.19203,2.2220829,-6.3847833,-3.9974177,11.324324,9.144026,-8.896515,-6.459134,-20.780813,-7.763267,16.661644,-6.9202795
O95998,-11.979065,13.851005,17.2056,-3.5757287,8.133641,-2.8745322,-0.6938602,-13.37965,-6.8463044,-12.615628,-11.255286,-10.496666,3.2768624,14.103998,9.665549,-19.527573,-5.8540034,-2.850373,1.6372049,11.46468,10.522,8.983644,-14.812485,8.878424,16.05295,-1.0719683,-9.909174,-8.77153,-18.651632,10.157694,15.492498,-5.9767113,-9.36688,-8.618534,-8.78559,-12.981776,-8.43591,4.745182,10.406977,-16.525572,-8.960756,-10.668802,-18.273952,-0.6200187,15.217805,-11.078021,-2.035338,-7.208287,-4.706022,5.5530815,-1.9992338,6.811354,12.396539,2.3093657,-6.86536,-4.1854086,11.494233,8.684256,-9.23685,-6.667911,-21.024143,-8.486415,17.193468,-7.105278
O96018,-15.295824,18.433262,22.512367,-5.197154,11.621949,-3.3983984,-1.334747,-17.18357,-9.718106,-16.27723,-14.832293,-14.0868,4.2891836,18.898966,12.775607,-26.482145,-8.052001,-4.3447304,2.34423,15.25083,13.805523,11.713477,-20.026943,12.384722,21.348177,-1.3102751,-13.48336,-11.050701,-24.77732,13.247711,20.567127,-8.441146,-12.689043,-11.097383,-11.9370165,-16.35483,-11.644772,6.393402,13.979327,-21.615751,-11.921795,-14.562113,-24.776726,-1.5848905,20.812653,-14.722633,-2.784329,-9.186623,-6.216522,7.1219187,-2.8634393,8.752782,16.52427,3.4784007,-9.235628,-5.4627275,14.724642,11.059721,-11.69277,-8.81189,-28.18098,-11.856991,22.89209,-8.658104
Q96L73,-11.329575,12.235104,16.3768,-3.3813376,7.591011,-2.3891048,-0.44900212,-12.129509,-6.4960737,-11.7373495,-10.088529,-9.387042,3.1373792,12.58452,9.062899,-17.877499,-4.6027956,-2.2449117,2.0787294,9.911091,9.226628,7.261223,-13.652063,7.5105476,14.124237,-0.8553268,-8.3911705,-7.911925,-16.911497,8.9710655,13.933281,-4.708506,-8.024515,-7.984764,-7.531001,-11.753375,-8.064738,4.184952,9.822028,-14.893774,-8.112847,-9.290723,-16.287945,-0.25115848,14.073721,-9.997241,-1.7964185,-6.6469703,-4.1336946,4.8425617,-1.683924,6.041694,11.406954,2.148143,-6.0292006,-3.68027,10.485413,8.487184,-8.197844,-5.9829736,-19.446653,-7.468886,15.523066,-6.2809606
P05090,-13.089248,15.260785,19.21937,-4.1865582,9.575959,-2.870786,-0.869155,-14.446012,-8.112758,-13.97757,-12.368627,-11.722609,3.6897476,15.716218,10.711022,-22.014874,-6.318016,-3.2994034,2.2033699,12.3065605,11.3886,9.355237,-16.824924,10.005109,17.431328,-1.0403256,-10.841448,-9.290265,-20.665712,10.938054,17.096352,-6.6028275,-10.372237,-9.373086,-9.721749,-13.921056,-9.551744,5.297826,11.82779,-18.235647,-9.84002,-11.788421,-20.382006,-1.0099815,17.446651,-12.299215,-2.2051766,-7.805478,-5.064676,5.9623337,-2.2831156,7.3156505,13.825541,2.7674797,-7.4972563,-4.4841213,12.42422,9.661038,-9.808011,-7.2949862,-23.603718,-9.68468,18.989645,-7.1947613
O15371,-12.713755,13.591306,18.175203,-3.41299,7.9928865,-2.7600644,-0.26347837,-13.557901,-6.7463927,-13.281888,-11.155167,-10.378695,3.3800206,13.78414,9.944284,-19.636272,-4.713865,-2.1579475,2.2141886,10.834475,10.125347,8.156462,-14.908957,7.8168573,15.635208,-0.9885906,-8.835575,-9.077814,-18.31329,9.929536,15.165006,-4.908803,-8.699277,-9.052294,-8.2176075,-13.45859,-8.599473,4.5060697,10.805651,-16.516811,-8.980684,-9.993177,-17.660185,0.35440594,15.138662,-10.91321,-1.717856,-7.447217,-4.3984504,5.4534693,-1.7181137,6.815402,12.415906,2.0852034,-6.307168,-3.9987805,12.00501,9.469147,-9.56442,-6.610656,-21.267582,-7.934516,17.1532,-7.370761
P19156,-13.116077,12.611281,18.232983,-2.8806214,6.955604,-2.8717144,0.30169967,-13.422342,-6.040817,-13.323407,-10.672689,-9.612462,3.3528266,12.746357,9.840993,-18.160036,-3.7412305,-1.3593713,2.299346,9.912665,9.481093,7.190187,-13.995509,6.544218,14.243635,-1.0560552,-7.7649794,-9.053355,-17.524126,9.64491,14.48973,-3.5901482,-7.632932,-8.786832,-7.123709,-13.677432,-8.033938,4.151304,10.228426,-15.998957,-8.468542,-8.733877,-16.140682,1.2501069,14.035747,-10.541298,-1.6319946,-7.5530663,-4.1117144,5.4502845,-1.511594,6.5243726,11.976386,1.7651944,-5.8228054,-3.8203037,11.953251,9.954887,-9.449528,-6.205957,-20.317144,-6.9336777,16.093824,-7.4816303
O75365,-10.036966,10.655274,14.761027,-3.3788536,7.0577264,-1.9787248,-0.51003593,-10.570874,-6.087463,-10.216955,-8.951898,-8.227843,2.9776084,10.987735,8.175155,-16.054638,-3.895417,-2.0417597,2.1216373,8.864595,8.100826,6.154812,-12.057187,6.4919686,12.597201,-0.79016703,-7.441545,-6.795979,-15.215252,7.7621574,12.218263,-4.0834093,-6.8887506,-7.229856,-6.4671226,-10.109956,-7.846827,3.7495682,9.044796,-12.977372,-7.26053,-8.324134,-14.38908,-0.4035498,12.6133375,-8.732139,-1.7753029,-5.833904,-3.8787234,3.9783773,-1.4350463,5.334067,10.288789,1.9338518,-5.4101257,-3.3881137,8.971477,7.722587,-6.8383446,-5.3522067,-17.571896,-6.344607,13.835059,-5.4472585
Q13153,-11.639554,11.857358,16.610693,-3.3123648,7.0539,-2.5368583,-0.24762323,-12.226155,-6.1139746,-11.720321,-10.069223,-9.023486,3.218645,12.010143,9.178958,-17.350494,-4.0791807,-1.903999,2.0958302,9.9728565,9.132309,7.0933723,-12.998322,6.6828413,13.962821,-1.0290234,-8.013272,-8.065339,-16.828009,8.964075,13.575155,-4.135649,-7.429284,-8.202687,-6.9344435,-12.062813,-8.282015,4.0351667,9.758328,-14.645792,-8.110544,-8.911486,-15.56293,0.27179304,13.365056,-9.753288,-1.890562,-6.7789474,-4.3086514,4.727086,-1.4800402,6.122425,11.364935,1.8413521,-5.8975883,-3.8107667,10.514734,8.851193,-8.183176,-5.911591,-19.253513,-6.6332455,15.26818,-6.773466
C6KSX0,-12.625976,13.57041,18.4309,-3.813262,8.046585,-2.87539,-0.49075046,-13.5736065,-7.0366874,-13.096777,-11.535126,-10.361636,3.6097922,13.733367,10.1432905,-19.757421,-4.780854,-2.5161107,2.2947304,11.465707,10.478959,8.227623,-14.682111,7.8295155,15.868736,-1.1814352,-9.283766,-8.839199,-19.173817,10.025896,15.207743,-5.1462016,-8.6369915,-9.191091,-8.007952,-13.476696,-9.189217,4.6397314,11.128535,-16.664082,-9.153573,-10.336857,-17.67096,-0.09440124,15.224642,-11.013546,-2.1043644,-7.4462824,-5.0180254,5.209491,-1.6319546,6.992132,12.808274,1.9989275,-6.6418433,-4.311208,11.540715,9.704033,-8.976226,-6.585231,-21.771765,-7.5825644,17.198162,-7.4284973
O55234,-16.155731,17.236185,22.845514,-4.600084,10.341458,-3.54951,-0.5602674,-17.222675,-8.710096,-16.38488,-14.245242,-13.092673,4.286879,17.5037,12.870762,-24.779478,-6.712174,-3.1681058,2.441449,14.285191,12.988168,10.64825,-18.825907,10.5296755,19.959875,-1.4758464,-12.083374,-11.319129,-23.753061,13.032734,19.794493,-6.582619,-11.199718,-11.02011,-10.515185,-16.7939,-11.3673315,5.9208946,13.310542,-20.849905,-11.461978,-13.006767,-22.93912,-0.121615015,19.259495,-14.220997,-2.7221603,-9.466727,-5.8865047,7.149589,-2.60266,8.465219,16.052221,3.0867567,-8.655017,-5.342062,14.976052,11.8271475,-11.8597555,-8.487003,-27.139006,-10.425078,21.857462,-9.212041
P21374,-8.942483,8.558207,12.8388195,-2.8447864,5.320273,-1.8721024,-0.22328456,-9.191366,-4.7003717,-8.585721,-7.573376,-6.5063734,2.6449857,8.648728,7.1438317,-12.988701,-2.7111003,-1.3181486,1.8418385,7.703014,6.8545766,5.067775,-9.436923,4.509021,10.61496,-0.861803,-5.9129577,-6.036387,-12.887907,6.621045,10.0168,-2.768284,-5.129377,-6.4676504,-4.786812,-8.918851,-7.0106096,2.9752953,7.601512,-10.684739,-6.2051315,-6.6937575,-11.387512,0.2612861,9.842425,-7.1180663,-1.6664547,-5.146028,-3.568273,3.1965866,-0.92090124,4.6598773,8.695796,1.3216399,-4.536757,-3.0530746,7.6693077,7.0141215,-5.7852006,-4.48965,-14.6928005,-4.3839555,11.484545,-5.3315516
P04347,-16.42381,16.877024,22.531197,-3.0155947,9.012573,-3.673232,0.47099784,-17.172802,-7.4590154,-17.431707,-13.509771,-12.866461,3.842474,17.088497,12.067644,-23.505861,-5.487508,-1.8151636,2.4141045,12.199434,12.060577,9.877897,-18.651619,9.347509,18.279198,-1.12695,-10.050445,-11.810581,-21.63451,12.481447,18.88226,-5.2403793,-10.683077,-10.818416,-10.118449,-17.639786,-8.888144,5.4069924,12.5938015,-20.91753,-10.657333,-11.246867,-21.38884,1.645117,18.317024,-13.754736,-1.4968507,-9.556265,-4.473969,7.6261616,-2.2898893,8.259319,14.880497,2.4251175,-7.1608725,-4.490565,15.925928,11.913332,-13.06553,-8.02294,-25.471422,-10.081818,20.813152,-9.244997
P45880,-11.773209,12.910185,16.940628,-3.6129062,8.028176,-2.569901,-0.5788319,-12.7059765,-6.850649,-12.113215,-10.637821,-9.868047,3.286107,13.277425,9.493742,-18.686937,-5.252718,-2.5630972,1.9465635,10.628483,9.783826,7.8915677,-14.281651,8.245118,14.932432,-0.98405063,-9.233358,-8.208141,-17.930208,9.568183,14.819539,-5.2392154,-8.602393,-8.189537,-8.044604,-12.2220545,-8.511566,4.5135484,10.1275835,-15.64221,-8.509388,-9.935276,-17.333628,-0.5643041,14.78076,-10.61495,-2.0754638,-6.9500213,-4.463267,5.191068,-1.9436351,6.310353,12.039232,2.3688517,-6.577151,-3.9834895,10.861301,8.723201,-8.510186,-6.334906,-20.3864,-8.003578,16.335588,-6.514308
P08640,-11.432825,11.487577,16.096184,-3.1014287,6.6865277,-2.5328734,-0.16753826,-12.000991,-5.794915,-11.399592,-9.726132,-8.690607,3.0823236,11.622004,8.929636,-16.635319,-4.0693603,-1.7585138,1.918551,9.683163,8.886001,6.955612,-12.53859,6.5044837,13.525179,-0.9994751,-7.8142138,-7.950274,-16.287825,8.826151,13.262507,-3.9663107,-7.22458,-7.915982,-6.728999,-11.842556,-7.902221,3.8944788,9.294633,-14.233336,-7.855473,-8.574659,-15.075899,0.35813025,12.84468,-9.496781,-1.8675622,-6.6659293,-4.1425314,4.7276783,-1.4862837,5.9316893,11.013397,1.7817096,-5.7975016,-3.7115889,10.336005,8.597918,-8.078862,-5.7477875,-18.548393,-6.4615154,14.773385,-6.6895633
P05120,-14.731457,17.136158,21.26571,-4.290818,10.133462,-3.4327204,-0.78361154,-16.349598,-8.48354,-15.754446,-13.824262,-13.048217,3.9686317,17.433228,11.842283,-24.226978,-7.001565,-3.4632921,2.1222014,13.820523,12.769758,10.857821,-18.45277,10.89179,19.562475,-1.2595842,-11.943921,-10.738678,-22.748505,12.396467,18.97997,-7.2694044,-11.537883,-10.553345,-10.840707,-16.026419,-10.203237,5.8241663,12.893789,-20.41677,-10.98679,-12.981755,-22.491138,-0.62296534,18.899956,-13.65904,-2.3036363,-8.824654,-5.5606093,6.883272,-2.4912004,8.310722,15.213145,2.836698,-8.198376,-5.0034165,14.262321,10.694296,-11.485834,-8.150125,-25.935905,-10.58192,21.15044,-8.545702
Q9UBC2,-17.75327,17.460855,24.243496,-3.3178823,9.299716,-3.8581207,0.63893324,-18.196724,-7.6716886,-18.373615,-14.216976,-13.265408,4.1658583,17.478743,13.022091,-24.664362,-5.1238527,-1.5758238,2.7517526,12.979088,12.552183,10.144204,-19.210846,8.963615,19.343351,-1.3329878,-10.155651,-12.649332,-22.733082,13.123074,19.595045,-4.8789372,-10.614904,-11.777571,-10.10344,-18.780394,-10.053732,5.5398,13.442876,-21.685713,-11.387964,-11.593717,-22.032164,2.310112,18.806091,-14.244756,-1.6688021,-10.21172,-4.868025,7.8237953,-2.2162611,8.767233,15.757008,2.381105,-7.4126654,-4.8622556,16.923399,13.002975,-13.805166,-8.494489,-26.971388,-9.86262,21.949636,-10.26296
P00724,-14.273759,16.44702,20.545855,-4.0591574,9.873552,-3.2039757,-0.6639938,-15.693706,-8.226831,-15.28646,-13.16716,-12.571487,3.8030128,16.815796,11.388583,-23.35923,-6.6387243,-3.1953516,2.1596973,12.953407,12.105158,10.202796,-17.972002,10.487248,18.611423,-1.114269,-11.294589,-10.329942,-21.683132,11.834559,18.289335,-6.825672,-11.0827875,-10.087071,-10.451227,-15.350049,-9.713942,5.581277,12.406768,-19.630154,-10.4879055,-12.328913,-21.667023,-0.5035067,18.348366,-13.157551,-2.105669,-8.500812,-5.122608,6.672443,-2.441647,7.8842535,14.586477,2.8209097,-7.7772536,-4.6897044,13.825133,10.343543,-11.133932,-7.840513,-24.936357,-10.3429165,20.334612,-8.042978
P09733,-13.318437,13.627739,18.888693,-3.5744581,7.8283267,-3.029682,-0.22621071,-14.075958,-6.8446794,-13.506749,-11.585835,-10.357552,3.596032,13.823869,10.453378,-19.621645,-4.8100653,-2.2343729,2.2125704,11.385194,10.51982,8.2040415,-14.866845,7.7989674,15.7428665,-1.2189152,-9.273438,-9.235812,-19.314573,10.417752,15.684413,-4.7784715,-8.603089,-9.153277,-7.9654994,-13.991223,-9.029645,4.637285,10.910314,-16.968636,-9.188219,-10.112706,-17.815014,0.2932811,15.238971,-11.357327,-2.1548674,-7.7926764,-4.8919754,5.627878,-1.7732223,6.979147,12.97683,2.132576,-6.7906303,-4.3204503,12.0886965,10.075109,-9.452121,-6.669115,-21.882242,-7.7528152,17.31698,-7.708345
P15692,-10.715854,11.432192,15.421615,-3.3287492,7.0729785,-2.330025,-0.4734952,-11.464356,-6.069333,-10.856324,-9.560914,-8.712236,3.0368485,11.677558,8.620821,-16.707125,-4.411095,-2.1457546,1.8685684,9.642688,8.781607,6.99521,-12.566608,6.970534,13.502499,-0.9313162,-8.090234,-7.465183,-16.115938,8.532273,13.103714,-4.4557376,-7.441307,-7.610764,-6.964003,-11.067496,-7.9448314,3.9725149,9.236927,-13.899543,-7.71622,-8.843448,-15.265484,-0.28202617,13.023925,-9.351917,-1.9041034,-6.2973022,-4.1419888,4.4905586,-1.5780272,5.757406,10.832376,1.9670448,-5.84734,-3.6558013,9.755063,8.045485,-7.595329,-5.699236,-18.34561,-6.748056,14.656106,-6.1291656
P69786,-7.8433366,6.0601897,11.079692,-2.305937,3.7375658,-1.5106422,0.21149161,-7.4265924,-3.4888806,-7.009801,-5.888949,-4.606355,2.367804,6.006184,6.03096,-9.800089,-0.9563418,-0.32737216,1.9664326,5.8049097,5.097804,3.1504054,-6.8588743,2.1221814,7.9427233,-0.79867333,-3.7591608,-4.972566,-10.129769,5.0224566,7.4133334,-0.9329533,-2.9686847,-5.597558,-2.7384603,-7.4140615,-6.19319,2.0921533,6.2950196,-8.093738,-4.907138,-4.570291,-7.921926,1.0891134,7.1521297,-5.2755356,-1.4007119,-4.339524,-2.965529,2.2012002,-0.34181434,3.72598,6.9642224,0.6985131,-3.2900653,-2.510502,6.156089,6.5119386,-4.4283314,-3.4600985,-11.716266,-2.2269866,8.783815,-4.7458615
Q13492,-11.225631,11.563551,16.233198,-3.4296556,7.13609,-2.3702066,-0.3703889,-11.809222,-6.2070894,-11.322171,-9.842854,-8.845123,3.191622,11.779978,8.98723,-17.142187,-4.0067024,-2.0086863,2.176364,9.783007,8.923288,6.822411,-12.802047,6.641736,13.680676,-0.9707237,-7.9124,-7.7092533,-16.557365,8.657566,13.2560215,-4.151649,-7.290216,-8.000683,-6.8062696,-11.530202,-8.31582,3.9713163,9.682639,-14.239211,-7.9485316,-8.848256,-15.321894,0.021516295,13.26825,-9.51898,-1.9001466,-6.5312514,-4.2783613,4.4700627,-1.4413122,5.9423356,11.167204,1.89352,-5.820252,-3.7253113,10.069412,8.609313,-7.750526,-5.770913,-18.970415,-6.561928,14.953335,-6.4251647
A5KE01,-13.722412,17.926262,20.388292,-4.583821,10.727035,-3.3822298,-1.4596444,-16.255783,-8.929613,-15.303571,-14.111343,-13.635607,3.7714522,18.378374,11.543919,-25.030214,-8.25164,-4.467601,1.763916,14.660496,13.474229,11.910106,-19.013275,12.390808,20.55158,-1.1035779,-13.102601,-10.527288,-23.239384,12.595371,19.458742,-8.8647175,-12.744419,-10.384214,-11.983322,-15.522523,-9.9564085,6.059277,12.954313,-20.768726,-11.229243,-14.192987,-23.717888,-1.8481135,19.671156,-13.921422,-2.3294654,-8.48459,-5.791242,6.875767,-2.6461954,8.47966,15.262468,3.1429422,-8.707375,-5.012207,13.9475155,9.674036,-11.339266,-8.26022,-26.125706,-11.746022,21.619118,-8.198875
P23396,-12.029933,12.612581,17.292387,-3.521811,7.6676974,-2.591685,-0.3636366,-12.73034,-6.6049204,-12.281203,-10.585718,-9.637601,3.3467324,12.844757,9.560334,-18.445028,-4.526184,-2.1841865,2.174893,10.442791,9.604057,7.5226107,-13.912358,7.3994417,14.705815,-1.0258188,-8.6044035,-8.338989,-17.70412,9.394134,14.380339,-4.6258163,-8.059019,-8.479457,-7.533749,-12.491156,-8.616718,4.3235555,10.270085,-15.467773,-8.500354,-9.523229,-16.651497,0.014859152,14.338418,-10.342233,-1.9575739,-7.0286202,-4.4585485,5.0048094,-1.6666636,6.377016,11.950556,2.063716,-6.239269,-3.9561236,10.966048,9.104112,-8.548794,-6.230207,-20.298048,-7.317007,16.124908,-6.8413563
P05451,-6.1332617,3.9321208,8.329763,-1.6028433,2.146746,-1.2748606,0.3714378,-5.6442165,-2.2060785,-5.0574565,-4.2006774,-2.9159582,1.8344014,3.8712306,4.5666633,-6.4457283,-0.3287037,0.14058071,1.4785866,4.2026186,3.68745,2.0224633,-4.4413776,0.87855273,5.485124,-0.67791456,-2.456802,-3.8083272,-7.407976,3.7100472,5.265405,-0.056163847,-1.6195475,-4.1946683,-1.4256829,-5.633869,-4.614313,1.3660176,4.405322,-5.6972523,-3.5013201,-2.9407,-5.125123,1.1835574,4.6199117,-3.7053707,-1.1960042,-3.3651009,-2.3281362,1.5434797,-0.062397406,2.7396731,5.0528526,0.3502433,-2.4555447,-1.9325223,4.497447,5.1736126,-3.1411977,-2.4405026,-8.283465,-0.9649587,6.071503,-3.8792095
O43508,-11.403822,12.256146,16.665924,-3.7539544,7.8050685,-2.4023929,-0.5882787,-12.142379,-6.705899,-11.613895,-10.316669,-9.392077,3.3320487,12.502799,9.283635,-18.173414,-4.564994,-2.3905566,2.169959,10.378584,9.372425,7.371164,-13.527972,7.3935895,14.53443,-1.0190227,-8.632954,-7.8573194,-17.384584,9.018168,13.936219,-4.7880516,-7.903925,-8.249744,-7.403787,-11.734982,-8.829702,4.2885146,10.156974,-14.852472,-8.330253,-9.558588,-16.379984,-0.38846472,14.105057,-9.979472,-2.0550694,-6.675717,-4.526254,4.638046,-1.6473956,6.1828904,11.700812,2.1015043,-6.2069135,-3.9473922,10.305157,8.690902,-7.9517336,-6.113634,-19.91381,-7.134372,15.789532,-6.4642606
P10275,-13.455488,16.288767,19.84583,-4.374035,10.211312,-2.999136,-1.0142183,-15.063647,-8.523907,-14.616541,-12.999654,-12.48993,3.796995,16.698122,11.046646,-23.328651,-6.924787,-3.6083758,2.140622,13.025033,12.012768,10.202149,-17.761192,10.81823,18.621735,-1.0665979,-11.563028,-9.7480135,-21.55529,11.466173,17.919952,-7.344332,-11.200939,-9.858725,-10.547038,-14.546001,-9.910299,5.6368313,12.426461,-19.181097,-10.36962,-12.602185,-21.645096,-1.197129,18.389431,-12.853928,-2.2156994,-8.088201,-5.2549176,6.297438,-2.4667995,7.7423263,14.424247,2.8585818,-7.829185,-4.70795,13.062383,9.802269,-10.443193,-7.747242,-24.711073,-10.370477,20.111399,-7.5119796
Q61371,-9.533808,8.929019,13.6026125,-2.8817968,5.542552,-1.9429251,-0.11744572,-9.662657,-4.8895354,-9.16032,-7.8870883,-6.80572,2.7614253,9.027471,7.5209866,-13.577124,-2.683515,-1.2364464,1.993785,7.8630857,7.062708,5.1342645,-9.954675,4.601065,10.940755,-0.88077736,-6.0047026,-6.372937,-13.392199,6.9242625,10.489959,-2.6913774,-5.284159,-6.759747,-4.9355226,-9.451812,-7.2583165,3.0866306,7.9531155,-11.227483,-6.459492,-6.8270073,-11.848566,0.46234733,10.323627,-7.4825015,-1.6749022,-5.4473586,-3.6069324,3.420286,-0.9794429,4.8331223,9.102081,1.3815325,-4.6476364,-3.1361177,8.16947,7.476401,-6.1704774,-4.683274,-15.392803,-4.5878468,11.993036,-5.563773
P21375,-8.996411,7.9539385,12.295029,-1.9209929,4.326228,-1.9384699,0.3726244,-8.985097,-3.7967057,-8.7672415,-6.902002,-6.028387,2.3418138,8.022412,6.618562,-11.647402,-2.0673862,-0.5023727,1.6753191,6.423116,6.143325,4.491449,-8.898979,3.7083716,9.315229,-0.7184797,-4.761052,-6.1627097,-11.431253,6.265749,9.361469,-1.8302937,-4.580242,-6.058022,-4.303468,-9.097089,-5.5834055,2.6062899,6.779638,-10.292096,-5.566368,-5.480547,-10.177904,1.2171203,8.870728,-6.7150917,-1.1342822,-5.1226892,-2.7708883,3.439567,-0.80389535,4.343565,7.8500047,1.0260093,-3.7808614,-2.5829384,7.947821,6.920831,-6.2311635,-4.1245475,-13.275139,-4.0121665,10.513434,-5.283435
Q9BZR9,-13.603646,16.624208,19.841846,-4.4344654,10.43054,-3.0708601,-1.1234965,-15.359292,-8.655048,-14.631408,-13.133724,-12.680973,3.7600913,17.084864,11.208852,-23.562391,-7.595834,-3.831143,1.8993757,13.395242,12.295643,10.6404705,-18.073729,11.485004,19.027384,-1.0724951,-12.183566,-9.9003,-21.935333,11.869766,18.501602,-7.77816,-11.66083,-9.753816,-10.968416,-14.643417,-9.969491,5.794325,12.300221,-19.459324,-10.525995,-12.978343,-22.321867,-1.5021842,18.725136,-13.194463,-2.4074402,-8.220016,-5.325423,6.6088896,-2.7375593,7.768844,14.667107,3.1075773,-8.265337,-4.8281083,13.264706,9.674316,-10.6469965,-7.9305153,-24.951141,-10.928659,20.459557,-7.5484495
Q7YZX3,-15.174993,18.338308,22.756104,-5.2878823,12.247742,-3.048665,-1.2948533,-16.748146,-10.296841,-16.50681,-14.642513,-14.228874,4.3801265,19.043928,12.6752205,-26.868818,-7.7600017,-4.3024535,2.8475304,14.438266,13.365807,10.888333,-20.63331,12.534711,20.733656,-1.0741224,-13.105762,-10.595152,-24.595987,12.776145,20.437859,-8.277936,-12.683156,-10.907776,-11.931596,-15.93235,-11.617726,6.4491544,14.347633,-21.647104,-11.69989,-14.312718,-24.832436,-1.793403,21.553947,-14.726821,-2.5833201,-9.020425,-5.854208,6.977798,-2.940274,8.473752,16.553888,3.6325674,-8.932493,-5.2066894,14.476613,11.205575,-11.333111,-8.706553,-28.456429,-12.179521,22.780245,-7.7801094
P0ACC1,-13.360698,15.851028,18.94902,-3.334124,9.103424,-3.166082,-0.43624386,-14.892504,-7.3929186,-14.664769,-12.375051,-12.103289,3.3609748,16.245047,10.40095,-21.877197,-6.658929,-2.9375916,1.6579584,11.966687,11.398593,10.100203,-17.227251,10.324974,17.492567,-1.0129714,-10.738397,-9.909729,-20.079077,11.319693,17.456387,-6.6950994,-10.880181,-9.286727,-10.2771845,-14.687657,-8.210944,5.3399053,11.265501,-18.853205,-9.724763,-11.519699,-20.657917,-0.34274802,17.312342,-12.611288,-1.7147118,-8.044209,-4.448243,6.733175,-2.4524744,7.3867073,13.463491,2.6766603,-7.1980467,-4.2044277,13.43113,9.36332,-11.081719,-7.4229894,-23.084948,-10.259534,19.177088,-7.5267615
P54253,-14.557221,17.98518,21.08856,-4.3546658,11.067502,-3.2687273,-1.0344194,-16.489426,-9.106848,-15.981402,-13.894134,-13.701115,3.82954,18.46532,11.770967,-25.167025,-8.20992,-3.9156377,1.945362,13.937194,13.047416,11.409,-19.56568,12.4548025,20.211517,-0.95514274,-12.794708,-10.751315,-23.008978,12.692856,19.757658,-8.376765,-12.737193,-10.362734,-11.992208,-15.921822,-9.962621,6.13551,13.01416,-21.012669,-11.165481,-13.683337,-23.888824,-1.3687621,20.116446,-14.093888,-2.2500722,-8.820816,-5.268254,7.3388724,-2.994962,8.271134,15.493497,3.2139702,-8.599569,-4.941179,14.557094,10.178259,-11.825088,-8.439736,-26.403837,-12.030385,21.81878,-7.9809475
P0A6L0,-12.587495,12.079427,17.530123,-3.0250573,6.693576,-2.803803,0.13684548,-12.953806,-5.8288007,-12.528952,-10.368253,-9.148466,3.297003,12.134376,9.599387,-17.482027,-3.6991599,-1.4563977,2.1554477,10.010152,9.297729,7.1311913,-13.198381,6.2370086,14.060301,-1.1334676,-7.7371764,-8.715075,-17.134398,9.377719,13.947047,-3.5753129,-7.268068,-8.586636,-6.777324,-13.067916,-8.2144575,4.0108533,9.890531,-15.2263565,-8.304439,-8.653459,-15.559115,1.0559595,13.330248,-10.081933,-1.8056858,-7.265719,-4.2799325,5.0943136,-1.4109585,6.3688087,11.642432,1.6990592,-5.8348765,-3.8717825,11.3392315,9.566939,-8.90978,-6.0418754,-19.666265,-6.443013,15.590212,-7.4425073
P15208,-11.625822,13.995216,17.377567,-4.080166,9.204687,-2.423407,-0.9472728,-12.85171,-7.6548285,-12.562724,-11.209303,-10.795831,3.437212,14.3661785,9.62897,-20.510046,-5.756528,-3.094188,2.139567,11.214419,10.259016,8.592943,-15.449957,9.190065,16.244501,-0.899282,-9.87282,-8.30691,-18.665682,9.675254,15.33996,-6.257157,-9.528949,-8.7402935,-9.034973,-12.299527,-9.14251,4.897095,11.114427,-16.388733,-9.034854,-10.968685,-18.728107,-1.085709,16.085493,-10.951525,-1.9449927,-6.9292746,-4.6076775,5.16173,-2.0591648,6.6923738,12.558893,2.4872541,-6.70027,-4.117123,11.130851,8.615583,-8.808505,-6.7899537,-21.659185,-8.783494,17.558626,-6.397139
P11940,-12.142574,14.145953,17.756676,-3.8990722,8.831905,-2.6896772,-0.79020745,-13.399151,-7.4198666,-12.8915,-11.429022,-10.80713,3.4387085,14.447509,9.886447,-20.362495,-5.8727903,-2.9657426,1.9740628,11.519478,10.555453,8.840903,-15.401214,9.147958,16.39738,-0.9906091,-10.033373,-8.708263,-19.04289,10.122692,15.696923,-6.149739,-9.575169,-8.863759,-9.000851,-12.961713,-9.009074,4.900751,10.995037,-16.78149,-9.179996,-10.947302,-18.78703,-0.8157085,15.961742,-11.216203,-2.0589752,-7.252766,-4.737557,5.4827304,-2.084561,6.861503,12.77905,2.4076939,-6.921593,-4.245338,11.559009,8.92273,-9.176265,-6.8453135,-21.798542,-8.746926,17.673988,-6.8776073
Q96EB6,-10.851368,11.448821,15.653272,-3.3819952,7.158886,-2.3020632,-0.43862262,-11.501557,-6.1343107,-10.977215,-9.606079,-8.747334,3.094176,11.678883,8.712874,-16.872341,-4.2462435,-2.0789726,1.9891859,9.61937,8.751407,6.9011827,-12.647899,6.8396173,13.546734,-0.93952715,-7.98518,-7.5090284,-16.169317,8.507867,13.0976715,-4.334219,-7.361618,-7.735494,-6.9073696,-11.136236,-8.120946,3.9756274,9.399002,-13.934478,-7.771659,-8.820377,-15.269863,-0.1717065,13.10147,-9.356091,-1.8846582,-6.341815,-4.1474423,4.4511833,-1.5442238,5.7891316,10.909421,1.9497879,-5.790081,-3.6688418,9.829515,8.205884,-7.6320467,-5.7382717,-18.53035,-6.6672277,14.76079,-6.176816
Q8IUQ4,-10.408567,9.8024645,14.637547,-3.1517446,6.006954,-2.191005,-0.20455849,-10.643961,-5.270325,-9.809677,-8.6182165,-7.394998,2.9418623,9.8900795,8.261028,-14.666857,-3.3548129,-1.5026784,1.9071624,8.857172,7.832797,5.8906975,-10.777613,5.336344,12.078945,-1.0247742,-6.9505677,-6.987713,-14.7417755,7.8159385,11.698444,-3.1656425,-5.9322615,-7.190722,-5.5167108,-10.301018,-7.925055,3.4230323,8.398068,-12.23689,-7.089684,-7.6049232,-13.160219,0.3202017,11.190634,-8.302258,-2.0146112,-5.980034,-4.019099,3.914798,-1.2485838,5.232775,9.992733,1.6456398,-5.363948,-3.5190473,8.925971,7.9783244,-6.7724576,-5.1592946,-16.713913,-5.216803,13.119739,-6.130069
Q94420,-10.170641,10.585124,14.572043,-3.0938702,6.5080304,-2.1864908,-0.3639232,-10.785544,-5.6040206,-10.207279,-8.900972,-8.052382,2.8676195,10.785534,8.117964,-15.5350685,-3.9328585,-1.850636,1.8264588,8.966649,8.169453,6.4237046,-11.647086,6.2657533,12.592317,-0.8642631,-7.383774,-7.0706415,-15.010524,7.9525537,12.160303,-3.9552617,-6.7948627,-7.233758,-6.36208,-10.446561,-7.5002494,3.6483977,8.676435,-12.936076,-7.2287893,-8.1457405,-14.085521,-0.069900714,12.051311,-8.658438,-1.7670796,-5.9502797,-3.8685598,4.1575646,-1.3963087,5.405589,10.122221,1.758758,-5.40924,-3.4216053,9.197124,7.6726117,-7.1409664,-5.322893,-17.134409,-6.110763,13.664941,-5.871645
P0A6S5,-10.618094,10.845951,15.064868,-3.5147521,6.902687,-2.2253604,-0.5861888,-11.2738,-6.0089417,-10.144914,-9.184135,-8.151085,2.9723632,11.084045,8.677323,-15.956142,-4.60862,-2.1811938,1.7707462,9.78354,8.63639,6.732775,-11.907998,6.868627,13.265157,-0.9232896,-8.245961,-7.2349,-15.957372,8.543713,12.919056,-4.3455176,-7.1327167,-7.309525,-6.5995755,-10.592553,-8.283484,3.8188274,8.796012,-13.195983,-7.637039,-8.72722,-14.880816,-0.5235841,12.53604,-9.082382,-2.2874649,-6.2157807,-4.279916,4.358759,-1.6661123,5.4763756,10.762627,2.0844858,-6.1949596,-3.7472384,9.332255,7.8655434,-7.076937,-5.5646377,-17.878344,-6.533264,14.171215,-6.0684705
O00308,-10.573179,10.810269,15.053289,-3.1617782,6.6413164,-2.26925,-0.3076139,-11.092883,-5.693545,-10.520402,-9.148159,-8.232644,2.9785361,10.999202,8.396959,-15.90447,-3.923895,-1.8183429,1.8742306,9.153849,8.316062,6.5455217,-11.92478,6.2950673,12.850641,-0.95595807,-7.5147705,-7.2909346,-15.401014,8.180587,12.506375,-3.8884082,-6.8433313,-7.4212546,-6.4254446,-10.765969,-7.780881,3.755672,8.879362,-13.255827,-7.401239,-8.263324,-14.40791,0.05654936,12.290432,-8.923716,-1.836531,-6.1518636,-3.970798,4.2941546,-1.4481534,5.534009,10.403919,1.8292118,-5.52177,-3.537098,9.488027,7.9892616,-7.3796873,-5.488532,-17.613838,-6.1680174,14.043941,-6.0846295
B5KM66,-12.011813,12.583573,17.28867,-3.5335913,7.743239,-2.5445797,-0.37164855,-12.683642,-6.677399,-12.2725115,-10.545683,-9.642083,3.342906,12.874245,9.5602255,-18.459822,-4.537639,-2.20293,2.2189558,10.343076,9.555011,7.415383,-14.0010195,7.469916,14.597701,-0.9920435,-8.598637,-8.273528,-17.68957,9.361163,14.418296,-4.612379,-8.073034,-8.39713,-7.546621,-12.396005,-8.590344,4.3282084,10.257813,-15.457962,-8.459808,-9.501893,-16.696272,-0.052769225,14.4419365,-10.378154,-1.9537147,-7.0057282,-4.407713,5.0075483,-1.698833,6.3126864,11.949794,2.1415267,-6.2467628,-3.9133685,10.92479,9.095592,-8.490538,-6.20895,-20.307108,-7.42421,16.091805,-6.705523
P00748,-12.665966,15.451045,18.6963,-4.247328,9.744178,-2.839742,-1.0659299,-14.278773,-8.126767,-13.690068,-12.339235,-11.840219,3.600663,15.882404,10.493447,-22.145815,-6.731926,-3.5500405,1.9770216,12.5049305,11.475891,9.790881,-16.841913,10.410299,17.776445,-1.0252739,-11.157415,-9.210949,-20.53671,10.916057,17.093695,-7.1037393,-10.69449,-9.30019,-10.082558,-13.635384,-9.496216,5.3697133,11.734546,-18.131393,-9.859321,-12.112026,-20.672348,-1.3182757,17.467407,-12.226099,-2.187036,-7.6336136,-5.0705585,5.9388957,-2.3622506,7.3359356,13.690724,2.8209887,-7.5683665,-4.500323,12.291392,9.185543,-9.8188305,-7.375529,-23.43744,-9.934801,19.118286,-7.1141286
A0A0K0MJN3,-10.690627,11.729726,15.462233,-3.4713058,7.3203897,-2.357393,-0.6328529,-11.610323,-6.2677546,-10.870842,-9.763877,-8.939194,3.0543058,12.031631,8.727835,-17.087011,-4.7802963,-2.4149244,1.7979715,9.979097,9.048075,7.305749,-12.864197,7.422828,13.868338,-0.94598085,-8.522583,-7.5007706,-16.510715,8.734522,13.468458,-4.8361607,-7.7797327,-7.6192827,-7.2820673,-11.071807,-8.074085,4.1027493,9.333132,-14.152206,-7.867418,-9.231301,-15.7898655,-0.591313,13.379228,-9.598624,-2.0029821,-6.324922,-4.280405,4.5747,-1.6788062,5.841552,11.031804,2.1336389,-6.1058292,-3.7365131,9.794468,7.962941,-7.632099,-5.815045,-18.673231,-7.1154356,14.968128,-6.1173725
P01023,-15.717864,20.873219,23.56544,-5.55124,13.308853,-3.6488304,-1.7746751,-18.33382,-10.954932,-17.697731,-16.263218,-16.031101,4.497807,21.519413,13.294246,-29.47429,-9.866974,-5.3725533,2.1416929,16.547993,15.213237,13.526659,-22.591532,14.974932,23.576237,-1.2730429,-15.443432,-11.671289,-26.933714,14.360718,22.70628,-10.516083,-14.979357,-11.668095,-14.119544,-17.42184,-11.88408,7.3352814,15.185099,-24.046034,-12.848165,-16.485903,-28.002932,-2.6360686,23.500437,-16.289982,-2.7879813,-9.651965,-6.515463,8.015892,-3.489521,9.529328,17.85214,3.956412,-10.08611,-5.822705,15.820897,11.110763,-12.822124,-9.709575,-30.640799,-14.0709095,25.253124,-8.617689
P0A6E6,-7.740584,4.8569155,10.859326,-2.44323,3.083377,-1.3693479,0.3405803,-6.868576,-3.0187895,-6.235129,-5.343298,-3.635287,2.4260466,4.588696,5.9708576,-8.614099,0.10124848,0.1368456,2.1931093,5.5259285,4.4758186,2.3155591,-5.4633408,0.60001975,7.235393,-0.9430521,-2.8618386,-4.677708,-9.35627,4.467922,6.271124,0.11451149,-1.6632601,-5.6339207,-1.5152518,-6.8959336,-6.7851996,1.6739031,6.0366287,-6.7940707,-4.6608334,-3.8039389,-6.3356833,1.626227,5.792822,-4.406969,-1.562222,-4.140079,-3.1098251,1.5452482,0.04552314,3.477947,6.523912,0.37709793,-2.934672,-2.540671,5.532861,6.689846,-3.7334726,-3.1431844,-10.89159,-0.7619765,7.8726177,-5.0008755
P12476,-12.233879,14.884318,18.082289,-3.9286575,9.195321,-2.7466052,-0.87691945,-13.751458,-7.6522574,-13.383843,-11.80183,-11.352897,3.4464445,15.112685,9.956201,-21.25405,-6.1948905,-3.1337996,1.9710821,11.912126,10.965486,9.403947,-16.002287,9.631436,17.211567,-0.91035867,-10.337516,-9.024982,-19.440544,10.357723,16.026873,-6.717111,-10.191104,-9.280763,-9.604735,-13.441682,-9.020193,5.0584407,11.467681,-17.426554,-9.525998,-11.458165,-19.48607,-0.86991376,16.562906,-11.430026,-1.8984785,-7.38286,-4.767389,5.6504426,-2.1086004,7.19377,13.061519,2.2961726,-6.9706397,-4.3066087,12.01452,8.916186,-9.652672,-7.084192,-22.409828,-9.172275,18.345247,-7.085888
P10810,-11.704381,12.926518,16.711538,-3.2653868,7.7874966,-2.5787423,-0.3892077,-12.6339,-6.5142875,-12.292172,-10.462174,-9.882084,3.1558847,13.22231,9.224439,-18.528534,-5.002157,-2.2782574,1.8791794,10.215316,9.5704775,7.9163775,-14.238795,7.988772,14.770324,-0.91150707,-8.770491,-8.364439,-17.299088,9.392868,14.532542,-5.055164,-8.5499525,-8.230276,-8.080714,-12.349511,-7.9850273,4.40386,9.995914,-15.583836,-8.365536,-9.638221,-17.049402,-0.1309791,14.509106,-10.415585,-1.7192081,-6.9093394,-4.1147413,5.2539024,-1.8513674,6.3158135,11.681376,2.1843565,-6.158776,-3.7892847,11.112905,8.584649,-8.899604,-6.2979946,-19.9538,-7.9209485,16.22223,-6.5994606
O94782,-14.716895,17.821981,21.7257,-4.848367,11.105308,-3.363127,-1.2208446,-16.597614,-9.429931,-15.896361,-14.36874,-13.656948,4.1460767,18.375511,12.221093,-25.403065,-7.861376,-4.2171817,2.2560573,14.510634,13.3695135,11.180817,-19.450369,12.146215,20.25515,-1.2168955,-13.0420265,-10.550447,-24.050207,12.784214,19.924583,-8.203968,-12.378894,-10.536248,-11.54094,-15.92224,-10.777091,6.2214284,13.443293,-21.167593,-11.356767,-13.936831,-23.86686,-1.6650819,20.262434,-14.356619,-2.650569,-8.8829,-5.953059,6.9960876,-2.7941897,8.427659,15.968899,3.3089488,-8.905462,-5.2113004,14.133241,10.735006,-11.18732,-8.382223,-27.15681,-11.583796,21.89577,-8.105527
P61088,-11.328362,11.354162,16.207811,-3.4014547,6.920935,-2.4373965,-0.31417382,-11.832336,-6.070118,-11.203244,-9.79008,-8.650665,3.2058253,11.55475,9.038474,-16.78652,-3.9790668,-1.9371504,2.1005144,9.795956,8.880404,6.7474885,-12.537672,6.484226,13.495779,-1.0491341,-7.9173384,-7.6984034,-16.565994,8.717286,13.241675,-3.968701,-7.0961967,-7.8995996,-6.5879207,-11.541591,-8.345461,3.9403052,9.488359,-14.110472,-7.8840346,-8.69927,-15.1089,0.08048152,13.00305,-9.508899,-2.0328453,-6.576457,-4.350724,4.4972215,-1.4587451,5.8861833,11.155984,1.8967268,-5.9026036,-3.784617,9.99768,8.688094,-7.660137,-5.724934,-18.813364,-6.368793,14.774165,-6.503925
D3ZMK9,-13.544298,16.500925,20.099802,-4.640916,10.679221,-2.898722,-1.1824057,-15.177335,-8.956481,-14.639211,-13.120322,-12.667374,3.8531988,17.01407,11.26703,-23.791767,-7.286668,-3.8586316,2.2458827,13.272618,12.191513,10.22173,-18.166855,11.316867,18.907658,-0.9955758,-11.9785,-9.690819,-22.015652,11.634608,18.306551,-7.661124,-11.508776,-9.853297,-10.804586,-14.457559,-10.268397,5.759107,12.637392,-19.374832,-10.548488,-12.954866,-22.205011,-1.5939621,18.963022,-13.090166,-2.3919842,-8.138225,-5.3602715,6.350312,-2.6300213,7.7242537,14.76034,3.0911546,-8.1629925,-4.7837358,13.054519,9.840413,-10.318658,-7.8555474,-25.211063,-10.81384,20.408998,-7.3207803
Q9H4A3,-11.794993,12.453106,16.9116,-3.3956215,7.443341,-2.5963717,-0.3526829,-12.564382,-6.393408,-12.08149,-10.422196,-9.496024,3.2543378,12.6635685,9.353564,-18.098282,-4.493174,-2.145103,2.060625,10.312111,9.497946,7.531619,-13.648064,7.2885337,14.524206,-1.0129701,-8.473289,-8.271492,-17.361465,9.271753,14.144369,-4.598855,-7.975368,-8.354209,-7.4667964,-12.342825,-8.344468,4.2392063,10.038466,-15.240487,-8.3610325,-9.389438,-16.375875,0.05491194,14.020532,-10.164933,-1.8832043,-6.915081,-4.3748155,4.954806,-1.6160874,6.314048,11.6916275,1.997432,-6.12155,-3.880251,10.843298,8.882755,-8.507164,-6.1313286,-19.867851,-7.207035,15.864358,-6.8182454
O15287,-11.367327,12.229902,16.21128,-3.3000658,7.292944,-2.5446444,-0.41160843,-12.238662,-6.201819,-11.629928,-10.1032,-9.269238,3.1095686,12.404568,9.023158,-17.593735,-4.7211614,-2.1734526,1.8236936,10.178013,9.3195715,7.606892,-13.263472,7.3737545,14.354643,-0.9655105,-8.489659,-8.079468,-16.85397,9.110264,13.838332,-4.757756,-7.9785504,-8.086635,-7.4780445,-11.962265,-8.074789,4.168574,9.650581,-14.808029,-8.165682,-9.293698,-16.114052,-0.0901101,13.633392,-9.87127,-1.8787738,-6.710516,-4.2537184,4.907341,-1.6741018,6.153105,11.352971,1.956698,-6.0853424,-3.822726,10.563949,8.416386,-8.35022,-6.037581,-19.2227,-7.1772776,15.513018,-6.6510468
P0AB58,-14.273932,13.249687,19.896463,-3.3152888,7.4845643,-2.95941,0.36502814,-14.303084,-6.4412465,-14.191531,-11.382564,-10.090152,3.6990194,13.218097,10.752551,-19.543657,-3.4203565,-1.241308,2.7181768,10.702317,9.958337,7.4366384,-14.676345,6.2922344,15.4011965,-1.222382,-7.9275227,-9.760036,-18.646433,10.1777115,15.159744,-3.3884256,-7.6520996,-9.761049,-7.207971,-14.621652,-9.339559,4.323721,11.226521,-16.72976,-9.222785,-9.21602,-16.913237,1.731348,14.71698,-10.993196,-1.7923838,-8.111964,-4.517457,5.538109,-1.4448361,7.0188956,12.87487,1.7598952,-6.0643787,-4.183088,12.815579,10.953143,-10.054069,-6.6970024,-21.935389,-6.8071346,17.307005,-8.330485
O08722,-14.8279295,17.234211,22.015385,-5.0487404,11.3344345,-2.9779973,-1.0503161,-16.09082,-9.463864,-15.775709,-13.936363,-13.305651,4.265261,17.664644,12.238852,-25.427073,-6.7889924,-3.7015367,2.8033485,13.863271,12.624408,10.325762,-19.164616,11.059951,19.928343,-1.1695755,-12.025362,-10.399103,-23.23909,12.127498,19.108967,-7.3250628,-11.525118,-10.837426,-10.910448,-15.473508,-11.524927,5.991653,13.791965,-20.330685,-11.271654,-13.37987,-23.107758,-1.0444973,19.913074,-13.717288,-2.4540713,-8.735125,-5.691593,6.4735155,-2.5592096,8.226923,15.725449,3.1652503,-8.291026,-5.0842066,14.010559,11.027832,-11.000837,-8.365727,-27.070301,-10.793959,21.741222,-8.051474
Q22289,-12.30264,14.512875,18.678318,-4.8216147,10.179087,-2.3332987,-1.23552,-13.415867,-8.631301,-12.949368,-11.853608,-11.27167,3.7792938,15.071502,10.509177,-21.86674,-6.0683513,-3.5565224,2.5956078,12.023871,10.817666,8.570712,-16.414654,9.817285,17.034685,-0.9482514,-10.677975,-8.393879,-20.228727,10.186152,16.361652,-6.5658607,-9.89634,-9.086833,-9.3174095,-12.4997635,-10.432126,5.206721,11.953963,-17.089712,-9.6301565,-11.766995,-19.959406,-1.653607,17.389273,-11.689389,-2.4199622,-7.253425,-5.1395025,5.196463,-2.2462566,6.8719897,13.612072,2.97168,-7.433232,-4.438777,11.303279,9.295884,-8.615991,-7.1168633,-23.36805,-9.369714,18.513716,-6.382664
O35627,-14.432841,17.104351,21.126305,-4.417134,10.619447,-3.1866226,-0.88471836,-15.972974,-8.894374,-15.666368,-13.661635,-13.139297,3.9832952,17.569593,11.694022,-24.448648,-7.1012173,-3.605069,2.3150105,13.430558,12.537491,10.505549,-18.803627,11.250731,19.284628,-1.1030315,-11.945564,-10.349428,-22.624863,12.111644,18.935394,-7.4321938,-11.688149,-10.313768,-10.985885,-15.541763,-10.195108,5.898659,13.017883,-20.33745,-10.8378525,-12.991721,-22.67531,-1.0101808,19.383001,-13.645801,-2.2479818,-8.627245,-5.3699574,6.7833576,-2.6178534,8.094364,15.192552,3.0145805,-8.134744,-4.8677278,13.95498,10.53634,-11.154624,-8.100858,-26.007399,-10.942708,21.079304,-7.887051
P01555,-10.824476,12.476622,16.118599,-3.7110832,8.188694,-2.1874208,-0.81667423,-11.885939,-7.011818,-11.47137,-10.146295,-9.639033,3.1246467,12.98273,8.978925,-18.420536,-5.063222,-2.7500696,2.158571,10.12357,9.39178,7.3785067,-14.060072,8.218126,14.421415,-0.7197766,-8.856369,-7.5808563,-17.176483,8.882584,14.09433,-5.3742914,-8.496535,-7.8606887,-7.9743104,-11.236313,-8.239615,4.3121514,10.042558,-14.935381,-8.19714,-9.826471,-16.878414,-0.98627806,14.702182,-10.084756,-1.8524716,-6.4127693,-4.2176914,4.6864157,-1.7831377,5.9932985,11.518323,2.3951988,-6.250552,-3.6534355,10.131003,8.104918,-7.83237,-6.0087533,-19.735022,-8.0478115,15.714228,-5.797705
Q8TB24,-13.484404,15.288008,19.482338,-4.0484915,9.432966,-2.9335625,-0.69375086,-14.707054,-7.936412,-14.210584,-12.348668,-11.68749,3.672081,15.664949,10.852158,-21.958706,-6.2249804,-3.0439026,2.17504,12.27471,11.362347,9.376899,-16.816288,9.812238,17.496172,-1.0487254,-10.697519,-9.585331,-20.580729,11.097757,17.184246,-6.3556757,-10.286862,-9.506681,-9.664203,-14.26161,-9.553625,5.2488837,11.774874,-18.298948,-9.909084,-11.6301985,-20.334625,-0.63062054,17.316896,-12.323951,-2.1743596,-7.996816,-4.9657626,6.1364455,-2.3040195,7.354323,13.867709,2.7094061,-7.4727554,-4.4996357,12.801356,9.8589945,-10.161993,-7.3728647,-23.615147,-9.607226,19.089535,-7.489295
O95163,-14.033546,12.986293,19.429949,-3.1106882,7.136764,-3.0082047,0.4077551,-14.128453,-6.199739,-13.950809,-11.1752,-9.865737,3.5896957,12.991679,10.516162,-18.928843,-3.4874868,-1.2121272,2.5390387,10.480741,9.836446,7.3528175,-14.347249,6.267545,14.957217,-1.2109207,-7.8600516,-9.608109,-18.33721,10.094559,14.981692,-3.3348598,-7.563169,-9.43977,-7.075928,-14.460479,-8.866864,4.244394,10.815784,-16.526861,-8.972774,-8.975656,-16.56031,1.6791409,14.362839,-10.886433,-1.7852899,-8.006827,-4.425173,5.5713058,-1.4548792,6.874519,12.603868,1.7335993,-6.024988,-4.0944924,12.598915,10.730049,-9.90292,-6.516544,-21.366915,-6.750587,16.851055,-8.180862
Q7JXV9,-11.15329,12.025065,16.19742,-3.5879478,7.314674,-2.5293636,-0.5972891,-12.07531,-6.394297,-11.305692,-10.1889925,-9.120607,3.2176087,12.214451,9.077052,-17.493456,-4.711508,-2.4143183,1.9173602,10.469175,9.428664,7.475586,-12.985166,7.320719,14.327687,-1.0389888,-8.686145,-7.7856708,-17.221792,9.041045,13.706103,-4.8587523,-7.8377495,-8.06254,-7.2478776,-11.725848,-8.441417,4.182632,9.766248,-14.660465,-8.194426,-9.437818,-15.955747,-0.45328498,13.591855,-9.80497,-2.1311252,-6.6071796,-4.606381,4.641454,-1.5955402,6.1535726,11.488736,1.9361283,-6.272637,-3.960119,10.086566,8.454738,-7.7834697,-5.933165,-19.348679,-6.9193707,15.339892,-6.5480857
Q9NRD5,-13.991336,16.269413,20.06543,-3.9274986,9.637322,-3.19848,-0.6533742,-15.486913,-8.012564,-15.00882,-12.909488,-12.344777,3.686622,16.514141,11.101836,-22.874758,-6.763803,-3.1201093,1.9764497,12.881732,11.983694,10.267408,-17.521423,10.417451,18.53443,-1.0554112,-11.215581,-10.245287,-21.246344,11.7083645,17.894506,-6.9327483,-11.053847,-10.009838,-10.389713,-15.2494,-9.473695,5.4846544,12.157946,-19.30978,-10.372957,-12.183263,-21.272041,-0.48804173,17.920994,-12.801214,-2.082616,-8.38621,-5.0400863,6.634445,-2.4364693,7.8235693,14.332106,2.5851705,-7.6941423,-4.677964,13.666649,10.038219,-11.052285,-7.748534,-24.388256,-10.131349,20.00597,-8.039397
Q15038,-12.384259,14.985224,18.28655,-4.1620703,9.703261,-2.6251218,-1.0399274,-13.868922,-8.149875,-13.352951,-11.861925,-11.506151,3.479439,15.5293255,10.254127,-21.57749,-6.6885705,-3.4559994,2.057637,11.953072,11.078691,9.226459,-16.620268,10.378337,17.104343,-0.8345017,-10.877695,-8.856345,-19.976532,10.603852,16.74651,-6.928958,-10.517837,-8.900343,-9.875174,-13.139215,-9.200456,5.2155104,11.419043,-17.651585,-9.552043,-11.736934,-20.24145,-1.4540575,17.322948,-11.950028,-2.1537604,-7.437121,-4.783519,5.8423643,-2.416346,6.9774556,13.402169,2.8815293,-7.4628606,-4.2912164,11.9404125,8.954751,-9.433347,-7.1353545,-22.866846,-9.985054,18.526028,-6.6047273
Q9C019,-14.966096,19.366896,22.53202,-5.2409763,12.391009,-3.3721097,-1.5430899,-17.220144,-10.292239,-16.7757,-15.240662,-14.916041,4.3145566,19.961483,12.593479,-27.642805,-8.696068,-4.8032327,2.3331728,15.344135,14.155406,12.255852,-21.105515,13.502427,21.92282,-1.1663055,-14.033792,-10.984227,-25.243713,13.305724,21.055052,-9.412633,-13.683963,-11.175916,-12.888194,-16.467989,-11.332084,6.7572417,14.497592,-22.49424,-12.068086,-15.215405,-25.876268,-2.163305,21.972689,-15.141407,-2.5447853,-9.115315,-6.120102,7.3285584,-3.0614517,8.967475,16.780376,3.5649662,-9.257937,-5.419027,14.871922,10.797488,-11.940822,-9.027673,-28.873703,-12.805443,23.580847,-8.18975
Q92731,-11.3744335,12.550726,16.645283,-3.778767,8.041003,-2.395089,-0.66413784,-12.229617,-6.8329363,-11.707764,-10.412661,-9.622922,3.3076584,12.832434,9.290143,-18.517622,-4.856375,-2.5290675,2.1017778,10.491786,9.502157,7.6290197,-13.853254,7.781955,14.812945,-0.9825199,-8.878973,-7.9239244,-17.506922,9.130061,14.189117,-5.09116,-8.229662,-8.259298,-7.743055,-11.754471,-8.799313,4.388502,10.22268,-15.06266,-8.417035,-9.80757,-16.81612,-0.5445913,14.416939,-10.137497,-2.023164,-6.688014,-4.489559,4.7562227,-1.7522781,6.2326903,11.781993,2.2103658,-6.3025675,-3.949569,10.43828,8.566328,-8.122154,-6.2288756,-20.099834,-7.502641,16.066254,-6.4141145
P19889,-15.611724,18.421877,22.58507,-4.50019,11.0751505,-3.5502837,-0.84128785,-17.333555,-9.231342,-16.915594,-14.660308,-14.079988,4.162164,18.840736,12.526879,-26.015179,-7.6698623,-3.7591174,2.2783518,14.459356,13.515085,11.492476,-20.05379,12.008948,20.716682,-1.2139494,-12.784103,-11.339875,-24.137909,13.175299,20.372223,-7.925702,-12.570968,-11.05405,-11.818118,-16.972706,-10.6162615,6.273226,13.728946,-21.902386,-11.63272,-13.846975,-24.260805,-0.83131677,20.534374,-14.680502,-2.343679,-9.353008,-5.684168,7.477864,-2.8173006,8.735981,16.206053,3.1621895,-8.705979,-5.2016544,15.246586,11.255618,-12.300347,-8.686649,-27.678164,-11.743902,22.582905,-8.731937
P58340,-13.4993725,17.275394,19.946272,-4.5122423,10.716467,-3.203548,-1.2511427,-15.53914,-8.853215,-14.9292755,-13.537136,-13.1431,3.8329952,17.592484,11.15177,-24.240421,-8.008068,-4.0759444,1.7676932,13.882916,12.697101,11.310896,-18.390099,11.955418,19.807919,-1.1094927,-12.628452,-10.038739,-22.39328,12.039337,18.670513,-8.459839,-12.215784,-10.114685,-11.468666,-15.036109,-10.050149,6.027687,12.725037,-20.015419,-10.797727,-13.491434,-22.850342,-1.7020539,19.12004,-13.3108425,-2.3721905,-8.27293,-5.5217013,6.702703,-2.7799876,8.121508,14.929022,2.8713546,-8.338158,-5.0203476,13.430492,9.597977,-10.890468,-8.154098,-25.447903,-11.087667,21.013128,-7.71146
P07335,-6.225743,3.9161584,8.558631,-1.764573,2.2700639,-1.2319851,0.33929816,-5.655714,-2.3180606,-5.0647497,-4.266019,-2.914088,1.9159527,3.820177,4.695591,-6.632773,-0.18328218,0.14059883,1.6127291,4.321989,3.6989686,1.9517211,-4.4399943,0.73184866,5.6295776,-0.709172,-2.4281921,-3.8122938,-7.548546,3.6873982,5.2299914,0.014661665,-1.5113617,-4.3575497,-1.3344755,-5.63216,-4.9743533,1.3697901,4.611243,-5.6552854,-3.6076114,-3.0029938,-5.1283092,1.2125449,4.670193,-3.6702278,-1.2542061,-3.387697,-2.4387934,1.425321,-0.010896231,2.7858982,5.1740994,0.33296865,-2.4677324,-2.0010107,4.478929,5.3225083,-3.0657856,-2.487488,-8.521487,-0.8128846,6.1916556,-3.959432
P11142,-11.871756,13.366945,17.19866,-3.76534,8.321076,-2.6033154,-0.69656533,-12.956648,-7.0186825,-12.323326,-10.932544,-10.204096,3.332312,13.679377,9.649132,-19.351103,-5.444968,-2.7296376,1.947365,11.056157,10.089964,8.3228,-14.636422,8.509154,15.6038065,-1.0051798,-9.521464,-8.432501,-18.302813,9.765929,15.102858,-5.5853505,-8.930015,-8.50417,-8.402696,-12.447748,-8.798625,4.631656,10.461275,-15.974194,-8.804939,-10.374284,-17.872751,-0.6268035,15.135465,-10.783895,-2.0636373,-7.0389504,-4.6006446,5.236714,-1.9516058,6.5444083,12.2789135,2.385881,-6.697134,-4.0920815,11.126121,8.746412,-8.782728,-6.548505,-20.894749,-8.223145,16.88236,-6.752622
Q61171,-11.426979,12.866434,16.532192,-3.4250894,7.7699876,-2.5716763,-0.55110514,-12.502668,-6.568349,-12.022151,-10.498895,-9.810941,3.1709232,13.116402,9.160093,-18.482021,-5.0632515,-2.464252,1.8667085,10.486463,9.685425,8.005176,-13.993947,7.983754,14.919889,-0.93516606,-8.910084,-8.215587,-17.41792,9.32931,14.351527,-5.2658625,-8.545752,-8.276141,-8.034029,-12.192414,-8.149825,4.38984,10.058924,-15.44504,-8.416049,-9.813127,-16.944408,-0.3625868,14.397151,-10.271595,-1.820055,-6.794777,-4.329314,5.056876,-1.7660658,6.367895,11.682737,2.0930939,-6.2392216,-3.8690975,10.82436,8.44776,-8.606913,-6.2432365,-19.922888,-7.7524247,16.134867,-6.6116495
P9WPE9,-8.217915,5.37594,11.394023,-2.3752487,3.1508179,-1.5832831,0.39041176,-7.4579177,-3.1227913,-6.7775936,-5.7617774,-4.0080934,2.479045,5.148834,6.2767677,-9.0746155,-0.23553085,0.048930716,2.107801,5.877006,4.9073467,2.6929302,-5.9833636,1.0298616,7.6157193,-0.98940253,-3.2769833,-5.039776,-10.042502,4.9622107,6.9556465,-0.10238248,-2.078035,-5.7762885,-1.8534218,-7.531779,-6.700955,1.8464454,6.186684,-7.5504723,-4.896188,-4.088315,-6.971319,1.6214384,6.279839,-4.941311,-1.626618,-4.4559093,-3.2252514,1.9338604,-0.082667105,3.701965,6.933632,0.46853462,-3.225939,-2.6547644,6.0245805,6.9825287,-4.1635437,-3.316062,-11.484486,-1.1889507,8.354449,-5.2483726
P20068,-9.040311,7.3458714,12.437663,-2.336833,4.1506696,-1.9184185,0.25811818,-8.819557,-3.8207421,-8.207795,-6.868412,-5.5202975,2.524492,7.3267875,6.872386,-11.193054,-1.7370422,-0.53976053,1.8200165,6.7983985,6.092811,4.1422133,-8.145227,3.0961397,9.203318,-0.92437226,-4.775392,-5.9116416,-11.723801,6.1913977,9.045409,-1.467437,-3.926394,-6.1131477,-3.6069384,-8.798791,-6.457311,2.5101497,6.8001485,-9.713499,-5.6184745,-5.4062815,-9.6091385,1.124271,8.3455305,-6.463604,-1.5873488,-5.0864296,-3.2693236,3.0308607,-0.6590924,4.28201,7.994788,0.9832018,-4.00985,-2.8444955,7.402057,7.1892614,-5.5290623,-4.0211577,-13.306481,-3.2173336,10.20152,-5.465969
O82226,-15.792133,18.723604,23.445395,-5.59271,12.528519,-3.1489582,-1.3489714,-17.29875,-10.421762,-16.739687,-15.025956,-14.4461975,4.5324955,19.29685,13.21799,-27.548615,-7.910108,-4.3436418,2.8431556,15.165824,13.727672,11.358402,-20.88011,12.582444,21.636656,-1.2450774,-13.516941,-11.058029,-25.255629,13.248948,20.971909,-8.349582,-12.786294,-11.378325,-12.09702,-16.35885,-12.489665,6.584877,14.687522,-21.92247,-12.179147,-14.764356,-25.45498,-1.6419811,21.776062,-15.011666,-2.8288848,-9.339379,-6.1793327,7.104069,-3.0139644,8.74647,17.052605,3.7453594,-9.2955475,-5.51827,14.958187,11.567307,-11.731576,-9.081215,-29.25415,-12.193257,23.560083,-8.403622
P08191,-11.180192,11.74584,16.198725,-3.5242832,7.159154,-2.4515302,-0.4972809,-11.948713,-6.238263,-11.256851,-10.012351,-8.941815,3.1941457,11.940382,9.052296,-17.287024,-4.2747684,-2.2069094,2.0540512,10.174788,9.185768,7.15566,-12.818275,6.869836,14.024992,-1.0231546,-8.250558,-7.777253,-16.859867,8.842752,13.443873,-4.4445295,-7.488147,-8.059725,-6.9744964,-11.600812,-8.418677,4.0352616,9.705008,-14.37486,-8.087103,-9.146462,-15.580033,-0.16580527,13.329872,-9.631258,-2.0105903,-6.5581503,-4.471765,4.503316,-1.4619648,6.059681,11.288505,1.9236994,-6.0333886,-3.8354824,10.076193,8.525632,-7.7685738,-5.838811,-19.119305,-6.670218,15.129668,-6.5737257
P28834,-12.448154,11.064291,17.300823,-2.934226,6.1037574,-2.6894562,0.3415903,-12.422523,-5.4898434,-12.071228,-9.858032,-8.392612,3.3106964,11.074984,9.411021,-16.345692,-2.8418317,-1.0384142,2.3768218,9.377057,8.685273,6.189702,-12.236164,5.148028,12.999505,-1.1597438,-6.8917913,-8.330251,-16.424215,8.841377,13.041884,-2.6701221,-6.281011,-8.368429,-5.7880793,-12.663089,-8.190708,3.6832411,9.578236,-14.355434,-7.894371,-7.8061547,-14.190824,1.4256839,12.403507,-9.482747,-1.8274161,-7.08019,-4.2047987,4.6797595,-1.1485184,6.051892,11.214857,1.4562707,-5.4432645,-3.7480485,10.777013,9.729071,-8.278793,-5.644019,-18.860449,-5.4563203,14.601296,-7.295955
P16951,-9.367243,8.326926,13.296973,-2.9013977,5.1416807,-1.9332246,-0.09488979,-9.375152,-4.6546893,-8.679781,-7.6209855,-6.3066163,2.7579641,8.377407,7.4242487,-12.796231,-2.417759,-1.1288903,1.9713893,7.760033,6.8303623,4.791491,-9.230503,4.097105,10.466542,-0.95762545,-5.7782903,-6.1289105,-13.111626,6.7261586,10.03507,-2.337933,-4.767139,-6.573037,-4.3909364,-9.148849,-7.3344355,2.922407,7.644564,-10.653206,-6.2583804,-6.4839754,-11.118297,0.5058016,9.666289,-7.1503253,-1.8391279,-5.325541,-3.717802,3.1859937,-0.86991876,4.664276,8.881282,1.277879,-4.6145062,-3.1629431,7.7318425,7.4476643,-5.711588,-4.4693785,-14.862367,-4.013408,11.410637,-5.5564294
Q9Y6K9,-11.548671,12.154082,16.474094,-3.351839,7.350188,-2.5395434,-0.37401527,-12.292651,-6.3370614,-11.727226,-10.154111,-9.253733,3.1855416,12.415757,9.171292,-17.603054,-4.6494837,-2.1655045,1.9438589,10.099625,9.300856,7.3639336,-13.380226,7.371654,14.143886,-0.9823976,-8.501494,-8.01527,-17.08056,9.149729,13.988478,-4.5992227,-7.8952017,-8.011626,-7.3555646,-11.98524,-8.167914,4.2010207,9.699134,-14.910812,-8.141264,-9.217559,-16.144176,-0.13866751,13.804443,-10.028785,-1.9708095,-6.778541,-4.294083,4.936732,-1.7132442,6.0945153,11.503029,2.0612185,-6.1669784,-3.834759,10.527046,8.645274,-8.221644,-6.0079637,-19.421299,-7.2123265,15.482249,-6.5297008
P01772,-21.733864,29.23491,32.03763,-6.612446,17.674788,-5.1796913,-2.0069823,-25.527235,-14.225513,-25.106577,-22.217705,-22.379642,5.6808167,29.94641,17.874353,-40.391724,-13.473754,-6.9460363,2.5115747,22.160946,20.783747,19.071533,-31.352032,20.559694,32.27363,-1.5808512,-20.605217,-16.716276,-35.95001,19.931051,31.196957,-14.364805,-20.969345,-15.971155,-19.896091,-24.79462,-14.710971,9.893122,20.355064,-33.500175,-17.533623,-22.218998,-38.46008,-2.6560764,31.993439,-22.466915,-3.0205808,-13.387711,-8.09815,11.68816,-4.823318,13.171656,23.962494,5.204038,-13.19809,-7.5347347,22.859802,14.888622,-19.028297,-13.294546,-41.376564,-19.857323,34.707863,-12.203517
O75751,-13.1088,16.687294,19.382534,-4.313812,10.405251,-3.0136213,-1.1764153,-15.050514,-8.555968,-14.549166,-13.045534,-12.775273,3.6654682,17.128626,10.832684,-23.598415,-7.489754,-3.8793943,1.8691808,13.183062,12.19859,10.744648,-18.05059,11.46665,18.993423,-1.0006446,-11.961003,-9.774357,-21.50529,11.5641,18.141846,-7.957973,-11.751579,-9.750159,-11.116487,-14.435344,-9.583919,5.7524834,12.318826,-19.359383,-10.399994,-12.978733,-22.174477,-1.5164663,18.634024,-12.964534,-2.1163206,-7.9837894,-5.16415,6.452036,-2.6066985,7.79497,14.331914,2.9652066,-7.926943,-4.6677284,13.125964,9.321055,-10.660535,-7.8527975,-24.624952,-10.920083,20.34863,-7.3993664
Q9Y6X0,-21.464952,28.087402,31.944145,-7.109641,18.070503,-4.6258645,-2.1716924,-24.723831,-14.814213,-24.254873,-21.559002,-21.672842,5.7654276,29.186115,17.99052,-39.75443,-13.078756,-7.0265937,3.1088107,21.44944,20.080675,17.51778,-31.084435,20.322067,30.996296,-1.3991772,-20.294445,-15.768804,-35.712524,19.351326,30.83944,-13.735296,-20.236212,-15.257536,-19.119663,-23.447056,-15.325262,9.695347,20.17123,-32.45724,-17.129248,-21.744804,-37.887527,-3.2669325,32.114235,-22.21595,-3.392714,-13.040408,-8.033548,11.154135,-4.8960066,12.418459,23.90456,5.7396393,-13.353545,-7.3382215,21.794064,14.967699,-17.645697,-12.888441,-41.140488,-19.797598,33.79921,-11.104198
P05113,-19.455057,27.149351,29.4027,-7.0441146,17.731127,-4.3748302,-2.5912106,-23.142328,-14.487497,-22.468754,-20.627851,-20.949427,5.4269342,28.315418,16.717825,-38.14886,-13.59835,-7.4884424,2.5405376,20.895794,19.448793,17.447746,-29.81059,20.613483,30.012096,-1.3182377,-20.368958,-14.5346365,-34.290085,18.424559,29.606232,-14.358462,-20.110504,-14.146505,-18.978773,-21.617182,-14.480911,9.544875,19.08837,-30.960907,-16.278933,-21.51611,-36.88327,-4.283315,31.029387,-21.262754,-3.416324,-12.038649,-7.8685737,10.586302,-4.939403,11.817851,22.731415,5.701818,-13.134916,-7.1045046,20.112656,13.357603,-16.370687,-12.367091,-39.103115,-19.578985,32.363377,-9.998691
O88273,-10.063463,11.677631,14.790617,-3.6085403,7.735991,-2.0766857,-0.8587921,-11.090017,-6.4861946,-10.396207,-9.42927,-8.926048,2.934876,12.033347,8.383189,-17.14832,-5.100317,-2.6288054,1.765523,9.783349,8.817688,7.295737,-12.906044,7.8311486,13.893689,-0.76989275,-8.617777,-7.1347876,-16.023825,8.40777,13.205688,-5.2588973,-8.009314,-7.385334,-7.5662217,-10.352084,-8.064874,4.106397,9.253022,-13.711359,-7.7448983,-9.389422,-15.921911,-1.0315669,13.514567,-9.307384,-1.9306803,-5.985988,-4.0763397,4.393692,-1.7952299,5.6267633,10.771334,2.2522051,-6.053281,-3.6122692,9.413137,7.364629,-7.3505096,-5.799259,-18.343855,-7.4379196,14.863034,-5.6043043
O14842,-8.577562,9.794968,12.550598,-2.571039,5.90665,-1.9381464,-0.3949879,-9.463843,-4.997351,-9.221227,-7.9496665,-7.505426,2.4485734,10.0274725,6.8255324,-14.140371,-3.6843472,-1.7708082,1.5484682,7.805777,7.3579407,6.049136,-10.707291,5.9566445,11.377382,-0.61933935,-6.5528464,-6.2795672,-13.098136,6.889254,10.736501,-3.983645,-6.5066085,-6.47268,-6.1558785,-9.241753,-6.068165,3.3002133,7.822715,-11.768324,-6.3593307,-7.445058,-12.770285,-0.20602913,10.987443,-7.6579194,-1.2108206,-5.122285,-3.226916,3.7024388,-1.1767837,4.928264,8.757591,1.4622809,-4.5579376,-2.8652463,8.224194,6.42791,-6.5688024,-4.746829,-15.087558,-5.79967,12.277533,-5.0324373
P0C1S8,-18.66749,21.607248,26.804525,-5.1078215,13.042613,-4.020921,-0.7501612,-20.365976,-10.6569395,-20.183226,-17.040236,-16.554525,4.8064494,22.012308,14.788905,-30.7385,-8.443654,-4.0199847,2.8508575,16.535887,15.496002,13.22364,-23.714592,13.606172,24.209837,-1.3759695,-14.373651,-13.569407,-27.76052,15.350728,23.767126,-8.764159,-14.4769745,-13.12876,-13.767444,-20.06293,-12.484912,7.224748,16.174484,-25.556631,-13.668331,-15.901174,-28.346268,-0.30235258,24.01204,-17.133728,-2.4327683,-11.0464735,-6.2685285,8.830403,-3.2647622,10.179847,18.866074,3.724044,-9.793895,-5.9096413,18.383005,13.376561,-14.941119,-10.254779,-32.473175,-13.721633,26.639534,-10.405186
P83780,-21.080238,30.221575,32.641365,-8.177383,20.935835,-4.215922,-3.0756068,-24.895416,-17.002956,-24.952757,-22.615381,-23.600777,6.0740166,31.767776,18.346033,-43.325645,-14.935237,-8.518081,3.428935,22.376688,21.015196,18.605303,-34.017426,23.355858,33.028667,-1.1254231,-22.324585,-15.46189,-37.669426,19.752146,32.64628,-16.145288,-22.546549,-15.520439,-21.39978,-23.04683,-16.390003,10.713763,21.792288,-34.167347,-17.930464,-23.954191,-41.406727,-5.266167,35.56054,-23.483461,-3.4900978,-12.94945,-8.251492,11.415794,-5.6439495,12.754121,25.213293,6.656956,-14.197309,-7.5581846,21.92373,14.602272,-17.718487,-13.732508,-43.852024,-22.397318,36.090256,-9.885586
P05062,-9.660197,9.366112,13.542269,-2.6402717,5.4879785,-2.1023028,-0.0696547,-10.00427,-4.762257,-9.451228,-8.0237255,-7.0760756,2.6503987,9.452756,7.4938498,-13.73362,-3.1374764,-1.2704139,1.7124465,8.00616,7.313558,5.6424394,-10.257697,5.0649657,11.250002,-0.8489642,-6.2964435,-6.6834145,-13.47876,7.2492886,10.88402,-3.0265048,-5.751936,-6.7581363,-5.3828487,-9.845382,-6.8167953,3.1777158,7.8127003,-11.667313,-6.5411334,-7.00952,-12.296504,0.49264312,10.498577,-7.7408895,-1.582272,-5.594153,-3.4927247,3.800017,-1.1236789,4.960859,9.143541,1.3998504,-4.766207,-3.1313088,8.595928,7.3372583,-6.684562,-4.8106956,-15.409264,-5.0422134,12.26734,-5.733274
P14091,-14.9172945,16.699228,21.606363,-4.475654,10.415563,-3.1138022,-0.7159453,-16.107779,-8.737241,-15.688156,-13.517151,-12.813545,4.030812,17.113993,12.014136,-24.240347,-6.4782424,-3.2437375,2.5818932,13.327849,12.330239,10.028482,-18.529482,10.4918165,19.097933,-1.1313537,-11.450788,-10.540358,-22.47091,12.088291,18.774473,-6.697708,-11.089348,-10.501752,-10.46499,-15.627149,-10.629856,5.6809096,13.04079,-19.987421,-10.90199,-12.642803,-22.226885,-0.48764476,19.031702,-13.496986,-2.2927258,-8.774657,-5.3612914,6.6469617,-2.4552782,8.0248375,15.210917,3.0197325,-8.044499,-4.851399,14.13691,10.961055,-11.188484,-8.062715,-26.026848,-10.475275,20.962893,-8.227378
P62310,-13.121181,14.623377,19.03132,-4.086672,9.18284,-2.7859108,-0.67347896,-14.149483,-7.720511,-13.669832,-11.951024,-11.206423,3.6614614,14.952372,10.605685,-21.301794,-5.7159696,-2.873191,2.2642446,11.897377,10.897078,8.900703,-16.138584,9.1513,16.944473,-1.086117,-10.190624,-9.234158,-19.934862,10.615756,16.473057,-5.910658,-9.663829,-9.344931,-9.114422,-13.690061,-9.661421,5.0524235,11.558851,-17.50685,-9.625816,-11.202826,-19.503529,-0.5023066,16.645103,-11.807749,-2.1618674,-7.725151,-4.9155006,5.735182,-2.130396,7.126161,13.45461,2.6011176,-7.1652184,-4.4161024,12.281869,9.717333,-9.688308,-7.1590514,-22.97826,-8.965574,18.500349,-7.3334465
P13797,-13.900727,12.828323,19.626081,-3.548829,7.640014,-2.6891663,0.27210695,-13.757512,-6.5003486,-13.730729,-11.063259,-9.810845,3.7241147,12.727305,10.581654,-19.43144,-2.9917138,-1.1745862,2.9437008,10.47922,9.565925,7.054632,-14.295709,5.816826,15.2667265,-1.1860498,-7.520366,-9.440113,-18.121923,9.680989,14.509921,-3.1776097,-7.2309213,-9.817502,-6.893723,-14.011586,-9.782273,4.1850314,11.343876,-16.014524,-9.130635,-9.063939,-16.425016,1.7525448,14.406901,-10.46806,-1.7471104,-7.828617,-4.4783015,5.0654664,-1.2892362,6.865766,12.615054,1.6742649,-5.7811985,-4.12721,12.38197,10.792075,-9.635252,-6.6174235,-21.670486,-6.343777,17.062,-8.151772
Q9NYB9,-12.21288,12.433305,17.243471,-3.123844,7.264641,-2.622195,-0.06694928,-12.764214,-6.2044783,-12.493016,-10.335985,-9.477729,3.2249444,12.609999,9.420107,-18.011751,-4.177703,-1.7547375,2.1471388,9.94428,9.326949,7.312056,-13.743942,6.9717813,14.303676,-0.9555384,-8.046241,-8.5383835,-17.093107,9.295757,14.128855,-4.1653547,-7.819327,-8.455626,-7.345681,-12.724286,-8.101896,4.1494474,10.017175,-15.357745,-8.319994,-9.016345,-16.177166,0.58037835,13.946905,-10.169381,-1.6926428,-7.0951357,-4.0996537,5.1357126,-1.592674,6.3038406,11.644882,1.8963655,-5.8887863,-3.7677112,11.269715,9.162639,-8.904559,-6.1343784,-19.812256,-7.1297545,15.846735,-6.9757895
P38011,-9.870322,9.011356,13.944151,-2.8053243,5.3501143,-2.0875142,-0.00964001,-9.973628,-4.7920957,-9.416852,-8.05023,-6.8254366,2.802181,9.056021,7.696434,-13.563413,-2.626158,-1.1319677,1.9794043,8.021988,7.221004,5.2047367,-9.938929,4.473277,11.026025,-0.9399628,-6.0170484,-6.5990996,-13.650249,7.139652,10.642037,-2.5645049,-5.250472,-6.9093237,-4.8554254,-9.878272,-7.2579756,3.0869305,7.9972534,-11.480631,-6.5630646,-6.7897787,-11.828594,0.66968197,10.279781,-7.615206,-1.7234155,-5.643842,-3.7044132,3.5547416,-0.94929296,4.9596534,9.26557,1.2865545,-4.7196307,-3.2177222,8.415099,7.7499223,-6.358227,-4.7125926,-15.567757,-4.472083,12.079824,-5.854542
P78352,-9.879643,8.540359,14.012676,-2.857996,5.2513437,-1.916176,0.11560736,-9.652874,-4.655948,-9.268199,-7.7715716,-6.505329,2.8513145,8.48587,7.6535454,-13.331267,-1.886891,-0.791339,2.2587755,7.6450734,6.7804832,4.684344,-9.543057,3.6500123,10.715045,-0.9466018,-5.3265853,-6.504067,-13.100764,6.725298,10.028766,-1.9513177,-4.6180396,-7.065623,-4.341873,-9.636464,-7.5824065,2.8892326,8.097688,-10.904758,-6.459231,-6.364598,-11.139226,1.1087624,9.82789,-7.1629014,-1.6045097,-5.5367856,-3.5921996,3.201113,-0.7289514,4.850861,9.025504,1.1221551,-4.3116975,-3.1360023,8.27519,7.9110446,-6.196373,-4.6225553,-15.326027,-3.818792,11.814354,-5.910809
Q27820,-12.080124,12.654444,17.13969,-3.2157218,7.3621492,-2.7130387,-0.21072121,-12.828229,-6.3057995,-12.435691,-10.541057,-9.641356,3.2526557,12.859937,9.4276905,-18.189363,-4.5257964,-2.0247462,2.0008426,10.263471,9.575806,7.6499953,-13.860089,7.3490844,14.55351,-1.0275797,-8.468892,-8.499311,-17.455505,9.449931,14.376773,-4.539051,-8.08946,-8.410142,-7.5724487,-12.721407,-8.12433,4.2871804,10.03403,-15.575366,-8.390459,-9.332479,-16.523975,0.26124483,14.126081,-10.362783,-1.8083582,-7.0822244,-4.289205,5.193194,-1.6672041,6.3960114,11.772538,1.9767392,-6.1045356,-3.874765,11.179497,9.046057,-8.851992,-6.1990957,-19.988789,-7.333303,16.020842,-6.957392
Q0P891,-8.002565,5.025504,11.246293,-2.545882,3.2088091,-1.4030684,0.34391546,-7.0881457,-3.131442,-6.4430666,-5.532612,-3.762744,2.5090625,4.7321916,6.1866693,-8.939907,0.1307297,0.13251078,2.2791736,5.732991,4.619143,2.3888826,-5.6433973,0.5967717,7.501437,-0.9834075,-2.9501467,-4.8302,-9.6753235,4.615462,6.466869,0.122747585,-1.7034768,-5.839322,-1.5550364,-7.1261697,-7.0646024,1.7291224,6.2645187,-7.0082164,-4.8363004,-3.9407835,-6.550634,1.691087,5.9876704,-4.548503,-1.616333,-4.2741933,-3.2233133,1.5827521,0.048871666,3.596914,6.7557898,0.38763633,-3.0238245,-2.6319783,5.719527,6.9206853,-3.8556926,-3.2524242,-11.28961,-0.7702526,8.154956,-5.1776886
Q15843,-12.654019,13.675298,18.074612,-3.5993938,8.353152,-2.7009344,-0.40653503,-13.499743,-7.0164638,-13.107178,-11.169658,-10.460127,3.4164178,13.9719925,10.012559,-19.801558,-5.156402,-2.393017,2.1323342,10.945832,10.16057,8.251495,-15.138997,8.327216,15.726577,-1.0051353,-9.283928,-8.915239,-18.553587,10.034864,15.49297,-5.198001,-8.931705,-8.833983,-8.43479,-13.174997,-8.824058,4.6647525,10.749086,-16.53215,-8.988632,-10.231238,-18.117092,-0.06652714,15.46704,-11.111139,-1.9208664,-7.415177,-4.458164,5.5389843,-1.9579537,6.7054267,12.574207,2.3669434,-6.6039762,-4.081385,11.849443,9.341293,-9.40268,-6.7133126,-21.45191,-8.314281,17.311852,-7.0905395
O54785,-14.80877,18.098066,21.969791,-4.7468085,11.449057,-3.208027,-1.1030967,-16.568447,-9.553681,-16.338001,-14.3372135,-13.958677,4.13244,18.658041,12.156111,-25.984083,-7.5858836,-4.0213795,2.485778,14.096889,13.17698,11.071579,-19.980946,12.114278,20.350336,-1.0673922,-12.64354,-10.689179,-23.715878,12.587107,19.868378,-8.116178,-12.5009985,-10.759002,-11.783599,-16.016603,-10.6763315,6.228015,13.779876,-21.339787,-11.387671,-13.866928,-24.0647,-1.3603841,20.647379,-14.32484,-2.2705574,-8.882669,-5.584358,7.0171967,-2.7643597,8.461551,15.903024,3.2759862,-8.513646,-5.019799,14.497047,10.794789,-11.590028,-8.493199,-27.372341,-11.799699,22.2076,-8.000688
P18670,-5.0172434,5.734221,7.376992,-2.0500238,4.2778807,-0.9343427,-0.47493374,-5.4200225,-3.5169802,-5.0316777,-4.5771756,-4.4447107,1.6645377,6.078053,4.168302,-8.742941,-2.6798356,-1.2353053,1.0306747,4.694732,4.2939296,3.564075,-6.6602516,4.079536,7.05993,-0.32613176,-4.3946238,-3.4722695,-8.001711,3.9804182,6.6759906,-2.6422057,-4.0213995,-3.7766786,-3.8936195,-4.731927,-4.4342804,2.1691673,4.803688,-6.685857,-3.7998974,-4.798708,-8.163883,-0.7384643,7.015827,-4.555981,-1.0549364,-2.9592633,-2.0396564,2.027823,-0.9323529,2.770522,5.396494,1.2745072,-3.114382,-1.8718483,4.509018,3.7231097,-3.4918509,-3.0972123,-9.273459,-3.743751,7.6365438,-2.5965776
P18014,-12.880588,16.16905,18.984373,-4.2866893,9.882937,-3.1265619,-1.1354762,-14.760442,-8.1842785,-14.090133,-12.898586,-12.326379,3.701051,16.472603,10.653934,-22.79608,-7.219732,-3.775175,1.7141976,13.19134,12.025303,10.65166,-17.199602,10.890016,18.639019,-1.1969776,-11.781617,-9.568761,-21.259312,11.374931,17.623184,-7.668728,-11.228017,-9.644245,-10.575225,-14.254966,-9.629114,5.6510825,12.019333,-18.85826,-10.196311,-12.666046,-21.388647,-1.4044967,17.803398,-12.613426,-2.2705748,-7.859163,-5.373012,6.2199645,-2.4635518,7.7464166,14.07616,2.7285774,-7.8267207,-4.7817683,12.677678,9.275701,-10.280122,-7.6863914,-24.061903,-10.144704,19.83148,-7.5437026
P60010,-13.69073,15.313099,19.8434,-4.1223707,9.4805355,-2.937242,-0.63968134,-14.79708,-8.007263,-14.392225,-12.450198,-11.710913,3.7673972,15.622124,10.984899,-22.135605,-6.003584,-2.9460857,2.3271468,12.33281,11.376862,9.281492,-16.829771,9.585508,17.605988,-1.0757151,-10.575494,-9.662183,-20.72961,11.093731,17.12792,-6.212404,-10.166786,-9.740565,-9.540188,-14.462682,-9.817334,5.2506013,12.030116,-18.381748,-10.017147,-11.602379,-20.261795,-0.46588826,17.361929,-12.295674,-2.1834035,-8.085616,-5.0443172,6.0759745,-2.232774,7.4479218,14.015999,2.5871913,-7.4158683,-4.5679374,12.893461,10.123458,-10.186098,-7.416236,-23.885143,-9.384063,19.210684,-7.6309814
P0DN86,-13.21811,15.98125,19.29494,-4.342266,9.896857,-3.0439258,-1.0950338,-14.938127,-8.261331,-14.102646,-12.7994585,-12.183517,3.683869,16.404886,10.93792,-22.713945,-7.141598,-3.6965766,1.8704188,13.131094,11.986601,10.302283,-17.294788,10.830854,18.440052,-1.1270086,-11.728159,-9.6405735,-21.35459,11.509133,17.854147,-7.368365,-11.085044,-9.543495,-10.425168,-14.228271,-9.778056,5.553314,11.925298,-18.781809,-10.230096,-12.560393,-21.431248,-1.3556938,17.911474,-12.753412,-2.3814409,-7.981391,-5.3245807,6.282402,-2.5059857,7.598149,14.1999655,2.9703043,-8.009968,-4.7227135,12.798334,9.485945,-10.244446,-7.6421356,-24.165232,-10.310157,19.761908,-7.5336204
P62136,-16.298326,19.258692,23.867044,-5.047998,12.083021,-3.4968243,-1.0253572,-17.957397,-10.059851,-17.617233,-15.361078,-14.808133,4.4587474,19.76675,13.261032,-27.685675,-7.899545,-4.0777245,2.6706965,15.141115,14.048799,11.763098,-21.239384,12.61004,21.766678,-1.2435104,-13.396422,-11.662959,-25.420004,13.640236,21.337193,-8.298652,-13.101199,-11.620535,-12.359207,-17.418678,-11.668343,6.6134586,14.694414,-22.794685,-12.2666855,-14.651791,-25.613264,-1.0832046,21.867838,-15.375266,-2.5189018,-9.697491,-6.006196,7.6087604,-2.9664829,9.064876,17.12741,3.495753,-9.139371,-5.4517694,15.773084,11.861294,-12.598671,-9.143091,-29.38272,-12.3796215,23.817522,-8.88554
O60814,-15.597796,21.512814,23.659332,-5.5052443,13.953527,-3.4919636,-1.90436,-18.45418,-11.455351,-18.139414,-16.394846,-16.638378,4.393014,22.435566,13.254187,-30.350819,-10.349359,-5.672472,2.2647982,16.357643,15.4025545,13.633146,-23.696901,15.953423,23.757256,-0.9773334,-15.73044,-11.675616,-27.133877,14.4463625,23.28082,-11.099424,-15.789159,-11.540306,-14.913345,-17.39695,-11.415628,7.4934707,15.432283,-24.691502,-12.916623,-16.887745,-28.97677,-3.0671713,24.617,-16.73602,-2.5152342,-9.627821,-6.185011,8.276516,-3.684251,9.5109,18.001522,4.2899456,-10.150868,-5.5707836,16.106222,10.894759,-13.096514,-9.791703,-31.1032,-15.235397,25.680048,-8.08519
P75391,-10.284678,9.743417,14.452682,-2.7930875,5.685838,-2.2199416,-0.031040609,-10.557897,-5.006979,-10.007009,-8.4892025,-7.386892,2.8265145,9.852126,7.99328,-14.401846,-3.0653186,-1.2961226,1.9128866,8.393417,7.673318,5.733614,-10.749679,5.1129503,11.663618,-0.93168324,-6.495887,-7.016318,-14.283759,7.624572,11.437096,-2.9610586,-5.86608,-7.1152925,-5.4633985,-10.421652,-7.235655,3.303239,8.261615,-12.287878,-6.8774643,-7.265089,-12.795719,0.6099474,11.012066,-8.193429,-1.688034,-5.9220414,-3.7273972,3.9530208,-1.1172222,5.207163,9.6738825,1.4831123,-4.9863005,-3.2849488,9.027684,7.910709,-6.952036,-4.9933095,-16.30187,-5.1707134,12.823177,-6.0595765
O75674,-12.282523,12.948386,17.102339,-2.8433836,7.162599,-2.7989616,-0.009815899,-13.096286,-5.938817,-12.801192,-10.49184,-9.801595,3.0912447,13.037524,9.327317,-18.266695,-4.515441,-1.7390075,1.8246566,10.122865,9.5724,7.997749,-14.005945,7.2907224,14.793934,-0.9554603,-8.222721,-8.960649,-17.010612,9.571294,14.411825,-4.4953823,-8.263921,-8.594654,-7.8438168,-13.154194,-7.65668,4.2176533,9.91649,-15.7500925,-8.439101,-9.22992,-16.596313,0.78283864,13.979184,-10.333935,-1.4799328,-7.2138734,-3.9562118,5.466515,-1.655464,6.518739,11.572272,1.837682,-5.8594365,-3.7494173,11.800885,8.948548,-9.604005,-6.3161335,-19.764719,-7.474648,16.231245,-7.324968
Q27727,-16.18684,19.656187,23.247124,-4.809465,11.859865,-3.7470117,-1.136583,-18.314789,-9.809511,-17.44377,-15.389159,-14.903587,4.2186537,20.11571,13.130161,-27.382391,-9.041273,-4.341883,1.9821703,15.669924,14.489059,12.674629,-21.18563,13.522614,22.246931,-1.2248292,-14.239805,-11.919337,-25.551369,14.20682,21.847828,-9.08605,-13.822843,-11.352816,-12.967384,-17.666872,-11.105871,6.723095,14.104271,-23.060266,-12.342299,-15.048266,-26.158516,-1.4407886,21.78242,-15.604197,-2.6949065,-9.803465,-6.035822,8.129654,-3.2923098,9.131447,17.128994,3.5636077,-9.669025,-5.576637,16.009666,11.303232,-12.97644,-9.259195,-29.010025,-13.01037,23.922031,-9.086804
P14209,-14.384924,15.035414,20.23141,-3.139889,8.418106,-3.2135844,0.12248443,-15.164843,-7.2082114,-15.3151,-12.270034,-11.534011,3.62847,15.374536,10.866734,-21.248081,-5.100767,-2.0505695,2.3696764,11.215478,10.997836,8.666258,-16.748695,8.682676,16.385172,-1.0172367,-9.416184,-10.119684,-20.024698,11.066528,16.950298,-5.0402665,-9.653769,-9.6238985,-9.017234,-15.403854,-8.400624,4.9727764,11.591259,-18.770971,-9.580931,-10.418729,-19.306639,0.7506099,16.816296,-12.38558,-1.6407913,-8.411988,-4.4117146,6.526183,-2.0309033,7.390878,13.610863,2.2664206,-6.720729,-4.166603,13.626139,10.70782,-10.932052,-7.1096964,-23.216799,-9.046888,18.586527,-7.877682
Q9Y2D8,-11.568319,10.384293,16.27429,-3.141692,6.0333695,-2.4623325,0.08332974,-11.597681,-5.4410243,-11.030547,-9.361026,-7.8742723,3.2244396,10.411104,8.975835,-15.591393,-2.8623118,-1.2441989,2.290405,9.21376,8.308333,5.909344,-11.461623,5.006335,12.550853,-1.1475121,-6.8400335,-7.6684046,-15.809653,8.325094,12.332537,-2.76049,-5.9404144,-7.932664,-5.466601,-11.603113,-8.294515,3.544599,9.18421,-13.354512,-7.5656786,-7.689574,-13.564428,0.9488186,11.804261,-8.905796,-1.975689,-6.587249,-4.2604637,4.1949053,-1.098711,5.7154055,10.738799,1.4840806,-5.3953176,-3.6972332,9.828124,9.105958,-7.4252706,-5.3878055,-18.021109,-5.102979,13.889752,-6.8210006
P15336,-11.097097,11.94739,16.186996,-3.63372,7.5976796,-2.3290648,-0.5856901,-11.860042,-6.533458,-11.295036,-10.010803,-9.1446,3.2081115,12.219203,9.035415,-17.67507,-4.530379,-2.341814,2.097557,10.104141,9.155489,7.1893983,-13.212503,7.290635,14.158414,-0.9449859,-8.442428,-7.6743374,-16.910036,8.813716,13.623659,-4.709932,-7.76658,-7.9976864,-7.271829,-11.412655,-8.517255,4.1577263,9.838631,-14.471494,-8.111948,-9.332976,-16.003586,-0.41947567,13.774435,-9.734708,-1.9948651,-6.5059104,-4.371406,4.551413,-1.6200843,6.001372,11.3805275,2.0841732,-6.091458,-3.8133488,10.065281,8.410375,-7.7662625,-5.9440985,-19.346329,-7.0629587,15.359823,-6.2764053
P0A8M3,-12.217641,13.149958,17.734293,-3.8367794,8.1310835,-2.6280844,-0.6094632,-13.143712,-7.0531673,-12.471347,-11.010942,-10.032232,3.4275348,13.453189,9.919378,-19.235996,-5.052871,-2.5918455,2.2064805,11.125535,10.140432,7.9324226,-14.474419,8.069054,15.434513,-1.0179315,-9.3019495,-8.491933,-18.590887,9.81662,15.042213,-5.192515,-8.599829,-8.672183,-7.998565,-12.709694,-9.036362,4.519332,10.632321,-16.01411,-8.891495,-10.199527,-17.54266,-0.43338335,15.066476,-10.787147,-2.1710567,-7.1894107,-4.765977,5.13835,-1.7946548,6.582298,12.479434,2.2826836,-6.73616,-4.1370816,11.151509,9.199621,-8.615717,-6.438246,-21.124523,-7.8754134,16.737833,-6.9357853
P36873,-16.0081,19.521795,23.680079,-5.0826573,12.212804,-3.546432,-1.2057959,-17.967764,-10.265814,-17.599691,-15.538329,-15.030294,4.431937,20.143824,13.167841,-27.869493,-8.334848,-4.4347997,2.572403,15.343146,14.329432,12.000495,-21.49095,13.186934,21.87045,-1.1993836,-13.825182,-11.517543,-25.781591,13.741937,21.583807,-8.814029,-13.532416,-11.467161,-12.688399,-17.371618,-11.402085,6.7367296,14.714847,-23.12492,-12.278197,-14.981535,-25.993654,-1.5731419,22.242884,-15.599645,-2.560225,-9.625494,-6.115929,7.6788597,-3.0398018,9.115435,17.227169,3.583363,-9.344123,-5.454567,15.609548,11.649564,-12.449646,-9.107001,-29.513988,-12.804799,23.866873,-8.639818
Q9CXW4,-11.918877,12.124382,16.830055,-3.0321434,6.944683,-2.661054,-0.06413005,-12.512497,-5.992813,-12.191643,-10.187525,-9.235862,3.1826892,12.295836,9.200994,-17.47449,-4.0838966,-1.7493289,2.039244,9.809687,9.20174,7.2105293,-13.3169155,6.772038,13.933092,-1.0046163,-7.929014,-8.332919,-16.844864,9.127251,13.822061,-4.070108,-7.6044216,-8.246415,-7.107096,-12.507589,-7.8557673,4.0739794,9.746362,-15.07803,-8.1070795,-8.81243,-15.730253,0.53779876,13.527115,-9.984049,-1.7097226,-6.9492254,-4.1248937,5.017468,-1.5187736,6.2117567,11.393262,1.8108029,-5.796922,-3.7333772,10.940002,8.997835,-8.6378765,-5.961676,-19.336805,-6.8532968,15.422042,-6.8827963
P00044,-12.413878,11.142102,17.150503,-2.7790394,5.995967,-2.7590697,0.37214288,-12.483747,-5.405636,-12.125766,-9.854679,-8.440047,3.2432323,11.195181,9.328984,-16.222458,-3.0304427,-1.061244,2.239312,9.31719,8.736364,6.3015904,-12.300455,5.3510046,12.905256,-1.1378465,-6.9852395,-8.361069,-16.397213,8.927364,13.16625,-2.7732978,-6.438596,-8.225049,-5.914311,-12.740068,-7.841281,3.704691,9.402679,-14.495282,-7.822367,-7.7893586,-14.269689,1.3788679,12.42359,-9.589327,-1.7900269,-7.096606,-4.125985,4.837926,-1.2145047,6.035702,11.158968,1.4866371,-5.479306,-3.7015908,10.840815,9.6258955,-8.385422,-5.616754,-18.71563,-5.655795,14.541651,-7.242054
A0A0H3LHU4,-14.126461,17.759157,20.497684,-4.123678,10.550122,-3.38216,-1.024316,-16.254856,-8.668021,-15.721591,-13.816056,-13.55272,3.7225645,18.248665,11.444543,-24.65357,-7.9618516,-3.9210954,1.7623715,13.78235,12.978101,11.495701,-19.157614,12.14165,19.84952,-1.0470757,-12.545785,-10.651775,-22.616377,12.490885,19.42823,-8.2531395,-12.521819,-10.169537,-11.8249855,-15.733384,-9.413835,6.0193067,12.668403,-20.790478,-10.911332,-13.49643,-23.424097,-1.2698959,19.554102,-13.943727,-2.0792098,-8.619824,-5.2476215,7.200879,-2.7888472,8.2631,15.041233,3.1360633,-8.3362465,-4.805927,14.318857,9.894803,-11.759268,-8.239889,-25.769442,-11.761756,21.411484,-8.030819
O43291,-14.597163,18.089638,21.179756,-4.0658817,10.533963,-3.5719898,-0.8378784,-16.6313,-8.69885,-16.27842,-14.229492,-13.825791,3.8369763,18.549887,11.681228,-24.967012,-7.927831,-3.873886,1.8147104,14.020844,13.183939,11.655713,-19.465536,12.154636,20.02478,-1.1942792,-12.699449,-10.830506,-23.226974,12.815296,19.764668,-8.217695,-12.611218,-10.399189,-11.797092,-16.357704,-9.459914,6.183512,12.901986,-21.430944,-11.088776,-13.501203,-23.626581,-1.086226,19.8487,-14.33825,-2.1463046,-8.900035,-5.3938665,7.4479423,-2.81047,8.415494,15.408861,3.0426326,-8.404602,-4.8918347,14.683249,10.322523,-12.013195,-8.330341,-26.353607,-11.751239,21.69691,-8.235285
P12670,-13.747365,16.634565,19.985973,-3.7647343,9.736117,-3.2913008,-0.70281696,-15.503772,-8.184365,-15.328721,-13.177705,-12.756835,3.6758611,17.10983,10.943765,-23.1878,-6.963185,-3.3963518,1.9542946,12.710781,12.184143,10.379147,-18.105818,10.968239,18.314634,-1.0177451,-11.415271,-10.109972,-21.55848,11.725742,18.245161,-7.2662697,-11.492078,-9.773353,-10.760936,-15.308994,-8.805414,5.651739,12.215751,-19.932323,-10.239069,-12.345405,-21.701197,-0.8318289,18.491314,-13.230137,-1.8996087,-8.322401,-4.970347,6.7941747,-2.4746063,7.8753333,14.351604,2.7368486,-7.6557536,-4.526438,13.628044,9.951387,-11.07644,-7.671972,-24.5712,-10.701511,20.068674,-7.6369786
P45850,-15.4450445,22.264711,23.280752,-5.438595,14.125911,-3.6548388,-2.0708344,-18.769217,-11.4035,-18.188765,-16.578669,-17.01592,4.2465878,22.956263,13.0974245,-30.756113,-11.35518,-5.924219,1.7351613,17.051817,15.880925,14.776084,-23.850409,16.793747,24.871428,-0.9367096,-16.481058,-12.037829,-27.268671,14.869166,23.580378,-12.111781,-16.64884,-11.7796755,-15.7344675,-17.785881,-11.281254,7.6801467,15.412102,-25.062668,-13.239398,-17.535759,-29.703455,-3.2947242,24.760902,-16.76677,-2.5281591,-9.71161,-6.2416625,8.629444,-3.9179246,9.813831,18.114523,4.101196,-10.453855,-5.77932,16.500608,10.372602,-13.669605,-10.113956,-31.157255,-15.707749,26.264204,-8.447242
P14755,-11.4863205,14.105728,16.766626,-3.839086,9.075565,-2.4332185,-0.999223,-12.985284,-7.4776354,-12.314854,-10.90009,-10.701538,3.1344106,14.464243,9.441432,-20.084282,-6.5994415,-3.1632528,1.7038693,11.320059,10.368348,8.987009,-15.357031,9.852571,16.406971,-0.69188416,-10.279258,-8.446986,-18.331232,9.965329,15.529518,-6.7565985,-10.033909,-8.435183,-9.464901,-12.289518,-8.5967655,4.8357344,10.541361,-16.294512,-9.014779,-11.083468,-18.962067,-1.307574,15.980505,-10.905818,-1.9929022,-6.946187,-4.3702207,5.5334344,-2.3328714,6.5565453,12.40333,2.5508718,-7.0246544,-4.0579233,11.314498,8.049435,-9.057432,-6.791674,-21.082949,-9.369821,17.409405,-6.3722525
P0A7L0,-11.334861,12.696904,16.535067,-3.2172594,7.7025247,-2.463067,-0.35423437,-12.218696,-6.484743,-12.232799,-10.308282,-9.777027,3.1641915,12.943199,8.919948,-18.394547,-4.5018697,-2.161891,2.0915344,9.834371,9.30297,7.564419,-14.002452,7.5459504,14.443191,-0.8422155,-8.242455,-8.109584,-16.87024,8.916412,13.890895,-4.8796153,-8.280571,-8.308635,-7.829445,-12.153309,-7.8285823,4.2869716,10.171041,-15.333568,-8.19576,-9.369987,-16.469252,-0.0055770874,14.304782,-10.020377,-1.4808089,-6.687845,-4.0065312,4.9230995,-1.6152085,6.2906914,11.405258,1.8953835,-5.7046275,-3.6485126,10.81585,8.531203,-8.637778,-6.1143994,-19.684439,-7.498896,15.886855,-6.4006963
O43278,-18.199083,24.18971,26.315338,-5.265352,13.868967,-4.805114,-1.6615877,-21.710484,-11.398313,-20.637503,-18.66143,-18.345684,4.683791,24.85406,14.930916,-32.602383,-11.904262,-5.9469504,1.505821,18.978857,17.813068,16.355522,-25.54126,17.438911,26.673359,-1.5164909,-17.861725,-14.042137,-30.515755,17.173847,26.449377,-12.146821,-17.579988,-12.898886,-16.460184,-20.994986,-11.67746,8.278059,16.199383,-28.15417,-14.479145,-18.543564,-31.914848,-2.512162,26.117834,-19.055534,-2.963807,-11.357143,-7.157732,10.102725,-4.117296,11.032506,20.018574,4.367396,-11.633412,-6.5043836,18.898941,12.354751,-15.720995,-10.93733,-33.987537,-16.521185,28.488125,-10.490423
P04899,-11.745606,11.073022,16.665453,-3.348148,6.7009854,-2.3922296,-0.052424196,-11.8789425,-5.8169456,-11.408619,-9.670524,-8.427839,3.2759347,11.093475,9.183091,-16.694012,-3.1783323,-1.433708,2.3628902,9.5570345,8.582946,6.380985,-12.2408,5.5444236,13.409312,-1.0929818,-7.1933093,-7.9440866,-16.183365,8.537459,12.816946,-3.2326665,-6.4879217,-8.290365,-6.098276,-11.7903185,-8.683244,3.7455263,9.677404,-13.8194065,-7.9332128,-8.261536,-14.507433,0.8415963,12.555696,-9.18812,-1.885154,-6.6965637,-4.250912,4.3249364,-1.2220867,5.9337587,11.068269,1.6398233,-5.511428,-3.7636075,10.273285,9.111558,-7.881114,-5.737782,-18.791218,-5.670084,14.741694,-6.926213
P30822,-10.789352,11.520012,15.779081,-3.6170917,7.429467,-2.2308364,-0.57302046,-11.451302,-6.3765016,-10.915091,-9.712242,-8.833394,3.1745293,11.767458,8.804631,-17.192984,-4.2697463,-2.240814,2.1083815,9.804985,8.8283,6.9046035,-12.769202,6.9339976,13.757933,-0.9523164,-8.130627,-7.4134235,-16.41551,8.480468,13.144128,-4.4763584,-7.4109263,-7.831124,-6.959093,-11.001064,-8.480736,4.0372205,9.637087,-13.944774,-7.8840766,-9.041162,-15.463782,-0.37412786,13.329649,-9.383987,-1.9667573,-6.300037,-4.2933216,4.3164625,-1.5359362,5.827348,11.06142,2.012079,-5.878753,-3.7379198,9.701606,8.236641,-7.459034,-5.793532,-18.840187,-6.698664,14.934172,-6.110922
O76093,-14.208767,17.119886,20.798782,-4.734876,11.024742,-3.0782354,-1.1505752,-15.812961,-9.137132,-15.192641,-13.612723,-13.142276,3.9923296,17.660908,11.7466545,-24.592949,-7.6238985,-3.9420347,2.1663387,13.720495,12.577483,10.730716,-18.87603,11.764608,19.553297,-1.1497537,-12.500103,-10.146138,-22.78475,12.19321,19.200613,-7.8208313,-11.890138,-10.08605,-11.222149,-15.006271,-10.635986,6.033206,12.889754,-20.089514,-10.886027,-13.370109,-23.16133,-1.5367619,19.562778,-13.735392,-2.5226462,-8.5041485,-5.5084105,6.752914,-2.8495698,7.9625516,15.27944,3.366629,-8.507894,-4.9894557,13.672031,10.216747,-10.903886,-8.23574,-26.087893,-11.285529,21.259136,-7.6668153
O70209,-14.196124,17.769808,20.921907,-4.6081443,11.150295,-3.2117536,-1.223061,-16.168114,-9.254407,-15.640264,-13.9698715,-13.643842,3.9316683,18.364155,11.738121,-25.180267,-8.012905,-4.17677,2.0676854,13.9903555,13.023601,11.238647,-19.460314,12.357219,20.0087,-1.0688146,-12.842267,-10.387261,-23.191046,12.468334,19.640558,-8.363235,-12.531072,-10.221809,-11.804287,-15.440349,-10.203326,6.1673837,13.090171,-20.813883,-11.069034,-13.787354,-23.802687,-1.7017403,20.114653,-14.099391,-2.3510687,-8.603482,-5.503247,7.009935,-2.8787773,8.215906,15.450746,3.3665001,-8.60127,-4.953016,14.033825,10.129184,-11.30579,-8.331624,-26.46036,-11.873134,21.674385,-7.7372227
O96013,-13.554454,14.962006,19.30791,-3.649102,8.760319,-3.0713427,-0.35555753,-14.620173,-7.288446,-14.23955,-12.180679,-11.416452,3.567685,15.217611,10.639099,-21.237686,-5.734376,-2.637185,2.040135,11.950737,11.0515,9.298421,-16.296478,9.10284,17.03053,-1.1851046,-10.155495,-9.670428,-20.011166,10.99745,16.7559,-5.805228,-9.8038845,-9.467184,-9.203833,-14.45101,-9.084034,5.0897994,11.373212,-18.069525,-9.682178,-11.024567,-19.556232,0.0014043689,16.541138,-12.1199255,-2.0065198,-8.015921,-4.787105,6.1812096,-2.1375537,7.268705,13.467654,2.457795,-7.0773835,-4.3533177,12.93828,9.877922,-10.38471,-7.215636,-22.977596,-9.045236,18.63937,-7.7560983
A0A4P8DY91,-10.610067,10.206785,15.113156,-3.109696,6.0089397,-2.3078072,-0.15887484,-10.958974,-5.2965393,-10.318098,-8.982323,-7.727092,3.0081043,10.227827,8.377678,-15.213995,-3.1375484,-1.4857495,2.0361178,9.067949,8.114361,6.1109037,-11.083567,5.2326665,12.465205,-1.0426344,-6.863093,-7.2758436,-15.075302,7.9243455,11.805347,-3.2192988,-6.079076,-7.609391,-5.6625133,-10.833055,-7.898909,3.4624524,8.824768,-12.752546,-7.312954,-7.778989,-13.342875,0.5553405,11.439794,-8.451915,-1.8311241,-6.123492,-4.1069117,3.9390283,-1.0751488,5.545969,10.173251,1.4562938,-5.22612,-3.5389156,9.284908,8.2445965,-7.1132,-5.243113,-17.18671,-5.181099,13.493564,-6.453308
Q00534,-11.170229,12.543527,16.24347,-3.4906106,7.643554,-2.5240176,-0.62792224,-12.2563505,-6.5511274,-11.658698,-10.344806,-9.564771,3.1541655,12.833029,9.058118,-18.086306,-5.037632,-2.5426753,1.8626082,10.438473,9.587565,7.798066,-13.663029,7.892181,14.620978,-0.93971956,-8.89826,-7.9527817,-17.319193,9.185815,14.132526,-5.2226596,-8.363761,-8.068874,-7.8124943,-11.863791,-8.145749,4.3209395,9.881583,-15.128692,-8.277249,-9.717387,-16.637312,-0.5590645,14.166654,-10.120019,-1.931903,-6.6518936,-4.406151,4.892246,-1.7306727,6.231612,11.559913,2.1107814,-6.2827144,-3.8568008,10.438069,8.318833,-8.204387,-6.0863485,-19.63117,-7.589906,15.7696495,-6.4316344
O43896,-14.24377,13.533554,19.068308,-2.1944547,6.4956427,-3.3773944,0.85441923,-14.599731,-5.4143605,-14.519729,-11.247241,-10.2193165,3.165154,13.613959,10.199184,-18.473278,-4.1278224,-1.0476996,1.8637795,10.308043,9.93447,8.153978,-14.747421,6.8769026,14.782379,-1.2483428,-8.09996,-10.037259,-18.041262,10.71425,15.578209,-3.5719426,-8.17483,-9.027654,-7.570242,-15.17464,-7.229127,4.336379,9.902963,-17.294983,-8.793108,-8.682985,-16.884624,2.0698252,14.280548,-11.496373,-1.4818449,-8.260762,-3.8887753,6.5177364,-1.7188972,6.760387,12.285764,1.8156748,-5.985854,-3.7337873,13.501453,10.296526,-10.989466,-6.4970765,-20.762688,-7.5933495,16.767935,-8.3240385
P0AG30,-11.484699,11.223802,16.100124,-3.3235588,6.8974814,-2.3189025,-0.21577969,-11.842711,-5.88841,-11.089639,-9.447404,-8.443878,3.079967,11.287799,9.02453,-16.58467,-4.0001645,-1.6560212,2.038907,9.681052,8.656231,6.728707,-12.328333,6.311714,13.632374,-0.93643445,-7.705659,-7.8974414,-16.015245,8.711745,13.048641,-3.8199365,-7.0016375,-7.9825554,-6.572016,-11.521996,-8.454983,3.7940857,9.310633,-13.71173,-7.925807,-8.528564,-14.943544,0.40235478,12.700484,-9.200593,-1.9845548,-6.621019,-4.1033697,4.557916,-1.5231336,5.7831154,11.003287,1.8270082,-5.8443756,-3.7477772,10.2539215,8.558855,-7.928622,-5.801303,-18.48711,-6.299885,14.751571,-6.696342
O15530,-10.616172,10.696647,15.19801,-3.135422,6.541889,-2.2380104,-0.237898,-11.05651,-5.6465344,-10.60275,-9.114943,-8.163142,2.9966223,10.848597,8.39403,-15.867051,-3.5851216,-1.6811674,2.0282001,9.029462,8.229669,6.3336477,-11.824197,5.956432,12.736748,-0.93140787,-7.2057285,-7.3045096,-15.281645,8.048422,12.277468,-3.6588063,-6.640756,-7.5509777,-6.23429,-10.835412,-7.794764,3.6638043,8.998008,-13.188179,-7.3929825,-8.102117,-14.121935,0.26391247,12.1791935,-8.785416,-1.7417837,-6.1491623,-3.940532,4.1734066,-1.3064708,5.5554237,10.352396,1.6943806,-5.3376875,-3.485683,9.501471,8.126473,-7.356334,-5.4194984,-17.593822,-5.9187446,13.940634,-6.150391
O75688,-14.390682,16.37424,21.104303,-4.3481393,10.355537,-2.9957054,-0.7033006,-15.55603,-8.772616,-15.466003,-13.237129,-12.656963,3.9894333,16.891052,11.5891,-23.801489,-6.342287,-3.2490647,2.642365,12.735667,11.983641,9.59309,-18.357897,10.466974,18.381996,-1.0333589,-11.165546,-10.049323,-22.024284,11.634654,18.313501,-6.6598215,-10.970068,-10.137676,-10.298031,-15.179448,-10.149151,5.640333,12.888378,-19.735975,-10.514599,-12.308278,-21.758272,-0.70133233,18.941586,-13.254215,-2.1564302,-8.48464,-5.160332,6.474047,-2.428651,7.7933283,14.881419,2.9349923,-7.7529473,-4.6615324,13.6182165,10.721058,-10.728361,-7.7994013,-25.52499,-10.392581,20.39255,-7.616106
P0DPK2,-15.676686,21.003069,23.150177,-5.4014,13.24099,-3.6317647,-1.8266029,-18.495363,-10.723363,-17.520073,-16.068586,-16.029913,4.254119,21.660208,13.244067,-29.372574,-10.305416,-5.4012604,1.8478574,16.66245,15.288465,13.91454,-22.639353,15.318967,23.845604,-1.1642662,-15.635047,-11.931365,-26.589935,14.584065,22.936258,-10.747334,-15.273567,-11.526882,-14.485759,-17.34389,-11.595792,7.252315,14.773209,-23.905252,-12.895238,-16.641155,-28.315163,-2.6261005,23.386137,-16.311424,-2.7259827,-9.662248,-6.30151,8.244664,-3.6180356,9.462008,17.657717,4.155473,-10.249539,-5.7216735,16.126078,10.680618,-13.223264,-9.7870865,-30.267454,-14.550427,25.338572,-8.782715
O95235,-12.016763,12.546482,17.118383,-3.337704,7.4166136,-2.6443546,-0.29466397,-12.771002,-6.387565,-12.267135,-10.492873,-9.55832,3.250389,12.783797,9.477055,-18.167356,-4.5267997,-2.1016924,2.064742,10.339943,9.580259,7.5488524,-13.796342,7.343967,14.550549,-1.0031514,-8.508348,-8.416065,-17.496984,9.424364,14.350236,-4.546902,-8.037479,-8.377723,-7.5138307,-12.548934,-8.285482,4.2469873,10.036357,-15.428509,-8.414607,-9.389977,-16.507736,0.13635437,14.13247,-10.320821,-1.8855896,-7.035898,-4.352863,5.091401,-1.6483887,6.343138,11.792587,2.0475273,-6.1921525,-3.8765335,11.047646,9.01253,-8.671361,-6.1612086,-19.998318,-7.337061,15.958023,-6.9069858
Q9Y6Q9,-14.033666,16.32076,20.386019,-4.232714,9.932064,-3.1566703,-0.7971253,-15.496643,-8.319794,-15.00933,-13.153528,-12.481388,3.8423662,16.681982,11.338739,-23.305717,-6.651697,-3.3432572,2.1834614,13.082708,12.10657,10.171317,-17.783155,10.46969,18.628832,-1.1480811,-11.387836,-10.123756,-21.746489,11.721442,18.13053,-6.932926,-11.011507,-10.058256,-10.36229,-15.090698,-9.929409,5.586676,12.448329,-19.434654,-10.47974,-12.42574,-21.570667,-0.7282208,18.276857,-13.037927,-2.214512,-8.375559,-5.2809258,6.4786396,-2.4022114,7.862338,14.57887,2.8097777,-7.8319902,-4.7504783,13.50526,10.244668,-10.808396,-7.795558,-24.912115,-10.19573,20.235794,-7.946212
B9EHT4,-11.168621,9.660108,15.417152,-2.5929813,5.356998,-2.338508,0.40101042,-11.003427,-4.744318,-10.699166,-8.603049,-7.315882,2.9593508,9.614616,8.357655,-14.427528,-2.2420094,-0.67401284,2.199084,8.170895,7.5411987,5.37414,-10.71683,4.200933,11.545734,-1.0140886,-5.804768,-7.5080733,-14.27666,7.715954,11.366506,-2.0785282,-5.3311577,-7.5930667,-4.982379,-11.211525,-7.424019,3.174348,8.532948,-12.498699,-6.998644,-6.7569366,-12.350266,1.5705084,10.778308,-8.200101,-1.546522,-6.3045845,-3.6427803,4.049518,-0.9203668,5.368099,9.833424,1.2106161,-4.667187,-3.3033817,9.662356,8.721641,-7.4545875,-5.0511265,-16.611017,-4.567432,12.953223,-6.647663
Q7WTU1,-11.828171,9.667806,16.338484,-2.8736222,5.306824,-2.4901898,0.44009462,-11.475865,-4.870369,-10.961452,-9.003204,-7.2856164,3.2080173,9.5357275,8.93049,-14.673625,-1.9692373,-0.628492,2.411132,8.726659,7.844197,5.308694,-10.648475,3.814765,11.862507,-1.2136205,-5.935442,-7.751789,-15.115699,8.048122,11.638889,-1.7712847,-5.0457788,-7.9985046,-4.629701,-11.726616,-8.200915,3.2146118,8.9156885,-12.770705,-7.332275,-6.869986,-12.374265,1.7561744,10.826382,-8.428477,-1.8722024,-6.6304455,-4.117044,4.0128746,-0.81855565,5.596194,10.374236,1.1539029,-4.954105,-3.604315,9.837287,9.427205,-7.4051437,-5.157431,-17.361685,-4.136527,13.251869,-7.1589484
Q8IZU0,-20.06234,25.769478,29.494907,-6.063811,16.10129,-4.4798646,-1.6379142,-22.955038,-13.249015,-22.7386,-19.804638,-19.874743,5.282955,26.781157,16.448692,-36.07835,-11.8275795,-6.0735173,2.7536318,19.289095,18.374344,15.998047,-28.519573,18.432987,28.007881,-1.3062524,-18.324951,-14.713114,-32.652473,17.857037,28.363285,-12.233241,-18.483036,-13.961866,-17.410234,-22.079554,-13.395929,8.878395,18.30978,-30.147785,-15.5329,-19.503277,-34.46675,-2.5403872,29.281315,-20.519684,-2.952982,-12.182851,-7.1734138,10.5489855,-4.4767838,11.444918,21.851091,5.0778637,-12.059015,-6.660077,20.345253,14.029224,-16.568628,-11.763359,-37.524624,-18.041153,30.832436,-10.335861
P30041,-14.414115,17.54117,21.042994,-4.591955,10.831792,-3.289183,-1.1389282,-16.294508,-9.036899,-15.5614605,-13.926165,-13.389766,3.9427028,18.027956,11.860657,-24.827501,-7.8357334,-4.0105243,2.042197,14.128952,13.024352,11.175374,-19.0556,11.9615345,19.982832,-1.141279,-12.723687,-10.516091,-23.179573,12.555337,19.510725,-8.083902,-12.234742,-10.321156,-11.490861,-15.61341,-10.363404,6.0561757,12.980786,-20.633635,-11.112059,-13.623994,-23.44443,-1.4524034,19.700556,-13.973703,-2.4699335,-8.707779,-5.62235,6.9822025,-2.7961807,8.240627,15.460452,3.238819,-8.649289,-5.042209,14.081338,10.2991705,-11.299115,-8.293978,-26.329073,-11.477298,21.522871,-8.063677
P01236,-11.735435,12.342006,16.785528,-3.3609521,7.2706065,-2.6460552,-0.33948988,-12.520022,-6.268729,-11.971247,-10.389672,-9.383974,3.2470345,12.508673,9.296887,-17.865454,-4.464703,-2.1209118,1.9873248,10.341104,9.483483,7.5545187,-13.415145,7.1654334,14.455176,-1.059239,-8.45046,-8.245138,-17.299873,9.253177,14.023364,-4.556041,-7.873446,-8.326609,-7.351089,-12.337876,-8.301961,4.209542,9.933844,-15.136688,-8.314372,-9.3189335,-16.178026,0.08685704,13.787452,-10.07948,-1.9200467,-6.8937945,-4.42846,4.9226046,-1.5818911,6.315225,11.620448,1.9197634,-6.1103616,-3.9113605,10.753707,8.850168,-8.441163,-6.086402,-19.694614,-7.024007,15.72638,-6.884786
O60684,-13.420171,11.761734,18.072117,-2.5434647,5.947167,-3.006208,0.6726978,-13.386532,-5.2108116,-13.0357065,-10.245684,-8.838675,3.2752755,11.692983,9.811237,-16.842712,-3.0114157,-0.7207538,2.1810987,9.585353,9.0566635,6.772093,-12.866299,5.3151393,13.551554,-1.2083004,-6.999966,-9.2267475,-16.768225,9.52966,13.852352,-2.5631542,-6.660363,-8.731022,-6.2075768,-13.809021,-7.8907723,3.7819684,9.6175995,-15.248558,-8.206309,-7.876341,-14.847784,2.1010852,12.68416,-10.055351,-1.6639572,-7.63828,-4.0368843,5.3639607,-1.280249,6.374495,11.532209,1.4713693,-5.540021,-3.7974563,11.97056,10.173821,-9.479981,-5.973689,-19.363356,-5.8788285,15.333889,-8.026973
P04397,-16.6244,22.285877,24.688934,-5.097377,13.433796,-4.014015,-1.5253592,-19.575933,-10.971595,-19.293993,-17.08187,-17.100298,4.45903,22.92156,13.674315,-30.872635,-10.141621,-5.2861004,2.1016376,16.914854,16.009014,14.417722,-23.985716,15.60498,24.579681,-1.1729467,-15.670715,-12.74361,-27.726444,15.144431,23.803797,-10.912202,-15.975697,-12.34167,-15.099548,-19.026123,-11.208981,7.5539155,15.764471,-25.772326,-13.382505,-16.97809,-29.25523,-2.0940554,24.56308,-17.172085,-2.3106515,-10.263846,-6.322265,8.79775,-3.5182424,10.166879,18.383728,3.8739617,-10.082903,-5.767288,17.35081,11.596149,-14.351076,-10.097313,-31.75265,-15.019726,26.455627,-9.318506
O95760,-15.961884,19.937803,23.523756,-5.22824,12.661792,-3.5044813,-1.3962183,-18.093975,-10.460284,-17.526306,-15.623355,-15.319243,4.3786993,20.600355,13.237324,-28.374224,-8.96905,-4.7081437,2.369531,15.671207,14.527203,12.522212,-21.920473,13.887933,22.458221,-1.1771969,-14.388549,-11.629779,-25.955648,13.991681,22.063772,-9.35473,-14.046239,-11.428512,-13.25917,-17.231934,-11.587125,6.906071,14.698741,-23.262856,-12.457157,-15.476693,-26.801413,-1.9048942,22.65328,-15.833091,-2.6371918,-9.634343,-6.1059284,7.869734,-3.2908764,9.140625,17.363636,3.8781965,-9.65109,-5.524738,15.785183,11.340949,-12.699047,-9.362757,-29.763582,-13.433305,24.370047,-8.6112175
P19880,-10.234339,10.226574,14.915122,-3.4005556,6.6665783,-2.0441396,-0.40113962,-10.577272,-5.863345,-10.067059,-8.882263,-7.85684,3.045915,10.469003,8.300129,-15.550718,-3.4925442,-1.8350334,2.1846128,8.895161,7.9959393,5.8699102,-11.508344,5.8661413,12.332087,-0.9122361,-7.180833,-6.7986813,-15.193132,7.7295575,11.949027,-3.6000328,-6.361435,-7.2867303,-5.9206414,-10.181438,-8.0851,3.612102,8.94374,-12.676315,-7.220934,-8.0171175,-13.792556,-0.12747772,12.082037,-8.551643,-1.9286268,-5.897694,-4.0495405,3.8316836,-1.2884431,5.310011,10.268466,1.7913308,-5.3881354,-3.477396,8.844571,8.000361,-6.6321344,-5.2385845,-17.400757,-5.723131,13.520847,-5.708039
P50570,-12.351892,13.612307,17.811949,-3.5611248,8.260229,-2.6759613,-0.44891414,-13.308574,-6.957107,-12.962642,-11.114251,-10.425757,3.353072,13.91425,9.817916,-19.66153,-5.1282473,-2.46813,2.1170757,10.909667,10.1268015,8.2504,-15.006635,8.305337,15.625444,-0.979488,-9.225032,-8.759205,-18.407612,9.900428,15.269456,-5.3012147,-8.933093,-8.769176,-8.406736,-13.02368,-8.617978,4.622472,10.687075,-16.43606,-8.910974,-10.2061,-17.932796,-0.16011617,15.360019,-10.990033,-1.8535529,-7.2786827,-4.444634,5.4323525,-1.8768482,6.667843,12.41375,2.2884343,-6.502587,-3.9968994,11.667296,9.139554,-9.252839,-6.598342,-21.231909,-8.264755,17.10597,-6.975114
P04351,-11.932716,13.452894,17.413769,-3.9524963,8.632372,-2.5252624,-0.7632212,-12.943753,-7.271628,-12.3676405,-11.014441,-10.3108425,3.4198585,13.797644,9.771036,-19.689425,-5.462629,-2.8124645,2.0795987,11.12079,10.102414,8.265207,-14.856543,8.621954,15.745773,-1.006703,-9.625189,-8.373452,-18.513079,9.758234,15.217955,-5.6472235,-8.980262,-8.576243,-8.464304,-12.367266,-9.130403,4.7116375,10.687574,-16.033978,-8.894477,-10.516018,-18.108994,-0.7550796,15.42942,-10.862567,-2.126859,-7.046281,-4.6621885,5.1836505,-1.9993865,6.5493402,12.453569,2.4794679,-6.76548,-4.143961,11.094736,8.84734,-8.69878,-6.632273,-21.237064,-8.315125,17.08987,-6.650514
P14868,-15.83834,19.000526,23.60495,-4.922966,12.002068,-3.3273764,-0.99746627,-17.50064,-10.0854435,-17.570715,-15.125061,-14.712135,4.397658,19.571014,12.893692,-27.487228,-7.4470115,-4.000192,2.9264262,14.575771,13.753247,11.252473,-21.135122,12.318471,21.208475,-1.0660032,-12.829357,-11.327079,-24.918283,13.124893,20.738503,-8.147539,-12.921882,-11.531125,-12.167752,-17.129612,-11.225375,6.458206,14.78263,-22.585005,-12.007328,-14.331861,-25.0569,-1.0690278,21.80957,-15.035779,-2.2118526,-9.431199,-5.7710457,7.3158226,-2.7475796,8.943504,16.788523,3.295797,-8.679856,-5.1797323,15.439477,11.726951,-12.27655,-8.858823,-29.009836,-12.202497,23.331945,-8.4672575
P01210,-20.064514,26.495354,29.334394,-5.8930206,15.958485,-4.8200345,-1.6830765,-23.390327,-12.954933,-23.00567,-20.22703,-20.301342,5.2282124,27.28278,16.371166,-36.471012,-12.363251,-6.2250686,2.2602196,19.958912,18.899147,17.147472,-28.629982,18.830091,28.95562,-1.461633,-18.836376,-15.19987,-32.928886,18.280859,28.686127,-12.873698,-19.053322,-14.299621,-17.997185,-22.702,-13.168934,9.063856,18.336054,-30.701271,-15.810798,-20.010134,-35.007347,-2.4490168,29.220226,-20.707705,-2.8747115,-12.33262,-7.3447137,10.858924,-4.5165806,11.887928,21.921665,4.8602877,-12.167537,-6.8665433,20.828075,13.795528,-17.273985,-12.055056,-37.66416,-18.190199,31.43892,-10.960884
P03126,-10.439366,12.231687,15.167496,-3.4031312,7.8950133,-2.2015293,-0.72671515,-11.518089,-6.5632463,-11.020953,-9.673209,-9.341016,2.9268491,12.5971365,8.488006,-17.628355,-5.399919,-2.5739968,1.6861371,9.795734,9.034307,7.6153226,-13.511294,8.272043,14.190414,-0.71425074,-8.80696,-7.4781137,-16.289598,8.72256,13.696498,-5.475842,-8.481679,-7.520272,-8.00858,-10.93258,-7.76603,4.2623696,9.401658,-14.39365,-7.8835025,-9.5240965,-16.486834,-0.90613055,14.017734,-9.678514,-1.7961813,-6.2338614,-3.9197626,4.810194,-1.9582462,5.7902436,11.006978,2.252951,-6.1021047,-3.612169,9.982567,7.5215034,-7.9292903,-5.9850802,-18.743246,-7.923256,15.317483,-5.700606
Q9BQB6,-13.364655,12.944315,18.19678,-2.8911507,6.9343276,-3.0860348,0.2395959,-13.837638,-5.9154534,-13.309478,-10.89042,-9.751151,3.3302476,13.026358,10.040461,-18.257536,-4.3620586,-1.5153277,1.8971714,10.4773245,9.834024,7.883428,-14.075972,7.0040402,14.798964,-1.2089417,-8.409325,-9.372836,-17.91717,10.161225,15.072434,-3.935096,-7.9717364,-8.776851,-7.4614177,-13.939398,-8.154455,4.3082585,9.997689,-16.247976,-8.665438,-9.104214,-16.72236,1.1455534,14.038306,-10.874236,-1.8679494,-7.7514696,-4.2985773,5.7945633,-1.737333,6.6570473,12.1827545,1.9420758,-6.2649126,-4.042275,12.256339,9.863351,-9.820437,-6.4513955,-20.472818,-7.239167,16.505327,-7.858252
Q96LK0,-13.012543,16.35891,18.994354,-3.8432152,10.128321,-2.909919,-0.8485061,-14.704669,-8.183954,-14.635633,-12.553774,-12.570949,3.5103927,16.800358,10.427798,-23.033218,-7.077489,-3.391459,1.8620832,12.213191,11.588335,10.310844,-17.904823,11.066607,18.22993,-0.8668388,-11.194907,-9.71839,-20.443588,11.15745,17.6502,-7.4486947,-11.459427,-9.505583,-10.926163,-14.299403,-8.868146,5.58357,11.965317,-19.015442,-9.980194,-12.26338,-21.55453,-1.0040687,18.236233,-12.633148,-1.716182,-7.865187,-4.5566187,6.5157537,-2.591446,7.53671,13.780194,2.8307033,-7.3403053,-4.342088,13.217595,9.177919,-10.888502,-7.6974745,-23.837627,-10.778504,19.870169,-7.135391
P06702,-9.387738,8.92528,13.263367,-2.6089997,5.267548,-2.03254,-0.05588104,-9.659006,-4.682004,-9.160194,-7.7980943,-6.7801013,2.634024,9.066516,7.3139815,-13.2227,-2.858057,-1.2232922,1.7952949,7.6916933,7.0671453,5.220623,-9.889929,4.759198,10.682238,-0.83367515,-6.009765,-6.37045,-13.189939,6.9555826,10.495243,-2.7726793,-5.416169,-6.526932,-5.021941,-9.507809,-6.6552444,3.0563645,7.6360507,-11.304657,-6.291464,-6.6998186,-11.750908,0.44435203,10.189035,-7.5145736,-1.5805693,-5.4182634,-3.4616108,3.5855088,-1.0172529,4.7815447,8.907538,1.3543823,-4.6128964,-3.0294316,8.18432,7.2740264,-6.2621827,-4.57346,-14.995989,-4.750568,11.746387,-5.4755697
Q3UVR3,-10.188488,10.377003,14.7159605,-3.2430804,6.4270673,-2.1892087,-0.37304458,-10.697765,-5.6016583,-10.093333,-8.940401,-7.897048,2.9761665,10.503175,8.190053,-15.444679,-3.6308956,-1.8113996,1.9478953,9.07124,8.129571,6.265507,-11.352634,5.8753376,12.564639,-0.9622835,-7.2533875,-6.986309,-15.106356,7.8456078,11.922925,-3.7518709,-6.478736,-7.373588,-6.0425506,-10.41304,-7.855403,3.6105552,8.81825,-12.757669,-7.2583017,-8.076525,-13.7697935,0.004421548,11.830146,-8.508265,-1.868736,-5.9321074,-4.067987,3.9374537,-1.2637442,5.4464283,10.168848,1.6347831,-5.3637276,-3.5218248,9.00388,7.855903,-6.897298,-5.2840447,-17.207502,-5.653384,13.575381,-5.98976
P02359,-11.313385,10.96565,16.129967,-3.0618732,6.3820834,-2.453506,-0.02379673,-11.636605,-5.6356373,-11.3106785,-9.537437,-8.362857,3.1534388,11.045315,8.786383,-16.215796,-3.2511756,-1.4731195,2.2095764,9.241093,8.511934,6.337732,-12.061031,5.645696,12.935913,-1.0255911,-7.0890794,-7.7232485,-15.877409,8.358461,12.568813,-3.3540125,-6.5692644,-7.9850683,-6.1028566,-11.689002,-7.921624,3.701057,9.386892,-13.824565,-7.64174,-8.0607815,-14.181983,0.70851845,12.369294,-9.090822,-1.7308533,-6.5256176,-4.107121,4.3472033,-1.1838976,5.853054,10.753896,1.509442,-5.337765,-3.6052303,10.02037,8.815703,-7.7306223,-5.5075564,-18.240953,-5.7085943,14.275046,-6.634034
P15891,-8.557156,7.3842306,11.912705,-2.119099,4.246718,-1.7717955,0.260578,-8.445193,-3.8093073,-8.178551,-6.6127176,-5.6184335,2.3708682,7.4375305,6.4326773,-11.166018,-1.7588404,-0.5331972,1.8074728,6.27048,5.8424125,4.0565267,-8.313566,3.294967,8.919789,-0.73204434,-4.5145764,-5.7118115,-11.108485,5.8462067,8.757476,-1.6405534,-4.123483,-5.909742,-3.8485794,-8.488708,-5.846787,2.4715958,6.7028136,-9.61573,-5.37621,-5.2772255,-9.539961,1.0489976,8.442437,-6.2741675,-1.2419156,-4.8387456,-2.8752837,3.0001087,-0.6624446,4.1491046,7.614575,0.94726163,-3.659519,-2.570245,7.2956553,6.769669,-5.561038,-3.9137464,-12.872833,-3.4999108,9.995637,-5.0275235
P62263,-12.632676,13.377135,18.025087,-3.4673455,7.869667,-2.8257015,-0.29821232,-13.455085,-6.7451158,-13.044001,-11.142892,-10.203946,3.4313328,13.601094,9.933061,-19.270203,-4.8427835,-2.2509286,2.1145387,10.891058,10.118934,8.084909,-14.649814,7.857771,15.388792,-1.0866305,-9.029583,-8.869952,-18.477535,9.951976,15.168959,-4.90782,-8.589115,-8.83052,-8.031584,-13.317451,-8.638797,4.5515084,10.620072,-16.415861,-8.866379,-9.935691,-17.510626,0.1320386,14.983572,-10.944501,-1.9401244,-7.4146414,-4.5664897,5.439208,-1.7851523,6.7305655,12.449145,2.1224408,-6.478201,-4.0995584,11.689622,9.471998,-9.232234,-6.5319986,-21.14546,-7.8000336,16.914677,-7.2424917
Q8R010,-18.02162,24.713604,27.416946,-6.410284,15.87615,-4.100737,-2.15527,-21.228554,-13.057475,-20.887812,-18.996136,-19.041538,5.1367564,25.492458,15.296884,-34.87679,-11.631075,-6.4412746,2.6082687,19.126749,17.751919,15.777639,-26.816893,17.875929,27.580069,-1.275058,-17.979176,-13.486211,-31.305962,16.612162,26.42057,-12.679561,-17.902962,-13.609437,-16.863327,-20.320896,-13.512046,8.595427,17.970474,-28.323952,-15.0141,-19.383247,-32.94909,-3.2677226,27.93747,-19.011831,-2.9689045,-11.120567,-7.3590403,9.377695,-4.108754,11.121967,20.809332,4.5540547,-11.566274,-6.6073694,18.50746,12.720167,-15.027917,-11.279375,-35.89395,-16.880186,29.559261,-9.672647
P04696,-7.5493727,4.930598,10.22065,-1.888141,2.5042486,-1.6643913,0.44094446,-7.0252876,-2.6582308,-6.267124,-5.298806,-3.6355991,2.194325,4.831356,5.656548,-7.839508,-0.55788416,0.02514372,1.6667397,5.330684,4.657218,2.602778,-5.4392214,1.2364458,6.6692467,-0.90764946,-3.2220092,-4.663185,-9.317928,4.763955,6.6348133,-0.18454713,-2.0895529,-4.990849,-1.7700776,-7.1057796,-5.484232,1.7180386,5.268749,-7.1936946,-4.317055,-3.6495044,-6.3828845,1.3700004,5.6756077,-4.757952,-1.5418487,-4.170828,-2.9345956,2.06271,-0.16523539,3.3680196,6.2989407,0.46355027,-3.134163,-2.4045882,5.5484586,6.3340845,-3.8754268,-2.9326468,-10.214352,-1.3148838,7.4024987,-4.766095
P04385,-15.20511,19.25124,22.316973,-4.8457055,12.195556,-3.3721993,-1.2622882,-17.25769,-9.946722,-16.893599,-14.897934,-14.797307,4.158452,19.861595,12.477653,-27.22045,-8.732774,-4.4245872,2.1355698,14.78616,13.807457,12.173839,-21.131388,13.472198,21.534842,-1.1022153,-13.756173,-11.175527,-24.58481,13.335561,21.11468,-9.0801,-13.625661,-10.913277,-12.917317,-16.52119,-10.834685,6.688433,14.017779,-22.350836,-11.838422,-14.774722,-25.770195,-1.7554754,21.729475,-15.1321335,-2.3763106,-9.19968,-5.6455193,7.664869,-3.2443237,8.756435,16.493776,3.661958,-9.092577,-5.247114,15.232631,10.703523,-12.402412,-9.053257,-28.351377,-12.994142,23.43244,-8.160257
Q05128,-13.7380495,18.151012,20.430717,-4.8263917,11.902047,-3.0212383,-1.5337492,-15.919121,-9.7425995,-15.374355,-13.907645,-13.96024,3.8685942,18.880001,11.559934,-25.679768,-8.91014,-4.635685,1.8933389,14.08188,13.081648,11.595672,-19.999704,13.4574,20.376934,-0.9286728,-13.539087,-10.099725,-23.264606,12.487674,19.99314,-9.219917,-13.246366,-9.926887,-12.514623,-14.897374,-10.262352,6.418274,13.0848255,-20.869202,-11.086971,-14.320197,-24.674353,-2.4823093,20.803715,-14.248443,-2.4363508,-8.404758,-5.399871,7.127607,-3.2579439,8.077795,15.533322,3.70031,-8.907091,-4.963075,13.81838,9.555345,-11.179346,-8.509656,-26.609102,-12.741106,22.000267,-7.1379294
P00803,-12.116669,12.094975,17.380959,-3.6229832,7.331009,-2.5945098,-0.292765,-12.5935755,-6.406354,-12.010643,-10.463176,-9.214215,3.4336913,12.216533,9.644386,-17.949892,-4.0117316,-1.9824841,2.2954102,10.448239,9.416944,7.1680446,-13.273247,6.6555567,14.438866,-1.1540223,-8.260156,-8.254481,-17.58235,9.233419,13.950267,-4.1090198,-7.4292645,-8.566674,-6.9151654,-12.402539,-8.997778,4.1639104,10.224687,-14.997576,-8.448126,-9.207545,-15.9513,0.28028294,13.738177,-10.036389,-2.1041183,-7.0140033,-4.646068,4.7223706,-1.4729307,6.331437,11.87467,1.8991927,-6.146703,-4.0442443,10.714093,9.341947,-8.226869,-6.1058493,-20.09161,-6.566029,15.775552,-7.0650635
P01225,-13.513059,15.089883,19.465773,-3.9295447,9.030109,-3.0234034,-0.5755876,-14.693536,-7.5990987,-14.197961,-12.3232155,-11.508693,3.6732225,15.337268,10.794671,-21.653948,-5.798433,-2.8311927,2.1700835,12.242966,11.287358,9.342577,-16.404512,9.229976,17.397467,-1.1399041,-10.331853,-9.692978,-20.346172,10.993133,16.838253,-6.0214877,-9.929082,-9.666509,-9.3471985,-14.414727,-9.501323,5.1179614,11.72951,-18.121706,-9.869475,-11.390649,-19.821188,-0.24015772,16.800346,-12.101589,-2.0850692,-8.001221,-5.0063405,6.007646,-2.0901418,7.439174,13.685261,2.471579,-7.2333436,-4.49983,12.827193,9.960923,-10.229909,-7.2980857,-23.356522,-9.0751095,18.906548,-7.8146358
O75795,-12.978515,12.102712,17.681875,-3.047445,6.650124,-2.9229906,0.17069502,-13.276596,-5.7953715,-12.50872,-10.413138,-9.070346,3.3113687,12.152324,9.86298,-17.316477,-4.1063337,-1.4563562,1.9462075,10.288386,9.438172,7.3151755,-13.17113,6.483209,14.193423,-1.219651,-8.149196,-8.8899145,-17.451136,9.779008,14.387643,-3.5983279,-7.350067,-8.477548,-6.8075867,-13.259758,-8.402583,4.0882707,9.647277,-15.315835,-8.39675,-8.723038,-15.824473,1.0048226,13.314311,-10.327436,-2.105855,-7.485534,-4.3965282,5.3856854,-1.642114,6.336779,11.882607,1.8656915,-6.248648,-4.0484614,11.519344,9.685384,-9.032124,-6.164574,-19.77353,-6.6001525,15.715201,-7.623898
P0DJD3,-12.329748,13.663067,17.592215,-3.4700499,8.183723,-2.7518983,-0.47326064,-13.389887,-6.888237,-12.90014,-11.088926,-10.424811,3.3003247,13.997499,9.783188,-19.508299,-5.433882,-2.5274074,1.9133855,10.93746,10.208986,8.426793,-15.010263,8.573818,15.60918,-0.97825044,-9.438055,-8.809414,-18.411062,10.031962,15.462676,-5.4451065,-9.099652,-8.593877,-8.563042,-13.0329,-8.403116,4.6577086,10.460496,-16.489845,-8.8568535,-10.26668,-18.089863,-0.27738073,15.334861,-11.091352,-1.9024826,-7.299465,-4.4215245,5.5945797,-1.9962935,6.654649,12.385713,2.3784785,-6.6502237,-4.024841,11.689854,9.007851,-9.3340645,-6.619442,-21.074387,-8.475239,17.094942,-6.9620066
Q21921,-12.842403,15.930766,19.330845,-4.729054,10.718974,-2.6625555,-1.291805,-14.378078,-8.952513,-13.966575,-12.685762,-12.329182,3.8205926,16.528107,10.84789,-23.279495,-7.0628276,-3.916868,2.2918437,12.754346,11.679817,9.77694,-17.751062,11.113308,18.259518,-0.980496,-11.686449,-9.078327,-21.348488,11.040977,17.694052,-7.53126,-11.145254,-9.435558,-10.5126505,-13.5253525,-10.221689,5.6772943,12.38235,-18.611311,-10.145643,-12.673411,-21.668251,-1.8628087,18.607155,-12.666564,-2.3567631,-7.699322,-5.2272277,5.9513946,-2.5880687,7.3848724,14.290297,3.1661336,-7.8891253,-4.6303353,12.29903,9.423633,-9.673213,-7.6364417,-24.551609,-10.557584,19.825571,-6.727311
P09446,-15.204793,17.22408,22.166462,-4.680111,10.810588,-3.2262115,-0.79396206,-16.448538,-9.093871,-16.094143,-13.996608,-13.239112,4.2137847,17.635504,12.297568,-24.998133,-6.7454224,-3.457168,2.6271758,13.770418,12.704481,10.376281,-19.051762,10.900506,19.658367,-1.2295529,-11.922811,-10.685456,-23.266657,12.388021,19.283798,-7.0427785,-11.456057,-10.772812,-10.779538,-16.014645,-11.01265,5.944936,13.498205,-20.620852,-11.192266,-13.08227,-22.903656,-0.67992485,19.647305,-13.90298,-2.4232051,-8.967408,-5.6248994,6.7935476,-2.5625222,8.280178,15.707701,3.0663037,-8.291757,-5.0691223,14.35146,11.254256,-11.342586,-8.303615,-26.870218,-10.720086,21.583607,-8.335287
P98175,-17.589819,23.517593,26.177248,-6.1324825,15.115001,-3.969405,-2.072372,-20.63361,-12.45777,-19.75078,-18.008848,-17.99143,4.817513,24.363302,14.896919,-32.94286,-11.759976,-6.1956925,2.2372308,18.512966,17.097126,15.169639,-25.599836,17.546253,26.3657,-1.1881567,-17.702662,-13.040455,-30.13536,16.350182,25.816803,-12.185712,-17.275146,-12.679446,-16.207598,-19.421602,-12.968104,8.21852,16.674809,-27.010885,-14.392746,-18.59466,-31.82409,-3.3357477,26.70765,-18.436493,-3.2063103,-10.836389,-7.055244,9.327004,-4.2444167,10.441541,20.073753,4.7009206,-11.656651,-6.412514,17.841541,12.114754,-14.415893,-10.842602,-34.19782,-16.578518,28.214071,-9.301019
P25788,-16.301914,19.497084,23.767126,-5.187328,12.434781,-3.4775186,-1.1865842,-18.06543,-10.293368,-17.508953,-15.428957,-14.980986,4.439158,20.125443,13.376988,-27.947063,-8.509243,-4.358675,2.5059156,15.375679,14.21605,12.047366,-21.598839,13.294537,22.024063,-1.2379957,-13.976154,-11.64444,-25.727583,13.900521,21.862242,-8.707564,-13.5042095,-11.408691,-12.75097,-17.244232,-11.789598,6.779629,14.580317,-22.94217,-12.3452015,-15.013048,-26.288946,-1.5119469,22.277111,-15.692045,-2.7050304,-9.723727,-6.045727,7.815153,-3.2430124,8.9982195,17.315039,3.8475103,-9.531983,-5.522658,15.793883,11.673249,-12.625784,-9.293199,-29.603548,-12.978242,24.102886,-8.7083025
O75815,-10.730517,12.120333,15.7536745,-3.572434,7.5497437,-2.4042852,-0.6997139,-11.766553,-6.469981,-11.156682,-10.060251,-9.248243,3.1385775,12.363049,8.794621,-17.64241,-4.8581877,-2.5404525,1.8663578,10.257904,9.298456,7.5688105,-13.155518,7.5996757,14.326022,-0.9533764,-8.6918545,-7.604268,-16.886454,8.81869,13.589801,-5.132666,-8.046783,-7.9218545,-7.521547,-11.35367,-8.232853,4.2234373,9.735854,-14.544287,-8.079313,-9.533064,-16.113598,-0.6576477,13.731854,-9.707583,-1.9608147,-6.3889227,-4.4163017,4.5772157,-1.6449887,6.0733695,11.265542,2.0094059,-6.1194296,-3.8319492,9.936341,8.068888,-7.7608743,-5.9404917,-19.152735,-7.188371,15.35114,-6.2278566
P25539,-12.752337,19.05352,19.163122,-4.199485,11.429695,-3.369316,-1.7088338,-16.00058,-9.198186,-15.467362,-14.127392,-14.530438,3.4558184,19.653372,10.718624,-25.73692,-9.786152,-5.0395284,1.1147648,14.437454,13.68552,13.043991,-20.090164,14.34289,21.058573,-0.8108113,-13.977768,-10.370804,-22.897915,12.632719,19.949614,-10.503956,-14.358376,-9.913311,-13.57852,-15.287118,-8.633718,6.4873967,12.743081,-21.49679,-11.056183,-14.878393,-25.066135,-2.724689,20.663166,-14.229473,-1.8890857,-8.175092,-5.226744,7.44655,-3.1769466,8.4969,14.984506,3.3015969,-8.706,-4.788568,14.0733385,8.453072,-11.896684,-8.489904,-25.85773,-13.371619,22.10693,-7.3561273
Q8WYB5,-12.400113,16.235697,18.702509,-4.461849,10.600745,-2.7240224,-1.3630679,-14.327623,-8.745469,-13.92525,-12.637754,-12.520212,3.6062462,16.81571,10.465833,-23.257011,-7.458178,-4.054799,1.9779202,12.756377,11.809604,10.2823,-17.82455,11.531434,18.450748,-0.87566435,-11.820902,-9.14781,-21.00996,11.045687,17.661762,-8.031702,-11.602523,-9.331618,-10.979722,-13.523886,-9.525705,5.679608,12.153542,-18.73248,-10.079332,-12.849678,-21.846756,-1.9799658,18.56646,-12.616347,-2.1069322,-7.5629625,-5.0335226,6.0916166,-2.6085534,7.4532876,13.988882,3.08775,-7.790881,-4.4949903,12.39308,8.876328,-9.965248,-7.623825,-24.127443,-10.93099,19.820713,-6.697942
Q06449,-6.1371875,5.6459217,8.615848,-1.5461327,3.4129527,-1.2443373,0.1416883,-6.189415,-2.986119,-6.0935235,-4.8182445,-4.3425593,1.7465895,5.8288903,4.575599,-8.496892,-1.5708381,-0.43726745,1.3542281,4.433348,4.337381,3.1046698,-6.52433,2.8543692,6.6988006,-0.3819441,-3.4278755,-4.1988893,-8.1025095,4.204385,6.5870833,-1.4986982,-3.3930914,-4.352592,-3.2237556,-6.085499,-4.0931854,1.9033395,5.030917,-7.236748,-3.910078,-4.0561786,-7.3735156,0.5556287,6.6101913,-4.651925,-0.7788113,-3.509915,-1.9536586,2.2412353,-0.5357134,3.0663118,5.545788,0.78085476,-2.6880941,-1.80234,5.400608,4.805255,-4.1835766,-2.9769058,-9.495081,-2.9773562,7.5377784,-3.4650753
O02372,-13.401324,17.883709,20.035793,-4.6206956,11.280408,-3.1299741,-1.4754908,-15.734875,-9.256195,-15.18079,-13.816641,-13.712829,3.784056,18.450066,11.255612,-25.14483,-8.455966,-4.490313,1.8103663,14.049574,13.027063,11.638902,-19.334286,12.80462,20.210976,-0.9878266,-13.086806,-10.106512,-22.817442,12.238613,19.353477,-9.016256,-12.89391,-10.048398,-12.182305,-14.947603,-9.90761,6.2068887,12.941334,-20.568085,-10.962504,-14.070495,-23.89521,-2.1524813,20.042715,-13.830707,-2.2464435,-8.2583885,-5.4461107,6.8730874,-2.915598,8.186926,15.124706,3.3081343,-8.543002,-4.8955307,13.655216,9.405412,-11.130398,-8.3024845,-26.005278,-12.084556,21.57187,-7.4473867
P42834,-14.115412,14.82716,20.036766,-4.0160856,9.296504,-2.7218664,-0.3362174,-14.726634,-7.631449,-14.3575535,-11.933358,-11.270133,3.6926055,14.921831,11.066139,-21.79737,-5.261717,-2.2567368,2.5383189,11.870216,10.800333,8.799669,-16.387764,8.589302,17.473808,-0.9905684,-9.675776,-9.961057,-19.760963,10.83951,16.55036,-5.34881,-9.474643,-10.029751,-9.05368,-14.449152,-10.182314,4.9170966,11.950697,-17.62208,-10.01271,-10.998513,-19.547052,0.4486538,16.687843,-11.719123,-1.9918492,-8.160223,-4.662165,5.929747,-2.088864,7.2917895,13.709422,2.4099576,-6.986683,-4.443535,13.268782,10.313176,-10.530471,-7.4504485,-23.459753,-8.766193,19.058952,-8.033629
P08237,-13.834086,17.032345,20.376217,-4.5422378,10.92073,-2.9812412,-1.1530267,-15.568374,-9.0639715,-15.094634,-13.367941,-13.088775,3.8321764,17.621885,11.421031,-24.35312,-7.623799,-3.928209,2.1600516,13.378133,12.435222,10.588132,-18.823153,11.829505,19.260258,-0.9658441,-12.269366,-9.99839,-22.317158,11.960212,18.90483,-7.914264,-11.981057,-9.913162,-11.296756,-14.811571,-10.091376,5.915779,12.732644,-19.949968,-10.702728,-13.221979,-22.927122,-1.5941108,19.499632,-13.526923,-2.2985547,-8.326192,-5.2495303,6.7051597,-2.7952113,7.8482327,14.971006,3.282018,-8.296083,-4.768026,13.549696,9.896247,-10.837972,-8.058738,-25.629337,-11.424515,20.920996,-7.3935323
Q9URB4,-10.799516,9.991343,15.38254,-3.2894738,6.209615,-2.1787856,-0.12606704,-10.861925,-5.4595633,-10.27002,-8.892054,-7.601453,3.1135604,10.0286045,8.544355,-15.263419,-2.9051306,-1.3774853,2.2450976,8.933448,7.905059,5.751613,-11.079072,5.011115,12.332383,-1.060927,-6.719307,-7.1790466,-15.075557,7.8203387,11.751334,-2.9223614,-5.805526,-7.634393,-5.4269013,-10.661894,-8.356679,3.453748,8.95036,-12.535439,-7.3157587,-7.646656,-13.254094,0.6174095,11.488484,-8.395874,-1.9352741,-6.141677,-4.112461,3.8222585,-1.1014694,5.4311285,10.277015,1.5449741,-5.220607,-3.5743332,9.201072,8.471771,-6.9361463,-5.2729774,-17.365883,-5.0152764,13.500997,-6.3579493
Q05086,-10.0522585,9.42279,14.500461,-3.2428133,6.0404797,-1.9894934,-0.21386258,-10.13727,-5.339298,-9.603701,-8.402366,-7.203238,2.98863,9.510137,8.042417,-14.535091,-2.7828805,-1.4110603,2.2108638,8.449227,7.4733734,5.3615627,-10.527277,4.8373146,11.66783,-0.9697555,-6.4166293,-6.629865,-14.328423,7.2842994,11.063716,-2.8775005,-5.5276494,-7.2063155,-5.157572,-9.879517,-8.022723,3.2961483,8.578179,-11.806235,-6.9077363,-7.326239,-12.580049,0.3718767,11.01067,-7.899595,-1.8643252,-5.7223687,-3.9433372,3.4892838,-1.0299801,5.1130667,9.744859,1.4910606,-4.9650674,-3.385224,8.500411,7.9639125,-6.33893,-4.972571,-16.499193,-4.774366,12.758521,-5.835947
O14788,-12.371883,14.908505,18.043747,-4.030711,9.315098,-2.804645,-0.9838166,-13.924143,-7.76473,-13.225287,-11.89305,-11.391156,3.4522152,15.354381,10.191247,-21.233171,-6.6533732,-3.3897672,1.8011782,12.092705,11.117787,9.518326,-16.260561,10.148449,17.128128,-1.0037317,-10.883133,-8.986847,-19.86565,10.687817,16.686697,-6.8297434,-10.363422,-8.887507,-9.760896,-13.240037,-9.080251,5.193124,11.153087,-17.548468,-9.502166,-11.6663,-20.033484,-1.2556477,16.823978,-11.91071,-2.180014,-7.455146,-4.8779736,5.8816576,-2.361313,7.052687,13.239646,2.8051794,-7.4369164,-4.3641734,11.970203,8.883827,-9.581108,-7.145831,-22.559855,-9.698082,18.452583,-6.9303217
Q6ZNA4,-11.865487,11.448224,16.685839,-3.26113,6.7149982,-2.5513763,-0.09115807,-12.212392,-5.8250566,-11.593225,-9.891036,-8.672746,3.2322102,11.517097,9.265871,-16.877584,-3.6695054,-1.6065292,2.1315877,9.843326,8.9095545,6.8212094,-12.542415,6.0682206,13.691055,-1.1133507,-7.651531,-8.13937,-16.552885,8.90217,13.319562,-3.5921052,-6.9181514,-8.228913,-6.473184,-12.074052,-8.447066,3.8776433,9.577662,-14.265317,-8.037906,-8.543395,-15.028785,0.66906357,12.824802,-9.549082,-1.9456097,-6.83506,-4.305823,4.639315,-1.3774418,6.0429344,11.238212,1.7657479,-5.789638,-3.8254893,10.524203,9.046367,-8.161257,-5.845684,-18.97379,-6.1276646,15.008633,-7.023247
P12530,-9.3999,13.161366,14.532048,-3.6213455,8.653001,-2.1775968,-1.2764531,-11.254376,-7.171169,-10.984858,-10.151698,-10.18992,2.894188,13.729362,8.064903,-18.746675,-6.3089757,-3.5113728,1.5163586,10.228826,9.594438,8.467544,-14.4061985,9.68323,14.887624,-0.61937433,-9.71595,-7.0971603,-16.865923,8.667871,14.088316,-6.948498,-9.651805,-7.404449,-9.119097,-10.541089,-7.362244,4.65361,9.808295,-15.105026,-7.981008,-10.568776,-17.681112,-2.0553012,15.102624,-10.051995,-1.6231108,-5.8560343,-4.0753856,4.7612085,-2.0664368,6.026244,11.090201,2.4410367,-6.2528396,-3.572937,9.598807,6.759338,-7.7565928,-6.0910325,-19.220667,-8.976368,15.866906,-5.0589576
P14921,-11.610614,13.886526,17.143206,-4.0069265,8.888301,-2.5762012,-0.98681515,-12.986739,-7.506948,-12.343783,-11.206485,-10.624919,3.3710961,14.289319,9.6459255,-20.019226,-6.1342273,-3.2187243,1.8766285,11.4518585,10.44386,8.746505,-15.175223,9.406359,16.12762,-0.94998384,-10.224398,-8.291845,-18.868734,9.929208,15.527544,-6.393432,-9.604326,-8.481246,-8.996347,-12.349843,-8.918357,4.89255,10.728298,-16.403372,-8.982546,-10.998821,-18.692753,-1.303681,15.871209,-11.074819,-2.1757743,-6.98196,-4.7617793,5.322892,-2.1541045,6.6469603,12.584832,2.547176,-7.03145,-4.200019,11.014936,8.508086,-8.677725,-6.7008114,-21.407864,-8.860923,17.314447,-6.450662
P0A7W7,-10.499758,8.498176,14.408721,-2.4631512,4.5517106,-2.2752633,0.43187124,-10.2251,-4.2403617,-9.701033,-7.946023,-6.3905244,2.8414886,8.4333935,7.8760943,-12.782176,-1.8179066,-0.5139397,2.0800433,7.6744833,6.9829583,4.697367,-9.375626,3.4133,10.379365,-1.0649908,-5.2856216,-6.8836474,-13.404565,7.160913,10.359244,-1.5397784,-4.4767575,-7.012516,-4.0772552,-10.4223385,-7.0780644,2.8402102,7.7726216,-11.354508,-6.4190555,-6.0198474,-10.890715,1.5342938,9.526168,-7.4948373,-1.6855363,-5.9075813,-3.6480615,3.6100514,-0.7230503,4.9477525,9.152793,1.0181845,-4.444047,-3.1876132,8.6939945,8.364237,-6.542033,-4.533775,-15.241257,-3.6679842,11.62416,-6.3409967
O75570,-8.558159,6.3742504,11.893148,-2.3162327,3.6291947,-1.7625272,0.32235608,-8.110525,-3.5092545,-7.5360336,-6.3370805,-4.794762,2.4985385,6.290162,6.520389,-10.10932,-0.9996328,-0.28465238,1.98099,6.27487,5.5207915,3.365825,-7.1087046,2.1298988,8.295477,-0.93133056,-4.027232,-5.4077454,-10.927048,5.548139,7.994788,-0.83091164,-3.0536716,-5.888174,-2.7429872,-8.177392,-6.421062,2.1886187,6.501692,-8.724876,-5.2094603,-4.729768,-8.270201,1.2965806,7.388133,-5.736993,-1.5799866,-4.748425,-3.2381585,2.4890206,-0.36157346,3.9870057,7.4602795,0.7064615,-3.5994287,-2.715846,6.651844,7.0800476,-4.7779474,-3.6106696,-12.385267,-2.255524,9.199978,-5.247516
P99029,-16.383543,18.831533,23.06529,-3.22299,10.604116,-3.6602826,0.044442877,-17.805725,-8.658355,-18.525291,-14.435732,-14.519969,3.8787997,19.387775,12.236555,-25.986483,-7.0199184,-2.7512598,2.381173,12.784702,13.020692,11.044081,-21.051718,11.770176,19.717083,-0.8519298,-11.491359,-12.047848,-23.033113,13.117879,20.534113,-7.067527,-12.7470045,-10.990431,-12.096789,-18.098263,-8.621441,6.118398,13.513814,-22.826777,-11.213589,-12.7544775,-24.087616,0.52531815,20.845053,-14.991489,-1.274389,-9.719208,-4.3877773,8.305153,-2.8295321,8.677441,15.7402725,2.97243,-7.698572,-4.491015,16.647259,11.646253,-13.825973,-8.596914,-27.244608,-12.361695,22.504904,-8.643821
P09104,-13.204539,14.112053,19.253004,-3.8079903,8.667644,-2.7138271,-0.3463217,-13.936684,-7.388167,-13.886607,-11.684243,-10.867758,3.6541927,14.342127,10.445653,-20.813286,-4.6285405,-2.3162267,2.6449227,11.220261,10.458053,8.138023,-15.68487,8.023077,16.244877,-1.0002587,-9.074073,-9.229986,-19.259235,10.1305485,15.650249,-5.048266,-8.940628,-9.555936,-8.428292,-13.862033,-9.365942,4.722458,11.668814,-17.188309,-9.410376,-10.442563,-18.376766,0.2483505,16.081865,-11.3156185,-1.8021755,-7.684507,-4.661358,5.435586,-1.7204565,7.0836053,13.099866,2.159312,-6.4789543,-4.1723795,12.293742,10.065193,-9.641358,-6.860334,-22.551311,-8.149212,17.923985,-7.440464
P42227,-11.566894,13.28856,16.9033,-3.7108402,8.303611,-2.5526166,-0.73495615,-12.727512,-7.047357,-12.195319,-10.811727,-10.158851,3.2813072,13.627304,9.424287,-19.178925,-5.5062547,-2.7877922,1.9326397,10.88526,10.007001,8.23016,-14.552284,8.604256,15.40087,-0.92761,-9.477354,-8.2264185,-18.117498,9.594445,14.893621,-5.7167625,-8.987487,-8.363013,-8.417957,-12.2665205,-8.54321,4.611582,10.395003,-15.885009,-8.670922,-10.312764,-17.715012,-0.7923564,15.116021,-10.64962,-2.0029979,-6.897543,-4.525265,5.170006,-1.9454836,6.469566,12.135879,2.312101,-6.6109586,-4.0156713,10.898374,8.549289,-8.586953,-6.43388,-20.651493,-8.249118,16.644266,-6.496284
P00326,-17.003443,21.579351,24.98548,-5.1834064,13.3185005,-3.8361788,-1.3090776,-19.380892,-10.87629,-19.109112,-16.701399,-16.580465,4.5481877,22.192427,13.875323,-30.366432,-9.468413,-4.83793,2.3966024,16.456331,15.466823,13.613933,-23.555765,14.779941,23.985994,-1.208268,-15.062931,-12.647473,-27.30911,14.897157,23.437439,-10.011302,-15.170932,-12.29828,-14.377907,-18.773018,-11.719386,7.354744,15.661258,-25.110807,-13.233579,-16.368645,-28.562162,-1.6456305,24.108973,-16.87404,-2.4258633,-10.302743,-6.2109246,8.592979,-3.4612844,9.881308,18.29962,3.9132984,-9.916143,-5.7396894,17.237062,11.990089,-14.0980215,-10.00579,-31.55129,-14.414508,26.082602,-9.316993
O15360,-14.403338,16.069523,20.875687,-4.2981424,9.977819,-3.0670407,-0.66014713,-15.536572,-8.436985,-15.166705,-13.089855,-12.3402195,3.9424415,16.485847,11.575497,-23.275753,-6.2508783,-3.126459,2.4815183,12.830451,11.912197,9.631712,-17.82711,10.114989,18.297783,-1.1317707,-11.080371,-10.106529,-21.798166,11.65968,18.115837,-6.437508,-10.666063,-10.092687,-10.018254,-15.130713,-10.201143,5.5203943,12.578487,-19.366135,-10.461469,-12.140262,-21.362349,-0.5152002,18.34991,-13.060491,-2.2638779,-8.483999,-5.2376013,6.424475,-2.370675,7.753252,14.713971,2.8668573,-7.7799635,-4.721505,13.54796,10.661793,-10.693657,-7.747389,-25.119463,-10.016563,20.146217,-7.8892813
P01721,-21.733864,29.23491,32.03763,-6.612446,17.674788,-5.1796913,-2.0069823,-25.527235,-14.225513,-25.106577,-22.217705,-22.379642,5.6808167,29.94641,17.874353,-40.391724,-13.473754,-6.9460363,2.5115747,22.160946,20.783747,19.071533,-31.352032,20.559694,32.27363,-1.5808512,-20.605217,-16.716276,-35.95001,19.931051,31.196957,-14.364805,-20.969345,-15.971155,-19.896091,-24.79462,-14.710971,9.893122,20.355064,-33.500175,-17.533623,-22.218998,-38.46008,-2.6560764,31.993439,-22.466915,-3.0205808,-13.387711,-8.09815,11.68816,-4.823318,13.171656,23.962494,5.204038,-13.19809,-7.5347347,22.859802,14.888622,-19.028297,-13.294546,-41.376564,-19.857323,34.707863,-12.203517
Q5JFD7,-14.454758,19.324732,21.066454,-4.6172957,11.535194,-3.6909971,-1.5866505,-17.334555,-9.584426,-16.166643,-14.855472,-14.602276,3.8250751,19.925272,12.05869,-26.246546,-10.022434,-5.0030346,1.3069085,15.526591,14.413055,13.063663,-20.471209,14.4103775,21.704443,-1.0743065,-14.765676,-11.051591,-24.767199,13.778308,21.272104,-10.14416,-14.306729,-10.361446,-13.323537,-16.4629,-9.896789,6.682115,13.13797,-22.376137,-11.745814,-15.2179365,-25.832891,-2.5861712,21.249054,-15.156833,-2.6908362,-9.056042,-5.943313,7.9437165,-3.4094124,8.777085,16.28762,3.5915127,-9.754723,-5.36282,14.819568,9.786647,-12.135952,-8.830199,-27.445862,-13.418644,22.891638,-8.192019
P11574,-12.868554,13.379996,18.76704,-4.1034365,8.431287,-2.6799068,-0.55560714,-13.559149,-7.4011626,-12.9845495,-11.4419365,-10.264523,3.6939852,13.691982,10.454036,-19.910633,-4.7903395,-2.5634584,2.5415084,11.415246,10.35886,7.7973213,-14.89762,7.9322963,15.735209,-1.1323825,-9.384347,-8.696663,-19.394947,10.056151,15.453217,-4.9674993,-8.518707,-9.063371,-7.8934965,-13.171318,-9.721798,4.6539073,11.2060995,-16.50055,-9.200856,-10.356345,-17.892569,-0.2989472,15.570279,-11.150102,-2.3292394,-7.4885726,-5.039909,5.16284,-1.770529,6.782134,13.052408,2.3391604,-6.8927627,-4.328628,11.436632,9.908189,-8.695866,-6.615302,-22.108019,-7.7901216,17.251486,-7.1703296
O14544,-11.06327,9.25743,15.118915,-2.4575505,4.927264,-2.3944004,0.4765396,-10.858357,-4.4612513,-10.42905,-8.401881,-6.970848,2.9054823,9.19645,8.230868,-13.735882,-2.1059287,-0.5585946,2.0946863,8.015523,7.390081,5.179078,-10.210263,3.8915336,11.097092,-1.0586613,-5.629209,-7.388392,-14.011487,7.626117,11.094543,-1.818903,-5.0175533,-7.3773365,-4.633695,-11.09727,-7.1930165,3.0479019,8.176324,-12.181298,-6.791943,-6.4384174,-11.808581,1.6548891,10.260585,-8.020972,-1.609633,-6.244386,-3.6469157,3.995347,-0.86010265,5.2423177,9.609461,1.1291034,-4.6226783,-3.27519,9.431919,8.665142,-7.2403316,-4.8652797,-16.093443,-4.237476,12.465749,-6.650103
P32189,-15.336752,18.494463,22.524776,-4.8093276,11.588477,-3.3815494,-1.041612,-17.04437,-9.618372,-16.739628,-14.70027,-14.223727,4.260703,18.982962,12.500793,-26.449476,-7.7664285,-4.009188,2.4146385,14.490512,13.460408,11.45173,-20.29726,12.273608,20.86099,-1.2119657,-12.972547,-11.046991,-24.275698,12.990031,20.376993,-8.183862,-12.68319,-11.030897,-11.966361,-16.538233,-11.019461,6.406699,13.995527,-21.818872,-11.65875,-14.107536,-24.567587,-1.2207931,20.911966,-14.681729,-2.4030988,-9.180605,-5.7613297,7.278486,-2.8826785,8.686455,16.298574,3.3162537,-8.740561,-5.239115,14.934861,11.1391735,-11.993424,-8.763783,-27.976986,-11.897239,22.774822,-8.380373
P06744,-10.13357,11.743286,14.871347,-3.3312976,7.279561,-2.2926404,-0.6906559,-11.243246,-6.1600723,-10.698277,-9.59711,-8.970921,2.9351737,12.013877,8.288772,-16.980417,-4.7948003,-2.4671223,1.7039741,9.740977,8.914339,7.4119706,-12.752993,7.4797564,13.785975,-0.854797,-8.354038,-7.3178077,-16.008488,8.421122,13.0638485,-5.0787897,-7.8991838,-7.5377398,-7.434016,-10.80802,-7.638404,4.061999,9.258578,-13.979503,-7.698546,-9.20222,-15.594226,-0.67254484,13.231789,-9.312507,-1.7513233,-6.065221,-4.0976906,4.443217,-1.6019104,5.819027,10.665501,1.9697222,-5.8054395,-3.5875182,9.586874,7.5253115,-7.586047,-5.719985,-18.221025,-7.1165314,14.766981,-5.900351
P01859,-25.585617,38.890648,38.57312,-8.657749,24.063839,-6.4725075,-3.7775578,-32.02944,-19.29653,-31.179638,-28.662888,-29.851053,6.7400646,40.437675,21.935326,-52.68204,-20.571743,-11.0453825,2.0994477,29.068623,27.489437,26.147453,-41.69991,30.41483,42.01568,-1.671778,-29.121048,-20.33136,-46.717484,25.929153,41.380424,-21.763878,-29.638203,-18.838814,-27.997847,-30.246666,-17.36212,13.435249,25.34582,-43.735054,-22.263834,-30.404928,-52.04421,-6.4689603,42.95887,-29.791607,-4.0302405,-16.318377,-10.280626,15.590525,-7.2348523,16.552807,30.651484,7.8026237,-18.06483,-9.468201,28.28201,16.64669,-23.820934,-17.08582,-52.847176,-28.739576,44.848915,-13.62423
Q9KKF0,-12.090781,11.205183,16.970377,-3.1836586,6.378468,-2.6594129,0.047083654,-12.312857,-5.728104,-11.713712,-9.9436865,-8.488137,3.305418,11.278425,9.3747635,-16.522346,-3.3672822,-1.461843,2.2320104,9.769299,8.904867,6.5056114,-12.303704,5.7012815,13.310338,-1.1761847,-7.4608636,-8.124638,-16.731852,8.926317,13.239734,-3.227213,-6.611863,-8.220334,-6.0777655,-12.3180685,-8.377876,3.8109868,9.554017,-14.336909,-7.9677024,-8.259425,-14.616061,0.83544505,12.630321,-9.5799465,-2.0286677,-6.9438715,-4.4200315,4.6273713,-1.2727674,6.045872,11.314188,1.641433,-5.775205,-3.854814,10.466719,9.395938,-7.9977922,-5.695937,-18.966877,-5.778634,14.724098,-7.105394
O75914,-15.479192,18.90086,22.853909,-4.9096394,12.007343,-3.314034,-1.125016,-17.26502,-9.945071,-17.043413,-14.886503,-14.576725,4.2712874,19.488266,12.670636,-27.112793,-7.983617,-4.164088,2.5391316,14.61384,13.660885,11.568582,-20.915636,12.717877,21.207003,-1.103685,-13.195301,-11.17103,-24.606352,13.150081,20.78673,-8.458386,-13.077205,-11.14434,-12.361804,-16.659456,-11.10392,6.509812,14.282583,-22.217005,-11.852713,-14.431728,-25.19511,-1.3848053,21.556826,-14.969026,-2.3453796,-9.266406,-5.7141604,7.403449,-2.9714234,8.76228,16.551147,3.4959352,-8.871614,-5.206196,15.200504,11.194017,-12.197552,-8.898444,-28.497677,-12.435443,23.204815,-8.296531
A5D8V6,-13.555878,14.873118,19.362421,-3.64498,8.745064,-3.0235105,-0.32335085,-14.559647,-7.292615,-14.256933,-12.123495,-11.364953,3.5724654,15.124705,10.625541,-21.208292,-5.558876,-2.564227,2.1401596,11.834121,10.965937,9.132803,-16.256336,8.9417,16.926228,-1.152551,-9.977823,-9.640637,-19.90802,10.897112,16.619864,-5.67759,-9.6922455,-9.502986,-9.100355,-14.426985,-9.095558,5.0369067,11.42724,-17.994022,-9.65756,-10.921475,-19.401459,0.08537054,16.505589,-12.031273,-1.9553318,-7.9954405,-4.7422,6.106883,-2.0773735,7.244451,13.427771,2.408598,-6.975293,-4.308669,12.915523,9.931974,-10.337216,-7.1699357,-22.947666,-8.940646,18.55867,-7.728673
F1LQ48,-9.894533,10.098591,14.169865,-2.8864045,6.0788345,-2.166298,-0.22065765,-10.3906765,-5.261946,-9.973063,-8.595177,-7.702322,2.8176494,10.247787,7.7970448,-14.849507,-3.4578345,-1.5993559,1.8310635,8.485163,7.7867446,6.0623913,-11.094894,5.6763005,11.9690485,-0.8834685,-6.828944,-6.8582773,-14.374136,7.560884,11.536693,-3.535,-6.319888,-7.0790625,-5.918713,-10.21854,-7.164565,3.4745984,8.420801,-12.474809,-6.9049644,-7.6332808,-13.266371,0.19932741,11.423483,-8.26246,-1.6185721,-5.767269,-3.71792,3.9490383,-1.2218597,5.2620296,9.688799,1.5386534,-5.0111513,-3.2853675,8.896323,7.5813265,-6.9230313,-5.08905,-16.456505,-5.5653877,13.07732,-5.7721014
Q13064,-12.676209,17.636982,18.518112,-5.242344,12.279105,-2.5644858,-2.2181559,-15.304376,-9.92707,-13.430942,-12.832327,-13.19551,3.3507755,18.36208,11.163756,-24.598278,-10.863353,-5.2805476,1.1673524,14.683804,13.006032,12.016111,-19.122307,14.866385,20.81643,-0.52333736,-14.785958,-9.537269,-22.509775,12.632775,19.861988,-10.530392,-13.905892,-9.033126,-13.055208,-13.361311,-10.540914,6.2536488,11.90877,-19.359007,-11.048963,-14.916554,-24.97932,-3.8858767,20.38153,-13.571641,-3.129807,-7.9334207,-5.342075,7.127139,-3.896492,7.4045324,15.200783,4.139315,-9.992627,-5.0601764,12.957698,7.890524,-10.354292,-8.458814,-25.283014,-13.622358,21.374107,-6.5382857
O15389,-10.742242,8.223343,14.637052,-2.5136251,4.353923,-2.2760675,0.5370253,-10.255744,-4.0713654,-9.651944,-7.8798585,-6.147532,2.9020913,8.042824,8.020404,-12.580025,-1.4030081,-0.2751348,2.1872284,7.69223,6.853186,4.499557,-9.023048,2.8299294,10.338643,-1.1487089,-4.9802947,-6.9879265,-13.290615,7.1119084,10.123056,-1.1034493,-4.0390544,-7.200151,-3.687936,-10.502479,-7.4268146,2.7198594,7.8045554,-11.075496,-6.462997,-5.798879,-10.482768,1.8973179,9.134453,-7.3001475,-1.7413598,-5.9795303,-3.724879,3.470705,-0.59023494,4.960403,9.139825,0.8979981,-4.348869,-3.2521484,8.73717,8.615257,-6.5308795,-4.526921,-15.199895,-3.156676,11.540417,-6.646503
O95833,-15.486341,18.391253,22.833445,-5.0352793,11.739831,-3.3110378,-1.1323695,-17.127207,-9.87426,-16.680025,-14.757404,-14.164597,4.3308744,18.980663,12.758959,-26.550587,-7.7628613,-4.1278377,2.6025953,14.646711,13.549233,11.198262,-20.38356,12.32271,20.827309,-1.1919832,-13.110714,-10.9631,-24.653053,13.077717,20.561157,-8.124705,-12.621609,-11.004963,-11.85016,-16.44911,-11.3628435,6.3989716,14.109354,-21.824127,-11.752865,-14.207663,-24.68355,-1.4260777,21.147104,-14.817287,-2.5991178,-9.232263,-5.9226856,7.2078376,-2.8946264,8.627774,16.54013,3.4886959,-8.985043,-5.285002,14.823088,11.335214,-11.718845,-8.728771,-28.290358,-11.9818125,22.777716,-8.296333
O15055,-17.504236,21.996368,25.8571,-5.7370467,14.156902,-3.734602,-1.5342106,-19.77609,-11.633164,-19.347198,-17.114033,-16.952763,4.777919,22.76812,14.516238,-31.396036,-9.866382,-5.195071,2.6699054,17.015194,15.831789,13.651456,-24.3553,15.417722,24.601997,-1.2276397,-15.759359,-12.704708,-28.396944,15.305313,24.29009,-10.31425,-15.533277,-12.469361,-14.698432,-18.825464,-12.688901,7.622054,16.202375,-25.589085,-13.658112,-16.991562,-29.627213,-2.1300168,25.14269,-17.452065,-2.7998455,-10.536387,-6.5318704,8.693439,-3.7088728,9.952098,19.072105,4.3682857,-10.516719,-5.9760103,17.391499,12.400693,-14.007196,-10.304605,-32.786896,-15.012928,26.850872,-9.225082
P07327,-17.136047,21.057959,24.934753,-4.929959,12.758,-3.8782468,-1.0527748,-19.280964,-10.472025,-19.048862,-16.428167,-16.15877,4.510034,21.613024,13.793574,-29.597078,-8.94582,-4.4413047,2.430172,16.041782,15.145113,13.165549,-23.004726,14.070753,23.348255,-1.2370876,-14.488204,-12.6459675,-26.832306,14.722327,23.008661,-9.359873,-14.60423,-12.202753,-13.81497,-18.837276,-11.459251,7.136334,15.360388,-24.753733,-12.993234,-15.757095,-27.734758,-1.1733524,23.454578,-16.603039,-2.3646157,-10.321202,-6.0786777,8.531331,-3.310613,9.748047,18.020313,3.721458,-9.647211,-5.643348,17.190393,12.167066,-14.034984,-9.792563,-30.997202,-13.848178,25.528162,-9.435237
P19221,-9.021796,9.439446,13.109122,-2.974621,6.0284667,-1.9065833,-0.42337576,-9.558136,-5.223943,-9.035455,-8.021614,-7.225783,2.6779907,9.6769705,7.3050117,-14.071545,-3.509277,-1.7592807,1.7571774,8.09024,7.3359504,5.6779995,-10.48522,5.651052,11.334807,-0.79056484,-6.702022,-6.1882977,-13.629807,7.0222416,10.887039,-3.6000233,-6.060681,-6.52377,-5.6759853,-9.151824,-7.004434,3.3262203,7.950697,-11.545029,-6.4915442,-7.4199524,-12.687139,-0.26708582,10.948856,-7.7448754,-1.6711,-5.2729235,-3.5991614,3.561493,-1.2223912,4.8495913,9.152728,1.6274954,-4.90688,-3.1241834,8.020941,6.922668,-6.147253,-4.7963347,-15.535205,-5.4221597,12.304515,-5.1385493
O61667,-8.992547,8.399041,12.758791,-2.6175697,5.081018,-1.8832952,-0.04159025,-9.12108,-4.456967,-8.670338,-7.4062204,-6.385369,2.5947049,8.446328,7.0131307,-12.688538,-2.4471283,-1.051519,1.8310914,7.3493037,6.627977,4.9046702,-9.279072,4.194268,10.311472,-0.8446209,-5.5369973,-6.088414,-12.473455,6.488375,9.781359,-2.4626732,-4.9242644,-6.438029,-4.6203837,-8.993398,-6.7265735,2.881621,7.4574323,-10.560181,-6.053657,-6.346929,-11.023989,0.59718335,9.556643,-6.96596,-1.5064288,-5.146688,-3.359786,3.2266173,-0.8669185,4.601846,8.477122,1.1951855,-4.273216,-2.9476328,7.765864,7.043126,-5.931488,-4.421825,-14.362704,-4.18049,11.275131,-5.3650503
P29055,-11.54593,13.3249855,17.18758,-4.178217,8.923373,-2.3316839,-0.9703398,-12.614702,-7.582574,-12.044769,-10.895056,-10.265436,3.4182262,13.775749,9.670217,-19.753662,-5.5696244,-3.0560217,2.2177956,11.082804,10.037348,8.041137,-14.885924,8.843702,15.642375,-0.900988,-9.72994,-8.008641,-18.515615,9.543665,15.081985,-5.8709826,-9.044291,-8.414985,-8.4957075,-11.872043,-9.273262,4.710673,10.765478,-15.811356,-8.84038,-10.654105,-18.148617,-1.2019912,15.650265,-10.753358,-2.1921887,-6.830774,-4.6969676,4.9576488,-2.0133808,6.4066367,12.436288,2.5931349,-6.8349304,-4.0924077,10.669163,8.632118,-8.227146,-6.5343013,-21.233364,-8.467537,16.935045,-6.2285223
G1FNI6,-11.4181795,13.679916,16.425573,-4.3014693,9.226188,-2.3215058,-1.3249596,-12.921187,-7.6965504,-11.400058,-10.645953,-10.220274,3.108847,14.088219,9.701495,-19.563395,-7.3593926,-3.5166187,1.4915804,11.919599,10.468958,8.987943,-14.861403,10.299345,16.545725,-0.71945244,-11.06972,-8.17179,-18.662594,10.25823,15.779044,-7.05458,-10.023137,-8.041419,-9.346756,-11.673205,-9.3351755,4.8299108,10.090759,-15.668068,-9.105565,-11.388368,-19.131521,-2.0178843,15.807973,-10.872337,-2.6927316,-6.9091477,-4.7382865,5.494768,-2.6373827,6.2633095,12.631167,2.9276447,-7.8555684,-4.3290243,10.802975,7.7772217,-8.393992,-6.7960057,-20.942772,-9.520949,17.189352,-6.2532477
Q13596,-12.256263,13.120334,17.53549,-3.6334097,8.031783,-2.6413395,-0.4802575,-13.110522,-6.854859,-12.50007,-10.843521,-9.98706,3.3508503,13.393002,9.792901,-19.024231,-5.0989833,-2.413769,2.0617247,10.866675,9.962434,7.9775968,-14.436738,8.059509,15.29873,-1.0033978,-9.178029,-8.570118,-18.214958,9.79769,15.002149,-5.0953345,-8.593291,-8.564748,-8.041138,-12.725768,-8.779049,4.503777,10.401271,-15.923901,-8.770169,-10.000617,-17.467241,-0.2370475,14.89232,-10.727287,-2.071409,-7.1999984,-4.539366,5.2875633,-1.8827423,6.5039883,12.300273,2.2716482,-6.6160417,-4.0724764,11.297829,9.090402,-8.851354,-6.4672093,-20.81854,-7.914774,16.675741,-6.9316506
P19447,-12.5176325,12.29104,17.8293,-3.7000427,7.460783,-2.6690166,-0.26954547,-12.935688,-6.549672,-12.260602,-10.671764,-9.347275,3.5133483,12.439023,9.946851,-18.21812,-4.1720715,-2.0087595,2.3165617,10.681278,9.61316,7.25603,-13.541717,6.840199,14.653336,-1.1986972,-8.518282,-8.437792,-18.049019,9.534911,14.376293,-4.126192,-7.5563216,-8.656437,-7.003237,-12.69952,-9.229119,4.2625155,10.342666,-15.32396,-8.619168,-9.354058,-16.316944,0.2689052,14.032868,-10.340212,-2.2531605,-7.229477,-4.7618694,4.9117026,-1.5829129,6.4081492,12.204642,2.0169652,-6.3997264,-4.162662,10.962225,9.619063,-8.378954,-6.2335505,-20.540277,-6.75117,16.07356,-7.2043138
F8WQK8,-12.336023,14.130854,17.671127,-3.6316543,8.250986,-2.95753,-0.66712266,-13.723216,-6.951485,-12.942911,-11.514555,-10.701356,3.3551347,14.36739,9.924487,-19.92234,-5.904597,-2.8577218,1.6848161,11.716352,10.743933,9.148073,-15.10073,8.97165,16.380974,-1.1157957,-10.070217,-9.012308,-19.068789,10.409148,15.8295145,-6.011044,-9.5034895,-8.8373995,-8.909756,-13.3512125,-8.641389,4.831026,10.633102,-16.896383,-9.169998,-10.845898,-18.615175,-0.5364127,15.495497,-11.328273,-2.0835423,-7.4077015,-4.814096,5.6922307,-2.0283885,6.970597,12.686485,2.3378198,-7.000444,-4.2858253,11.804393,8.953958,-9.48185,-6.8107514,-21.501179,-8.60124,17.563765,-7.3341413
P15151,-12.3252,14.155348,17.878607,-3.8161228,8.691403,-2.7558343,-0.720768,-13.571459,-7.3257065,-12.999606,-11.456151,-10.78444,3.420422,14.449671,9.969658,-20.27618,-5.8683476,-2.890457,1.9417428,11.553383,10.613832,8.857218,-15.387604,9.099246,16.38259,-0.9971995,-10.022128,-8.844304,-19.098331,10.250511,15.7981615,-6.055487,-9.559645,-8.881242,-8.967143,-13.157478,-8.925504,4.87229,10.925878,-16.873812,-9.206731,-10.8908415,-18.76953,-0.69156164,15.907468,-11.289844,-2.0717983,-7.35616,-4.7329187,5.588182,-2.0854352,6.8860865,12.818647,2.3997972,-6.969688,-4.250404,11.716608,9.023481,-9.306794,-6.8427167,-21.79725,-8.750479,17.669956,-7.0182295
P07998,-21.59031,35.182858,33.622116,-8.340641,22.516298,-5.4744844,-3.9747033,-27.76257,-17.848541,-27.240503,-25.69498,-27.116333,6.1294317,36.49612,19.042648,-48.10462,-18.789534,-10.538527,1.9057155,26.311647,24.600342,23.975752,-37.492134,27.815731,38.477554,-1.4586089,-26.46853,-17.572603,-41.638306,22.547668,36.486515,-20.610502,-27.027327,-17.079039,-25.695763,-26.017239,-16.13787,12.28432,23.308575,-38.7715,-20.005234,-28.048801,-47.065098,-6.6779566,38.86513,-26.169476,-3.483349,-13.964226,-9.388973,13.29277,-6.4192696,14.950491,27.234722,6.890252,-15.965347,-8.565407,24.487911,14.030611,-20.768524,-15.498444,-47.460007,-25.803875,40.58574,-11.645072
O60504,-15.875003,19.716114,23.640636,-5.3677125,12.893175,-3.3099244,-1.2924638,-17.652523,-10.585106,-17.506405,-15.406563,-15.156786,4.523592,20.121773,13.054352,-28.421133,-8.493118,-4.396552,2.636372,15.359868,14.088926,12.164404,-21.588343,13.31808,22.472157,-1.1497389,-13.872706,-11.425708,-25.49872,13.499817,21.283817,-9.132116,-13.672976,-11.788475,-12.9299755,-17.128256,-12.108405,6.8739805,15.128914,-22.845564,-12.4378605,-15.178853,-26.210522,-1.6153328,22.432802,-15.219606,-2.547152,-9.516851,-6.0305643,7.5252466,-3.189756,9.13888,17.298325,3.4111362,-9.210247,-5.6043997,15.5768585,11.481615,-12.484893,-9.40248,-29.756968,-12.695863,24.302174,-8.530325
P38936,-10.958243,12.11715,15.993792,-3.4987776,7.5294056,-2.4107902,-0.5918573,-11.88234,-6.469192,-11.364258,-10.070776,-9.26822,3.1548064,12.397603,8.89198,-17.668936,-4.726055,-2.4161856,1.9507725,10.107857,9.252774,7.4121532,-13.291131,7.5176682,14.186908,-0.93544745,-8.559798,-7.6904845,-16.906868,8.859345,13.688276,-4.930826,-7.9873533,-7.9306526,-7.4644628,-11.5036745,-8.173942,4.2095175,9.759452,-14.661768,-8.067784,-9.399937,-16.111824,-0.49921575,13.819576,-9.807194,-1.9178764,-6.4846106,-4.330667,4.663213,-1.6520575,6.054262,11.318386,2.043148,-6.077187,-3.7864335,10.09957,8.258295,-7.877225,-5.937771,-19.24667,-7.227341,15.367999,-6.2372065
P16687,-12.448349,15.838851,17.887545,-3.7100813,9.562039,-2.9718134,-0.96801114,-14.36337,-7.6824555,-13.7553835,-12.153122,-12.062028,3.2866275,16.277967,10.079419,-21.940237,-7.4027076,-3.5101335,1.3802341,12.258083,11.466705,10.493075,-17.06892,11.057332,17.861464,-0.9412255,-11.360246,-9.484188,-19.896746,11.103355,17.364985,-7.527962,-11.277336,-8.963206,-10.746055,-13.716609,-8.470788,5.4285254,11.10513,-18.294321,-9.67118,-12.129052,-21.07546,-1.240362,17.355562,-12.347172,-1.8872412,-7.607158,-4.58812,6.454577,-2.6262405,7.2907166,13.266295,2.9232361,-7.4957047,-4.3136687,12.723256,8.527808,-10.564281,-7.4874063,-22.749537,-10.627906,19.20064,-7.1045876
A0A0B5LB55,-12.029762,9.914272,16.378193,-2.6183364,5.0963526,-2.6940708,0.53333443,-11.820171,-4.735474,-11.243286,-9.155165,-7.4355307,3.142868,9.838285,8.967275,-14.587769,-2.297542,-0.6452967,2.1855512,8.790201,8.073573,5.5780005,-10.849107,4.153643,11.840338,-1.2256877,-6.1828146,-7.9634094,-15.344202,8.376692,12.052153,-1.905084,-5.338674,-7.868678,-4.846503,-12.126828,-7.707446,3.2869167,8.699661,-13.225263,-7.321537,-6.898201,-12.635008,1.7613348,10.943232,-8.767225,-1.8698399,-6.804187,-4.0769367,4.3807516,-0.93842936,5.6630454,10.455721,1.2068487,-5.118271,-3.6009521,10.128672,9.456575,-7.7194967,-5.1731386,-17.360315,-4.4779387,13.311941,-7.251741
P42566,-10.428031,9.6774,14.751876,-2.8189394,5.5902505,-2.2338448,0.049622655,-10.591797,-4.964274,-10.156374,-8.559639,-7.3457737,2.906951,9.694809,8.06621,-14.461033,-2.665599,-1.1427308,2.0827484,8.394341,7.6427407,5.588243,-10.624354,4.6806684,11.684525,-0.9714189,-6.2087455,-7.0892224,-14.303878,7.5352416,11.219913,-2.704916,-5.61801,-7.375115,-5.2286158,-10.613635,-7.423099,3.2429905,8.493566,-12.283009,-6.9432397,-7.144542,-12.516277,0.88413554,10.882584,-8.069343,-1.6337618,-5.9727,-3.797837,3.8142312,-0.9488339,5.311651,9.7135515,1.2878087,-4.811631,-3.315201,9.083823,8.168775,-6.9606285,-4.9779534,-16.436335,-4.7813683,12.832427,-6.2604537
P39099,-7.8164,7.5465684,11.274609,-2.7910643,5.1180587,-1.4899153,-0.36481217,-8.020274,-4.4753213,-7.3171716,-6.5633435,-5.717051,2.3721797,7.6804924,6.3640065,-11.647626,-2.7513359,-1.3039284,1.6790462,6.9275804,6.049479,4.463845,-8.440989,4.338074,9.623464,-0.66268975,-5.5203767,-5.1980643,-11.464526,5.8318715,8.939852,-2.7158072,-4.7001796,-5.6912084,-4.395493,-7.5249405,-6.6139355,2.6864827,6.795332,-9.242939,-5.5621276,-6.1544795,-10.350331,-0.13490403,8.961034,-6.216786,-1.6536251,-4.493171,-3.1950321,2.749426,-0.9565914,4.019773,7.8096213,1.3183817,-4.2658124,-2.774265,6.6031823,6.056223,-4.8823886,-4.0732737,-13.115224,-4.096378,10.277494,-4.5039773
O15151,-14.7344475,18.94416,21.609694,-4.6209345,11.465045,-3.5194504,-1.2836802,-17.081732,-9.399332,-16.449354,-14.7149,-14.4325485,3.9857376,19.375479,12.102821,-26.388306,-8.670319,-4.3931775,1.8391122,14.935955,13.849861,12.395226,-20.258774,13.077907,21.424257,-1.1353468,-13.588246,-11.144234,-24.136454,13.214774,20.516588,-9.128327,-13.424805,-10.873745,-12.667805,-16.50273,-10.361891,6.46777,13.612725,-21.950506,-11.70127,-14.6156845,-25.00926,-1.6451135,20.830769,-14.677433,-2.3278403,-9.032306,-5.745598,7.4973645,-3.0038536,8.815026,16.057894,3.2779677,-8.956525,-5.2329907,14.964545,10.316049,-12.262633,-8.814345,-27.498705,-12.452182,22.860327,-8.46017
O53664,-12.349974,12.601083,17.602585,-3.437776,7.2771454,-2.7812173,-0.2469112,-13.049092,-6.341281,-12.462528,-10.759793,-9.5636015,3.383814,12.714039,9.734717,-18.307487,-4.28223,-2.030259,2.1475124,10.697238,9.779899,7.6339483,-13.664137,6.9920278,14.828199,-1.1434236,-8.494772,-8.627046,-17.897749,9.58429,14.381231,-4.377035,-7.8542805,-8.725806,-7.308663,-12.955492,-8.662329,4.251341,10.292445,-15.601538,-8.623891,-9.446256,-16.41536,0.3710787,14.020218,-10.367771,-1.9931289,-7.2158275,-4.634895,5.0412707,-1.5116205,6.5634365,12.034034,1.8787,-6.244002,-4.0562916,11.201324,9.394824,-8.745105,-6.2291546,-20.364365,-6.9406047,16.14851,-7.343747
P0A937,-10.117331,11.634126,14.485826,-3.5583549,7.6058416,-2.1655226,-0.86690205,-11.178811,-6.2932563,-10.144754,-9.32445,-8.786985,2.8611505,11.942152,8.3907795,-16.805998,-5.526897,-2.6439798,1.4303426,9.967553,8.849349,7.6009545,-12.684075,8.046934,14.001699,-0.84280425,-8.944684,-7.2238073,-15.958444,8.639471,13.387642,-5.382239,-8.088392,-7.199878,-7.644553,-10.312872,-8.060799,4.138089,8.854441,-13.554443,-7.7290564,-9.431985,-16.027725,-1.0949166,13.246237,-9.340332,-2.1221566,-6.0404825,-4.1018376,4.5956182,-1.9877521,5.5583158,10.736016,2.3553503,-6.316438,-3.7229745,9.455404,7.16544,-7.45887,-5.882705,-18.067898,-7.5301642,14.848088,-5.7382174
O88622,-14.871387,16.965042,22.021076,-5.1131463,11.317423,-2.894607,-1.0414095,-15.997951,-9.482432,-15.604523,-13.780512,-13.105841,4.2679567,17.439915,12.301964,-25.208141,-6.677377,-3.6448472,2.887102,13.746622,12.476497,10.038152,-19.024555,10.912483,19.689669,-1.1532277,-11.924845,-10.296963,-23.14294,12.062802,19.038357,-7.1080613,-11.311318,-10.72086,-10.701459,-15.273375,-11.665277,5.9189906,13.688832,-20.074842,-11.206083,-13.233759,-22.93097,-1.0494608,19.809307,-13.647993,-2.5420232,-8.712031,-5.6743336,6.398945,-2.5671115,8.081736,15.698166,3.258119,-8.330664,-5.059259,13.880336,11.07664,-10.807497,-8.29734,-26.964172,-10.71074,21.552113,-7.958248
P63208,-10.7516775,11.254457,15.509495,-3.4354227,7.0913053,-2.2720683,-0.47506154,-11.379009,-6.0968595,-10.756333,-9.511606,-8.593362,3.0890234,11.491271,8.688145,-16.66118,-4.2044635,-2.0969224,1.9814106,9.613779,8.679934,6.803833,-12.442946,6.7372074,13.422034,-0.96192497,-7.9651504,-7.399222,-16.089277,8.439796,12.982541,-4.264321,-7.2180467,-7.64462,-6.7665615,-10.944253,-8.197181,3.9308586,9.291494,-13.709502,-7.7126403,-8.765783,-15.103646,-0.22984932,12.927712,-9.261819,-1.9570962,-6.274547,-4.193353,4.354498,-1.5246742,5.713805,10.837577,1.9783264,-5.8157954,-3.675267,9.647784,8.146697,-7.4465456,-5.6789856,-18.372103,-6.5435667,14.5955105,-6.1354704
O00212,-10.498793,10.750872,15.287275,-3.3336742,6.8245826,-2.1356678,-0.35961172,-10.950139,-5.9244013,-10.558207,-9.164396,-8.238971,3.0573974,10.927885,8.419496,-16.143772,-3.620879,-1.8266041,2.1745236,9.112659,8.263827,6.2536874,-11.953111,6.085853,12.86122,-0.8858838,-7.30064,-7.1537957,-15.454776,7.963665,12.249703,-3.827613,-6.7226033,-7.6162925,-6.292553,-10.688228,-8.04891,3.7108238,9.241731,-13.199,-7.465899,-8.269842,-14.25432,0.033435762,12.446215,-8.762364,-1.787302,-6.082314,-4.0243316,4.038413,-1.3044707,5.5621653,10.477987,1.70893,-5.384892,-3.5159185,9.338925,8.127351,-7.138343,-5.4324822,-17.84516,-5.9778833,14.030471,-5.9803452
O00499,-12.038402,12.323375,17.185663,-3.502605,7.4241595,-2.6089935,-0.32909545,-12.674754,-6.4483695,-12.074754,-10.455725,-9.38,3.3290384,12.533063,9.562374,-18.029102,-4.4219503,-2.1033216,2.1387155,10.419793,9.51633,7.375972,-13.56099,7.154318,14.48675,-1.0638213,-8.510043,-8.290651,-17.583971,9.370244,14.22885,-4.41819,-7.8092074,-8.385003,-7.2692447,-12.410229,-8.635107,4.2297115,10.068205,-15.209632,-8.420957,-9.344976,-16.318659,0.08367554,13.996125,-10.220082,-2.053448,-7.017522,-4.504474,4.947356,-1.6283203,6.294893,11.860605,2.0370955,-6.266737,-3.9717298,10.834622,9.118085,-8.395678,-6.1356106,-20.034082,-7.068886,15.853468,-6.9051085
P02091,-13.480496,16.220205,19.45297,-3.7500403,9.440824,-3.2657127,-0.70737076,-15.192146,-7.853676,-14.81146,-12.871404,-12.369637,3.6078904,16.56367,10.736938,-22.581787,-6.85047,-3.2827995,1.7822605,12.664112,11.9363165,10.375785,-17.439024,10.581798,18.173113,-1.0923871,-11.239563,-9.9923525,-21.029589,11.528483,17.775385,-7.1026235,-11.136841,-9.673088,-10.469167,-14.966659,-8.88227,5.5178566,11.879474,-19.290842,-10.091958,-12.134944,-21.160168,-0.71391964,17.780993,-12.812682,-1.9577689,-8.160153,-4.9763417,6.605391,-2.4127238,7.759441,14.012074,2.620097,-7.5501885,-4.553592,13.347,9.682835,-10.898599,-7.5986996,-23.94468,-10.228366,19.711077,-7.7468
Q8WWY3,-11.435823,12.528729,16.409664,-3.4524248,7.7146163,-2.4843426,-0.5164694,-12.34151,-6.52615,-11.771623,-10.251085,-9.536526,3.1546562,12.790219,9.156243,-18.110256,-4.9991302,-2.357899,1.8835403,10.306142,9.455339,7.7215576,-13.738244,7.82222,14.62814,-0.92163056,-8.795127,-8.085262,-17.17821,9.233894,14.199556,-5.0389223,-8.300206,-8.107427,-7.7963514,-11.943134,-8.261563,4.310892,9.857197,-15.076993,-8.297985,-9.592323,-16.674807,-0.34594375,14.169546,-10.118705,-1.9224818,-6.7516174,-4.2687306,4.999797,-1.8142381,6.177981,11.589749,2.151155,-6.261524,-3.8538654,10.657818,8.430037,-8.405759,-6.1745067,-19.662987,-7.6110816,15.869843,-6.496808
P08244,-12.642901,13.915381,17.97613,-3.6746538,8.576297,-2.755333,-0.52563304,-13.611649,-7.1806927,-13.060716,-11.293754,-10.630055,3.4192874,14.294876,10.075884,-19.97315,-5.7095814,-2.6450284,1.9370469,11.177831,10.352445,8.5647135,-15.405284,8.927152,15.930851,-1.0396045,-9.825651,-8.8929825,-18.893991,10.282176,15.941299,-5.589928,-9.300913,-8.652554,-8.762983,-13.124375,-8.841374,4.841792,10.64681,-16.757547,-9.037026,-10.533359,-18.660315,-0.4431584,15.784047,-11.410043,-2.0916913,-7.452413,-4.5410933,5.747767,-2.192596,6.6944613,12.750468,2.598572,-6.937968,-4.1783032,11.845744,9.202857,-9.422481,-6.832502,-21.636652,-8.767533,17.536081,-6.9586678
P44324,-8.069971,5.268096,10.9764,-2.074541,2.7261572,-1.748745,0.45007193,-7.476514,-2.871791,-6.6835113,-5.6829405,-3.8878891,2.3544974,5.127084,6.0819626,-8.453897,-0.5288529,0.0067405105,1.8173761,5.7473464,4.959494,2.7594762,-5.793714,1.2571639,7.1751423,-0.9906545,-3.423079,-4.964936,-9.974505,5.0779586,7.047806,-0.18061294,-2.1855092,-5.3734007,-1.8534408,-7.580225,-5.9943094,1.8321047,5.693347,-7.645031,-4.6554766,-3.9193845,-6.8137026,1.4817274,6.06137,-5.0624304,-1.6587222,-4.443783,-3.1658363,2.159345,-0.16701904,3.6032248,6.7625427,0.4886472,-3.3307867,-2.5870373,5.9161825,6.789558,-4.1153626,-3.1398807,-10.990417,-1.3500521,7.9443617,-5.1116514
P09616,-14.194763,17.392517,20.356901,-4.305696,10.964972,-3.0481133,-1.0899758,-16.057411,-9.04282,-15.296854,-13.263279,-13.192978,3.6251729,17.983032,11.523228,-24.298367,-8.4941,-3.9018106,1.8225577,13.540027,12.659139,10.981241,-19.12185,12.599501,19.585571,-0.77105826,-12.763898,-10.371353,-22.360363,12.495886,19.480476,-8.328179,-12.599568,-9.771861,-11.8179,-15.21678,-9.713823,5.956426,12.379652,-20.272331,-10.840155,-13.375948,-23.498941,-1.6704954,19.769962,-13.77552,-2.3867168,-8.594715,-5.013707,7.3000383,-3.1696231,7.8028584,15.1443615,3.3995557,-8.730437,-4.7823715,14.108555,9.709911,-11.364462,-8.207168,-25.564283,-12.181217,21.119858,-7.4878197
O70624,-12.802448,13.692262,18.11124,-3.3606918,7.9603896,-2.8616064,-0.22581525,-13.66665,-6.6830597,-13.245966,-11.2167015,-10.408481,3.3365974,13.897076,9.96812,-19.479454,-5.142837,-2.2488055,1.9780043,11.036714,10.203056,8.424656,-14.930119,8.15809,15.697156,-1.0776365,-9.238802,-9.064965,-18.524471,10.212704,15.447519,-5.1138825,-8.882798,-8.876804,-8.307799,-13.541077,-8.514663,4.6268735,10.54063,-16.666245,-8.991229,-10.041194,-17.868528,0.20585112,15.166874,-11.139037,-1.9084054,-7.5371842,-4.449132,5.714921,-1.9187039,6.734341,12.519741,2.1829562,-6.5671253,-4.0595303,12.07179,9.368358,-9.623496,-6.6593137,-21.260319,-8.148734,17.167368,-7.3489146
O73790,-10.457785,13.3960495,15.39417,-3.5445626,8.495717,-2.3839734,-1.0238144,-12.084659,-6.938878,-11.51179,-10.393606,-10.256741,2.9469018,13.857462,8.684433,-18.976194,-6.2580037,-3.1740723,1.4572716,10.599568,9.82688,8.726245,-14.603406,9.454732,15.359014,-0.7558998,-9.785035,-7.846376,-17.25462,9.291402,14.727102,-6.5221605,-9.565821,-7.7616606,-9.097079,-11.342551,-7.750566,4.652296,9.810419,-15.459528,-8.331482,-10.56736,-18.032597,-1.4110721,15.06975,-10.435228,-1.755512,-6.3833914,-4.1330194,5.1771293,-2.1509264,6.21426,11.472961,2.5543313,-6.516855,-3.7473602,10.487114,7.3430176,-8.534601,-6.3847237,-19.716215,-8.9857235,16.424784,-5.868511
P14069,-17.39194,23.040007,25.448858,-5.2784314,13.440004,-4.4768033,-1.6375482,-20.646091,-11.152539,-19.707672,-17.822346,-17.437159,4.5980153,23.52597,14.310171,-31.313726,-11.200283,-5.630568,1.7068691,18.283972,17.012608,15.414953,-24.20859,16.416826,25.732922,-1.3730354,-16.946346,-13.319,-29.27317,16.23846,24.88349,-11.644652,-16.680225,-12.6936455,-15.542468,-20.119682,-11.675132,7.8710747,15.927605,-26.777746,-14.00246,-17.757084,-30.22485,-2.4145603,24.99573,-17.867453,-2.9116192,-10.845827,-7.0038147,9.381594,-3.8143659,10.635156,19.315735,3.8421824,-11.075577,-6.3456936,17.897259,11.992088,-14.728007,-10.453603,-32.73824,-15.365396,27.230534,-10.064414
A7KAX9,-17.424004,20.359148,24.55622,-4.355155,11.840708,-3.9380748,-0.55055916,-19.221191,-9.5416565,-18.796053,-15.833402,-15.504519,4.1895185,20.836386,13.617665,-28.159557,-8.675543,-3.8240266,2.1288664,15.547101,14.559814,12.891724,-22.212545,13.360573,22.526735,-1.3030337,-13.935028,-12.755709,-25.840046,14.811287,22.638943,-8.547968,-13.964917,-11.797744,-13.158348,-18.86455,-10.809086,6.821906,14.303633,-24.108921,-12.6449795,-14.786679,-26.73442,-0.40472364,22.32847,-16.36231,-2.3510756,-10.419814,-5.640681,8.827232,-3.340395,9.280521,17.457138,3.6713054,-9.449066,-5.3594294,17.470215,12.007322,-14.321994,-9.542424,-29.810486,-13.458956,24.674639,-9.664485
O95835,-12.112784,13.9566965,17.443548,-3.4576051,8.449785,-2.710565,-0.55859494,-13.323034,-7.0569506,-12.992425,-11.147898,-10.685997,3.2664695,14.339054,9.639083,-19.846178,-5.6948614,-2.68831,1.8752164,10.904183,10.275886,8.620731,-15.3513365,8.993826,15.773938,-0.8979702,-9.60491,-8.750687,-18.422945,9.999308,15.567843,-5.8178186,-9.463687,-8.564455,-8.926441,-12.970623,-8.215114,4.7632737,10.56802,-16.70155,-8.863878,-10.47507,-18.442595,-0.50045407,15.689853,-11.172787,-1.7842796,-7.2208753,-4.32373,5.6553173,-2.0761788,6.6867385,12.383914,2.4163532,-6.624389,-3.9700804,11.703881,8.798165,-9.414074,-6.677635,-21.176624,-8.843018,17.275627,-6.742171
P62081,-12.649499,13.782346,18.253984,-3.7382772,8.433109,-2.7490807,-0.50318503,-13.581268,-7.196511,-13.149947,-11.377011,-10.5535555,3.4973612,14.104028,10.11462,-19.985302,-5.241963,-2.5724115,2.1883466,11.202043,10.370433,8.303767,-15.217698,8.460937,15.859432,-1.04196,-9.506942,-8.856856,-18.984911,10.122494,15.6214285,-5.3670726,-9.030494,-8.898518,-8.459103,-13.258035,-8.973153,4.738323,10.931492,-16.745605,-9.088194,-10.429205,-18.26301,-0.28400758,15.672967,-11.244664,-2.0373602,-7.4428196,-4.6771655,5.498876,-1.9381274,6.800133,12.783622,2.3623028,-6.7595057,-4.1768093,11.745234,9.450035,-9.233268,-6.7112904,-21.758562,-8.335439,17.402315,-7.080183
O46043,-13.663029,15.514206,20.033089,-4.399667,9.964692,-2.7972853,-0.8188877,-14.794793,-8.372528,-14.398728,-12.580412,-11.940761,3.8280864,15.937693,11.148353,-22.739016,-6.095762,-3.1796396,2.5007024,12.482529,11.472841,9.294833,-17.274912,9.883592,17.88672,-1.0399877,-10.78517,-9.601856,-21.018393,11.1057625,17.397276,-6.4119625,-10.355714,-9.795328,-9.778255,-14.234922,-10.193196,5.3442326,12.311407,-18.479746,-10.166767,-11.944498,-20.778221,-0.7431856,17.873598,-12.479527,-2.2148159,-8.044707,-5.104447,5.9906063,-2.2792637,7.452824,14.206483,2.8528464,-7.545335,-4.5667067,12.87348,10.12049,-10.116163,-7.5293612,-24.35664,-9.742412,19.562607,-7.468508
P01258,-13.214545,16.908009,19.371433,-4.350966,10.440544,-3.1035445,-1.2853317,-15.346841,-8.60843,-14.516208,-13.167105,-12.86766,3.6083713,17.39297,10.984006,-23.669992,-8.018331,-4.087212,1.669398,13.580316,12.512053,11.092161,-18.192045,11.952051,19.30396,-0.9959094,-12.468893,-9.917502,-21.872751,11.934645,18.592646,-8.30364,-12.097536,-9.666652,-11.397032,-14.562428,-9.569123,5.823755,12.170802,-19.580307,-10.545015,-13.291982,-22.628809,-1.7765051,18.81867,-13.230714,-2.297791,-8.100011,-5.285686,6.6815104,-2.765114,7.8365593,14.524989,3.1378596,-8.331533,-4.7610435,13.265985,9.218802,-10.771927,-7.93538,-24.761707,-11.328093,20.530716,-7.5058703
O14879,-13.275445,16.470297,19.348824,-4.035499,9.958551,-3.1113706,-1.007405,-15.197958,-8.328443,-14.599867,-12.875863,-12.520423,3.5595772,16.902906,10.796597,-22.959627,-7.5513554,-3.685767,1.7677379,13.025913,12.178299,10.550068,-17.756226,11.376226,18.597078,-0.9175062,-11.850478,-9.841699,-21.377365,11.686838,18.081026,-7.777646,-11.676329,-9.580834,-10.914616,-14.709514,-9.117451,5.620845,11.9828615,-19.368845,-10.276481,-12.6453495,-21.781116,-1.3732897,18.353527,-12.918946,-2.155952,-8.101964,-5.0642214,6.6470485,-2.630334,7.7047076,14.27051,2.8227403,-7.990554,-4.6163297,13.205063,9.387637,-10.669491,-7.6746187,-24.235426,-10.850901,19.91865,-7.442209
I1WVY3,-14.136543,21.581352,22.080423,-5.1274943,13.3860445,-3.614956,-2.1357741,-17.772514,-10.973582,-17.592161,-16.251144,-16.654871,4.0993276,22.368765,12.192429,-29.768793,-10.587275,-6.010759,1.7848943,16.31552,15.491231,14.276959,-23.04529,16.113983,23.698149,-0.9062493,-15.667285,-11.287614,-26.360535,13.94106,22.371712,-11.917701,-16.139174,-11.346021,-15.213246,-17.03166,-10.172647,7.4022903,15.093692,-24.470922,-12.56976,-17.004578,-28.382044,-3.4263973,23.947235,-16.144737,-2.0881271,-9.046081,-6.128802,7.982805,-3.3914158,9.653072,17.178078,3.7437992,-9.669472,-5.372301,15.466904,9.799233,-12.863307,-9.466434,-29.91477,-15.034671,25.051977,-7.880709
P42858,-12.365243,12.487756,17.426416,-3.2310987,7.2509546,-2.709404,-0.106781185,-12.93753,-6.238973,-12.486657,-10.510547,-9.497802,3.2810013,12.670201,9.603099,-18.062412,-4.300209,-1.8629717,2.1045778,10.260442,9.50706,7.4462743,-13.742368,7.0457864,14.460316,-1.0587602,-8.311881,-8.584322,-17.48335,9.508656,14.360639,-4.2194147,-7.837963,-8.482517,-7.317009,-12.835341,-8.314504,4.213387,10.024751,-15.489953,-8.431864,-9.160167,-16.333483,0.484713,13.992998,-10.3539505,-1.8788391,-7.1926026,-4.3120885,5.1893225,-1.6253581,6.3559628,11.84154,1.971793,-6.119126,-3.8871012,11.285724,9.281486,-8.863598,-6.1803412,-20.044277,-7.1335998,15.959446,-7.1123996
Q5JFG7,-10.022656,10.547278,14.366382,-3.197796,6.4115767,-2.29642,-0.51743513,-10.818935,-5.6708207,-9.925015,-8.98498,-7.9555974,2.8758357,10.770763,8.1324,-15.260704,-4.392834,-2.1271436,1.6265897,9.343569,8.413391,6.607324,-11.425553,6.61125,12.631775,-0.92582417,-7.8906093,-6.9134135,-15.41256,8.150083,12.319077,-4.293735,-6.9527493,-7.0378647,-6.37804,-10.391633,-7.5163627,3.7229335,8.493068,-12.979848,-7.2386146,-8.351306,-14.164475,-0.51324373,12.015504,-8.763199,-2.0718825,-5.9422283,-4.154642,4.2075734,-1.50152,5.399944,10.266324,1.7945317,-5.7984505,-3.5839946,8.901345,7.5508485,-6.8102202,-5.2665114,-17.097656,-6.176199,13.518619,-5.809994
P01583,-13.9746065,18.820217,20.775913,-4.652476,11.608661,-3.3711529,-1.515617,-16.559975,-9.529642,-15.922622,-14.450947,-14.364739,3.855119,19.363306,11.670088,-26.126633,-9.081736,-4.710546,1.6942663,14.764054,13.731222,12.396481,-20.152925,13.561679,21.18112,-1.0073037,-13.801094,-10.662787,-23.813974,12.93594,20.281687,-9.610738,-13.67284,-10.44643,-12.872658,-15.833452,-10.010143,6.4851246,13.35511,-21.639702,-11.455798,-14.724957,-24.999968,-2.2465668,20.865158,-14.487473,-2.3185294,-8.671953,-5.6489935,7.3612037,-3.1010156,8.599898,15.766827,3.3665555,-8.979781,-5.1130133,14.39564,9.690619,-11.801362,-8.656714,-27.004093,-12.753226,22.495262,-7.8654428
P20783,-10.554801,11.01921,15.111027,-3.2655387,6.6650567,-2.3659089,-0.42891255,-11.261362,-5.7664137,-10.521094,-9.36806,-8.351607,3.0061264,11.178701,8.480642,-16.087294,-4.1702905,-2.0214915,1.7894772,9.572429,8.617798,6.854913,-11.956059,6.513795,13.203952,-1.0055807,-7.8544836,-7.354972,-15.797032,8.37334,12.688421,-4.192819,-7.0515575,-7.5264664,-6.575479,-10.916248,-7.893709,3.8296156,8.977551,-13.471148,-7.5624113,-8.568122,-14.65037,-0.13831304,12.401769,-9.048648,-1.9541135,-6.2005315,-4.201658,4.3213797,-1.4501286,5.685289,10.582638,1.8083357,-5.7368665,-3.6654766,9.492631,7.9731226,-7.3695855,-5.545781,-17.844692,-6.2421107,14.225946,-6.236616
P04279,-14.649966,18.47088,21.724386,-4.9327936,11.732175,-3.3252475,-1.3930421,-16.7437,-9.827335,-16.132597,-14.59534,-14.201343,4.1288776,19.160032,12.244861,-26.208292,-8.541058,-4.5624003,2.1476004,14.675728,13.623966,11.651853,-20.282385,13.111077,20.755623,-1.1327913,-13.634652,-10.599704,-24.406939,13.009052,20.552824,-8.885026,-13.127009,-10.474396,-12.298673,-15.903733,-10.7154665,6.494463,13.6184435,-21.693674,-11.504669,-14.476817,-24.902864,-2.1185384,21.105658,-14.78395,-2.610109,-8.900271,-5.864591,7.2729955,-3.0804427,8.490583,16.204062,3.6136446,-9.143112,-5.2124057,14.3525305,10.502112,-11.468372,-8.629001,-27.655382,-12.484619,22.50004,-7.8268867
P13716,-11.822317,14.328761,17.295183,-3.8904986,8.982432,-2.6726863,-0.96898,-13.347837,-7.508895,-12.67624,-11.391466,-10.93186,3.3127894,14.7446,9.742562,-20.392416,-6.459478,-3.267245,1.7429374,11.630745,10.696239,9.145086,-15.595118,9.803378,16.505413,-0.9143251,-10.476217,-8.604168,-19.068855,10.234261,15.962506,-6.6544204,-10.01419,-8.571569,-9.410608,-12.704981,-8.7203665,4.9829187,10.755514,-16.84328,-9.1394825,-11.237452,-19.22127,-1.2694485,16.18886,-11.365614,-2.0972905,-7.1435866,-4.68805,5.6222653,-2.2639117,6.783891,12.722464,2.6293895,-7.1571846,-4.2001867,11.455391,8.490098,-9.1496525,-6.8579826,-21.650301,-9.313717,17.70218,-6.622674
Q9VU15,-6.6073437,4.062065,9.307102,-2.1630936,2.7103562,-1.1125184,0.291481,-5.8095174,-2.6265378,-5.274111,-4.4909353,-3.0535426,2.1248782,3.8501158,5.0900955,-7.3924017,0.19340815,0.19664294,1.9801788,4.6430645,3.755921,1.8825722,-4.650241,0.39634076,6.2145643,-0.7695219,-2.331604,-3.9866374,-7.9046755,3.6899295,5.249694,0.17947334,-1.3339819,-4.9162474,-1.2482702,-5.770012,-5.9526997,1.4058125,5.258242,-5.6762056,-3.9762347,-3.230638,-5.3374705,1.4200988,4.942218,-3.63751,-1.3187833,-3.5154707,-2.6474583,1.1963371,0.102410726,2.9713392,5.5383153,0.29914477,-2.4555082,-2.1682417,4.676473,5.754053,-3.1296422,-2.7169652,-9.302137,-0.5359621,6.7445927,-4.2727685
P27540,-11.629736,13.425965,17.117102,-4.00302,8.81794,-2.3984678,-0.87906706,-12.719073,-7.424525,-12.167627,-10.871945,-10.313123,3.357047,13.848147,9.6171255,-19.688475,-5.6614504,-2.9575288,2.0822847,11.008534,10.031919,8.197949,-14.929742,8.902694,15.662249,-0.8963701,-9.714137,-8.159015,-18.370964,9.629219,15.157439,-5.8744307,-9.1360855,-8.39557,-8.606337,-12.036173,-9.028007,4.7165627,10.630904,-15.903875,-8.813779,-10.59095,-18.196863,-1.0499096,15.582671,-10.793917,-2.1097214,-6.8919,-4.570408,5.1268,-2.0672305,6.425421,12.363977,2.5687342,-6.790938,-4.062582,10.880276,8.580519,-8.500857,-6.5777965,-21.100737,-8.56079,16.979128,-6.32274
P01731,-9.641032,8.778019,13.779931,-3.2028387,5.724769,-1.8427722,-0.23526517,-9.656032,-5.046212,-8.903602,-7.8606954,-6.648489,2.8400114,8.81741,7.7471166,-13.661788,-2.6697748,-1.2891761,2.102649,8.170243,7.0745482,5.05748,-9.777226,4.4722314,11.202386,-0.9191446,-6.126066,-6.3429127,-13.565082,6.9596553,10.460929,-2.6506314,-5.113695,-6.8968005,-4.7803035,-9.278884,-7.9386673,3.06138,8.081634,-10.936582,-6.6314135,-6.9699626,-11.859808,0.37729833,10.273239,-7.3695955,-1.9132953,-5.464032,-3.8169844,3.2466552,-0.98150295,4.8129754,9.27855,1.440857,-4.853949,-3.2875817,8.048504,7.568906,-5.94681,-4.756614,-15.606778,-4.3968377,12.093353,-5.689586
P17710,-11.668081,13.148292,16.804132,-3.2484002,7.852511,-2.645491,-0.4246405,-12.723048,-6.6471086,-12.476057,-10.64404,-10.070199,3.183811,13.480554,9.210814,-18.722652,-5.1603246,-2.411081,1.8755997,10.307277,9.75239,8.028812,-14.448601,8.247798,14.845193,-0.8956126,-8.94808,-8.345667,-17.590847,9.470544,14.681396,-5.2900825,-8.789229,-8.248602,-8.244725,-12.520532,-7.8285165,4.49551,10.128732,-15.927544,-8.40385,-9.781852,-17.247631,-0.29988828,14.784842,-10.57757,-1.7085339,-6.9381814,-4.18038,5.329517,-1.8712347,6.410062,11.814169,2.1454606,-6.2186956,-3.8103635,11.122365,8.616925,-8.895258,-6.2962832,-20.164526,-8.094242,16.315092,-6.516667
O95238,-11.146891,8.97091,14.941948,-2.2259188,4.4901047,-2.465058,0.6466643,-10.852678,-4.074418,-10.345704,-8.200204,-6.6983695,2.8241558,8.845426,8.148068,-13.167962,-1.9038135,-0.2962209,1.9745057,7.8107424,7.2148848,5.0784707,-9.813187,3.5056524,10.783167,-1.0924215,-5.335266,-7.483372,-13.615149,7.597745,10.879503,-1.464143,-4.721792,-7.2862234,-4.3626685,-11.167516,-6.932279,2.9049182,7.83888,-11.929145,-6.6426635,-6.078112,-11.339513,1.9980291,9.729755,-7.855258,-1.5643797,-6.2723784,-3.5292697,4.042547,-0.80360484,5.166563,9.3661175,1.0264038,-4.4882717,-3.219525,9.496563,8.663122,-7.3493953,-4.7685933,-15.605124,-3.939647,12.145246,-6.8313274
O43613,-9.026536,6.6899323,12.775241,-2.7315435,4.1951795,-1.6445289,0.26995245,-8.365837,-3.889848,-7.887085,-6.647232,-5.070701,2.720555,6.4914136,6.975018,-11.114358,-0.6807623,-0.24786973,2.3670118,6.654761,5.647532,3.394666,-7.517854,1.9078568,9.052085,-0.9793205,-3.9945297,-5.671491,-11.384815,5.619719,8.149516,-0.7456854,-3.0019703,-6.5321946,-2.795379,-8.417566,-7.4464097,2.2709424,7.2598023,-8.900355,-5.659387,-5.062267,-8.691102,1.5143203,7.8414426,-5.795861,-1.6135818,-4.926848,-3.4331264,2.3199117,-0.2766703,4.230052,7.9115047,0.7002678,-3.607067,-2.8931763,6.991903,7.5511003,-4.981048,-3.9173152,-13.354608,-2.113204,9.948012,-5.5994363
P09201,-8.735239,8.157385,12.242719,-2.1278768,4.8391895,-1.7411705,0.20917706,-8.765004,-4.128405,-8.731698,-6.9025283,-6.25327,2.3638966,8.257563,6.539088,-12.205409,-2.1392605,-0.6731007,1.8259951,6.399954,6.0976872,4.52231,-9.243938,3.9707284,9.594953,-0.6201383,-4.8160133,-6.016126,-11.384181,6.073394,9.31488,-2.1301937,-4.801772,-6.1540666,-4.5881424,-8.79164,-5.82568,2.683554,7.095726,-10.264322,-5.6447372,-5.74544,-10.515578,0.9796713,9.283159,-6.6486983,-1.0300728,-4.9678655,-2.7027397,3.2828498,-0.829151,4.343055,7.8733673,1.1002642,-3.6995442,-2.537248,7.8516493,6.7387238,-6.1605883,-4.221959,-13.529553,-4.260593,10.781593,-5.0207496
P02789,-13.677362,16.995098,20.288128,-4.6365366,10.825836,-3.0558074,-1.2614523,-15.539816,-9.085207,-14.937256,-13.491257,-13.055994,3.8726814,17.594519,11.4174795,-24.264572,-7.6943297,-4.1102815,2.1122,13.617294,12.592396,10.674833,-18.663889,11.866086,19.27879,-1.0444839,-12.462298,-9.880541,-22.583408,11.991641,18.903013,-8.049162,-11.976841,-9.874803,-11.232377,-14.761286,-10.139922,5.946037,12.729042,-19.976263,-10.711515,-13.352156,-22.886915,-1.8124272,19.436346,-13.563993,-2.4266286,-8.278563,-5.481784,6.614959,-2.7443507,7.9019556,15.023783,3.2647178,-8.4230795,-4.8529596,13.313276,9.869456,-10.593247,-7.9983187,-25.656403,-11.320539,20.837383,-7.4016137
P32325,-8.890405,8.106342,12.597505,-2.7203498,5.0716705,-1.818814,-0.10214524,-8.949292,-4.5155873,-8.35786,-7.258349,-6.166044,2.6010594,8.2258,7.019869,-12.376848,-2.5015996,-1.1183633,1.8373636,7.296114,6.5180345,4.672061,-9.081503,4.204089,10.031626,-0.8532956,-5.6096826,-5.860866,-12.46113,6.4290605,9.736124,-2.3905098,-4.7735767,-6.1986494,-4.4378204,-8.672956,-6.838028,2.854351,7.2766933,-10.287428,-5.942317,-6.2681284,-10.881898,0.38578832,9.456475,-6.922676,-1.6792128,-5.0675592,-3.4167352,3.1452599,-0.92309827,4.427069,8.45201,1.324416,-4.4100213,-2.9592412,7.4598055,6.988889,-5.5789785,-4.327046,-14.201029,-4.143899,11.014072,-5.1571884
Q9BWF3,-10.536302,10.975791,15.048682,-2.9841492,6.567602,-2.3127027,-0.25640038,-11.170274,-5.666673,-10.748307,-9.191867,-8.367598,2.9174702,11.189326,8.292355,-15.955268,-3.9633741,-1.804881,1.8623829,9.042514,8.3891,6.592073,-12.08985,6.420524,12.8010025,-0.8701547,-7.454878,-7.3536224,-15.3706255,8.194625,12.531093,-3.991152,-7.0315824,-7.4252124,-6.5730133,-10.968143,-7.3738685,3.7501097,8.899039,-13.513615,-7.373838,-8.241725,-14.44377,0.089951955,12.423897,-8.983302,-1.6771927,-6.1710334,-3.8525875,4.4008327,-1.4239541,5.5883126,10.3644495,1.7417445,-5.4265676,-3.4406316,9.623803,7.955894,-7.533159,-5.4385943,-17.578894,-6.3385735,14.022339,-6.038681
Q9NPD3,-12.529777,13.739885,17.93095,-3.4881892,8.222924,-2.763876,-0.40873325,-13.508007,-6.9411616,-13.137832,-11.2010355,-10.502613,3.368228,14.043911,9.898613,-19.71733,-5.2304835,-2.4384513,2.0515184,10.9437895,10.237229,8.353595,-15.122099,8.411941,15.684453,-0.9876193,-9.3103285,-8.912478,-18.540323,10.044789,15.474682,-5.314844,-9.03929,-8.78706,-8.506769,-13.248894,-8.530813,4.661985,10.68211,-16.644037,-8.944016,-10.241752,-18.086998,-0.108919725,15.439036,-11.128078,-1.8576955,-7.389558,-4.4447813,5.581847,-1.93126,6.74382,12.504773,2.302005,-6.5748844,-4.0440345,11.838338,9.243883,-9.430699,-6.656374,-21.328722,-8.36932,17.22997,-7.0761743
P05129,-13.055221,15.02103,18.864395,-3.8139641,9.023459,-2.9604135,-0.6607557,-14.399484,-7.5803423,-13.928977,-12.116888,-11.476902,3.538621,15.373127,10.473785,-21.387154,-6.0775194,-2.9784691,2.0165198,12.002702,11.181744,9.351949,-16.385935,9.571739,17.114418,-1.0417129,-10.416143,-9.437702,-20.02875,10.842429,16.747053,-6.277918,-10.117443,-9.302815,-9.51665,-14.036338,-9.029031,5.1145687,11.432487,-17.97569,-9.642906,-11.372155,-19.815126,-0.5507078,16.79452,-12.037903,-2.0098655,-7.7895017,-4.8351817,6.02233,-2.1756852,7.2707553,13.418835,2.5633414,-7.2065716,-4.355602,12.557663,9.5279665,-10.060926,-7.1754484,-22.909718,-9.370383,18.62078,-7.419499
P55084,-14.099659,17.80091,20.655731,-4.115097,10.813251,-3.2576253,-0.9631303,-16.086164,-8.880986,-15.943006,-13.782181,-13.684521,3.7767913,18.352747,11.37058,-24.913103,-7.757522,-3.847521,1.9846827,13.400051,12.784123,11.199329,-19.460285,12.14111,19.645115,-0.95945454,-12.303712,-10.515168,-22.502396,12.262974,19.329365,-8.16815,-12.527305,-10.183795,-11.849141,-15.663545,-9.365219,6.059323,12.9085,-20.884356,-10.829694,-13.370488,-23.43632,-1.2465221,19.872168,-13.929408,-1.9142808,-8.564857,-5.06362,7.147709,-2.7906692,8.206986,15.041137,3.12061,-8.100679,-4.6947465,14.298242,9.996165,-11.7203865,-8.226846,-25.928238,-11.838872,21.439703,-7.716227
P57086,-25.948984,36.876488,40.73337,-10.996538,26.169672,-5.0827975,-4.255307,-30.536459,-21.595734,-30.100048,-28.214312,-28.810194,7.7937355,38.768494,23.197182,-53.59098,-18.372856,-11.106687,4.5422416,28.566326,26.191072,22.596685,-41.499245,28.665722,40.945038,-1.6530207,-28.154583,-18.526346,-47.635326,24.471127,40.298706,-20.00156,-27.391954,-19.16949,-25.813286,-27.962284,-21.737095,13.288626,27.274725,-41.790955,-22.437027,-30.015034,-51.064915,-7.2543564,43.96232,-29.036726,-5.089721,-15.891151,-11.096237,13.549234,-6.926073,15.696365,31.753363,8.412619,-18.171139,-9.762462,26.171894,18.357204,-20.652946,-16.849901,-54.905987,-27.138632,44.468178,-12.119055
P17741,-8.705211,7.8721886,12.57456,-3.002727,5.1717067,-1.6843364,-0.25725555,-8.739383,-4.6522274,-8.021725,-7.1892424,-5.9884195,2.6512036,7.9594245,7.060907,-12.375735,-2.327014,-1.2183338,2.0070279,7.464831,6.4783554,4.484597,-8.817554,3.9762146,10.108099,-0.8513942,-5.5611606,-5.6717267,-12.482222,6.256453,9.456652,-2.3660014,-4.5539904,-6.292066,-4.2255893,-8.353987,-7.301594,2.7746224,7.4277086,-9.924927,-6.0095735,-6.3532915,-10.674363,0.2411839,9.340918,-6.682611,-1.7971815,-4.938592,-3.599465,2.8161516,-0.80019283,4.395278,8.464188,1.298383,-4.4423876,-3.0120616,7.13649,6.96373,-5.1851997,-4.269069,-14.238185,-3.8643684,10.909256,-5.1387506
Q8BH75,-14.878892,19.419111,22.197866,-5.272953,12.313243,-3.4871042,-1.7152143,-17.386145,-10.289267,-16.465664,-15.284814,-14.88,4.2236643,20.132044,12.660691,-27.387878,-9.389624,-5.1315684,1.9991871,15.728896,14.44753,12.59492,-21.08138,14.114482,21.997305,-1.2034811,-14.69921,-10.951839,-25.595991,13.672708,21.532883,-9.812756,-14.00669,-10.809413,-13.11666,-16.346474,-11.180744,6.83646,14.075562,-22.571638,-12.072403,-15.508786,-26.272306,-2.6493127,22.022074,-15.440815,-2.8393924,-9.141509,-6.2909126,7.5580482,-3.27937,8.892678,16.876966,3.8607132,-9.783963,-5.51009,14.755146,10.527119,-11.828052,-9.023493,-28.75651,-13.267793,23.532518,-8.134769
P10398,-11.765588,13.865859,17.319284,-3.8108525,8.670949,-2.6223712,-0.8115836,-13.062192,-7.313007,-12.620934,-11.217069,-10.640229,3.3624535,14.243396,9.627243,-19.984463,-5.734784,-2.9832976,1.9682997,11.207446,10.353517,8.615299,-15.187516,9.037175,15.950134,-0.94979286,-9.822867,-8.4464035,-18.67428,9.852637,15.399594,-6.06404,-9.424401,-8.602171,-8.860521,-12.593549,-8.682255,4.809221,10.774164,-16.492443,-8.932444,-10.749354,-18.445225,-0.9077173,15.739082,-11.045138,-1.964955,-7.0417943,-4.62448,5.3336873,-2.0114655,6.703466,12.470945,2.4227443,-6.7485733,-4.092343,11.233684,8.689089,-8.912358,-6.653662,-21.341583,-8.676739,17.265402,-6.601641
P9WQP1,-14.036114,17.70464,20.198246,-4.049427,10.325768,-3.5371232,-1.0390668,-16.261986,-8.519302,-15.533196,-13.832212,-13.451249,3.7069151,18.176207,11.362558,-24.260368,-8.289612,-4.013078,1.474384,13.927597,13.065445,11.722395,-18.90229,12.3247175,19.767853,-1.1549284,-12.851447,-10.587154,-22.720886,12.633769,19.516035,-8.4087715,-12.582623,-9.955029,-11.814525,-15.743832,-9.241385,6.0880437,12.361831,-20.795866,-10.81757,-13.504627,-23.384205,-1.4418976,19.324375,-14.009465,-2.2548046,-8.624462,-5.3743668,7.330793,-2.9003832,8.245791,15.020176,3.1301432,-8.528579,-4.9187183,14.164691,9.765142,-11.665816,-8.2167015,-25.530678,-11.731677,21.25552,-8.039887
Q6Q3I2,-12.716956,15.241235,18.695011,-4.1538873,9.440136,-2.9149277,-0.96789753,-14.26688,-7.94555,-13.661334,-12.290763,-11.649731,3.611968,15.611675,10.462636,-21.773674,-6.5429745,-3.412371,1.9589577,12.445382,11.415699,9.663197,-16.514828,10.096788,17.55346,-1.0750029,-10.984945,-9.203696,-20.458601,10.879882,16.892157,-6.879982,-10.456215,-9.298755,-9.806644,-13.749546,-9.410281,5.2961416,11.632296,-18.033884,-9.781895,-11.883701,-20.271893,-1.1503861,17.139341,-12.107758,-2.2167926,-7.6601505,-5.1163917,5.9056754,-2.2813165,7.334054,13.623918,2.6604886,-7.49804,-4.524036,12.225377,9.295769,-9.738014,-7.2767887,-23.23333,-9.592426,18.867275,-7.2241483
Q6PDN3,-13.681618,16.173323,19.685911,-3.7924993,9.2495365,-3.349261,-0.66854465,-15.363742,-7.734574,-14.848288,-12.962412,-12.271044,3.6551728,16.39148,10.879406,-22.520342,-6.682643,-3.1882238,1.801907,12.9197235,12.042522,10.432421,-17.188223,10.260256,18.362534,-1.1670367,-11.180536,-10.157368,-21.167465,11.626963,17.690092,-6.9604816,-10.959161,-9.912169,-10.2773485,-15.2243595,-9.121802,5.4590387,11.967748,-19.271564,-10.229275,-12.125046,-20.963953,-0.5013051,17.539223,-12.731912,-2.0362356,-8.270959,-5.1501865,6.5522747,-2.300219,7.888611,14.1071,2.454214,-7.581517,-4.6704464,13.4465065,9.879141,-10.947323,-7.618743,-24.033607,-9.877533,19.747028,-8.110598
P0CX45,-12.11401,12.458358,17.40425,-3.423526,7.396221,-2.6504939,-0.22259851,-12.70422,-6.3929577,-12.37716,-10.577384,-9.51637,3.3883617,12.578525,9.521919,-18.254652,-4.1030297,-1.9569403,2.2422464,10.32598,9.493075,7.3954024,-13.63355,6.883332,14.57188,-1.0912158,-8.234856,-8.404075,-17.531202,9.265507,14.064799,-4.297325,-7.741121,-8.650402,-7.2380657,-12.672988,-8.605084,4.2372,10.330993,-15.380294,-8.459859,-9.264897,-16.199404,0.375802,13.993613,-10.155814,-1.8654547,-7.0529084,-4.466825,4.8982787,-1.4960309,6.4482207,11.848208,1.8210597,-5.9858537,-3.9587965,10.998717,9.288556,-8.59291,-6.1737323,-20.17645,-6.8363,15.989048,-7.0527496
P67809,-11.778958,12.182639,16.665989,-3.1268237,7.0647497,-2.6450257,-0.18295114,-12.470213,-6.0800514,-12.028652,-10.200789,-9.268882,3.169138,12.38015,9.184157,-17.531181,-4.3380113,-1.9178927,1.9558625,9.964509,9.28059,7.358217,-13.347254,7.0279846,14.067231,-1.008172,-8.180957,-8.25823,-16.942314,9.176005,13.922829,-4.307065,-7.754288,-8.165112,-7.2458797,-12.351248,-7.927533,4.1281033,9.701233,-15.051532,-8.133099,-8.998138,-15.927847,0.29471093,13.612821,-10.026039,-1.797951,-6.895925,-4.1938944,5.018438,-1.5934287,6.1943245,11.424631,1.906225,-5.94813,-3.7762904,10.828322,8.836418,-8.545374,-5.9945765,-19.35437,-7.0163565,15.478537,-6.8026075
P20443,-10.227939,10.364581,14.796933,-3.445473,6.783021,-2.059558,-0.47724655,-10.651632,-5.887696,-9.982588,-8.90835,-7.9314284,3.0143938,10.618803,8.335785,-15.652427,-3.8095703,-1.9513848,2.0368621,9.072234,8.092505,6.128549,-11.611235,6.1635127,12.55955,-0.93016255,-7.467786,-6.856199,-15.274284,7.88002,12.177021,-3.8195598,-6.558859,-7.225829,-6.1348567,-10.125789,-8.146231,3.681429,8.847049,-12.705427,-7.28194,-8.21334,-14.108609,-0.27216431,12.169364,-8.66201,-2.006664,-5.914071,-4.071705,3.9414902,-1.4130185,5.309847,10.315903,1.9289867,-5.567768,-3.5298724,8.906394,7.8541,-6.73284,-5.341866,-17.43913,-5.9674125,13.693774,-5.7335753
Q96Q45,-14.345284,17.5466,20.977428,-4.444463,10.657847,-3.2914479,-1.0028784,-16.181711,-8.79189,-15.672951,-13.821058,-13.335626,3.9189074,17.77161,11.6321945,-24.766972,-7.5084014,-3.7173622,2.0489893,14.012866,12.868102,11.259543,-18.734806,11.48484,20.165388,-1.1158831,-12.280153,-10.653262,-22.69159,12.326921,18.942333,-7.9826174,-12.078545,-10.684082,-11.386546,-15.846242,-10.3194685,5.954486,13.144778,-20.470003,-11.13736,-13.425101,-22.970646,-0.99672896,19.29861,-13.520983,-2.2316334,-8.676812,-5.503669,6.856157,-2.6216137,8.385777,15.251124,2.7669547,-8.238341,-5.0399985,14.22151,10.270925,-11.528716,-8.316118,-26.085802,-10.9564,21.495377,-8.346132
P15812,-19.338266,20.542147,26.080645,-2.5884042,9.842957,-4.7871423,1.0026779,-20.597801,-7.911866,-21.017513,-16.220604,-15.627258,3.9812236,20.91116,13.813414,-27.071333,-7.3788605,-2.3149066,1.9932582,14.552219,14.399157,12.678579,-22.36489,11.911879,21.241474,-1.5477128,-12.508543,-14.021505,-25.586327,15.581769,22.975204,-6.7265425,-13.339699,-12.040648,-12.342455,-21.494684,-8.554981,6.590112,13.639941,-25.66787,-12.371396,-12.988893,-25.57465,2.02676,21.554255,-17.163181,-1.6344347,-11.461006,-4.89145,10.095543,-3.0497608,9.445636,17.281197,3.0224957,-8.563974,-4.844735,19.52129,13.362474,-16.272108,-9.263459,-29.442974,-12.9247,24.201332,-10.818607
P21333,-12.552733,14.038696,18.106573,-3.7671318,8.5671215,-2.7687376,-0.6102539,-13.662918,-7.2327237,-13.120049,-11.450792,-10.715199,3.4450402,14.3466425,10.089385,-20.210363,-5.5794044,-2.730086,2.0421731,11.435285,10.539325,8.666824,-15.369489,8.806476,16.219425,-1.0259893,-9.793878,-8.942401,-19.065514,10.254644,15.802458,-5.719147,-9.336401,-8.92406,-8.77631,-13.26341,-8.956675,4.807475,10.923643,-16.85748,-9.192875,-10.7110195,-18.619402,-0.44249734,15.813944,-11.32283,-2.0397801,-7.435806,-4.6972833,5.5878077,-2.0171661,6.8720655,12.816754,2.4217484,-6.8888493,-4.2126527,11.840514,9.239836,-9.387879,-6.818025,-21.823784,-8.611773,17.631962,-7.1349735
Q10838,-18.67177,28.573935,27.390192,-6.27355,17.844559,-4.7134056,-2.7599156,-23.381655,-13.813226,-22.33332,-20.520636,-21.74546,4.8007727,29.543018,15.804046,-38.3437,-15.935332,-7.8927298,0.91755366,21.3104,19.897093,19.95035,-30.35512,22.763592,31.418644,-1.2256848,-21.734741,-15.161968,-33.40905,19.095928,30.401876,-16.322632,-22.020102,-13.715784,-21.03251,-21.76728,-12.89199,9.94935,18.004627,-31.450102,-16.27055,-22.415411,-38.511913,-4.6862907,31.040718,-21.5044,-3.038596,-11.935023,-7.229916,11.701856,-5.704207,12.008466,22.121113,5.8342967,-13.413219,-7.083863,20.962158,11.517561,-18.004534,-12.962512,-38.041645,-21.283363,33.206398,-10.187475
P13598,-16.829693,21.737331,25.52086,-6.0871496,14.353746,-3.5906093,-1.8329102,-19.224276,-11.987506,-18.84365,-17.10255,-16.832218,4.879305,22.569843,14.301289,-31.337933,-9.835456,-5.575342,2.8440886,17.10476,15.80957,13.388946,-24.085842,15.467238,24.418291,-1.2259587,-15.884873,-12.082219,-28.574717,14.919541,23.867733,-10.606309,-15.44727,-12.3404665,-14.5178175,-18.22022,-12.947671,7.651949,16.411196,-25.301758,-13.553688,-17.15704,-29.372286,-2.7582395,25.20542,-17.20954,-2.9520276,-10.192053,-6.826622,8.221455,-3.5907476,9.879245,19.053385,4.301331,-10.536737,-6.024031,16.552822,12.198744,-13.129288,-10.103329,-32.779827,-14.774973,26.513596,-8.737468
Q9H8X2,-13.510422,13.842512,18.887842,-3.269346,7.860967,-3.0009239,-0.032082837,-14.202497,-6.6745486,-13.854625,-11.453954,-10.5269165,3.4689407,14.037048,10.368993,-19.768557,-4.795543,-1.9702065,2.152594,11.002043,10.358792,8.288661,-15.210646,7.8653536,15.745957,-1.1033361,-9.011395,-9.522658,-18.850595,10.438132,15.789132,-4.6703267,-8.763203,-9.17295,-8.231779,-14.187898,-8.622783,4.61047,10.811424,-17.09735,-9.144018,-9.9458065,-17.98657,0.6751172,15.331133,-11.398234,-1.8447578,-7.8751383,-4.461536,5.8894267,-1.8546098,6.9532495,12.804704,2.1638737,-6.5479693,-4.1354446,12.59089,10.006615,-10.048696,-6.772262,-21.736982,-8.068557,17.4937,-7.7539315
O64470,-9.35339,8.954456,13.326833,-2.8598728,5.454709,-2.0017853,-0.1442108,-9.563161,-4.7443,-9.016829,-7.8791533,-6.782224,2.748804,8.937909,7.3681536,-13.475254,-2.7679005,-1.2519675,1.8235419,7.975378,7.0655246,5.3997774,-9.7267065,4.5673785,11.106397,-0.95223504,-6.062743,-6.3689947,-13.254261,6.882958,10.320105,-2.8333006,-5.296338,-6.808368,-4.9693284,-9.426683,-7.255834,3.111694,7.890856,-11.115147,-6.448973,-6.874326,-11.753244,0.4774871,10.069109,-7.330601,-1.6722772,-5.3815,-3.661226,3.382338,-0.9682306,4.899636,8.9882345,1.2422444,-4.5927663,-3.2100983,8.095742,7.300796,-6.203123,-4.726196,-15.20576,-4.4019985,11.999081,-5.679066
P0CG48,-13.981407,14.617879,19.70043,-3.486935,8.50688,-3.013977,-0.10096114,-14.715639,-7.1278653,-14.507505,-11.955337,-11.157011,3.609008,14.818765,10.772493,-21.00664,-5.0246353,-2.1252363,2.3228557,11.436904,10.764535,8.694962,-16.123602,8.353297,16.616787,-1.0889014,-9.392631,-9.902337,-19.585186,10.795868,16.459137,-5.03481,-9.294501,-9.644945,-8.79253,-14.687401,-9.093744,4.852714,11.466958,-17.857382,-9.59993,-10.514955,-18.99581,0.6435801,16.247793,-11.868337,-1.8121967,-8.141909,-4.5587144,6.0971146,-1.9611932,7.262485,13.3619795,2.295095,-6.7369804,-4.2657013,13.176279,10.331332,-10.552635,-7.1397157,-22.83695,-8.601092,18.454973,-7.9658465
P02309,-12.755709,15.387494,18.683094,-4.232262,9.64586,-2.865402,-1.0732871,-14.402097,-8.147746,-13.601347,-12.25036,-11.687741,3.5477889,15.784371,10.540376,-21.85812,-7.0517297,-3.5600245,1.8818457,12.660074,11.572205,9.787379,-16.660706,10.588408,17.794733,-0.95025,-11.366982,-9.225339,-20.64147,11.092482,17.143143,-7.239296,-10.79975,-9.229831,-10.067237,-13.758165,-9.46373,5.335162,11.583677,-18.117214,-9.902385,-12.112941,-20.619146,-1.447117,17.415503,-12.190923,-2.3644898,-7.7194066,-5.12111,6.063965,-2.4669223,7.2896614,13.804321,2.753699,-7.8246865,-4.57505,12.284439,9.161474,-9.7247925,-7.3316226,-23.338682,-9.991275,18.962812,-7.1328397
O00253,-15.1731205,18.912384,22.566412,-5.224296,12.249414,-3.339267,-1.4285641,-17.143307,-10.258703,-16.598276,-15.015756,-14.578343,4.341747,19.612843,12.707602,-27.092327,-8.611966,-4.657391,2.3645554,15.049566,13.898162,11.778055,-20.891645,13.344177,21.317125,-1.1993141,-13.9491415,-10.819177,-25.173113,13.302,21.09501,-8.986018,-13.339482,-10.833876,-12.509041,-16.271221,-11.378203,6.704402,14.174979,-22.22355,-11.862445,-14.847166,-25.58936,-2.1568806,21.790592,-15.182382,-2.7494094,-9.158141,-6.074168,7.3814836,-3.1774747,8.693705,16.774755,3.7481072,-9.380631,-5.4079094,14.691179,10.97339,-11.665921,-8.909674,-28.658173,-12.707128,23.204336,-7.984054
P24228,-12.768099,16.978313,18.970934,-4.4110775,10.923468,-2.8908875,-1.4123973,-14.918928,-8.915555,-14.3701935,-13.007337,-13.042549,3.5765254,17.63251,10.71636,-23.918468,-8.239889,-4.282845,1.710198,13.184276,12.281755,10.978039,-18.586945,12.441883,19.102827,-0.87616086,-12.547313,-9.548709,-21.617449,11.647028,18.592323,-8.597185,-12.359065,-9.358406,-11.706836,-13.9937315,-9.407456,5.9422064,12.179677,-19.498539,-10.350479,-13.374871,-22.943151,-2.1884503,19.252432,-13.24511,-2.1727717,-7.841734,-5.039775,6.6298423,-2.9274013,7.633405,14.376686,3.3697581,-8.225306,-4.6020913,12.979155,8.862226,-10.575091,-7.9361243,-24.697147,-11.804285,20.533781,-6.8485255
P12271,-13.611865,14.334053,18.990404,-3.3034446,8.102717,-3.1007302,-0.14035067,-14.521835,-6.8392744,-14.05865,-11.730721,-10.880995,3.4597752,14.581736,10.49651,-20.239212,-5.3326826,-2.2211187,1.9869963,11.368367,10.718703,8.776572,-15.6765,8.500892,16.22012,-1.1088517,-9.55045,-9.704017,-19.315805,10.791138,16.349466,-5.148905,-9.287027,-9.194572,-8.721858,-14.410982,-8.584818,4.792569,10.877611,-17.581726,-9.3328085,-10.380079,-18.708956,0.4124976,15.799756,-11.783403,-1.9084704,-7.9971247,-4.5428233,6.159799,-2.030032,7.092271,13.060461,2.3354194,-6.852124,-4.221443,12.847128,9.934748,-10.323954,-6.953565,-22.129704,-8.622673,17.94432,-7.8104467
P37282,-8.103958,5.4017878,10.916316,-1.9368622,2.6895764,-1.7939185,0.49622414,-7.5697346,-2.7999759,-6.805822,-5.689213,-3.9804301,2.2958379,5.277609,6.0362244,-8.469091,-0.6598679,0.029173419,1.7188753,5.6881924,4.9939594,2.8918643,-5.9274354,1.4142852,7.1896,-0.96192586,-3.461773,-5.0661693,-9.913494,5.1601443,7.174616,-0.25369543,-2.3408608,-5.324934,-2.0123646,-7.696169,-5.738117,1.8526413,5.5996523,-7.790056,-4.635377,-3.920546,-6.945955,1.5251582,6.119358,-5.153838,-1.580195,-4.4832125,-3.0550659,2.312712,-0.22352909,3.6151495,6.7235513,0.51212406,-3.322024,-2.539449,6.081018,6.7222805,-4.324632,-3.1664119,-10.927822,-1.5454028,7.998707,-5.121745
O89093,-14.162825,16.163385,20.584679,-4.529348,10.108259,-3.0635154,-0.9236883,-15.535443,-8.516871,-14.78038,-13.151357,-12.352301,3.9066887,16.574564,11.60982,-23.375366,-6.6804304,-3.4576278,2.3069923,13.3337145,12.153343,10.016566,-17.7422,10.46387,18.73067,-1.1720815,-11.566976,-10.062215,-22.02388,11.810194,18.274517,-6.871652,-10.885004,-10.0533085,-10.233032,-14.879105,-10.4733715,5.5700917,12.500386,-19.240223,-10.604584,-12.569746,-21.689144,-0.90988034,18.358662,-13.087952,-2.4655747,-8.402474,-5.4722657,6.364382,-2.4335122,7.7882967,14.777308,3.0152001,-8.110509,-4.846435,13.373772,10.356514,-10.548685,-7.8224382,-25.153662,-10.199526,20.291052,-7.959577
O53585,-11.146473,14.432138,16.889366,-4.107279,9.446971,-2.458729,-1.216474,-12.818598,-7.8243237,-12.433538,-11.364343,-11.132129,3.3348053,14.901944,9.420743,-20.830696,-6.45074,-3.5608933,1.8776498,11.508911,10.583248,9.153802,-15.790684,10.028869,16.606228,-0.84274125,-10.47313,-8.201378,-18.888872,9.801866,15.653262,-7.052225,-10.186916,-8.556899,-9.647467,-12.122876,-8.806452,5.0650973,11.051914,-16.684252,-9.071348,-11.493055,-19.365404,-1.6792849,16.487137,-11.168618,-1.9299846,-6.7834783,-4.656243,5.2783933,-2.2009618,6.761134,12.557483,2.644299,-6.9274445,-4.107467,11.013107,8.10846,-8.814464,-6.845898,-21.689644,-9.434226,17.766588,-6.1561065
Q15024,-14.335826,16.140453,20.682098,-4.267017,9.850886,-3.1437268,-0.6955111,-15.593542,-8.262678,-15.059985,-13.113912,-12.334116,3.8938537,16.471905,11.527666,-23.21391,-6.3778415,-3.1570349,2.3019745,13.044179,12.011295,9.947492,-17.669054,10.123022,18.540424,-1.1870202,-11.1913805,-10.223453,-21.7417,11.746547,18.104265,-6.567412,-10.723082,-10.150173,-10.10135,-15.181269,-10.183193,5.514472,12.470636,-19.31345,-10.516336,-12.249983,-21.384388,-0.47349507,18.133015,-13.007594,-2.2738204,-8.48183,-5.2983046,6.4500456,-2.35757,7.834708,14.641821,2.8137815,-7.81931,-4.77878,13.609302,10.508694,-10.83284,-7.8019805,-24.9824,-9.959452,20.213501,-8.114592
A0A1C7D1B7,-7.6100607,5.1266127,10.210469,-1.7726815,2.592865,-1.6454531,0.49831247,-7.0981865,-2.605811,-6.443677,-5.274333,-3.7854993,2.1327019,5.010666,5.612216,-8.042782,-0.60461324,0.10906419,1.6244671,5.221571,4.6252203,2.7500231,-5.665288,1.3358647,6.8168454,-0.85108596,-3.1530137,-4.8286095,-9.121098,4.787383,6.711292,-0.2316123,-2.2446957,-5.05536,-1.9906033,-7.2031784,-5.3359203,1.728956,5.2789197,-7.2893596,-4.345092,-3.666514,-6.572234,1.5258614,5.7776923,-4.782851,-1.3768082,-4.2023573,-2.7412174,2.1837287,-0.2077401,3.396389,6.2333994,0.4783008,-3.0244853,-2.330409,5.821474,6.256589,-4.2122154,-3.0270085,-10.209179,-1.5158991,7.59284,-4.8172035
P11980,-10.544059,11.8653965,15.319669,-3.5759163,7.7139015,-2.2191656,-0.7314497,-11.466366,-6.5039,-10.792959,-9.678675,-9.062112,3.0364451,12.206973,8.659138,-17.353071,-5.069141,-2.530978,1.7926098,9.918749,8.9779415,7.3632874,-13.120898,7.809041,14.017023,-0.85834426,-8.702655,-7.3855486,-16.433102,8.678752,13.548963,-5.11709,-8.028614,-7.5437803,-7.555875,-10.8198395,-8.181049,4.191892,9.391626,-14.110254,-7.8784494,-9.3956995,-16.121925,-0.8367325,13.688304,-9.595396,-2.000294,-6.2410846,-4.167276,4.598241,-1.8389183,5.7582254,11.056715,2.257539,-6.1619077,-3.7203526,9.743203,7.75766,-7.6080246,-5.9113035,-18.756388,-7.445185,15.1306,-5.844684
Q24314,-11.227469,11.0950365,15.806318,-3.0204093,6.505932,-2.4368703,-0.07983605,-11.636136,-5.593671,-11.172464,-9.442073,-8.428903,3.055101,11.20195,8.716589,-16.234514,-3.6527011,-1.5556985,1.9821247,9.268559,8.509094,6.6267,-12.18619,6.0310626,13.09314,-1.0053165,-7.3463874,-7.7726507,-15.71977,8.469054,12.780909,-3.5989144,-6.820082,-7.814458,-6.403911,-11.527122,-7.817088,3.7608716,9.14649,-13.766755,-7.624175,-8.20206,-14.519191,0.5759638,12.416824,-9.164846,-1.742511,-6.4964356,-3.9839416,4.5150523,-1.3679293,5.77985,10.671202,1.6944202,-5.466313,-3.5910542,10.108125,8.513883,-7.916026,-5.615882,-18.08218,-6.0753894,14.40537,-6.575425
P13489,-12.430988,15.392293,18.208668,-3.9974055,9.926591,-2.623161,-1.0066361,-14.007529,-8.144424,-13.62263,-11.898454,-11.839961,3.3848689,15.98932,10.19359,-21.97676,-6.9626284,-3.4623885,1.9241693,11.831035,11.111725,9.557905,-17.138884,10.8048315,17.336777,-0.7647229,-10.984915,-9.068731,-19.83184,10.721316,17.081205,-7.1566577,-10.918971,-8.8738785,-10.362487,-13.2341795,-8.893629,5.313835,11.383025,-17.936354,-9.57835,-11.885149,-20.78122,-1.4032991,17.658527,-12.165888,-1.9411998,-7.4787283,-4.508592,6.1115403,-2.5664554,7.0069942,13.351721,3.0434,-7.409743,-4.1816955,12.330532,8.771229,-9.940445,-7.304077,-22.935516,-10.536441,18.89108,-6.567866
O60826,-11.242619,10.044627,15.58857,-2.8627172,5.606736,-2.4754438,0.15426564,-11.330842,-5.0375466,-10.67746,-9.001814,-7.5689898,3.0428252,10.058874,8.629513,-14.84095,-2.874738,-1.119701,2.0439434,8.888773,8.061377,5.866267,-10.994878,4.859405,12.102189,-1.1171372,-6.625299,-7.556571,-15.154785,8.157608,11.991117,-2.6451423,-5.7813087,-7.602483,-5.3283405,-11.341193,-7.7465925,3.3963127,8.6444645,-12.932345,-7.2663956,-7.361319,-13.077334,1.0370213,11.22437,-8.6360235,-1.8810484,-6.4247627,-4.047424,4.2023253,-1.0877239,5.530327,10.277458,1.4262297,-5.236269,-3.5528183,9.64736,8.728805,-7.379247,-5.2098284,-17.182278,-4.976989,13.369578,-6.7323823
F5HF68,-14.765106,19.859451,21.907103,-5.058759,12.5757675,-3.4426565,-1.6555896,-17.351927,-10.193011,-16.692434,-15.211627,-15.219104,4.102072,20.499481,12.4032135,-27.8041,-9.620175,-5.038571,1.8088442,15.504106,14.337739,13.047298,-21.483755,14.439682,22.364204,-1.1182244,-14.654965,-11.166832,-25.092836,13.62284,21.577927,-10.103877,-14.404918,-10.897453,-13.66053,-16.391249,-10.868569,6.9271684,14.080836,-22.692385,-12.076126,-15.609589,-26.67945,-2.4617789,22.189249,-15.400895,-2.4973726,-9.098077,-5.9031997,7.762997,-3.4104583,8.951282,16.661863,3.8420937,-9.516152,-5.394342,15.155757,10.179259,-12.447034,-9.248696,-28.640884,-13.654213,23.9302,-8.131478
O55038,-8.945032,8.709358,12.854894,-2.8416321,5.454593,-1.8711259,-0.251998,-9.243618,-4.8051496,-8.669475,-7.6286306,-6.6371565,2.6375074,8.854486,7.1540704,-13.15122,-2.8921323,-1.4011402,1.8177618,7.711979,6.9207597,5.1465354,-9.661348,4.7728972,10.673172,-0.83134574,-6.063601,-6.0390334,-12.999606,6.691302,10.201425,-2.924025,-5.323479,-6.41509,-4.9661407,-8.935077,-6.935472,3.0430527,7.621794,-10.8515,-6.221864,-6.800727,-11.639451,0.13522425,10.07636,-7.2562838,-1.6612555,-5.1626015,-3.5353255,3.2928367,-1.0030317,4.6603003,8.764409,1.4079187,-4.6099944,-3.041503,7.7235556,6.976724,-5.8421936,-4.529789,-14.810881,-4.639639,11.598026,-5.2288857
O75175,-9.847636,8.560659,13.147138,-1.7682567,4.2672186,-2.2484555,0.5537563,-9.866048,-3.761965,-9.56202,-7.4149137,-6.430315,2.4134817,8.605305,7.1025887,-12.16425,-2.296159,-0.41615775,1.5767289,6.854868,6.641192,4.9546,-9.455342,3.9624808,9.832465,-0.81592274,-5.102787,-6.81416,-12.1991005,6.9446545,10.193002,-1.8497368,-4.9310217,-6.3729644,-4.6011825,-10.094384,-5.5565085,2.7630708,6.954599,-11.202477,-5.909353,-5.7038293,-10.841194,1.5320002,9.288272,-7.3458133,-1.1872517,-5.628465,-2.8846548,3.96776,-0.91784596,4.6661634,8.357401,1.0761933,-4.076895,-2.743501,8.784267,7.4475408,-6.981396,-4.3845186,-14.006092,-4.3559957,11.165738,-5.8569083
O89050,-12.963145,15.290946,18.686834,-3.7396908,9.2247,-2.9456112,-0.7265882,-14.465462,-7.71203,-13.992218,-12.1140995,-11.678044,3.4447052,15.740508,10.400147,-21.552794,-6.5628953,-3.13966,1.877141,11.991287,11.289263,9.56154,-16.74399,10.172116,17.212658,-0.93090385,-10.732344,-9.441617,-20.07736,10.981031,17.059652,-6.6654325,-10.563616,-9.120545,-9.92787,-14.010678,-8.726317,5.2093616,11.324815,-18.209219,-9.636989,-11.565398,-20.272022,-0.8268709,17.159733,-12.235026,-1.9802872,-7.7866282,-4.695789,6.2503176,-2.3688695,7.225744,13.452914,2.721658,-7.364507,-4.296069,12.658933,9.289841,-10.198155,-7.227778,-22.926327,-9.945676,18.747606,-7.194652
P0A894,-9.691813,10.644949,14.108385,-3.2658954,6.898153,-2.0146525,-0.57827866,-10.42129,-5.8425937,-9.864362,-8.759482,-8.115635,2.8280323,10.867905,7.8860054,-15.700076,-4.2823534,-2.0973191,1.7694677,8.965009,8.087275,6.5415277,-11.718581,6.683532,12.751582,-0.78030735,-7.6195827,-6.778949,-14.835756,7.761084,12.039243,-4.4069977,-7.0495057,-7.098891,-6.636651,-9.946968,-7.6045117,3.7283769,8.697504,-12.708375,-7.1888423,-8.387297,-14.310381,-0.5042387,12.237845,-8.50086,-1.779821,-5.7097745,-3.821815,4.0305066,-1.5157411,5.3045416,10.027838,1.8364931,-5.4463334,-3.4114287,8.874815,7.2424903,-6.8976927,-5.3633237,-17.037354,-6.357787,13.698881,-5.4979057
P48570,-19.051819,25.723457,29.071335,-7.1366377,16.827929,-4.296288,-2.497304,-22.392757,-14.114972,-21.617306,-20.121817,-19.848988,5.5228863,26.768814,16.487677,-36.551064,-12.488676,-7.171757,2.845861,20.506409,18.884907,16.282192,-28.186525,19.09329,28.766773,-1.4359361,-19.468046,-13.8634815,-33.749847,17.721844,28.244738,-13.3631315,-18.74448,-13.96203,-17.501799,-21.062395,-14.6983795,9.109896,18.810444,-29.776457,-15.834936,-20.603321,-34.88749,-4.072182,29.662779,-20.376194,-3.6503782,-11.729185,-8.168914,9.807218,-4.452216,11.524649,22.292377,5.2171497,-12.786438,-7.1069417,19.006123,13.582885,-15.113144,-11.747173,-38.135822,-17.948942,30.929733,-9.904835
P10503,-12.343508,16.222874,18.490269,-4.1878004,10.293371,-2.8587608,-1.2202258,-14.301929,-8.486536,-14.021871,-12.60023,-12.485124,3.5618768,16.740358,10.253892,-22.917004,-7.457372,-3.9178278,1.7992358,12.566244,11.7478075,10.376542,-17.646885,11.454718,18.235813,-0.91009325,-11.703991,-9.174904,-20.791842,11.017035,17.518072,-7.991682,-11.592789,-9.254598,-10.9398155,-13.718098,-9.07248,5.680504,11.962896,-18.811413,-9.923167,-12.62639,-21.585453,-1.813312,18.302448,-12.555943,-2.004371,-7.5694013,-4.93392,6.2155514,-2.607201,7.477322,13.819026,2.8932025,-7.6289096,-4.469972,12.429866,8.821804,-10.098816,-7.5647783,-23.79594,-10.784464,19.629156,-6.7285795
O70435,-20.09221,22.708086,28.533342,-5.1746254,13.27209,-4.4757657,-0.6042006,-21.830519,-10.953903,-21.499197,-18.095253,-17.33339,5.0701613,23.095316,15.777188,-32.01675,-8.82594,-4.081154,2.8825061,17.537062,16.471628,13.945713,-24.79745,14.121995,25.321531,-1.5695509,-15.148453,-14.532886,-29.508512,16.486357,25.24412,-8.946469,-15.101329,-13.810864,-14.268256,-21.653929,-12.948369,7.577919,16.835337,-27.17621,-14.409253,-16.546133,-29.676292,-0.041203815,25.043707,-18.265171,-2.6735134,-11.884457,-6.7110972,9.544885,-3.4337966,10.793994,20.000128,3.8539326,-10.4403925,-6.3031654,19.609804,14.416435,-15.920758,-10.745706,-34.199955,-14.280522,27.944654,-11.294341
C3VPR6,-15.569499,18.933437,22.960436,-4.9395323,11.969464,-3.37848,-1.1043311,-17.32862,-9.908669,-17.088549,-14.979972,-14.585134,4.328377,19.455545,12.7254715,-27.146431,-7.941977,-4.138558,2.515281,14.737891,13.709462,11.663227,-20.843603,12.618073,21.325575,-1.1834064,-13.226741,-11.230851,-24.720724,13.198916,20.786934,-8.430833,-13.022392,-11.254067,-12.307792,-16.78562,-11.247688,6.543648,14.35031,-22.263231,-11.908219,-14.453259,-25.172297,-1.3085219,21.48121,-14.973561,-2.394138,-9.318536,-5.8164344,7.399733,-2.9531524,8.842729,16.620169,3.4233215,-8.8816,-5.2971306,15.234328,11.29576,-12.236126,-8.950709,-28.597921,-12.269467,23.292875,-8.445292
P01097,-9.7388315,10.486901,14.140094,-3.0811272,6.6500645,-2.046615,-0.47151226,-10.443932,-5.7354,-9.9769945,-8.715915,-8.049102,2.785357,10.8404255,7.8685284,-15.438766,-4.0636163,-2.0140996,1.8396256,8.666808,8.021649,6.2478456,-11.750513,6.5513535,12.261543,-0.7454842,-7.390096,-6.7462816,-14.768724,7.723365,12.064611,-4.1301336,-6.918561,-6.907227,-6.4790044,-9.983986,-7.1904955,3.645527,8.5379505,-12.787591,-7.021332,-8.133114,-14.108209,-0.4116802,12.208431,-8.614669,-1.6848915,-5.7206764,-3.7069237,4.078324,-1.4478195,5.214594,9.921203,1.906493,-5.3502545,-3.2527122,8.87547,7.3471985,-6.8654037,-5.1908803,-16.86839,-6.4104514,13.4168215,-5.3773
P09038,-10.581447,11.469599,15.313637,-3.4744227,7.3187037,-2.2481627,-0.58881193,-11.348262,-6.2348127,-10.704813,-9.540648,-8.757173,3.0514941,11.747859,8.611303,-16.864393,-4.582518,-2.2856464,1.8678617,9.704758,8.77147,7.041315,-12.662226,7.186937,13.6175785,-0.91977835,-8.265782,-7.3463154,-16.157476,8.498612,13.15874,-4.6388416,-7.5468135,-7.5537763,-7.086294,-10.828683,-8.1317215,4.034218,9.277204,-13.81777,-7.736999,-9.003626,-15.470756,-0.50941193,13.181101,-9.357541,-1.9688574,-6.2201886,-4.1686234,4.440221,-1.6574798,5.7094054,10.868988,2.0818288,-5.9383435,-3.6835392,9.622981,7.9163594,-7.473473,-5.753191,-18.428474,-6.898099,14.7511015,-5.973439
O14187,-11.199035,9.408872,15.152343,-2.308524,4.8775764,-2.4481452,0.55961716,-11.014331,-4.3539205,-10.616067,-8.41992,-7.0687523,2.85382,9.3374,8.233136,-13.791366,-2.1739957,-0.47259817,2.0104446,7.9657555,7.4194274,5.3231187,-10.352267,3.9671423,11.167104,-1.0402408,-5.6140895,-7.572536,-13.936188,7.735228,11.231815,-1.8198158,-5.135519,-7.400263,-4.775394,-11.294452,-6.990459,3.0567744,8.111277,-12.336297,-6.8081455,-6.4178505,-11.937287,1.8111143,10.291724,-8.110445,-1.5143753,-6.3285003,-3.5236433,4.165839,-0.90358037,5.2803717,9.586744,1.1353335,-4.589953,-3.2362568,9.697574,8.661645,-7.5457807,-4.924619,-16.071833,-4.388371,12.5814085,-6.7573433
P01315,-14.476945,18.020151,21.338594,-4.7762766,11.421499,-3.2044897,-1.2491696,-16.39436,-9.439018,-15.846204,-14.151974,-13.81451,4.0209923,18.54671,11.974432,-25.65656,-8.07222,-4.189711,2.1551862,14.270968,13.17242,11.392008,-19.693504,12.430627,20.472065,-1.0882143,-12.994338,-10.573016,-23.50561,12.631105,19.845104,-8.455111,-12.647925,-10.511336,-11.93609,-15.665511,-10.641786,6.2480483,13.400153,-21.007936,-11.320558,-14.014696,-24.133812,-1.6534984,20.382233,-14.199316,-2.4190538,-8.746318,-5.611398,7.0492296,-2.9176712,8.3551445,15.734478,3.3637297,-8.719582,-5.0835366,14.27258,10.328023,-11.480239,-8.5185175,-26.94924,-11.920768,22.09224,-7.939454
P21980,-11.624774,13.0117035,16.955938,-3.7151136,8.172663,-2.4882584,-0.6459937,-12.603091,-6.9035344,-12.118077,-10.668256,-9.959837,3.3012073,13.290153,9.430737,-19.001757,-5.0683985,-2.5739014,2.0623736,10.704179,9.780406,7.9679804,-14.29555,8.091629,15.227411,-0.95493084,-9.082129,-8.228426,-17.815498,9.40618,14.581823,-5.320148,-8.598362,-8.454018,-8.103619,-12.17688,-8.709359,4.485441,10.404056,-15.563726,-8.619081,-10.058614,-17.311518,-0.48790646,14.795053,-10.420045,-1.9427397,-6.865469,-4.474864,4.9943075,-1.8089368,6.420534,11.992469,2.2315557,-6.3948994,-3.974132,10.867728,8.662459,-8.547629,-6.384969,-20.49152,-7.8580165,16.49485,-6.6088185
O60241,-12.7648945,14.235263,18.541964,-3.6817417,8.297329,-2.9416518,-0.5054936,-13.94473,-7.0780473,-13.530466,-11.761522,-10.851359,3.519514,14.397374,10.1790905,-20.428684,-5.1775193,-2.6026134,2.1482797,11.656027,10.77014,8.810621,-15.317503,8.375386,16.47897,-1.1013256,-9.553803,-9.228273,-19.302769,10.316686,15.682404,-5.582341,-9.239246,-9.376596,-8.661754,-13.851163,-8.938925,4.7662144,11.264627,-17.206894,-9.371892,-10.715399,-18.422947,-0.053079367,15.704442,-11.314644,-1.8954061,-7.582307,-4.85792,5.5332656,-1.748517,7.1948195,12.918573,2.0807304,-6.6903124,-4.2709184,12.116282,9.569842,-9.641272,-6.8251963,-22.09504,-8.212853,17.79533,-7.609103
O00175,-9.74022,8.556745,13.770911,-2.8871162,5.167774,-2.0156925,-0.021137651,-9.720224,-4.694837,-9.05094,-7.84377,-6.4810443,2.8127773,8.60035,7.661287,-13.11535,-2.3527677,-1.0696377,2.0495794,7.908857,7.010856,4.87157,-9.496289,4.083112,10.680731,-0.9795168,-5.8033347,-6.3913703,-13.432809,6.941021,10.314315,-2.2646632,-4.8408422,-6.785041,-4.4579616,-9.550483,-7.420704,2.9592805,7.8408136,-11.01212,-6.4291353,-6.5630803,-11.34788,0.6861128,9.886098,-7.3758416,-1.8234249,-5.5263553,-3.7665093,3.3212082,-0.8529449,4.809987,9.108828,1.2822624,-4.6709127,-3.206257,8.0775585,7.7422595,-5.9895625,-4.5651674,-15.257676,-4.0928235,11.699994,-5.7958302
P16860,-13.09822,15.549303,19.184687,-4.234933,9.619007,-3.0069084,-0.9806896,-14.664425,-8.1513405,-13.986935,-12.593142,-11.89388,3.6926513,16.000526,10.785723,-22.186031,-6.7557483,-3.527295,1.9931165,12.722222,11.707598,9.804187,-16.945896,10.415653,17.802834,-1.1115159,-11.324599,-9.393464,-21.065315,11.226264,17.448378,-6.9883933,-10.697576,-9.375177,-9.998063,-14.075812,-9.565431,5.428933,11.798365,-18.517912,-9.974954,-12.128859,-20.798115,-1.2487509,17.599133,-12.535929,-2.3428457,-7.8798823,-5.2512813,6.1236005,-2.3898795,7.4442105,14.000635,2.8395467,-7.7859726,-4.6210346,12.497807,9.572353,-9.911086,-7.4055195,-23.79811,-9.933156,19.238903,-7.323665
Q63HR2,-15.087815,20.228888,22.06192,-4.571601,12.0044775,-3.7895977,-1.4423745,-17.950178,-9.854211,-17.234959,-15.4131365,-15.350032,3.963466,20.762592,12.376282,-27.53523,-9.953857,-4.8989954,1.5128387,15.699634,14.751224,13.464254,-21.473639,14.63854,22.491602,-1.0519737,-14.787094,-11.624395,-25.309422,14.078126,21.819044,-10.302033,-14.792918,-11.0110445,-13.864587,-17.353895,-10.035279,6.9019895,13.899297,-23.375916,-12.162552,-15.554497,-26.66165,-2.199533,22.105673,-15.601871,-2.3999734,-9.410784,-5.8635936,8.246478,-3.4188473,9.202295,16.758244,3.4946313,-9.617295,-5.4116693,15.706906,10.282347,-12.992173,-9.20133,-28.520658,-13.798493,23.892582,-8.55231
O08838,-9.480982,10.695184,13.93977,-3.2524173,6.849287,-2.0606077,-0.62008804,-10.311406,-5.7793317,-9.825549,-8.84394,-8.190177,2.842491,10.910695,7.7605643,-15.747859,-4.208916,-2.176338,1.7240688,8.981982,8.114066,6.675684,-11.6881075,6.6447253,12.76744,-0.84719664,-7.604023,-6.7166924,-14.815662,7.664984,11.94737,-4.4817133,-7.0508857,-7.1086984,-6.6660886,-9.881549,-7.5079474,3.761865,8.728619,-12.733701,-7.1429152,-8.442952,-14.280342,-0.53725904,12.170304,-8.485351,-1.7046556,-5.615724,-3.8737993,3.9436867,-1.43782,5.372186,9.925601,1.7939831,-5.329708,-3.403577,8.763905,7.147569,-6.8720703,-5.349777,-16.985386,-6.273176,13.706416,-5.4948354
P38398,-11.597045,12.315,16.810764,-3.6751835,7.741213,-2.4547849,-0.51024604,-12.301038,-6.6459985,-11.768262,-10.3524685,-9.419409,3.3270056,12.552158,9.359773,-18.176762,-4.5667415,-2.305712,2.1472042,10.374838,9.405569,7.4020553,-13.591091,7.3794765,14.55071,-1.0246235,-8.619018,-7.995528,-17.425854,9.129563,14.053816,-4.710381,-7.919396,-8.285128,-7.416071,-11.929864,-8.769815,4.289036,10.132484,-14.974252,-8.360179,-9.511898,-16.424541,-0.25513044,14.116019,-10.064427,-2.0440724,-6.7792835,-4.4904985,4.7568154,-1.6716236,6.2113886,11.75135,2.099597,-6.225673,-3.9522505,10.49164,8.796525,-8.123785,-6.14626,-19.963854,-7.1707783,15.8526535,-6.575413
P23219,-16.63525,21.220121,24.10495,-4.6786604,12.628623,-3.9748864,-1.2032142,-19.217571,-10.390008,-18.781563,-16.336292,-16.248922,4.2740726,21.962044,13.452379,-29.226048,-9.785604,-4.802992,1.9739377,16.033262,15.333357,13.562072,-23.119793,14.965929,23.15345,-1.1390405,-15.046719,-12.475225,-26.774887,14.895834,23.338364,-9.998285,-15.196594,-11.606416,-14.302311,-18.599644,-10.568065,7.219037,14.770578,-24.922249,-12.766344,-15.956167,-28.102688,-1.7636268,23.574347,-16.843252,-2.3781,-10.17476,-5.9509087,8.842211,-3.5536146,9.606365,17.808237,3.9542933,-9.928987,-5.5208955,17.009432,11.528265,-13.998337,-9.676087,-30.471355,-14.605243,25.273453,-9.035262
P00549,-12.466289,13.21884,17.768373,-3.352233,7.641373,-2.8959947,-0.3189717,-13.401929,-6.715326,-12.901257,-11.090326,-10.083499,3.373565,13.571582,9.829369,-18.823586,-5.055712,-2.376441,2.001249,10.803144,10.167324,7.9653263,-14.532812,8.076945,14.958327,-1.0639352,-9.188502,-8.670303,-18.571644,9.996395,15.24436,-4.982969,-8.647728,-8.468924,-7.969658,-13.225861,-8.210349,4.5444283,10.315367,-16.467573,-8.677777,-9.842457,-17.394001,-0.1500139,14.948465,-11.060485,-2.038591,-7.367299,-4.591895,5.525943,-1.8435854,6.606749,12.395488,2.196285,-6.6304746,-4.0493603,11.438036,9.36767,-8.959763,-6.3416033,-20.874409,-7.9512553,16.531937,-6.9832454
P42684,-11.834699,13.606011,17.188509,-3.5827203,8.225649,-2.6945531,-0.64139175,-13.06017,-6.942454,-12.58056,-11.038928,-10.380938,3.2892845,13.885602,9.528312,-19.453869,-5.4923286,-2.712157,1.8825498,11.031846,10.204936,8.513684,-14.766331,8.606691,15.688076,-0.9663535,-9.490624,-8.548449,-18.295156,9.800684,15.108608,-5.735954,-9.136014,-8.592302,-8.579589,-12.732104,-8.42837,4.655165,10.520823,-16.272598,-8.814088,-10.397782,-17.921299,-0.5430719,15.211124,-10.827254,-1.8963522,-7.071342,-4.5272574,5.3472776,-1.9134458,6.6720576,12.245157,2.2296064,-6.5777183,-4.0454807,11.301442,8.711061,-9.012289,-6.546601,-20.887457,-8.310834,16.946138,-6.8141394
P07250,-16.256355,20.025919,23.533575,-4.613604,12.138827,-3.7183497,-0.9901813,-18.319788,-9.961134,-18.06825,-15.56345,-15.365998,4.265151,20.629894,13.047406,-27.994087,-8.765245,-4.2565556,2.1850114,15.149105,14.383765,12.56311,-21.943108,13.648644,22.06111,-1.1635635,-13.941012,-11.965804,-25.501501,14.0500145,22.030207,-8.999518,-14.01848,-11.394428,-13.242313,-17.834326,-10.692513,6.847449,14.415745,-23.586033,-12.246735,-14.964501,-26.48978,-1.2658213,22.367174,-15.888085,-2.295359,-9.812186,-5.714674,8.248841,-3.2795613,9.187057,17.107527,3.640897,-9.274847,-5.355565,16.300951,11.468451,-13.334082,-9.31466,-29.345573,-13.377844,24.212496,-8.80392
P01593,-21.733864,29.23491,32.03763,-6.612446,17.674788,-5.1796913,-2.0069823,-25.527235,-14.225513,-25.106577,-22.217705,-22.379642,5.6808167,29.94641,17.874353,-40.391724,-13.473754,-6.9460363,2.5115747,22.160946,20.783747,19.071533,-31.352032,20.559694,32.27363,-1.5808512,-20.605217,-16.716276,-35.95001,19.931051,31.196957,-14.364805,-20.969345,-15.971155,-19.896091,-24.79462,-14.710971,9.893122,20.355064,-33.500175,-17.533623,-22.218998,-38.46008,-2.6560764,31.993439,-22.466915,-3.0205808,-13.387711,-8.09815,11.68816,-4.823318,13.171656,23.962494,5.204038,-13.19809,-7.5347347,22.859802,14.888622,-19.028297,-13.294546,-41.376564,-19.857323,34.707863,-12.203517
Q01217,-13.206411,14.16335,18.989058,-3.6662643,8.476928,-2.8543756,-0.3711545,-14.110367,-7.2704744,-13.787592,-11.693548,-10.848988,3.554212,14.485832,10.440973,-20.497873,-5.1231904,-2.4573777,2.341942,11.349782,10.634704,8.380869,-15.685895,8.458094,16.151098,-1.0192482,-9.476356,-9.26776,-19.415562,10.423111,16.020405,-5.2635946,-9.18787,-9.230211,-8.598091,-13.908068,-8.988202,4.7729535,11.25491,-17.338856,-9.338641,-10.520698,-18.602055,0.015209103,16.066736,-11.574648,-1.9445732,-7.74632,-4.6807055,5.719983,-1.8982912,7.0194235,13.107658,2.33993,-6.792356,-4.189934,12.317822,9.888963,-9.695706,-6.8325334,-22.343504,-8.5159855,17.82082,-7.4043093
P21860,-10.09676,9.758444,14.512864,-3.35763,6.3047,-2.018986,-0.36371642,-10.355684,-5.5227423,-9.610871,-8.558807,-7.4210415,2.967546,9.892315,8.17238,-14.879531,-3.320541,-1.6652665,2.0649345,8.82043,7.7551503,5.747779,-10.844601,5.4163017,12.104325,-0.9573747,-6.9450707,-6.7311563,-14.697677,7.5821543,11.522295,-3.3203595,-5.9547157,-7.182075,-5.557102,-9.921153,-8.133976,3.4313595,8.585325,-12.058954,-7.083375,-7.7362156,-13.200137,0.05509792,11.376805,-8.168673,-1.9989226,-5.794879,-4.0379157,3.6764174,-1.2128824,5.1724157,9.9662,1.6907293,-5.313401,-3.4798496,8.632793,7.8320284,-6.4673777,-5.1283236,-16.789852,-5.2597632,13.107092,-5.850997
P24278,-13.694899,17.18807,19.986229,-4.4823213,10.789732,-3.0985324,-1.2438309,-15.666248,-8.837563,-14.901206,-13.410097,-13.137635,3.7304075,17.739555,11.35111,-24.281183,-7.9844923,-4.0691013,1.8254696,13.679011,12.61359,11.11485,-18.734451,12.074147,19.569849,-1.0447943,-12.585673,-10.143141,-22.284056,12.154804,19.08313,-8.199089,-12.188469,-9.83955,-11.546297,-14.78785,-9.951983,5.951258,12.456372,-19.932055,-10.743248,-13.454394,-23.165798,-1.6753525,19.303127,-13.597155,-2.3340423,-8.308788,-5.306604,6.8287897,-2.859387,7.914296,14.860008,3.3702571,-8.450253,-4.8207994,13.63186,9.577652,-11.056832,-8.148389,-25.415333,-11.594662,21.046438,-7.6118293
B9PW35,-11.24448,12.338251,16.486729,-3.837525,7.8107176,-2.4361126,-0.7097743,-12.138333,-6.6879907,-11.44446,-10.378607,-9.415956,3.315146,12.538162,9.251371,-18.219173,-4.74969,-2.542596,2.052197,10.659972,9.515007,7.6434417,-13.428749,7.5135818,14.804797,-1.0590111,-8.847833,-7.8602943,-17.472288,9.076309,13.94412,-5.031276,-8.014426,-8.290051,-7.513433,-11.674904,-8.923044,4.314415,10.142622,-14.8132305,-8.4081545,-9.775485,-16.485592,-0.5354152,14.036944,-9.948885,-2.1203299,-6.6280756,-4.6616845,4.593435,-1.6407602,6.2551565,11.701843,2.088946,-6.3152633,-4.024064,10.228992,8.522992,-7.919791,-6.154582,-19.899742,-7.1375,15.869867,-6.5672617
P46937,-11.929697,13.09239,17.419281,-3.8089359,8.395492,-2.4511,-0.59275544,-12.737066,-7.113558,-12.380876,-10.783112,-10.072109,3.4069798,13.420475,9.651569,-19.319788,-4.9452906,-2.5216126,2.256723,10.658141,9.776747,7.7843943,-14.595428,8.083924,15.240021,-0.9558857,-9.055509,-8.280031,-18.071428,9.462611,14.782072,-5.172294,-8.573801,-8.555993,-8.081119,-12.3087,-8.961461,4.545872,10.643228,-15.761187,-8.703979,-10.0577755,-17.500162,-0.42919886,15.119243,-10.593508,-1.9724212,-6.9859123,-4.4811916,5.0345674,-1.8461258,6.433047,12.223673,2.318094,-6.4250355,-3.9990048,11.009565,8.97259,-8.590978,-6.458394,-20.911837,-7.9317827,16.702164,-6.5739174
P14540,-11.65132,13.87574,17.10338,-3.5188692,8.467609,-2.6403184,-0.68572843,-12.998078,-7.110848,-12.758379,-11.08967,-10.656456,3.2494366,14.252475,9.388749,-19.793531,-5.640035,-2.8326411,1.9106579,10.864515,10.232434,8.583531,-15.188779,8.976714,15.706485,-0.86053026,-9.542677,-8.487172,-18.274876,9.733068,15.225081,-6.002129,-9.462977,-8.530428,-8.910673,-12.683209,-8.128077,4.737148,10.633174,-16.530857,-8.777577,-10.524996,-18.240969,-0.71288383,15.619493,-10.951209,-1.7144032,-6.997262,-4.3637886,5.414685,-1.9653184,6.6782446,12.218018,2.297949,-6.485414,-3.9216995,11.347105,8.559258,-9.108677,-6.5623016,-20.990234,-8.71922,17.079334,-6.5376954
P05064,-13.151082,14.271594,18.970087,-3.6194532,8.559805,-2.8267896,-0.31903505,-14.017192,-7.231009,-13.906817,-11.685745,-10.950112,3.566857,14.506088,10.32203,-20.683542,-4.975986,-2.351826,2.365913,11.225184,10.528993,8.460172,-15.736474,8.3349495,16.277718,-1.0174675,-9.285983,-9.315361,-19.186703,10.279199,15.834687,-5.258928,-9.185844,-9.395604,-8.663781,-13.952084,-8.99281,4.7900925,11.406304,-17.330946,-9.34377,-10.484118,-18.559727,0.20025878,16.042238,-11.436359,-1.7771946,-7.707222,-4.5736575,5.6719017,-1.8529731,7.0886035,13.014577,2.1978636,-6.5487766,-4.167339,12.411945,9.858648,-9.867902,-6.904814,-22.342344,-8.3961935,17.951582,-7.448297
P06681,-14.321732,18.128706,21.091442,-4.6692476,11.1659155,-3.3670974,-1.304965,-16.49394,-9.266314,-15.786566,-14.277224,-13.858389,3.9604957,18.653193,11.884529,-25.501123,-8.286364,-4.337249,1.9322681,14.499624,13.401978,11.721853,-19.583935,12.588102,20.549023,-1.1485016,-13.215437,-10.623014,-23.64072,12.774283,19.94311,-8.679877,-12.807169,-10.435929,-12.047804,-15.779834,-10.326628,6.268487,13.223277,-21.16389,-11.310183,-14.148729,-24.179558,-1.7686026,20.247044,-14.299886,-2.4367907,-8.737616,-5.7296753,7.131018,-2.8918576,8.452986,15.677645,3.3331227,-8.820971,-5.1118827,14.248167,10.165995,-11.527739,-8.476286,-26.794239,-11.983697,22.039337,-8.065065
O32504,-9.582812,10.103246,13.644508,-2.8706799,6.0586624,-2.2171376,-0.34785482,-10.262277,-5.2254825,-9.645089,-8.535624,-7.672523,2.7448719,10.302923,7.626249,-14.596324,-3.9512112,-1.8285875,1.5324588,8.591893,7.8482757,6.335384,-10.993968,6.114771,11.94242,-0.91821367,-7.232408,-6.6919937,-14.369807,7.634313,11.660141,-3.8940687,-6.545914,-6.757136,-6.1062813,-9.954964,-6.9568505,3.5607452,8.088221,-12.39861,-6.790356,-7.78107,-13.434194,-0.18162267,11.3602,-8.324113,-1.7506065,-5.6550565,-3.7619002,4.045339,-1.3878928,5.1733575,9.594137,1.6702737,-5.2249084,-3.3262274,8.6551285,7.2132683,-6.780663,-5.078005,-16.170973,-5.8101163,12.963191,-5.582129
Q9JHG7,-7.384462,5.9422264,10.2587595,-1.9159524,3.491462,-1.4718056,0.2752629,-7.1172333,-3.1723912,-6.8012137,-5.50424,-4.5105186,2.113616,5.947971,5.5407476,-9.268959,-1.1439551,-0.25461453,1.6953093,5.2833624,4.8326135,3.1869237,-6.737558,2.3114355,7.497032,-0.6556753,-3.5699506,-4.84933,-9.338682,4.813998,7.1728387,-1.0327966,-3.1055336,-5.1826887,-2.9110417,-7.1156006,-5.3199224,1.9964895,5.76593,-7.8491073,-4.557279,-4.3058634,-7.701455,1.0835916,6.8706408,-5.0870447,-1.13114,-4.1248927,-2.538877,2.3217742,-0.41063827,3.5155785,6.432288,0.7043599,-3.0457778,-2.2396328,6.077548,5.955632,-4.54503,-3.3061733,-10.864125,-2.4917264,8.35962,-4.4333153
O75525,-16.566183,21.326088,24.687826,-5.8524947,14.055325,-3.505091,-1.790579,-18.957457,-11.604924,-18.284258,-16.52144,-16.403028,4.617213,22.137726,13.9966135,-30.46868,-10.1437845,-5.42547,2.4993865,16.795794,15.472064,13.367409,-23.578178,15.5175905,24.06286,-1.1206936,-15.816329,-12.000997,-27.733091,14.841559,23.612188,-10.561766,-15.361501,-11.894954,-14.47268,-17.785006,-12.542828,7.4767356,15.66732,-24.62944,-13.278237,-16.85184,-29.015291,-2.7384512,24.59588,-16.872593,-2.9678328,-10.045192,-6.50588,8.327643,-3.752836,9.54976,18.583677,4.3771715,-10.559499,-5.893515,16.42819,11.655223,-13.125531,-9.995051,-31.792984,-14.847236,26.002464,-8.612795
Q9NPI8,-12.097097,13.405608,17.191727,-3.3527343,8.068066,-2.6359,-0.41496038,-13.083135,-6.6728964,-12.668877,-10.760235,-10.226528,3.196527,13.690802,9.53397,-19.1904,-5.2247243,-2.3477411,1.8883054,10.586258,9.880917,8.278945,-14.740067,8.293609,15.376905,-0.9189998,-9.067421,-8.727772,-17.747044,9.74704,15.049424,-5.2574644,-8.885466,-8.507896,-8.442525,-12.736822,-8.243355,4.522271,10.261747,-16.036888,-8.681811,-10.002289,-17.706194,-0.08111918,14.96017,-10.747276,-1.7362745,-7.1367435,-4.18038,5.468619,-1.9381272,6.5135636,12.017424,2.3074255,-6.365825,-3.8848019,11.595926,8.764541,-9.3376045,-6.546556,-20.55611,-8.288413,16.831175,-6.888418
P0AAW9,-11.558239,10.587492,16.352509,-3.0117168,6.3373995,-2.2660773,0.20515326,-11.464004,-5.4788613,-11.365641,-9.212679,-8.10453,3.1663637,10.577711,8.814993,-16.072996,-2.5386248,-0.99380547,2.4940066,8.731101,8.020565,5.801239,-11.864398,4.8769903,12.641525,-0.97488093,-6.3298798,-7.7963533,-15.230283,8.034306,12.105923,-2.6491373,-6.0046844,-8.160618,-5.6865664,-11.59931,-8.16795,3.4981318,9.460429,-13.345623,-7.5620317,-7.5614,-13.629273,1.3226646,12.029337,-8.718096,-1.5401486,-6.525482,-3.8221185,4.159915,-1.041552,5.719364,10.540211,1.399275,-4.9110947,-3.4715858,10.1656685,9.048448,-7.8426805,-5.4862976,-18.045296,-5.234352,14.129749,-6.732256
O00291,-11.767929,12.916004,16.824333,-3.4384186,7.8598742,-2.5938976,-0.4750164,-12.70695,-6.637395,-12.165446,-10.549472,-9.841191,3.1992512,13.216817,9.373577,-18.535732,-5.2019386,-2.4234908,1.8647552,10.52771,9.704298,7.972682,-14.183942,8.126725,14.917213,-0.96393925,-9.072415,-8.30534,-17.645824,9.553486,14.680894,-5.1845007,-8.584889,-8.220501,-8.042493,-12.329494,-8.27421,4.454955,10.004844,-15.598648,-8.473023,-9.79392,-17.170853,-0.34423208,14.580637,-10.510372,-1.9530804,-6.957378,-4.322562,5.2569804,-1.9143369,6.304466,11.881881,2.2520127,-6.4312377,-3.9090955,11.013852,8.62846,-8.71447,-6.319144,-20.146025,-7.9404073,16.26011,-6.620772
O95166,-11.826139,13.128784,17.27609,-3.7685995,8.406322,-2.392094,-0.61184514,-12.697242,-7.0566974,-12.337274,-10.684434,-10.078184,3.3253133,13.421938,9.562452,-19.353834,-4.95317,-2.4946668,2.2424102,10.630817,9.746301,7.8512187,-14.584155,8.080378,15.35437,-0.8775378,-8.964481,-8.336542,-17.831852,9.40601,14.66712,-5.240407,-8.634554,-8.609348,-8.180312,-12.259222,-8.880601,4.481586,10.62679,-15.655624,-8.725827,-10.082534,-17.486736,-0.36806458,15.065947,-10.461992,-1.8618587,-6.9355407,-4.372141,5.006867,-1.8127875,6.434181,12.103216,2.2765315,-6.3411202,-3.930104,11.083117,8.810831,-8.701481,-6.4633584,-20.771013,-7.985601,16.711388,-6.61447
A0A0H3LCC3,-14.242706,16.868898,20.381237,-3.7772284,10.019263,-3.2170155,-0.6027734,-15.817151,-8.218221,-15.61456,-13.1610565,-12.908082,3.658925,17.311182,11.218671,-23.630074,-7.0012994,-3.1997166,2.0001075,12.72096,12.147144,10.48855,-18.497046,11.025249,18.701588,-0.96884507,-11.387898,-10.496298,-21.487436,11.936714,18.580482,-7.136507,-11.589274,-9.979965,-10.98062,-15.512856,-9.109229,5.6649117,12.312156,-20.008585,-10.446075,-12.410396,-22.135145,-0.5081949,18.72309,-13.361141,-1.8418173,-8.53032,-4.772346,7.005983,-2.6062698,7.891968,14.496265,2.9063694,-7.7007613,-4.523717,14.195481,10.101453,-11.616852,-7.929062,-24.880568,-10.981557,20.552559,-7.886719
P12960,-10.158014,10.999173,14.712609,-3.2183325,6.924144,-2.1710467,-0.4597818,-10.849225,-5.858289,-10.409103,-9.126327,-8.415252,2.9351757,11.213092,8.160737,-16.173424,-4.1463165,-2.0225546,1.8395168,9.1243105,8.315413,6.7195764,-12.1116295,6.645213,13.014374,-0.8761672,-7.6448236,-7.1168394,-15.276572,8.018004,12.424086,-4.296837,-7.135961,-7.3769975,-6.7386856,-10.493273,-7.6764655,3.8309522,8.975486,-13.254465,-7.376675,-8.485315,-14.63881,-0.2356556,12.521969,-8.850524,-1.7225263,-5.9619136,-3.8974228,4.214974,-1.4864051,5.533487,10.303095,1.8405765,-5.4492316,-3.4793265,9.323773,7.648321,-7.3097296,-5.516179,-17.584686,-6.4221783,14.136152,-5.813004
P11836,-12.152143,13.384304,17.497927,-3.7479413,8.384574,-2.5498667,-0.6124358,-13.113111,-7.061138,-12.510791,-10.893341,-10.208863,3.3257093,13.700007,9.799715,-19.464895,-5.3446517,-2.5850222,2.0700197,10.978817,10.051394,8.172084,-14.780263,8.430248,15.627141,-0.9320185,-9.387292,-8.583599,-18.282164,9.830492,15.186151,-5.414434,-8.898532,-8.603394,-8.38574,-12.599639,-8.8833275,4.5807757,10.538354,-16.019468,-8.881647,-10.297358,-17.917624,-0.4411106,15.250183,-10.813823,-2.0282595,-7.1552596,-4.494883,5.307403,-1.9638547,6.5273356,12.366726,2.4114435,-6.6920877,-4.05317,11.368767,8.918755,-8.946594,-6.584497,-21.034307,-8.291984,16.971493,-6.828863
P62256,-10.6730995,10.763363,14.761053,-2.5547357,6.0671263,-2.3962948,0.015658945,-11.211685,-5.121868,-10.786739,-8.903174,-8.150827,2.749495,10.92318,8.128283,-15.349164,-3.7830353,-1.4167535,1.6477526,8.626572,8.125861,6.5680327,-11.8111,6.0768576,12.422405,-0.865235,-7.044505,-7.5826254,-14.69418,8.18405,12.3745575,-3.5767953,-6.806431,-7.2708697,-6.4287868,-11.104729,-6.8110557,3.5886197,8.406541,-13.297638,-7.1548343,-7.771236,-14.030027,0.61706865,11.857914,-8.848787,-1.4779769,-6.2236032,-3.510417,4.6010275,-1.4156369,5.4796543,9.975382,1.6771419,-5.1747622,-3.2801704,9.913997,7.864039,-7.9436,-5.3730173,-16.905554,-6.2060213,13.729371,-6.2397594
P04075,-11.268222,12.881237,16.39756,-3.6711905,8.057935,-2.5034053,-0.7558615,-12.412961,-6.831301,-11.738377,-10.520165,-9.827732,3.20067,13.218862,9.223531,-18.596617,-5.43656,-2.7544467,1.8245758,10.71388,9.778215,8.077195,-14.082023,8.392524,15.045109,-0.9453129,-9.337148,-8.015351,-17.69288,9.398284,14.562913,-5.5732656,-8.718529,-8.106364,-8.173666,-11.864247,-8.4289875,4.4920692,10.036205,-15.377837,-8.456266,-10.095883,-17.278898,-0.8282425,14.634617,-10.384779,-2.044383,-6.7195125,-4.482591,5.0239644,-1.9124818,6.2854915,11.824582,2.3215938,-6.5476413,-3.9580843,10.563018,8.293696,-8.315094,-6.285505,-20.07522,-8.016204,16.209303,-6.385016
P13001,-10.403095,13.506136,15.688417,-3.593356,9.038063,-2.19175,-0.99233246,-11.841469,-7.4778323,-11.863607,-10.410196,-10.523855,3.0627317,14.179207,8.622613,-19.424955,-6.172981,-3.22248,1.8138325,10.031946,9.613574,8.199978,-15.255886,9.781715,14.93191,-0.5996939,-9.662728,-7.496516,-17.373138,9.020245,14.803761,-6.5462804,-9.735043,-7.61343,-9.215366,-11.178391,-7.637759,4.8018293,10.178997,-15.781124,-8.179979,-10.4670105,-18.267204,-1.6785569,15.857334,-10.613366,-1.6180124,-6.3074937,-3.9083319,5.169998,-2.2646182,6.0702353,11.625471,2.6666365,-6.344448,-3.5944011,10.330595,7.5245175,-8.291153,-6.33598,-20.124956,-9.363867,16.452177,-5.1365986
P34960,-13.903031,15.1066675,20.06063,-4.157755,9.216845,-3.021327,-0.5778837,-14.910816,-7.847831,-14.367072,-12.518301,-11.541183,3.833617,15.379797,11.15969,-21.938416,-5.690443,-2.843208,2.3805094,12.451296,11.397806,9.168496,-16.565256,9.158353,17.515308,-1.2023075,-10.43992,-9.7477455,-20.857817,11.148739,17.087002,-5.865041,-9.823971,-9.826939,-9.20734,-14.579714,-10.020115,5.1772685,12.007377,-18.29047,-10.046311,-11.476853,-19.990139,-0.2503135,17.066656,-12.298096,-2.2820063,-8.170325,-5.213811,5.993578,-2.1051505,7.490279,14.054972,2.5613964,-7.4305735,-4.6369305,12.895024,10.378889,-10.133471,-7.3749576,-23.910492,-9.014257,19.124924,-7.9063544
A0A4Y1WAR4,-15.521235,17.234379,22.140434,-4.083391,10.123278,-3.4572628,-0.42628303,-16.770168,-8.473278,-16.50687,-13.910681,-13.174938,4.0446434,17.560986,12.174776,-24.489595,-6.5226936,-3.0138638,2.4103143,13.4352665,12.650366,10.474578,-18.893688,10.542287,19.360636,-1.2144983,-11.478908,-11.122193,-22.804016,12.529035,19.233383,-6.6498027,-11.359456,-10.780929,-10.698782,-16.631634,-10.164109,5.7883363,13.119351,-20.819786,-11.051478,-12.613956,-22.508844,0.010765463,19.167439,-13.905821,-2.1244686,-9.164634,-5.3048296,7.1341295,-2.4779873,8.347395,15.41937,2.8353865,-7.9998407,-4.905781,14.90517,11.341717,-11.992636,-8.2235985,-26.3494,-10.598492,21.370342,-8.735562
O96028,-14.545803,18.485567,21.573416,-4.741282,11.58738,-3.3386767,-1.2892017,-16.648628,-9.635943,-16.236624,-14.518598,-14.21999,4.0752254,19.105646,12.042004,-26.131227,-8.347999,-4.4041395,2.119595,14.440952,13.497077,11.678265,-20.21329,12.913413,20.674969,-1.1068392,-13.337583,-10.652887,-24.04039,12.851535,20.296541,-8.800651,-13.078377,-10.54119,-12.296781,-15.982178,-10.421599,6.441397,13.602524,-21.66227,-11.41569,-14.3051405,-24.674055,-1.868486,20.92064,-14.617981,-2.3864248,-8.848402,-5.6932545,7.258246,-2.9924843,8.526374,15.984528,3.434366,-8.845563,-5.115818,14.441968,10.421647,-11.651952,-8.600002,-27.409126,-12.341393,22.424532,-7.873179
Q9P2J5,-13.015517,14.7314,18.887154,-3.8685415,8.968938,-2.8568501,-0.6282585,-14.214478,-7.578383,-13.798234,-11.948457,-11.261661,3.5582354,15.045856,10.445033,-21.18523,-5.773161,-2.8501573,2.1791418,11.838447,10.984328,9.011031,-16.129503,9.2142935,16.903063,-1.0048306,-10.11931,-9.313924,-19.812506,10.632422,16.404781,-6.027483,-9.821296,-9.340905,-9.225389,-13.891007,-9.182251,5.0001483,11.478402,-17.671795,-9.585342,-11.16146,-19.41382,-0.44222423,16.594133,-11.781629,-2.0065172,-7.7234516,-4.8142443,5.825607,-2.0732946,7.187541,13.335801,2.453658,-7.0695844,-4.323195,12.390125,9.599319,-9.837632,-7.0754075,-22.771936,-9.0492325,18.382673,-7.369858
Q9Y4L5,-10.111779,9.332232,13.8986845,-2.3470836,5.168506,-2.2121425,0.22648111,-10.270082,-4.480855,-9.874034,-8.030796,-7.052947,2.642208,9.392905,7.599328,-13.586272,-2.7538931,-0.8971236,1.7608746,7.717137,7.2132297,5.4811254,-10.294568,4.6601205,10.997515,-0.87082064,-5.886865,-6.9874077,-13.322603,7.328124,10.923788,-2.525104,-5.527984,-6.8549266,-5.193993,-10.295941,-6.5405083,3.092523,7.749835,-11.844514,-6.493845,-6.6356087,-12.06248,1.0568306,10.330587,-7.825058,-1.4157422,-5.7997923,-3.3066256,3.9835286,-1.0520668,4.9978604,9.09911,1.3122045,-4.5496707,-3.0437622,9.019972,7.6796107,-7.0919156,-4.7970676,-15.360591,-4.882254,12.2382555,-5.997029
G8JZS6,-13.1287365,13.060918,18.18708,-3.0548267,7.2428513,-3.0019538,0.058398142,-13.733213,-6.293272,-13.268623,-10.986666,-9.908064,3.3604102,13.297962,10.026445,-18.524061,-4.6010504,-1.8249574,2.0098534,10.529882,9.963303,7.7943597,-14.37982,7.4493775,14.767574,-1.1221362,-8.685595,-9.111111,-18.2523,10.128285,15.233051,-4.274141,-8.243735,-8.6362915,-7.6484475,-13.726356,-8.142637,4.402947,10.156595,-16.436285,-8.668189,-9.348878,-17.030077,0.651337,14.528385,-11.0362625,-1.9303116,-7.651778,-4.377891,5.7388926,-1.7965186,6.6149273,12.333931,2.0859132,-6.424751,-4.0159016,11.996281,9.780121,-9.494796,-6.3931713,-20.731243,-7.6038227,16.518927,-7.45973
O35250,-9.928107,11.7817955,15.127033,-3.776614,8.439708,-1.8004289,-0.81245655,-10.626261,-6.999578,-10.741829,-9.447613,-9.235312,3.1445913,12.208779,8.25364,-17.888025,-4.602675,-2.5500345,2.2513924,9.144811,8.406692,6.7860847,-13.484118,7.7414527,13.680606,-0.69681054,-8.178407,-6.784982,-15.876384,7.8574595,12.927863,-5.1253786,-7.938027,-7.5375924,-7.5879426,-10.070006,-8.346392,4.25955,9.917973,-13.803992,-7.6390834,-9.261369,-15.998464,-1.0306388,14.148335,-9.219497,-1.6502591,-5.8126774,-3.8438396,4.12916,-1.7703456,5.572968,10.815549,2.2133744,-5.5449753,-3.490015,9.238421,7.584791,-7.173836,-5.865082,-18.839865,-7.406849,15.090806,-5.0043693
Q08438,-10.910282,11.331845,15.621503,-3.4793313,7.106127,-2.276986,-0.5284699,-11.6157465,-6.1575127,-10.745824,-9.518081,-8.574043,3.0323296,11.572262,8.845546,-16.674868,-4.4857116,-2.161256,1.9390177,9.874302,8.866092,6.897617,-12.479369,6.9554653,13.638442,-0.8872966,-8.200517,-7.534511,-16.285482,8.681855,13.201425,-4.4159255,-7.390337,-7.6641726,-6.8780885,-11.076455,-8.265205,3.9013808,9.238061,-13.781333,-7.859962,-8.9210005,-15.298592,-0.32943848,13.031582,-9.345042,-2.0822155,-6.386228,-4.247669,4.476547,-1.5978152,5.7230277,10.996216,2.0381458,-6.0904617,-3.7212029,9.792733,8.140626,-7.5039964,-5.7054887,-18.467302,-6.761164,14.663365,-6.2534804
O22287,-11.276196,12.1855345,16.56735,-3.6145418,7.6984553,-2.3673234,-0.5364692,-12.038946,-6.6596317,-11.67254,-10.221992,-9.372044,3.2724593,12.478476,9.137814,-18.046522,-4.416105,-2.3295133,2.2370882,10.110508,9.278412,7.184256,-13.535079,7.3177333,14.259695,-0.92848396,-8.397418,-7.787195,-17.168612,8.871082,13.771231,-4.70973,-7.8780446,-8.17568,-7.3638306,-11.709247,-8.487843,4.214163,10.120559,-14.850616,-8.208982,-9.394205,-16.181261,-0.33660242,14.091168,-9.905895,-1.8978478,-6.6082535,-4.377374,4.6074443,-1.5735437,6.1320043,11.549337,2.0377388,-6.028195,-3.8020952,10.267396,8.641351,-7.921327,-5.985701,-19.718931,-7.15218,15.576837,-6.3169146
A6NI73,-10.221708,11.285824,14.646438,-2.9868531,7.0025535,-2.2004664,-0.41281912,-11.034734,-5.8924074,-10.672352,-9.133406,-8.652182,2.8130188,11.65039,8.117265,-16.29437,-4.5194445,-2.0731785,1.7150515,8.938902,8.400082,6.849633,-12.593615,7.186973,12.930691,-0.7505419,-7.8206177,-7.228786,-15.277828,8.204133,12.842953,-4.5075927,-7.5584598,-7.149152,-7.135974,-10.623092,-7.1214457,3.8982532,8.796074,-13.6302595,-7.316135,-8.537515,-15.083899,-0.34120974,12.91216,-9.168472,-1.5951512,-6.0324917,-3.639067,4.5600004,-1.6681831,5.4766507,10.302373,2.0404825,-5.5327725,-3.3316164,9.605207,7.515735,-7.624163,-5.538086,-17.5712,-7.084628,14.23456,-5.612692
P10276,-12.798872,15.0613575,18.932941,-4.2955155,9.733884,-2.7110772,-0.92294794,-14.056477,-8.154957,-13.689792,-12.155102,-11.6005745,3.6986551,15.475019,10.529457,-21.955427,-6.1821437,-3.2755027,2.262362,12.109755,11.111122,9.206925,-16.646389,9.854028,17.349407,-1.0254782,-10.664356,-9.059586,-20.285192,10.623258,16.728075,-6.569796,-10.204833,-9.341445,-9.627154,-13.504057,-9.750305,5.270373,11.851872,-17.819838,-9.737942,-11.706274,-20.168186,-1.0507541,17.294558,-11.994422,-2.1650414,-7.607232,-4.9888315,5.731844,-2.2634814,7.2018995,13.63584,2.730537,-7.3144183,-4.454613,12.146058,9.474975,-9.589751,-7.283439,-23.394302,-9.485521,18.87318,-6.9985356
Q9AIS0,-7.4097238,4.6936226,10.278602,-2.1896138,2.7967143,-1.4106996,0.36259514,-6.67394,-2.8046288,-6.019086,-5.1295233,-3.497322,2.2773874,4.4966364,5.6583977,-8.060701,-0.10215626,0.11127212,1.9638822,5.2547326,4.3704004,2.310564,-5.2618475,0.76881486,6.8010836,-0.89130586,-2.8624482,-4.5089116,-9.007406,4.387334,6.156066,0.02802375,-1.7299539,-5.2453065,-1.536782,-6.703505,-6.1478543,1.6262774,5.591958,-6.6685133,-4.382952,-3.617017,-6.1159678,1.4880127,5.552616,-4.34716,-1.5009749,-4.004351,-2.944912,1.6390939,-0.0126926005,3.3216505,6.217895,0.38827258,-2.8928235,-2.408313,5.334139,6.3508644,-3.6359634,-2.9701924,-10.2889,-0.8954058,7.4455056,-4.749797
O75943,-12.128048,12.912784,17.6749,-4.0304837,8.266483,-2.5341537,-0.65036976,-12.875791,-7.120905,-12.214541,-10.920066,-9.885448,3.5246208,13.186862,9.920106,-19.184929,-4.8743205,-2.578457,2.2848196,11.066982,9.930584,7.7613163,-14.28077,7.8463063,15.353747,-1.1080521,-9.226136,-8.292436,-18.493282,9.621315,14.835599,-5.037695,-8.322847,-8.657727,-7.7804103,-12.377303,-9.459422,4.536539,10.684266,-15.668543,-8.837365,-10.13329,-17.373526,-0.46742144,14.9188175,-10.624112,-2.275471,-7.0837297,-4.845116,4.9274144,-1.7897708,6.49494,12.446548,2.315401,-6.6824765,-4.2080173,10.874402,9.22241,-8.346621,-6.4608226,-21.115837,-7.5817275,16.689838,-6.8389378
P01867,-10.792687,11.487269,15.462727,-3.2492163,6.87547,-2.4590597,-0.46702832,-11.656082,-5.9932895,-10.926009,-9.682119,-8.729085,3.0183547,11.768169,8.681077,-16.5898,-4.5295534,-2.209667,1.7761943,9.791726,8.971652,7.102722,-12.556741,7.066706,13.472914,-0.9634441,-8.242497,-7.5432477,-16.354494,8.71657,13.291946,-4.504762,-7.522062,-7.551177,-6.978521,-11.264907,-7.7438993,3.9802427,9.129662,-14.109058,-7.7298794,-8.886751,-15.314768,-0.33074108,13.016084,-9.524812,-1.9641495,-6.379596,-4.2374997,4.60932,-1.5764072,5.8126507,10.900986,1.9848156,-5.988578,-3.6802747,9.810977,8.096459,-7.6299367,-5.6539207,-18.356401,-6.8281894,14.611906,-6.2268014
P36006,-11.688498,13.200024,17.112276,-3.9147432,8.366182,-2.566034,-0.792321,-12.765677,-7.144564,-12.104234,-10.925953,-10.103518,3.3944845,13.546577,9.622061,-19.24505,-5.429754,-2.8582063,2.0046244,11.094595,10.064539,8.174966,-14.488081,8.496694,15.464115,-1.0408338,-9.59709,-8.18414,-18.424723,9.654471,14.988441,-5.6196346,-8.8284855,-8.409865,-8.258048,-12.211079,-8.959468,4.650888,10.490466,-15.838973,-8.7486315,-10.39542,-17.750782,-0.86468464,15.119796,-10.728743,-2.1908147,-6.936427,-4.7475986,5.0755525,-1.9331621,6.487432,12.305575,2.4000442,-6.759218,-4.141091,10.782627,8.732549,-8.4056835,-6.470584,-20.89922,-8.092574,16.723112,-6.5721436
P02293,-10.694725,8.092193,14.395553,-2.306089,3.9765282,-2.4249222,0.5946265,-10.306412,-3.8644607,-9.577043,-7.843598,-6.010246,2.8320568,7.9645424,7.9264946,-12.057029,-1.5742702,-0.28879288,1.9821005,7.6426888,6.909992,4.516355,-8.808728,2.9168503,9.989049,-1.1790937,-5.0850635,-6.9435234,-13.308461,7.2264295,10.190273,-1.0944334,-4.046535,-6.9183373,-3.6017923,-10.583882,-6.961579,2.6984565,7.436054,-11.138743,-6.296095,-5.6468105,-10.299565,1.8221043,8.912499,-7.3958354,-1.8133742,-6.0008035,-3.738877,3.6274283,-0.6338108,4.897432,9.048598,0.89647037,-4.4572406,-3.2341158,8.644739,8.547131,-6.458488,-4.3834753,-14.854686,-3.1848004,11.206323,-6.6031785
P0AF36,-14.713121,16.911816,21.019558,-4.7072988,10.776958,-3.07132,-1.0602202,-16.203405,-8.951756,-15.093767,-13.382046,-12.795792,3.871019,17.353973,12.054327,-24.186928,-7.7810273,-3.7079582,2.0977745,13.964947,12.62875,10.665749,-18.552288,11.612078,19.710344,-1.0540907,-12.528139,-10.495574,-22.711487,12.543422,19.316404,-7.5966797,-11.7668495,-10.154438,-11.058487,-15.264181,-10.852521,5.8296695,12.603504,-19.83399,-11.067723,-13.258978,-23.023705,-1.2719629,19.24359,-13.636974,-2.7358909,-8.757189,-5.4884605,6.938631,-2.9253545,7.8838778,15.393637,3.3746886,-8.83652,-5.056453,14.025896,10.331892,-11.099819,-8.255155,-25.925396,-11.250123,21.165834,-8.094891
P11488,-10.673007,9.8737335,15.140774,-3.0912824,6.111886,-2.1072924,-0.025128344,-10.68928,-5.3128295,-10.268496,-8.661062,-7.532252,3.012852,9.925192,8.33444,-15.05367,-2.7617846,-1.2124374,2.2436895,8.529647,7.6635876,5.589473,-11.041242,4.8946395,12.039338,-0.9658275,-6.3985343,-7.1436214,-14.578976,7.6263013,11.524433,-2.7762249,-5.737012,-7.5206428,-5.405954,-10.548048,-7.9985275,3.3621836,8.795307,-12.369213,-7.142317,-7.3902435,-13.021297,0.78722626,11.346695,-8.232923,-1.7301621,-6.0532284,-3.8304837,3.826973,-1.0795763,5.316801,10.003482,1.5013508,-4.9655194,-3.399562,9.226509,8.325169,-7.0279584,-5.1907673,-16.992197,-5.0284133,13.288724,-6.2175784
O75970,-13.390001,13.520493,19.111488,-3.3574557,7.919164,-2.8467722,0.019794181,-13.8640995,-6.886898,-13.899655,-11.367801,-10.396059,3.5879507,13.762869,10.297299,-19.714764,-4.2167344,-1.8633993,2.562491,10.590063,10.087839,7.607636,-15.125119,7.4263134,15.235148,-1.037777,-8.526584,-9.181883,-18.764095,10.017839,15.330297,-4.323561,-8.394249,-9.209686,-7.8233843,-14.010503,-8.717287,4.53078,11.1191025,-16.954626,-8.997612,-9.631643,-17.47058,0.7050344,15.390913,-11.176567,-1.7587197,-7.7465353,-4.44048,5.5610905,-1.6668174,6.861188,12.777251,2.0001268,-6.2388024,-4.03563,12.236294,10.26539,-9.580064,-6.5659637,-21.801891,-7.6818986,17.157242,-7.411338
P82612,-10.681294,12.606627,15.991944,-3.934183,8.530227,-2.1516137,-0.9533674,-11.740225,-7.190819,-11.292998,-10.21242,-9.740327,3.2113054,13.059468,8.96119,-18.690098,-5.3249984,-2.9194427,2.0697684,10.328437,9.39973,7.6359224,-14.112256,8.467324,14.756073,-0.8110408,-9.174466,-7.461822,-17.301159,8.866935,14.14808,-5.6692038,-8.627242,-7.893239,-8.141803,-11.0164995,-8.650106,4.4767003,10.160531,-14.862754,-8.266835,-10.085907,-17.171032,-1.2330925,14.822515,-10.0722475,-1.9865607,-6.3393145,-4.347106,4.6310973,-1.9135877,6.019226,11.616336,2.4516826,-6.3613167,-3.813089,9.9698305,7.971588,-7.736641,-6.180308,-19.92455,-8.072232,15.9823,-5.718807
P03087,-9.405441,8.497046,13.09939,-2.8926282,5.154938,-2.007445,-0.2049285,-9.618237,-4.6880617,-8.533588,-7.6125603,-6.31279,2.6456122,8.569594,7.4891267,-12.666134,-3.153338,-1.329626,1.6706365,8.123227,7.0997424,5.1575594,-9.261856,4.718197,10.735805,-0.90186536,-6.3673296,-6.2238793,-13.352328,7.109405,10.4377165,-2.7904608,-5.1873565,-6.3846593,-4.708399,-9.223549,-7.221717,2.984445,7.349071,-10.777527,-6.356176,-6.759519,-11.525171,0.16450176,9.780367,-7.3331466,-2.0671058,-5.4228034,-3.781567,3.47993,-1.117035,4.6348248,9.029998,1.417782,-5.085037,-3.2631056,7.821313,7.2092695,-5.78195,-4.5333233,-14.805922,-4.477237,11.4738655,-5.582142
O76071,-8.557291,6.610631,11.888971,-2.2629573,3.7820811,-1.7527916,0.31559938,-8.177876,-3.5674825,-7.689283,-6.3828278,-4.987924,2.4622073,6.5508676,6.489849,-10.367808,-1.1561915,-0.32194617,1.9445469,6.2497425,5.572539,3.526392,-7.393258,2.380884,8.450933,-0.87824726,-4.1076365,-5.490808,-10.918093,5.600644,8.151053,-1.0055317,-3.2954376,-5.9064207,-3.0067217,-8.241751,-6.289172,2.2469373,6.551566,-8.909794,-5.2478347,-4.8458476,-8.559298,1.2702974,7.622229,-5.84009,-1.4789531,-4.76455,-3.1276314,2.6035738,-0.42809567,4.0221534,7.475354,0.75784665,-3.5854564,-2.671006,6.8221064,6.996642,-4.988782,-3.6893241,-12.482573,-2.5407987,9.395774,-5.2039285
A0A0H3L5C8,-14.813345,14.893059,20.269245,-2.732461,7.861171,-3.3637536,0.45732605,-15.436285,-6.6189537,-15.525423,-12.099632,-11.332976,3.5113862,15.098462,10.884746,-20.752544,-4.817787,-1.5626374,2.190415,10.979125,10.833513,8.709303,-16.455034,8.165541,16.214964,-1.063235,-8.984327,-10.556957,-19.519974,11.198952,16.87061,-4.5067883,-9.359562,-9.687949,-8.806552,-15.833183,-8.045626,4.8032274,11.221531,-18.665998,-9.508444,-9.965125,-18.902828,1.488075,16.210896,-12.2915,-1.4827765,-8.614929,-4.160141,6.768965,-1.9821402,7.3983192,13.36913,2.1253734,-6.5085325,-4.094925,14.136379,10.843222,-11.5124,-7.1214843,-22.756792,-8.763355,18.461826,-8.373476
O75330,-17.174334,20.446169,24.512636,-4.224191,11.782842,-3.9580708,-0.5435936,-19.070076,-9.606244,-19.102795,-15.852112,-15.605358,4.2975755,20.788221,13.334487,-28.351355,-8.232816,-3.6548712,2.30199,15.161,14.546172,12.732689,-22.150833,13.032754,22.465881,-1.1670524,-13.396042,-12.794933,-25.542252,14.355302,22.107058,-8.516948,-13.943496,-12.12384,-13.201194,-19.102312,-10.539904,6.759561,14.794281,-24.226622,-12.552661,-14.702834,-26.365486,-0.19618131,22.290194,-15.964129,-1.96491,-10.304248,-5.5568104,8.570246,-3.0850384,9.593688,17.30497,3.1761312,-8.936345,-5.373327,17.368387,12.146416,-14.345375,-9.4937105,-29.750078,-13.039037,24.66816,-9.6730795
P05031,-8.698087,8.142088,12.388489,-2.6416867,4.8303385,-1.9395756,-0.13311955,-8.940594,-4.3631105,-8.296099,-7.3379416,-6.1559286,2.5746515,8.19423,6.878804,-12.207564,-2.5566285,-1.189509,1.6989225,7.455342,6.6546907,4.8891068,-8.856848,4.1773753,10.090392,-0.90168756,-5.672414,-5.854982,-12.493475,6.4382367,9.604568,-2.546366,-4.8195615,-6.226477,-4.4362793,-8.780756,-6.625629,2.8478045,7.2187037,-10.34474,-5.926842,-6.317127,-10.7261715,0.3495532,9.243844,-6.85506,-1.6659696,-5.0253634,-3.532806,3.1177516,-0.8379559,4.536325,8.372502,1.1489831,-4.3880515,-2.9997025,7.366482,6.8745565,-5.546628,-4.2663794,-14.032977,-3.985866,10.905406,-5.2757964
Q05516,-13.763251,16.733088,20.1889,-4.5111322,10.662515,-2.9848945,-1.1026622,-15.421258,-8.84862,-14.860515,-13.194333,-12.809448,3.8146408,17.215574,11.329048,-23.925755,-7.4399056,-3.7848215,2.1139474,13.328982,12.280237,10.485974,-18.352371,11.4553385,19.114643,-1.0085485,-12.06568,-9.9496565,-22.029388,11.8359375,18.552755,-7.709003,-11.680822,-9.916382,-11.007118,-14.727141,-10.145881,5.8050303,12.58125,-19.590975,-10.622365,-13.006544,-22.45726,-1.4293396,19.023046,-13.240805,-2.3359942,-8.272732,-5.2731504,6.5786104,-2.7130527,7.8004746,14.802228,3.1204293,-8.198338,-4.795954,13.402724,9.858908,-10.7122755,-7.9811077,-25.27752,-11.003044,20.646103,-7.513277
P10768,-14.106293,15.405042,19.544233,-3.4890373,8.938755,-3.1420162,-0.3434144,-15.294838,-7.4532075,-14.603366,-12.173645,-11.606465,3.441254,15.733037,10.936272,-21.438696,-6.587629,-2.6367753,1.8090471,12.110385,11.403573,9.592845,-16.835138,9.963577,17.393488,-0.94848627,-10.686501,-10.158557,-20.290947,11.594893,17.583092,-6.168049,-10.484105,-9.37041,-9.818849,-14.951329,-8.82975,5.1507244,11.193882,-18.563059,-9.882056,-11.300845,-20.376173,-0.12098924,17.075254,-12.518899,-2.106074,-8.368232,-4.5928483,6.7970643,-2.5281184,7.310492,13.812375,2.6938403,-7.6102805,-4.421737,13.576852,9.908602,-10.949977,-7.4222355,-23.19951,-9.9525175,19.032104,-7.868732
P0AFX7,-11.042904,10.672318,15.75784,-3.2488117,6.4794745,-2.3107834,-0.17906456,-11.351137,-5.6946816,-10.796225,-9.303789,-8.12771,3.1157813,10.795027,8.73197,-15.970433,-3.378116,-1.6032622,2.1776223,9.263947,8.369828,6.219001,-11.811364,5.698885,12.837613,-1.0136316,-7.2003846,-7.472432,-15.698898,8.236052,12.438031,-3.4046645,-6.4533906,-7.763231,-6.0122604,-11.151935,-8.163799,3.652492,9.18589,-13.342005,-7.5642076,-8.099968,-14.101636,0.431985,12.208367,-8.921988,-1.89136,-6.352583,-4.1480703,4.1766458,-1.2408762,5.657965,10.637041,1.677939,-5.473558,-3.6107597,9.65725,8.554655,-7.3692904,-5.4562616,-17.985031,-5.7054305,14.070462,-6.435106
P13458,-11.842976,12.236385,16.983782,-3.4768076,7.1052074,-2.752649,-0.3916263,-12.662403,-6.307028,-11.907618,-10.554615,-9.2804365,3.3268464,12.42231,9.478915,-17.717278,-4.4666967,-2.2344825,2.0094614,10.641947,9.687314,7.5052447,-13.235313,7.096533,14.419384,-1.1519828,-8.638013,-8.207128,-17.756592,9.40789,14.133311,-4.519189,-7.766225,-8.324514,-7.144615,-12.453421,-8.471081,4.2134542,9.946102,-15.227491,-8.378643,-9.383975,-16.095701,-0.050731093,13.733529,-10.202202,-2.1478674,-6.9717813,-4.7281117,4.8825707,-1.5309209,6.3690734,11.818884,1.9204087,-6.346193,-4.040244,10.604937,9.053156,-8.18657,-6.013813,-19.86108,-6.8585415,15.628632,-6.9960885
Q9NP31,-13.412869,11.646528,18.42545,-2.9938188,6.3576174,-2.7994313,0.5294752,-13.189244,-5.5459614,-12.888397,-10.291509,-8.801733,3.454781,11.504675,9.997517,-17.298355,-2.6342952,-0.7674894,2.5476253,9.767303,8.968357,6.520614,-12.825634,4.9697304,13.848524,-1.2396715,-6.866786,-9.079478,-16.920097,9.296485,13.588065,-2.4519036,-6.3812466,-9.0739565,-5.995966,-13.5405445,-8.790831,3.773553,10.132183,-14.95682,-8.403385,-8.029882,-14.791952,2.0659776,12.801739,-9.8273,-1.7615061,-7.556886,-4.251691,4.948054,-1.1411625,6.417788,11.714181,1.435052,-5.484553,-3.913259,11.746717,10.376668,-9.147704,-6.054789,-19.824083,-5.504715,15.544779,-8.048281
O60565,-9.142762,8.594745,13.077329,-2.887488,5.4709954,-1.8177464,-0.1936945,-9.289593,-4.8267584,-8.708527,-7.5680656,-6.542099,2.6657813,8.719727,7.2801757,-13.138252,-2.721294,-1.2725085,1.939361,7.6626177,6.8365946,4.9488935,-9.620898,4.5695662,10.635389,-0.8135252,-5.9159822,-6.0911927,-12.9696245,6.6841803,10.158835,-2.7040071,-5.1570277,-6.495533,-4.8138056,-8.973212,-7.139432,2.9853275,7.681165,-10.751467,-6.2631564,-6.69103,-11.529847,0.28639203,10.042433,-7.20131,-1.6911542,-5.226696,-3.5159843,3.2603543,-0.982608,4.6254797,8.821877,1.4027812,-4.5986133,-3.0471125,7.7964835,7.144677,-5.842007,-4.5357943,-14.883695,-4.5174975,11.590824,-5.2977858
P19835,-11.522319,13.260554,16.725904,-3.527594,8.032234,-2.6259532,-0.6472495,-12.727947,-6.752397,-12.2116375,-10.763327,-10.114824,3.214302,13.528178,9.2967615,-18.988386,-5.35569,-2.6539886,1.8223522,10.802524,9.957247,8.352885,-14.374762,8.373184,15.364061,-0.96099806,-9.271867,-8.35032,-17.827545,9.551425,14.731526,-5.5982194,-8.89168,-8.401812,-8.373887,-12.364599,-8.289894,4.539895,10.256627,-15.814779,-8.609255,-10.178134,-17.495047,-0.530093,14.794174,-10.539123,-1.8603967,-6.883605,-4.4393015,5.1830287,-1.8534817,6.517282,11.9230385,2.1941946,-6.4243064,-3.9604812,11.0098095,8.468199,-8.794018,-6.4104257,-20.360096,-8.078906,16.56302,-6.6892104
P25858,-10.559692,11.581216,15.557811,-3.4596632,7.5101056,-2.15034,-0.5435061,-11.268897,-6.417536,-11.001497,-9.587802,-8.93418,3.0940561,11.898238,8.562511,-17.21639,-4.2896805,-2.2261686,2.132724,9.4372225,8.689545,6.801894,-12.965724,7.1036663,13.533979,-0.81781495,-7.973956,-7.296646,-16.112226,8.295231,13.032364,-4.5720506,-7.568742,-7.6981945,-7.120876,-10.887196,-8.054811,4.0326505,9.61257,-13.995858,-7.732768,-8.941516,-15.462414,-0.42434275,13.494304,-9.334933,-1.7487794,-6.184875,-4.0335746,4.346074,-1.5574152,5.747065,10.883312,1.9946216,-5.6724496,-3.5604165,9.676559,8.05093,-7.4934134,-5.721972,-18.652203,-6.93197,14.819759,-5.7976346
P0C7R1,-10.383086,7.7337904,14.413259,-2.7620823,4.210606,-2.2466235,0.36640167,-9.903252,-4.203047,-9.122701,-7.818278,-5.791565,2.9950683,7.612478,7.968782,-12.07117,-1.3304405,-0.5003715,2.2691486,7.8030396,6.8236265,4.132848,-8.495296,2.6713443,9.92007,-1.2255557,-5.0903935,-6.4904037,-13.520503,6.919535,9.818674,-1.0759121,-3.721281,-6.9586897,-3.2419147,-10.06752,-7.6535425,2.6804194,7.7252607,-10.721557,-6.314549,-5.743443,-10.01286,1.4541762,8.890461,-7.138929,-2.0492759,-5.7885294,-4.069249,3.1363642,-0.5025987,4.824841,9.150243,0.8764757,-4.5163183,-3.3505223,7.991764,8.603035,-5.6888113,-4.275568,-15.034216,-2.7623565,11.013308,-6.36094
P08487,-16.16945,16.479982,22.547083,-3.4065335,9.159039,-3.5025368,0.30917186,-16.78163,-7.680336,-16.996084,-13.43864,-12.606697,3.97779,16.665823,12.097844,-23.436615,-5.1600056,-1.9302884,2.6820037,12.310299,11.909821,9.496204,-18.27318,8.972989,18.186361,-1.1863917,-9.9492035,-11.418094,-21.713755,12.174314,18.45323,-5.1132407,-10.279192,-10.882324,-9.701135,-17.167015,-9.541427,5.3528404,12.819173,-20.441996,-10.66396,-11.246075,-21.002108,1.4301821,18.166609,-13.455001,-1.6940913,-9.364463,-4.746693,7.1569176,-2.1392598,8.170848,14.916608,2.3744547,-7.152004,-4.5781183,15.360377,11.972838,-12.396335,-7.9158587,-25.555925,-9.584022,20.590647,-9.087003
O35381,-17.719608,21.866858,26.600407,-6.397019,14.70025,-3.5851796,-1.7596252,-19.760088,-12.301197,-19.24031,-17.383636,-16.931349,5.0984564,22.713968,15.006878,-31.912977,-9.70507,-5.463999,3.1313214,17.438883,15.964668,13.2251,-24.483555,15.363234,24.782032,-1.3188835,-16.04179,-12.413363,-29.292316,15.311444,24.45023,-10.263,-15.316104,-12.667219,-14.402984,-18.613932,-13.846327,7.73932,16.799734,-25.588705,-13.918034,-17.292673,-29.833307,-2.555502,25.644688,-17.594387,-3.2317204,-10.581133,-7.0363994,8.352604,-3.6896832,9.964757,19.66596,4.535882,-10.876526,-6.2364173,16.991959,12.90853,-13.319248,-10.356109,-33.71607,-14.813731,27.07886,-9.070995
A0A2P1GIW3,-21.851128,27.168673,32.488438,-7.1572084,17.734692,-4.470461,-1.808186,-24.366596,-14.633708,-24.236832,-21.215643,-21.037802,5.9797964,28.12362,18.109638,-39.127674,-11.748356,-6.341254,3.6469944,20.772709,19.371628,16.370447,-30.355047,18.81467,30.144196,-1.493005,-19.155119,-15.587841,-35.184204,18.797102,29.946877,-12.4402485,-19.00343,-15.47353,-17.958363,-23.371344,-15.895413,9.414215,20.358799,-31.738335,-16.912497,-20.804375,-36.54854,-2.47212,31.384205,-21.640743,-3.3792622,-13.051437,-7.982131,10.686517,-4.5711684,12.2318,23.755184,5.3968625,-12.7919035,-7.3123593,21.54765,15.68009,-17.229061,-12.672195,-40.93869,-18.500626,33.208908,-11.19101
P60953,-10.45935,10.599302,14.904083,-3.0486796,6.4130197,-2.248956,-0.2391144,-10.954022,-5.5342293,-10.440417,-8.992165,-8.061393,2.9253361,10.750287,8.252985,-15.5827055,-3.7074425,-1.6891068,1.901293,8.963153,8.1737795,6.3651032,-11.656518,6.0139036,12.602417,-0.9163,-7.2311687,-7.229294,-15.098773,8.018826,12.185856,-3.7170155,-6.6534333,-7.3964605,-6.2273827,-10.726373,-7.585901,3.635524,8.781005,-13.0588255,-7.288806,-8.030101,-13.99551,0.20256491,12.00603,-8.705703,-1.7487043,-6.0843368,-3.8878658,4.200355,-1.340642,5.480633,10.212598,1.6778455,-5.3429685,-3.4537284,9.397333,7.943526,-7.2983446,-5.356332,-17.292912,-5.9280634,13.7469,-6.0759563
P06789,-11.417039,12.156246,16.346102,-3.592431,7.5615306,-2.468208,-0.5326151,-12.183419,-6.412722,-11.444031,-10.159481,-9.246962,3.218453,12.377976,9.217247,-17.79069,-4.7346077,-2.3074994,1.9152315,10.354208,9.316042,7.5413766,-13.316352,7.408593,14.467477,-1.050705,-8.677817,-7.9672647,-17.108131,9.126298,13.980371,-4.7395387,-7.8805003,-8.07677,-7.41595,-11.70063,-8.613721,4.238082,9.758113,-14.66979,-8.243804,-9.456038,-16.312622,-0.2814172,13.766865,-9.9529085,-2.0784764,-6.692155,-4.429039,4.787055,-1.7287915,6.104385,11.5186825,2.1666038,-6.2659235,-3.9311452,10.396334,8.500953,-8.127805,-6.1206474,-19.50938,-7.1732554,15.669361,-6.5930886
Q96VN5,-10.165434,9.854111,14.440417,-2.888569,5.7406726,-2.2766814,-0.1369542,-10.565973,-5.1248593,-9.973729,-8.650507,-7.4747767,2.875798,9.973204,7.9936447,-14.510161,-3.2294028,-1.4892266,1.8784415,8.618154,7.850821,5.8775053,-10.775676,5.3020315,11.79216,-0.97552806,-6.744798,-6.9292784,-14.592781,7.6805344,11.517835,-3.20326,-6.004359,-7.1219583,-5.540324,-10.43546,-7.2869935,3.3877742,8.355035,-12.444414,-6.927378,-7.46168,-12.929723,0.36597666,11.139342,-8.281836,-1.7807587,-5.9001603,-3.9094157,3.925778,-1.1222582,5.2862306,9.792891,1.4669297,-5.112948,-3.3715496,8.883205,7.888989,-6.8009048,-4.994887,-16.464327,-5.206475,12.880693,-6.0185323
O97364,-9.747798,8.081319,13.999268,-2.990249,5.231785,-1.7191128,0.15117866,-9.263122,-4.629193,-9.017705,-7.5054574,-6.194389,2.9043465,7.9463024,7.5764575,-13.127391,-1.2714603,-0.5770693,2.5406284,7.354492,6.395754,4.179814,-9.141862,2.9693887,10.444331,-0.930803,-4.76681,-6.2982407,-12.647117,6.2920127,9.403484,-1.5065695,-4.0721684,-7.185016,-3.8768063,-9.291929,-7.943544,2.7151845,8.232238,-10.322854,-6.365967,-6.0474114,-10.501969,1.3465399,9.4602375,-6.697979,-1.5401727,-5.373098,-3.5481596,2.7961476,-0.52288795,4.73497,8.8212595,0.96310526,-3.9811335,-3.0763836,7.9885025,7.9893327,-5.8735843,-4.50849,-15.11412,-3.2235973,11.520791,-5.859199
O66198,-12.8463335,20.31563,20.208336,-5.762095,14.0110655,-2.8505983,-2.6590307,-16.221992,-11.171434,-15.441488,-14.948195,-15.680482,3.8848495,21.230486,11.662158,-28.737606,-11.040437,-6.313856,1.6325496,15.836174,14.440758,13.673186,-22.079704,16.30456,23.121017,-0.7670007,-15.793469,-10.148459,-24.881876,13.101167,21.514265,-12.047058,-15.631947,-10.346831,-14.936973,-14.5247345,-11.0393715,7.2082253,14.195175,-22.170397,-12.050852,-16.90105,-27.93852,-4.3790383,23.219097,-15.161695,-2.51008,-8.183362,-5.880935,7.2792373,-3.738174,8.679304,16.387817,4.391267,-9.859537,-5.256504,13.988408,8.481573,-11.536257,-9.324618,-28.511944,-15.040031,24.179115,-6.7754827
Q9P2N6,-12.767707,13.830718,18.054808,-3.2552817,8.191562,-2.733204,-0.20282316,-13.608615,-6.7592397,-13.451805,-11.085189,-10.576256,3.2982798,14.085574,9.870125,-19.812689,-5.005234,-2.1221623,2.0825317,10.607792,10.050304,8.320889,-15.29803,8.21494,15.668275,-0.91523236,-8.93059,-9.178853,-18.116388,10.006575,15.432355,-5.054132,-9.0018015,-8.911864,-8.573897,-13.462875,-8.320545,4.594627,10.676547,-16.67501,-8.926835,-10.012739,-18.052544,0.3603579,15.39858,-11.073337,-1.589903,-7.477492,-4.1135416,5.7194247,-1.9214307,6.745812,12.360909,2.2471297,-6.2904916,-3.9053466,12.267197,9.307822,-9.91342,-6.7317257,-21.229195,-8.41004,17.351433,-7.215897
P06983,-14.621307,15.997176,20.672857,-3.5467002,9.073041,-3.342183,-0.24137968,-15.814137,-7.6717696,-15.562068,-12.933819,-12.205681,3.711675,16.339828,11.322338,-22.498055,-6.0005016,-2.6382186,2.1985815,12.359973,11.823028,9.690612,-17.54254,9.705392,17.779646,-1.0943097,-10.53476,-10.514342,-21.179039,11.757018,17.959362,-6.0019984,-10.542196,-9.992721,-9.883129,-15.770915,-9.022184,5.3107114,12.039964,-19.549612,-10.20511,-11.531842,-20.76645,0.21710658,17.711582,-13.016338,-1.8983731,-8.647805,-4.847795,6.794087,-2.2505944,7.7893558,14.284404,2.5689516,-7.4092803,-4.4876037,14.061195,10.673589,-11.335309,-7.563616,-24.333113,-9.858811,19.713604,-8.252188
P11880,-11.172731,8.849382,15.16887,-2.4742393,4.5575867,-2.4572437,0.5498325,-10.831001,-4.262086,-10.231478,-8.323762,-6.618501,2.9532413,8.727155,8.310148,-13.215359,-1.8098137,-0.41776025,2.1181464,8.047265,7.305533,4.929743,-9.689044,3.3930583,10.812674,-1.1654549,-5.448692,-7.340561,-13.9974785,7.596105,10.857717,-1.4349557,-4.569677,-7.359871,-4.1522956,-11.106018,-7.3512907,2.9285316,8.028467,-11.894663,-6.7258143,-6.174148,-11.270684,1.8228039,9.774565,-7.8655243,-1.7703424,-6.274823,-3.8115516,3.865749,-0.74434936,5.196911,9.572159,1.020978,-4.6376495,-3.3517694,9.249677,8.857961,-6.9930315,-4.7369986,-15.881194,-3.7151868,12.125281,-6.8291116
O75821,-14.967462,15.7657995,21.102335,-3.6460211,8.93946,-3.3445816,-0.10652415,-15.876232,-7.552002,-15.631328,-12.943817,-12.01033,3.839221,15.952389,11.530625,-22.452662,-5.450176,-2.3489327,2.390756,12.39845,11.689885,9.465261,-17.233536,9.001063,17.822638,-1.2086682,-10.160709,-10.656873,-21.145786,11.688243,17.695528,-5.494456,-10.044389,-10.323731,-9.446346,-15.951566,-9.538526,5.2135406,12.243122,-19.331482,-10.307954,-11.308833,-20.351152,0.67668575,17.367918,-12.814908,-1.9436044,-8.76031,-4.9649243,6.615397,-2.0815256,7.8649163,14.35185,2.3853936,-7.255703,-4.5942183,14.157744,11.070926,-11.356682,-7.6031227,-24.472647,-9.222685,19.742346,-8.627689
Q9NUX5,-11.3353,11.85955,16.238554,-3.2420993,7.137814,-2.4610584,-0.27888435,-11.977357,-6.100856,-11.600443,-9.925943,-9.057776,3.1489298,12.04146,8.935102,-17.317446,-4.1551857,-1.9389461,2.0320673,9.741323,8.984285,7.1183605,-13.039731,6.8230324,13.853949,-0.9707552,-7.9564605,-7.924096,-16.497068,8.781052,13.433272,-4.267352,-7.5251427,-8.058957,-7.0720863,-11.802425,-8.047633,4.0450206,9.6622305,-14.518486,-7.973331,-8.884032,-15.563676,0.17687698,13.367496,-9.645742,-1.7584487,-6.6198864,-4.136741,4.6968718,-1.5166352,6.0372434,11.150851,1.8618257,-5.7503386,-3.7050977,10.393762,8.57051,-8.165104,-5.887499,-18.997362,-6.7662354,15.184027,-6.535438
P16885,-10.817712,12.091557,15.751583,-3.5459518,7.5712085,-2.36869,-0.6646963,-11.792783,-6.429201,-11.149947,-9.975297,-9.217045,3.1054006,12.34113,8.827803,-17.621357,-4.8617315,-2.4679701,1.8550333,10.18514,9.2256365,7.542786,-13.187134,7.588326,14.315988,-0.9312356,-8.644544,-7.6692266,-16.75513,8.84081,13.634025,-5.049582,-8.02293,-7.894177,-7.536749,-11.320996,-8.249143,4.1965656,9.657564,-14.462511,-8.074833,-9.482779,-16.14877,-0.571324,13.707464,-9.704337,-1.9449159,-6.4133606,-4.3222384,4.6274896,-1.6869729,6.018947,11.229821,2.0803792,-6.119374,-3.7997541,10.038401,8.053579,-7.8667326,-5.9725423,-19.095423,-7.2567196,15.376066,-6.2503266
Q969T4,-11.281109,11.364191,15.792812,-3.0167449,6.564612,-2.5336344,-0.1621367,-11.874106,-5.648551,-11.229806,-9.602924,-8.600023,3.0193784,11.526342,8.803002,-16.389421,-4.085796,-1.7498386,1.8097038,9.551857,8.78227,6.963859,-12.412576,6.4891686,13.342709,-1.01473,-7.7697344,-7.885772,-16.048338,8.759151,13.192933,-3.925008,-7.16674,-7.7412963,-6.704338,-11.659971,-7.7121987,3.8620453,9.063271,-14.061371,-7.723012,-8.481007,-14.967983,0.35218617,12.651878,-9.446342,-1.8362163,-6.5818486,-4.0634236,4.7275443,-1.4992735,5.8434677,10.822615,1.8418552,-5.747466,-3.6498246,10.242255,8.425793,-8.057986,-5.6971517,-18.241455,-6.469854,14.611134,-6.621044
O75971,-14.379573,16.434652,21.023413,-4.5977345,10.385399,-3.06999,-0.92414474,-15.72724,-8.817912,-15.138225,-13.381416,-12.617185,3.9998972,16.93458,11.786898,-23.831318,-6.757575,-3.542795,2.4581194,13.371622,12.304582,9.972593,-18.213531,10.735154,18.824823,-1.1410407,-11.721043,-10.097187,-22.464056,11.93643,18.60727,-6.975131,-11.10501,-10.130595,-10.400105,-15.097023,-10.544661,5.6966195,12.789809,-19.684431,-10.713047,-12.717474,-22.07686,-1.0287595,18.898518,-13.3854885,-2.4771748,-8.522239,-5.5067534,6.4780974,-2.502295,7.8602633,15.075955,3.099265,-8.208547,-4.8688917,13.5191765,10.603281,-10.602618,-7.8924446,-25.676733,-10.487437,20.5637,-7.8410983
P54066,-7.871903,5.0744495,10.806588,-2.162306,2.8024046,-1.6112858,0.41256604,-7.200249,-2.882518,-6.464193,-5.50605,-3.760844,2.3501837,4.899664,5.972037,-8.396897,-0.32948145,0.05143326,1.9130936,5.6037307,4.750309,2.5871825,-5.6230354,1.0399327,7.1051536,-0.96118623,-3.2067366,-4.817917,-9.661162,4.8253655,6.7235374,-0.08534696,-1.9983912,-5.390466,-1.727621,-7.274984,-6.1625504,1.7608624,5.7303014,-7.2898593,-4.597894,-3.8347328,-6.582165,1.5077931,5.9062276,-4.7967772,-1.6083546,-4.297508,-3.108833,1.942629,-0.09753672,3.5213547,6.604813,0.4480208,-3.16902,-2.5407422,5.725676,6.6783338,-3.9471347,-3.1040213,-10.8229265,-1.1518697,7.825007,-5.0150285
Q9BRJ7,-13.694217,15.535502,20.498007,-5.0492287,10.516744,-2.727472,-1.1506072,-14.793949,-9.045484,-14.173172,-12.924038,-12.007625,4.107983,16.06215,11.553254,-23.233702,-6.3375154,-3.6590977,2.7439244,13.098893,11.772632,9.184644,-17.437426,10.222001,18.195925,-1.1606067,-11.43435,-9.264817,-22.06199,11.240764,17.739988,-6.717058,-10.41097,-9.84681,-9.712632,-13.974668,-11.187344,5.5566826,12.762531,-18.598421,-10.417982,-12.457752,-21.233751,-1.4533434,18.439293,-12.745906,-2.7255516,-8.052006,-5.6870055,5.7574735,-2.3667927,7.4884033,14.809978,3.0903873,-8.088037,-4.880105,12.389642,10.400455,-9.410834,-7.6073575,-25.225937,-9.782321,19.83266,-7.250674
P21243,-9.514044,8.989117,13.293087,-3.0786939,5.6422396,-2.058312,-0.3370969,-9.802746,-4.9632177,-8.726959,-7.972215,-6.7634215,2.756526,9.162455,7.682384,-13.418472,-3.5081048,-1.6133199,1.5957507,8.40878,7.3374014,5.598761,-9.9022665,5.2797027,11.202894,-1.0285758,-6.8814287,-6.31213,-13.875811,7.3486967,11.067159,-3.1423404,-5.579677,-6.41033,-5.1691,-9.225461,-7.5056515,3.2697034,7.557813,-11.21339,-6.5210667,-7.231301,-12.405263,-0.105718255,10.372112,-7.810641,-2.1371732,-5.4911027,-3.899239,3.6453366,-1.3070498,4.7552357,9.31331,1.7563595,-5.306402,-3.3779075,7.989322,7.230584,-6.0106497,-4.815668,-15.42905,-4.9864044,12.126949,-5.5431128
P62258,-12.150245,13.533614,17.429657,-3.5965548,8.301846,-2.6581862,-0.5432682,-13.161799,-6.952833,-12.66927,-10.980678,-10.331552,3.3224964,13.835361,9.7070675,-19.472992,-5.408992,-2.560266,1.9421784,10.91671,10.08285,8.359566,-14.863058,8.515101,15.616255,-0.98369926,-9.417354,-8.647803,-18.271858,9.872537,15.259581,-5.474161,-9.005463,-8.580946,-8.495625,-12.762129,-8.623211,4.6536074,10.488149,-16.222763,-8.826826,-10.273517,-17.984053,-0.37274542,15.247224,-10.909839,-1.9466337,-7.182697,-4.446403,5.437228,-1.9962637,6.5925016,12.322915,2.3621445,-6.614927,-4.052318,11.471309,8.898481,-9.133417,-6.6201587,-20.993366,-8.337817,17.035086,-6.8545833
P09056,-11.742359,14.549936,17.479736,-4.069485,9.325729,-2.5848536,-1.072453,-13.299646,-7.761338,-12.793812,-11.5428915,-11.163291,3.387944,14.967578,9.777157,-20.941648,-6.3791037,-3.387097,1.9182019,11.724401,10.762139,9.194016,-15.887873,9.879426,16.801779,-0.89153504,-10.491328,-8.573705,-19.229282,10.139312,15.967258,-6.8187504,-10.136942,-8.784819,-9.572715,-12.657559,-8.985609,5.054102,11.138242,-16.973873,-9.27415,-11.471365,-19.476774,-1.3620008,16.52981,-11.382847,-2.0175898,-7.092859,-4.7385936,5.4837484,-2.2071579,6.8895526,12.8379345,2.6292183,-7.081368,-4.209094,11.455808,8.5230255,-9.140751,-6.9474607,-22.036486,-9.388921,18.000605,-6.567408
P20809,-13.79859,17.373356,20.367973,-4.657716,10.866268,-3.1983368,-1.3213316,-15.844376,-9.063338,-15.065915,-13.726951,-13.26148,3.8723536,17.86908,11.512888,-24.54875,-8.059377,-4.226141,1.9115947,14.082336,12.917004,11.218555,-18.77167,12.152191,19.860277,-1.1049211,-12.845444,-10.140866,-22.899946,12.298331,19.182432,-8.408332,-12.299419,-10.075532,-11.535515,-15.093195,-10.234437,6.0537524,12.803388,-20.274672,-10.940075,-13.69141,-23.278954,-1.848467,19.529799,-13.710728,-2.4974802,-8.41208,-5.63492,6.788615,-2.8146925,8.1161995,15.209339,3.2102332,-8.630197,-5.0136585,13.575711,9.829853,-10.894797,-8.180316,-25.900291,-11.462575,21.218729,-7.725815
O15212,-9.277357,8.535813,13.514434,-3.253423,5.70559,-1.7571054,-0.27073246,-9.250155,-5.0390377,-8.678655,-7.7454085,-6.5300193,2.8764296,8.564797,7.5196133,-13.508657,-2.366671,-1.2914983,2.2007864,7.938748,6.85067,4.835218,-9.539279,4.1944447,10.931299,-0.9432695,-5.861621,-6.0485573,-13.290247,6.592927,10.024038,-2.5478487,-4.868435,-6.8471193,-4.5679555,-8.93648,-7.950364,3.0217507,8.132647,-10.638016,-6.4637156,-6.82137,-11.476185,0.33732155,10.072221,-7.1052084,-1.8337086,-5.2433214,-3.8150237,2.958907,-0.8511444,4.747381,9.061193,1.3325489,-4.59167,-3.2314854,7.6664944,7.463874,-5.621149,-4.6379275,-15.379568,-4.0696235,11.835682,-5.4763446
P02942,-10.259626,10.037363,14.557464,-2.929447,5.940679,-2.215547,-0.13015462,-10.630362,-5.1749463,-10.081763,-8.651911,-7.5909834,2.8622518,10.0782,8.030476,-14.813963,-3.276576,-1.4355696,1.9030997,8.692941,7.84624,6.0236235,-10.925251,5.34806,12.133799,-0.93279755,-6.7407546,-7.070766,-14.516837,7.7128177,11.530068,-3.296609,-6.118905,-7.320879,-5.7025304,-10.518753,-7.4700747,3.4052532,8.506138,-12.463647,-7.0682173,-7.5658126,-13.111751,0.48030797,11.253399,-8.227499,-1.7169217,-5.9431977,-3.8339937,3.956795,-1.1528953,5.34048,9.8431835,1.4267704,-5.0753126,-3.383476,9.105963,7.8640184,-7.0310636,-5.1298223,-16.618017,-5.2787733,13.143726,-6.1340437
P32835,-14.564056,17.134344,21.076353,-4.431579,10.335052,-3.4283648,-0.960139,-16.286982,-8.769939,-15.518845,-13.86251,-13.069751,3.9844136,17.62262,11.872809,-24.153288,-7.538305,-3.812213,2.015286,13.937403,12.898142,10.856589,-18.614563,11.517996,19.400143,-1.2589421,-12.495884,-10.444413,-23.15337,12.536661,19.352821,-7.618999,-11.807653,-10.149752,-10.9967165,-15.729706,-10.172537,5.9711366,12.714213,-20.523123,-10.906757,-13.196138,-22.861988,-1.248521,19.245026,-13.946931,-2.5751724,-8.769015,-5.6939025,6.9882345,-2.7227848,8.158821,15.381551,3.1393385,-8.603985,-5.0608244,13.927097,10.548359,-11.103048,-8.107368,-26.024494,-11.031842,21.064125,-8.120053
P18239,-13.172599,15.626853,19.077316,-3.686783,9.156815,-3.0980923,-0.68030983,-14.786629,-7.709732,-14.403869,-12.437559,-11.920304,3.5029912,16.000082,10.512533,-21.8983,-6.4983797,-3.1360493,1.9119948,12.249083,11.579908,9.8036785,-16.92161,10.142465,17.54454,-0.9671225,-10.767676,-9.693873,-20.444887,11.155436,17.193857,-6.7583504,-10.716498,-9.44337,-10.036987,-14.537143,-8.684323,5.2608943,11.618646,-18.681324,-9.829344,-11.714813,-20.412846,-0.6679734,17.320675,-12.385152,-1.9042464,-7.948009,-4.8245006,6.3328185,-2.2645261,7.4980288,13.652928,2.53124,-7.3413053,-4.368697,12.951451,9.525902,-10.46506,-7.2965817,-23.301136,-9.896439,19.026596,-7.5014367
P0AG40,-5.032616,3.0180113,7.038045,-1.6227726,2.0357537,-0.85790014,0.25520763,-4.438581,-1.9938824,-3.995428,-3.337346,-2.2731872,1.6529936,2.9324296,3.8175814,-5.521833,0.11901112,0.24190804,1.5374371,3.4044433,2.8476586,1.387638,-3.5519304,0.31397012,4.6762514,-0.527436,-1.7314227,-3.0553198,-5.9534483,2.7376766,3.991344,0.17704152,-1.0195616,-3.7615566,-0.9647259,-4.325266,-4.449266,1.060219,3.9854891,-4.2993717,-2.956356,-2.4168117,-4.0134225,1.06507,3.7673872,-2.7131922,-0.9891442,-2.6885197,-1.978659,0.88354313,0.11568448,2.2599933,4.1526947,0.22065271,-1.8758621,-1.6299543,3.5315557,4.395878,-2.359829,-2.0820177,-6.971596,-0.3971981,5.0911593,-3.2271607
P16686,-12.300955,15.835451,17.75487,-4.0456176,9.974944,-2.8056884,-1.2362565,-14.292951,-8.076648,-13.358083,-12.043292,-11.991644,3.2661567,16.320707,10.178942,-22.035126,-8.001403,-3.8220592,1.3589813,12.603988,11.583262,10.527308,-17.09679,11.619306,18.154058,-0.82450294,-11.9012375,-9.27908,-20.15218,11.223973,17.53678,-7.9997625,-11.564333,-8.829643,-10.946437,-13.35515,-8.904956,5.4831266,11.096481,-18.104471,-9.810438,-12.492737,-21.443542,-1.8281821,17.657532,-12.329015,-2.205477,-7.547741,-4.7299623,6.427451,-2.8438814,7.158538,13.493787,3.1116064,-7.9629416,-4.4347677,12.461293,8.2898655,-10.19242,-7.537638,-22.898743,-10.986075,19.252699,-6.850825
P0DPB6,-22.860983,28.525959,33.753395,-6.9971776,18.139069,-4.852106,-1.6224285,-25.514755,-14.8738,-25.673195,-22.146122,-22.069458,6.1471376,29.42225,18.642561,-40.616196,-12.181025,-6.3520403,3.578,21.348534,20.132645,17.299196,-31.671955,19.52781,31.275875,-1.5849845,-19.721804,-16.4812,-36.344833,19.625877,31.156618,-12.886186,-19.900978,-16.141335,-18.824505,-24.832886,-15.869762,9.831137,21.058285,-33.39225,-17.491854,-21.408125,-37.94514,-2.1505425,32.508354,-22.587553,-3.231516,-13.690751,-8.05881,11.423744,-4.768348,12.854229,24.553253,5.38156,-13.009474,-7.531379,22.824291,16.330978,-18.47976,-13.214444,-42.37955,-19.24456,34.591698,-11.817504
Q9NQX3,-11.043263,12.904476,16.326937,-3.8703501,8.495841,-2.2708209,-0.88944864,-12.152232,-7.130468,-11.60904,-10.401673,-9.903796,3.205251,13.289307,9.161628,-18.94102,-5.4489684,-2.8595932,2.0032973,10.598929,9.639285,7.9296365,-14.296746,8.549026,15.14558,-0.824862,-9.307802,-7.824572,-17.547255,9.176879,14.448573,-5.728559,-8.807944,-8.121484,-8.31621,-11.481748,-8.6809,4.5065656,10.246858,-15.194699,-8.479825,-10.229555,-17.451658,-1.0363177,14.933269,-10.255544,-1.9846278,-6.5623837,-4.383151,4.8475842,-1.941141,6.1935935,11.809695,2.4169433,-6.482773,-3.8888514,10.408012,8.135031,-8.147723,-6.322025,-20.198847,-8.19727,16.311893,-6.0836525
P20042,-12.298578,10.491281,16.671091,-2.5050514,5.267344,-2.8446007,0.54433227,-12.269254,-4.869076,-11.730848,-9.4856205,-7.8735795,3.133495,10.490468,9.114692,-15.093949,-2.7459,-0.78529316,2.060859,9.003242,8.438557,5.9977994,-11.472384,4.7646327,12.19501,-1.2025373,-6.599446,-8.245586,-15.831517,8.772297,12.6905575,-2.2750983,-5.8948145,-7.9161043,-5.3486533,-12.597239,-7.4400415,3.4718091,8.802207,-13.942732,-7.487434,-7.213117,-13.35491,1.6544411,11.51457,-9.257334,-1.8329645,-7.0176826,-4.0586534,4.7729483,-1.1070566,5.8339486,10.741676,1.3328838,-5.3358088,-3.6303074,10.572908,9.535055,-8.164957,-5.338992,-17.817509,-5.092026,13.776121,-7.3190675
C0LGQ5,-9.501586,8.591619,13.336586,-2.5989838,5.13298,-1.9625973,0.07908029,-9.509738,-4.524965,-9.087238,-7.607247,-6.531828,2.6697614,8.651856,7.3199005,-12.971017,-2.3960998,-0.93926805,1.9239297,7.437325,6.7640214,4.8974104,-9.584491,4.191898,10.444515,-0.8704617,-5.5705166,-6.361271,-12.82887,6.7480044,10.143691,-2.3008606,-4.9647694,-6.606338,-4.6462173,-9.424193,-6.8582654,2.9333687,7.6232357,-10.933696,-6.2106414,-6.3590436,-11.275772,0.8037369,9.817632,-7.2484107,-1.5394611,-5.4026904,-3.3828824,3.4263475,-0.9107096,4.7011786,8.762952,1.2492968,-4.376293,-3.004072,8.153235,7.4295335,-6.219024,-4.5332255,-14.803214,-4.288881,11.565064,-5.573467
P06745,-13.276261,16.013885,19.692053,-4.1561,9.968751,-2.9015787,-0.87816256,-14.809651,-8.341718,-14.646842,-12.753054,-12.338908,3.7117314,16.445116,10.806235,-23.030075,-6.4168544,-3.3719885,2.3106594,12.491655,11.710645,9.77929,-17.603394,10.369738,18.113384,-0.94838434,-10.939273,-9.649772,-20.986391,11.107313,17.449907,-6.979984,-10.916479,-9.810776,-10.302684,-14.43496,-9.488573,5.443049,12.370118,-18.95281,-10.148153,-12.191431,-21.085802,-0.90659636,18.141718,-12.575583,-1.9185123,-7.9530535,-4.979544,6.1350026,-2.2659166,7.636494,14.074494,2.7043674,-7.3949575,-4.455337,12.99372,9.769316,-10.39862,-7.5319595,-24.285297,-10.143342,19.705229,-7.3688054
P13929,-13.204539,14.112053,19.253004,-3.8079903,8.667644,-2.7138271,-0.3463217,-13.936684,-7.388167,-13.886607,-11.684243,-10.867758,3.6541927,14.342127,10.445653,-20.813286,-4.6285405,-2.3162267,2.6449227,11.220261,10.458053,8.138023,-15.68487,8.023077,16.244877,-1.0002587,-9.074073,-9.229986,-19.259235,10.1305485,15.650249,-5.048266,-8.940628,-9.555936,-8.428292,-13.862033,-9.365942,4.722458,11.668814,-17.188309,-9.410376,-10.442563,-18.376766,0.2483505,16.081865,-11.3156185,-1.8021755,-7.684507,-4.661358,5.435586,-1.7204565,7.0836053,13.099866,2.159312,-6.4789543,-4.1723795,12.293742,10.065193,-9.641358,-6.860334,-22.551311,-8.149212,17.923985,-7.440464
P03372,-11.341458,13.06437,16.660192,-3.7596684,8.400254,-2.3931835,-0.75604886,-12.399138,-7.0547004,-11.962869,-10.581162,-10.03148,3.25875,13.417296,9.278455,-19.08005,-5.3187156,-2.7342074,2.0176985,10.609966,9.726407,8.001855,-14.440426,8.43831,15.201881,-0.88554806,-9.236995,-8.03741,-17.717627,9.309501,14.600217,-5.5881863,-8.803505,-8.274697,-8.310789,-11.873368,-8.615564,4.546365,10.355506,-15.505933,-8.542313,-10.173648,-17.506367,-0.78492266,14.990111,-10.4162855,-1.9254798,-6.7253895,-4.389641,4.983381,-1.9138656,6.3229537,11.923251,2.3456407,-6.424625,-3.9195917,10.690835,8.396792,-8.420311,-6.384044,-20.41249,-8.142621,16.482168,-6.2919736
P01597,-21.733864,29.23491,32.03763,-6.612446,17.674788,-5.1796913,-2.0069823,-25.527235,-14.225513,-25.106577,-22.217705,-22.379642,5.6808167,29.94641,17.874353,-40.391724,-13.473754,-6.9460363,2.5115747,22.160946,20.783747,19.071533,-31.352032,20.559694,32.27363,-1.5808512,-20.605217,-16.716276,-35.95001,19.931051,31.196957,-14.364805,-20.969345,-15.971155,-19.896091,-24.79462,-14.710971,9.893122,20.355064,-33.500175,-17.533623,-22.218998,-38.46008,-2.6560764,31.993439,-22.466915,-3.0205808,-13.387711,-8.09815,11.68816,-4.823318,13.171656,23.962494,5.204038,-13.19809,-7.5347347,22.859802,14.888622,-19.028297,-13.294546,-41.376564,-19.857323,34.707863,-12.203517
O75344,-19.789001,26.99686,28.89507,-6.210511,16.802088,-4.5911736,-2.101477,-23.435022,-13.497043,-22.625425,-20.1116,-20.58487,5.056507,27.894226,16.40002,-37.046444,-13.692212,-6.7715197,1.9871387,20.451086,19.177166,17.731325,-29.205505,20.242172,29.769016,-1.2149242,-19.871418,-15.140474,-33.13824,18.624136,29.323225,-13.977681,-20.018625,-14.058887,-18.929966,-22.235462,-13.431137,9.262014,18.226353,-30.71831,-16.066338,-20.817623,-36.217342,-3.3431149,29.998156,-20.905407,-3.1205661,-12.258145,-7.280023,11.124123,-5.016063,11.74973,22.16711,5.3192453,-12.850612,-6.940852,20.85097,13.101476,-17.302717,-12.331129,-37.891148,-19.387712,31.943056,-10.579882
Q03790,-13.766569,16.165146,20.017206,-4.3099704,9.98832,-3.056287,-0.9289388,-15.3094,-8.390006,-14.637039,-12.945919,-12.321364,3.757432,16.561344,11.228663,-23.060024,-6.9441504,-3.4819553,2.1024919,13.113218,12.062701,10.131995,-17.612701,10.702809,18.56733,-1.0608432,-11.56471,-9.92658,-21.611433,11.675784,18.047173,-7.1448703,-11.093908,-9.843278,-10.403632,-14.747886,-9.919753,5.5471835,12.246457,-19.15173,-10.418436,-12.488453,-21.54544,-1.0389317,18.221796,-12.904172,-2.3294084,-8.247549,-5.2715096,6.42796,-2.4902265,7.7101145,14.496537,2.885431,-7.9940143,-4.736213,13.242173,9.94999,-10.5379,-7.723448,-24.645742,-10.334964,20.019476,-7.7293105
O95399,-18.728958,24.80434,27.712214,-6.4365377,15.740756,-4.316327,-2.1153843,-21.880512,-12.868639,-20.890186,-19.15859,-18.998465,5.1288934,25.644512,15.838522,-34.7801,-12.1015415,-6.4584785,2.2845612,19.63677,18.045424,16.175426,-26.91914,18.150904,27.868902,-1.472771,-18.56657,-13.94177,-31.818481,17.32673,27.316845,-12.560596,-17.968103,-13.461313,-16.954786,-20.603535,-13.807579,8.676381,17.534822,-28.48814,-15.208437,-19.573399,-33.539547,-3.2014248,27.88974,-19.566998,-3.3589911,-11.491716,-7.5382514,9.835104,-4.386337,11.112473,21.123194,5.0264564,-12.19747,-6.8122497,18.975985,12.924235,-15.442258,-11.512178,-36.120155,-17.241518,29.91777,-10.160804
Q9NQX1,-15.940877,19.62103,23.23692,-4.95823,12.2356615,-3.5808356,-1.2207011,-17.982933,-10.120828,-17.423918,-15.396235,-15.044726,4.3058763,20.25746,13.058081,-27.701782,-8.849104,-4.4815817,2.2204444,15.341943,14.30323,12.358525,-21.531662,13.620187,21.96147,-1.2043793,-14.138221,-11.586138,-25.555895,13.908048,21.829044,-9.059182,-13.79394,-11.202194,-12.990873,-17.235283,-11.18036,6.807857,14.309225,-23.046041,-12.204279,-15.059631,-26.300245,-1.6872782,22.173222,-15.685686,-2.604496,-9.616975,-5.962771,7.942097,-3.2883878,9.01037,17.099453,3.7706132,-9.5099,-5.4571195,15.714454,11.296503,-12.686345,-9.218676,-29.204006,-13.180011,23.93428,-8.595386
P0AC19,-15.501022,19.823227,22.616636,-4.7567167,12.060218,-3.6321726,-1.2990636,-17.900862,-9.896243,-17.269522,-15.28673,-15.091049,4.1076565,20.322561,12.673507,-27.538889,-9.234834,-4.565547,1.9085331,15.47384,14.422963,12.850669,-21.322378,13.88303,22.26708,-1.096962,-14.25348,-11.646695,-25.184055,13.890142,21.581018,-9.566631,-14.154106,-11.222686,-13.325249,-17.277382,-10.688022,6.763825,14.125135,-23.003202,-12.199074,-15.210956,-26.25528,-1.7654228,21.935375,-15.424472,-2.441691,-9.48817,-5.8590665,7.99862,-3.2771544,9.105685,16.828323,3.5101306,-9.437318,-5.414949,15.737297,10.766449,-12.871798,-9.200228,-28.723421,-13.280255,23.852848,-8.684856
P17555,-9.00903,8.619686,12.885037,-2.8831227,5.424749,-1.8367378,-0.2684188,-9.29037,-4.804037,-8.57968,-7.554407,-6.5291142,2.6087239,8.754502,7.225703,-13.054001,-2.920839,-1.3829244,1.8357881,7.7856765,6.929705,5.0824685,-9.561662,4.736139,10.699843,-0.7929298,-6.074188,-6.069355,-12.989468,6.7409062,10.19298,-2.8874595,-5.2791,-6.419941,-4.906978,-8.916965,-7.035076,2.9798253,7.570759,-10.735027,-6.2669864,-6.7967553,-11.58793,0.13651831,10.01255,-7.203148,-1.7296559,-5.1897273,-3.5525208,3.2820227,-1.0054098,4.6224227,8.790549,1.4237818,-4.703837,-3.0514793,7.734738,6.9805703,-5.7995343,-4.510962,-14.772045,-4.6276217,11.540345,-5.287913
P01575,-11.462904,12.854975,16.650827,-3.7449884,8.134591,-2.464481,-0.7280978,-12.493442,-6.889652,-11.815116,-10.539284,-9.819618,3.2443974,13.197578,9.378492,-18.722937,-5.294422,-2.6880615,1.9438187,10.722684,9.754101,7.957207,-14.153981,8.26561,15.082627,-0.9501216,-9.260639,-8.084534,-17.76315,9.424703,14.621578,-5.410496,-8.614771,-8.198444,-8.097178,-11.905105,-8.653887,4.4736557,10.140687,-15.366435,-8.526609,-10.076561,-17.31051,-0.7219755,14.69929,-10.418114,-2.0684571,-6.786501,-4.493324,5.0019073,-1.8961653,6.28449,11.91836,2.3736608,-6.559556,-3.9701655,10.659508,8.463397,-8.350504,-6.324842,-20.254868,-7.9776397,16.306202,-6.45816
P02767,-14.01916,14.703067,20.392607,-4.324354,9.076831,-2.984166,-0.5363109,-14.801249,-7.907567,-14.282722,-12.510042,-11.263521,3.9786003,14.953555,11.306804,-21.708143,-5.1781416,-2.7321248,2.666593,12.413845,11.279118,8.660865,-16.215351,8.583181,17.199596,-1.2691891,-10.143667,-9.577043,-21.000048,10.97826,16.77776,-5.426754,-9.319344,-9.926395,-8.656956,-14.539622,-10.4039,5.076594,12.182263,-18.069813,-10.0240965,-11.233564,-19.458164,-0.14373723,16.852991,-12.1354,-2.4189665,-8.173081,-5.4184933,5.70955,-1.9214284,7.4574914,14.14606,2.4341407,-7.367161,-4.699973,12.61422,10.751169,-9.702398,-7.2271523,-24.011042,-8.441473,18.843287,-7.9293113
P06307,-16.7852,22.106636,24.783417,-5.6322246,13.756185,-3.9293325,-1.796336,-19.648209,-11.228277,-18.732935,-17.095825,-16.887491,4.562352,22.75358,14.096222,-30.93744,-10.525879,-5.5632396,2.0571804,17.562405,16.149967,14.519978,-23.805431,15.803793,25.004988,-1.3104736,-16.284708,-12.67113,-28.21999,15.42075,24.150848,-11.037206,-15.886606,-12.288167,-15.021618,-18.622673,-12.239395,7.621316,15.701815,-25.384274,-13.623601,-17.375364,-29.62951,-2.508601,24.573217,-17.26788,-2.8626006,-10.309056,-6.7309422,8.696587,-3.703388,10.068063,18.723751,4.248663,-10.708799,-6.0649543,17.110188,11.607064,-13.984264,-10.26715,-32.083122,-15.052664,26.680063,-9.439238
O70201,-9.494823,7.3176947,13.129867,-2.437919,4.1016884,-1.9567288,0.38076085,-9.060218,-3.853673,-8.52776,-7.0569334,-5.5059752,2.6793904,7.2060337,7.1805897,-11.410021,-1.2473171,-0.3342454,2.094755,6.916486,6.1390657,3.9292383,-8.122847,2.5768957,9.317883,-0.99819016,-4.506,-6.1111298,-12.008454,6.238442,9.000872,-1.0689574,-3.6138823,-6.5029473,-3.298218,-9.189108,-6.892412,2.4643133,7.1707587,-9.843839,-5.8049617,-5.305497,-9.423695,1.499834,8.333105,-6.4687366,-1.61397,-5.281064,-3.426322,2.933885,-0.489622,4.438961,8.239854,0.82435864,-3.930353,-2.9423356,7.6146717,7.721273,-5.6026473,-4.0642157,-13.747928,-2.793436,10.365341,-5.8129196
P09429,-11.75941,13.116539,17.03222,-3.6367872,8.212026,-2.5371466,-0.5960207,-12.7206545,-6.9404044,-12.269165,-10.719886,-10.0535965,3.3021846,13.465228,9.47996,-19.036154,-5.2305365,-2.580863,2.0050852,10.635051,9.814705,7.9972463,-14.508414,8.315995,15.145613,-0.95638573,-9.210319,-8.268903,-17.938515,9.5338545,14.841406,-5.3486223,-8.733607,-8.336937,-8.215043,-12.279791,-8.556243,4.559471,10.330326,-15.776013,-8.587102,-10.052146,-17.521027,-0.53199816,14.979612,-10.631408,-1.9612938,-6.9445205,-4.415842,5.180346,-1.9272481,6.393113,12.071587,2.34229,-6.4817567,-3.9655664,10.981111,8.717103,-8.6571455,-6.417702,-20.57521,-8.098668,16.561508,-6.5236516
Q96B02,-11.357033,13.386129,16.585194,-3.8657997,8.685392,-2.4414587,-0.9278968,-12.603502,-7.269384,-11.918339,-10.745554,-10.263475,3.2350948,13.875505,9.412579,-19.36214,-5.992816,-3.0719173,1.810689,10.93935,10.014241,8.383942,-14.842677,9.200001,15.496445,-0.89722157,-9.9069395,-8.062181,-18.169323,9.656286,15.227643,-6.0687094,-9.287695,-8.061644,-8.754716,-11.809996,-8.6314,4.73307,10.233646,-15.804034,-8.643532,-10.599229,-18.25408,-1.2521551,15.441037,-10.832449,-2.1183825,-6.784608,-4.4834166,5.242463,-2.1803675,6.3118377,12.152201,2.6978936,-6.8713045,-4.002392,10.748903,8.222966,-8.484949,-6.525171,-20.682476,-8.803328,16.793686,-6.1636224
P00445,-13.95954,17.206787,20.769882,-4.67482,11.04194,-3.018954,-1.1763747,-15.690521,-9.224903,-15.323804,-13.625119,-13.250692,3.9578996,17.75428,11.562867,-24.737192,-7.4668,-3.9753866,2.3190198,13.58312,12.595923,10.621245,-18.965483,11.7394495,19.504454,-1.0166279,-12.286909,-10.054731,-22.687712,11.990213,18.944723,-7.941677,-11.990818,-10.189796,-11.284582,-15.040993,-10.361873,5.9794583,13.107825,-20.207045,-10.86639,-13.369165,-23.02575,-1.5686111,19.707687,-13.60369,-2.3085423,-8.398645,-5.42967,6.622617,-2.699455,8.026046,15.1953125,3.176199,-8.2826,-4.8621655,13.605543,10.150475,-10.83227,-8.118984,-26.076653,-11.289282,21.159342,-7.522593
P0CT31,-8.951077,6.7716827,12.308431,-2.2521675,3.7482033,-1.8534876,0.40264994,-8.511654,-3.5376465,-7.9779863,-6.5667,-5.083138,2.5189471,6.6653795,6.7289596,-10.564171,-1.1050688,-0.2270415,1.9651381,6.432544,5.7217917,3.6377983,-7.5225725,2.300824,8.672908,-0.9379936,-4.1453257,-5.7635837,-11.189937,5.8303375,8.390524,-0.89166814,-3.2989223,-6.1101713,-3.011146,-8.628064,-6.443165,2.2758958,6.673667,-9.16696,-5.410469,-4.888985,-8.712557,1.489979,7.6964555,-6.013793,-1.5154489,-4.9727097,-3.2022705,2.7395387,-0.4270156,4.1551056,7.681268,0.74336714,-3.6653192,-2.7568843,7.1482806,7.2800336,-5.260648,-3.7992446,-12.794852,-2.5159888,9.652911,-5.5089808
P08254,-11.95286,13.7542305,17.279882,-3.6565254,8.321552,-2.7768106,-0.707523,-13.239935,-7.0541506,-12.603839,-11.20479,-10.488078,3.328119,14.107184,9.681602,-19.571215,-5.811814,-2.8842137,1.7796627,11.266036,10.4007015,8.694891,-14.950637,8.953327,15.808766,-1.0322579,-9.883804,-8.574991,-18.698692,10.046719,15.508378,-5.916578,-9.328312,-8.489932,-8.727515,-12.790635,-8.5050335,4.7784653,10.471966,-16.502953,-8.87973,-10.603578,-18.29672,-0.773451,15.436132,-11.123422,-2.0696387,-7.159843,-4.665323,5.503631,-2.0522058,6.6919503,12.450668,2.4162276,-6.8677425,-4.1447496,11.328381,8.752688,-9.013746,-6.622209,-21.125658,-8.577816,17.116234,-6.800832
P07492,-21.011524,30.404957,31.892399,-7.4536886,19.414139,-4.9828596,-2.8835309,-25.463743,-15.74998,-24.931677,-22.889795,-23.434748,5.8336945,31.579693,18.010826,-42.184006,-15.311272,-8.409246,2.4467716,23.091965,21.615202,19.88028,-32.965103,23.094837,33.343746,-1.4571543,-22.598928,-16.092293,-37.607716,20.324078,32.568954,-16.384604,-22.651936,-15.592387,-21.392435,-24.064913,-15.246451,10.62386,20.967136,-34.484325,-17.902348,-23.902485,-40.837013,-4.7626977,34.184483,-23.449244,-3.474672,-13.15659,-8.555528,11.844592,-5.457032,13.222425,24.83123,6.0512815,-14.263244,-7.7717543,22.296333,14.279094,-18.414925,-13.655233,-42.854504,-21.806322,35.785812,-11.04644
P0AFX0,-12.2533245,15.530235,18.20364,-3.7754662,9.479586,-2.8474498,-0.8861178,-13.992525,-7.8258796,-13.905149,-12.134777,-11.928791,3.4353855,15.887873,9.921652,-21.921843,-6.535685,-3.3222191,1.8890024,11.897784,11.230253,9.807636,-16.795055,10.286951,17.456074,-0.8724165,-10.629662,-9.178135,-19.761189,10.547551,16.563623,-7.142891,-10.799075,-9.27641,-10.210823,-13.737413,-8.566953,5.2833543,11.645533,-18.173267,-9.583379,-11.767729,-20.242573,-1.0248263,17.252796,-11.90613,-1.6841694,-7.4576607,-4.6362305,5.9629164,-2.237598,7.3536825,13.200592,2.4407241,-6.969728,-4.2286215,12.360621,8.869086,-10.086823,-7.2300353,-22.822933,-9.866832,18.81969,-6.9395914
Q96SB4,-16.060904,21.037777,23.622,-5.065972,12.860604,-3.83432,-1.4960229,-18.726254,-10.525202,-18.129528,-16.239496,-16.089115,4.3358927,21.648535,13.262595,-29.231812,-9.861089,-5.0616856,1.9446658,16.345968,15.262368,13.70577,-22.66979,14.906632,23.473091,-1.2178122,-15.2222185,-12.113524,-26.66562,14.600195,22.873234,-10.321635,-15.084254,-11.6767845,-14.230272,-17.999006,-11.17126,7.2433066,14.893247,-24.356247,-12.804146,-16.22413,-27.942068,-2.13376,23.311996,-16.420406,-2.5477185,-9.870439,-6.2222986,8.405745,-3.4931538,9.59926,17.706179,3.8537717,-9.952508,-5.6846824,16.414925,11.168261,-13.478083,-9.702964,-30.349405,-14.2241535,25.228987,-8.943944
P06151,-17.070711,22.301388,25.125319,-4.984941,13.552796,-3.9375725,-1.3170358,-19.74285,-11.010133,-19.673021,-17.003853,-17.153479,4.469964,22.98897,13.849156,-31.037249,-9.904309,-4.9952865,2.2867045,16.548431,15.816596,14.110301,-24.3202,15.473123,24.405863,-1.0919896,-15.365248,-12.93222,-27.586657,15.1708555,23.960062,-10.529623,-15.884264,-12.39272,-15.066249,-19.218182,-11.2058735,7.522017,15.837928,-25.883436,-13.381377,-16.727057,-29.327671,-1.7416028,24.776873,-17.285978,-2.1835387,-10.427848,-6.0472693,8.958353,-3.5784245,10.087545,18.45102,3.9707925,-9.954682,-5.6550436,17.733412,11.894172,-14.660576,-10.159413,-31.92729,-15.161151,26.582062,-9.305978
P0C0L5,-14.120928,17.841019,20.948483,-4.8816214,11.546547,-3.0515065,-1.3735915,-16.059376,-9.476321,-15.479459,-13.950829,-13.710571,3.9706218,18.410795,11.814432,-25.577824,-8.063776,-4.286765,2.1677876,14.151846,12.996294,11.3001995,-19.584484,12.443922,20.37551,-1.0493245,-12.944247,-10.345367,-23.197268,12.399556,19.63418,-8.51199,-12.580038,-10.359509,-11.933075,-15.168154,-10.711132,6.202801,13.304161,-20.623224,-11.216416,-14.034975,-24.061203,-1.8322846,20.292057,-14.011034,-2.3966858,-8.529486,-5.54778,6.854552,-2.9081388,8.212451,15.525988,3.4724827,-8.654047,-5.0050864,13.98231,10.035906,-11.246975,-8.468798,-26.696524,-11.943475,21.948803,-7.711695
P0ABU9,-8.555643,6.387263,11.922366,-2.35775,3.733381,-1.6976856,0.32107145,-8.059751,-3.5343454,-7.54158,-6.2987165,-4.8150287,2.5033648,6.273803,6.5174365,-10.241752,-0.9049769,-0.23926559,2.0429754,6.2333694,5.4499245,3.3455925,-7.1460686,2.0505111,8.385854,-0.9117274,-3.9254458,-5.4289985,-10.808472,5.4727783,7.9143834,-0.7956622,-3.0189388,-5.978486,-2.758406,-8.122335,-6.5468674,2.1732004,6.593388,-8.640337,-5.242447,-4.7348247,-8.276775,1.3747548,7.401215,-5.6541204,-1.5219053,-4.724738,-3.186486,2.4272904,-0.3384631,3.9905312,7.4323173,0.69393915,-3.512708,-2.6982274,6.693768,7.070834,-4.8304667,-3.6541672,-12.421489,-2.2192528,9.283224,-5.2670946
P04626,-12.952143,15.031484,19.041435,-4.302502,9.618546,-2.7629225,-0.91848344,-14.224985,-8.111557,-13.682182,-12.184155,-11.529754,3.6876228,15.43758,10.655992,-21.849894,-6.248569,-3.272753,2.230261,12.274904,11.22014,9.230913,-16.563982,9.842397,17.398832,-1.0362731,-10.757279,-9.156572,-20.435038,10.781841,16.840914,-6.5370812,-10.188891,-9.352964,-9.573035,-13.632648,-9.79914,5.237216,11.781675,-17.8485,-9.8051815,-11.728133,-20.1683,-1.034702,17.233133,-12.054463,-2.2681549,-7.6995225,-5.072492,5.793735,-2.26989,7.218707,13.725296,2.7478611,-7.469271,-4.5037255,12.2193775,9.553598,-9.606081,-7.2752633,-23.4229,-9.479369,18.855698,-7.1460757
P00883,-7.599214,8.606861,11.021973,-2.4635882,5.2682414,-1.7954462,-0.45913005,-8.419508,-4.49039,-7.8906493,-7.097941,-6.549521,2.2596788,8.830999,6.137371,-12.388891,-3.5976784,-1.7158159,1.2256167,7.226678,6.6522026,5.544416,-9.322783,5.4764028,10.230844,-0.66236347,-6.2255263,-5.4907503,-11.921488,6.2457933,9.696369,-3.6933284,-5.791466,-5.6564593,-5.4431787,-8.045217,-5.6897697,3.0278616,6.8253913,-10.351229,-5.6633015,-6.7818556,-11.452477,-0.47371617,9.675706,-6.8552575,-1.3784802,-4.563807,-3.1218367,3.2805488,-1.1478834,4.36713,7.8978004,1.3982788,-4.3754244,-2.7409346,7.0716157,5.674676,-5.5977297,-4.287204,-13.418863,-5.0942516,10.923734,-4.4945784
P09960,-12.168651,14.752922,17.658802,-3.7880464,8.942099,-2.8586948,-0.8997774,-13.799902,-7.4395933,-13.113571,-11.715598,-11.227928,3.3344905,15.127054,9.928179,-20.772099,-6.567852,-3.256351,1.652714,11.911575,11.007312,9.546409,-15.91098,9.939722,16.909998,-0.9795626,-10.648013,-8.98752,-19.431274,10.566229,16.360426,-6.756946,-10.261904,-8.808192,-9.659219,-13.250368,-8.643968,5.074997,10.892007,-17.363773,-9.343475,-11.434114,-19.612535,-1.0792325,16.388327,-11.6752615,-2.0439172,-7.3733525,-4.750766,5.873155,-2.2745516,7.0272765,12.930194,2.6102576,-7.2381067,-4.273689,11.927778,8.683282,-9.634473,-7.019559,-22.022442,-9.490694,18.12517,-6.9923563
P61459,-7.592748,6.019307,11.102138,-2.6164696,4.0699606,-1.3643281,0.015217826,-7.1890497,-3.8291047,-6.809621,-5.9296107,-4.6323786,2.4596307,6.0057135,6.042057,-10.073117,-0.9310808,-0.5515822,2.163929,5.92389,5.1065874,3.00184,-6.9068327,2.199085,8.037869,-0.77665013,-3.8616402,-4.6920195,-10.328041,4.844494,7.2935724,-1.1082919,-2.9685266,-5.6416726,-2.7212262,-7.079931,-6.5922837,2.1354697,6.5787277,-7.9750366,-4.964839,-4.777097,-7.9946914,0.746169,7.392615,-5.194324,-1.492809,-4.1905394,-3.13025,1.9287045,-0.29991785,3.7075946,7.0747147,0.73889065,-3.341372,-2.5557222,5.8019953,6.478681,-4.012294,-3.441381,-11.972239,-2.198093,8.818288,-4.5026345
P00558,-14.051102,18.631353,20.944624,-4.592206,11.709399,-3.2554588,-1.3816731,-16.378721,-9.621904,-16.084078,-14.342799,-14.353821,3.9092286,19.317139,11.661703,-26.134344,-8.679679,-4.547771,1.941436,14.206403,13.414354,11.8810215,-20.374182,13.357637,20.635195,-0.9715725,-13.411873,-10.5043,-23.618656,12.69193,20.221355,-9.200058,-13.433719,-10.297595,-12.684733,-15.662881,-9.906205,6.4675555,13.406957,-21.605206,-11.254089,-14.395633,-24.853409,-2.1142259,21.027113,-14.539925,-2.1777592,-8.62831,-5.42693,7.308811,-3.0840828,8.431361,15.684585,3.4945123,-8.724624,-4.941602,14.340545,9.890381,-11.713229,-8.570737,-27.022999,-12.765162,22.350124,-7.5307174
P52735,-12.213704,13.638762,17.778315,-3.8887475,8.389092,-2.70523,-0.69017905,-13.306338,-7.1462064,-12.662711,-11.261516,-10.37924,3.4568264,13.84967,9.920883,-19.773926,-5.383146,-2.7361286,2.0637562,11.458211,10.383799,8.484816,-14.772487,8.435184,16.057726,-1.0616385,-9.63679,-8.671851,-18.825735,9.983232,15.269539,-5.6373997,-9.000416,-8.904677,-8.423346,-12.932358,-9.150306,4.692759,10.857849,-16.349806,-9.096175,-10.58347,-18.051619,-0.51126164,15.338177,-10.914296,-2.1359074,-7.2448254,-4.8405147,5.260492,-1.8776532,6.8029323,12.633347,2.2306886,-6.8043294,-4.261565,11.380115,9.1026325,-8.933528,-6.6704903,-21.461725,-8.088756,17.241762,-7.102987
O04019,-13.171278,13.343032,18.805191,-3.6487129,8.059907,-2.7702518,-0.20358574,-13.6920805,-6.9767375,-13.35838,-11.277624,-10.218335,3.595657,13.586085,10.341308,-19.59924,-4.490555,-2.0972693,2.4574666,10.912258,10.109211,7.717323,-14.867343,7.5737867,15.4131565,-1.104924,-8.874794,-8.995636,-18.842302,10.037178,15.338695,-4.5196066,-8.355659,-9.075917,-7.79984,-13.552819,-9.172324,4.549592,10.9761505,-16.556307,-9.039866,-9.865688,-17.565779,0.34615913,15.253294,-11.088371,-2.0368586,-7.623869,-4.6536937,5.4089804,-1.7497358,6.7615986,12.794884,2.18054,-6.5300064,-4.1678343,11.892458,10.026985,-9.238097,-6.60246,-21.72613,-7.6667523,17.13183,-7.3646255
P04418,-15.581707,23.69157,23.985094,-6.136046,15.681648,-3.6034799,-2.665562,-19.367487,-12.640298,-18.673775,-17.503727,-18.23643,4.445806,24.725624,13.688864,-32.969685,-12.690215,-6.9734516,1.7920274,18.121546,16.840609,15.728365,-25.719212,18.778503,26.343204,-0.90787464,-18.116491,-12.141576,-29.045109,15.593924,25.266497,-13.573782,-18.128525,-11.927734,-17.167683,-17.826757,-12.04184,8.332389,16.248886,-26.387669,-13.912308,-19.126814,-32.214264,-4.5483336,26.892204,-17.968727,-2.8147414,-9.883596,-6.6418266,8.9933195,-4.407071,10.128496,19.16556,4.915502,-11.384621,-6.0366964,16.82399,10.336033,-13.890312,-10.698618,-33.086235,-17.491524,27.87585,-8.089367
O88587,-9.548829,8.427307,13.366342,-2.6802542,4.9777713,-2.0054517,0.058079198,-9.536656,-4.4540796,-8.928438,-7.6134706,-6.361419,2.7021897,8.432346,7.4027915,-12.76369,-2.3383076,-0.9368212,1.9077226,7.6271615,6.808349,4.8768435,-9.290617,3.9963324,10.462187,-0.94150937,-5.6038647,-6.356585,-12.931826,6.794186,10.064177,-2.208672,-4.785572,-6.6450634,-4.440427,-9.433296,-7.0634503,2.8877714,7.577219,-10.787635,-6.249512,-6.34341,-11.080034,0.81820476,9.577369,-7.1741333,-1.6862485,-5.4271016,-3.555646,3.3457503,-0.8579753,4.717338,8.804434,1.1961833,-4.477346,-3.1013095,8.047548,7.5032377,-6.0713687,-4.501041,-14.764728,-4.0258713,11.46201,-5.7341614
P13569,-12.403772,14.322355,17.993093,-3.7203944,8.834412,-2.723157,-0.6538653,-13.613154,-7.374945,-13.259969,-11.491188,-10.982229,3.4094005,14.696592,9.965738,-20.550938,-5.792474,-2.838309,2.012057,11.316943,10.555926,8.822482,-15.764297,9.196648,16.32422,-0.950554,-9.904773,-8.915501,-19.025396,10.224104,15.948947,-6.0030785,-9.667596,-8.871563,-9.131416,-13.206308,-8.744287,4.91156,11.001835,-17.071579,-9.176146,-10.862236,-18.987608,-0.5939434,16.17557,-11.439737,-1.8944277,-7.377345,-4.5420327,5.683941,-2.1124952,6.8792677,12.796856,2.5050395,-6.8311744,-4.1310987,11.917248,9.064958,-9.536746,-6.889382,-21.92033,-9.008583,17.829346,-6.912053
P76015,-9.520827,8.462636,13.219025,-2.725591,5.0228963,-2.013522,-0.04276472,-9.622611,-4.535367,-8.758439,-7.5725617,-6.320326,2.6392453,8.506934,7.4420834,-12.644913,-2.7987196,-1.0974262,1.7581878,7.836555,6.9495792,5.013088,-9.28278,4.396004,10.562422,-0.89131963,-5.9822035,-6.330365,-13.093964,6.9925294,10.283792,-2.4920838,-5.0192704,-6.4789534,-4.5962296,-9.376275,-7.0419755,2.9181585,7.3920293,-10.798389,-6.289676,-6.511619,-11.301826,0.52026993,9.669233,-7.26534,-1.8664376,-5.4528913,-3.6135843,3.4799833,-1.0158019,4.653878,8.903129,1.311033,-4.799032,-3.159475,7.9987364,7.341936,-5.9864774,-4.5076594,-14.721231,-4.314824,11.434356,-5.6618114
O15198,-15.1925745,19.563444,22.338278,-5.0159807,12.413959,-3.3930671,-1.4189771,-17.416986,-10.073221,-16.852747,-15.046653,-14.954219,4.161176,20.068012,12.55761,-27.578627,-9.121417,-4.6101336,2.0216305,15.281136,14.079831,12.623275,-21.206987,13.791413,22.186676,-1.1043178,-14.155606,-11.311648,-24.852692,13.537247,21.273535,-9.525742,-13.944261,-11.130624,-13.2203865,-16.63159,-11.145329,6.7751427,14.179055,-22.465012,-12.099086,-15.190413,-26.160568,-1.9346968,21.88365,-15.147183,-2.486797,-9.247038,-5.8163514,7.7026443,-3.3140543,8.917621,16.686983,3.6214666,-9.3259325,-5.4107957,15.341896,10.575502,-12.518773,-9.229255,-28.619066,-13.135917,23.79696,-8.367906
P27635,-15.242903,16.616653,21.854963,-4.173892,9.885006,-3.3588228,-0.43278238,-16.326384,-8.376577,-16.029146,-13.625075,-12.716865,4.0782757,16.919384,12.025806,-23.853281,-6.140238,-2.9282146,2.517797,13.206206,12.32783,9.985972,-18.25674,10.015192,18.828007,-1.256537,-11.152281,-10.747827,-22.477028,12.16835,18.660444,-6.296607,-10.817871,-10.615519,-10.143762,-16.188755,-10.315859,5.6371183,12.963944,-20.206984,-10.822759,-12.263708,-21.758348,-0.005401648,18.640842,-13.51033,-2.2320826,-8.962448,-5.382484,6.783284,-2.338242,8.15254,15.187229,2.721484,-7.8579435,-4.8935423,14.351139,11.31605,-11.409041,-7.992486,-25.897327,-10.007089,20.786999,-8.557745
O64903,-14.017435,16.375683,20.601593,-4.438147,10.3651,-3.0147204,-0.872666,-15.365821,-8.711471,-15.070535,-13.2002125,-12.61321,3.9490504,16.838451,11.414058,-23.680729,-6.6576486,-3.458431,2.40264,12.976815,12.040428,9.936839,-18.119864,10.671287,18.59242,-1.1018163,-11.460959,-9.917204,-21.95376,11.612575,18.227156,-7.004348,-11.084936,-10.036374,-10.426171,-14.891223,-10.207558,5.6920085,12.724237,-19.51595,-10.495389,-12.523218,-21.818048,-0.9752491,18.740454,-13.135454,-2.2572842,-8.329402,-5.285271,6.3980136,-2.479232,7.79528,14.760009,2.944135,-7.8637023,-4.750964,13.35679,10.349986,-10.58486,-7.8332796,-25.289576,-10.379526,20.37345,-7.6009974
Q92569,-10.748765,11.341323,15.511094,-3.2103527,6.6795816,-2.4262679,-0.3697168,-11.524379,-5.786329,-10.95178,-9.597074,-8.59568,3.0329826,11.419934,8.565794,-16.51856,-3.9976335,-1.9497563,1.9120655,9.705544,8.810813,6.99941,-12.191118,6.4124236,13.543647,-0.96792614,-7.725258,-7.623096,-15.9700365,8.45072,12.720012,-4.228227,-7.180641,-7.9029455,-6.7027907,-11.376704,-7.868337,3.8278313,9.330256,-13.847398,-7.7608247,-8.674287,-14.760465,0.107885875,12.593684,-9.09926,-1.7788311,-6.3296847,-4.211045,4.3529296,-1.3156898,5.925651,10.71686,1.6103133,-5.6029806,-3.6634257,9.842984,8.176944,-7.6911807,-5.616507,-18.189722,-6.2161136,14.517627,-6.5125356
P76014,-12.045829,11.7224865,16.751993,-3.0211585,6.565772,-2.699904,0.00037839584,-12.525215,-5.6966786,-11.904216,-10.015805,-8.852586,3.1555066,11.82034,9.285316,-16.919188,-3.8853319,-1.5823969,1.9741752,9.8720045,9.098181,7.07548,-12.779725,6.3174906,13.756782,-1.089176,-7.7731752,-8.388452,-16.662325,9.156507,13.637351,-3.7015452,-7.19273,-8.203176,-6.712985,-12.455817,-8.007829,3.9152598,9.458153,-14.666967,-8.064187,-8.579366,-15.273929,0.76269287,12.951476,-9.802313,-1.8557787,-6.9839563,-4.21059,4.9423456,-1.4435558,6.131663,11.277059,1.7819954,-5.8505483,-3.783725,10.873023,9.058722,-8.541351,-5.881003,-18.991413,-6.439704,15.129821,-7.1536365
Q74JU6,-12.903024,12.944075,18.376722,-3.6368117,7.7239304,-2.7504423,-0.1833175,-13.371924,-6.628091,-12.926126,-11.015813,-9.843175,3.557533,12.985586,10.1143465,-19.062338,-4.191438,-1.9238015,2.3647122,10.882287,9.866471,7.6925635,-14.133487,6.9893303,15.342057,-1.1810435,-8.548018,-8.909263,-18.29572,9.76433,14.697564,-4.305689,-7.9267316,-9.148097,-7.4354925,-13.324216,-9.300172,4.3859963,10.799479,-15.932665,-8.936998,-9.627034,-16.874626,0.58940315,14.483749,-10.562018,-2.0283973,-7.4620805,-4.69114,5.129575,-1.5812632,6.731219,12.4541025,1.9025872,-6.29748,-4.205421,11.6317215,9.838407,-9.073507,-6.5191693,-21.15325,-6.988505,16.787916,-7.576064
P9WQP3,-16.459866,21.387672,23.762943,-4.558051,12.145008,-4.333706,-1.2685883,-19.404415,-10.061143,-18.657976,-16.616018,-16.255434,4.261508,21.983253,13.32798,-28.881824,-10.175484,-5.001229,1.5227306,16.602396,15.745646,14.242706,-22.691648,15.105743,23.444271,-1.3510362,-15.508582,-12.576423,-27.123903,15.181574,23.400936,-10.391213,-15.376977,-11.618355,-14.370683,-18.944847,-10.295329,7.3113575,14.5401945,-25.162458,-12.80836,-16.178238,-28.047796,-1.8986586,23.158993,-16.916616,-2.5437286,-10.2191105,-6.316263,8.967066,-3.5279632,9.859579,17.816462,3.7169373,-10.144005,-5.7518334,16.923223,11.363797,-14.037293,-9.67524,-30.2743,-14.379471,25.232721,-9.418181
P39310,-18.425552,25.671082,27.903925,-7.999402,18.166578,-3.6606882,-3.2938354,-21.948925,-14.829316,-20.03725,-19.42796,-19.65664,5.2457037,26.923264,16.613277,-36.862167,-14.265547,-7.9823933,2.4608078,21.180294,18.817228,16.762018,-28.417095,20.762863,29.710773,-1.1695867,-20.901388,-13.452577,-33.513847,17.962929,28.89224,-14.566055,-19.51436,-13.273141,-18.416756,-19.292032,-15.897783,9.225376,18.209034,-28.583845,-16.069042,-21.661514,-36.337162,-5.5102463,30.192831,-20.29389,-4.323062,-11.354786,-8.121696,9.796795,-5.2272997,10.901646,22.358074,6.3233733,-13.93628,-7.23122,18.49486,12.272356,-14.616364,-12.12604,-37.95887,-19.400446,31.342985,-9.231819
P0AEU7,-10.782951,12.760837,15.774248,-3.9438107,8.523897,-2.2154768,-1.0339539,-11.981624,-7.059226,-11.098513,-10.174372,-9.724439,3.098273,13.151364,9.054821,-18.63398,-5.8753223,-3.00678,1.7420478,10.725521,9.585035,8.127141,-14.055447,8.828736,15.210229,-0.82888526,-9.615903,-7.703922,-17.328085,9.215961,14.467784,-5.965015,-8.8901005,-7.848226,-8.423419,-11.057148,-8.74212,4.502397,9.86533,-14.797311,-8.415968,-10.349125,-17.541372,-1.3166853,14.711994,-10.151977,-2.152305,-6.436007,-4.3841233,4.86257,-2.1029851,6.0316644,11.660398,2.5948248,-6.7113366,-3.927499,10.194137,7.7181997,-8.011824,-6.345495,-19.817192,-8.358149,16.19611,-5.9907465
P05030,-10.33316,11.986381,15.45791,-3.5774658,7.8774037,-2.1505055,-0.69318163,-11.215208,-6.629307,-11.065371,-9.789125,-9.273388,3.1378949,12.281013,8.465807,-17.754433,-4.5926085,-2.4678638,2.0572016,9.642705,8.848267,7.209787,-13.289786,7.5303354,13.985616,-0.8389347,-8.293146,-7.2582507,-16.304527,8.299295,13.164725,-5.06406,-7.9546394,-7.80942,-7.527684,-10.847581,-8.151685,4.2219605,9.86129,-14.24161,-7.842717,-9.3241,-15.939324,-0.6900226,13.8526945,-9.4260235,-1.7033709,-6.1108966,-4.098196,4.351545,-1.6341023,5.8884535,10.977714,1.9982562,-5.693663,-3.6350842,9.662269,7.863448,-7.575382,-5.887637,-18.948242,-7.1824365,15.210107,-5.70556
P47068,-7.7330365,8.8201685,11.233455,-2.6590095,5.820128,-1.5671906,-0.5479539,-8.470246,-4.7962127,-7.960131,-7.0324707,-6.7374253,2.239656,9.095188,6.3058505,-12.994903,-3.7219007,-1.7513722,1.3928653,7.2332997,6.605454,5.5344853,-9.804694,5.749128,10.609042,-0.51912487,-6.2885165,-5.5942845,-11.875041,6.2709713,9.922137,-3.815478,-6.0042877,-5.7788615,-5.757147,-7.8720384,-6.076788,3.053253,7.0509357,-10.314664,-5.8506694,-7.0199494,-11.976382,-0.5263501,10.148046,-6.908207,-1.3260189,-4.58223,-2.9542017,3.2957761,-1.2657857,4.3121514,8.02772,1.6397861,-4.4438605,-2.6849964,7.314421,5.625273,-5.79159,-4.4756527,-13.774735,-5.533918,11.341878,-4.4083486
O22822,-8.6590185,8.670371,12.261792,-2.3639755,5.244596,-1.8360348,-0.07740728,-9.012028,-4.514113,-8.731714,-7.2800717,-6.6335816,2.4095068,8.886415,6.6982427,-12.7476225,-2.946305,-1.2037143,1.6357821,7.012018,6.603882,5.077762,-9.728172,4.9075556,10.148956,-0.66131234,-5.7212605,-5.993462,-12.199279,6.474658,10.005356,-2.8935113,-5.4602733,-6.0651174,-5.1449814,-8.818269,-5.9731183,2.962542,7.2001324,-10.781417,-5.864813,-6.424599,-11.438195,0.29520848,9.934368,-7.135548,-1.2903085,-5.023156,-2.9986951,3.4902608,-1.072576,4.470062,8.276044,1.3796048,-4.2492056,-2.7240324,7.818678,6.58664,-6.1129227,-4.3958573,-14.085346,-4.936112,11.246113,-4.9009204
P37887,-12.954289,15.846457,19.13099,-4.342393,10.001579,-2.8808267,-1.0922682,-14.61569,-8.367457,-14.014668,-12.567183,-12.082802,3.6563365,16.20333,10.697267,-22.62357,-7.0294685,-3.6112313,2.005517,12.855562,11.758479,10.038276,-17.148808,10.726441,18.305696,-0.97465944,-11.459829,-9.427549,-20.981197,11.189166,17.382303,-7.410885,-11.040142,-9.586077,-10.354005,-14.054741,-9.733987,5.4800787,12.05121,-18.543703,-10.145163,-12.404253,-21.096191,-1.37532,17.875174,-12.38209,-2.2648365,-7.8306503,-5.1747026,6.1061845,-2.4582157,7.5189714,14.061792,2.732226,-7.7807302,-4.645686,12.595301,9.357241,-10.032375,-7.547366,-23.960632,-10.141138,19.532183,-7.282122
P08312,-12.343998,10.049072,16.8636,-2.7903945,5.3059783,-2.66003,0.54930884,-11.999173,-4.858703,-11.451406,-9.305828,-7.542885,3.2514546,9.895433,9.222268,-15.034276,-2.0882752,-0.5652763,2.3670068,8.976373,8.128956,5.5905814,-11.007846,3.9572065,12.207607,-1.265247,-6.11812,-8.156224,-15.548889,8.441463,12.127659,-1.7804452,-5.2587795,-8.215291,-4.825166,-12.319194,-8.2142,3.307888,9.049283,-13.307336,-7.55111,-7.0116563,-12.790265,1.967588,11.0929,-8.792575,-1.884391,-6.9314895,-4.16756,4.3209095,-0.88399523,5.7943726,10.675193,1.1829892,-5.109394,-3.6951685,10.363141,9.741038,-7.883169,-5.330341,-17.819372,-4.346601,13.678569,-7.5105615
P21583,-13.581007,15.8530445,19.99128,-4.3068724,9.813367,-2.981272,-0.8498261,-14.980905,-8.257992,-14.567958,-12.828704,-12.136825,3.8142538,16.147089,11.057583,-22.888266,-6.278735,-3.274766,2.323767,12.830592,11.784862,9.785143,-17.245773,10.005664,18.301147,-1.0871136,-10.974096,-9.7788315,-21.22419,11.253977,17.411383,-6.760598,-10.624542,-10.02119,-9.994155,-14.622999,-9.999159,5.4070764,12.423824,-18.816048,-10.303074,-12.173627,-20.878302,-0.730846,17.836039,-12.503074,-2.1547766,-8.096602,-5.2493677,6.067818,-2.2106674,7.72071,14.256268,2.5989711,-7.5501285,-4.6652837,13.017787,10.046913,-10.3357115,-7.5872173,-24.43205,-9.692348,19.744291,-7.755354
O88554,-15.945545,18.63174,23.709852,-5.278477,11.9770975,-3.3497667,-1.1536725,-17.511501,-10.239656,-17.114536,-15.1631975,-14.388853,4.5269785,19.255535,13.200318,-27.155521,-7.60194,-4.205767,2.9262767,14.99124,13.860116,11.079209,-20.764944,12.30321,21.118908,-1.2228665,-13.23907,-11.107918,-25.452515,13.30014,20.907211,-8.072925,-12.660132,-11.350274,-11.811459,-16.871477,-11.847888,6.483805,14.64909,-22.322979,-12.056174,-14.435897,-24.997608,-1.4424939,21.671719,-15.1332035,-2.72826,-9.467059,-6.204471,7.1969666,-2.8250387,8.829743,17.062466,3.5030715,-9.1743145,-5.422197,15.017145,11.895112,-11.696927,-8.811248,-29.159082,-11.99532,23.158955,-8.462269
P19414,-12.648998,12.351788,17.987782,-3.5065277,7.4083157,-2.64122,-0.084675275,-12.948013,-6.411252,-12.584991,-10.618287,-9.428299,3.4917097,12.439706,9.871754,-18.343756,-3.7904825,-1.7243915,2.4343882,10.343121,9.436161,7.145985,-13.659674,6.519702,14.586316,-1.1434995,-8.054627,-8.608661,-17.68887,9.385369,14.183798,-3.8546195,-7.448077,-8.845643,-6.9782367,-12.907391,-9.038521,4.1930194,10.473562,-15.376953,-8.588982,-9.115736,-16.142284,0.71153754,13.986646,-10.226036,-1.9593352,-7.2650146,-4.508186,4.9224715,-1.4754612,6.457796,12.061261,1.8607106,-6.0250916,-4.0291023,11.255134,9.736074,-8.71531,-6.2518587,-20.492933,-6.6261597,16.132694,-7.306831
P0C0V0,-8.924345,7.366478,12.582805,-2.7344005,4.593755,-1.7375538,0.052133918,-8.665331,-4.1788325,-8.011164,-6.905305,-5.553124,2.6277947,7.3087993,6.986374,-11.627038,-1.7304031,-0.7151183,2.0292892,7.0631843,6.1150875,4.0923457,-8.194633,3.1272364,9.585337,-0.9041037,-4.902233,-5.7615485,-11.914682,6.0754237,8.942801,-1.6499606,-3.9255526,-6.323785,-3.630528,-8.517727,-7.143928,2.5479739,7.174586,-9.52445,-5.811324,-5.6989408,-9.776733,0.8812746,8.575646,-6.322365,-1.711995,-4.9945865,-3.452394,2.7541616,-0.63467973,4.3083525,8.177832,1.0083511,-4.1031437,-2.9550471,7.1909413,7.1873484,-5.241929,-4.1146526,-13.685072,-3.1464498,10.428233,-5.398906
P32527,-11.55798,10.806996,16.234474,-3.046106,6.186152,-2.5195997,0.05656758,-11.7681465,-5.4708915,-11.260617,-9.503988,-8.188976,3.167742,10.83632,8.927253,-15.964374,-3.1818082,-1.3418938,2.1504996,9.320569,8.490464,6.3138804,-11.834915,5.4215164,12.89766,-1.107718,-7.0644336,-7.8452606,-15.887985,8.482465,12.6065645,-3.1138027,-6.3600087,-7.993305,-5.9019217,-11.795758,-8.067252,3.6531982,9.237842,-13.703888,-7.660024,-7.9368515,-14.029576,0.8944991,12.098836,-9.088831,-1.8527398,-6.634863,-4.1707425,4.399964,-1.1926415,5.836042,10.782722,1.5180836,-5.426165,-3.6806443,10.106198,8.957578,-7.7861094,-5.524193,-18.16908,-5.5062995,14.222339,-6.8629394
P40763,-10.839843,10.981955,15.576275,-3.2927191,6.841304,-2.2549644,-0.30249006,-11.289466,-5.9214907,-10.817679,-9.351555,-8.391706,3.085793,11.170977,8.626276,-16.332314,-3.794369,-1.8192714,2.093263,9.28903,8.446838,6.463334,-12.193799,6.2656684,13.058311,-0.9427149,-7.5161204,-7.393301,-15.768771,8.262146,12.654203,-3.8547747,-6.879334,-7.6721687,-6.4377756,-11.01331,-8.071999,3.7991328,9.247269,-13.530235,-7.5861545,-8.3792095,-14.594157,0.10372349,12.626047,-9.055411,-1.8525614,-6.2798915,-4.068642,4.279356,-1.4057612,5.6531844,10.684914,1.8061323,-5.560674,-3.5934322,9.650903,8.302803,-7.4268317,-5.5595527,-18.125229,-6.181031,14.308099,-6.170422
O96033,-10.319691,8.708947,14.009384,-2.1785696,4.595034,-2.234699,0.49458945,-10.157096,-4.0941873,-9.802983,-7.772428,-6.5571895,2.6631193,8.672173,7.5959206,-12.824059,-2.0268176,-0.44479784,1.9037098,7.339876,6.858855,4.9069247,-9.632554,3.7119617,10.363883,-0.9320027,-5.1970024,-6.979013,-12.889491,7.1018276,10.3811455,-1.7201251,-4.7809873,-6.8734155,-4.458109,-10.373302,-6.5083823,2.8396025,7.564215,-11.400226,-6.2951865,-5.9752946,-11.08192,1.6195883,9.596213,-7.4758916,-1.391532,-5.833037,-3.254427,3.8085022,-0.8248739,4.8866196,8.866535,1.0604749,-4.2442513,-2.9881449,8.931942,7.9998326,-6.9405136,-4.5751143,-14.8954315,-4.0851893,11.671018,-6.1993256
A1B198,-8.604961,5.876741,11.306023,-1.6628823,2.371191,-2.2194548,0.59252715,-8.328143,-2.7419138,-7.3532906,-6.181356,-4.2781167,2.2995265,5.874059,6.3149867,-8.452558,-1.2807363,-0.13910607,1.4004403,6.0989137,5.6076665,3.353176,-6.3153086,2.062698,7.256203,-1.0590534,-4.131919,-5.41159,-10.845554,5.88904,8.091578,-0.5394241,-2.8585374,-5.1704903,-2.31466,-8.5328865,-5.15576,2.0515282,5.393342,-8.790312,-4.739601,-4.128355,-7.5246224,1.3637099,6.496501,-5.9255157,-1.7759504,-4.880469,-3.2590635,2.9363964,-0.42803288,3.817019,7.1538053,0.630505,-3.8347902,-2.6762505,6.512101,7.011091,-4.6877894,-3.204231,-11.304264,-2.0938108,8.199085,-5.33993
P04156,-11.168523,11.550763,15.986721,-3.3311882,7.0800147,-2.3697767,-0.33332068,-11.7548,-6.0624404,-11.230803,-9.701281,-8.786327,3.1199067,11.699874,8.864818,-16.978376,-4.1341996,-1.927709,2.0238616,9.716727,8.82966,6.9563007,-12.6791525,6.6726522,13.721827,-0.9560716,-7.9009333,-7.7565184,-16.266947,8.647374,13.167445,-4.1996083,-7.325401,-7.9572268,-6.873138,-11.495028,-8.207723,3.9547675,9.511197,-14.092471,-7.9017415,-8.787237,-15.268437,0.102323055,13.079844,-9.393697,-1.8641527,-6.508429,-4.1614413,4.5405674,-1.5069022,5.9044123,11.028454,1.8448787,-5.7780185,-3.7183518,10.127075,8.432189,-7.8861113,-5.8091984,-18.705833,-6.5586233,14.919873,-6.4651623
P32790,-11.264242,13.239043,16.529238,-3.6683383,8.454038,-2.4183052,-0.790002,-12.461945,-7.1114655,-12.027122,-10.603454,-10.162712,3.1893904,13.669358,9.211128,-19.126644,-5.6359572,-2.8514135,1.9105614,10.598676,9.831176,8.138324,-14.657344,8.835221,15.203722,-0.81545585,-9.445809,-8.034218,-17.784077,9.4142685,14.811342,-5.844967,-9.10484,-8.126863,-8.566096,-11.902389,-8.306203,4.603331,10.255411,-15.71525,-8.514864,-10.281371,-17.7679,-0.9768386,15.213713,-10.573466,-1.8987314,-6.727323,-4.3113055,5.1494155,-2.0224242,6.3043365,11.936264,2.4307373,-6.5285387,-3.8692188,10.743578,8.247398,-8.495954,-6.3805513,-20.390726,-8.519305,16.50823,-6.140975
P01317,-10.636476,11.834867,15.363774,-3.3816063,7.4289885,-2.3040044,-0.6008884,-11.558874,-6.2781625,-10.9548435,-9.682558,-9.030479,2.999894,12.141187,8.618582,-17.18653,-4.847899,-2.3673127,1.7785723,9.800328,8.962247,7.3397455,-13.025092,7.5524535,13.88066,-0.8677186,-8.457758,-7.522599,-16.29237,8.675708,13.45307,-4.9123917,-7.914376,-7.600034,-7.4487567,-11.049933,-7.905009,4.1143017,9.327406,-14.177922,-7.8308754,-9.20806,-15.8860855,-0.55365676,13.485082,-9.567299,-1.8704139,-6.295555,-4.093852,4.6428375,-1.7329836,5.8116536,10.946845,2.1319804,-5.9979405,-3.6554277,9.8996105,7.845046,-7.7874312,-5.8501062,-18.600657,-7.28984,15.024692,-6.013681
P16435,-13.237596,14.069885,18.757069,-3.7663035,8.490045,-2.9054668,-0.4017447,-14.06024,-7.1484833,-13.477206,-11.633059,-10.71189,3.5882843,14.301085,10.474197,-20.303818,-5.36883,-2.4671154,2.0884511,11.545142,10.571202,8.646566,-15.421893,8.497252,16.323927,-1.1864557,-9.745854,-9.271059,-19.373156,10.527626,16.087225,-5.3002386,-9.103977,-9.146409,-8.569151,-13.739324,-9.333735,4.856424,11.024827,-17.063444,-9.338514,-10.576093,-18.666492,-0.021799395,15.769539,-11.535417,-2.170189,-7.752101,-4.7953506,5.7690496,-2.057698,6.973127,13.100999,2.4278831,-6.971287,-4.3754296,12.236177,9.77398,-9.697808,-6.981465,-22.214022,-8.375269,17.911232,-7.538279
O13877,-16.46783,19.085762,23.939314,-5.029336,11.711727,-3.6749027,-0.9589793,-18.091076,-9.8224535,-17.539938,-15.447824,-14.608756,4.518347,19.49261,13.362962,-27.313698,-7.801211,-3.9993384,2.5517426,15.372219,14.134548,11.838683,-20.819258,12.292079,21.735289,-1.414927,-13.430763,-11.747384,-25.591637,13.776689,21.291302,-8.102258,-12.841809,-11.671139,-12.058419,-17.632164,-11.786145,6.5879984,14.563267,-22.742685,-12.280972,-14.54674,-25.309446,-0.9285096,21.445015,-15.358348,-2.6966617,-9.801388,-6.2417874,7.611412,-2.902957,9.142716,17.17511,3.3689432,-9.236201,-5.6106315,15.735458,12.042683,-12.546272,-9.116632,-29.297007,-11.951038,23.690012,-9.210684
Q9BYF1,-12.945266,14.676311,18.643744,-4.0156965,9.124238,-2.845673,-0.7431276,-14.135892,-7.64748,-13.476694,-11.896831,-11.195351,3.5716598,15.02873,10.483771,-21.091694,-6.1527376,-3.0139816,1.9968289,11.995419,10.977331,9.166344,-16.079023,9.523758,16.972113,-1.0869033,-10.509171,-9.192127,-19.908255,10.738022,16.611547,-6.2051034,-9.894834,-9.116058,-9.308639,-13.590113,-9.421227,5.103698,11.265605,-17.498167,-9.56195,-11.313141,-19.661177,-0.7400143,16.590183,-11.868743,-2.2435148,-7.6837025,-4.9096937,5.8822627,-2.2744782,7.073775,13.384861,2.6828718,-7.3477554,-4.438673,12.208251,9.427123,-9.689915,-7.163105,-22.732548,-9.209967,18.433609,-7.2526546
P52987,-8.103958,5.4017878,10.916316,-1.9368622,2.6895764,-1.7939185,0.49622414,-7.5697346,-2.7999759,-6.805822,-5.689213,-3.9804301,2.2958379,5.277609,6.0362244,-8.469091,-0.6598679,0.029173419,1.7188753,5.6881924,4.9939594,2.8918643,-5.9274354,1.4142852,7.1896,-0.96192586,-3.461773,-5.0661693,-9.913494,5.1601443,7.174616,-0.25369543,-2.3408608,-5.324934,-2.0123646,-7.696169,-5.738117,1.8526413,5.5996523,-7.790056,-4.635377,-3.920546,-6.945955,1.5251582,6.119358,-5.153838,-1.580195,-4.4832125,-3.0550659,2.312712,-0.22352909,3.6151495,6.7235513,0.51212406,-3.322024,-2.539449,6.081018,6.7222805,-4.324632,-3.1664119,-10.927822,-1.5454028,7.998707,-5.121745
P03971,-14.301277,18.547129,21.205706,-5.101649,12.0532875,-3.180773,-1.6172975,-16.536947,-9.918492,-15.691743,-14.415109,-14.212265,4.0257316,19.223022,12.114598,-26.32299,-9.021068,-4.784574,1.9566461,14.857699,13.601367,11.974788,-20.285845,13.543777,21.127851,-1.0763136,-13.977687,-10.501792,-24.176966,12.991574,20.577765,-9.329895,-13.39466,-10.354208,-12.637597,-15.429028,-10.915653,6.536808,13.468749,-21.358475,-11.550575,-14.796678,-25.250086,-2.458309,21.137495,-14.652211,-2.680991,-8.728171,-5.8207383,7.2358317,-3.2447147,8.393421,16.092564,3.7919524,-9.313714,-5.236533,14.212192,9.995715,-11.429601,-8.753521,-27.478668,-12.802594,22.644705,-7.697458
P68767,-11.45375,11.869047,16.370003,-3.5533283,7.24087,-2.5385067,-0.4597021,-12.145342,-6.262162,-11.353445,-10.122114,-9.00683,3.254427,12.050176,9.219762,-17.371624,-4.4992495,-2.2034163,1.935985,10.325061,9.262624,7.3353915,-12.932798,7.0463862,14.181449,-1.1191239,-8.514342,-7.8995886,-17.106281,9.075181,13.764028,-4.475142,-7.572022,-8.051364,-7.054811,-11.759226,-8.599431,4.1553297,9.66342,-14.532447,-8.158755,-9.224314,-15.8571615,-0.16744494,13.422071,-9.838546,-2.1621127,-6.704762,-4.5416856,4.697558,-1.6238835,6.086039,11.476987,2.0270703,-6.2314095,-3.9700215,10.233934,8.651171,-7.9214935,-5.98613,-19.32817,-6.7719045,15.358259,-6.6783447
O15393,-12.873525,16.01958,18.971405,-4.249637,10.101705,-2.8799145,-1.1101972,-14.622627,-8.3417225,-14.086206,-12.60319,-12.283465,3.5963745,16.504581,10.64299,-22.822563,-7.124569,-3.6952243,1.9283445,12.715604,11.759309,10.185347,-17.497927,10.983098,18.26939,-0.97325325,-11.518744,-9.466421,-20.901295,11.212423,17.641418,-7.4874787,-11.222813,-9.425442,-10.617454,-13.931944,-9.4624195,5.54025,11.940394,-18.68031,-10.074021,-12.490494,-21.441473,-1.42713,18.07644,-12.604224,-2.1245193,-7.7856536,-5.019905,6.2205176,-2.5203986,7.4845915,13.952197,2.9779384,-7.7366915,-4.5203795,12.71137,9.199832,-10.245974,-7.5953507,-23.943172,-10.539767,19.680435,-7.159314
P19544,-11.81771,14.258972,17.383955,-3.8305302,8.7983,-2.7006066,-0.8937361,-13.3182955,-7.395282,-12.766226,-11.399794,-10.868168,3.33413,14.570443,9.678925,-20.30992,-6.149614,-3.1279995,1.8288952,11.587946,10.660361,9.060181,-15.386099,9.435912,16.47807,-0.91895604,-10.191106,-8.641204,-18.956242,10.110005,15.653462,-6.4998145,-9.83508,-8.766708,-9.223876,-12.874695,-8.691637,4.902948,10.8867,-16.810755,-9.146034,-11.093531,-18.863243,-1.0356215,15.974527,-11.169968,-1.9980817,-7.1422253,-4.7086434,5.5011263,-2.0966585,6.8759923,12.657652,2.3688738,-6.9481654,-4.195681,11.463221,8.6009655,-9.152056,-6.7950573,-21.585796,-8.947554,17.596384,-6.777029
P19971,-12.878537,17.351841,19.295948,-4.7206354,11.305132,-2.9309597,-1.6100826,-15.155901,-9.280101,-14.447598,-13.345938,-13.30169,3.697536,17.990482,10.967872,-24.492428,-8.643596,-4.5924096,1.7162286,13.769033,12.662795,11.320489,-18.87819,12.890405,19.718884,-0.9270321,-13.118247,-9.600089,-22.327234,11.925858,18.985731,-9.056799,-12.710227,-9.560632,-11.989113,-14.143721,-9.905583,6.131607,12.516754,-19.847555,-10.657303,-13.893097,-23.535725,-2.5524578,19.722197,-13.494714,-2.4077704,-7.9477353,-5.363504,6.6720014,-3.0338562,7.8150268,14.8153105,3.44177,-8.602869,-4.833965,13.010744,8.958397,-10.525943,-8.124814,-25.352709,-12.035863,21.006924,-6.9358606
P01563,-11.917557,13.582237,17.296522,-3.7425442,8.421401,-2.6365323,-0.70787156,-13.074097,-7.1039567,-12.497778,-11.052015,-10.378653,3.3354168,13.922004,9.675448,-19.576523,-5.5841746,-2.7958515,1.9333887,11.114808,10.211115,8.451867,-14.876468,8.730245,15.734129,-0.98323035,-9.650488,-8.4976635,-18.468718,9.862106,15.286851,-5.7443275,-9.138763,-8.537362,-8.590964,-12.58712,-8.710354,4.7006474,10.548123,-16.229542,-8.862671,-10.499068,-18.122513,-0.69081795,15.374758,-10.932792,-2.0300257,-7.0886045,-4.5918036,5.340665,-1.9966421,6.609762,12.376351,2.410837,-6.7438135,-4.0934477,11.2489805,8.761812,-8.906188,-6.600042,-21.076403,-8.436204,17.047455,-6.735504
O75563,-16.268738,17.66349,23.255247,-4.4983053,10.635841,-3.4508767,-0.45761684,-17.319925,-8.847765,-16.988218,-14.371689,-13.500411,4.2907634,17.891888,12.834917,-25.536966,-6.368927,-3.004778,2.724018,14.040797,12.968137,10.641989,-19.396053,10.448593,20.245806,-1.318566,-11.674721,-11.554463,-23.597172,12.880523,19.72062,-6.5793386,-11.39463,-11.4391575,-10.797708,-17.122374,-11.245667,5.920388,13.836238,-21.224459,-11.605951,-13.042395,-23.14764,0.22869611,19.70838,-14.20276,-2.2881289,-9.510369,-5.610236,7.1408825,-2.4650881,8.651972,16.067396,2.9152834,-8.234532,-5.1732974,15.429766,11.970013,-12.328402,-8.594858,-27.52408,-10.5779295,22.264635,-9.26229
O75112,-11.625759,10.601401,16.007488,-2.5046346,5.643812,-2.6303601,0.35937968,-11.790235,-5.075273,-11.476102,-9.265621,-8.034078,3.005325,10.713525,8.688452,-15.263565,-3.0510404,-1.0266796,2.01784,8.687673,8.269378,6.0432696,-11.728672,5.284676,12.122472,-1.0181876,-6.6666102,-7.894632,-15.399358,8.442584,12.518085,-2.7555172,-6.261232,-7.6466026,-5.7550807,-12.011735,-7.0896263,3.5238836,8.756274,-13.785253,-7.3060775,-7.365771,-13.580559,1.2163024,11.809737,-9.112137,-1.6236224,-6.6804805,-3.7877262,4.6750727,-1.2025328,5.675161,10.453749,1.4415771,-5.1800485,-3.43026,10.264215,8.946393,-7.997658,-5.2944913,-17.528883,-5.5649467,13.699071,-6.7252774
O15054,-18.467413,26.753082,27.279512,-5.516315,15.765132,-4.8344975,-2.0745046,-22.723032,-12.681667,-22.19217,-19.85485,-20.395262,4.7515106,27.557241,15.250522,-35.87366,-13.579045,-6.82465,1.4668502,19.951624,19.03442,18.06289,-28.321205,20.004677,29.02555,-1.2167376,-19.426538,-14.738843,-32.099796,18.037745,28.285955,-14.281604,-20.01349,-13.642453,-18.866783,-21.995895,-11.718541,9.090437,17.57654,-30.464167,-15.431347,-20.414902,-35.11694,-3.3674192,28.952341,-20.330566,-2.6094964,-11.720984,-7.0759587,10.925714,-4.670338,11.782071,21.132698,4.7178082,-12.148723,-6.6349397,20.214188,12.190619,-17.100637,-11.837369,-36.306187,-18.914677,30.902672,-10.351078
P15291,-11.937137,12.533538,17.032114,-3.298861,7.414853,-2.6233013,-0.25679588,-12.664303,-6.3389263,-12.244021,-10.444927,-9.553662,3.2254412,12.742517,9.376609,-18.114998,-4.5108204,-2.0699863,2.045558,10.274145,9.486249,7.5629387,-13.752831,7.3127613,14.52024,-1.0098585,-8.455931,-8.354034,-17.363266,9.362426,14.229133,-4.561651,-8.021346,-8.368575,-7.4924774,-12.503957,-8.22987,4.2529383,10.003368,-15.373865,-8.3768425,-9.3180895,-16.417944,0.17209159,14.072995,-10.2522745,-1.8484476,-6.9942503,-4.295012,5.084256,-1.6515989,6.299751,11.717901,1.9903727,-6.1042275,-3.8391955,11.026958,8.931384,-8.673199,-6.148897,-19.90391,-7.288117,15.900896,-6.8532524
P0DP23,-12.324941,13.504217,17.824896,-3.7212186,8.348669,-2.6361594,-0.5212337,-13.226099,-7.054209,-12.811815,-11.094421,-10.33508,3.4277966,13.769564,9.869721,-19.670742,-5.088279,-2.4963255,2.1667583,10.987191,10.10496,8.17898,-14.870323,8.218624,15.683012,-1.0089823,-9.251661,-8.684978,-18.460709,9.830493,15.179243,-5.280606,-8.821714,-8.817601,-8.311901,-12.895454,-8.937026,4.6266074,10.781679,-16.268925,-8.939074,-10.256766,-17.874996,-0.2351715,15.304189,-10.882097,-1.9575691,-7.244221,-4.5627446,5.2979155,-1.8685801,6.678092,12.470639,2.2737136,-6.552242,-4.0982056,11.500155,9.188858,-9.068387,-6.6242704,-21.297022,-8.08791,17.12003,-6.9796686
P17931,-11.931021,13.043285,17.183538,-3.4923596,7.947309,-2.593155,-0.44798014,-12.820899,-6.7154083,-12.433498,-10.704398,-9.977648,3.2897248,13.307841,9.493944,-18.903883,-4.8971443,-2.3487315,2.0519998,10.541432,9.76071,7.922846,-14.350859,7.907842,15.079281,-0.97063136,-8.878912,-8.446384,-17.765589,9.507374,14.667067,-5.0509925,-8.520349,-8.500698,-8.029347,-12.533111,-8.457738,4.45234,10.342556,-15.760939,-8.590551,-9.83735,-17.210516,-0.14560752,14.717582,-10.522914,-1.8406847,-7.021269,-4.358166,5.169809,-1.7875925,6.4618807,11.985899,2.169364,-6.2867417,-3.9272428,11.1732645,8.878889,-8.84791,-6.382308,-20.469616,-7.8088117,16.491816,-6.7831445
Q9UTI7,-16.314352,20.193985,23.895521,-5.0169926,12.277247,-3.8140714,-1.227595,-18.53028,-10.232415,-17.98121,-15.959347,-15.444256,4.43763,20.71659,13.342103,-28.35475,-8.931886,-4.5839515,2.2431276,15.942478,14.836529,12.835132,-21.853638,13.737538,22.655172,-1.3004332,-14.434182,-11.967193,-26.336647,14.285629,22.199255,-9.327037,-14.1034,-11.702399,-13.2241745,-17.998323,-11.37162,6.9550595,14.794235,-23.786156,-12.586398,-15.455536,-26.729013,-1.5952926,22.528112,-16.001545,-2.630932,-9.895146,-6.2783847,8.087577,-3.2090976,9.437871,17.549023,3.572263,-9.660369,-5.6682715,16.134264,11.667854,-13.04169,-9.404117,-29.958208,-13.185482,24.507273,-9.0817
P23202,-10.765632,10.817817,15.184502,-2.7619975,6.2426643,-2.338135,-0.057409752,-11.284186,-5.3845725,-10.921719,-9.076769,-8.235171,2.8540885,11.000271,8.315284,-15.707986,-3.5754852,-1.4993825,1.9277912,8.791301,8.255357,6.3873763,-11.960343,5.9759917,12.5593605,-0.8386388,-7.0126786,-7.5563607,-15.057323,8.163876,12.385101,-3.5555975,-6.767156,-7.492965,-6.352968,-11.184017,-7.1398635,3.5847247,8.790273,-13.441743,-7.316196,-7.9088173,-14.087471,0.5510203,12.137403,-8.893949,-1.512251,-6.258301,-3.6768506,4.4364347,-1.2939974,5.5739923,10.206924,1.6483126,-5.2059674,-3.3152227,9.878501,8.115794,-7.774176,-5.3593516,-17.352282,-6.1362596,13.857152,-6.255708
O00399,-15.481907,15.226353,21.1969,-2.9639785,8.192055,-3.354653,0.5308478,-15.880369,-6.7883987,-16.018057,-12.413072,-11.582528,3.6885371,15.291928,11.371595,-21.57787,-4.4990435,-1.3867087,2.4645457,11.325197,10.9858,8.8192835,-16.819374,7.870314,16.913288,-1.1364794,-8.899384,-11.0107765,-19.92199,11.412073,17.122885,-4.288999,-9.288168,-10.320078,-8.837359,-16.325674,-8.847988,4.8555446,11.814179,-18.94225,-9.939842,-10.170454,-19.267193,1.9261643,16.510544,-12.423818,-1.4847353,-8.910933,-4.2894106,6.771931,-1.9123354,7.666836,13.787356,2.0896645,-6.5122714,-4.2608824,14.704075,11.384827,-11.962097,-7.4336376,-23.605,-8.612581,19.186306,-8.91151
P06367,-11.273824,11.035504,15.871213,-3.1091986,6.5143757,-2.421127,-0.11559263,-11.663241,-5.6169724,-11.09361,-9.447177,-8.37007,3.0729656,11.135567,8.804201,-16.233246,-3.6289928,-1.5767297,2.0149016,9.381939,8.537156,6.599156,-12.119081,5.9694176,13.153584,-1.0227152,-7.379828,-7.7796516,-15.797486,8.50082,12.792323,-3.5616703,-6.751611,-7.8483047,-6.3370776,-11.49071,-7.9994025,3.7386854,9.16409,-13.68831,-7.677902,-8.24343,-14.509988,0.55886805,12.380973,-9.15279,-1.8188353,-6.5104938,-4.063434,4.463611,-1.3502113,5.7781587,10.72303,1.726169,-5.542704,-3.6302645,10.078778,8.555619,-7.848599,-5.621553,-18.13936,-6.016247,14.416466,-6.6418324
O54288,-18.14162,29.942854,28.70631,-6.99935,18.705585,-4.8021135,-3.4355485,-23.767239,-15.133379,-23.328367,-22.076832,-23.08159,5.2079396,31.11135,16.094494,-40.805397,-15.72695,-9.067368,1.7983601,22.567455,21.317333,20.326538,-31.73621,23.451542,32.661057,-1.1338254,-22.348392,-14.958779,-35.74263,19.115685,30.80431,-17.62512,-23.028408,-14.74922,-21.739044,-22.458569,-13.243923,10.30007,20.052383,-33.321243,-17.053009,-23.923952,-39.65146,-5.7509356,33.033813,-22.198706,-2.8273928,-11.8621645,-8.213021,11.097158,-5.057379,12.967045,23.15002,5.5247626,-13.503458,-7.202799,20.694527,12.045372,-17.439827,-12.905527,-40.353394,-21.728386,34.220573,-10.056012
P0A912,-10.0933695,7.024102,13.422063,-2.1283178,3.2484274,-2.3205037,0.6745702,-9.554502,-3.316772,-8.685928,-7.144829,-5.1570997,2.6850293,6.8386154,7.433531,-10.572822,-1.0838766,-0.024690703,1.8778365,7.0604258,6.282581,3.8978016,-7.5813103,2.081388,8.950593,-1.1960888,-4.4371157,-6.445989,-12.243235,6.6455016,9.164196,-0.5135836,-3.2181454,-6.4426856,-2.7927437,-9.840956,-6.6227007,2.348677,6.7269497,-9.980438,-5.754212,-4.8940315,-8.909556,1.9658184,7.6799192,-6.64357,-1.8290803,-5.621862,-3.6083875,3.2185168,-0.4358777,4.4978642,8.311703,0.69226575,-4.1133575,-3.0716217,7.8725443,8.168212,-5.780327,-3.944088,-13.491589,-2.330265,10.023363,-6.37625
P62829,-12.624308,13.994427,18.15818,-3.625199,8.458833,-2.7876983,-0.49020833,-13.657859,-7.1456547,-13.270896,-11.412044,-10.7057,3.4386923,14.311215,10.039979,-20.111536,-5.409774,-2.5874226,2.0760026,11.196929,10.433356,8.533326,-15.388174,8.666022,15.998978,-1.0132605,-9.58133,-8.967132,-18.922123,10.192122,15.735873,-5.5356736,-9.250464,-8.902388,-8.696946,-13.363839,-8.749331,4.780239,10.894798,-16.907518,-9.102141,-10.510458,-18.465805,-0.26511315,15.766016,-11.317082,-1.9335114,-7.4597,-4.57567,5.6329494,-1.9899341,6.8506775,12.742057,2.3658578,-6.733777,-4.140628,11.918072,9.327625,-9.476116,-6.7733583,-21.733267,-8.551247,17.538574,-7.10667
A0A075TRK9,-14.151041,16.337023,20.545187,-4.157399,9.847321,-3.1752229,-0.70161414,-15.555235,-8.236367,-15.183134,-13.171843,-12.4945545,3.8540578,16.638977,11.347233,-23.344667,-6.425708,-3.1946168,2.2526422,13.005137,12.069336,10.123602,-17.767914,10.234509,18.636585,-1.1448846,-11.16467,-10.236964,-21.657154,11.682276,18.019278,-6.772742,-10.91395,-10.213472,-10.286354,-15.276967,-9.900831,5.542608,12.548785,-19.480854,-10.503929,-12.313322,-21.426281,-0.47981453,18.202898,-12.973022,-2.1083133,-8.426622,-5.2295413,6.466466,-2.3158255,7.928299,14.556531,2.6798615,-7.673951,-4.726754,13.653254,10.373331,-10.953474,-7.7991333,-24.935179,-10.03131,20.26181,-8.085756
B2UP57,-14.091708,16.81712,19.649841,-3.0003471,9.214142,-3.4265952,-0.27278274,-15.835102,-7.415016,-15.736697,-12.828772,-12.767878,3.3356333,17.157257,10.69538,-22.761126,-7.0334363,-2.8011088,1.5297605,12.181601,11.951531,10.751913,-18.132378,10.865366,18.252996,-0.8896026,-10.955175,-10.769798,-20.522524,11.909668,18.278028,-6.993713,-11.634394,-9.733397,-11.051552,-15.842859,-7.7914534,5.4838552,11.601266,-19.967289,-10.093845,-11.876514,-21.592297,0.044175357,17.992643,-13.14588,-1.4283725,-8.521121,-4.264939,7.361944,-2.5821688,7.84966,13.852863,2.6122355,-7.29035,-4.258786,14.551973,9.697863,-12.234058,-7.7714033,-23.762539,-10.955362,20.069256,-8.072739
P0AE85,-8.163636,7.145417,11.380842,-2.543482,4.405674,-1.6972821,-0.127883,-8.242034,-4.019564,-7.3161764,-6.482196,-5.317163,2.3479385,7.2059755,6.467981,-10.836338,-2.474892,-0.9970415,1.570722,6.8930235,6.018712,4.266365,-7.8572946,3.7771835,9.189596,-0.77071726,-5.2722926,-5.36706,-11.404061,5.9866877,8.822119,-2.1786056,-4.251254,-5.622889,-3.8756893,-7.8825083,-6.3873634,2.5135055,6.4185495,-9.124772,-5.452365,-5.704692,-9.701173,0.27582163,8.30233,-6.164018,-1.7728752,-4.6747265,-3.2703843,2.852588,-0.8539693,3.9954712,7.7346764,1.1539621,-4.29043,-2.8151808,6.68715,6.3416543,-4.9038615,-3.9036992,-12.72043,-3.5930855,9.829272,-4.8742094
P63085,-13.42994,15.954702,19.581196,-4.1384683,9.840972,-3.0013123,-0.8685911,-14.956604,-8.211209,-14.477979,-12.727625,-12.21705,3.677895,16.387682,10.910728,-22.731815,-6.760309,-3.4034755,2.064074,12.691134,11.775774,9.971782,-17.456417,10.55072,18.137953,-1.0413886,-11.266906,-9.716768,-21.106012,11.3786,17.716572,-7.0189676,-10.946728,-9.6238365,-10.300571,-14.449644,-9.527955,5.485394,12.030736,-18.90023,-10.147968,-12.214641,-21.203117,-0.9836886,17.976591,-12.720018,-2.1498177,-8.051382,-5.06007,6.3364973,-2.4375024,7.5614843,14.134837,2.852236,-7.696111,-4.561157,13.034178,9.713803,-10.441436,-7.5843725,-24.163906,-10.240685,19.682163,-7.477269
P06850,-13.767245,15.893407,20.298105,-4.7522416,10.221654,-2.9506795,-1.0580486,-15.092803,-8.634406,-14.37311,-13.03955,-12.179101,3.9852407,16.264555,11.442844,-23.239008,-6.563153,-3.5691085,2.3772762,13.311506,11.976583,9.851764,-17.412271,10.30475,18.6214,-1.223996,-11.529696,-9.6853,-21.905787,11.490503,17.863708,-6.916035,-10.668779,-10.005415,-10.021495,-14.420929,-10.791247,5.57678,12.579456,-18.838789,-10.506732,-12.561465,-21.388836,-1.1439564,18.177956,-12.79134,-2.5630252,-8.169455,-5.6128025,6.0301576,-2.3736007,7.709154,14.676637,2.9326177,-8.03024,-4.9102697,12.848642,10.21618,-10.047634,-7.7518735,-25.021282,-9.845519,20.081081,-7.7273464
Q9D1M4,-16.015314,21.705875,24.13232,-5.3748045,13.624673,-3.706309,-1.7523631,-18.905136,-11.253023,-18.544191,-16.640583,-16.686493,4.4298296,22.44166,13.432576,-30.392778,-10.2025175,-5.4811664,2.246552,16.67804,15.674514,13.852661,-23.567781,15.649743,24.088812,-1.0336819,-15.652753,-12.080144,-27.40712,14.709133,23.303034,-10.994847,-15.763359,-11.952584,-14.824192,-18.133957,-11.416502,7.4502006,15.6120825,-25.042843,-13.142755,-16.87226,-28.833918,-2.656466,24.447115,-16.758398,-2.4995818,-9.897601,-6.335013,8.40312,-3.547123,9.800175,18.193695,3.9531987,-10.147005,-5.7010856,16.522703,11.241221,-13.452642,-9.845393,-31.321373,-14.912482,25.843367,-8.662299
P01031,-13.917904,15.922547,20.290062,-4.518837,9.980477,-3.0626402,-0.9215007,-15.250876,-8.433612,-14.541385,-13.030427,-12.174653,3.9263794,16.297112,11.419345,-23.026491,-6.5985026,-3.4410412,2.2537062,13.19434,11.98743,9.907972,-17.411304,10.3027315,18.469793,-1.2273415,-11.476201,-9.832868,-21.826185,11.6101885,17.966208,-6.8150363,-10.697314,-9.927979,-10.03128,-14.664449,-10.429183,5.5584416,12.383832,-18.988462,-10.436748,-12.404629,-21.33404,-0.9654179,18.070776,-12.887848,-2.5014114,-8.26859,-5.502829,6.2322288,-2.406882,7.712553,14.617177,2.9049273,-8.004535,-4.865272,13.0514345,10.255239,-10.27955,-7.728003,-24.854942,-9.90441,20.005713,-7.82003
O35235,-9.203015,8.570949,13.033306,-2.797054,5.3068604,-1.895282,-0.1405436,-9.358397,-4.68559,-8.719795,-7.5725565,-6.4995947,2.6471517,8.677235,7.2759266,-12.975856,-2.7363224,-1.2216243,1.8426112,7.672128,6.8527756,5.0204296,-9.526344,4.520471,10.585534,-0.8577461,-5.9200916,-6.1602545,-12.9462595,6.7538195,10.190681,-2.6441042,-5.1218243,-6.458967,-4.775019,-9.069874,-7.0240355,2.9765217,7.552292,-10.76931,-6.2322583,-6.62562,-11.464469,0.3731371,9.894558,-7.23046,-1.7031068,-5.2692547,-3.5188808,3.3351452,-0.9890681,4.636721,8.784198,1.3853023,-4.610423,-3.0612147,7.8546333,7.1548448,-5.926052,-4.5293465,-14.771678,-4.4658647,11.542583,-5.3989367
Q06406,-11.550374,11.485637,16.553812,-3.4425633,7.1140733,-2.3754158,-0.23611839,-11.905087,-6.139749,-11.466687,-9.842952,-8.779294,3.2680914,11.622531,9.143878,-17.170937,-3.7271051,-1.7804394,2.2696905,9.726187,8.807331,6.7013874,-12.745148,6.293804,13.699191,-1.0362221,-7.699676,-7.8552856,-16.516611,8.66699,13.213817,-3.8166902,-7.039516,-8.175236,-6.609331,-11.695504,-8.596205,3.9476757,9.780093,-14.179183,-8.003045,-8.682933,-15.186801,0.35407177,13.143859,-9.475545,-1.910234,-6.6509337,-4.268437,4.4676795,-1.4131256,5.967625,11.233505,1.8369886,-5.731302,-3.7806609,10.249707,8.884984,-7.894403,-5.8485947,-19.097622,-6.289562,15.054897,-6.634615
P0C7P0,-7.696321,6.1531525,10.61165,-1.8946524,3.394241,-1.6685022,0.29587153,-7.509869,-3.2234325,-7.0667686,-5.807396,-4.644546,2.1771743,6.2023354,5.775833,-9.354531,-1.3684229,-0.3554847,1.6221594,5.5908723,5.165459,3.361531,-6.9086967,2.5428064,7.605278,-0.73433524,-3.9121878,-5.0081253,-9.945083,5.1763787,7.618412,-1.1311576,-3.2851994,-5.1982856,-2.9799128,-7.5367494,-5.2702837,2.1017554,5.791033,-8.33135,-4.6767883,-4.4535985,-7.980587,0.9943576,7.087663,-5.4641137,-1.2943506,-4.3420324,-2.7445192,2.5535793,-0.4783603,3.6469524,6.7451863,0.7533552,-3.3372471,-2.3658702,6.251409,6.2131543,-4.6375723,-3.3432033,-11.216706,-2.652657,8.515953,-4.590685
P15822,-16.158623,19.575218,23.691769,-5.0545444,12.362202,-3.476369,-1.1502931,-18.00726,-10.240098,-17.641459,-15.422521,-15.060589,4.39171,20.18662,13.211763,-27.98324,-8.390415,-4.31648,2.541764,15.226647,14.201801,12.042706,-21.640036,13.24022,21.972878,-1.1660664,-13.781799,-11.649165,-25.556004,13.776435,21.685524,-8.747687,-13.566484,-11.471976,-12.809349,-17.331085,-11.485709,6.739313,14.653386,-23.033781,-12.300779,-14.953181,-26.167948,-1.4251989,22.284315,-15.6016865,-2.5084374,-9.669032,-5.9343534,7.784985,-3.1459532,9.052006,17.19089,3.696086,-9.321177,-5.4197636,15.833152,11.606361,-12.705784,-9.228988,-29.498295,-12.965396,24.03727,-8.672921
P00390,-11.726052,12.010913,16.34878,-2.4856768,6.801068,-2.503025,0.2278151,-12.199387,-5.670955,-12.385716,-9.680312,-9.211123,2.9335508,12.235311,8.717126,-17.147114,-3.8133097,-1.3201846,2.0225236,8.773484,8.640008,6.894255,-13.462359,6.63553,13.290538,-0.7509487,-7.182901,-8.345558,-15.671239,8.728828,13.4336815,-3.7608669,-7.5817757,-7.992269,-7.211603,-12.364361,-6.8948016,3.905238,9.412564,-14.866658,-7.71179,-8.218129,-15.370894,0.9990391,13.367802,-9.71031,-1.1469091,-6.7991567,-3.3494956,5.1600757,-1.5302553,5.9616046,10.781365,1.7421709,-5.1661315,-3.2871506,11.188606,8.678334,-9.06096,-5.8317738,-18.550926,-7.074024,15.066787,-6.5336895
O53580,-10.148771,10.704809,14.526888,-3.1122055,6.3781185,-2.3594604,-0.42025313,-10.909134,-5.5392456,-10.18165,-9.116837,-8.113318,2.9128022,10.875151,8.147164,-15.506183,-4.1274614,-2.0012662,1.6497431,9.2891655,8.403208,6.740603,-11.559459,6.3912244,12.758441,-1.0025015,-7.689634,-7.103099,-15.348269,8.129131,12.321822,-4.142303,-6.8915534,-7.235872,-6.409289,-10.59428,-7.498243,3.744812,8.633346,-13.126323,-7.278434,-8.319696,-14.1987095,-0.19998758,11.986014,-8.807456,-1.8980293,-5.9941096,-4.1026583,4.219972,-1.4099524,5.5334377,10.222136,1.7348356,-5.5756254,-3.5637906,9.145547,7.673892,-7.12728,-5.358575,-17.218084,-6.061669,13.745184,-6.024757
P06243,-9.908675,9.81987,14.212023,-3.1418295,6.1619554,-2.0796096,-0.32814392,-10.29918,-5.408961,-9.644535,-8.511197,-7.470773,2.8773468,9.993769,7.952906,-14.690455,-3.481382,-1.6864462,1.9137455,8.644137,7.7505198,5.842435,-10.871391,5.613085,11.913264,-0.9126979,-6.961019,-6.685534,-14.534114,7.5603766,11.513152,-3.4606395,-6.124083,-6.999041,-5.692005,-9.941987,-7.619729,3.444846,8.391477,-12.173231,-6.9353056,-7.6657853,-13.176671,-0.0072727203,11.355322,-8.198829,-1.8849583,-5.739142,-3.9024856,3.7996616,-1.2528241,5.1438246,9.806171,1.654946,-5.2411585,-3.3858123,8.616717,7.6374145,-6.5351396,-5.053232,-16.51038,-5.431657,12.9498625,-5.7032814
P28741,-9.611087,9.283748,13.790598,-2.9745038,5.80867,-1.9670599,-0.19312619,-9.834953,-5.073217,-9.349717,-8.099554,-7.078607,2.8022707,9.377231,7.621114,-14.0561495,-2.914515,-1.376478,1.9834139,8.108666,7.2724423,5.415592,-10.294025,4.921042,11.351489,-0.88185805,-6.2763176,-6.4870963,-13.705815,7.0814,10.764736,-2.9865155,-5.5888863,-6.911189,-5.2369018,-9.611006,-7.4017677,3.2135046,8.176756,-11.5392885,-6.636958,-7.1329894,-12.305853,0.34032717,10.686294,-7.667045,-1.6845427,-5.5187287,-3.6777391,3.5129588,-1.0497291,4.9686913,9.310234,1.4261063,-4.7682443,-3.2116413,8.340979,7.497352,-6.3409123,-4.836115,-15.785926,-4.847922,12.378039,-5.62005
O43704,-13.239652,15.4865,19.088785,-3.7461996,8.972903,-3.1895392,-0.6850085,-14.829829,-7.5907893,-14.26267,-12.493878,-11.780126,3.5546582,15.811958,10.59933,-21.688581,-6.445291,-3.139065,1.8411669,12.442634,11.631213,9.855519,-16.645323,9.952886,17.547676,-1.0995153,-10.839337,-9.70464,-20.583752,11.230483,17.182833,-6.645563,-10.527158,-9.451398,-9.838226,-14.560779,-8.869125,5.254885,11.532479,-18.579824,-9.8443,-11.699216,-20.261658,-0.6359505,17.054829,-12.381389,-2.0590374,-7.983456,-5.0169425,6.287945,-2.229218,7.5287375,13.687893,2.5148437,-7.4416194,-4.4857793,12.857547,9.613875,-10.3637705,-7.291118,-23.269712,-9.628504,18.964773,-7.686973
O88470,-11.49408,13.785059,16.969618,-3.9411824,8.946396,-2.4747987,-0.94694626,-12.791115,-7.474958,-12.292239,-11.033923,-10.596067,3.3268003,14.232803,9.5176325,-19.968678,-6.0054445,-3.1349185,1.9174339,11.126431,10.21568,8.586305,-15.224158,9.344405,15.908763,-0.89864755,-10.00576,-8.206527,-18.513231,9.741622,15.395721,-6.26997,-9.528318,-8.369137,-8.990073,-12.123333,-8.789367,4.8547664,10.651326,-16.225399,-8.84785,-10.845609,-18.608063,-1.2353272,15.844138,-10.981663,-2.0416043,-6.881258,-4.556511,5.2803698,-2.1601107,6.526499,12.394048,2.6107135,-6.846056,-4.07057,10.976033,8.396522,-8.691843,-6.6707106,-21.20667,-8.911068,17.218483,-6.268292
P03452,-14.244019,18.046143,20.855497,-4.3255587,11.020498,-3.3146894,-1.0864296,-16.303265,-9.028752,-15.950131,-14.010878,-13.83034,3.851595,18.554613,11.586622,-25.270863,-8.036705,-4.025126,1.9195055,13.875824,13.048396,11.538449,-19.592167,12.384101,20.1549,-1.0457345,-12.7143755,-10.6403265,-22.9506,12.514959,19.639263,-8.430513,-12.717322,-10.344585,-12.031302,-15.779423,-9.78492,6.181277,13.065104,-21.055368,-11.067129,-13.735189,-23.859013,-1.4067775,20.065903,-14.102644,-2.101497,-8.667333,-5.303034,7.2013426,-2.8714454,8.344854,15.319481,3.202162,-8.386122,-4.88612,14.393697,10.052881,-11.788035,-8.406517,-26.336744,-11.949868,21.82361,-7.919175
O13289,-9.264812,9.966711,13.747116,-3.2443376,6.435633,-1.9538763,-0.542929,-9.892304,-5.5845737,-9.437759,-8.500514,-7.652402,2.8454058,10.156522,7.605919,-14.981341,-3.5691624,-1.9565786,1.9325411,8.608728,7.7348847,5.991871,-10.971262,5.8589616,12.056908,-0.8392354,-7.0026903,-6.392221,-14.35345,7.2381926,11.2294,-3.9093843,-6.3608885,-6.9899178,-5.9591646,-9.537874,-7.511017,3.4996655,8.574365,-12.091465,-6.8802123,-7.9140043,-13.274778,-0.35738507,11.529221,-8.011131,-1.7120264,-5.4323244,-3.8776824,3.5522392,-1.1828849,5.1713405,9.616442,1.5931722,-5.051657,-3.3028483,8.274711,7.218806,-6.3165073,-5.022067,-16.42848,-5.5514994,12.966954,-5.3771677
P51881,-10.471907,10.353782,14.792032,-2.8159816,6.266907,-2.1266139,-0.039199624,-10.765669,-5.3014245,-10.502852,-8.668628,-7.91068,2.8331327,10.491932,8.085357,-15.342318,-3.2507625,-1.3289012,2.0126543,8.372977,7.769412,6.009876,-11.569037,5.5712457,12.201351,-0.8142734,-6.6006002,-7.2692795,-14.380805,7.7253056,11.823328,-3.2600858,-6.355782,-7.367133,-6.0456595,-10.624083,-7.307082,3.4611182,8.658487,-12.748062,-7.094917,-7.584249,-13.569233,0.65166175,11.732255,-8.438216,-1.4550948,-6.018148,-3.5020368,4.1455617,-1.245775,5.338172,9.862513,1.6080317,-4.9185624,-3.22391,9.526617,7.9245257,-7.4830904,-5.271611,-16.870602,-5.762085,13.508169,-6.024091
P0AG86,-8.532438,6.141831,11.843525,-2.359269,3.6266966,-1.6301794,0.3748052,-7.9080615,-3.395088,-7.392489,-6.122983,-4.6178274,2.493195,5.9576054,6.4693155,-10.033583,-0.6212577,-0.07292597,2.099121,6.093186,5.2418766,3.1747673,-6.868561,1.668646,8.271594,-0.920895,-3.6305,-5.40909,-10.474228,5.3021326,7.6071405,-0.5321964,-2.7241101,-6.027722,-2.5265768,-7.987905,-6.673274,2.0625865,6.5458565,-8.2951145,-5.1878395,-4.536027,-7.9260345,1.5919201,7.078179,-5.4009476,-1.481342,-4.667259,-3.1281586,2.2792394,-0.24880505,3.9296994,7.2697477,0.611704,-3.3454828,-2.6688323,6.6330423,7.0688705,-4.7839913,-3.6166832,-12.192495,-1.9003023,9.129307,-5.3454127
P34896,-10.6270485,11.919833,15.383259,-3.3960898,7.4822865,-2.3041143,-0.63803047,-11.612231,-6.350876,-10.982857,-9.715146,-9.082091,2.9858422,12.23857,8.631164,-17.257486,-4.983139,-2.4329844,1.770281,9.878615,9.047721,7.392056,-13.101313,7.7082167,13.963629,-0.8278841,-8.569487,-7.529506,-16.394056,8.735961,13.528692,-5.048886,-8.04586,-7.6032805,-7.5448976,-11.094028,-7.8758574,4.1323442,9.35696,-14.271771,-7.874819,-9.298911,-15.9992485,-0.6532455,13.606246,-9.611547,-1.8901882,-6.311501,-4.110699,4.682977,-1.7627827,5.8301425,11.011432,2.1354647,-6.077266,-3.664115,9.918754,7.8170657,-7.7845693,-5.855079,-18.669725,-7.4149885,15.063782,-5.9862804
Q9Y7F0,-10.197813,10.828339,15.084552,-3.56831,7.2545447,-1.9938638,-0.5886112,-10.741468,-6.279484,-10.318751,-9.162242,-8.3608465,3.0708632,11.152695,8.388125,-16.419964,-3.9577267,-2.1568284,2.203068,9.171136,8.292618,6.26222,-12.23075,6.589775,12.92099,-0.834398,-7.6517496,-6.869899,-15.626295,7.9067035,12.430098,-4.195005,-6.9782286,-7.407235,-6.5409503,-10.233424,-8.209593,3.8282683,9.29284,-13.165138,-7.4545946,-8.5674515,-14.671855,-0.49700785,12.861143,-8.879015,-1.8891314,-5.9236665,-4.066411,3.9664476,-1.4435194,5.4486284,10.552683,1.9810274,-5.5768533,-3.508392,9.0415125,7.8896966,-6.8376455,-5.4586067,-18.010298,-6.393581,14.124102,-5.5641932
P01556,-11.891542,13.348787,17.541288,-3.7352154,8.490249,-2.4355512,-0.63947225,-12.884784,-7.2808356,-12.63864,-10.89871,-10.308722,3.341807,13.806433,9.654151,-19.609867,-5.0639486,-2.6580472,2.352601,10.637663,9.971218,7.777772,-15.006094,8.413195,15.25442,-0.80307037,-9.119855,-8.319414,-18.262524,9.536715,15.000087,-5.388714,-8.901546,-8.539113,-8.347601,-12.449266,-8.605028,4.5494514,10.764198,-16.141882,-8.751725,-10.208422,-17.789389,-0.5869166,15.560605,-10.801664,-1.8337034,-7.006089,-4.396123,5.129832,-1.8273153,6.4788504,12.302116,2.3837407,-6.4560943,-3.8619056,11.144973,8.9500675,-8.674383,-6.3970428,-21.100246,-8.377565,16.770481,-6.424282
O76927,-15.205104,19.287512,22.747875,-5.1438284,12.484186,-3.279427,-1.3603624,-17.184381,-10.285988,-16.99649,-15.09995,-14.904576,4.334063,19.893675,12.623468,-27.689976,-8.407728,-4.523991,2.4826221,14.920822,13.866832,11.952866,-21.263842,13.282538,21.688847,-1.1190389,-13.672312,-11.041716,-24.94612,13.18075,20.994019,-9.052314,-13.510425,-11.197762,-12.789146,-16.497103,-11.336616,6.7263484,14.546053,-22.436825,-11.988558,-14.92114,-25.777246,-1.8455236,22.022783,-15.102431,-2.404054,-9.168779,-5.859588,7.3764343,-3.0903678,8.868879,16.726522,3.5842907,-9.029258,-5.3167343,15.065167,10.980139,-12.120256,-9.061346,-28.881458,-12.7724695,23.600023,-8.11023
O95631,-23.2444,32.94479,34.19394,-7.068801,19.868855,-5.7866726,-2.5798726,-28.137276,-15.918894,-27.440033,-24.551182,-25.21181,5.9258,34.078575,19.31696,-44.67741,-16.566954,-8.475263,2.0396159,24.597797,23.336063,21.923643,-35.370323,24.678322,35.699867,-1.5848894,-24.017357,-18.187534,-39.874767,22.427208,35.3881,-17.240458,-24.48681,-16.67578,-23.171696,-26.934937,-15.081929,11.256756,21.737852,-37.5211,-19.152128,-25.209063,-43.77973,-4.132687,36.106075,-25.479115,-3.383606,-14.564804,-8.707097,13.545298,-5.9411125,14.327625,26.359785,6.3723793,-15.175829,-8.168686,25.09633,15.351371,-21.108421,-14.703718,-45.344734,-23.665216,38.412025,-12.650949
P02294,-8.729133,5.729635,11.880744,-2.2394717,2.945183,-1.8967882,0.47821102,-8.091203,-3.1011,-7.2417526,-6.178322,-4.2258987,2.5303776,5.5552597,6.5949073,-9.166785,-0.57979685,-0.027543953,1.9431604,6.2610297,5.37702,3.0099247,-6.266248,1.3729979,7.7704926,-1.0916029,-3.7297,-5.3665237,-10.817975,5.5287933,7.639815,-0.21717997,-2.3751562,-5.7929134,-2.0075839,-8.233555,-6.4830995,1.9876884,6.148617,-8.292929,-5.0545826,-4.253077,-7.3934956,1.6025261,6.5560393,-5.5080905,-1.8002075,-4.8065543,-3.4351227,2.3600311,-0.19924356,3.8979957,7.3360367,0.5335974,-3.6083648,-2.803938,6.413717,7.334633,-4.465677,-3.3883572,-11.916542,-1.4792112,8.60162,-5.535608
B2RHG1,-7.663872,7.8157954,11.111234,-2.6088345,5.1846848,-1.54025,-0.3559332,-8.019548,-4.491734,-7.529349,-6.6621127,-5.9986496,2.3193398,8.07667,6.205305,-11.839543,-2.9123545,-1.4108719,1.5895362,6.72642,6.1022916,4.622802,-8.843528,4.7079864,9.513679,-0.63028556,-5.600128,-5.1819777,-11.458362,5.8359394,9.164283,-2.918147,-5.0100875,-5.5217495,-4.7146516,-7.5453973,-6.1032777,2.7900906,6.743685,-9.586751,-5.4488254,-6.2197967,-10.6646,-0.25226143,9.264792,-6.4617343,-1.4642057,-4.4475026,-3.0297945,2.915062,-1.0215143,4.0313597,7.7243896,1.4353323,-4.174753,-2.6412144,6.6882854,5.9078007,-5.069135,-4.073802,-13.110114,-4.5217266,10.366387,-4.2757015
O49523,-11.979581,14.753121,17.81629,-4.0325923,9.369506,-2.6561837,-1.0131942,-13.529807,-7.841822,-13.113496,-11.724837,-11.329795,3.436865,15.186498,9.908429,-21.17606,-6.3919015,-3.37006,1.9709269,11.78165,10.900571,9.235163,-16.138418,9.967271,16.893116,-0.893384,-10.548288,-8.710202,-19.509878,10.286406,16.189024,-6.8283286,-10.258403,-8.894202,-9.656482,-12.97164,-8.952661,5.116532,11.295032,-17.32581,-9.364126,-11.521623,-19.667582,-1.3015677,16.77701,-11.583287,-2.00166,-7.233037,-4.762082,5.615293,-2.2246203,6.9903016,13.025632,2.614635,-7.1228347,-4.236129,11.669814,8.737594,-9.304429,-6.999359,-22.342892,-9.502526,18.185146,-6.640107
P63279,-14.667065,17.61156,21.430452,-4.606723,10.9499235,-3.2624664,-1.0390024,-16.383163,-9.105563,-15.848347,-14.01021,-13.494394,4.0238557,18.091133,11.9927025,-25.114159,-7.546352,-3.8661323,2.2260313,14.007855,12.959543,11.032125,-19.26778,11.761166,20.004492,-1.1522254,-12.508951,-10.625476,-23.226904,12.522702,19.544243,-7.8531537,-12.129319,-10.50497,-11.434678,-15.778569,-10.52776,6.0697374,13.222543,-20.764381,-11.173619,-13.545204,-23.480894,-1.2129431,19.856096,-14.031142,-2.3792522,-8.797014,-5.5675373,6.973662,-2.7484646,8.293988,15.558152,3.2245343,-8.505667,-5.026045,14.278376,10.571878,-11.454828,-8.3616705,-26.616323,-11.403491,21.711061,-8.132891
O75937,-18.080935,21.736715,26.290201,-5.352502,13.486589,-3.9343352,-1.1246035,-20.091934,-11.151236,-19.76391,-17.084116,-16.710087,4.784605,22.403858,14.640753,-30.851776,-9.264856,-4.6555076,2.7140436,16.71526,15.698923,13.348717,-24.023981,14.639143,24.150463,-1.3011178,-15.16329,-13.048564,-28.2025,15.387698,24.1321,-9.545017,-15.037132,-12.607916,-14.189151,-19.463161,-12.365389,7.44134,16.046701,-25.67545,-13.5667095,-16.377056,-28.954824,-1.3490447,24.611372,-17.414093,-2.6850882,-10.80784,-6.4190474,8.849159,-3.5380669,10.005419,18.994553,4.094893,-10.254307,-5.929665,17.791214,12.911624,-14.349205,-10.189196,-32.55841,-14.460749,26.567814,-9.675068
P06168,-11.938914,14.096509,17.426332,-3.7124016,8.577783,-2.7387483,-0.78445166,-13.356702,-7.24135,-12.805435,-11.337409,-10.747304,3.3174326,14.428803,9.701257,-20.052904,-5.96543,-2.9884977,1.8394657,11.429355,10.575706,8.894761,-15.272471,9.215577,16.208385,-0.93706673,-10.004749,-8.681933,-18.849327,10.107162,15.618496,-6.226492,-9.6476755,-8.695977,-9.039376,-12.940487,-8.542716,4.8315306,10.746964,-16.761984,-9.0572,-10.872799,-18.640127,-0.854238,15.794654,-11.176124,-1.9749821,-7.185804,-4.650916,5.5346484,-2.055334,6.824075,12.581845,2.37024,-6.8835716,-4.1426277,11.508931,8.709357,-9.18252,-6.719291,-21.429443,-8.831213,17.422308,-6.827437
Q24803,-13.51343,16.349077,19.953945,-4.459897,10.150297,-3.0790133,-1.0939324,-15.231395,-8.545502,-14.593127,-13.164798,-12.516613,3.821462,16.7797,11.187697,-23.384691,-7.01399,-3.7481945,2.1139128,13.333552,12.238905,10.333153,-17.753868,10.885649,18.773708,-1.124152,-11.7766905,-9.805236,-21.898315,11.637723,18.10616,-7.432112,-11.249385,-9.892386,-10.555925,-14.638799,-10.012316,5.6546793,12.444932,-19.309113,-10.475736,-12.781455,-21.776543,-1.3127499,18.427395,-13.001515,-2.3367677,-8.1462555,-5.4553466,6.3038926,-2.4376824,7.8245406,14.562513,2.9181957,-8.024136,-4.785908,13.058003,9.864908,-10.394788,-7.750183,-24.880081,-10.403555,20.184765,-7.6549797
P04819,-10.941135,11.663811,15.915892,-3.6121988,7.603724,-2.224398,-0.5631621,-11.576396,-6.5122437,-11.06107,-9.760542,-8.961825,3.1794057,11.99665,8.903983,-17.367989,-4.4695883,-2.2826893,2.103267,9.772312,8.872509,6.91794,-13.078676,7.229722,13.768884,-0.92027634,-8.299268,-7.454398,-16.576252,8.615742,13.45285,-4.552447,-7.595119,-7.743965,-7.129463,-11.052797,-8.448903,4.1178164,9.63348,-14.148258,-7.9054804,-9.110937,-15.790316,-0.47128117,13.636692,-9.607089,-1.9981335,-6.3787723,-4.229338,4.485988,-1.6755064,5.789611,11.193963,2.1761522,-6.0078797,-3.7287092,9.8336525,8.287132,-7.5612903,-5.859146,-19.03054,-7.031059,15.085135,-5.9951916
Q9BSI4,-11.568637,11.536331,16.413965,-3.3153167,6.8452187,-2.513993,-0.24761602,-12.106384,-5.966141,-11.432605,-9.894709,-8.754314,3.1800463,11.693331,9.154426,-16.937136,-3.9740996,-1.8552305,2.0661428,9.920294,9.011945,6.9274774,-12.655447,6.457334,13.721189,-1.0520177,-7.909378,-7.9758554,-16.637402,8.896354,13.406471,-3.9391193,-7.1755185,-8.061801,-6.6882405,-11.855276,-8.300294,3.9263718,9.524591,-14.306539,-8.009359,-8.750586,-15.24686,0.29578346,13.023709,-9.611442,-1.9711621,-6.717664,-4.328735,4.6309843,-1.4385052,6.0025,11.221716,1.8720526,-5.9158106,-3.792197,10.33375,8.789161,-7.993709,-5.8053217,-18.936172,-6.434411,14.975284,-6.7827983
A2AR95,-9.87499,7.7499185,13.65578,-2.509255,4.3888197,-1.9927998,0.40057555,-9.426336,-4.0240016,-8.960196,-7.3363876,-5.8413467,2.75219,7.6128206,7.4453406,-12.07077,-1.3142576,-0.3347718,2.1767485,7.151693,6.3569627,4.171542,-8.607855,2.7511795,9.819876,-1.0049647,-4.653069,-6.422994,-12.379696,6.4811006,9.387058,-1.1741664,-3.8601348,-6.8152742,-3.5769947,-9.576433,-7.148942,2.5776973,7.514055,-10.2782345,-6.0768867,-5.5658126,-9.947847,1.6239407,8.768929,-6.7327895,-1.577062,-5.485863,-3.4560933,3.0928187,-0.5378109,4.632119,8.546394,0.87350225,-4.010625,-3.0180314,8.058781,7.9655356,-6.0022817,-4.2898984,-14.348694,-3.035957,10.927239,-6.0477233
P02649,-10.3913355,10.602723,14.858505,-3.1454418,6.535644,-2.209301,-0.30641323,-10.891283,-5.620354,-10.340646,-8.992795,-8.073057,2.9420307,10.769375,8.263037,-15.659215,-3.783259,-1.771688,1.9052615,9.024336,8.174332,6.387721,-11.683847,6.104637,12.668021,-0.92584586,-7.3327656,-7.1588273,-15.147665,8.00493,12.212897,-3.8018227,-6.6843095,-7.3714004,-6.266172,-10.59074,-7.7240105,3.668314,8.805294,-13.002094,-7.306448,-8.120394,-14.092135,0.07760347,12.071752,-8.710628,-1.8026307,-6.0434847,-3.9298081,4.157747,-1.3742553,5.4568253,10.2414255,1.7427443,-5.403034,-3.47978,9.308945,7.887608,-7.209832,-5.3833117,-17.349878,-5.9780245,13.794431,-6.007947
P32121,-13.185223,14.783229,19.098738,-4.1820064,9.203472,-2.880665,-0.7799023,-14.359992,-7.7959,-13.643514,-12.1302185,-11.281368,3.6770566,15.124337,10.74577,-21.399214,-6.039861,-3.0684774,2.152982,12.288782,11.180587,9.161787,-16.191143,9.438006,17.214117,-1.1332209,-10.589988,-9.302275,-20.351782,10.875894,16.769672,-6.1699576,-9.868683,-9.349627,-9.253812,-13.8117895,-9.768132,5.1279583,11.5502405,-17.704494,-9.763425,-11.475391,-19.796947,-0.725747,16.773777,-12.004181,-2.3395846,-7.8081183,-5.1236334,5.8334064,-2.1992815,7.2122636,13.658187,2.678044,-7.470732,-4.541988,12.304742,9.717037,-9.674742,-7.2157197,-23.186613,-9.134221,18.65196,-7.4481273
O43865,-11.317816,11.173628,16.122131,-3.3630962,6.845456,-2.3863063,-0.2547989,-11.720116,-5.9905014,-11.107456,-9.61548,-8.487433,3.1814437,11.320652,8.971313,-16.556013,-3.877787,-1.8000273,2.1124039,9.646352,8.71253,6.598834,-12.330366,6.2978253,13.362485,-1.0183952,-7.739328,-7.660968,-16.30084,8.610088,13.019262,-3.8259761,-6.940638,-7.8858404,-6.4421234,-11.473188,-8.3577,3.8674188,9.409879,-13.880051,-7.819093,-8.517336,-14.84247,0.19972625,12.794093,-9.313244,-2.0214376,-6.5481024,-4.2678037,4.4497285,-1.4489352,5.8100433,11.050818,1.8075688,-5.812499,-3.764096,9.951013,8.666043,-7.612371,-5.6844597,-18.597416,-6.1877584,14.606651,-6.4926643
P0AEJ6,-9.28475,7.8256574,12.817319,-2.2282102,4.4997425,-1.8353156,0.3757093,-9.010792,-3.9123275,-8.784194,-6.9652047,-5.936426,2.5070205,7.7620273,6.9070697,-11.958398,-1.5793737,-0.3552502,1.9808642,6.608204,6.0672326,4.284578,-8.77229,3.1495676,9.605721,-0.79801446,-4.5111947,-6.253404,-11.545587,6.17571,9.163391,-1.4859785,-4.185975,-6.480145,-3.9920843,-9.125771,-6.412124,2.549551,7.193527,-10.062798,-5.7910943,-5.486067,-10.014529,1.4992625,8.7874565,-6.5292053,-1.2161152,-5.1926565,-2.9531658,3.1579666,-0.64591783,4.4362283,8.035143,0.9342256,-3.705129,-2.7164543,7.9933243,7.289088,-6.1641154,-4.234573,-13.685124,-3.511243,10.743825,-5.5884776
L7NCQ3,-9.706722,10.139841,13.935209,-3.007751,6.1187143,-2.2250946,-0.40300536,-10.39545,-5.372533,-9.711154,-8.681459,-7.70636,2.8106866,10.363712,7.8076005,-14.766807,-3.9110615,-1.9124899,1.6568753,8.799336,8.002907,6.276066,-11.064559,6.106758,12.051936,-0.92823637,-7.325668,-6.7106957,-14.717081,7.7266994,11.778186,-3.898968,-6.5414886,-6.8635845,-6.0569725,-10.053682,-7.1779103,3.5690491,8.265051,-12.529214,-6.9151535,-7.904895,-13.523453,-0.26139152,11.522111,-8.428057,-1.8480935,-5.722283,-3.9272158,3.9965644,-1.3412533,5.238407,9.795113,1.6945294,-5.3572464,-3.3873262,8.650944,7.3949347,-6.675381,-5.0756493,-16.473831,-5.801228,13.049744,-5.647244
P11859,-10.134064,9.99529,14.527941,-3.0840952,6.0652103,-2.1834748,-0.24930818,-10.538165,-5.339957,-9.943572,-8.703124,-7.593195,2.9191608,10.100006,8.061542,-14.884961,-3.3266788,-1.6002753,1.9537982,8.774199,7.894721,5.963913,-10.949595,5.454883,12.108416,-0.9546054,-6.8832526,-6.9111414,-14.708685,7.6716948,11.576127,-3.3881984,-6.126941,-7.2481933,-5.6941447,-10.325353,-7.628152,3.4494631,8.571805,-12.4368725,-7.0624623,-7.690978,-13.1989155,0.23015006,11.37569,-8.275897,-1.8156976,-5.8739586,-3.9624028,3.8522384,-1.1597751,5.3219213,9.914327,1.5231378,-5.1784177,-3.4267528,8.8766985,7.853958,-6.777979,-5.1083646,-16.735483,-5.315673,13.136206,-5.9872465
Q9SSE7,-13.200544,13.564013,18.576298,-3.367004,7.84375,-2.9218593,-0.14537986,-13.91962,-6.7485847,-13.484972,-11.303384,-10.3315935,3.4543843,13.83252,10.252429,-19.457972,-4.8505535,-2.1097882,2.1617646,10.937292,10.264689,8.077402,-14.981051,7.9075136,15.453748,-1.0832613,-9.067051,-9.204249,-18.787464,10.281896,15.618367,-4.7165685,-8.664331,-8.924712,-8.086754,-13.790814,-8.618509,4.574567,10.662377,-16.814228,-9.000432,-9.906329,-17.786875,0.37055615,15.230745,-11.282583,-1.959658,-7.706159,-4.523699,5.729722,-1.858079,6.795452,12.70603,2.2297912,-6.61884,-4.112454,12.165054,9.8359,-9.6047125,-6.623812,-21.497843,-8.023814,17.16012,-7.464232
P0A870,-17.351639,25.965458,26.580704,-6.06905,16.400402,-4.246247,-2.3486803,-21.25868,-13.111001,-21.271318,-19.3318,-20.050457,4.926209,26.807522,14.716605,-35.877293,-12.738665,-6.9309387,2.0034494,19.204863,18.137125,17.147335,-27.890121,19.361755,28.406311,-1.1980908,-18.719564,-13.65865,-31.212875,16.779692,27.02341,-14.02957,-19.278084,-13.492382,-18.330872,-20.408653,-12.484985,9.020674,17.959728,-29.208912,-15.02607,-20.154995,-34.32518,-3.7425642,28.747295,-19.45639,-2.4821103,-10.950432,-7.0043726,9.880371,-4.4297824,11.394324,20.609873,4.6912727,-11.467846,-6.4764657,18.91883,11.8113,-15.899171,-11.631725,-35.945053,-18.170511,30.387714,-9.38996
O35305,-11.645482,13.242401,17.054075,-3.8964863,8.410196,-2.5382335,-0.81438327,-12.766205,-7.169914,-12.100645,-10.895933,-10.137385,3.354318,13.619619,9.597586,-19.282166,-5.5089574,-2.8904257,1.9953403,11.069886,10.0749035,8.19162,-14.569845,8.610968,15.474793,-0.9918768,-9.625948,-8.185594,-18.384457,9.662608,15.032254,-5.69209,-8.91921,-8.368313,-8.349942,-12.171711,-8.8745575,4.644762,10.46182,-15.854352,-8.745826,-10.432908,-17.835918,-0.91712785,15.196976,-10.748611,-2.1587594,-6.9195385,-4.6905622,5.1048417,-1.956979,6.4641247,12.283495,2.445542,-6.775196,-4.097592,10.807916,8.654931,-8.435674,-6.466454,-20.872551,-8.2379265,16.730755,-6.51515
A0AVT1,-11.779322,10.047068,16.183775,-2.6672738,5.4154663,-2.5381155,0.45178637,-11.609225,-4.8790674,-11.201856,-9.05945,-7.582718,3.098956,9.989776,8.809313,-14.899274,-2.3556387,-0.709654,2.2380748,8.639374,7.959806,5.618894,-11.081046,4.3421774,11.974917,-1.1223106,-6.1352506,-7.8747544,-15.083971,8.190112,11.955391,-2.1070228,-5.512716,-7.882685,-5.093997,-11.866804,-7.706444,3.3131676,8.820754,-13.139048,-7.31297,-7.0128975,-12.828169,1.6595714,11.159287,-8.660856,-1.7087071,-6.658988,-3.903558,4.302466,-0.96766233,5.624023,10.342467,1.2520479,-4.9726295,-3.5025163,10.101782,9.214564,-7.7619696,-5.231562,-17.355463,-4.69944,13.447487,-7.03657
O15056,-11.417158,12.060181,16.552702,-3.4699078,7.2765007,-2.4980347,-0.43391445,-12.19924,-6.3253326,-11.656025,-10.197257,-9.19049,3.2227304,12.240023,9.159621,-17.679193,-4.2862105,-2.164695,2.1186633,10.226117,9.327444,7.2749124,-13.1636915,6.980835,14.259172,-0.98819727,-8.264319,-7.9870644,-17.062101,8.976211,13.648774,-4.511201,-7.6878247,-8.263919,-7.1656528,-11.964033,-8.378154,4.097042,9.94007,-14.763529,-8.225767,-9.242899,-15.848749,-0.039301276,13.637565,-9.798696,-1.9095442,-6.7005725,-4.430152,4.644821,-1.4702761,6.2022953,11.460263,1.8729533,-6.008109,-3.8389356,10.404033,8.702551,-8.0685215,-5.939558,-19.465324,-6.8377175,15.428952,-6.6902647
P31230,-15.738632,20.929836,23.785826,-5.7343206,13.697743,-3.438085,-1.9073303,-18.35822,-11.330524,-17.723587,-16.2321,-16.143131,4.4715533,21.769444,13.464625,-29.86848,-9.920466,-5.533109,2.4108062,16.503374,15.24971,13.243834,-23.040792,15.263535,23.577044,-1.089352,-15.502182,-11.593136,-27.09613,14.36038,22.947966,-10.592627,-15.144664,-11.602883,-14.28351,-17.188185,-12.022516,7.3067713,15.353544,-24.097515,-12.935282,-16.66566,-28.37432,-2.8999822,24.04694,-16.448671,-2.7794497,-9.626587,-6.4327164,7.968128,-3.5251737,9.413073,17.998072,4.252599,-10.226408,-5.6881075,15.828674,11.120852,-12.691992,-9.685022,-30.95748,-14.563265,25.357962,-8.330201
P47135,-12.204026,13.256644,17.743399,-3.9268813,8.511863,-2.5433576,-0.6052156,-12.973233,-7.2330694,-12.521568,-11.00705,-10.182905,3.514269,13.575463,9.885831,-19.546291,-5.09938,-2.590708,2.233168,10.939531,9.959077,7.9412994,-14.74277,8.226941,15.479837,-1.0589622,-9.345136,-8.386523,-18.525421,9.700824,15.1061945,-5.237765,-8.657655,-8.648117,-8.133708,-12.521253,-9.2573,4.6713295,10.764892,-16.011137,-8.850572,-10.229299,-17.79698,-0.48951906,15.3085985,-10.830429,-2.148363,-7.140522,-4.669017,5.1492953,-1.9371642,6.529504,12.51314,2.3887384,-6.651055,-4.16438,11.124167,9.190912,-8.652011,-6.5897255,-21.309484,-7.982642,16.978567,-6.7107787
P17888,-12.358187,13.34357,17.507984,-3.6410527,7.75338,-2.9550936,-0.5698787,-13.486113,-6.706118,-12.457779,-11.184349,-10.048409,3.3765826,13.557144,9.935118,-18.90749,-5.5775414,-2.6538246,1.7036932,11.534957,10.44331,8.5785885,-14.271446,8.353346,15.676358,-1.202139,-9.796858,-8.750742,-18.836008,10.259191,15.406382,-5.4400125,-8.824673,-8.566398,-8.164585,-13.085968,-8.768827,4.631809,10.229737,-16.264088,-8.923961,-10.332193,-17.733498,-0.43966866,14.764691,-11.023699,-2.3558378,-7.3607225,-4.935277,5.500416,-1.9534626,6.71617,12.527721,2.2658315,-7.0449624,-4.33146,11.34859,9.092023,-8.926967,-6.5450506,-20.945507,-7.939214,16.830315,-7.3100853
P21399,-12.411103,12.888549,17.589254,-3.265443,7.644423,-2.647347,-0.1280425,-13.015174,-6.430248,-12.747053,-10.650665,-9.856103,3.2723725,13.113782,9.632509,-18.658237,-4.4770255,-1.9554656,2.1438797,10.29662,9.565568,7.670508,-14.282426,7.4087253,14.796686,-1.0163271,-8.465117,-8.665347,-17.594479,9.5886755,14.629267,-4.479306,-8.177209,-8.585756,-7.693292,-12.888472,-8.348157,4.34705,10.2328205,-15.79223,-8.560456,-9.389588,-16.86358,0.42692766,14.479465,-10.561294,-1.7625726,-7.2224946,-4.1926775,5.3153677,-1.7253907,6.3967032,11.956735,2.0951672,-6.104645,-3.8296075,11.547226,9.219232,-9.144763,-6.3437123,-20.410374,-7.560943,16.373325,-7.0219674
P01027,-11.780911,13.106582,17.125895,-3.6343086,8.092517,-2.5625978,-0.59402686,-12.786749,-6.884917,-12.309997,-10.770886,-10.033008,3.3001375,13.4194565,9.510816,-19.038256,-5.082549,-2.558955,2.0612373,10.728018,9.888893,7.989205,-14.420868,8.141605,15.203855,-0.9537606,-9.111803,-8.336536,-17.979744,9.535328,14.754616,-5.2919254,-8.665688,-8.462688,-8.137447,-12.396165,-8.562247,4.4966235,10.405996,-15.795123,-8.645826,-10.05499,-17.396112,-0.43658155,14.894783,-10.580605,-1.9286385,-6.964227,-4.4779506,5.112268,-1.8100905,6.468871,12.074345,2.2472112,-6.4403076,-3.9626267,11.01828,8.783362,-8.667157,-6.3777494,-20.597775,-7.960108,16.537197,-6.674059
P16045,-13.10464,15.843284,19.201239,-4.24136,9.751149,-3.025281,-1.0301706,-14.795461,-8.167693,-14.1029005,-12.703349,-12.097858,3.6632006,16.250284,10.796726,-22.525904,-6.9150596,-3.5920248,1.926741,12.9082155,11.854466,10.127395,-17.149912,10.604566,18.200235,-1.095678,-11.458152,-9.564022,-21.117819,11.330516,17.585028,-7.2239246,-10.940659,-9.53114,-10.279779,-14.201272,-9.585732,5.479124,11.908549,-18.682066,-10.116993,-12.360683,-21.11101,-1.2370034,17.749048,-12.595489,-2.2667542,-7.912462,-5.2392473,6.193976,-2.408087,7.5687375,14.044568,2.8375454,-7.804582,-4.6400995,12.712867,9.476954,-10.177083,-7.53454,-23.953247,-10.120955,19.543081,-7.4710298
P32243,-13.691742,16.235786,20.42255,-4.721913,10.5988,-2.8683815,-1.0821663,-15.080029,-8.953269,-14.700128,-13.130813,-12.520681,3.9871874,16.711601,11.365045,-23.73129,-6.7266793,-3.6747975,2.500343,13.116781,12.016006,9.830478,-17.982386,10.747301,18.663837,-1.0742666,-11.594341,-9.620401,-22.010862,11.4395,18.03385,-7.2040467,-11.060011,-10.004008,-10.381452,-14.472016,-10.562414,5.694121,12.84084,-19.230509,-10.516235,-12.697828,-21.789202,-1.3369508,18.793879,-12.959427,-2.3909447,-8.148555,-5.438296,6.1300955,-2.4608438,7.726875,14.781614,2.9742188,-7.9577136,-4.8020873,12.945217,10.186732,-10.135568,-7.789884,-25.32348,-10.313704,20.28843,-7.380688
P16662,-13.7359085,13.906268,18.896727,-3.5297697,8.017467,-3.0973818,-0.19819884,-14.466796,-6.82908,-13.547902,-11.550957,-10.444955,3.5160546,14.093663,10.672516,-19.685663,-5.5636287,-2.2337558,1.8577832,11.630028,10.64458,8.661114,-15.127731,8.424405,16.146498,-1.2242271,-9.84368,-9.557825,-19.438665,10.923582,16.335848,-5.040172,-9.002891,-9.014462,-8.3768015,-14.166951,-9.12976,4.7758408,10.582632,-17.110157,-9.329595,-10.319436,-18.48833,0.23196428,15.414548,-11.663332,-2.3723602,-8.035856,-4.79476,6.1230826,-2.184767,6.919811,13.184859,2.4190085,-7.248927,-4.457505,12.534957,9.968724,-9.919752,-6.9529862,-21.96955,-8.324821,17.708727,-7.863785
P18196,-12.996142,14.169347,18.621584,-4.044548,8.92264,-2.6936784,-0.6768193,-13.978018,-7.52734,-13.194754,-11.537112,-10.759066,3.5172858,14.469968,10.506928,-20.597973,-5.8051043,-2.7724288,2.1575804,11.800061,10.696088,8.679568,-15.605705,9.004758,16.659645,-0.9967909,-10.100573,-9.124061,-19.492702,10.553566,16.189365,-5.776102,-9.444799,-9.103345,-8.869632,-13.387729,-9.600474,4.856656,11.124498,-16.934761,-9.493895,-10.967261,-19.05995,-0.51873195,16.159645,-11.489967,-2.2874572,-7.6424317,-4.829009,5.6822214,-2.1636443,6.889624,13.226619,2.596994,-7.263236,-4.3703384,12.076106,9.477658,-9.454607,-7.0065536,-22.366056,-8.821462,18.015738,-7.2933187
P00894,-15.9004965,21.104511,23.78776,-4.8763843,13.039085,-3.5974176,-1.3956372,-18.537214,-10.73252,-18.546011,-16.084375,-16.272343,4.2489324,21.838476,13.044781,-29.544374,-9.410506,-4.905175,2.372524,15.6716,15.03678,13.152583,-23.125505,14.812087,23.091507,-0.88409275,-14.577088,-12.014131,-26.24782,14.199829,22.55449,-10.189532,-15.1640215,-11.750926,-14.314399,-17.998661,-10.641709,7.1019845,15.226453,-24.517601,-12.688118,-15.976227,-27.773794,-1.9805669,23.756918,-16.276869,-2.062288,-9.75171,-5.7778907,8.288758,-3.3158245,9.532584,17.529814,3.7238302,-9.453812,-5.3010464,16.522968,11.196152,-13.525876,-9.513553,-30.352121,-14.461741,25.066137,-8.523512
P62328,-13.121177,15.137952,19.03959,-4.2028394,9.608997,-2.8261392,-0.8686585,-14.394689,-8.044135,-13.771564,-12.203773,-11.59939,3.6484025,15.59983,10.727085,-21.844183,-6.457471,-3.261186,2.0908816,12.262714,11.260947,9.374081,-16.738895,10.060461,17.3995,-1.0584384,-10.913815,-9.289276,-20.476667,10.973583,17.157116,-6.549654,-10.319992,-9.224911,-9.721222,-13.718948,-9.655726,5.290551,11.596812,-17.986418,-9.792269,-11.745152,-20.42735,-1.0153577,17.311838,-12.271497,-2.2909138,-7.794379,-4.9929023,6.020573,-2.405381,7.186408,13.753397,2.9173777,-7.589941,-4.495825,12.418905,9.540863,-9.83481,-7.348018,-23.421267,-9.754217,18.968132,-7.175678
Q04637,-10.541034,10.077881,14.89374,-2.8614192,5.9423766,-2.253924,-0.02363895,-10.801414,-5.2266226,-10.376405,-8.74738,-7.673422,2.917909,10.204567,8.18211,-14.92131,-3.1287205,-1.344325,2.01363,8.532223,7.8512583,5.8444414,-11.1750345,5.3127112,11.946227,-0.93689257,-6.645013,-7.1607485,-14.681694,7.7846255,11.749719,-3.0744634,-6.0805492,-7.3072085,-5.6627584,-10.713477,-7.3925843,3.4292216,8.57439,-12.711077,-7.050197,-7.458804,-13.202591,0.6032331,11.454723,-8.447528,-1.6805143,-6.066346,-3.780504,4.0688596,-1.1657978,5.3468223,9.959287,1.5172225,-5.058235,-3.3472302,9.2749815,8.143732,-7.144087,-5.131644,-16.8326,-5.3780484,13.211359,-6.113137
P02745,-11.807974,13.27227,17.180746,-3.7705474,8.137143,-2.6498606,-0.68494034,-12.907858,-6.8922806,-12.266832,-10.959444,-10.112609,3.3591864,13.488855,9.602824,-19.229769,-5.2314916,-2.6783144,1.9604758,11.138621,10.095717,8.335815,-14.361533,8.201304,15.6320095,-1.0647064,-9.37789,-8.436132,-18.257622,9.683284,14.852808,-5.494395,-8.750822,-8.641655,-8.224494,-12.509786,-8.862162,4.576122,10.518135,-15.873057,-8.817109,-10.317254,-17.578243,-0.49759772,14.864524,-10.618591,-2.0499418,-7.0113873,-4.707624,5.097768,-1.8097957,6.6275086,12.216435,2.2007453,-6.586911,-4.1357465,11.046836,8.787637,-8.718423,-6.5043826,-20.80956,-7.865012,16.790642,-6.925506
P0AGC3,-10.525905,12.207958,15.380338,-3.4640718,7.625739,-2.3879466,-0.7475455,-11.685619,-6.49345,-11.057737,-9.95077,-9.311272,3.0319624,12.54074,8.625344,-17.543941,-5.267838,-2.6619883,1.6814578,10.13592,9.285772,7.6992598,-13.302336,8.065126,14.228476,-0.8758461,-8.917818,-7.508528,-16.756582,8.855391,13.743179,-5.4172044,-8.342503,-7.6329446,-7.7939353,-11.182246,-7.8718047,4.2822328,9.485893,-14.582242,-7.9590354,-9.592814,-16.345526,-0.9153862,13.870908,-9.796729,-1.9424772,-6.3149633,-4.2623425,4.7440577,-1.8194755,5.957692,11.164472,2.1486716,-6.214226,-3.7568257,9.886263,7.7615485,-7.7829466,-5.9299736,-18.928698,-7.6072874,15.285594,-5.9531503
P00924,-15.03575,19.235867,22.370453,-5.063844,12.284141,-3.3656642,-1.4531353,-17.235785,-10.235204,-16.737482,-15.024983,-14.777442,4.215429,19.902517,12.538558,-27.244024,-8.9477005,-4.719036,2.2146003,15.098824,14.042557,12.107612,-21.07955,13.714568,21.581087,-1.072385,-14.081491,-10.947061,-25.067135,13.386345,21.157497,-9.377246,-13.753556,-10.873558,-12.895582,-16.445463,-10.989836,6.726822,14.156876,-22.451141,-11.915311,-15.010405,-25.827456,-2.2161813,21.947218,-15.186101,-2.5930912,-9.156346,-5.930016,7.5476637,-3.2330992,8.779148,16.718904,3.6502855,-9.368797,-5.346148,14.8973,10.713852,-11.944315,-8.951414,-28.571781,-13.040739,23.325,-7.990646
M1V4Y8,-7.496607,8.2631235,11.212865,-2.6834002,5.5012183,-1.5056301,-0.43501544,-7.9958897,-4.638903,-7.7909913,-6.8800416,-6.379003,2.3634174,8.413134,6.098408,-12.553234,-2.8434708,-1.491572,1.6816033,6.8672104,6.226837,4.956245,-9.161841,4.78077,10.077038,-0.6014821,-5.559377,-5.2831016,-11.486806,5.7152734,9.051164,-3.2463703,-5.2774243,-5.9257164,-5.0495296,-7.6893353,-6.2210917,2.8813498,7.23152,-9.840224,-5.6396785,-6.523661,-10.942792,-0.20299311,9.55856,-6.383745,-1.2206069,-4.3885245,-3.027623,2.800108,-0.9113763,4.286655,7.7620845,1.2377917,-3.9329243,-2.6510935,6.848017,5.837815,-5.3144937,-4.232451,-13.465671,-4.5454984,10.817539,-4.37736
Q8TAD8,-15.44731,17.24437,22.349411,-4.732741,10.731248,-3.3066788,-0.8038114,-16.699709,-9.059747,-16.098314,-14.094214,-13.20343,4.2281556,17.652637,12.513795,-24.97528,-6.859799,-3.4841654,2.5682023,14.044682,12.871179,10.486081,-19.021116,10.929024,19.809278,-1.289111,-12.118247,-10.839195,-23.541006,12.636352,19.532505,-7.016417,-11.455245,-10.8026,-10.755188,-16.17309,-11.178517,5.9481735,13.433227,-20.695772,-11.310678,-13.178993,-23.035065,-0.671127,19.621212,-14.054986,-2.5826006,-9.104518,-5.767109,6.89166,-2.5987945,8.322572,15.868045,3.154226,-8.528101,-5.166455,14.47871,11.3777685,-11.410544,-8.353673,-27.010836,-10.751252,21.682653,-8.557523
P0ACN4,-11.932505,13.699878,17.193506,-3.7369068,8.51481,-2.5888784,-0.71041596,-13.103729,-7.0519724,-12.458073,-10.935718,-10.378377,3.267516,13.89256,9.62296,-19.651537,-5.770694,-2.7134423,1.8307079,11.223777,10.19091,8.685776,-14.805517,8.792134,16.11137,-0.91753167,-9.683114,-8.651339,-18.226807,9.899271,15.184195,-5.914529,-9.269824,-8.703051,-8.758204,-12.650544,-8.8327055,4.679058,10.556371,-16.097355,-8.980447,-10.580195,-18.184437,-0.58085847,15.280255,-10.730917,-1.9982466,-7.1097794,-4.5010276,5.3905544,-2.0584602,6.650111,12.343234,2.2840698,-6.740626,-4.139694,11.433637,8.596814,-9.134212,-6.725965,-20.988535,-8.439245,17.205103,-6.905898
P0DPD7,-7.3672266,4.636415,10.271208,-2.2475693,2.8535485,-1.354717,0.3462711,-6.588578,-2.8296185,-5.9573345,-5.083582,-3.4628038,2.29029,4.419703,5.6474066,-8.093262,-0.0069376603,0.13065965,2.0224586,5.226978,4.301663,2.24595,-5.2170525,0.67023116,6.817095,-0.88522965,-2.780642,-4.4698606,-8.923111,4.2997675,6.0447865,0.07247565,-1.65273,-5.289745,-1.4871352,-6.606979,-6.2737303,1.6040137,5.6493917,-6.546583,-4.388359,-3.6033037,-6.049958,1.5113733,5.517476,-4.252627,-1.4879303,-3.9623485,-2.9394941,1.5480318,0.019252934,3.3059943,6.1882105,0.37182915,-2.8357897,-2.403759,5.281581,6.341975,-3.5819292,-2.973554,-10.284531,-0.8074771,7.4421606,-4.737832
A0A024B7W1,-10.604451,12.174606,15.382805,-3.3784268,7.8801465,-2.179399,-0.62121713,-11.5244665,-6.486238,-11.176381,-9.690445,-9.359512,2.9759443,12.545713,8.56418,-17.748802,-4.99402,-2.4048154,1.8282942,9.606498,8.895299,7.456416,-13.589636,7.92406,14.087517,-0.7646714,-8.488239,-7.567569,-16.165829,8.623898,13.646341,-5.124238,-8.241108,-7.6275806,-7.865149,-10.964531,-7.8586693,4.2246504,9.503609,-14.360678,-7.866247,-9.366749,-16.387417,-0.6009785,13.96731,-9.6853695,-1.671849,-6.262225,-3.8417087,4.744855,-1.8584433,5.8017135,10.951967,2.2828164,-5.887273,-3.5495176,10.117102,7.7163506,-8.071813,-6.0098834,-18.82557,-7.7620687,15.394255,-5.799367
P16219,-11.044573,10.43935,15.977382,-3.2305279,6.29432,-2.330363,-0.119861946,-11.281843,-5.7782173,-10.888735,-9.345444,-8.005829,3.1938498,10.632888,8.741032,-15.737079,-3.0599585,-1.5728805,2.3955257,9.087519,8.342717,5.76577,-11.689424,5.445749,12.362844,-0.99848795,-6.9854484,-7.269122,-15.885654,8.104711,12.262936,-3.1655982,-6.2259893,-7.7079606,-5.669151,-11.224718,-8.029534,3.5959656,9.289188,-13.43236,-7.4494286,-7.8658214,-13.704569,0.39886624,12.218885,-8.919116,-1.9155953,-6.3460064,-4.2393546,4.052023,-1.104794,5.6269073,10.696149,1.5556207,-5.3975277,-3.570301,9.414191,8.8270645,-7.0034866,-5.234303,-18.023397,-5.4565573,13.7162895,-6.2565966
P07359,-7.8387494,5.4518595,10.8857,-2.2121658,3.1827314,-1.5481461,0.33755273,-7.258084,-3.109206,-6.668002,-5.6222196,-4.0880084,2.3450217,5.3176837,5.971699,-8.956359,-0.5438041,-0.07552409,1.9450657,5.642635,4.8498135,2.7950137,-6.1061115,1.4359618,7.435293,-0.88264525,-3.3722038,-4.8803105,-9.764588,4.8660398,6.9496264,-0.40256017,-2.3661726,-5.4823513,-2.1288397,-7.2980094,-6.1715245,1.8754729,5.9546614,-7.5604334,-4.712563,-4.106621,-7.0870657,1.3740033,6.3777976,-4.944009,-1.4939904,-4.295901,-3.0155368,2.0257123,-0.18361968,3.5918045,6.708204,0.53996164,-3.1742043,-2.5076132,5.9034343,6.58607,-4.1552906,-3.2454987,-11.138556,-1.5671812,8.19918,-4.9045734
Q14247,-13.985306,15.167409,19.767942,-3.4062104,8.675516,-3.1233459,-0.15797864,-14.996018,-7.24176,-14.80057,-12.259719,-11.585962,3.5335677,15.465089,10.79012,-21.44264,-5.5524654,-2.4035215,2.1638856,11.735215,11.116614,9.184628,-16.673544,9.043512,16.971205,-1.0714262,-9.894637,-10.015111,-20.030088,11.143192,16.988787,-5.570579,-9.892544,-9.607453,-9.299454,-14.952301,-8.753283,5.0339084,11.481188,-18.478277,-9.741286,-10.881918,-19.67104,0.37134743,16.781849,-12.318641,-1.7884978,-8.236288,-4.565857,6.4157553,-2.10467,7.3569903,13.552912,2.437098,-6.9596143,-4.2285304,13.456648,10.179145,-10.842912,-7.232477,-23.168436,-9.260339,18.789259,-7.912897
P34760,-9.081506,7.9831705,12.7224045,-2.6482882,4.8162932,-1.8751622,0.00046066727,-9.071369,-4.3145847,-8.395583,-7.2231727,-6.017353,2.5907903,8.009687,7.090699,-12.166301,-2.2990565,-0.93551,1.8383265,7.335663,6.5027757,4.629646,-8.832197,3.8595824,10.02585,-0.88272107,-5.420944,-6.0214076,-12.371169,6.4757743,9.612278,-2.1457796,-4.562751,-6.326907,-4.232672,-8.876411,-6.8752913,2.7515354,7.226723,-10.195426,-5.979659,-6.1113434,-10.601713,0.67726415,9.154311,-6.8136206,-1.6816441,-5.158866,-3.4372897,3.141714,-0.83223724,4.4703865,8.423785,1.1910462,-4.360257,-2.9846292,7.5952854,7.1277843,-5.6869845,-4.3048553,-14.094253,-3.8557856,10.931382,-5.440506
P0C0T5,-13.120443,12.52137,18.130127,-3.2109485,6.6312585,-3.1819758,0.005984998,-13.729991,-6.00455,-12.777153,-11.023706,-9.390091,3.4474564,12.626674,10.155466,-17.754023,-4.366051,-1.8477399,1.9270391,11.003315,10.090662,7.710115,-13.434189,6.8301897,14.619296,-1.3590529,-8.731601,-9.006923,-18.527973,10.193541,14.918022,-3.9882941,-7.6788397,-8.654501,-6.9830055,-13.727098,-8.507692,4.263509,9.946802,-16.037243,-8.673472,-9.230238,-16.309011,0.65951145,13.730139,-10.822184,-2.3179111,-7.662689,-4.8986006,5.4724803,-1.585738,6.661419,12.356454,1.8904623,-6.6449175,-4.2612615,11.558444,9.954496,-8.971079,-6.205905,-20.471897,-6.7660933,16.052,-7.859618
P0A9Q7,-11.225548,12.274991,16.441391,-3.7090466,7.840782,-2.3121583,-0.6309853,-12.054417,-6.6876473,-11.520791,-10.163637,-9.380444,3.2224154,12.505833,9.147584,-18.161684,-4.6504955,-2.3945377,2.1516132,10.315973,9.3290825,7.402797,-13.516755,7.478636,14.604675,-0.893198,-8.568214,-7.8564396,-17.104359,8.938529,13.79755,-4.9250903,-8.01853,-8.243749,-7.535252,-11.621699,-8.682554,4.214846,10.10696,-14.718752,-8.326555,-9.586355,-16.364336,-0.4121043,14.087139,-9.820454,-1.9461111,-6.592806,-4.3850594,4.6115127,-1.6378194,6.1437693,11.560222,2.064759,-6.1440396,-3.8534725,10.323605,8.456659,-8.000164,-6.0872607,-19.710989,-7.2608404,15.732337,-6.4099946
P06612,-13.187048,16.605398,19.59087,-4.1784067,10.288702,-3.023955,-1.0098324,-14.9826355,-8.506288,-14.819097,-13.056593,-12.781014,3.7243958,17.040686,10.769415,-23.563765,-7.0531855,-3.6724427,2.0444832,12.834874,12.036332,10.447618,-18.066143,11.111049,18.668203,-0.9999291,-11.548737,-9.747574,-21.376163,11.371824,17.920439,-7.6367097,-11.535123,-9.830668,-10.903613,-14.594551,-9.408274,5.7160335,12.466935,-19.453327,-10.289221,-12.67918,-21.849316,-1.2408051,18.600048,-12.904037,-1.9421078,-7.9944854,-5.0577207,6.3924503,-2.4794374,7.814006,14.266268,2.7973363,-7.6119447,-4.580459,13.155558,9.560603,-10.67817,-7.7664933,-24.628855,-10.661272,20.21919,-7.3465104
Q9QWV4,-11.050952,10.959639,15.996549,-3.5109177,6.98078,-2.2325606,-0.33725744,-11.386874,-6.1105947,-10.886411,-9.502445,-8.39953,3.2175407,11.15229,8.877337,-16.570349,-3.6181693,-1.8487616,2.2928045,9.472572,8.522402,6.31496,-12.252165,6.1164,13.171766,-0.9985606,-7.5413985,-7.3966393,-16.129526,8.307238,12.736298,-3.728087,-6.741056,-7.8412805,-6.2873716,-11.073624,-8.529143,3.8222432,9.514017,-13.586859,-7.727868,-8.46263,-14.647827,0.09450654,12.776555,-9.132692,-1.9836204,-6.3592405,-4.2635193,4.168853,-1.352723,5.710637,10.930561,1.8398033,-5.658548,-3.6948898,9.629151,8.599751,-7.2866564,-5.599161,-18.536455,-6.0366397,14.45446,-6.2548285
Q7L0Y3,-11.306558,12.9701805,16.456331,-3.5643716,8.063807,-2.5070744,-0.685223,-12.439251,-6.8212395,-11.922909,-10.52636,-9.91528,3.1857605,13.312898,9.174228,-18.673178,-5.381569,-2.6801972,1.8529425,10.562169,9.745646,8.053403,-14.218014,8.401454,14.994688,-0.9020193,-9.22262,-8.065213,-17.612442,9.369326,14.55844,-5.54888,-8.777704,-8.135844,-8.237044,-11.982743,-8.246959,4.4965997,10.084787,-15.508724,-8.430584,-10.026455,-17.290304,-0.72622687,14.723476,-10.405732,-1.9232799,-6.7417502,-4.365403,5.0862856,-1.9075979,6.3047137,11.797618,2.2716372,-6.4296346,-3.895213,10.68497,8.326149,-8.45215,-6.286052,-20.085821,-8.081125,16.23768,-6.351268
P51965,-12.64086,14.634117,18.514898,-4.119587,9.215326,-2.7651894,-0.85808384,-13.916347,-7.773927,-13.347212,-11.897387,-11.212214,3.5852227,15.016502,10.364594,-21.179443,-6.0539126,-3.1496208,2.1101356,11.979259,10.96745,9.0692,-16.057034,9.509818,16.932838,-1.0486716,-10.455084,-8.987809,-19.895992,10.537795,16.407454,-6.318093,-9.889084,-9.121425,-9.293641,-13.366139,-9.440422,5.0880747,11.406938,-17.416666,-9.532242,-11.38894,-19.576214,-0.9243134,16.657515,-11.754933,-2.193833,-7.5263357,-4.9620366,5.6705446,-2.1723943,7.07304,13.323385,2.6416383,-7.257548,-4.393153,11.946197,9.319506,-9.429224,-7.0785446,-22.732195,-9.158624,18.33934,-7.074643
Q9C0C9,-12.944284,14.332763,18.851114,-4.161709,9.052926,-2.7487438,-0.7501945,-13.992344,-7.725519,-13.364405,-11.838898,-10.980237,3.6469254,14.713663,10.57357,-20.957014,-5.6908693,-2.9582267,2.2884557,11.906526,10.859926,8.687778,-15.8581085,9.070802,16.683844,-1.0803245,-10.200922,-9.023176,-19.93242,10.53458,16.328981,-5.8582673,-9.502196,-9.169984,-8.900422,-13.437224,-9.675895,4.9757047,11.412466,-17.260649,-9.53284,-11.137633,-19.247126,-0.6900437,16.472525,-11.711976,-2.2875228,-7.627081,-5.0155635,5.594387,-2.0863783,7.0116825,13.392564,2.6367424,-7.2557926,-4.4071617,11.958062,9.649207,-9.314689,-7.0043797,-22.771828,-8.8448925,18.172585,-7.200633
P80188,-11.544083,14.551474,16.962488,-3.9154594,9.277018,-2.5879283,-1.141512,-13.286157,-7.721012,-12.552633,-11.340468,-11.108011,3.2017722,15.097527,9.624746,-20.577442,-7.00722,-3.5473578,1.6201553,11.66406,10.799222,9.339592,-15.928588,10.48818,16.624285,-0.77704954,-10.860827,-8.486597,-19.0955,10.302587,16.224947,-7.154847,-10.487411,-8.328864,-9.854303,-12.450065,-8.491003,5.068362,10.642589,-16.944323,-9.126317,-11.526887,-19.71243,-1.7236681,16.584677,-11.508882,-2.0969877,-7.0413733,-4.5800295,5.748488,-2.4524682,6.692617,12.719093,2.8518221,-7.357375,-4.1254735,11.390317,8.111941,-9.123263,-6.8836927,-21.626276,-9.948732,17.786592,-6.2842937
Q12349,-15.088254,14.620238,20.830944,-3.1277556,7.978272,-3.264897,0.4314052,-15.415411,-6.761426,-15.42902,-12.172976,-11.129192,3.7246737,14.690253,11.219223,-20.940886,-4.2513103,-1.4446483,2.5432324,11.236601,10.761562,8.389009,-16.16147,7.48282,16.42503,-1.1849326,-8.742715,-10.554888,-19.74545,11.082899,16.597034,-4.0908513,-8.824195,-10.101112,-8.322233,-15.803004,-9.024622,4.7287755,11.650028,-18.34505,-9.727553,-9.945665,-18.588678,1.7105503,16.035639,-12.065509,-1.6704378,-8.67033,-4.470924,6.389181,-1.7821865,7.477025,13.59817,2.0126321,-6.4869757,-4.282146,14.017506,11.287392,-11.234627,-7.1781054,-23.182093,-8.084266,18.57974,-8.67739
C0LGW6,-12.463733,12.201085,17.70048,-3.6659498,7.4913044,-2.6094654,-0.23994665,-12.810562,-6.514566,-12.190972,-10.542277,-9.296331,3.487914,12.364185,9.874293,-18.136995,-4.1246796,-1.9443859,2.3132079,10.490737,9.453856,7.167673,-13.527363,6.8013177,14.520413,-1.1805063,-8.408275,-8.384454,-17.81423,9.433471,14.296613,-4.0412364,-7.491133,-8.570651,-6.982446,-12.544801,-9.188661,4.243484,10.25706,-15.171067,-8.53159,-9.246871,-16.253744,0.31303215,13.972515,-10.26975,-2.203997,-7.1741557,-4.641106,4.8982286,-1.612176,6.318067,12.088286,2.0614645,-6.3113523,-4.1048284,10.93008,9.543986,-8.382556,-6.227801,-20.388174,-6.7598653,16.00703,-7.102909
Q9HAU5,-14.337753,14.444002,20.28858,-3.7450757,8.495503,-3.0726402,-0.11224182,-14.899527,-7.335088,-14.554093,-12.17288,-11.032242,3.8097947,14.668777,11.152702,-21.009338,-4.840025,-2.1660156,2.5367332,11.720053,10.908652,8.403803,-16.01905,8.128355,16.551327,-1.2124515,-9.513148,-9.847471,-20.236256,10.944352,16.610569,-4.7897167,-9.0225115,-9.747275,-8.418807,-14.848515,-9.633653,4.8824015,11.684893,-17.96437,-9.727767,-10.523513,-18.907461,0.56906855,16.331093,-12.033999,-2.1326149,-8.302319,-4.9277143,6.0037565,-1.9150004,7.3050814,13.753689,2.3210428,-6.9987307,-4.4606256,13.035559,10.833609,-10.202582,-7.1079645,-23.31721,-8.30303,18.447857,-8.068595
P11415,-18.107443,25.298658,27.54609,-6.3438344,16.49702,-3.9387321,-2.177827,-21.374075,-13.334067,-21.325819,-19.054928,-19.596891,5.044062,26.259079,15.327774,-35.782528,-11.882819,-6.517464,2.684065,18.87127,17.761135,15.976563,-27.84228,18.522734,27.889221,-1.0853163,-18.058374,-13.695583,-31.206299,16.683708,26.954498,-12.96027,-18.474672,-13.6071615,-17.576647,-20.287548,-13.292832,8.726178,18.157742,-28.739256,-15.1067505,-19.668898,-33.87821,-3.3075354,28.773186,-19.374392,-2.6380017,-11.145179,-6.9367366,9.640614,-4.2956967,11.108201,20.844517,4.9292817,-11.48452,-6.3763423,19.021303,12.557869,-15.612882,-11.5100565,-36.285107,-17.836323,30.170633,-9.422723
P0DMC3,-14.844025,17.840958,21.734306,-4.711925,11.032125,-3.341811,-1.0966413,-16.64163,-9.222069,-16.012857,-14.262019,-13.653749,4.0864863,18.31228,12.190142,-25.425524,-7.6595707,-3.9839163,2.2448556,14.350983,13.229614,11.226353,-19.440878,11.897884,20.331038,-1.1963185,-12.749238,-10.765379,-23.672182,12.738995,19.809717,-8.0012865,-12.281544,-10.672882,-11.548939,-16.02559,-10.719481,6.142669,13.412518,-21.05952,-11.367365,-13.792952,-23.771328,-1.2820145,20.077282,-14.230516,-2.4696593,-8.920279,-5.7551484,7.0324955,-2.7472878,8.447395,15.811517,3.2440538,-8.688255,-5.1361213,14.418797,10.727589,-11.536815,-8.449768,-27.009562,-11.495193,21.982975,-8.314129
Q9UJV3,-12.398776,15.253944,18.256042,-4.2520127,9.700451,-2.774282,-1.125134,-14.037027,-8.054646,-13.32472,-12.095721,-11.638895,3.5232062,15.645681,10.306947,-21.795992,-6.9129934,-3.573365,1.8401902,12.454354,11.336498,9.79711,-16.535234,10.465381,17.691715,-0.9906163,-11.204487,-9.047658,-20.223051,10.805764,16.866293,-7.2140226,-10.667679,-9.1311035,-10.05128,-13.333924,-9.461557,5.3238034,11.496538,-17.768616,-9.751606,-12.058533,-20.483553,-1.4562322,17.207264,-11.9883375,-2.2504537,-7.4982996,-5.023671,5.878822,-2.425342,7.204813,13.510124,2.7928815,-7.5966935,-4.5007553,12.054691,8.890303,-9.6356535,-7.324525,-23.038403,-9.874208,18.879105,-6.9867787
P08909,-11.142045,12.7636795,16.402674,-3.9806182,8.43216,-2.3205812,-0.8837843,-12.143297,-7.07608,-11.488014,-10.447893,-9.783522,3.2968163,13.092084,9.266012,-18.832193,-5.3433337,-2.8322825,1.983749,10.734347,9.615991,7.9304047,-14.075439,8.330828,15.164679,-0.9676656,-9.342355,-7.8088565,-17.662086,9.199103,14.417617,-5.574167,-8.581292,-8.163215,-8.10707,-11.455907,-9.0052,4.5291324,10.240159,-15.058936,-8.498892,-10.199654,-17.328936,-0.98119384,14.723448,-10.232232,-2.1376274,-6.591756,-4.5549955,4.774433,-1.9277818,6.209478,11.869544,2.4126842,-6.5418215,-4.020177,10.308745,8.267392,-8.040696,-6.3609424,-20.250456,-7.898702,16.32008,-6.22557
P48601,-15.659098,17.960402,22.036541,-4.291519,10.733217,-3.5428479,-0.7140244,-17.215876,-8.7925205,-16.473166,-14.207933,-13.6566105,3.998003,18.4094,12.444987,-25.18683,-7.788452,-3.5349877,1.9629902,14.1477785,13.162573,11.411753,-19.630981,11.883962,20.257252,-1.2611215,-12.699129,-11.356489,-23.498669,13.211021,20.362228,-7.566774,-12.281146,-10.593171,-11.621968,-16.619629,-10.399942,6.1473236,12.965338,-21.311216,-11.357009,-13.465361,-23.981493,-0.6501201,19.912327,-14.574453,-2.4392848,-9.324916,-5.4384065,7.644848,-2.993024,8.409502,15.839685,3.4095192,-8.771534,-5.1231203,15.231855,10.993175,-12.387167,-8.643019,-26.893734,-11.74086,22.197289,-8.736078
D2Z028,-12.142242,17.70901,18.54193,-4.773846,11.695002,-2.8266022,-1.9601417,-14.894873,-9.527019,-14.140631,-13.348845,-13.638514,3.5297506,18.562231,10.638919,-24.83449,-9.343466,-5.1471777,1.503208,13.847945,12.848342,11.745491,-19.337214,13.8561,19.904148,-0.7883593,-13.658562,-9.3225155,-22.313969,11.881961,19.253792,-9.892428,-13.400619,-9.185126,-12.6856785,-13.581083,-9.457208,6.270297,12.370375,-19.961096,-10.579551,-14.422734,-24.237038,-3.31044,20.2285,-13.678363,-2.3062377,-7.6402082,-5.26664,6.701679,-3.1912591,7.7383833,14.648358,3.7762504,-8.763332,-4.6793933,12.734393,8.227297,-10.408771,-8.1224375,-25.224152,-12.914987,21.116127,-6.405749
Q42403,-8.998167,7.464509,12.622747,-2.5302844,4.390269,-1.8408227,0.156722,-8.797569,-4.0167675,-8.240827,-6.979131,-5.637805,2.5897846,7.4172506,6.943533,-11.588765,-1.6390694,-0.6313153,1.98352,6.963685,6.167592,4.1581254,-8.271329,3.0704374,9.490738,-0.9083396,-4.7813377,-5.898477,-11.879993,6.1267285,8.99613,-1.5719609,-3.9615865,-6.335817,-3.664311,-8.765377,-6.784375,2.5311148,7.1233826,-9.743713,-5.7694297,-5.604109,-9.738063,1.0627712,8.542583,-6.4190617,-1.5714122,-5.0553403,-3.3705568,2.8692386,-0.579783,4.3773317,8.111675,0.9498719,-3.986769,-2.8826857,7.3783245,7.242136,-5.4670806,-4.081349,-13.619696,-3.1793284,10.413055,-5.49773
P19174,-11.561002,12.158299,16.641602,-3.535055,7.538964,-2.4559455,-0.436294,-12.243395,-6.4698873,-11.702004,-10.198031,-9.281557,3.2542808,12.389928,9.261534,-17.86856,-4.487245,-2.1881776,2.0965002,10.195193,9.28681,7.3065586,-13.418457,7.2389107,14.328143,-0.9948895,-8.445136,-7.998132,-17.147242,9.069681,13.9134655,-4.5652595,-7.807876,-8.18569,-7.3130064,-11.897744,-8.540295,4.2003927,9.935271,-14.823276,-8.248061,-9.315676,-16.180756,-0.12756181,13.882869,-9.957615,-1.982995,-6.7535124,-4.37263,4.7741213,-1.6474148,6.1356215,11.579487,2.0609367,-6.132974,-3.8738687,10.491006,8.72569,-8.150073,-6.0642185,-19.648073,-7.0950594,15.6327095,-6.575356
P84022,-11.675156,13.318366,17.037619,-3.8332694,8.40801,-2.5549624,-0.76441705,-12.78129,-7.103913,-12.177864,-10.8842945,-10.177079,3.343627,13.630691,9.547957,-19.320688,-5.5122414,-2.8110278,1.9470876,11.037796,10.042938,8.29467,-14.571353,8.584173,15.572512,-0.99339795,-9.574225,-8.266497,-18.265614,9.656889,14.98208,-5.706291,-8.95103,-8.4468,-8.406419,-12.267368,-8.84099,4.6559997,10.479196,-15.872464,-8.759377,-10.407396,-17.831226,-0.79357755,15.146387,-10.692398,-2.0942626,-6.939856,-4.626866,5.1493764,-1.9686686,6.5050454,12.247154,2.3611856,-6.6932416,-4.1059113,10.921062,8.634173,-8.592879,-6.5219965,-20.837843,-8.19669,16.80677,-6.5930552
P17515,-12.468942,14.078415,18.089067,-3.7769725,8.786523,-2.635203,-0.6128788,-13.525888,-7.3430104,-13.171997,-11.360075,-10.802198,3.4256923,14.429002,10.019322,-20.42667,-5.4837685,-2.7002075,2.1630597,11.202046,10.393256,8.540097,-15.584422,8.840428,16.18429,-0.9359928,-9.631349,-8.88825,-18.85018,10.092189,15.732434,-5.7080526,-9.375475,-8.929827,-8.876033,-13.101545,-8.942289,4.7998934,11.031469,-16.80353,-9.160486,-10.689028,-18.698584,-0.4258781,15.997566,-11.266889,-1.8918966,-7.358397,-4.518953,5.532702,-2.019337,6.811845,12.739343,2.4752536,-6.729913,-4.099251,11.864288,9.17249,-9.42954,-6.835174,-21.848495,-8.7539,17.694319,-6.953721
Q9VU87,-8.803308,6.5122733,12.128088,-2.2668552,3.5684018,-1.8643372,0.37864542,-8.362525,-3.4803145,-7.7427087,-6.480282,-4.8783536,2.520562,6.4221277,6.6606574,-10.193365,-1.0585495,-0.2577562,1.9441369,6.4034033,5.6649814,3.4809704,-7.220498,2.178883,8.403715,-0.9691199,-4.126226,-5.582688,-11.158331,5.747775,8.223057,-0.814941,-3.1257946,-5.95902,-2.7896864,-8.465255,-6.4018817,2.2262414,6.5235248,-8.972287,-5.294297,-4.7717752,-8.415558,1.383749,7.4672127,-5.9154615,-1.6152191,-4.8954196,-3.289201,2.6379814,-0.38917273,4.0728536,7.6027665,0.71483946,-3.6969876,-2.7684684,6.865604,7.241249,-4.9617047,-3.666639,-12.566327,-2.3209445,9.343223,-5.4166846
P46273,-10.853367,11.263842,15.763949,-3.4648144,7.2832556,-2.1515205,-0.40385476,-11.313595,-6.2123203,-10.949541,-9.471806,-8.658567,3.1352143,11.492739,8.716754,-16.92703,-3.8968742,-1.9494331,2.2128694,9.375931,8.513507,6.562597,-12.625117,6.538366,13.394106,-0.89760065,-7.6583176,-7.4120283,-15.942331,8.270546,12.850616,-4.07125,-7.113253,-7.8048553,-6.7202187,-10.949481,-8.339109,3.9049957,9.545601,-13.694437,-7.733439,-8.655343,-15.057348,-0.03594899,13.083636,-9.176461,-1.8107443,-6.2744317,-4.0541477,4.2650084,-1.4659055,5.7065854,10.845294,1.9337858,-5.59357,-3.600552,9.7513275,8.301604,-7.5155425,-5.709088,-18.543377,-6.4781737,14.695658,-6.074028
O15394,-13.918078,14.930728,20.01342,-4.2932243,9.2648945,-2.9435642,-0.6874016,-14.93898,-7.998403,-14.091436,-12.376741,-11.342746,3.7851968,15.269061,11.277912,-21.704279,-6.0028687,-2.9661326,2.373542,12.610138,11.456048,9.019102,-16.445198,9.393237,17.463684,-1.1110055,-10.702682,-9.638248,-21.003305,11.27976,17.203638,-5.9777923,-9.8777075,-9.642748,-9.167614,-14.403273,-10.166608,5.1265383,11.839197,-18.118622,-10.079555,-11.550252,-20.034954,-0.5551998,17.118645,-12.30287,-2.528812,-8.183529,-5.292161,6.016883,-2.2216651,7.3396215,14.17702,2.701009,-7.778901,-4.6767187,12.734987,10.307638,-9.847019,-7.3061724,-23.860195,-9.194884,18.944988,-7.776744
P9WPW9,-14.15105,18.793354,21.138147,-4.9203396,11.788228,-3.395077,-1.5868182,-16.619776,-9.749991,-15.923729,-14.683185,-14.406926,4.0397797,19.403967,11.94453,-26.36553,-8.983687,-4.8447576,1.8302077,14.975951,13.823737,12.301511,-20.263407,13.525867,21.216223,-1.1627175,-13.991801,-10.574837,-24.333963,13.014178,20.519512,-9.5079155,-13.533866,-10.479568,-12.728127,-15.77906,-10.510102,6.5996957,13.556867,-21.740149,-11.540768,-14.861159,-25.183998,-2.3990304,21.064428,-14.718286,-2.5381024,-8.73033,-5.9283023,7.271614,-3.110305,8.631684,16.046381,3.5400884,-9.161368,-5.260411,14.2523,9.989985,-11.570274,-8.718653,-27.475235,-12.66599,22.674072,-7.8577247
O33407,-13.784412,16.276188,19.989296,-3.8174841,9.718745,-3.1707287,-0.63364077,-15.292781,-8.154995,-15.157811,-12.949111,-12.503418,3.704949,16.741966,10.950062,-22.933777,-6.65401,-3.21643,2.0894241,12.4437,11.879086,9.992153,-17.873384,10.600933,18.00819,-1.0180174,-11.11028,-9.981987,-21.26268,11.519986,17.976723,-6.8977265,-11.121822,-9.71866,-10.438987,-15.066311,-9.019662,5.556508,12.161197,-19.539986,-10.128446,-12.062592,-21.338652,-0.68164253,18.260855,-13.017666,-1.9262545,-8.266159,-4.893207,6.64107,-2.442037,7.7146945,14.242878,2.743248,-7.528692,-4.4907217,13.476646,10.036917,-10.887553,-7.61007,-24.394384,-10.4117775,19.845037,-7.54838
Q9ALW2,-12.676209,17.636982,18.518112,-5.242344,12.279105,-2.5644858,-2.2181559,-15.304376,-9.92707,-13.430942,-12.832327,-13.19551,3.3507755,18.36208,11.163756,-24.598278,-10.863353,-5.2805476,1.1673524,14.683804,13.006032,12.016111,-19.122307,14.866385,20.81643,-0.52333736,-14.785958,-9.537269,-22.509775,12.632775,19.861988,-10.530392,-13.905892,-9.033126,-13.055208,-13.361311,-10.540914,6.2536488,11.90877,-19.359007,-11.048963,-14.916554,-24.97932,-3.8858767,20.38153,-13.571641,-3.129807,-7.9334207,-5.342075,7.127139,-3.896492,7.4045324,15.200783,4.139315,-9.992627,-5.0601764,12.957698,7.890524,-10.354292,-8.458814,-25.283014,-13.622358,21.374107,-6.5382857
O15033,-9.920879,8.672257,13.936114,-2.762484,5.1532364,-2.0236592,0.11441409,-9.814553,-4.5801744,-9.31385,-7.8459635,-6.5707173,2.8050478,8.6399,7.6620274,-13.272028,-2.1502259,-0.8596011,2.0869396,7.7684593,6.932166,4.9114056,-9.602122,3.8893359,10.779372,-0.9665557,-5.549838,-6.599752,-13.230908,6.918564,10.258409,-2.105183,-4.8045382,-6.9763236,-4.492159,-9.77727,-7.3697968,2.935286,7.942601,-11.088519,-6.4686985,-6.452331,-11.320796,1.0376815,9.854938,-7.3285537,-1.6443511,-5.602543,-3.61157,3.3811417,-0.80876595,4.8847694,9.058769,1.1761657,-4.456782,-3.1601138,8.38121,7.8442845,-6.3313346,-4.645469,-15.292252,-4.0186887,11.8587475,-5.973272
O00560,-13.978526,16.283861,20.268084,-4.3009996,10.105796,-3.064159,-0.8652382,-15.428648,-8.443139,-14.861775,-13.040721,-12.4563675,3.805617,16.721834,11.349748,-23.303938,-6.862396,-3.42624,2.1685736,13.040398,12.054726,10.113822,-17.881374,10.715632,18.588566,-1.0874189,-11.53195,-10.029768,-21.711191,11.7353325,18.246391,-7.0326333,-11.10844,-9.891503,-10.460482,-14.859052,-9.977934,5.6030216,12.345803,-19.327734,-10.452491,-12.4851055,-21.744532,-0.92687994,18.417583,-13.076593,-2.284463,-8.3333845,-5.218168,6.5131764,-2.524315,7.733349,14.588082,2.98618,-7.9650826,-4.723078,13.430589,10.116116,-10.71618,-7.8060474,-24.880816,-10.44977,20.222153,-7.7496686
O94875,-20.973272,30.74893,31.710577,-7.8915334,20.360868,-4.7057867,-3.2063198,-25.44599,-16.320513,-24.561317,-22.722242,-23.595665,5.7884135,31.926134,18.159689,-42.770718,-16.390524,-8.753224,2.2838411,23.515474,21.686487,20.285471,-33.395695,24.163445,34.17114,-1.2969645,-23.463263,-16.036243,-37.75555,20.582327,33.05178,-17.192518,-23.314232,-15.50901,-22.0731,-23.602312,-15.992932,10.837119,21.000557,-34.298954,-18.18943,-24.545496,-41.861233,-5.4277573,34.823902,-23.503252,-3.808346,-13.141377,-8.524462,12.02343,-5.970674,13.064362,25.160803,6.430735,-14.866554,-7.9618516,22.323057,13.833041,-18.411451,-14.027461,-43.216396,-22.623957,36.367126,-10.760564
P09455,-14.790846,17.59384,21.232975,-4.0255475,10.206877,-3.526672,-0.7426267,-16.62117,-8.516028,-16.137129,-13.946619,-13.403114,3.8515484,18.006224,11.778111,-24.474667,-7.4573894,-3.5536292,1.9489081,13.745822,12.976069,11.166786,-19.004833,11.526448,19.641872,-1.1440207,-12.203761,-10.92093,-22.862,12.646769,19.449244,-7.625703,-12.098658,-10.414735,-11.354986,-16.32363,-9.5735655,5.936667,12.793046,-20.97806,-10.984229,-13.132848,-23.036434,-0.7340363,19.358234,-14.025098,-2.1435335,-8.927502,-5.341268,7.2801027,-2.6653564,8.358123,15.262053,2.9568036,-8.283802,-4.888963,14.625724,10.55852,-11.905164,-8.209436,-26.014612,-11.2788925,21.361355,-8.422723
P11541,-6.086549,3.940032,8.151235,-1.4379482,1.9311013,-1.3928419,0.39630502,-5.7172813,-2.1005313,-5.0598783,-4.216633,-2.9010992,1.7742578,3.9416783,4.4911146,-6.1610894,-0.55765504,0.0801477,1.3057566,4.1841273,3.7819586,2.1064596,-4.4081516,1.0912067,5.2812753,-0.6830927,-2.6176872,-3.7881236,-7.4827967,3.835249,5.4107413,-0.15505739,-1.7484535,-3.9721289,-1.476733,-5.722666,-4.2063427,1.3877772,4.1518974,-5.8542433,-3.3931367,-2.899394,-5.1313334,1.0636942,4.5818133,-3.8496902,-1.2326759,-3.3886027,-2.322331,1.7132208,-0.13037767,2.7097487,5.0172844,0.3804197,-2.5661888,-1.9116652,4.4694543,5.092225,-3.1365986,-2.3574376,-8.091161,-1.125943,5.895999,-3.8063817
O29976,-17.475101,23.043865,25.636942,-5.03362,13.172258,-4.6217675,-1.4168105,-20.626673,-10.929386,-20.10844,-18.009052,-17.572573,4.6916685,23.566008,14.2266445,-31.333664,-10.597265,-5.428367,1.8054711,17.890608,16.890814,15.272715,-24.317972,15.9612665,25.320374,-1.5180619,-16.484983,-13.361227,-29.203075,16.062246,24.786104,-11.205377,-16.405943,-12.743213,-15.334633,-20.358448,-11.306902,7.8947444,16.028992,-27.050888,-13.818666,-17.435997,-29.954506,-2.011902,24.89699,-17.996487,-2.6399856,-10.861441,-6.922995,9.361164,-3.6229463,10.736832,19.167173,3.7435615,-10.636216,-6.2339315,17.992159,12.2884,-14.911319,-10.386185,-32.755486,-15.073039,27.187435,-10.108414
O23512,-9.64872,7.4067116,13.2636795,-2.383126,3.991391,-2.0764682,0.40809774,-9.266227,-3.8339515,-8.656941,-7.19399,-5.553586,2.6943893,7.321111,7.278085,-11.372424,-1.3797424,-0.37276158,2.0226882,7.048368,6.304544,4.0242243,-8.178694,2.6982548,9.320778,-1.0389718,-4.6770363,-6.1966634,-12.286524,6.43485,9.229229,-1.10836,-3.7045116,-6.4713836,-3.3254254,-9.417529,-6.7835693,2.5096083,7.1204195,-10.089834,-5.8372626,-5.3466997,-9.532933,1.4652382,8.39864,-6.665563,-1.6933237,-5.39443,-3.5143166,3.0802102,-0.5303353,4.494368,8.369959,0.8461474,-4.0791426,-2.9958348,7.706584,7.8339844,-5.6625776,-4.0648656,-13.8573885,-2.880583,10.396748,-5.8933725
A0A166U5H3,-11.73387,11.978605,16.87063,-3.4206653,7.175908,-2.5167885,-0.26674035,-12.300072,-6.1916842,-11.853338,-10.197729,-9.131306,3.2823799,12.0773535,9.284235,-17.686115,-3.9041066,-1.8934925,2.2266095,10.108345,9.1989975,7.135806,-13.099408,6.5430117,14.226489,-1.0474273,-7.943013,-8.164803,-16.95106,8.953398,13.5553465,-4.1132455,-7.4026475,-8.459511,-6.9457755,-12.1749115,-8.548851,4.042257,10.035171,-14.721606,-8.258496,-9.023138,-15.638641,0.3812644,13.464587,-9.738519,-1.8470055,-6.8159637,-4.382304,4.633038,-1.3886486,6.2454004,11.467977,1.7808058,-5.834132,-3.8506546,10.624458,8.987788,-8.26664,-5.9888473,-19.53892,-6.5276465,15.496084,-6.9340425
P01700,-21.733864,29.23491,32.03763,-6.612446,17.674788,-5.1796913,-2.0069823,-25.527235,-14.225513,-25.106577,-22.217705,-22.379642,5.6808167,29.94641,17.874353,-40.391724,-13.473754,-6.9460363,2.5115747,22.160946,20.783747,19.071533,-31.352032,20.559694,32.27363,-1.5808512,-20.605217,-16.716276,-35.95001,19.931051,31.196957,-14.364805,-20.969345,-15.971155,-19.896091,-24.79462,-14.710971,9.893122,20.355064,-33.500175,-17.533623,-22.218998,-38.46008,-2.6560764,31.993439,-22.466915,-3.0205808,-13.387711,-8.09815,11.68816,-4.823318,13.171656,23.962494,5.204038,-13.19809,-7.5347347,22.859802,14.888622,-19.028297,-13.294546,-41.376564,-19.857323,34.707863,-12.203517
P13727,-12.78456,16.355297,18.59176,-3.941913,9.736225,-3.1592152,-1.0976238,-14.898406,-7.9921546,-14.166122,-12.752461,-12.434872,3.4519396,16.774572,10.475742,-22.634974,-7.6196656,-3.7937353,1.4639379,12.999584,12.085032,10.872356,-17.445395,11.354546,18.531473,-1.0306519,-11.874515,-9.726684,-20.951534,11.534545,17.885042,-7.8915057,-11.625065,-9.353939,-10.969838,-14.304868,-8.845699,5.603725,11.606154,-19.022135,-10.084094,-12.665493,-21.65065,-1.4407836,17.890966,-12.773206,-2.0769951,-7.8631034,-5.038012,6.549496,-2.5919733,7.6568456,13.853217,2.8860934,-7.8648586,-4.562326,12.958268,8.910037,-10.654575,-7.640562,-23.660032,-10.774478,19.750269,-7.442657
Q9VMB4,-12.830514,13.655373,18.207235,-3.4535704,8.015189,-2.835107,-0.2551971,-13.638447,-6.713203,-13.270725,-11.230868,-10.394568,3.4307623,13.789197,10.0146055,-19.65607,-4.852612,-2.1610396,2.0922978,10.995481,10.171811,8.354587,-14.867985,7.8709025,15.806068,-1.0930902,-9.018265,-9.146549,-18.44038,10.054055,15.288983,-4.9545183,-8.716031,-9.084677,-8.244172,-13.537486,-8.7829275,4.5905056,10.777157,-16.548815,-9.032546,-10.061966,-17.778862,0.365239,15.081531,-10.976978,-1.8328568,-7.515531,-4.4934983,5.534038,-1.8040075,6.8615837,12.506423,2.0966384,-6.415607,-4.1289477,12.056164,9.509576,-9.645034,-6.7235684,-21.354856,-7.8780437,17.305296,-7.4994273
P49407,-12.639348,14.568452,18.406128,-4.0658517,9.170936,-2.7480075,-0.83447176,-13.897769,-7.7218523,-13.280833,-11.784366,-11.134221,3.5358827,14.947764,10.326843,-21.018826,-6.136402,-3.1044273,2.0533774,11.911066,10.907214,9.04443,-15.987442,9.544798,16.862055,-1.0126203,-10.450036,-8.987756,-19.757364,10.547379,16.38566,-6.308321,-9.893012,-9.040145,-9.292113,-13.326965,-9.358418,5.057325,11.273287,-17.322174,-9.4892,-11.319638,-19.52416,-0.9148395,16.578802,-11.705925,-2.2048461,-7.524716,-4.8876214,5.722217,-2.2226384,7.006346,13.265861,2.650933,-7.2807026,-4.3709717,11.955782,9.245916,-9.444329,-7.061769,-22.571888,-9.199024,18.248377,-7.044462
O13034,-7.946948,6.913812,11.382166,-2.494535,4.4032297,-1.528856,-0.021172423,-7.8403754,-3.9567294,-7.3894157,-6.33146,-5.275195,2.384809,6.957199,6.2518315,-10.911195,-1.6702654,-0.7549909,1.90611,6.3378267,5.6208944,3.8071587,-7.8006387,3.1167297,8.82721,-0.7304437,-4.501752,-5.21177,-10.844817,5.440619,8.22027,-1.7262666,-3.826943,-5.7757235,-3.5848732,-7.652578,-6.3427553,2.3774562,6.6772513,-8.84089,-5.2834883,-5.351882,-9.171671,0.6449709,8.138922,-5.818347,-1.4110744,-4.4734426,-3.0501876,2.4881258,-0.5671032,3.9592,7.410508,0.97932625,-3.668692,-2.598391,6.556183,6.4161367,-4.8254633,-3.7819443,-12.56037,-3.1595402,9.645264,-4.735223
O00910,-10.851283,13.464651,16.069805,-3.8001797,8.790858,-2.3401825,-1.0074242,-12.255377,-7.264165,-11.755915,-10.574365,-10.319345,3.1364052,13.878561,9.013058,-19.37613,-6.116233,-3.1288266,1.7296776,10.780568,9.891645,8.53063,-14.769551,9.34456,15.585297,-0.7812837,-9.823721,-7.8947845,-17.714567,9.373449,14.837183,-6.409337,-9.480565,-8.058998,-8.970055,-11.57083,-8.374547,4.7240667,10.251481,-15.630814,-8.5525,-10.644677,-18.154612,-1.3717048,15.384338,-10.5099745,-1.9161205,-6.552606,-4.3150797,5.1241617,-2.1609263,6.3032894,11.880264,2.502893,-6.631919,-3.91241,10.575346,7.794384,-8.448624,-6.498389,-20.3482,-8.827631,16.703415,-5.9526844
Q74K78,-8.305991,5.4684286,11.235166,-2.0459633,2.7139254,-1.8610854,0.47868615,-7.7550406,-2.9030812,-6.9163094,-5.878209,-4.025177,2.3865006,5.3434215,6.2374187,-8.60883,-0.6645545,-0.027482003,1.7772129,5.9244246,5.1624236,2.911077,-5.9812193,1.4150543,7.3188157,-1.0262482,-3.6121318,-5.125543,-10.314741,5.3141284,7.3531938,-0.24748844,-2.3364587,-5.432279,-1.959368,-7.883669,-5.968237,1.903443,5.7454796,-7.979435,-4.758598,-4.028901,-7.0578837,1.4851832,6.2426414,-5.3060746,-1.7143947,-4.5974603,-3.2469976,2.3310182,-0.21671847,3.7044933,6.9585752,0.52204865,-3.480182,-2.652653,6.120498,6.9511857,-4.2809777,-3.2040884,-11.251322,-1.4980028,8.129835,-5.2438183
P53675,-12.828571,12.404708,17.714062,-2.9181647,6.987445,-2.749517,0.22991611,-13.122229,-5.9065967,-12.882533,-10.373641,-9.423443,3.2575395,12.495645,9.6566725,-17.917593,-3.824136,-1.3490113,2.1616404,9.82067,9.24816,7.249152,-13.724784,6.5090914,14.245596,-1.0458124,-7.7234845,-8.941743,-17.0182,9.475668,14.246949,-3.6200628,-7.5361347,-8.643963,-7.1275287,-13.220289,-8.11992,4.0868144,9.969959,-15.473604,-8.367777,-8.699204,-16.016287,1.2157731,13.709707,-10.262216,-1.6302918,-7.3729887,-3.9952772,5.337493,-1.5600753,6.371074,11.691898,1.835645,-5.7684226,-3.783548,11.776121,9.581373,-9.383594,-6.2227817,-19.874699,-6.881391,15.966666,-7.4147015
P11473,-14.40075,17.701437,21.222883,-4.727731,11.104095,-3.2237074,-1.1765143,-16.237146,-9.203689,-15.680356,-14.029419,-13.552152,4.027519,18.133047,11.8798895,-25.25294,-7.711706,-4.026077,2.178212,14.172774,13.0153,11.217706,-19.227673,11.919783,20.246403,-1.1490041,-12.671094,-10.515832,-23.238825,12.450182,19.437199,-8.15308,-12.267234,-10.554589,-11.57155,-15.618663,-10.653644,6.119752,13.3164835,-20.694372,-11.2217865,-13.751125,-23.573294,-1.4233034,19.893724,-13.920041,-2.4010396,-8.68372,-5.651179,6.8654466,-2.7529972,8.339462,15.546559,3.1684709,-8.529704,-5.0822678,14.111042,10.369036,-11.3355875,-8.400663,-26.63042,-11.40769,21.786695,-8.073722
P07315,-14.754451,18.053534,22.161173,-5.158458,12.08297,-2.9705982,-1.3076866,-16.37211,-10.13651,-16.159742,-14.331403,-14.017715,4.2593627,18.788157,12.340173,-26.386293,-7.759936,-4.2866406,2.7437527,14.108646,13.1141815,10.745648,-20.33689,12.492957,20.334633,-1.0095654,-12.932026,-10.343583,-24.06841,12.509154,20.085955,-8.269458,-12.585095,-10.614907,-11.847263,-15.534724,-11.250351,6.3542094,14.026554,-21.26203,-11.434276,-14.097073,-24.472631,-1.8814621,21.239496,-14.465707,-2.4944372,-8.795547,-5.67819,6.8773246,-2.9302528,8.284509,16.18543,3.6086686,-8.769208,-5.0649805,14.166415,10.848557,-11.120708,-8.541188,-27.846039,-12.125203,22.347147,-7.5042043
Q9Y2D1,-12.882062,16.175783,19.26335,-4.4474077,10.459162,-2.795098,-1.1904218,-14.595512,-8.692974,-14.223806,-12.738979,-12.451683,3.705134,16.679134,10.727301,-23.25917,-7.1307807,-3.8083272,2.130872,12.788585,11.821294,10.093833,-17.765553,11.129654,18.441786,-0.9308373,-11.608719,-9.363184,-21.196619,11.161102,17.684624,-7.6441545,-11.345239,-9.5746765,-10.703923,-13.934614,-9.75803,5.6330004,12.317588,-18.857296,-10.190435,-12.6637945,-21.654865,-1.6092793,18.488707,-12.65306,-2.1542687,-7.7839518,-5.10499,6.1318355,-2.5317667,7.541436,14.183081,2.959801,-7.7669206,-4.5738254,12.645479,9.33588,-10.099231,-7.6506996,-24.384811,-10.614016,19.885172,-6.9998145
O88844,-10.9758625,10.148259,15.6696825,-3.0994837,6.152579,-2.2051127,0.0018150721,-11.043704,-5.47247,-10.688754,-8.969506,-7.7602577,3.0861437,10.243695,8.566167,-15.41655,-2.747991,-1.263076,2.3755677,8.722711,7.950007,5.6166506,-11.378257,5.001855,12.197504,-0.95664877,-6.5065894,-7.3178754,-15.105948,7.848988,11.841581,-2.8176572,-5.904041,-7.705316,-5.494115,-10.987704,-7.9931645,3.4220195,9.072602,-12.88735,-7.314919,-7.5330877,-13.282811,0.7997957,11.729501,-8.5314245,-1.7356436,-6.2427697,-3.9503353,3.9468324,-1.0420209,5.48659,10.3127775,1.4860028,-5.076667,-3.4387143,9.473323,8.651232,-7.1610637,-5.2194467,-17.493765,-5.182059,13.523236,-6.342416
Q5SW96,-11.339653,11.7103195,16.144762,-3.1256716,6.9336987,-2.4732275,-0.2233957,-11.980253,-5.9731956,-11.552939,-9.812593,-8.925303,3.0832312,11.917973,8.895644,-17.020472,-4.111965,-1.8648492,2.0044131,9.620728,8.931647,6.994541,-12.903109,6.7350516,13.621289,-0.93284184,-7.8466673,-7.9246135,-16.351849,8.778343,13.373876,-4.140005,-7.441082,-7.9432,-6.965546,-11.804381,-7.8239546,3.958537,9.476065,-14.434783,-7.8852425,-8.723928,-15.366029,0.24195082,13.206355,-9.6075735,-1.7413414,-6.6219726,-4.064808,4.7308455,-1.4959415,5.96413,11.04738,1.856415,-5.73585,-3.6352096,10.387464,8.546298,-8.145757,-5.785913,-18.756235,-6.746229,14.957643,-6.5256386
P07014,-6.5176835,6.9056,9.5926285,-2.2314095,4.390869,-1.4217577,-0.31829217,-6.984295,-3.8163548,-6.6047873,-5.8839965,-5.2823257,2.0460339,7.054296,5.2513328,-10.356156,-2.4617844,-1.2042726,1.3678762,5.953424,5.430363,4.233023,-7.585794,3.9776871,8.498729,-0.5494047,-4.797836,-4.581581,-9.94731,4.9852467,7.7675743,-2.6647415,-4.4084044,-5.0450597,-4.1527047,-6.7024474,-5.2130847,2.4203646,6.026014,-8.424754,-4.7784204,-5.4897895,-9.143695,-0.14961918,7.9440074,-5.4640007,-1.1634183,-3.8412082,-2.7141027,2.4248476,-0.72409916,3.6954672,6.6424127,0.9960604,-3.4962246,-2.3286946,5.814089,5.1004424,-4.4689355,-3.559335,-11.357015,-3.70694,9.065801,-3.9013054
P22736,-13.932644,16.704994,20.297132,-4.406605,10.403269,-3.112401,-1.0028602,-15.571273,-8.652275,-14.965629,-13.272697,-12.762404,3.829195,17.138369,11.386025,-23.767128,-7.312479,-3.6768217,2.0534694,13.384149,12.331412,10.545513,-18.213343,11.240742,19.076159,-1.0956453,-11.99406,-10.089043,-22.084032,11.93368,18.56888,-7.5354085,-11.553525,-9.976227,-10.872959,-14.969109,-10.069736,5.7813215,12.512489,-19.670734,-10.626183,-12.899176,-22.305796,-1.2160192,18.811182,-13.284844,-2.3438146,-8.370628,-5.331445,6.641371,-2.6545987,7.8727274,14.802818,3.0400405,-8.174848,-4.834183,13.524942,10.003846,-10.840355,-7.97153,-25.23753,-10.80764,20.615292,-7.7474427
F1RAX4,-10.847432,11.645373,15.506794,-3.3174505,7.297873,-2.2604697,-0.47997543,-11.610046,-6.1774573,-10.986913,-9.519318,-8.845026,2.9716094,11.900628,8.685149,-16.968111,-4.6561456,-2.137924,1.8575989,9.661317,8.822823,7.104467,-12.85782,7.2640643,13.748149,-0.8122139,-8.201065,-7.617171,-16.082235,8.659041,13.310285,-4.6213064,-7.7046776,-7.6560154,-7.243811,-11.144325,-7.948712,3.9911306,9.270452,-14.006009,-7.826569,-8.970725,-15.608193,-0.29061732,13.293508,-9.422,-1.859862,-6.3708596,-3.9921973,4.648783,-1.7013454,5.7475758,10.913302,2.0524714,-5.936332,-3.6220233,10.022571,7.9772263,-7.844927,-5.8103967,-18.471457,-7.1106644,14.88444,-6.1253834
O75446,-15.599888,17.302212,21.738125,-3.6168413,9.809724,-3.5327783,-0.21713507,-16.89529,-8.011974,-16.61714,-13.656435,-13.161785,3.8061354,17.615786,11.969012,-24.12794,-6.7014027,-2.7488537,2.0807142,13.084306,12.501026,10.714745,-18.915966,10.638399,19.21068,-1.1382507,-11.313162,-11.423039,-22.159548,12.639471,19.321087,-6.563665,-11.49945,-10.576851,-10.923159,-16.782778,-9.440529,5.705054,12.600506,-20.792435,-10.88562,-12.357637,-22.507504,0.37792712,18.877895,-13.909927,-1.8748542,-9.223021,-4.866982,7.497445,-2.5979142,8.256609,15.059717,2.8769903,-7.8481827,-4.7156944,15.34435,11.054932,-12.600378,-8.249532,-25.742203,-10.894338,21.28675,-8.860142
P0ACE3,-7.5637517,6.341361,10.400384,-1.7822058,3.607152,-1.5471625,0.31931683,-7.3968353,-3.1976337,-7.1514378,-5.6595516,-4.811348,2.0718822,6.376402,5.5919223,-9.617739,-1.4021796,-0.27433634,1.5988357,5.330811,5.004589,3.485564,-7.1717296,2.675884,7.747931,-0.6152149,-3.745522,-5.0915055,-9.479487,5.038529,7.5470495,-1.2407284,-3.4729793,-5.2352753,-3.2840738,-7.423143,-5.082253,2.0950499,5.8079433,-8.274204,-4.6528864,-4.4666705,-8.165332,1.1223764,7.205773,-5.3569407,-1.0231798,-4.25746,-2.4222367,2.5996017,-0.52151823,3.6182919,6.5397205,0.7753076,-3.100012,-2.213702,6.461556,5.956093,-4.965424,-3.4392195,-11.082044,-2.9145582,8.691667,-4.503713
O23530,-11.623147,12.076042,16.753468,-3.4414763,7.6073685,-2.3392136,-0.31099108,-12.13115,-6.4779525,-11.8706255,-10.05691,-9.283982,3.2442565,12.33949,9.209059,-17.927435,-4.1560087,-1.981539,2.2827938,9.774047,9.0316105,6.986897,-13.55893,7.0179677,14.073651,-0.906878,-8.040289,-7.988788,-16.817312,8.86266,13.749705,-4.281099,-7.6632724,-8.206592,-7.2323594,-11.852913,-8.437762,4.133155,10.018022,-14.751617,-8.153407,-9.063787,-16.024868,0.11394731,13.941726,-9.864111,-1.7804328,-6.727926,-4.1203823,4.7317157,-1.5981668,6.051104,11.458506,2.0467813,-5.8504586,-3.7170718,10.588475,8.816774,-8.240846,-6.0288377,-19.59705,-7.071656,15.573697,-6.4399366
P20827,-9.68698,9.8245325,13.882566,-3.0331979,6.042839,-2.099812,-0.34102356,-10.19495,-5.26854,-9.534229,-8.426766,-7.446699,2.795999,9.957328,7.7544384,-14.526325,-3.5748558,-1.6969389,1.7762983,8.605758,7.728727,5.9898157,-10.733522,5.6554875,11.91217,-0.89070827,-6.945915,-6.6627035,-14.29706,7.4968023,11.362355,-3.5913255,-6.1944723,-6.9429617,-5.76783,-9.8841915,-7.370518,3.4183054,8.252681,-12.086747,-6.864375,-7.651805,-13.074418,-0.018036531,11.18014,-8.073028,-1.8049194,-5.6530576,-3.8352733,3.8012075,-1.2402273,5.1440234,9.626075,1.5665329,-5.1608343,-3.3455598,8.566845,7.404543,-6.574254,-5.018432,-16.217808,-5.4224324,12.839685,-5.696044
Q43155,-9.494328,11.371411,13.873724,-3.1448393,7.1094623,-2.1592364,-0.74520016,-10.701403,-5.9222727,-10.11172,-9.095171,-8.682788,2.7144132,11.7086315,7.7943788,-16.292597,-4.9743648,-2.4905798,1.4642712,9.284772,8.548358,7.3134613,-12.385415,7.5946603,13.274665,-0.7480876,-8.225146,-6.9718523,-15.183589,8.090123,12.667126,-5.1647053,-7.8596983,-7.0259123,-7.439862,-10.130868,-7.089428,3.9438987,8.679005,-13.3742285,-7.31168,-8.961756,-15.238195,-0.8739486,12.80781,-8.975821,-1.6417452,-5.7258863,-3.7918801,4.3652244,-1.6718541,5.49815,10.101927,2.0484471,-5.648141,-3.3723469,9.170459,6.874651,-7.3443913,-5.526721,-17.275026,-7.2206883,14.196563,-5.4689684
O53581,-13.5544405,16.15441,19.61759,-3.9064684,9.435176,-3.2993987,-0.828269,-15.344543,-8.060449,-14.704025,-12.977277,-12.293541,3.6419022,16.603622,10.941091,-22.482803,-7.102923,-3.5042307,1.8168349,12.9600935,12.176993,10.270147,-17.425936,10.829648,18.121202,-1.0806764,-11.597726,-9.88687,-21.556519,11.742438,18.039999,-7.2360444,-11.219341,-9.538993,-10.407921,-14.975974,-9.002117,5.535809,11.848405,-19.419325,-10.163562,-12.293866,-21.285011,-1.0814465,17.972178,-13.016598,-2.2371862,-8.229169,-5.2231326,6.634949,-2.4685035,7.725146,14.279214,2.7504685,-7.9440484,-4.644079,13.169776,9.792926,-10.564456,-7.51034,-24.152252,-10.385024,19.601572,-7.659479
P18956,-3.9707916,2.8533113,5.5816574,-1.2251801,1.9788591,-0.6683018,0.1689264,-3.6771395,-1.7937185,-3.46322,-2.7331123,-2.1952918,1.2973613,2.9229763,2.9483898,-4.9062505,-0.30651054,0.11289236,1.1972848,2.6136787,2.4167469,1.3966438,-3.4676723,0.8627767,4.0230985,-0.26421323,-1.5998096,-2.5640054,-4.800553,2.2371395,3.539419,-0.2643009,-1.3602346,-3.0390491,-1.3463324,-3.4884164,-3.2577083,0.9878456,3.3165667,-3.8349855,-2.3922565,-2.2028494,-3.818366,0.66083497,3.584344,-2.36792,-0.6121344,-2.1724064,-1.3804072,0.89378864,-0.022455439,1.878925,3.348076,0.29846707,-1.5306253,-1.2130451,3.0660114,3.3494596,-2.2009964,-1.828163,-5.7541203,-0.93569297,4.4413624,-2.3992276
P15202,-14.720297,16.7077,21.221333,-4.003677,9.672913,-3.4240146,-0.50003326,-16.097982,-8.121078,-15.840426,-13.570315,-12.753843,3.9553947,16.90899,11.610674,-23.678522,-6.256616,-3.0137146,2.26961,13.22052,12.353297,10.367809,-18.006582,10.063904,18.936642,-1.2538002,-11.130171,-10.689415,-22.10163,12.003152,18.321262,-6.623313,-10.972748,-10.599898,-10.318502,-16.095346,-9.870422,5.615349,12.820295,-20.108915,-10.719829,-12.328485,-21.5805,-0.048267722,18.323212,-13.262897,-2.0403626,-8.759745,-5.3318315,6.709075,-2.2441072,8.241088,14.844465,2.4940975,-7.6447906,-4.838414,14.210783,10.862394,-11.468897,-7.937626,-25.42293,-9.915206,20.650621,-8.585483
P0A744,-10.004044,7.4566846,13.7524805,-2.5311081,4.103208,-2.0576453,0.45941782,-9.448971,-3.8812926,-8.839471,-7.311363,-5.583599,2.8016367,7.271975,7.542292,-11.695663,-1.0926052,-0.23129307,2.198738,7.2153926,6.3245792,3.992338,-8.224082,2.3730314,9.626577,-1.0978125,-4.5410514,-6.4082723,-12.436847,6.493469,9.246196,-0.87757045,-3.5221634,-6.820915,-3.2053425,-9.630045,-7.296635,2.495447,7.4202075,-10.102088,-6.0482507,-5.3797774,-9.561111,1.7553225,8.417764,-6.6469517,-1.7194514,-5.535397,-3.6098106,3.008152,-0.45052,4.6153398,8.558185,0.7924711,-4.049371,-3.094867,7.941866,8.154674,-5.8229027,-4.200832,-14.240318,-2.635153,10.694135,-6.2140603
P09758,-10.436704,8.7149,14.244465,-2.3099256,4.668871,-2.2338583,0.4685736,-10.22272,-4.193314,-9.837342,-7.873098,-6.5654507,2.741398,8.658832,7.737013,-12.967816,-1.9452119,-0.4668853,1.9998976,7.4897704,6.922814,4.868195,-9.641239,3.6263435,10.48238,-0.9731311,-5.2338395,-6.9948444,-13.109712,7.139731,10.418124,-1.6766268,-4.7131047,-6.998049,-4.3810267,-10.431344,-6.7924438,2.8582823,7.7278533,-11.436421,-6.3948193,-6.0457425,-11.113979,1.6165835,9.661721,-7.506161,-1.4751865,-5.882684,-3.3878105,3.7439117,-0.79216427,4.94129,9.015433,1.0535653,-4.3080673,-3.0671177,8.924483,8.162615,-6.871016,-4.6104555,-15.137001,-3.976638,11.774938,-6.2831116
P03069,-11.952602,13.859271,17.550129,-4.045971,8.948472,-2.5380611,-0.8801199,-13.12237,-7.5203977,-12.545501,-11.228038,-10.622512,3.4346976,14.2387295,9.852441,-20.194649,-5.833112,-3.0293424,2.0507898,11.385369,10.362884,8.570013,-15.275625,9.118431,16.161497,-0.9650957,-10.0000725,-8.453335,-18.88005,9.947169,15.566129,-6.0692916,-9.409022,-8.664181,-8.861003,-12.497403,-9.190314,4.85493,10.889637,-16.405985,-9.070965,-10.889373,-18.671991,-1.0062839,15.907146,-11.097148,-2.1471028,-7.104063,-4.7220364,5.313651,-2.1096015,6.666713,12.683661,2.566322,-6.954161,-4.2014794,11.243067,8.79964,-8.8371315,-6.770575,-21.638884,-8.73476,17.468222,-6.616566
A0JNT9,-13.662092,18.695282,20.566336,-4.6278267,11.793863,-3.201355,-1.4980749,-16.139526,-9.61289,-15.886391,-14.288693,-14.403142,3.8630295,19.324875,11.42473,-26.207895,-8.760169,-4.662775,1.8673325,14.24131,13.390318,12.077708,-20.291,13.4385195,20.808243,-0.94966906,-13.431903,-10.389784,-23.394585,12.517456,19.984198,-9.468269,-13.543489,-10.325035,-12.833315,-15.436155,-9.864186,6.4764915,13.438495,-21.45126,-11.233819,-14.531369,-24.8429,-2.2430446,20.952885,-14.340027,-2.0824654,-8.44792,-5.4111805,7.1684923,-3.042272,8.461973,15.511645,3.4053245,-8.605337,-4.9217005,14.17232,9.574535,-11.654711,-8.579524,-26.848557,-12.742815,22.356577,-7.4583693
P10096,-8.309274,6.713893,11.560384,-2.1510804,3.8544364,-1.7157216,0.28024822,-8.052622,-3.5742154,-7.652457,-6.293412,-5.0856075,2.366968,6.7143526,6.2826266,-10.370232,-1.373497,-0.40152043,1.8411664,6.081926,5.5320396,3.624547,-7.541891,2.685083,8.383145,-0.79308605,-4.16683,-5.409698,-10.709707,5.535026,8.16552,-1.23202,-3.5294728,-5.735047,-3.2470193,-8.093259,-5.9361734,2.2751997,6.426608,-8.940106,-5.1418285,-4.882677,-8.698114,1.1194881,7.7380376,-5.8481903,-1.3584251,-4.659227,-2.9554172,2.6777053,-0.5042166,3.9582503,7.3247147,0.8130468,-3.5312903,-2.5611634,6.7892666,6.717149,-5.041044,-3.6684937,-12.282368,-2.8431244,9.35204,-4.9742346
P04739,-11.088685,8.873727,15.045216,-2.4309728,4.612498,-2.4055998,0.55624443,-10.750931,-4.2378993,-10.219069,-8.240779,-6.6454906,2.9093988,8.746421,8.219146,-13.253452,-1.8066812,-0.38494205,2.1070511,7.928938,7.22127,4.9476156,-9.7364235,3.4153206,10.820764,-1.1213062,-5.366537,-7.341147,-13.786692,7.5173106,10.787477,-1.4595861,-4.6080403,-7.349791,-4.232687,-11.023397,-7.270466,2.9135075,8.00807,-11.824272,-6.6933126,-6.153086,-11.283968,1.8627615,9.773602,-7.7945676,-1.6736608,-6.2229834,-3.6908102,3.8610523,-0.7527095,5.168051,9.467107,1.0226408,-4.538786,-3.2892823,9.283527,8.74285,-7.073574,-4.7521434,-15.777266,-3.7798197,12.138474,-6.777406
P11672,-15.424547,20.17825,22.695692,-4.9415584,12.483142,-3.6193662,-1.4593223,-17.931791,-10.175294,-17.358974,-15.551964,-15.451161,4.1873527,20.789005,12.759842,-28.166187,-9.449852,-4.8542233,1.9207016,15.657051,14.595795,13.116995,-21.833073,14.319148,22.578808,-1.1584828,-14.6041355,-11.610498,-25.562735,13.967519,21.97326,-9.886123,-14.460875,-11.226904,-13.682605,-17.15037,-10.878599,6.964808,14.346972,-23.300089,-12.30222,-15.606267,-26.899368,-2.0695157,22.44696,-15.74539,-2.452314,-9.455797,-5.9521112,8.021748,-3.3683078,9.184939,17.001837,3.7716339,-9.555389,-5.4547014,15.742375,10.718811,-12.921168,-9.362596,-29.191702,-13.686847,24.295452,-8.543122
O14368,-12.406497,14.153251,18.142244,-4.1816316,9.236828,-2.5701797,-0.86334413,-13.481736,-7.7699304,-12.89598,-11.478773,-10.845374,3.5475132,14.543596,10.197453,-20.6956,-5.961448,-3.0487502,2.1527362,11.628769,10.560884,8.65615,-15.683168,9.322131,16.509815,-0.9879513,-10.2408695,-8.665744,-19.39108,10.231311,16.007729,-6.116298,-9.582412,-8.867071,-9.012523,-12.8313465,-9.557717,4.981396,11.173656,-16.7943,-9.311804,-11.096493,-19.146101,-0.99636024,16.353186,-11.403104,-2.2641602,-7.3371453,-4.8246098,5.484318,-2.2211673,6.781003,13.086785,2.6703196,-7.1752906,-4.3300867,11.5606575,9.134516,-9.041617,-6.958134,-22.26847,-8.950497,17.915442,-6.755162
Q9Y2X8,-9.617481,8.147582,13.310783,-2.4894958,4.6085443,-2.046071,0.22203813,-9.493321,-4.166895,-8.921786,-7.460528,-6.1353903,2.6627855,8.115219,7.3320446,-12.315693,-2.0089262,-0.6895822,1.9086195,7.3686185,6.6263633,4.653817,-8.977669,3.5619228,10.094349,-0.9596337,-5.2334104,-6.3917747,-12.609501,6.691704,9.809246,-1.8197207,-4.462596,-6.598846,-4.1324596,-9.500821,-6.836783,2.750743,7.384405,-10.599533,-6.1023602,-5.977394,-10.591472,1.1415491,9.167476,-7.0188584,-1.605966,-5.437283,-3.4530947,3.32238,-0.7505668,4.656828,8.602329,1.0741643,-4.2808886,-3.0232542,8.0633745,7.5876293,-6.0989943,-4.375539,-14.404507,-3.7011943,11.145125,-5.8380365
O95997,-13.135829,14.937691,19.257385,-4.0593915,9.605192,-2.661457,-0.6716052,-14.162303,-8.06597,-14.047422,-12.015047,-11.550372,3.6618824,15.415624,10.592493,-21.848045,-5.791359,-2.935088,2.461906,11.61264,10.8862915,8.762938,-16.808054,9.5534115,16.917812,-0.9125444,-10.17341,-9.195088,-20.011929,10.558915,16.69938,-6.0805845,-10.008314,-9.329942,-9.453563,-13.715756,-9.458295,5.146714,11.830477,-17.888268,-9.632313,-11.293279,-19.938236,-0.63799,17.33049,-12.019935,-1.9627033,-7.7251434,-4.6792893,5.8420978,-2.217632,7.102229,13.566416,2.7252634,-7.0740867,-4.259074,12.44278,9.751894,-9.813081,-7.1972666,-23.32928,-9.499422,18.727007,-6.9611015
P07550,-12.163983,13.475778,17.291489,-3.3807755,8.097264,-2.6745243,-0.4170023,-13.160031,-6.735893,-12.711728,-10.838983,-10.260487,3.2148528,13.756061,9.586277,-19.209171,-5.380317,-2.404868,1.8592275,10.724604,9.967648,8.345021,-14.772214,8.430512,15.449851,-0.9384983,-9.244752,-8.71478,-17.959232,9.86567,15.156568,-5.369544,-8.976861,-8.509523,-8.465573,-12.840185,-8.285744,4.578501,10.2764015,-16.168777,-8.734738,-10.061481,-17.794067,-0.17559317,15.056182,-10.8381605,-1.8354888,-7.195029,-4.258762,5.5442624,-1.9971626,6.52343,12.148479,2.2949202,-6.494162,-3.9417322,11.607187,8.80606,-9.303609,-6.56177,-20.682798,-8.341345,16.864264,-6.8817005
P04797,-12.445545,14.782712,18.236755,-4.019211,9.311818,-2.734869,-0.87509835,-13.818901,-7.77225,-13.3458,-11.814733,-11.316348,3.5046024,15.153654,10.164693,-21.229229,-6.2832937,-3.181298,1.9930843,11.869298,10.929343,9.237425,-16.165195,9.77568,17.004213,-0.97014016,-10.512323,-8.964528,-19.67152,10.486546,16.372807,-6.5689645,-10.130265,-9.056995,-9.544786,-13.3049345,-9.18764,5.1257687,11.344699,-17.44282,-9.481342,-11.439318,-19.703224,-1.0040997,16.736372,-11.698269,-2.0784063,-7.4522734,-4.8011227,5.751223,-2.254884,7.055072,13.205247,2.6090863,-7.1893396,-4.3334827,11.976954,9.0632,-9.549424,-7.110464,-22.57128,-9.375175,18.37142,-6.937136
P11551,-16.821815,22.856277,25.194538,-5.4815335,14.235168,-3.9246376,-1.7560275,-19.835363,-11.615155,-19.548452,-17.447605,-17.595278,4.593892,23.621504,14.024671,-31.91571,-10.635233,-5.6665316,2.2436163,17.338284,16.348806,14.673549,-24.825542,16.38096,25.232439,-1.1384251,-16.310753,-12.785654,-28.513117,15.432154,24.506207,-11.440405,-16.535404,-12.483879,-15.643367,-19.04823,-11.7731495,7.8315973,16.24646,-26.292572,-13.720018,-17.620998,-30.323513,-2.5818512,25.558523,-17.64891,-2.4734292,-10.378703,-6.4855566,8.922909,-3.7487037,10.275688,18.931738,4.217715,-10.486662,-5.905928,17.517399,11.714205,-14.410695,-10.384092,-32.729107,-15.725927,27.202702,-9.148189
P39633,-15.409985,20.681412,22.784739,-4.905291,12.353748,-3.85837,-1.5165979,-18.244064,-10.05131,-17.613314,-15.945331,-15.742874,4.208498,21.07359,12.734842,-28.529749,-9.637999,-4.9714046,1.7262583,16.253677,15.051621,13.831365,-21.810732,14.404699,23.3294,-1.2532358,-14.866472,-11.925588,-25.918648,14.199966,22.012531,-10.332978,-14.787637,-11.672286,-13.967726,-17.720285,-10.85647,7.0572934,14.618115,-23.744946,-12.587819,-15.991207,-27.097652,-1.9878182,22.410181,-15.768794,-2.397398,-9.564225,-6.211427,8.08598,-3.2523396,9.604424,17.145403,3.4225392,-9.578778,-5.643187,16.008001,10.6971855,-13.271488,-9.512162,-29.452892,-13.545586,24.692616,-9.0630865
O15123,-15.13147,19.317041,22.392351,-5.1769137,12.343298,-3.4431963,-1.5136425,-17.343208,-10.21831,-16.657244,-15.167471,-14.833011,4.272675,19.986332,12.680741,-27.362011,-9.091549,-4.8257756,2.0912895,15.360907,14.155209,12.362991,-21.116112,13.816003,21.79815,-1.2209102,-14.356162,-11.018126,-25.308184,13.5561285,21.422676,-9.43316,-13.772818,-10.8640375,-12.958386,-16.417624,-11.250432,6.8260875,14.108633,-22.484423,-11.991574,-15.193853,-26.097588,-2.2855759,21.942375,-15.364825,-2.7399552,-9.20657,-6.0907,7.6001005,-3.306977,8.826486,16.823145,3.815999,-9.550372,-5.472692,14.923728,10.732375,-12.007135,-9.08101,-28.736866,-13.082986,23.553953,-8.137173
O95484,-10.306259,8.09741,14.52092,-2.919389,4.840712,-2.0048003,0.28597277,-9.786163,-4.479811,-9.294884,-7.8024483,-6.1352987,2.997201,7.939025,7.935942,-12.917476,-1.27749,-0.50367326,2.4622092,7.7080216,6.708933,4.2574983,-9.023962,2.82825,10.441589,-1.0949848,-4.96412,-6.5773206,-13.268096,6.7312264,9.785189,-1.2824907,-3.963943,-7.2642136,-3.649796,-9.901976,-7.9826274,2.740684,8.163343,-10.7158375,-6.4911256,-6.000613,-10.476227,1.5202136,9.348502,-7.03336,-1.7846684,-5.7024765,-3.837003,3.0333416,-0.5194481,4.8851213,9.148197,0.92828417,-4.279782,-3.263927,8.234419,8.464895,-5.9934626,-4.5104957,-15.387285,-3.0473561,11.552488,-6.2818756
Q6GIL8,-12.52833,16.961628,19.067574,-4.544239,11.222736,-2.6575751,-1.41614,-14.539285,-9.048021,-14.446887,-12.930342,-13.13293,3.6490793,17.510212,10.546925,-24.383568,-7.6048164,-4.1378064,2.0786982,12.889336,11.988443,10.72108,-18.64336,11.948446,19.214819,-0.80335706,-11.954095,-9.436186,-21.18638,11.131065,17.997532,-8.4296,-12.124071,-9.73916,-11.613232,-13.781058,-9.715328,5.869842,12.700608,-19.246803,-10.378126,-13.295498,-22.666847,-1.9259071,19.286558,-12.828884,-1.848058,-7.642746,-4.8999486,6.212612,-2.6745434,7.699306,14.203831,3.130256,-7.679151,-4.4877896,12.897962,8.884994,-10.533997,-7.955835,-24.815502,-11.422432,20.648594,-6.7778935
P31681,-6.2438197,3.9086878,8.669304,-1.8835821,2.4461825,-1.1278163,0.3227388,-5.5782666,-2.3913023,-5.0563717,-4.231673,-2.9261107,1.9532086,3.7612407,4.7339478,-6.8562837,0.002548784,0.1987352,1.7460585,4.307923,3.6025226,1.8857778,-4.468442,0.56141585,5.786545,-0.6961552,-2.2783802,-3.8275805,-7.4376144,3.569245,5.094422,0.09318033,-1.4115944,-4.5295033,-1.3055944,-5.542417,-5.2774897,1.3468592,4.8024855,-5.5096426,-3.6833735,-3.025455,-5.117091,1.3196447,4.6911182,-3.536713,-1.204447,-3.3571014,-2.4165146,1.2886815,0.042478886,2.8015013,5.175483,0.30773678,-2.3567724,-2.003362,4.506153,5.361562,-3.0849895,-2.5541654,-8.643054,-0.6930772,6.326646,-4.007205
P01298,-19.968704,27.725733,29.653427,-7.1706123,17.764034,-4.6078086,-2.716601,-23.9168,-14.31717,-22.549763,-20.99417,-21.198763,5.3771467,28.741446,17.180222,-38.64169,-14.242791,-7.6536,2.1449482,21.927654,20.061462,18.47541,-29.985928,21.019768,31.211432,-1.4751545,-21.116287,-15.242028,-34.859318,19.197039,30.38966,-14.773719,-20.544586,-14.492748,-19.47983,-22.132551,-14.956673,9.651297,19.020445,-31.28003,-16.808123,-22.189814,-37.764473,-4.199806,31.056507,-21.642662,-3.6608067,-12.38584,-8.164736,10.9525385,-5.0941653,12.140389,23.088936,5.9034195,-13.715851,-7.4031835,20.810005,13.326341,-17.101154,-12.784074,-39.55665,-19.941696,33.191517,-10.878318
P47543,-10.629964,10.991519,15.313518,-3.1194527,6.698439,-2.2767777,-0.2661288,-11.174556,-5.7828183,-10.830777,-9.287687,-8.412854,3.0122366,11.17974,8.404394,-16.19715,-3.754485,-1.7892404,2.023139,9.100959,8.387752,6.5034575,-12.150016,6.251882,12.909862,-0.905703,-7.3728924,-7.3569703,-15.509234,8.141533,12.491195,-3.8938859,-6.9223676,-7.602774,-6.488087,-10.997024,-7.6826496,3.7667055,9.149245,-13.533458,-7.4630313,-8.280788,-14.448419,0.1528173,12.515817,-8.971187,-1.686381,-6.191738,-3.9398706,4.282363,-1.3543257,5.6509013,10.477554,1.7121676,-5.37562,-3.4880247,9.624336,8.137734,-7.4868774,-5.483702,-17.850443,-6.185131,14.161319,-6.0971017
P16554,-9.7197485,10.155462,14.051136,-3.0734353,6.36482,-2.0771286,-0.39492795,-10.295334,-5.5150905,-9.780146,-8.595153,-7.7580624,2.822262,10.382099,7.8099036,-15.0148115,-3.7635245,-1.8398718,1.830153,8.623791,7.855281,6.105009,-11.23531,6.0514555,12.088126,-0.8412794,-7.1393576,-6.688567,-14.54796,7.578635,11.677115,-3.8344653,-6.520208,-6.9608026,-6.091762,-9.946163,-7.3340425,3.5489504,8.450229,-12.444538,-6.94208,-7.877324,-13.56254,-0.19082114,11.691466,-8.329275,-1.7426186,-5.6851077,-3.7898028,3.913754,-1.3318019,5.196651,9.787081,1.704452,-5.2182865,-3.3184233,8.702562,7.418919,-6.704613,-5.116009,-16.586031,-5.8433933,13.148336,-5.5383406
P20676,-14.171212,17.426805,20.59876,-4.2049723,10.223136,-3.4595366,-1.0057268,-16.23266,-8.571565,-15.540563,-13.816925,-13.237605,3.8015404,17.809687,11.509051,-24.21229,-7.744873,-3.8593283,1.8084931,13.966792,13.003382,11.301759,-18.603193,11.711618,19.70516,-1.1373465,-12.465261,-10.560825,-22.769281,12.468029,19.131725,-8.042641,-12.164992,-10.250818,-11.371809,-15.826285,-9.638857,5.9273505,12.664181,-20.595516,-10.915844,-13.338843,-22.885017,-1.2167168,19.141699,-13.744939,-2.2830927,-8.647701,-5.521861,7.0267186,-2.6508644,8.294365,15.103134,2.9006572,-8.398962,-4.9488573,14.063381,10.099075,-11.407281,-8.10486,-25.674873,-11.182109,21.091984,-8.211523
O95994,-13.712837,16.057068,19.764078,-4.1844177,9.871394,-3.0840056,-0.8801845,-15.2373085,-8.258031,-14.532665,-12.825517,-12.238584,3.7029817,16.501835,11.132386,-22.769987,-7.0484996,-3.4483955,1.959119,12.934869,11.951897,10.124612,-17.544619,10.778099,18.315147,-1.080831,-11.581952,-9.873296,-21.425955,11.675973,18.086983,-7.0910754,-11.0742235,-9.60268,-10.39417,-14.629325,-9.678395,5.5509715,11.961043,-19.059956,-10.261048,-12.352666,-21.495169,-1.0545195,18.086584,-12.93768,-2.3363488,-8.21645,-5.1660156,6.530546,-2.5794122,7.593481,14.357388,2.9796114,-7.999808,-4.689114,13.193471,9.829135,-10.550082,-7.687311,-24.362076,-10.419063,19.859598,-7.6169667
Q8WUM4,-10.603715,10.252678,14.998106,-2.992074,6.1005826,-2.268944,-0.124310225,-10.94667,-5.3628078,-10.374008,-8.870369,-7.774109,2.9383771,10.372785,8.309116,-15.15303,-3.38257,-1.4900042,1.9770151,8.836818,8.043852,6.0467186,-11.297936,5.561686,12.27084,-0.94342464,-6.94401,-7.2260904,-14.973743,7.958976,11.969586,-3.310461,-6.273976,-7.3803277,-5.8298397,-10.774273,-7.6032376,3.4971972,8.663282,-12.83907,-7.2067456,-7.719745,-13.512545,0.4346533,11.644998,-8.564144,-1.7984524,-6.125177,-3.9103644,4.1209435,-1.2345071,5.416479,10.145693,1.5826243,-5.277618,-3.4464495,9.332604,8.136557,-7.1670065,-5.2267,-17.083364,-5.546766,13.432697,-6.1892786
P10987,-10.9488125,11.949365,16.273716,-3.9518597,7.9592867,-2.2268076,-0.7846035,-11.720224,-6.921262,-11.1289835,-10.114071,-9.206261,3.3188152,12.319046,9.133382,-17.954014,-4.656084,-2.6224983,2.2454865,10.274046,9.230315,7.074932,-13.367276,7.5391655,14.223929,-0.95427215,-8.721171,-7.402261,-17.29751,8.766035,13.732414,-4.919091,-7.8406525,-7.9431796,-7.302506,-11.113596,-8.911455,4.2619214,10.0568285,-14.475946,-8.169918,-9.585689,-16.248934,-0.8600772,14.131947,-9.830794,-2.17762,-6.417064,-4.5748677,4.3904166,-1.6684916,5.9616356,11.592134,2.2435238,-6.2892265,-3.893775,9.735654,8.428583,-7.3541155,-5.950946,-19.701042,-7.1876874,15.443837,-5.9932513
P0DOY2,-21.733864,29.23491,32.03763,-6.612446,17.674788,-5.1796913,-2.0069823,-25.527235,-14.225513,-25.106577,-22.217705,-22.379642,5.6808167,29.94641,17.874353,-40.391724,-13.473754,-6.9460363,2.5115747,22.160946,20.783747,19.071533,-31.352032,20.559694,32.27363,-1.5808512,-20.605217,-16.716276,-35.95001,19.931051,31.196957,-14.364805,-20.969345,-15.971155,-19.896091,-24.79462,-14.710971,9.893122,20.355064,-33.500175,-17.533623,-22.218998,-38.46008,-2.6560764,31.993439,-22.466915,-3.0205808,-13.387711,-8.09815,11.68816,-4.823318,13.171656,23.962494,5.204038,-13.19809,-7.5347347,22.859802,14.888622,-19.028297,-13.294546,-41.376564,-19.857323,34.707863,-12.203517
P14373,-12.316529,12.890023,17.453703,-3.4304478,7.6866226,-2.685125,-0.31915048,-13.077095,-6.564979,-12.507511,-10.693897,-9.793075,3.3012068,13.116539,9.705969,-18.613195,-4.821511,-2.1724267,2.0340083,10.618852,9.790975,7.8158135,-14.155862,7.6783824,14.984965,-1.0162762,-8.836861,-8.626853,-17.876421,9.709827,14.767798,-4.757163,-8.323062,-8.526191,-7.791588,-12.806776,-8.532628,4.380699,10.206244,-15.757877,-8.633122,-9.662982,-17.03194,0.08321248,14.502757,-10.5771885,-1.9769454,-7.21192,-4.418487,5.290441,-1.7946174,6.4543886,12.094342,2.147958,-6.4206505,-3.9962075,11.3471985,9.140275,-8.929219,-6.3655715,-20.458208,-7.6334515,16.401268,-7.0422964
P0AAR3,-11.156662,9.29941,15.420049,-2.691319,5.183111,-2.3085332,0.41368908,-10.856262,-4.6601787,-10.460491,-8.494235,-7.027443,3.0112925,9.197206,8.388803,-14.101445,-1.9393494,-0.5812036,2.2893357,8.165413,7.4040246,5.113304,-10.297541,3.7617059,11.353993,-1.0790597,-5.60369,-7.392123,-14.18443,7.5774407,11.062331,-1.785104,-4.936023,-7.6151175,-4.5891123,-11.066977,-7.6885176,3.0703979,8.502121,-12.146948,-6.9515333,-6.571532,-11.899798,1.6674036,10.414618,-7.977881,-1.6548166,-6.2579374,-3.7651806,3.8343215,-0.80362576,5.31009,9.774756,1.1221774,-4.6214743,-3.352862,9.427217,8.828836,-7.169969,-4.9551835,-16.45918,-4.107479,12.695052,-6.72136
O76041,-13.583688,15.182747,19.666124,-3.7517624,8.862874,-3.1242735,-0.45750803,-14.790985,-7.5736184,-14.538957,-12.458632,-11.614709,3.6992269,15.44711,10.746199,-21.653307,-5.630805,-2.756899,2.242706,12.093409,11.351987,9.245772,-16.508196,9.151918,17.197561,-1.1208287,-10.170602,-9.724463,-20.464163,10.980616,16.814388,-5.9468765,-9.956118,-9.720302,-9.301971,-14.745443,-9.142488,5.1249266,11.84455,-18.467392,-9.81784,-11.253018,-19.686872,-0.122272715,16.897524,-12.192434,-1.9549627,-8.066606,-4.976093,6.074714,-2.003224,7.5316925,13.7180805,2.3034432,-7.084069,-4.443935,12.9143095,10.152746,-10.293609,-7.2066336,-23.43126,-9.022148,18.823963,-7.794549
O95273,-22.702185,31.629593,34.511032,-8.373562,20.994102,-4.8817797,-3.1085682,-26.899536,-17.195055,-26.2153,-24.006342,-24.475325,6.2986183,33.088577,19.646667,-44.78446,-15.730392,-8.843518,3.2278306,24.272894,22.590174,19.975641,-35.0423,24.108221,34.88061,-1.4212403,-23.674047,-16.80863,-40.03901,21.427412,34.587574,-16.687418,-23.443316,-16.417524,-22.125076,-25.002615,-17.08244,11.080531,22.414017,-36.047756,-19.04301,-25.128504,-43.172657,-5.125948,36.55029,-24.873016,-3.9673512,-13.983306,-9.088723,12.264249,-5.7892556,13.635536,26.620415,6.859152,-15.333839,-8.163545,23.41762,15.622609,-18.925879,-14.353093,-45.863525,-23.10926,37.749073,-11.384613
O43586,-13.394217,12.891174,18.952991,-3.8694465,7.9378066,-2.645148,-0.16240966,-13.620569,-6.8039055,-13.008438,-11.010506,-9.757667,3.634706,12.885509,10.5182705,-19.305317,-4.075765,-1.7939278,2.5848193,11.082615,9.874861,7.4959335,-14.198534,6.80675,15.615334,-1.153274,-8.529166,-9.105916,-18.505474,9.926382,14.846535,-4.0679884,-7.7692766,-9.400062,-7.3002844,-13.451788,-9.96291,4.332675,11.015326,-15.839656,-9.189849,-9.669203,-16.988188,0.75937325,14.609151,-10.570821,-2.1972425,-7.6567407,-4.7668805,5.114516,-1.608498,6.7279778,12.754046,1.9818732,-6.4855285,-4.3103495,11.871646,10.1785555,-9.132677,-6.6454225,-21.568565,-6.919446,17.031532,-7.8141336
P02042,-17.596485,21.145887,25.143503,-4.556803,12.343118,-4.0983615,-0.7894544,-19.708342,-10.136386,-19.441614,-16.484531,-16.16808,4.439072,21.697748,13.899266,-29.317366,-8.969106,-4.1833234,2.2544048,15.937032,15.227841,13.266342,-23.05568,14.015323,23.177816,-1.2658467,-14.415311,-13.014897,-26.841227,15.037797,23.30617,-9.105477,-14.625783,-12.155942,-13.804643,-19.400238,-10.96682,7.1057878,15.081105,-25.094137,-12.95723,-15.509364,-27.709595,-0.78042895,23.312042,-16.851084,-2.3020544,-10.589791,-5.9377236,8.923118,-3.3662949,9.796064,18.030954,3.6975422,-9.668778,-5.6066475,17.672281,12.383565,-14.520314,-9.795594,-30.874542,-13.939143,25.506186,-9.72918
O14529,-13.74056,14.30368,19.581402,-3.8671727,8.6823225,-2.920525,-0.3449216,-14.461499,-7.438857,-13.993899,-11.931709,-10.936586,3.7127547,14.606987,10.865701,-20.831762,-5.197567,-2.444524,2.3975482,11.674402,10.790683,8.457682,-15.891897,8.501255,16.467558,-1.1482418,-9.747618,-9.472578,-19.959091,10.739583,16.456453,-5.164234,-9.170309,-9.407469,-8.579248,-14.179706,-9.572857,4.8988595,11.446039,-17.565691,-9.569899,-10.677434,-18.970814,0.070756815,16.30204,-11.86384,-2.191934,-8.000018,-4.889159,5.8562646,-2.01936,7.107486,13.522238,2.4828057,-7.082447,-4.40453,12.56111,10.290586,-9.824875,-7.040643,-22.932985,-8.532076,18.232134,-7.6482596
P10613,-8.594356,6.463444,11.888008,-2.2579992,3.693896,-1.726896,0.36415145,-8.124261,-3.465656,-7.625687,-6.2913165,-4.864056,2.4622214,6.352189,6.489124,-10.2382555,-0.965593,-0.20028631,1.9790636,6.182557,5.4577365,3.426949,-7.217418,2.11787,8.393268,-0.89444536,-3.9217744,-5.5116587,-10.738182,5.52269,7.98172,-0.81415623,-3.098428,-5.9578657,-2.8477135,-8.207428,-6.3826013,2.1768842,6.52578,-8.717346,-5.228821,-4.7153115,-8.339804,1.4400036,7.410281,-5.6990843,-1.4619367,-4.7556086,-3.1028502,2.5272784,-0.36920902,3.998022,7.3946147,0.7010831,-3.490811,-2.664112,6.820213,7.0339556,-4.9883714,-3.67398,-12.364015,-2.3237758,9.316533,-5.296163
O14520,-13.454376,13.036399,18.858532,-3.467379,7.57597,-2.837953,0.036094785,-13.76567,-6.4630775,-13.348522,-11.096797,-9.900693,3.5606937,13.065393,10.366458,-19.153774,-3.9639363,-1.6441623,2.4190989,10.806729,9.8863325,7.6533184,-14.322698,6.755274,15.354074,-1.1994991,-8.336674,-9.295,-18.334188,9.98107,14.948579,-3.9280043,-7.826342,-9.306992,-7.3812904,-13.780546,-9.252024,4.3393054,10.809323,-16.17011,-9.027162,-9.456698,-16.931433,1.0600133,14.492703,-10.753966,-1.9421892,-7.721493,-4.5728245,5.349513,-1.5664632,6.7995706,12.553304,1.9326057,-6.249733,-4.172902,12.149934,10.190599,-9.539797,-6.600531,-21.330975,-7.004135,16.977018,-7.910031
P04776,-16.42381,16.877024,22.531197,-3.0155947,9.012573,-3.673232,0.47099784,-17.172802,-7.4590154,-17.431707,-13.509771,-12.866461,3.842474,17.088497,12.067644,-23.505861,-5.487508,-1.8151636,2.4141045,12.199434,12.060577,9.877897,-18.651619,9.347509,18.279198,-1.12695,-10.050445,-11.810581,-21.63451,12.481447,18.88226,-5.2403793,-10.683077,-10.818416,-10.118449,-17.639786,-8.888144,5.4069924,12.5938015,-20.91753,-10.657333,-11.246867,-21.38884,1.645117,18.317024,-13.754736,-1.4968507,-9.556265,-4.473969,7.6261616,-2.2898893,8.259319,14.880497,2.4251175,-7.1608725,-4.490565,15.925928,11.913332,-13.06553,-8.02294,-25.471422,-10.081818,20.813152,-9.244997
Q66GS9,-10.53527,11.174232,15.017303,-3.195697,7.0790772,-2.1338668,-0.41909418,-11.186113,-5.9728336,-10.622631,-9.105427,-8.494231,2.8727899,11.432027,8.394189,-16.358763,-4.4180064,-1.9704406,1.8542439,9.197498,8.420615,6.7356186,-12.4281645,6.9385724,13.203271,-0.7478439,-7.8028154,-7.3622937,-15.410201,8.305024,12.807322,-4.3468137,-7.370837,-7.4000688,-6.948618,-10.719949,-7.7081456,3.82437,8.95532,-13.444733,-7.531148,-8.570533,-15.011738,-0.20319109,12.832412,-9.04387,-1.7697967,-6.1598387,-3.7758086,4.4761605,-1.6443081,5.50226,10.509662,1.9909304,-5.683049,-3.4644234,9.707958,7.743359,-7.589514,-5.6146336,-17.802477,-6.8443756,14.348103,-5.8842883
P18509,-12.208378,14.772678,18.112944,-4.247585,9.482777,-2.7095385,-1.0690255,-13.681522,-7.9697056,-13.095168,-11.911181,-11.340062,3.566916,15.206292,10.176601,-21.334854,-6.4459577,-3.4627836,1.9946433,12.09378,11.036635,9.295445,-16.162941,9.983235,17.082212,-1.0284619,-10.807199,-8.740293,-19.956594,10.4652405,16.439268,-6.804727,-10.195434,-8.965614,-9.581297,-13.022439,-9.421465,5.209661,11.405361,-17.400291,-9.500595,-11.6832285,-19.867205,-1.3948404,16.869566,-11.762384,-2.2396317,-7.340306,-5.018243,5.6133533,-2.2758443,7.0451508,13.294867,2.7318614,-7.3665447,-4.416189,11.648847,8.961555,-9.211808,-7.102855,-22.714706,-9.4340515,18.393173,-6.7714405
Q96LR5,-7.723048,6.388541,10.81607,-2.2819753,3.856792,-1.6018909,0.07950343,-7.567914,-3.542916,-6.966742,-6.012004,-4.821205,2.2946813,6.4000754,5.995166,-9.944247,-1.583492,-0.6037222,1.6786865,6.073189,5.3596926,3.6296093,-7.1111045,2.7843022,8.224525,-0.8027703,-4.306943,-5.0190578,-10.369738,5.291102,7.8392234,-1.4442108,-3.4516602,-5.421246,-3.183867,-7.4177766,-5.9791193,2.2410426,6.120246,-8.362045,-4.955346,-4.9202757,-8.478101,0.73062915,7.4054084,-5.5512667,-1.4821903,-4.3522515,-3.0033684,2.4466753,-0.5438042,3.761311,7.0403304,0.8827054,-3.5860138,-2.5610802,6.219816,6.226568,-4.5700026,-3.5629017,-11.75868,-2.755157,8.996877,-4.682116
P06709,-11.8211565,13.935336,17.461836,-4.186967,9.114829,-2.499382,-1.0385183,-13.119878,-7.6987543,-12.392853,-11.264891,-10.669743,3.4197373,14.373108,9.885466,-20.310183,-6.1270905,-3.2554913,2.0233161,11.5986805,10.506628,8.667435,-15.364992,9.446993,16.315884,-0.92698365,-10.304953,-8.362009,-19.09335,10.027826,15.718997,-6.3590093,-9.61179,-8.586934,-9.020277,-12.347132,-9.286772,4.8998394,10.895778,-16.430784,-9.137726,-11.135898,-18.92742,-1.3378556,16.108463,-11.176694,-2.2640047,-7.0612555,-4.823494,5.304713,-2.1795778,6.648629,12.785326,2.6871593,-7.176732,-4.2385435,11.116232,8.661379,-8.678736,-6.779443,-21.746853,-8.980132,17.523628,-6.4989777
Q09472,-10.620388,11.859314,15.51347,-3.4502258,7.4826403,-2.291294,-0.6102252,-11.522026,-6.3546557,-11.033581,-9.76852,-9.078838,3.0658875,12.136606,8.631016,-17.345127,-4.6669703,-2.3686619,1.9010705,9.823015,8.974874,7.2774415,-13.039888,7.413196,13.93224,-0.88303447,-8.361449,-7.4898543,-16.37971,8.587929,13.3409605,-4.881929,-7.8510203,-7.7447524,-7.3841,-11.095385,-8.033875,4.1220446,9.541569,-14.22765,-7.8747206,-9.226306,-15.817894,-0.52100796,13.538837,-9.52008,-1.8359474,-6.2805195,-4.1625757,4.526413,-1.6421709,5.884328,10.998307,2.0350406,-5.9037437,-3.6758122,9.854134,7.954828,-7.7194343,-5.8460846,-18.762917,-7.133243,15.074174,-6.031359
P24058,-17.397585,25.654915,26.657755,-6.440513,16.690962,-4.0413227,-2.4989398,-21.11487,-13.352871,-20.861034,-19.169884,-19.817734,4.9866157,26.556473,14.949836,-35.88252,-12.729142,-7.0200233,2.1679819,19.326723,18.007557,16.84844,-27.781466,19.307913,28.418022,-1.1999806,-18.827005,-13.479211,-31.28718,16.7381,27.046318,-13.900276,-19.045546,-13.412984,-18.13812,-19.929544,-13.179551,8.979526,17.967752,-28.749413,-15.092933,-20.23508,-34.37233,-3.9589593,28.775742,-19.380854,-2.75372,-10.894473,-7.1296554,9.676511,-4.49514,11.20271,20.730024,4.9610453,-11.712373,-6.5482965,18.658875,11.84176,-15.516338,-11.657035,-36.077457,-18.140593,30.371466,-9.270203
P20338,-9.988848,10.956242,14.531218,-3.314655,6.8915176,-2.196709,-0.5987889,-10.826521,-5.913411,-10.17017,-9.154124,-8.354416,2.9179742,11.210452,8.158378,-16.043299,-4.3937993,-2.2333124,1.7500697,9.357893,8.462196,6.8104224,-11.99088,6.8508935,13.045798,-0.8907321,-7.928895,-6.9961886,-15.478838,8.097185,12.497009,-4.515319,-7.227658,-7.2466574,-6.764178,-10.354933,-7.694689,3.8467436,8.866886,-13.216625,-7.385464,-8.650109,-14.700548,-0.5436074,12.511944,-8.893163,-1.8817168,-5.9093604,-4.063341,4.1852207,-1.5159136,5.5135493,10.347443,1.9087977,-5.6738157,-3.5383034,9.105401,7.5118647,-7.071909,-5.461421,-17.538666,-6.5036945,14.034751,-5.750657
A2A825,-10.137249,10.508774,14.688008,-3.3418283,6.694199,-2.1140528,-0.4514117,-10.662214,-5.7545886,-10.065737,-8.941314,-8.0099325,2.9772646,10.655348,8.199909,-15.703391,-3.8015516,-1.904248,1.9511777,9.1165495,8.136086,6.3594203,-11.550466,6.1105137,12.754922,-0.92826855,-7.3975573,-6.9637747,-15.12887,7.8511505,12.029364,-3.934795,-6.643131,-7.3786945,-6.2369204,-10.28627,-7.9978285,3.6748056,8.896636,-12.7648,-7.3158517,-8.24197,-14.048921,-0.13483892,12.048132,-8.5443535,-1.8752093,-5.900768,-4.0363975,3.947912,-1.3498557,5.43159,10.2212715,1.7355306,-5.423094,-3.53108,9.017825,7.7547655,-6.925604,-5.3763227,-17.343958,-5.8676586,13.762618,-5.8910294
P00359,-10.926529,11.3641,15.560147,-2.9659493,6.690114,-2.3928516,-0.16905388,-11.538895,-5.7078967,-11.2235775,-9.45092,-8.647134,2.97973,11.485941,8.497496,-16.477657,-3.9133928,-1.7029275,1.9245287,9.236315,8.579192,6.833209,-12.421582,6.413139,13.261228,-0.8871593,-7.461684,-7.7124085,-15.629959,8.400867,12.763581,-4.010495,-7.191551,-7.803762,-6.759178,-11.477373,-7.5313196,3.8191245,9.226351,-13.926615,-7.6229944,-8.38854,-14.7551365,0.36945453,12.676883,-9.1445,-1.5877625,-6.3888125,-3.8670964,4.548591,-1.4076728,5.8212633,10.603038,1.6434934,-5.401349,-3.5143383,10.102343,8.229701,-7.98509,-5.6312194,-18.056902,-6.390945,14.497086,-6.379681
P00925,-13.838494,17.24183,20.534237,-4.6570244,11.031112,-3.0573444,-1.2394435,-15.679006,-9.229333,-15.185963,-13.601915,-13.239799,3.9128435,17.808567,11.4930105,-24.597689,-7.8050394,-4.0991726,2.1498353,13.679218,12.670743,10.780725,-18.924599,12.0355215,19.52392,-1.012467,-12.55339,-9.991043,-22.741547,12.083058,19.04877,-8.179759,-12.167601,-10.028816,-11.410851,-14.975158,-10.234657,6.0292516,12.934828,-20.222689,-10.832162,-13.464243,-23.143257,-1.7917372,19.71414,-13.653301,-2.40343,-8.3743925,-5.459549,6.7194147,-2.8127363,7.9885044,15.195425,3.2232265,-8.448839,-4.900486,13.513697,9.971879,-10.7699,-8.1156,-25.954494,-11.45908,21.104454,-7.4316306
Q6NUS6,-13.555218,16.078556,20.390575,-5.091204,10.9711,-2.6775234,-1.2866966,-14.863629,-9.240845,-14.3271675,-13.057589,-12.437103,4.054368,16.618074,11.48584,-23.915644,-6.768544,-3.8675535,2.6389549,13.255902,11.941582,9.67906,-17.98893,10.823593,18.770403,-1.0835378,-11.759363,-9.3894005,-22.113207,11.337372,18.041393,-7.2638702,-10.969319,-9.94839,-10.337815,-13.966091,-11.157193,5.7164135,12.942865,-18.889828,-10.577221,-12.896062,-21.951757,-1.6530535,18.935263,-12.90477,-2.581611,-8.021583,-5.5724277,5.8971763,-2.5074623,7.6017485,14.870633,3.2117107,-8.129996,-4.8620133,12.6347065,10.112132,-9.764946,-7.8339124,-25.50456,-10.355974,20.359978,-7.1886916
Q5A0M4,-8.884025,7.6403804,12.686894,-2.7036908,4.820579,-1.7107967,0.051879656,-8.668933,-4.3199906,-8.277371,-7.0275216,-5.8342724,2.6469975,7.630493,6.936168,-12.049535,-1.7154766,-0.7604451,2.1094544,6.946551,6.1430016,4.1591396,-8.593226,3.3081503,9.681539,-0.8586015,-4.874651,-5.7814536,-11.95848,6.0207763,9.043782,-1.7822843,-4.1355186,-6.3996844,-3.8704202,-8.583584,-7.018369,2.6333663,7.3945785,-9.803283,-5.833113,-5.8012366,-10.050895,0.864338,8.93238,-6.443798,-1.5362663,-4.978737,-3.3456652,2.7910879,-0.6380875,4.378635,8.208901,1.0283662,-3.9659564,-2.8819444,7.3155055,7.1916213,-5.403728,-4.177321,-13.918796,-3.3824933,10.658412,-5.272976
O70361,-10.805576,11.246192,15.325793,-3.0349076,6.847046,-2.279766,-0.24300131,-11.383344,-5.7738175,-10.978133,-9.287736,-8.584356,2.9335885,11.471819,8.476503,-16.417923,-4.0517,-1.7821643,1.8955641,9.116274,8.446605,6.748385,-12.485601,6.593712,13.129931,-0.85706437,-7.548312,-7.5775642,-15.47582,8.351046,12.84991,-4.0294676,-7.2021055,-7.5637026,-6.818793,-11.094252,-7.5770698,3.8220277,9.043353,-13.696446,-7.5335197,-8.406726,-14.893384,0.18724036,12.732313,-9.1686535,-1.6375372,-6.2917085,-3.773812,4.539528,-1.518637,5.6424527,10.514944,1.8965915,-5.485214,-3.452104,9.968923,8.043386,-7.8723845,-5.6321425,-17.921736,-6.6263847,14.44267,-6.1503816
Q04120,-9.308326,8.857963,13.173149,-2.7827563,5.4469643,-1.926208,-0.1431171,-9.525103,-4.733638,-8.935619,-7.7125444,-6.7222686,2.6488228,8.95513,7.3347387,-13.327882,-2.843201,-1.2518137,1.8194869,7.7768297,6.978096,5.249609,-9.811199,4.6982613,10.871747,-0.85222644,-6.0241556,-6.3274307,-13.067468,6.872574,10.397327,-2.7895288,-5.3352323,-6.587205,-5.016845,-9.249717,-7.023323,3.0473998,7.6817155,-11.018678,-6.348873,-6.7940254,-11.789433,0.4127275,10.120373,-7.3720384,-1.63103,-5.3424034,-3.490986,3.446245,-1.025011,4.7452865,8.87704,1.4147062,-4.6235685,-3.0721364,8.097918,7.1718616,-6.1952114,-4.6519613,-15.004398,-4.673208,11.846205,-5.5002294
O00214,-13.309847,15.284309,19.398315,-4.0118465,9.517429,-2.8542607,-0.69092596,-14.529183,-7.9891257,-14.252322,-12.296947,-11.753178,3.6608174,15.709434,10.715534,-22.054716,-6.064969,-3.0362911,2.278481,12.025081,11.240507,9.236972,-16.936382,9.780153,17.33983,-0.9899077,-10.501951,-9.472624,-20.393595,10.894582,17.039297,-6.3312283,-10.281439,-9.477795,-9.691543,-14.121293,-9.400832,5.2357507,11.857367,-18.280811,-9.817245,-11.562673,-20.278591,-0.63210106,17.414968,-12.262063,-2.0126781,-7.8877964,-4.836673,6.0459256,-2.2479506,7.317564,13.744368,2.7004735,-7.267943,-4.3801866,12.725697,9.794552,-10.120024,-7.3197885,-23.562117,-9.647739,19.032455,-7.29254
P00375,-11.502767,12.999011,16.758787,-3.432234,8.020916,-2.4939897,-0.5115621,-12.489133,-6.764679,-12.271646,-10.539794,-9.983813,3.2155457,13.309322,9.18342,-18.808668,-4.9736347,-2.4325957,2.032747,10.278957,9.61702,7.8529024,-14.345209,8.07149,14.876525,-0.86807305,-8.808265,-8.192967,-17.448458,9.252768,14.422268,-5.243361,-8.631058,-8.323377,-8.134334,-12.223705,-8.14785,4.444733,10.276594,-15.627576,-8.418845,-9.798287,-17.113335,-0.34853476,14.748839,-10.3595705,-1.7074498,-6.809183,-4.2041078,5.0786257,-1.7936199,6.359538,11.761611,2.1319997,-6.1278644,-3.7999563,10.917329,8.565665,-8.670409,-6.280307,-20.173048,-7.92289,16.279135,-6.4281535
Q9UQE7,-11.930624,12.336885,16.836044,-3.1593854,7.3176064,-2.5514567,-0.14248115,-12.511758,-6.1371756,-12.189333,-10.178018,-9.402984,3.175726,12.493776,9.24846,-17.901873,-4.252206,-1.8038366,2.0392804,9.886721,9.186101,7.4025497,-13.595326,7.0003343,14.312552,-0.9697015,-8.057021,-8.413229,-16.7844,9.149389,13.962414,-4.255534,-7.793791,-8.344886,-7.3892574,-12.378005,-8.131229,4.1431093,9.871581,-15.04468,-8.233349,-9.037105,-16.133146,0.49262565,13.765941,-10.001247,-1.6767042,-6.935736,-4.043878,5.0387635,-1.6218436,6.219712,11.441826,1.9438375,-5.829989,-3.7470398,11.089844,8.8727255,-8.827999,-6.1484184,-19.53362,-7.108297,15.782172,-6.879671
O94788,-14.219363,18.211685,20.862638,-4.2794433,10.973005,-3.364411,-1.1287732,-16.448416,-9.046079,-16.033758,-14.090718,-13.916202,3.7984428,18.712315,11.578623,-25.333958,-8.222907,-4.111705,1.8701569,14.047404,13.246431,11.697732,-19.65411,12.57367,20.321259,-0.9814358,-12.853358,-10.723482,-23.092985,12.638674,19.724714,-8.6543255,-12.937124,-10.396652,-12.186938,-15.960872,-9.61276,6.1760035,13.08938,-21.251614,-11.151083,-13.875601,-23.973637,-1.4928612,20.169436,-14.15542,-2.0864258,-8.707722,-5.3374715,7.2777567,-2.8621316,8.429758,15.381946,3.1364522,-8.479523,-4.886635,14.484677,9.993345,-11.859308,-8.390107,-26.380716,-12.104558,21.859758,-7.9857244
P11103,-11.732957,12.279177,16.879822,-3.4837193,7.5082455,-2.5271702,-0.38104782,-12.417635,-6.4963174,-11.935899,-10.333272,-9.381013,3.2866182,12.52536,9.350364,-17.976717,-4.471323,-2.1673322,2.1289365,10.22821,9.393548,7.319233,-13.562315,7.268382,14.343309,-1.0028641,-8.466806,-8.09533,-17.3549,9.17854,14.060992,-4.543315,-7.8702846,-8.250189,-7.338063,-12.147838,-8.466004,4.2335434,10.022927,-15.085685,-8.295634,-9.321621,-16.265978,-0.06978384,14.021752,-10.105662,-1.9711695,-6.8585234,-4.398625,4.870675,-1.6428967,6.2099133,11.702504,2.03597,-6.1570563,-3.8880715,10.634855,8.89499,-8.2552185,-6.0759816,-19.835747,-7.146608,15.718329,-6.638846
Q6UWE0,-9.721173,10.048401,13.966656,-2.9058359,6.0796432,-2.1254299,-0.28338644,-10.282207,-5.2490797,-9.812802,-8.519695,-7.6586885,2.7733648,10.204848,7.711777,-14.780994,-3.510465,-1.6599017,1.7990252,8.4893465,7.7649,6.0828676,-11.0177,5.717039,11.9651375,-0.856219,-6.8450785,-6.785352,-14.258626,7.497474,11.449999,-3.6180844,-6.3380733,-7.018878,-5.9459176,-10.0541115,-7.1270633,3.4455676,8.353313,-12.34029,-6.87414,-7.6690183,-13.2326145,0.10712302,11.360783,-8.179205,-1.6096777,-5.6813407,-3.7052298,3.8866162,-1.2109967,5.2234573,9.595733,1.5548623,-5.0092316,-3.2554014,8.786875,7.4216127,-6.8407497,-5.05554,-16.313143,-5.591403,12.998694,-5.7114153
P15260,-11.709612,11.76504,16.743011,-3.29956,6.734593,-2.6802406,-0.2191988,-12.340924,-5.9708896,-11.739694,-10.213817,-8.922953,3.27175,11.853839,9.2439575,-17.150116,-3.8934116,-1.8861576,2.0927413,10.177584,9.276509,7.1073766,-12.711418,6.387088,13.935546,-1.1325864,-7.9730654,-8.114843,-17.050035,9.027759,13.481988,-4.0082927,-7.2449393,-8.315194,-6.6909337,-12.295022,-8.297206,3.990795,9.782319,-14.712067,-8.146451,-8.863516,-15.2800045,0.37460783,13.109029,-9.740832,-1.9662812,-6.841347,-4.5314527,4.6590414,-1.3309766,6.2449727,11.417288,1.6754808,-5.9155345,-3.8991268,10.460404,9.0336485,-8.09115,-5.831318,-19.264263,-6.275042,15.144279,-7.0238566
A0QWG6,-12.257237,12.873079,17.695887,-3.840268,7.981459,-2.6553955,-0.53121203,-13.009418,-6.935829,-12.337101,-10.93333,-9.830317,3.4942622,13.14718,9.91284,-18.91423,-4.8502846,-2.472608,2.1956904,10.994977,9.958794,7.756567,-14.188265,7.767077,15.158053,-1.1330123,-9.167274,-8.386456,-18.48986,9.719428,14.882061,-4.9059434,-8.278583,-8.589318,-7.6936393,-12.60808,-9.158261,4.507017,10.516936,-15.791649,-8.76621,-9.966522,-17.222067,-0.3223888,14.76611,-10.696881,-2.2602847,-7.17187,-4.814777,5.0659895,-1.7826366,6.505735,12.411816,2.2555897,-6.67313,-4.189679,10.981455,9.309122,-8.456486,-6.3975763,-20.966188,-7.5301785,16.546793,-6.9338894
A0A1D8PFS4,-18.745373,21.429932,26.674234,-4.7171836,12.821877,-3.9989083,-0.49040624,-20.284203,-10.45902,-20.384623,-16.761656,-16.459997,4.692423,21.93181,14.5994005,-30.318197,-8.286792,-3.7157717,2.842429,15.839133,15.1651125,12.858916,-23.785429,13.5217085,23.536926,-1.2558922,-13.962695,-13.554547,-27.238916,15.218005,23.682455,-8.415932,-14.384338,-12.835026,-13.68047,-20.099566,-11.808915,7.137369,15.861564,-25.548355,-13.359349,-15.394876,-28.058638,-0.031878393,23.929054,-17.126093,-2.2032897,-11.054936,-5.8366218,9.031819,-3.3269413,9.970748,18.597792,3.7346573,-9.524151,-5.661576,18.521158,13.378669,-15.114486,-10.111447,-32.024395,-13.854997,26.282007,-10.138339
O35244,-13.368207,14.321507,19.227175,-3.817611,8.534643,-2.874901,-0.44607255,-14.336257,-7.276839,-13.820615,-11.848079,-10.920997,3.5782402,14.556046,10.644339,-20.810116,-5.1048007,-2.5006316,2.3715944,11.757859,10.843288,8.62047,-15.7014475,8.374068,16.649797,-1.0585521,-9.577684,-9.499756,-19.631975,10.584078,16.122698,-5.327358,-9.214654,-9.527661,-8.664482,-14.072392,-9.363023,4.7553897,11.442607,-17.378256,-9.597603,-10.774053,-18.785532,0.108878374,16.072687,-11.588802,-1.9944073,-7.838585,-4.846996,5.6707253,-1.8213128,7.1843066,13.256831,2.3258116,-6.9028893,-4.292657,12.517464,9.968929,-9.861016,-6.957254,-22.62641,-8.454793,18.129957,-7.7756996
P61866,-2.908657,1.5574635,4.074678,-1.024801,1.261179,-0.42591795,0.17861217,-2.5022812,-1.2164197,-2.2216434,-1.7547069,-1.1963925,1.0627565,1.6006055,2.143349,-3.1485944,0.19398743,0.33571804,1.0674489,1.7440461,1.5428658,0.6276531,-2.0432262,0.029109985,2.7051406,-0.20174012,-0.80360246,-1.7740833,-3.2646282,1.3417373,2.1546826,0.25403684,-0.47152698,-2.340459,-0.50656146,-2.272871,-2.7216148,0.57076144,2.434331,-2.2894628,-1.6401477,-1.3340168,-2.1729789,0.645617,2.1766078,-1.3410097,-0.5370537,-1.5376487,-1.0993742,0.31266946,0.19054693,1.306931,2.2977028,0.08895277,-1.0194111,-0.92190754,1.9482595,2.614067,-1.2615479,-1.2625746,-3.9337451,-0.05823341,2.9354749,-1.8461759
O94953,-10.237848,10.908383,14.450922,-2.790715,6.42352,-2.3180137,-0.27833837,-11.01599,-5.473968,-10.498068,-8.97785,-8.296487,2.7522893,11.191395,8.034266,-15.584111,-4.2647405,-1.8633728,1.5971568,8.85717,8.298859,6.729023,-12.005448,6.694271,12.576732,-0.8225357,-7.5475044,-7.2658396,-14.9983015,8.171471,12.538055,-4.1489286,-7.1778154,-7.0687776,-6.734339,-10.706741,-6.8806863,3.7271743,8.456746,-13.350157,-7.1680274,-8.183082,-14.449709,-0.0535674,12.252402,-8.962263,-1.6180261,-6.04207,-3.66256,4.5228896,-1.5345868,5.4355383,10.071506,1.864364,-5.4378963,-3.3194919,9.5286455,7.5422773,-7.5670547,-5.3678575,-17.048836,-6.613616,13.786911,-5.8470283
P13010,-10.547634,10.411739,14.9957695,-2.966925,6.1966243,-2.2808237,-0.13293463,-10.940736,-5.4119487,-10.491219,-8.952452,-7.9291883,2.948864,10.5493555,8.257671,-15.351251,-3.4160345,-1.5364791,1.972485,8.804804,8.077035,6.1457853,-11.481724,5.684246,12.336677,-0.94283086,-6.9740825,-7.2293806,-15.008656,7.9410253,12.028946,-3.4203873,-6.403349,-7.4039426,-5.9727693,-10.807718,-7.5120454,3.5600433,8.751217,-12.995783,-7.208203,-7.7928376,-13.665567,0.40244296,11.802035,-8.636135,-1.7165173,-6.10796,-3.8759844,4.15016,-1.2443973,5.4659543,10.150118,1.586499,-5.215512,-3.4251223,9.376372,8.106916,-7.2524567,-5.2654586,-17.179825,-5.662882,13.555055,-6.1318254
O60880,-13.1946945,16.181543,19.15122,-3.7268763,9.643695,-3.066536,-0.7402522,-14.893355,-7.890049,-14.692058,-12.627743,-12.391065,3.514274,16.558912,10.51983,-22.683123,-6.7624106,-3.2481956,1.857972,12.327671,11.683449,10.254143,-17.55147,10.601947,18.094782,-0.9555643,-10.991929,-9.876777,-20.516878,11.243855,17.538446,-7.1277604,-11.16478,-9.609944,-10.597166,-14.602985,-8.766353,5.4547515,11.875684,-19.022577,-9.989953,-12.078464,-21.141888,-0.70807457,17.830679,-12.602383,-1.7370385,-7.971825,-4.6963496,6.486524,-2.4008892,7.63328,13.750876,2.6706913,-7.303206,-4.368817,13.290931,9.40121,-10.919342,-7.582236,-23.709307,-10.378278,19.66433,-7.497946
O70394,-12.803005,14.721171,18.546797,-3.7479715,8.962388,-2.8448389,-0.6284383,-14.059455,-7.5384655,-13.709488,-11.830237,-11.268488,3.487002,15.08998,10.245267,-21.020512,-5.953342,-2.8877435,2.0531764,11.631145,10.888461,9.040705,-16.15702,9.431939,16.706812,-0.9650654,-10.161545,-9.191389,-19.597277,10.559877,16.38727,-6.15093,-9.943274,-9.111482,-9.34344,-13.724648,-8.85461,5.0281267,11.278868,-17.63518,-9.425823,-11.102075,-19.43149,-0.56961375,16.593977,-11.776595,-1.9463744,-7.62699,-4.670217,5.8998632,-2.163441,7.086652,13.176993,2.5031588,-7.0273643,-4.2434015,12.289819,9.37068,-9.817903,-7.032031,-22.50354,-9.234019,18.24435,-7.1341014
O95154,-12.2702055,13.041529,16.851793,-2.6177578,7.195859,-2.779464,0.09683546,-13.100308,-5.879894,-12.76297,-10.351534,-9.864134,2.8639379,13.307111,9.21252,-17.96789,-5.1556997,-1.8495071,1.5731837,10.022943,9.480501,8.12118,-14.288504,7.9660873,14.534422,-0.8973328,-8.634564,-8.80649,-16.97432,9.872224,14.804848,-4.775323,-8.635432,-8.088415,-8.06587,-13.040761,-7.0994964,4.313827,9.352368,-15.915342,-8.309094,-9.127403,-16.910528,0.5140502,14.228128,-10.688719,-1.5803572,-7.24978,-3.687756,5.9162474,-1.9920597,6.1559467,11.535148,2.1385105,-6.12162,-3.5416903,11.936218,8.5862,-9.698028,-6.2510786,-19.5221,-8.201479,16.02393,-6.9139466
P08037,-15.847244,20.612507,23.392887,-4.876937,12.499523,-3.7571747,-1.3743327,-18.427765,-10.28343,-18.008461,-15.956299,-15.8038225,4.25801,21.232204,13.025149,-28.720587,-9.329839,-4.8327966,2.0839906,15.865326,14.947485,13.2373705,-22.301426,14.354452,22.877956,-1.1417645,-14.611702,-11.956024,-26.10316,14.234293,22.328571,-9.895765,-14.67615,-11.575755,-13.844012,-17.82008,-10.805441,7.0188303,14.743883,-23.994314,-12.549778,-15.765956,-27.222235,-1.8711369,22.885664,-16.08593,-2.338821,-9.715705,-6.0299516,8.189315,-3.2711105,9.46319,17.33194,3.6866517,-9.568485,-5.4702544,16.216478,11.132729,-13.292616,-9.438195,-29.811787,-13.846804,24.684166,-8.828679
Q93062,-12.695726,14.059977,18.19917,-3.7143154,8.694476,-2.6966076,-0.5251609,-13.671988,-7.261235,-13.243464,-11.348758,-10.743678,3.4288406,14.377169,10.109766,-20.29534,-5.5477095,-2.5933266,2.0916283,11.221598,10.393966,8.562724,-15.531886,8.817214,16.175505,-0.96587765,-9.669158,-9.005601,-18.882965,10.230382,15.838789,-5.60889,-9.342761,-8.9241295,-8.827144,-13.272313,-8.956964,4.804505,10.930709,-16.839571,-9.175955,-10.60455,-18.687464,-0.30525595,15.914956,-11.319807,-1.9642974,-7.476471,-4.5108695,5.6699677,-2.0903912,6.804757,12.803502,2.4694557,-6.8120656,-4.1534276,12.006848,9.280127,-9.5509205,-6.8750978,-21.839087,-8.724706,17.70733,-7.0744586
P07900,-10.622146,10.542763,15.10722,-3.1276362,6.379819,-2.2694108,-0.24344692,-11.071176,-5.564574,-10.447797,-9.048891,-8.002717,2.9700425,10.692554,8.41311,-15.577591,-3.6503327,-1.6837443,1.9590055,9.096442,8.243331,6.2977405,-11.606803,5.9181395,12.634594,-0.94708675,-7.2646174,-7.2794924,-15.289563,8.10756,12.261511,-3.6159716,-6.5604405,-7.4532228,-6.1152234,-10.804822,-7.7784214,3.6165438,8.825237,-13.068094,-7.361447,-8.047561,-13.981283,0.22364601,11.995532,-8.755222,-1.8525834,-6.159891,-4.0020103,4.183798,-1.318118,5.5036407,10.335712,1.7019886,-5.452345,-3.5159647,9.415803,8.104096,-7.2449646,-5.358174,-17.432531,-5.8445888,13.767349,-6.1886945
P07764,-11.782159,14.740492,17.504967,-3.8767307,9.161604,-2.7027893,-1.0041403,-13.465276,-7.637231,-13.040732,-11.664951,-11.310006,3.3434224,15.166798,9.726741,-20.982784,-6.3957143,-3.3671162,1.8427577,11.709487,10.892531,9.358639,-16.019943,9.943793,16.810753,-0.8854319,-10.471165,-8.722004,-19.273367,10.233881,16.07498,-6.871414,-10.284492,-8.813923,-9.700886,-12.939358,-8.605337,5.065078,11.116365,-17.274048,-9.269407,-11.471149,-19.541655,-1.2550256,16.573254,-11.513945,-1.8830384,-7.156166,-4.683722,5.623837,-2.1690352,6.9946113,12.809124,2.5649421,-7.0119457,-4.1538568,11.656048,8.535858,-9.3838005,-6.933232,-22.02469,-9.502979,18.045507,-6.667333
P15248,-17.102205,21.077532,25.030947,-5.5814056,13.040875,-3.9355154,-1.5101012,-19.462097,-10.880265,-18.46272,-16.7606,-16.089497,4.665144,21.679535,14.236432,-29.7852,-9.606942,-5.0748916,2.321296,17.14641,15.694508,13.528569,-22.84275,14.583989,23.976473,-1.4312495,-15.534368,-12.474469,-27.933405,15.159031,23.528406,-9.907529,-14.775905,-12.162534,-13.858842,-18.55789,-12.441585,7.3057065,15.424096,-24.714394,-13.338702,-16.506624,-28.30475,-2.0049067,23.660036,-16.892862,-3.066371,-10.355615,-6.8341546,8.401965,-3.4504254,9.819226,18.568682,4.0509486,-10.527538,-6.0656714,16.736532,12.15406,-13.419304,-9.90724,-31.581831,-13.967406,25.788887,-9.555591
P02730,-10.2264,10.944322,14.7186985,-3.2491696,6.880567,-2.1921384,-0.51611036,-10.975715,-5.9239593,-10.309849,-9.118192,-8.338889,2.899598,11.247442,8.275941,-16.009174,-4.4068537,-2.1386595,1.7869849,9.260274,8.442752,6.6812396,-12.11311,6.882986,12.935244,-0.8435666,-7.897584,-7.091231,-15.506329,8.204914,12.661782,-4.38017,-7.2305765,-7.197805,-6.7518826,-10.476016,-7.632917,3.8243816,8.806212,-13.300167,-7.388028,-8.553779,-14.759683,-0.4561914,12.608516,-9.005651,-1.8936756,-6.0179944,-3.971812,4.320449,-1.5782696,5.4572325,10.417927,1.9902288,-5.736584,-3.5004802,9.276013,7.64066,-7.1803236,-5.4614367,-17.588951,-6.6443744,14.033279,-5.748366
P00519,-12.008904,14.160738,17.64364,-3.932624,8.910558,-2.6494372,-0.85451496,-13.321711,-7.4802995,-12.815979,-11.414515,-10.841784,3.4196591,14.5114975,9.839943,-20.416494,-5.9332843,-3.057337,1.9779924,11.5044155,10.557795,8.84535,-15.469714,9.265437,16.383514,-0.9658432,-10.085588,-8.629688,-19.030567,10.079733,15.714325,-6.2452683,-9.642828,-8.793071,-9.075509,-12.816584,-8.971732,4.9119153,10.985075,-16.758904,-9.155833,-11.01666,-18.871172,-0.9467842,16.04643,-11.232867,-2.0438693,-7.184696,-4.7236876,5.448488,-2.0944302,6.8292365,12.744528,2.4800627,-6.9336405,-4.208148,11.473957,8.816771,-9.106499,-6.82884,-21.781738,-8.8690405,17.665993,-6.7604485
O75462,-13.573465,15.397875,19.544628,-3.950689,9.191007,-3.0934188,-0.6490926,-14.896961,-7.7465706,-14.339231,-12.513859,-11.739437,3.6756754,15.710544,10.8801155,-21.932737,-6.1791105,-3.0213325,2.071762,12.45937,11.531606,9.612111,-16.732515,9.697751,17.630526,-1.1375864,-10.717553,-9.765062,-20.711481,11.229867,17.237095,-6.345756,-10.2880745,-9.628004,-9.657671,-14.554194,-9.435199,5.2505503,11.763308,-18.480309,-9.968097,-11.664144,-20.29964,-0.4749524,17.159365,-12.394381,-2.1503503,-8.081376,-5.0699124,6.1988,-2.2221348,7.5101385,13.87902,2.6019416,-7.4628716,-4.553158,12.949619,9.933169,-10.347189,-7.3900166,-23.6296,-9.474981,19.157913,-7.7802978
O76021,-10.867031,9.595908,15.016787,-2.488952,5.2661023,-2.3479419,0.352093,-10.836513,-4.713311,-10.527269,-8.502878,-7.274764,2.878252,9.630329,8.143437,-14.151085,-2.4607916,-0.7941786,2.0661967,8.0393095,7.5182915,5.379821,-10.65568,4.446307,11.285717,-0.9696311,-5.910929,-7.3161917,-14.158376,7.6543937,11.331717,-2.2579927,-5.457841,-7.307605,-5.05647,-11.016727,-7.0327363,3.1821704,8.294465,-12.464823,-6.824401,-6.726838,-12.303374,1.3233281,10.750013,-8.200811,-1.536706,-6.1809845,-3.5794969,4.086604,-0.9780728,5.2646976,9.68073,1.2512451,-4.6928663,-3.2276795,9.440635,8.464079,-7.28889,-4.9326763,-16.297516,-4.740651,12.694072,-6.379233
P61978,-11.241391,12.701649,16.33982,-3.7004454,8.098855,-2.405057,-0.72782964,-12.254099,-6.8238506,-11.622479,-10.353793,-9.700348,3.1987545,13.024071,9.186919,-18.490116,-5.2899733,-2.6519413,1.8937666,10.53661,9.57719,7.883328,-13.971376,8.2195635,14.913723,-0.9209886,-9.154316,-7.9385047,-17.442623,9.250128,14.377842,-5.4101744,-8.546144,-8.082016,-8.044218,-11.682414,-8.545132,4.437016,10.010584,-15.118839,-8.393917,-9.952088,-17.09901,-0.7484498,14.517522,-10.222355,-2.0277185,-6.6616297,-4.3948975,4.930636,-1.9057745,6.1854944,11.729377,2.3205652,-6.4476733,-3.9215326,10.484961,8.277322,-8.234516,-6.2666855,-19.943666,-7.8878994,16.104774,-6.3099422
P12104,-13.389573,19.75832,20.076231,-4.5787187,12.262073,-3.3611128,-1.8265795,-16.57176,-9.8987465,-15.977656,-14.570352,-15.030877,3.6509407,20.364908,11.27414,-26.825188,-10.474368,-5.276515,1.2211769,15.048118,14.130367,13.383416,-20.941574,15.182702,21.961853,-0.77883,-14.776036,-10.630528,-23.942062,13.185817,20.821491,-11.0467825,-15.005355,-10.245273,-14.128686,-15.760999,-9.418452,6.823324,13.3251505,-22.233528,-11.563802,-15.516965,-26.226624,-3.0745866,21.73451,-14.764136,-2.205248,-8.53959,-5.450655,7.790191,-3.538963,8.691971,15.830945,3.4987116,-9.296302,-5.1019597,14.526035,8.841653,-12.146103,-8.906198,-27.102425,-14.022252,23.041162,-7.4085917
P00342,-12.365345,13.933906,17.837158,-3.5006943,8.385638,-2.7540119,-0.48939908,-13.4726715,-7.0764513,-13.182176,-11.276997,-10.677319,3.3565016,14.284754,9.815115,-19.931078,-5.4306746,-2.5936654,2.0245395,10.973086,10.328304,8.486576,-15.339852,8.722706,15.784058,-0.94556487,-9.477078,-8.845104,-18.63919,10.043115,15.571746,-5.5957947,-9.29417,-8.749017,-8.739296,-13.207961,-8.4051485,4.7425847,10.75704,-16.818933,-8.951862,-10.41249,-18.331816,-0.32164556,15.695141,-11.215241,-1.8131874,-7.335468,-4.4324994,5.6141057,-1.979271,6.7740984,12.533987,2.3352213,-6.601647,-4.0235248,11.7992,9.113861,-9.423011,-6.6766834,-21.425747,-8.618827,17.331108,-6.9159527
P09874,-11.639977,12.585821,16.850266,-3.6303926,7.8578415,-2.491749,-0.5434403,-12.469263,-6.73069,-11.930832,-10.46383,-9.624479,3.2897542,12.879215,9.391475,-18.41274,-4.844332,-2.4152753,2.0766664,10.466801,9.572952,7.607182,-13.900878,7.748452,14.721085,-0.9783378,-8.845262,-8.093852,-17.602825,9.296989,14.349632,-4.954762,-8.23413,-8.260443,-7.707393,-12.061182,-8.604703,4.365494,10.145405,-15.266563,-8.427031,-9.696253,-16.80111,-0.37864727,14.411863,-10.276782,-2.0168192,-6.8393445,-4.452705,4.9312396,-1.7649174,6.2609124,11.849722,2.19431,-6.345146,-3.9369729,10.664361,8.738678,-8.304937,-6.211314,-20.123478,-7.5472007,16.047503,-6.5455046
Q9C035,-10.953067,11.674679,15.621751,-3.2699525,6.9935913,-2.4699883,-0.4396839,-11.787677,-6.003503,-11.07187,-9.745175,-8.836771,3.0378962,11.860444,8.750705,-16.837978,-4.583698,-2.1449316,1.7557098,9.915744,9.019196,7.293903,-12.655378,7.0858912,13.805997,-0.97120374,-8.280773,-7.7221837,-16.3775,8.803993,13.351624,-4.57088,-7.613931,-7.756938,-7.104801,-11.451593,-7.9229364,4.020723,9.267091,-14.196358,-7.8692293,-8.982754,-15.478113,-0.1926366,13.076142,-9.515407,-1.9419622,-6.467212,-4.2272277,4.6758404,-1.6102806,5.913083,10.99277,1.91662,-5.9854245,-3.7496974,10.041435,8.148074,-7.8739085,-5.7986665,-18.53343,-6.827176,14.883285,-6.4153504
P04792,-13.406289,14.820679,19.192616,-4.0363693,9.126139,-2.9323428,-0.63730586,-14.480992,-7.67993,-13.818337,-12.093992,-11.281011,3.6619945,15.118178,10.766231,-21.31759,-6.052152,-2.8917103,2.0850246,12.169487,11.115126,9.188394,-16.21725,9.40011,17.178274,-1.138382,-10.518211,-9.449655,-20.24401,10.960014,16.830936,-6.048588,-9.863528,-9.364654,-9.256773,-14.024107,-9.657911,5.1354575,11.467831,-17.780882,-9.745755,-11.327179,-19.778269,-0.5066487,16.71365,-12.034368,-2.303958,-7.9194736,-5.0039525,6.0030546,-2.26923,7.2086763,13.658269,2.6323571,-7.4292045,-4.5433493,12.531206,9.805947,-9.915815,-7.2692056,-23.136429,-9.131269,18.690434,-7.543125
Q14152,-15.848134,18.304407,22.671412,-4.174353,10.618653,-3.647547,-0.61257577,-17.52145,-8.858023,-17.14575,-14.580224,-13.969981,4.066242,18.70858,12.521437,-25.67839,-7.333847,-3.4558744,2.2661734,14.206945,13.442469,11.364136,-19.92824,11.612246,20.42017,-1.1917144,-12.370785,-11.592591,-23.844984,13.211636,20.29503,-7.5086017,-12.360809,-11.068692,-11.632449,-17.291275,-10.167286,6.108075,13.524231,-21.938416,-11.543475,-13.494808,-23.908684,-0.35165468,20.212946,-14.66488,-2.153154,-9.467263,-5.4953737,7.597523,-2.6878023,8.743099,16.018461,3.0643795,-8.495924,-5.055499,15.557112,11.397042,-12.619405,-8.580261,-27.375578,-11.599252,22.376598,-8.984835
P0ABI4,-10.063784,9.429164,14.056687,-2.5963323,5.3117595,-2.260801,0.03881667,-10.355003,-4.7590995,-9.794204,-8.281688,-7.1331525,2.7438586,9.55242,7.7598476,-13.777795,-2.9909813,-1.2146772,1.7969729,8.131201,7.5111003,5.5647507,-10.367524,4.941998,11.1774645,-0.928389,-6.3163238,-6.8529897,-13.95137,7.4815507,11.159874,-2.812936,-5.679974,-6.853016,-5.2374945,-10.284132,-6.812268,3.2022412,7.916613,-12.055894,-6.6239038,-6.9609203,-12.322131,0.6330263,10.61024,-8.029375,-1.6610545,-5.815225,-3.6454203,3.9273965,-1.0748053,5.075955,9.398042,1.394474,-4.8748693,-3.1965115,8.792346,7.7610435,-6.7680187,-4.793718,-15.749095,-4.9789915,12.33493,-5.932455
P00805,-12.997618,16.441982,19.30049,-4.379608,10.434881,-2.9135714,-1.2122467,-14.873711,-8.693945,-14.35584,-12.874308,-12.587009,3.6601326,16.936428,10.791254,-23.336514,-7.5322404,-3.9080746,1.9548486,13.053068,12.084301,10.42056,-17.904633,11.499746,18.704107,-0.9162797,-11.951218,-9.533828,-21.46423,11.454967,17.998728,-7.9384127,-11.673278,-9.579289,-10.96107,-14.216837,-9.603113,5.7043524,12.2524395,-19.167934,-10.303305,-12.864139,-21.972675,-1.7190979,18.641247,-12.851049,-2.2236109,-7.9114165,-5.158757,6.3706064,-2.6444883,7.6363783,14.33433,2.9704804,-8.000872,-4.644842,12.850302,9.293393,-10.300202,-7.7224183,-24.496181,-10.898236,20.049578,-7.1233573
G7JEE5,-11.253147,12.586328,16.295513,-3.4823878,7.726295,-2.5612936,-0.5553815,-12.211599,-6.5472245,-11.748167,-10.390059,-9.621541,3.2357707,12.836056,9.047134,-18.152924,-5.0090175,-2.4680245,1.8213274,10.344583,9.486855,7.8492694,-13.709754,7.862875,14.614376,-1.0357449,-8.897519,-7.9441805,-17.311895,9.158071,14.152371,-5.1589775,-8.316481,-8.08628,-7.800852,-11.899208,-8.251059,4.4240856,9.925775,-15.172827,-8.236888,-9.652856,-16.675022,-0.474052,14.166465,-10.153226,-1.9407239,-6.677497,-4.3937664,4.9401565,-1.8024998,6.2454286,11.587189,2.092255,-6.2087207,-3.9256115,10.459957,8.406748,-8.279986,-6.18307,-19.712528,-7.4878144,15.891311,-6.41529
O95361,-15.135057,17.577787,22.070055,-4.6465483,11.021267,-3.2698746,-0.8656215,-16.545877,-9.216311,-16.21821,-14.127949,-13.516343,4.18269,18.046724,12.252758,-25.29847,-7.1691337,-3.6410267,2.4790964,13.871053,12.874264,10.709313,-19.419737,11.437883,19.887997,-1.2042836,-12.273185,-10.724626,-23.445808,12.54163,19.61328,-7.4434185,-11.883472,-10.698151,-11.18933,-16.071247,-10.825195,6.094634,13.501013,-20.943233,-11.2348385,-13.3450165,-23.40372,-0.9178467,20.005476,-14.138315,-2.4002874,-8.982045,-5.5859365,6.9919577,-2.7192552,8.331857,15.793417,3.1816595,-8.422957,-5.077598,14.465541,11.088332,-11.519306,-8.4120655,-27.027212,-11.180174,21.84213,-8.217385
P18510,-15.359814,18.351475,22.273241,-4.8000174,11.528748,-3.337419,-1.0720677,-17.068237,-9.490419,-16.460018,-14.489373,-14.047423,4.146567,18.859093,12.535395,-26.181108,-7.9910173,-3.9983897,2.259783,14.534403,13.404126,11.510456,-20.15527,12.372937,20.865664,-1.182824,-13.087564,-11.106904,-24.062138,13.102986,20.476389,-8.172214,-12.675755,-10.8503275,-11.996744,-16.340063,-11.037401,6.3340616,13.654062,-21.526709,-11.640333,-14.103772,-24.618156,-1.2481633,20.71878,-14.649582,-2.5019252,-9.180068,-5.684137,7.364269,-2.9931717,8.543301,16.196667,3.4993548,-8.918607,-5.220395,14.973816,10.9362545,-12.046917,-8.780583,-27.689463,-12.057421,22.693155,-8.430787
P05979,-12.900151,17.774101,19.279568,-4.933658,11.695302,-2.899835,-1.8754642,-15.457708,-9.552559,-14.352813,-13.4862585,-13.54967,3.6158376,18.480618,11.173246,-24.981098,-9.3912325,-4.96843,1.5591537,14.347091,13.067331,11.820169,-19.282574,13.679181,20.404793,-0.8410816,-13.826782,-9.760095,-22.766832,12.33132,19.577095,-9.693272,-13.303809,-9.554751,-12.555874,-14.111507,-10.126835,6.242747,12.520954,-20.067886,-10.95505,-14.516658,-24.390594,-3.0145478,20.215057,-13.788984,-2.5908096,-8.02141,-5.4800143,6.8689914,-3.2518737,7.871441,15.095531,3.748637,-9.123101,-4.9276433,13.198749,8.697953,-10.676912,-8.31908,-25.712105,-12.757867,21.466537,-6.988644
P01189,-13.334002,16.099337,19.637487,-4.597976,10.366569,-2.9087114,-1.1818184,-14.934968,-8.656968,-14.195885,-12.892136,-12.338953,3.7958345,16.59996,11.128975,-23.204626,-7.1748614,-3.807169,2.0911605,13.171112,11.992283,10.1527605,-17.67076,11.02995,18.590923,-1.0924338,-11.860918,-9.553802,-21.650547,11.504114,18.054247,-7.4402585,-11.177136,-9.616159,-10.52568,-14.109434,-10.21284,5.6561675,12.242376,-18.886343,-10.35037,-12.743387,-21.79415,-1.5504732,18.39895,-12.891758,-2.4615073,-8.001949,-5.370528,6.22968,-2.5894046,7.5749254,14.460941,3.1377466,-8.118952,-4.764839,12.776753,9.643393,-10.125032,-7.746386,-24.665577,-10.519507,20.040665,-7.3366776
O14939,-8.688506,6.875462,11.817257,-1.9680023,3.6479676,-1.8814689,0.4277046,-8.426648,-3.3950043,-7.964539,-6.4256096,-5.1611037,2.3511512,6.847889,6.4342513,-10.352967,-1.4243232,-0.26572627,1.7292591,6.166265,5.677151,3.8020113,-7.6393285,2.6805897,8.465975,-0.839986,-4.2077727,-5.7266307,-10.860794,5.8192787,8.449847,-1.1236066,-3.593982,-5.8080945,-3.2966273,-8.548027,-5.759231,2.2890418,6.3397746,-9.246124,-5.214718,-4.8343167,-8.812875,1.3793768,7.7141986,-6.0635223,-1.349432,-4.8823133,-2.935422,2.9453754,-0.5425299,4.0604615,7.4279532,0.80013657,-3.6030605,-2.59482,7.180956,6.912292,-5.424307,-3.7378423,-12.371143,-2.9130838,9.495679,-5.2727957
O64743,-8.653483,8.669572,12.611753,-2.7975404,5.367159,-1.836868,-0.28751755,-9.056805,-4.72385,-8.572295,-7.5620117,-6.6141176,2.587769,8.767771,6.946517,-13.090884,-2.7551293,-1.4088076,1.8316507,7.6429,6.872194,5.157483,-9.508768,4.634419,10.657043,-0.789211,-5.881666,-5.9597044,-12.7500515,6.4925585,9.884657,-2.9835095,-5.2916417,-6.4673424,-4.951112,-8.832301,-6.775972,2.973366,7.654462,-10.720866,-6.169753,-6.7747726,-11.410593,0.15807077,9.918292,-7.0375533,-1.5180184,-5.0235434,-3.4956996,3.1355853,-0.87057245,4.6904526,8.57021,1.2516692,-4.40991,-2.968467,7.5976458,6.8027334,-5.777709,-4.4490204,-14.591136,-4.4906154,11.461264,-5.2074065
P00958,-14.582791,18.793707,21.53758,-4.4891195,11.564293,-3.4130116,-1.1837863,-16.779074,-9.526508,-16.566717,-14.577424,-14.459606,4.0018115,19.401894,11.915757,-26.301697,-8.44943,-4.324391,2.0077436,14.290435,13.538242,11.917926,-20.495956,13.098714,20.760437,-1.0551369,-13.289924,-10.843536,-23.897993,12.9123335,20.412458,-8.9238205,-13.345656,-10.581494,-12.586703,-16.258474,-9.978877,6.4894886,13.592204,-21.979599,-11.398895,-14.297752,-24.866533,-1.7049489,21.057096,-14.722581,-2.155934,-8.904603,-5.4799314,7.4766865,-3.0331485,8.614259,15.907207,3.36887,-8.691327,-5.024462,14.765346,10.347091,-12.072151,-8.665311,-27.374594,-12.590697,22.588531,-7.911619
P50362,-10.769225,12.837128,15.763145,-3.7420044,8.408113,-2.2821183,-0.9600414,-12.044767,-7.0825863,-11.303288,-10.186605,-9.78487,3.0514793,13.2932205,8.948462,-18.483156,-6.0304575,-3.006888,1.7053338,10.551077,9.642183,8.052322,-14.172701,9.057103,14.950321,-0.7367451,-9.645731,-7.660582,-17.391626,9.26404,14.538681,-6.0685654,-9.083226,-7.7028527,-8.501248,-11.260174,-8.249525,4.5221252,9.789305,-15.090696,-8.312054,-10.244001,-17.518848,-1.4047192,14.872969,-10.263796,-2.09371,-6.4756722,-4.2843943,5.0360055,-2.1561375,6.012699,11.677022,2.5185666,-6.716116,-3.8537807,10.21933,7.7281694,-8.012533,-6.235241,-19.738678,-8.557577,16.018406,-5.7972894
Q3Y454,-9.567629,10.497842,13.987372,-3.2010212,6.6803412,-2.0455325,-0.5542391,-10.32101,-5.6869893,-9.793718,-8.738597,-8.027327,2.8172696,10.720956,7.7955084,-15.5051565,-4.0375533,-2.0593631,1.7827998,8.875135,8.032828,6.4612193,-11.530333,6.421131,12.5559435,-0.82184476,-7.4209456,-6.728192,-14.702048,7.6382203,11.847693,-4.247959,-6.8623786,-7.0738516,-6.4685087,-9.89108,-7.461522,3.658263,8.633826,-12.602798,-7.0946455,-8.25987,-14.030709,-0.40628824,12.002319,-8.414589,-1.7082442,-5.638786,-3.8356874,3.9167657,-1.3822463,5.3071694,9.870031,1.7753879,-5.297567,-3.3557832,8.763457,7.230035,-6.8218355,-5.2607565,-16.8407,-6.142617,13.510445,-5.53341
P01270,-11.245137,12.673457,16.415527,-3.6623318,7.990337,-2.4401202,-0.6786991,-12.238894,-6.754591,-11.707499,-10.406249,-9.699695,3.2314296,12.963801,9.162694,-18.481354,-5.0605645,-2.5854943,1.9526283,10.488695,9.559894,7.831715,-13.904014,7.9941363,14.8537445,-0.9567654,-8.982299,-7.952542,-17.422485,9.174043,14.246619,-5.2826514,-8.422647,-8.175457,-7.929659,-11.773953,-8.511142,4.4119773,10.095339,-15.148207,-8.377964,-9.867397,-16.924103,-0.60916865,14.421912,-10.173907,-1.9573054,-6.6590095,-4.4184165,4.859529,-1.7981737,6.246311,11.691876,2.2118447,-6.306419,-3.9105775,10.484234,8.375498,-8.242155,-6.231628,-19.94792,-7.685767,16.067139,-6.386095
Q13200,-14.195738,16.753376,20.251255,-3.8563087,9.824341,-3.3059008,-0.6714417,-15.842128,-8.080355,-15.365517,-13.202086,-12.760645,3.671388,17.129766,11.2596655,-23.403225,-7.0582886,-3.27408,1.8681275,13.024603,12.256258,10.656728,-18.158754,10.912044,18.816692,-1.0859889,-11.544461,-10.503149,-21.603565,12.026137,18.543736,-7.159988,-11.472817,-9.986306,-10.8507185,-15.482369,-9.279207,5.646012,12.186099,-19.855017,-10.487397,-12.489091,-22.012653,-0.5564501,18.4122,-13.310096,-2.008138,-8.526254,-4.9942117,6.939728,-2.5659559,7.937604,14.496119,2.879598,-7.8473053,-4.6492805,14.062819,10.057551,-11.498255,-7.9219947,-24.775715,-10.749243,20.485685,-8.100315
P36776,-10.306242,10.120232,14.5525875,-3.0030384,6.124365,-2.185342,-0.20622075,-10.701762,-5.3075676,-10.041503,-8.664588,-7.6616807,2.8547778,10.251559,8.129227,-14.9531145,-3.5231051,-1.5541832,1.8645256,8.75379,7.9106827,6.0812893,-11.141989,5.6576343,12.202375,-0.9119838,-6.977215,-7.076937,-14.656057,7.8323836,11.822218,-3.4223785,-6.2825785,-7.197778,-5.8778124,-10.40935,-7.5395446,3.4652896,8.45032,-12.519093,-7.0975785,-7.721456,-13.454729,0.28919324,11.483087,-8.403771,-1.7976078,-5.96445,-3.8280373,4.0521746,-1.2831099,5.289079,9.936485,1.6524756,-5.267752,-3.3962772,9.132716,7.8132224,-7.0462236,-5.1955347,-16.740595,-5.605614,13.28051,-6.0334883
O96020,-15.68408,15.952716,22.047018,-4.161453,9.168096,-3.501626,-0.24305208,-16.48731,-7.8692493,-15.740026,-13.474093,-12.08236,4.122238,16.084675,12.296696,-22.968092,-5.620956,-2.5565438,2.4864645,13.374641,12.207114,9.704559,-17.330019,9.041897,18.546236,-1.4677743,-10.816277,-10.930143,-22.37571,12.27609,18.365625,-5.5109434,-10.001612,-10.698234,-9.332735,-16.362497,-10.699478,5.3847523,12.626863,-19.666344,-10.813333,-11.80806,-20.898333,0.5359128,17.656233,-13.257614,-2.511278,-9.134947,-5.6303067,6.6618304,-2.1521487,8.113295,15.128791,2.569567,-7.9269943,-5.052911,14.329891,11.696707,-11.284631,-7.8736086,-25.524199,-9.094307,20.357279,-9.175582
A6NIH7,-12.19206,13.644137,17.544445,-3.584868,8.319401,-2.6292,-0.53494054,-13.244845,-6.9522524,-12.786827,-10.986307,-10.381735,3.2908447,13.865799,9.711428,-19.632526,-5.3469114,-2.498587,2.0071461,10.990655,10.138275,8.41452,-14.882848,8.437192,15.847086,-0.9056756,-9.30896,-8.7825985,-18.208065,9.870909,15.153946,-5.523391,-9.065499,-8.798885,-8.559837,-12.928388,-8.650736,4.5954275,10.644232,-16.261118,-8.946988,-10.322571,-17.963251,-0.23857746,15.266337,-10.794584,-1.8500035,-7.21626,-4.4097505,5.41024,-1.9207973,6.6849365,12.338266,2.2159972,-6.5401435,-4.036442,11.637233,8.908563,-9.2787,-6.6460586,-21.056969,-8.298419,17.131414,-7.008626
P00346,-9.934612,11.031918,14.338773,-3.7948945,7.5995893,-1.8877903,-0.9524299,-10.814226,-6.387042,-9.594166,-8.874268,-8.261484,2.822667,11.268405,8.362568,-16.325165,-5.30321,-2.545709,1.6633757,9.885439,8.550798,7.023615,-12.081226,7.6296177,13.779459,-0.6877573,-8.653379,-6.9343305,-15.568012,8.33494,12.780679,-5.160221,-7.6675205,-7.186884,-7.189828,-9.841223,-8.5063505,3.8846493,8.816353,-12.774994,-7.6971207,-9.211874,-15.381799,-1.1598027,12.871479,-8.774464,-2.2806067,-5.8784842,-4.118222,4.2160277,-1.8886783,5.3192234,10.621754,2.2284448,-6.3257923,-3.7066815,9.027541,7.081931,-6.8782187,-5.6926785,-17.715357,-7.0965905,14.345996,-5.600914
P06241,-11.287052,11.949499,16.156954,-3.3762689,7.2963486,-2.4375541,-0.39744174,-12.001487,-6.1901016,-11.45,-9.945847,-9.090207,3.1415393,12.116694,8.9853945,-17.44509,-4.4215517,-2.0789542,1.9516872,9.985028,9.084011,7.318389,-13.065857,7.051758,14.134867,-0.97782224,-8.227683,-7.9299293,-16.61227,8.881023,13.558304,-4.500094,-7.672938,-8.065357,-7.2244306,-11.699013,-8.26259,4.094068,9.657738,-14.47077,-8.074475,-9.111616,-15.8081665,-0.0077059916,13.443329,-9.669168,-1.8718207,-6.6096864,-4.223773,4.7067833,-1.5996948,6.0475693,11.23113,1.9481825,-5.9366474,-3.7862985,10.368485,8.441458,-8.145387,-5.9759583,-19.084448,-6.905691,15.337116,-6.5633097
P16330,-12.145906,13.72591,17.867516,-3.8617375,8.30849,-2.7890697,-0.73265594,-13.383718,-7.230095,-12.7914095,-11.454513,-10.494796,3.4813533,14.044394,9.932666,-19.827991,-5.391399,-2.8961606,2.110675,11.516222,10.576975,8.456556,-14.91576,8.569412,15.919762,-1.065881,-9.738035,-8.598933,-19.164555,10.036054,15.413148,-5.7321844,-9.110174,-8.835436,-8.448339,-13.040305,-8.90395,4.729708,10.921566,-16.663635,-9.074015,-10.6620245,-18.12266,-0.6945324,15.543182,-11.124742,-2.13206,-7.248415,-4.951921,5.273098,-1.8157564,6.8644547,12.72104,2.255646,-6.8613462,-4.2309427,11.291412,9.181623,-8.804455,-6.564346,-21.608864,-8.215599,17.1762,-6.998716
P02753,-15.157843,19.899443,22.899946,-5.4026494,12.941648,-3.348108,-1.6793057,-17.524153,-10.744277,-17.096302,-15.534815,-15.366516,4.361709,20.644062,12.839791,-28.417131,-9.188289,-5.0930505,2.3808396,15.60169,14.471155,12.501935,-21.885494,14.256613,22.353874,-1.0962688,-14.56289,-11.0846615,-25.85186,13.614999,21.73816,-9.867339,-14.254073,-11.201092,-13.422286,-16.601702,-11.475045,6.9761043,14.770509,-23.064135,-12.294601,-15.693091,-26.799006,-2.5370123,22.827559,-15.629419,-2.611408,-9.247124,-6.154971,7.569795,-3.2809198,9.045846,17.186632,3.8686087,-9.58909,-5.463426,15.124963,10.858587,-12.122061,-9.228062,-29.57545,-13.559045,24.142756,-8.027142
O15372,-10.723147,8.838222,14.647011,-2.4141836,4.7655697,-2.2616994,0.48922,-10.434184,-4.2741604,-10.031499,-8.039317,-6.6539397,2.8279152,8.738595,7.9620094,-13.258057,-1.8496556,-0.4297049,2.10019,7.6832557,7.033731,4.9099803,-9.765691,3.5320814,10.736905,-1.0215454,-5.2631187,-7.1605945,-13.38237,7.268163,10.564631,-1.6013026,-4.6862454,-7.227959,-4.365712,-10.660859,-7.11356,2.8915355,7.9539094,-11.594052,-6.570207,-6.142184,-11.26028,1.7419776,9.7895975,-7.606237,-1.5273528,-6.0200706,-3.499015,3.7576914,-0.76845986,5.056747,9.229604,1.0448228,-4.370095,-3.1604764,9.117188,8.41694,-6.9966755,-4.717712,-15.509289,-3.9093907,12.0390005,-6.4996057
A0A3L7I2I8,-11.882376,14.919011,17.515633,-3.981619,9.40033,-2.73582,-1.0831827,-13.584871,-7.788995,-13.009307,-11.764236,-11.434431,3.3758762,15.404264,9.854917,-21.162233,-6.8285537,-3.534895,1.6982235,11.908631,11.014557,9.594699,-16.254873,10.397973,17.010586,-0.94191164,-10.921717,-8.734636,-19.574238,10.464412,16.493025,-7.118657,-10.533125,-8.687241,-9.938414,-12.894765,-8.773392,5.2254767,11.047017,-17.423937,-9.334311,-11.707686,-20.027025,-1.5163504,16.837452,-11.779151,-2.0664585,-7.2238193,-4.7593484,5.8077426,-2.3941038,6.9717207,13.001485,2.7981086,-7.313972,-4.2672286,11.695006,8.491851,-9.428693,-7.0807085,-22.249365,-9.849165,18.299131,-6.5957937
P27302,-13.96524,16.202393,20.161612,-4.196994,9.8869505,-3.1192036,-0.8183166,-15.448812,-8.294963,-14.818983,-12.975226,-12.340587,3.7584717,16.583189,11.281645,-23.02751,-6.8826523,-3.3569522,2.0831954,13.046724,12.058695,10.134959,-17.65643,10.625932,18.522898,-1.0781763,-11.48647,-10.062233,-21.60674,11.756326,18.125101,-7.0099344,-11.065988,-9.877463,-10.378991,-14.960047,-9.818266,5.544328,12.216095,-19.272022,-10.41754,-12.382516,-21.527416,-0.8510604,18.192339,-12.975136,-2.2912872,-8.349296,-5.214303,6.544658,-2.5002153,7.7377167,14.517172,2.8580213,-7.957299,-4.7299433,13.43105,10.078497,-10.724075,-7.7459106,-24.662466,-10.318177,20.054682,-7.8397408
P04509,-9.867502,6.5164795,13.461512,-2.5498652,3.3498816,-2.135153,0.5213999,-9.135727,-3.5119376,-8.196234,-7.0286236,-4.804898,2.8431554,6.276335,7.488988,-10.427198,-0.63351744,-0.08035196,2.1852393,7.150156,6.0825014,3.4243865,-7.076972,1.5390886,8.818932,-1.2661011,-4.236114,-6.0551605,-12.263495,6.285582,8.634967,-0.26464453,-2.6784534,-6.544048,-2.258991,-9.341579,-7.385888,2.251822,6.967207,-9.381974,-5.7554407,-4.8322697,-8.384126,1.8227524,7.4091206,-6.2532206,-2.0430903,-5.4261227,-3.9046311,2.6775022,-0.24376488,4.408312,8.329176,0.6061784,-4.0731554,-3.1820383,7.265325,8.285757,-5.0589485,-3.824697,-13.536577,-1.6726048,9.751246,-6.273505
O14503,-12.546385,14.169254,18.18106,-3.9944692,8.924531,-2.6945288,-0.765405,-13.685394,-7.5379686,-13.030974,-11.519589,-10.819434,3.4884768,14.540987,10.21873,-20.507887,-5.905124,-2.9493976,2.0657237,11.653123,10.654664,8.7393,-15.601316,9.201375,16.45504,-1.0029302,-10.161626,-8.856797,-19.377522,10.364105,16.064508,-6.0003047,-9.558013,-8.88441,-8.970876,-13.1077385,-9.270983,4.915644,11.032488,-16.92112,-9.308444,-10.999383,-19.03433,-0.7900765,16.175257,-11.466642,-2.2073822,-7.4364624,-4.803199,5.6057086,-2.160529,6.843995,13.03647,2.607634,-7.1586804,-4.2974095,11.760163,9.196363,-9.249915,-6.912725,-22.136122,-8.912492,17.844116,-6.9801397
