UniProt_ID,0,1,2,3,4,5,6,7,8,9,10,11,12,13,14,15,16,17,18,19,20,21,22,23,24,25,26,27,28,29,30,31
P11827,-0.04349233,0.090764545,-0.013739141,-0.013096163,0.0089493785,-0.010719678,-0.04679118,0.016220778,-0.0081084315,0.019189883,0.054662373,0.016097283,0.08664027,0.0042688977,-0.023338892,-0.0626854,-0.020052183,-0.09882735,-0.06657536,0.13539472,-0.06660785,-0.00027679442,0.05278185,-0.062921524,0.14175723,-0.04216478,-0.097088754,-0.0051246257,0.02326628,-0.022590293,0.091668196,0.041227706
O75347,-0.024350556,0.09794703,-0.015462265,-0.015874092,-0.023681255,-0.017480217,-0.016744934,0.028348375,-0.035972767,0.0064224284,0.05816044,0.023371689,0.10118365,0.015858809,-0.011212172,-0.035724014,-0.008900711,-0.07499779,-0.03618577,0.12966618,-0.021697322,0.010689614,0.047342945,-0.05554037,0.12132264,-0.01296904,-0.09986517,0.0024109418,-0.019783534,-0.0018724157,0.058730915,0.047770977
P11655,-0.017275127,0.12158511,-0.023850204,-0.0131720705,-0.004473089,0.002378998,-0.021203352,0.035598148,0.0027034592,0.006876178,0.053264935,0.03311531,0.09921173,0.020021884,-0.017386114,-0.04259151,-0.009703678,-0.063652776,-0.054926917,0.12424285,-0.04769146,0.010028339,0.07165722,-0.074530564,0.11906916,-0.036399942,-0.106363475,0.008739055,0.00028173067,-0.037168175,0.077337556,0.028503967
O95149,-0.0130954115,0.10701045,-0.026633246,-0.020014388,-0.0158739,-0.015913842,-0.01747849,0.03660172,-0.022535035,0.01011289,0.06058513,0.027220389,0.08617671,0.02711677,-0.005688696,-0.030747235,-0.0052320575,-0.06485633,-0.027037295,0.12353419,-0.033219866,0.0015435993,0.054030824,-0.056786485,0.11092442,-0.015906703,-0.11044389,0.011734935,-0.010016143,-0.017098414,0.063114576,0.047324307
P06132,-0.014940925,0.11290753,-0.006836275,-0.016145723,-0.022133196,-0.017344968,0.0029908034,0.041165173,-0.018611493,0.0050849603,0.068890564,0.03763405,0.105694406,0.033890743,-0.0014244342,-0.016115606,-0.0047557107,-0.03604969,-0.011697239,0.11207501,-0.016953547,0.0041079274,0.06785885,-0.06643433,0.10336455,-0.030331383,-0.114076935,0.0036393825,-0.022940742,-0.034411382,0.05384174,0.02439067
B4XT64,-0.02258449,0.09993557,-0.003134191,-0.01768443,-0.018771445,-0.021396065,-0.0036791675,0.035858847,-0.0332665,0.018053014,0.0602348,0.03009756,0.10020992,0.02832311,-0.0022824015,-0.030024253,-0.001335385,-0.061761674,-0.017641395,0.11880345,-0.015053939,0.008198388,0.057978667,-0.060881678,0.11941065,-0.012205524,-0.10363623,-0.0017158249,-0.038666286,-0.013433961,0.057969525,0.037339333
O75604,-0.0152440695,0.12714238,-0.011270948,-0.0063853627,-0.013644135,-0.006152806,-0.000196689,0.03540462,-0.0215787,-0.0062430277,0.06294655,0.035326533,0.10262307,0.014269399,-0.00083086605,-0.018471599,-0.000841257,-0.047653697,-0.04189921,0.11041746,-0.014031713,0.0143768815,0.07072008,-0.070534945,0.10231914,-0.036150135,-0.10773654,0.020587685,-0.016942423,-0.017826507,0.07233348,0.01831308
P26639,-0.021776821,0.12481618,-0.013664092,-0.020754784,-0.017246392,-0.008282678,-0.008883353,0.048164982,-0.020316966,-0.009521362,0.05718509,0.036978643,0.11293881,0.020697514,-0.0050457604,-0.028909873,-0.009273424,-0.042959504,-0.030358072,0.115548536,-0.02439953,0.021004206,0.05301904,-0.056793142,0.10947771,-0.028752143,-0.10009618,0.01486251,-0.0067527355,-0.009833032,0.06846958,0.018858485
P12425,-0.037885025,0.09661203,-0.0034404052,0.0055344244,-0.014517704,-0.017675333,-0.02985198,0.02975132,-0.014251296,0.0101699205,0.067903355,0.016979417,0.100268334,0.024984917,-0.011423694,-0.024125073,-0.016648604,-0.05716318,-0.03499067,0.11587936,-0.0315653,-0.008212525,0.04906006,-0.054143857,0.11798036,-0.032527957,-0.091306254,-0.0076961545,0.010915996,-0.007598646,0.073026404,0.03953799
O76095,-0.015631502,0.097837746,-0.013923399,-0.016276969,-0.019543612,-0.018156283,-0.011915622,0.037590075,-0.034154095,0.023660999,0.06649487,0.021317342,0.102332786,0.031066304,-0.017871557,-0.040859647,-0.006413374,-0.06431104,-0.019564109,0.129451,-0.031670917,0.008485718,0.037932374,-0.04982628,0.11692421,-0.024966035,-0.097082436,0.007132765,-0.017571421,-0.012279446,0.06352852,0.03961339
P63159,-0.026604682,0.103418365,-0.0065925918,-0.0017778751,-0.009132693,-0.006361965,-0.030987725,0.03867726,-0.015254988,-0.003461329,0.06709694,0.018501375,0.092615835,0.008685835,-0.010009939,-0.033261485,-0.006795567,-0.06142474,-0.045321114,0.113768,-0.032285053,0.00522601,0.043628592,-0.05277353,0.12042047,-0.025783697,-0.09874619,0.009009298,0.010149948,-0.008465645,0.07598358,0.02264104
P46527,-0.018379608,0.11191619,-0.010573807,0.0010080223,-0.016846212,-0.011695738,-0.010455124,0.031016039,-0.031853784,0.005334736,0.06627741,0.025618698,0.10240198,0.01469881,-0.011494654,-0.030763233,-0.0058314456,-0.056379568,-0.038652547,0.112045825,-0.02249682,0.015652092,0.054861475,-0.06476239,0.1098059,-0.03312528,-0.10276198,0.0073793544,-0.010412979,-0.02302194,0.060655925,0.024932371
Q8IZH2,-0.01271613,0.1177537,-0.017327532,-0.017375836,-0.025535334,-0.028126052,-0.008249049,0.052010186,-0.024081286,-0.006078477,0.055805452,0.05568421,0.091389455,0.0253339,0.0010805354,-0.035804264,-0.024300799,-0.057843905,-0.03727588,0.13392194,-0.025975034,0.0070033656,0.064889096,-0.058876798,0.12254895,-0.028548269,-0.10216883,0.005246098,0.0023608073,-0.0018807333,0.055907868,0.03229058
P54279,-0.013029117,0.09881479,0.0063220747,-0.0062904917,-0.03167489,-0.04795041,-0.040689666,0.02249048,-0.0166565,-0.012202356,0.07472482,0.067238875,0.1014654,0.032807358,-0.01433219,-0.06231774,-0.0040250774,-0.07717745,-0.051112615,0.13381216,-0.021312138,0.021187985,0.021516785,-0.027126834,0.14619789,-0.03210214,-0.10510931,-0.012732903,0.023067039,-0.016320135,0.033026844,0.023705605
P07288,-0.01216822,0.124046765,-0.012952201,-0.00883065,-0.016847014,-0.0034403359,-0.007832624,0.051378753,-0.014706522,-0.0075483876,0.066040255,0.037418727,0.10292738,0.030630749,0.010008454,-0.021843674,-0.0064988965,-0.044306193,-0.026412174,0.10687667,-0.01964228,0.003545676,0.06898319,-0.07161136,0.11344791,-0.029136062,-0.10118737,0.014519719,-0.021799508,-0.0134320995,0.067770444,0.027811153
P13686,-0.019475149,0.11320258,-0.0024067098,-0.018506939,-0.016777065,-0.0018059672,-0.0199856,0.05158639,-0.018004593,-0.010520559,0.06943759,0.03657892,0.09472324,0.022945516,-0.010963953,-0.026763892,-0.0118432855,-0.04325744,-0.03820057,0.11544016,-0.030587139,0.010549215,0.06198422,-0.070955485,0.10737902,-0.042037886,-0.10635623,0.020502094,0.0015778518,-0.006954602,0.07515226,0.0115918135
O94316,-0.042068303,0.08012549,-0.01358599,-0.009445024,-0.0064161657,0.00026812294,-0.038721792,0.023244593,-0.02218687,0.012717709,0.059967406,-0.009401916,0.110169314,0.0056598447,-0.022788692,-0.045603447,-0.011868638,-0.07243566,-0.03801615,0.12663856,-0.049683552,-0.021242764,0.03764274,-0.056672107,0.12773791,-0.03414579,-0.09664708,0.0065466566,0.008058912,-0.008432931,0.08124888,0.0518578
Q12309,-0.047012366,0.09177139,-0.0067057475,0.0068889265,-0.006828389,-0.002225891,-0.027672544,0.02245924,-0.02646409,0.006925136,0.065120734,0.008338677,0.10045586,0.0012161885,-0.017844277,-0.022330785,0.007462212,-0.054714527,-0.03905176,0.10904792,-0.026592255,0.0060909837,0.02393078,-0.033871464,0.11716514,-0.023416612,-0.09532808,0.011623524,0.003194267,-0.01238632,0.06871142,0.028081883
P23872,-0.021062352,0.11548911,-0.009286651,-0.007864632,-0.013793175,-0.016653903,-0.024091572,0.03570365,-0.011363152,0.0045292694,0.06601189,0.025317589,0.10701205,0.025633048,-0.025167082,-0.03285944,0.0020565945,-0.06560818,-0.0472783,0.1188925,-0.028737064,0.014374314,0.053605944,-0.052497376,0.11491857,-0.029081807,-0.10257496,0.011641543,0.016393375,-0.0016984139,0.09168845,0.025529012
P02686,-0.018013386,0.09439222,-0.01094673,-0.02052506,-0.011382339,-0.025630224,-0.0103668105,0.030160446,-0.021858435,0.0057946625,0.068419755,0.03712869,0.09882997,0.02680698,-0.00847616,-0.022990847,-0.0020739068,-0.05317517,-0.027477723,0.11503794,-0.024888966,0.012447424,0.049271476,-0.051204085,0.11609155,-0.025292847,-0.10419492,0.0029931413,-0.014931771,-0.004243356,0.06285189,0.032972682
P02747,-0.031207826,0.09560762,-0.01997951,-0.006353032,-0.015723001,-0.0011254982,-0.03952603,0.04031788,-0.013188543,-0.011411334,0.067171276,0.02231749,0.11556821,0.03262058,-0.008750959,-0.03423069,0.016509995,-0.044690646,-0.016524699,0.11467381,-0.022858866,0.0009701592,0.0357998,-0.040869556,0.119688705,-0.026069598,-0.09608051,0.012390056,-0.016817845,-0.014634604,0.05321558,0.040407367
Q15428,-0.032924257,0.093845494,-0.016255917,-0.008242722,-0.009956315,-0.0075095543,-0.024681082,0.032066558,-0.019724533,0.009320608,0.06042022,0.008237718,0.10599426,0.012898854,-0.0097214375,-0.034246538,-0.0014667058,-0.060955565,-0.026155476,0.12584594,-0.032523636,-0.0058664815,0.051590614,-0.04841905,0.1143591,-0.029517446,-0.08841733,0.013530777,-0.0034679973,-0.013143187,0.07646664,0.036158834
O95429,-0.0063445736,0.11897046,-0.022579726,-0.013989311,-0.026946995,-0.017457388,-0.018725306,0.038304083,-0.019826114,-0.003332152,0.05602801,0.03728564,0.09175564,0.023611367,-0.012036898,-0.038015097,-0.022072839,-0.06705286,-0.038947858,0.13468933,-0.03328341,0.001418602,0.06375025,-0.07220775,0.10678384,-0.030270122,-0.11336718,0.005103126,0.0002483644,-0.012791442,0.068530954,0.035845157
P0AFW0,-0.011381012,0.11471529,-0.010709593,-0.010046925,-0.018083006,-0.010375554,-0.0068729864,0.03514728,-0.022144023,-0.003415119,0.06407173,0.034689683,0.09878761,0.009194143,0.0018947627,-0.02830499,-0.018263243,-0.0639667,-0.03608923,0.11298388,-0.026216352,0.018479532,0.068076774,-0.070486285,0.101331376,-0.033747695,-0.107917346,0.017261218,0.001918555,-0.01357522,0.06543687,0.017678663
P06821,-0.009730338,0.096574,-0.023354853,-0.0050477614,-0.021508014,-0.021186834,-0.025039969,0.04051263,-0.026797406,-0.003697886,0.053257454,0.03533452,0.10330079,0.034698155,-0.015249841,-0.02153399,-0.006675623,-0.053047374,-0.002559535,0.11181456,-0.036418106,-0.016666468,0.04035747,-0.05627084,0.11817727,-0.014658865,-0.10961721,-0.0007694832,-0.025983557,-0.004054662,0.06482093,0.046341088
P13721,-0.012197631,0.10755974,-0.012074475,-0.022236763,-0.014353372,-0.023816802,-0.002144092,0.027266527,-0.021406978,0.002086629,0.067705385,0.04561615,0.09378641,0.011767447,0.0034177962,-0.028229604,-0.006086387,-0.06646457,-0.0521891,0.1129247,-0.028747832,0.019643655,0.071416825,-0.06044658,0.11429749,-0.025506968,-0.099961214,-0.0037826702,-0.0050015636,-0.006739853,0.06935781,0.024998846
P10645,-0.021454154,0.10542321,-0.021003885,-0.008946374,-0.009605106,0.006260509,-0.0072363093,0.0350156,-0.007058304,0.0040461533,0.06350512,0.01761663,0.0988172,0.0186754,0.008492675,-0.009160961,-0.009649632,-0.05436828,-0.016312342,0.11815034,-0.031590983,0.008356827,0.05023551,-0.052822985,0.10148075,-0.015555796,-0.08858603,0.014447589,-0.0386907,-0.028242752,0.060234115,0.035932478
P60411,-0.023511086,0.083644785,-0.024107724,-0.008811615,-0.024994323,-0.024790836,-0.041679733,0.042659722,-0.018641371,-0.0012390725,0.054822132,0.027653731,0.093795426,0.01719656,-0.030798553,-0.047015376,-0.03846553,-0.07045324,-0.029109882,0.14224336,-0.04341057,0.01618119,0.044063378,-0.054965187,0.1127022,-0.028890476,-0.110052265,-0.017403023,0.028311208,-0.0053288415,0.055396125,0.02935047
O94913,-0.015357299,0.111234844,-0.000470174,-0.014643325,-0.033532098,-0.0053675775,-0.0040557063,0.027557334,-0.03740223,-0.0048596472,0.07072592,0.0197574,0.10315594,0.017658066,0.0045719324,-0.015423678,-0.017217293,-0.052629426,-0.03010324,0.115690984,-0.021691974,-0.007987776,0.05349047,-0.073139206,0.10583005,-0.023550276,-0.10209681,0.015005566,-0.021395016,-0.015195848,0.056775056,0.036183495
P16333,-0.028132116,0.09246921,-0.011974225,-0.014252325,-0.012617688,-0.014335063,-0.031250652,0.030309474,-0.021059664,0.011090587,0.06322687,0.018960824,0.09373051,0.014281793,-0.016969258,-0.04579255,-0.014729415,-0.07414384,-0.043897085,0.12856683,-0.040321045,0.0012434359,0.038786154,-0.053573277,0.13057266,-0.02335597,-0.100763366,0.0024719462,0.00879559,-0.007654214,0.0674682,0.04264115
A8I4E9,-0.05584839,0.076119505,-0.018033644,-0.015524939,-0.00051322643,0.004957804,-0.0333648,0.016242562,-0.022411669,0.027218947,0.08069609,0.0011218699,0.117768556,0.024728155,-0.012817641,-0.022347614,-0.0025980538,-0.047368173,-0.02509207,0.10665584,-0.044540066,-0.002803597,0.0038588084,-0.027779287,0.13063522,-0.029533388,-0.08338151,0.025044313,0.010608782,-0.00063707057,0.060308244,0.067588374
Q92890,-0.012433613,0.10571408,-0.019500582,-0.0027202242,-0.013182275,-0.013058899,-0.0184478,0.04227456,-0.019027282,-0.0015914384,0.06057296,0.030923104,0.10139499,0.030633245,-0.00548496,-0.02321815,-0.010609731,-0.052512128,-0.025873158,0.11042662,-0.018675053,0.015969966,0.0690257,-0.06260091,0.10427805,-0.03451579,-0.10530089,0.0039252094,-0.012936324,-0.016532755,0.059302937,0.024461009
P0DTD2,-0.033104934,0.11281503,-0.00787545,-0.023923121,-0.011689255,-0.0053626513,0.0052516926,0.030797705,-0.022231333,0.0037938785,0.06877234,0.030075828,0.11129895,0.003857608,-0.005649071,-0.02095607,0.0026077866,-0.044723555,-0.044806838,0.11295093,-0.018466521,0.013732166,0.045989413,-0.045000084,0.12128268,-0.029797798,-0.10335417,0.013118252,-0.009160526,-0.018485744,0.07096012,0.02504197
O62479,-0.015607611,0.1047793,0.003145502,-0.02699867,-0.030007295,-0.023555808,-0.017177613,0.040753223,-0.02488377,-0.0011598165,0.06952415,0.045242906,0.09950735,0.02995323,-0.011232033,-0.029319871,-0.017369099,-0.05480884,-0.034027275,0.11901664,-0.021580333,0.011556307,0.050152756,-0.061483987,0.12677084,-0.020282539,-0.10337559,-0.00724619,-0.007552188,-0.0019164253,0.07052533,0.024271647
P47017,-0.03776646,0.0976359,-0.015537904,0.0014605317,-0.017316176,-0.008464324,-0.019021284,0.03112561,-0.03550194,0.0154321,0.056651954,0.014616373,0.105300136,0.016985757,-0.026309961,-0.028353957,0.010368091,-0.057930652,-0.030770093,0.114411294,-0.02707901,-0.0022478036,0.039567214,-0.041408435,0.11767701,-0.023082504,-0.10242393,0.0064629777,-0.0131753,-0.017585054,0.06874031,0.044125397
P00812,-0.03355005,0.10643122,-0.012697216,-0.006984825,-0.009429363,-0.010162183,-0.011337042,0.024748018,-0.03392093,0.0104216635,0.05871156,0.019418405,0.09782666,0.0069518615,-0.014146168,-0.021262825,-0.0017980688,-0.052499127,-0.033277318,0.11421018,-0.026189916,0.012754351,0.036058553,-0.04620048,0.106515355,-0.024228277,-0.10022983,0.01757962,-0.0057393336,-0.013594475,0.06643904,0.027369132
Q28399,-0.024721801,0.106925465,-0.0027030609,-0.021021973,-0.017203404,-0.012719452,-0.019588316,0.04415649,-0.020395255,-0.0057621747,0.070471734,0.03753396,0.097311325,0.027655575,-0.0016841143,-0.017916238,0.00049387367,-0.054784983,-0.037641816,0.10785649,-0.030793156,0.00091672427,0.052009553,-0.049099542,0.12145966,-0.02112348,-0.10172814,0.012153538,0.0021867845,0.006142815,0.079523094,0.030481592
P36969,-0.012264667,0.10949735,-0.012516238,-0.028982371,-0.018066563,-0.017237976,-0.019967232,0.04509879,-0.015466964,-0.010250205,0.06656067,0.03530798,0.09965034,0.026188787,0.00048680007,-0.031934142,-0.0155517785,-0.060563095,-0.03682624,0.11950507,-0.03177423,0.009248527,0.057992827,-0.06393641,0.11931255,-0.02153712,-0.10423009,0.002455572,-0.0021443085,0.0045686183,0.0756832,0.03289339
P09041,-0.012615562,0.10604326,-0.0017435402,-0.0069632805,-0.024320291,-0.024938233,-0.019591575,0.029890135,-0.035215426,-0.009544964,0.05995067,0.041248772,0.09306013,-0.004465125,-0.016088327,-0.050049353,-0.017354345,-0.06890446,-0.057698444,0.12850384,-0.027880413,0.021030413,0.06602576,-0.067535296,0.113133945,-0.038697165,-0.09728059,0.0054336954,0.015491265,-0.013666722,0.058232337,0.0021556306
O09061,-0.020290293,0.09324065,-0.021265104,-0.022651784,-0.022814654,-0.029966608,-0.014475383,0.040304895,-0.014775279,0.008212639,0.060517102,0.041957516,0.09266925,0.030345807,-0.0015650317,-0.027717287,-0.018705383,-0.05532093,-0.013064406,0.1326906,-0.020626266,0.0028480769,0.05365968,-0.04601443,0.11616143,-0.018938145,-0.106787086,-4.021513e-05,-0.0034290904,-0.008039274,0.0489013,0.044367626
A2ABV5,-0.018113531,0.113056004,-0.013073053,0.006427245,-0.014106565,-0.0106128,0.0035179257,0.03592591,-0.031337947,0.011441409,0.06455819,0.028082795,0.1069082,0.02962688,-0.0030189883,-0.0049332017,0.004611015,-0.028001204,-0.0014378577,0.09844078,-0.0029625376,0.003811055,0.06274496,-0.06897212,0.09867546,-0.031263016,-0.10853362,0.020191263,-0.036928393,-0.029466834,0.056286313,0.026617803
O55164,-0.01247109,0.12328519,-0.010931226,-0.0064926744,-0.007457389,-0.034816276,0.012189731,0.028065056,-0.019130114,0.009223913,0.07646573,0.047163807,0.08520818,0.019651571,0.011407446,-0.012570474,-0.0033364776,-0.054096628,-0.044546563,0.10965869,-0.009590702,0.046330146,0.047375202,-0.03552685,0.11472269,-0.01802728,-0.08568636,0.0191585,-0.005498966,-0.019941125,0.053023983,0.02296749
Q8IXK0,-0.016435185,0.12412348,-0.007084927,-0.019451603,-0.013567093,-0.008039033,-0.0029656615,0.039532013,-0.018502275,-0.008678888,0.06754409,0.032320052,0.102080956,0.0190312,0.002024016,-0.020066809,-0.0055884076,-0.04693667,-0.039061405,0.10995327,-0.019695316,0.01957557,0.0587117,-0.064459845,0.10901185,-0.027979136,-0.10317929,0.019335175,-0.017072428,-0.016310906,0.07024271,0.022674132
P04049,-0.011032585,0.11534962,-0.011443949,-0.022765283,-0.022861728,-0.02257694,-0.012994651,0.037266426,-0.023047144,0.0023507057,0.06472334,0.040343363,0.09911841,0.033052586,-0.007839714,-0.027103655,-0.00910679,-0.060013667,-0.033189207,0.11646734,-0.028109921,0.01138499,0.06075917,-0.063651256,0.114830576,-0.020633262,-0.10946436,0.003520254,-0.0035373548,-0.010960935,0.06983204,0.0319366
P14859,-0.016868109,0.106671,-0.017264338,-0.003287547,-0.013274792,-0.0014980035,-0.013601621,0.024595656,-0.020741137,0.0010284794,0.060666353,0.015943678,0.10541394,0.0065034493,-0.0051192637,-0.027575439,-0.011250169,-0.06317311,-0.038342323,0.11606348,-0.03701927,0.0022268232,0.04762545,-0.060852338,0.11077443,-0.0262335,-0.09769595,0.013832301,-0.007744018,-0.018729113,0.067551546,0.0316356
P21187,-0.03204324,0.0960941,-0.010562255,-0.0072468426,-0.0011685994,-0.02136733,-0.016128268,0.025702275,-0.037429176,0.025762707,0.061236273,0.006888215,0.10399836,0.029712876,-0.023843508,-0.031347353,0.0013708412,-0.06272303,-0.02788524,0.10946279,-0.035971608,0.02090969,0.03004256,-0.044558614,0.112980366,-0.022170514,-0.091995224,-0.0011212779,-0.027150167,-0.01515719,0.06445301,0.046183016
O94760,-0.046990056,0.087649226,-0.018508019,-0.008661584,-0.014380685,-0.021802343,-0.03412071,0.031290125,-0.03884605,0.017099284,0.049804017,0.006634673,0.109693624,0.02401826,-0.038857337,-0.0318353,-0.007699479,-0.0523385,-0.02351415,0.12711461,-0.023490919,0.008076864,0.033600762,-0.034437556,0.10959971,-0.03103657,-0.10396681,-0.006212682,0.010322039,-0.00650502,0.06713025,0.036579717
P17256,-0.023888672,0.11422477,-0.012006613,-0.014198938,-0.011100133,-0.012652896,-0.0149475,0.04418435,-0.012394724,0.0025867303,0.06101132,0.03505195,0.1034583,0.025169278,-0.004679223,-0.031156585,-0.008407665,-0.056825932,-0.039075278,0.11865463,-0.02794144,0.013639924,0.058252893,-0.054953925,0.1194829,-0.02752769,-0.09663827,0.007942612,-0.0024803085,-0.005991991,0.07224287,0.02958146
P09546,-0.0064228275,0.11866588,-0.010236731,-0.009080101,-0.013671043,-0.009092061,-0.009498333,0.040506076,-0.01638156,-0.006829305,0.064190336,0.03387214,0.10178217,0.018981563,-0.0033694,-0.026831485,-0.012680375,-0.055861313,-0.039295603,0.11367958,-0.03566152,0.009719594,0.047644958,-0.061129928,0.1167511,-0.026351662,-0.100848295,0.016787179,-0.005103621,-0.009467104,0.072090246,0.020686984
P14738,-0.033410817,0.0919072,0.003828898,0.0036267973,-0.0026701754,-0.012487017,-0.015901081,0.017335929,-0.024199184,0.022522401,0.08268081,-0.0017653257,0.08358941,0.012383488,-0.01118818,-0.020442855,0.0058233403,-0.059232965,-0.037606765,0.11202961,-0.028010212,0.02905378,0.030612389,-0.03331993,0.09453996,-0.026994681,-0.07555827,0.016991405,-0.0125547275,-0.03308502,0.05728454,0.022168111
P31725,-0.0057301624,0.10983986,-0.019664079,-0.020191804,-0.007691674,-0.009019421,0.007287234,0.03405057,-0.018466083,0.014575968,0.069596626,0.02549543,0.102617964,0.04027775,0.0138529595,-0.014699026,-0.0059178807,-0.05631609,-0.016809912,0.108705044,-0.032431807,0.0077811824,0.054024797,-0.059494384,0.09521179,-0.025265647,-0.10267252,0.024505196,-0.032652352,-0.00329539,0.05449825,0.050520957
O14011,-0.045275122,0.08301157,-0.020575142,-0.0032180522,-0.0044201543,0.0067931307,-0.030192504,0.024980968,-0.029242052,0.024675196,0.05484478,-0.014144744,0.10528412,-0.0034443464,-0.025669813,-0.04350738,-0.009649235,-0.0701808,-0.03672551,0.12524162,-0.04611961,-0.017531924,0.03106915,-0.051200565,0.12465974,-0.0274228,-0.10052923,0.013432021,0.007893772,-0.014184621,0.07435734,0.052588176
P21327,-0.0005473532,0.1562748,-0.021265041,-0.006694002,-0.0075479564,-0.002647058,0.0069623757,0.052434437,-0.017795537,-0.023082523,0.06709221,0.062327366,0.098854244,0.024106394,0.02144153,-0.019975029,-0.00018395297,-0.044116978,-0.050928947,0.093041524,-0.01691971,0.038217954,0.08507395,-0.08118132,0.10040527,-0.041623235,-0.107023545,0.034767568,-0.0117687285,-0.011755951,0.06253335,0.0109707555
O61722,-0.014744642,0.08367394,-0.020484356,-0.029474761,-0.025169833,-0.040212683,-0.028961152,0.040753108,-0.037699223,0.029353987,0.050540887,0.028519575,0.090439536,0.0415269,-0.02391772,-0.05676252,-0.016256455,-0.08552609,-0.01524652,0.14212584,-0.039002825,-0.0069816564,0.039570153,-0.050815374,0.13518637,-0.0020356085,-0.110756986,-0.016883764,-0.014410812,0.0015823413,0.056164544,0.0666565
P62993,-0.020557916,0.10798795,-0.013031451,-0.010202791,-0.013224973,-0.01248091,-0.014312278,0.032850046,-0.02429826,0.0006705788,0.064031295,0.031628825,0.099881776,0.011573846,-0.008627474,-0.031605985,-0.0040229075,-0.058711063,-0.03689981,0.11546086,-0.025247412,0.018943863,0.052662622,-0.054794535,0.11127008,-0.03115602,-0.10108871,0.009686134,-0.0059947353,-0.015416457,0.06973655,0.020287044
Q3HL75,-0.0116289565,0.10663836,-0.018115113,0.0040492853,-0.013746982,-0.0051044705,-0.01243446,0.03884182,-0.025567597,-0.00043247454,0.06615809,0.027604908,0.09236772,0.014911507,-0.0085451845,-0.016476724,-0.012575751,-0.057019938,-0.02531853,0.11106882,-0.04018314,0.0073716477,0.042059414,-0.05809439,0.107726716,-0.02529705,-0.09733159,0.01193763,-0.014302606,-0.011997493,0.07128279,0.023959398
O75400,-0.017173717,0.10996258,-0.017141046,0.009367917,-0.0054262886,-0.0031944835,0.017367035,0.025596999,-0.026002442,0.024951734,0.07047376,0.010631118,0.101866305,0.019018104,0.010198382,-0.005268923,0.006260777,-0.044416,-0.008074606,0.10902107,-0.009783266,0.009246077,0.05730406,-0.058649793,0.09562443,-0.025139207,-0.0935484,0.026152145,-0.04901752,-0.041575905,0.05114918,0.033259153
P68105,-0.024551975,0.10462113,-0.015561351,-0.012293185,-0.00495201,-0.016449835,-0.018572297,0.025607247,-0.020681072,0.012808657,0.06281178,0.034494847,0.09068693,0.021123763,-0.010171616,-0.028133962,-0.0038377438,-0.058112226,-0.031109974,0.11294699,-0.043298054,0.015189316,0.03247572,-0.043041646,0.11133826,-0.023958562,-0.10038477,0.010951232,0.002187781,-0.016856052,0.060782183,0.027910575
O95727,-0.011158367,0.12689066,-0.009993736,-0.03761894,-0.023047483,-0.01570247,-0.010385028,0.055883694,-0.012377865,-0.006922713,0.06129444,0.042559545,0.10539857,0.035838988,0.0013790336,-0.033178955,-0.016877016,-0.04722059,-0.02693983,0.1257471,-0.02784472,0.006068465,0.05319957,-0.059437465,0.11817541,-0.0206453,-0.10361212,0.013120443,-0.0066788346,-0.0024776596,0.071410246,0.031073416
Q05080,-0.029857308,0.08962054,-0.008777511,-0.010868618,-0.012494407,-0.012357729,-0.020103918,0.029197626,-0.020620387,0.004864539,0.06472863,0.016575892,0.104304634,0.008803702,-0.015283211,-0.027984185,0.00063747313,-0.05908657,-0.031568028,0.12054886,-0.030647704,0.0027769632,0.036716085,-0.03682159,0.11804522,-0.023268161,-0.09335376,0.0114498865,-0.0018288799,-0.009032841,0.07116913,0.029257052
P25233,-0.02463461,0.08907627,-0.0051723085,-0.018400902,-0.01599877,-0.02341683,-0.025671152,0.032199442,-0.03174225,0.0027509732,0.062081397,0.02077684,0.099005885,0.013635815,-0.018364448,-0.039584283,-0.006009614,-0.066789344,-0.034063917,0.12482333,-0.031557623,0.0042129206,0.041818723,-0.049111757,0.12214123,-0.020851897,-0.1024675,-0.0028089788,-0.0047826385,-0.005952975,0.06557023,0.030364854
O75129,-0.012921166,0.13096687,-0.0243553,-0.01074785,-0.0142306,0.012823899,-0.013888698,0.04327316,-0.010945061,-0.016259445,0.06050881,0.02007136,0.11028965,0.019540861,0.016648484,-0.022542551,-0.019239694,-0.058481336,-0.04180039,0.108725116,-0.032406967,0.0057480875,0.064374834,-0.08060767,0.11078738,-0.022366252,-0.10101223,0.013188682,-0.020095838,-0.012083605,0.071781114,0.042651683
Q9GZM8,-0.028034622,0.10496551,-0.0068862997,-0.019319562,-0.025677659,-0.016382663,-0.021712696,0.04508962,-0.020323465,-0.0045877,0.05512036,0.036474843,0.11041228,0.018180162,-0.02292271,-0.029230839,-0.016169207,-0.04623142,-0.027030274,0.124888904,-0.02512,0.013236296,0.047503117,-0.048478637,0.10950199,-0.029352827,-0.10391402,0.008106137,0.016533908,0.0024427064,0.075174846,0.013385065
P0ABV6,-0.006881512,0.08848031,-0.025896415,-0.015183333,-0.023643315,-0.025650442,-0.010246416,0.024984533,-0.032262668,0.02851046,0.073609956,0.009422389,0.09882424,0.040161535,-0.010646646,-0.024932323,-0.015892055,-0.068713024,-0.0064007416,0.12820683,-0.038860153,-0.007928185,0.033723727,-0.049523484,0.11023376,-0.014202114,-0.10218393,0.0059425673,-0.015560163,-0.02003223,0.045822963,0.06879464
P63165,-0.014685273,0.11450025,-0.016455095,-0.013716052,-0.018680269,-0.015121502,-0.011900705,0.038724076,-0.017614052,0.004970762,0.06654094,0.034279175,0.094270475,0.031544205,-0.002405732,-0.022718996,-0.007917506,-0.05470174,-0.026460959,0.11750609,-0.026235307,0.00606199,0.057351034,-0.06064697,0.11082749,-0.023217602,-0.10361412,0.011426812,-0.011505404,-0.0164443,0.06588838,0.037347246
P10809,-0.024048127,0.095325924,-0.015999692,-0.008939005,-0.01612468,-0.015229584,-0.017191587,0.03506284,-0.028982585,0.009434379,0.06561412,0.020680219,0.09785184,0.022087403,-0.010158703,-0.02959122,-0.008566347,-0.061316833,-0.029418742,0.12393122,-0.028364414,0.0058006416,0.045002524,-0.049076144,0.11636439,-0.026368855,-0.09864538,0.00677455,-0.006150374,-0.008391836,0.06149611,0.0385446
Q9MZB4,-0.01252355,0.12750453,-0.016611086,-0.0117270565,-0.0096485745,-0.0012096768,-0.010839912,0.046620976,-0.014306922,-0.015869495,0.06449897,0.031574387,0.101042636,0.019396191,0.01230744,-0.018633919,-0.011090882,-0.057955015,-0.03931765,0.1084815,-0.035579972,0.014083815,0.050634336,-0.060480982,0.11498782,-0.017465752,-0.09179163,0.016053075,-0.017040066,-0.002939367,0.07555252,0.02895567
P0DPK5,-0.028407676,0.09962501,-0.007813862,0.006426337,-0.011877832,-0.014029952,0.0016321726,0.025725102,-0.031358264,0.0127833085,0.06596875,0.018439269,0.10974132,0.017767861,-0.009059586,-0.0022943756,0.009480413,-0.034449246,-0.00426253,0.10343497,-0.00524847,0.0057165595,0.05141997,-0.050351754,0.09789193,-0.027925681,-0.099856734,0.014099356,-0.03467486,-0.02917453,0.059446026,0.02270839
P08902,-0.040467285,0.11431106,0.007850699,-0.03843106,-0.0021955809,0.0010301173,-0.010616337,0.04536037,-0.014070278,0.00045320205,0.07053613,0.026502049,0.10788446,0.0069331722,-0.0059514726,-0.03560783,-0.0095533095,-0.054981034,-0.051728822,0.11287789,-0.032898154,0.018579504,0.036186073,-0.04994586,0.13658106,-0.029793024,-0.10751696,0.021090876,0.010952485,-0.00491303,0.0842286,0.018648248
Q88YH3,-0.0147658205,0.08810185,-0.008306869,0.01304201,-0.014737252,-0.0051110033,-0.016695885,0.012235777,-0.043082718,0.014347814,0.07259083,-9.278674e-05,0.08590986,0.0044660093,-0.021438893,-0.016992066,-0.002932228,-0.071545534,-0.034606073,0.11871356,-0.05891353,0.0005573323,0.025985753,-0.04394816,0.0952858,-0.027187496,-0.07762781,0.023156002,-0.010940155,-0.029184058,0.06518811,0.024305744
O81770,-0.040858015,0.07956642,-0.013488948,-0.013025287,-0.016223453,-0.01383997,-0.031949893,0.043386385,-0.0374528,0.031160917,0.055353217,0.005517151,0.08357162,0.020257346,-0.023312707,-0.031110825,-0.011630466,-0.06434593,-0.02474326,0.12008424,-0.018552294,-0.0054922085,0.04044433,-0.033286273,0.119771555,-0.015526169,-0.1054807,-0.00864552,0.0031074914,-0.0024200045,0.07062623,0.041394606
P15700,-0.005161392,0.13465002,-0.011671038,-0.013391329,-0.019305278,-0.016600283,0.003176929,0.03739506,-0.03215359,-0.005275823,0.061178207,0.053449288,0.09942931,0.021730077,0.004307231,-0.031502727,-0.0017768024,-0.0558479,-0.043633565,0.109629646,-0.01993513,0.022336595,0.06987864,-0.07476042,0.11207771,-0.02922954,-0.10673314,0.014897463,-0.01966903,-0.014638618,0.063138135,0.019204631
P10493,-0.021859404,0.11170913,-0.019698352,-0.011991021,-0.009580763,-0.0052740606,-0.00015652765,0.034847017,-0.010323384,0.0022395938,0.06209696,0.03962783,0.1091663,0.026430769,0.0051756543,-0.020978544,0.0005788369,-0.048654508,-0.029476898,0.11452758,-0.03720373,0.00027477875,0.047598206,-0.04461103,0.12104267,-0.02796351,-0.09390784,0.013551748,-0.02490463,-0.021366308,0.05378722,0.042932514
P03615,-0.041443132,0.09705949,0.0016090907,-0.0019580375,-0.01190262,-0.021219626,-0.015841842,0.034689844,-0.02967743,0.0011200892,0.067152776,0.029481187,0.10728147,-0.004420027,-0.013493282,-0.035257835,0.009294655,-0.05205768,-0.047011185,0.118296325,-0.01867478,0.018024206,0.045902353,-0.024384579,0.1212245,-0.03600368,-0.08237162,0.013409409,0.024815926,-0.00810135,0.06661067,0.003308028
P28241,-0.02166408,0.07803481,0.003226784,0.004973339,-0.03837397,-0.01835695,-0.026897117,0.020711781,-0.049077604,0.0071137417,0.06969697,0.011027701,0.10320083,0.01222146,-0.034792602,-0.024685964,-0.0055202274,-0.059060704,-0.02735646,0.12653461,-0.02489267,-0.0035835803,0.03496576,-0.045821384,0.11376586,-0.024588551,-0.08740242,0.009082941,0.0012342543,-0.0166683,0.05880498,0.0201898
O60906,-0.03212107,0.10276226,-0.026645105,0.00496413,-0.010185497,0.004326625,-0.015190982,0.035131685,-0.028940154,0.012575028,0.06658246,0.004218043,0.11723305,0.008972109,-0.009400774,-0.026543166,-0.0026780607,-0.049530227,-0.026677141,0.10858368,-0.020938933,0.00622001,0.049801007,-0.057109598,0.119014874,-0.032778677,-0.09281362,0.019595683,0.00084193144,-0.017548919,0.07311666,0.038202293
O75334,-0.029776143,0.09941912,-0.008536448,-0.021541635,-0.02009408,-0.020087374,-0.01869605,0.045127373,-0.03469214,0.0052691675,0.05335045,0.035453737,0.10257391,0.01914096,-0.018133292,-0.04279698,-0.015068508,-0.07088443,-0.037283473,0.13075511,-0.031514313,0.025709817,0.0470748,-0.04747459,0.11977736,-0.022310443,-0.10088482,-0.0008788705,-0.0006619397,0.004973778,0.062300693,0.026805157
O14960,-0.020280348,0.113497056,-1.5497208e-05,-0.02764894,-0.016803568,-0.0036434692,-0.018642146,0.04869536,-0.015645197,-0.0047137886,0.060914457,0.032231204,0.10942069,0.026188219,-0.008172236,-0.03378397,-0.006803352,-0.054088607,-0.03312756,0.11320802,-0.025091639,0.015730107,0.05954191,-0.07047018,0.11942015,-0.021177182,-0.10610523,0.007843702,-0.016818708,-0.0038634993,0.08022535,0.019598752
O59734,-0.049060345,0.07984696,-0.017883085,-0.0056138723,-0.0010749055,0.00018250271,-0.049852453,0.025540564,-0.011848211,0.013764503,0.05683104,-0.006922446,0.106420055,0.00843861,-0.026568377,-0.047156844,-0.0046248054,-0.0730961,-0.03986587,0.12958509,-0.04907251,-0.01814733,0.04797234,-0.05276519,0.12806846,-0.03673579,-0.088615604,0.005336406,0.014217404,-0.009894526,0.09327201,0.046956666
O60609,-0.010774555,0.113030575,-0.02081632,-0.015691387,-0.01604746,-0.019967308,-0.011269147,0.046373047,-0.025873387,0.0075124823,0.06486072,0.029726196,0.101925395,0.039241273,-0.010704139,-0.031600606,-0.0067458944,-0.05648928,-0.025067782,0.11408736,-0.03529584,0.01207532,0.053959347,-0.05910489,0.11239717,-0.02554841,-0.10595852,0.0066200495,-0.0109828925,-0.014032299,0.062274218,0.043023214
P01857,-0.016313866,0.12607974,-0.019000763,-0.014572167,-0.011715412,0.0031049687,-0.00419285,0.051535845,-0.008522,-0.011531139,0.06583663,0.038715973,0.10309801,0.02874037,0.017922575,-0.0072382893,0.0029375423,-0.039685585,-0.019998815,0.10000509,-0.013472881,0.009632947,0.07481557,-0.06755413,0.106289774,-0.022807285,-0.10530344,0.024542814,-0.027572466,-0.014028267,0.07260625,0.02808434
Q0VCU1,-0.031316724,0.10034454,-0.0032339212,-0.00056309253,-0.018171161,-0.010091457,-0.023767041,0.041890793,-0.026252972,-0.00023939727,0.059142668,0.025124608,0.09537695,0.008614995,-0.019927112,-0.024254788,-0.0061129862,-0.05739004,-0.037387136,0.11869992,-0.019349141,0.009749697,0.05448142,-0.053586394,0.11146613,-0.0254667,-0.103476025,0.007945044,0.0027613093,-0.0032057825,0.07685791,0.015439459
O15537,-0.017427295,0.1085159,-0.0064096693,0.0007091407,-0.0035320371,0.003184054,-0.020007296,0.04867775,-0.01645433,-0.0049802307,0.06542289,0.016659925,0.093991354,0.016298736,-0.0065926565,-0.01309893,-0.0013300502,-0.05189255,-0.024439167,0.100239664,-0.03527236,0.007067247,0.051114105,-0.06253441,0.10258448,-0.021020617,-0.09864004,0.015891407,-0.02117221,-0.007686085,0.08544335,0.013627882
P16233,-0.016865248,0.12722234,-0.010030341,-0.014058102,-0.023531752,0.002485982,0.005915012,0.05804269,0.0015909473,-0.009273732,0.07323726,0.051559966,0.10658597,0.040642068,0.024705196,-0.004141439,-0.0051503936,-0.023969362,-0.003211253,0.10733107,-0.00652344,6.104718e-05,0.07013724,-0.06427991,0.10655442,-0.030807318,-0.09513048,0.01127391,-0.047839623,-0.020701049,0.06642998,0.025732847
P14384,-0.013733443,0.11354575,-0.020313548,-0.028110057,-0.02359099,-0.018278435,0.0007636187,0.051090527,-0.019371903,0.00057778385,0.061269004,0.04942547,0.10395067,0.042737205,0.0070526893,-0.019052232,-0.0001493444,-0.046018455,-0.009518844,0.11854107,-0.025610203,-0.0064386525,0.06469666,-0.05068926,0.112215064,-0.022669805,-0.1091401,0.010622259,-0.028817287,-0.0151795475,0.053780776,0.04633972
P05187,0.0021548748,0.11340002,-0.023033986,-0.0022853997,-0.021694293,-0.019230418,-0.0014597463,0.040194143,-0.036628157,0.0146607375,0.06415405,0.034947604,0.095757894,0.045568574,-0.013751012,-0.01832042,-0.011639816,-0.050178587,-0.013400487,0.117620766,-0.04678349,-0.017686531,0.043567955,-0.065332085,0.11761571,-0.026991969,-0.106143005,0.016131757,-0.025223559,-0.024660714,0.055833887,0.05165727
O75694,-0.026309267,0.09881899,-0.030451683,-0.003788316,-0.020325048,0.002040053,-0.023263305,0.043076735,-0.018847378,-0.00022604503,0.052586075,0.018897628,0.10310569,0.009588892,-0.008920092,-0.033093642,-0.01988068,-0.060104113,-0.021948792,0.12564607,-0.034389343,-0.0021078184,0.052164752,-0.060086083,0.114717446,-0.02391304,-0.1040999,0.008913008,-0.0032605343,-0.016523976,0.060693562,0.041383352
P01588,-0.014425515,0.12156024,-0.01823316,-0.014725561,-0.016298877,0.0072352383,-0.0120933205,0.046579544,-0.011218697,-0.015913287,0.061455887,0.032945935,0.10901422,0.02177064,0.0071716383,-0.015882997,-0.007949287,-0.05123349,-0.028196244,0.108510755,-0.032843255,0.007405928,0.06201594,-0.066096686,0.10896761,-0.024336176,-0.099185176,0.022013454,-0.018183192,-0.011137287,0.07657295,0.026689062
P14079,-0.034177236,0.096663445,-0.013261462,-0.0020162445,-0.017365053,-0.0064893197,-0.033954944,0.042713255,-0.03590848,-0.0074581327,0.052664235,0.016801152,0.107219815,0.0018150033,-0.01738956,-0.031957068,-0.004268174,-0.05968006,-0.029239913,0.11239378,-0.028986774,0.00023240282,0.05360636,-0.053048104,0.11296051,-0.02697549,-0.09800011,0.009188298,0.009572946,0.00331413,0.084129766,0.020030487
P13725,-0.021327998,0.12183287,-0.016749512,-0.0068075648,-0.010063032,0.020401334,-0.016412517,0.051801644,-0.0043389737,-0.012921224,0.06353353,0.015096692,0.102937356,0.0152331125,0.0077512087,-0.019812968,-0.012988403,-0.054774147,-0.04016136,0.108692765,-0.031037861,0.001372485,0.06062516,-0.074504115,0.116677046,-0.023290217,-0.10200437,0.022031287,-0.01994576,-0.012761983,0.08023497,0.036786295
P0ABE5,-0.011004583,0.12101189,-0.02422112,0.0027172267,-0.021500358,-0.014609308,-0.01565022,0.036823537,-0.031925425,0.011910443,0.05236833,0.020861352,0.09887144,0.020111447,-0.02008436,-0.039349448,-0.008562621,-0.06407936,-0.022061728,0.12174494,-0.033662975,0.00019510649,0.05349052,-0.06525766,0.09932619,-0.028153913,-0.10858462,0.014970564,-0.0033470567,-0.022971159,0.07007132,0.0335276
Q13114,-0.01712927,0.12282653,-0.014663943,-0.004117595,-0.022492869,-0.0119610755,5.9583817e-05,0.03892446,-0.032404594,0.009158975,0.06464981,0.043761473,0.09762404,0.020203935,-0.0068751574,-0.0279756,-0.009078345,-0.04621252,-0.034585685,0.11691723,-0.020967983,0.0076741576,0.05595728,-0.0625438,0.11373615,-0.039051365,-0.10209866,0.017116033,-0.0039863307,-0.01653529,0.06616054,0.02404861
P23381,-0.010393053,0.1247134,-0.01097796,-0.009246425,-0.020447383,-0.0141715575,-0.005673345,0.04368103,-0.025409272,-0.003363676,0.068465985,0.040108364,0.099258155,0.021689396,0.00043144147,-0.027665474,-0.011754673,-0.050479487,-0.03353363,0.11262656,-0.018847853,0.01643424,0.06407921,-0.07104602,0.108867,-0.033539962,-0.10329173,0.010810409,-0.007305085,-0.011269634,0.071536005,0.018311612
P06454,-0.024500469,0.10563376,-0.009404495,-0.009363817,-0.026002172,-0.0033896565,-0.008573284,0.031619363,-0.028281685,0.0007704586,0.06389737,0.013797033,0.10153763,0.009797275,0.00079873577,-0.018752718,-0.019733647,-0.055617422,-0.027027387,0.118298076,-0.023029294,-0.005018665,0.055227656,-0.06742988,0.102276206,-0.023244563,-0.10738778,0.007601866,-0.012500805,-0.01704587,0.06000336,0.037174184
O95071,-0.024112146,0.095047995,-0.01528133,-0.007505224,-0.01528876,-0.017934732,-0.014587504,0.030607352,-0.030021498,0.011147322,0.061538666,0.021547047,0.09724234,0.01551307,-0.011223053,-0.029841512,-0.0074169426,-0.062620506,-0.02873016,0.12344396,-0.02763312,0.006558909,0.056331802,-0.055054933,0.111924194,-0.027553922,-0.09541975,0.0062616146,-0.010802305,-0.0143854795,0.06522078,0.034424473
P04637,-0.023646943,0.10365212,-0.011519284,-0.006658768,-0.014347462,-0.010727292,-0.021630116,0.032765668,-0.025403993,0.0017526201,0.06267669,0.019610208,0.09865643,0.015829781,-0.0102744065,-0.02877435,-0.0066360943,-0.062070712,-0.036897186,0.11608852,-0.028198568,0.003709669,0.046843227,-0.05554695,0.1152873,-0.024654767,-0.10095824,0.008097368,-0.00549315,-0.0070229545,0.072241135,0.033225466
P09956,-0.013948531,0.10513062,-0.014946349,0.002282935,-0.019537471,-0.002940718,-0.013609782,0.017179789,-0.036526922,-0.004977299,0.0583901,0.0071407533,0.11803931,0.005548759,-0.011874263,-0.029070118,-0.0068302094,-0.063727655,-0.03315426,0.11541001,-0.037634235,-0.009068835,0.05473331,-0.07283784,0.09757712,-0.03964564,-0.09859872,0.021660617,-0.0106531605,-0.008313785,0.076158695,0.03186297
P17506,-0.023511086,0.083644785,-0.024107724,-0.008811615,-0.024994323,-0.024790836,-0.041679733,0.042659722,-0.018641371,-0.0012390725,0.054822132,0.027653731,0.093795426,0.01719656,-0.030798553,-0.047015376,-0.03846553,-0.07045324,-0.029109882,0.14224336,-0.04341057,0.01618119,0.044063378,-0.054965187,0.1127022,-0.028890476,-0.110052265,-0.017403023,0.028311208,-0.0053288415,0.055396125,0.02935047
P13667,-0.010096624,0.09832889,-0.014302163,0.00032753404,-0.005945668,-0.010796806,-0.021186972,0.023812681,-0.016857967,0.008812927,0.06516802,0.023210533,0.09494966,0.024293073,-0.021873668,-0.017875038,0.0016899365,-0.05704657,-0.028009709,0.107433006,-0.04487809,0.0021205458,0.05886489,-0.06562241,0.102661796,-0.03416128,-0.10225771,0.008881088,-0.014088118,-0.029291764,0.082458235,0.02136252
P27487,-0.021682657,0.10602771,-0.006824094,-0.01106573,-0.019890783,-0.012508382,-0.02035382,0.03542211,-0.025369888,0.0023446938,0.06814918,0.02452405,0.09713019,0.023550566,-0.012580988,-0.026971553,-0.0075594815,-0.056995325,-0.03166484,0.11410651,-0.03169186,0.004529242,0.045062188,-0.055947337,0.11047045,-0.027455313,-0.09917901,0.01036539,-0.005350031,-0.009187399,0.07177199,0.03230385
O14792,-0.014326128,0.09889277,-0.010775406,-0.005538214,-0.009230998,-0.044830114,-0.025688792,0.037029903,-0.011401814,0.008659404,0.06040756,0.042962316,0.08443592,0.026084853,-0.03242905,-0.037694503,-0.00080514903,-0.069181,-0.04675286,0.11828048,-0.035631884,0.016538741,0.06150635,-0.04113118,0.11546328,-0.029818885,-0.110937,-0.014465398,0.012185936,-0.01891455,0.075645804,0.026018685
P28862,-0.021549249,0.10240288,-0.009868525,-0.019371381,-0.029811628,-0.008223165,-0.020471422,0.04300236,-0.029030688,-0.010911728,0.06181767,0.03457059,0.10362536,0.021643799,-0.011506454,-0.026219737,-0.011887409,-0.051007744,-0.029121902,0.11994366,-0.028913753,0.0020482033,0.05396495,-0.059637114,0.11355039,-0.026472101,-0.10587697,0.008515204,-0.005504826,-0.008592514,0.05922307,0.028232716
O60870,-0.02710169,0.0874966,-0.011406128,-0.0010521176,-0.011301116,-0.020028796,-0.017550346,0.03317171,-0.025764987,0.008588346,0.06400373,0.019930264,0.098790675,0.009685607,-0.01131324,-0.029456103,0.0006766785,-0.060839575,-0.026792785,0.122484766,-0.029458193,0.0015510637,0.036091015,-0.034817677,0.123169996,-0.01869346,-0.08978031,0.0068329456,-0.0036288102,-0.006731693,0.0649212,0.029428942
P01584,-0.016461039,0.11876834,-0.018224092,-0.012720682,-0.016920002,8.668129e-06,-0.01825147,0.052692655,-2.5431314e-05,-0.013619717,0.06482015,0.043250445,0.099568516,0.03030899,0.011080999,-0.016827846,-0.016473541,-0.05067246,-0.025466757,0.109740496,-0.022128293,0.012806936,0.07016202,-0.06723895,0.111350365,-0.027302973,-0.104295604,0.006520892,-0.013245682,-0.010803401,0.07411547,0.026012009
P09086,-0.019567689,0.10478846,-0.011531785,0.0007637985,-0.011941558,-0.011950317,0.0008763239,0.019464193,-0.029760193,0.006158881,0.0631357,0.018122926,0.10114312,0.008369645,-0.0038789816,-0.012984769,0.001243944,-0.0532118,-0.02361558,0.10907827,-0.022315541,0.006455004,0.05447957,-0.057256382,0.09597848,-0.028928239,-0.09782806,0.018346932,-0.027797317,-0.02446247,0.065387,0.026982706
Q06559,-0.027475066,0.100308314,-0.021925498,0.002617882,-0.008793976,-0.0054737637,-0.02046106,0.028252717,-0.024442073,0.0060279286,0.062707506,0.0123057375,0.10181636,0.007226778,-0.0067702373,-0.028600357,0.0080275955,-0.06263554,-0.03346287,0.11669077,-0.026261672,0.006160725,0.04481331,-0.042660456,0.112415954,-0.022039685,-0.09224389,0.01692558,-0.006218619,-0.016586289,0.06662446,0.034026437
P10082,-0.017798474,0.13605233,-0.013583106,-0.028497867,-0.014666188,0.0014291126,-0.0070656375,0.058086276,0.007931977,-0.023957131,0.061383236,0.05714351,0.112673394,0.034662914,0.021494538,-0.018286722,-0.0061322176,-0.037543163,-0.02350389,0.10859982,-0.017146412,0.014731427,0.06745017,-0.06339459,0.12038625,-0.023684874,-0.10156723,0.020822877,-0.024078043,-0.009843122,0.07203162,0.023735212
P37370,-0.038568072,0.07935219,-0.016209863,-0.010849081,-0.0068124146,-0.026304517,-0.030720284,0.0290609,-0.018753096,0.0077725616,0.05779968,0.029037043,0.10636,0.0071040466,-0.028680362,-0.035752334,0.0063997665,-0.05648517,-0.031014925,0.12311889,-0.033135127,0.006453117,0.04970733,-0.028117092,0.123905405,-0.033688974,-0.091442466,0.0017144782,0.019208718,-0.014111133,0.07384369,0.020697651
P60723,-0.022653826,0.089475475,-0.011092926,-0.0042671813,-0.011681972,-0.015680112,-0.023592776,0.024952594,-0.027861416,0.011165749,0.06573256,0.01612361,0.10666771,0.022177663,-0.025213711,-0.028922508,-0.0014545736,-0.064642444,-0.028295554,0.118400484,-0.036689524,0.0086405445,0.030544903,-0.044839796,0.11866217,-0.02523274,-0.09768077,0.01191947,-0.004673301,-0.007992361,0.0696331,0.034613337
G4NAP4,-0.013497933,0.14281063,0.005543407,-0.0047850795,-0.007574685,-0.0127569605,0.0068196356,0.052077115,-0.023554265,-0.011655563,0.06655574,0.054854214,0.09324417,0.01301163,0.0018600347,-0.01608842,-0.012488348,-0.039659426,-0.05215681,0.10524063,-0.016937273,0.03514115,0.056303486,-0.063435525,0.11429036,-0.036261097,-0.09738013,0.031212438,0.000627405,-0.004941892,0.074929416,-0.008311691
P0DTC5,-0.0039082873,0.13581526,-0.012691257,-0.019314893,-0.016589127,-0.021437654,0.007682775,0.04598523,-0.013233784,0.0011392413,0.064139426,0.051606193,0.099006474,0.030740792,0.011506148,-0.028858993,-0.014540879,-0.049299203,-0.026393076,0.12064387,-0.025742117,0.012180148,0.04975327,-0.058192514,0.12126562,-0.020877864,-0.099683955,0.016063944,-0.016776605,-0.019535009,0.059373092,0.027472157
P16858,-0.022698315,0.10768287,-0.016990677,-0.014282771,-0.015714778,-0.018328708,-0.017702335,0.040139206,-0.028954465,0.008825971,0.061746955,0.023221552,0.09204118,0.018502131,-0.0052031237,-0.03703608,-0.011142698,-0.06565914,-0.034400743,0.121353425,-0.029089373,0.006290719,0.04345548,-0.05292066,0.12392133,-0.014624074,-0.10258754,0.0030695132,-0.0037865653,-0.00838455,0.06550855,0.043390114
Q15750,-0.029541954,0.097041845,-0.016015043,-0.002353832,-0.008968451,-0.009239222,-0.02654124,0.024315456,-0.03222693,0.015338312,0.0532236,0.024271654,0.09056187,0.0047320556,-0.021374866,-0.045882333,-0.00566395,-0.07626269,-0.046971288,0.118566364,-0.039126154,0.010718069,0.05273342,-0.060491696,0.11996057,-0.030418927,-0.10554189,0.005739037,0.0027827919,-0.020596048,0.06689983,0.029535713
P0A855,-0.024256697,0.09774527,-0.012070947,-0.0013931496,-0.013611935,-0.007437046,-0.016297773,0.031570707,-0.027195707,0.0058614514,0.078332506,0.0089245215,0.09664967,0.018586794,-0.0003574261,-0.025375264,-0.0035328346,-0.061691042,-0.03454784,0.11355078,-0.028618535,0.00651237,0.044827785,-0.055106804,0.112968676,-0.02727221,-0.090914816,0.010527801,-0.011188731,-0.009745759,0.06603615,0.04134875
P41834,-0.015430034,0.1174503,-0.033225298,-0.00978688,-0.008772329,-0.0043360936,-0.017678775,0.033860788,-0.011414899,-0.0024396498,0.044672947,0.04074014,0.089814104,-0.00023331959,-0.0067595206,-0.046038456,-0.021459043,-0.06616031,-0.05471588,0.13261445,-0.034970205,0.012700395,0.07567893,-0.07391746,0.115652084,-0.038252376,-0.10545902,0.01517934,0.003675817,-0.0279659,0.061709903,0.026728446
P12956,-0.026804442,0.09586042,-0.011884394,-0.002747052,-0.011858686,-0.01605316,-0.020017507,0.02758494,-0.028688004,0.006806059,0.063859314,0.017758042,0.09834812,0.013527715,-0.01452781,-0.028630897,-0.0022431281,-0.062306795,-0.032769002,0.11741168,-0.02914693,0.006480988,0.039552983,-0.047777276,0.11500337,-0.023674091,-0.09903181,0.006972818,-0.0074147223,-0.011387625,0.06445702,0.034608845
O14793,-0.01905539,0.12960562,-0.01126722,-0.012899037,-0.014210383,0.014502293,-0.011704349,0.052707504,-0.011272449,-0.012554775,0.06287328,0.018918157,0.103678256,0.011915128,0.005260956,-0.025944514,-0.014520853,-0.052201245,-0.044382107,0.113213085,-0.026437415,0.009558543,0.06335745,-0.07394431,0.11274145,-0.02719223,-0.100280315,0.024294786,-0.011289533,-0.014886423,0.080453746,0.023160977
P0CG04,-0.012271545,0.10373086,-0.030220192,-0.022515215,-0.024212014,-0.020857466,-0.021579988,0.050613187,-0.013790965,0.003444842,0.054762475,0.038572904,0.09722348,0.044556014,-0.0014852909,-0.030135453,-0.015654678,-0.055429548,9.950204e-05,0.1282072,-0.032606635,-0.015737765,0.04642686,-0.05207219,0.118731275,-0.01181611,-0.10906679,0.00041749142,-0.02424964,-0.009148467,0.052791674,0.06140968
A4YDT1,-0.01078665,0.1164908,-0.020992955,0.0115796095,-0.0036440932,-0.023196733,-0.014499296,0.043221068,-0.01521914,-0.0004504981,0.06976656,0.04454713,0.09177347,0.0420229,-0.0024563167,-0.0051089427,0.006903673,-0.041231167,-0.019080075,0.09663456,-0.018624725,0.021315962,0.05722964,-0.057097916,0.11191497,-0.023820592,-0.10540453,0.007173937,-0.012588523,-0.013944223,0.07206313,0.021218332
O02649,-0.019235298,0.07308991,-0.0035464335,-0.01971564,-0.04648567,-0.032946512,-0.04640322,0.048098695,-0.041099958,0.002098333,0.07331641,0.022236502,0.0855211,0.042864807,-0.027070824,-0.049011108,-0.009081375,-0.06742297,-0.018486995,0.14307511,-0.033429004,-0.014677394,0.030987183,-0.04002022,0.12584066,-0.014801603,-0.10361239,-0.0067692483,0.011538784,0.0029286034,0.04776848,0.046593998
O88867,-0.010718736,0.11323782,0.0014238922,-0.016620036,-0.03207499,-0.014319379,-0.0173906,0.045296278,-0.023364872,-0.014036622,0.07222564,0.044092868,0.09678445,0.0362471,-0.0006213275,-0.008545838,-0.018445041,-0.04137105,-0.025118954,0.10678492,-0.016681632,0.0014295882,0.06843764,-0.076419175,0.11220042,-0.027045721,-0.10530331,0.011697936,-0.0071972455,-0.0054315347,0.070057,0.02163189
P9WK17,-0.02657181,0.09823588,-0.009076427,-0.0043328297,-0.010467075,-0.015300783,-0.023077635,0.026668886,-0.026022118,0.015343308,0.06674281,0.011861845,0.09924624,0.022922713,-0.020314028,-0.024293432,-0.002463026,-0.065425314,-0.03495782,0.119684026,-0.03641925,0.007823569,0.038629714,-0.04445995,0.10960565,-0.023954997,-0.09088193,0.0070531927,-0.007918357,-0.009851223,0.079597555,0.036101997
P00684,-0.030615035,0.084550284,-0.0035630753,0.0068986192,-0.02431984,-0.017268937,-0.03481447,0.028612513,-0.023233406,0.004695938,0.067273065,0.0164776,0.08520742,0.010355984,-0.025633223,-0.03141437,-0.020488787,-0.06726019,-0.03783048,0.123678386,-0.033646367,0.01892665,0.047287714,-0.052651167,0.09938389,-0.03038403,-0.0929325,-0.0040139616,0.014122676,-0.014688249,0.06050101,0.020490352
P55853,-0.015721602,0.14387123,0.012276698,-0.05475957,-0.0187251,-0.0022206232,-0.004045356,0.05416368,-0.005628135,-0.029325929,0.066379756,0.050723255,0.12291647,0.021624517,-0.00040642917,-0.027253354,-0.008267686,-0.029049337,-0.04755368,0.10852194,-0.020121843,0.030458562,0.054392792,-0.066745386,0.11555622,-0.030010017,-0.10653269,0.025017384,0.00048644748,0.002929341,0.09312937,-0.0072438046
P51668,-0.0217385,0.100057125,-0.012571812,-0.008058803,-0.021742117,-0.017917437,-0.002182215,0.04079583,-0.0387157,0.01833793,0.066293485,0.025523651,0.10488043,0.029111879,-0.007856115,-0.027739452,-0.005923599,-0.051357064,-0.01624943,0.12057489,-0.021309478,0.0009509639,0.050509274,-0.055397682,0.11652405,-0.02766499,-0.09704781,0.010634965,-0.01862646,-0.00843336,0.05752894,0.040806018
P06881,-0.018335706,0.11399559,-0.013121839,-0.013770513,-0.013817832,0.0011401707,-0.010959937,0.04586162,-0.012543439,-0.008668598,0.06426462,0.028968113,0.11092457,0.024384959,0.008951889,-0.023278793,-0.00512088,-0.05820514,-0.030574664,0.11390797,-0.02535704,0.013715963,0.06250917,-0.062086757,0.115615904,-0.023353556,-0.0927068,0.016780274,-0.023955025,-0.0055581615,0.07246385,0.030524231
P12645,-0.031935412,0.11501779,-0.024926662,-0.021280054,-0.013530376,0.010864157,-0.0021814816,0.04348566,-0.01884221,0.0018045232,0.051110394,0.020046808,0.11047165,0.0140225915,-0.005099645,-0.018134743,0.002655346,-0.0496787,-0.029375866,0.121362194,-0.03194035,0.0012899069,0.04656963,-0.044309534,0.117509976,-0.016745014,-0.096757464,0.027583238,-0.028808657,-0.01936833,0.07389638,0.043647476
P16297,-0.0065197754,0.098490626,-0.019589696,-0.0015785489,-0.016942643,-0.0138513055,-0.018515429,0.035805866,-0.035208885,0.0026798751,0.059988253,0.0205514,0.093259454,0.019644357,-0.015763916,-0.022997264,-0.012900563,-0.06692603,-0.023741415,0.11909306,-0.049697716,-0.0069816597,0.03931863,-0.056819636,0.11065499,-0.02007943,-0.09720302,0.012768493,-0.013385893,-0.005197138,0.07117042,0.036934335
O75897,-0.02005033,0.11518254,-0.00895258,0.0056527257,-0.019417001,-0.034644958,-0.02418601,0.045955736,-0.019302106,0.00016505148,0.059966516,0.04245313,0.081429355,0.032629717,-0.01630996,-0.025208384,-0.0135773085,-0.0543664,-0.028596384,0.118662976,-0.023199419,0.014070753,0.056083143,-0.051912922,0.105209105,-0.028914921,-0.10028478,-0.0011264657,0.0009214825,-0.010197885,0.07294845,0.0246766
O60729,-0.013440331,0.11327821,-0.014195316,-0.008168506,-0.021785544,-0.015911205,-0.016949084,0.036246087,-0.024550872,-0.0022813005,0.06301232,0.03488637,0.096284874,0.023912689,-0.007973597,-0.026229309,-0.0037566295,-0.05552667,-0.030137852,0.11644165,-0.022806939,0.013236946,0.058853455,-0.061736662,0.10460339,-0.023481732,-0.10366432,0.010022508,-0.009103611,-0.015133979,0.06278431,0.025073504
Q9FNJ8,-0.020942267,0.088444725,-0.012431525,0.0016995929,-0.035584193,-8.66279e-05,-0.025437275,0.02208267,-0.051505875,0.011627261,0.066268966,-0.025287585,0.107973054,0.0060862117,-0.03173477,-0.035703924,-0.016806802,-0.09082167,-0.051164113,0.14714532,-0.04449722,-0.021191329,0.03293723,-0.06175403,0.12606993,-0.013942435,-0.08482376,0.01245835,-0.0064691673,-0.0032443944,0.08167129,0.061447352
P01282,-0.020234555,0.11088134,-0.02076435,0.00074259087,-0.011907998,0.0012076077,-0.013160561,0.042834345,-0.014056183,-0.0015271945,0.058514893,0.025779758,0.106632195,0.019963924,-0.0022863063,-0.013534905,0.0021852534,-0.048442695,-0.018596828,0.10681198,-0.023833036,0.0054952316,0.0668479,-0.059761357,0.10388718,-0.026000347,-0.10037996,0.017653452,-0.019022556,-0.01914014,0.0778796,0.023872057
O54924,-0.0042247204,0.1407974,-0.0133496,-0.0014873892,-0.015589614,-0.02050896,0.008710931,0.0435819,-0.020397682,-0.009586406,0.06742479,0.05769664,0.09171654,0.025141034,0.026065001,-0.009024345,-0.008503086,-0.050268307,-0.030389741,0.102718316,-0.0057998192,0.030816864,0.08674326,-0.07089787,0.09526463,-0.031381316,-0.0994644,0.019712871,-0.0154360235,-0.015639571,0.06465196,0.010265721
P08183,-0.01552722,0.104813784,-0.015706452,-0.0028484818,-0.013268728,-0.009762638,-0.013465578,0.027907966,-0.020183858,0.0080102645,0.06607879,0.021155346,0.10033648,0.027981972,-0.010702454,-0.021174371,-0.0038158116,-0.05840677,-0.025973741,0.1111822,-0.035441272,0.00194672,0.04767291,-0.06040022,0.108479984,-0.027234543,-0.09940206,0.008664106,-0.02472343,-0.020140605,0.069162935,0.041210894
P04591,-0.02199347,0.07083416,-0.019898808,-0.0029944796,-0.008146721,-0.0035925945,-0.038629264,0.0319791,-0.017042981,0.021898903,0.073526576,-0.010137154,0.09667088,0.022985455,-0.014675476,-0.036852162,-0.006744516,-0.078270055,-0.031873282,0.1257258,-0.04280223,-0.010263228,0.03444203,-0.048294708,0.12555858,-0.011005977,-0.09774253,-0.0016508894,-0.01148171,-0.011673508,0.060741656,0.06423803
O94868,-0.009254794,0.12033542,-0.024033355,-0.022595748,-0.024729325,-0.026935523,0.000792892,0.022059387,-0.019690808,0.011641984,0.05890988,0.032131165,0.095891155,0.02800805,0.002251013,-0.02567415,-0.008358947,-0.07007011,-0.028332895,0.13449903,-0.019569637,0.0027334045,0.054140467,-0.052071024,0.10075746,-0.01352977,-0.109540164,0.0066592484,-0.021478625,-0.015504089,0.059243206,0.053676188
B5BLW5,-0.0029182397,0.14135644,-0.014264189,-0.01864485,-0.009489268,-0.011545055,0.018754628,0.043069437,-0.0048743486,0.006646094,0.07746059,0.054016516,0.09475781,0.046664067,0.026584728,-0.0010173181,0.0001390886,-0.027249198,-0.014967811,0.097513355,-0.0053377682,0.014504431,0.07009803,-0.07394354,0.10880652,-0.024558352,-0.10784991,0.01874144,-0.04443846,-0.030890241,0.065016165,0.030318324
P19934,-0.014325924,0.09233867,-0.0131040905,-0.0050644567,-0.014058289,-0.017846858,-0.0077058612,0.028836135,-0.022657586,0.020007173,0.0716365,0.019131016,0.09215981,0.023932312,-0.007614035,-0.01524726,-0.009555861,-0.05622255,-0.012705719,0.11556749,-0.024976227,0.002864463,0.048739556,-0.052084733,0.104722455,-0.024021035,-0.10117899,0.0029541613,-0.020914268,-0.02630733,0.06219434,0.032583915
Q96RG2,-0.01104143,0.12048967,-0.0142895235,-0.012521118,-0.018143596,-0.01047582,-0.009684989,0.038921345,-0.022621047,-0.004666749,0.06410609,0.03505402,0.1016261,0.020804428,-0.00049420225,-0.030635536,-0.008693002,-0.065568045,-0.04165867,0.11592696,-0.028464139,0.020571372,0.06565382,-0.06939404,0.11099179,-0.025638808,-0.10402651,0.011772767,-0.0072173215,-0.010752392,0.06949753,0.02534644
O14352,-0.04007564,0.08665275,-0.012783536,-0.004635298,-0.008963427,-0.007264704,-0.036442287,0.02906351,-0.01969577,0.004633319,0.06647018,0.0044957725,0.108841695,0.01603372,-0.011062988,-0.033984106,-0.010920341,-0.065994225,-0.0345261,0.11938294,-0.03731963,-0.010847638,0.044955265,-0.05360823,0.12631403,-0.033335783,-0.089847036,0.00026745215,0.0030887392,-0.0031640732,0.07843103,0.048651125
Q08117,-0.01949042,0.12686919,-0.00038224272,-0.023535961,-0.019561745,-0.0072197733,-0.008543019,0.040273268,-0.026731035,-0.01710084,0.066376835,0.035627585,0.10466054,0.011642456,-0.0013725894,-0.02288418,-0.0014536417,-0.048636258,-0.04490748,0.11156776,-0.018788898,0.02295447,0.049208533,-0.0581145,0.10892695,-0.023487898,-0.10617697,0.021593073,-0.002095933,-0.0026036736,0.07680606,0.008597939
P28702,-0.017116448,0.10539485,-0.015746197,-0.0073148524,-0.020520736,-0.00854839,-0.019649496,0.034544185,-0.016234905,-0.0008110565,0.06382969,0.02255226,0.10016689,0.023209386,-0.008534951,-0.027380094,-0.018511873,-0.060295522,-0.031183358,0.11999045,-0.030752331,0.0039986256,0.05715968,-0.06896166,0.11131695,-0.027966592,-0.10150354,0.007159562,-0.010980491,-0.016485117,0.06520192,0.03998173
F9VMT6,-0.024901168,0.09916559,-0.012392615,0.0062877475,-0.00409601,-0.028433641,-0.011143304,0.027760422,-0.011853519,0.028218431,0.072059564,0.018925667,0.092356466,0.038376473,-0.0075623356,-0.015487467,-0.0055945837,-0.06451681,-0.025935104,0.111894965,-0.032036025,0.0031688623,0.05864759,-0.045461383,0.11014191,-0.03235863,-0.089928605,5.6733687e-05,-0.0042333305,-0.019833064,0.07595699,0.045094024
P0A903,-0.012359513,0.10085742,-0.011662236,-0.010917864,-0.014909677,0.005000558,-0.009200304,0.023850141,-0.030805107,0.011410235,0.07420058,0.0062604197,0.105192065,0.016739158,-0.01910559,-0.020353727,-0.00428834,-0.054645523,-0.029251952,0.1166181,-0.045078415,0.004660982,0.029926144,-0.059375923,0.10523522,-0.030005708,-0.09564543,0.025539402,-0.017015517,-0.020551844,0.076805525,0.027822683
P08240,-0.01090062,0.09943035,-0.009804675,-0.018657967,-0.012699174,-0.007356569,-0.036796696,0.010571638,-0.003933398,0.023061825,0.066491,0.020455146,0.09284651,0.045370944,-0.032185685,-0.03886293,0.0020231002,-0.06750942,-0.039155256,0.124831535,-0.0535833,0.00024099345,0.05312806,-0.07616009,0.10071628,-0.031867743,-0.09858008,0.0017819563,-0.0192717,-0.024366278,0.084220685,0.037666205
P39743,-0.03204397,0.108989105,-0.002161072,-0.017663863,-0.014872077,-0.015434723,-0.012954219,0.03277819,-0.019113865,-0.0031597,0.06608457,0.037905738,0.09869662,0.008756783,-0.010038555,-0.019670337,0.0023839516,-0.050243683,-0.040616103,0.11721972,-0.021304486,0.019009784,0.042441975,-0.03584914,0.11224756,-0.025001986,-0.09606864,0.012304271,0.0051869843,-0.005111717,0.079007946,0.009705894
Q04439,-0.03873129,0.0923089,0.012597276,-0.015948638,-0.011855289,-0.0111114,-0.020938976,0.029182065,-0.028326677,-0.001542069,0.06572311,0.015419852,0.10139948,-0.008142449,-0.017134275,-0.025724892,-0.013794836,-0.06326185,-0.047520462,0.110314935,-0.03425779,0.01145987,0.038555667,-0.050514594,0.12308736,-0.021033054,-0.095342174,0.0004922205,0.009275748,-0.00044230185,0.08750153,0.009740267
P08700,-0.0143352775,0.12615445,-0.018512543,-0.010912315,-0.013661791,0.016769657,-0.02189371,0.053791035,0.0032034172,-0.02282152,0.06473369,0.028108232,0.10804843,0.023544634,0.012662394,-0.017122725,-0.014956053,-0.051498696,-0.035925403,0.10446315,-0.032061428,0.005814957,0.06882041,-0.07828008,0.11467374,-0.023412004,-0.101028904,0.01656584,-0.014127207,-0.010732684,0.0822507,0.02962095
P14324,-0.018967338,0.09708974,-0.018811429,-0.008899444,-0.018785043,-0.018114408,-0.014497425,0.035191897,-0.016113235,0.004766821,0.06497689,0.034490578,0.10259799,0.025018485,-0.0052568526,-0.034118395,-0.012202799,-0.05672738,-0.02770007,0.12730458,-0.03150961,0.004660008,0.05786112,-0.05309582,0.11409906,-0.035175998,-0.09761341,0.0047725877,-0.0023648737,-0.01974133,0.048243195,0.036594864
O14717,-0.021792812,0.10838344,-0.0011602836,-0.010282974,-0.0095877005,-0.012970108,-0.014333295,0.042026423,-0.016092319,0.006913237,0.06828101,0.027474942,0.0926031,0.030263843,0.0011254824,-0.02239748,-0.0034424565,-0.058249585,-0.030717315,0.1123697,-0.025388349,0.005074636,0.05507659,-0.060165573,0.11850822,-0.019053526,-0.09728974,0.0069280528,-0.021674711,-0.006382427,0.0745658,0.03190417
O43765,-0.014672705,0.11281272,-0.006063351,-0.022159968,-0.022729358,-0.011085049,-0.0072550164,0.036584258,-0.02323908,0.004262435,0.06736938,0.028323855,0.106225125,0.028036578,-0.004473658,-0.028236076,-0.0073557207,-0.050348815,-0.027117327,0.11998826,-0.025097908,0.012342132,0.052365355,-0.062179565,0.10914089,-0.024710676,-0.10207293,0.012053226,-0.017384538,-0.014610326,0.07006879,0.025897712
P46587,-0.01012425,0.09329425,-0.02162026,-0.011189799,-0.017960107,-0.010759923,-0.019570623,0.02097234,-0.03359641,0.007751557,0.06917805,0.0043152836,0.10006784,0.019970624,-0.012021626,-0.02843315,-0.0023121785,-0.07379036,-0.030822972,0.12651575,-0.045802675,-0.010250642,0.033740122,-0.051501393,0.11382518,-0.018408746,-0.09720477,0.014747476,-0.013915547,-0.011716063,0.070253454,0.052044477
P06106,-0.027593488,0.12326116,-0.009860468,-0.01922598,-0.017652027,-0.0118978955,0.0017646514,0.04547493,-0.012416444,0.0075091165,0.06266134,0.03571598,0.105911314,0.037041344,0.0074427784,-0.01665678,0.0020491693,-0.0292044,-0.006007284,0.10366613,-0.017003793,0.00011888026,0.06663428,-0.058484465,0.103771985,-0.026034283,-0.10244701,0.006121633,-0.033630434,-0.039569233,0.059009906,0.03464148
P27986,-0.013714825,0.11347284,-0.013740734,-0.012118061,-0.016560214,-0.01980725,-0.01426008,0.040585157,-0.021245986,0.0039506494,0.06442069,0.03578422,0.09029004,0.025428256,-0.0038600357,-0.029732252,-0.009357526,-0.061517805,-0.03337307,0.117161274,-0.027025022,0.012578159,0.05900811,-0.061288405,0.11197901,-0.0228606,-0.10169221,0.007245101,-0.0066523333,-0.007441209,0.07125158,0.030581431
O74966,-0.04769873,0.084045686,-0.018366806,-0.0026611444,-0.0039584073,0.0030018794,-0.04873586,0.027065143,-0.011986626,0.0067645423,0.054525316,-0.004832949,0.11224491,0.00993655,-0.02470341,-0.043525696,-0.0060243323,-0.06735167,-0.037112772,0.12705596,-0.047664348,-0.017744299,0.05462968,-0.058486998,0.12322916,-0.03982451,-0.08661159,0.000772218,0.0052811652,-0.015477883,0.09096472,0.043432362
P27695,-0.019439515,0.11075889,-0.011141889,-0.007876873,-0.015874643,-0.012296592,-0.007733398,0.03355986,-0.026032496,0.005624815,0.06637286,0.030080896,0.10059783,0.018164642,-0.0061968938,-0.026585056,-0.0029398573,-0.05487977,-0.034636132,0.115991816,-0.024546739,0.010168551,0.049250215,-0.05290066,0.114681505,-0.028561283,-0.09870444,0.012955608,-0.010173399,-0.017517624,0.06475195,0.027262675
P0AA37,-0.005816262,0.09040997,-0.034262065,-0.019855486,-0.013080318,-0.0081794225,-0.032228157,0.01353312,-0.024488822,0.0052988394,0.064422995,0.008013043,0.097519934,0.029512072,-0.018317841,-0.033084035,-0.011935403,-0.0910112,-0.044908434,0.1316811,-0.07120112,-0.01019103,0.015911521,-0.04975379,0.12515652,-0.011944249,-0.10023529,0.014924047,-0.0060723512,0.0036792692,0.07134155,0.075398006
O75886,-0.021640282,0.09490198,-0.009268361,-0.0093124285,-0.010820359,-0.021914467,-0.015650641,0.031219382,-0.019471934,0.011759745,0.06105289,0.02989834,0.0916572,0.018859973,-0.010497192,-0.027687103,-0.011734528,-0.06567408,-0.027822752,0.12165057,-0.030326018,0.016518204,0.05008241,-0.053596858,0.11426556,-0.018270895,-0.09913921,-0.0035143243,-0.013593397,-0.013534324,0.06434403,0.026110142
P30575,-0.014596262,0.09958937,-0.015189427,-0.0008430252,-0.018760515,-0.008373014,-0.0140362745,0.025796032,-0.034782268,0.00380263,0.06746895,0.014666929,0.10073676,0.013871142,-0.013661582,-0.020058127,-0.004328462,-0.0627149,-0.026274769,0.11621444,-0.035671804,0.002715375,0.03882157,-0.055042375,0.10652969,-0.02277138,-0.0967972,0.017933924,-0.013375607,-0.012545081,0.067849614,0.032724656
P31658,-0.014157287,0.11347361,-0.016913902,-0.009880189,-0.01234795,-0.01725719,-0.02321367,0.051681995,-0.0126346275,0.0048900302,0.0656008,0.04027413,0.09596128,0.031070132,-0.010696039,-0.027832106,-0.022043176,-0.04988615,-0.030662034,0.11859223,-0.028374456,0.018104078,0.05337796,-0.060299706,0.11686276,-0.025760047,-0.1072755,0.0066776685,0.0065800278,-0.0080695,0.069727294,0.027403243
P05219,-0.008500131,0.091379106,-0.028474143,-0.02993477,-0.021368707,-0.025543427,-0.037061173,0.028783979,-0.023168312,-0.005876051,0.06684006,0.017955916,0.099352874,0.03571141,0.005177438,-0.051448286,-0.0022425032,-0.08196182,-0.032918945,0.13630037,-0.043152392,-0.023820164,0.045950394,-0.051122088,0.12608185,-0.018393165,-0.10047988,0.0024367068,-0.008579952,0.0047659837,0.058528487,0.07616943
P35846,-0.010000095,0.10226603,-0.027228013,-0.019599775,-0.019828172,-0.0015280335,-0.011101026,0.040408555,-0.021541636,0.02081103,0.06851883,0.017688308,0.09373604,0.032846473,-0.0038969452,-0.02978312,-0.0074997214,-0.057165384,-0.008176403,0.12671316,-0.03859348,-0.010099286,0.04431301,-0.057852127,0.10772817,-0.02217907,-0.10036768,0.025240876,-0.020212201,-0.018781358,0.06454675,0.050782356
P05122,-0.013273297,0.100177795,-0.015082799,-0.0162296,-0.021213615,-0.011390276,-0.027082723,0.03625173,-0.015918849,-0.0028307154,0.07304278,0.022596603,0.10366325,0.03203871,-0.002557138,-0.0389517,-0.0037469002,-0.06355667,-0.023957914,0.12448062,-0.031548567,-0.00047592353,0.05204394,-0.060605116,0.11663313,-0.028091494,-0.104721986,0.006009431,-0.010643465,-0.020585764,0.060968682,0.04036084
O00451,-0.016050916,0.108919084,-0.020875432,-0.0096343225,-0.012775894,-0.013441454,-0.006743657,0.04338374,-0.034362406,0.02064606,0.06696521,0.013625826,0.09601749,0.0327219,-0.010759363,-0.026915789,-0.0003969809,-0.057962622,-0.02251538,0.10850906,-0.032334674,0.003630177,0.050620183,-0.058104515,0.111312464,-0.019429822,-0.10856265,0.009350393,-0.020171903,-0.023223676,0.060687855,0.05184897
P18054,-0.015853483,0.10270198,-0.0055680326,-0.011230556,-0.014763338,-0.020817814,-0.005425351,0.029639287,-0.033149768,0.01419082,0.07051606,0.030715672,0.107143916,0.036131267,-0.016016537,-0.024710188,0.0020327803,-0.047782477,-0.022782287,0.10994844,-0.027802309,0.010601906,0.04946362,-0.058275852,0.11101965,-0.03646457,-0.10355401,0.004904581,-0.022905638,-0.022764804,0.06148737,0.02865685
P23568,-0.017615335,0.09291305,-0.008377827,-0.007116909,-0.011674778,-0.012388242,-0.02699902,0.030966843,-0.023445956,0.011728011,0.07096663,0.0116495555,0.08756906,0.02007834,-0.018795736,-0.03178864,-0.0076852078,-0.065008685,-0.028801605,0.12395085,-0.04622697,0.012951928,0.03291767,-0.046553664,0.0989991,-0.02569373,-0.08891462,0.008509036,-0.004496577,-0.014787091,0.06856708,0.02230359
B2RXH2,-0.018158821,0.122130476,-0.0097727245,-0.0030103214,-0.022669414,-0.01099003,-0.0036057401,0.025130004,-0.030337488,-0.0024330914,0.06449214,0.029660136,0.106487215,0.017005922,0.0020447162,-0.008466783,-0.0049058413,-0.051355813,-0.03487798,0.11286974,-0.006558442,0.008040578,0.06436694,-0.061904255,0.098362766,-0.025365025,-0.10699657,0.014889321,-0.025371885,-0.019930987,0.06537465,0.02998887
P12004,-0.021686336,0.1080855,-0.00869388,-0.010368879,-0.011703705,-0.012314591,-0.017433008,0.02918085,-0.020314982,0.004828275,0.06847118,0.022526667,0.09409222,0.017693914,-0.00784059,-0.026735311,0.0017303007,-0.061174218,-0.040774863,0.11854733,-0.026341064,0.00767057,0.04796029,-0.05195378,0.115416184,-0.023555879,-0.098550975,0.013571344,-0.006273588,-0.014798922,0.07443236,0.028404549
Q05513,-0.014493521,0.104736984,-0.01711466,-0.012131333,-0.016609881,-0.013028837,-0.019872649,0.035573017,-0.022873616,0.00948305,0.0656802,0.024031438,0.09356611,0.02507949,-0.0073679374,-0.032375377,-0.0072808117,-0.06515248,-0.02984097,0.11917255,-0.0345647,0.0056642406,0.045706257,-0.056078315,0.11331624,-0.018176556,-0.10257167,0.0099839205,-0.004964911,-0.010866955,0.064451106,0.038974464
P00358,-0.024522861,0.09703033,-0.0056645866,-0.01889302,-0.023654211,-0.016562182,-0.019814322,0.026622381,-0.03873972,0.0017504354,0.06795859,0.022808611,0.10698964,0.011470298,-0.017116439,-0.03021808,-0.010663348,-0.058630716,-0.037529506,0.123922125,-0.0288306,0.008505707,0.041900165,-0.048462898,0.11336507,-0.027624601,-0.10249413,0.0053907456,-0.002135979,-0.016490875,0.061132785,0.027959956
P0AES9,-0.03501913,0.11720301,0.00064795243,-0.020987784,-0.011662093,-0.002559383,-0.017282143,0.041078463,-0.025910214,-0.00957244,0.07065756,0.021661688,0.09786001,0.010768064,-0.0039655585,-0.023429886,-0.001588596,-0.045546405,-0.0477916,0.10794473,-0.019551108,0.020822862,0.041427337,-0.05542062,0.11700876,-0.02380792,-0.10093453,0.0210618,0.0013173005,-0.0015216067,0.079002306,0.019252587
H2B3G5,-0.020086631,0.1183669,-0.015897429,-0.007134091,-0.014884988,0.015000327,-0.018559376,0.055821285,0.0032545235,-0.018316863,0.062403396,0.033038504,0.10945675,0.031499185,0.010377295,-0.0104222065,-0.0054694014,-0.036511697,-0.010568469,0.10163241,-0.021180343,-0.00039023155,0.06897318,-0.073589385,0.10489702,-0.02654127,-0.1042013,0.016558122,-0.03531012,-0.017990723,0.07040048,0.027773213
P68036,-0.020897564,0.11816394,-0.008795392,-0.0017527343,-0.01774569,-0.014100906,-0.007353996,0.0338281,-0.026702814,0.008421823,0.0655297,0.030672409,0.095579244,0.023670403,-0.007432814,-0.020840865,-0.0067102225,-0.054591678,-0.036401283,0.116923876,-0.022326028,0.0058541745,0.0551684,-0.061796438,0.11044219,-0.029096998,-0.100457065,0.01311039,-0.008855329,-0.01272932,0.070754714,0.03028071
O75888,-0.02078039,0.10993892,-0.0130467955,-0.014882581,-0.019322004,-0.009831676,-0.013551491,0.045328386,-0.01762496,-0.0019990522,0.05838757,0.034177203,0.1043874,0.026099507,-0.00027929322,-0.028723996,-0.012354944,-0.054951735,-0.021903474,0.11964573,-0.024624255,0.009408534,0.05653131,-0.06184169,0.11475638,-0.020264328,-0.101915434,0.0033175363,-0.02161226,-0.010838181,0.061333917,0.032065175
P01160,-0.02224142,0.11047262,-0.01923736,-0.009295824,-0.017155098,-0.008044054,-0.00827735,0.040483397,-0.019219121,0.003722579,0.06036107,0.024627266,0.1007571,0.026098654,0.0053564925,-0.013603933,-0.0035943314,-0.054489512,-0.01980379,0.11649085,-0.021162987,-0.003728743,0.05612093,-0.053919267,0.11175853,-0.013840423,-0.0985069,0.011463672,-0.026415909,-0.008178494,0.069734834,0.045229193
P01594,-0.0134215625,0.11711099,-0.016054567,-0.033263322,-0.02238304,-0.014645184,-0.015735114,0.051796686,-0.011070016,-0.007478749,0.058634896,0.042623024,0.105787806,0.036912188,-0.0011256728,-0.02917475,-0.013192349,-0.04663615,-0.015784895,0.12164545,-0.028445037,-0.0003389828,0.049082175,-0.056963254,0.11767292,-0.017880745,-0.10822209,0.008617456,-0.01600427,-0.0051225363,0.06623757,0.038525186
P06993,-0.008602907,0.12022688,-0.0077557825,-0.019483516,-0.023102555,0.0031572962,-0.0060857357,0.023409938,-0.023476252,-0.013000374,0.07085171,0.016747672,0.10967251,0.012599818,-0.005729448,-0.015762053,-0.007386606,-0.059336875,-0.04137722,0.123510264,-0.03318094,0.011369962,0.044392943,-0.06149926,0.106569916,-0.025716808,-0.090312034,0.030630339,-0.01994225,-0.021498559,0.0804128,0.020234117
Q8DTS9,-0.01887521,0.10644772,-0.012989151,-0.004584418,-0.013167788,0.00031890813,-0.0045723813,0.028894508,-0.021938995,0.004681875,0.061841827,0.019109625,0.11080138,0.01660049,-0.0016136013,-0.02535234,-0.0027533341,-0.061553698,-0.026951993,0.11750927,-0.027272249,0.009451351,0.050795935,-0.0615317,0.110696,-0.024755407,-0.09551552,0.017542,-0.034054853,-0.01809929,0.062008433,0.034343593
P00533,-0.021601345,0.10999536,-0.010850932,-0.012156909,-0.015983045,-0.009945619,-0.014933424,0.034537196,-0.022965321,0.0040186835,0.06510435,0.028059097,0.09760791,0.019160695,-0.008977197,-0.028017111,-0.005457918,-0.056175742,-0.036613986,0.11706782,-0.02990481,0.0054483786,0.049627718,-0.05787285,0.11561117,-0.026602605,-0.10182196,0.011283592,-0.006166657,-0.014437958,0.070904374,0.03023258
Q8WZ42,-0.017950324,0.11863387,-0.010814242,-0.011847098,-0.014252711,-0.009391259,-0.00922962,0.03527262,-0.020709645,0.0008980143,0.0675906,0.036086846,0.09718088,0.025284067,-0.0012405558,-0.020971281,-0.0062117404,-0.049487565,-0.03796009,0.11229822,-0.025402473,0.014582939,0.05303028,-0.060096417,0.10980225,-0.030226119,-0.10075786,0.012902222,-0.010706059,-0.014396485,0.06775337,0.025361994
P12318,-0.0123952245,0.094978176,-0.012197623,-0.013641061,-0.024135288,-0.036659565,-0.02324862,0.038213268,-0.022666825,0.01635741,0.06283057,0.036254354,0.08189094,0.037028953,-0.0145855015,-0.034237362,-0.0028964663,-0.069993414,-0.014253147,0.13355172,-0.02846935,-0.0042443937,0.033438656,-0.03129264,0.110725075,-0.010385681,-0.10923545,0.0012002718,-0.0057284944,-0.006078368,0.05331532,0.043487545
P06907,-0.0053368313,0.09793853,-0.011283491,-0.02023553,-0.036147192,-0.036684897,-0.0034607751,0.02407861,-0.020424923,0.024049923,0.06500019,0.01788844,0.09415482,0.045062117,-0.01797792,-0.02963412,-0.022377219,-0.068526834,-0.006395993,0.14752153,-0.04028313,-0.010569172,0.036636204,-0.045634076,0.10189573,-0.016203143,-0.093119934,-0.0027597924,-0.034105517,-0.035194915,0.050201274,0.061624937
O15305,-0.017593432,0.109842695,-0.011183326,-0.01698889,-0.02495217,-0.01610983,-0.013428053,0.042461686,-0.02020294,-0.013242741,0.06183817,0.04240661,0.100290224,0.018192427,0.0027394674,-0.030127501,-0.012738341,-0.05397757,-0.034984805,0.12469548,-0.018423876,0.011379948,0.06622867,-0.061706167,0.11412878,-0.026669234,-0.09984573,0.0052059814,-0.010500075,-0.009628859,0.05588014,0.025157696
P14550,-0.00662474,0.11920939,-0.02288729,0.015650997,-0.012039569,0.00924754,0.012990805,0.027364409,-0.028104639,0.01840867,0.0646693,0.020849908,0.09723117,0.00836225,0.0038545032,-0.013686851,-0.0102275675,-0.04924412,-0.013127062,0.10524685,-0.036194976,-0.0026680327,0.036964145,-0.06739101,0.10011315,-0.02774457,-0.09598696,0.026955875,-0.037804294,-0.03153147,0.06427763,0.028424045
P67870,-0.021144383,0.114361286,-0.013392458,-0.014277458,-0.0123110255,-0.0066986834,-0.011445191,0.03532587,-0.018160649,-0.00090148754,0.062670894,0.03078631,0.1037172,0.018420795,-0.0027454859,-0.024174903,-0.00070234545,-0.052171364,-0.031230219,0.11352168,-0.026519213,0.010582618,0.051505163,-0.05594618,0.11181275,-0.02511055,-0.099797845,0.015515761,-0.013786042,-0.013674494,0.072707735,0.025635116
P28482,-0.01435682,0.114917606,-0.0117615815,-0.013036869,-0.01783058,-0.014421763,-0.014072759,0.031608313,-0.02293832,-0.00018885004,0.06280276,0.03634261,0.10059896,0.018978158,-0.009795922,-0.033252064,-0.0075027356,-0.058584236,-0.040571682,0.11597673,-0.028014828,0.01449071,0.062162787,-0.06840616,0.11200808,-0.030497514,-0.105638705,0.006399392,-0.00589345,-0.020336896,0.06599509,0.023261884
P09914,-0.033609435,0.083347954,-0.0065598004,-0.0035197574,-0.01928808,-0.026862359,-0.036658574,0.0383555,-0.03492824,0.0070877983,0.05515032,0.022245387,0.10320755,0.012278099,-0.031111715,-0.050485704,-0.008612779,-0.07191301,-0.033586178,0.13108759,-0.034744058,0.0119442,0.03876686,-0.04102192,0.12545271,-0.023400871,-0.092594326,-0.011434298,0.011712083,0.0010591857,0.067581095,0.022615165
Q7Z3B3,-0.018374188,0.101884425,-0.0033915832,-0.013031096,-0.02563678,-0.015743654,-0.018230934,0.02597432,-0.033083145,-0.0027054416,0.069066875,0.02238129,0.09742355,0.017633934,-0.006127248,-0.032542627,-0.0054924837,-0.056767896,-0.035881683,0.12080276,-0.025136413,-0.0043685124,0.05295503,-0.06288066,0.110860355,-0.029813366,-0.101548225,0.007779265,-0.012886099,-0.022190535,0.05379058,0.033720754
O95868,-0.016719034,0.10084082,-0.015350351,-0.034579236,-0.021552805,-0.02245499,-0.023025632,0.049500067,-0.019163337,-0.0014742734,0.05969122,0.03442599,0.09958826,0.034961,-0.003981226,-0.035131916,-0.012837514,-0.058859,-0.019049078,0.12520337,-0.03326074,-0.008849957,0.047436792,-0.053374097,0.12470933,-0.012862997,-0.106278405,0.00041288324,-0.011556624,0.0076844525,0.06807123,0.049742565
E7EZF3,-0.013451493,0.11139002,-0.013241187,-0.018948875,-0.02437412,-0.017832961,-0.014459305,0.029070705,-0.040989175,2.8861687e-05,0.054205317,0.03128883,0.103337124,0.017588194,-0.0057531837,-0.04144737,-0.0048568035,-0.07850553,-0.039939836,0.12255181,-0.025786605,0.0132208895,0.06441927,-0.072324224,0.11718954,-0.016699625,-0.10481864,0.0042636013,-0.021242537,-0.004076086,0.06965909,0.036072697
Q16659,-0.021364069,0.10260497,-0.011663801,-0.010839291,-0.022290913,-0.019835373,-0.0084454585,0.042047914,-0.018922208,0.0031569107,0.06470058,0.033170857,0.09666922,0.024981923,-0.0018624393,-0.020768993,-0.01757027,-0.047134575,-0.013935341,0.124488115,-0.017512085,0.008722295,0.05929615,-0.058356754,0.10411891,-0.026499651,-0.10545157,0.00090557616,-0.0125954505,-0.019346993,0.052340627,0.02710474
O14526,-0.014264816,0.08772941,-0.015437698,-0.018179078,-0.020342398,-0.029837895,-0.022216257,0.039882015,-0.013995254,0.0140316505,0.064175196,0.026200643,0.09251468,0.032382406,-0.01184786,-0.038432337,-0.014966172,-0.062214456,-0.01411503,0.13759537,-0.029716635,-0.0031984323,0.050789446,-0.047787797,0.11448324,-0.021502018,-0.103037216,-0.004921423,-0.006506427,-0.018094327,0.05319614,0.04089478
P14099,-0.018911488,0.12600435,-0.010684322,-0.011137386,-0.010523252,0.003396066,0.020320186,0.037813928,-0.02830126,0.011750869,0.07033249,0.020864174,0.09864521,0.013944153,0.009119471,-0.011417053,-0.0019678418,-0.050078023,-0.040591154,0.10147265,-0.028068582,0.0046289335,0.060363725,-0.06629539,0.11484096,-0.02440081,-0.10946625,0.02178134,-0.029475167,-0.037490066,0.06364766,0.039428223
Q9CW03,-0.01904864,0.11704524,-0.020733198,-0.007831192,-0.014850787,-0.0042675524,-0.013269494,0.032942582,-0.01979844,0.0036171647,0.062145196,0.027455632,0.09871853,0.01647988,-0.0042226966,-0.028097898,-0.0054825107,-0.051706802,-0.032012817,0.114983894,-0.02737185,0.00089881057,0.05624736,-0.065685414,0.11190338,-0.029571552,-0.10389274,0.012844628,-0.012160776,-0.025925986,0.069624886,0.03334662
P02585,-0.03716933,0.07581721,-0.019967483,-0.0061555523,-0.008158111,-0.02732896,-0.06198681,0.025365945,-0.0029411446,0.012696513,0.056891613,0.015810575,0.08742219,0.023913259,-0.035384297,-0.048924252,-0.030575827,-0.08412189,-0.0408803,0.13471273,-0.05959041,-0.0064911805,0.045531258,-0.05379144,0.11511476,-0.036561795,-0.10200171,-0.018013418,0.044833444,0.010993114,0.0852358,0.046968926
O54983,-0.016430346,0.10191836,-0.004993089,-0.015326246,-0.036627803,-0.012617259,-0.015143274,0.022920897,-0.041188043,-0.001162082,0.06480619,0.020164005,0.103147894,0.015614818,-0.010190066,-0.02732681,-0.010029504,-0.059648234,-0.02758061,0.12867339,-0.02230441,0.0012621619,0.057075888,-0.063524,0.102115065,-0.02669225,-0.09472529,0.013600782,-0.015016529,-0.024441117,0.05780228,0.02626478
Q9H6Y7,-0.024426194,0.10482125,-0.015714843,-0.0038492857,-0.014098968,-0.018272702,-0.008827113,0.035622433,-0.03177312,0.019368026,0.05976908,0.036024373,0.10172448,0.02173685,-0.019728895,-0.044145983,-0.008180929,-0.059749838,-0.032969695,0.122308135,-0.030956008,0.01428578,0.050650984,-0.055208206,0.11986834,-0.04158324,-0.10445051,0.0070728776,-0.003774015,-0.023652576,0.0547881,0.032208625
P01704,-0.012271545,0.10373086,-0.030220192,-0.022515215,-0.024212014,-0.020857466,-0.021579988,0.050613187,-0.013790965,0.003444842,0.054762475,0.038572904,0.09722348,0.044556014,-0.0014852909,-0.030135453,-0.015654678,-0.055429548,9.950204e-05,0.1282072,-0.032606635,-0.015737765,0.04642686,-0.05207219,0.118731275,-0.01181611,-0.10906679,0.00041749142,-0.02424964,-0.009148467,0.052791674,0.06140968
O48737,-0.014768938,0.12093305,-0.016501363,0.013774268,-0.009777099,-0.0020080311,-0.0059873313,0.033825368,-0.026164163,0.017031616,0.070499025,0.014466956,0.09840369,0.0125519335,-0.005418397,-0.025376897,-0.010684751,-0.05456237,-0.033565063,0.10569086,-0.027257355,0.015952284,0.048254035,-0.065548964,0.10180035,-0.030650046,-0.097870894,0.017767811,-0.005502169,-0.026993766,0.06589533,0.025570868
O24146,-0.015080921,0.12867045,-0.008920972,-0.00016940851,-0.0012844971,-0.018102823,0.0052989796,0.031962365,-0.016209247,0.005542994,0.076797605,0.04293928,0.09211177,0.03239676,0.010147534,-0.0012061307,0.0036381069,-0.045374386,-0.035143256,0.09503572,-0.017240478,0.03183052,0.056918323,-0.05378443,0.10055636,-0.027637871,-0.09507594,0.019043174,-0.023137072,-0.01802159,0.06411089,0.023410875
Q9JL25,-0.0035373587,0.08904192,-0.03392021,-0.036447637,-0.032384276,-0.052513145,-0.02577515,0.05122464,-0.028068488,0.030154847,0.055191197,0.03553202,0.08000223,0.05917487,-0.016196959,-0.047999147,-0.02651714,-0.07134473,0.0060289446,0.15337768,-0.039511375,-0.029096685,0.037711885,-0.041615717,0.12708706,-0.003768988,-0.11509239,-0.011121705,-0.0049911505,-0.0033325516,0.045675166,0.08349334
P40054,-0.0074048657,0.148781,-0.01362733,-0.010130998,-0.008220523,-0.0099957455,0.0037840148,0.055499524,-0.013376208,-0.025590984,0.07370658,0.067671835,0.09922297,0.032346327,0.023534525,-0.0076738717,0.00058041094,-0.03407853,-0.040747605,0.090584256,-0.002535412,0.041058287,0.07739948,-0.070700556,0.106733404,-0.037683345,-0.101991296,0.03525474,-0.01191795,0.003276743,0.06818597,0.009883612
Q07637,-0.0060827187,0.10488403,-0.021864578,0.013510422,-0.017592492,0.0025824986,-0.009561819,0.02548416,-0.036413256,0.0068375818,0.06997061,0.015494071,0.09683329,0.011143275,-0.014713534,-0.015725609,-0.0038308622,-0.057232216,-0.025986515,0.10734707,-0.0385376,0.008172593,0.049652297,-0.06907394,0.09754076,-0.032818362,-0.09700235,0.024529062,-0.015457377,-0.028558856,0.06987039,0.021861754
O33983,0.0029955637,0.077589914,-0.029049166,0.023039974,-0.021819599,0.005149482,-0.0054682847,-0.00013665482,-0.067421325,0.011190519,0.06545327,-0.0068843868,0.10704726,0.0041017956,-0.03554271,-0.0025046095,-0.005486936,-0.07487377,-0.018526949,0.11117389,-0.08300681,-0.026640004,0.010625716,-0.056495532,0.10407867,-0.026896507,-0.08848264,0.03460975,-0.029371608,-0.025978366,0.06693415,0.047922924
O50202,-0.034885976,0.09126591,-0.0039544776,-0.011422582,-0.010596277,-0.0061316504,-0.013587963,0.020903315,-0.013818838,0.016748428,0.057746813,0.021884635,0.09185769,-0.012841768,-0.014161857,-0.038042765,-0.013301779,-0.057284027,-0.037157103,0.12168555,-0.03483291,0.0041059568,0.038063224,-0.045494795,0.10897319,-0.025107546,-0.10559222,0.0032660924,0.006664059,-0.033183187,0.050900307,0.015495275
P14907,-0.006466524,0.12851933,-0.024015978,-0.018776735,-0.009782418,-0.009095567,0.00044633076,0.035574026,-0.0038681016,0.001990224,0.06696556,0.04691407,0.097043864,0.03315277,0.008731527,-0.015995936,-0.009199971,-0.04667448,-0.027740747,0.10063021,-0.027746176,0.01660284,0.0581752,-0.06865744,0.11178224,-0.023033414,-0.11105313,0.0075719194,-0.026544387,-0.026971728,0.06678506,0.03821798
P0DJL7,-0.0059969304,0.13117683,-0.011170128,-0.018018113,-0.008553918,-0.017061422,-0.00033544283,0.03170573,-0.017254168,-0.007916494,0.06223024,0.054744877,0.116660416,0.021933585,-0.0013867039,-0.020999167,0.0023528193,-0.047595207,-0.029322255,0.101155594,-0.02434403,0.034393433,0.052620262,-0.057072707,0.111656286,-0.028097138,-0.10627395,0.021961652,-0.012174309,-0.0173069,0.07918559,0.0046652462
O75792,-0.019825583,0.115642235,-0.0025170438,-0.008191524,-0.016577702,-0.012796834,0.0012444593,0.047715813,-0.019695947,-0.00075078383,0.06820901,0.043587632,0.103150345,0.02760089,-0.0030326848,-0.01685535,-0.008310351,-0.03494034,-0.029464114,0.111085676,-0.020474942,0.006184978,0.07043977,-0.06646345,0.111260936,-0.04248407,-0.1046804,0.014069706,-0.009851533,-0.0204684,0.06112048,0.016946528
P41911,-0.013946523,0.07753067,0.00738886,0.00039332733,-0.039342165,-0.011705745,-0.024338655,0.006832023,-0.046992417,0.0064303204,0.06714031,0.007581027,0.097355306,0.0051980047,-0.026836807,-0.016152017,-0.018574994,-0.076426506,-0.035720233,0.1291272,-0.04152251,-0.019439103,0.037185542,-0.058297314,0.10431997,-0.018754758,-0.09794488,0.007739175,-0.0099675115,-0.011021972,0.07137458,0.0296922
P09913,-0.020188816,0.087907724,-0.024533879,-0.013409687,-0.011215466,-0.01436144,-0.029211886,0.026446056,-0.027901301,0.022787452,0.0444715,0.025226299,0.098602846,0.011115203,-0.032292094,-0.06598313,-0.0154849235,-0.08619721,-0.045605037,0.13612506,-0.05044867,0.010665014,0.054916486,-0.068184435,0.13232589,-0.025775308,-0.106097855,-0.008474276,-0.0058185025,-0.025660863,0.05746527,0.041460928
P00423,-0.027387004,0.10736095,-0.015458493,0.013276586,-0.0096480455,-0.008080327,-0.005914258,0.0358691,-0.04334949,-0.004616008,0.07541099,0.015669722,0.113706045,0.021007108,-0.012949172,-0.014973477,0.018767143,-0.037453532,-0.024312407,0.0969052,-0.015152706,0.028935393,0.062417075,-0.06448701,0.09475744,-0.04644096,-0.109413534,0.016968787,-0.008979233,-0.021717358,0.065292686,0.011013772
Q8TBC4,-0.02754526,0.09964616,-0.009781458,-0.011908084,-0.022062058,-0.011334001,-0.0211233,0.034951273,-0.03064548,0.0019576885,0.06377256,0.016226662,0.10067003,0.013014545,-0.011811097,-0.033530235,-0.01393052,-0.061479457,-0.037796132,0.12075002,-0.031696208,-0.0020708137,0.046784673,-0.057856772,0.11693411,-0.026172493,-0.10010203,0.00752263,0.0032766499,-0.003442925,0.069047876,0.03974504
O00182,-0.020184476,0.10929382,-0.01501548,-0.013015971,-0.015232123,-0.004218211,-0.008445644,0.034922935,-0.024123238,0.0066953087,0.069297,0.022288768,0.097873606,0.018944275,-0.0005399479,-0.022154048,-0.009888718,-0.05987792,-0.029816097,0.11867796,-0.027565733,0.012117831,0.049066413,-0.05904896,0.11454682,-0.022405902,-0.09784987,0.016864303,-0.01624304,-0.01869469,0.06594424,0.034630362
P14902,-0.026566723,0.11454967,-0.016888464,-0.0060331486,-0.022259457,-0.010172635,-0.028723398,0.035046488,-0.017075649,-0.0003573224,0.057748068,0.027143607,0.09833201,0.020962195,-0.017958228,-0.037224192,-0.009305467,-0.058218837,-0.034249574,0.12538762,-0.028800525,0.014881921,0.05473056,-0.05789717,0.10027494,-0.032434497,-0.102373384,0.008657203,0.006347077,-0.022410015,0.0657873,0.0259224
O95257,-0.013451493,0.11139002,-0.013241187,-0.018948875,-0.02437412,-0.017832961,-0.014459305,0.029070705,-0.040989175,2.8861687e-05,0.054205317,0.03128883,0.103337124,0.017588194,-0.0057531837,-0.04144737,-0.0048568035,-0.07850553,-0.039939836,0.12255181,-0.025786605,0.0132208895,0.06441927,-0.072324224,0.11718954,-0.016699625,-0.10481864,0.0042636013,-0.021242537,-0.004076086,0.06965909,0.036072697
P21266,-0.016304983,0.12563601,-0.0046601966,-0.023612252,-0.019046694,-0.0139738815,-0.009087569,0.040865194,-0.016312528,-0.008933862,0.06149938,0.04163606,0.10563816,0.021488884,-0.0020505206,-0.02930232,-0.0132914875,-0.05571073,-0.043338936,0.118156545,-0.020266611,0.022312012,0.05657681,-0.062841855,0.11601411,-0.023958195,-0.10591386,0.00957336,-0.0051462525,-0.0048364615,0.07335961,0.018898217
Q8N165,-0.019217052,0.12156515,0.0007801242,-0.012866974,-0.019587502,-0.014879914,0.024788808,0.041436113,-0.019203048,0.0075528994,0.07457902,0.038687974,0.09954301,0.032767273,0.027073666,0.0054773837,0.0033249916,-0.023815913,0.0012391936,0.106732875,0.008386392,0.0012633927,0.07452891,-0.061748326,0.09553562,-0.024108835,-0.10085088,0.01921417,-0.053502094,-0.033365153,0.04928513,0.024859006
P08169,-0.0086269975,0.122045636,-0.017716462,-0.017433772,-0.01933172,-0.018617503,-0.0010985486,0.04289891,-0.006255406,0.014994542,0.06821482,0.047347944,0.09138728,0.04014331,0.0007066928,-0.022284582,-0.0073883506,-0.047132052,-0.020900037,0.117325224,-0.022958573,0.00017606092,0.069220245,-0.065453105,0.11247233,-0.025909085,-0.11111374,-0.004430706,-0.022651691,-0.03394156,0.06783809,0.035734482
O75962,-0.005916386,0.13467887,-0.011561036,-0.0092863785,-0.014674999,-0.027051497,0.010957388,0.042655382,-0.023160217,0.0011742846,0.07217534,0.0550138,0.096607134,0.033336643,0.01129349,-0.011958057,-0.0068072025,-0.04403442,-0.030592773,0.10547701,-0.013385387,0.027488807,0.06749646,-0.06266235,0.11126436,-0.028812744,-0.10435811,0.017490726,-0.005605077,-0.017229233,0.06360549,0.017490061
O00204,-0.017052326,0.0996092,-0.012905846,-0.0032146478,-0.0055736923,-0.022547083,-0.0041329693,0.022111598,-0.016315473,0.005777759,0.067168444,0.036972106,0.09863864,0.014181142,-0.0062593548,-0.0128539335,-0.0014523955,-0.059138928,-0.030905303,0.11070276,-0.031567242,0.022721892,0.040678468,-0.03784998,0.11283649,-0.021402283,-0.09533407,0.005293169,-0.01114235,-0.01941557,0.06322717,0.019999903
Q9BYE9,-0.011808448,0.090641156,-0.020194007,-0.0021463388,-0.022117436,-0.023896953,-0.016261255,0.02653535,-0.030581143,0.021339882,0.07018216,0.019901248,0.09433404,0.03226432,-0.01020359,-0.02926725,-0.013373888,-0.06782875,-0.01956594,0.12651443,-0.036332525,-0.0112498915,0.037254836,-0.05022406,0.11181207,-0.02421089,-0.09876187,0.0066908225,-0.00707828,-0.0039206194,0.0564703,0.05729812
Q95017,-0.011853968,0.10369762,-0.02153636,-0.006439091,-0.022583997,-0.017812276,-0.009464346,0.0379792,-0.023340298,0.008993098,0.068835884,0.028623557,0.11271938,0.027035793,-0.0017092824,-0.04663964,0.0038566503,-0.06332625,-0.027667671,0.12804247,-0.028899511,-0.00077933195,0.05478476,-0.044089977,0.11094299,-0.038843196,-0.09015558,0.02083099,0.0036256744,-0.0023529276,0.057611246,0.040710952
Q15477,-0.027245114,0.1085906,-0.012707025,-0.002674725,-0.021921208,-0.008910312,-0.015369636,0.049017057,-0.030874187,0.00084420666,0.060923744,0.024830734,0.090674244,0.0076487567,-0.016235152,-0.035654433,-0.018868675,-0.0621058,-0.035132892,0.11945351,-0.024267768,0.012594906,0.05380295,-0.061768368,0.11026906,-0.034248043,-0.11280239,0.008869781,0.002289246,-0.010892545,0.07047575,0.028169394
P00374,-0.017801002,0.11104182,-0.015024673,-0.0143574355,-0.016530903,-0.015208115,-0.020286366,0.045510553,-0.018755615,0.0014410443,0.06962838,0.0321278,0.09910648,0.0348932,-0.0060643842,-0.021440614,-0.0071519613,-0.054911394,-0.034475725,0.1107385,-0.028092977,0.019499699,0.055470455,-0.04949469,0.11522099,-0.022952635,-0.10007078,0.003807052,0.007667489,-0.010846084,0.070065044,0.026133832
O43464,-0.024480056,0.10270639,-0.009795198,-0.012694208,-0.014834689,-0.012459892,-0.023765456,0.029340979,-0.025616376,0.0046388726,0.06527497,0.024317484,0.09854261,0.020076318,-0.019660534,-0.029980736,-0.0055487086,-0.054601822,-0.035345864,0.113446385,-0.033440247,0.0073571177,0.047568712,-0.058443204,0.11238086,-0.033105962,-0.10338637,0.0110342,0.0010753934,-0.01735733,0.07167734,0.028823566
P01764,-0.012271545,0.10373086,-0.030220192,-0.022515215,-0.024212014,-0.020857466,-0.021579988,0.050613187,-0.013790965,0.003444842,0.054762475,0.038572904,0.09722348,0.044556014,-0.0014852909,-0.030135453,-0.015654678,-0.055429548,9.950204e-05,0.1282072,-0.032606635,-0.015737765,0.04642686,-0.05207219,0.118731275,-0.01181611,-0.10906679,0.00041749142,-0.02424964,-0.009148467,0.052791674,0.06140968
Q9HD42,-0.023481892,0.10750598,-0.015616564,-0.013378496,-0.015216099,-0.009712467,-0.017893907,0.038201876,-0.018377466,0.00735185,0.05754546,0.029013226,0.1057078,0.020419758,-0.014645982,-0.035470106,-0.009819564,-0.05905022,-0.02897444,0.120955124,-0.030503232,0.013115456,0.052077454,-0.05214539,0.11201252,-0.032098584,-0.10459356,0.007922655,-0.00050149206,-0.020159528,0.06896763,0.024779374
P27797,-0.025998536,0.10745816,-0.013081678,-0.007779024,-0.011053492,-0.0063118385,-0.015347436,0.03683342,-0.02211362,0.0037390578,0.062480118,0.024729883,0.098502755,0.017365953,-0.007230856,-0.024316601,-0.0050417036,-0.056599665,-0.033182386,0.114675544,-0.028446553,0.010733068,0.050495345,-0.054503143,0.11244859,-0.026669217,-0.09834965,0.013218108,-0.011817218,-0.01424699,0.06917868,0.02995082
Q9K498,-0.026255766,0.09737484,-0.02346601,-0.009564511,-0.015417615,-0.016244484,-0.016654085,0.04086615,-0.014275727,0.0054265466,0.046076264,0.03903432,0.09543859,0.014254005,-0.025664935,-0.02412198,-0.009110872,-0.054142185,-0.01971329,0.11623611,-0.04150105,0.002700231,0.035306122,-0.037032425,0.121018186,-0.012277528,-0.11308622,-0.0020858939,-0.010620069,-0.022723224,0.066337675,0.03610386
O95319,-0.018419905,0.10573103,-0.014023833,-0.0032107465,-0.009672731,-0.018088575,-0.019106355,0.02059061,-0.012394747,0.0028476554,0.0640416,0.02915747,0.091314845,0.01334971,-0.00563676,-0.02303914,-0.011567992,-0.06632583,-0.040159848,0.11800708,-0.03514382,0.00982216,0.06569158,-0.062430672,0.10271816,-0.032185905,-0.09319243,0.0049842577,-0.00027491376,-0.019066302,0.0747582,0.024025833
O09118,-0.018264238,0.11471337,-0.012106823,-0.009859216,-0.007913016,-0.022512026,-0.0071975174,0.034066085,-0.026634278,0.004916069,0.061942924,0.0410001,0.09310257,0.018598532,0.0020952392,-0.027022107,-0.009059502,-0.06600829,-0.042492308,0.11145258,-0.02331289,0.026201762,0.05095017,-0.057855204,0.12645422,-0.014421631,-0.098716184,0.003136986,-0.0136764245,-0.0044065258,0.06481607,0.030232307
O60381,-0.009776962,0.1436803,-0.010849483,-0.010448407,-0.0154321445,-0.012541091,0.018689606,0.053375453,-0.010112533,-0.0012457138,0.06945988,0.05082666,0.102712154,0.0358148,0.028018836,-0.00957613,-0.0029884905,-0.032706007,-0.018803561,0.11050795,-0.0050939377,0.019603305,0.07480031,-0.06132907,0.10506955,-0.026476618,-0.089250796,0.025280682,-0.030905798,-0.023782482,0.059416335,0.018492598
P06312,-0.012271545,0.10373086,-0.030220192,-0.022515215,-0.024212014,-0.020857466,-0.021579988,0.050613187,-0.013790965,0.003444842,0.054762475,0.038572904,0.09722348,0.044556014,-0.0014852909,-0.030135453,-0.015654678,-0.055429548,9.950204e-05,0.1282072,-0.032606635,-0.015737765,0.04642686,-0.05207219,0.118731275,-0.01181611,-0.10906679,0.00041749142,-0.02424964,-0.009148467,0.052791674,0.06140968
P0A935,-0.025687492,0.11711509,-0.011572522,0.0054891394,-0.009858436,-0.008772366,-0.013160438,0.027469397,-0.029942075,0.007733965,0.08054914,0.013682899,0.08324101,0.027451469,0.004265413,-0.01478121,-0.001840857,-0.052812744,-0.037314653,0.10882207,-0.028042555,0.014691032,0.039377887,-0.057727616,0.110882096,-0.025844345,-0.089217305,0.020770693,-0.012003437,-0.027178472,0.06305274,0.03908412
P0C8E7,-0.012742188,0.12540573,-0.035222284,-0.0038838834,-0.012261992,0.010396983,-0.021882772,0.04892905,-0.010182049,-0.004948672,0.05660642,0.019136341,0.10078002,0.014700583,0.012009807,-0.025222896,-0.010872308,-0.06344125,-0.034670968,0.107368074,-0.025375739,0.0127828065,0.081865996,-0.069904126,0.10661082,-0.018686514,-0.10277905,0.011434332,-0.0025183004,-0.02258541,0.07862535,0.031567223
O43572,-0.016989611,0.07595061,-0.011098453,-0.031049836,-0.035361975,-0.042977337,-0.044780545,0.037316628,-0.034747545,0.010424295,0.06374039,0.02125552,0.083491504,0.040269896,-0.028242456,-0.04639941,-0.023302935,-0.07856919,-0.02338641,0.1462667,-0.04099392,-0.022583667,0.032737877,-0.042189095,0.12658465,-0.012996085,-0.109943435,-0.015129046,0.014129562,0.008465049,0.05993056,0.06067612
Q9H211,-0.025715685,0.113470316,-0.0073102773,-0.0056638843,-0.019938547,-0.013803552,-0.008999869,0.033357844,-0.019500667,-0.00131418,0.06261822,0.03812986,0.1033739,0.022044709,-0.002330894,-0.010682429,0.0046788263,-0.039047964,-0.019549781,0.11017893,-0.011882673,0.0015540902,0.05501332,-0.04965098,0.10540716,-0.025838468,-0.09949147,0.015565967,-0.014361764,-0.014643592,0.07041452,0.020837208
Q9H0M0,-0.00742207,0.1299081,-0.015534791,-0.0010196101,-0.017898366,-0.018244596,-0.0064551085,0.05656834,-0.015824895,0.0008509774,0.06338425,0.053618394,0.09673369,0.046455003,-0.009350811,-0.02577654,-0.020933082,-0.037316613,-0.028820254,0.11542758,-0.031056546,0.009715579,0.06375155,-0.07631638,0.11777036,-0.03970602,-0.11209251,0.0033668038,-0.0066439696,-0.025603957,0.054481544,0.026751999
O42661,-0.04769873,0.084045686,-0.018366806,-0.0026611444,-0.0039584073,0.0030018794,-0.04873586,0.027065143,-0.011986626,0.0067645423,0.054525316,-0.004832949,0.11224491,0.00993655,-0.02470341,-0.043525696,-0.0060243323,-0.06735167,-0.037112772,0.12705596,-0.047664348,-0.017744299,0.05462968,-0.058486998,0.12322916,-0.03982451,-0.08661159,0.000772218,0.0052811652,-0.015477883,0.09096472,0.043432362
Q92448,-0.028615054,0.07157039,-0.018176178,-0.021960564,-0.0030042082,-0.023264756,-0.021689385,0.020489328,-0.01445866,0.027169904,0.0593315,0.020224094,0.087647796,0.0038741375,-0.010692172,-0.036926515,-0.016189074,-0.06814571,-0.021193951,0.1210963,-0.03623684,-0.0016716396,0.056665085,-0.051105887,0.10670735,-0.030090533,-0.107360296,0.013054917,0.022548337,0.00011052564,0.06867629,0.035788827
P08621,-0.039194923,0.09694592,-0.0062480117,-0.0017748146,-0.006972935,-0.011001014,-0.029919328,0.029650211,-0.01980532,0.0069196247,0.06441154,0.012372196,0.0972242,0.008600335,-0.012340362,-0.030416863,0.0040035252,-0.060955483,-0.03597745,0.11918452,-0.02795708,-0.0037747808,0.05110948,-0.04713145,0.11688138,-0.030345878,-0.0903245,0.012252748,0.0064562694,-0.010368674,0.08538137,0.02574026
P61077,-0.019921215,0.11401272,-0.013543293,0.00092344655,-0.02303547,-0.010325092,0.0123537695,0.042535808,-0.036047336,0.016654635,0.07106074,0.029464716,0.11045929,0.03015936,-0.0021612793,-0.015129367,-0.0047392827,-0.032852896,-0.0096764825,0.1154546,-0.012592842,0.005181249,0.053927176,-0.057032425,0.10531284,-0.039108586,-0.09449315,0.024258286,-0.021668214,-0.022327235,0.05249529,0.030485552
P19087,-0.02332811,0.09960168,-0.0154983075,-0.012491086,-0.013510386,-0.018221676,-0.02443401,0.031390358,-0.02972314,0.012589197,0.06538074,0.011407394,0.10505674,0.020601839,-0.020185264,-0.040778372,-0.0056183613,-0.06364112,-0.034509946,0.12221383,-0.036526997,-0.006077008,0.043045834,-0.05441156,0.11961707,-0.030795708,-0.10303038,0.013143939,0.013171564,-0.005266975,0.07351518,0.044256363
P11325,-0.01652064,0.09727275,-0.0053566783,-0.0109171225,-0.03150771,-0.018996164,-0.03503091,0.03809444,-0.040065255,-0.0030143757,0.07546913,0.018099386,0.092364036,0.02759353,-0.018360829,-0.033180866,-0.008115259,-0.06214841,-0.030995423,0.11759137,-0.03400874,0.0025766685,0.048125375,-0.062902585,0.1095492,-0.023853645,-0.107005894,0.0025368494,0.016259192,-0.006352637,0.06727782,0.026122266
Q9NRI5,-0.02460875,0.096371375,-0.005393546,-0.020739894,-0.015473363,-0.023591176,-0.01901361,0.032205723,-0.025498385,0.0040871007,0.069863714,0.025363615,0.096506305,0.016287547,-0.01116665,-0.031059977,-0.011557395,-0.05930662,-0.039012097,0.12128248,-0.026127096,0.012371729,0.04022194,-0.04524436,0.12312794,-0.022833059,-0.099335164,0.005045346,0.0068212114,-0.0074349316,0.062925115,0.030835804
P18708,-0.014351887,0.10488973,-0.009806341,-0.01652473,-0.014072458,-0.006112471,-0.017326755,0.03491922,-0.020886516,-0.00839779,0.07060884,0.008190368,0.12022428,0.015850564,-0.009394219,-0.03782092,-0.002854615,-0.06627695,-0.046300597,0.12538241,-0.034427788,0.011130777,0.04299976,-0.05273671,0.120256044,-0.028017323,-0.08899258,0.01609326,-0.0068611754,-0.0025189146,0.07565878,0.03256188
O81862,-0.012378049,0.11845344,-0.02847997,-0.0036553952,-0.008177454,-0.003378705,-0.013946834,0.040711068,-0.0139928,-0.0007515314,0.058488518,0.040390875,0.098245464,0.022504114,0.0047654635,-0.018589327,-0.011395586,-0.05033097,-0.02040433,0.09987094,-0.028511113,0.011820327,0.058133256,-0.06728811,0.10335085,-0.02232864,-0.113911934,0.019378977,-0.023877325,-0.015740413,0.06228072,0.040842332
B7GTK2,-0.027488645,0.1059061,-0.0233121,0.006349366,0.0022741533,-0.0063635986,-0.00738889,0.003422659,-0.033569686,0.019663535,0.07197778,-0.0055664787,0.103492945,0.012397982,0.0038954979,-0.025831401,0.007170873,-0.07851344,-0.0508375,0.12373741,-0.033691917,0.019842818,0.030419594,-0.03813792,0.10503234,-0.027803486,-0.07268332,0.0250247,-0.020278951,-0.01608234,0.058845293,0.052233987
P01139,-0.029465145,0.09838415,-0.0046320693,-0.02026938,-0.00663762,-0.011702187,-0.025382563,0.031065896,-0.0077414787,-0.0022857815,0.067413785,0.038253684,0.09491929,0.019393701,-0.00602755,-0.017231809,-0.008965445,-0.053009104,-0.036836505,0.10342163,-0.03561742,0.010626304,0.054367974,-0.05496799,0.11476191,-0.028288262,-0.10522852,0.004177046,0.0059427232,-0.00946499,0.07385648,0.022682006
Q13387,-0.026898134,0.106920466,-0.00423913,-0.010195842,-0.015050171,-0.009036632,-0.009606624,0.040514745,-0.026255066,0.00453432,0.06902119,0.030795127,0.108280286,0.01674107,-0.0070062103,-0.0279023,-0.01007493,-0.05650861,-0.036458634,0.11330737,-0.022189617,0.02311741,0.049744226,-0.054381788,0.119418226,-0.031770818,-0.093123004,0.012835008,-0.0029114946,-0.0021951932,0.07136811,0.020996023
P11124,0.00548274,0.14610316,-0.015034104,0.0017078873,-0.0006292211,-0.009977676,0.010370469,0.03940267,-0.010651665,0.0010941904,0.084118254,0.0546383,0.095514834,0.0315007,0.015545977,-0.018815828,-0.0030814668,-0.054337665,-0.04372643,0.09264315,-0.01943031,0.051095992,0.06546227,-0.07362452,0.10662323,-0.04170942,-0.10078289,0.02620145,-0.013036247,-0.02258088,0.072282046,0.0075439643
O60678,-0.030248761,0.10601113,-0.01712548,-0.0037164227,-0.019057434,-0.020949272,-0.031529732,0.026405443,-0.0319509,0.006911817,0.05724166,0.026150474,0.09148977,0.019759405,-0.021269111,-0.035217512,0.00048987754,-0.07083742,-0.04162427,0.11832818,-0.02703399,0.010442495,0.046152376,-0.050851446,0.11174909,-0.020862851,-0.105688214,-0.0020160729,0.002062153,-0.0053318716,0.074081935,0.039726943
O18334,-0.0132022705,0.11379199,-0.01205346,-0.0054412135,-0.00478466,-0.00714482,-0.005579371,0.026618725,-0.010640301,0.014487256,0.06597332,0.038909514,0.09624543,0.0153232785,-0.015809912,-0.03657461,0.00043869522,-0.06313811,-0.054497503,0.114048004,-0.03838119,0.024015525,0.06898898,-0.0654054,0.108039096,-0.043911938,-0.108324766,0.010126063,-0.0015368363,-0.03915863,0.06419852,0.014033079
O94906,-0.023385193,0.10833799,-0.0044466597,-0.006494144,-0.011937897,-0.012118591,-0.01754987,0.038387645,-0.021133982,-0.0037905974,0.06454107,0.023275884,0.10404024,0.0073346565,-0.010301284,-0.03613566,-0.0048641474,-0.055906884,-0.040277258,0.12186674,-0.02968433,0.010951675,0.047211435,-0.049917825,0.11712771,-0.03175036,-0.089505285,0.014058874,0.0032475449,-0.012701458,0.07284829,0.012639771
P01709,-0.012271545,0.10373086,-0.030220192,-0.022515215,-0.024212014,-0.020857466,-0.021579988,0.050613187,-0.013790965,0.003444842,0.054762475,0.038572904,0.09722348,0.044556014,-0.0014852909,-0.030135453,-0.015654678,-0.055429548,9.950204e-05,0.1282072,-0.032606635,-0.015737765,0.04642686,-0.05207219,0.118731275,-0.01181611,-0.10906679,0.00041749142,-0.02424964,-0.009148467,0.052791674,0.06140968
O94806,-0.010632233,0.119491585,-0.01673844,-0.005280539,-0.019517059,-0.015965538,-0.015064277,0.04681633,-0.017970068,-0.0013617495,0.060352135,0.035276223,0.09503621,0.024227329,-0.002720577,-0.03201511,-0.02324032,-0.05420861,-0.029708976,0.12207508,-0.026094912,0.008318872,0.062108535,-0.07130887,0.11227519,-0.02769638,-0.10358715,0.00484521,-0.0036371092,-0.017015258,0.061721444,0.027673805
P19338,-0.024923887,0.10280989,-0.008828529,-0.008080519,-0.016481305,-0.018575298,-0.0138885155,0.031812597,-0.02685383,0.0041639013,0.06719885,0.023368822,0.10509908,0.023697838,-0.012187691,-0.026024368,-0.008145321,-0.049428057,-0.026284441,0.11451804,-0.026105614,0.0042272136,0.04958444,-0.058421224,0.115091726,-0.03364413,-0.09656149,0.008216133,-0.0105724875,-0.016123135,0.06638353,0.035206888
P18433,-0.010053177,0.117594086,-0.025267549,-0.026880153,-0.024167068,-0.010465971,-0.02192366,0.051702898,-0.0104223965,-0.0074203857,0.059221234,0.031499147,0.09732116,0.02874775,0.0067001674,-0.03420328,-0.024197897,-0.06530431,-0.030190026,0.12851292,-0.035504304,-0.0044435235,0.060767848,-0.06478016,0.120719396,-0.013609578,-0.10461211,0.003533485,-0.003514383,-0.007616177,0.069151066,0.048889335
P0AC13,-0.020702222,0.0973639,-0.015820159,-0.009546903,-0.01966414,-0.019053303,-0.02408435,0.038245533,-0.030273536,0.011196089,0.061050195,0.026624294,0.100610115,0.02123083,-0.020621475,-0.04208908,-0.01545462,-0.06947363,-0.03015697,0.120792806,-0.02994197,0.020409059,0.046585042,-0.060534835,0.11983775,-0.0201475,-0.1078667,-0.0103895245,-0.002103148,-0.008714642,0.06324651,0.03244974
A8MT69,-0.0358027,0.09133015,-0.017768664,-0.0016638152,-0.0043749656,-0.0054875123,-0.021271883,0.033197496,-0.018609075,0.014500639,0.06365656,0.014881912,0.09058131,0.0044703535,-0.01525646,-0.029538078,-0.0017655513,-0.057537984,-0.035569984,0.11636806,-0.03465613,0.00012296943,0.039603274,-0.042149674,0.12279546,-0.026932735,-0.09625367,0.006084126,-0.0012123681,-0.01911704,0.0758229,0.033581857
A6NED2,-0.01352422,0.08634335,-0.029013965,-0.022629622,-0.0286893,-0.03865199,-0.03372744,0.046942174,-0.023354929,0.014457884,0.055006668,0.031592876,0.08689883,0.038185712,-0.023497758,-0.04750726,-0.03249134,-0.07089899,-0.011540465,0.14781052,-0.04146097,-0.0064577498,0.040887635,-0.048290454,0.119894624,-0.016329736,-0.11257233,-0.014262364,0.011660023,-0.004330691,0.050535645,0.056421902
P0DOB5,0.008632334,0.1424133,-0.02159388,0.009271868,-0.019468792,0.0026613344,-0.019671995,0.03918152,-0.024690155,-0.027258452,0.055255637,0.029627629,0.10971584,0.018615898,0.004829753,-0.030519135,-0.022112435,-0.05890947,-0.048274443,0.10080129,-0.031888086,0.013271629,0.08725746,-0.10540855,0.091672376,-0.04441333,-0.10552563,0.013578774,-0.007663751,-0.015427221,0.07832034,0.013518384
P40429,-0.02874181,0.08945131,-0.016755333,-0.0010307649,-0.004916528,-0.015633108,-0.024746854,0.023620484,-0.030914297,0.008590861,0.06811828,0.011999768,0.10290749,0.021139432,-0.019361632,-0.018944073,0.0006952607,-0.054831166,-0.027800525,0.10681825,-0.034508888,0.011447759,0.03531108,-0.04550012,0.11333672,-0.028395856,-0.09281313,0.010545484,-0.005674235,-0.011067054,0.068936005,0.038056564
P00734,-0.016346378,0.11586637,-0.01909673,-0.012053187,-0.009778711,-0.005570728,-0.010677508,0.042284533,-0.016443538,0.006966863,0.06382058,0.02794119,0.09446144,0.024530254,-0.003213657,-0.028026229,0.00089863193,-0.055600602,-0.031803533,0.112884164,-0.029971339,0.011916831,0.058849175,-0.05740449,0.10542607,-0.02636949,-0.1027728,0.012900463,-0.018287888,-0.02202261,0.06768634,0.03161593
O75368,-0.02646815,0.102801695,-0.011587197,-0.009561515,-0.021581316,-0.018360598,-0.027152518,0.033464592,-0.03059062,-0.00029290607,0.062515795,0.019644566,0.09787922,0.01866417,-0.013046964,-0.02526077,-0.007975962,-0.06388363,-0.035513032,0.12058598,-0.021093227,0.016948206,0.05536515,-0.042774845,0.09923203,-0.028145641,-0.09755188,0.0031937126,0.011298709,-0.009542823,0.06949122,0.019727718
O95390,-0.026611451,0.052030362,-0.013237711,-0.03852696,-0.019062089,-0.045884408,-0.04489719,0.042610224,-0.043443296,0.016539149,0.0628602,0.009834878,0.080989644,0.029107433,-0.012547888,-0.053003415,-0.011772996,-0.09552756,-0.028841628,0.13587713,-0.047707833,-0.03438286,0.042500656,-0.042606603,0.14581856,0.002190251,-0.10044735,-0.024200847,0.0017863074,0.04610541,0.0735722,0.0833947
O94649,-0.037264753,0.089123175,-0.0023102863,-0.0016509825,-0.0067244996,0.0029254307,-0.007425907,0.037317086,-0.02995099,0.020742506,0.07716581,-0.00914942,0.09332005,0.0042428835,-0.0040969267,-0.021255508,-0.006107052,-0.060430378,-0.031655446,0.115713835,-0.025883911,0.00374815,0.03296158,-0.047528096,0.11513743,-0.01866087,-0.096784815,0.018596075,-0.00977635,-0.010939453,0.06344533,0.037609484
P99999,-0.015371248,0.096556015,-0.022976626,-0.009255436,-0.029077033,-0.019491676,-0.021842198,0.031788614,-0.033512626,0.0059679495,0.062465187,0.023950394,0.1001507,0.024195904,-0.014013211,-0.037991542,-0.009851508,-0.066351585,-0.022106335,0.13152733,-0.031687886,0.0029149991,0.044934038,-0.051020343,0.11004446,-0.024219083,-0.100985326,0.0072675305,-0.0015551402,-0.013741043,0.05340576,0.041571084
P05112,-0.01431481,0.12477205,-0.020211145,-0.012188216,-0.01366901,0.01554413,-0.022313863,0.052068274,0.0005371673,-0.020386174,0.06373699,0.027753524,0.1047956,0.022943653,0.010458329,-0.01684234,-0.014215196,-0.051323593,-0.034208596,0.10713964,-0.03129456,0.0056684483,0.06873059,-0.078137495,0.11416809,-0.022786427,-0.101174,0.018991848,-0.015024727,-0.013261862,0.082332574,0.029749226
P61457,-0.027587568,0.1113954,-0.0011671577,-0.018475292,-0.017996876,-0.011945017,-0.0075663202,0.04364808,-0.018362995,-0.001809563,0.07260495,0.030828435,0.10279021,0.02020341,-0.0017038938,-0.017355006,-0.013409044,-0.04207124,-0.030262116,0.116776235,-0.018049981,0.015850473,0.04642465,-0.051737398,0.11642559,-0.025205223,-0.097528845,0.012525153,-0.0017709276,-0.011049802,0.065007016,0.020497903
Q8NEU8,-0.018110784,0.110582076,-0.0107597485,-0.0164972,-0.0148588875,-0.0038109033,-0.0047635376,0.031436075,-0.022507908,0.006517866,0.06831936,0.024588129,0.101839624,0.015039481,-0.0015266963,-0.027660003,-0.005320752,-0.056977898,-0.034620494,0.117335804,-0.029915007,0.008316538,0.050166145,-0.058123153,0.106891535,-0.030525172,-0.10051298,0.02283749,-0.009551612,-0.013729884,0.06643411,0.029087372
P47897,-0.015707128,0.09844891,-0.017022856,-0.007901631,-0.017393542,-0.015460693,-0.020689942,0.037467856,-0.02433544,0.010857659,0.068651184,0.02681786,0.09869095,0.029379198,-0.009048917,-0.032759722,-0.007921131,-0.06409858,-0.026390329,0.11472562,-0.029092645,0.009894118,0.054415062,-0.061831877,0.11704354,-0.0244895,-0.10198358,0.00030565728,-0.008715731,-0.008948866,0.06707259,0.038497895
Q8N3Y7,-0.022424068,0.113439366,-0.008951699,-0.0007273345,-0.016745424,-0.0120924935,-0.00905809,0.035668492,-0.024724532,0.008934608,0.06423624,0.03230439,0.10040339,0.024095349,-0.008014345,-0.01978762,-0.0057138703,-0.04747905,-0.027861107,0.11007413,-0.02066929,0.0064834002,0.055438228,-0.06112114,0.1108144,-0.030523136,-0.104148045,0.010308667,-0.008420853,-0.01862266,0.06788988,0.025769517
P18627,-0.044112787,0.08051637,-0.0064436737,-0.0044212043,-0.0043298667,-0.0013424819,-0.0017220071,0.020294588,-0.039512828,0.026072662,0.06684436,-0.0073041916,0.1297005,0.006990566,-0.035140064,-0.025621444,0.00980215,-0.04001697,-0.02325805,0.11577546,-0.020170819,0.013732392,0.028756395,-0.04298264,0.11632244,-0.03871327,-0.104120314,0.015924618,-0.01863551,-0.034632042,0.053519446,0.029499067
P55055,-0.022249898,0.100853905,-0.013650936,-0.004859305,-0.016821805,-0.012729141,-0.02618606,0.032706983,-0.022377845,0.0019878044,0.064054795,0.021576192,0.09823487,0.014320733,-0.011052905,-0.034085426,-0.00994875,-0.06896557,-0.036959667,0.12074448,-0.03296245,0.0053086923,0.044413183,-0.053187378,0.12060209,-0.020676143,-0.10017508,0.005662567,7.9656675e-05,-0.011758703,0.06864794,0.03579391
O00472,-0.030395934,0.10828279,-0.0029214285,-0.0061784815,-0.0104492735,-0.0074601574,-0.0055809002,0.043449733,-0.020786831,0.0123427985,0.07426693,0.017873768,0.08052,0.016035395,0.010303305,-0.018900512,-0.0015183468,-0.047272585,-0.024338316,0.11234039,-0.011772264,0.003394084,0.048825473,-0.053267516,0.1074059,-0.017515428,-0.106958196,0.013997898,-0.016705949,-0.020694392,0.05463881,0.030459411
P9WQN9,-0.014184822,0.11547756,-0.022531878,-0.007941022,-0.009587895,-0.0012305835,0.0067082867,0.018692134,-0.016647004,0.0044536144,0.06638923,0.022930946,0.11515094,0.020873979,0.011246561,-0.017012164,9.1590104e-05,-0.059183307,-0.025104966,0.11351113,-0.023709249,0.016406616,0.051525403,-0.05854987,0.10337072,-0.027096916,-0.096451946,0.022876702,-0.039558537,-0.027499113,0.054055408,0.04197932
P0AFM6,-0.018356267,0.11963351,-0.006552202,-0.022460563,-0.012431109,-0.011934902,-0.008551218,0.036183525,-0.016634502,-0.01264666,0.0674605,0.038463715,0.104034424,0.02076379,0.0016382247,-0.019612592,-0.00999385,-0.048651945,-0.036871113,0.107464455,-0.025110777,0.021116752,0.050643075,-0.062421672,0.10987382,-0.026812404,-0.10882603,0.010163575,-0.010442296,-0.008129149,0.0673608,0.021628175
Q93VT9,-0.028356928,0.09995397,-0.013307035,-0.01158333,-0.010104182,-0.015273261,-0.021493396,0.03483051,-0.033193972,0.016568348,0.063825816,0.013795028,0.0981638,0.022352032,-0.010986673,-0.035871375,-0.005462398,-0.07274152,-0.03774379,0.11964084,-0.03143222,0.010181936,0.03639262,-0.047557514,0.12481241,-0.015062263,-0.09947376,0.0048357784,-0.005249393,-0.0014125832,0.06668015,0.04768121
P19793,-0.02343588,0.10910119,-0.010902776,-0.009758833,-0.016745249,-0.00896381,-0.012638247,0.033307794,-0.02522822,0.001493707,0.06257927,0.023231722,0.1035663,0.016325964,-0.00626051,-0.024161754,-0.00839164,-0.054376617,-0.033328682,0.11443468,-0.028597543,0.0043247812,0.05097522,-0.057825614,0.110781886,-0.027279913,-0.09976507,0.010407064,-0.008386272,-0.013449144,0.06940174,0.031097934
G5EEG7,-0.0108177485,0.1438423,0.0020966474,-0.04127076,-0.022867152,-0.00407538,-0.0015784564,0.045221686,-0.015621447,-0.029158458,0.065386795,0.04707988,0.117709935,0.017923791,0.0061027543,-0.023986166,-0.006711257,-0.03852727,-0.04640655,0.110305764,-0.017866714,0.024205819,0.06512125,-0.07258653,0.10743744,-0.03129999,-0.10515916,0.027103985,-0.005499717,-0.0028614525,0.086325236,0.0022787813
Q60591,-0.02457119,0.10525903,-0.013084599,-0.0009688129,-0.014751318,-0.0056447918,-0.016527805,0.024196519,-0.027375476,0.00051449065,0.061239447,0.014563529,0.10553063,0.012399473,-0.0063239513,-0.02307418,-0.008452061,-0.06138556,-0.03564707,0.112098284,-0.029696498,0.00085287594,0.048412498,-0.062214255,0.10876104,-0.026875172,-0.100622825,0.009258821,-0.01285036,-0.011184394,0.06863516,0.03793038
Q12018,-0.039579373,0.08282786,-0.008395254,0.0043003396,-0.0028355762,-0.011248112,-0.029844144,0.019754065,-0.028751573,0.006725934,0.058063287,0.008356224,0.10771674,-0.011430659,-0.025536323,-0.042947114,0.019879935,-0.05991407,-0.035730693,0.120253794,-0.03263672,0.0049193627,0.021403477,-0.020722909,0.117009796,-0.02768369,-0.083588086,0.020087196,0.009861191,-0.008866991,0.07135587,0.012193375
Q9H0A6,-0.019374635,0.10696555,-0.021885706,-0.010882972,-0.0167999,-0.0065561063,-0.0029233787,0.023823803,-0.019843139,0.00842905,0.06685457,0.027286258,0.10917444,0.01732286,-0.004488988,-0.03393311,-0.014493838,-0.06071067,-0.03932569,0.12910977,-0.034596432,0.0108392835,0.04463309,-0.055715345,0.11606939,-0.03743185,-0.09567992,0.008182342,-0.014232015,-0.024406008,0.053430103,0.0418938
P41250,-0.017264014,0.11407211,-0.014138111,-0.007818929,-0.014607495,-0.015652588,-0.013319175,0.036599226,-0.020116637,-0.001799618,0.07015362,0.036009755,0.1050085,0.021783326,-0.0019581902,-0.0245781,-0.004780253,-0.05295619,-0.028989013,0.10792603,-0.027725825,0.017334556,0.052359033,-0.054585014,0.11324521,-0.02946045,-0.096673384,0.00907235,0.0012954881,-0.013308672,0.07191217,0.020827608
P00957,-0.015731446,0.1264296,-0.009732735,-0.011725342,-0.01641765,-0.0027966914,-0.012026969,0.04915762,-0.015171077,-0.0026001018,0.0590501,0.034115523,0.09965135,0.023491092,-0.004538865,-0.025015363,-0.011734806,-0.04291658,-0.031156072,0.114928156,-0.02257033,0.014220614,0.060924128,-0.06689513,0.10706905,-0.02921104,-0.10079251,0.020362873,-0.00641607,-0.017003708,0.07468326,0.012542827
P10300,-0.006723006,0.10045286,-0.023107406,-0.010176688,-0.015830653,-0.014982878,-0.0175624,0.035602078,-0.03156764,0.0033610184,0.059000447,0.022366025,0.093453206,0.021214494,-0.0124844415,-0.023255568,-0.011771755,-0.068201095,-0.02354544,0.120146394,-0.050884787,-0.0064513464,0.037677012,-0.05265838,0.11339184,-0.014679354,-0.099230304,0.011700125,-0.012811464,-0.0054443465,0.072333604,0.041601725
P03612,-0.029242402,0.11250156,0.006312167,-0.02097325,-0.019945348,-0.022471407,-0.013544452,0.044512108,-0.022712698,-0.015207611,0.061107516,0.04315084,0.11099511,0.0014811946,-0.012608126,-0.031902105,0.0023399713,-0.042926054,-0.041849744,0.11771092,-0.014975116,0.021795161,0.060651645,-0.040698532,0.11190802,-0.03335134,-0.09326404,0.009199287,0.016566115,-0.005686752,0.07988929,-0.011335284
P20826,-0.011501983,0.11206091,-0.021699911,-0.017219158,-0.017873434,6.0187962e-05,-0.01914114,0.047254484,-0.007618716,-0.002263108,0.064619474,0.026703954,0.09964243,0.033086482,0.0046184445,-0.023962343,-0.012214012,-0.054429684,-0.019423405,0.1186182,-0.03237494,-0.0018459418,0.0599514,-0.066437535,0.10878119,-0.022079313,-0.10102425,0.013769689,-0.0198603,-0.013550368,0.06991843,0.040912524
P12931,-0.020872213,0.102763854,-0.015079163,-0.0130343065,-0.013471777,-0.01637564,-0.018405832,0.035111684,-0.024204079,0.006098708,0.062415175,0.029056882,0.09578637,0.02205385,-0.010132562,-0.0304692,-0.0044452604,-0.061469864,-0.033938445,0.119348474,-0.030237637,0.009516443,0.046319135,-0.04771681,0.11704957,-0.023941306,-0.10150889,0.01015049,-0.0032878947,-0.010619257,0.06499744,0.033350293
P50142,-0.01794773,0.097240604,-0.019552125,-0.029448397,-0.021621382,-0.011110818,-0.019604176,0.026092,-0.029210215,0.0055657197,0.06377588,0.019308578,0.10094408,0.027219104,-0.004671895,-0.032173004,-0.0071875183,-0.08574444,-0.03998609,0.1363989,-0.03623946,0.005141006,0.04616274,-0.04931611,0.12905888,-0.013140562,-0.09553002,0.014566145,-0.017163323,-0.0059854747,0.07147366,0.05628462
P05981,-0.005098276,0.110376395,-0.01499713,-0.011033727,-0.016550489,-0.00827887,-0.006013516,0.033239357,-0.027759945,0.012125085,0.06752065,0.027695488,0.103131056,0.029956978,-0.015443573,-0.02779734,-0.0031549863,-0.053795356,-0.023154693,0.11515407,-0.03973406,0.005199651,0.048068713,-0.06435876,0.10616062,-0.03304564,-0.10566225,0.018692937,-0.018887207,-0.026907204,0.06465447,0.029333377
A0A2P1GIW2,-0.0122310715,0.11405942,-0.021770798,-0.012103736,-0.027893588,-0.01627227,-0.019225597,0.035259776,-0.02664488,-0.014867241,0.058671102,0.03436213,0.09979643,0.014247009,-0.0053332215,-0.03219211,-0.021091688,-0.06387843,-0.036233783,0.12823649,-0.028244752,0.013744796,0.065736756,-0.069799304,0.1018978,-0.030993752,-0.10663399,0.0068850024,0.0048282985,-0.009989118,0.06403019,0.025838103
P20592,-0.0054265927,0.117729835,-0.031993832,-0.021451518,-0.005082383,-0.01297311,-0.0062770173,0.031351674,-0.0016747093,0.00071448024,0.063424505,0.04690996,0.09391222,0.028339535,0.011160549,-0.018425819,-0.006835189,-0.06856941,-0.028054817,0.10785266,-0.041415196,0.028372752,0.056537893,-0.05455545,0.10762391,-0.012983403,-0.1105554,0.006546168,-0.0133498,-0.021615887,0.06375261,0.034601904
O60242,-0.0011366643,0.089858845,-0.024107276,-0.033125684,-0.026550155,-0.024534743,-0.02194367,0.0360547,-0.022767853,0.028696384,0.07206724,0.019460516,0.094098344,0.058962587,-0.016266376,-0.039516803,-0.010950708,-0.061216436,0.0020944732,0.14021662,-0.046151258,-0.016880494,0.03227486,-0.05052284,0.109068945,-0.020676516,-0.10100347,0.008995973,-0.021773826,-0.015203606,0.055555698,0.065816656
P08393,-0.014628266,0.13410461,-0.006328996,-0.004974497,-0.02074051,-0.010047438,0.02729203,0.04953524,-0.043863613,0.0069257277,0.06707747,0.056157064,0.10970771,0.030657427,-0.002131531,-0.012228437,0.0066708275,-0.022965088,-0.030480405,0.106888324,-0.013718124,0.014001444,0.066668816,-0.061656505,0.11016983,-0.0480872,-0.094853766,0.038217325,-0.024183944,-0.017632734,0.05631436,0.014179778
E9Q401,-0.015496099,0.11651362,-0.008498506,-0.01646928,-0.02004667,-0.0104052005,-0.0029499684,0.034895353,-0.025692452,0.0045162076,0.0650294,0.039593108,0.098648615,0.024115993,-0.0020152836,-0.019463774,-0.0090034595,-0.048674643,-0.034161445,0.11346316,-0.023607627,0.01117368,0.06391565,-0.06561162,0.10824752,-0.031367093,-0.10083921,0.015020849,-0.012700026,-0.017049016,0.06763657,0.022501638
O75324,-0.010027751,0.0881012,-0.00827426,-0.019180562,-0.020979958,-0.010402834,-0.016680986,0.022356106,-0.042031225,0.027347634,0.06484705,-0.0005870269,0.11142939,0.03435653,-0.02628473,-0.04358198,-0.0045239166,-0.07071411,-0.016217122,0.12927179,-0.046198007,0.0032425432,0.032692373,-0.060020205,0.1013607,-0.024907282,-0.0935815,0.0068276934,-0.03413254,-0.016842986,0.06183177,0.041921336
O15085,-0.017915178,0.104712844,-0.011516732,-0.024228472,-0.02205203,-0.024024475,-0.013744956,0.04538279,-0.01993676,0.009515277,0.059996594,0.03595198,0.09997574,0.035485785,-0.007658706,-0.036686335,-0.015365055,-0.05566991,-0.016491067,0.12868056,-0.024972377,0.0028847703,0.049372762,-0.058065377,0.1229768,-0.017036926,-0.10800866,-0.0022160434,-0.01687352,-0.012678847,0.055737235,0.041289385
P07102,-0.04391017,0.10211086,-0.012214264,0.0004552435,0.0009844063,0.0059035984,-0.037790973,0.031423412,-0.009544239,0.013593392,0.07201663,-0.0020419974,0.08223079,0.012850728,-0.013114908,-0.023775741,-0.0019440472,-0.055722576,-0.04480461,0.109132364,-0.033562288,0.0026612575,0.04503299,-0.0596819,0.11729696,-0.025986835,-0.09811234,0.0052372874,0.0049693333,-0.024476731,0.094134435,0.034301423
P09467,-0.019326586,0.1054664,-0.010016149,-0.010982426,-0.018712576,-0.0025403437,-0.007085071,0.03538521,-0.028022591,0.010706593,0.06234956,0.011167413,0.11517261,0.019870473,-0.0121378135,-0.03222577,-0.005760809,-0.055380967,-0.02301441,0.118665084,-0.027748132,0.00963258,0.052168675,-0.06095304,0.103639975,-0.030525947,-0.09536531,0.014657268,-0.022022158,-0.019668898,0.06687047,0.028530892
Q5BJF6,-0.012967969,0.10802658,-0.0054945936,-0.0034514468,-0.021729795,-0.022449028,-0.017230345,0.03753777,-0.02451715,-0.0037335672,0.06591694,0.037394457,0.094149634,0.01790458,-0.008898916,-0.028849136,-0.022712959,-0.057882857,-0.03938342,0.123116,-0.02686344,0.011758545,0.052110195,-0.061160468,0.11967441,-0.027705196,-0.095271304,0.0025452855,0.0004996988,-0.012514238,0.060804367,0.020436956
P27361,-0.016627094,0.11267284,-0.00832932,-0.012778631,-0.01906583,-0.014941771,-0.014869445,0.031886287,-0.022161063,-0.00030493323,0.06475024,0.03685314,0.09987399,0.017947027,-0.011090458,-0.031672187,-0.0094586965,-0.055838306,-0.041688696,0.11499819,-0.027429095,0.013028779,0.06265761,-0.06772931,0.111801706,-0.03303535,-0.106102616,0.0051187915,-0.00027110695,-0.020381533,0.065916635,0.020730143
B8Q027,-0.012622034,0.14355443,-0.007990796,0.009581968,-0.009623713,0.013672796,-0.004019011,0.06052741,-0.008804843,-0.026724432,0.06439637,0.045534946,0.09583515,0.0025008596,0.015491251,-0.020735934,-0.010567137,-0.04269033,-0.039873257,0.10167091,-0.02039201,0.022143548,0.06458442,-0.07308635,0.110435754,-0.034107164,-0.09425087,0.0380446,-0.009269485,-0.009340938,0.07362414,-0.00313247
P15391,-0.015278627,0.07993004,-0.018234191,-0.022623649,-0.014926742,-0.03707729,-0.030317664,0.043183174,-0.036814313,0.016700702,0.059474707,0.018074514,0.08150194,0.02927286,-0.016486129,-0.039542582,-0.01160122,-0.079049446,-0.018794673,0.12983535,-0.047035042,-0.01698115,0.033212077,-0.041547015,0.12621868,-0.0034668904,-0.10248613,-0.008233094,-0.0061457143,0.016139256,0.0697471,0.059307802
P02100,-0.031312365,0.07828069,-0.021604076,-0.0063679237,-0.026048094,-0.023206389,-0.040835254,0.040551946,-0.025530012,0.015282201,0.05371073,0.026301464,0.07903266,0.008967304,-0.031794347,-0.04053849,-0.032397814,-0.07817564,-0.037127227,0.13559818,-0.033901222,0.005313266,0.048195988,-0.052746132,0.11920543,-0.016741967,-0.11069051,-0.018042684,0.029685982,0.011682896,0.07276269,0.03831302
P13639,-0.02290479,0.101299584,-0.015348139,-0.0041851713,-0.01242705,-0.01636353,-0.014985979,0.022206264,-0.030081442,0.01027969,0.06584845,0.022965921,0.10020905,0.01924211,-0.009610947,-0.030613393,-3.3735298e-05,-0.06336143,-0.030764544,0.117508836,-0.032962818,0.0067418497,0.039957363,-0.049387228,0.114698656,-0.027995007,-0.09508773,0.006943868,-0.015590093,-0.019206217,0.062724985,0.0379464
P04278,-0.027594509,0.12291289,-0.011342656,-0.021664903,-0.012021631,0.016973738,-0.001089789,0.06328796,0.01555587,-0.014435153,0.07961574,0.037534945,0.11440097,0.04767583,0.033801876,0.002038028,0.003409524,-0.028636457,-0.005408856,0.099012025,-0.010086948,0.007864903,0.06471512,-0.056071103,0.111967795,-0.020244937,-0.09379235,0.024777427,-0.04769114,-0.013962589,0.0596773,0.041170426
P12063,-0.033543453,0.11598216,0.011876762,-0.01700266,-0.016819816,-0.015052321,-0.0200971,0.048144445,-0.022220766,-0.017688295,0.065559,0.034149267,0.11893344,0.008691656,-0.015652273,-0.03308461,0.005177636,-0.037313845,-0.041340172,0.114333674,-0.021224588,0.01748829,0.0426008,-0.037415475,0.117963225,-0.035509966,-0.08392091,0.0153816715,0.015570986,0.0024692453,0.086911306,-0.009284219
O00338,-0.02005033,0.11518254,-0.00895258,0.0056527257,-0.019417001,-0.034644958,-0.02418601,0.045955736,-0.019302106,0.00016505148,0.059966516,0.04245313,0.081429355,0.032629717,-0.01630996,-0.025208384,-0.0135773085,-0.0543664,-0.028596384,0.118662976,-0.023199419,0.014070753,0.056083143,-0.051912922,0.105209105,-0.028914921,-0.10028478,-0.0011264657,0.0009214825,-0.010197885,0.07294845,0.0246766
P12955,-0.03332908,0.111242175,0.0005990863,-0.0024701208,-0.005529761,-0.0016354825,-0.015896793,0.056314442,-0.016719578,0.00040644873,0.0768096,0.01888772,0.09052841,0.0017811814,0.008604985,-0.03837908,-0.0021754846,-0.073088095,-0.044981245,0.11539564,-0.028580535,0.021877868,0.06824924,-0.05475119,0.120844826,-0.030098088,-0.08975428,0.015412556,0.013345853,-0.011943126,0.085254535,0.005309567
P05696,-0.018958813,0.10123618,-0.017350668,-0.014419705,-0.01519337,-0.012929914,-0.020536596,0.04313145,-0.020433422,0.004640347,0.06193296,0.020305227,0.09086166,0.016804338,-0.003870777,-0.030540574,-0.018102953,-0.06695823,-0.03237284,0.1258541,-0.033823267,0.0088955695,0.05764503,-0.05839472,0.11071173,-0.018277105,-0.09695416,0.0036830925,-0.0018793003,-0.006119973,0.06965567,0.03316253
O75317,-0.011489935,0.12030816,-0.0160975,-0.018624695,-0.02219834,-0.018547215,-0.0039003275,0.039560836,-0.029993586,-0.001731682,0.059782762,0.039044064,0.09890627,0.024502462,0.005664772,-0.0278797,-0.0058144815,-0.058935504,-0.029173842,0.119452655,-0.01757487,0.0075088306,0.06805974,-0.06652045,0.11016265,-0.022033937,-0.106382005,0.013497221,-0.019670438,-0.009091753,0.06315537,0.035334416
O95393,-0.023209937,0.10163943,-0.013168557,-0.00691168,-0.020726671,-0.0033424983,-0.013216352,0.034984134,-0.028384693,0.0049560084,0.061008617,0.021957027,0.09830627,0.020396333,-0.0043381816,-0.017190866,-0.00673945,-0.06037054,-0.024984054,0.11414059,-0.028036581,0.0020779858,0.055088263,-0.05835162,0.11032705,-0.01982238,-0.09698432,0.014402596,-0.021972405,-0.013014856,0.06853685,0.037317403
Q3E7X9,-0.03884056,0.095804036,-0.015995787,-0.014739788,-0.004992721,-0.015519567,-0.026104206,0.033816576,-0.033530023,0.01531937,0.054804903,0.0097622955,0.09625118,0.010589972,-0.024808152,-0.032376904,-0.012095065,-0.056116287,-0.028962955,0.121766575,-0.035155334,0.015319777,0.026916325,-0.04210631,0.11096778,-0.018579435,-0.101252854,-0.0010349384,0.0006761728,-0.010356859,0.064665824,0.032028206
P32856,-0.016955083,0.09596294,-0.0024580127,-0.018233038,-0.02370405,-0.018680884,-0.018970309,0.03920065,-0.019268677,0.0052253655,0.06739955,0.024051856,0.09391878,0.02842646,-0.011423269,-0.023005234,-0.016852459,-0.062781215,-0.026285278,0.1249862,-0.0354166,-0.0028727667,0.051319428,-0.056476448,0.11349017,-0.019345433,-0.0954624,0.00480566,-0.008338616,-0.002850247,0.07580466,0.035167497
P15926,-0.01596566,0.1199674,-0.023962151,0.0031597242,-0.0042999377,-0.000111212954,-0.012977969,0.03551689,-0.017098516,0.010412629,0.06444833,0.030824713,0.104648665,0.013218677,-0.013624139,-0.040147904,-0.0014808993,-0.05201406,-0.05049406,0.107029125,-0.037439637,0.01939326,0.06789866,-0.07074348,0.114170045,-0.046418786,-0.09786923,0.010472644,0.0057020145,-0.034368705,0.07191642,0.017090555
O75717,-0.023981279,0.093719125,-0.004851483,-0.011277682,-0.011842024,-0.019338885,-0.008222912,0.030719599,-0.022739982,0.009494398,0.06037462,0.03448352,0.0998986,0.011553626,-0.0061988123,-0.029104209,0.0068277717,-0.06272322,-0.028937379,0.11873581,-0.024614925,0.006964887,0.033507507,-0.03590416,0.13590048,-0.006194414,-0.09568294,0.0070398767,-0.020607814,-0.008964009,0.06450211,0.027771153
P07395,-0.022968804,0.10927296,-0.009847005,-0.022744233,-0.02027123,-0.0034177874,-0.008802296,0.036553763,-0.016188078,-0.00728664,0.06681147,0.0184697,0.11417834,0.014200039,-0.002308761,-0.026733438,-0.01734075,-0.060529973,-0.042679,0.13103957,-0.03256919,0.014411586,0.043347817,-0.050633494,0.11561498,-0.024571905,-0.09042377,0.013819185,-0.0039613447,-0.0034142323,0.071149506,0.031050004
Q99816,-0.025146956,0.094872005,-0.012883375,-0.007600279,-0.013894875,-0.011722442,-0.012669258,0.028535279,-0.027197948,0.013476218,0.05974254,0.024176657,0.09870742,0.0073993574,-0.021843905,-0.03629628,-0.008190842,-0.065299705,-0.0381089,0.12354964,-0.035278924,0.010993744,0.040851563,-0.047423996,0.11763575,-0.02972672,-0.102190994,0.009562737,-0.0027938783,-0.018654808,0.062414527,0.029032607
P0CY29,-0.013958258,0.11492473,-0.025485253,0.0025454808,-0.020518638,0.0031313386,0.0021576,0.03603701,-0.030411512,-0.0021028575,0.06135745,0.028698,0.109679796,0.016809352,0.0072076544,-0.010074211,0.0012577403,-0.04550059,-0.008932498,0.10447815,-0.024452144,-0.0013321858,0.059185866,-0.06209864,0.0973959,-0.028244158,-0.097637765,0.0286223,-0.030434446,-0.019486904,0.06193909,0.031532302
Q13404,-0.027101472,0.08310286,-0.0119764535,-0.010570234,-0.018944804,-0.027381795,-0.021452932,0.029863225,-0.03616709,0.021305976,0.06234737,0.013439248,0.09951295,0.026105344,-0.022007568,-0.033147823,-0.0044470285,-0.06773519,-0.020905262,0.1274622,-0.025735693,-0.0022706713,0.04732195,-0.049680762,0.11339273,-0.021518644,-0.10053493,-0.005540105,-0.011997478,0.00014663648,0.06892447,0.04645294
P0ABB4,-0.024142612,0.07840602,-0.014823476,0.013404047,-0.007414574,-0.023234375,-0.014350017,0.027442155,-0.032815136,0.013215397,0.06292406,0.017212573,0.11041386,0.024227321,-0.030800648,-0.014182623,0.009521717,-0.04453918,-0.0040270737,0.09782011,-0.02438471,0.010547405,0.049969405,-0.045925,0.09736687,-0.03938506,-0.10001856,0.006083112,-0.024684928,-0.021191519,0.061254285,0.028826348
P04911,-0.02568952,0.08553491,-0.020242952,0.021596083,-0.002795077,-0.0014668157,-0.015515253,0.016566753,-0.030791312,0.013195979,0.058611166,0.011666939,0.109844744,-0.0075742044,-0.029299622,-0.020910168,0.014725615,-0.053452242,-0.021927627,0.10384515,-0.03399273,0.00397788,0.014221825,-0.032558408,0.11923432,-0.022516204,-0.0947499,0.026451806,-0.006391699,-0.016696231,0.072666615,0.018479554
O60341,-0.026763635,0.10380017,-0.010072102,-0.009890272,-0.0120482,-0.016981922,-0.021270003,0.03297118,-0.022615425,0.0037622019,0.064158514,0.025731403,0.098932095,0.024437487,-0.011905801,-0.022980142,-0.0010560566,-0.05331688,-0.032905627,0.115838476,-0.028817477,-0.00018388969,0.045344803,-0.048662744,0.11998078,-0.025077669,-0.09762046,0.0065884218,-0.00581988,-0.009979978,0.0750983,0.033275824
P27278,-0.025952624,0.09988972,-0.008727136,-0.016054152,-0.007763377,-0.0042133275,-0.015883015,0.03186356,-0.006630563,0.002468895,0.06794957,0.010919183,0.10492664,0.019023256,-0.002344957,-0.023184478,-0.013734169,-0.06264584,-0.03660434,0.11468096,-0.039727535,0.001931859,0.04144733,-0.0528166,0.116735294,-0.022305425,-0.09441145,0.0065805903,-0.013526862,-0.0072605163,0.07562957,0.044854555
Q9V4S8,-0.03276103,0.085613236,0.008153254,0.007207494,-0.019269206,-0.0058026346,-0.02518616,0.019142713,-0.023973923,0.006900876,0.06468531,-0.0037347171,0.09162812,-0.0015895453,-0.02096301,-0.017300658,-0.01330826,-0.06740897,-0.039926022,0.11715703,-0.034323163,-0.00885907,0.044587135,-0.05370576,0.09348382,-0.026689727,-0.09709778,0.0021658698,-0.0017133038,-0.01168721,0.080197245,0.023622647
P0AEY8,-0.007847079,0.123930335,-0.025126042,-0.019563464,-0.019342208,-0.011196687,-0.010073484,0.04749601,-0.010026285,-0.007957727,0.061883617,0.03837786,0.10322576,0.036280375,0.015407977,-0.033074956,-0.02214287,-0.058682352,-0.02732868,0.12512127,-0.031218404,-0.00022474707,0.052720014,-0.06495085,0.120883845,-0.021150017,-0.09993577,0.0090733105,-0.022614904,-0.007656341,0.051800776,0.055337325
P61254,-0.022102242,0.08982941,-0.0158788,-0.0052899444,-0.015881756,-0.016417112,-0.018729987,0.026730463,-0.033688553,0.015804093,0.067605816,0.013859121,0.10028757,0.026516287,-0.018345553,-0.02328643,-0.0077397823,-0.06190884,-0.020701267,0.11564656,-0.031382356,0.00918267,0.04520051,-0.0569822,0.109013,-0.024432188,-0.098365694,0.0069451407,-0.014537077,-0.014437495,0.06033533,0.043457918
O17670,-0.0009510536,0.14447406,-0.019433863,-0.015395857,-0.030792844,-0.0077537056,0.0032285452,0.027859835,-0.03464839,-0.028495397,0.06252007,0.04107052,0.105797425,0.011297451,0.020132113,-0.017368851,-0.0037178397,-0.05730362,-0.043357685,0.1142296,-0.013078941,0.011308401,0.08741012,-0.08463341,0.0910934,-0.033097032,-0.10321571,0.031173019,-0.018654605,-0.014649402,0.07266425,0.022325736
P08048,-0.015071351,0.09918245,-0.0019542053,-0.014743213,-0.03226338,-0.025576029,-0.013549946,0.03159816,-0.02926222,0.0057456335,0.07328703,0.030701168,0.09474731,0.03438869,-0.014368018,-0.016315043,-0.009543322,-0.056605686,-0.020449117,0.12305437,-0.016730523,0.0034287996,0.053303577,-0.06191743,0.1109587,-0.016307376,-0.10281714,0.0019928152,-0.021995148,-0.013384268,0.057898793,0.038036007
P10826,-0.024095643,0.10556358,-0.012142676,-0.0062325345,-0.015343104,-0.012891829,-0.0014325078,0.026058145,-0.019663688,-0.0013513654,0.06283508,0.030293986,0.10211918,0.008798318,0.0012530191,-0.015625326,0.008160716,-0.04980065,-0.026534036,0.113276854,-0.015808763,0.0038667847,0.05049693,-0.043700404,0.1138715,-0.020860277,-0.09704862,0.018514503,-0.023643907,-0.023302093,0.06400795,0.029361648
P04370,-0.038115863,0.088274874,-0.006609034,-0.009537684,-0.0030124234,-0.016254913,-0.0147211915,0.025098685,-0.029701969,0.016773107,0.06883043,0.02069463,0.10254588,0.018726494,-0.0122164665,-0.022856511,0.009595798,-0.054713298,-0.030524539,0.11044212,-0.029366873,0.010707383,0.040741745,-0.03538237,0.11417966,-0.031591833,-0.09156068,0.011624258,-0.00781425,-0.010127829,0.06371884,0.03200458
Q9Z0E3,-0.012326657,0.12828486,-0.0134039195,-0.029870728,-0.018789327,-0.01018526,-0.0048526097,0.045341536,-0.012312226,-0.009853424,0.06285586,0.04573075,0.104626514,0.02583266,0.012800172,-0.02363403,-0.0029564213,-0.052676737,-0.031941865,0.11221761,-0.01691666,0.01981067,0.07365924,-0.06586632,0.111061476,-0.018946484,-0.103377014,0.013610234,-0.016569383,-0.009516406,0.07626418,0.022387972
P0CG47,-0.024826964,0.09089031,-0.005667964,-0.013484133,-0.022762043,-0.022841178,-0.022465842,0.027683627,-0.031332508,0.008467833,0.06456907,0.029432764,0.08961802,0.016921043,-0.016040633,-0.025871266,-0.010395216,-0.06318624,-0.030731946,0.12155457,-0.029828418,-0.0019207016,0.042691767,-0.048144314,0.118500516,-0.020145327,-0.10548153,0.0026560673,0.0038084616,-0.009537512,0.06433222,0.032144718
P14618,-0.01780177,0.11325588,-0.015785078,-0.009476061,-0.012502122,-0.0113205025,-0.008221986,0.032768704,-0.022190949,0.00035056876,0.06436263,0.032875348,0.098366775,0.016618708,-0.0020838005,-0.022531783,-0.005541887,-0.05606444,-0.030413901,0.113046505,-0.026269244,0.016838117,0.051558744,-0.05890855,0.109963566,-0.024668492,-0.10211738,0.011217878,-0.014941715,-0.016082779,0.0678482,0.025046555
Q75NZ0,-0.01802723,0.11865144,-0.017737547,0.016163273,-0.008470369,-0.010375579,-0.0064499974,0.03308008,-0.0131649375,-0.007876546,0.059553236,0.043122273,0.0999162,-0.00060961646,-0.0014174655,-0.039125904,-0.0009027235,-0.061984863,-0.039967842,0.120658726,-0.025029039,0.03072761,0.04309774,-0.04687376,0.119689465,-0.032632317,-0.09425676,0.018753285,-0.003238315,-0.025839359,0.05852754,0.0048623946
P62837,-0.021036258,0.10368232,-0.0134923635,-0.0056516216,-0.022373239,-0.01625164,0.002811941,0.042548206,-0.037279997,0.016635394,0.069693975,0.02619307,0.10554769,0.029984035,-0.003892389,-0.021441715,-0.0059115714,-0.043298673,-0.012870672,0.11885837,-0.018445343,-0.001412772,0.052022744,-0.054628123,0.11206379,-0.03222545,-0.095485516,0.016181765,-0.017759124,-0.010921791,0.056008104,0.039303746
Q8N0Z3,-0.010947346,0.09649131,-0.0006253949,-0.01660909,-0.02495416,-0.036208443,-0.024037296,0.03273099,-0.029657984,0.00215845,0.065298386,0.034064088,0.08823273,0.02061211,-0.0212576,-0.03625295,-0.028398305,-0.0668533,-0.038409445,0.13208018,-0.03258891,0.004949344,0.040870395,-0.052880537,0.12793867,-0.023401355,-0.100815654,-0.007319818,0.007891948,-0.014534984,0.06048045,0.024301179
P37231,-0.020296436,0.11158424,-0.012702005,-0.0048708753,-0.01210109,-0.0050593936,-0.008479155,0.032032523,-0.025079688,0.0005109066,0.06450756,0.022078922,0.10469519,0.0111731,-0.0055936044,-0.022830393,-0.0008243757,-0.054035526,-0.037116468,0.10988005,-0.030381637,0.008840562,0.046665907,-0.053751774,0.11119055,-0.026504453,-0.098029695,0.016532792,-0.009532086,-0.016454868,0.06967774,0.026054919
P53350,-0.025521312,0.10751446,-0.008040211,-0.012481202,-0.017664822,-0.013398394,-0.008116129,0.035834298,-0.026233932,0.0029175992,0.06631161,0.024357464,0.10386834,0.015722996,-0.0062240176,-0.023448136,-0.008701456,-0.054060746,-0.033613525,0.116241336,-0.021985346,0.010345315,0.051260203,-0.05220767,0.11245022,-0.028183386,-0.10091965,0.010726476,-0.0035197095,-0.011986405,0.06728105,0.028421858
C6KRN1,-0.022876551,0.09918922,-0.0071577877,-0.0012096255,-0.017163346,-0.0056348005,-0.015778955,0.02544516,-0.027700743,0.016061526,0.0661038,0.0073195966,0.106195375,0.010507533,-0.015883692,-0.038137365,-0.012204818,-0.073358096,-0.035260573,0.12254343,-0.035559036,0.008063054,0.048555195,-0.06386842,0.11102897,-0.028673016,-0.09467383,0.011823554,-0.003161169,-0.017001227,0.06856352,0.031004325
P00942,-0.013218242,0.10508218,-0.00032525757,-0.016245715,-0.03171629,-0.030106299,-0.010363541,0.035279118,-0.041216817,0.011977677,0.06346334,0.04092075,0.09620258,0.038694557,-0.009261933,-0.03166227,-0.011854866,-0.05824727,-0.02619934,0.12465865,-0.020780252,0.00089894066,0.04991107,-0.06298894,0.13027062,-0.015303142,-0.09786603,-0.0007907885,-0.023069642,-0.010929097,0.053560037,0.03851075
P51948,-0.028612534,0.10384647,-0.014210553,-0.010992344,-0.022698034,-0.010699469,-0.012107359,0.028800566,-0.031865574,0.0175133,0.06334721,0.015180058,0.099299066,0.023766864,-0.008278259,-0.023587389,-0.0061517083,-0.05076801,-0.021029469,0.12573561,-0.026880288,-0.00066612876,0.039354138,-0.042919584,0.104605034,-0.022143258,-0.08970283,0.012694843,-0.019465575,-0.027709182,0.055293582,0.04368932
P56192,-0.014039142,0.102200314,-0.013607281,-0.008183824,-0.020304453,-0.015912792,-0.023592547,0.040690795,-0.023863804,0.011002293,0.064958654,0.027341697,0.09994104,0.037778772,-0.022589304,-0.031313837,-0.011694826,-0.06284224,-0.028367292,0.11793573,-0.034545176,0.009513853,0.05298537,-0.068417095,0.120545745,-0.020634541,-0.10818918,-0.0034105245,-0.010285458,-0.015501723,0.0653641,0.039094407
P19926,-0.034851965,0.10857434,0.002937448,-0.0033581879,-0.013802183,-0.011641707,-0.024687782,0.019908957,-0.025579533,-0.0099646645,0.073902816,0.017373722,0.093166865,0.017297508,-0.011883147,-0.03267536,-0.0005142537,-0.048990022,-0.043296557,0.102688424,-0.026719721,0.01969066,0.038607568,-0.06634893,0.10944611,-0.037602186,-0.09690258,0.012483549,-0.015769316,-0.024619266,0.06259953,0.030968219
Q42525,-0.008951762,0.122252665,-0.009354423,-0.01784711,-0.024159487,-0.01973192,-0.010115762,0.040987317,-0.03457298,-0.011844776,0.064378805,0.043602318,0.102899365,0.025355922,-0.0012886114,-0.029620716,-0.0018511715,-0.05831601,-0.039768655,0.11287574,-0.023825014,0.014796935,0.06942856,-0.06335049,0.10636861,-0.033063207,-0.1011321,0.014935985,-0.0045505697,-0.0025893177,0.070202954,0.019359738
P01579,-0.016587485,0.12433162,-0.014956528,-0.011927088,-0.016070955,0.011159458,-0.019173251,0.05088731,-0.0012144856,-0.02227325,0.06122191,0.031224012,0.1076004,0.020617053,0.011051957,-0.018779721,-0.016443796,-0.047930546,-0.032350816,0.10652159,-0.026413132,0.00336236,0.06826054,-0.07852102,0.11200421,-0.02488339,-0.10531239,0.011866303,-0.018781371,-0.012825178,0.07492852,0.028009385
O95704,-0.0120989,0.11620001,-0.014621913,-0.01372343,-0.016838582,-0.01116824,-0.0064403107,0.03713303,-0.011709281,-0.00092399865,0.06836999,0.04079559,0.09928221,0.03262923,0.0036792958,-0.01794723,-0.0056455475,-0.046299748,-0.022415698,0.11678578,-0.025487652,0.012699015,0.05903495,-0.059716728,0.10358148,-0.029647613,-0.095974036,0.014060257,-0.022756202,-0.021009017,0.061651874,0.026201796
P0A3J0,-0.010368538,0.08094472,-0.019473862,0.021062942,-0.016618991,0.0037646778,-0.014825332,0.014379753,-0.042062372,0.012895766,0.07092425,-0.0006930372,0.099070266,0.0073733767,-0.028404528,-0.011254907,-0.004056979,-0.06689069,-0.02649745,0.114629336,-0.054750502,0.0005191965,0.03161726,-0.055851582,0.102894545,-0.029449064,-0.086975574,0.027560629,-0.014012955,-0.027830875,0.06571655,0.029542593
P0A0M0,-0.029780021,0.10429812,-0.019449038,-0.0030528742,-0.0057222773,-0.017675022,-0.01451083,0.029890858,-0.02498887,0.017216833,0.05399527,0.025410911,0.10751051,0.011648004,-0.02083192,-0.036137357,-0.010511841,-0.051282387,-0.034386102,0.12418181,-0.025403334,0.022685908,0.050825726,-0.050734263,0.11789312,-0.034851436,-0.08891139,0.007955802,0.0018155196,-0.025613353,0.062761284,0.022037307
Q9Y4K3,-0.02554716,0.0999114,-0.013757877,-0.013269149,-0.015371341,-0.015167634,-0.019612271,0.035060693,-0.031488717,0.00906379,0.059045985,0.022185735,0.09860209,0.01788532,-0.016236633,-0.033378012,-0.0075798444,-0.061155684,-0.03313295,0.12158767,-0.031817682,-0.00020527554,0.04830651,-0.054286484,0.11691241,-0.026364228,-0.10365523,0.005678554,-0.007016345,-0.008557566,0.070606284,0.037985742
O00463,-0.019623192,0.109890394,-0.011943112,-0.01640207,-0.022399578,-0.015112299,-0.0067213573,0.036614783,-0.032371107,0.008011982,0.06309746,0.030978948,0.10222668,0.014604156,-0.013063611,-0.03700987,-0.014166198,-0.060295112,-0.038617756,0.12839471,-0.023541061,0.013064645,0.04677036,-0.055760596,0.11879706,-0.030752597,-0.10122611,0.007082651,-0.005355901,-0.007720747,0.0697741,0.028123232
P01501,-0.021784618,0.10789249,-0.0014860518,0.0058139805,-0.02535436,-0.010683875,-0.011282546,0.019016813,-0.03605123,0.0058761556,0.06755903,0.017980777,0.10933861,0.008735526,-0.019241892,-0.027003592,-0.0025758455,-0.03889398,-0.022145499,0.10470654,-0.007544568,0.0044598477,0.057068277,-0.074963704,0.088421375,-0.045384508,-0.11263326,0.0033996622,-0.015588865,-0.033440623,0.06153457,0.013465602
Q13480,-0.020690043,0.06982495,-0.013020287,-0.022762049,-0.029593496,-0.022836514,-0.05852547,0.03258888,-0.021600699,-0.0026649758,0.07333731,0.013442123,0.086105324,0.027315224,-0.02479912,-0.05215216,-0.025789503,-0.08512657,-0.038499683,0.1424141,-0.056154605,-0.012475772,0.027819574,-0.0508521,0.12877442,-0.018480256,-0.10319634,-0.011176997,0.025069885,0.0060364027,0.05830052,0.056491103
P00546,-0.015200426,0.11448341,-0.017095841,-0.013517897,-0.016360832,0.0014774496,-0.0021332721,0.032554306,-0.02802719,0.008618518,0.064710885,0.015449036,0.10082315,0.014477655,0.0038429115,-0.027781077,-0.013471555,-0.065755576,-0.03934519,0.116074406,-0.03775645,-0.0006193167,0.05192571,-0.068838656,0.11533032,-0.020642225,-0.10343641,0.01798668,-0.015896257,-0.01833376,0.06313435,0.046545804
P60174,-0.0032809936,0.15689728,-0.0045575504,-0.017133491,-0.017314067,-0.006551187,0.010424387,0.0472627,-0.0056578517,-0.010864194,0.063270114,0.058418065,0.10087255,0.031688023,0.008192067,-0.020505989,-0.010844648,-0.037142973,-0.049057007,0.11522809,-0.017067775,0.014659536,0.072439276,-0.08100713,0.11159912,-0.03757529,-0.106701106,0.02341351,-0.019750748,-0.019373324,0.07958419,0.012643485
P20937,-0.013594839,0.10704609,-0.01635369,-0.020960554,-0.013835275,-0.021615902,-0.012405819,0.047988877,-0.024044754,0.009648492,0.06030305,0.029651249,0.0860819,0.028073361,-0.004307358,-0.024489023,-0.008577742,-0.058923613,-0.01716636,0.12085321,-0.034798343,-0.0033779992,0.04500395,-0.048672955,0.11343316,-0.00966509,-0.105575584,0.0064672693,-0.015914539,-0.006858476,0.06828531,0.039342366
P07814,-0.024164794,0.10242767,-0.0051967404,-0.020311696,-0.0146720745,-0.015451138,-0.018162474,0.033388156,-0.020008104,0.003740048,0.0686671,0.02604653,0.10482657,0.026861988,-0.01435484,-0.02414257,-0.004228612,-0.049721718,-0.029027907,0.112682484,-0.027063526,0.0141820945,0.04345283,-0.051563162,0.11435354,-0.025301373,-0.09967051,0.003384787,-0.010940167,-0.01386902,0.0715069,0.027593553
O75716,-0.012964405,0.107442886,-0.0145984795,-0.01953693,-0.02291219,-0.028355857,-0.0070229694,0.0462915,-0.014647558,0.0095289145,0.066577315,0.041920684,0.09450422,0.04229055,-0.0003894004,-0.022355538,-0.017097173,-0.04605256,-0.007975926,0.12599534,-0.019840607,0.0027504205,0.054833084,-0.055056624,0.11160968,-0.021734409,-0.1060726,-0.0010575296,-0.017762091,-0.017116886,0.052494396,0.03943913
P0ADS2,-0.02351298,0.09951761,-0.008163555,-0.01207442,-0.01799997,-0.013720205,-0.02040495,0.029604295,-0.024539337,-0.0031837788,0.06487102,0.025537165,0.10868478,0.011725767,-0.018662672,-0.02493595,-0.011318438,-0.052867588,-0.031373274,0.11492713,-0.031540833,0.019477967,0.038137965,-0.048877653,0.10720619,-0.027319213,-0.09953261,0.007551292,0.0075135846,-0.00917766,0.06648414,0.0161498
A0A0D1DWQ2,-0.001079419,0.12236073,-0.019441942,-0.005619394,-0.015235338,-0.015389641,-0.013398524,0.02391542,-0.026838735,-0.009985555,0.074365936,0.036218088,0.10596766,0.026963895,0.005280795,-0.038083866,0.003366476,-0.065255396,-0.049654793,0.112656064,-0.03140543,0.018444218,0.053472925,-0.06378404,0.110885836,-0.037576057,-0.09443325,0.027134195,-0.0023981594,-0.00819223,0.05462861,0.035201564
Q6ZU80,-0.013258767,0.09972147,-0.009486853,-0.0027269956,-0.021772483,-0.02371034,-0.019729787,0.030597,-0.024737773,0.009332691,0.0643229,0.030744858,0.09915788,0.02073502,-0.022931047,-0.030761698,-0.01631324,-0.062088262,-0.03488277,0.12071192,-0.034121707,0.0017037062,0.052587066,-0.058913633,0.12106679,-0.028315408,-0.10490107,-0.002582398,0.0053615305,-0.024186954,0.06603237,0.027772227
O08604,-0.025037551,0.09254861,-0.01685448,-0.0043761483,-0.013161217,-0.026729321,-0.036263086,0.0385173,-0.027652482,0.011958476,0.056415617,0.02133295,0.0857338,0.022117665,-0.02525343,-0.03159527,-0.0075055812,-0.0656803,-0.022995293,0.12414368,-0.038227785,-0.002443718,0.035629667,-0.03891934,0.11198931,-0.016064743,-0.09873431,-0.001848821,0.00570656,-0.0017847655,0.073052146,0.035412308
Q13501,-0.020761551,0.10781706,-0.008090493,-0.008692802,-0.012784986,-0.010248609,-0.010729346,0.030648673,-0.018455533,0.0030612024,0.06507211,0.026368305,0.09886203,0.014827015,-0.007961116,-0.027588608,-0.0056527536,-0.0614971,-0.041473556,0.1191289,-0.028408503,0.012387612,0.053599834,-0.055231173,0.11122946,-0.030757142,-0.09857961,0.01397394,-0.009892292,-0.015872983,0.07033309,0.026194414
Q15046,-0.014069681,0.11117969,-0.009933391,-0.019696234,-0.024165152,-0.011215317,-0.01635561,0.040917616,-0.01900361,-0.0048976974,0.0684633,0.030658463,0.105289556,0.030858874,-0.0027456472,-0.022361992,-0.011825132,-0.049250487,-0.024691148,0.116155274,-0.024252648,0.0044493754,0.057259854,-0.064818636,0.11056638,-0.024659066,-0.10434422,0.009428405,-0.010425966,-0.012974364,0.06599171,0.031779934
O08583,-0.04545956,0.100889444,-0.004843944,0.017104428,-0.009281881,-0.013669642,-0.026433358,0.023406513,-0.038366687,0.012205649,0.0679323,0.010042497,0.095571406,-6.497849e-05,-0.019337585,-0.030710204,0.0099200355,-0.05649919,-0.044342473,0.10879297,-0.015874755,0.020251801,0.032993343,-0.03520313,0.1106858,-0.028882649,-0.08614711,0.010901682,0.011187462,-0.015990363,0.06398465,0.01922351
P0A6Y1,-0.002915698,0.08924176,-0.022852559,0.0038284808,-0.033066474,-0.027211625,-0.035474442,0.015679356,-0.037685826,-0.013220968,0.05956623,0.02988846,0.113524795,0.023723813,-0.026104014,-0.034814402,-0.02801541,-0.0726376,-0.03035552,0.1183199,-0.052711777,0.004967124,0.039154947,-0.067375384,0.10596348,-0.032631934,-0.10397558,-0.012826351,0.010696907,-0.0011222847,0.053617667,0.03803429
O33283,-0.019183356,0.12618433,-0.012764632,-7.699616e-05,-0.0040414156,-0.018851116,-0.00024713017,0.035802506,-0.026080135,0.015561068,0.072003126,0.041512698,0.10090771,0.043520242,-0.005679708,-0.00962935,0.010229828,-0.033092916,-0.03340326,0.094796255,-0.021493413,0.021577332,0.058606014,-0.05444228,0.10527873,-0.036917754,-0.0999455,0.00897768,-0.01546298,-0.030376704,0.057297174,0.026630819
Q9UNE7,-0.023652468,0.1083648,-0.009602224,-0.0028987722,-0.01549499,-0.011674702,-0.01567407,0.036672972,-0.024634346,0.006002019,0.066196375,0.025147883,0.096793,0.01720617,-0.011695324,-0.026861994,-0.0033351392,-0.05315063,-0.033296097,0.115911275,-0.022466648,0.008035269,0.05066528,-0.056074206,0.1126581,-0.028201384,-0.09985522,0.011732468,-0.005065948,-0.015531396,0.06893845,0.025769278
O15264,-0.0073979828,0.12603621,-0.017693304,-0.015038435,-0.012161121,-0.009916409,-0.00066441175,0.039080977,-0.022643516,-0.00052621524,0.073687635,0.03621012,0.10392035,0.02984555,-0.0013182597,-0.016316243,-0.00013322818,-0.051227096,-0.037103344,0.097958915,-0.030241104,0.025154525,0.06402433,-0.06821797,0.10446938,-0.0286291,-0.11613766,0.015688598,-0.0022972662,-0.02069334,0.06708023,0.025147624
O43559,-0.01399118,0.119355164,-0.0168499,-0.039355718,-0.024135262,-0.014046822,-0.014605624,0.051078368,-0.012395279,-0.007870812,0.058110375,0.037578568,0.103766054,0.029331252,0.0047124545,-0.034375787,-0.019125715,-0.05497611,-0.028366687,0.12864716,-0.029001392,-0.0018568436,0.055007342,-0.059496775,0.121780396,-0.0154999355,-0.10693825,0.0072815535,-0.0073513724,-0.002436762,0.07018075,0.042494852
P0AE88,-0.03225182,0.08341873,-0.012128782,-0.002897296,-0.011148316,-0.00819648,-0.028706327,0.03447443,-0.030908471,0.016992299,0.067234956,0.001546848,0.095255546,0.00078192755,-0.03142081,-0.03692751,-0.019081738,-0.065922946,-0.038971927,0.12469896,-0.03460846,0.010443079,0.031319898,-0.051661376,0.12481749,-0.025126046,-0.106494755,0.010003108,0.024095664,-0.012137848,0.067871,0.029984886
P0AFF6,-0.019042227,0.098019935,-0.019216077,-0.0024695594,-0.022508344,-0.009825493,-0.01604348,0.03959993,-0.022677133,0.014723527,0.06503301,0.024103967,0.09609833,0.022675514,-0.014408861,-0.026951922,-0.02621094,-0.05219854,-0.015600521,0.11769691,-0.02807788,0.0053263903,0.04888946,-0.06551046,0.10174227,-0.03250269,-0.11010375,-0.00060364726,-0.0025571063,-0.013597276,0.060216013,0.034669098
D9I2F9,-0.0350384,0.08552221,-0.005324062,-0.013115932,-0.0061944537,-0.03309944,-0.03676382,0.02766946,-0.028335476,0.01727539,0.06779295,0.019729737,0.07704085,0.020932624,-0.01674445,-0.031222165,0.0058600255,-0.071409255,-0.043644566,0.11981189,-0.031920124,-0.0027797024,0.022594413,-0.025414914,0.12745678,-0.006563259,-0.09698557,-0.0066174106,0.008438815,0.013979855,0.07500126,0.04587011
O08807,-0.019902576,0.100832865,-0.015224703,-0.022597635,-0.016537584,-0.013933586,-0.02603722,0.037428875,-0.020018023,0.0037524737,0.05253622,0.032207396,0.103479385,0.015262874,-0.023947295,-0.051558748,-0.019425767,-0.067974254,-0.041968413,0.13075384,-0.041107446,0.01699245,0.052072283,-0.06451987,0.123227544,-0.027612776,-0.10719517,-0.0023335489,0.0042901626,-0.013430311,0.06586401,0.02625713
P21981,-0.014205098,0.09036994,-0.013196268,-0.01550191,-0.016675768,-0.0055471645,-0.0038612187,0.025703544,-0.016695814,0.028187776,0.08240798,0.004642004,0.109550245,0.04002273,-0.003090756,-0.026911408,-0.00037768422,-0.054389596,-0.01289054,0.12958668,-0.03589656,-0.005205704,0.025557855,-0.04189391,0.11523674,-0.02330788,-0.08507075,0.020481491,-0.029202202,-0.025975265,0.049463093,0.055528414
Q12904,-0.00894754,0.106178276,-0.010505135,-0.011645493,-0.026564768,-0.012078595,-0.016194634,0.033938125,-0.029799258,-0.00062015187,0.06990638,0.025055984,0.10517138,0.029038033,-0.019632159,-0.020288205,-0.011097946,-0.053724095,-0.028304806,0.11676091,-0.0377495,0.0012206361,0.045932572,-0.062262837,0.11208671,-0.0275476,-0.1050064,0.012132038,-0.0030350033,-0.019066432,0.06845908,0.029549113
P68104,-0.018374644,0.114285685,-0.017126359,-0.00874501,-0.014549688,-0.016509417,-0.012481082,0.034579728,-0.023372326,0.005162549,0.06456031,0.038347814,0.09549895,0.026031766,-0.0013031742,-0.026458649,-0.0041810754,-0.0572404,-0.02949753,0.11315107,-0.025397003,0.0110830115,0.054235656,-0.058033854,0.11417247,-0.025916377,-0.10190929,0.008754392,-0.011804833,-0.0148253115,0.06480466,0.03367171
Q00613,-0.024980938,0.10359548,-0.008360026,-0.0042452733,-0.013550901,-0.009424363,-0.013732567,0.029649103,-0.02643058,0.0036097849,0.06594674,0.018465322,0.10357175,0.012254518,-0.0077521955,-0.026914632,-0.005095669,-0.061161295,-0.038301222,0.11495007,-0.027120514,0.008696421,0.0472991,-0.051850982,0.11253731,-0.02963252,-0.096830875,0.01038228,-0.0066309804,-0.012723941,0.06816268,0.028615333
P23256,-0.03460398,0.099759534,-0.0072139776,-0.0033890822,-0.017366793,-0.0030478954,-0.0170829,0.030862551,-0.021100044,0.0053426838,0.06656343,0.015381159,0.10842279,0.013284327,-0.012895075,-0.014874366,-0.005612012,-0.05283593,-0.031789254,0.10714612,-0.022519598,0.0055636643,0.03313349,-0.044588286,0.11531409,-0.01675158,-0.10258837,0.009730661,-0.006736152,-0.0074882074,0.06779411,0.039061952
P16568,-0.02561488,0.09694447,-0.0040851263,-0.0013813674,-0.009925697,-0.025855934,-0.02090891,0.031201957,-0.032117236,0.0053269123,0.05662243,0.035644293,0.09486592,0.015792793,-0.02157859,-0.021686612,0.0017512529,-0.053557813,-0.025429606,0.10752764,-0.020969564,0.012217639,0.04425684,-0.050996616,0.11747055,-0.01963304,-0.10559966,0.0012755473,-0.011103156,-0.005566218,0.07352459,0.016154753
Q15637,-0.031020189,0.10256841,0.0042336737,-0.01727668,-0.013002458,-0.014642139,-0.024340112,0.026346773,-0.02079562,0.006469476,0.06951462,0.020256639,0.0948122,0.019308077,-0.017017279,-0.027616346,-2.1289383e-05,-0.06277539,-0.042205792,0.12011324,-0.028677315,0.0051884353,0.04307605,-0.05404421,0.11668048,-0.02437726,-0.101755455,0.012630051,0.0021518138,-0.0028349818,0.08562396,0.025663614
O60568,-0.011004672,0.112189665,-0.012965411,-0.0016947258,-0.010996652,-0.0065866625,-0.003502612,0.023030007,-0.026591077,0.0152511615,0.062414307,0.025737613,0.10443081,0.013916739,-0.01853406,-0.035423104,-0.003046349,-0.06141122,-0.04481618,0.11538526,-0.038186733,0.016933639,0.05762877,-0.06726937,0.10509227,-0.03921805,-0.104134716,0.012299161,-0.010748703,-0.035945464,0.061040416,0.01991567
P16152,-0.015150309,0.12423744,-0.012154184,-0.013443614,-0.017272359,-0.013943704,-0.005164867,0.038555622,-0.019628618,-0.0012160845,0.06649491,0.04566167,0.102188885,0.03256271,0.000806243,-0.018890008,0.0026308056,-0.040513866,-0.027354008,0.10651449,-0.015795546,0.022335652,0.05914579,-0.058628302,0.1002485,-0.028338715,-0.10639118,0.014150152,-0.014264199,-0.017340738,0.05735912,0.0205808
P02511,-0.01946139,0.103668675,-0.0053028623,-0.015133035,-0.015040798,-0.012404138,-0.010927829,0.038288172,-0.026281562,-0.00066672824,0.06726978,0.020065626,0.10562323,0.018993478,-0.005991442,-0.025290107,-0.0034851346,-0.058433723,-0.0326418,0.11412603,-0.02497418,0.011580269,0.05336252,-0.057989232,0.11491226,-0.022692336,-0.09561069,0.011726413,-0.017477581,-0.0039040777,0.074915335,0.02937029
P29350,-0.01591901,0.10593307,-0.012459634,-0.011191176,-0.020252397,-0.013973455,-0.019500602,0.03440864,-0.028322348,0.0038545558,0.06770284,0.024086336,0.098407745,0.023054885,-0.009823529,-0.029276952,-0.010626828,-0.06334792,-0.033392176,0.12078239,-0.026987283,0.006706865,0.050679,-0.06166794,0.11245206,-0.023457117,-0.103989065,0.0061183074,-0.01169086,-0.009823136,0.0677833,0.03678679
P43593,-0.022199504,0.121916674,-0.009524272,-0.008203998,-0.009497739,0.0044323574,-0.008432186,0.041541394,-0.021291966,-0.006821446,0.060340922,0.029069224,0.09425289,6.3198306e-05,-0.0012649918,-0.03241587,-0.022645995,-0.05509439,-0.054342765,0.10749639,-0.034321677,0.010686179,0.060567733,-0.07819212,0.11218088,-0.039316326,-0.10868529,0.023890229,0.0042761527,-0.010459807,0.067788005,0.023778377
O94444,-0.028645396,0.09583161,-0.0050664605,0.016176702,-0.02137451,-0.0062855068,-0.018579828,0.043662746,-0.048689563,0.018468456,0.084582895,-0.004955055,0.098700315,0.00558232,-0.02629497,-0.039140325,0.013108629,-0.06507844,-0.03726309,0.12990986,-0.012603571,0.0072270036,0.025636131,-0.032754034,0.12318838,-0.030439114,-0.09071972,0.030770922,0.009600506,-0.011709962,0.07157618,0.025567004
P0ABC7,-0.041857243,0.10953797,-0.0055015907,0.0083548045,-0.028497709,-0.013902568,-0.021894427,0.0062222853,-0.03267068,0.016821917,0.0765894,0.02175738,0.09220409,-0.00059843186,-0.035166454,-0.033227805,0.00232947,-0.058756217,-0.05840655,0.12663232,-0.0032859538,0.017498886,0.018748399,-0.037913598,0.103380404,-0.039980873,-0.10871261,-0.0018896178,0.017314082,-0.011398651,0.0754895,0.023461612
P25911,-0.010707695,0.11632138,-0.017761942,-0.016469317,-0.017156696,-0.018439187,-0.006827629,0.037136752,-0.02900827,-0.0012542574,0.06327749,0.035294436,0.10179712,0.024369545,0.0014044064,-0.02729143,-0.005180021,-0.060162906,-0.03182357,0.11607097,-0.024394475,0.011823752,0.060343884,-0.06268522,0.11304581,-0.02315231,-0.104616724,0.012843643,-0.014193257,-0.008104162,0.0659793,0.034861974
P13299,-0.013336552,0.11317905,-0.019299692,0.00032873132,-0.012034315,-0.010350851,-0.0061282017,0.029992525,-0.026088115,0.004974608,0.05984303,0.03172128,0.10675228,0.019999832,-0.0063005644,-0.019052578,-0.0016604447,-0.053169854,-0.028041547,0.10539719,-0.026709106,0.015157781,0.042652387,-0.05041645,0.11071318,-0.024544435,-0.095956676,0.016002469,-0.014994256,-0.009927102,0.06998379,0.025922094
P04818,-0.016180344,0.107095115,-0.01578563,-0.020338085,-0.023194185,-0.016549788,-0.023129167,0.042278223,-0.024013855,-0.00024959445,0.06412658,0.032533012,0.099386446,0.035904434,-0.002366024,-0.030532591,-0.00600787,-0.061524875,-0.030431816,0.11766341,-0.02964624,0.003936899,0.059665397,-0.055275965,0.11775678,-0.021112973,-0.1013897,0.003897099,-0.002998062,-0.008079186,0.066471756,0.03823879
Q96EZ8,-0.014008695,0.10046863,-0.010189071,-0.017774988,-0.01875225,-0.017052652,-0.02097625,0.026936926,-0.01961421,0.0034062627,0.066685654,0.023193274,0.0978793,0.025992848,-0.011504837,-0.035842653,-0.009191419,-0.069197826,-0.0406473,0.12776509,-0.035520636,-0.0007753988,0.04978119,-0.061595418,0.11818314,-0.024448998,-0.1030068,0.0033703637,-0.013172795,-0.013432254,0.06391139,0.044596653
P08318,-0.025480555,0.087648004,-0.020398192,-0.023283241,-0.013981372,-0.011882219,-0.04580338,0.026897175,-0.010405687,0.0044551217,0.0722814,0.011242599,0.10089481,0.035352353,-0.009564188,-0.047244687,-0.0036611676,-0.06765493,-0.03653438,0.12728624,-0.04231884,-0.0061121634,0.020590816,-0.040979233,0.13364348,-0.015224178,-0.10255011,-0.0013414506,0.0014747782,-0.012693015,0.050541595,0.06551917
O75031,-0.032802027,0.087169446,-0.017254481,-0.015110259,-0.014849022,-0.010488592,-0.02892092,0.03959221,-0.00639518,0.0061412007,0.060596008,0.019725746,0.10543945,0.02683001,-0.010422257,-0.0281946,-0.016437199,-0.05250132,-0.017694227,0.12539826,-0.030245446,-0.004979068,0.055027157,-0.056440722,0.12075734,-0.024907818,-0.10054652,-0.0056247846,-0.0059784963,-0.014210947,0.066598475,0.042945664
Q96AP0,-0.025570903,0.10537526,-0.013696116,-0.00023740323,-0.0111096,-0.019883506,-0.014533152,0.027686365,-0.022404425,0.011974835,0.06825817,0.025945833,0.09773188,0.03254362,-0.00927188,-0.019664966,0.0031545307,-0.04907129,-0.025144491,0.11101065,-0.026455943,0.005757303,0.047068093,-0.046455767,0.106494635,-0.0332011,-0.090112574,0.009975058,-0.019181898,-0.019235335,0.066953085,0.041050825
Q8N960,-0.01062192,0.092225,0.0054073,-0.037917532,-0.008880457,-0.036660217,-0.028024469,0.026444342,-0.033675257,-0.0011286847,0.06366019,0.009876601,0.08645992,-0.00026625488,-0.02589241,-0.06467352,-0.029231507,-0.09208639,-0.06518375,0.14476672,-0.0444453,0.008514502,0.030142326,-0.051756334,0.13971978,-0.023921723,-0.11371324,-0.020157313,0.0025351169,-0.02511967,0.06375363,0.024697758
P41797,-0.017235294,0.093118116,-0.020914964,-0.004984006,-0.01655978,-0.012590038,-0.023298668,0.026462255,-0.030727042,0.0006977181,0.06309368,0.012568026,0.09903513,0.012549247,-0.012921894,-0.026991602,-0.005485692,-0.07049323,-0.031114148,0.12267387,-0.039941806,-0.0045753866,0.03703853,-0.049204186,0.11588188,-0.01805033,-0.10047828,0.008673679,-0.0069013913,-0.009070809,0.06865513,0.042744324
P00330,-0.0114301015,0.11720729,-0.009326239,-0.018597974,-0.013576363,-0.020288842,-0.0039637103,0.029433623,-0.023718875,0.0066858055,0.06236229,0.042509157,0.105646566,0.024625886,-0.0067952485,-0.031517524,-0.0022992732,-0.053157825,-0.034609802,0.11069547,-0.024079278,0.023855202,0.05759377,-0.062847584,0.108898655,-0.028860157,-0.10492425,0.0070555857,-0.013579185,-0.016271712,0.06452981,0.019581964
O43639,-0.018999998,0.09645832,-0.019479915,-0.011155743,-0.016318072,-0.013891529,-0.024294108,0.03401748,-0.025214441,0.011077549,0.057208475,0.027003124,0.10026113,0.01549248,-0.024085172,-0.046684753,-0.016377835,-0.069231234,-0.035757214,0.12534408,-0.038029697,0.01783302,0.05323013,-0.06458783,0.11633326,-0.029052686,-0.10721667,-0.0046892734,0.00037126383,-0.01884629,0.06167778,0.029086221
P08638,-0.0004674302,0.14772071,-0.015431951,-0.00024613985,-0.021413995,0.00095026597,-0.008687797,0.035737887,-0.008354284,-0.031369682,0.06179701,0.04249681,0.107419424,0.017026454,0.01205363,-0.024647295,-0.014561194,-0.06274783,-0.059421867,0.11703369,-0.022929536,0.01964221,0.0813651,-0.08659502,0.09860214,-0.040573083,-0.096932895,0.026750455,-0.00940789,-0.0067630634,0.079591274,0.017238846
Q59NQ5,-0.012248063,0.14744309,-0.022302803,-0.02389004,-0.022156851,-0.020552056,0.020667795,0.037568342,-0.036551304,-0.024792545,0.060483016,0.060561717,0.09474194,0.005174997,0.04667472,-0.012457717,-0.002141842,-0.05074013,-0.035419755,0.10611095,0.0064848587,0.027466863,0.08391349,-0.062518604,0.09212738,-0.020892162,-0.10343972,0.026753942,-0.024466597,-0.0010771751,0.04976651,0.024787484
Q16543,-0.028483687,0.0933558,-0.016530307,-0.0024500568,-0.017579552,-0.01720207,-0.02643973,0.035468183,-0.0250408,0.014856628,0.058196682,0.025134314,0.09788339,0.027551161,-0.020959964,-0.028208021,-0.00073826365,-0.05793386,-0.018050283,0.114562996,-0.02680172,0.0054646125,0.042437464,-0.046054773,0.11087495,-0.017490288,-0.10508808,-0.0072139194,-0.012900111,-0.013045058,0.062040936,0.0384214
P03952,-0.0107325,0.119606234,-0.019769508,-0.011474971,-0.021893721,-0.0052242675,-0.013254855,0.053014535,-0.014375173,-0.0008030315,0.06321089,0.038485095,0.100410596,0.03633765,-0.000118286815,-0.02494116,-0.0072893314,-0.04411834,-0.014437074,0.11166149,-0.025023725,-0.0022554216,0.0640187,-0.069310084,0.10852277,-0.026470082,-0.10961417,0.009661036,-0.021026578,-0.020108763,0.06341855,0.034677614
P50552,-0.016156722,0.10031921,-0.0141013805,-0.024244763,-0.027428597,-0.027285546,-0.020223672,0.044742074,-0.015895138,-0.002554974,0.06704689,0.043435283,0.098693214,0.040665776,-0.003223236,-0.029464385,-0.01389507,-0.053670846,-0.017702129,0.12929852,-0.022684794,0.0051155714,0.051734768,-0.051466905,0.12128153,-0.018369054,-0.10080858,-0.0029144594,-0.013666617,-0.008905495,0.049272068,0.043425404
P09237,-0.0135840885,0.12531862,-0.012293212,-0.0065867174,-0.018866317,-0.01455821,0.0031192983,0.044667765,-0.017999228,0.0029322193,0.065430276,0.044672932,0.110272795,0.041085366,0.0029860884,-0.015464289,0.0028389143,-0.03128447,-0.007702269,0.10348917,-0.013435006,0.010731236,0.06593007,-0.06266041,0.099891305,-0.033496097,-0.101340525,0.008855436,-0.035950445,-0.02969437,0.057525396,0.024577402
Q00987,-0.020891769,0.10511786,-0.010756949,-0.0044781314,-0.014666977,-0.018440904,-0.015534567,0.037986726,-0.02443203,0.0058390885,0.062699825,0.030241653,0.092282966,0.02120051,-0.010576858,-0.023846986,-0.004914119,-0.055254,-0.02785399,0.1155978,-0.023966642,0.0063822013,0.05078745,-0.053051867,0.11369208,-0.023652384,-0.10096162,0.0053260564,-0.010882312,-0.0119257355,0.07045374,0.026870139
O14036,-0.045767304,0.08261029,-0.017491935,-0.003980582,-0.004026314,0.004440742,-0.04319942,0.024636826,-0.015952652,0.014445973,0.057871312,-0.010321318,0.10742528,0.0069814227,-0.022823362,-0.043022458,-0.009961534,-0.07201549,-0.03855847,0.12653954,-0.048674036,-0.019486178,0.04406893,-0.057357233,0.1249775,-0.033891514,-0.09212414,0.006160158,0.008426548,-0.011297944,0.08661181,0.05072443
Q9NQ66,-0.008016185,0.13698743,-0.018235467,-0.018621346,-0.01419497,-0.016697804,0.0032721173,0.04773499,-0.012325879,-0.005212037,0.06316665,0.05560668,0.10097674,0.03547235,0.01535965,-0.022759132,-0.008328143,-0.04931238,-0.03399115,0.11320473,-0.019422716,0.026388874,0.06792188,-0.06310657,0.11249869,-0.024682404,-0.0987393,0.013653113,-0.018854193,-0.011278846,0.062040184,0.026912855
P08168,-0.026419912,0.10931979,-0.0061014397,-0.016149197,-0.012966574,-0.007290835,-0.023312993,0.034942456,-0.021342605,-0.005738068,0.06553823,0.019266788,0.112969965,0.010362932,-0.01889095,-0.03715118,-0.00926779,-0.05477031,-0.04655559,0.116007276,-0.03340051,0.014376358,0.047470447,-0.06083239,0.115005635,-0.036879655,-0.102645926,0.014541972,0.018325875,-0.003716975,0.08084896,0.017845605
P60520,-0.014613031,0.11695087,-0.02352585,-0.0053722863,-0.009080898,-0.0011719074,-0.031667877,0.030750344,-0.010666241,0.004378794,0.055163845,0.02865042,0.098000616,0.021619784,-0.015843462,-0.045916006,-0.0074654445,-0.076199986,-0.056117937,0.117294155,-0.039597567,0.01630819,0.06469054,-0.06832103,0.116738886,-0.034885105,-0.10569936,0.008305027,0.0072976523,-0.02154661,0.07761819,0.027893497
P04053,-0.007842515,0.12549652,-0.014064243,-0.005155366,-0.019961486,-0.013327977,0.0022122026,0.038377397,-0.020676916,-0.0007435749,0.06944469,0.034154534,0.09931491,0.026842378,0.009282023,-0.015018294,-0.0103298435,-0.048222773,-0.02345799,0.113046765,-0.01848394,0.013019184,0.06829465,-0.07047943,0.09973782,-0.02779007,-0.1014733,0.014506052,-0.018289188,-0.025254328,0.061235957,0.024069171
P62913,-0.0221641,0.09226828,-0.013075169,-0.00721388,-0.018156542,-0.015106651,-0.024798043,0.034629878,-0.030375563,0.010019902,0.062071826,0.018669935,0.09064824,0.017843079,-0.021508878,-0.029207466,-0.01061208,-0.06915025,-0.03203249,0.11935561,-0.033105746,0.003927608,0.045973588,-0.056355607,0.11583069,-0.01898102,-0.10632134,0.0037018075,-0.004489347,-0.006388131,0.07061554,0.03880435
P68400,-0.012458108,0.117510036,-0.012453715,-0.021488482,-0.012864445,-0.014025293,-0.006189075,0.034595333,-0.016740404,-0.0040604235,0.066744305,0.0344117,0.100599684,0.023000386,0.0012003451,-0.024765596,-0.0041452097,-0.053259604,-0.03579487,0.113082156,-0.0301344,0.010363756,0.06345552,-0.0641245,0.110142134,-0.02965098,-0.10272074,0.014226174,-0.0140866665,-0.020325564,0.06979978,0.028767511
P0A6F1,-0.0342418,0.0908453,-0.015177959,-0.0037240982,-0.014883181,-0.018918388,-0.0372018,0.026295703,-0.025584612,0.017621517,0.058108933,0.021898948,0.09588566,0.018063348,-0.029346334,-0.04775025,-0.014015711,-0.073315084,-0.045361623,0.13066027,-0.040907156,0.006966699,0.03794825,-0.05120212,0.13071436,-0.025859082,-0.09590466,-0.0059348987,0.015847374,-0.009540362,0.06650232,0.040544644
P0A7R5,-0.022345172,0.10666904,-0.017671017,-0.015800893,-0.01030843,-0.014979556,-0.026413146,0.03752184,-0.023729246,0.0045817858,0.05226941,0.028973011,0.09893675,0.020811435,-0.0158083,-0.039805774,-0.015027956,-0.065488644,-0.03352135,0.120188124,-0.036889054,0.020021487,0.046442978,-0.06142614,0.11623548,-0.019553853,-0.1038274,-0.0019756602,-0.006548595,-0.0068956055,0.068436205,0.030110471
P0A964,-0.026854593,0.098204836,-0.0155030135,-0.0022570938,-0.02255329,-0.019574264,-0.02355753,0.042559527,-0.02202478,0.014922112,0.06419225,0.024152586,0.08168788,0.027838219,-0.016369607,-0.023232067,-0.019516233,-0.061239917,-0.018526036,0.118930064,-0.028072994,-0.003463442,0.04440958,-0.05293435,0.11330302,-0.021061983,-0.10828843,-0.0010496326,-0.002184684,-0.009856064,0.07269216,0.047524683
P59240,-0.04078682,0.08365947,-0.00079234183,-0.007896037,-0.013841583,-0.011114148,-0.033091787,0.023558764,-0.033574972,0.018104684,0.068179466,0.008992642,0.09087713,0.009628462,-0.021118322,-0.027848467,-0.0067867627,-0.0685124,-0.042550765,0.11601482,-0.037484717,0.0023720071,0.02459765,-0.039703332,0.12230959,-0.012529544,-0.098407075,-0.00033363965,0.009507498,-0.004926146,0.067102954,0.037373476
Q9Y6I3,-0.019975955,0.11032225,-0.015492997,-0.017212968,-0.013942495,-0.018261595,-0.03617031,0.048355993,-0.010621332,-0.014902925,0.05204361,0.04693955,0.088207245,0.020023253,-0.015364234,-0.03642808,-0.02419142,-0.049642324,-0.035189345,0.122716315,-0.027738634,0.014790209,0.07096477,-0.07651959,0.110753864,-0.036590785,-0.115419164,0.0009504603,0.0132386675,-0.0065064114,0.075217046,0.012184525
P0A7V8,-0.02817286,0.101519465,-0.013166326,-0.0069718487,-0.012227484,-0.006776507,-0.013827645,0.02836178,-0.036308963,0.02339871,0.06051275,0.009705974,0.10273365,0.018806418,-0.02235178,-0.028641533,-0.005140442,-0.060801387,-0.028724253,0.11349707,-0.03492344,0.008606846,0.040874444,-0.05906733,0.108359315,-0.022315186,-0.105966285,0.009645722,-0.00902859,-0.01675439,0.066201866,0.03743152
P03375,-0.01362286,0.096670225,-0.019703522,0.008825164,-0.012751563,-0.0021856644,-0.014560265,0.028659552,-0.027564827,0.006818705,0.074367,0.0064554685,0.10769537,0.01891614,-0.008079721,-0.025651257,-0.009182082,-0.06523987,-0.032146856,0.11513076,-0.03704614,0.004261596,0.039629508,-0.061729554,0.118671745,-0.028202115,-0.08838222,0.013742173,-0.01729482,-0.012507196,0.06367832,0.044357013
O34002,-0.010378899,0.119715616,-0.027636785,-0.014248632,-0.0050485074,0.0047110813,-0.0034932941,0.043137237,-0.028946333,0.016231658,0.081899285,0.00937849,0.096491344,0.0303425,-0.017313516,-0.034238577,0.026829856,-0.06748138,-0.059265263,0.12348117,-0.051730428,0.014658963,0.04872184,-0.049370166,0.12704155,-0.025778646,-0.10703452,0.031219676,-0.0015420159,-0.04140059,0.07288445,0.04038339
P10443,-0.01327852,0.112230316,-0.019247878,-0.01841375,-0.016194886,-0.02282358,-0.013946771,0.040530413,-0.021556403,0.0005334746,0.05921707,0.043902695,0.09710102,0.027267318,-0.0010488788,-0.031676244,-0.010281132,-0.06463392,-0.033322405,0.11748387,-0.024948522,0.022484481,0.06397332,-0.061994374,0.11720319,-0.018479299,-0.10657656,0.0008404483,-0.0069335084,-0.005707036,0.06500098,0.031370886
P61964,-0.017884275,0.11714423,-0.010954729,0.0027389415,-0.01451438,-0.009679176,-0.009198955,0.03104869,-0.027328124,0.0018875342,0.0634278,0.024745995,0.09927825,0.013679775,-0.0028674772,-0.028962767,-0.006986085,-0.052748095,-0.036785804,0.114203185,-0.02129176,0.009575325,0.060364723,-0.06876331,0.10384331,-0.03481463,-0.09841669,0.014177415,-0.013787322,-0.023669833,0.05869807,0.024539942
O22793,-0.0017873409,0.12515928,-0.004892168,-0.0057768077,-0.026220614,-0.020306572,-0.011003141,0.035973072,-0.028928416,-0.0011567665,0.067868,0.03736331,0.10428124,0.02984492,-0.02159028,-0.02396903,-0.010167125,-0.05362828,-0.035209496,0.11599859,-0.031361233,0.017518325,0.04806493,-0.067414954,0.113648094,-0.024304355,-0.09623661,0.014030844,-0.0030974343,-0.014599484,0.077984445,0.014128566
P04806,-0.021718057,0.093580365,0.004938498,-0.03265748,-0.037489537,-0.02083716,-0.0198848,0.039533976,-0.045810193,0.0028681855,0.061402887,0.034017917,0.11076983,0.024826637,-0.027583996,-0.040590074,-0.0046814387,-0.06471761,-0.038406286,0.12680648,-0.032913018,0.012897014,0.051145345,-0.049387053,0.11851281,-0.021814829,-0.09678646,-0.0025971308,-0.002041987,0.0005905653,0.066709034,0.020240067
P04807,-0.021581534,0.10268267,-0.012778634,-0.022470525,-0.034490187,-0.01125446,-0.01502333,0.03904117,-0.035188388,-0.0057582683,0.06101539,0.029517781,0.1119376,0.015514685,-0.015380567,-0.030327339,-0.0067049405,-0.054925345,-0.031162525,0.12420775,-0.027543804,0.0067683235,0.06096322,-0.053562503,0.10619603,-0.028619766,-0.10279932,0.006936914,0.002718387,-0.013603954,0.0629116,0.023863744
P02746,-0.023445183,0.112710215,-0.023602882,-0.013762866,-0.011815707,-0.0096938135,-0.0126842065,0.04128397,-0.016573004,-0.014841291,0.06122609,0.053631853,0.10612473,0.03204123,0.007650318,-0.021491209,0.017591963,-0.042371918,-0.02248194,0.10949746,-0.020752592,0.008321662,0.049274225,-0.040239856,0.11854283,-0.027181193,-0.10104957,0.0203514,-0.028683225,-0.01102665,0.049413294,0.037063677
O88951,-0.024563432,0.08097144,-0.018968249,-0.0228596,-0.01572463,-0.031771522,-0.03805265,0.054110963,-0.026187912,0.02014697,0.0657703,0.015085493,0.0740543,0.036330514,-0.018950079,-0.046176545,-0.0071652234,-0.07228908,-0.019267494,0.13950065,-0.03342331,-0.01223767,0.030990634,-0.03927053,0.13469703,-0.0024881586,-0.11818032,-0.010384042,0.0033023143,0.0007237904,0.061636318,0.059922703
O76054,-0.021364069,0.10260497,-0.011663801,-0.010839291,-0.022290913,-0.019835373,-0.0084454585,0.042047914,-0.018922208,0.0031569107,0.06470058,0.033170857,0.09666922,0.024981923,-0.0018624393,-0.020768993,-0.01757027,-0.047134575,-0.013935341,0.124488115,-0.017512085,0.008722295,0.05929615,-0.058356754,0.10411891,-0.026499651,-0.10545157,0.00090557616,-0.0125954505,-0.019346993,0.052340627,0.02710474
P03485,-0.012271545,0.10373086,-0.030220192,-0.022515215,-0.024212014,-0.020857466,-0.021579988,0.050613187,-0.013790965,0.003444842,0.054762475,0.038572904,0.09722348,0.044556014,-0.0014852909,-0.030135453,-0.015654678,-0.055429548,9.950204e-05,0.1282072,-0.032606635,-0.015737765,0.04642686,-0.05207219,0.118731275,-0.01181611,-0.10906679,0.00041749142,-0.02424964,-0.009148467,0.052791674,0.06140968
P54786,-0.029253801,0.078379445,-0.02833786,-0.037219506,-0.02713638,-0.026354281,-0.0293421,0.045623884,-0.031068273,0.028218634,0.046755012,0.024852611,0.10090985,0.035521645,-0.021325162,-0.05085135,-0.0077702925,-0.07380756,-0.01069611,0.15182869,-0.033853434,-0.007471343,0.039863743,-0.030486345,0.13671768,-0.0026896398,-0.09370649,0.0034795858,-0.0044141044,0.004293936,0.06286463,0.063892595
O43614,-0.018333089,0.101808295,-0.016005026,-0.011427938,-0.018749801,-0.026096923,-0.010236765,0.043444034,-0.038383845,0.024633955,0.063790776,0.010046719,0.09444246,0.03302431,-0.018031176,-0.03316796,0.0011187554,-0.060251925,-0.010709128,0.12954271,-0.023961542,-0.0058764783,0.038228326,-0.042144813,0.10640541,-0.018291485,-0.10373395,0.015837308,-0.015857423,-0.008095781,0.062626295,0.05019033
O58966,-0.033152014,0.10515887,-0.015846424,-0.011096597,-0.015818238,-0.0185818,-0.009304471,0.03744642,-0.028071024,0.0064646993,0.062334694,0.021762725,0.1004636,0.024897307,-0.01310738,-0.033786044,-0.0015868293,-0.044604998,-0.012095611,0.09182714,-0.020581856,0.011628541,0.04661132,-0.057112277,0.106185004,-0.033054814,-0.114171356,0.012012384,-0.024579933,-0.026669683,0.051358543,0.056860887
P61086,-0.01083445,0.12052907,-0.017753853,-0.0060504563,-0.0153351035,-0.008730453,-0.015589213,0.0413628,-0.016667685,0.004064929,0.05290087,0.04211157,0.09752339,0.024375737,-0.020349283,-0.04513977,-0.01780802,-0.06259711,-0.05108895,0.12581849,-0.04087016,0.008926816,0.065769814,-0.07964639,0.12131214,-0.03850802,-0.11283883,0.0015852092,-0.005589825,-0.024041751,0.066005126,0.028795242
P0ADY3,-0.025262143,0.085501075,-0.017187204,-0.0057623517,-0.022123557,-0.022675287,-0.03155984,0.03739331,-0.041901693,0.01711273,0.059819542,0.012660833,0.100312546,0.024989806,-0.027813852,-0.04275152,-0.011610867,-0.073190525,-0.025287824,0.1339247,-0.03862634,0.0060241763,0.036604796,-0.0447593,0.11880903,-0.021259282,-0.09129219,0.0017369902,0.00511027,-0.00010135956,0.06405308,0.041751724
P33421,-0.015971944,0.08530894,-0.013020207,0.008362248,-0.009511469,-0.0075196815,-0.026288563,0.031966668,-0.03514878,0.01590176,0.0646179,-0.0062996163,0.08663213,0.023300385,-0.013710424,-0.02889865,0.0033422336,-0.068715416,-0.028821737,0.116304934,-0.02758172,-0.002527222,0.04076953,-0.03885522,0.10449488,-0.02810266,-0.09921542,0.013171032,-0.008754201,-0.016723786,0.06559047,0.026439318
B9VJ59,-0.014830217,0.13047485,-0.0037673307,-0.022575513,-0.017845307,-0.006705494,0.0023896068,0.041214753,-0.024353284,-0.014960801,0.061816707,0.0395364,0.10811818,0.014618104,0.0032476708,-0.015382795,-0.00410284,-0.04127645,-0.0376791,0.107306756,-0.017261522,0.018278774,0.06489856,-0.06650044,0.10177461,-0.029692877,-0.104649454,0.023609776,-0.015490761,-0.008969724,0.076510504,0.010282436
P13232,-0.015605764,0.123099856,-0.015350865,-0.010645143,-0.013220057,0.016553879,-0.024762552,0.054272905,0.0057437066,-0.024523987,0.06469549,0.029673385,0.10644832,0.024363894,0.009831518,-0.01689629,-0.019079678,-0.05024634,-0.037730474,0.10721841,-0.03272792,0.004987915,0.066216774,-0.07887973,0.117734015,-0.025450751,-0.10012088,0.015403631,-0.014729673,-0.009031626,0.08155478,0.02896656
P98170,-0.015781391,0.120811395,-0.0057635373,-0.011751211,-0.021773404,-0.0139001245,0.0013833059,0.042110626,-0.031442348,0.0017534397,0.06792509,0.03759387,0.10556983,0.0263184,-0.0030103885,-0.021597046,-0.0054616854,-0.044874366,-0.03089919,0.11343857,-0.017524222,0.011843253,0.05880848,-0.06154033,0.11188473,-0.031255864,-0.10354261,0.017057914,-0.01862801,-0.017912164,0.06270729,0.02559493
Q08379,-0.030302642,0.09879885,-0.008339361,-0.008339504,-0.015715169,-0.007892232,-0.031788837,0.03068492,-0.020531578,0.006627235,0.069467805,0.020820195,0.10082391,0.022275975,-0.018058209,-0.035123788,-0.0010308408,-0.057419226,-0.03874876,0.11455295,-0.03320812,0.008786368,0.044873234,-0.048971023,0.11330001,-0.03329471,-0.0960547,0.009730191,0.0035027042,-0.01868063,0.067471065,0.031995557
P00191,-0.04359599,0.11136621,0.0148291215,-0.020408444,-0.009342555,-0.018443327,0.015609549,0.038913444,-0.05316361,0.0017626705,0.07520197,0.041489303,0.09994884,0.00917688,-0.009279538,-0.01343273,0.0055949185,-0.03520055,-0.058322243,0.09473473,-0.026520258,0.0069122654,0.053694837,-0.048448443,0.122534454,-0.05236306,-0.10948117,0.025636502,0.0067296857,-0.0032472834,0.06459704,0.021502543
P09032,-0.03294946,0.08195264,-0.019761967,-0.0127417995,-0.007625257,-0.004330649,-0.04048611,0.014964004,-0.013093085,0.01869436,0.06613927,0.011591463,0.093192495,0.018569872,-0.02313838,-0.031289753,-0.014206159,-0.070244044,-0.045790214,0.11626983,-0.051722992,-0.0023424076,0.039369572,-0.056946684,0.12247742,-0.024447123,-0.10256558,0.0012407707,0.0155579625,-0.016132565,0.0666311,0.05326866
P11229,0.0017567854,0.13019508,-0.012573955,-0.017574674,-0.020870473,-0.0075366776,0.008183403,0.036033187,-0.026104867,0.01186483,0.08619298,0.03480322,0.11192568,0.04990401,0.0018207654,-0.021870332,0.0053751026,-0.035676934,-0.016584354,0.10748373,-0.02744868,0.015076699,0.044805024,-0.06400862,0.10014811,-0.03996497,-0.092929795,0.028071344,-0.029468069,-0.025183067,0.06290054,0.029602185
P19784,-0.004579652,0.13980429,-0.011429795,-0.019045316,-0.017234325,-0.0099140005,0.021051904,0.035347614,-0.022653455,-0.005394628,0.076554306,0.043020565,0.10329192,0.030620977,0.027615046,-0.00034017986,0.007618883,-0.04141644,-0.026380232,0.098120905,-0.009474752,0.015781524,0.07897589,-0.07053093,0.09684984,-0.025094727,-0.10497162,0.028951665,-0.033116132,-0.025386592,0.064864844,0.025803296
Q13951,-0.019217052,0.12156515,0.0007801242,-0.012866974,-0.019587502,-0.014879914,0.024788808,0.041436113,-0.019203048,0.0075528994,0.07457902,0.038687974,0.09954301,0.032767273,0.027073666,0.0054773837,0.0033249916,-0.023815913,0.0012391936,0.106732875,0.008386392,0.0012633927,0.07452891,-0.061748326,0.09553562,-0.024108835,-0.10085088,0.01921417,-0.053502094,-0.033365153,0.04928513,0.024859006
P09326,-0.0047728647,0.10160992,-0.03440858,-0.01333942,-0.018250447,-0.013729011,-0.020939648,0.038213626,-0.023394577,0.012308889,0.06113639,0.022019004,0.091044724,0.023713669,-0.010883008,-0.03833192,-0.019297915,-0.07000691,-0.023430498,0.13069662,-0.040579934,-0.0033638934,0.044142142,-0.060013812,0.11723912,-0.020102853,-0.10367859,0.0051893177,-0.009818125,-0.012334476,0.06867591,0.0511941
P20065,-0.0122310715,0.11405942,-0.021770798,-0.012103736,-0.027893588,-0.01627227,-0.019225597,0.035259776,-0.02664488,-0.014867241,0.058671102,0.03436213,0.09979643,0.014247009,-0.0053332215,-0.03219211,-0.021091688,-0.06387843,-0.036233783,0.12823649,-0.028244752,0.013744796,0.065736756,-0.069799304,0.1018978,-0.030993752,-0.10663399,0.0068850024,0.0048282985,-0.009989118,0.06403019,0.025838103
Q06124,-0.016699798,0.11218996,-0.012496668,-0.008807862,-0.016818382,-0.016682569,-0.013964253,0.033873934,-0.027660284,0.00076366984,0.06614193,0.031987444,0.095090516,0.021379959,-0.0025595243,-0.025632465,-0.0045917886,-0.05585317,-0.030485887,0.11072734,-0.021318257,0.012763265,0.05726556,-0.0645159,0.10936068,-0.024386315,-0.10383854,0.008697245,-0.011540591,-0.012362778,0.0666743,0.028338505
Q383B2,-0.008553969,0.11386931,0.0039866297,0.0013304949,-0.039604276,-0.021506213,-0.019513624,0.036793984,-0.044097625,-0.0015267795,0.06606699,0.037135907,0.097072124,0.023240436,-0.021076763,-0.036572788,-0.022300549,-0.04887905,-0.036154207,0.12235771,-0.02045532,0.0051238406,0.051125027,-0.07538362,0.119649604,-0.030952767,-0.09530683,0.007351622,0.001771512,-0.020582974,0.051483314,0.013505688
P48415,-0.044764444,0.08075287,0.0033601534,-0.0013848568,0.0021446003,-0.012924787,-0.01423264,0.008515255,-0.027605534,0.018737035,0.06404961,0.008883436,0.10398129,-0.007639007,-0.023193559,-0.036706846,0.008357248,-0.055472333,-0.04241027,0.11643339,-0.038317244,0.010906651,0.04796673,-0.041741073,0.10874169,-0.048918247,-0.08175605,0.009999242,-0.0041420897,-0.038882896,0.06583785,0.010009353
P16143,-0.0124175465,0.10322074,-0.012386445,-0.004847856,-0.021440856,-0.012999938,-0.007517623,0.02039026,-0.053699385,0.0054875766,0.054827753,0.014509089,0.11025852,0.0060829646,-0.0144398585,-0.036298957,-0.0023936194,-0.07326469,-0.032150816,0.11641202,-0.03195571,0.0047509037,0.047834978,-0.06813966,0.10737565,-0.02299649,-0.1037091,0.014659251,-0.022011563,-0.005113239,0.06724923,0.032611903
O74499,-0.038130913,0.09103032,-0.014260552,-0.009433046,-0.010229063,-0.004246466,-0.031925164,0.030382704,-0.019042386,0.0019408991,0.0663341,0.0070783286,0.11086008,0.017158212,-0.008247365,-0.033002585,-0.011324653,-0.064808846,-0.036758486,0.12140791,-0.038641978,-0.008726227,0.044218294,-0.053198904,0.12725346,-0.032234143,-0.08888125,0.0034732851,-0.0014053243,-0.0049429513,0.075254515,0.05029349
P18065,-0.024716036,0.13102096,-0.0075452556,-0.004269235,-0.021904925,0.006255068,-0.008112905,0.05626287,-0.023639778,-0.0005937784,0.065388836,0.027400581,0.101369955,0.02720496,0.00025624534,-0.019602874,-0.00089106587,-0.034058575,-0.027532885,0.11452276,-0.01306129,0.0037334226,0.059651297,-0.064443894,0.105541624,-0.030940631,-0.0990434,0.02644112,-0.014465551,-0.017119372,0.07207595,0.019946685
P01586,-0.018583946,0.12256991,-0.020693647,-0.004523388,-0.009126084,0.020201012,-0.017321665,0.049532734,-0.008650245,-0.0067896573,0.064911276,0.006974332,0.10028979,0.011521429,0.0040230965,-0.023095977,-0.01149679,-0.061545014,-0.04593708,0.109246045,-0.033032414,0.0047612153,0.06523518,-0.0771221,0.114920065,-0.022653649,-0.102546126,0.023676418,-0.01082006,-0.017008275,0.08597416,0.036712054
Q92734,-0.02359158,0.099943,-0.0019300533,-0.00954161,-0.005467027,-0.017230708,-0.021270689,0.028645717,-0.007023787,-0.0013023876,0.06488532,0.034842014,0.09362081,0.007210565,-0.012709592,-0.025570348,-0.01251679,-0.060534153,-0.041140243,0.11769301,-0.03691781,0.02751765,0.046673987,-0.04723829,0.11001221,-0.028489077,-0.091868505,0.0036037054,0.008616653,-0.013401773,0.077193476,0.0011205235
P03957,-0.035363615,0.08238825,-0.0012257952,-0.00069990306,-0.010810296,-0.016139122,-0.021422053,0.028762111,-0.035262592,0.0016278513,0.07395754,0.0033741344,0.10872705,0.008453047,-0.013786984,-0.026427507,0.0029501733,-0.05886497,-0.03482493,0.11635693,-0.024476014,0.001796067,0.042945825,-0.045505945,0.11818925,-0.03214382,-0.08780341,0.007387802,-0.0029859424,0.0014822244,0.07276136,0.02987136
P00257,-0.017357223,0.15150239,0.0012568282,-0.016344642,-0.022112738,0.0029514856,-0.017820835,0.048441283,-0.009493785,-0.025437117,0.059286024,0.037251666,0.114218295,0.015639137,-0.011128066,-0.0341305,-0.0047520474,-0.043867815,-0.048858277,0.10693021,-0.018730149,0.021443065,0.07354555,-0.08366111,0.09937586,-0.041407794,-0.110188514,0.025560027,0.006878415,-0.013049422,0.10041946,-0.0038928017
P49710,-0.009454226,0.105926685,-0.01792687,-0.0017453283,-0.012914851,-0.015989324,-0.0027006804,0.018856702,-0.0379029,0.005594381,0.06468834,0.023176912,0.112911105,0.015123418,-0.002002255,-0.028109513,0.0024369666,-0.07457437,-0.034218673,0.115068085,-0.028405122,0.020059723,0.052448764,-0.05793787,0.11408959,-0.023771478,-0.09345589,0.01563574,-0.02567422,-0.013957551,0.06548779,0.034143277
P08171,-0.021843538,0.10406663,-0.009256805,-0.006097065,-0.02661954,0.0014507485,-0.020513525,0.044398,-0.008899217,-0.009153056,0.06278096,0.034511775,0.118187346,0.015700886,-0.0062763267,-0.036564425,-0.011153579,-0.05024326,-0.027514124,0.11521464,-0.027268315,0.0041672983,0.052609324,-0.059798013,0.12089152,-0.028929649,-0.0958193,0.014739059,0.0028467737,-0.007868145,0.059488293,0.0230563
P00568,0.0008993801,0.14367037,-0.016340882,-0.008845372,-0.008403745,-0.024229752,0.009642506,0.038870208,-0.013671972,-0.017990671,0.059765946,0.075431496,0.08345313,0.019201102,0.026739521,-0.014834325,-0.013137225,-0.05524087,-0.046594992,0.10822558,-0.013730474,0.036925726,0.08447629,-0.07128212,0.101654425,-0.033961378,-0.102354184,0.021325883,-0.016364336,-0.009596257,0.061466612,0.007932944
O43255,-0.025601953,0.09839106,-0.006003621,-0.0038000746,-0.0086233355,-0.017857663,-0.013816912,0.03334806,-0.017618597,0.0062511666,0.06713792,0.0282938,0.08775493,0.013391588,-0.008548433,-0.017313212,-0.008329433,-0.055636168,-0.029645022,0.116919994,-0.026493926,0.019508969,0.041180976,-0.044334278,0.108476944,-0.020034503,-0.09972944,0.0042943377,-0.0046656933,-0.014181368,0.0638367,0.0163332
Q14103,-0.028026683,0.101697326,-0.010776673,-0.003312163,-0.00881613,-0.022205817,-0.0058499784,0.025384068,-0.024652863,0.004076251,0.0708753,0.027093062,0.10186227,0.023110455,-0.0014981779,-0.016784947,0.00085304864,-0.050594453,-0.025094626,0.107317746,-0.023294358,0.017580282,0.054529734,-0.047432363,0.10343255,-0.037191637,-0.088576354,0.007962236,-0.025025591,-0.021809863,0.062201295,0.0344413
O08547,-0.019847792,0.096660845,-0.02233503,-0.013887582,-0.0015481678,-0.009388479,-0.030670715,0.01402701,-0.010820964,0.020805955,0.065169394,0.02747038,0.09778417,0.022445649,-0.024379011,-0.054495186,0.009228014,-0.07818781,-0.050915323,0.12682179,-0.04757102,0.016282829,0.046989992,-0.05248686,0.12728655,-0.037053622,-0.10631991,0.017114729,0.007875291,-0.039688803,0.061658904,0.03708216
P18545,-0.023411313,0.10298111,-0.0208629,-0.011859663,-0.018631255,-0.013222128,-0.018831708,0.038763016,-0.029979492,0.020141177,0.06798097,0.016183062,0.097051896,0.021528786,-0.011635504,-0.034339976,-0.012106563,-0.055578697,-0.019379465,0.11549052,-0.027646853,-0.0024496305,0.03895571,-0.0544793,0.11573853,-0.021407386,-0.10897306,0.007866795,0.0064085177,-0.013916659,0.061802894,0.04633078
P0AFL3,-0.041333042,0.10608796,-0.0046897116,0.012573234,-0.0075707436,0.003316791,-0.03067287,0.033028975,-0.03231595,0.0022535946,0.06794776,0.001015467,0.09150013,-0.003546536,-0.018864984,-0.039198752,0.0012496123,-0.05449256,-0.05086978,0.110493936,-0.024312876,0.017857337,0.04138765,-0.06120497,0.11342719,-0.03470094,-0.09598374,0.020411097,0.011648118,-0.02043596,0.07328148,0.015548508
P78362,-0.020929687,0.11075188,-0.013616875,-0.011635325,-0.01615883,-0.017150875,-0.01735925,0.036630463,-0.018095763,0.0027491862,0.06564598,0.031489607,0.09828561,0.027892653,-0.0038668313,-0.024265965,-0.007290285,-0.061544396,-0.03385757,0.11727886,-0.027904993,0.008241801,0.058825392,-0.05821531,0.11577103,-0.022476442,-0.09848844,0.0054263286,-0.0046757096,-0.007840148,0.07292024,0.035880808
P00004,-0.013581093,0.12173766,-0.0035999892,-0.002273825,-0.017914109,-0.007295486,0.0006964952,0.0265156,-0.031588368,-3.7569087e-05,0.067835905,0.02828088,0.10710507,0.007346744,-0.008289646,-0.02829237,0.00018299976,-0.04378475,-0.034466267,0.10677171,-0.021697724,0.023292972,0.04872443,-0.06421299,0.09402319,-0.038547203,-0.10038909,0.017020632,-0.013015864,-0.02555694,0.06680854,0.002285297
P52286,-0.026605753,0.10322506,-0.012733855,-0.007059203,-0.017776335,-0.013482345,-0.011873131,0.021199731,-0.026357366,0.009060302,0.058149062,0.02454892,0.1027471,0.013571544,-0.014263519,-0.028319445,0.0036058757,-0.06401581,-0.03168737,0.11946736,-0.025077462,0.015263556,0.041267816,-0.041300986,0.10554222,-0.023572061,-0.0940807,0.015278594,-0.015144217,-0.013585002,0.06798596,0.031266123
O00757,-0.014256676,0.105519295,-0.015250418,-0.033339597,-0.025367899,-0.026508205,-0.023833418,0.04934934,-0.017445993,-0.00013672064,0.0587977,0.037969667,0.0989047,0.032665316,-0.015800651,-0.040755957,-0.02441679,-0.056949113,-0.023544872,0.13471432,-0.034347933,0.005847692,0.045389358,-0.054442104,0.11844849,-0.020889828,-0.11055913,-0.0011691177,0.007935503,-0.0019106878,0.06473356,0.035200004
A6ND01,-0.015367727,0.113613404,-0.022678861,-0.026189372,-0.021403907,-0.013738391,-0.011440539,0.05275124,-0.010905522,0.0007574049,0.05829006,0.0405703,0.09639218,0.038206995,0.0070059453,-0.02270454,-0.011337309,-0.048669714,-0.007919228,0.1217817,-0.025403665,-0.008349649,0.056909997,-0.05604293,0.11497486,-0.013345525,-0.10928308,0.0069117458,-0.02533981,-0.013728236,0.058256727,0.04877259
P07358,-0.010666969,0.113640286,-0.018035203,-0.015139282,-0.01959387,0.009272353,-0.0150573505,0.038678423,-0.00863219,-0.008422109,0.07191447,0.02481513,0.11296215,0.039515663,0.006618746,-0.02003136,-0.006971223,-0.045811385,-0.013543163,0.11276842,-0.034764133,-0.00064618775,0.04798688,-0.06862356,0.103459574,-0.0305894,-0.09458476,0.019535644,-0.039480772,-0.019203708,0.059946503,0.04265778
Q15154,-0.02148541,0.099759005,-0.012672618,-0.004200189,-0.019636964,-0.01562219,-0.019197859,0.03416206,-0.030545617,0.005218278,0.061073806,0.021694602,0.09892711,0.01677874,-0.011549752,-0.033741817,-0.008774888,-0.061415505,-0.028476082,0.12082961,-0.028726853,0.0027449548,0.045557488,-0.055267323,0.11431846,-0.02127712,-0.09890235,0.0023396707,-0.013934636,-0.01331985,0.058397237,0.03604752
P18075,-0.029111665,0.10974789,-0.025214028,-0.0026847653,-0.012103302,0.017597975,-0.0127620045,0.044060834,-0.020267602,0.0022737377,0.054950606,0.006319809,0.09958318,0.007719756,-0.0051925965,-0.020326355,-0.0035810664,-0.055554293,-0.028076043,0.11553091,-0.027744457,-0.0039157616,0.054703355,-0.060935043,0.111094855,-0.021256264,-0.10322746,0.02450129,-0.028271522,-0.026193315,0.07178037,0.042116627
O00222,-0.01426432,0.11960218,-0.0054911915,0.0025616698,-0.003206513,-0.01414692,0.007327321,0.038129605,-0.010721637,0.002625931,0.07528347,0.047575682,0.09905832,0.035608545,0.00010006875,0.009585253,0.0027101822,-0.032776833,-0.024290165,0.09162705,-0.015922824,0.018664122,0.04476926,-0.05197828,0.11838061,-0.023025768,-0.103522465,0.019549165,-0.027404353,-0.016845446,0.06597972,0.022666028
P48962,-0.010795247,0.11489889,-0.014674563,-0.0037521054,-0.012839109,-0.017790422,-0.0030173426,0.03524825,-0.018747931,-0.0045701326,0.064765796,0.04273904,0.10109245,0.027282555,0.0027718982,-0.014183787,-0.009236475,-0.049842775,-0.029410409,0.105552405,-0.028903048,0.0027803546,0.04266452,-0.05873353,0.12494951,-0.018477079,-0.10692244,0.0020444922,-0.023767004,-0.011275264,0.059319768,0.03837973
P03255,-0.033132076,0.10886787,-0.008099537,-0.0034338473,-0.017492574,-0.0074495594,-0.030605147,0.03386785,-0.025102083,-0.0071946555,0.0605535,0.02742967,0.096967384,0.012354471,-0.009191462,-0.024591181,-0.0071873493,-0.047213376,-0.0372642,0.10260719,-0.017029122,0.009022591,0.06183528,-0.06840333,0.10553098,-0.031111272,-0.10629306,0.0047754645,0.002956616,-0.01053989,0.070912346,0.022744402
Q7L5D6,-0.033199385,0.081837915,-0.017859617,-0.0051289946,-0.016736742,-0.018444976,-0.029685112,0.032238062,-0.025335796,0.013288881,0.058045868,0.016885726,0.093390964,0.01700702,-0.026708106,-0.03263201,-0.004409669,-0.07194057,-0.030537218,0.12532933,-0.030645968,0.002803673,0.05093395,-0.04814594,0.11901899,-0.020924103,-0.10094221,-0.0033564991,-0.0052266256,-0.0051874216,0.075101346,0.04481553
P17562,-0.029079385,0.09190945,-0.016498357,-0.0003888104,-0.0192975,-0.0147742005,-0.008375594,0.035151884,-0.031653367,0.015835838,0.06584465,0.012588164,0.101897165,0.015260891,-0.012392898,-0.023540325,-0.015921226,-0.053417332,-0.016054431,0.12672085,-0.020652872,0.011731615,0.04228852,-0.04776518,0.10493039,-0.02605357,-0.0987816,0.0019384194,-0.010258162,-0.020371921,0.048414685,0.03437306
Q9UMS4,-0.02689535,0.104189485,-0.015263834,-0.009287677,-0.015894983,-0.0031915524,-0.0065825605,0.035487346,-0.02941688,0.0109259775,0.059418906,0.018289572,0.11146569,0.012664766,-0.011049196,-0.03238069,-0.0037279285,-0.053767998,-0.027733698,0.11998456,-0.0294583,0.0020768547,0.050273675,-0.05537736,0.114186324,-0.0314656,-0.09750527,0.019543575,-0.010457664,-0.016457397,0.06544255,0.033352956
O08603,-0.025037551,0.09254861,-0.01685448,-0.0043761483,-0.013161217,-0.026729321,-0.036263086,0.0385173,-0.027652482,0.011958476,0.056415617,0.02133295,0.0857338,0.022117665,-0.02525343,-0.03159527,-0.0075055812,-0.0656803,-0.022995293,0.12414368,-0.038227785,-0.002443718,0.035629667,-0.03891934,0.11198931,-0.016064743,-0.09873431,-0.001848821,0.00570656,-0.0017847655,0.073052146,0.035412308
P08134,-0.006718158,0.09664357,-0.005784843,-0.011372108,-0.007466441,-0.013672601,0.011223333,0.011095693,-0.016251974,0.030124824,0.080919296,0.021759273,0.10047625,0.02553299,-0.011282608,-0.016194247,-0.0019732164,-0.07123408,-0.032991,0.11856496,-0.040693082,0.022070564,0.05553025,-0.056243975,0.1056871,-0.03335713,-0.10355522,0.0149184875,-0.022157446,-0.051599428,0.05747927,0.027719658
O43432,-0.024620706,0.08592414,-0.02360631,-0.014146847,-0.013791992,-0.016531823,-0.037450936,0.031592086,-0.030177096,0.011299963,0.054730076,0.018075198,0.082139485,0.01191168,-0.03384933,-0.04101343,0.0001484806,-0.07143666,-0.039985035,0.13560772,-0.03859669,0.004903208,0.036055934,-0.040821593,0.119490325,-0.014971013,-0.11017984,0.0043557268,0.0054171965,-0.016358206,0.06469637,0.035898402
Q06208,-0.044038925,0.08626101,-0.024484053,0.0044120722,-0.012896307,-0.028039426,-0.029249705,0.024091773,-0.030613312,0.025405608,0.0593984,0.026491208,0.09656256,0.039050728,-0.028894998,-0.03236252,0.0163572,-0.045390353,-0.008445551,0.10122824,-0.033500943,-0.004343044,0.037511826,-0.028789788,0.10303098,-0.042693943,-0.09328487,0.004736252,-0.016327411,-0.01946153,0.064654656,0.063330375
P18291,-0.01406234,0.12940979,-0.012066751,0.0054498925,-0.014068986,0.00033675134,-0.004302033,0.043029215,-0.024393708,0.0024944972,0.062175483,0.040565457,0.10630239,0.00756083,-0.011558913,-0.043858916,-0.0069378316,-0.045682058,-0.043743487,0.10738029,-0.027115634,0.019059835,0.072753675,-0.079975404,0.10635513,-0.054770112,-0.1063318,0.022488184,0.00708749,-0.032269225,0.0639097,0.0019057294
O95834,-0.025212789,0.09465012,-0.023568973,-0.0115935495,-0.019571926,-0.00039347788,-0.03240882,0.037890773,-0.016627949,9.0121604e-05,0.065185934,0.010953923,0.10534509,0.024685562,-0.0011655837,-0.04130599,0.0027804058,-0.06557231,-0.034990966,0.12917136,-0.028418034,-0.008101211,0.04500215,-0.04911994,0.12979774,-0.013529531,-0.09386311,0.0023516815,-0.020515256,-0.018528653,0.051283404,0.059299897
Q9UKG1,-0.023110794,0.104786836,-0.008712657,-0.014504546,-0.015064402,-0.014769088,-0.012836529,0.02890928,-0.022891266,0.0030778078,0.065484464,0.02828348,0.104424216,0.017145783,-0.010859685,-0.030710785,-0.005608066,-0.058255237,-0.037637178,0.11934241,-0.028734598,0.011427578,0.049875848,-0.05277809,0.11263708,-0.032598667,-0.099647544,0.010280769,-0.007016196,-0.015069801,0.0655277,0.029291905
F4JW79,-0.042843115,0.09602346,0.0014444254,0.0074132346,-0.011939406,-0.015257344,-0.02651264,0.030921197,-0.024096703,-0.0008583497,0.06314441,0.023432503,0.102273755,0.006314,-0.014495265,-0.020550119,0.018080115,-0.041908845,-0.025009556,0.11042719,-0.017335767,-0.0049142786,0.037127975,-0.028694822,0.114983745,-0.025925966,-0.08736628,0.010206093,-0.00081215304,-0.013282011,0.07449379,0.010811151
A1Z1Q3,-0.0115463035,0.11756054,-0.011409606,-0.012831349,-0.02209427,-0.019820658,-0.007374155,0.044076834,-0.025513532,-0.0054983348,0.06540523,0.04175356,0.09768643,0.024898676,-0.0007528619,-0.027217923,-0.009860552,-0.057249602,-0.035226803,0.12120622,-0.018805455,0.010465561,0.06460219,-0.063483454,0.11545516,-0.028084315,-0.10304151,0.014422555,-0.009558342,-0.0066694543,0.06306837,0.02984939
Q9CZD3,-0.03185259,0.10511121,-0.0047783,-0.007111604,-0.009463113,-0.010662295,0.0059785377,0.029702224,-0.028759142,0.013528814,0.08666473,0.019328194,0.10293492,0.020673046,0.012147213,0.003818291,0.0022814644,-0.044950087,-0.02522514,0.09549106,-0.012106662,0.020638594,0.04268676,-0.039112937,0.10712922,-0.021587202,-0.08936677,0.023533413,-0.0070378757,-0.0067970934,0.06101088,0.03328441
Q6P9J9,-0.013384987,0.12180024,-0.01073376,-0.013750654,-0.020284813,-0.0030772844,-0.017433185,0.046884004,-0.020172505,-0.008340762,0.06031343,0.029113911,0.10474264,0.017728943,-0.006424347,-0.031867176,-0.019874623,-0.05161562,-0.03621764,0.11667257,-0.027178874,0.010625085,0.06035063,-0.074041806,0.11056468,-0.030590601,-0.10358351,0.016099988,-0.00039936032,-0.010453367,0.07359059,0.019464575
Q8N8N0,-0.014613703,0.11734543,-0.017595023,0.0034237765,-0.013398017,-0.008133487,0.007747868,0.04144254,-0.028302984,0.016069813,0.068800755,0.038451176,0.10460976,0.0254417,-0.0035339065,-0.027825033,-0.0032049378,-0.047126,-0.025013087,0.116514236,-0.020002099,0.014475878,0.06255675,-0.061899442,0.11283776,-0.047478493,-0.09770284,0.0271068,-0.016489793,-0.028733106,0.05721258,0.025191216
P07363,-0.016875647,0.10137835,-0.013521475,-0.0070189605,-0.018979115,-0.020993905,-0.01866326,0.030664653,-0.03423905,0.011272393,0.058060016,0.029581511,0.0947542,0.01782068,-0.022434503,-0.039842844,-0.017152747,-0.06994253,-0.036852673,0.121679105,-0.03714441,0.008828345,0.048326105,-0.06401963,0.1140039,-0.029648975,-0.11098216,0.0009505097,0.0012848579,-0.010212006,0.063422374,0.03388807
C8VTS4,-0.013451493,0.11139002,-0.013241187,-0.018948875,-0.02437412,-0.017832961,-0.014459305,0.029070705,-0.040989175,2.8861687e-05,0.054205317,0.03128883,0.103337124,0.017588194,-0.0057531837,-0.04144737,-0.0048568035,-0.07850553,-0.039939836,0.12255181,-0.025786605,0.0132208895,0.06441927,-0.072324224,0.11718954,-0.016699625,-0.10481864,0.0042636013,-0.021242537,-0.004076086,0.06965909,0.036072697
O14782,-0.04108514,0.07648401,-0.0060495697,-0.009584042,-0.017560653,-0.012986906,-0.03244421,0.03103917,-0.039910972,0.0025603482,0.060470726,0.00975932,0.09883328,-0.0019829557,-0.035751436,-0.042269483,-0.007674645,-0.06129096,-0.04978332,0.12871766,-0.037223745,0.00087071303,0.040924184,-0.05055872,0.12958819,-0.03150275,-0.10420069,-0.0028952155,0.014376762,-0.012441687,0.06634861,0.027971916
O80467,-0.035248116,0.08261657,-0.016323393,0.0134864785,0.0030062157,0.00033904286,-0.015340687,0.017440293,-0.036481246,0.036185507,0.0625387,-0.010397168,0.10796401,0.008371848,-0.03404738,-0.022766266,0.004384491,-0.05283625,-0.023296336,0.10805488,-0.037098244,0.008056037,0.038836025,-0.050759263,0.096392184,-0.039920866,-0.09486736,0.020571405,-0.006662034,-0.027845006,0.06652701,0.029135935
P05230,-0.02127087,0.115079455,-0.019448427,-0.007268798,-0.011834325,-0.0029895497,-0.016675161,0.045958042,-0.013422377,-0.0046410244,0.05920422,0.028869756,0.09484225,0.01869413,0.0066501778,-0.0251256,-0.0073767537,-0.056312338,-0.029172085,0.11448404,-0.020191558,0.010334351,0.06931735,-0.06313974,0.107007936,-0.026472144,-0.10182427,0.013160516,-0.014949613,-0.016106032,0.06883495,0.027966708
P43138,-0.013740364,0.11958656,-0.0146975,0.003662841,-0.006220524,-0.014105143,0.0016575558,0.03103458,-0.029589701,-0.0071658865,0.0785366,0.029621309,0.10303318,0.023398723,0.01225911,-0.013555484,0.0034227557,-0.053254686,-0.03815025,0.10354453,-0.017254129,0.030238835,0.05024337,-0.057027064,0.10799128,-0.03258744,-0.094063744,0.021112418,-0.01915411,-0.0070336787,0.060659625,0.027001161
O60759,-0.028613428,0.091328435,-0.0063414825,-0.013526335,-0.017413538,-0.019293156,-0.018626312,0.033332404,-0.02955205,0.010762878,0.06029141,0.021841107,0.09930164,0.012123871,-0.011685783,-0.040243234,-0.01944833,-0.06831135,-0.03079396,0.12615255,-0.031499505,0.0064226487,0.047578365,-0.057787552,0.11963718,-0.024397144,-0.10144645,-0.0021768436,-0.00084724557,-0.004987699,0.06129643,0.03313489
P55072,-0.020479837,0.103265375,-0.014438121,-0.007582141,-0.016281566,-0.009509006,-0.019742234,0.032265913,-0.019863242,0.008157092,0.064033136,0.02370802,0.09684897,0.018801074,-0.013593125,-0.028981395,-0.008022474,-0.061744314,-0.03510512,0.12071334,-0.030391656,0.0070158783,0.052678574,-0.056802925,0.11230393,-0.025970152,-0.10450891,0.0072179274,-0.00702733,-0.021285549,0.068772726,0.032248586
P09169,-0.0031484645,0.1381868,-0.015836915,-0.0015608681,-0.020646663,-0.00938819,0.02239568,0.036034714,-0.02724962,0.011584215,0.077893704,0.04018951,0.09954137,0.0380106,0.019178495,-0.0060979663,-0.00016050413,-0.03861318,-0.020944996,0.10937345,-0.014093441,0.010785088,0.06737006,-0.06918948,0.103817545,-0.030700915,-0.0913172,0.02538233,-0.039455105,-0.039936353,0.05457854,0.03174411
Q05201,-0.019757584,0.113394484,-0.016050443,-0.006631433,-0.013619375,-0.012530019,-0.010815448,0.03067897,-0.025983261,0.00507713,0.06948699,0.022967178,0.099743254,0.019077834,-0.002380432,-0.02032135,-0.007570554,-0.05455058,-0.030785808,0.108593784,-0.021287095,0.018715741,0.053305723,-0.058892064,0.104143195,-0.027256044,-0.101631984,0.010999544,-0.004949066,-0.019111557,0.0646693,0.028768126
P0A7J3,-0.025110027,0.08092638,-0.007722599,0.0021006651,-0.014700791,-0.024582187,-0.033732563,0.020290209,-0.038982302,0.008670241,0.06344844,0.016898815,0.1002455,0.017892335,-0.031466335,-0.03189183,-0.0037363893,-0.067845225,-0.026158309,0.11660008,-0.03889828,0.0060170996,0.033657264,-0.049936328,0.11553452,-0.027957007,-0.09754539,0.0008125281,-0.00029355957,-0.006939615,0.07023084,0.02880627
O95881,-0.0112725,0.11944095,-0.004338881,-0.016823512,-0.007394463,-0.027468294,-0.0048895734,0.029977798,-0.017889338,0.011215001,0.070045434,0.049758762,0.0990836,0.031051911,-0.020894324,-0.026369607,0.009335924,-0.04233317,-0.039468344,0.105323575,-0.02936521,0.025102062,0.064220466,-0.056946218,0.10160244,-0.045552224,-0.10436406,-0.0005752854,-0.006374303,-0.02779852,0.08334518,0.002842784
P13635,-0.010572909,0.10668763,-0.017482182,-0.0022639036,-0.016220134,0.010165947,-0.009562542,0.036280856,-0.016680183,-0.0040536174,0.068709835,0.017668806,0.10565448,0.02496385,0.0009845669,-0.0064065363,-0.0072213695,-0.05132525,-0.017605707,0.10613972,-0.040040657,-0.00683252,0.054884076,-0.069996566,0.10436493,-0.025253678,-0.09867984,0.021423668,-0.032274816,-0.023348713,0.06965196,0.03636231
P12235,-0.011292873,0.08981557,-0.014098319,-0.013780295,-0.02348825,-0.018691102,-0.023558076,0.030818436,-0.03243735,0.009761067,0.06741462,0.016962912,0.098499045,0.032784183,-0.01937465,-0.031338792,-0.0064171376,-0.06141823,-0.018968469,0.123730525,-0.039576434,-0.008587489,0.032134306,-0.053078018,0.11643203,-0.018201115,-0.10414092,0.004274694,-0.014788086,-0.010971686,0.060098533,0.04671223
P0AER0,-0.030638218,0.07848374,-0.00963134,-0.0076863975,-0.010076747,-0.03290778,-0.03220524,0.040128868,-0.0143052,0.013634651,0.06469816,0.03076043,0.08326971,0.034090545,-0.020415956,-0.024647625,-0.0073306444,-0.06406302,-0.025885275,0.11874139,-0.03450251,0.002520835,0.05241239,-0.031523056,0.120915055,-0.028578183,-0.09473901,-0.008527908,0.0048351935,-0.009305399,0.07099149,0.036718186
P43364,-0.016106755,0.113576554,-0.008157902,-0.0139000295,-0.019754825,-0.020303426,-0.0007722415,0.044647124,-0.010173916,0.0026536032,0.07037269,0.044050235,0.099338226,0.036662444,0.00487979,-0.01380767,-0.013957183,-0.037621837,-0.012644217,0.1168679,-0.013283685,0.013366125,0.06054015,-0.059536923,0.10645056,-0.02772288,-0.103066,0.0022971975,-0.022019073,-0.021711668,0.05476747,0.024754392
Q9Y3E5,-0.013756074,0.089720786,-0.00048508355,-0.009813561,-0.039654426,-0.026397826,-0.023500364,0.02876576,-0.04355246,0.002329627,0.06985211,0.031886578,0.09644616,0.026613098,-0.024114344,-0.027484184,-0.02661912,-0.06301997,-0.032134395,0.12660736,-0.03425896,0.0008998029,0.04318811,-0.060112193,0.120571464,-0.026976865,-0.10016528,-0.0015799133,0.008510188,-0.011453479,0.053247795,0.029520558
O80568,-0.010011063,0.13977881,-0.015362167,0.0020467092,-0.015120077,-0.015218124,0.0094860075,0.043843012,-0.026623601,0.0015359385,0.06988896,0.053812493,0.09626791,0.028896445,0.010453641,-0.017593741,-0.0008677735,-0.043736946,-0.036681633,0.10170434,-0.010333335,0.031486604,0.06461059,-0.059755232,0.10156852,-0.03672211,-0.100353,0.02290608,-0.012625683,-0.017228011,0.055225845,0.019306421
P16402,-0.029995851,0.10251937,-0.011543459,0.015539932,-0.007106259,-0.018983833,-0.019383712,0.027280128,-0.03532669,0.013051599,0.060224324,0.025878161,0.095894404,0.011936535,-0.023727184,-0.016123233,0.0064092595,-0.045479495,-0.021846512,0.10338425,-0.015063912,0.008004691,0.050854284,-0.054097373,0.108710535,-0.03392578,-0.10141764,0.0063859145,-0.00816466,-0.02091902,0.08194307,0.013411653
P0A7E9,-0.025720976,0.099086225,-0.012140635,-0.010923837,-0.01948795,-0.0025630847,-0.022883927,0.041079603,-0.018855229,0.0009857354,0.057105366,0.019510617,0.11010764,0.010942422,-0.022261875,-0.037968975,-0.017700361,-0.05074029,-0.022592345,0.11953384,-0.03649054,0.0071159047,0.049918484,-0.06327637,0.10480266,-0.036069665,-0.105496086,0.010894197,0.0069374735,-0.014477392,0.0696849,0.018653555
O15245,-0.018655855,0.10943525,-0.009264662,-0.0084571345,-0.015008036,-0.008765516,-0.010633833,0.033418637,-0.017463822,0.0045675747,0.07168378,0.02447203,0.101207346,0.027300516,-0.0020987096,-0.017456854,-0.0060846335,-0.055269685,-0.025072925,0.11208802,-0.028358977,0.010476121,0.048794877,-0.05714911,0.108115934,-0.02496607,-0.09710543,0.011287349,-0.018208995,-0.018204955,0.06865846,0.031435713
O95372,-0.019423306,0.10982227,-0.014373074,-0.01434425,-0.017555164,-0.011398578,-0.010455614,0.04608479,-0.020028168,0.00051153975,0.06064736,0.035873495,0.0970366,0.022959523,0.0027963773,-0.026357329,-0.007817367,-0.05697491,-0.025891775,0.11824392,-0.019665362,0.01321194,0.06964514,-0.063832045,0.110412374,-0.022547591,-0.103875816,0.008076093,-0.016756166,-0.011289062,0.06426408,0.027783876
C0HLV2,-0.024707692,0.12384596,-0.007468982,-0.0030594803,-0.013382002,-0.011722635,-0.00035037348,0.038216818,-0.018982833,0.0024960313,0.07448678,0.04358458,0.09643265,0.03632461,0.0191254,-0.0034841977,0.00018033013,-0.0317687,-0.017087305,0.099105656,-0.012701946,0.004811043,0.04883282,-0.05261911,0.110324286,-0.025815025,-0.0920336,0.02339827,-0.021280339,-0.013993255,0.05344444,0.033399884
P07148,-0.028574305,0.093661346,-0.015636327,-0.008308438,-0.022028893,-0.02539582,-0.018340224,0.040695045,-0.018073825,0.007259995,0.060628023,0.026979817,0.097659856,0.032407198,-0.015373799,-0.032905936,-0.015618485,-0.047804046,-0.0044313204,0.11232542,-0.024464076,0.006199558,0.051167753,-0.055840403,0.10534487,-0.03175841,-0.10848097,-0.0039416165,-0.017835753,-0.024883242,0.049368497,0.04863669
A0FKN5,0.0089046,0.15503402,-0.012734264,0.012152635,-0.0101429615,-0.022334084,0.018826626,0.035198033,-0.028263226,-0.0012891358,0.06750791,0.062874876,0.10383426,0.033798322,0.011195788,-0.015120126,0.005309952,-0.037623845,-0.023478152,0.09009695,-0.013633653,0.029462876,0.06864775,-0.0781472,0.10321085,-0.039284337,-0.10601787,0.030454224,-0.023505565,-0.035444796,0.061934203,0.0027404325
P46108,-0.01808431,0.10740659,-0.017092077,-0.01238319,-0.012687125,-0.00937126,-0.012888789,0.034558706,-0.02186022,0.007004671,0.06388276,0.026661677,0.09699168,0.021189664,-0.006798652,-0.023107206,-0.007646276,-0.056565322,-0.03181173,0.113392085,-0.026168885,0.010384235,0.05655651,-0.058830485,0.10947902,-0.028114552,-0.104551,0.009209018,-0.011412274,-0.015723523,0.072194666,0.030328454
P63104,-0.015707478,0.12274913,-0.008157977,-0.011622983,-0.018361611,-0.013727125,-0.0033744965,0.03630352,-0.022502005,-0.0029595103,0.06520908,0.039572652,0.10184873,0.016618846,0.00054684357,-0.027941743,-0.012524438,-0.05499987,-0.041525863,0.11523103,-0.0207995,0.016680969,0.06021355,-0.06613186,0.1123969,-0.03190462,-0.10411817,0.010686514,-0.0065321005,-0.01296478,0.06658309,0.021931507
P10852,-0.03151334,0.09735282,0.0024747201,-0.015950961,-0.011461859,-0.02299248,-0.020555548,0.034469903,-0.022930454,0.01251137,0.0719567,0.02553534,0.09460442,0.01861369,-0.013177241,-0.031222727,-0.0064302376,-0.065319374,-0.044675343,0.12338014,-0.027792018,0.013161322,0.03148852,-0.036020964,0.13357633,-0.018601151,-0.09368059,0.004515437,0.010864841,-0.00047659726,0.075918585,0.028223913
P50222,-0.021706378,0.09920734,-0.01689205,0.0012912697,-0.018150259,-0.003551149,-0.016656391,0.023657778,-0.03388875,0.007488362,0.058503594,0.0056160456,0.11253756,0.009887363,-0.015766662,-0.03196019,-0.006575692,-0.06714423,-0.03280873,0.11379173,-0.031609904,0.0015820522,0.049198978,-0.06383743,0.10842274,-0.027349455,-0.10222212,0.010758556,-0.01153583,-0.014539475,0.06775289,0.040438384
P08238,-0.02090429,0.10660016,-0.0118293855,-0.008764105,-0.015222349,-0.010106212,-0.011757566,0.03427415,-0.025314802,0.00436886,0.06408792,0.023420874,0.10161876,0.01861777,-0.006250426,-0.024315912,-0.0009031418,-0.054649923,-0.02740353,0.11549007,-0.024649473,0.005185976,0.050409067,-0.055004198,0.11110115,-0.02391007,-0.10052651,0.011935479,-0.01625875,-0.016388621,0.06704522,0.029830685
P07636,-0.024779389,0.10157877,-0.02985667,0.011966453,-0.009930098,0.004907516,-0.023015596,0.027009815,-0.033718437,0.008966179,0.054805312,0.0009004567,0.10763939,0.018060636,-0.007970455,-0.016898528,-0.007520942,-0.06354222,-0.034511246,0.10457859,-0.019544207,0.0068684462,0.060113046,-0.059641007,0.103449196,-0.031717412,-0.09669456,0.015883755,-0.0091489125,-0.009584667,0.07074511,0.041314807
O75144,-0.012928948,0.10567128,-0.01911604,-0.017099222,-0.010386783,-0.015544113,-0.011811802,0.035882473,-0.016034855,0.011488958,0.06270527,0.03128352,0.09187831,0.018762749,-0.00945463,-0.027182456,-0.010023988,-0.05812418,-0.025193637,0.12134297,-0.034768492,0.010848572,0.043127175,-0.049208347,0.11012184,-0.021726828,-0.09846864,0.010673083,-0.008499861,-0.010658897,0.076010674,0.02686836
P08670,-0.026876103,0.099509336,-0.012568327,-0.010187726,-0.012177715,-0.01464373,-0.027044386,0.036071252,-0.021158665,0.00578737,0.06325083,0.022762528,0.09341681,0.016665557,-0.013242277,-0.036394317,-0.009213684,-0.0655443,-0.04035587,0.12152808,-0.030247988,0.009808987,0.048359673,-0.05187458,0.1188156,-0.026112732,-0.09944897,0.0029363323,0.002183331,-0.00831641,0.070635445,0.033142347
Q9VDV4,-0.003142164,0.134226,-0.022530597,0.004894471,-0.014271087,0.006574499,-0.012916978,0.0419954,-0.01752983,-0.015113339,0.06387932,0.022992328,0.10425407,0.015618687,0.0116653275,-0.021658078,-0.015878357,-0.060214058,-0.042961217,0.10197238,-0.029601613,0.016705938,0.077730164,-0.08764328,0.09661099,-0.03109842,-0.10038066,0.016371973,-0.009650548,-0.016677389,0.07539374,0.022783663
P36024,-0.019386558,0.124739945,-0.011294402,-0.011203989,-0.014150668,-0.005076867,-0.0068616793,0.035194572,-0.022346744,-0.0032004716,0.062424075,0.030150987,0.09806108,0.01184383,-0.00050775707,-0.021153897,-0.002667493,-0.04558234,-0.036339168,0.11358995,-0.013865772,0.007466335,0.0653461,-0.07035928,0.10518619,-0.03236333,-0.10478485,0.01907476,-0.01582914,-0.017383434,0.081007786,0.018623011
Q8WV44,-0.021656007,0.1144051,-0.009163927,-0.018483289,-0.01330309,-0.009498323,-0.0040295795,0.040996857,-0.015217063,0.0021497693,0.065429926,0.0331163,0.10410201,0.02095058,-0.0022519308,-0.01901634,-0.01049959,-0.045101497,-0.027813213,0.11927957,-0.024521634,0.020389715,0.04870398,-0.050363224,0.10828344,-0.027058298,-0.09175239,0.018373761,-0.009280249,-0.010082781,0.07087555,0.017939286
P14120,-0.03144329,0.08336389,-0.015314029,3.355369e-05,-0.013345957,-0.011366402,-0.02990591,0.032314453,-0.037734326,0.019542368,0.06281214,0.0012494987,0.10064835,0.013248411,-0.030018494,-0.03477218,-0.008561046,-0.06700509,-0.027978174,0.1253692,-0.03699713,0.0064925267,0.031721618,-0.04626441,0.12045798,-0.020821286,-0.092650354,0.0056377407,0.0019347774,-0.012153813,0.06760337,0.036938194
Q9CR42,-0.019723546,0.108717725,-0.009245431,-0.01993471,-0.021070905,-0.011535423,-0.019791998,0.034419216,-0.031297117,0.0006109993,0.06018235,0.028015623,0.095195726,0.020188002,-0.014587578,-0.03357888,-0.008029265,-0.06524328,-0.042475644,0.12168728,-0.030591538,0.005929976,0.04935851,-0.06452766,0.116910994,-0.0208987,-0.11010958,0.007894778,-0.011051444,-0.005517063,0.07046739,0.036588695
Q92997,-0.026808964,0.11777928,-0.017832385,-0.0004106848,-0.006684809,-0.012016145,-0.021698002,0.04584876,-0.020543281,0.00073517434,0.061909813,0.02545639,0.08951957,0.0194883,-0.0010992183,-0.02669249,-0.009636509,-0.053318005,-0.03698766,0.116321586,-0.023918224,0.011901232,0.054313473,-0.05824232,0.115270145,-0.025026977,-0.097738095,0.0073577496,-0.00028931774,-0.010880693,0.07160378,0.028316448
P06169,-0.011245392,0.1193071,-0.01185002,6.952649e-05,-0.020162035,-0.014291337,-0.0052305274,0.03126341,-0.026852753,0.00019395305,0.06866975,0.026259637,0.10077569,0.017566672,-0.0010690894,-0.023811325,-0.009085512,-0.054113925,-0.030391708,0.11343217,-0.02335741,0.019503914,0.06133376,-0.065572746,0.093965,-0.032320417,-0.0975424,0.012265608,-0.0077920277,-0.025641397,0.060261447,0.017779114
P38822,-0.03096313,0.09209839,-0.0066375947,-0.0182328,-0.009398966,-0.029641507,-0.022676043,0.03449708,-0.01998022,0.00818886,0.06684553,0.03229244,0.08803217,0.017000742,-0.012053377,-0.01921963,-0.0058384156,-0.056144428,-0.025509851,0.111816436,-0.032674942,0.00047034211,0.03539706,-0.03382969,0.1226763,-0.013671707,-0.103267565,-0.0035803828,0.008450492,-0.0050168457,0.07218108,0.030809704
P43405,-0.018433705,0.11731819,-0.012321249,-0.0136136655,-0.014991644,-0.01622614,-0.010578998,0.038889274,-0.02699307,-0.002514091,0.064978,0.03574737,0.099656254,0.02411849,-0.001123335,-0.023077428,-0.0011941536,-0.056127857,-0.03697735,0.108388275,-0.020808857,0.016168231,0.060494788,-0.059869476,0.112038195,-0.024779981,-0.105336264,0.010616889,-0.008382658,-0.005472832,0.071098156,0.02888484
Q9H307,-0.014182945,0.09950682,-0.016728526,-0.014879038,-0.025223995,-0.022053165,-0.021958312,0.042239953,-0.025085872,0.006786128,0.06580848,0.026108064,0.09769111,0.034557495,-0.004434749,-0.03780729,-0.0049658786,-0.05945917,-0.015602056,0.12909251,-0.03051888,-0.012628153,0.043921918,-0.048221093,0.118721195,-0.01853222,-0.09772145,0.007909914,-0.010395851,-0.009471165,0.05459322,0.04916097
P02489,-0.021202816,0.10302289,-0.009655645,-0.015733508,-0.018499285,-0.013264694,-0.017839357,0.041090492,-0.027540945,0.0006931049,0.06278922,0.023976995,0.09966377,0.019104814,-0.007152628,-0.029520791,-0.010259682,-0.062132176,-0.033422507,0.12002674,-0.025220273,0.009089787,0.05725834,-0.062092613,0.115598604,-0.020435356,-0.10109842,0.0059990445,-0.008806011,-0.0010973904,0.07176449,0.03143941
P15303,-0.02887366,0.109953105,-0.022464523,-0.016856283,-0.0076582585,0.005959949,-0.025764808,0.045270026,0.000523335,0.00043658973,0.059172567,0.030242661,0.092386484,0.0150167,-0.0061388337,-0.033606544,-0.022493167,-0.05842943,-0.046729267,0.11735147,-0.039461937,0.01517268,0.04916363,-0.059457224,0.12356689,-0.023452424,-0.10668301,0.01158417,0.0025098438,-0.018977948,0.06326224,0.041807875
Q7LX99,-0.012608985,0.120009586,-0.013646404,-0.02085663,-0.015274478,-0.0026608692,-0.004569069,0.039166104,-0.018893091,-0.003155196,0.07016606,0.019504078,0.10535963,0.010830156,0.004967522,-0.030662887,-0.0064306725,-0.056566402,-0.03855697,0.11983071,-0.023550179,0.014161317,0.054387473,-0.061842285,0.11371964,-0.0223612,-0.09812194,0.016444737,-0.014355526,-0.020573437,0.07147894,0.02571909
Q9KK62,-0.015739862,0.10347703,-0.023142893,0.020314291,-0.011587428,0.004586178,0.005546825,-0.00644142,-0.025663279,0.010597708,0.06913693,-0.011149538,0.11057754,0.014583241,0.0033903318,-0.004989843,0.0070177824,-0.092055574,-0.039517283,0.119222954,-0.045073718,-0.0004595155,0.03589359,-0.04842276,0.093084596,-0.021597294,-0.07384932,0.027211819,-0.05474138,-0.0150782615,0.07475097,0.06678202
P00360,-0.020921834,0.09879008,-0.0077888723,-0.01704938,-0.025509477,-0.014975186,-0.018423446,0.027543498,-0.03800537,0.0019841911,0.07251858,0.021888884,0.10229439,0.01000945,-0.010670488,-0.0312376,-0.014966689,-0.06684636,-0.04441076,0.12752046,-0.029735042,0.010901836,0.04311344,-0.048336234,0.11539576,-0.025028626,-0.10028925,0.006530609,0.00073110714,-0.015959613,0.058332313,0.03230608
O43924,-0.01317825,0.10310223,-0.0050346404,-0.0024335824,-0.012969032,-0.022477338,-0.013538336,0.029329022,-0.016206825,0.0021738384,0.06878575,0.036982633,0.08655329,0.014454603,-0.0070482744,-0.026303556,-0.0139576625,-0.06157018,-0.042332474,0.12179842,-0.028852925,0.02403842,0.051426105,-0.0544415,0.10996375,-0.025755823,-0.09257916,0.0029566358,-0.0038293102,-0.017866323,0.056485258,0.01370036
P62277,-0.025568642,0.10234401,-0.0117734345,-0.0057685394,-0.014807392,-0.012367395,-0.014880801,0.031013567,-0.028213512,0.011299536,0.06540932,0.016269727,0.09498063,0.017820582,-0.014377796,-0.019523324,-0.007134917,-0.055993713,-0.026591323,0.114407785,-0.02461384,0.013403502,0.045299776,-0.053459104,0.10330477,-0.022495655,-0.10011751,0.013385481,-0.008781287,-0.015333465,0.06611682,0.032050192
O95970,-0.018129805,0.12816422,-0.013377511,-0.011972602,-0.015934346,0.01254234,-0.012817771,0.05796845,0.0010240165,-0.019410258,0.062373057,0.035833456,0.11073018,0.029905314,0.013831698,-0.015042921,-0.008928337,-0.038097028,-0.020143898,0.106202155,-0.022087207,0.0053543556,0.06848013,-0.072376676,0.10722566,-0.027079811,-0.09920461,0.019527303,-0.028717352,-0.014337066,0.072075725,0.024172375
O88384,-0.01345319,0.10024192,-0.014948502,-0.017146178,-0.00814066,-0.00046046576,-0.015815081,0.020276004,-0.0072036088,0.024518862,0.072960556,0.009915672,0.09547529,0.031953383,-0.016650975,-0.023762995,0.0024894408,-0.066133134,-0.032569766,0.12460332,-0.047232196,0.008643889,0.055028033,-0.05921096,0.097477384,-0.028512081,-0.09343451,0.013770585,-0.020836443,-0.036347445,0.07875977,0.033711717
Q9ZVD5,-0.020472325,0.09702152,-0.012917449,0.0028069902,-0.010540763,-0.014294874,-0.0106924,0.014148585,-0.036178913,0.006822697,0.068797074,0.008269472,0.10628744,0.016101507,-0.013286129,-0.015099834,0.0052188514,-0.060209002,-0.029550396,0.11291328,-0.02954495,0.0065674493,0.035771832,-0.05059959,0.107567154,-0.023446102,-0.09293598,0.012386414,-0.025194496,-0.015921012,0.06640672,0.037048485
O00585,-0.034643166,0.09637582,-0.010704741,-0.0063076965,-0.011310376,-0.015118708,-0.031003019,0.036968004,-0.021728126,-0.0007588646,0.07029923,0.024603346,0.09057379,0.026880076,-0.013485633,-0.027695725,0.0043535307,-0.049559195,-0.024520779,0.11062943,-0.025597915,0.00774947,0.037874836,-0.047793422,0.1223354,-0.02390444,-0.10359364,0.0011317417,-0.016499266,-0.026433595,0.056922134,0.038520727
P09382,-0.013077526,0.09139935,-0.027711913,-0.011854156,-0.01551871,-0.019092925,-0.017937867,0.032857284,-0.031855714,0.022607505,0.058042135,0.02456642,0.09024825,0.01725855,-0.019541055,-0.042523507,-0.007378195,-0.07049701,-0.022682698,0.12839209,-0.033542246,0.0063558635,0.054866225,-0.058353186,0.10991806,-0.026733086,-0.10658351,0.000100270845,-0.01004053,-0.013271495,0.072264664,0.035695605
P42801,-0.01929953,0.10285055,-0.008842717,-0.024722032,-0.016230581,-0.026586067,-0.022402506,0.035028085,-0.030830413,0.0067270827,0.052429017,0.03855161,0.09459239,0.020199891,-0.010611331,-0.04065505,-0.004997983,-0.07140954,-0.032726068,0.11476104,-0.02071974,0.019773126,0.06690674,-0.06585346,0.118849464,-0.012923598,-0.11271437,-0.009024983,-0.012218738,-0.006296767,0.07149251,0.024929782
O95801,-0.013451493,0.11139002,-0.013241187,-0.018948875,-0.02437412,-0.017832961,-0.014459305,0.029070705,-0.040989175,2.8861687e-05,0.054205317,0.03128883,0.103337124,0.017588194,-0.0057531837,-0.04144737,-0.0048568035,-0.07850553,-0.039939836,0.12255181,-0.025786605,0.0132208895,0.06441927,-0.072324224,0.11718954,-0.016699625,-0.10481864,0.0042636013,-0.021242537,-0.004076086,0.06965909,0.036072697
Q86VP1,-0.02821092,0.07468813,-0.00084894244,-0.013273761,-0.025753722,-0.024887357,-0.040875018,0.030552037,-0.041461926,0.006079013,0.061957754,0.01563583,0.09909724,0.011115493,-0.034890145,-0.05156669,-0.011035807,-0.07412174,-0.037732482,0.13156667,-0.035723507,0.0032979837,0.032882154,-0.048495192,0.1301418,-0.02042234,-0.09992866,-0.007122226,0.012730001,0.00021975208,0.06342091,0.028446127
P47992,-0.029927526,0.10807727,-0.0046667745,-0.018144991,-0.013253661,-0.011901984,-0.0242319,0.041136388,-0.01794305,-0.007982658,0.06953956,0.030813977,0.099034324,0.025372408,-0.010468578,-0.027605865,0.0012280892,-0.044476606,-0.030467652,0.110013515,-0.024298273,0.013524728,0.041796334,-0.052440263,0.12066722,-0.02562656,-0.1041275,0.007129194,-0.0119572,-0.019041266,0.065987125,0.026829148
P15018,-0.022249697,0.118833415,-0.01700765,-0.010865855,-0.013329196,0.0106507605,-0.019072497,0.0500419,-0.0100825755,-0.012672398,0.059704155,0.018522589,0.10155111,0.013272678,0.0033508148,-0.026559157,-0.019879846,-0.059336077,-0.043941397,0.116562225,-0.03381161,0.0047189794,0.05578394,-0.06729382,0.118593216,-0.023834879,-0.10038796,0.015237895,-0.007777237,-0.007983779,0.07709948,0.034041833
P13199,-0.05173629,0.095865756,0.0029335897,0.023737034,-0.013859861,-0.02384023,-0.037766896,0.026933614,-0.045696683,0.0008024415,0.0670795,0.020764304,0.10337058,0.0027341072,-0.025766175,-0.0379778,0.01818356,-0.046927642,-0.042089358,0.1040965,-0.016852792,0.021017263,0.032570023,-0.027148731,0.110599875,-0.039532334,-0.07193737,0.0030837688,0.020111915,-0.0047198366,0.06428547,0.004488986
P07141,-0.022341434,0.12614304,-0.008749841,-0.029123688,-0.017347554,0.008278566,-0.009701483,0.04749807,-0.008536876,-0.017175172,0.060941435,0.029731566,0.11188696,0.01655912,0.007000598,-0.02252839,-0.014769286,-0.04493469,-0.035120748,0.10859208,-0.02587447,0.0088659795,0.0522996,-0.06720295,0.11523306,-0.021877626,-0.105747536,0.019034158,-0.015977873,-0.0072261924,0.07636623,0.02860089
P68187,-0.0252447,0.0984569,-0.010148672,-0.0025655867,-0.017116642,-0.0039035399,-0.013241029,0.027700404,-0.019439518,0.009116161,0.07440222,0.012454351,0.102573834,0.02166166,-0.0053293556,-0.016456792,-3.7293616e-05,-0.050988805,-0.02008125,0.109941825,-0.023953307,0.008605459,0.04818275,-0.051664233,0.09942678,-0.027495954,-0.09260308,0.0134436535,-0.019995604,-0.028320713,0.05902297,0.033889875
Q5XIM7,-0.011319647,0.12563075,-0.012743337,-0.008288688,-0.016169647,-0.0061043873,-0.002335783,0.042139523,-0.02138948,-0.0025860947,0.06687645,0.03681479,0.10874566,0.027102003,0.0026322643,-0.023351038,0.0015110477,-0.048655003,-0.03235058,0.105149016,-0.019113617,0.0163327,0.07048917,-0.07136129,0.1098545,-0.030275282,-0.1050509,0.016234694,-0.019454164,-0.022460375,0.06504103,0.023565346
Q12873,-0.02351589,0.1043035,-0.009754656,-0.012714058,-0.017686663,-0.01678657,-0.010796175,0.02855176,-0.03333099,0.0026867439,0.060343284,0.024948264,0.10062397,0.012345117,-0.010596536,-0.025679803,-0.0076717767,-0.06017846,-0.032457292,0.117849715,-0.026112236,0.011730458,0.047413424,-0.054836612,0.1093661,-0.022331784,-0.10158483,0.004826903,-0.014242175,-0.01109977,0.06535217,0.028705226
Q9H190,-0.01788056,0.114794105,-0.010633028,-0.022287456,-0.020113135,-0.019234188,-0.016262818,0.038944326,-0.01660616,0.002945776,0.06330908,0.037636995,0.10146661,0.031331792,-0.009143335,-0.03170273,-0.008084456,-0.0583272,-0.034898657,0.123038836,-0.028402286,0.011740815,0.05438194,-0.056633234,0.117279045,-0.021969933,-0.10149121,0.0050216033,-0.0034932739,-0.009172362,0.07077709,0.031756792
P04764,-0.018081559,0.104409374,-0.010917296,-0.010839611,-0.017606463,-0.013158465,-0.018737797,0.03591202,-0.027406972,-0.0026846887,0.06337655,0.026189307,0.10474683,0.016959917,-0.011233148,-0.030529594,-0.013401857,-0.0608404,-0.03599535,0.118597105,-0.033966444,0.008168702,0.048055764,-0.05893062,0.1180234,-0.027554087,-0.09665825,0.010669101,-0.00047863473,-0.0035346304,0.07073571,0.02854226
P00560,-0.017334303,0.096699,-0.0034608953,-0.015363979,-0.033019308,-0.02282513,-0.025088385,0.033447817,-0.04546107,0.0008990231,0.05737177,0.032111276,0.096684776,0.013487146,-0.017752707,-0.045303147,-0.012402232,-0.072141945,-0.037894685,0.12784438,-0.023327358,0.010826991,0.056371123,-0.063779354,0.1203263,-0.019343475,-0.09934836,0.0014023967,-0.0030892193,-0.0034772716,0.06039712,0.023562623
O43396,-0.025586993,0.08458344,-0.010519638,-0.0037873164,-0.015226928,-0.031101437,-0.035466727,0.031871457,-0.03037919,0.013262558,0.05915254,0.025072208,0.091933094,0.02089192,-0.029476082,-0.04853213,-0.009262593,-0.07320887,-0.031861592,0.12466573,-0.03566351,0.014924063,0.042363096,-0.050522786,0.12064969,-0.025085136,-0.09884357,-0.016248496,0.0001969412,-0.0069799777,0.068716295,0.030347938
D6RGH6,-0.010370458,0.13635755,-0.0018807896,-0.02576097,-0.020947024,-0.011523442,0.0096365465,0.043326292,-0.013039223,-0.012155363,0.07129894,0.04907269,0.10823329,0.031428184,0.0162909,-0.009757463,-0.003847889,-0.03219131,-0.024933536,0.107777975,-0.007410319,0.016421031,0.06984,-0.0687561,0.10332477,-0.029346302,-0.10222353,0.020121254,-0.02813414,-0.01788156,0.068674974,0.014998661
Q9BPZ3,-0.039137863,0.08792549,-0.0044405255,-0.010107899,-0.006276153,-0.013188744,-0.021542346,0.027489234,-0.036926135,0.024105143,0.065203056,0.015610719,0.10632619,0.013899893,-0.017350188,-0.05142322,0.0033002994,-0.07807584,-0.04978001,0.1205761,-0.034857556,0.017139537,0.025786672,-0.03890928,0.14339566,-0.019134631,-0.0901385,0.007500964,0.0007027164,0.0010913815,0.05997372,0.043252893
O43318,-0.023272483,0.10959499,-0.012174468,-0.014855916,-0.012343981,-0.016709136,-0.01929283,0.032469373,-0.0283537,0.010378381,0.06191222,0.02905927,0.09488576,0.0238232,-0.014857134,-0.029537877,0.00021379154,-0.065384716,-0.038857035,0.11340456,-0.031625267,0.009790317,0.053273253,-0.05587939,0.11575152,-0.023313122,-0.10948634,0.00804589,0.0006213693,-0.011412303,0.07617724,0.0321964
P04002,-0.019753903,0.13490154,0.007238382,-0.022627294,-0.016968127,0.00432447,0.008060393,0.0628953,-0.013091214,-0.016374381,0.07164973,0.05058932,0.115357794,0.030160636,0.00020983443,-0.014472488,0.00032713296,-0.022568211,-0.04181351,0.102144636,-0.018911503,0.011665415,0.07200731,-0.069822215,0.11676545,-0.044598628,-0.108003855,0.025563786,-0.016353855,-0.01720708,0.07050393,0.0069986857
P06733,-0.015186469,0.11035155,-0.009866941,-0.012558284,-0.021690829,-0.009285661,-0.018816663,0.03736055,-0.022147821,-0.0036829556,0.06460085,0.028740108,0.09671081,0.020297948,-0.009030399,-0.028900947,-0.015913235,-0.063994974,-0.038227074,0.12179125,-0.0344007,0.0063501596,0.047789574,-0.061103184,0.11249677,-0.025804527,-0.101895615,0.015096801,-0.0005492659,-0.0028086083,0.07146842,0.030651843
P0ABB0,-0.032249182,0.075540654,-0.0037645996,0.015239462,-0.0027587498,-0.03027553,-0.009269271,0.023421526,-0.050072633,0.016213493,0.069701806,0.0014229864,0.10716915,0.004925377,-0.024130473,-0.012849158,0.017687134,-0.05009027,-0.011111033,0.10793195,-0.014151992,0.018833663,0.04672063,-0.029800057,0.08993928,-0.03663213,-0.0804617,0.009562269,-0.018119488,-0.012653314,0.067351535,0.008838151
P45973,-0.020243412,0.10167166,-0.0078017563,-0.0106825335,-0.011744947,-0.017582998,-0.01286795,0.033726264,-0.027174307,-0.004031978,0.07146447,0.021277474,0.103894055,0.01720971,-0.0067138136,-0.03097838,-0.0017016154,-0.060944993,-0.041347805,0.11390259,-0.029518962,0.010629795,0.049070302,-0.05362392,0.12015701,-0.03102453,-0.09217832,0.013402439,-0.010936898,-0.0047814357,0.06801795,0.036029097
O15496,-0.009785627,0.12141577,-0.014398359,-0.0027293526,-0.0136175845,-0.0011970091,-0.012627658,0.0415682,-0.00985196,-0.013181007,0.063825615,0.03491018,0.10015478,0.022508081,0.007053086,-0.020401767,-0.009957032,-0.047726646,-0.029312456,0.11139707,-0.021797366,0.012517336,0.07003432,-0.07538904,0.10173652,-0.03342325,-0.09841813,0.017524939,-0.024884483,-0.02162916,0.06404622,0.02012811
P12272,-0.021585366,0.110351264,-0.010914688,-0.009446191,-0.016414268,-0.0060624187,-0.014655047,0.039060634,-0.013400805,0.0064518037,0.061556928,0.0262413,0.10392127,0.029541586,-0.009207375,-0.023394732,-0.0034479739,-0.053317793,-0.023976909,0.114385046,-0.0249346,0.005317951,0.061806798,-0.06640331,0.110291265,-0.022949653,-0.108600855,0.004526958,-0.021130592,-0.022380864,0.07119256,0.031368718
P06704,-0.027315743,0.11361003,-0.016769005,-0.013922489,-0.0013702629,-0.006263131,-0.011928781,0.026238197,-0.02075533,0.0098047145,0.059012007,0.030044982,0.103325516,0.010011065,-0.009041257,-0.039503157,-0.0023093924,-0.050411925,-0.04784933,0.11390126,-0.035227068,0.017115524,0.052334737,-0.057595637,0.110948265,-0.041381665,-0.09823665,0.018842591,0.003384703,-0.02248618,0.060326874,0.023818584
P00572,-0.0043684584,0.13053413,-0.013144749,-0.007984634,-0.017424362,-0.009194803,-0.008054515,0.03774177,-0.028100152,-0.005770799,0.06070412,0.042542614,0.09606046,0.018475855,0.00391751,-0.029820438,-0.011556631,-0.06412952,-0.048202276,0.111423075,-0.02722967,0.019432884,0.07567237,-0.082008734,0.10644312,-0.029431349,-0.10632614,0.012185799,-0.014479967,-0.01364767,0.07288261,0.020247662
P05141,-0.017403236,0.09664675,-0.019084007,-0.014166123,-0.020763079,-0.013747066,-0.02341438,0.037588157,-0.025371019,0.014608999,0.06226264,0.022286229,0.09331645,0.034527015,-0.021071337,-0.030378547,-0.004974728,-0.06021612,-0.023878537,0.12437493,-0.035094295,-0.004486434,0.044368558,-0.054348417,0.114330135,-0.020593787,-0.10793257,0.008489879,-0.012565148,-0.011429865,0.06748311,0.048984002
Q8IWX8,-0.027252339,0.09297697,-0.0108744465,-0.014620865,-0.007911819,-0.009577983,-0.016659433,0.033621766,-0.018510234,0.018548332,0.06315625,0.014523565,0.094956376,0.018200641,-0.0045332615,-0.030466653,-0.012696227,-0.06914933,-0.029078161,0.123395935,-0.033691693,0.0067673847,0.05062488,-0.055909086,0.119724646,-0.017166777,-0.09384772,0.0038083345,-0.016112078,-0.013441647,0.068701684,0.039372202
Q13825,-0.015326513,0.12265619,-0.02036401,-0.003246787,-0.012735454,-0.012747183,-0.013606491,0.037785284,-0.027328389,-8.130539e-05,0.06537418,0.03226195,0.10795566,0.029186945,-0.00081692636,-0.036001205,0.002333628,-0.053325664,-0.03162893,0.1102332,-0.024557117,0.015075203,0.057688244,-0.061507583,0.11141443,-0.03769146,-0.09732971,0.021514378,-0.00745953,-0.01770585,0.06083727,0.03310448
P04406,-0.0262937,0.09844816,-0.011175548,-0.010728106,-0.010957082,-0.019605553,-0.020295333,0.03338073,-0.027229076,0.005930197,0.061525334,0.026238218,0.101230614,0.014876162,-0.013603511,-0.0300424,-0.0064920043,-0.058653217,-0.032720994,0.118383974,-0.0287718,0.010998797,0.044172794,-0.044502463,0.11928412,-0.024444908,-0.09775656,0.005854683,-0.0036201049,-0.011665948,0.068678774,0.028337738
Q9UHD9,-0.021044228,0.08941785,-0.012574596,-0.030142492,-0.023145765,-0.024248537,-0.0331697,0.04182417,-0.022309205,0.008586809,0.058305055,0.029059034,0.09841709,0.031212557,-0.017599845,-0.049280845,-0.016843978,-0.07178117,-0.028236886,0.13278314,-0.03897335,-0.0006975867,0.03990414,-0.05119928,0.12808955,-0.0143315,-0.10822238,-0.006763215,0.004314542,0.00625384,0.06343733,0.047643382
P21570,-0.026585137,0.11348005,-0.009232542,-0.004036286,-0.00980972,-0.008708045,-0.017329037,0.033670142,-0.017176818,-0.007834543,0.06758776,0.03025886,0.10556757,0.017047588,-0.00063072005,-0.01887453,0.004704919,-0.0464224,-0.031083718,0.104719654,-0.018885385,0.011915362,0.05346807,-0.053717952,0.10978856,-0.03034666,-0.09581899,0.015196302,-0.009019971,-0.012831432,0.07237839,0.020004623
P43274,-0.024486547,0.1039814,-0.012656654,-0.0004250519,-0.014009259,-0.007899004,-0.009102059,0.027281692,-0.026164457,-0.0063572004,0.064249076,0.02785162,0.10672306,-0.0034488433,-0.005438277,-0.020937776,0.008050548,-0.05514515,-0.0413167,0.11392679,-0.020208215,0.009404629,0.03451817,-0.03550597,0.12654363,-0.018354515,-0.09335127,0.02617927,0.00049636204,-0.008820231,0.06830036,0.020844666
O75822,-0.02022002,0.10437655,-0.015471059,-0.02212564,-0.01694578,-0.018904626,-0.03156273,0.035858303,-0.016722726,-0.0069252495,0.05961743,0.03164308,0.105418235,0.021461464,-0.014859489,-0.042748336,-0.0224128,-0.05977169,-0.0401143,0.12543158,-0.038810674,0.012656125,0.044130936,-0.058918644,0.1190748,-0.02996254,-0.102949835,-0.0016002947,0.014773839,-0.0015934432,0.067145266,0.0308674
A6XH05,-0.01592716,0.1124794,-0.018431865,0.0040305695,-0.01420824,-0.0071921046,-0.040502243,0.012634119,-0.014847818,0.011126199,0.060918495,0.019096807,0.08378592,0.015187722,-0.024552096,-0.04152391,-0.0121253915,-0.07427706,-0.05840969,0.11947395,-0.03570869,0.008904983,0.058974504,-0.07355633,0.102979064,-0.037219826,-0.10152558,-0.008140137,0.006593615,-0.029116044,0.084793076,0.023180243
P08572,-0.021855567,0.11341719,-0.014061273,-0.0023474335,-0.00797777,-0.003352798,-0.027043825,0.03586789,-0.008677117,-0.007998515,0.061396193,0.03500469,0.09922713,0.020557739,-0.0048433584,-0.02683707,-0.0041114874,-0.05286308,-0.040818952,0.103740245,-0.032446276,0.017952386,0.066373214,-0.06826981,0.10774201,-0.033410385,-0.097069085,0.0044686925,-0.007296785,-0.01908638,0.07286957,0.018648956
Q14160,-0.017615674,0.088529155,-0.013189889,-0.016767504,-0.018796489,-0.023400197,-0.024594888,0.03275216,-0.021552157,0.014743528,0.068704575,0.026000142,0.09350081,0.03525651,-0.011135708,-0.036411937,-0.0011665821,-0.06784482,-0.02716444,0.12810883,-0.035190932,-0.005852585,0.03763875,-0.043029398,0.12699382,-0.0150176,-0.09703533,0.0009983638,-0.012344062,-0.0068333913,0.05851856,0.052450575
A7IZE9,-0.017839286,0.12944281,0.002278503,-0.041040216,-0.013971474,0.0031081187,-0.0029112343,0.04804396,0.0024011713,-0.0060869176,0.076932445,0.03201452,0.115188345,0.034781165,0.0057651643,-0.010845889,-0.0038944976,-0.031493004,-0.02521367,0.09755301,-0.020606846,0.015910594,0.05201821,-0.06630953,0.1142887,-0.016119923,-0.113311574,0.0120006595,-0.019148847,-0.021515684,0.080422044,0.020357758
P20290,-0.034011472,0.08045489,-0.016505778,-0.011555083,-0.010126424,-0.025551444,-0.04181604,0.023806492,-0.029592594,0.0182094,0.05213101,0.016615955,0.093497984,0.014837913,-0.032476284,-0.05238648,-0.020283146,-0.08831512,-0.043231387,0.13395864,-0.047136426,0.009045628,0.042221416,-0.055252563,0.12870431,-0.023534747,-0.104828976,-0.01727992,0.011676631,-0.0044077397,0.072201826,0.044069767
C4M4P4,-0.031008694,0.09390645,-0.008073957,-0.024458831,-0.010731915,-0.0215985,-0.016850302,0.01854876,-0.034807067,0.023036143,0.0521967,0.007836172,0.104566954,0.018117433,-0.023222525,-0.03773188,-0.003453608,-0.06198745,-0.02703451,0.1250701,-0.031078523,0.008270015,0.040019494,-0.05036054,0.10995893,-0.017933045,-0.098970965,-0.005270426,-0.02495959,-0.02337369,0.06561349,0.03807695
P08118,-0.010059289,0.13139403,-0.012354273,-0.0105406195,-0.022261538,0.005724361,-0.008252694,0.044750325,-0.014312953,-0.020931985,0.06649655,0.032766867,0.1051331,0.022179328,0.013830159,-0.012970756,-0.0049322187,-0.045406327,-0.02933234,0.107228845,-0.0148688685,0.006453382,0.08510733,-0.08464176,0.09525597,-0.033158172,-0.10428856,0.026166288,-0.02288336,-0.017833233,0.076778516,0.019273074
P0C5Z0,-0.03433727,0.07848179,-0.021693502,0.027714487,-0.0050394395,-0.012620816,-0.02701119,0.018437142,-0.04605406,0.020868862,0.051823966,-0.001081558,0.1140511,0.0045439587,-0.049503975,-0.014707296,0.01257063,-0.047353916,-0.0074838996,0.10002799,-0.02308458,0.004801801,0.026376292,-0.042723127,0.10761605,-0.023727778,-0.10417807,0.004497226,-0.014712905,-0.023792926,0.07177098,0.024787948
P0CJ48,-0.030985892,0.09104574,-0.015823696,0.0029265005,-0.01115712,-0.019112935,-0.021178663,0.03922792,-0.026480448,0.024507374,0.061190195,0.015471859,0.10660902,0.03888824,-0.038054436,-0.019110959,-0.00049191015,-0.04176164,-0.012348052,0.10713068,-0.025631294,0.012803929,0.033823222,-0.040360734,0.1110653,-0.026739791,-0.10438166,0.0015282654,-0.011935307,-0.022410046,0.060216982,0.04262653
P46777,-0.022488294,0.093608655,-0.01525095,-0.005688019,-0.014417894,-0.013171621,-0.020863388,0.028694225,-0.03050328,0.011480954,0.06321918,0.015452901,0.09619036,0.01799343,-0.020084782,-0.028604636,-0.0076848585,-0.06461643,-0.03056302,0.11633849,-0.033824146,0.005554412,0.046798307,-0.058083557,0.11154895,-0.025591725,-0.10352969,0.0073249796,-0.009260979,-0.01446334,0.06623292,0.03976506
P07017,-0.025094891,0.11138422,-0.0010003044,-0.019562606,-0.022226755,-0.017036678,-0.016065378,0.04244707,-0.025252506,-0.0049461583,0.06428846,0.028098365,0.100358866,0.026713323,-0.013056533,-0.020034667,-0.010925925,-0.050178528,-0.030639464,0.104773894,-0.022941874,0.0046936055,0.04875477,-0.056361284,0.11393545,-0.025596585,-0.11086434,0.008048671,-0.005468521,-0.0045638047,0.07887532,0.034123454
Q80VW7,-0.0072062793,0.07206834,0.0046419012,-0.032012913,-0.034553707,-0.041474666,-0.046583127,0.028493466,-0.038912144,-0.008054086,0.081371956,0.017591538,0.079448454,0.025175944,-0.024313161,-0.056876544,-0.018787503,-0.08666452,-0.048301857,0.14945145,-0.04556057,-0.014467728,0.024697835,-0.04811585,0.14082389,-0.018143611,-0.10862094,-0.012643464,0.016136339,-0.0035223681,0.053999174,0.043668363
P0DMC5,-0.021929238,0.10247976,-0.009688931,-0.01134969,-0.02033804,-0.029217571,-0.025603797,0.034503084,-0.032136053,-0.0013796464,0.06951757,0.030062746,0.08643987,0.026491415,-0.011344801,-0.036251426,-0.012983385,-0.06033834,-0.03816413,0.121498644,-0.034510367,0.009951976,0.03914766,-0.052002713,0.11290832,-0.028575005,-0.105639905,0.00015647523,0.010396427,-0.005743946,0.0553071,0.03674541
O95980,-0.014355841,0.101821996,-0.017913949,-0.012581284,-0.01633119,-0.008784798,-0.0240602,0.04014437,-0.014397281,0.0063281357,0.064957716,0.02192867,0.09755595,0.03450615,-0.010746727,-0.023770252,-0.007631316,-0.054482795,-0.0154533135,0.11681457,-0.031069135,-0.0011861832,0.050123055,-0.056842048,0.10707469,-0.02452019,-0.10302464,0.009763924,-0.015351513,-0.015942063,0.07026489,0.03690861
Q9NR28,-0.016906561,0.075373076,-0.018396573,-0.021137692,-0.03686547,-0.027657308,-0.042374507,0.029340034,-0.029725885,0.0052977516,0.06287992,0.025651062,0.101120494,0.03388002,-0.030384144,-0.04301858,-0.029014083,-0.06957536,-0.024442533,0.14145415,-0.044232503,-0.004909296,0.032944124,-0.049831193,0.12684512,-0.02167059,-0.09879145,-0.00676938,0.016049094,-0.0036086675,0.05056971,0.051113665
Q14457,-0.019405676,0.10630006,-0.010373407,-0.0036687495,-0.01613337,-0.018870078,-0.020462148,0.026357766,-0.027468752,0.0067779566,0.06383211,0.034717366,0.09555243,0.014058603,-0.021778077,-0.042966954,-0.010039413,-0.06291708,-0.048881713,0.1233013,-0.03155849,0.016018622,0.049241815,-0.06021677,0.11706057,-0.03940507,-0.101090446,0.0041505056,0.0059111184,-0.018363744,0.06331476,0.021916073
P0AFR2,-0.042765833,0.07540348,-0.014251967,-0.014706846,-0.0069742408,-0.029030474,-0.04019805,0.025740746,-0.028384997,0.01749173,0.06610151,0.011508674,0.100447595,0.021498397,-0.021941066,-0.045278918,-0.0028235596,-0.074155025,-0.039541677,0.12757267,-0.042807925,-0.007655795,0.03991979,-0.03237486,0.13204071,-0.032624684,-0.08753982,-0.007841136,0.018935677,0.0007595327,0.0721905,0.052296747
Q15797,-0.019110667,0.112507604,-0.017355796,-0.011084373,-0.013711425,-0.009616495,-0.01091467,0.03158672,-0.020775806,0.0042033466,0.064511746,0.027479256,0.1011218,0.018530285,0.001608954,-0.024649132,-0.004574886,-0.05862265,-0.03435518,0.112761855,-0.023923416,0.010275024,0.060759377,-0.061244775,0.10909307,-0.025741825,-0.10179961,0.010339204,-0.009311913,-0.013939744,0.07036098,0.03267701
Q00610,-0.026477894,0.097992055,-0.007843234,-0.0051783584,-0.014816458,-0.016696861,-0.021401033,0.033161525,-0.026435753,0.0077603827,0.066045895,0.02501912,0.093402736,0.016432714,-0.015992684,-0.030420223,-0.008246468,-0.059828322,-0.035744235,0.11713444,-0.032287195,0.004899318,0.040284984,-0.04761291,0.11929544,-0.028020745,-0.09727963,0.010661138,0.004867426,-0.009559897,0.0665552,0.030928299
O95998,-0.020500256,0.09608239,-0.027397359,0.010517436,-0.016910106,0.011586296,-0.016564105,0.03496526,-0.032781404,0.013837778,0.062099308,-0.0024682519,0.102183156,0.014159951,-0.009748593,-0.020025322,-0.006995005,-0.058614474,-0.010570514,0.11574283,-0.03332095,-0.008825666,0.047373753,-0.06702431,0.10657696,-0.020196179,-0.09498826,0.021526143,-0.03016583,-0.027665019,0.061822724,0.045976866
O96018,-0.007365616,0.1337562,-0.020561414,-0.0011563698,-0.009027228,-0.0053849877,0.009419666,0.035352014,-0.025100976,0.013051473,0.07358352,0.025766203,0.09389743,0.019592216,0.010733307,-0.012642215,-0.0050088554,-0.048613135,-0.02937951,0.104598075,-0.017631674,0.025767438,0.059538905,-0.06740293,0.09982944,-0.023797853,-0.09626928,0.02260056,-0.020977596,-0.032485474,0.06644357,0.022923516
Q96L73,-0.0296913,0.11723231,-0.0054199896,-0.0012286194,-0.01677214,-0.019143444,-0.0043037413,0.03805365,-0.02426969,0.007558272,0.06282823,0.029936438,0.09949634,0.023674201,-0.002361824,-0.015589501,-0.0032292283,-0.04450444,-0.026165387,0.11311721,-0.016733235,0.0044378405,0.0573608,-0.047664512,0.10321313,-0.02893241,-0.094059944,0.0034066583,-0.014503065,-0.021692246,0.06334809,0.025965143
P05090,-0.019635854,0.11077089,-0.008774033,-0.023028195,-0.010608443,0.0009332535,0.0032480552,0.03637379,-0.004662294,0.006303891,0.07299452,0.02582944,0.102718264,0.027868276,0.013419247,-0.003207555,0.00013376151,-0.049426306,-0.014270358,0.10854838,-0.024697578,0.016375994,0.0612002,-0.052982494,0.09659189,-0.017517239,-0.09763195,0.01591371,-0.03631209,-0.030914105,0.06525981,0.026175318
O15371,-0.03852081,0.09306789,-0.01414139,0.0034022527,-0.01469297,-0.016650707,-0.035670273,0.022939123,-0.0330016,0.008507901,0.06377639,0.014159194,0.099458024,0.010423973,-0.027641006,-0.04095473,-0.0013669692,-0.062989555,-0.04601358,0.12690799,-0.035916805,0.0018291062,0.030827347,-0.03844215,0.11798901,-0.034992274,-0.092197746,0.0021523465,0.017546274,-0.012011613,0.06316662,0.035076726
P19156,-0.037926473,0.085007705,-0.016650662,-0.010616985,-0.0059882854,-0.024458492,-0.042896297,0.014082209,-0.009099127,0.01755167,0.061029304,0.010013348,0.0918538,0.014014543,-0.018735187,-0.04914327,-0.024172803,-0.08639463,-0.053381186,0.13643356,-0.05412088,-0.01519256,0.035943802,-0.049587607,0.13377246,-0.027212283,-0.09044338,-0.00888808,0.02774059,0.0043616854,0.07934227,0.061308086
O75365,-0.013451493,0.11139002,-0.013241187,-0.018948875,-0.02437412,-0.017832961,-0.014459305,0.029070705,-0.040989175,2.8861687e-05,0.054205317,0.03128883,0.103337124,0.017588194,-0.0057531837,-0.04144737,-0.0048568035,-0.07850553,-0.039939836,0.12255181,-0.025786605,0.0132208895,0.06441927,-0.072324224,0.11718954,-0.016699625,-0.10481864,0.0042636013,-0.021242537,-0.004076086,0.06965909,0.036072697
Q13153,-0.01422385,0.096032195,-0.013841998,-0.022468735,-0.018770562,-0.018865628,-0.020027878,0.034245826,-0.024411462,0.004241019,0.06863164,0.02316065,0.098662615,0.026105054,-0.0063751903,-0.033150252,-0.0050542103,-0.06824459,-0.027466208,0.121189445,-0.036124762,-0.00034124262,0.044313338,-0.05209835,0.11939104,-0.015218378,-0.1042153,0.0047929506,-0.008386711,-0.0048031565,0.064085975,0.045155127
C6KSX0,-0.013705499,0.11374757,-0.023462722,0.011797058,-0.011477258,-0.008552991,-0.010402306,0.030567328,-0.03560139,0.006681576,0.06333744,0.016009623,0.09303234,0.022455474,-0.011879836,-0.009535673,0.0018943002,-0.06251895,-0.024855787,0.10544749,-0.04228777,0.0043077185,0.044370014,-0.053005263,0.09716091,-0.023796901,-0.09179985,0.022147277,-0.020791974,-0.015957203,0.07759989,0.0374746
O55234,-0.022235164,0.09587256,-0.015560186,-0.02429181,-0.018374696,-0.022418244,-0.010031524,0.037860114,-0.015555321,0.010686191,0.062581345,0.0350997,0.09929715,0.033441514,-0.00453207,-0.01948538,-0.012628667,-0.047641683,-0.009081365,0.12369257,-0.021854173,0.005657767,0.04510192,-0.045716994,0.11072864,-0.017925085,-0.106691465,0.0047238036,-0.015462533,-0.01067224,0.05194567,0.04137479
P21374,-0.04371973,0.090656966,-0.013809097,0.0004431978,-0.014337121,0.004797945,-0.012284345,0.028312182,-0.03757136,0.016354438,0.06550823,-0.0012080818,0.11836765,0.0056144274,-0.01711524,-0.026127473,0.0017123756,-0.05184675,-0.028468182,0.11635798,-0.026613444,0.005816682,0.031652905,-0.040061932,0.1152998,-0.029168224,-0.09392824,0.01799808,-0.0037324994,-0.02115277,0.055848885,0.03751245
P04347,-0.04349233,0.090764545,-0.013739141,-0.013096163,0.0089493785,-0.010719678,-0.04679118,0.016220778,-0.0081084315,0.019189883,0.054662373,0.016097283,0.08664027,0.0042688977,-0.023338892,-0.0626854,-0.020052183,-0.09882735,-0.06657536,0.13539472,-0.06660785,-0.00027679442,0.05278185,-0.062921524,0.14175723,-0.04216478,-0.097088754,-0.0051246257,0.02326628,-0.022590293,0.091668196,0.041227706
P45880,-0.017586712,0.10233204,-0.013568183,-0.01376439,-0.023080796,-0.006952809,-0.021037081,0.032755908,-0.022780437,-0.0013860668,0.06507396,0.022013936,0.10715982,0.020992925,-0.011381094,-0.027327003,-0.00854916,-0.057380915,-0.028758619,0.11965584,-0.030090323,0.0031683696,0.051955555,-0.060494445,0.11426376,-0.023942627,-0.09897289,0.009083707,-0.011450157,-0.019199574,0.066591196,0.033153616
P08640,-0.015752142,0.10767239,-0.022577776,-0.035008214,-0.024107847,-0.019483121,-0.01989223,0.05243504,-0.012910194,0.0014236039,0.05722466,0.040347725,0.101894364,0.03995524,-0.003509759,-0.034599107,-0.009384915,-0.050716426,-0.010687327,0.13161811,-0.027727416,-0.005692796,0.0470243,-0.046390567,0.1223542,-0.0141682625,-0.104783,0.010293845,-0.011394928,-0.004654537,0.062391087,0.047744133
P05120,-0.012271545,0.10373086,-0.030220192,-0.022515215,-0.024212014,-0.020857466,-0.021579988,0.050613187,-0.013790965,0.003444842,0.054762475,0.038572904,0.09722348,0.044556014,-0.0014852909,-0.030135453,-0.015654678,-0.055429548,9.950204e-05,0.1282072,-0.032606635,-0.015737765,0.04642686,-0.05207219,0.118731275,-0.01181611,-0.10906679,0.00041749142,-0.02424964,-0.009148467,0.052791674,0.06140968
Q9UBC2,-0.023511086,0.083644785,-0.024107724,-0.008811615,-0.024994323,-0.024790836,-0.041679733,0.042659722,-0.018641371,-0.0012390725,0.054822132,0.027653731,0.093795426,0.01719656,-0.030798553,-0.047015376,-0.03846553,-0.07045324,-0.029109882,0.14224336,-0.04341057,0.01618119,0.044063378,-0.054965187,0.1127022,-0.028890476,-0.110052265,-0.017403023,0.028311208,-0.0053288415,0.055396125,0.02935047
P00724,-0.024574246,0.100461185,-0.008768287,-0.005574978,-0.015316758,-0.0029160785,-0.028296651,0.04345591,-0.018223662,0.0006624907,0.05704104,0.029778719,0.1025896,0.020134695,-0.011415174,-0.039740317,-0.010501126,-0.068949975,-0.028917152,0.11603044,-0.03160236,0.008640701,0.05081195,-0.064303875,0.12313828,-0.024485953,-0.11006596,0.005277237,-0.009677316,-0.0076541994,0.069112375,0.028735667
P09733,-0.01782047,0.087886296,-0.010030124,0.020085718,-0.0068225213,-0.0010484862,-0.016133357,0.020046467,-0.038579553,0.015143573,0.06929308,-0.022042193,0.09467651,0.0026681381,-0.0148720555,-0.021637166,-0.012460965,-0.07772929,-0.041438308,0.11851433,-0.042569663,-0.0045970418,0.047240276,-0.07137075,0.09967258,-0.026849892,-0.095472895,0.0030212319,-0.01868254,-0.015148487,0.076566756,0.036674783
P15692,-0.026031798,0.09905901,-0.011163785,-0.007115664,-0.010674346,-0.0037992136,-0.017394377,0.033012036,-0.026556097,0.006122757,0.06773808,0.01628243,0.10228931,0.012586885,-0.0117297685,-0.027600534,-0.004480677,-0.05900563,-0.039108314,0.1135773,-0.035191312,0.0067661535,0.046254124,-0.05375018,0.11662714,-0.030881047,-0.09448702,0.015767591,-0.0023622345,-0.0113255745,0.071879104,0.030759668
P69786,-0.01532339,0.08431729,-0.015550706,-0.026141854,-0.015424795,-0.035886846,-0.00988435,0.031027392,-0.029477948,0.012114146,0.06298562,0.017006088,0.09537324,0.020825319,-0.0033111789,-0.034576196,-0.01212991,-0.07426027,-0.021962704,0.13926311,-0.033241842,-0.006436815,0.039556865,-0.037105694,0.11869056,-0.012993519,-0.09821359,-0.0048468397,-0.019181564,-0.002588991,0.0565097,0.053443525
Q13492,-0.024111932,0.09796193,-0.010099242,-0.0037987523,-0.011945179,-0.01810168,-0.01553159,0.02582826,-0.023525227,0.007738721,0.07052126,0.026117297,0.09366383,0.017078565,-0.011309722,-0.020684876,-0.004003639,-0.057723157,-0.034068078,0.11448369,-0.029892555,0.013258776,0.038476784,-0.04244246,0.11089085,-0.027406652,-0.09299913,0.01202226,-0.0023085128,-0.0119032,0.06432543,0.029891029
A5KE01,-0.006367961,0.11093226,-0.023152716,0.012012724,-0.02052811,-0.021357507,0.006796808,0.033896856,-0.031136231,0.012060525,0.08940123,0.03680025,0.08857341,0.0140495,-0.0039840955,-0.015618212,0.0009546671,-0.051860873,-0.02455483,0.091023505,-0.0033797622,0.044902474,0.0648389,-0.05453892,0.08665246,-0.045499347,-0.09557086,-0.0006973604,-0.017439764,-0.021745853,0.07803199,0.015772924
P23396,-0.025470493,0.10172554,-0.011875016,-0.006685362,-0.014123587,-0.013858469,-0.019330695,0.03261813,-0.023839556,0.006039499,0.06702267,0.022873992,0.09780123,0.019131532,-0.009751716,-0.02915625,-0.0023025086,-0.059404287,-0.03559516,0.11954317,-0.028431835,0.00566618,0.041980874,-0.046198454,0.11812174,-0.025157413,-0.09560394,0.008358269,-0.0049844747,-0.012119009,0.06593331,0.034689248
P05451,-0.042980134,0.09670384,-0.018165959,0.019198865,-0.012554256,0.012077638,-0.017301721,0.02707884,-0.045652866,0.025357217,0.056836568,-0.028262746,0.094994545,-0.0083764475,-0.027186539,-0.02911036,-0.0031459583,-0.06571678,-0.035904583,0.114702985,-0.024262082,-0.011908621,0.04253529,-0.0629437,0.10185318,-0.026513942,-0.10975195,0.017648539,-0.015070252,-0.030638628,0.06977329,0.052594528
O43508,-0.015165453,0.11191179,-0.021066418,-0.018997502,-0.017406888,-0.008091441,-0.010395585,0.045879655,-0.011405519,0.004162525,0.061128456,0.028047161,0.097728424,0.03081081,0.0053822217,-0.022651356,-0.015415654,-0.055337247,-0.016472623,0.126255,-0.03164857,0.0011151228,0.05141923,-0.054303236,0.11048287,-0.015759371,-0.09536893,0.010809785,-0.024476089,-0.01671195,0.060392406,0.043082256
P10275,-0.023628663,0.110825054,-0.013140469,-0.0042631496,-0.014709091,-0.008003908,-0.01803395,0.04026348,-0.020648785,0.0029551939,0.06503263,0.023857346,0.0988184,0.023142707,-0.0012308711,-0.026234942,-0.007551837,-0.056841217,-0.03178606,0.114129886,-0.026175335,0.0029718124,0.052471284,-0.05922204,0.11467275,-0.02455888,-0.09875391,0.010615014,-0.0068170642,-0.007429485,0.06902813,0.03605565
Q61371,-0.024378432,0.09651534,-0.005649081,-0.004279063,-0.018001275,-0.018163454,-0.027988415,0.027154699,-0.030980548,0.009660317,0.06584282,0.01762677,0.093863055,0.010690824,-0.022714358,-0.04128577,-0.014005253,-0.07061311,-0.045091935,0.12555227,-0.035121657,0.004392593,0.03684491,-0.054709375,0.12171116,-0.026130423,-0.10107207,0.0008503512,0.009824239,-0.009972259,0.06808998,0.031046003
P21375,-0.0077391285,0.07972155,-0.011414346,8.5583575e-05,-0.020399777,-0.017559929,-0.027876979,0.013336584,-0.032334134,0.0049755457,0.061888907,0.02222204,0.09993753,0.013742578,-0.03730525,-0.02985152,-0.007891892,-0.066302836,-0.03410083,0.12073932,-0.046310276,-0.0011180363,0.041792978,-0.06015275,0.11452023,-0.03125893,-0.101799846,0.005816935,-0.004768238,-0.023106081,0.06334195,0.024539
Q9BZR9,-0.022068417,0.11526533,-0.004629526,-0.02279871,-0.020658422,-0.009591722,-0.0059451438,0.03948008,-0.028154194,-0.00444901,0.06925868,0.031347975,0.110267386,0.01848561,-0.0032319191,-0.024171436,-0.0074648354,-0.04973553,-0.036236454,0.11545047,-0.020886477,0.017686894,0.04967469,-0.057392687,0.11694932,-0.026588943,-0.09812164,0.01879244,-0.0045760665,-0.0034487695,0.07160944,0.022784015
Q7YZX3,-0.013451493,0.11139002,-0.013241187,-0.018948875,-0.02437412,-0.017832961,-0.014459305,0.029070705,-0.040989175,2.8861687e-05,0.054205317,0.03128883,0.103337124,0.017588194,-0.0057531837,-0.04144737,-0.0048568035,-0.07850553,-0.039939836,0.12255181,-0.025786605,0.0132208895,0.06441927,-0.072324224,0.11718954,-0.016699625,-0.10481864,0.0042636013,-0.021242537,-0.004076086,0.06965909,0.036072697
P0ACC1,-0.0063072774,0.12954445,-0.031163966,-0.018929724,-0.0134046385,-0.0053836275,-0.009406348,0.04051097,-0.014371398,-0.0165167,0.05116385,0.055216942,0.10234311,0.023528287,0.003331527,-0.03169526,-0.010425036,-0.053217754,-0.047831133,0.11598864,-0.03225786,0.015014163,0.0844964,-0.07856127,0.10909309,-0.041441206,-0.11033838,0.015782543,-0.0138743995,-0.021820137,0.05920629,0.03029492
P54253,-0.017712723,0.10870949,-0.013143787,-0.01222373,-0.021287397,-0.010324338,-0.01735568,0.031677574,-0.022241179,0.0018155426,0.063240096,0.024314404,0.104189016,0.020284284,-0.014026838,-0.031595107,-0.009410651,-0.06573487,-0.03684237,0.12432802,-0.029814303,0.0115878275,0.05479628,-0.06332031,0.11125499,-0.02524378,-0.10106864,0.010408977,-0.0070635057,-0.012641723,0.06980379,0.03215797
P0A6L0,-0.014719098,0.102525465,-0.020169942,-0.010241733,-0.009220255,-0.007302789,-0.0046826615,0.028996162,-0.023698213,0.010517928,0.06394342,0.026946237,0.10642746,0.012730154,-0.02300494,-0.03965724,-0.0051894276,-0.06212235,-0.04847564,0.12584881,-0.04821855,0.017555408,0.06292604,-0.06235664,0.113746695,-0.046031434,-0.105537765,0.009742623,-0.0020879025,-0.04444511,0.05479188,0.023187784
P15208,-0.009080892,0.10500543,-0.02167378,-0.022070456,-0.022002477,-0.015399894,-0.014489716,0.04232616,-0.01974532,0.007687124,0.07262398,0.028808963,0.10029014,0.041725405,-0.0006787732,-0.02933997,-0.005358503,-0.057003357,-0.019069321,0.12293639,-0.033153687,-0.0034779995,0.048243772,-0.053298693,0.11640159,-0.02199151,-0.102375545,0.013108544,-0.011409694,-0.011262993,0.05853031,0.051967792
P11940,-0.024891075,0.10317261,-0.014429513,-0.0056549096,-0.011859755,-0.016021363,-0.013596504,0.029167358,-0.028592264,0.008923435,0.064058304,0.020432543,0.10094786,0.019961981,-0.010988074,-0.02250723,-0.00331372,-0.060578704,-0.031254504,0.117912665,-0.028619802,0.016662868,0.04770281,-0.04857769,0.10729265,-0.02503595,-0.09313522,0.00996278,-0.011320575,-0.013300953,0.06748603,0.032245725
Q96EB6,-0.021070417,0.108991645,-0.011550434,-0.0035867593,-0.01512856,-0.011474713,-0.0154974805,0.035544693,-0.028797377,0.0041656685,0.06516709,0.022560613,0.096500635,0.018240044,-0.011009684,-0.025599247,-0.006324537,-0.055079658,-0.033454753,0.10986483,-0.024939036,0.008731942,0.0517044,-0.06051178,0.111205205,-0.028434005,-0.10493775,0.009061239,-0.00656657,-0.016688272,0.0689694,0.02828739
Q8IUQ4,-0.02444095,0.1159601,-0.010922857,-0.010702252,-0.018092474,-0.015953802,-0.008121124,0.040029947,-0.031023532,0.005358938,0.057333857,0.035751913,0.10509872,0.021544067,-0.014077835,-0.02647341,-0.0058585308,-0.03878307,-0.022563288,0.11674073,-0.02344642,0.010946331,0.047853976,-0.052926008,0.1067087,-0.03330364,-0.098891966,0.014258633,-0.0065290495,-0.0160417,0.0657649,0.018217765
Q94420,-0.022383772,0.105432965,-0.0030901202,-0.011410846,-0.013555016,-0.006706278,-0.0068782433,0.034417555,-0.02638334,0.009331074,0.0700018,0.02138459,0.10244949,0.015095208,-0.013368556,-0.032674268,-0.0041231737,-0.05640302,-0.040019866,0.11882722,-0.03226107,0.010456896,0.048288785,-0.05735986,0.11324371,-0.037163638,-0.097493455,0.016623378,-0.008470022,-0.015820993,0.071572475,0.023273163
P0A6S5,-0.03524182,0.09759455,-0.00051774085,-0.009361412,-0.012021965,-0.007670127,-0.021647453,0.02840635,-0.021811683,0.0017752359,0.060900286,0.021059392,0.10441484,0.006538731,-0.019222874,-0.024672408,0.00017022714,-0.049055662,-0.031011304,0.10954432,-0.031135457,0.018583834,0.03782334,-0.04239242,0.1070866,-0.025124356,-0.08807559,0.009423256,-0.0068424656,-0.017845983,0.07284545,0.010955433
O00308,-0.019456388,0.107211165,-0.012503977,0.0012665968,-0.018899316,-0.014473304,-0.010275724,0.027920017,-0.029211162,0.009936417,0.065263934,0.024162581,0.10527074,0.02325152,-0.0160894,-0.02479428,-0.008436843,-0.05330598,-0.02944561,0.11769853,-0.026833767,0.005495166,0.05839421,-0.06524101,0.10068857,-0.041049153,-0.09998075,0.013605505,-0.00413265,-0.014334348,0.06672543,0.029240072
B5KM66,-0.02680223,0.101696804,-0.018152233,-0.016295303,-0.017114945,-0.010274056,-0.019673117,0.040329754,-0.013030804,0.002297149,0.060861357,0.025586884,0.10680333,0.027643885,-0.0025475668,-0.025490806,-0.005380534,-0.049816117,-0.021859996,0.12078973,-0.021298734,-0.0051687,0.0627688,-0.056590624,0.11862465,-0.02500367,-0.10059507,0.004954446,-0.013043014,-0.01665681,0.06663485,0.04205513
P00748,-0.017838998,0.11191312,-0.0142351035,-0.012830177,-0.018952781,-0.0043834117,-0.019835759,0.05189725,-0.015708895,0.00054072775,0.06623464,0.029421706,0.09252404,0.028249692,-0.0058149947,-0.024451926,-0.0077545485,-0.047553994,-0.020991836,0.111257315,-0.025708959,-0.001972846,0.05506307,-0.06430929,0.11443263,-0.021474158,-0.11068159,0.01022231,-0.013520676,-0.018414458,0.06865178,0.034605533
A0A0K0MJN3,-0.04494782,0.098198794,-0.0075839534,-0.018912112,0.0019770463,-0.015094936,-0.03207001,0.02711574,-0.021804273,0.00842771,0.07008368,0.013306526,0.097887516,0.021269426,-0.008187612,-0.025803125,0.012767434,-0.047794733,-0.038551472,0.10785828,-0.017190898,0.011960096,0.029603496,-0.0348441,0.12143371,-0.018468976,-0.098757185,0.005789975,-0.003651822,-0.00794595,0.06511593,0.04010557
P01023,-0.016588584,0.119244106,-0.020334987,-0.003294972,-0.0057981014,-0.0014259294,-0.0036626684,0.039235823,-0.019714154,0.0076363594,0.066595666,0.02349727,0.10035745,0.02117432,0.00095428294,-0.02103098,0.00077188155,-0.0519273,-0.030604534,0.106161885,-0.030266022,0.014344814,0.056695703,-0.05999698,0.10949659,-0.027845373,-0.097272985,0.023438051,-0.016985545,-0.026474142,0.06743831,0.03074115
P0A6E6,-0.029026683,0.088432655,-0.0071756775,0.022493891,-0.011293545,-0.011256623,-0.010263928,0.02209418,-0.032059625,0.0182794,0.06956088,-0.0011035334,0.095040254,0.0010354327,-0.017604377,-0.015087562,0.004378017,-0.061849847,-0.025549114,0.11435019,-0.017772771,0.014805296,0.04861153,-0.041060064,0.08623056,-0.030969173,-0.08635824,0.008555895,-0.0178015,-0.02475688,0.06598668,0.018243503
P12476,-0.008913674,0.12098762,-0.008320458,0.012111474,-0.011729846,-0.03643709,0.018348416,0.023325462,-0.033793855,-0.00644634,0.053165905,0.058340292,0.0998054,0.015175258,-0.008459572,-0.017143423,0.00085284014,-0.0459498,-0.021152407,0.09523089,-0.031801827,0.02774451,0.051387608,-0.04897015,0.09871298,-0.043653086,-0.08925182,0.01693251,-0.039977983,-0.031405628,0.05866599,0.012412773
P10810,-0.0059462646,0.11041286,-0.014363444,-0.006173251,-0.0030036913,-0.0070702126,-0.026731132,0.035744734,-0.021658476,-0.01138749,0.06413019,0.016123665,0.09223241,0.009423953,-0.011287934,-0.027414516,-0.014190399,-0.07278456,-0.048770152,0.11112161,-0.05222962,0.0115017835,0.037021574,-0.06401553,0.11903769,-0.01600762,-0.09742237,0.0076468172,-0.007776501,-0.0038670804,0.08557466,0.025155932
O94782,-0.013504018,0.13165388,-0.010812346,-0.016402105,-0.017581038,-0.0061262157,0.0075640767,0.0372769,-0.024491707,-0.010198251,0.06527777,0.03835029,0.10634788,0.021337926,0.013678173,-0.009708567,0.0006454994,-0.041432966,-0.028336454,0.105832554,-0.0105963,0.014620626,0.06972936,-0.06846333,0.09700669,-0.028603667,-0.10463653,0.02675334,-0.028152775,-0.015257264,0.06553637,0.022217965
P61088,-0.022481393,0.10385429,-0.010951082,-0.00088043814,-0.018388253,-0.019353358,-0.011045621,0.032131553,-0.033562496,0.013465111,0.06387723,0.021988047,0.09947615,0.022958444,-0.015935335,-0.02592824,-0.0026135077,-0.058463976,-0.02878166,0.11947172,-0.022002866,0.0039182343,0.053241592,-0.055954475,0.10742433,-0.030091992,-0.099858746,0.007093566,-0.012571871,-0.009433182,0.07003468,0.03453689
D3ZMK9,-0.016922237,0.100842535,0.009371151,-0.030140989,-0.028279355,-0.025070878,-0.028152883,0.034949634,-0.03549488,-0.007389312,0.061476808,0.036773834,0.10553497,0.015784418,-0.024783114,-0.051966537,-0.009084745,-0.068641245,-0.050388332,0.12543947,-0.028302923,0.02117008,0.04597047,-0.06347948,0.13003507,-0.017235026,-0.10190139,-0.006412443,-0.0017445808,0.0025807184,0.069433175,0.014560183
Q9H4A3,-0.01833016,0.10834653,-0.013333883,-0.009480698,-0.018121466,-0.013912748,-0.012581191,0.032376055,-0.025112832,0.00270872,0.07089204,0.03344277,0.10157896,0.023032315,-0.000748503,-0.025621584,-0.0037812733,-0.061035234,-0.03479273,0.110701986,-0.026527911,0.013211762,0.05378741,-0.056461748,0.113680534,-0.026803106,-0.09916812,0.010750624,-0.002795365,-0.006203644,0.06603249,0.03284874
O15287,-0.027903859,0.10209618,-0.008217287,-0.0028663608,-0.015668025,-0.01744741,-0.026444549,0.03073009,-0.022479773,0.0014113167,0.06531758,0.028212233,0.09255195,0.014445404,-0.012623285,-0.027903052,-0.0032280146,-0.053603213,-0.034230083,0.118584685,-0.025370594,0.004876955,0.047175024,-0.049373936,0.11454326,-0.028553616,-0.09242354,0.004115346,0.0017146309,-0.013727158,0.07394599,0.020221679
P0AB58,-0.010814593,0.089336164,-0.020502623,-0.016831767,-0.027215684,-0.02801465,-0.022412837,0.03659544,-0.03600212,0.018389208,0.05657355,0.012176168,0.09967151,0.03227059,-0.025958478,-0.043066707,-0.025724797,-0.06771491,-0.011123431,0.14183562,-0.043410182,-0.00455232,0.037195385,-0.052398846,0.103178285,-0.023165017,-0.10418436,-0.0048364955,-0.0055635334,-0.012870968,0.05149215,0.04688273
O08722,-0.007026285,0.11791418,-0.02310579,-0.030592052,-0.021940058,-0.018662615,-0.01765609,0.045076627,-0.02085632,-0.003143991,0.059860934,0.031828668,0.09620424,0.030541612,0.00035799356,-0.034935262,-0.020219881,-0.06275036,-0.029198095,0.12901844,-0.03335485,0.00022474863,0.052735317,-0.06369635,0.11900911,-0.014882885,-0.10724621,0.007594671,-0.008144372,-0.0080388365,0.065680355,0.04781347
Q22289,-0.014927834,0.11838548,-0.012630794,-0.010726485,-0.026240017,0.009287074,-0.0055385665,0.027940542,-0.031350806,-0.0059777284,0.062860474,0.008157768,0.10306495,0.008344743,0.0049603116,-0.020048514,-0.0260315,-0.06333062,-0.038242318,0.107815415,-0.035322636,-0.006888588,0.055015005,-0.08323881,0.09932344,-0.027668254,-0.108959444,0.02503523,-0.013432599,-0.009957666,0.07031229,0.046559192
O35627,-0.019297231,0.096927755,-0.014719043,-0.011293388,-0.017931433,-0.018920321,-0.021977188,0.030310558,-0.025576664,-0.0022010468,0.05597176,0.033371706,0.0999364,0.007596902,-0.014084138,-0.039293557,-0.006256263,-0.073027655,-0.04012972,0.12648687,-0.03468017,0.011780216,0.039366778,-0.04639069,0.12899035,-0.014115479,-0.09986648,0.003918864,0.00033381511,-0.003376279,0.0680704,0.027532663
P01555,-0.007792845,0.121683255,-0.016592713,-0.014207026,-0.013316847,-0.0051624305,-0.010444275,0.038869686,-0.005726776,-0.008620432,0.064924635,0.032740176,0.10560554,0.016356897,0.0054416563,-0.03680398,-0.0044261822,-0.054414056,-0.034634255,0.11642202,-0.019803723,0.014084431,0.064766325,-0.069932446,0.10976395,-0.02922941,-0.10649645,0.0096744085,-0.019385267,-0.024371395,0.06560715,0.022568768
Q8TB24,-0.029160319,0.10404785,-0.005517781,-0.011327788,-0.0102093965,-0.007005185,-0.007328852,0.032518603,-0.020785222,0.014436169,0.06400014,0.028523484,0.094287895,0.01209142,-0.0014362623,-0.028097654,-0.013280952,-0.060779206,-0.038027532,0.11624529,-0.027639674,0.011529461,0.043938927,-0.053497706,0.11849519,-0.023566054,-0.102328524,0.014326301,-0.0053237076,-0.011327608,0.057372987,0.03211213
O95163,-0.031355973,0.08414633,-0.0087143965,-0.0017867883,-0.016628284,-0.026784623,-0.031165684,0.027127987,-0.03418578,0.008129697,0.061553497,0.020305984,0.09326928,0.015572305,-0.024141932,-0.04340349,-0.012206103,-0.07632526,-0.038440492,0.12561545,-0.03525634,0.022411913,0.039303962,-0.049892846,0.115927935,-0.024696866,-0.098940134,-0.01384828,0.0019537902,-0.0037980292,0.06092448,0.031096898
Q9NRD5,-0.0199986,0.09156085,-0.017322693,-0.014934867,-0.018282594,-0.011718346,-0.025173048,0.03850199,-0.02595989,0.00933887,0.063127354,0.01881085,0.10354544,0.019904898,-0.020845417,-0.04349459,-0.0076601324,-0.06688261,-0.029429976,0.12797596,-0.037971597,0.00085212995,0.038121305,-0.050769217,0.12380402,-0.024126962,-0.1020538,0.0071554002,-0.0009062273,-0.0041757245,0.06912745,0.03990737
Q15038,-0.01787625,0.111468345,-0.008989707,-0.011184779,-0.016751537,-0.014892039,-0.023900153,0.03585365,-0.02127722,-0.00034723105,0.065041594,0.02697411,0.09375352,0.021736331,-0.010516251,-0.031675898,-0.009169727,-0.06476101,-0.042828623,0.118264556,-0.028207725,0.010318498,0.059197355,-0.06300833,0.11145405,-0.026835134,-0.103627406,0.005029472,-0.0023353274,-0.009645235,0.0782962,0.027137829
Q9C019,-0.023097478,0.1259914,-0.0066432846,-0.012824404,-0.0141213685,-0.00845825,-0.012253786,0.039414972,-0.022409713,-0.013762772,0.068808004,0.03784822,0.09444082,0.014457554,0.005839309,-0.014612771,-0.007954366,-0.04370049,-0.04341687,0.10900855,-0.014066518,0.01340212,0.06599659,-0.0687327,0.113935746,-0.031733233,-0.098893754,0.024583014,-0.0009559107,-0.010255977,0.07663989,0.017456755
Q92731,-0.027312277,0.1075372,-0.003751185,-0.006854136,-0.015724676,-0.010493619,-0.008572603,0.028440528,-0.022838883,0.00572357,0.06997226,0.024931444,0.097551994,0.017171206,-0.0009191077,-0.010864425,-0.0031495676,-0.050090913,-0.031020533,0.11031788,-0.020585958,0.0031932741,0.045146927,-0.049277686,0.112651795,-0.021107787,-0.09643218,0.01573827,-0.008530372,-0.013940991,0.068045974,0.028551785
P19889,-0.02605877,0.10162172,-0.018649885,-0.005761137,-0.007849778,-0.011180916,-0.023429886,0.03600839,-0.015318945,0.00931433,0.063584104,0.018143693,0.095475696,0.020825118,-0.0037182544,-0.027484948,-0.011172764,-0.06426194,-0.031770162,0.11646814,-0.029991379,0.006557607,0.053571645,-0.05344556,0.11280028,-0.024823321,-0.099362776,0.00521137,0.0010655543,-0.010099849,0.07002122,0.03820686
P58340,-0.015611368,0.11105573,-0.018685397,-0.009988755,-0.011066948,-0.0024983464,0.0060937945,0.03773672,-0.0043212343,0.021279989,0.079211235,0.028241538,0.08241826,0.029317841,0.016298294,-0.00027633365,-0.013176348,-0.048014224,-0.016152987,0.116634324,-0.018850232,0.015864931,0.058464527,-0.054311737,0.09912629,-0.019508772,-0.088042185,0.005376015,-0.039912052,-0.03325266,0.06551282,0.033579826
P07335,-0.0569275,0.07967654,0.009766376,0.0062341075,0.0022544381,-0.028872378,-0.034876175,0.009725263,-0.031141216,0.0047035534,0.07640456,0.016807843,0.09725098,-0.010453463,-0.02795649,-0.0231206,0.016743002,-0.0541593,-0.055606097,0.107255116,-0.01913309,0.017974272,0.018250516,-0.012910616,0.12462874,-0.035267036,-0.07969135,0.006760933,0.032389402,0.0052768756,0.083250515,0.0060048355
P11142,-0.025175497,0.10405823,-0.013306298,0.0008144094,-0.011891099,-0.007523577,-0.012647189,0.030010873,-0.023772104,0.00665705,0.06615157,0.01954272,0.10097827,0.014200358,-0.009414819,-0.024111165,-0.0014153186,-0.056703202,-0.03121607,0.11335705,-0.02371217,0.01020269,0.0473767,-0.054021575,0.109158024,-0.029308502,-0.09970067,0.012715836,-0.013479606,-0.017734038,0.06552786,0.030775283
Q61171,-0.027010152,0.10539312,-0.013533934,-0.0038286473,-0.0089418795,-0.016992785,-0.036978196,0.038007993,-0.024118796,-0.0015311204,0.06607665,0.020661386,0.08445523,0.00781531,-0.011513919,-0.040401015,-0.011852782,-0.070644826,-0.0504265,0.11717689,-0.0327313,0.017270045,0.0432815,-0.05214956,0.11516126,-0.023444101,-0.10510043,0.0010866178,0.025453443,-0.002656625,0.06970077,0.025218114
P9WPE9,-0.043925323,0.09290668,0.0011158921,-0.00427147,0.0013056844,0.003219238,-0.01705056,0.015939174,-0.039155334,0.027693776,0.07202461,-0.016322186,0.088885926,-0.007881683,-0.023209713,-0.018773146,-0.0046112975,-0.060965806,-0.053889655,0.111889936,-0.03560941,0.015087482,0.009103838,-0.041315656,0.12253325,-0.010014347,-0.08792094,0.020116568,0.00028743595,-0.018140323,0.074941576,0.030990291
P20068,-0.027033769,0.08899517,-0.00801828,0.015198072,-0.00294266,-0.015710775,-0.014636979,0.010988049,-0.044266194,0.021702198,0.07316714,0.008462247,0.09868918,0.008483764,-0.021206647,-0.02030544,0.008678807,-0.057398967,-0.03559915,0.09988816,-0.035108365,0.0068700034,0.011651006,-0.034396082,0.10906857,-0.028603086,-0.09431237,0.015369522,-0.0004930608,-0.0060668737,0.059427105,0.032063257
O82226,-0.019160137,0.11338377,-0.023588907,-0.019917611,-0.021407444,-0.0061994763,-0.010631105,0.044280775,-0.02683875,0.00543295,0.053691052,0.026079178,0.10672279,0.019540202,-0.006693157,-0.03486145,-0.008205045,-0.052646734,-0.021505702,0.11988525,-0.032354005,-0.002627061,0.063074306,-0.062187158,0.10398175,-0.02807493,-0.10780253,0.010727995,-0.009684127,-0.019926753,0.06426752,0.03638142
P08191,-0.010459214,0.107723154,-0.02315687,-0.009952988,-0.008289153,0.0028795307,0.001915168,0.023542024,-0.014790384,-0.00046945084,0.072586805,0.017225383,0.10591592,0.011668501,0.009119725,-0.01763913,-0.0048204362,-0.06412724,-0.036831208,0.11821203,-0.036820244,0.012032265,0.048819203,-0.057356298,0.11557232,-0.02222722,-0.09030186,0.02134033,-0.032061424,-0.032380216,0.056345314,0.040799562
P28834,-0.021355242,0.08210696,-0.023019867,-0.004187731,-0.028595993,-0.022883417,-0.03270122,0.028482556,-0.029559026,0.008093349,0.061766867,0.024422035,0.105226375,0.03029793,-0.022891805,-0.029259136,-0.011831888,-0.06286508,-0.017625315,0.13068573,-0.03470615,-0.005286696,0.033469018,-0.039208468,0.12045702,-0.02005268,-0.09415811,0.0015941573,0.00096402364,-0.0071782987,0.054081406,0.050413102
P16951,-0.029054422,0.09999785,-0.01107214,-0.0016803567,-0.014798572,-0.00302852,-0.019518843,0.025889901,-0.027543547,0.002438268,0.061087146,0.017261283,0.1105952,0.008527573,-0.017905956,-0.026208412,0.0037174756,-0.051809184,-0.031846575,0.11176501,-0.034199312,-0.0013466696,0.03710789,-0.04666914,0.11102183,-0.030660938,-0.09624995,0.018162135,-0.0009292277,-0.012716428,0.07256358,0.025219748
Q9Y6K9,-0.025082028,0.10387444,-0.009929973,-0.010188455,-0.016770706,-0.016062334,-0.019848369,0.026568789,-0.023939088,0.008204448,0.06355467,0.02524753,0.100506246,0.021919895,-0.013924028,-0.029900735,-0.005174928,-0.059446823,-0.036360282,0.119009934,-0.029572725,0.003026732,0.050109632,-0.055504616,0.111750126,-0.030122304,-0.09856381,0.007085923,-0.0016658759,-0.008823452,0.07196713,0.03380553
P01772,-0.012271545,0.10373086,-0.030220192,-0.022515215,-0.024212014,-0.020857466,-0.021579988,0.050613187,-0.013790965,0.003444842,0.054762475,0.038572904,0.09722348,0.044556014,-0.0014852909,-0.030135453,-0.015654678,-0.055429548,9.950204e-05,0.1282072,-0.032606635,-0.015737765,0.04642686,-0.05207219,0.118731275,-0.01181611,-0.10906679,0.00041749142,-0.02424964,-0.009148467,0.052791674,0.06140968
O75751,-0.018178143,0.107866935,-0.0071094898,-0.02128736,-0.018795261,-0.011016196,-0.00834418,0.027591914,-0.013669013,0.007882931,0.07583007,0.02399319,0.10793825,0.040296473,-0.0012727806,-0.020458233,-0.0077486057,-0.057785973,-0.020933278,0.119634286,-0.03303653,0.0068301987,0.040219013,-0.053256083,0.10906667,-0.026742416,-0.09458457,0.012591963,-0.026922602,-0.018292429,0.06238103,0.046059135
Q9Y6X0,-0.01231783,0.12130093,-0.010976894,-0.014273986,-0.022514332,-0.017165996,0.00022795377,0.0404503,-0.016292535,-0.005133649,0.06840953,0.043305308,0.10095303,0.030321196,0.00869287,-0.014697965,-0.011397348,-0.042542286,-0.020322584,0.11620833,-0.013232499,0.012851691,0.06725764,-0.065811045,0.102611266,-0.029066417,-0.10310343,0.0095161535,-0.021177955,-0.019946102,0.059241667,0.024147231
P05113,-0.01498393,0.12617525,-0.019786287,-0.011093426,-0.013485283,0.016961126,-0.02203545,0.054908995,0.002876467,-0.022367239,0.06422259,0.029065799,0.106698774,0.023703432,0.012679833,-0.0170929,-0.01376637,-0.050663486,-0.034531347,0.105752096,-0.030704642,0.0063972045,0.06977255,-0.07738469,0.114537805,-0.023654545,-0.10010627,0.019088518,-0.014556167,-0.01099248,0.08223367,0.029169627
O88273,-0.017732743,0.12775944,-0.0020644711,-0.011643546,-0.012019697,-0.0032502478,-0.015835248,0.049902394,-0.0181132,-0.005625998,0.069125004,0.033425987,0.10038435,0.024713757,-0.0029048342,-0.028734513,0.0015119778,-0.040911827,-0.03902955,0.10211288,-0.02140726,0.01790613,0.065303676,-0.06832945,0.10457891,-0.03526447,-0.101573244,0.013549902,-0.0060307086,-0.01721475,0.07532276,0.0065675844
O14842,-0.0019544065,0.12741576,-0.02361085,-0.029085947,-0.0054943454,-0.020369178,-0.0007496315,0.038804874,-0.0011172997,0.012281078,0.06992551,0.051081896,0.08980749,0.05307098,0.018768435,-0.021154141,-0.015031996,-0.06989713,-0.029653534,0.1172483,-0.037078526,0.014780781,0.052958656,-0.059702057,0.12860003,-0.014661671,-0.10952904,0.013336461,-0.020847673,-0.01569496,0.06509108,0.057078052
P0C1S8,-0.015421827,0.09808394,-0.019082606,-0.019375404,-0.025655368,-0.030727973,-0.014222022,0.045106817,-0.021970967,0.012156226,0.061530795,0.03395791,0.091113545,0.036379572,-0.0066406163,-0.029845709,-0.02055256,-0.05520463,-0.007280577,0.13411798,-0.024845183,-0.0038840342,0.0521014,-0.05277641,0.11177496,-0.018922767,-0.10866519,-0.0031035207,-0.010060683,-0.014008846,0.050118808,0.04590094
P83780,-0.0019531846,0.13758099,-0.033842932,-0.017401613,-0.013290172,-0.008378997,-0.012206957,0.03452982,-0.008533727,-0.010961417,0.05914356,0.04103577,0.10061306,0.03089635,0.0136425495,-0.011891959,0.0015274235,-0.05910408,-0.034355726,0.09958448,-0.018485736,0.020660765,0.08685214,-0.07715088,0.09518447,-0.017265756,-0.11539016,0.015123062,-0.011056922,-0.0137120485,0.08500169,0.03320758
P05062,-0.031838585,0.107954755,-0.0034406283,0.00031169673,-0.013788973,-0.015664434,-0.020073745,0.030052077,-0.027985875,0.0054142512,0.067714944,0.028438607,0.09195351,0.011637848,-0.01291457,-0.02103627,-0.002458046,-0.059034348,-0.03721854,0.10784702,-0.02455965,0.014793359,0.040232085,-0.04491065,0.11385332,-0.024595093,-0.10055665,0.006361939,0.0060523795,-0.013817644,0.07553657,0.017874992
P14091,-0.021600615,0.11043109,-0.014287308,-0.011890629,-0.0021434692,-0.005016361,0.0030422234,0.026374184,-0.015895717,0.013803634,0.06465575,0.034190115,0.09555048,0.010037961,-0.0015960503,-0.020245928,0.0016673618,-0.051765803,-0.0338431,0.109513156,-0.031246912,0.019379301,0.053570047,-0.051370397,0.10178845,-0.032788947,-0.09993504,0.017824266,-0.018002171,-0.027635414,0.064819254,0.018230367
P62310,-0.023932757,0.103987135,-0.010077789,-0.00605794,-0.019634832,-0.012644758,-0.013949,0.037326213,-0.029585863,-0.0050489986,0.06070347,0.021860084,0.10552557,0.008051663,-0.008819825,-0.028849445,-0.004500998,-0.05544471,-0.030495966,0.12228599,-0.023106873,0.005033469,0.049515795,-0.049644254,0.10889041,-0.027237765,-0.09696219,0.0114167,-0.0074961334,-0.009995921,0.06475158,0.02333086
P13797,-0.01352422,0.08634335,-0.029013965,-0.022629622,-0.0286893,-0.03865199,-0.03372744,0.046942174,-0.023354929,0.014457884,0.055006668,0.031592876,0.08689883,0.038185712,-0.023497758,-0.04750726,-0.03249134,-0.07089899,-0.011540465,0.14781052,-0.04146097,-0.0064577498,0.040887635,-0.048290454,0.119894624,-0.016329736,-0.11257233,-0.014262364,0.011660023,-0.004330691,0.050535645,0.056421902
Q9NYB9,-0.020996286,0.09323073,-0.007831297,-0.0066166013,-0.015545842,-0.010885603,-0.025331771,0.02881428,-0.02277071,0.0124423085,0.06563795,0.017388815,0.0946999,0.010778502,-0.021916142,-0.035510283,-0.014109352,-0.073107235,-0.04358385,0.1251431,-0.03966021,0.004336944,0.0422077,-0.056562465,0.12015777,-0.022511719,-0.10315403,0.0045426292,0.0030413156,-0.010634528,0.07525351,0.032446805
P38011,-0.040421285,0.09899642,-0.002497015,-0.011621101,-0.0056402246,-0.01591439,-0.030580763,0.029221475,-0.023835657,0.007574439,0.056341708,0.02322602,0.09391818,0.0074899765,-0.012579158,-0.036729082,-0.0019231349,-0.0649091,-0.04009133,0.11942811,-0.031968754,0.013767113,0.04164643,-0.041866925,0.1162463,-0.021556804,-0.090033814,-4.508961e-05,0.0007147595,-0.00827814,0.075055614,0.018818928
P78352,-0.023562292,0.09081284,-0.0131467935,0.0015421851,-0.016555775,-0.01890071,-0.02094339,0.030610804,-0.028472258,0.018056354,0.06883942,0.017491866,0.08619661,0.022730455,-0.016701827,-0.017278997,-0.008342026,-0.060453646,-0.02051284,0.119518556,-0.02710037,0.0025133789,0.042198908,-0.046203822,0.10753707,-0.021657208,-0.098380044,0.0031552126,-0.005438503,-0.0149111,0.06735279,0.033262152
Q27820,-0.028422644,0.10703703,-0.014050721,-0.014195914,-0.0153459115,-0.02402926,-0.0221108,0.03383373,-0.025974853,-0.009986701,0.07809045,0.031037593,0.107756756,0.023962364,-0.0017389152,-0.028757745,-0.00593836,-0.054754514,-0.041512158,0.113931276,-0.026090235,0.020351311,0.038158733,-0.04346307,0.12618841,-0.028718434,-0.093467236,-0.0011733411,0.011710726,-0.0026027225,0.061710943,0.035508357
Q15843,-0.013368976,0.12131035,-0.012061566,-0.005660241,-0.021399451,-0.00814754,-0.009188599,0.038522657,-0.011930208,-0.0024783842,0.060326606,0.037076004,0.09358864,0.01891348,-0.008336352,-0.027071672,-0.01824379,-0.054459665,-0.0390745,0.12596096,-0.024052307,0.008242031,0.06813598,-0.07477673,0.101496845,-0.036107764,-0.112003826,0.006525122,-0.0096209645,-0.022182992,0.06835651,0.020806849
O54785,-0.017435838,0.11170489,-0.017861167,-0.016016848,-0.021403966,-0.016977945,-0.025827989,0.03382304,-0.034186125,-0.0022445014,0.06128659,0.02821064,0.10542126,0.022775337,-0.0019432735,-0.03555822,-0.009252548,-0.0713179,-0.03565703,0.11866341,-0.02934879,0.008036098,0.06427328,-0.06353228,0.10945616,-0.022157237,-0.10403876,0.0017509051,-0.009614213,-0.0069455467,0.07050218,0.039794564
P18670,-0.02906479,0.12974599,0.003442375,-0.0076985303,0.0018085358,-0.012182468,0.0077893473,0.045153774,-0.027154028,0.0023519471,0.07415624,0.04513105,0.09351495,0.006550974,0.0054751495,-0.031404927,-0.0108729545,-0.055861764,-0.061862677,0.10873082,-0.0246928,0.0285052,0.047360428,-0.055078104,0.13537392,-0.04294496,-0.10003523,0.02987355,0.009680245,-0.0089504365,0.06473577,0.014395479
P18014,-0.034154397,0.09365972,-0.01779063,0.003430472,-0.02069422,-0.0047474117,-0.012029325,0.0385982,-0.04125646,0.008101557,0.05992545,0.01824057,0.1158798,0.012626504,-0.013349147,-0.021726897,0.0053129666,-0.04406345,-0.004095527,0.11343401,-0.01966379,-0.0016282293,0.04223773,-0.04145689,0.10740739,-0.032352284,-0.08837569,0.023783572,-0.014352693,-0.006339611,0.066769145,0.028259436
P60010,-0.022155182,0.09878881,-0.013736537,-0.014874449,-0.01425401,-0.016160188,-0.02248147,0.030796964,-0.017685128,8.303042e-05,0.06464671,0.030173954,0.093437545,0.009543812,-0.005621577,-0.03767527,-0.008748745,-0.06476506,-0.040490214,0.1247085,-0.032269984,0.008996351,0.051646225,-0.0502288,0.11495038,-0.029590946,-0.09517475,0.008723604,0.00611901,-0.008277759,0.068614654,0.02687742
P0DN86,-0.009783502,0.14428347,-0.014585274,-0.01233409,-0.013021517,-0.010024414,0.0030545369,0.05529703,-0.00842166,-0.02506078,0.06295097,0.06826825,0.10066838,0.027213275,0.025063405,-0.01361572,-0.006626904,-0.04287524,-0.03708106,0.105101086,-0.012812183,0.028178798,0.076122366,-0.06399856,0.11276486,-0.03192237,-0.096079834,0.02807109,-0.014706583,-0.002111518,0.06932786,0.012363317
P62136,-0.014387715,0.10608693,-0.013904032,-0.008489207,-0.018845297,-0.014524799,-0.010234665,0.032418303,-0.029394567,0.0007152154,0.06543542,0.02721888,0.10356214,0.021102944,-0.0057528187,-0.026780961,-0.0073559675,-0.0598412,-0.032122593,0.11608702,-0.029396854,0.0055914745,0.04950409,-0.060748562,0.11617457,-0.023848161,-0.102802254,0.006878384,-0.015284658,-0.0119284345,0.061576154,0.03662828
O60814,-0.015711676,0.1169995,-0.012009038,-0.010689954,-0.022276223,-0.0070555103,-0.008349074,0.04339912,-0.016617585,-0.008887535,0.06559857,0.032968864,0.10090116,0.023580624,0.0059838593,-0.016869873,-0.011251244,-0.046270452,-0.021633841,0.11585848,-0.016190477,0.007587838,0.072201736,-0.07149926,0.099687435,-0.029828912,-0.104870066,0.01353593,-0.017739404,-0.018590111,0.064559564,0.023188908
P75391,-0.021777183,0.08769234,-0.010959248,-0.002838359,-0.008891765,-0.012333921,-0.029530577,0.023473656,-0.031007357,0.01517978,0.06782099,0.0077276714,0.086222716,0.014395614,-0.021789463,-0.031208986,-0.009788776,-0.07504588,-0.032661412,0.12188385,-0.05482903,0.0035851675,0.030454328,-0.04888931,0.10691141,-0.02549311,-0.09053143,0.00811674,-0.0010566213,-0.011690858,0.07473555,0.031295534
O75674,-0.025932359,0.097023115,-0.0075354106,-0.0034701105,-0.013524533,-0.020956052,-0.012867952,0.02698132,-0.031852763,0.0144747775,0.06314484,0.035801504,0.09385791,0.008789258,-0.021964004,-0.041286733,-0.008106257,-0.067291416,-0.04106181,0.1201189,-0.030758133,0.025714869,0.046160597,-0.04903429,0.1133764,-0.03968144,-0.10188055,0.0037186581,0.0012420791,-0.01940971,0.0606789,0.018421428
Q27727,-0.020341162,0.113135755,-0.016818594,-0.005160709,-0.011333802,-0.0062773325,-0.020690566,0.043483645,-0.012291924,-0.0032076489,0.06149103,0.03163357,0.09555284,0.013261818,-0.0059717055,-0.030183936,-0.01506999,-0.059377406,-0.038592324,0.117075,-0.032544497,0.012325429,0.059541102,-0.061772782,0.10894502,-0.03358195,-0.099194475,0.0155027695,0.0105654225,-0.0011993842,0.07998715,0.020837203
P14209,-0.025951931,0.078305975,-0.0070485137,-0.0225019,-0.017955381,-0.027912209,-0.032147158,0.030281585,-0.047329955,0.028553126,0.045890577,0.021507125,0.10087683,0.023878936,-0.031638473,-0.06552589,-0.00599576,-0.099707454,-0.036521986,0.13087402,-0.03849427,0.015133376,0.04142841,-0.060015023,0.14328569,-0.0003022179,-0.10642158,-0.022645826,-0.02383047,0.006497234,0.06665392,0.049819663
Q9Y2D8,-0.014699014,0.10402516,-0.009691216,-0.006205148,-0.014152747,-0.022461848,-0.01901073,0.039081708,-0.028841566,0.0066227834,0.061061382,0.023959162,0.08854218,0.01916677,-0.011463448,-0.037784234,-0.013494521,-0.070192955,-0.03691787,0.12114142,-0.03446749,0.00010189973,0.043508865,-0.0582022,0.1266801,-0.016355596,-0.10091859,-0.0017327056,-0.012157393,-0.007976125,0.06653049,0.0379157
P15336,-0.02520795,0.10478468,-0.010070548,-0.0054447637,-0.018770922,-0.0060474807,-0.011435516,0.030307814,-0.030478323,0.009582961,0.06459578,0.01630725,0.105935365,0.016014813,-0.0132058235,-0.023974929,-0.0075338087,-0.05338477,-0.028429693,0.112733044,-0.027621303,0.0028126421,0.046929944,-0.058506716,0.1082271,-0.030124402,-0.099721,0.014252619,-0.008702548,-0.015849546,0.0692023,0.03263691
P0A8M3,-0.024249373,0.114589386,-0.01207849,-0.010586209,-0.015575738,-0.0042862007,-0.0064290566,0.04294337,-0.028448494,0.0076082707,0.06307567,0.025671482,0.10716248,0.017543264,-0.00985108,-0.028111493,-0.0048207804,-0.04852839,-0.029845538,0.112046935,-0.026809508,0.011988904,0.0496184,-0.057465974,0.11276326,-0.028533977,-0.101939626,0.01446954,-0.008451241,-0.016726129,0.0674498,0.025370056
P36873,-0.012347324,0.10721519,-0.007828943,-0.013296947,-0.025690055,-0.020197723,-0.0120100975,0.03388941,-0.03830627,0.0032677322,0.06916802,0.031961806,0.098789506,0.022269132,-0.012307428,-0.031441167,-0.008571382,-0.06294016,-0.036254518,0.1164485,-0.026418874,0.010996899,0.0556965,-0.066045545,0.11478223,-0.026137268,-0.1060223,0.0046109827,-0.0064109378,-0.01004832,0.06409825,0.029492116
Q9CXW4,-0.02091008,0.08337272,-0.014778325,-0.007346157,-0.02130698,-0.019925404,-0.03208851,0.027756426,-0.042756412,0.019020408,0.06480877,0.008440499,0.09632693,0.024249732,-0.0354662,-0.036796562,-0.016466465,-0.07656022,-0.030571029,0.12786122,-0.042247385,0.009596711,0.030265966,-0.055931557,0.119577765,-0.016846022,-0.10026053,-0.00028245075,7.114038e-05,-0.004749128,0.06302035,0.04602011
P00044,-0.027192587,0.10566318,-0.021033533,-0.007880095,-0.01597995,-0.010884377,-0.041779157,0.031234557,-0.011641101,0.0034149524,0.058564324,0.018734703,0.10111641,0.023980089,-0.018657567,-0.045296,-0.018858152,-0.07716125,-0.04116709,0.12571834,-0.04567012,-0.0067385887,0.050638925,-0.06315439,0.119728796,-0.034863967,-0.10157328,0.011042821,0.024230165,0.0011803117,0.08645993,0.049934167
A0A0H3LHU4,-0.030002058,0.103702284,-0.013416913,-0.009655904,-0.010389296,-0.008813637,-0.015630359,0.037425164,-0.013168764,0.0037487491,0.0658386,0.02677026,0.09614731,0.018330324,-0.00083450635,-0.017777307,-0.007174462,-0.05960966,-0.029598746,0.11409353,-0.030692577,0.0077956878,0.041638546,-0.042725477,0.11486485,-0.017807428,-0.09973257,0.009173441,-0.0038307863,-0.0058616707,0.06823672,0.03539708
O43291,-0.011807225,0.112328686,-0.01608205,-0.0056168707,-0.0063912645,-0.004972712,-0.018819211,0.03112103,-0.013287996,0.00676981,0.06332341,0.02724571,0.09970099,0.026345221,-0.012065297,-0.028593775,7.779504e-05,-0.060661584,-0.03328321,0.110007696,-0.03607438,0.016320195,0.058104396,-0.06884564,0.10710964,-0.028622035,-0.101213455,0.012689524,-0.017402742,-0.021287808,0.076565504,0.02440705
P12670,-0.021058684,0.10203516,-0.011231478,-0.013564199,-0.017261103,-0.010813887,-0.03061548,0.036256783,-0.029222632,0.010590841,0.05302747,0.028428316,0.098044775,0.013516572,-0.023259131,-0.0539479,-0.0064079016,-0.06820914,-0.040589068,0.11373819,-0.03360796,0.009786903,0.060022533,-0.06762283,0.11723731,-0.027906572,-0.11664491,5.4892153e-06,0.010121257,-0.019045843,0.06382525,0.021622108
P45850,-0.023369944,0.11563989,-0.009948453,-0.016298052,-0.009279844,-0.0071643544,-0.017893258,0.03823265,-0.016414082,0.0019399922,0.06806796,0.028342832,0.0991583,0.01672338,-0.0015053146,-0.024448121,-0.0076916157,-0.05300662,-0.036259845,0.10517846,-0.02561672,0.01674328,0.05773866,-0.0628336,0.11125444,-0.025988176,-0.10395869,0.016877761,0.007996008,-0.009397711,0.07859392,0.021475863
P14755,-0.024534237,0.11238304,-0.0068571493,-0.017117217,-0.01218749,-0.015295677,-0.0260919,0.039535,-0.01706969,-0.019013602,0.07377605,0.033073742,0.111968525,0.02906648,-0.0049932185,-0.02576156,-0.013421877,-0.050270878,-0.04729366,0.112289876,-0.031890508,0.021188464,0.03782946,-0.05337116,0.12689947,-0.03170112,-0.0929239,0.0050062854,0.007333683,0.0062051704,0.07066835,0.029468177
P0A7L0,-0.023406189,0.08501596,-0.017300773,-0.0050278334,-0.01539891,-0.01583872,-0.02713846,0.02925548,-0.043615166,0.022790918,0.06301221,0.0048720357,0.09792076,0.021309644,-0.03038032,-0.036468837,-0.014980168,-0.07335141,-0.027679428,0.12498256,-0.04234737,0.010597337,0.029812898,-0.054392803,0.117876776,-0.018931044,-0.09912982,0.00345407,-0.0022890253,-0.0075855628,0.062147327,0.044721887
O43278,-0.009870858,0.1045478,-0.020407261,-0.01919327,-0.018377893,0.007120942,-0.017748505,0.035443254,-0.008490328,0.0019863825,0.07163851,0.022501407,0.11131959,0.04434374,-0.0015547033,-0.021653105,-8.823862e-05,-0.04530125,-0.0038349712,0.11504614,-0.039246514,-0.0035215614,0.04098983,-0.06097931,0.10071316,-0.028723631,-0.094977856,0.020535173,-0.04103231,-0.021019526,0.062672205,0.043733
P04899,-0.017972497,0.10316033,-0.012953318,-0.014678406,-0.018249247,-0.02347547,-0.016593352,0.043493528,-0.028552065,0.0114898505,0.0578177,0.02531319,0.09711163,0.022557164,-0.01479811,-0.04276464,-0.017015722,-0.06425706,-0.027433498,0.13191867,-0.02829759,0.0079987515,0.04635641,-0.05488541,0.12229312,-0.01983474,-0.10284687,-0.0019505649,-0.0086448295,-0.014676093,0.058551338,0.034488324
P30822,-0.03163559,0.10332154,-0.002142745,-0.0022355753,-0.017198024,-0.0109702805,-0.017292606,0.036921807,-0.029258106,0.006643778,0.064798065,0.029626323,0.099182464,0.010087062,-0.016681397,-0.024822732,-0.008514562,-0.05642398,-0.034954112,0.113300115,-0.025804626,0.006040971,0.04788302,-0.050459154,0.11918465,-0.033405926,-0.10139492,0.009813213,0.008269523,-0.011487201,0.0791315,0.016260749
O76093,-0.020207327,0.11472835,-0.014913416,-0.023497552,-0.022709843,-0.0018845862,-0.021819584,0.046561137,-0.0054662414,-0.013657481,0.06038526,0.036164887,0.107308485,0.030075476,-0.0009862548,-0.025924392,-0.014443134,-0.05141422,-0.027153807,0.120689794,-0.026366573,0.0016148471,0.052713886,-0.06520096,0.12335299,-0.01681298,-0.10345908,0.007038314,-0.021848807,-0.009570511,0.065799534,0.04122435
O70209,-0.03115977,0.10004377,-0.0019867667,-0.013295187,-0.030197967,-0.0027995456,-0.025234181,0.035455108,-0.02131835,-0.0047770487,0.060158845,0.030613095,0.09515284,0.016845284,-0.010378699,-0.0126308985,-0.014291173,-0.05402638,-0.028862495,0.11891267,-0.026490351,-0.0072585046,0.043681752,-0.05147084,0.11859718,-0.014053778,-0.09779319,0.0084444,-0.0070412336,-0.0064075664,0.074341595,0.02772384
O96013,-0.012267654,0.11821393,-0.01826898,-0.016669862,-0.008950809,-0.0128156915,-0.012928882,0.0331068,-0.0074302456,0.0061602476,0.06821596,0.03656515,0.097790845,0.03156366,-0.0108451,-0.023449602,0.00071453984,-0.0638907,-0.04506888,0.10971136,-0.039522555,0.020819152,0.07065637,-0.06508729,0.10847267,-0.027890882,-0.113386236,0.0047747963,0.0036799845,-0.024640203,0.079441436,0.02667728
A0A4P8DY91,-0.023140911,0.11616962,-0.01529602,-0.009768853,-0.011052326,-0.019385612,-0.015862003,0.04359196,-0.0043576434,-0.0022112234,0.06576726,0.041473214,0.08236927,0.03807412,0.0090470305,-0.021664267,-0.004745459,-0.062458634,-0.04103239,0.11331768,-0.028127093,0.0018804823,0.06609533,-0.052301154,0.1094463,-0.027703982,-0.102436244,0.0022070003,-0.016796988,-0.005430622,0.063821636,0.053358123
Q00534,-0.02338123,0.10256235,-0.012528282,-0.0057746917,-0.012388994,-0.009909685,-0.0052532335,0.029620271,-0.03430381,0.010471065,0.069970235,0.016858207,0.10289156,0.0143484585,-0.009151658,-0.022295425,-0.006527541,-0.05677543,-0.03446476,0.11170293,-0.027586093,0.01085384,0.040350966,-0.053396646,0.1159609,-0.02721077,-0.10108094,0.006929331,-0.014226733,-0.016490843,0.06325631,0.034929607
O43896,-0.033251967,0.090871066,-0.028147146,-0.0045017092,-0.0058819093,0.0027994637,-0.024210885,0.027954912,-0.015050459,0.015821602,0.048044596,0.017086426,0.106136344,0.0018023569,-0.03817064,-0.04626279,0.0045524617,-0.067008294,-0.0520172,0.12579666,-0.048986133,-0.0011153556,0.07387821,-0.060068574,0.12014464,-0.045739878,-0.10643574,0.009785752,0.007169943,-0.04097249,0.07752949,0.03254992
P0AG30,-0.030199325,0.10520303,-0.00011806935,-0.014272309,-0.019544652,-0.018298494,-0.027291307,0.046316203,-0.021027632,-0.012205224,0.06198005,0.031984095,0.1105541,0.011526626,-0.020701032,-0.0377282,-0.009370089,-0.048360314,-0.037263412,0.1236369,-0.028619915,0.017052593,0.043088328,-0.043265384,0.116209544,-0.03330347,-0.09263136,0.0044534374,0.019817723,-0.00013011818,0.07640624,0.0035940122
O15530,-0.012985589,0.105576396,-0.015995234,-0.01134857,-0.009500634,-0.020142963,-0.01482603,0.032106787,-0.026111662,0.010055169,0.06872459,0.029031537,0.09774564,0.02926343,-0.008348117,-0.027469944,-0.005231236,-0.060356744,-0.030619599,0.11272463,-0.03026975,0.016527029,0.044969432,-0.056883104,0.115356825,-0.021615561,-0.10514785,0.008130948,-0.0112419035,-0.0118909795,0.060814433,0.037545938
O75688,-0.013042646,0.099890925,-0.012993616,-0.010907553,-0.028761664,-0.022212567,-0.02738933,0.038389564,-0.028194204,-0.0015770557,0.066388816,0.031943094,0.09560562,0.027322436,-0.024942735,-0.029970944,-0.016274793,-0.0645364,-0.033012185,0.12362224,-0.031930353,0.0132471,0.056966096,-0.06521255,0.11004943,-0.024966666,-0.10871715,-0.0010285123,0.007048706,-0.00795075,0.06536701,0.028969841
P0DPK2,-0.020831233,0.11625699,-0.010051524,-0.0015537521,-0.01752817,-0.015482672,0.012115308,0.03757937,-0.02088558,0.009229002,0.07303277,0.04229975,0.100876175,0.02987574,0.010190867,0.00018526924,0.0026488777,-0.026998142,-0.003850485,0.10448284,0.0020375836,0.007079307,0.060199782,-0.054808903,0.10209765,-0.03045248,-0.09815591,0.009745651,-0.042435344,-0.026383728,0.060193095,0.024501586
O95235,-0.021870924,0.09225817,-0.00402087,-0.010026165,-0.020975068,-0.016649455,-0.016892325,0.029260831,-0.030282104,0.009401181,0.07444496,0.016545461,0.10814179,0.025278261,-0.014044846,-0.028056782,-0.011581028,-0.058762338,-0.026034659,0.12183555,-0.029356185,0.0030765233,0.041992508,-0.052180268,0.11950219,-0.032459993,-0.09133264,0.005334691,-0.008206291,-0.016514858,0.0637274,0.033828903
Q9Y6Q9,-0.022148881,0.10371441,-0.0088965595,-0.009034688,-0.014422236,-0.019355644,-0.016605575,0.035118245,-0.02914736,0.004810427,0.065606885,0.026400447,0.09495628,0.020765133,-0.0064801574,-0.022320205,-0.0040416215,-0.05494494,-0.027332682,0.111924194,-0.020845875,0.0056674345,0.056581892,-0.059164055,0.11355537,-0.023257274,-0.10193708,0.0052718706,-0.009299425,-0.009987226,0.07207611,0.027716085
B9EHT4,-0.008132506,0.09388868,-0.022813171,-0.02308067,-0.018661397,-0.031587064,-0.018896673,0.03541629,-0.019413576,0.022981972,0.05232054,0.034942124,0.084625274,0.02917031,-0.022033945,-0.047935706,-0.022932366,-0.07010448,-0.027899405,0.1410706,-0.04483048,-0.011432202,0.055214543,-0.059609383,0.11757007,-0.025399158,-0.11502128,-0.0032220674,0.0011622189,-0.017943732,0.05447933,0.049795367
Q7WTU1,-0.029056966,0.07069783,-0.027851615,-0.013971167,-0.016772378,-0.018283585,-0.049542576,0.025074452,-0.027482415,0.0069090202,0.060663026,-0.0011560954,0.10353496,0.0073846336,-0.033909768,-0.048544865,-0.0018550046,-0.08064765,-0.032275982,0.13708827,-0.041927226,-0.0102303885,0.039590828,-0.0408523,0.12830496,-0.020379236,-0.09782517,0.0016458458,0.017870447,-0.009009531,0.07770525,0.05017167
Q8IZU0,-0.0254495,0.100160904,-0.013534522,-0.018604228,-0.017075244,-0.010585215,-0.018500412,0.03356458,-0.020630628,0.0049301004,0.058844134,0.023525288,0.1072993,0.024617463,-0.002993648,-0.03011579,-0.005139919,-0.061015446,-0.02596312,0.11976377,-0.024724746,-0.0011691567,0.062464155,-0.06475135,0.12098723,-0.019808058,-0.10030614,0.002263966,-0.022182938,-0.011364042,0.07092937,0.04290798
P30041,-0.014161759,0.1247493,-0.011883528,-0.012089666,-0.0154907545,-0.010057259,-0.006465776,0.0363661,-0.019918315,-0.0024999687,0.06208013,0.03838167,0.09750643,0.018971695,0.00071977417,-0.025305636,-0.005163831,-0.053872846,-0.038278766,0.11436898,-0.020610275,0.021405425,0.06274724,-0.0641373,0.102303796,-0.027731787,-0.10126534,0.014153964,-0.015833536,-0.017058482,0.066245906,0.019224333
P01236,-0.017980011,0.09887275,-0.030103864,-0.021771505,-0.018738452,-0.009847572,-0.022499923,0.037678353,-0.008689806,-0.011308119,0.057512894,0.035603702,0.10977113,0.03183067,0.012364022,-0.033506464,0.0009454191,-0.06291839,-0.02336795,0.12497617,-0.02763874,-0.0065712347,0.046351217,-0.04610852,0.13208021,-0.00805602,-0.09541304,0.0014269687,-0.035783153,-0.0031935778,0.04999816,0.064007066
O60684,-0.03377199,0.07524271,-0.026920848,0.0025924966,-0.011601366,-0.012901267,-0.042114317,0.038093027,-0.030191261,0.020982226,0.05413509,0.0072844783,0.087619215,0.013956909,-0.03869279,-0.043201856,-0.023674756,-0.06878707,-0.023856822,0.11794447,-0.047251083,0.0038121948,0.042445075,-0.060397893,0.11158767,-0.029968051,-0.11302924,-0.0032812795,0.019710854,-0.007298311,0.06454262,0.045820747
P04397,-0.012166463,0.11607075,-0.016418187,-0.019374564,-0.0141033875,-0.02354698,-0.01248543,0.046628464,-0.0051110224,-0.007218542,0.06926498,0.05866545,0.0970751,0.03720553,-0.0014272655,-0.018293422,-0.0129792355,-0.046553016,-0.031681944,0.11137855,-0.023903722,0.033074554,0.06632417,-0.05595864,0.10655132,-0.033002976,-0.10390988,-0.0014191419,-0.00041907685,-0.008088528,0.06536937,0.01747211
O95760,-0.016238723,0.1164474,-0.011100347,-0.010736659,-0.013129284,-0.0031573963,-0.010894627,0.039420705,-0.0111968815,-0.0072406316,0.06353613,0.032733496,0.10108792,0.021193404,0.00702539,-0.018385813,-0.007410058,-0.055041876,-0.030146664,0.110004745,-0.02498488,0.010486426,0.0638787,-0.06781782,0.11032791,-0.022039164,-0.09932405,0.0117245335,-0.024126783,-0.014337446,0.07185499,0.025895486
P19880,-0.031821627,0.09982388,-0.009959583,-0.0014739926,-0.015137395,-0.013587009,-0.024483085,0.02461789,-0.041144192,0.009865459,0.06181578,0.01730963,0.10120848,0.009771977,-0.017340638,-0.038248703,0.00094411336,-0.065177165,-0.042593144,0.11219873,-0.02270028,0.01656219,0.045486983,-0.057357192,0.11818297,-0.024315495,-0.097216174,0.007629224,-0.0008639151,-0.0072816405,0.06611885,0.03156777
P50570,-0.015956465,0.102226645,-0.013020196,-0.0061407806,-0.016945548,-0.014877302,-0.019311612,0.02354026,-0.02696593,0.008555716,0.07019744,0.025983984,0.09520867,0.020806322,-0.0141622955,-0.032127466,-0.0038304438,-0.064374804,-0.036405493,0.11859259,-0.034970865,0.008021359,0.041688416,-0.053952277,0.11370879,-0.029108694,-0.10256186,0.010207613,-0.0016356255,-0.02171561,0.061232902,0.031469792
P04351,-0.018916689,0.12158134,-0.014210719,-0.009290618,-0.016515693,0.014742528,-0.024524324,0.057540476,-0.00046284,-0.020962952,0.063962184,0.026475945,0.10256561,0.019082578,0.008856177,-0.017989667,-0.017341986,-0.04949085,-0.036230728,0.109666854,-0.0241844,0.0046787322,0.07739747,-0.08016776,0.112214684,-0.027176455,-0.101431854,0.01645644,-0.008441049,-0.01079347,0.08357763,0.023273578
P14868,-0.014077675,0.10969381,-0.017089106,-0.0027299356,-0.013872593,-0.011940746,-0.017613806,0.043443717,-0.02094897,0.009402584,0.06360017,0.026979618,0.09954456,0.030952845,-0.008862978,-0.02960784,-0.011734665,-0.062266625,-0.02684612,0.11348089,-0.030846985,0.01678558,0.055612415,-0.066809125,0.11642628,-0.020114534,-0.10280159,0.0024539633,-0.010541746,-0.014080523,0.0672959,0.03239404
P01210,-0.009599877,0.12094823,-0.023812884,-0.014263037,-0.0076627755,-0.003473339,-0.015185781,0.03922757,-0.0042355545,-0.007822698,0.056642607,0.040797148,0.09847942,0.024060158,0.0060767364,-0.020378644,-0.0025597343,-0.053199936,-0.02888581,0.105089486,-0.03187177,0.011894298,0.08340764,-0.07535705,0.10072031,-0.028005645,-0.10734132,0.008781709,-0.019417197,-0.02675731,0.076865144,0.021101281
P03126,-0.032287844,0.11005306,0.021066755,-0.025067769,-0.025779445,-0.019156234,-0.041071426,0.041068953,-0.017179832,-0.030190926,0.0727884,0.04280895,0.09407064,0.017347574,-0.021936536,-0.025792245,0.008363938,-0.053791843,-0.051206335,0.113241225,-0.025621984,0.005212794,0.03508655,-0.040506523,0.118836,-0.02636089,-0.11024189,0.01518635,0.027377713,0.019790303,0.10175727,0.000520478
Q9BQB6,-0.016606495,0.084619924,-0.0252572,0.008730982,-0.007952051,0.0072569153,-0.0090741655,0.023434076,-0.018647585,0.030651662,0.05963664,0.0060112574,0.10379364,0.0018655473,-0.02453384,-0.04208841,-0.00868454,-0.07154493,-0.029227939,0.1274035,-0.047883585,0.0044529536,0.06494704,-0.06573499,0.10396663,-0.0466139,-0.09905483,0.026489042,-0.0011661123,-0.04578261,0.06023797,0.026717508
Q96LK0,-0.007941214,0.1059653,0.0007757465,-0.007952432,-0.028130922,-0.03217613,-0.018272191,0.03486899,-0.029516852,-0.0044531,0.06685617,0.038572766,0.09438399,0.019375002,-0.015269165,-0.036973346,-0.023310082,-0.059051834,-0.039448857,0.12651865,-0.023801293,0.0123089785,0.05471732,-0.06590424,0.11904118,-0.028767215,-0.101345524,-0.007146038,0.0019166905,-0.018923845,0.054637972,0.015295292
P06702,-0.025089562,0.09654403,-0.017223194,-0.00790861,-0.013078272,-0.008105572,-0.01878536,0.031437326,-0.030799178,0.017331904,0.054707494,0.011749418,0.099336706,0.014260237,-0.019081179,-0.031627912,-0.008935326,-0.06241297,-0.025803674,0.11763203,-0.03475261,0.00059196266,0.048417397,-0.055905946,0.10675077,-0.02487529,-0.10757136,0.0065552974,-0.0061902413,-0.019315425,0.0662716,0.03442411
Q3UVR3,-0.019278105,0.11031332,-0.005064289,-0.008425767,-0.014608179,-0.015166393,-0.015641626,0.031661443,-0.025052618,0.008061533,0.0754622,0.027295029,0.09892136,0.026821971,-0.0065450445,-0.021363426,-0.00805071,-0.054451276,-0.039353114,0.11020646,-0.032750778,0.009674061,0.03917234,-0.05222383,0.11939128,-0.02194331,-0.095428035,0.010331702,-0.00031477064,-0.013840156,0.063318074,0.033272468
P02359,-0.035148118,0.097092874,-0.010905669,-0.0045966157,-0.010951419,-0.010864094,-0.024125291,0.030299528,-0.03716269,0.023972377,0.055917565,0.004914916,0.09821084,0.015737636,-0.029342018,-0.033156727,-0.0084495535,-0.06411367,-0.032413576,0.12036183,-0.032595206,0.010428834,0.031205034,-0.05173969,0.11233611,-0.01660254,-0.10253543,0.0017103472,-0.005357988,-0.008926962,0.06887627,0.03719191
P15891,-0.05073668,0.0763967,0.011186044,-0.020139325,-0.00023295714,-0.025966236,-0.029027045,0.011994322,-0.031600777,0.0068591046,0.06128736,0.010990898,0.10144847,-0.017335437,-0.025515676,-0.03415181,-0.0059511126,-0.056583878,-0.044926185,0.11562397,-0.03619203,0.003786518,0.03299423,-0.034089033,0.12111181,-0.0343544,-0.090243936,-0.00094536506,0.026231105,-0.007441385,0.08443123,0.003939125
P62263,-0.02945224,0.09787245,-0.012404357,-0.007932804,-0.013713522,-0.0134872915,-0.020316297,0.030058498,-0.025324728,0.014682211,0.06381662,0.015162619,0.093819454,0.021099849,-0.017114403,-0.022475319,-0.006695506,-0.056513626,-0.024656337,0.116456464,-0.02727533,0.011424354,0.041432552,-0.047892142,0.10510345,-0.022168914,-0.09765303,0.010879641,-0.007101449,-0.016031787,0.0655947,0.035053514
Q8R010,-0.023528835,0.11558983,-0.017032947,0.004125206,-0.015502608,-0.0022193126,-0.018780494,0.026556818,-0.029243493,0.00012718824,0.07060352,0.017393796,0.104060054,0.019660193,-0.0021456263,-0.018563574,0.008388986,-0.05185702,-0.032839023,0.09695208,-0.018488329,0.018518103,0.062204435,-0.06628459,0.09693202,-0.028693542,-0.09703126,0.01516183,-0.010878816,-0.022054061,0.068451546,0.02810953
P04696,-0.043258477,0.07877422,0.0023729578,-0.001939781,-0.004359748,-0.010737848,-0.007115463,-0.000993886,-0.021387525,0.026869116,0.07227295,-0.007889466,0.11984169,0.0026955046,-0.032497812,-0.025226131,0.015605765,-0.06330691,-0.042160984,0.12930667,-0.032925036,-0.0003350391,0.027569987,-0.027254986,0.11059227,-0.039456252,-0.083775714,0.021946318,-0.003238326,-0.019815143,0.07532768,0.03167772
P04385,-0.014555839,0.12121267,-0.013930279,-0.014472547,-0.009476944,-0.011430845,-0.012184185,0.043302353,-0.014388344,0.0069729798,0.05878355,0.0392331,0.09854883,0.03491397,0.0017798208,-0.032654453,-0.013478036,-0.060795564,-0.033934746,0.11442416,-0.025957244,0.01465172,0.055453572,-0.07259238,0.13128747,-0.016094768,-0.10593026,0.0038238298,-0.025585383,-0.013215444,0.06645601,0.040358882
Q05128,-0.006314501,0.13353747,-0.0106795905,-0.032878675,-0.010365623,0.004705537,-0.016183548,0.043803293,0.006269162,-0.028480167,0.06466336,0.0376077,0.108959466,0.014169171,0.008926165,-0.035828833,-0.025016723,-0.060542095,-0.06025493,0.118522495,-0.043233667,0.017572492,0.04725701,-0.07323932,0.13214155,-0.020881528,-0.100663304,0.013134085,-0.0059046187,-0.0076990724,0.079852216,0.024925694
P00803,-0.0067162225,0.12529334,-0.012645438,-0.016822774,-0.020549772,-0.02208729,0.008290281,0.04553959,-0.023504458,0.014324889,0.06937021,0.04527889,0.099891484,0.049262736,0.0037389034,-0.0137272375,-0.0019597756,-0.03460287,-0.0071862526,0.10997594,-0.017443333,0.0038047645,0.05608643,-0.059712864,0.10583012,-0.023798702,-0.10612815,0.012076601,-0.03168402,-0.023168366,0.055313986,0.03604286
P01225,-0.009489313,0.09384948,-0.012241791,-0.0051623844,-0.01418854,-0.0127476705,-0.014875238,0.033785168,-0.017699234,0.014252385,0.066266574,0.020047713,0.101287365,0.027272474,-0.010698829,-0.028771926,-0.008923423,-0.067641355,-0.022426143,0.11584677,-0.037634052,0.0022791226,0.05917006,-0.06524284,0.10960156,-0.025137192,-0.101862,0.0062298747,-0.013606703,-0.013503775,0.06930189,0.0344452
O75795,-0.011961691,0.0984446,-0.005299671,-0.01227535,-0.009522936,-0.008469488,-0.0062199556,0.012613506,-0.015369642,0.024522342,0.08131048,0.016112966,0.10116821,0.03297622,-0.014730562,-0.023617014,0.005303782,-0.06615203,-0.03678919,0.1218456,-0.040253874,0.012486781,0.04228708,-0.051999148,0.10640341,-0.034723822,-0.09724242,0.016727991,-0.020665517,-0.03672296,0.06520278,0.034128226
P0DJD3,-0.02173461,0.10273286,-0.004993972,-0.005833356,-0.024478324,-0.020396776,-0.013504833,0.037114333,-0.03165224,0.015510239,0.071807854,0.019469855,0.09559566,0.03402745,-0.017622655,-0.015837394,-0.0068918657,-0.0538267,-0.022570223,0.12032309,-0.017553927,0.007568328,0.04125524,-0.05135569,0.111921914,-0.014094667,-0.09955297,0.00368214,-0.01694483,-0.014126007,0.05907086,0.039550323
Q21921,-0.01808841,0.11366417,-0.021031355,-0.0014137946,-0.017381461,-0.013611623,0.00043634637,0.029783567,-0.034229234,0.016325912,0.059048787,0.032194544,0.09674006,0.012254897,-0.0007172972,-0.031514954,-0.0059866444,-0.060346443,-0.03067212,0.12284873,-0.023374854,0.010933336,0.05458747,-0.055285487,0.10949394,-0.028546086,-0.09071692,0.01781725,-0.013490965,-0.015770907,0.06195138,0.030661471
P09446,-0.014657846,0.09851432,-0.015064279,-0.015294408,-0.022823973,-0.0211068,-0.016129602,0.029574031,-0.026001882,0.004918793,0.0540399,0.03445495,0.10084985,0.012356032,-0.015155643,-0.04538868,-0.019152086,-0.07296312,-0.035802618,0.13187587,-0.03351914,0.01658992,0.059757188,-0.06345779,0.10957514,-0.028115654,-0.10525052,-0.0012430572,-0.0015564186,-0.011967947,0.057272248,0.026144166
P98175,-0.009659638,0.12071788,-0.010598275,-0.020193232,-0.0170725,-0.014219855,0.0028264392,0.036620498,-0.026396984,-0.005706689,0.06825403,0.028537614,0.10691879,0.023546288,0.012537316,-0.021682942,-0.0029371427,-0.057611484,-0.034574054,0.11741514,-0.024305487,0.0070654335,0.058243383,-0.05980773,0.11065144,-0.022301177,-0.09288887,0.019020112,-0.024050469,-0.0021503803,0.070288084,0.034800727
P25788,-0.017867673,0.11059059,-0.014686159,-0.01665255,-0.02047859,-0.010465277,-0.014322689,0.038436215,-0.018682381,0.0017698873,0.058545116,0.031635273,0.091702364,0.016934175,-0.003963074,-0.03221197,-0.018060995,-0.065949164,-0.038387366,0.1257988,-0.028363183,0.004504651,0.0596299,-0.06668442,0.11513337,-0.022239039,-0.108370475,0.0087854685,-0.006850782,-0.008240483,0.06958396,0.03678501
O75815,-0.010688589,0.13129982,-0.011313239,-0.0088691,-0.018045686,-0.0044376263,0.0070541436,0.0498837,-0.010779463,0.00460912,0.084309444,0.046002187,0.09643869,0.03835115,0.014878958,-0.000600731,-0.0042407922,-0.029014809,-0.014244247,0.09317712,-0.0042445906,0.021487357,0.065710545,-0.06785679,0.09817863,-0.03089202,-0.104104735,0.0075616864,-0.030503642,-0.022322163,0.072417185,0.019239996
P25539,-0.00027729943,0.16361056,-0.010993194,0.00786155,-0.011443053,-0.012912958,0.020404562,0.06518714,-0.020655766,-0.009035375,0.06950702,0.07257194,0.09998948,0.044873144,0.014425497,-0.01262227,-0.0030857075,-0.022597095,-0.04182239,0.0967308,-0.011506923,0.02257581,0.082728535,-0.08029991,0.11757394,-0.048775274,-0.10093699,0.031648304,-0.01804183,-0.023588017,0.058338117,0.011544892
Q8WYB5,-0.022300389,0.123232245,-0.004039568,-0.0015918346,-0.013427831,-0.013658692,4.2562508e-05,0.041729566,-0.030565917,-0.0071465527,0.0817069,0.028018473,0.09157752,0.017971737,0.010753415,-0.017619539,0.0017176935,-0.04831006,-0.044232715,0.1125288,-0.01456041,0.020635352,0.049772024,-0.05479149,0.116116405,-0.028791348,-0.09552689,0.02183273,-0.0049690595,-0.010971928,0.06540201,0.020440953
Q06449,-0.041236825,0.067867726,0.0076100715,-0.011188943,-0.006905969,-0.039943993,-0.034915693,0.02125194,-0.038187556,0.007940533,0.057991687,0.026163463,0.10005504,-0.002259491,-0.032097243,-0.037741415,0.0024889898,-0.07754384,-0.037060473,0.115500614,-0.03634373,0.019511513,0.0406224,-0.031107955,0.12904818,-0.01785606,-0.086484075,-0.020351116,0.009180699,0.005436424,0.08589934,0.006425742
O02372,-0.02643345,0.10330019,-0.0061899154,0.0011213468,-0.012377443,-0.007399126,-0.019827574,0.02753369,-0.015596636,-0.009051951,0.0649573,0.029505782,0.09466179,0.008095175,-0.0027485741,-0.017746113,-0.0068976562,-0.052429218,-0.033935156,0.10443977,-0.026880194,0.015202457,0.045053616,-0.05317986,0.10697228,-0.024883447,-0.09242408,0.00771886,-0.015797747,-0.018076446,0.06174517,0.020744788
P42834,-0.028251082,0.10262978,-0.02013518,-0.016789442,-0.014878723,0.00094082765,-0.030810935,0.055857968,-0.0038412872,0.001083266,0.06485567,0.018633457,0.08247927,0.02621448,0.0010667605,-0.037066545,-0.01442131,-0.068134375,-0.033941176,0.12289021,-0.040136117,-0.0036902197,0.04922154,-0.055667024,0.12212736,-0.017816003,-0.103807844,0.019060662,0.007466803,0.0066228784,0.07924477,0.05318338
P08237,-0.018382268,0.111878976,-0.01226857,-0.011833575,-0.018536208,-0.011449601,-0.019940738,0.031914726,-0.01519833,-0.0043688747,0.06696086,0.028579496,0.100798614,0.020907026,-0.0037409398,-0.023581691,-0.0111375125,-0.05923919,-0.03761554,0.11436764,-0.0281533,0.00794575,0.05948253,-0.06350479,0.10643021,-0.028235307,-0.10233066,0.0057325927,0.0008473082,-0.0082551045,0.0756196,0.029126324
Q9URB4,-0.01566052,0.08532596,-0.022802332,-0.0018161554,-0.022015486,-0.011820672,-0.0135858655,0.014826681,-0.047904924,0.013593081,0.06622463,0.00040971767,0.100072,0.0093391035,-0.019956218,-0.018077292,-0.006179015,-0.07400225,-0.025038887,0.12636515,-0.047419913,-0.01546965,0.024292838,-0.043966636,0.11540532,-0.015634898,-0.093602255,0.020107068,-0.011027512,-0.013328237,0.06708188,0.053552732
Q05086,-0.011113423,0.13448563,-0.013804373,0.0075337756,-0.021476088,-0.007671955,0.028596265,0.048757542,-0.039755985,0.020739632,0.07631914,0.04129477,0.11290474,0.04554026,0.0032065408,-0.006993848,0.0027016145,-0.018423546,-0.01102792,0.106304996,-0.010629384,0.0014097511,0.059425306,-0.065190956,0.11253825,-0.047345098,-0.09129037,0.03812091,-0.03225767,-0.030766072,0.053367376,0.0324586
O14788,-0.012779677,0.11870785,-0.021742191,-0.01870321,-0.024182718,-0.0056513506,-0.021587498,0.04703662,-0.010153027,-0.009213877,0.058885165,0.031701233,0.104776494,0.03144994,0.0037547979,-0.029592957,-0.01676451,-0.06527655,-0.028482474,0.119708456,-0.03460125,-0.0036622153,0.056998916,-0.06576485,0.11834994,-0.01401384,-0.1065928,0.002603995,-0.0130437715,-0.00574549,0.07072435,0.04862614
Q6ZNA4,-0.023296965,0.106989264,-0.0161894,0.0015922803,-0.022589413,-0.009066584,0.0021035103,0.032256223,-0.033598326,0.013409046,0.06300094,0.021345317,0.10620763,0.011559242,-0.010250882,-0.024356842,-0.004696216,-0.048403084,-0.020340212,0.12622444,-0.013675248,0.007900648,0.05417721,-0.055752248,0.10327162,-0.034162752,-0.096525416,0.023179922,-0.013534556,-0.02199058,0.05886464,0.025835998
P12530,-0.0105268555,0.1516082,0.010085765,-0.009278042,-0.024912018,-0.020724986,0.043641824,0.05336475,-0.03811609,0.008221653,0.08696011,0.06651731,0.11503614,0.058093708,0.01728417,0.008931549,0.014481941,-0.009880362,-0.014115479,0.085885264,0.00086765457,0.009464322,0.07157554,-0.06405541,0.11213121,-0.044422325,-0.108970426,0.024194937,-0.039277457,-0.03414383,0.056992926,0.017431123
P14921,-0.022266068,0.11185536,-0.0111661665,-0.0028574786,-0.019802831,0.003965387,-0.006596213,0.03016873,-0.025430989,-0.002187328,0.065609284,0.012926565,0.11319993,0.008609371,0.0003672796,-0.019746136,-0.0088798,-0.05592765,-0.034740802,0.112165734,-0.025327653,0.0016341741,0.048930004,-0.060839556,0.105661295,-0.027829533,-0.09738857,0.01992591,-0.011145375,-0.00973342,0.06872618,0.03252596
P0A7W7,-0.03516552,0.09454472,-0.0108721005,-0.007913213,-0.0113600595,-0.011029258,-0.026267428,0.026730094,-0.03730878,0.02175896,0.053331178,0.0064964504,0.098394535,0.012224165,-0.03038404,-0.036811654,-0.009821675,-0.06728266,-0.03353381,0.121462084,-0.0352741,0.009345122,0.03401433,-0.05604119,0.11203368,-0.017989205,-0.104437575,0.00064026116,-0.005060746,-0.0075904527,0.07036853,0.036114495
O75570,-0.025615951,0.07405122,0.0024041657,-0.0065881335,-0.014657415,-0.032905392,-0.035005912,0.020924978,-0.04034729,0.012348388,0.070860825,0.011793837,0.09058085,0.02136992,-0.036979854,-0.02713792,-0.0005367094,-0.05910359,-0.027147649,0.109613776,-0.03412205,0.0051527703,0.022511674,-0.039696623,0.11881718,-0.020374916,-0.0973682,-0.0017711011,-0.0009569402,-0.00899542,0.06718222,0.030956054
P99029,-0.026545584,0.060797434,-0.007813264,-0.04302963,-0.019262591,-0.0393925,-0.03311182,0.04637502,-0.01815654,-0.008690186,0.061667047,0.0140579045,0.10349218,0.005984181,-0.012811065,-0.055214852,-0.0148700755,-0.08053817,-0.03206759,0.14376259,-0.022525761,-0.019192854,0.04165227,-0.033951364,0.14535592,-0.008554749,-0.120490536,-0.026546976,-0.00037578773,0.017127018,0.060074434,0.058970425
P09104,-0.008594804,0.08778749,-0.024107428,-0.025020994,-0.026031544,-0.024620108,-0.028522357,0.038256373,-0.021392358,0.018717898,0.06631888,0.022191593,0.09399736,0.045040578,-0.021110438,-0.042016324,-0.020122316,-0.064295374,-0.008306978,0.1408922,-0.04523769,-0.005859926,0.036204368,-0.052003622,0.11028003,-0.023414502,-0.10401973,0.0001963079,-0.005078816,-0.011912018,0.055502508,0.05366127
P42227,-0.016805667,0.11092025,-0.009726227,-0.012360937,-0.016700123,-0.012555306,-0.0037672922,0.033818807,-0.028428767,0.002378737,0.06444667,0.02724096,0.102956496,0.013654767,-0.00013048465,-0.027504062,-0.010921247,-0.058264423,-0.033329766,0.117436595,-0.02713826,0.0063367235,0.044596024,-0.057590347,0.11770048,-0.022272483,-0.10019795,0.0129303485,-0.013031646,-0.008488271,0.06431459,0.031708308
P00326,-0.005702904,0.114447795,-0.014877517,-0.004931756,-0.02435597,-0.027028158,-0.015889606,0.041402847,-0.025528843,0.0019585055,0.06301428,0.040162306,0.094370894,0.030091079,-0.008619824,-0.035049632,-0.017158546,-0.055455685,-0.026297262,0.12250978,-0.023402505,0.011986011,0.05972566,-0.06817935,0.11151598,-0.025979036,-0.10343347,0.0004613266,-0.005524855,-0.018564055,0.05344303,0.026999285
O15360,-0.024376446,0.104617655,-0.013268034,-0.007948999,-0.013157283,-0.019145751,-0.02013151,0.03042788,-0.027440995,0.0059360354,0.062541015,0.027495032,0.09112381,0.016834114,-0.00756417,-0.029608347,-0.0061812955,-0.060098562,-0.032203313,0.11769867,-0.0232666,0.009316989,0.057854857,-0.061541576,0.11066055,-0.027222283,-0.1004458,-0.00043699984,-0.011052621,-0.013291013,0.07321178,0.028598612
P01721,-0.012271545,0.10373086,-0.030220192,-0.022515215,-0.024212014,-0.020857466,-0.021579988,0.050613187,-0.013790965,0.003444842,0.054762475,0.038572904,0.09722348,0.044556014,-0.0014852909,-0.030135453,-0.015654678,-0.055429548,9.950204e-05,0.1282072,-0.032606635,-0.015737765,0.04642686,-0.05207219,0.118731275,-0.01181611,-0.10906679,0.00041749142,-0.02424964,-0.009148467,0.052791674,0.06140968
Q5JFD7,-0.0047215545,0.13371325,-0.014071048,-0.0029525484,-0.011008103,-0.0055093965,-0.000118422635,0.036525566,-0.022754043,-0.006248511,0.0618474,0.041041706,0.10715679,0.020406175,-0.0026547052,-0.014194711,0.0036887014,-0.04189828,-0.027214743,0.09573341,-0.021642929,0.022623593,0.05987623,-0.07082744,0.098506294,-0.02993472,-0.10549454,0.031344775,-0.014804567,-0.013529379,0.07946703,0.0070286845
P11574,-0.02582573,0.095489085,-0.008797419,-0.034846652,-0.015860105,-0.023323799,-0.021866119,0.025092835,-0.036938347,0.0043695197,0.05775855,0.017847573,0.09630263,0.014047927,-0.008342334,-0.036320563,-0.002553638,-0.0626446,-0.036865253,0.12403051,-0.027563373,-0.0095724,0.05292811,-0.057628196,0.11947051,-0.01809101,-0.10646241,0.0033550665,-0.008666409,-0.002496574,0.07351162,0.04199852
O14544,-0.03803202,0.08086521,-0.007747336,-0.0087579815,-0.013245544,-0.02565261,-0.036926776,0.03268805,-0.03276198,0.020266075,0.060435217,0.019780783,0.09440238,0.018244993,-0.028515637,-0.04397976,-0.016806515,-0.0710155,-0.03807304,0.12487731,-0.036654063,0.010269886,0.031004148,-0.044990063,0.13373895,-0.019165946,-0.09945345,-0.009469242,0.020443147,0.004053604,0.06584736,0.038249787
P32189,-0.009307216,0.1280251,-0.021973759,-0.0099281,-0.026675029,-0.014539294,-0.008739643,0.039765637,-0.027606124,-0.0148485275,0.06130959,0.040186442,0.10422784,0.014459911,0.00213591,-0.030816033,-0.011268705,-0.057477456,-0.035722043,0.11698877,-0.021655736,0.019391865,0.073536955,-0.07073209,0.09928364,-0.03191491,-0.107899524,0.011735206,0.002820287,-0.017493306,0.06196092,0.019573972
P06744,-0.0071724295,0.1268389,-0.025413716,-0.004463753,-0.011863245,-0.0021456957,-0.0004752364,0.027569985,-0.011263582,-0.000119085234,0.058785785,0.035915412,0.098870955,0.018190272,0.0037175063,-0.019188667,-0.0025217084,-0.059255827,-0.02972888,0.114436075,-0.028555572,0.00856062,0.056153048,-0.065714404,0.10516862,-0.023175424,-0.10660632,0.01630543,-0.033770476,-0.029611278,0.06949364,0.032216825
P01859,-0.020086631,0.1183669,-0.015897429,-0.007134091,-0.014884988,0.015000327,-0.018559376,0.055821285,0.0032545235,-0.018316863,0.062403396,0.033038504,0.10945675,0.031499185,0.010377295,-0.0104222065,-0.0054694014,-0.036511697,-0.010568469,0.10163241,-0.021180343,-0.00039023155,0.06897318,-0.073589385,0.10489702,-0.02654127,-0.1042013,0.016558122,-0.03531012,-0.017990723,0.07040048,0.027773213
Q9KKF0,-0.012175267,0.09265332,-0.02042755,-0.007133926,-0.01936222,-0.009638001,-0.011952902,0.02607866,-0.03286116,0.015289372,0.06282456,0.011668687,0.10266434,0.025657814,-0.011298696,-0.026236352,-0.008616737,-0.07537861,-0.02307024,0.12760237,-0.043027252,-0.0055537084,0.042549055,-0.05621677,0.11496085,-0.018133936,-0.09473763,0.01325128,-0.026099619,-0.012091232,0.064857796,0.05314172
O75914,-0.0055920635,0.11399377,-0.017422289,-0.020623593,-0.019715287,-0.024626613,-0.0029246258,0.040812496,-0.022029737,0.006858192,0.073191725,0.036457054,0.09780506,0.039656896,0.0028598057,-0.01826933,-0.00724742,-0.05472698,-0.018181698,0.11237196,-0.027584808,0.011583922,0.05896244,-0.058146343,0.10532112,-0.020266432,-0.10965511,0.0077734804,-0.009002092,-0.015130522,0.05962833,0.03782219
A5D8V6,-0.030533478,0.09508804,-0.008539054,-0.012635827,-0.013042154,-0.010392952,-0.020164412,0.027841065,-0.022805622,0.010921222,0.05777284,0.02315041,0.08933263,0.011659118,-0.020824933,-0.023061113,-0.002716481,-0.06371222,-0.03798527,0.11726032,-0.037859526,0.0028034528,0.04574884,-0.045095753,0.11762125,-0.019453833,-0.09962144,0.0078520635,-0.0065593976,-0.020354673,0.07665735,0.02911043
F1LQ48,-0.02694645,0.08547165,-0.014906186,-0.0073502907,-0.006429545,-0.00974745,-0.013157789,0.017408278,-0.028924027,0.030825796,0.07197594,-0.0018896417,0.095900305,0.016039506,-0.014790271,-0.01719647,-0.00012742386,-0.057460263,-0.018819807,0.12024654,-0.027661348,0.015502845,0.03709335,-0.04139775,0.09564617,-0.01952238,-0.09126822,0.014273815,-0.021053813,-0.033395294,0.055931073,0.03682315
Q13064,-0.015721602,0.14387123,0.012276698,-0.05475957,-0.0187251,-0.0022206232,-0.004045356,0.05416368,-0.005628135,-0.029325929,0.066379756,0.050723255,0.12291647,0.021624517,-0.00040642917,-0.027253354,-0.008267686,-0.029049337,-0.04755368,0.10852194,-0.020121843,0.030458562,0.054392792,-0.066745386,0.11555622,-0.030010017,-0.10653269,0.025017384,0.00048644748,0.002929341,0.09312937,-0.0072438046
O15389,-0.01942063,0.09395688,-0.0049642646,0.006214246,-0.009731972,-0.016468665,-0.01860649,0.022623671,-0.0035954851,0.012960989,0.06582761,0.021051833,0.09668326,0.017855227,-0.015815658,-0.030551001,-0.006666774,-0.068219334,-0.035418846,0.12067642,-0.034682076,0.018227285,0.044898063,-0.044352163,0.10440546,-0.0283117,-0.08876256,0.00127394,-0.009623282,-0.02490908,0.063117586,0.023099056
O95833,-0.011344158,0.12138612,-0.011643889,-0.018272975,-0.023526588,-0.013117286,-0.0042404453,0.041063923,-0.02314289,-0.0004115943,0.06719422,0.040005356,0.10617453,0.03064956,0.0018747654,-0.028752586,-0.0101691075,-0.054551497,-0.036935993,0.119666256,-0.024659203,0.00969479,0.054962218,-0.061560854,0.12128838,-0.025935382,-0.09762459,0.008088695,-0.016208174,-0.010447803,0.06631526,0.03436427
O15055,-0.014559727,0.11656133,-0.014253825,-0.012358147,-0.025124893,-0.015808156,-0.0045541245,0.037318554,-0.024164272,-0.00739386,0.06397375,0.035804074,0.099711955,0.020420432,0.0054690777,-0.019635612,-0.012952793,-0.05052426,-0.023742786,0.12106862,-0.016034372,0.009584327,0.06866747,-0.06711564,0.09977707,-0.028698778,-0.10470629,0.010994722,-0.014615168,-0.017781133,0.05911517,0.025511742
P07327,-0.005702904,0.114447795,-0.014877517,-0.004931756,-0.02435597,-0.027028158,-0.015889606,0.041402847,-0.025528843,0.0019585055,0.06301428,0.040162306,0.094370894,0.030091079,-0.008619824,-0.035049632,-0.017158546,-0.055455685,-0.026297262,0.12250978,-0.023402505,0.011986011,0.05972566,-0.06817935,0.11151598,-0.025979036,-0.10343347,0.0004613266,-0.005524855,-0.018564055,0.05344303,0.026999285
P19221,-0.0077758436,0.13737716,-0.005553847,-0.010281158,-0.016604936,-0.011945338,0.019645425,0.043644577,-0.021983117,0.009048234,0.07409654,0.04852784,0.10652123,0.045958687,0.0103841955,-0.00230327,0.0062260143,-0.02235558,-0.01159132,0.095508695,-0.01008732,0.014771916,0.06221127,-0.06574524,0.098744474,-0.030475272,-0.10314006,0.019809373,-0.040581644,-0.029780308,0.058526922,0.020226037
O61667,-0.025854547,0.0768246,-0.009464879,-0.008511677,-0.0186544,-0.024982871,-0.030209117,0.02255899,-0.031801745,0.013330791,0.06592161,0.02113053,0.08947174,0.015885599,-0.028644858,-0.024497302,-0.017986286,-0.0634388,-0.030798359,0.12462054,-0.037670627,0.0041315774,0.03652163,-0.046839386,0.11860348,-0.02411226,-0.09739052,0.0026311423,0.01482393,-0.006841828,0.06552647,0.030930746
P29055,-0.032965314,0.11806691,-0.008367203,-0.013038146,-0.012574449,0.007393211,-0.017745666,0.03699124,-0.015043017,-0.0043691443,0.0658458,0.017555658,0.08785974,0.0052320426,0.011657773,-0.018666307,-0.017244553,-0.05608769,-0.045045536,0.11135189,-0.027359944,-0.005334485,0.0438621,-0.0631031,0.11863728,-0.014113495,-0.10444529,0.010240824,-0.008841517,-0.012538349,0.069872,0.039651446
G1FNI6,-0.015751103,0.1435264,0.012861906,-0.054208215,-0.018904304,-0.0022362182,-0.0039819553,0.053902607,-0.0061079804,-0.029489981,0.06682016,0.050084557,0.1236662,0.021236962,-0.0009119231,-0.027294816,-0.008207962,-0.02913909,-0.047930975,0.10834385,-0.020260599,0.030654533,0.05397681,-0.066563085,0.11560947,-0.030401468,-0.10613088,0.025069468,0.0010777279,0.003032526,0.093155734,-0.0077446997
Q13596,-0.028657056,0.09799497,-0.013527499,-0.010839798,-0.01334153,-0.006154413,-0.018954676,0.031030422,-0.02412416,0.00811455,0.0601406,0.0210302,0.10106243,0.0099873915,-0.013563596,-0.037298504,-0.005000447,-0.06143925,-0.033225935,0.12166697,-0.036986567,0.0046736323,0.046901464,-0.05246396,0.11364746,-0.03156376,-0.09598916,0.014391768,-0.0030437019,-0.014525172,0.06941363,0.02964747
P19447,-0.014603707,0.11055721,-0.012827127,-0.012575146,-0.021610301,-0.012108593,-0.0056071505,0.032752328,-0.019596249,-0.0005082276,0.06331937,0.037020035,0.103284046,0.017763669,0.0007631073,-0.022809926,-0.005699127,-0.052967783,-0.027746199,0.1233071,-0.023940297,0.0046936497,0.05981261,-0.05382868,0.10957739,-0.027905947,-0.096707165,0.018957105,-0.012980454,-0.022247031,0.062062643,0.024623878
F8WQK8,-0.019323444,0.09398687,-0.024475493,0.008913892,-0.0101807015,-0.0033042456,-0.021795502,0.030952176,-0.031049771,0.0050016604,0.06524091,0.009685771,0.08808621,0.013595792,-0.012901437,-0.017574156,-0.007228472,-0.066830255,-0.02141948,0.10588777,-0.04828531,-0.0074278233,0.03961979,-0.05520354,0.10519504,-0.0273725,-0.09506627,0.012059922,-0.02078904,-0.013655532,0.076858565,0.044396654
P15151,-0.008826183,0.10041979,-0.020951776,-0.0107510025,-0.019511811,-0.011594452,-0.010393471,0.03462703,-0.026116557,0.015462914,0.062492784,0.027013171,0.09822242,0.030656077,-0.009712922,-0.026325205,-0.008376729,-0.05803457,-0.0130898245,0.12084438,-0.036368802,-0.003726572,0.048710786,-0.06054955,0.109560095,-0.023443177,-0.101128526,0.011669308,-0.024114106,-0.017145928,0.06461912,0.041034497
P07998,-0.0027593067,0.15077618,-0.021525893,-0.007030055,-0.007034783,-0.0140766455,0.008718478,0.04746943,-0.012292368,-0.004090769,0.06808925,0.0576622,0.093084686,0.04062701,0.024906,-0.008345933,-0.0039679585,-0.035471536,-0.024930883,0.095464155,-0.0059355777,0.02699269,0.073582456,-0.07670931,0.106187016,-0.025759619,-0.10721372,0.024468806,-0.028234672,-0.02112282,0.060140274,0.026423594
O60504,-0.016023517,0.11127976,-0.022486627,-0.0062031723,-0.020423507,-0.0038575158,-0.026666677,0.050733935,-0.0086772265,-0.0104486905,0.058015466,0.031131087,0.09221441,0.015744148,-0.00026053935,-0.030459741,-0.018039975,-0.061193317,-0.031275798,0.11995777,-0.02757951,0.015127711,0.0782081,-0.069050185,0.10150083,-0.027450835,-0.101495795,0.007694382,0.0049000154,-0.014381319,0.07355208,0.019149935
P38936,-0.018634185,0.11209473,-0.010546117,-0.003487871,-0.01733373,-0.009522643,-0.008688135,0.031579714,-0.02620602,0.00359336,0.069381595,0.023544362,0.0972312,0.017508646,-0.0050702556,-0.024141472,-0.009167594,-0.05883543,-0.039683506,0.11319836,-0.02406956,0.010437054,0.051649354,-0.06175806,0.11067328,-0.029022753,-0.1026312,0.0104512125,-0.014342974,-0.017347107,0.0658642,0.03447408
P16687,-0.0022739384,0.13346674,-0.018983217,0.01390561,-0.008692783,-0.005622978,-0.013774981,0.03919965,-0.0018328751,-0.0022071998,0.056704264,0.03545387,0.10142944,0.032818627,-0.0046782703,-0.025316104,-0.015217763,-0.048398983,-0.032509282,0.112142466,-0.03738367,-0.0052622,0.049731676,-0.07889849,0.12583135,-0.025784763,-0.10275993,0.005622095,-0.023820275,-0.03166466,0.074098766,0.03153157
A0A0B5LB55,-0.018024078,0.1004557,-0.026664274,0.0035856804,-0.0072417688,0.0016357005,-0.013856512,0.015991244,-0.019818578,0.024391836,0.06315565,0.00966186,0.09220395,0.004360926,-0.027750785,-0.03352286,-0.004996447,-0.07789126,-0.053844083,0.12195771,-0.049568772,0.0039926725,0.04953501,-0.059373774,0.10381278,-0.03726356,-0.10726547,0.014090215,0.003375411,-0.026559368,0.077074476,0.03959609
P42566,-0.028697714,0.088556945,-0.020103421,-0.012106289,-0.014322524,-0.020601477,-0.03265923,0.019731216,-0.016766278,0.010393483,0.062976845,0.018565705,0.095777534,0.023360299,-0.0143607,-0.03218503,-0.008575467,-0.070728175,-0.034549177,0.13291259,-0.042074088,-0.0052061784,0.028057076,-0.03512462,0.12189833,-0.018711811,-0.09139071,0.0038337845,0.0058262176,-0.004763156,0.06486375,0.053065628
P39099,-0.013194926,0.13721684,-0.0060728537,-0.013286867,-0.017019736,0.0047849254,-0.0035782913,0.049091272,-0.016644767,-0.007062528,0.06458551,0.036394496,0.113302246,0.021462576,-0.006080743,-0.027019016,-0.0019824333,-0.03533123,-0.03320293,0.10391427,-0.020957634,0.021815117,0.061263688,-0.07332122,0.10094753,-0.03627023,-0.10593622,0.022842892,-0.012641943,-0.022077195,0.074297115,0.0044850213
O15151,-0.017435856,0.13295048,-0.0120828,-0.010759199,-0.017786093,-0.018326983,0.0061068293,0.045700274,-0.023608219,0.009247065,0.056653805,0.046303596,0.10154464,0.03793572,0.0038402565,-0.012615953,-0.0071395673,-0.027425239,-0.009397268,0.10765632,-0.009492345,0.009270862,0.05962283,-0.06476644,0.10694538,-0.022411525,-0.10160114,0.010871703,-0.033580363,-0.025019955,0.06024339,0.026944451
O53664,-0.024903854,0.11017437,-0.012909109,-0.0074946433,-0.009908433,0.0036622444,0.01553365,0.0399543,-0.022572573,0.022689909,0.075461075,0.025741395,0.091619894,0.015741982,0.0018854886,-0.0037584277,-0.0011056708,-0.04015399,-0.0265619,0.107837215,-0.016897723,0.010730734,0.0520619,-0.05150669,0.10513873,-0.027779689,-0.10260731,0.011883631,-0.035190158,-0.030915203,0.063419744,0.029390914
P0A937,-0.024698764,0.09862251,-0.0025436827,-0.016174791,-0.008483239,-0.0005542091,-0.019049019,0.031480677,-0.022948626,0.008720739,0.076234765,0.0062438594,0.10462025,0.010368668,-0.018644527,-0.034419887,0.0033564,-0.052022614,-0.037803203,0.11848943,-0.032030188,0.011361114,0.031188067,-0.050020214,0.11419932,-0.031656187,-0.09485732,0.021547273,-0.0010304926,-0.0126586445,0.08076939,0.017558645
O88622,-0.008003996,0.123916276,-0.020427475,-0.014460531,-0.016320096,-0.016243221,-0.009060219,0.03771129,-0.019528756,-0.012212139,0.06515033,0.048179556,0.09482453,0.019571088,0.008661448,-0.022590632,-0.016190888,-0.058563247,-0.042160913,0.119848646,-0.024771728,0.024977231,0.06961217,-0.06654032,0.10195758,-0.029513737,-0.10539392,0.015162575,-0.0072648413,-0.010049625,0.061397355,0.025242297
P63208,-0.026943827,0.102800466,-0.0135436505,-0.0025525228,-0.015703764,-0.010399386,-0.0180753,0.03498932,-0.024073238,0.009888948,0.06533052,0.018702026,0.09250262,0.019465644,-0.011551132,-0.025656333,-0.005648968,-0.05778073,-0.031690095,0.115565665,-0.024763731,0.011507145,0.050973304,-0.052886907,0.106657766,-0.02678739,-0.09911007,0.0053207194,-0.00996097,-0.019611584,0.06672341,0.03329984
O00212,-0.022798149,0.09705742,-0.016885767,-0.012688711,-0.024718253,-0.013587785,-0.031052282,0.034358058,-0.028058963,0.011203853,0.061727617,0.025849348,0.09299997,0.025385518,-0.019154744,-0.03800622,-0.013383118,-0.062110323,-0.02709697,0.12535624,-0.03756433,-0.0073987436,0.04203075,-0.05704811,0.120053925,-0.023804199,-0.1047654,0.0068562604,0.0073084137,-0.011213935,0.064295135,0.04218789
O00499,-0.02674308,0.10373166,-0.007048387,-0.008604107,-0.013848753,-0.017753141,-0.015300639,0.02457744,-0.032385934,0.00838154,0.06633035,0.020873442,0.10143468,0.015193953,-0.01369417,-0.029260524,0.001918414,-0.054092772,-0.03271239,0.118402764,-0.021592543,0.01308527,0.045144677,-0.048427135,0.1066549,-0.032426268,-0.09331519,0.0112287495,-0.009145061,-0.016320229,0.069249384,0.02283582
P02091,-0.027688555,0.09833847,-0.010360075,-0.0052031428,-0.016156204,-0.014670834,6.148219e-05,0.038027287,-0.030715922,0.019551516,0.06954983,0.025922993,0.10228699,0.02090121,-0.010469093,-0.019128338,-0.007686708,-0.05805895,-0.036578245,0.11969436,-0.025959274,0.0067664743,0.05015216,-0.044635642,0.12408157,-0.02779512,-0.094571374,0.008697201,-0.005336021,-0.010335822,0.06352109,0.0393969
Q8WWY3,-0.03255386,0.100163676,-0.0024020886,-0.009398436,-0.0069756536,-0.0057080053,-0.02124768,0.037415586,-0.019843187,0.0011247053,0.068399556,0.012605028,0.10497116,0.00900275,-0.008117816,-0.035847485,-0.0018636439,-0.059077553,-0.039148957,0.11656326,-0.033143304,0.0075487588,0.046451725,-0.049499135,0.118397996,-0.033473067,-0.08793698,0.016939964,0.0011645083,-0.00882022,0.07758551,0.022906875
P08244,-0.01822253,0.111676976,-0.009930061,-0.0059456564,-0.021568272,-0.0145360585,-0.016265146,0.045184087,-0.0285866,0.0023292666,0.055553965,0.031740338,0.09676068,0.017812504,-0.0078628,-0.03955602,-0.021796146,-0.063632056,-0.036294304,0.12568523,-0.027356796,0.009510728,0.05807495,-0.07123606,0.12190725,-0.022229897,-0.1012574,-0.0001736423,-0.0081906635,-0.008354289,0.064335935,0.027724206
P44324,-0.026807271,0.10804643,-0.018180797,-0.0006989315,-0.00013750233,-0.003924912,0.02537233,0.022525895,-0.024840865,0.023247316,0.07531996,0.010786943,0.0919312,0.00253058,0.027911507,-0.0062485896,0.0010816618,-0.05701817,-0.02449647,0.11607661,-0.0074070897,0.024891302,0.049815454,-0.041047093,0.096900284,-0.017633907,-0.083099395,0.02758594,-0.044600505,-0.030862493,0.038184762,0.038654767
P09616,-0.024216773,0.11557838,-0.011142319,-0.026628012,-0.00095216744,-0.002029242,-0.019937895,0.03800326,-0.0019419659,-0.0058837077,0.061215412,0.030020662,0.114743575,0.012442255,-0.0113119725,-0.03831403,-0.009764054,-0.050486114,-0.05295075,0.116288364,-0.03838914,0.02419481,0.054886784,-0.059893254,0.123343155,-0.036909398,-0.09365472,0.014656538,0.01019271,-0.012343502,0.08488205,0.013633309
O70624,-0.026901659,0.09507744,-0.012123885,-0.0020328946,-0.010002416,-0.0062840916,-0.031609975,0.019592633,-0.014604827,0.008798008,0.06359521,0.017276615,0.09738164,0.014958495,-0.023981104,-0.033129524,-0.00029628942,-0.07379397,-0.044815134,0.12306845,-0.042362675,0.0021379339,0.06482319,-0.06394492,0.1123782,-0.03793877,-0.097576454,0.008448971,0.0010470297,-0.026857868,0.08368684,0.027872762
O73790,-0.026042787,0.11661485,-0.002290365,0.0013478337,-0.011665188,-0.01992326,-0.00028813505,0.03213877,-0.025529489,0.0076612327,0.069654174,0.038892046,0.093021214,0.02075247,0.0032357436,-0.007847952,0.0043491144,-0.036876384,-0.019698933,0.10565556,-0.003173168,0.008614528,0.06755007,-0.05918312,0.1022278,-0.036724385,-0.09853675,0.012787335,-0.021472631,-0.024506757,0.07372644,0.012025278
P14069,-0.029755143,0.11908186,-0.020074852,-0.025810286,-0.014292838,-0.0050281454,-0.013643145,0.03757547,-0.027821194,-0.002250555,0.039829668,0.022610828,0.11608157,0.019274198,-0.011123531,-0.028353676,-0.010512903,-0.043279633,-0.019992575,0.11920191,-0.029970506,0.009688017,0.041668147,-0.054172862,0.10138279,-0.020769551,-0.09868932,0.009071212,-0.030178284,-0.012255102,0.06824365,0.034617558
A7KAX9,-0.02129015,0.11782272,-0.013744902,-0.020922743,-0.01218373,-0.009399189,-0.016808977,0.04354825,-0.003999438,0.0016188635,0.0584625,0.036490522,0.09954656,0.029202754,-0.009542985,-0.02697863,-0.010093065,-0.05456548,-0.036994163,0.12247395,-0.03202288,0.017579703,0.06375708,-0.06003657,0.10879077,-0.026273226,-0.10388992,0.005400549,-0.0044947704,-0.01656974,0.075799555,0.023540173
O95835,-0.020482898,0.1026568,-0.011216526,-0.008041109,-0.012092423,-0.01838911,-0.015421046,0.03237451,-0.0206488,0.00986572,0.068656296,0.027328257,0.10166882,0.023636393,-0.0106370365,-0.028556483,-0.0114272935,-0.06508483,-0.03544582,0.11685692,-0.03100528,0.015986552,0.051619157,-0.05408102,0.118339434,-0.029511414,-0.09884534,0.0007854067,-0.0012860857,-0.014797456,0.06980609,0.030049827
P62081,-0.02640375,0.09605078,-0.013662527,-0.0067366674,-0.012309342,-0.014417992,-0.016381739,0.028892275,-0.031179491,0.012072423,0.063733645,0.016192352,0.096720256,0.016537743,-0.017649628,-0.025836837,-0.0064907717,-0.057886556,-0.026868187,0.11241803,-0.029673444,0.0080389,0.047611035,-0.056450088,0.10759537,-0.029029317,-0.10246337,0.0088952,-0.010965362,-0.016308257,0.06656418,0.03657593
O46043,-0.015183779,0.111434475,-0.016062837,-0.018727884,-0.0132137295,-0.011374568,-0.008463254,0.040423818,-0.012161186,-0.0013853814,0.070727594,0.0326116,0.099033356,0.0223373,0.015108158,-0.028676683,-0.0069749407,-0.060692765,-0.03657188,0.12280738,-0.026031375,0.0033957786,0.058130275,-0.052872457,0.11794269,-0.023174386,-0.096821114,0.01849815,-0.011582897,-0.006631323,0.060666166,0.042792194
P01258,-0.021891344,0.11900564,-0.012406416,-0.021667155,-0.01446124,0.0065548965,-0.013896167,0.050829448,-0.0026813461,-0.015223907,0.060333926,0.038908523,0.10676223,0.019924777,0.0069771605,-0.016573537,-0.001329331,-0.044445448,-0.02759163,0.10715701,-0.023106102,0.009219235,0.0670041,-0.06020378,0.11086376,-0.022884523,-0.105033375,0.018123176,-0.015357169,-0.013381319,0.07863124,0.01798084
O14879,-0.020550955,0.093493365,0.00036396645,-0.027466713,-0.031406533,-0.021175116,-0.030670576,0.036496587,-0.033870105,-0.0013606045,0.06015519,0.030054301,0.103636354,0.021866666,-0.026567142,-0.04368772,-0.019375736,-0.06528854,-0.036437914,0.12903234,-0.03305049,0.010872496,0.042562,-0.060413368,0.12404708,-0.01955024,-0.10522928,-0.005528191,0.0042094933,-0.00044652447,0.06600585,0.024918482
I1WVY3,-0.016194021,0.124359705,-0.025024572,-0.0031188466,-0.0057796133,-0.018622229,-0.012487504,0.031591766,-0.032586273,-0.0027852047,0.058699105,0.040653948,0.10796519,0.025156246,0.00093354034,-0.025955567,0.009407007,-0.049501717,-0.019896278,0.094914146,-0.019467773,0.023081332,0.05827282,-0.061701953,0.10284611,-0.031451393,-0.10448506,0.018301213,-0.014408726,-0.011980471,0.06564885,0.02502639
P42858,-0.025954532,0.09958433,-0.012563073,-0.0069530495,-0.012125003,-0.015533018,-0.02073071,0.032376707,-0.022350045,0.005597207,0.06457399,0.02436774,0.09949155,0.017078962,-0.011407065,-0.032059353,-0.006407211,-0.06225332,-0.036961824,0.12005099,-0.0297211,0.008065515,0.05190632,-0.052684717,0.11745372,-0.030022692,-0.0969703,0.0037026273,-0.0015802708,-0.012264932,0.0682376,0.030911827
Q5JFG7,-0.015307461,0.114658654,-0.0093348315,0.0045766872,-0.011646409,0.006607648,-0.0012183286,0.024591798,-0.02915453,0.00302983,0.060732003,0.01251217,0.103640236,-0.001797509,-0.0065377504,-0.02054358,-0.006009473,-0.058111664,-0.041468605,0.112419516,-0.031870864,0.008919896,0.040994655,-0.05797723,0.10346831,-0.0269491,-0.09579319,0.026962707,-0.017537856,-0.022988433,0.06800913,0.015823865
P01583,-0.017745558,0.11649968,-0.017506657,-0.012856126,-0.016185977,0.0059748087,-0.020746645,0.05117308,0.0016467087,-0.016337797,0.06357376,0.03184114,0.1056455,0.02674764,0.0080811065,-0.020551303,-0.017635211,-0.050358515,-0.026716178,0.112141035,-0.029557735,0.00658606,0.06375197,-0.07089567,0.11182831,-0.02430394,-0.10355917,0.007730336,-0.015915526,-0.013056764,0.06897315,0.031629317
P20783,-0.030683827,0.10743767,-0.017979486,-0.0034182016,-0.0057606036,0.006673997,-0.013245297,0.03727805,-0.021274388,3.854977e-05,0.05779204,0.0070443186,0.10961824,0.003462005,-0.008535762,-0.027184807,4.1605905e-05,-0.053424224,-0.03303404,0.1138051,-0.029100956,0.001351607,0.045758232,-0.05602888,0.11886671,-0.025472581,-0.096461415,0.020957746,-0.019437563,-0.019113116,0.076243415,0.033962563
P04279,-0.028730243,0.09921603,-0.016041106,-0.022428732,-0.016592966,-0.009231776,-0.023172319,0.046233233,-0.02251423,-0.0010867142,0.051896654,0.022947047,0.1049488,0.024270182,-0.0072785798,-0.02778564,-0.0055809873,-0.05100154,-0.012700807,0.117000066,-0.029186688,-0.0056256624,0.050508704,-0.05388954,0.11146266,-0.016211687,-0.10158488,0.0035038507,-0.024621714,-0.0020128544,0.07024468,0.040882774
P13716,-0.023439938,0.11838535,-0.014793721,-0.018577052,-0.010628553,-0.00022937384,-0.0043370626,0.03171544,-0.021507801,-0.0030493154,0.054956418,0.023807934,0.11152919,0.010227787,-0.0053300555,-0.025258183,-0.002855294,-0.04974744,-0.028345598,0.116042085,-0.029670535,0.012279625,0.037780505,-0.054105464,0.11017061,-0.020959148,-0.102345295,0.018874524,-0.027151449,-0.02026947,0.06710542,0.026864672
P27540,-0.022001658,0.10971078,-0.011636,-0.006673445,-0.016086075,-0.006416056,-0.0054003173,0.030033711,-0.026630623,0.0073053436,0.06838125,0.019821683,0.11140455,0.018926995,-0.006793084,-0.022512548,-0.0018991182,-0.047727965,-0.026932536,0.109522656,-0.02312398,0.0060218796,0.04988294,-0.058992762,0.10893048,-0.032759774,-0.09942372,0.020142056,-0.010821546,-0.018400239,0.06641824,0.032006703
P01731,-0.008522723,0.10913654,-0.016030587,-0.01909326,-0.01640954,-0.012430428,-0.014858994,0.039314397,-0.026379738,-0.0031763725,0.06047631,0.02803747,0.099345855,0.0212965,-0.010068839,-0.024055127,-0.0110709425,-0.060370743,-0.02834709,0.1178215,-0.0447322,0.000930636,0.04102017,-0.055475783,0.11382471,-0.017745486,-0.10069078,0.014363577,-0.01015188,-0.0037696126,0.07649276,0.031832617
P17710,-0.021345248,0.099696666,-0.0028479428,-0.013716385,-0.025668556,-0.019327704,-0.02923813,0.029223125,-0.029355874,-0.0046700407,0.0632367,0.03172618,0.102562085,0.018591201,-0.030505886,-0.03233795,-0.010374092,-0.062146217,-0.047523044,0.12300816,-0.032826602,0.011096468,0.050340384,-0.058630176,0.11641063,-0.031176599,-0.103517175,0.0016809911,0.010845346,-0.006423067,0.07348752,0.020604193
O95238,-0.029894631,0.08090553,-0.016153924,0.012575524,-0.014291602,-0.008521527,-0.0050356193,0.008762444,-0.05111808,0.019782443,0.054829806,-0.0104441885,0.11398082,-0.0019068047,-0.029987639,-0.024673922,0.0062071905,-0.058109872,-0.014530549,0.108838424,-0.029549766,-0.006895798,0.035074934,-0.051120643,0.093862355,-0.03382664,-0.10292079,0.017285045,-0.03073883,-0.02617863,0.05947233,0.043658674
O43613,-0.010126504,0.09144764,-0.03137639,-0.011859041,-0.024624199,-0.026217204,-0.0144812595,0.04705763,-0.05110953,0.033371486,0.058838226,0.0044623073,0.100220636,0.039964017,-0.022286743,-0.046040587,-0.0070778,-0.06504575,0.0056405994,0.13690189,-0.036138892,-0.017794611,0.035411324,-0.04693152,0.10557821,-0.021302482,-0.1047094,0.017649835,-0.013140598,-0.0050422605,0.049544185,0.06612462
P09201,-0.019322881,0.10123221,-0.022736073,0.0081752045,-0.012709756,-0.006136415,-0.027262209,0.041930303,-0.011137319,0.0042810463,0.058100432,0.015621766,0.09964246,0.017470643,-0.02091066,-0.03883606,-0.01630865,-0.06219615,-0.028710015,0.12169214,-0.031919394,0.019123262,0.062084567,-0.06392963,0.10127804,-0.03739083,-0.10035489,0.002668957,-0.0021909748,-0.028423918,0.06337938,0.024008937
P02789,-0.028760813,0.11839512,-0.008111942,-0.021741075,-0.009998896,0.0064227255,-0.014641639,0.04544582,-0.012799136,-0.011230708,0.05608114,0.02694017,0.109374605,0.0181522,-0.0011097984,-0.021892827,-0.006887942,-0.03705698,-0.029091077,0.1089059,-0.023413736,0.001855461,0.05905241,-0.069071434,0.11225382,-0.030394014,-0.10608393,0.01621664,-0.02420488,-0.017117864,0.07386307,0.023900019
P32325,-0.032081418,0.10362035,-0.008803961,-0.0036990328,-0.018133808,-0.011930632,-0.029945,0.032247778,-0.031948507,-0.0028080505,0.055280216,0.016895283,0.09637576,0.004970538,-0.020654036,-0.029613221,-0.0036912353,-0.058155663,-0.03666582,0.12135344,-0.027503183,-0.0038684977,0.043563373,-0.048136085,0.11622255,-0.024368817,-0.09742552,0.008644345,0.0019545136,-0.015013079,0.07928213,0.022794079
Q9BWF3,-0.02470499,0.094541445,-0.013005893,-0.0030115726,-0.017309593,-0.016386405,-0.022024661,0.02974866,-0.030092496,0.010707354,0.06524198,0.014194485,0.10022703,0.02089444,-0.01957987,-0.030158011,-0.005623467,-0.06647232,-0.032407444,0.12485692,-0.03390114,0.005939541,0.044618037,-0.051119354,0.11336582,-0.024817953,-0.093564525,0.005934846,-0.003922052,-0.00956309,0.06839611,0.037086964
Q9NPD3,-0.016913408,0.10553334,-0.016548797,-0.0037816023,-0.014063691,-0.018454155,-0.022054823,0.028978106,-0.021877466,0.0024277167,0.059611943,0.02863394,0.09828547,0.019062536,-0.014296045,-0.031720176,-0.010276516,-0.06680335,-0.035768278,0.12047858,-0.03153901,0.013125196,0.053085476,-0.06175799,0.113910355,-0.024591632,-0.09885283,0.0033947828,-0.0064407852,-0.011037724,0.069848634,0.030424317
P05129,-0.020417865,0.13074715,-0.017794242,-0.0019621975,-0.015967626,-0.007867187,-0.0068041547,0.04772174,-0.026351023,-0.0065409555,0.06250481,0.034173667,0.098989986,0.012413389,0.00727112,-0.019961586,-0.0008473691,-0.051274955,-0.038779687,0.106981754,-0.0135077145,0.01886523,0.07763951,-0.061904825,0.10017995,-0.02974244,-0.09878544,0.019329876,0.0020898492,-0.012206554,0.07384096,0.016243946
P55084,-0.012638685,0.109600894,-0.011045851,-0.0084330635,-0.029111387,-0.015469739,-0.017976576,0.043775145,-0.02807312,0.0009815971,0.06603699,0.034363076,0.095202595,0.028997367,-0.009877211,-0.02788642,-0.010396162,-0.05246837,-0.025533568,0.12004039,-0.025449395,0.0006128546,0.05809468,-0.061440635,0.11192927,-0.026378136,-0.1024883,0.009765394,-0.0039503174,-0.017278878,0.061963186,0.027587855
P57086,-0.0009510536,0.14447406,-0.019433863,-0.015395857,-0.030792844,-0.0077537056,0.0032285452,0.027859835,-0.03464839,-0.028495397,0.06252007,0.04107052,0.105797425,0.011297451,0.020132113,-0.017368851,-0.0037178397,-0.05730362,-0.043357685,0.1142296,-0.013078941,0.011308401,0.08741012,-0.08463341,0.0910934,-0.033097032,-0.10321571,0.031173019,-0.018654605,-0.014649402,0.07266425,0.022325736
P17741,-0.03355982,0.09907855,-0.0019868456,-0.0033126432,-0.0043343483,-0.014072359,-0.02566697,0.030905558,-0.017401366,-0.002446492,0.06458135,0.028752325,0.093632974,0.0042879516,-0.012513518,-0.022470849,0.003190989,-0.04752896,-0.03817424,0.1082567,-0.02359805,0.0044216085,0.041232157,-0.042426117,0.1233511,-0.028232154,-0.0946248,0.007597818,0.0025379036,-0.0116759855,0.08327876,0.010232096
Q8BH75,-0.016259339,0.13413471,-0.021426225,-0.028000336,-0.016175335,0.0073936554,-0.013814893,0.05004917,-0.013930364,-0.012930667,0.058106948,0.025653234,0.11167409,0.016717091,0.005379999,-0.02593346,-0.009120218,-0.053471114,-0.041393146,0.11113308,-0.030274834,0.01714743,0.065862514,-0.068097085,0.11011423,-0.01786162,-0.10280678,0.01949629,-0.0013846355,-0.011633754,0.08515708,0.025017515
P10398,0.0028694086,0.15299787,-0.01855547,-0.0196895,-0.013905417,-0.012978367,0.02202216,0.032906815,-0.018002914,-0.0057661673,0.08094498,0.04970265,0.10545987,0.037167013,0.029431613,0.0022632955,0.016968474,-0.049214095,-0.033646554,0.08334425,-0.012519981,0.03278576,0.08229798,-0.06799156,0.08969019,-0.02033358,-0.112703905,0.027141452,-0.020862253,-0.02305523,0.0705573,0.025121283
P9WQP1,-0.017853301,0.11210481,-0.015538415,-0.0057440065,-0.009201298,-0.0040587643,-0.00021806918,0.01987535,-0.017066423,0.0070639118,0.06905706,0.01968452,0.10507524,0.017665226,0.007530234,-0.019905636,-2.2320078e-06,-0.060990106,-0.030221011,0.11605956,-0.025931448,0.018676227,0.04948948,-0.053120054,0.099995166,-0.02717323,-0.09051615,0.02064181,-0.03014857,-0.02847724,0.055932738,0.033721168
Q6Q3I2,-0.003674588,0.104795426,-0.023406582,0.010496758,-0.008175595,-0.002413609,-0.0065823463,0.016805658,-0.023251811,0.0098555405,0.072300576,0.011821732,0.10441237,0.020689426,-0.004831189,-0.014574242,-0.0007849795,-0.06741836,-0.03183787,0.10988966,-0.03900933,0.017461693,0.051949188,-0.06309705,0.09898466,-0.028287152,-0.08770886,0.021628655,-0.024397805,-0.027621249,0.06448051,0.033193298
Q6PDN3,-0.009039269,0.10852593,-0.011255379,-0.019678641,-0.022779249,-0.020871319,-0.030207437,0.038137183,-0.021437872,-0.003201846,0.07864213,0.031783614,0.08463158,0.040256888,0.003991968,-0.032581832,-0.009601139,-0.06477776,-0.03633952,0.12040751,-0.035231642,-0.010005203,0.044767268,-0.062480718,0.12847283,-0.016794734,-0.1004234,0.0103521785,-0.00094136037,-0.0022907518,0.06214959,0.053716592
P0CX45,-0.022557609,0.08725262,-0.020718195,0.0007968533,-0.014546752,-0.0118142245,-0.025468895,0.028913446,-0.042376906,0.02087018,0.068719424,-0.00067299855,0.096935414,0.020453215,-0.029960932,-0.026783153,-0.017974969,-0.06456606,-0.024731906,0.12301874,-0.043631744,0.009085321,0.025941059,-0.052518737,0.10940713,-0.02514065,-0.09669923,0.012154035,0.0048914547,-0.012279828,0.060645122,0.043022633
P67809,-0.027560143,0.08345423,-0.010818517,-0.005770215,-0.016807294,-0.019036895,-0.022095801,0.022298595,-0.023294695,0.010493495,0.06514454,0.017533775,0.09969213,0.019291824,-0.019447533,-0.024476143,-0.0038304431,-0.063240714,-0.024963781,0.121536806,-0.035414696,-0.002611945,0.039743252,-0.042151283,0.117013454,-0.024137896,-0.09316008,0.0032545459,-0.010218775,-0.017493472,0.065536425,0.040217258
P20443,-0.0315479,0.097868346,-0.013117571,-0.0008810563,0.005859586,-0.012379311,-0.026436202,0.030433211,-0.032387227,0.01533371,0.07508193,-0.0023824824,0.10183424,0.011307141,-0.022375785,-0.04098151,0.00869463,-0.0647161,-0.050811425,0.112363696,-0.03574493,0.015980119,0.03226718,-0.044674713,0.12040211,-0.034887217,-0.09409975,0.012192138,0.012757458,-0.0041637416,0.08048829,0.032123264
Q96Q45,-0.008806797,0.11051843,-0.016648585,-0.015704807,-0.02507875,-0.021272447,-0.014645493,0.040278234,-0.02717704,0.0028357222,0.06181956,0.03117367,0.10216906,0.03000701,-0.0043665497,-0.035801955,-0.013051157,-0.062486507,-0.026445042,0.13123839,-0.031035502,0.0031022374,0.048251756,-0.054148924,0.11335721,-0.01815536,-0.09533898,0.0063820793,-0.016906511,-0.009307385,0.0558977,0.041907065
P15812,-0.015323345,0.09721154,-0.009876053,-0.014472157,-0.02273737,-0.021410005,-0.04206699,0.020836998,-0.014430916,0.009449782,0.06462847,0.027726438,0.09249669,0.03285315,-0.046592906,-0.036155917,-0.0025259964,-0.08374227,-0.05560598,0.12643318,-0.04663641,0.008548835,0.062497646,-0.068586074,0.11758856,-0.022604883,-0.11202077,-0.00998447,0.009716128,-0.016924962,0.088397734,0.035834625
P21333,-0.017566642,0.10917191,-0.01239057,-0.020586956,-0.020487789,-0.011497285,-0.017841328,0.03967267,-0.020307193,-0.00047213127,0.06600295,0.03042539,0.09934519,0.027954603,-0.0056097386,-0.028311025,-0.010753797,-0.05590891,-0.029036373,0.11944044,-0.029948,0.0011127882,0.04832966,-0.060162187,0.11920615,-0.02144708,-0.10481225,0.009737188,-0.010379814,-0.0111116655,0.06507389,0.038950775
P13598,-0.012951116,0.1040287,-0.011215962,-0.011689261,-0.017497135,-0.00925133,-0.0013953559,0.027779689,-0.011925781,0.010731049,0.07731998,0.029322037,0.099272154,0.035007082,0.0118382,-0.0005035782,-0.007592407,-0.0643045,-0.016542535,0.111695215,-0.020971736,0.020247819,0.0687694,-0.051384047,0.099195585,-0.026201837,-0.09321243,0.019831998,-0.017975062,-0.026958786,0.068654284,0.026809614
Q9H8X2,-0.02606045,0.10143723,-0.010028026,0.0002650682,-0.023808703,-0.02168649,-0.01759406,0.02714553,-0.029897582,0.010423563,0.06699526,0.029011453,0.092696846,0.023082618,-0.013867748,-0.025100935,-0.0076268823,-0.060238235,-0.027577793,0.12159165,-0.017107952,0.014739829,0.05106654,-0.055146944,0.106099404,-0.026170626,-0.09941767,0.0016327805,-0.009229298,-0.0166931,0.057663757,0.031810768
O64470,-0.032015078,0.103233896,-0.016293393,0.008864173,-0.0040830164,-0.004307886,-0.00964818,0.029171309,-0.03996759,0.022931308,0.062090438,0.0033222674,0.10696516,0.02115098,-0.016999807,-0.021373048,0.00012966889,-0.05006919,-0.02069883,0.10458428,-0.030165896,0.013482107,0.04207033,-0.056312732,0.09937308,-0.03520915,-0.092057236,0.021066947,-0.017864373,-0.017415296,0.06621099,0.035897028
P0CG48,-0.024268163,0.08897173,-0.008368664,-0.011829174,-0.021986028,-0.025228892,-0.020132383,0.030552711,-0.032815497,0.012732616,0.06098699,0.029948622,0.08824048,0.018154202,-0.018898906,-0.026619669,-0.0114049865,-0.06535517,-0.024533898,0.12403382,-0.03196055,-0.0055699856,0.04504614,-0.04850486,0.11756132,-0.02102392,-0.10959168,0.0026422765,0.002192489,-0.01000713,0.065163456,0.03433785
P02309,-0.025122307,0.10594465,-0.010510741,-0.0025981087,-0.008813691,0.010966953,-0.014006489,0.03859701,-0.02270722,0.0038148575,0.06314644,0.007470358,0.106323615,0.002756414,-0.017126959,-0.023791596,-0.0059350873,-0.050649777,-0.030359386,0.10393064,-0.03262562,0.0072777183,0.038861286,-0.061825283,0.11017272,-0.028341342,-0.10310093,0.029322695,-0.005588686,-0.00956446,0.08485896,0.021788245
O00253,-0.0072015757,0.12847528,-0.015036441,-0.018053427,-0.012687602,-0.0034162477,-0.0048707835,0.048392233,-0.0033053309,-0.011712172,0.06384781,0.042647287,0.09907354,0.022597961,0.01163853,-0.019182622,-0.005600013,-0.051332615,-0.038227104,0.10961591,-0.023533594,0.018229254,0.085794896,-0.072554916,0.1014252,-0.02871759,-0.10523905,0.015223285,-0.013219293,-0.020003252,0.075126216,0.015138569
P24228,-0.009545392,0.13670802,-0.012730394,-0.0070305816,-0.020890526,-0.016960407,0.01076297,0.056663644,-0.020100499,0.0031025393,0.06720631,0.052437305,0.0987541,0.0417928,0.01405156,-0.014751854,-0.005867433,-0.034647938,-0.01664791,0.11111403,-0.010811509,0.004563303,0.07215187,-0.0656305,0.11079355,-0.030904958,-0.102415256,0.022026384,-0.021674551,-0.019979564,0.057005066,0.029319251
P12271,-0.01778335,0.09914497,-0.0059734345,-0.019865371,-0.01782076,-0.025443658,-0.0149717955,0.03684672,-0.023839891,0.0017283814,0.06435379,0.025406107,0.09326611,0.016565863,-0.009872429,-0.035403833,-0.02145735,-0.06211851,-0.031018145,0.13124765,-0.026489824,0.008653033,0.04957821,-0.05615662,0.11598587,-0.025640344,-0.10820547,-0.006115388,-0.007551927,-0.021271221,0.056144956,0.026302412
P37282,-0.010368538,0.08094472,-0.019473862,0.021062942,-0.016618991,0.0037646778,-0.014825332,0.014379753,-0.042062372,0.012895766,0.07092425,-0.0006930372,0.099070266,0.0073733767,-0.028404528,-0.011254907,-0.004056979,-0.06689069,-0.02649745,0.114629336,-0.054750502,0.0005191965,0.03161726,-0.055851582,0.102894545,-0.029449064,-0.086975574,0.027560629,-0.014012955,-0.027830875,0.06571655,0.029542593
O89093,-0.021105714,0.12027761,-0.0024326649,-0.0019537434,-0.019841254,0.0046537276,-0.015300984,0.034945097,-0.012186121,-0.010131347,0.08689743,0.02003763,0.0991807,0.023281602,0.010922413,-0.016218062,-0.010008482,-0.05432988,-0.054505207,0.10741649,-0.029942896,0.01370756,0.035256267,-0.05293005,0.12516153,-0.023614548,-0.079902135,0.021087363,-0.0039003943,-0.01611768,0.06591683,0.037713133
O53585,-0.019329857,0.11367007,-0.01211382,0.0016394637,-0.013093646,-0.0046552797,-0.005653462,0.035727076,-0.01988016,0.0040594535,0.07166667,0.023705542,0.09870178,0.017861903,0.001941444,-0.005702027,-0.007415287,-0.053786803,-0.03298565,0.106597684,-0.021674646,0.008930084,0.056031168,-0.05802263,0.107046425,-0.021915387,-0.100787066,0.018396644,-0.012085264,-0.013808167,0.07180199,0.03212751
Q15024,-0.018061593,0.11197994,-0.011650773,-0.003494583,-0.01950957,-0.018771382,-0.015393342,0.03521509,-0.022503207,-0.00086882495,0.0650477,0.031814877,0.094593324,0.017710183,-0.00497613,-0.027591962,-0.00814877,-0.059539724,-0.03507128,0.12360583,-0.022816563,0.015875114,0.057059195,-0.05432129,0.105694175,-0.02640201,-0.09228813,0.009277165,-0.0033120613,-0.013912844,0.06308595,0.021686533
A0A1C7D1B7,-0.040205523,0.07881136,-0.006515666,0.012047218,-0.013567085,0.008072453,-0.020154292,0.022182953,-0.021582153,0.02752756,0.062126778,-0.014973365,0.09412148,-0.014598085,-0.023808645,-0.026941229,0.0006033452,-0.06596011,-0.035854235,0.12420217,-0.023854189,-0.0019354741,0.042707942,-0.0423719,0.105841175,-0.018366883,-0.0978308,0.02001939,0.0054595643,-0.026200475,0.0760989,0.023357695
P11980,-0.016614346,0.12482705,-0.009117658,0.0019113539,-0.012309834,-0.003926066,-0.0049486053,0.036671236,-0.019070445,0.0018285398,0.06827347,0.035229813,0.09226477,0.005805103,-0.0040271454,-0.01895682,-0.0051980936,-0.04866093,-0.038846213,0.10398456,-0.021897381,0.021156797,0.044879973,-0.056901734,0.11126279,-0.025240371,-0.10011987,0.019533733,-0.0028895978,-0.01898925,0.079766065,0.007743342
Q24314,-0.030331401,0.10000882,-0.012072684,-0.003625494,-0.005857706,-0.00627764,-0.027446613,0.03258217,-0.017812084,0.007954578,0.064128764,0.024513334,0.09266548,0.013022223,-0.015330502,-0.035085093,-0.007885446,-0.064733915,-0.04875003,0.11415584,-0.035952173,0.011478669,0.05616554,-0.053055577,0.11988683,-0.040936433,-0.097261615,0.009441727,0.012293239,-0.019704206,0.07546855,0.022667091
P13489,-0.018932732,0.11189747,-0.0132363485,-0.014812638,-0.019443078,-0.010472897,-0.008356754,0.039913595,-0.027755538,0.0011333855,0.06060949,0.034955673,0.10254959,0.019802978,-0.005655672,-0.02845403,-0.008693639,-0.060612578,-0.035687324,0.116277345,-0.027264798,0.013825659,0.06465739,-0.06456562,0.11084571,-0.028097898,-0.10873229,0.010088294,-0.0075154784,-0.011872026,0.064548135,0.028549545
O60826,-0.026603937,0.09014845,-0.0059080916,-0.018026976,-0.02061654,-0.019148346,-0.011343006,0.0369759,-0.025231611,0.006638857,0.05965446,0.017850785,0.103766784,0.01355047,-0.018827565,-0.0390597,-0.0139696,-0.056488045,-0.023349358,0.13023359,-0.029008018,0.0039918637,0.05396207,-0.0516296,0.10959866,-0.034604974,-0.103578955,-0.0017262097,-0.014276642,-0.029437378,0.05491762,0.028744109
F5HF68,-0.023878802,0.1201921,-0.014610507,-0.009711787,-0.01604171,-0.005781185,-0.0072405916,0.047760267,-0.016595948,-0.003448592,0.06470228,0.037979677,0.09808929,0.015730968,0.010074372,-0.022504102,-0.010997612,-0.04810807,-0.028992102,0.11270126,-0.017604252,0.008249944,0.05669808,-0.057433933,0.117236145,-0.024723344,-0.09718329,0.00923281,-0.013796456,-0.01108801,0.069142684,0.02712137
O55038,-0.03854635,0.10051916,0.0053137317,-0.011836185,-0.016994372,0.006022969,-0.024321005,0.04056899,-0.016827995,0.0042763823,0.07889267,0.016901871,0.09255383,0.026962137,-0.0076895,-0.014535327,0.004801279,-0.03639083,-0.025956785,0.1101829,-0.01726164,-0.0015175827,0.042002916,-0.057543773,0.11862754,-0.021686556,-0.108468026,0.013570842,-0.015853921,-0.03118649,0.06045032,0.027261145
O75175,-0.026581775,0.0854623,-0.021104343,0.005092103,-0.015910603,-0.008238854,-0.025863882,0.031158525,-0.026434792,0.013255414,0.062535584,0.0056174994,0.104090154,0.015945392,-0.02420319,-0.029980356,-0.021395702,-0.06246064,-0.024519373,0.12272136,-0.033312615,0.013318626,0.040334806,-0.058650203,0.10871534,-0.025594246,-0.102867685,-0.0054083955,-0.003321942,-0.019193064,0.052417286,0.038634777
O89050,-0.013413603,0.10892088,-0.0057257414,-0.012085911,-0.01601429,-0.012275108,-0.0042520096,0.029532306,-0.028492592,0.0007408067,0.06667969,0.024602085,0.10834154,0.01721128,-0.005121659,-0.027598657,-0.011179504,-0.059553385,-0.03631103,0.11525631,-0.0324605,0.0069262628,0.047438655,-0.06419372,0.11361036,-0.029887296,-0.1012147,0.012232726,-0.013614717,-0.0071048024,0.06834892,0.02915652
P0A894,-0.036974553,0.0979759,0.00088742597,-0.005573132,-0.013962997,-0.02169323,-0.028527658,0.0342132,-0.035149448,-0.0011688371,0.068584956,0.023975432,0.099599004,0.01156131,-0.014100376,-0.036688436,0.0048023956,-0.054733854,-0.043723993,0.112842724,-0.023674715,0.015002368,0.038408518,-0.04006961,0.11768544,-0.02838575,-0.0883621,0.003987437,0.011338454,0.004550256,0.0680331,0.018786788
P48570,0.0003917925,0.14827831,-0.012466148,-0.009420002,-0.025370073,-0.00970507,0.005324899,0.02915386,-0.036268387,-0.024303278,0.06836933,0.040285517,0.10897321,0.015393027,0.0141100455,-0.0138147045,0.0019728919,-0.049894754,-0.04128458,0.09882891,-0.0092246365,0.021707918,0.08228913,-0.08599877,0.086708486,-0.03542626,-0.109419584,0.031731844,-0.014095306,-0.013847977,0.07411412,0.012430617
P10503,-0.0024992311,0.1191048,-0.015152099,-0.0057118367,-0.012076995,-0.010323224,-0.015244061,0.038618017,-0.01805804,-0.0053004213,0.06252245,0.030635538,0.09472027,0.022261746,0.002343791,-0.02676486,-0.014024656,-0.06429774,-0.03847446,0.113131106,-0.03465516,0.013669734,0.0656909,-0.06807483,0.10256166,-0.030185083,-0.09626351,0.015054716,-0.0069074826,-0.010514735,0.07445202,0.018946301
O70435,-0.020290293,0.09324065,-0.021265104,-0.022651784,-0.022814654,-0.029966608,-0.014475383,0.040304895,-0.014775279,0.008212639,0.060517102,0.041957516,0.09266925,0.030345807,-0.0015650317,-0.027717287,-0.018705383,-0.05532093,-0.013064406,0.1326906,-0.020626266,0.0028480769,0.05365968,-0.04601443,0.11616143,-0.018938145,-0.106787086,-4.021513e-05,-0.0034290904,-0.008039274,0.0489013,0.044367626
C3VPR6,-0.0122310715,0.11405942,-0.021770798,-0.012103736,-0.027893588,-0.01627227,-0.019225597,0.035259776,-0.02664488,-0.014867241,0.058671102,0.03436213,0.09979643,0.014247009,-0.0053332215,-0.03219211,-0.021091688,-0.06387843,-0.036233783,0.12823649,-0.028244752,0.013744796,0.065736756,-0.069799304,0.1018978,-0.030993752,-0.10663399,0.0068850024,0.0048282985,-0.009989118,0.06403019,0.025838103
P01097,-0.018126462,0.103232,-0.008051706,0.009798816,-0.02735421,-0.012100857,-0.017464936,0.018815668,-0.04283435,0.0028311834,0.07038286,0.017479476,0.10112491,0.012527564,-0.022978622,-0.016759094,-0.0025834036,-0.057571713,-0.030965414,0.10270075,-0.021736233,0.008368862,0.039906196,-0.059868187,0.10035183,-0.028103705,-0.10369651,0.009747395,-0.0073774224,-0.014161594,0.06879003,0.026530437
P09038,-0.024164747,0.11478726,-0.015746493,-0.008472349,-0.01126439,0.0051019154,-0.019836696,0.043526053,-0.013700331,-0.010720977,0.058298476,0.0231102,0.10500993,0.011588352,0.00059274584,-0.023110952,-0.0073338,-0.0562479,-0.036173817,0.108801305,-0.025991166,0.007934181,0.06251135,-0.064409465,0.11444825,-0.025449153,-0.10090496,0.014871122,-0.010473447,-0.0114902165,0.08155893,0.024827097
O14187,-0.044995442,0.08174831,-0.018510183,-0.0051666684,-0.0070496416,0.005873908,-0.037584536,0.023958072,-0.02416934,0.018061794,0.058088128,-0.011409029,0.10809756,0.0028478964,-0.02543296,-0.043636855,-0.011232633,-0.07094902,-0.037152197,0.12610526,-0.04885555,-0.01976832,0.034400854,-0.054348312,0.12609737,-0.0317339,-0.09666235,0.012428517,0.011294976,-0.010552467,0.07897258,0.053412072
P01315,-0.015728101,0.1470349,-0.005676873,-0.036992397,-0.018365156,-0.009907061,0.004505752,0.0644509,-0.0005348052,-0.026865384,0.064483866,0.06995386,0.10375035,0.031171942,0.030908227,-0.01330233,-0.006606744,-0.03608394,-0.036394756,0.113389604,-0.0061598145,0.023868712,0.08131443,-0.05948038,0.11966619,-0.025594661,-0.09437934,0.030069247,-0.009261903,0.0051326477,0.08417266,0.009487578
P21980,-0.016277561,0.10830646,-0.015711796,-0.01432516,-0.016376799,-0.012628719,-0.010270957,0.029640105,-0.019305563,0.0030218689,0.06399226,0.030670853,0.100264855,0.023269719,-0.00176789,-0.025965596,-0.010251138,-0.05848681,-0.031554677,0.12244093,-0.03169821,0.004788552,0.046302352,-0.055341918,0.11609469,-0.023501009,-0.099134855,0.012124377,-0.015007901,-0.01774939,0.057763238,0.03887425
O60241,0.003684838,0.11319124,-0.021994382,-0.022739848,-0.015517914,-0.014789817,-0.010617979,0.04153636,-0.013590571,0.020864727,0.071864806,0.030867726,0.09162878,0.058790293,-0.004686846,-0.028677845,-0.008585283,-0.05096601,-0.010017955,0.124313496,-0.04084098,-0.005622298,0.048785865,-0.06766344,0.10857002,-0.0265039,-0.10385809,0.01818238,-0.028931012,-0.022820389,0.061277628,0.05188619
O00175,-0.035521712,0.09130767,-0.01380422,0.0026377302,-0.022996753,0.0022350103,-0.01817025,0.037353214,-0.037442233,0.019325668,0.07153355,0.011175641,0.09103745,0.008454113,-0.02117841,-0.023948096,0.001189719,-0.048628163,-0.020579284,0.12091223,-0.020024024,0.002220637,0.028022572,-0.04063192,0.11192674,-0.023589507,-0.10457369,0.011225606,-0.0070031323,-0.027715435,0.05896734,0.028430814
P16860,-0.018354475,0.11931709,-0.015732026,-0.007439709,-0.017643949,-0.011947496,-0.012202179,0.049985968,-0.0130071025,-0.0014558885,0.06138847,0.03868892,0.10149823,0.040290058,0.0017641339,-0.014676492,-0.008074334,-0.046885278,-0.020582689,0.112285994,-0.024378013,-0.0030185455,0.053166527,-0.058002062,0.120209776,-0.017422432,-0.10040809,0.007234414,-0.023357008,-0.005076572,0.069448546,0.043575443
Q63HR2,-0.011100888,0.11863561,-0.0041522514,-0.015961666,-0.023005834,-0.01210097,-0.019675784,0.04396107,-0.0141901225,-0.008236613,0.06792156,0.04454161,0.099736944,0.025782783,-0.00829686,-0.031172477,-0.010584572,-0.04628703,-0.03722192,0.113083966,-0.018997893,0.02032327,0.061194964,-0.07183184,0.11546057,-0.02644372,-0.10184649,0.001660452,-0.009061519,-0.015169298,0.06945406,0.012329288
O08838,-0.02195902,0.10714419,-0.018405817,0.008954075,-0.013301402,-0.012465127,0.0017956778,0.025191221,-0.046945702,0.009892238,0.06930659,0.01397119,0.10680207,0.010035516,-0.0019810975,-0.018583197,0.00080834655,-0.0527521,-0.029350147,0.10915393,-0.01830453,0.009844169,0.04678098,-0.05307598,0.10265573,-0.03494239,-0.09181093,0.015566001,-0.01890402,-0.012605296,0.060157705,0.03422366
P38398,-0.02329165,0.108903974,-0.014205086,-0.013050431,-0.013333785,-0.01701725,-0.013200984,0.040252633,-0.021574967,0.0032030698,0.06281086,0.02996038,0.09651245,0.02164724,-0.0015191439,-0.026467407,-0.004657697,-0.056009367,-0.030881107,0.11966501,-0.024768533,0.0043385164,0.050538406,-0.048459575,0.11792436,-0.021772383,-0.09754374,0.006535922,-0.011772028,-0.009385201,0.0683205,0.03508648
P23219,-0.009861412,0.11102643,-0.009867073,-0.015978886,-0.006610499,-0.020049063,-0.00414352,0.02396336,-0.035215277,0.01571841,0.059952218,0.0328993,0.10480014,0.015579605,-0.018043755,-0.045549974,0.00012934471,-0.078989856,-0.050838158,0.11345866,-0.036126744,0.03241897,0.056103807,-0.066007994,0.12089192,-0.026958073,-0.11389663,0.00476368,-0.01074063,-0.022663416,0.06568762,0.023320407
P00549,-0.011731506,0.11553431,-0.016847258,-0.0120482575,-0.01874744,-0.013847037,-0.015590973,0.03898728,-0.0362225,0.011637172,0.056976948,0.03468771,0.096618086,0.021281,-0.009485014,-0.045096457,-0.0046871924,-0.06881136,-0.03074332,0.11182828,-0.02230303,0.019306388,0.0635754,-0.077766836,0.11505942,-0.01992959,-0.111738734,-0.0020899447,-0.021088343,-0.0117588,0.07241599,0.028159864
P42684,-0.031274986,0.10702576,-0.0050236853,-0.013919786,-0.017440716,-0.013946143,-0.011187969,0.03845275,-0.024349282,0.0014077525,0.069313586,0.028923094,0.10368687,0.01870095,-0.0053557623,-0.018206589,-0.003432048,-0.044690233,-0.029488543,0.1115431,-0.01555876,0.007285551,0.056227647,-0.051635362,0.110160574,-0.031435385,-0.10211064,0.013621728,0.0022031087,-0.007686703,0.069332585,0.024790986
P07250,-0.015288189,0.11262466,-0.020746626,-0.0027265586,-0.010877872,-0.012476223,-0.0106958505,0.030986879,-0.016567785,0.0034182575,0.05854835,0.039447047,0.10545131,0.010485813,-0.01209853,-0.039519347,-0.0088315075,-0.05847005,-0.040500756,0.11585534,-0.029356772,0.01777027,0.056987636,-0.061017074,0.11652461,-0.037687786,-0.10819009,0.010091545,0.0022732052,-0.027065065,0.05656775,0.02296766
P01593,-0.012271545,0.10373086,-0.030220192,-0.022515215,-0.024212014,-0.020857466,-0.021579988,0.050613187,-0.013790965,0.003444842,0.054762475,0.038572904,0.09722348,0.044556014,-0.0014852909,-0.030135453,-0.015654678,-0.055429548,9.950204e-05,0.1282072,-0.032606635,-0.015737765,0.04642686,-0.05207219,0.118731275,-0.01181611,-0.10906679,0.00041749142,-0.02424964,-0.009148467,0.052791674,0.06140968
Q01217,-0.0030493438,0.13115369,-0.021176862,-0.0030471731,-0.015596934,-0.014197156,0.00085066137,0.039677944,-0.01716051,0.0005124621,0.06964596,0.04735629,0.10408912,0.048305202,0.013578693,-0.023387766,-0.008078628,-0.043375444,-0.029118806,0.11170777,-0.026965693,0.0012299232,0.05878349,-0.070649,0.11907044,-0.03558573,-0.09788092,0.017569581,-0.02726102,-0.022830635,0.044843454,0.048959848
P21860,-0.026809387,0.107012846,-0.0042452393,-0.006937672,-0.014473298,-0.005156746,-0.016392808,0.03741894,-0.007156143,0.0037682839,0.06968821,0.022320895,0.099992156,0.018655162,-0.008770631,-0.025091743,-0.008193464,-0.056187246,-0.039443657,0.11818481,-0.028576005,0.011092448,0.048210606,-0.049787458,0.11309577,-0.029155463,-0.093496494,0.014041761,0.00042970505,-0.013968886,0.07450171,0.026151346
P24278,-0.033746645,0.09722112,-0.0034830924,-0.0037925094,-0.009291835,-0.0068827923,-0.0024199737,0.035012126,-0.024610752,0.019650735,0.07200539,0.010697774,0.10295596,0.013484689,-0.005074134,-0.013791475,-0.00046455255,-0.039618284,-0.020100832,0.11118829,-0.00973163,0.0017769327,0.046653528,-0.050158385,0.11652945,-0.024958406,-0.09875633,0.020391148,-0.012020506,-0.021445356,0.063282326,0.02934104
B9PW35,-0.02478516,0.1173978,-0.0038610632,-0.0055868896,-0.008679512,-0.016710995,-0.0031584566,0.029932793,-0.021119319,0.009864693,0.06778496,0.030524101,0.09784802,0.026915975,0.0040247785,-0.0148565015,0.0018568599,-0.04588574,-0.0265331,0.1064533,-0.014489528,0.014298597,0.06409801,-0.057364166,0.104060754,-0.033105068,-0.09680116,0.013011898,-0.019829802,-0.029970752,0.06797095,0.021381311
P46937,-0.028641542,0.093502395,-0.004758802,-0.011086755,-0.021788666,-0.020298319,-0.023212723,0.030125577,-0.031579886,0.0055244896,0.066321656,0.019892098,0.093822464,0.01631978,-0.00929772,-0.029488023,-0.008795441,-0.06387772,-0.033433616,0.122855335,-0.027534468,-5.11021e-05,0.037384145,-0.044211406,0.11652554,-0.017170157,-0.09802634,-0.00012093202,-0.0016801375,-0.0054414477,0.059108917,0.037606988
P14540,-0.017422525,0.10344375,-0.004805358,-0.0065664407,-0.026420433,-0.025402157,-0.008405597,0.028231222,-0.037055578,0.01005896,0.072224826,0.03288032,0.09665479,0.023284761,-0.011715572,-0.025426462,-0.009335933,-0.05607462,-0.03427636,0.120261215,-0.025161266,0.011602886,0.050049074,-0.052519448,0.11287382,-0.029287748,-0.098220184,0.0032967972,0.0015235855,-0.02302546,0.052504078,0.024560135
P05064,-0.019677958,0.09237668,-0.012705156,-0.01837046,-0.022335522,-0.026264094,-0.021844195,0.03209971,-0.036119267,0.01952851,0.06209439,0.025410594,0.093907215,0.03186084,-0.015682377,-0.038899735,-0.013716389,-0.06859234,-0.025207937,0.12886553,-0.037268206,-0.0007572559,0.04391097,-0.052903567,0.119174905,-0.021072518,-0.098972,-0.00094502873,-0.004332403,-0.006782665,0.05970679,0.04545766
P06681,-0.020086631,0.1183669,-0.015897429,-0.007134091,-0.014884988,0.015000327,-0.018559376,0.055821285,0.0032545235,-0.018316863,0.062403396,0.033038504,0.10945675,0.031499185,0.010377295,-0.0104222065,-0.0054694014,-0.036511697,-0.010568469,0.10163241,-0.021180343,-0.00039023155,0.06897318,-0.073589385,0.10489702,-0.02654127,-0.1042013,0.016558122,-0.03531012,-0.017990723,0.07040048,0.027773213
O32504,-0.057179317,0.070093095,-0.0057584587,0.011354784,-0.004898626,-0.012233622,-0.045224413,0.010901372,-0.017727965,-0.016112324,0.05060841,0.025101526,0.11517851,-0.023408093,-0.030092532,-0.031141335,0.036459118,-0.055306174,-0.036125667,0.11568028,-0.035888083,-0.008642562,0.019368436,0.001479283,0.12787218,-0.02816258,-0.072648436,0.012876581,0.01599417,-0.0031661652,0.08839574,-0.00013226643
Q9JHG7,-0.021610936,0.09984259,-0.036075868,-0.020122252,-0.009239377,-0.0233779,-0.024558187,0.02925402,0.0013412666,0.004288812,0.04762478,0.048218973,0.09450098,0.02486564,-0.013285288,-0.03624452,-0.027825661,-0.07241038,-0.035542406,0.13351184,-0.043982632,0.015295729,0.03253188,-0.043507624,0.1352609,-0.011913756,-0.11593366,-0.017436163,-0.0023593511,-0.018418659,0.050208256,0.054061558
O75525,-0.020531105,0.11328644,-0.005003515,-0.018577116,-0.02034092,-0.01755703,-0.00796644,0.043939844,-0.022629267,-0.004762907,0.06947055,0.03679259,0.100973964,0.023629589,0.0053651617,-0.02092777,-0.0022760357,-0.046346832,-0.02652528,0.11425195,-0.015844988,0.004300473,0.060206857,-0.054887574,0.11234009,-0.025634125,-0.095718205,0.008460539,-0.014196537,-0.0036591338,0.073301636,0.024438621
Q9NPI8,-0.029838918,0.101231486,-0.013281458,-0.002449059,-0.007548865,-0.019802157,-0.022967609,0.03110647,-0.020666908,0.008889619,0.06670888,0.025598137,0.085017145,0.016457077,-0.008469664,-0.023688838,-0.0068435385,-0.050895087,-0.028335057,0.11527209,-0.022006603,0.0073650386,0.054572653,-0.05615025,0.10739605,-0.032483615,-0.098259374,-0.002787306,-0.005957662,-0.017898476,0.07498814,0.024861561
P0AAW9,-0.007373143,0.1075181,-0.026481746,-0.002149552,-0.019043004,-0.010378806,-0.0033630442,0.034473658,-0.029096382,0.031298738,0.07008085,0.003146055,0.08879144,0.030390508,-0.002206716,-0.021689365,-0.016113384,-0.06682631,-0.014349204,0.13149461,-0.036317002,-0.00775417,0.048227023,-0.06006257,0.10977309,-0.0135412365,-0.09294397,0.015752653,-0.021052351,-0.03687938,0.060058046,0.054961782
O00291,-0.027355298,0.105363876,-0.01121228,-0.007767942,-0.011162129,-0.013779091,-0.020352634,0.028168952,-0.02126759,0.007013283,0.064380266,0.023737969,0.097765066,0.018242981,-0.01345145,-0.025550034,-0.0054691317,-0.05835841,-0.041250873,0.11826547,-0.026812155,0.0106097795,0.050235603,-0.05086478,0.114622906,-0.030931624,-0.09521151,0.011813078,0.0029686582,-0.012772431,0.07461847,0.028075207
O95166,-0.0094685545,0.10761825,-0.021958664,-0.004446717,-0.012325179,-0.015572252,-0.025557073,0.028277049,-0.009413498,0.0029374543,0.059614718,0.03159598,0.09347755,0.020144058,-0.017358998,-0.031632397,-0.015893089,-0.07398677,-0.04529482,0.119874805,-0.04244664,0.013092868,0.06130519,-0.060169354,0.108451374,-0.03233159,-0.1057533,0.0016536899,0.012091424,-0.0187997,0.076731965,0.025337098
A0A0H3LCC3,-0.044045635,0.07977629,-0.014303492,-0.034082755,-0.00750444,-0.02015857,-0.05741845,0.016001832,-0.007010037,0.015147365,0.06809844,0.0068891607,0.08730732,0.032246906,-0.023841802,-0.043406922,-0.017674997,-0.09357937,-0.050126746,0.14417103,-0.066971585,-0.020627722,0.026856834,-0.037448574,0.13581607,-0.02496329,-0.09245147,-0.003358691,0.024730302,0.0027525537,0.09027583,0.07339823
P12960,-0.024673859,0.09365494,-0.015597004,-0.0037191308,-0.015039793,-0.011959215,-0.010605714,0.03141661,-0.033776976,0.02678139,0.07170416,0.0163688,0.09466189,0.021891614,-0.014731268,-0.024620578,-0.0062127337,-0.0597202,-0.02439112,0.11830156,-0.027261695,0.003454923,0.043340847,-0.04833728,0.115962185,-0.029970987,-0.09989872,0.0153767755,-0.0017885827,-0.018559894,0.064180814,0.03897369
P11836,-0.013025994,0.110584676,-0.02020306,-0.016787829,-0.019335242,-0.01657384,-0.0017535469,0.033384692,-0.031571165,0.012461099,0.065796785,0.028623158,0.09954524,0.026177948,-0.0066833813,-0.02369883,-0.0073841214,-0.059198186,-0.024024688,0.12383231,-0.03399332,0.0019650133,0.044997815,-0.05157124,0.11377909,-0.023214413,-0.10212666,0.012224725,-0.017801419,-0.021150837,0.063672185,0.042238295
P62256,-0.00742207,0.1299081,-0.015534791,-0.0010196101,-0.017898366,-0.018244596,-0.0064551085,0.05656834,-0.015824895,0.0008509774,0.06338425,0.053618394,0.09673369,0.046455003,-0.009350811,-0.02577654,-0.020933082,-0.037316613,-0.028820254,0.11542758,-0.031056546,0.009715579,0.06375155,-0.07631638,0.11777036,-0.03970602,-0.11209251,0.0033668038,-0.0066439696,-0.025603957,0.054481544,0.026751999
P04075,-0.02489618,0.11531002,-0.0145650115,-0.0036331748,-0.012715159,-0.0017093846,-0.0056262445,0.030866664,-0.02314549,0.0050759623,0.06550547,0.021285897,0.10378081,0.01285155,-0.004566863,-0.016838634,0.002891726,-0.052483033,-0.032520454,0.11216744,-0.02274457,0.0062486674,0.04727858,-0.051430825,0.11151385,-0.025200097,-0.09855878,0.020648086,-0.014755684,-0.021305734,0.07313435,0.02875371
P13001,-0.016494978,0.08671423,-0.011163209,0.0045352927,-0.026271714,-0.0024322544,-0.01895012,0.0348127,-0.021374276,0.018854858,0.06477994,0.02169641,0.11140665,0.021356508,-0.029573122,-0.026279276,-0.0062875785,-0.051071074,-0.016682405,0.107465476,-0.041046593,-0.008077859,0.052998036,-0.0616938,0.11254793,-0.029202795,-0.106481016,0.0107234,0.0100960545,-0.02452865,0.064819686,0.025095185
P34960,-0.013708106,0.12706928,-0.017076239,-0.009888009,-0.020187607,0.007415648,-0.011296737,0.046500802,-0.009379786,-0.021709708,0.062442284,0.03571584,0.10823697,0.024765274,0.0136289,-0.012737748,-0.004885549,-0.04344234,-0.021498209,0.105831474,-0.018479876,0.003509313,0.075118825,-0.077270724,0.10029581,-0.028726524,-0.10387277,0.021429757,-0.02975828,-0.016876947,0.07115507,0.02595739
A0A4Y1WAR4,-0.012084867,0.10766875,-0.018959036,-0.0059102415,-0.014676615,-0.004994232,-0.016908735,0.029539555,-0.027888449,0.003954604,0.07063585,0.01828236,0.10107609,0.02412171,-0.008730922,-0.025677053,-0.0055003823,-0.056735203,-0.02681744,0.11236521,-0.03948466,0.008599782,0.042887747,-0.061881762,0.10182121,-0.030508647,-0.09832739,0.0152621,-0.012683079,-0.018897409,0.064101495,0.032741666
O96028,-0.01232068,0.11550935,-0.013800514,0.0017348469,-0.017539447,-0.020664424,-0.01787849,0.044567768,-0.015631905,0.0021558106,0.06652486,0.03467077,0.092534855,0.03256292,-0.008140495,-0.02297204,-0.008579659,-0.05608372,-0.027012914,0.116761066,-0.016983287,0.016975194,0.06765626,-0.06352638,0.1051542,-0.026689857,-0.09858744,0.004134624,-0.011474138,-0.01697661,0.06608953,0.025189674
Q9P2J5,-0.019011565,0.10863309,-0.016068852,-0.009442202,-0.011465823,-0.0036911957,-0.017786698,0.04023199,-0.013722051,0.007827622,0.064721115,0.029910855,0.09962005,0.023349404,-0.008764391,-0.029903788,-0.008837948,-0.060206532,-0.030379416,0.111849755,-0.032023296,0.015805408,0.05635953,-0.06428943,0.11503497,-0.027201645,-0.1100841,0.009000852,-0.0037034163,-0.020750312,0.07034234,0.027120847
Q9Y4L5,-0.012217511,0.12216025,-0.023209339,0.0035833542,-0.015809236,-0.0053848587,0.010305299,0.04004187,-0.029328207,0.019500345,0.06523024,0.037178326,0.107379444,0.029810665,-0.008844209,-0.02680935,-0.0065236147,-0.03651136,-0.02558131,0.11799535,-0.027887283,0.003005387,0.062418383,-0.06891192,0.11548086,-0.048646197,-0.0961183,0.027313037,-0.017440626,-0.039783705,0.05167046,0.032673135
G8JZS6,-0.02791254,0.10845977,-0.024231583,-0.0047310963,-0.016082814,0.0061014593,-0.018799117,0.030510664,-0.028527362,0.013900802,0.060344815,-0.0008968388,0.093910284,0.010561596,-0.0011312384,-0.021453733,-0.01175458,-0.061202485,-0.027350625,0.11892287,-0.022808703,0.001388041,0.053905275,-0.057357922,0.10553908,-0.01782216,-0.09739267,0.011661657,-0.014034732,-0.039558865,0.062777035,0.038316507
O35250,-0.011413147,0.10668041,-0.01441318,-0.030843414,-0.020026773,-0.038247295,-0.010599892,0.041075245,-0.027988028,0.007726026,0.06638223,0.03996034,0.09231646,0.04467098,0.002355882,-0.021176143,-0.0052306345,-0.050758224,-0.008048529,0.12133713,-0.022231355,-0.0012979759,0.0612086,-0.051863164,0.103984475,-0.021668134,-0.10275631,0.007670101,-0.013937164,-0.0024948884,0.06417604,0.042013478
Q08438,-0.01667633,0.12431672,-0.008587781,-0.013077958,-0.013593228,0.009235021,0.0014328444,0.037036188,-0.025141466,0.0030941796,0.06362938,0.018199682,0.10255117,0.0021246271,-0.0077391234,-0.028924774,-0.002335249,-0.046457443,-0.041958302,0.115726985,-0.018375725,0.008098602,0.06301815,-0.07726239,0.102286965,-0.03745658,-0.1110609,0.026286636,-0.01971832,-0.025046576,0.0809515,0.013703918
O22287,0.0016883431,0.12486705,-0.02656106,-0.009374038,-0.016114738,-0.016513802,-0.021102615,0.035500474,-0.014756389,-0.01684739,0.059424132,0.042031437,0.09743565,0.025219878,-0.0012698049,-0.033172827,-0.020072542,-0.065179154,-0.04286735,0.11880966,-0.03351117,0.022861758,0.07063665,-0.08060703,0.10324001,-0.033012062,-0.10800802,0.0077516264,-0.0012323465,-0.01063811,0.06829875,0.025625201
A6NI73,-0.008085976,0.09795195,-0.01716192,0.0086772945,-0.017774913,0.012175957,-0.012601105,0.030752083,-0.030699423,-0.0010890206,0.06796315,0.008789412,0.10575801,0.018581498,-0.014007252,-0.005538636,-0.005816765,-0.0541914,-0.016916974,0.105700985,-0.049832802,-0.012520819,0.046715125,-0.07057282,0.1017486,-0.030057909,-0.096922025,0.027884655,-0.028241862,-0.023497716,0.073913455,0.032071665
P10276,-0.022506017,0.10518141,-0.01022238,-0.00993274,-0.022112304,-0.015361148,-0.021135913,0.03554318,-0.02213819,0.002484325,0.06481471,0.027340632,0.09534182,0.025641983,-0.007763822,-0.023916047,-0.012296235,-0.05880377,-0.030990753,0.11772498,-0.024062848,0.001819248,0.050770648,-0.05602986,0.11408312,-0.022424897,-0.10238539,0.004060858,-0.0067711025,-0.009224991,0.06763611,0.03824867
Q9AIS0,-0.032527212,0.09861378,0.012435425,0.003044054,-0.0076549063,-0.015371481,-0.027923487,0.024608217,-0.018744107,0.017505098,0.07972837,0.0066988133,0.06477246,0.0048302184,-0.007335076,-0.031479523,-0.00037752138,-0.06821729,-0.050685205,0.12625322,-0.03482025,0.02775468,0.04134579,-0.031400796,0.08649294,-0.027478484,-0.06677299,0.011702249,0.007491295,-0.032389745,0.06344205,0.00068856776
O75943,-0.024303593,0.09790264,-0.0114312535,-0.009431774,-0.025408885,-0.0018602886,-0.008873052,0.030427594,-0.03485338,0.009239,0.061591595,0.015660081,0.101667024,0.0125727,-0.015535573,-0.020985693,-0.0057180887,-0.057127513,-0.026002783,0.11925359,-0.031444274,-0.0048529906,0.055542767,-0.062920585,0.106086925,-0.024233941,-0.10067451,0.016461365,-0.019010723,-0.02048824,0.0646298,0.036169738
P01867,-0.020538034,0.10388306,-0.017568845,-0.0022819107,-0.007875914,0.0029492378,0.0034506954,0.03236802,-0.027828984,0.0041386387,0.06440206,0.020002572,0.11653039,0.014731033,-0.008940935,-0.015708657,0.011368788,-0.041572865,-0.018667053,0.10761744,-0.024417546,0.0125573855,0.04673188,-0.05232028,0.10219414,-0.03444664,-0.098786876,0.023119647,-0.03747833,-0.02318243,0.06240486,0.023333339
P36006,-0.008802496,0.13783763,-0.0029027574,-0.00473845,-0.016922468,6.789155e-05,-0.009063613,0.055661634,-0.0042742975,-0.031880032,0.06967461,0.05090581,0.09933057,0.027405646,0.021628972,-0.010838103,-0.021684635,-0.042421084,-0.04151132,0.102068685,-0.016299624,0.019227417,0.07878013,-0.08381553,0.102919,-0.03743978,-0.098457366,0.01765579,-0.017270226,-0.0009405799,0.069242425,0.01251059
P02293,-0.02568952,0.08553491,-0.020242952,0.021596083,-0.002795077,-0.0014668157,-0.015515253,0.016566753,-0.030791312,0.013195979,0.058611166,0.011666939,0.109844744,-0.0075742044,-0.029299622,-0.020910168,0.014725615,-0.053452242,-0.021927627,0.10384515,-0.03399273,0.00397788,0.014221825,-0.032558408,0.11923432,-0.022516204,-0.0947499,0.026451806,-0.006391699,-0.016696231,0.072666615,0.018479554
P0AF36,-0.016486114,0.10514492,-0.009901223,-0.019163398,-0.01954059,-0.008599731,-0.013480924,0.03185594,-0.020242112,-0.0012329785,0.07107687,0.020563252,0.111452706,0.019989766,-0.012100437,-0.025378078,-0.017333394,-0.055194635,-0.03183133,0.11793376,-0.033913784,0.01996003,0.042730585,-0.059713945,0.10721296,-0.027845241,-0.10195348,0.010207066,0.0008894938,-0.01304381,0.064832084,0.025400868
P11488,-0.032041453,0.090911195,-0.0147304805,-0.010780374,-0.015297917,-0.013918357,-0.03121844,0.03392499,-0.025459344,0.011337484,0.06341476,0.011110133,0.102492884,0.015226091,-0.022344243,-0.0400739,-0.01413849,-0.061981272,-0.03205057,0.12393572,-0.036514085,-0.0034779042,0.039405473,-0.0518306,0.11937573,-0.029420998,-0.10415993,0.006308609,0.019478163,-0.005119008,0.06799976,0.04103768
O75970,-0.037079025,0.07025308,-0.0035353769,-0.014635121,-0.021164345,-0.029381225,-0.051956266,0.016930163,-0.042899143,0.018659592,0.053113617,0.011773484,0.099748224,0.02422141,-0.030338531,-0.05579649,-0.016078742,-0.09204954,-0.04466926,0.1254154,-0.051038176,-0.014678864,0.035394438,-0.05870627,0.13630468,-0.014273206,-0.09851527,-0.028341778,0.0059814714,0.019234803,0.07246487,0.06201473
P82612,-0.016075812,0.106343076,-0.020160954,0.0015182078,-0.017795136,-0.0027154104,-0.0072353086,0.019118767,-0.038178023,-0.0039332476,0.06577244,0.012776014,0.10492482,-0.002326044,-0.0063020275,-0.015371034,-0.0007621398,-0.06819785,-0.040883075,0.11563768,-0.03337089,0.0064726816,0.045827262,-0.05294024,0.1079965,-0.023485411,-0.09156134,0.029147172,-0.00580358,-0.012364784,0.0752382,0.029533844
P03087,-0.030568054,0.10792375,0.0043347827,-0.007615197,-0.019082347,-0.011425432,-0.019454384,0.030670693,-0.01736406,0.0016945625,0.06949763,0.028150419,0.09626379,0.017738046,-0.012386228,-0.029837752,-0.003001498,-0.045610774,-0.03419226,0.10365242,-0.02262111,0.027368724,0.047619727,-0.05352506,0.096932314,-0.03293191,-0.091904104,0.010118715,-0.004272602,-0.021052092,0.06310996,0.01365013
O76071,-0.045434818,0.072624765,-0.016190397,-0.013965142,-0.0048618256,-0.001093537,-0.029836075,0.03520031,-0.031012649,0.038592756,0.055601884,-0.00405148,0.0863409,0.0080683995,-0.03247806,-0.044260148,-0.00449778,-0.08172428,-0.044121888,0.121244304,-0.043252964,-0.0006428044,0.03230394,-0.04730628,0.14502524,-0.0037470043,-0.104773305,0.003338869,-0.0034844324,-0.007089445,0.07595921,0.06310684
A0A0H3L5C8,-0.044045635,0.07977629,-0.014303492,-0.034082755,-0.00750444,-0.02015857,-0.05741845,0.016001832,-0.007010037,0.015147365,0.06809844,0.0068891607,0.08730732,0.032246906,-0.023841802,-0.043406922,-0.017674997,-0.09357937,-0.050126746,0.14417103,-0.066971585,-0.020627722,0.026856834,-0.037448574,0.13581607,-0.02496329,-0.09245147,-0.003358691,0.024730302,0.0027525537,0.09027583,0.07339823
O75330,-0.018272134,0.09117202,-0.012479837,-0.029910535,-0.025225585,-0.028867668,-0.02696447,0.03653558,-0.030653967,0.0034384064,0.05603384,0.026340494,0.09694811,0.022237053,-0.016904442,-0.047975365,-0.026199156,-0.07591999,-0.032277685,0.14029515,-0.034468602,0.001292794,0.041482184,-0.051934432,0.13004439,-0.01722804,-0.10731109,-0.011255953,-0.003858478,-0.00768586,0.056665327,0.044271976
P05031,-0.028739184,0.10362808,-0.0010260915,0.0031337154,-0.014677468,-0.0073362873,-0.0014086781,0.03754876,-0.026641488,0.0007695183,0.077546366,0.022277268,0.10001516,0.011872411,0.00023179005,0.0037415822,0.002056624,-0.039358314,-0.015674254,0.09659354,-0.008695589,0.016215928,0.052837968,-0.050520558,0.10030544,-0.022134913,-0.099286765,0.014868396,-0.017689424,-0.020372404,0.06423281,0.012818724
Q05516,-0.013221185,0.12733749,-0.00822428,-0.015935246,-0.019605951,-0.01021877,-0.007980273,0.041019585,-0.012321593,-0.011106278,0.06626955,0.0413317,0.105633296,0.024981912,0.002735111,-0.021675322,-0.0095763365,-0.052064028,-0.041087188,0.112725906,-0.023473527,0.013412303,0.055400316,-0.062051352,0.11532051,-0.024158914,-0.10180321,0.014390081,-0.0051441854,-0.0032411702,0.074646026,0.024660733
P10768,-0.020378746,0.11567289,-0.011883912,-0.025358029,-0.002223647,-0.0073388647,-0.020639291,0.02959767,0.001210358,-0.00060379814,0.058562845,0.036529716,0.109645985,0.020407034,-0.015566862,-0.036932368,-0.005279942,-0.056632534,-0.054443907,0.11629474,-0.04571818,0.016118323,0.07000219,-0.06672957,0.11465597,-0.0424892,-0.1008876,0.008126654,0.008817059,-0.020817585,0.088573575,0.016184678
P0AFX7,-0.025893556,0.10590392,-0.012151703,-0.0023137457,-0.019109137,-0.0083552115,-0.02556454,0.041883796,-0.020635605,0.01232286,0.063180454,0.019040853,0.091058575,0.028638223,-0.01005727,-0.029276367,-0.0092527885,-0.05390392,-0.024929695,0.11785219,-0.024952997,0.0005522474,0.044718355,-0.05001896,0.11314106,-0.021460984,-0.09642833,0.0053920834,-0.006411177,-0.021491002,0.060620952,0.034276757
P13458,-0.020278435,0.1149873,-0.020356003,0.011404896,-0.011754407,-0.005414615,-0.00770434,0.033955235,-0.031540524,0.014818743,0.061249394,0.010803972,0.10483241,0.019487267,-0.014942447,-0.022223026,-0.0067336066,-0.05332911,-0.026725408,0.1090271,-0.023475546,0.006327927,0.042729042,-0.062572695,0.109704375,-0.026075393,-0.10341147,0.010874851,-0.021306485,-0.022703871,0.066301376,0.04090294
Q9NP31,-0.023511086,0.083644785,-0.024107724,-0.008811615,-0.024994323,-0.024790836,-0.041679733,0.042659722,-0.018641371,-0.0012390725,0.054822132,0.027653731,0.093795426,0.01719656,-0.030798553,-0.047015376,-0.03846553,-0.07045324,-0.029109882,0.14224336,-0.04341057,0.01618119,0.044063378,-0.054965187,0.1127022,-0.028890476,-0.110052265,-0.017403023,0.028311208,-0.0053288415,0.055396125,0.02935047
O60565,-0.00839272,0.14848372,0.002590347,-0.02553015,-0.022422984,-0.0019600121,0.0052646035,0.053145967,-0.020942342,-0.013509363,0.0697484,0.052292984,0.11408812,0.023897132,-0.0019986331,-0.027080253,0.0001480924,-0.029470367,-0.045455307,0.10006293,-0.019403558,0.02502935,0.067662776,-0.0751485,0.10757334,-0.03892752,-0.10870527,0.021796042,-0.0037476649,-0.018359618,0.07883255,-0.0044651013
P19835,-0.030238988,0.103925,-0.026426358,-0.0054924614,-0.01003058,-0.0036179137,-0.024243146,0.018514747,-0.011772572,0.007787406,0.05836993,0.016785769,0.11786324,0.027672062,-0.023638353,-0.02702651,0.003495833,-0.057434786,-0.030036166,0.11573851,-0.034557495,0.004119786,0.0394725,-0.053075496,0.11060714,-0.030240849,-0.10935437,0.008999667,-0.009459749,-0.019497547,0.067408115,0.04974076
P25858,-0.004766797,0.12783587,-0.014354502,-0.014489094,-0.030156126,-0.017168283,-0.012317469,0.042100377,-0.02759244,-0.0075052055,0.06579696,0.041802634,0.095804,0.028596008,-0.0004835777,-0.031095767,-0.01718739,-0.055145543,-0.033987276,0.119629785,-0.023911644,0.0100107845,0.059511565,-0.069953054,0.108223535,-0.027772835,-0.106116906,0.010584643,-0.0011359726,-0.012983166,0.062707216,0.025976136
P0C7R1,-0.03075794,0.08912217,-0.021063104,-0.0036433388,-0.032045808,-0.010067512,-0.028506428,0.03087938,-0.045205917,0.017642485,0.051388334,0.004287916,0.11489952,0.022540065,-0.040490653,-0.03385258,-0.001418763,-0.056025665,-0.009828496,0.1324009,-0.029222885,-0.0006827777,0.037786085,-0.045812517,0.10237723,-0.023331195,-0.08939601,0.010055293,-0.01345801,-0.016224215,0.06635744,0.039925653
P08487,-0.014744642,0.08367394,-0.020484356,-0.029474761,-0.025169833,-0.040212683,-0.028961152,0.040753108,-0.037699223,0.029353987,0.050540887,0.028519575,0.090439536,0.0415269,-0.02391772,-0.05676252,-0.016256455,-0.08552609,-0.01524652,0.14212584,-0.039002825,-0.0069816564,0.039570153,-0.050815374,0.13518637,-0.0020356085,-0.110756986,-0.016883764,-0.014410812,0.0015823413,0.056164544,0.0666565
O35381,-0.00804072,0.12141703,-0.027248042,0.008103471,-0.011028964,0.00036862073,0.006586897,0.018808857,-0.033725113,0.0069275815,0.06444427,0.011822388,0.104993515,0.0082831895,0.0067275995,-0.016692042,0.002739358,-0.061159857,-0.030373046,0.11276943,-0.020515934,0.014268578,0.063744664,-0.070092335,0.093403324,-0.029633308,-0.094730824,0.03213157,-0.03159377,-0.03221803,0.06283875,0.031992517
A0A2P1GIW3,-0.0122310715,0.11405942,-0.021770798,-0.012103736,-0.027893588,-0.01627227,-0.019225597,0.035259776,-0.02664488,-0.014867241,0.058671102,0.03436213,0.09979643,0.014247009,-0.0053332215,-0.03219211,-0.021091688,-0.06387843,-0.036233783,0.12823649,-0.028244752,0.013744796,0.065736756,-0.069799304,0.1018978,-0.030993752,-0.10663399,0.0068850024,0.0048282985,-0.009989118,0.06403019,0.025838103
P60953,-0.022951452,0.10192495,-0.008685908,-0.014757789,-0.016326638,-0.017471086,-0.0076538804,0.03260728,-0.031360056,0.012750694,0.07187327,0.02951506,0.097714044,0.019505661,-0.009528118,-0.028676618,-0.0040386696,-0.05776072,-0.03452679,0.11810613,-0.026677402,0.014228686,0.040068943,-0.046707455,0.11888135,-0.025968373,-0.101395614,0.010220166,-0.0044199917,-0.011558484,0.062698334,0.031851333
P06789,-0.038011782,0.08630246,-0.01105053,0.009315915,-0.015661793,-0.0054876185,-0.03688181,0.034878492,-0.03285305,-0.0043568104,0.05434292,0.012059775,0.109449886,-0.003324369,-0.026284903,-0.028109306,0.0044186334,-0.05747803,-0.027620494,0.1116082,-0.027316323,-0.000680279,0.046195876,-0.043042958,0.11237667,-0.02810739,-0.0942922,0.009728868,0.0104751615,-0.00304089,0.083425246,0.014120611
Q96VN5,-0.018180454,0.09932038,-0.014678823,-0.012207897,-0.014861555,-0.014770115,0.0062097963,0.023804713,-0.032242134,0.019762237,0.063982025,0.01828174,0.099964805,0.01869681,0.003729375,-0.021768264,-0.002336656,-0.06748266,-0.028684095,0.13020189,-0.025404999,0.0003310755,0.05534471,-0.053380914,0.12132034,-0.017161002,-0.088807106,0.014676541,-0.035648853,-0.022110429,0.062242772,0.046057828
O97364,-0.019213032,0.083271146,-0.022062613,-0.035480816,-0.00053655356,-0.05392895,-0.029239658,0.037122402,-0.024523929,0.030231956,0.058146685,0.023821425,0.07836774,0.05499795,-0.0251319,-0.044302266,-0.010589032,-0.07123935,-0.018108698,0.12639159,-0.05347079,0.004420493,0.03865236,-0.028721752,0.1140158,-0.025226725,-0.09673356,-0.014679062,-0.009503291,-0.0076352637,0.06330712,0.064309604
Q9P2N6,-0.019211339,0.091863096,-0.0027356707,-0.014331217,-0.018884074,-0.019162033,-0.020600166,0.023273308,-0.025814023,0.0039544255,0.069330186,0.023787456,0.0933294,0.017774984,-0.011433279,-0.029381547,-0.007949529,-0.05992655,-0.036204092,0.123087026,-0.032815695,-0.003792248,0.044472985,-0.054327495,0.11820289,-0.025036985,-0.09898106,0.0024215563,-0.009965828,-0.02106012,0.056538682,0.03266079
P06983,-0.018475106,0.09245572,-0.008241337,-0.022280527,-0.018838571,-0.022120321,-0.02029753,0.035580877,-0.025158124,0.0077118254,0.064070754,0.029917508,0.100224435,0.02697272,-0.0154975355,-0.031173894,-0.007823676,-0.067391634,-0.026801558,0.11688747,-0.029988175,0.01807263,0.05682726,-0.059875112,0.1139049,-0.016927145,-0.11142039,-0.0071142022,-0.007343383,-0.006858681,0.06781051,0.029129976
P11880,-0.031822488,0.085239254,-0.0075842016,0.009426008,-0.012410581,-0.008181171,-0.02806496,0.026088567,-0.019816404,0.015942058,0.060454626,0.00819433,0.0879854,0.002882716,-0.022315076,-0.025868142,-0.013886237,-0.06444272,-0.032428354,0.12254491,-0.035237994,0.004219691,0.035787057,-0.039437216,0.10514524,-0.024733111,-0.094982035,0.002270069,0.011432163,-0.020948982,0.0660293,0.01584518
O75821,-0.030563928,0.08391437,-0.013565382,-0.0033412594,-0.016245542,-0.027572373,-0.039734706,0.031454504,-0.03267085,0.007763165,0.05577534,0.020822104,0.102291375,0.015599402,-0.026677158,-0.051358346,-0.011585878,-0.07388788,-0.036109466,0.12969805,-0.039282948,0.0067903018,0.0375593,-0.044527777,0.12633103,-0.025297437,-0.09251188,-0.011679534,0.012665028,0.00019918662,0.063913405,0.034585256
Q9NUX5,-0.02473496,0.1072071,-0.017043956,-0.0025831803,-0.008072914,-0.014353293,-0.013302468,0.029385703,-0.01602033,0.020403808,0.06700084,0.024567127,0.09384451,0.031603906,-0.009152462,-0.02049178,-0.0022331486,-0.049470004,-0.024478791,0.11112049,-0.030656477,0.005828958,0.046280686,-0.050157037,0.108006574,-0.028238488,-0.09578077,0.007398611,-0.017113695,-0.027388042,0.06584666,0.042020846
P16885,-0.017942334,0.11579696,-0.00855407,-0.011827681,-0.01597273,-0.017843053,-0.008066462,0.038684066,-0.024110392,0.008539267,0.069716156,0.033444148,0.09679019,0.029023008,-0.0067964196,-0.023069518,-0.004494784,-0.05208008,-0.029869772,0.115950465,-0.02074353,0.015788447,0.048662305,-0.054348636,0.111832015,-0.024927266,-0.101823635,0.008779986,-0.012252323,-0.014980982,0.066636465,0.027448468
Q969T4,-0.017178072,0.11931594,-0.011767394,-0.00091948174,-0.020756897,-0.011994978,0.008336459,0.04641023,-0.028433286,0.011183735,0.06865294,0.036079273,0.10653973,0.033857435,-0.0012806365,-0.016549215,-0.008125069,-0.03289934,-0.013714301,0.11331872,-0.015101993,0.0065841777,0.058556244,-0.063111946,0.10608155,-0.037843578,-0.10100444,0.017296558,-0.021356218,-0.023995776,0.052327167,0.027916022
O75971,-0.014206715,0.11686933,-0.011283784,-0.015624844,-0.02034191,-0.0059517063,-0.004967241,0.03395191,-0.022232175,0.0021877354,0.071111806,0.018633336,0.09812051,0.025047243,-9.251138e-05,-0.017895915,-0.009389683,-0.0565833,-0.031432208,0.11969953,-0.023126788,0.0042629517,0.051713508,-0.06718752,0.113027625,-0.018563323,-0.10024669,0.01726687,-0.028121464,-0.020496482,0.06844368,0.04262523
P54066,-0.047048077,0.08752592,0.0093711745,0.02026214,-0.008438215,-0.021362357,-0.0386284,0.02281382,-0.038659092,0.0142556885,0.06693171,0.018012267,0.08404673,-0.0031389303,-0.03144494,-0.020911966,0.014081423,-0.05723072,-0.044366308,0.10125014,-0.024277247,0.006701462,0.021673013,-0.025777018,0.12464044,-0.015133081,-0.09125826,0.0011576428,0.025948297,-0.00779438,0.08130014,0.0043823384
Q9BRJ7,-0.011589709,0.1198799,-0.008751471,-0.014330413,-0.016780376,-0.008644631,0.003777205,0.030536821,-0.016486755,-0.008735734,0.069170624,0.035131723,0.104018055,0.023705296,0.008957509,-0.0022826958,-0.0022141733,-0.04798507,-0.024802083,0.10880813,-0.021919366,0.018356442,0.059095714,-0.058393605,0.09436695,-0.022825979,-0.09704229,0.018702384,-0.030309182,-0.017347727,0.06785124,0.019857537
P21243,-0.040788636,0.09852977,-0.016729662,-0.009443715,-0.007897456,0.008623061,-0.013643732,0.044083174,-0.021606732,0.0084895985,0.056774206,0.003680583,0.07804742,-0.011088433,-0.0016997475,-0.020870287,-0.020845728,-0.06470979,-0.044174947,0.11423886,-0.026591472,0.002609807,0.05250124,-0.056880154,0.118752964,-0.014923866,-0.104043245,0.022403654,-0.0025883662,-0.0090270415,0.07935902,0.044687178
P62258,-0.023827648,0.11375687,-0.015810253,-0.007027447,-0.01223066,-0.0047255545,-0.016679354,0.035456456,-0.02012925,0.0034992266,0.060563672,0.025131576,0.098820865,0.013256756,-0.009539632,-0.030339196,-0.008440512,-0.06099877,-0.045202006,0.1175699,-0.03141855,0.0067508323,0.053722475,-0.061435033,0.117746994,-0.027232345,-0.10282696,0.01299299,0.00044045906,-0.012547609,0.073647596,0.032212447
P09056,-0.02374854,0.121021226,-0.024376296,-4.0808693e-05,-0.005475973,0.021520976,-0.01027298,0.043596618,-0.018960254,0.0035144556,0.061540373,-0.006437216,0.09674068,-0.001170476,-0.0009247614,-0.031459566,-0.009848151,-0.07121131,-0.05511378,0.11517407,-0.035573445,0.003195839,0.05316455,-0.07069356,0.11920429,-0.020365637,-0.103127785,0.027417893,-0.013603704,-0.020494781,0.08117084,0.04799827
P20809,-0.021917583,0.11969406,-0.020136861,-0.003587448,-0.010180478,0.01826065,-0.014416177,0.04970895,-0.007852868,-0.007401201,0.061971888,0.013300644,0.10309872,0.015164356,0.0047262693,-0.020940885,-0.007658777,-0.053861506,-0.032841124,0.10840324,-0.028376892,0.001402807,0.061068863,-0.072141476,0.11205065,-0.023453452,-0.10366454,0.021988008,-0.02445691,-0.019242749,0.07578566,0.03788574
O15212,-0.029733736,0.09356071,-0.008034358,0.0114570875,-0.00902238,-0.013511392,-0.0048397584,0.03296926,-0.03467446,0.02432476,0.071104944,0.0067857793,0.09281675,0.011635004,-0.017154694,-0.014134054,0.0015325502,-0.053220324,-0.021911437,0.106576286,-0.016751502,0.014672304,0.033251017,-0.039639644,0.106887445,-0.020295393,-0.095840976,0.014888754,-0.014974396,-0.015495676,0.06321279,0.031601246
P02942,-0.025703395,0.11109821,-0.0033747628,-0.02465146,-0.020849163,-0.018515138,-0.022821134,0.040470004,-0.025232136,0.0019414512,0.05923705,0.02984068,0.09727702,0.025288807,-0.018943815,-0.02766555,-0.01494399,-0.055563483,-0.02836991,0.117851906,-0.030412389,-0.0018129759,0.041851167,-0.058108866,0.118199594,-0.021798553,-0.112689935,0.009156216,0.0028046146,-0.00023957218,0.084581584,0.03346433
P32835,-0.008749774,0.12347188,-0.013517591,-0.011254237,-0.025169179,-0.0107077025,-0.0073552746,0.034071565,-0.039080907,0.0018981913,0.06148684,0.03685383,0.102904655,0.019476725,-0.0052296617,-0.03734329,0.00030564112,-0.06332071,-0.03892022,0.11046945,-0.022475509,0.015516219,0.06916144,-0.0782127,0.10914284,-0.02642475,-0.10896195,0.007305739,-0.018423773,-0.016890904,0.06900757,0.024719534
P18239,-0.016339378,0.09699271,-0.012388721,-0.014413281,-0.012307491,-0.013074666,-0.011035006,0.024313226,-0.019325009,0.013494146,0.068711184,0.018187286,0.102482826,0.022629017,-0.011298294,-0.039995667,-0.0058032847,-0.06728274,-0.035168916,0.12821232,-0.04376829,0.0022389258,0.042106587,-0.0530604,0.11038946,-0.03473897,-0.10045221,0.010714726,-0.009794904,-0.018457538,0.058573037,0.040172763
P0AG40,-0.040425256,0.085688695,-0.0198255,-0.012276765,-0.017713582,-0.00096866395,-0.029372044,0.044585668,-0.025439208,0.011527104,0.043117933,0.0068537705,0.099173136,0.0072840396,-0.03245485,-0.030127967,0.0010704333,-0.069574356,-0.039539035,0.12515588,-0.011438442,-0.0058971825,0.06496478,-0.035813186,0.121754475,-0.027612377,-0.11829606,0.018110003,0.013124175,-0.004845755,0.09227648,0.034507744
P16686,-0.009240154,0.13351122,-0.0014733588,-0.018295603,-0.015344271,-0.0057668365,-0.011209736,0.041369997,-0.007972455,-0.018192187,0.061078742,0.04031687,0.113759175,0.02478956,-0.0063466886,-0.02395621,-0.009701641,-0.041462302,-0.040407024,0.10916293,-0.0315054,0.00859547,0.048147514,-0.070562646,0.118961975,-0.027335871,-0.105384655,0.012836318,-0.011893922,-0.010607176,0.086344026,0.012359355
P0DPB6,-0.01587879,0.098664075,-0.005120499,-0.0248801,-0.036098704,-0.028550774,-0.017172704,0.053528666,-0.037720993,-0.009760769,0.07013914,0.045824297,0.087459445,0.029302564,0.0022200495,-0.018648494,-0.015007526,-0.05704074,-0.023063846,0.11761238,-0.015792433,-0.0058974195,0.06750848,-0.062210925,0.12145644,-0.015079525,-0.10561138,0.007883764,-0.0010497337,0.01908012,0.06641433,0.039020404
Q9NQX3,-0.024371369,0.10490714,-0.0061120777,-0.014556501,-0.02150065,-0.01472294,-0.01744745,0.036668338,-0.03079127,0.0004941515,0.06672186,0.024692275,0.10609076,0.018306708,-0.012448741,-0.028038956,-0.007868839,-0.05559455,-0.032789417,0.119013034,-0.026794113,0.007825104,0.043677635,-0.04670001,0.1145354,-0.028762175,-0.094922975,0.015482183,0.006352485,-0.004707182,0.06929665,0.025025345
P20042,-0.031955093,0.08061798,-0.012121783,-0.0075158076,-0.011619247,-0.015647694,-0.03952287,0.02777743,-0.027669126,0.01683402,0.063986495,0.011888274,0.09404953,0.017054573,-0.027222771,-0.04045742,-0.010089757,-0.07900529,-0.037533484,0.12146296,-0.040095497,0.009519607,0.03767534,-0.051811986,0.12537786,-0.018891284,-0.10300497,-0.003624679,0.010508604,-0.0038039535,0.07117877,0.0405547
C0LGQ5,-0.026221193,0.08166368,-0.020938091,-0.017125621,-0.028182585,-0.030807396,-0.038742907,0.047183543,-0.023775294,0.016347412,0.062956646,0.031614095,0.08739046,0.04235079,-0.01904855,-0.045981105,-0.010448587,-0.06647106,-0.00282194,0.13734622,-0.03024476,-0.013220303,0.030421149,-0.037164267,0.12711929,-0.014976521,-0.11999065,-0.009324851,0.004490507,-0.008771531,0.047931083,0.057816915
P06745,-0.009274426,0.110102944,-0.024837095,-0.019265667,-0.023161924,-0.028972998,-0.008774247,0.04759396,-0.0111195035,0.011816462,0.06841972,0.04853915,0.08896494,0.04604675,0.0038473434,-0.021176856,-0.017914455,-0.049693666,-0.008339191,0.123466946,-0.020449348,0.0049267686,0.058277495,-0.05488833,0.11340842,-0.019674197,-0.10739633,-0.0071122786,-0.015398665,-0.016150694,0.057590146,0.0452079
P13929,-0.008594804,0.08778749,-0.024107428,-0.025020994,-0.026031544,-0.024620108,-0.028522357,0.038256373,-0.021392358,0.018717898,0.06631888,0.022191593,0.09399736,0.045040578,-0.021110438,-0.042016324,-0.020122316,-0.064295374,-0.008306978,0.1408922,-0.04523769,-0.005859926,0.036204368,-0.052003622,0.11028003,-0.023414502,-0.10401973,0.0001963079,-0.005078816,-0.011912018,0.055502508,0.05366127
P03372,-0.025032042,0.11240266,-0.010828863,-0.0046560545,-0.013301697,-0.009298078,-0.01859529,0.040492967,-0.017206592,0.00021789708,0.06404139,0.02786326,0.09563958,0.02060852,-0.005116069,-0.022482203,-0.0073192953,-0.056270357,-0.035419248,0.11340647,-0.021902556,0.00753965,0.056023955,-0.058522943,0.113881394,-0.026157014,-0.10282906,0.01003606,-0.005054371,-0.008987972,0.074721664,0.02945757
P01597,-0.012271545,0.10373086,-0.030220192,-0.022515215,-0.024212014,-0.020857466,-0.021579988,0.050613187,-0.013790965,0.003444842,0.054762475,0.038572904,0.09722348,0.044556014,-0.0014852909,-0.030135453,-0.015654678,-0.055429548,9.950204e-05,0.1282072,-0.032606635,-0.015737765,0.04642686,-0.05207219,0.118731275,-0.01181611,-0.10906679,0.00041749142,-0.02424964,-0.009148467,0.052791674,0.06140968
O75344,-0.021194786,0.1174674,-0.015451148,-0.03531258,-0.012915825,-0.0075414353,-0.018473463,0.0451595,-0.005539978,-0.014230809,0.058930557,0.035566658,0.11507172,0.026194165,0.0018667821,-0.035318557,-0.012351237,-0.054291427,-0.035731155,0.1207484,-0.03393959,0.013921216,0.053097546,-0.05742511,0.11984843,-0.024886677,-0.1021669,0.0057421005,-0.008233783,-0.0043957517,0.07224686,0.03277356
Q03790,-0.014761618,0.12519245,-0.015286878,-0.021919956,-0.0091571035,-0.007531181,-0.0052782013,0.03678171,-0.007406808,0.00024728183,0.06841384,0.040058274,0.09780141,0.026521528,0.003281068,-0.018240657,-0.008028182,-0.045583308,-0.035029657,0.10248907,-0.025800766,0.018237473,0.05040273,-0.06294715,0.1159149,-0.021897918,-0.10881839,0.010654352,-0.015898384,-0.020614238,0.071092434,0.03196405
O95399,-0.016751034,0.13496982,-0.018599888,-0.022209661,-0.0155643225,0.0039799833,-0.009539972,0.058403235,0.0022666317,-0.025341012,0.05898736,0.052158292,0.108545355,0.028765008,0.023985773,-0.016925292,-0.008357013,-0.046956316,-0.028571604,0.11032208,-0.021169366,0.01669841,0.07357111,-0.06271746,0.11225609,-0.023699136,-0.095428914,0.022352705,-0.01913695,-0.0028980635,0.07661509,0.02308396
Q9NQX1,-0.017434947,0.1114963,-0.0094029205,-0.0029496402,-0.026779233,-0.006128403,-0.0051759984,0.02452771,-0.03178992,0.0016170475,0.06664136,0.015621185,0.1078358,0.016512776,-0.0037931588,-0.01572637,-0.0113940565,-0.05841762,-0.029703395,0.11296686,-0.022212185,-0.0010236518,0.050691053,-0.066006035,0.100063056,-0.024298249,-0.10462317,0.011865209,-0.018121343,-0.0135548925,0.06239336,0.039025273
P0AC19,-0.018745938,0.11973703,-0.01223319,-0.0255752,-0.018171,-0.00781475,-0.0156184025,0.04645212,-0.010936628,-0.015128474,0.0631836,0.03898341,0.10873621,0.026624195,-1.5216569e-05,-0.026839683,-0.018470546,-0.047022972,-0.032591622,0.116437174,-0.02567893,0.019357365,0.052585375,-0.06434597,0.112074226,-0.027247442,-0.10671964,0.0078045675,-0.0067029917,-0.0043543926,0.06512154,0.026209844
P17555,-0.045486353,0.08694184,0.00600815,-0.0069588125,-0.00868437,-0.015438033,-0.030479688,0.03224312,-0.018445015,-0.003507699,0.06705867,0.015875233,0.11264222,0.0011810982,-0.027348805,-0.020165682,0.0030010594,-0.054855593,-0.036799163,0.10825868,-0.023860397,0.01829185,0.046452664,-0.030068055,0.11573793,-0.034332756,-0.088179,0.0023548552,0.020010766,-0.0052971644,0.09743582,-0.00062648905
P01575,-0.017186183,0.12584606,-0.013802964,-0.0127794305,-0.015092211,0.017936323,-0.019782003,0.054170705,0.005223818,-0.0236657,0.06473067,0.028262671,0.11171945,0.024060406,0.013162363,-0.019099347,-0.016333722,-0.046970874,-0.032528892,0.10519965,-0.030019667,0.0020957072,0.06504387,-0.07897821,0.1156411,-0.02474243,-0.10314516,0.013659505,-0.0207306,-0.013766014,0.07575695,0.030562073
P02767,-0.02293535,0.08647954,-0.011250338,-0.009702081,-0.013114995,-0.0058481046,-0.013434502,0.03357754,-0.025802154,0.010109287,0.07099136,0.0011875047,0.10667844,0.019005902,-0.0016081375,-0.026507424,-0.0032570427,-0.06596972,-0.02421772,0.123696275,-0.030376682,-0.0016386088,0.05221703,-0.053242616,0.112516895,-0.023628237,-0.08675734,0.012194793,-0.024742074,-0.009459171,0.065938674,0.044047378
P06307,-0.019520039,0.13057877,-0.015543421,-0.013443086,-0.0169057,0.002002274,-0.0038228445,0.046812546,-0.005120985,-0.0074859387,0.06272926,0.03735875,0.11054579,0.03327707,0.012916709,-0.009380659,0.00045160888,-0.042578917,-0.019884761,0.10657141,-0.01561495,0.009058804,0.064994276,-0.06134379,0.10893711,-0.020166732,-0.10409868,0.021913335,-0.026690679,-0.016568577,0.07678261,0.030610127
O70201,-0.038563915,0.08791071,-0.0018365607,-0.0049132593,-0.021683956,-0.03126239,-0.030098999,0.03420713,-0.048810672,0.020256631,0.048594363,0.024868581,0.09427716,0.018830948,-0.03550625,-0.031855,0.0017650076,-0.07024444,-0.027550587,0.120579734,-0.021716993,0.0018358976,0.035230648,-0.038980626,0.12531266,-0.0061976546,-0.10620833,-0.010139514,-0.0035643727,0.009747814,0.07838699,0.033754434
P09429,-0.021448748,0.11079838,-0.017391458,-0.0035412025,-0.014184804,-0.0005622293,-0.00630386,0.0340485,-0.02440048,0.004126029,0.063419074,0.025086785,0.103839025,0.015318997,-0.00294879,-0.02019406,-0.0013469065,-0.05197767,-0.028422466,0.1120084,-0.028458547,0.006378862,0.053769793,-0.056613784,0.10750906,-0.029953465,-0.09736436,0.020496668,-0.016405193,-0.021618713,0.06535936,0.029096613
Q96B02,-0.013706389,0.12612921,-0.008573488,-0.0025340691,-0.019121036,-0.0071746283,0.0064407066,0.040946987,-0.028073585,0.0121556325,0.06345177,0.036611356,0.10413357,0.02977774,-0.005449331,-0.024876881,-0.0039242683,-0.045992278,-0.03032443,0.11416243,-0.018524885,0.00651408,0.06348112,-0.07302286,0.11023249,-0.035622012,-0.10509907,0.01634153,-0.028247708,-0.022402402,0.06419095,0.028068867
P00445,-0.016495086,0.1093637,-0.0257905,-0.021600276,-0.015366898,-0.01356222,-0.019547539,0.034654666,-0.0148641495,0.0018206757,0.062367197,0.034341797,0.10225607,0.029511482,-0.0006986565,-0.028373107,-0.010743733,-0.06361306,-0.028534524,0.1174348,-0.03339616,0.01037995,0.060475767,-0.0609508,0.114881195,-0.024039263,-0.10613808,0.011212908,0.0013405724,-0.010015971,0.07030841,0.042154163
P0CT31,-0.039730795,0.08431456,0.0016388831,-0.014257993,-0.01771847,-0.016641589,-0.022678664,0.028590355,-0.035573825,0.016338788,0.06608191,0.009628606,0.09407568,0.009427819,-0.0264187,-0.033949677,-0.00959022,-0.05848537,-0.034405317,0.12215592,-0.036922056,0.00023358382,0.026268797,-0.039369192,0.11850885,-0.02590369,-0.096888304,0.01028568,0.010760043,-0.008529822,0.066287726,0.03351371
P08254,-0.016928945,0.12055945,-0.00881549,-0.010207358,-0.015708387,-0.006467259,-0.00065944315,0.04513961,-0.013978315,0.0027445282,0.06682804,0.0362802,0.11079013,0.04002188,0.0010065542,-0.010869912,0.0018017543,-0.03054181,-0.0072080544,0.10181389,-0.015989453,0.009768357,0.06099223,-0.06335273,0.09890234,-0.030348271,-0.10285469,0.012599525,-0.037079465,-0.026394285,0.062012184,0.024487717
P07492,-0.01494883,0.12302514,-0.021651262,-0.0057564736,-0.014998705,0.010497094,-0.015927196,0.051515605,-0.0051279203,-0.0155525105,0.06064983,0.031566825,0.10475969,0.02688797,0.013168861,-0.011966948,-0.005459888,-0.04385303,-0.016994199,0.10214869,-0.020677598,0.0037147773,0.0770799,-0.07706607,0.09962682,-0.025704436,-0.10450491,0.017875345,-0.028747454,-0.017462177,0.07345715,0.027643392
P0AFX0,-0.04755796,0.07465978,0.011155183,0.0033982433,-0.0061876248,-0.03069575,-0.05028747,0.02250427,-0.020518323,-0.0018493565,0.06778697,0.019243592,0.087851174,-0.0064142593,-0.028160237,-0.04508783,0.0077258386,-0.07025431,-0.04811092,0.12750219,-0.03650069,0.0033591485,0.030734109,-0.021096526,0.123430215,-0.033717085,-0.08490721,-0.006011412,0.034998458,-0.0048755617,0.08281387,-0.00034063807
Q96SB4,-0.018418083,0.11567119,-0.016988702,-0.013335207,-0.015956504,-0.018781647,-0.012597539,0.038621437,-0.017418332,0.0034015828,0.06445292,0.034346897,0.09811736,0.029875189,0.0021971217,-0.023535972,-0.0060291737,-0.0593356,-0.029152744,0.1163708,-0.02527474,0.007138714,0.0621359,-0.057495847,0.1121705,-0.022056028,-0.100886635,0.0069259303,-0.00689026,-0.009663262,0.07062132,0.03737326
P06151,-0.015683617,0.11881934,-0.011866753,-0.0077388454,-0.013102708,-0.017586367,0.001255786,0.041626994,-0.026301945,0.0030236333,0.065207645,0.04849703,0.09721021,0.026201721,-0.0026380662,-0.023226192,-0.010607463,-0.050795764,-0.03709106,0.113420345,-0.028121097,0.017298486,0.067814544,-0.064445905,0.111156754,-0.042343825,-0.10745831,0.014865335,-0.0040769577,-0.019317353,0.05813045,0.022039346
P0C0L5,-0.03175995,0.09544349,-0.014997351,-0.0092567755,-0.0047287853,-0.013585937,-0.02467984,0.040769015,-0.020544117,0.011631195,0.071655124,0.020256272,0.097245105,0.029347247,-0.0088270875,-0.027246267,-0.0032545624,-0.05328064,-0.020974636,0.10799596,-0.030503869,-0.00094101735,0.038031247,-0.04836298,0.12513436,-0.02857471,-0.101086825,0.0061049857,-0.007979016,-0.0070497207,0.070744604,0.04720834
P0ABU9,-0.018277405,0.08347237,-0.02260682,-0.012276903,-0.016915107,-0.021381805,-0.01766442,0.029391423,-0.031523656,0.024524108,0.067802005,0.007078701,0.09896651,0.028644877,-0.020339971,-0.021997802,-0.011049836,-0.0630754,-0.0091975825,0.12126575,-0.03319063,-0.00403959,0.028213391,-0.04383002,0.11563759,-0.0103839515,-0.1081552,0.0018582599,-0.012447104,-0.016563999,0.05435045,0.058518127
P04626,-0.02073785,0.11602355,-0.0062763193,-0.014911125,-0.019361617,-0.01602633,-0.0067554507,0.03398029,-0.022042826,0.0019805017,0.06739157,0.033188254,0.096101314,0.023629582,-0.0002459921,-0.020496145,-0.0025609033,-0.0566268,-0.032801572,0.117757544,-0.023565883,0.008046515,0.056962185,-0.0538737,0.10743612,-0.02626626,-0.09867385,0.01800068,-0.008806765,-0.012202115,0.07237081,0.028648363
P00883,0.0067368764,0.16183591,-0.016608482,0.010326151,-0.017676182,-0.03683883,0.04687183,0.04505378,-0.03135201,0.019633587,0.077614985,0.069009565,0.10073218,0.0576888,0.039550215,0.0043849014,0.007703069,-0.03634373,-0.010091684,0.09836684,-0.00019371137,0.022369526,0.08825462,-0.06125115,0.10735303,-0.031255595,-0.08848209,0.026285268,-0.034433067,-0.040806796,0.056059282,0.024400756
P09960,-0.023472102,0.116390735,-0.011589721,-0.008971981,-0.013472707,-0.004755439,-0.002911385,0.038700346,-0.022060657,0.0077365395,0.062750466,0.024332173,0.10276484,0.021310207,-0.0030638122,-0.017514797,-0.0061101764,-0.045672014,-0.023652595,0.1121994,-0.023324061,0.008212806,0.05270852,-0.057412613,0.10417936,-0.02726906,-0.10125155,0.017315162,-0.017588478,-0.021660853,0.06477279,0.027145738
P61459,-0.041291505,0.09254895,0.0020660255,0.014222122,-0.01434337,-0.024429206,-0.01218234,0.043674503,-0.03002551,0.018363109,0.080044284,0.017502021,0.097924985,0.022414874,-0.023149868,0.0026678555,-0.001571161,-0.046887416,-0.028150229,0.11172889,-0.017258469,0.007338647,0.0134137105,-0.011547131,0.13619149,-0.011249339,-0.08185866,0.008801346,0.012627266,0.00043235533,0.0743362,0.031172212
P00558,-0.01583716,0.114684634,-0.020864313,-0.0107827345,-0.01616196,-0.0070846067,-0.021004695,0.041470326,-0.010862074,-0.008420469,0.06823867,0.033395436,0.10246502,0.02763799,0.0014328371,-0.027001223,-0.008636011,-0.056268703,-0.036413513,0.11595331,-0.027749434,0.013829997,0.059154086,-0.061691143,0.11477625,-0.028092634,-0.10087923,0.011329631,-0.0007585435,-0.010983797,0.06698947,0.033392612
P52735,-0.017767003,0.11988012,-0.014439896,-0.013559158,-0.017083202,-0.0041159033,-0.014613605,0.049149316,-0.012977232,-0.004206384,0.06645713,0.031740617,0.103367805,0.023919163,-0.0045310087,-0.02730085,-0.018679366,-0.048237596,-0.030945629,0.11566275,-0.026822448,0.020795656,0.052245874,-0.06471156,0.10924244,-0.02863591,-0.103576384,0.007817249,-0.0027155522,-0.012434151,0.068411194,0.021792164
O04019,-0.022494504,0.103138484,-0.010779965,-0.023111805,-0.018798782,-0.0055191615,-0.019635929,0.042998433,-0.028205985,-0.0035045755,0.06455184,0.013005269,0.08553138,0.008651239,0.005776119,-0.030044146,-0.01883241,-0.07413054,-0.04416172,0.11953881,-0.0362481,-0.011269808,0.057228982,-0.06790752,0.12124316,-0.0136808,-0.102383144,0.014099899,-0.002793137,0.011299201,0.0823046,0.04991871
P04418,0.013970809,0.14751807,-0.011759252,-0.008768683,-0.011918363,-0.006036395,-0.01697835,0.036447085,0.0046421736,-0.02320998,0.058397792,0.045397893,0.082583696,0.020660138,-0.0006326558,-0.0302827,-0.02255828,-0.0786359,-0.07896592,0.11962283,-0.04370024,0.014290497,0.08900836,-0.09951115,0.09983835,-0.034431133,-0.11831117,0.00877844,-0.0016802601,-0.012391586,0.09461023,0.015444797
O88587,-0.023591235,0.1111573,-0.0094909305,-0.00971963,-0.01914573,-0.013474874,-0.0041750013,0.04133389,-0.0288281,0.0016388843,0.063622765,0.035728503,0.08924639,0.0080389045,0.00076974434,-0.023003116,-0.026595041,-0.05438121,-0.038372796,0.11987365,-0.022452367,0.012687311,0.048897803,-0.058924366,0.11195437,-0.027299868,-0.10636768,0.017972598,0.010244594,0.0012822896,0.056532428,0.026614914
P13569,-0.025335638,0.10011259,-0.011865928,-0.0047089923,-0.013287702,-0.013204821,-0.02322937,0.03322645,-0.021640955,0.008719242,0.06619401,0.025098456,0.093365155,0.018988999,-0.013546782,-0.030761305,-0.008552308,-0.064636506,-0.036803976,0.1174539,-0.033119287,0.0045970944,0.04517629,-0.053511504,0.1180242,-0.02758306,-0.10183669,0.0062252637,0.0015896889,-0.008221072,0.07132193,0.035350844
P76015,-0.024857065,0.11011491,-0.000416819,-0.022306975,-0.019282408,-0.010238635,-0.013414425,0.03511092,-0.022436231,-0.005472367,0.072797544,0.0288953,0.10859716,0.015587062,-0.01202647,-0.026184674,-0.008177375,-0.044037797,-0.036397953,0.11374527,-0.02243402,0.025494028,0.039925076,-0.054320026,0.1092834,-0.029482415,-0.10598747,0.013003257,0.008328518,-0.009951115,0.066333055,0.011132933
O15198,-0.021364069,0.10260497,-0.011663801,-0.010839291,-0.022290913,-0.019835373,-0.0084454585,0.042047914,-0.018922208,0.0031569107,0.06470058,0.033170857,0.09666922,0.024981923,-0.0018624393,-0.020768993,-0.01757027,-0.047134575,-0.013935341,0.124488115,-0.017512085,0.008722295,0.05929615,-0.058356754,0.10411891,-0.026499651,-0.10545157,0.00090557616,-0.0125954505,-0.019346993,0.052340627,0.02710474
P27635,-0.021678671,0.097598575,-0.024858933,-0.011623172,-0.015716832,-0.015154861,-0.026255436,0.033646565,-0.028519625,0.010403929,0.0600804,0.018160826,0.094787024,0.023218555,-0.013354041,-0.033279218,-0.010822743,-0.06623263,-0.030759808,0.12564279,-0.03664604,0.0036297631,0.050443243,-0.05288189,0.11279698,-0.023936745,-0.09646251,0.0077796616,0.0005127536,-0.011078358,0.06496727,0.044232354
O64903,-0.010544618,0.116158254,-0.01570794,-0.0122965695,-0.021066949,-0.018426657,-0.012381505,0.032131825,-0.03256916,-0.004066255,0.054875847,0.03923865,0.09526965,0.016169691,0.0037524465,-0.032187488,-0.01016855,-0.077000834,-0.040253866,0.11992329,-0.022814093,0.019205786,0.07612864,-0.072447486,0.10762504,-0.02156137,-0.102708764,0.006124065,-0.01602933,-0.0054231123,0.07139532,0.027251953
Q92569,-0.01844438,0.10868609,-0.025631966,-0.016412161,-0.012108599,-0.016269403,-0.015396431,0.033008713,-0.007910426,0.0028506622,0.06010611,0.042114705,0.099681795,0.02409141,-0.009176171,-0.026748806,-0.01724243,-0.059632685,-0.03126457,0.11796886,-0.031925377,0.02147077,0.041362647,-0.05134417,0.11950029,-0.019865721,-0.11282867,-0.0064259507,-0.0066359495,-0.018523974,0.058933645,0.03739856
P76014,-0.037314184,0.08915384,-0.014688877,-0.0019244656,-0.013925828,-0.0076104044,-0.030413652,0.030405536,-0.013089284,0.010461375,0.06753618,0.013466695,0.09505947,0.012852728,-0.015372303,-0.021574294,-0.012002805,-0.06886415,-0.03298326,0.11810821,-0.03681575,-0.0005895078,0.034313332,-0.039983727,0.11889221,-0.01754102,-0.10072613,0.0037842628,0.015812933,-0.00495042,0.072728194,0.042541295
Q74JU6,-0.026022155,0.09374658,-0.021144802,-0.016163716,-0.029151142,-0.015332781,-0.017707048,0.03765386,-0.0397335,0.0222054,0.06500568,0.012318807,0.095585436,0.033953033,-0.0095529575,-0.03338126,-0.016858105,-0.07110815,-0.018855495,0.13917989,-0.039302297,-0.006719561,0.030580152,-0.04438796,0.12714139,-0.010235291,-0.08746955,0.010581549,-0.011494125,-0.008289295,0.055700514,0.0658418
P9WQP3,-0.014184822,0.11547756,-0.022531878,-0.007941022,-0.009587895,-0.0012305835,0.0067082867,0.018692134,-0.016647004,0.0044536144,0.06638923,0.022930946,0.11515094,0.020873979,0.011246561,-0.017012164,9.1590104e-05,-0.059183307,-0.025104966,0.11351113,-0.023709249,0.016406616,0.051525403,-0.05854987,0.10337072,-0.027096916,-0.096451946,0.022876702,-0.039558537,-0.027499113,0.054055408,0.04197932
P0AEU7,-0.038282536,0.11186424,0.00011193985,-0.017211564,-0.006801275,-0.0024690733,-0.01450493,0.038472194,-0.026065037,-0.004994547,0.075497225,0.021174632,0.098228976,0.019976165,-0.0028214403,-0.016814664,0.006898582,-0.044612132,-0.045052074,0.1017725,-0.022719435,0.022319641,0.035484545,-0.047546268,0.11615937,-0.024795566,-0.09879737,0.021571139,-0.007513259,-0.0006846376,0.07254459,0.027641423
P05030,-0.0025467589,0.1071552,-0.019056706,-0.0006342367,-0.012809904,-0.016109291,-0.018547058,0.03250436,-0.019619364,-0.0015686387,0.06283207,0.029146375,0.09377138,0.019621123,-0.008400014,-0.023383206,-0.016165288,-0.0648985,-0.030976312,0.11993129,-0.043260712,-5.0421804e-05,0.04804516,-0.06255482,0.11469555,-0.02230083,-0.098144405,0.010206137,-0.012119913,-0.014849199,0.0730897,0.03177779
P47068,-0.02309381,0.12456924,-0.0002756957,-0.005073982,-0.014366888,-0.022082219,-0.009021635,0.047266036,-0.0141834095,-0.005320527,0.07234546,0.053459387,0.09394104,0.016905313,-0.0013647402,-0.01535372,-0.011566964,-0.03141629,-0.029598735,0.101329446,-0.014034559,0.011851352,0.05624762,-0.05843608,0.12302873,-0.033372942,-0.09730362,-0.004841835,0.00094460323,-0.01775603,0.08588018,0.0010420257
O22822,-0.01564032,0.10902305,-0.019972807,0.009167609,-0.01817006,-0.007204026,-0.006752784,0.033196513,-0.03533772,0.0071400753,0.06759372,0.028073726,0.1056549,0.014903322,-0.011842186,-0.030022966,-0.0043623094,-0.05356155,-0.0306831,0.10564693,-0.027558682,0.015620792,0.05868515,-0.064289115,0.1003736,-0.04668576,-0.10101567,0.015933277,-0.0034034061,-0.018915886,0.063144885,0.024128731
P37887,-0.020453827,0.10599812,-0.0017290177,-0.020056704,-0.0190587,-0.018833702,-0.009155675,0.042152762,-0.028390994,0.006297758,0.06680322,0.030610323,0.10262334,0.025928939,-0.00769721,-0.029216265,-0.004936229,-0.05566064,-0.031102443,0.11199155,-0.024821235,0.0023135867,0.056644518,-0.06042254,0.12002635,-0.022980804,-0.11141986,0.0005812726,-0.010814418,-0.010665312,0.06588317,0.033061586
P08312,-0.026592417,0.09197381,-0.020908847,-0.0067365803,-0.021044299,-0.004016361,-0.011180766,0.027748806,-0.02146805,0.0037330063,0.06702733,0.0023429245,0.109809294,0.010487793,-0.0032599298,-0.026473477,-0.02187728,-0.07627028,-0.040241666,0.14229839,-0.038792856,0.006388096,0.037825324,-0.04257754,0.11564436,-0.02185285,-0.082369305,0.0082200905,-0.006185245,-0.006586004,0.060159586,0.0501969
P21583,-0.027598346,0.08614205,-0.0029932812,-0.021218909,-0.030269343,-0.026675427,-0.029640064,0.044199158,-0.03710578,0.011995666,0.063692,0.026536796,0.08804755,0.033310063,-0.017990239,-0.03396174,-0.014296435,-0.06836749,-0.020633038,0.12671605,-0.033406407,-0.009264344,0.035192017,-0.04757651,0.12679411,-0.008535774,-0.10589212,-0.0041294084,-0.002190253,0.009854766,0.0641435,0.050152928
O88554,-0.009292049,0.121515185,-0.00563849,-0.01388162,-0.02866589,-0.019274302,0.004045717,0.034171917,-0.03125342,-0.0025403383,0.074183404,0.03854767,0.10217107,0.031053726,0.002271479,-0.010710136,-0.0013355687,-0.04811424,-0.026792781,0.11100359,-0.013716304,0.008461431,0.06742441,-0.06744664,0.10413025,-0.024857214,-0.10444652,0.01395927,-0.023394383,-0.0203153,0.059792344,0.029562693
P19414,-0.03342497,0.08905384,-0.020799553,-0.002566724,-0.015908727,-0.014679723,-0.0307223,0.032700054,-0.02304767,0.0068956413,0.059703417,0.022003148,0.10270189,0.019425504,-0.017433586,-0.02583151,-0.0031108614,-0.057827704,-0.026106209,0.12246345,-0.029100385,0.00076873694,0.033907652,-0.03371729,0.120900765,-0.019737525,-0.09393046,0.007861938,0.0040168017,-0.0034467392,0.064308785,0.04266954
P0C0V0,-0.021140382,0.12070658,-0.004372585,-0.017298408,-0.017117323,-0.009887704,-0.014667791,0.04489623,-0.024130972,-0.0014033044,0.06811256,0.031421136,0.09847737,0.02690763,-0.008725353,-0.029672308,-0.0028511814,-0.040964376,-0.031065853,0.109742574,-0.024991268,0.011491309,0.047043204,-0.06190717,0.10996773,-0.029854117,-0.1069436,0.015259736,-0.0052683786,-0.014444462,0.06970579,0.021161556
P32527,-0.03987315,0.081378795,0.00013582285,-0.009539308,-0.016945733,-0.023798646,-0.037831586,0.026084224,-0.029227527,0.012903263,0.067079544,0.020497909,0.093170084,0.017143296,-0.023290075,-0.03518621,-0.004746607,-0.073852204,-0.037462458,0.12297759,-0.03364561,0.003623737,0.026615558,-0.033797804,0.12893151,-0.016035205,-0.09449581,-0.003619887,0.011738599,0.0024732463,0.06820131,0.037610132
P40763,-0.025146134,0.11042572,-0.012864102,-0.005025723,-0.01689112,-0.0031163865,-0.016217899,0.036915597,-0.022902897,0.0023208598,0.06404357,0.020308621,0.10713304,0.015067798,-0.006259727,-0.027578972,-0.010750391,-0.054056138,-0.033830747,0.115240276,-0.02547459,0.006631106,0.053211182,-0.060675725,0.11144632,-0.030720022,-0.09744994,0.012307384,-0.0046919663,-0.012862098,0.07138103,0.029915622
O96033,-0.03548114,0.091222286,-0.023685893,-0.0129041225,-0.015035709,-0.0014035571,-0.0091478005,0.030963596,-0.023882754,0.01945889,0.054721314,0.0073120454,0.09139253,0.0012733042,-0.015924904,-0.029709248,-0.013034069,-0.06855602,-0.037664816,0.14011681,-0.03175556,-0.001807129,0.04869841,-0.048805416,0.112138286,-0.020051137,-0.1114639,0.007264287,-0.0079418775,-0.024718475,0.058041275,0.046739936
A1B198,-0.051030144,0.08809029,-0.04440639,0.007247515,-0.0020188093,0.028148917,-0.038510144,0.044130072,-0.027843524,0.03307477,0.056785017,-0.019760897,0.0847523,-0.009503493,-0.013373885,-0.041019965,-0.0050838324,-0.06958017,-0.029638946,0.12314235,-0.03419304,-0.023426253,0.05528952,-0.059886232,0.11450597,-0.034705207,-0.09434758,0.029875617,0.016461432,0.0022243038,0.10812938,0.05475094
P04156,-0.026892584,0.09379915,-0.016753025,-0.007204144,-0.014048621,-0.0092128655,-0.018734295,0.03095091,-0.024415238,0.008203964,0.063796185,0.014053121,0.10749451,0.018474044,-0.012240611,-0.027530704,-0.0040914863,-0.060906984,-0.029352773,0.11703831,-0.034853462,0.0005914999,0.041718,-0.047942188,0.11960317,-0.022652024,-0.0957308,0.0070133596,-0.009000937,-0.012340563,0.06656991,0.04381446
P32790,-0.028050086,0.10061256,-0.002280644,-0.0075880224,-0.010482039,-0.016585274,-0.016728988,0.030361649,-0.026307434,-0.0023495199,0.06145031,0.029690253,0.10291042,0.005023937,-0.014979286,-0.026290454,-0.0041882675,-0.05563025,-0.03717682,0.10958546,-0.028592922,0.0145464605,0.050516885,-0.052454565,0.11408505,-0.030897839,-0.09721848,0.008201829,7.151957e-05,-0.008893572,0.076134145,0.012329537
P01317,-0.011971998,0.12999232,-0.0069395895,-0.027044594,-0.017351212,0.0076222364,-0.016372258,0.052838802,-0.0033366766,-0.02180768,0.06680362,0.033071693,0.10795324,0.024078945,0.006097345,-0.026171774,-0.013211579,-0.044084977,-0.03593509,0.113180675,-0.025678968,0.010518476,0.06692027,-0.080383666,0.11302311,-0.028272351,-0.10439231,0.019974979,-0.01665736,-0.015021451,0.07980972,0.018266896
P16435,-0.008565001,0.12031516,-0.010348392,-0.0068376525,0.0048640515,-0.016562866,0.004854199,0.029254412,-0.005067875,0.007966802,0.0672067,0.048952833,0.08839161,0.0155580165,0.001351914,-0.021162996,-0.0019202706,-0.06407596,-0.05088671,0.11039732,-0.03578677,0.03189986,0.06610551,-0.05694282,0.1145732,-0.033203375,-0.10067173,0.015042588,-0.009804292,-0.03194003,0.07115125,0.0092160525
O13877,-0.012553979,0.11381224,-0.0010376382,-0.021293929,-0.027025454,-0.01843484,-0.011468157,0.049832087,-0.021826401,-0.014563002,0.07106245,0.04720199,0.09367238,0.033620995,0.007610239,-0.010439242,-0.013983039,-0.04353729,-0.022679783,0.107204184,-0.012830926,0.0018804402,0.07161702,-0.07390249,0.11096376,-0.023121253,-0.10984115,0.009384365,-0.01586951,0.0013381424,0.06712399,0.027642341
Q9BYF1,-0.0171266,0.10457914,-0.011130762,-0.010917112,-0.015616633,-0.013739358,-0.010850133,0.031664066,-0.021523196,0.0042591477,0.06329215,0.02712037,0.102584764,0.0249637,-0.011219923,-0.018864306,-0.0015228352,-0.052583743,-0.021293834,0.113547854,-0.032381102,0.0051705325,0.050155405,-0.053074088,0.10305321,-0.026445597,-0.09901002,0.010594822,-0.020470228,-0.018363677,0.06947448,0.028677989
P52987,-0.010368538,0.08094472,-0.019473862,0.021062942,-0.016618991,0.0037646778,-0.014825332,0.014379753,-0.042062372,0.012895766,0.07092425,-0.0006930372,0.099070266,0.0073733767,-0.028404528,-0.011254907,-0.004056979,-0.06689069,-0.02649745,0.114629336,-0.054750502,0.0005191965,0.03161726,-0.055851582,0.102894545,-0.029449064,-0.086975574,0.027560629,-0.014012955,-0.027830875,0.06571655,0.029542593
P03971,-0.017170329,0.13328156,-0.015916394,-0.025269438,-0.013719296,0.0061878576,-0.011646166,0.058042485,0.0039436137,-0.021695241,0.05865959,0.047295608,0.10531334,0.028424582,0.019522527,-0.017958924,-0.009288276,-0.043456443,-0.028415198,0.110766515,-0.02025203,0.013560364,0.07453137,-0.069031104,0.111164406,-0.02372861,-0.100930296,0.022065146,-0.020669814,-0.0072449446,0.07829658,0.022128724
P68767,-0.009366189,0.12725426,-0.017962517,0.0032400514,-0.0019445628,0.0024477346,-0.010863639,0.042258833,-0.0030215632,-0.00788077,0.06726322,0.039192244,0.100095056,0.016843423,0.008317436,-0.020733343,0.0025108058,-0.057384808,-0.04138205,0.10179121,-0.0332353,0.019272672,0.046783265,-0.054616187,0.12744777,-0.01968888,-0.09449639,0.029528081,-0.004168175,-0.0143225705,0.08086118,0.017138885
O15393,-0.009660278,0.126154,-0.016348507,-0.007564454,-0.02184287,-0.009010923,-0.0042222505,0.050804496,-0.01972224,-0.000988973,0.063135736,0.041080765,0.101218045,0.030229697,0.003107452,-0.025963062,-0.00613414,-0.04088878,-0.01671718,0.112486064,-0.017891672,0.0026072059,0.0667807,-0.07040502,0.10672021,-0.03028806,-0.106564164,0.014789462,-0.021415709,-0.023634288,0.060037,0.02619822
P19544,-0.021708125,0.112665266,-0.015623962,-0.0064924047,-0.01736964,-0.005209243,-0.0068309754,0.030709298,-0.030352468,0.00075164513,0.059636038,0.019854935,0.109069526,0.01421672,-0.0022099444,-0.021567376,-0.009260968,-0.054393504,-0.029250672,0.112511635,-0.029434502,0.0044128275,0.046134163,-0.057375804,0.103498705,-0.025970371,-0.09953352,0.015214666,-0.013604857,-0.010469715,0.062425215,0.034926746
P19971,-0.015521405,0.13969368,-0.0068715103,-0.030448936,-0.012529069,0.0012366902,-0.0113725625,0.062404912,-0.0025573913,-0.0288601,0.064183794,0.057692625,0.11607812,0.011163136,0.00625881,-0.03462022,-0.008594426,-0.043075368,-0.059455317,0.11608998,-0.02266736,0.035514504,0.073412634,-0.060747243,0.11958591,-0.03623124,-0.09748244,0.029274408,0.009834448,-0.00021521933,0.08500686,-0.0021938104
P01563,-0.016556643,0.124898195,-0.015100951,-0.010440902,-0.014274997,0.016172985,-0.01952269,0.05528909,0.0051722066,-0.02348903,0.06428116,0.032041464,0.10966156,0.026271025,0.013411961,-0.015866263,-0.013226651,-0.045248803,-0.02849595,0.10381488,-0.02797391,0.0040683397,0.06782484,-0.076889716,0.11228061,-0.025661336,-0.10184937,0.015851004,-0.022516036,-0.012301418,0.07611355,0.027950838
O75563,-0.015421827,0.09808394,-0.019082606,-0.019375404,-0.025655368,-0.030727973,-0.014222022,0.045106817,-0.021970967,0.012156226,0.061530795,0.03395791,0.091113545,0.036379572,-0.0066406163,-0.029845709,-0.02055256,-0.05520463,-0.007280577,0.13411798,-0.024845183,-0.0038840342,0.0521014,-0.05277641,0.11177496,-0.018922767,-0.10866519,-0.0031035207,-0.010060683,-0.014008846,0.050118808,0.04590094
O75112,-0.050407212,0.07713201,-0.00018019602,-0.006699098,-0.025401458,-0.015977206,-0.048861142,0.012567926,-0.03194087,0.013646969,0.054261714,0.01669038,0.082527034,0.006222078,-0.03778034,-0.017142402,-0.013844781,-0.072948776,-0.040125,0.12159213,-0.040305156,-0.018547012,0.02769976,-0.037348792,0.12129555,-0.012767483,-0.10030288,-0.0060200603,0.024243267,0.0034225385,0.091370165,0.035075758
O15054,-0.0052188374,0.12731896,-0.010371106,-0.009472328,-0.020602157,-0.028326923,0.00050745904,0.030632282,-0.010820893,0.008337229,0.067185365,0.047360793,0.08842585,0.03887443,0.00097480416,-0.017005337,-0.016756883,-0.049099382,-0.033609726,0.13015984,-0.021617271,-0.0024153162,0.0629071,-0.06764936,0.120605834,-0.027250895,-0.09923173,0.009662353,-0.017236253,-0.03263563,0.06352238,0.036347475
P15291,-0.023355,0.104138345,-0.010245571,-0.006175951,-0.0127201015,-0.012143394,-0.020013405,0.026432972,-0.022962132,0.007518991,0.065294735,0.020839574,0.09563554,0.014929659,-0.014338683,-0.027057465,-0.0052924734,-0.06264643,-0.038527306,0.11436914,-0.032245576,0.011156393,0.04306598,-0.053719513,0.110352084,-0.023425646,-0.0981906,0.011115667,-0.0018154313,-0.011480051,0.0707465,0.030455858
P0DP23,-0.021347424,0.09741161,-0.012877427,-0.011956192,-0.01947475,-0.012487415,-0.021046478,0.03551637,-0.02863887,0.00863876,0.060261957,0.017776042,0.09924035,0.017684575,-0.013712531,-0.03756834,-0.01590214,-0.06584863,-0.03192398,0.12605686,-0.034678765,-0.0022291136,0.048542153,-0.05926152,0.117240325,-0.025708664,-0.10081883,0.003059045,-0.005970775,-0.011001943,0.06546511,0.038685966
P17931,-0.024289405,0.10250853,-0.008771088,-0.007142303,-0.014274453,-0.011234867,-0.019845165,0.039793417,-0.020778092,0.010387567,0.06894528,0.021192627,0.09530904,0.025268218,-0.0095024295,-0.030856704,-0.0025976389,-0.055495013,-0.027858399,0.116431914,-0.02745644,0.0038784377,0.045956187,-0.053479504,0.11587893,-0.024807582,-0.10272839,0.009361319,-0.0054264483,-0.01631316,0.0649741,0.03333812
Q9UTI7,-0.00332702,0.12394178,-0.020445231,-0.015007164,-0.0066754012,-0.01042369,-0.014018072,0.046742134,-0.0099143805,0.007947426,0.065432146,0.035225615,0.081060015,0.035358377,0.0037573911,-0.02736897,-0.0070740078,-0.06279192,-0.039413173,0.1162886,-0.033889208,0.0043013403,0.067536056,-0.072310396,0.111753814,-0.020086382,-0.11119902,0.015170094,-0.015131186,-0.011895573,0.07535138,0.04053272
P23202,-0.027769037,0.09668905,-0.010502535,-0.015701901,-0.00829975,-0.01603845,-0.010100385,0.03358792,-0.029680884,0.016811635,0.06688104,0.02289547,0.0974144,0.015465923,-0.0060736723,-0.027373103,-0.0002944752,-0.06541698,-0.034483153,0.11312717,-0.020844722,0.018933501,0.051543806,-0.051061198,0.12330819,-0.015846895,-0.09965131,0.0031373103,-0.014015577,-0.007307412,0.07057341,0.034050293
O00399,-0.017066505,0.0879349,-0.0093502095,-0.023364574,-0.01693739,-0.03072552,-0.0348521,0.034552023,-0.026158312,-0.0011838805,0.05924116,0.01876517,0.09012768,0.008465152,-0.02834548,-0.05584444,-0.033848524,-0.081269816,-0.04714682,0.14350504,-0.043927934,0.012347853,0.037102856,-0.05336076,0.12621099,-0.0264061,-0.11188275,-0.018780164,0.01542316,-0.015224253,0.05957488,0.027024109
P06367,-0.031264786,0.101441175,-0.0058880304,0.0013355613,-0.017425874,-0.013636667,-0.015018484,0.03838462,-0.026846737,0.01326637,0.06382231,0.015933823,0.09401017,0.020738684,-0.019853843,-0.016243918,-0.0105894655,-0.047978733,-0.018983107,0.11272713,-0.020426216,0.006803291,0.04432179,-0.05355419,0.1025964,-0.025509402,-0.10617051,0.009161585,-0.0061438233,-0.015694112,0.068696804,0.0291716
O54288,0.0033468902,0.14803298,-0.021207076,0.012199825,-0.01676809,-0.012557583,0.020038499,0.03429539,-0.039689384,0.012301326,0.08322356,0.042287294,0.10414586,0.025347976,0.012250025,-0.014574082,0.0056068907,-0.043833736,-0.023701483,0.08745159,-0.004688699,0.036991507,0.06977689,-0.0757184,0.093211,-0.042321764,-0.10247363,0.022692295,-0.01668064,-0.032888297,0.07353884,0.00903382
P0A912,-0.012206659,0.097057976,-0.023583625,0.001514975,-0.016041182,0.0045552826,0.008416571,0.0032203104,-0.035075895,0.026290433,0.08609715,-0.013587993,0.10794376,0.02001629,0.003926689,-0.004019621,-0.009412517,-0.06972903,-0.022011846,0.12066438,-0.037882596,0.0076833367,0.032320283,-0.05629433,0.10151497,-0.020099036,-0.08010572,0.029370792,-0.037156217,-0.042885594,0.04760219,0.060523223
P62829,-0.018961957,0.10088198,-0.0145925125,-0.008131117,-0.018763775,-0.013267983,-0.02159277,0.035667673,-0.027211197,0.0073341946,0.062553294,0.020733051,0.0917664,0.020702988,-0.017049618,-0.029342098,-0.012514769,-0.0694676,-0.035980288,0.12045134,-0.032505725,0.0063279527,0.051726032,-0.06185757,0.11315104,-0.02134508,-0.10500025,0.0065612425,-0.0059587406,-0.0059017558,0.07170386,0.039886422
A0A075TRK9,-0.01324912,0.1004626,-0.02649222,-0.0062644295,-0.012722446,0.0017672051,-0.00070744567,0.03197112,-0.032732103,0.016350467,0.065260954,0.010716607,0.11191492,0.02130314,-0.00796467,-0.03103476,0.0032864762,-0.05709375,-0.023511438,0.12202122,-0.040467754,-0.008044757,0.03363769,-0.050122347,0.11770245,-0.02861106,-0.09498803,0.027670529,-0.027146056,-0.016296964,0.059775136,0.05113516
B2UP57,-0.012031269,0.09983589,-0.0027797539,0.0008623861,-0.0050541395,-0.0069482066,0.007097125,0.004773589,-0.048775546,0.024445945,0.055246055,0.016855378,0.10686253,-0.012000997,-0.032090977,-0.038404852,-0.010244687,-0.062419493,-0.03752158,0.110653505,-0.046589535,0.011781396,0.030795284,-0.06729902,0.0998987,-0.048851337,-0.11306745,0.032082494,-0.002986433,-0.024927085,0.06707396,0.004698255
P0AE85,-0.043459896,0.10704314,0.005457791,-0.013291054,-0.008202872,-0.0059968247,-0.02551622,0.0352215,-0.031697467,-0.002769654,0.07501432,0.0117608,0.09090798,0.009241399,-0.013353117,-0.025891379,0.0037300966,-0.048223536,-0.05160429,0.1047951,-0.022402674,0.021985963,0.029888822,-0.049450606,0.118338205,-0.023598477,-0.10094058,0.016435994,0.00834231,-0.0016704338,0.07862114,0.020601047
P63085,-0.013737015,0.116297334,-0.009476186,-0.0139254555,-0.019543895,-0.014982437,-0.009921972,0.030984199,-0.02305425,-0.00013679697,0.065770485,0.036639582,0.102234155,0.02035914,-0.008310991,-0.028298423,-0.0060736043,-0.056474935,-0.03781074,0.11269237,-0.025512911,0.01712352,0.06466745,-0.0674856,0.105442226,-0.032434214,-0.10585627,0.008488477,-0.005623487,-0.01954045,0.06852001,0.020300187
P06850,-0.01481877,0.13111301,-0.018846657,-0.015063122,-0.015129867,0.006526602,-0.0118033355,0.05595095,-0.0018140845,-0.019883081,0.06091557,0.04191231,0.105094075,0.027404353,0.019647503,-0.014880995,-0.007331698,-0.046582736,-0.026173491,0.10687511,-0.019967802,0.012723679,0.07936223,-0.07136439,0.10505464,-0.025669497,-0.099352054,0.021745492,-0.02002902,-0.009223267,0.07806171,0.02257121
Q9D1M4,-0.014810383,0.107145675,-0.017512565,-0.012282036,-0.017219344,-0.004924569,-0.016367892,0.03273667,-0.027493482,0.0070930496,0.06276012,0.016578404,0.107088745,0.024383364,-0.005813708,-0.028058961,0.0004756764,-0.06900052,-0.028662337,0.111227565,-0.027527003,0.011057063,0.06457016,-0.07088563,0.111084074,-0.016109368,-0.10498323,0.0074726944,-0.022011748,-0.016072037,0.07471029,0.03794855
P01031,-0.02413713,0.120257035,-0.0066070766,-0.0121307885,-0.02317224,0.008548351,-0.017383138,0.053262662,-0.008606101,-0.017309416,0.06881561,0.032694478,0.10402393,0.028050605,0.0074460255,-0.017352805,-0.00859716,-0.040008016,-0.025121227,0.11333469,-0.021111567,0.00094357727,0.05772811,-0.06659709,0.11369617,-0.025969315,-0.10269569,0.015221363,-0.021521665,-0.020721087,0.06270846,0.026774233
O35235,-0.015792102,0.122320056,-0.016288998,-0.017202633,-0.021223484,0.0036676067,-0.00988275,0.03816684,-0.021798441,-0.0020942886,0.061563034,0.0258231,0.10989511,0.011717342,-0.005495885,-0.02946423,-0.0049281805,-0.059985448,-0.036561057,0.11316059,-0.027802551,0.014279106,0.05470055,-0.06432781,0.10558367,-0.023959307,-0.10354739,0.0140603,-0.010134674,-0.0070415754,0.087366976,0.022315921
Q06406,-0.027060332,0.095526464,-0.00656682,-0.008413693,-0.03069168,-0.010025595,-0.022677064,0.029110955,-0.03312086,-0.00011177361,0.0673827,0.01696704,0.10756926,0.019707015,-0.026220288,-0.02945436,-0.007124989,-0.06066041,-0.0378735,0.12341977,-0.03408903,-0.010033378,0.048963368,-0.05941264,0.11793785,-0.033892717,-0.10068953,0.0078958925,-0.0041736304,-0.01437055,0.069238655,0.043270648
P0C7P0,-0.015577555,0.08294526,0.008284488,-0.005271744,-0.031363208,-0.01284305,-0.011656689,0.021400137,-0.046848368,0.014958891,0.069937475,-0.0015254039,0.10862086,0.014133379,-0.028878069,-0.02404823,-0.012684719,-0.056875814,-0.021655982,0.1269787,-0.03383297,-0.0039134207,0.033608582,-0.05327052,0.102277905,-0.026387028,-0.0883131,0.0093923295,-0.015902484,-0.023382872,0.05875534,0.01926725
P15822,-0.019288361,0.10471401,-0.0075338385,-0.013182141,-0.027836254,-0.018691653,-0.01005587,0.032529682,-0.025361245,-0.00013420358,0.066792235,0.03195272,0.100771524,0.026527554,-0.0061359503,-0.01951564,-0.010080286,-0.04759166,-0.021057459,0.1188113,-0.016318474,0.005253511,0.05914624,-0.060940463,0.105844356,-0.027887827,-0.10244598,0.0050171404,-0.01846151,-0.021806324,0.057054292,0.030993925
P00390,-0.020111239,0.1081802,-0.0231414,0.00026796883,-0.027204512,-0.012756248,-0.0380613,0.037766274,-0.016166532,-0.00602746,0.05917942,0.02588868,0.101939,0.025378086,-0.015893886,-0.04427303,-0.017443584,-0.06734166,-0.033387687,0.12872435,-0.035008084,0.00012969722,0.05630209,-0.06438315,0.11118856,-0.03431098,-0.102506734,0.0038718332,0.014739845,-0.011370766,0.0667242,0.039804455
O53580,-0.031625837,0.07525693,-0.009553876,0.008186005,-0.0076131807,-0.0069078207,-0.0071086506,0.012365205,-0.018946858,0.03108706,0.0785259,-0.0043348707,0.08783519,0.009740738,-0.014169508,-0.0036201403,-0.00046723126,-0.061304294,-0.028513838,0.11437764,-0.022751357,0.009757073,0.047428675,-0.04161969,0.09873021,-0.027950976,-0.08548418,0.00931119,-0.022850074,-0.03019762,0.07443456,0.03822192
P06243,-0.023170706,0.11773448,-0.0059460388,-0.01880515,-0.017571623,-0.015393799,-0.013590894,0.036518056,-0.029740682,-0.0014076872,0.06251315,0.026782095,0.10123757,0.020054635,-0.01161492,-0.021506753,-0.0014609303,-0.049573727,-0.033428937,0.11308657,-0.023461968,0.0063764346,0.052100115,-0.05605201,0.11137669,-0.024175541,-0.10425911,0.0123145925,-0.00675666,-0.015192986,0.07951946,0.02353469
P28741,-0.026814103,0.098708175,-0.011457453,-0.004005918,-0.023463668,-0.014679388,-0.022324018,0.036643203,-0.026225694,0.009553633,0.066053815,0.0239806,0.10188355,0.018633388,-0.014775149,-0.02840414,-0.012077383,-0.054284636,-0.030557765,0.12155707,-0.023230141,0.004449073,0.047160733,-0.050081734,0.11987467,-0.023417538,-0.09750999,0.004195303,0.00771822,-0.015754296,0.06165507,0.031934522
O43704,-0.02005033,0.11518254,-0.00895258,0.0056527257,-0.019417001,-0.034644958,-0.02418601,0.045955736,-0.019302106,0.00016505148,0.059966516,0.04245313,0.081429355,0.032629717,-0.01630996,-0.025208384,-0.0135773085,-0.0543664,-0.028596384,0.118662976,-0.023199419,0.014070753,0.056083143,-0.051912922,0.105209105,-0.028914921,-0.10028478,-0.0011264657,0.0009214825,-0.010197885,0.07294845,0.0246766
O88470,-0.02180683,0.10079218,-0.015596067,0.0019904512,-0.012831633,-0.002539152,-0.018584957,0.026413178,-0.021348765,-0.00012741331,0.06392465,0.012772887,0.112333596,0.0061109043,-0.012367607,-0.025150442,-0.003027274,-0.060790673,-0.03902173,0.11203745,-0.030917356,0.005330354,0.040760342,-0.050672814,0.11825421,-0.024312384,-0.09699139,0.015249449,0.0015921482,-0.012328759,0.072309546,0.029749908
P03452,-0.0010255767,0.12001768,-0.026508661,-0.0023119077,-0.017732622,-0.02310172,-0.0040935017,0.043202803,-0.015430975,0.006899448,0.058925673,0.047287505,0.0970945,0.041068003,0.0044728075,-0.022951528,-0.010359858,-0.053798642,-0.003957074,0.11702583,-0.032108475,-0.0013381299,0.050594132,-0.056806643,0.114174925,-0.018730484,-0.10148829,0.008817996,-0.027573368,-0.023345882,0.055475187,0.040884882
O13289,-0.01529044,0.11515212,-0.009350286,-0.009915568,-0.027266253,0.0012929146,0.020117847,0.025948262,-0.042416863,0.005615576,0.083892375,0.012738561,0.10578357,0.015828166,0.014672205,-0.004395658,-0.0037012056,-0.04967318,-0.030444598,0.12268432,-0.015525735,-0.0077995798,0.050948612,-0.062018022,0.11153628,-0.03202796,-0.08596076,0.033751417,-0.03899131,-0.01893528,0.06868777,0.04434548
P51881,-0.012926471,0.10752479,-0.017225306,-0.0061291833,-0.016075289,-0.021455586,-0.012013153,0.043661803,-0.018662134,-0.002130666,0.06643355,0.03901922,0.095691055,0.03401864,7.421002e-05,-0.023960222,-0.006066938,-0.054454587,-0.024409905,0.114773944,-0.03045899,9.958074e-06,0.040453807,-0.051009346,0.12536702,-0.016902654,-0.10740079,0.00034415442,-0.016772248,-0.006672009,0.056794412,0.04379186
P0AG86,-0.0372488,0.09549161,-0.013560351,0.00089823455,-0.0017264722,-0.01396368,-0.027410286,0.030549042,-0.03801949,0.0151421875,0.06867687,0.002825334,0.08842897,0.0077260486,-0.02106955,-0.03574005,-0.0048392764,-0.06526586,-0.04688291,0.11990688,-0.031196693,0.024617776,0.024374703,-0.044296246,0.11677978,-0.021501593,-0.09870344,0.0058490545,0.011341952,-0.0048644617,0.062452916,0.031506788
P34896,-0.016560419,0.11702786,-0.00021049041,-0.017918123,-0.016686894,-0.012775323,0.0019700343,0.03666692,-0.014128894,0.0041536638,0.07402,0.03659167,0.10709851,0.024790598,-0.0053162915,-0.016792389,-0.008115926,-0.04479203,-0.03636118,0.110430054,-0.024765782,0.019688712,0.049197778,-0.053614434,0.11311025,-0.028681654,-0.10184877,0.012908842,-0.003700912,-0.019017674,0.06747679,0.017686097
Q9Y7F0,-0.015783643,0.09188398,-0.01102633,-0.0016822194,-0.026110068,-0.00982573,-0.017608913,0.013724831,-0.05096109,0.003801231,0.06685541,0.00532227,0.101500034,0.0039802175,-0.022399148,-0.025630603,-0.002839696,-0.0811833,-0.042380754,0.12314519,-0.040102977,-0.0008852892,0.037359092,-0.058564197,0.11548454,-0.017069401,-0.09467402,0.016260764,-0.011359044,-0.0072855595,0.07348379,0.03912836
P01556,-0.012217961,0.113539495,-0.022958022,-0.026551152,-0.014547531,-0.00324609,-0.02308921,0.041072663,-0.0019379873,-0.0067734397,0.063640855,0.024152648,0.100567006,0.025424048,-0.00012099836,-0.038103633,-0.008874696,-0.06802979,-0.040631406,0.13142975,-0.03525638,0.003734037,0.050532036,-0.05801842,0.12426539,-0.015797576,-0.103613496,0.01011513,-0.014797705,-0.018056208,0.06683865,0.047111463
O76927,-0.0393828,0.08995796,-0.009138325,-0.009547208,-0.0006708801,-0.020008218,-0.03417512,0.03170648,-0.017089035,0.009118557,0.06768607,0.021622544,0.08772604,0.013635928,-0.0042911675,-0.031112324,0.0028122505,-0.07128379,-0.04005089,0.11587395,-0.030896781,0.008520855,0.042672906,-0.031902596,0.12278974,-0.021430254,-0.09259949,0.0042794235,0.0135622015,0.0008454835,0.076962024,0.03297853
O95631,-0.023254357,0.111037284,-0.015906256,-0.013676075,-0.022446644,-0.0067695086,-0.009141962,0.048414834,-0.010600862,-0.008231999,0.06315267,0.037480846,0.10728027,0.030827058,0.007726551,-0.015933303,-0.009991648,-0.039450057,-0.0077925827,0.117903054,-0.015619803,0.0038084649,0.060758356,-0.05833322,0.1076784,-0.025013646,-0.10061311,0.008724886,-0.028277349,-0.019089123,0.05397516,0.03288792
P02294,-0.025146853,0.087659255,-0.026221393,0.03162622,-0.0052010263,0.0054120338,-0.01461768,0.0146295745,-0.045343496,0.023605384,0.057589613,-0.0041273087,0.11512914,-0.0003686339,-0.036933616,-0.017733198,0.010511381,-0.047855213,-0.0071267704,0.096467465,-0.029120646,0.003717875,0.029050142,-0.055863045,0.09441142,-0.036688216,-0.10223668,0.027402068,-0.01734211,-0.025032291,0.070216276,0.023401935
B2RHG1,-0.014721025,0.0977107,-0.024563609,0.008392133,-0.007834144,-9.989273e-05,-0.027911313,0.02952261,-0.031665478,0.008599665,0.06480553,-0.0021500317,0.102456495,0.009124399,-0.020811934,-0.02930417,0.0015591341,-0.064503804,-0.035955384,0.10764895,-0.029929452,0.012100986,0.05899871,-0.0591494,0.107602976,-0.03172417,-0.099290006,0.01293328,0.0016070548,-0.03597435,0.07333863,0.020283237
O49523,-0.022765666,0.10769,-0.0033077982,-0.016320722,-0.014611938,-0.008606972,-0.0038844247,0.034284785,-0.032273274,0.013556744,0.077311166,0.027149126,0.10258288,0.023160161,-0.007537155,-0.027181858,0.0048263334,-0.05905804,-0.039755236,0.10873378,-0.024574384,0.03324106,0.038886562,-0.049164146,0.11204356,-0.022200555,-0.09921936,0.0047984174,-0.015084484,-0.0062719905,0.06828682,0.02178896
P63279,-0.016478185,0.11583362,-0.01428656,-0.0057485923,-0.015113348,-0.014496573,-0.009538104,0.037630342,-0.019263657,0.0018886637,0.06696452,0.03277795,0.09366987,0.022243097,0.003096273,-0.020069262,-0.004221047,-0.055856105,-0.030518817,0.110908024,-0.021143759,0.015753977,0.06554279,-0.059869356,0.10375139,-0.025008569,-0.099413335,0.011897217,-0.009156056,-0.018018415,0.06636843,0.025862925
O75937,-0.0231112,0.103241466,-0.012969732,-0.010183537,-0.0155547615,-0.013897037,-0.023073625,0.03896597,-0.020458812,-0.0051241466,0.06507329,0.022185167,0.101345636,0.020035984,-0.004160191,-0.030736074,-0.009372747,-0.05852797,-0.02990303,0.12000217,-0.027477559,0.0008818022,0.052111022,-0.058623128,0.11656312,-0.026287284,-0.103885606,0.0024947512,-0.006040623,-0.010280056,0.066946864,0.034930646
P06168,-0.0274245,0.08861755,-0.005778121,-0.006648544,-0.0276729,-0.025384761,-0.01820773,0.02577778,-0.03560668,-0.0025024037,0.06465061,0.03924392,0.10949461,0.019749004,-0.017628048,-0.008800376,0.008317955,-0.0414589,-0.010906929,0.10915262,-0.016314868,0.00026509957,0.042433947,-0.034292612,0.110191986,-0.022179734,-0.09550495,0.0023806065,-0.014686236,-0.010034177,0.06611296,0.020061346
Q24803,-0.010931845,0.11004505,-0.015031213,0.0016479164,-0.0029039416,-0.009430224,-0.010956621,0.023353558,-0.010254005,0.013299724,0.078641936,0.0150384335,0.09646481,0.024427615,-0.00030240006,-0.022825692,0.0038578983,-0.060225107,-0.030577471,0.10715382,-0.03172087,0.029186685,0.048158117,-0.05143577,0.10007081,-0.0245404,-0.08769874,0.012967175,-0.01748859,-0.038659655,0.05813042,0.02665906
P04819,-0.015999347,0.11785493,0.0036980566,-0.031395525,-0.044071447,-0.020165661,0.0037995663,0.03374469,-0.0530296,-0.008439963,0.069089614,0.050347283,0.10535004,0.021878233,-0.010314413,-0.018768838,-0.0065277293,-0.039708797,-0.034925997,0.119635426,-0.015525807,0.0065303226,0.051117163,-0.05581303,0.105072536,-0.034545247,-0.10192758,0.010305926,-0.016142422,-0.006677512,0.06178983,0.016770069
Q9BSI4,-0.029403524,0.10113821,-0.018073976,0.0036765265,-0.010444724,-0.024087382,-0.017530795,0.033575047,-0.02438744,0.022226488,0.063591376,0.027554857,0.095817745,0.039070975,-0.017201414,-0.021908658,0.0061142636,-0.041818686,-0.009501027,0.10452988,-0.023010936,-0.0010150402,0.046813767,-0.04633454,0.106718965,-0.033128016,-0.09989183,0.0053026634,-0.019372234,-0.021606037,0.06576025,0.04659174
A2AR95,-0.0067845024,0.08341343,-0.01698157,-0.019687176,-0.018965458,-0.031047747,-0.02098445,0.035749234,-0.019774769,0.021589583,0.06993937,0.018201916,0.09397755,0.04943134,-0.023490548,-0.0335497,-0.0038269088,-0.058597248,0.0034178656,0.124725886,-0.043270767,-0.006938224,0.033500638,-0.044359494,0.108429454,-0.022462906,-0.09849284,0.003209782,-0.028618827,-0.019666174,0.063657194,0.054521207
P02649,-0.020985402,0.10624857,-0.014579923,-0.0055077984,-0.010685829,-0.008139825,-0.011754415,0.029906897,-0.020529522,0.010078933,0.063970834,0.020769289,0.10341925,0.01951332,-0.011538213,-0.027143909,-0.002774251,-0.054139778,-0.028462594,0.11279416,-0.030423008,0.009309628,0.047636762,-0.0560716,0.108626455,-0.030097997,-0.098278284,0.01389858,-0.0142668905,-0.021591904,0.06699368,0.031440735
P32121,-0.018676417,0.11043175,-0.0061581978,-0.009421299,-0.021000797,-0.015105974,-0.011618341,0.031634424,-0.025340969,0.0024299186,0.0675453,0.031459194,0.09566646,0.021647664,-0.0055356314,-0.023236124,-0.010048611,-0.056792457,-0.03474978,0.118261464,-0.023242123,0.009000504,0.049001046,-0.057818256,0.11261634,-0.024675863,-0.10072725,0.010501215,-0.009387646,-0.014433875,0.06172641,0.028957367
O43865,-0.019659236,0.11589304,0.00036382675,-0.026151204,-0.0090062795,-0.006549707,-0.0024154056,0.03288732,-0.015260715,0.006136333,0.06929966,0.036160585,0.10467776,0.014765873,-0.008272478,-0.02892659,-0.0030002408,-0.054738045,-0.047174186,0.10906049,-0.027800607,0.025350414,0.048923165,-0.056593742,0.11661997,-0.029424137,-0.11490694,0.018741952,0.0018136688,-0.020145966,0.068223864,0.014777262
P0AEJ6,-0.018297613,0.09454253,-0.025085164,0.000878362,-0.02548032,-0.011291978,-0.023312062,0.029984571,-0.03062414,0.009189501,0.06447525,0.0065105204,0.10391494,0.024143463,-0.022918448,-0.031467926,-0.020110449,-0.06845248,-0.022619117,0.13771543,-0.035771247,0.0114620365,0.041359216,-0.052866764,0.10107756,-0.030012703,-0.09341499,0.0063312287,-0.005163042,-0.022755558,0.053121574,0.04025298
L7NCQ3,-0.012246967,0.103506215,-0.010246949,-0.019942623,0.005012231,-0.027429756,-0.0046407934,0.029172452,-0.023634367,0.016823217,0.070244044,0.02659625,0.1030476,0.051521968,-0.013150031,-0.009080773,0.01775575,-0.039587278,-0.020967094,0.09156644,-0.025484424,0.018148009,0.06783941,-0.053621534,0.09949629,-0.038649753,-0.10614305,0.005519856,-0.03242203,-0.029909723,0.072142705,0.027890556
P11859,-0.017767053,0.10992487,-0.027921865,0.0013272061,-0.015125154,0.00803383,-0.0022213734,0.024475783,-0.013828253,0.010747874,0.06212463,0.012933478,0.10462372,0.016009582,0.003504516,-0.014892164,-0.0016384658,-0.060048886,-0.018602496,0.11855968,-0.023384959,0.002054569,0.055705704,-0.060035717,0.09362388,-0.02414925,-0.09816812,0.019522974,-0.038020447,-0.027220353,0.06475702,0.043076895
Q9SSE7,-0.0126542,0.10658838,-0.015229773,0.008521982,-0.022392659,0.0023136442,-0.00934278,0.023596257,-0.03980295,0.016596608,0.06891001,-0.009629512,0.10703324,0.01409897,-0.014449758,-0.023498736,-0.012284043,-0.073466204,-0.037888967,0.12573898,-0.038441624,-0.004082592,0.043756653,-0.06752166,0.104789525,-0.021327257,-0.090482354,0.019801946,-0.018337507,-0.018068735,0.07204328,0.04689291
P0A870,-0.011435951,0.11567515,-0.026217205,-0.0051178187,-0.014922809,-0.017404877,-0.023853794,0.045838203,-0.015141073,-0.0017907316,0.052742023,0.03842659,0.08943682,0.026222179,-0.0036382116,-0.027811488,-0.020041896,-0.058206785,-0.032203052,0.1160141,-0.020024663,0.01876849,0.07476146,-0.061791617,0.10679386,-0.02968274,-0.10711322,0.00033539595,0.0075601633,-0.018404609,0.067816526,0.017662993
O35305,-0.007155148,0.11117051,-0.017696364,-0.0070791505,-0.017817182,0.0055939504,-0.01383204,0.031470045,-0.025416255,-0.0125834085,0.06629234,0.017109387,0.10432843,0.012967206,-0.0038484384,-0.019052258,-0.018597595,-0.062495098,-0.03944375,0.11530098,-0.04852135,-0.006456675,0.042362135,-0.07256262,0.12049375,-0.023796903,-0.09868544,0.020113697,-0.018198306,-0.016239278,0.07184848,0.03973713
A0AVT1,-0.03305306,0.08154269,-0.010456305,-0.0061127977,-0.02036132,-0.015801348,-0.02905655,0.034262974,-0.038736984,0.015739542,0.05370603,0.008645614,0.09781661,0.00867169,-0.031753033,-0.048290398,-0.020118097,-0.07427243,-0.03076519,0.12532704,-0.03777166,0.006317124,0.043204326,-0.06081286,0.11852909,-0.02343525,-0.10848401,-0.010585591,-0.0024268236,-0.012199774,0.06089821,0.039889023
O15056,-0.019368593,0.12071358,-0.025496658,0.0014173683,-0.011696194,-0.013656214,-0.024868997,0.034963883,-0.02047755,-0.005004145,0.063253045,0.03785641,0.09313788,0.021684883,-0.0013524864,-0.041896652,-0.012909003,-0.061119664,-0.044105344,0.12083195,-0.028659012,0.021947958,0.056405496,-0.064220235,0.115794145,-0.04136297,-0.09897445,0.0017388951,0.003043592,-0.021149602,0.06407319,0.025318554
P31230,-0.015397452,0.11831059,-0.014945999,-0.0072294236,-0.009898347,0.01953765,-0.0204561,0.05197804,0.0048426525,-0.008660168,0.07279316,0.013889386,0.10971064,0.028949872,0.0070249145,-0.012203057,-0.007915702,-0.04874085,-0.028588414,0.09899565,-0.02974254,0.007104418,0.07106821,-0.07871631,0.10844648,-0.024016546,-0.10260645,0.016495734,-0.015863383,-0.020667935,0.08441505,0.028742246
P47135,-0.02544718,0.09554022,-0.012488071,-0.0034281593,-0.020070834,-0.014670635,-0.018567666,0.02396807,-0.040803026,0.01850748,0.06541614,0.0061987676,0.09974465,0.019166552,-0.019277627,-0.029359065,-0.008262388,-0.07496962,-0.039769284,0.13175069,-0.031124279,0.011998938,0.032260254,-0.0449924,0.118358396,-0.015078528,-0.088129096,0.007604152,-0.00956673,-0.010339255,0.06272166,0.045053095
P17888,-0.012378669,0.13859817,-0.013670839,0.007520195,-0.016022354,0.0047612553,0.0017270884,0.054971997,-0.023118008,-0.006690422,0.06882346,0.03410723,0.09575342,0.011950106,0.013335384,-0.018209383,-0.009271082,-0.041007146,-0.034552705,0.10583305,-0.008386812,0.01676597,0.0765003,-0.07855828,0.10263942,-0.03757904,-0.09576918,0.029108424,-0.012553349,-0.016734619,0.07642577,0.008683644
P21399,-0.028999805,0.097671546,-0.0066438504,-0.0011008885,-0.019527735,-0.011460741,-0.02424498,0.033271417,-0.027152097,0.007198215,0.060646687,0.021913515,0.099796325,0.011313249,-0.025309673,-0.029999321,-0.00087259896,-0.061512053,-0.03946835,0.120590806,-0.028445214,0.0055219815,0.052151117,-0.050098855,0.11358884,-0.027145667,-0.10064579,0.0065860418,0.007101776,-0.014093489,0.073897414,0.020491114
P01027,-0.015947286,0.09158852,-0.01852043,-0.007438794,-0.017662916,-0.0026835678,-0.021871053,0.03852903,-0.026088897,-0.002226011,0.06328006,0.017256875,0.1017376,0.024051901,-0.006834001,-0.019088103,-0.007049688,-0.060856182,-0.017126381,0.11257896,-0.043268837,-0.015450836,0.047768176,-0.061570223,0.114922814,-0.0194472,-0.09933314,0.010881294,-0.024551382,-0.003963598,0.07032682,0.046716012
P16045,-0.035128746,0.10716156,-0.009456712,-0.012123578,-0.0051453467,0.0114271715,-0.018102018,0.04939988,-0.0053344644,-0.0021337953,0.06649977,0.022785954,0.10392199,0.018413397,0.003086026,-0.021602234,-0.007259246,-0.05131204,-0.025680302,0.106832884,-0.029345049,0.0019733307,0.05197523,-0.060108364,0.12246665,-0.027552858,-0.1056346,0.016760206,-0.016400574,-0.01624561,0.072042935,0.03336224
P32243,-0.028048338,0.09828373,-0.013097101,-0.00012133164,-0.020440044,-0.016297864,-0.02475767,0.03037913,-0.026524702,0.0012162019,0.061410483,0.014947802,0.10434396,0.017032789,-0.013724347,-0.026881143,-0.0028031808,-0.06503301,-0.032990012,0.1168952,-0.02709526,-0.0058979886,0.053514846,-0.05093264,0.11089753,-0.026067171,-0.09760535,0.0030117047,-0.0013377836,-0.003960482,0.07566526,0.041247338
P16662,-0.011961691,0.0984446,-0.005299671,-0.01227535,-0.009522936,-0.008469488,-0.0062199556,0.012613506,-0.015369642,0.024522342,0.08131048,0.016112966,0.10116821,0.03297622,-0.014730562,-0.023617014,0.005303782,-0.06615203,-0.03678919,0.1218456,-0.040253874,0.012486781,0.04228708,-0.051999148,0.10640341,-0.034723822,-0.09724242,0.016727991,-0.020665517,-0.03672296,0.06520278,0.034128226
P18196,-0.016741773,0.11663501,-0.00913908,-0.007894754,-0.012596942,-0.011653865,-0.007999819,0.032969035,-0.030264232,-0.0018480597,0.07365695,0.022304827,0.10825508,0.013825811,-0.008849945,-0.026696049,-0.007687945,-0.0507318,-0.03836676,0.1071306,-0.024984635,0.029088035,0.045499176,-0.061735176,0.10457898,-0.034365796,-0.10077792,0.012147258,0.000416341,-0.012442588,0.06918587,0.014949162
P00894,-0.015346455,0.10135964,-0.016228778,-0.0044232435,-0.01612612,-0.018690193,-0.031765062,0.019898059,-0.026825273,0.0069574765,0.06801202,0.024813853,0.09126549,0.016918061,-0.018251287,-0.038130745,-0.017196639,-0.06725518,-0.037469596,0.11484909,-0.042593706,0.017853295,0.049804945,-0.06903889,0.10071778,-0.03376541,-0.10222324,0.007635446,0.022006625,-0.014129131,0.062793605,0.024195256
P62328,-0.018471817,0.10972243,-0.01794374,-0.009216601,-0.019068914,-0.00800098,-0.008817095,0.039460428,-0.030369027,0.0051602577,0.06302251,0.024627123,0.104823574,0.01602875,-0.006155295,-0.035693157,-0.009545798,-0.060262274,-0.03216114,0.12391125,-0.026010226,0.01079756,0.05279481,-0.0610757,0.11776566,-0.027654992,-0.09891553,0.020217195,-0.0065233367,-0.012640016,0.06013572,0.034026485
Q04637,-0.030524302,0.09503114,-0.012559042,-0.0049826996,-0.016769506,-0.016872155,-0.02345811,0.027238961,-0.027734559,0.015029953,0.065065145,0.019317107,0.09750226,0.023420416,-0.017596994,-0.02588929,-0.001110045,-0.063862815,-0.031009536,0.1200908,-0.026340801,0.012102796,0.041809715,-0.044385843,0.112787604,-0.018867781,-0.0947852,0.004472049,-0.0046498473,-0.010264577,0.064206615,0.038391307
P02745,-0.022103932,0.102163315,-0.018384703,-0.00852469,-0.009810796,-0.018288799,-0.014279658,0.03974755,-0.015876904,-0.009286974,0.06234047,0.044145066,0.10302754,0.031623133,-0.0037469817,-0.021522282,0.015799144,-0.04511866,-0.015345292,0.1055592,-0.024941891,0.009477823,0.045943715,-0.038188092,0.11569474,-0.026894817,-0.099155076,0.0131729,-0.03208963,-0.015417815,0.057025015,0.035780337
P0AGC3,-0.023249235,0.122180454,-0.0165569,0.0044090925,-0.007881777,-0.004341877,-0.012865042,0.025904454,-0.02166481,0.0034433757,0.07524384,0.016380977,0.091971576,0.026239412,0.00664036,-0.013116021,0.0020909165,-0.064335756,-0.046122335,0.106720075,-0.027375987,0.018870622,0.04949192,-0.05748997,0.10836673,-0.025032073,-0.09374666,0.023603754,-0.0068793874,-0.013851471,0.077693686,0.040391408
P00924,-0.027566776,0.109068274,-0.0030788935,-0.00914849,-0.01190163,-0.010795535,-0.025937911,0.03450542,-0.022621553,-0.0034686062,0.06744792,0.030596534,0.090182796,0.010549964,-0.006152574,-0.035802893,-0.0063086515,-0.07003557,-0.054267384,0.11808052,-0.032609113,0.011950231,0.05629002,-0.05755651,0.12328617,-0.030584732,-0.094809525,0.008974791,0.006779832,-0.009004364,0.076790266,0.021001285
M1V4Y8,-0.05584839,0.076119505,-0.018033644,-0.015524939,-0.00051322643,0.004957804,-0.0333648,0.016242562,-0.022411669,0.027218947,0.08069609,0.0011218699,0.117768556,0.024728155,-0.012817641,-0.022347614,-0.0025980538,-0.047368173,-0.02509207,0.10665584,-0.044540066,-0.002803597,0.0038588084,-0.027779287,0.13063522,-0.029533388,-0.08338151,0.025044313,0.010608782,-0.00063707057,0.060308244,0.067588374
Q8TAD8,-0.02027155,0.11313014,-0.012235638,-0.0108227385,-0.020031575,-0.011045521,-0.009804046,0.036240473,-0.021885043,7.6857395e-05,0.06343947,0.026714161,0.09859454,0.016763788,-4.4947956e-05,-0.023658123,-0.010728018,-0.053285435,-0.02930779,0.124818444,-0.022808246,0.014018073,0.05891831,-0.056619056,0.09959714,-0.026800755,-0.094224185,0.012541079,-0.009030698,-0.019684127,0.061814956,0.021329556
P0ACN4,-0.029169634,0.100131035,-0.0065257847,-0.019429738,-0.014238526,-0.008632377,-0.025117954,0.04180384,-0.018095983,0.00039451942,0.06354455,0.020361518,0.10769359,0.011007725,-0.022808975,-0.035776358,-0.016995775,-0.051641088,-0.03936814,0.12213633,-0.030460691,0.016310079,0.039078105,-0.053426344,0.12192723,-0.028236158,-0.10441559,0.009727493,0.019419583,-0.003975025,0.075268336,0.018643245
P0DPD7,-0.036333248,0.08053684,-0.026590258,0.026697233,0.00540334,-0.025888165,-0.021784076,0.009724395,-0.040867835,0.018225163,0.06630355,0.016856302,0.09975575,0.021315087,-0.03616634,-0.013703225,0.035892606,-0.060274743,-0.03290456,0.09382804,-0.03766305,0.0023488612,0.037049033,-0.026418738,0.11214234,-0.04357983,-0.08789377,0.006437771,-0.018987672,-0.009824365,0.084755115,0.047236584
A0A024B7W1,-0.019446194,0.10744079,-0.00069570664,-0.006998183,-0.01506092,-0.025818685,-0.018155904,0.018343603,-0.037993345,0.0028090067,0.069856636,0.027798392,0.096783005,0.008503822,-0.017322721,-0.044554826,-0.00043409193,-0.05547245,-0.044198096,0.11166325,-0.017324787,0.024058057,0.044780154,-0.05996834,0.108348824,-0.038849134,-0.103717186,-0.002611489,-0.0064044395,-0.027413078,0.05665195,0.011477653
P16219,-0.013545459,0.1041812,0.0011918424,-0.0016311519,-0.040338397,-0.008659862,-0.023930024,0.028263293,-0.047660958,-0.0023318976,0.0741174,0.024378253,0.10120277,0.018055456,-0.028055683,-0.030458314,-0.011522101,-0.049925838,-0.03521682,0.11668867,-0.016068611,0.00453806,0.045607883,-0.07376154,0.10738364,-0.03862333,-0.10272627,0.01230216,-0.003458181,-0.012452491,0.0655096,0.016847752
P07359,-0.010386035,0.08178458,-0.016086549,-0.009070383,-0.014088202,-0.030834565,-0.024598584,0.030507382,-0.026302878,0.018210443,0.075017855,0.013527701,0.09299536,0.048142355,-0.01673835,-0.02689974,0.0022369917,-0.06009477,-0.0071354667,0.11848377,-0.03792821,-0.0064839455,0.03543493,-0.03866788,0.1135303,-0.026746413,-0.08878095,0.0059030456,-0.023001293,-0.016458862,0.064919375,0.05236957
Q14247,-0.027231524,0.0890396,-0.010669632,-0.011657306,-0.012389331,-0.024894582,-0.027787948,0.026938984,-0.021011734,0.015393252,0.06268759,0.024544805,0.09028526,0.023370195,-0.018704353,-0.029761571,-0.012456672,-0.07308297,-0.034026302,0.1234694,-0.03960093,0.0011826064,0.049011186,-0.05180196,0.118995115,-0.022339413,-0.10007117,-0.003478064,0.0048131607,-0.0034317032,0.07575954,0.040261142
P34760,-0.025468161,0.1072202,-0.002872626,-0.0070322673,-0.011499766,-0.014338275,-0.0147283655,0.034181617,-0.028288387,0.007166053,0.06501585,0.023760654,0.09994445,0.012461248,-0.013824051,-0.033482544,-0.0026670732,-0.056828085,-0.037373073,0.11579563,-0.022751804,0.019478584,0.04597156,-0.055371754,0.11387453,-0.026164304,-0.09957467,0.008192714,-0.005490825,-0.013553235,0.06739582,0.01684721
P0C0T5,-0.012054074,0.1297411,-0.0016492847,-0.017829696,-0.012197084,-0.01872572,0.024530897,0.040871397,-0.015004052,0.011938976,0.07472203,0.04662609,0.108418524,0.057349347,0.01809168,0.012005642,0.0051897108,-0.017480757,0.0039331643,0.09826131,-0.0060195616,0.011730149,0.053108625,-0.054394946,0.0995117,-0.021198511,-0.09722924,0.021389259,-0.056624997,-0.024109924,0.054191347,0.030503705
P0A9Q7,-0.008333191,0.12290511,-0.00995813,-0.014063771,-0.010570249,-0.010895038,-0.010203517,0.04062846,-0.011614018,-0.008183574,0.06944412,0.039383195,0.09885235,0.018790603,-0.004211962,-0.024527576,-0.012537596,-0.051809944,-0.043349147,0.11086597,-0.028001834,0.032821976,0.06434327,-0.06871643,0.10500654,-0.03342994,-0.102578744,0.015461083,0.0029576179,-0.017025216,0.072209805,0.006499321
P06612,-0.018219648,0.11124648,-0.008364579,-0.009661869,-0.01728189,-0.026653271,0.007847553,0.047148395,-0.032780778,0.015304027,0.07167042,0.034242533,0.10240153,0.04311892,-0.015453137,-0.016711257,0.0017373294,-0.04364925,-0.021451814,0.1064207,-0.027828423,0.011898535,0.05717148,-0.050387997,0.112953566,-0.03508709,-0.106918514,0.00936165,-0.018127188,-0.026814424,0.06098548,0.038838238
Q9QWV4,-0.024943538,0.10149767,-0.010015112,-0.006006754,-0.0201891,-0.009689597,-0.019735094,0.028166404,-0.033010624,0.006322731,0.06539094,0.022768266,0.10698095,0.014049268,-0.014305498,-0.033638924,-0.004364856,-0.059834912,-0.03682305,0.12147216,-0.031583846,0.007093991,0.033525325,-0.048270557,0.12420082,-0.021766154,-0.089238524,0.015257901,-0.003707189,-0.010246787,0.062861726,0.03285361
Q7L0Y3,-0.019209718,0.11949019,-0.008441812,-0.009132335,-0.02132693,-0.018329497,-0.00504252,0.037563913,-0.028667916,-0.00059090776,0.06945542,0.040699698,0.10151871,0.029073957,-0.00012720749,-0.019701432,-0.0010911345,-0.04380879,-0.028942078,0.10946361,-0.016653344,0.00843628,0.050334543,-0.053578783,0.11640513,-0.027829144,-0.09943309,0.0145277325,-0.015361858,-0.017112505,0.05974297,0.032155678
P51965,-0.022560371,0.11051551,-0.008726212,-0.0044364547,-0.016156202,-0.014616269,-0.0052242107,0.027173135,-0.029235695,0.008621556,0.06866275,0.024515228,0.103456914,0.022747973,-0.0075932755,-0.019507373,-0.006177715,-0.050031804,-0.032416716,0.11563712,-0.02357374,0.0041429936,0.05445185,-0.061932784,0.10708434,-0.036127895,-0.098008156,0.015621682,-0.008940141,-0.013739662,0.06700883,0.032112483
Q9C0C9,-0.015512878,0.120674066,-0.0101767415,-0.006355771,-0.021944845,-0.011962862,0.012729163,0.039715182,-0.03375014,0.012316712,0.070087016,0.035436638,0.109978795,0.03268573,0.0038357188,-0.01591589,-0.00023935981,-0.038488377,-0.015602022,0.11168011,-0.010850533,0.008402942,0.059634168,-0.06239181,0.10847928,-0.032888718,-0.09576366,0.02175744,-0.03142909,-0.020128643,0.058002803,0.03075377
P80188,-0.029686658,0.10883232,-0.008367748,-0.012731421,-0.00063102384,0.0069379,-0.012772257,0.032414827,-0.021563789,-0.00455599,0.06508424,0.013021041,0.1107116,0.009187288,-0.00842319,-0.018651292,-0.0016433802,-0.04694621,-0.044101495,0.102098465,-0.036237422,0.0041994285,0.042103976,-0.062020373,0.12193719,-0.030087292,-0.10105542,0.018403016,-0.016557276,-0.01413881,0.07914433,0.03045197
Q12349,-0.021451376,0.07802838,-0.027428284,-0.015637487,-0.029020013,-0.036116228,-0.04799639,0.077316016,-0.018318955,0.007627189,0.07310453,0.024139926,0.0740855,0.06096297,-0.010716535,-0.06306596,0.00661121,-0.07290184,-0.0044078967,0.1516601,-0.036682755,-0.011071627,0.031610943,-0.020112582,0.12703711,-0.010604963,-0.10931419,-0.0064572003,0.011206769,0.0117410235,0.046692982,0.06544039
C0LGW6,-0.015273187,0.109203845,-0.003812113,-0.01071196,-0.01704521,-0.0033746946,-0.011068121,0.029757805,-0.018795885,0.003395812,0.07827404,0.016345048,0.1050291,0.029101163,-0.0024508343,-0.023655733,-0.004317942,-0.050948773,-0.030452112,0.11430929,-0.03255806,0.013977642,0.043298274,-0.05658947,0.09851229,-0.03511959,-0.08427212,0.020965619,-0.019733055,-0.01809097,0.06514981,0.02842089
Q9HAU5,-0.026063213,0.086320825,-0.01966221,-0.018590126,-0.01524844,-0.028119773,-0.031362884,0.02213701,-0.029709734,0.007518865,0.062391907,0.022501716,0.09680432,0.02650548,-0.02271031,-0.043485645,-0.005733618,-0.06702759,-0.028919568,0.1231887,-0.03650201,0.009447571,0.042941954,-0.054345895,0.11856624,-0.029030502,-0.10467279,-0.005061098,-0.007915272,-0.014636528,0.06140097,0.049585532
P11415,-0.000695277,0.15016091,-0.016877025,-0.0052662976,-0.013075858,-0.008090635,0.012056254,0.041067146,-0.026583295,-0.012152899,0.071805194,0.04336709,0.101904824,0.027649505,0.026526043,-0.008622677,-0.0032157954,-0.043825652,-0.034823008,0.09503766,-0.012047861,0.025953636,0.0734033,-0.078540675,0.09788202,-0.02915615,-0.09966585,0.031057414,-0.023198238,-0.013936106,0.06550294,0.021847393
P0DMC3,-0.01382252,0.12032667,-0.02075502,-0.012821756,-0.012888385,0.0039023496,-0.004821242,0.0380101,-0.0014621178,-0.012257813,0.0654654,0.034010675,0.10733272,0.027972287,0.021041855,-0.009859145,-0.0053965133,-0.05520737,-0.026471984,0.11305477,-0.023183422,0.011159399,0.069213726,-0.063808516,0.10511306,-0.024139468,-0.09328227,0.021047339,-0.034121864,-0.014487346,0.06918763,0.03618227
Q9UJV3,-0.027204338,0.10875104,-0.0024370695,-0.020322885,-0.013571965,-0.0071733287,-0.01879767,0.043937247,-0.019492747,-0.002204513,0.0768912,0.02093876,0.09813611,0.01908358,-0.0043146755,-0.025882864,-0.0034922084,-0.04960857,-0.040877216,0.1164935,-0.023589555,0.010621807,0.038756806,-0.049400765,0.12548156,-0.021056393,-0.09993964,0.01720621,0.004987863,-0.007536997,0.071356006,0.026887503
P08909,-0.007906475,0.1074453,-0.024459302,0.005971705,-0.010016848,-0.0022950396,-0.008094023,0.028900312,-0.039431885,0.0019599001,0.06020376,0.014105645,0.097566076,0.0071635493,-0.00864806,-0.016117798,-0.002902997,-0.065798424,-0.027753046,0.108590215,-0.05041015,-0.0011807401,0.036921263,-0.056354273,0.10791507,-0.018086908,-0.093404494,0.022780418,-0.021045657,-0.014488782,0.07422487,0.032130074
P48601,-0.026006479,0.10485795,-0.011515971,0.003424853,-0.018168196,-0.011683303,-0.0007142727,0.04109534,-0.035772007,0.011255512,0.066924535,0.025670154,0.10405786,0.010082941,-0.009995812,-0.031628102,-0.008785289,-0.048157327,-0.024895947,0.11917236,-0.01749916,0.009753021,0.05593231,-0.057552457,0.108651765,-0.04294338,-0.101786554,0.013761301,-0.0051342454,-0.021611024,0.0537977,0.021745743
D2Z028,0.007981751,0.16183288,-0.0059284624,-0.005794747,-0.010111303,-0.0030104895,0.013159344,0.03431741,-0.017425813,-0.0235287,0.064070806,0.06571623,0.09187202,0.009689577,0.0036481451,-0.029807288,-0.0144877015,-0.054460227,-0.08738187,0.111191824,-0.02934514,0.031194767,0.07882755,-0.095366746,0.103576645,-0.057456806,-0.11269966,0.031213867,-0.009562984,-0.0130939195,0.07490562,0.0010168878
Q42403,-0.026518205,0.0962218,-0.013997889,-0.003353304,-0.018850332,-0.006663582,-0.017558888,0.033841375,-0.025557062,0.01799938,0.06887392,-0.0010226207,0.09414963,0.019127421,-0.017749181,-0.020705732,-0.019722698,-0.067307614,-0.032134037,0.13534035,-0.03598358,0.009496736,0.032090176,-0.044543747,0.10779644,-0.01551078,-0.090979405,0.0049449475,-0.0058104037,-0.01973912,0.062672086,0.04109109
P19174,-0.016430847,0.10804889,-0.005812224,-0.010801021,-0.023717502,-0.020302678,-0.0063000047,0.03944343,-0.030313611,0.0064795534,0.06879038,0.036714986,0.09714252,0.02635368,-0.005911236,-0.02239451,-0.009272801,-0.054295402,-0.024753207,0.11584449,-0.022138512,0.008651804,0.052537095,-0.05654296,0.111611314,-0.025821356,-0.10195858,0.010695249,-0.008452999,-0.0072615966,0.06435549,0.027865386
P84022,-0.02253159,0.11222029,-0.014431969,-0.0043147397,-0.013323823,-0.00322836,-0.012449988,0.033052083,-0.02084743,0.0021542904,0.06300959,0.021524515,0.10358589,0.0134785045,-0.0044066324,-0.024622554,-0.007897382,-0.055979863,-0.03720859,0.11081925,-0.026575701,0.00972298,0.053475287,-0.059750285,0.11032764,-0.029175209,-0.098775186,0.012957185,-0.007862872,-0.01583331,0.071636796,0.029185839
P17515,-0.017427295,0.1085159,-0.0064096693,0.0007091407,-0.0035320371,0.003184054,-0.020007296,0.04867775,-0.01645433,-0.0049802307,0.06542289,0.016659925,0.093991354,0.016298736,-0.0065926565,-0.01309893,-0.0013300502,-0.05189255,-0.024439167,0.100239664,-0.03527236,0.007067247,0.051114105,-0.06253441,0.10258448,-0.021020617,-0.09864004,0.015891407,-0.02117221,-0.007686085,0.08544335,0.013627882
Q9VU87,-0.037255798,0.08504342,-0.0023669116,-0.012405341,-0.0001396009,-0.022826567,-0.026921464,0.015594359,-0.03600166,0.025928423,0.067164324,0.011105582,0.09416005,0.015772939,-0.02397009,-0.035847437,0.008156505,-0.068265565,-0.043056622,0.11252781,-0.029338486,0.02245375,0.019298356,-0.034964614,0.123643406,-0.01437771,-0.095379375,-0.0015050964,-0.0074469256,-0.0050905463,0.065488905,0.035980545
P46273,-0.018087663,0.09119039,-0.01752559,-0.002375158,-0.01445507,-0.014620351,-0.018839937,0.022426253,-0.04088692,0.00989161,0.06171119,0.011258151,0.09701091,0.009554176,-0.018680444,-0.022873987,-0.0013763038,-0.07301546,-0.029471412,0.11705004,-0.040385224,-0.00017986994,0.033709273,-0.0472144,0.11499697,-0.013918947,-0.098228954,0.011614946,-0.01028663,-0.0076611447,0.07327889,0.038515568
O15394,-0.0058967653,0.11477716,-0.009270992,-0.035258107,-0.021627013,-0.018132405,-0.008339629,0.044029657,-0.010960287,0.007428455,0.073057786,0.038863324,0.10394735,0.049893297,-0.0036437372,-0.026542995,-0.00922503,-0.042519644,-0.013356679,0.12264566,-0.02931281,0.004837843,0.04549267,-0.057422087,0.11120199,-0.025383096,-0.10170861,0.012022443,-0.020981876,-0.013479724,0.06596548,0.036110803
P9WPW9,-0.013263681,0.1321724,-0.008491536,0.0037778243,-0.01543495,0.007118581,-0.0007875925,0.058469713,-0.0024344688,0.0050334334,0.075993806,0.02628905,0.10282585,0.028114466,0.0087364,-0.015235198,-0.008881625,-0.03707475,-0.022814121,0.104215086,-0.017410338,0.008353847,0.07040814,-0.07367457,0.11191236,-0.02777452,-0.09742004,0.01552334,-0.014790909,-0.037122086,0.07414455,0.015851945
O33407,-0.017871596,0.09908477,-0.013382509,-0.0019815068,-0.026235892,0.0045141797,-0.017198397,0.030307963,-0.021442436,0.014017745,0.067367174,0.009053535,0.10715747,0.013971902,-0.012515082,-0.034120288,-0.016440347,-0.06223015,-0.029299492,0.12498326,-0.036000956,-0.0020337962,0.04865632,-0.06686446,0.116030365,-0.02437912,-0.092779525,0.018499397,-0.00038721567,-0.026604136,0.06143224,0.03507189
Q9ALW2,-0.015721602,0.14387123,0.012276698,-0.05475957,-0.0187251,-0.0022206232,-0.004045356,0.05416368,-0.005628135,-0.029325929,0.066379756,0.050723255,0.12291647,0.021624517,-0.00040642917,-0.027253354,-0.008267686,-0.029049337,-0.04755368,0.10852194,-0.020121843,0.030458562,0.054392792,-0.066745386,0.11555622,-0.030010017,-0.10653269,0.025017384,0.00048644748,0.002929341,0.09312937,-0.0072438046
O15033,-0.015245971,0.11753868,-0.01723883,0.0020853106,-0.022648832,-0.01337825,0.00517093,0.046724934,-0.03271778,0.013413392,0.06915348,0.036747757,0.106534965,0.03609236,-0.008128489,-0.020334352,-0.011020765,-0.03576678,-0.017055241,0.11828444,-0.021556446,0.0063335723,0.05430466,-0.06178237,0.1125929,-0.041193556,-0.09754434,0.019612938,-0.012068047,-0.022286996,0.05404362,0.03142256
O00560,-0.019470401,0.11320802,-0.019134164,-0.013618622,-0.015227207,-0.0075930865,-0.010276232,0.039379977,-0.016736863,0.004170189,0.060308926,0.03049865,0.102020696,0.02157692,-0.0005414049,-0.029661546,-0.010209723,-0.05551729,-0.029750202,0.119274184,-0.028488008,0.005755218,0.054927014,-0.05993751,0.11582316,-0.023682253,-0.102308035,0.010394496,-0.012980844,-0.017741462,0.061510954,0.037337445
O94875,-0.018339254,0.12623484,-0.012815212,-0.014745806,-0.016707579,0.0020061496,-0.014163989,0.045677334,-0.012992901,-0.014008571,0.06620451,0.035985492,0.09916515,0.014834918,0.007353339,-0.014637741,-0.012270243,-0.049084533,-0.03971462,0.11584261,-0.020894377,0.011362325,0.06595168,-0.06658468,0.10970789,-0.025116088,-0.0988712,0.021383865,-0.012849693,-0.010675136,0.08313266,0.021643745
P09455,-0.022053327,0.105114974,-0.009516378,-0.018531715,-0.015476337,-0.015309001,-0.011742154,0.037972707,-0.020369753,0.0067254864,0.06548779,0.030798241,0.10372935,0.0224395,0.00016020537,-0.024456332,-0.016328216,-0.055961866,-0.02380226,0.123067245,-0.022446334,0.013948682,0.055551838,-0.05193156,0.10774066,-0.02399772,-0.107525304,0.0012099292,-0.019787703,-0.025143217,0.055903338,0.030639356
P11541,-0.03909831,0.086044036,0.0001153294,-0.0019215159,-0.014301453,-0.004946098,-0.0042832196,0.0075842105,-0.017616231,0.025379442,0.068782,0.0022293879,0.109929055,0.0074372273,-0.020105723,-0.0151972575,0.00024595484,-0.056200862,-0.027375106,0.123381406,-0.026716175,-0.0014620079,0.031331368,-0.037043884,0.100323364,-0.028083555,-0.094621316,0.013334475,-0.014316501,-0.027884958,0.05836674,0.03413853
O29976,-0.016924445,0.08569019,-0.017757632,-0.003707638,-0.010760925,-0.01852628,-0.042518377,0.03888192,0.013361562,0.0062885657,0.059671752,0.030924855,0.09572795,0.032064226,-0.016394194,-0.042754173,-0.016467277,-0.06592317,-0.02172586,0.12006633,-0.04130751,0.003063199,0.07709066,-0.06643039,0.1071005,-0.036837112,-0.09720555,-0.010316316,0.005958018,-0.017111186,0.07389574,0.029858958
O23512,-0.022730157,0.093160614,-0.020332072,0.017268876,0.0011569426,-0.0066902544,-0.023779674,0.020429218,-0.029309008,0.0015374646,0.058047432,0.012572494,0.10330175,0.0021983422,-0.028098408,-0.028407536,0.006621766,-0.063828155,-0.039425787,0.101318836,-0.05014684,0.0015858249,0.040625975,-0.05504457,0.11236363,-0.038083475,-0.100438505,0.0130058145,-0.004579087,-0.016519561,0.07931272,0.027050294
A0A166U5H3,-0.02407792,0.10354841,-0.012546849,-0.0140132,-0.013353347,-0.022227814,-0.021290386,0.039155167,-0.018681746,0.008043561,0.0591417,0.034817856,0.088538446,0.033342395,-0.0045148036,-0.036284808,-0.0051622265,-0.0748749,-0.039528925,0.119169794,-0.031582817,0.0062981187,0.05787302,-0.054872442,0.1207261,-0.01857006,-0.10376469,-0.0060772724,-0.019141484,-0.00145467,0.06476573,0.052178636
P01700,-0.012271545,0.10373086,-0.030220192,-0.022515215,-0.024212014,-0.020857466,-0.021579988,0.050613187,-0.013790965,0.003444842,0.054762475,0.038572904,0.09722348,0.044556014,-0.0014852909,-0.030135453,-0.015654678,-0.055429548,9.950204e-05,0.1282072,-0.032606635,-0.015737765,0.04642686,-0.05207219,0.118731275,-0.01181611,-0.10906679,0.00041749142,-0.02424964,-0.009148467,0.052791674,0.06140968
P13727,-0.034727033,0.10814706,-0.01812146,-0.015523759,-0.0044636764,0.006857075,-0.009835268,0.032902543,-0.02230302,0.008842641,0.06333233,0.00800941,0.10173408,0.007427864,0.0003036689,-0.030215755,-0.0061854864,-0.0678563,-0.035618167,0.12153568,-0.035220142,0.0006925599,0.031547796,-0.04996184,0.1264707,-0.018539665,-0.10235798,0.020822352,-0.02158764,-0.019139437,0.06494773,0.051255483
Q9VMB4,-0.024133004,0.09941003,-0.025974717,-0.016099535,-0.0032267235,-0.015763514,-0.031420503,0.04699277,-0.010822089,0.013752567,0.06384982,0.02233425,0.07824416,0.028058184,-0.006264172,-0.03740707,-0.016822923,-0.07084688,-0.030683972,0.11744568,-0.04372122,-0.0031394705,0.048670083,-0.05410383,0.12266102,-0.022480972,-0.10549553,0.0017500417,0.003103368,-0.002838232,0.076692745,0.05600408
P49407,-0.02515435,0.111494064,-0.010029107,-0.0036989807,-0.010902924,-0.009707669,-0.013623628,0.030305425,-0.02128513,0.0052196933,0.06910854,0.026792556,0.096393116,0.017043807,-0.00390198,-0.022702124,-0.00017122469,-0.05610591,-0.03890482,0.11284888,-0.022061594,0.01386945,0.049894027,-0.05334855,0.11465381,-0.0268453,-0.095271915,0.014450931,-0.007774437,-0.01716237,0.06900973,0.026790181
O13034,-0.060447708,0.068675995,-0.018341651,-0.006447056,-0.0018533986,0.0067911823,-0.01607733,0.021948023,-0.045406718,0.02096085,0.048225295,-0.008388446,0.12219918,-0.008652698,-0.041231677,-0.04013825,0.011937909,-0.05872662,-0.036108647,0.111396074,-0.055506825,-0.017941544,0.030880347,-0.032710556,0.1294092,-0.046313126,-0.098101676,0.019843252,-0.0059301076,-0.02279793,0.073406376,0.05321276
O00910,-0.016739644,0.11331907,-0.009887746,-0.0193578,-0.018123861,-0.012497423,-0.01495174,0.036281083,-0.015151208,-0.016670812,0.061094053,0.040675733,0.10544631,0.0070332973,-0.006276126,-0.029725425,-0.0068242447,-0.055363134,-0.042887647,0.12089886,-0.030087063,0.015611512,0.042607877,-0.048073284,0.12205798,-0.021542428,-0.099894255,0.015834665,0.0064130453,-0.004268257,0.074689254,0.0132668
Q74K78,-0.022608537,0.102959126,-0.002856005,0.010337733,-0.0033756625,-0.021481572,-0.021305028,0.026239548,-0.031044967,0.020847805,0.07736822,0.0025699101,0.090757325,0.03256978,-0.015460931,-0.036654226,0.017793782,-0.049421094,-0.025451869,0.104581416,-0.022987138,0.013578451,0.033047892,-0.046910048,0.10117045,-0.03251394,-0.08993332,0.012670163,-0.024570022,-0.03543859,0.052458648,0.03525549
P53675,-0.031733833,0.08474856,-0.0065747844,-0.013723041,-0.017150559,-0.015909215,-0.026714213,0.03019576,-0.022158133,0.0061005205,0.06830459,0.025015669,0.101636715,0.009367567,-0.022946471,-0.036692206,-0.016381484,-0.062505744,-0.045141183,0.12622796,-0.03286067,0.01197592,0.03038245,-0.037369967,0.1291306,-0.03012726,-0.09815922,0.0059680473,0.022939749,-0.005276015,0.058411937,0.029191567
P11473,-0.0153897125,0.11784471,-0.016452936,-0.005358914,-0.01195974,-0.009071503,-0.01458637,0.035364155,-0.01731756,-0.0060243,0.063725755,0.035276286,0.0979734,0.021299455,0.000913813,-0.02007276,-0.0064449143,-0.051681362,-0.034725603,0.11150718,-0.028037898,0.009566634,0.054543976,-0.062022034,0.11337566,-0.026524113,-0.0969787,0.015988538,-0.010534527,-0.012951688,0.07054417,0.026815318
P07315,-0.013451493,0.11139002,-0.013241187,-0.018948875,-0.02437412,-0.017832961,-0.014459305,0.029070705,-0.040989175,2.8861687e-05,0.054205317,0.03128883,0.103337124,0.017588194,-0.0057531837,-0.04144737,-0.0048568035,-0.07850553,-0.039939836,0.12255181,-0.025786605,0.0132208895,0.06441927,-0.072324224,0.11718954,-0.016699625,-0.10481864,0.0042636013,-0.021242537,-0.004076086,0.06965909,0.036072697
Q9Y2D1,-0.019980537,0.10639726,-0.016634598,-0.0078056906,-0.0139669115,-0.0055202153,-0.021061448,0.03482859,-0.014872933,-0.0007173771,0.062374283,0.021663565,0.09949987,0.015608787,-0.0057252864,-0.031141974,-0.015640425,-0.06041857,-0.037165646,0.12027776,-0.032593466,0.0021417541,0.0507059,-0.06231538,0.118433714,-0.027388852,-0.10037699,0.007843945,-0.0053772815,-0.01585816,0.069053836,0.035506506
O88844,-0.013918851,0.09327879,-0.0036129046,-0.01023497,-0.031951834,-0.016325826,-0.029105874,0.030953608,-0.034308434,2.9118111e-05,0.068380974,0.019400941,0.09791153,0.019817455,-0.024843404,-0.031423327,-0.021223133,-0.060294595,-0.03095828,0.122422256,-0.032731887,0.0063763936,0.047914147,-0.06782766,0.108301066,-0.026206136,-0.105959155,0.00026914602,0.007433969,-0.015666723,0.060772438,0.021952994
Q5SW96,-0.025236852,0.09429366,-0.0071047735,-0.0045652315,-0.013518215,-0.017445745,-0.020255486,0.03494156,-0.02281359,0.0067210766,0.0666746,0.02195181,0.09148504,0.014281221,-0.015239219,-0.02740975,-0.007484189,-0.06065034,-0.031607606,0.11859684,-0.033747915,0.0032745644,0.044453934,-0.0479101,0.11448429,-0.026999144,-0.09864181,0.008173422,0.002887012,-0.009990452,0.07206557,0.027015384
P07014,-0.03349775,0.101577505,0.001714857,0.02427904,-0.018617291,0.0057776,-0.016850064,0.030030016,-0.023607692,0.00750333,0.0640193,0.003062234,0.10274484,-0.008628738,-0.02785923,-0.018309778,0.0056298417,-0.05573014,-0.036415704,0.11469509,-0.017670667,0.00171091,0.04797502,-0.05040442,0.101693645,-0.030739319,-0.09618382,0.025996953,0.005785449,-0.020990884,0.08706124,0.0033628226
P22736,-0.021701582,0.11131879,-0.01347512,-0.011459755,-0.022886245,-0.0055829794,-0.0078098243,0.039650884,-0.020616632,0.0002514135,0.06195741,0.025548097,0.10504721,0.021823287,0.00043256878,-0.021460677,-0.012686364,-0.050143085,-0.024038818,0.119535044,-0.023371292,0.0032657343,0.056419324,-0.059652768,0.10865025,-0.02458457,-0.09711842,0.012348453,-0.01814962,-0.018221525,0.06074351,0.03488502
F1RAX4,-0.022031255,0.116508454,-0.010197251,-0.028411856,-0.016696373,-0.023216298,-0.010517835,0.042519756,-0.018182667,0.00042285537,0.066085845,0.048899524,0.09882234,0.038625717,0.00011549378,-0.02560956,-0.0021783342,-0.043898165,-0.029466292,0.11439795,-0.021012232,0.016224746,0.0499327,-0.04806549,0.11563261,-0.023931835,-0.10066947,0.008300859,-0.012160482,-0.005126654,0.05788415,0.03536739
O75446,-0.031320255,0.1067248,-0.0052466653,-0.0013447913,-0.008999813,-0.00834592,-0.006823257,0.037631854,-0.026587302,0.008589491,0.064777255,0.022361988,0.092341475,0.0035859465,-0.0055444953,-0.025098227,-0.004430625,-0.051536977,-0.03697831,0.11609865,-0.020194741,0.01461218,0.04678129,-0.0496551,0.11184949,-0.025358012,-0.100979455,0.011184753,-0.0062629357,-0.021699699,0.058561828,0.017050028
P0ACE3,-0.02969057,0.09305647,-0.014509312,-0.013327759,-0.010140945,-0.008848173,-0.010346536,0.031946216,-0.020590594,0.008267884,0.065533265,0.02593871,0.09819409,-0.005106565,-0.018797599,-0.031916235,-0.005234666,-0.06222776,-0.04663837,0.12443554,-0.04007888,0.017045569,0.014356361,-0.023840295,0.13306461,-0.014468784,-0.09919641,0.005774127,0.010734424,-0.0118074035,0.06531793,0.023136735
O23530,-0.017073784,0.1006292,-0.01432186,-0.009944651,-0.013621695,-0.020132914,-0.021040712,0.027825313,-0.02333327,0.002747668,0.058038145,0.030493973,0.0932208,0.013492515,-0.012232583,-0.03339866,-0.013495237,-0.074046016,-0.038971968,0.123524755,-0.035692353,0.019029455,0.053302713,-0.059318133,0.113155,-0.020517945,-0.09973042,-0.00052461214,-0.0048815226,-0.008855387,0.07018882,0.025476824
P20827,-0.02665817,0.11948528,-0.013079275,-0.03108263,-0.019855587,-0.0052978485,0.00070231315,0.043490186,-0.017212529,-0.0017483234,0.052768886,0.033248067,0.11827868,0.027457066,0.00077886414,-0.028478231,0.0002366146,-0.0381449,-0.019725952,0.123878,-0.022676095,0.012755426,0.059215847,-0.048474237,0.100430354,-0.030414665,-0.09048715,0.019627307,-0.032401487,-0.02197318,0.0589867,0.029374497
Q43155,-0.008325131,0.12994903,-0.017003492,0.0041858293,-0.014517822,-0.009894684,-0.003643806,0.040999416,-0.018997157,0.0004246924,0.0644389,0.033322517,0.09688189,0.01958121,-0.0027024683,-0.026976002,-0.010601707,-0.04336232,-0.025270225,0.11235273,-0.015139353,0.024030665,0.06863523,-0.076532416,0.10305667,-0.03599894,-0.09735463,0.022554822,-0.018801806,-0.04109169,0.06013008,0.014862712
O53581,-0.02311518,0.10547805,-0.007131102,-0.0112712085,-0.025495892,0.0007044569,0.0048166784,0.035069562,-0.010842885,0.015038202,0.07926982,0.0257555,0.103323616,0.023342399,0.0072587826,-0.012723034,-0.007601578,-0.052461885,-0.027875176,0.12072031,-0.020478852,0.0035307712,0.052281506,-0.04819141,0.11054983,-0.02599537,-0.08656788,0.012313634,-0.019859115,-0.015163133,0.07063896,0.035367437
P18956,-0.032484256,0.11039448,0.0027030031,0.008819088,-0.014141893,-0.01673296,-0.017445095,0.030212153,-0.03930819,-0.0048286226,0.07059361,0.022307727,0.09164805,0.010805416,-0.004621006,-0.030614957,0.002958044,-0.049829062,-0.038027015,0.11033316,-0.02362966,0.009340404,0.042069945,-0.055124,0.105649054,-0.039770626,-0.096601225,0.017215142,0.003363368,-0.009668796,0.066233456,0.013579216
P15202,-0.013556577,0.1100767,-0.016691728,-0.007335715,-0.023114288,-0.017068973,-0.0018421188,0.03424293,-0.024415454,0.008142629,0.07371518,0.043265592,0.09814137,0.02143029,-0.0006661012,-0.030610278,-0.0089299185,-0.047520135,-0.033140797,0.11947212,-0.020130174,0.0040786765,0.056407347,-0.057593018,0.11672478,-0.04022838,-0.09933559,0.0032701,-0.009851591,-0.023697043,0.05482694,0.032146312
P0A744,-0.030026551,0.08975262,-0.007181988,-0.0005615284,-0.017642055,-0.014056406,-0.011099459,0.03373474,-0.029920448,0.027819123,0.071794406,0.0037854835,0.099138916,0.020823702,-0.025621979,-0.024998628,-0.011795657,-0.059781063,-0.033479743,0.13491833,-0.039379,-0.0017931974,0.0369896,-0.039263718,0.11624207,-0.029401911,-0.0869043,0.006047729,0.003914847,-0.023885634,0.064316005,0.036702365
P09758,-0.011123533,0.08716029,-0.019201037,-0.019307677,-0.022855178,-0.010673583,-0.02989596,0.031772245,-0.018054292,0.012999425,0.0718827,0.015521377,0.10099494,0.037973437,-0.02356717,-0.03902491,-0.016924901,-0.06077069,-0.015474938,0.13464946,-0.048100848,0.005758453,0.035450608,-0.05719758,0.10187651,-0.033237256,-0.0984834,0.005855317,-0.0051226486,-0.01620175,0.060416177,0.038745224
P03069,-0.017512394,0.10895185,-0.018427068,-0.0023722367,-0.016514586,-0.00068030966,-0.016820092,0.030339532,-0.021064576,0.0024384132,0.062272094,0.017930934,0.10926003,0.01118831,-0.00990833,-0.031307414,-0.007980079,-0.057168964,-0.033452764,0.11549306,-0.030846907,0.0032642775,0.05000137,-0.062719226,0.10955786,-0.03188314,-0.098512106,0.015381382,-0.0033749233,-0.014607649,0.07450585,0.028484387
A0JNT9,-0.012907703,0.1188274,-0.008880576,-0.004336653,-0.010807035,-0.026041776,-0.011699878,0.039175376,-0.027525231,0.00072740763,0.061123863,0.035146657,0.087875254,0.02072156,-0.0062987977,-0.027405383,-0.0077839117,-0.058169056,-0.035825793,0.11880536,-0.02149842,0.012593082,0.04767981,-0.05199082,0.114514075,-0.023536379,-0.10258374,0.005384341,-0.013152544,-0.016583802,0.06412188,0.021468356
P10096,-0.041086655,0.07765744,-0.008099348,-0.008753169,-0.0060043554,-0.02511979,-0.034154337,0.022627154,-0.048038837,0.013152084,0.050505493,0.009748933,0.09516499,0.004392917,-0.025864668,-0.03226435,-0.0027447566,-0.06732437,-0.031270277,0.11191633,-0.024945715,0.0015032628,0.044409946,-0.04961887,0.12345102,-0.019139776,-0.102971196,-0.011030767,-0.008131724,-0.0024666302,0.07716739,0.032438356
P04739,-0.012124425,0.08789505,-0.027552638,0.0062566604,-0.021591503,-0.0019102248,-0.013792558,0.018756777,-0.03623557,0.010072308,0.06728562,0.009798213,0.102168195,0.0017106859,-0.022625685,-0.03157766,-0.022419577,-0.07154106,-0.03429038,0.13007961,-0.051424973,0.0039330586,0.036057543,-0.059112724,0.11046466,-0.036574043,-0.091407895,0.011960372,-0.0037818365,-0.026961062,0.057977654,0.03633983
P11672,-0.017133385,0.11280593,-0.020344052,-0.00770568,-0.014948263,0.0072817034,-0.022200972,0.045703895,-0.0032868506,-0.01438457,0.058837436,0.028215833,0.10791194,0.024226937,0.00070217066,-0.023737025,-0.01710553,-0.050399896,-0.022205649,0.11280324,-0.03518293,0.0021229004,0.05364908,-0.07148642,0.11154441,-0.025371447,-0.10535154,0.008193318,-0.021993902,-0.01598185,0.065516815,0.033686288
O14368,-0.026791409,0.10909041,-0.008141489,-0.012622523,-0.012406462,-0.011141957,-0.021098549,0.035344016,-0.033749282,-0.0022072427,0.059797287,0.02227554,0.09800931,0.011032241,-0.0102174105,-0.027041875,-0.0029480204,-0.06143494,-0.04227769,0.11154682,-0.02000287,0.014341687,0.05384351,-0.058432445,0.11600388,-0.02225315,-0.102153756,0.010899205,-0.0051745237,-0.0016740033,0.07972779,0.022902733
Q9Y2X8,-0.012992083,0.1360269,-0.011870979,0.009000329,-0.019222882,-0.004154575,0.025118377,0.050772548,-0.037944358,0.019210564,0.07260528,0.03898769,0.11641024,0.042732947,-0.0006988365,-0.012329441,0.0013201272,-0.018664096,-0.0134932585,0.10214932,-0.012691898,0.0044460534,0.05781634,-0.06786714,0.10804419,-0.049187507,-0.09655729,0.033687536,-0.030116986,-0.028644558,0.05231371,0.028727297
O95997,-0.018501014,0.09533102,-0.020059265,-0.012847693,-0.021526452,-0.020323994,-0.030428855,0.036099106,-0.029128533,-0.0052033635,0.051586743,0.027582092,0.09470749,0.018555915,-0.01633248,-0.036149494,-0.019204251,-0.07689989,-0.036582306,0.11937244,-0.033158936,0.012197695,0.05534304,-0.060604684,0.11866504,-0.019011877,-0.10802988,-0.00506361,-0.0041684667,0.0009672884,0.07244531,0.041039478
P07550,-0.021865843,0.10551435,-0.009820454,-0.013057418,-0.012236392,-0.012705044,-0.020155154,0.03474192,-0.01795462,0.00044300055,0.06428943,0.029925773,0.102368414,0.017755993,-0.010338404,-0.03787068,-0.006223397,-0.060761083,-0.04052191,0.11768248,-0.03476243,0.008588361,0.053002726,-0.057733543,0.11952433,-0.032869767,-0.098221675,0.008954828,-0.00061991165,-0.012292444,0.0701936,0.028159637
P04797,-0.015041932,0.11407485,-0.012144446,-0.014821827,-0.01944409,-0.014289295,-0.008997211,0.03275553,-0.024342585,-0.0049054744,0.061685722,0.03254987,0.1066849,0.01661809,-0.0005534431,-0.029086884,-0.0068993815,-0.05635518,-0.032498524,0.11500317,-0.021815835,0.013360743,0.05602231,-0.06275605,0.11110352,-0.022496436,-0.10407207,0.0051552653,-0.01614577,-0.014468399,0.0624816,0.027039314
P11551,-0.007483261,0.11466462,-0.020289578,-0.012984387,-0.017520329,-0.006604387,-0.007029926,0.026459917,-0.021162735,0.0040673674,0.0649289,0.026037233,0.10802594,0.028361129,0.0049103103,-0.032046895,-0.019651422,-0.06641221,-0.030261368,0.119823776,-0.041598372,0.0023931698,0.03751715,-0.06613123,0.11821622,-0.023025105,-0.09861648,0.011158645,-0.02478245,-0.014770362,0.0544721,0.052542225
P39633,-0.0060090832,0.14273478,-0.03283031,-0.009652562,-0.0051297853,0.004837854,-0.022768103,0.05138448,5.3104013e-05,-0.0060161427,0.0618487,0.0355616,0.09348047,0.02727446,0.0073201917,-0.025119215,-0.01201725,-0.054507162,-0.036145262,0.09096035,-0.025096383,0.02919391,0.071258835,-0.08185199,0.10764004,-0.016076516,-0.121094756,0.009048973,0.00051477645,-0.029052425,0.07350941,0.025915565
O15123,-0.02005912,0.11099678,-0.012840465,-0.005637356,-0.01890106,0.004724209,-0.018793458,0.036806148,-0.017029366,-0.00075294153,0.06669525,0.022787731,0.09986888,0.020333823,-0.0044073174,-0.023351017,-0.005820199,-0.060692854,-0.027243618,0.11666356,-0.029789526,0.002335138,0.05374654,-0.06548385,0.10778985,-0.028033424,-0.09878874,0.01909962,-0.01839379,-0.013504431,0.07886852,0.030144772
O95484,-0.01687896,0.096940756,-0.013365978,-0.013915839,-0.0117777325,-0.028592287,-0.01845365,0.02719314,-0.013487917,0.016531864,0.065007135,0.02978212,0.08194814,0.031208046,-0.0115023535,-0.02753596,0.0022059684,-0.062461875,-0.020291543,0.123127244,-0.035495598,0.011416366,0.02908877,-0.02850822,0.10428684,-0.013193919,-0.09227608,0.005129804,-0.019183341,-0.018616127,0.05903708,0.03828802
Q6GIL8,-0.026894849,0.12031783,-0.0018814988,-0.009477377,-0.021572538,-0.0174898,-0.017914342,0.01869241,-0.030607633,-0.008185341,0.0740349,0.04712982,0.08809161,0.011022059,0.004004675,-0.01454094,0.007903874,-0.05713056,-0.040098943,0.09409501,-0.022113157,0.0074711544,0.031617545,-0.042314027,0.11009456,-0.01783536,-0.11191796,0.014227666,0.0112619735,-0.004390884,0.06955664,0.02231053
P31681,-0.023079481,0.08813239,-0.015799645,0.004894918,-0.010192739,0.009249314,-0.03222096,0.0145303905,-0.037382297,0.011857874,0.054080248,-0.009129419,0.086146444,0.012625501,-0.037371665,-0.0018405505,-0.011795886,-0.07345964,-0.042817228,0.10244274,-0.053051624,-0.015748482,0.016825391,-0.04248734,0.11585052,-0.017368075,-0.10722458,0.019349579,-0.0051496867,-0.014963814,0.093187764,0.0401678
P01298,-0.017798474,0.13605233,-0.013583106,-0.028497867,-0.014666188,0.0014291126,-0.0070656375,0.058086276,0.007931977,-0.023957131,0.061383236,0.05714351,0.112673394,0.034662914,0.021494538,-0.018286722,-0.0061322176,-0.037543163,-0.02350389,0.10859982,-0.017146412,0.014731427,0.06745017,-0.06339459,0.12038625,-0.023684874,-0.10156723,0.020822877,-0.024078043,-0.009843122,0.07203162,0.023735212
P47543,-0.0013342216,0.10210472,-0.014243507,-0.013667445,-0.01794143,-0.01866652,-0.016182901,0.025060905,-0.029115863,-0.0018313192,0.064513266,0.023060432,0.10279003,0.01816037,-0.013521587,-0.037824124,-0.009829485,-0.08332646,-0.04414034,0.121176995,-0.04710745,0.0049388898,0.044171076,-0.0644197,0.12154647,-0.017727263,-0.10613226,-0.003102336,-0.017143048,-0.007624466,0.07178697,0.040525675
P16554,-0.027940001,0.09830782,-0.0032640574,-0.020975849,-0.01609471,-0.016820837,-0.021440186,0.03187611,-0.023931928,0.009023842,0.058990516,0.024305943,0.09888734,0.010523022,-0.012767464,-0.045481455,-0.0151344575,-0.0781687,-0.04528091,0.12560639,-0.03344938,0.0059669083,0.046400197,-0.059560493,0.13321468,-0.015371727,-0.10557741,-0.0038888752,-0.0011481,-0.003191623,0.07189756,0.0371981
P20676,-0.004616069,0.12621486,-0.02776657,-0.013410002,-0.008988876,-0.011661539,-0.0018513538,0.034898706,-0.0053620003,0.007066916,0.067237675,0.044499323,0.096428,0.03595904,0.0055083986,-0.019279508,-0.012319296,-0.047659732,-0.027113862,0.10268452,-0.027780503,0.018971164,0.059178185,-0.07050971,0.11199973,-0.027182167,-0.10700108,0.0060722446,-0.024437204,-0.027879344,0.06701267,0.040425915
O95994,-0.017905587,0.118536495,-0.016967861,-0.009107793,-0.015295672,0.009166329,-0.016125603,0.042851645,-0.012756248,-0.007213807,0.060280055,0.024274467,0.106021814,0.01303868,-0.004350168,-0.028765408,-0.015066204,-0.04877375,-0.03229742,0.1142604,-0.030294282,0.007029804,0.06135738,-0.07620346,0.10889504,-0.032431312,-0.10421314,0.017401049,-0.013189818,-0.026368776,0.06755834,0.023765424
Q8WUM4,-0.033656694,0.09406062,-0.008012516,-0.009337434,-0.006748051,-0.01303201,-0.02073497,0.03251516,-0.019637533,0.008991649,0.06611236,0.018556908,0.09381327,0.007775996,-0.014984559,-0.030906241,-0.009680484,-0.060851015,-0.040516786,0.11802544,-0.037068956,0.010994889,0.03644782,-0.04204699,0.12188634,-0.026031405,-0.094064325,0.0071754185,0.0062268972,-0.013639785,0.06926792,0.02937714
P10987,-0.00763351,0.11387962,-0.011074977,-0.029664394,-0.0090760905,-0.03180364,-0.009666318,0.037385985,-0.01626878,-0.0004927404,0.06781559,0.042653095,0.090130046,0.03192554,0.0018585008,-0.037568867,0.0017340827,-0.06792362,-0.050690435,0.12628675,-0.021980364,0.009461924,0.040088773,-0.042895176,0.12657699,-0.017342512,-0.1128803,0.016841162,-0.0047789332,0.015381074,0.061354544,0.047916047
P0DOY2,-0.012271545,0.10373086,-0.030220192,-0.022515215,-0.024212014,-0.020857466,-0.021579988,0.050613187,-0.013790965,0.003444842,0.054762475,0.038572904,0.09722348,0.044556014,-0.0014852909,-0.030135453,-0.015654678,-0.055429548,9.950204e-05,0.1282072,-0.032606635,-0.015737765,0.04642686,-0.05207219,0.118731275,-0.01181611,-0.10906679,0.00041749142,-0.02424964,-0.009148467,0.052791674,0.06140968
P14373,-0.02359495,0.10600698,-0.011518929,-0.0087000225,-0.018395182,-0.009211077,-0.0108786905,0.03584831,-0.029063562,0.0073846867,0.062901504,0.025318867,0.10383927,0.0171494,-0.01214596,-0.027913652,-0.006991178,-0.053027965,-0.028958337,0.11831735,-0.027712768,0.008115296,0.04657719,-0.05433475,0.11272905,-0.027868474,-0.097842894,0.01258259,-0.009595334,-0.0156165045,0.06384898,0.028460784
P0AAR3,-0.03053832,0.09388521,-0.0074304915,-0.014147048,-0.0100641735,0.00011132099,-0.017357515,0.035184354,-0.021899477,0.022359623,0.060981166,0.00015530859,0.09787658,0.011863984,-0.024758792,-0.026619172,-0.020947479,-0.052513808,-0.023663832,0.123319216,-0.035560235,0.008695505,0.034979273,-0.058986466,0.103705175,-0.02184814,-0.1078152,0.009111361,-0.0040567084,-0.021830738,0.06690296,0.026843717
O76041,-0.03069561,0.088684775,-0.010867349,-0.024796933,-0.0170272,-0.017125996,-0.026312077,0.02319792,-0.030746423,0.012876277,0.056444775,0.023972398,0.09297591,0.021714382,-0.018527886,-0.025524748,-0.0010217987,-0.059361164,-0.029575907,0.1213485,-0.031880945,-0.0059148124,0.03386494,-0.040784523,0.11934599,-0.013002194,-0.10452909,0.0049385256,-0.008960363,-0.006392674,0.065964095,0.04257982
O95273,-0.008586747,0.13385297,-0.0065999483,-0.016094776,-0.021687666,-0.014624382,0.014197183,0.03971383,-0.0155095905,-0.00643184,0.07293867,0.048522502,0.1033389,0.034696072,0.021856675,-0.0039254962,-0.0023746209,-0.03323863,-0.017393485,0.10752999,-0.0031731415,0.011741854,0.074989066,-0.069426335,0.09924763,-0.029125065,-0.10078714,0.018489212,-0.037674338,-0.02481852,0.06052351,0.022412816
O43586,-0.014256676,0.105519295,-0.015250418,-0.033339597,-0.025367899,-0.026508205,-0.023833418,0.04934934,-0.017445993,-0.00013672064,0.0587977,0.037969667,0.0989047,0.032665316,-0.015800651,-0.040755957,-0.02441679,-0.056949113,-0.023544872,0.13471432,-0.034347933,0.005847692,0.045389358,-0.054442104,0.11844849,-0.020889828,-0.11055913,-0.0011691177,0.007935503,-0.0019106878,0.06473356,0.035200004
P02042,-0.031312365,0.07828069,-0.021604076,-0.0063679237,-0.026048094,-0.023206389,-0.040835254,0.040551946,-0.025530012,0.015282201,0.05371073,0.026301464,0.07903266,0.008967304,-0.031794347,-0.04053849,-0.032397814,-0.07817564,-0.037127227,0.13559818,-0.033901222,0.005313266,0.048195988,-0.052746132,0.11920543,-0.016741967,-0.11069051,-0.018042684,0.029685982,0.011682896,0.07276269,0.03831302
O14529,-0.020246776,0.102095045,-0.01724724,0.0032517326,-0.019792018,-0.0082655875,-0.0022809003,0.015128241,-0.045628186,0.0036898262,0.057393223,0.006727381,0.11125302,0.002494612,-0.013281058,-0.022238897,0.0028988451,-0.057841122,-0.024139592,0.11063549,-0.024059491,-0.0008277353,0.052519996,-0.062291574,0.09293937,-0.033583436,-0.103019096,0.02191437,-0.026710756,-0.022335554,0.06386964,0.036547698
P10613,-0.0047348626,0.08600539,-0.018031323,-0.022216683,-0.018200332,-0.017730609,-0.012808309,0.023971653,-0.026140966,0.035924975,0.0736097,0.008702502,0.104143284,0.045281887,-0.018060979,-0.032272134,-0.01073242,-0.059209257,-0.0032928803,0.13277717,-0.04527414,-0.006960278,0.030696595,-0.05130474,0.099654175,-0.024819419,-0.099267386,0.013833878,-0.026850289,-0.022240693,0.0529398,0.056950394
O14520,-0.022465259,0.075885974,-0.012508108,-0.016029306,-0.013253015,-0.02197095,-0.03602559,0.03499571,-0.027326087,0.018207809,0.06815971,0.016329397,0.08835422,0.033341408,-0.025592843,-0.03268241,-0.005295841,-0.07270893,-0.028534947,0.11839505,-0.041282605,-0.00057689566,0.030313903,-0.040217716,0.12737678,-0.01165735,-0.10696087,-0.0022499226,-0.007595098,-0.0037551615,0.0631033,0.05615003
P04776,-0.04349233,0.090764545,-0.013739141,-0.013096163,0.0089493785,-0.010719678,-0.04679118,0.016220778,-0.0081084315,0.019189883,0.054662373,0.016097283,0.08664027,0.0042688977,-0.023338892,-0.0626854,-0.020052183,-0.09882735,-0.06657536,0.13539472,-0.06660785,-0.00027679442,0.05278185,-0.062921524,0.14175723,-0.04216478,-0.097088754,-0.0051246257,0.02326628,-0.022590293,0.091668196,0.041227706
Q66GS9,-0.020989958,0.10594752,-0.0006671234,-0.026612967,-0.024663122,-0.015812075,-0.022007173,0.041248076,-0.020005481,-0.010757744,0.06429041,0.03133906,0.10596591,0.01599156,-0.013554136,-0.03583681,-0.020101225,-0.054825,-0.04256462,0.12637182,-0.027384384,0.0098064365,0.046560075,-0.056423295,0.1241206,-0.025681661,-0.10398686,-1.5660988e-05,0.0060183257,-0.00919132,0.06668942,0.020830661
P18509,-0.01769106,0.11779657,-0.016518721,0.002337954,-0.012694639,0.0022106145,-0.008981274,0.042650234,-0.01696933,-0.00439015,0.060817387,0.024935575,0.10834591,0.018891077,-0.0006866185,-0.015362728,-0.0023268955,-0.04595328,-0.024171278,0.106282376,-0.024358109,0.006707623,0.062114477,-0.06463133,0.10424622,-0.028666113,-0.09874155,0.019034918,-0.02055326,-0.018807026,0.0732918,0.022669137
Q96LR5,-0.027321516,0.117455244,-0.0076172506,0.004729688,-0.00866408,-0.005781388,0.009656486,0.034009684,-0.040137794,0.01779086,0.074455,0.020664902,0.117016114,0.025221778,-0.008281294,-0.01625389,0.0028846972,-0.030476227,-0.030877069,0.10302329,-0.018826716,0.007958836,0.04142827,-0.056304257,0.11820319,-0.044685394,-0.09100821,0.028140612,-0.015193224,-0.020468453,0.059527546,0.03144784
P06709,-0.02151265,0.11073798,-0.0117939375,-0.004956227,-0.016916845,0.0015516689,-0.009543959,0.03367141,-0.01900892,-0.00458253,0.066619724,0.02354144,0.109721,0.012437082,-0.001623428,-0.018308416,-0.003151933,-0.05046975,-0.03262387,0.11264696,-0.027960155,0.00254273,0.0386939,-0.051882096,0.12109006,-0.02053645,-0.092534825,0.01755052,-0.016592994,-0.014334213,0.070440605,0.029582586
Q09472,-0.026069423,0.10947552,-0.010601208,-0.0019484396,-0.010607289,-0.009081124,-0.011718096,0.035173424,-0.022702532,0.0045396057,0.06883964,0.024922855,0.09672818,0.015168941,-0.0046830177,-0.021098902,0.0019486108,-0.054011565,-0.039717097,0.11237124,-0.02212964,0.0100243585,0.050614208,-0.05009049,0.11633485,-0.0271305,-0.096387655,0.014062243,-0.0057710786,-0.013207872,0.07342287,0.02633757
P24058,-0.00035866536,0.14761996,-0.012653969,-0.0081757195,-0.012924202,-0.010355998,0.005590681,0.04852161,-0.0155767575,-0.012573902,0.068932235,0.05643193,0.09633149,0.040213566,0.020028034,-0.006535054,-0.0065878443,-0.031103412,-0.02736593,0.09749241,-0.008120248,0.018664831,0.07934599,-0.08569749,0.1022446,-0.03522042,-0.105295286,0.02629346,-0.029678041,-0.014644011,0.070890374,0.017910423
P20338,-0.02676842,0.100685574,-0.012999212,-0.0067871744,-0.009300157,0.0034403887,0.0002552094,0.032198202,-0.02446121,0.019845743,0.06964623,0.008889258,0.09581974,0.009050528,-0.00054514874,-0.019316392,-0.0010222788,-0.057006106,-0.025030147,0.11513233,-0.027679108,0.009109862,0.043718666,-0.050913997,0.10583829,-0.020074446,-0.100464344,0.020116385,-0.019883685,-0.025286745,0.062236518,0.03145984
A2A825,-0.021804951,0.101269856,-0.0069980933,-0.014338908,-0.015979808,-0.012705356,-0.017911011,0.026701227,-0.021770706,0.008420667,0.07344588,0.03126208,0.09743925,0.02336793,-0.007945038,-0.020837674,-0.004142946,-0.058956623,-0.03464392,0.10967322,-0.038300104,0.0067633935,0.035292983,-0.044899754,0.1164822,-0.019054228,-0.100478135,0.0037500288,-0.005630431,-0.016306635,0.06314467,0.034088768
P00359,-0.024722222,0.100537546,-0.00823773,-0.005102662,-0.020428272,-0.014138111,-0.016617388,0.030170867,-0.03984288,0.007521178,0.06881128,0.01643449,0.10428896,0.008872345,-0.015807815,-0.030038672,-0.00784233,-0.06192353,-0.03902328,0.12292124,-0.029372768,0.011491424,0.037319712,-0.04239455,0.11271063,-0.025502333,-0.09467586,0.00911392,0.001228902,-0.016189374,0.060998227,0.02685781
P00925,-0.023879588,0.10658088,-0.0026075735,-0.0047345855,-0.011478666,-0.0122945905,-0.024248326,0.035878297,-0.022689393,-0.0036324188,0.06910905,0.028876746,0.09070438,0.010222062,-0.0075264643,-0.03348509,-0.0042773266,-0.06920629,-0.051882416,0.11780504,-0.03364701,0.009319904,0.050639004,-0.053237025,0.12619612,-0.027788604,-0.09308729,0.010046417,0.005509081,-0.008254489,0.077545345,0.019985164
Q6NUS6,-0.005342475,0.13725343,-0.019225191,-0.014476944,-0.024618324,-0.008053453,0.0071693147,0.042611282,-0.012921628,-0.009677451,0.07372828,0.052681725,0.094101205,0.03333202,0.026658293,-0.003859138,-0.006885604,-0.041287087,-0.023328956,0.10745959,-0.0063534407,0.010568922,0.08144392,-0.07434769,0.09882079,-0.029044082,-0.10171288,0.01422211,-0.033458915,-0.019133374,0.071334176,0.028919842
Q5A0M4,-0.014485389,0.096318185,-0.01597187,-0.0024220485,-0.017343568,-0.0151793165,-0.02071437,0.024925627,-0.03901951,0.017881922,0.07156004,0.019541973,0.09426814,0.027011225,-0.020494426,-0.028476486,0.0030042653,-0.055964503,-0.022719333,0.114662826,-0.04211265,-0.005031298,0.031372707,-0.04919231,0.109717846,-0.029282035,-0.096856885,0.015261218,-0.005550118,-0.019558901,0.06284646,0.036928643
O70361,-0.003322348,0.14747384,-0.015369704,-0.002024185,-0.018930428,0.004202643,0.00025316048,0.045360725,0.0034543388,-0.0022525555,0.06756438,0.053492256,0.08513072,0.030467967,0.004715845,-0.016560556,-0.015998226,-0.046531096,-0.047566216,0.11418898,-0.018905535,0.00821768,0.07910627,-0.0881565,0.102315456,-0.040669188,-0.11334954,0.008646558,-0.024745068,-0.026882358,0.08441909,0.02130925
Q04120,-0.020585971,0.1013,-0.005176148,-0.0168076,-0.012033828,-0.013608548,-0.0026320715,0.028736638,-0.03667514,0.018867496,0.06541908,0.016819987,0.10551777,0.018999971,-0.010552344,-0.033566717,0.005147734,-0.060956005,-0.02657975,0.11437913,-0.019927649,0.018122042,0.04564047,-0.057469595,0.11039262,-0.01888193,-0.10583208,0.007122258,-0.03269044,-0.018168515,0.057154108,0.031677876
O00214,-0.030021716,0.097920306,-0.010211386,-0.016924739,-0.011416649,-0.009235277,-0.025856901,0.044664823,-0.01708996,0.0045926357,0.06027753,0.029753182,0.09699552,0.020200158,-0.0076388507,-0.035385318,-0.014059384,-0.07112227,-0.033906884,0.1190659,-0.029891025,0.01508629,0.057622015,-0.057013966,0.12518078,-0.024432445,-0.10771124,0.0026873818,0.0009001518,-0.0060414225,0.073752224,0.029635826
P00375,-0.013185631,0.104402445,-0.012889137,-0.009960051,-0.026095845,-0.023129674,-0.02152962,0.031800937,-0.029674781,0.00040078783,0.067434706,0.0340762,0.09141487,0.021628842,-0.01198715,-0.031416826,-0.013709183,-0.06929281,-0.037108555,0.120545864,-0.026355647,0.019179992,0.05824238,-0.062953226,0.1086184,-0.02448941,-0.1028896,-0.004983079,-0.0011338377,-0.008602947,0.0688361,0.02623841
Q9UQE7,-0.03728233,0.09740956,-0.019002588,-0.0010058376,-0.0065341364,-0.009627124,-0.032525863,0.028335202,-0.017301036,0.010423319,0.06096018,0.017983712,0.09960374,0.016008087,-0.020369826,-0.032825787,-0.0015926062,-0.05735525,-0.039876707,0.11992756,-0.034169506,-0.00062900013,0.047572885,-0.04949898,0.12219163,-0.032970157,-0.095605105,0.006771467,0.009387847,-0.018447295,0.07269655,0.037601344
O94788,-0.017768238,0.10506108,-0.015520553,-0.017939389,-0.017991142,-0.02076988,-0.010370678,0.043992013,-0.028172227,0.008394121,0.06322997,0.04066311,0.10259419,0.033986226,-0.009483867,-0.0328699,-0.0055596405,-0.06652246,-0.034676168,0.11724619,-0.034180824,0.018015489,0.05835591,-0.055911314,0.124266736,-0.021139076,-0.10721401,-0.0025169067,-0.0077784993,-0.0075355317,0.060842324,0.03814442
P11103,-0.028138766,0.0951856,-0.008490872,-0.011203514,-0.01651501,-0.018418673,-0.025473122,0.031049706,-0.028304096,0.005009691,0.06371136,0.02219366,0.09895316,0.019919936,-0.015518835,-0.028974887,-0.00034067035,-0.06041067,-0.032046106,0.116046265,-0.029230658,-0.0008134754,0.043225687,-0.047307614,0.11880703,-0.021908227,-0.09823966,0.0032809107,-0.0044258195,-0.0037766364,0.07301449,0.03617498
Q6UWE0,-0.014085166,0.10431956,-0.014611867,-0.00920994,-0.02132358,-0.01292066,-0.0069493107,0.03826823,-0.0325901,0.019206244,0.068458855,0.027027886,0.10573523,0.038181264,-0.014471946,-0.031512678,-0.0068884664,-0.051619183,-0.017905544,0.12255657,-0.03119095,0.005893963,0.046236046,-0.060958415,0.11442304,-0.032293387,-0.09719382,0.013061328,-0.01971822,-0.017487684,0.05884421,0.03844546
P15260,0.0023582273,0.1109376,-0.02516664,-0.023881266,-0.015089701,-0.014521617,-0.013455187,0.03846659,-0.01345724,0.020326076,0.072711706,0.026526382,0.09203192,0.054774504,-0.002393853,-0.029069515,-0.008346452,-0.05611452,-0.009373418,0.12329346,-0.040000923,-0.0010176139,0.045703143,-0.063991085,0.10637499,-0.021684386,-0.10283556,0.017293684,-0.025934786,-0.020182906,0.06135511,0.053778138
A0QWG6,-0.028880427,0.11955993,-0.0068505844,-0.008182906,-0.005155142,0.007884995,0.00033524353,0.031526893,-0.023040736,0.009083818,0.065563485,0.014553358,0.085641146,0.0007672217,0.014104966,-0.021105846,-0.005789038,-0.048855573,-0.042916294,0.11122509,-0.02140326,0.00397342,0.053991072,-0.066225275,0.10594912,-0.023643274,-0.10346198,0.02553458,-0.021972582,-0.02848712,0.059660632,0.028061358
A0A1D8PFS4,-0.01357223,0.10776735,-0.025161922,-0.00959345,-0.012455195,-0.0147746755,-0.01806815,0.03548773,-0.012108373,-0.0012746472,0.057689156,0.038451757,0.101153694,0.016564732,-0.012804717,-0.03632131,-0.012699806,-0.06304426,-0.041583445,0.12127829,-0.036119282,0.021955045,0.070818365,-0.06351435,0.10609021,-0.037280373,-0.10739099,0.0039930725,0.009721725,-0.019921113,0.063856564,0.021708375
O35244,-0.017768782,0.12013516,-0.011074566,-0.012314735,-0.008778626,-0.022222968,-0.002487842,0.03035475,-0.022643762,0.008228857,0.074770674,0.036713585,0.08792752,0.02562787,0.013620743,-0.019745208,0.007009754,-0.049629014,-0.029508045,0.10381996,-0.0143856555,0.027871173,0.054900546,-0.046407506,0.09256553,-0.026022604,-0.09340355,0.013347644,-0.015693588,-0.015628763,0.05812645,0.02367749
O94953,-0.025913212,0.094743215,-0.002529353,-0.01156291,-0.0074487673,-0.021571564,-0.026236469,0.021731019,-0.01346833,0.00598307,0.06951752,0.021380976,0.088059664,0.015620723,-0.01495837,-0.014549784,-0.0076207793,-0.064192966,-0.043587014,0.122043565,-0.029874597,0.0005912784,0.03941045,-0.04312379,0.1221215,-0.015887912,-0.09982007,0.0021567834,-0.004187246,-0.011314804,0.08260699,0.0321724
P13010,-0.030462231,0.09196148,-0.012321582,-0.00032234553,-0.01212756,-0.014454128,-0.020639777,0.026423799,-0.02810276,0.009248414,0.06329252,0.0154664265,0.100031026,0.012827023,-0.017139813,-0.03039802,-0.0040659183,-0.061380815,-0.03166262,0.11540433,-0.034111787,0.0017157127,0.040039208,-0.04788203,0.11442951,-0.029656474,-0.09651471,0.0070240144,-0.004798854,-0.012304013,0.06565715,0.03823832
O60880,-0.031941485,0.076867014,-0.007910396,-0.0097670825,-0.013021186,-0.023257546,-0.039563343,0.034442257,-0.033988908,0.009248862,0.05810091,0.014070082,0.09981074,0.0065651094,-0.03204516,-0.057103496,-0.0064564254,-0.07818095,-0.039454613,0.13059218,-0.037572924,0.0104917,0.033721734,-0.044684302,0.13197431,-0.020897038,-0.10060135,-0.0071358695,0.013016406,0.0022542737,0.068279885,0.028678967
O70394,-0.020879468,0.10551788,-0.021156937,-0.021878796,-0.02238665,-0.015293958,-0.016645681,0.04947696,-0.023924029,0.0048843296,0.053534772,0.03451813,0.098817505,0.032331858,0.0012115315,-0.033633817,-0.00973754,-0.060621034,-0.01366261,0.12600128,-0.024301074,-0.006584637,0.054033376,-0.05682188,0.1244476,-0.010818398,-0.105189,0.003816139,-0.02627623,-0.004048488,0.060411222,0.05236609
O95154,-0.019471886,0.12624063,-0.009457019,-0.013732105,-0.017349217,-0.0063511375,-0.02742337,0.03999455,-0.0065524187,-0.009206004,0.057443812,0.034043245,0.10394358,0.019736541,-0.022354953,-0.03734945,-0.007682359,-0.05902462,-0.048786603,0.11748761,-0.033004686,0.017544713,0.07122588,-0.074434415,0.105035685,-0.03690675,-0.11262277,0.007218116,0.012701484,-0.018020159,0.09161633,0.010755725
P08037,-0.0010604551,0.13019982,-0.021870174,-0.0043902136,-0.0059939087,0.0029211119,-0.02675922,0.055257887,0.01550056,-0.016822007,0.061481487,0.046796903,0.095684975,0.034310095,0.0050787143,-0.022670716,-0.013440329,-0.048221268,-0.032955006,0.103797585,-0.026000924,0.024440244,0.09101849,-0.0888245,0.10173823,-0.0345502,-0.10627082,0.013882281,-0.008726062,-0.020784661,0.08219254,0.009971425
Q93062,-0.027406324,0.096048735,-0.0065879645,-0.0098082805,-0.01766397,-0.018213386,-0.023363834,0.030255515,-0.026932208,0.007642482,0.06897131,0.0199884,0.097387075,0.019282185,-0.016691668,-0.027944546,-0.005915522,-0.059994113,-0.031855773,0.12337495,-0.028115045,0.010546395,0.044743415,-0.049563635,0.11206556,-0.025071792,-0.095711425,0.0070813163,0.001884262,-0.010820667,0.06887721,0.027520329
P07900,-0.02515128,0.09828237,-0.007261333,-0.010321597,-0.017345542,-0.013107394,-0.018603139,0.030496582,-0.025115624,0.005093391,0.062275637,0.021398082,0.09685138,0.015643438,-0.015822763,-0.024785282,-0.0050727604,-0.05953794,-0.030210663,0.118537016,-0.03033972,0.003985607,0.042378865,-0.048961286,0.111303195,-0.021598289,-0.099417485,0.0077414894,-0.01092113,-0.012898687,0.06971612,0.029798526
P07764,-0.020887472,0.12104078,-0.00010713609,0.0005679028,-0.027117088,-0.021578465,0.011201559,0.038885586,-0.044683166,0.021756673,0.07589495,0.03803264,0.0948114,0.036891535,0.0028255442,-0.007402043,-0.00942601,-0.047872745,-0.024560707,0.11180833,-0.013853006,0.012666011,0.0482309,-0.050932094,0.11784829,-0.024492301,-0.09235722,0.012898894,-0.011791352,-0.018032849,0.061207548,0.027126446
P15248,-0.016556643,0.124898195,-0.015100951,-0.010440902,-0.014274997,0.016172985,-0.01952269,0.05528909,0.0051722066,-0.02348903,0.06428116,0.032041464,0.10966156,0.026271025,0.013411961,-0.015866263,-0.013226651,-0.045248803,-0.02849595,0.10381488,-0.02797391,0.0040683397,0.06782484,-0.076889716,0.11228061,-0.025661336,-0.10184937,0.015851004,-0.022516036,-0.012301418,0.07611355,0.027950838
P02730,-0.023343273,0.107940905,-0.010397311,-0.012331485,-0.011637906,-0.011838087,-0.008142206,0.028525798,-0.026452221,0.0044754986,0.06510583,0.021331009,0.09801293,0.015321073,-0.0065803286,-0.020233378,-0.0009711278,-0.056296956,-0.031701658,0.11157005,-0.027242271,0.006350864,0.040932063,-0.050937034,0.11301794,-0.021411477,-0.1027657,0.016251301,-0.017736984,-0.015627928,0.06954363,0.036257073
P00519,-0.021959461,0.10831168,-0.009469093,-0.009537692,-0.01693406,-0.011551583,-0.012112306,0.03712263,-0.02180393,0.002364196,0.068427816,0.026824256,0.10045641,0.02176643,-0.003939366,-0.020537706,-0.009511557,-0.05494914,-0.032226812,0.11340076,-0.022200668,0.009651019,0.05489687,-0.05707665,0.11369706,-0.027062314,-0.09913198,0.011488896,-0.007086912,-0.011695572,0.068694614,0.030736234
O75462,-0.0255595,0.095616005,-0.012082281,-0.010156809,-0.01737754,-0.011640443,-0.028353339,0.040932857,-0.019328387,8.52704e-05,0.06185644,0.025486734,0.09871225,0.024815181,-0.014973101,-0.02774613,-0.011990786,-0.053736508,-0.0135097075,0.11491444,-0.030175302,0.001308155,0.047638156,-0.058855765,0.11016184,-0.028230775,-0.10921744,0.0047123246,-0.009186992,-0.013333094,0.06761011,0.032238282
O76021,-0.025436847,0.07985238,-0.009544847,-0.007069673,-0.01578286,-0.017052567,-0.035386372,0.02365694,-0.02349385,0.011624456,0.066600256,0.010895203,0.09920844,0.019049263,-0.030712742,-0.033574242,-0.013330186,-0.06657438,-0.032248773,0.12373849,-0.039447922,0.0065764026,0.03590677,-0.05360165,0.11802203,-0.022889493,-0.09651456,-0.0030417177,0.0020334811,-0.011841171,0.065294385,0.03615368
P61978,-0.024360687,0.10901009,-0.010132478,-0.010844492,-0.014809459,-0.015779948,-0.0105631985,0.034011208,-0.024864217,0.0023344813,0.062394045,0.03204929,0.10541589,0.025107807,-0.00544509,-0.019955559,0.0011486607,-0.045515426,-0.02042932,0.10817672,-0.01914667,0.0067679468,0.0581556,-0.05859247,0.10892155,-0.029255187,-0.09906495,0.0063997996,-0.023851372,-0.015289669,0.07241265,0.02815438
P12104,-0.003924391,0.14393723,-0.01171075,0.001997957,-0.021400657,-0.011919108,0.0033213496,0.055310056,-0.0029943362,0.001258254,0.06590317,0.05705399,0.10121945,0.0470891,0.010137671,-0.015561106,-0.02599503,-0.025321143,-0.01743334,0.107569225,-0.017541004,-0.0060904496,0.059817113,-0.08244617,0.12820174,-0.030428404,-0.10467345,0.0011225617,-0.026667442,-0.031127254,0.06456418,0.031165406
P00342,-0.018106427,0.09532771,-0.008276201,-0.008421263,-0.02548245,-0.019092452,-0.019183928,0.03508541,-0.041072883,0.01105918,0.065749764,0.031111836,0.1039143,0.026179925,-0.022020936,-0.03587506,-0.010582788,-0.06233219,-0.02889504,0.12181618,-0.031486843,0.012135422,0.046147663,-0.058990467,0.11733804,-0.027303094,-0.102480136,0.0044742986,-0.0071993023,-0.008718362,0.05729589,0.032057617
P09874,-0.027325878,0.10067608,-0.0076681534,-0.010814121,-0.016561065,-0.015013969,-0.019027472,0.033241153,-0.022730954,0.0033211857,0.06270943,0.028079927,0.1006659,0.016665284,-0.013468984,-0.025758322,-0.0024646695,-0.053374197,-0.0295351,0.116796516,-0.025417205,0.0041150264,0.045377392,-0.04664447,0.11422876,-0.025921786,-0.098845154,0.006863796,-0.0047425884,-0.010177976,0.07192937,0.025408044
Q9C035,-0.028207764,0.10428903,-0.0018318035,-0.013464196,-0.012398953,-0.013601941,-0.011021832,0.03867463,-0.02826851,0.004859703,0.065402314,0.029260457,0.10738158,0.016531378,-0.020921288,-0.03315846,-0.0017487723,-0.048394874,-0.039718606,0.11352108,-0.027941,0.012136015,0.047607023,-0.053061623,0.12299087,-0.037493072,-0.10282011,0.009260176,-0.002913557,-0.015890012,0.070463315,0.02016339
P04792,-0.023242118,0.11254554,-0.0098955445,-0.015065579,-0.018979153,-0.009880294,-0.011808866,0.034888826,-0.027781643,0.00055730133,0.06338948,0.02956774,0.1083442,0.015397731,-0.00914003,-0.031796444,-0.009511454,-0.055916514,-0.035123304,0.11857924,-0.023929572,0.015842577,0.054780245,-0.06153508,0.10987452,-0.034514908,-0.09967506,0.013794334,-0.0027391869,-0.0066006277,0.07420835,0.022370372
Q14152,-0.025289293,0.09114328,-0.010224287,-0.0040699122,-0.022310708,-0.026705865,-0.030778313,0.031746555,-0.028375585,0.00279816,0.064756975,0.024636721,0.099556655,0.021459209,-0.020761237,-0.034507517,-0.01188688,-0.061811082,-0.029762823,0.1268054,-0.030419713,0.0037770835,0.043083187,-0.048386194,0.11679117,-0.026700456,-0.09385204,-0.0040173344,0.0061000558,-0.006493806,0.06095946,0.032918677
P0ABI4,-0.049581558,0.092735976,-0.009172674,-0.01993648,-0.012137264,-0.022238752,-0.016514756,0.0211464,-0.027764989,0.019470291,0.075551115,0.017895417,0.09696406,0.015556085,-0.011715668,-0.019643527,-0.008004526,-0.056185123,-0.042634893,0.1165433,-0.013898241,-0.0032106007,0.015489326,-0.02752494,0.1345329,-0.02060181,-0.10499549,-0.0090318965,0.0034983037,0.0083378265,0.072485805,0.061114535
P00805,-0.031654153,0.10591552,0.003158818,-0.024421636,-0.016515944,-0.022854364,-0.02086753,0.037907917,-0.035903305,-0.009517981,0.07086838,0.027248425,0.0919173,0.017223287,-0.001614796,-0.03090405,-0.0023425047,-0.053001534,-0.04433117,0.11201896,-0.023292976,0.007500816,0.042773537,-0.05276025,0.12047469,-0.023639593,-0.10110481,0.008824892,0.0027724984,0.010836645,0.07308403,0.030282179
G7JEE5,-0.020995125,0.12678593,-0.028275207,-0.028944466,-0.009137174,-0.011667188,0.003457211,0.0399295,-0.00030593947,1.7363578e-05,0.05376891,0.050823882,0.09298499,0.027724823,0.02957824,-0.013622139,0.004739424,-0.051099733,-0.024866963,0.12571152,-0.010956567,0.018736416,0.07284139,-0.041035365,0.10202137,-0.012966325,-0.08893019,0.02297311,-0.03175346,-0.011473365,0.06379475,0.035296623
O95361,-0.01703724,0.094611846,-0.014398609,-0.021423565,-0.02022764,-0.027654296,-0.019130828,0.038231082,-0.02534774,0.0066221287,0.059946723,0.038559403,0.09344254,0.023068076,-0.009748189,-0.03432041,-0.0075015076,-0.06795903,-0.029546754,0.12576748,-0.030456347,0.005557122,0.044641644,-0.044924766,0.12954922,-0.009581683,-0.103490196,0.0020830564,-0.00048636965,0.0017235359,0.065207444,0.037979443
P18510,-0.013944909,0.110318154,-0.020394914,-0.008057305,-0.010949191,-0.0018475662,-0.013290972,0.03992084,-0.01908431,0.005724838,0.06398286,0.015585127,0.09775619,0.019039717,-0.0036915073,-0.026073474,-0.014233789,-0.060547944,-0.030307539,0.118663915,-0.034601152,0.0059063644,0.050163522,-0.06400023,0.11332204,-0.021826882,-0.10153403,0.014931968,-0.013362066,-0.019817665,0.067312844,0.03663623
P05979,-0.008718771,0.13410331,-0.009908925,-0.010190662,-0.0110862,-0.0027190559,0.0065482226,0.03081268,-0.03619028,-0.000609383,0.06304032,0.023631915,0.118379556,0.006255269,-0.00969902,-0.028117688,-0.00065586047,-0.047996495,-0.040506028,0.101780154,-0.030014059,0.030385623,0.04477237,-0.06519751,0.09899356,-0.03185008,-0.10270184,0.028919498,-0.007069712,-0.020271258,0.07077751,0.006152348
P01189,-0.025154727,0.11599672,-0.010022362,-0.015389462,-0.012396322,0.0011081948,-0.007516038,0.043968424,-0.00668489,-0.0045716898,0.06765413,0.035979938,0.10351607,0.024908131,0.009235061,-0.014695842,-0.0014375597,-0.044400275,-0.02374366,0.10947052,-0.020981472,0.015667196,0.049217824,-0.050855845,0.110872164,-0.021361254,-0.09854242,0.017791532,-0.020282056,-0.012163477,0.066771604,0.023540378
O14939,-0.0037991386,0.10981565,-0.0071885027,-0.024887942,0.0053241495,-0.025799172,0.0067010038,0.018816944,-0.01164091,0.017572898,0.062708005,0.057735458,0.09539234,0.015674071,-0.018030524,-0.04323172,0.002388285,-0.084888026,-0.065588504,0.118489765,-0.04465974,0.039463554,0.075356096,-0.062013034,0.12587461,-0.04448476,-0.1289053,0.0053348206,-0.0026511382,-0.046884358,0.06814042,0.010068398
O64743,-0.019833954,0.08453932,-0.023128161,0.0055212528,-0.00426111,-0.014104068,-0.0038710125,0.040740665,-0.039661203,0.03494737,0.06817319,0.0028612427,0.09728446,0.030732727,-0.019984238,-0.01092405,0.014945061,-0.059295684,-0.020906499,0.10460598,-0.029624114,0.0038118006,0.056539908,-0.03561903,0.11544449,-0.021213695,-0.09444625,0.011431709,-0.017368972,-0.023259148,0.071728684,0.04188003
P00958,-0.012156107,0.11352754,-0.012524316,-0.011494179,-0.01689292,-0.013774909,-0.014749728,0.031263568,-0.012463698,0.013628239,0.065957114,0.038619902,0.09760416,0.044894233,-0.009824722,-0.021734897,-0.0046583647,-0.0604074,-0.023813894,0.11433332,-0.029961506,0.010004288,0.06664348,-0.072872825,0.11045624,-0.026591033,-0.106206276,0.0052866675,-0.023917789,-0.025293678,0.07289298,0.035886582
P50362,-0.02296982,0.10717928,-0.0024348963,-0.017680638,-0.029763982,-0.01439699,-0.025534265,0.04360393,-0.019067451,0.0028430917,0.080045044,0.034995236,0.10084742,0.04404524,-0.013526741,-0.020026047,-0.006019915,-0.04340947,-0.02499815,0.11710172,-0.022787785,0.0020004516,0.041004956,-0.052161336,0.12317209,-0.024153177,-0.09412854,0.009880341,0.0004543895,-0.0055798767,0.07148974,0.035297476
Q3Y454,-0.02263908,0.107505724,-0.01314779,0.0027146637,-0.012373691,-0.012610191,-0.019858684,0.014177635,-0.042066865,0.0035574986,0.070090964,0.023129214,0.09232244,0.010717399,-0.00977471,-0.01916745,0.0058999453,-0.062175937,-0.037343904,0.101120144,-0.039287996,0.004187882,0.023631305,-0.044772994,0.10834955,-0.022922885,-0.09983878,0.017214965,-0.0005532007,-0.012574851,0.06490126,0.032189924
P01270,-0.024456415,0.11186628,-0.027375972,-0.003362263,-0.014554854,0.0023461524,-0.008955751,0.03920505,-0.016274039,0.0067608887,0.055621944,0.027150879,0.10503228,0.019308882,-0.0025441959,-0.019827506,-0.0008665749,-0.048098348,-0.012828181,0.10799297,-0.025169546,0.0017467681,0.055854727,-0.05705776,0.10625478,-0.025636006,-0.10399858,0.017864551,-0.023746334,-0.021531483,0.07329999,0.037225522
Q13200,-0.021455426,0.1089671,-0.018484462,-0.0071009337,-0.011383386,-0.00074532867,-0.0072864243,0.03441439,-0.018468266,0.0034783198,0.058902502,0.023375839,0.09618079,0.008821179,-0.0016321997,-0.024355194,-0.011891288,-0.058078893,-0.027506355,0.11667384,-0.03277411,0.004190901,0.04926302,-0.0608435,0.109452866,-0.023869762,-0.10514075,0.016625533,-0.018418478,-0.022322694,0.062219772,0.03329032
P36776,-0.026643436,0.10182969,-0.0061372113,-0.007335969,-0.020641817,-0.0112409955,-0.018357141,0.03449927,-0.03021272,0.0012257039,0.06580221,0.022882523,0.0992924,0.015237739,-0.011535805,-0.02330092,-0.004956939,-0.053904943,-0.031202959,0.117317624,-0.026902404,0.0042854333,0.037278865,-0.046393182,0.11419454,-0.020631744,-0.097336575,0.0116796475,-0.005012336,-0.009487275,0.06387515,0.028549474
O96020,-0.02400665,0.09923086,-0.008889363,-0.012439991,-0.019952537,-0.008492835,-0.004635466,0.037813015,-0.023455946,0.013011332,0.06695997,0.013096982,0.09439057,0.017537111,-0.0019042455,-0.016722417,-0.019990014,-0.05436067,-0.018835053,0.12761725,-0.02647651,0.004008058,0.049696956,-0.055475656,0.10188817,-0.01958654,-0.097822726,0.0070892447,-0.01760562,-0.021408366,0.057593506,0.032615464
A6NIH7,-0.008096187,0.10044005,-0.016250886,-0.0011816683,-0.019991806,-0.016804002,-0.016044032,0.027819036,-0.03051365,0.012550277,0.065540016,0.0202,0.105725855,0.021442248,-0.023650825,-0.033160463,-0.009515383,-0.056376796,-0.017335998,0.122716814,-0.03207612,0.013396314,0.046036076,-0.06066985,0.08964186,-0.034339942,-0.10711517,0.0041825967,-0.014329713,-0.023784554,0.06071445,0.022520574
P00346,-0.026206484,0.12539808,-0.0034360318,-0.021428304,-0.015924145,-0.007027317,0.0032243552,0.038388327,-0.0271288,-0.0071507553,0.065355465,0.031326372,0.109255925,0.0046613584,-0.00014962256,-0.018467084,-0.0020018152,-0.043835815,-0.041825764,0.113382444,-0.0057339026,0.028056834,0.052930743,-0.05246494,0.105935425,-0.027177714,-0.10047811,0.02640779,-0.0067846132,-0.004021706,0.07393205,0.010792908
P06241,-0.024860559,0.11045618,-0.008944594,-0.012562594,-0.0128552085,-0.0165285,-0.014154026,0.038655564,-0.02586235,0.0014235978,0.06202319,0.033682905,0.10217203,0.019239057,-0.012975195,-0.028261285,-0.0034342003,-0.047153186,-0.032693073,0.11372033,-0.023229005,0.009713701,0.049392655,-0.05349668,0.116878495,-0.031807277,-0.10366614,0.012097816,-0.0025365376,-0.0115700085,0.069514684,0.023134839
P16330,-0.0120629035,0.10359079,-0.013825975,-0.010116202,-0.005951846,-0.01673406,-0.01146085,0.018767182,-0.033862006,0.015097456,0.06938356,0.024807144,0.10558425,0.031274892,-0.013883653,-0.026668571,0.008609533,-0.058658607,-0.02544158,0.10529806,-0.031426184,0.021199618,0.038720638,-0.059508294,0.110973,-0.02563378,-0.097395115,0.016807808,-0.026491836,-0.011507283,0.06745862,0.03319141
P02753,-0.025435174,0.1138625,-0.015120016,-0.0139237745,-0.0070344685,0.009516706,-0.01094277,0.04518208,-0.007844737,0.00043757167,0.062619545,0.020904291,0.09677116,0.01993642,0.006867945,-0.013293657,-0.0087135285,-0.04807122,-0.025220884,0.10911105,-0.025289895,0.0026555578,0.056529537,-0.06517191,0.10773524,-0.02011058,-0.10554583,0.019223347,-0.026498212,-0.014967309,0.07023445,0.035887036
O15372,-0.022963682,0.09882917,-0.027789026,-0.0072501735,-0.013163675,-0.017456358,-0.03371079,0.032995846,-0.022705369,0.00050281174,0.050657813,0.025228282,0.088805914,0.010474299,-0.0086318785,-0.043237954,-0.026493125,-0.07645408,-0.047793597,0.13149105,-0.03166064,0.011108509,0.05139352,-0.049914356,0.12011365,-0.028510964,-0.099873126,0.0011977684,0.019260982,-0.0028183584,0.06253008,0.035587613
A0A3L7I2I8,-0.012484963,0.12530257,-0.0031582508,-0.001813932,-0.018551828,-0.008922591,-0.006607404,0.044764146,-0.018424248,-0.01396417,0.06529539,0.044847984,0.099868454,0.017358363,-0.00024561895,-0.02000183,-0.010551431,-0.047123123,-0.047582146,0.11280849,-0.019453704,0.025124878,0.072722994,-0.06536904,0.09838232,-0.040172834,-0.095932364,0.0159293,-0.0041076466,-0.013844292,0.06266577,0.0036269438
P27302,-0.033996735,0.09747247,-0.007121095,-0.015147414,-0.014648958,-0.014352307,-0.022985825,0.03564489,-0.01707141,0.0050395527,0.06591922,0.020923808,0.09992217,0.0154067455,-0.011178252,-0.023689503,-0.0129964305,-0.056323197,-0.032097694,0.11957783,-0.028386628,0.008338778,0.048682053,-0.046785414,0.10947051,-0.02659819,-0.096781604,0.006092639,0.012684479,-0.0021447267,0.07492004,0.026977694
P04509,-0.02790543,0.07727113,-0.017631225,0.015411148,-0.010282267,-0.013924843,-0.011369435,0.017708667,-0.03239131,0.023047622,0.053593665,0.0012342082,0.10681409,0.016398061,-0.03870001,-0.018696092,0.0021648107,-0.050547794,0.0012835031,0.096996814,-0.037669957,0.007911728,0.042323075,-0.050107438,0.084804855,-0.037410554,-0.09927715,0.008883618,-0.036322266,-0.037421055,0.06306211,0.03882674
O14503,-0.027677814,0.112443805,-0.009260884,-0.007734239,-0.017924367,-0.011652241,-0.014058177,0.033878222,-0.014195305,0.0012284927,0.068924375,0.029198939,0.10080074,0.027457038,-0.0014539275,-0.01979154,-0.008406121,-0.049386516,-0.032959465,0.10950754,-0.020440768,0.007196024,0.05072968,-0.05286183,0.110700086,-0.031222368,-0.09638487,0.007778103,-0.009693751,-0.012638437,0.067853495,0.038668036
