UniProt_ID,0,1,2,3,4,5,6,7,8,9,10,11,12,13,14,15,16,17,18,19,20,21,22,23,24,25,26,27,28,29,30,31
P11827,-0.04349233,0.090764545,-0.013739141,-0.013096163,0.0089493785,-0.010719678,-0.04679118,0.016220778,-0.0081084315,0.019189883,0.054662373,0.016097283,0.08664027,0.0042688977,-0.023338892,-0.0626854,-0.020052183,-0.09882735,-0.06657536,0.13539472,-0.06660785,-0.00027679442,0.05278185,-0.062921524,0.14175723,-0.04216478,-0.097088754,-0.0051246257,0.02326628,-0.022590293,0.091668196,0.041227706
O75347,-0.028886933,0.09859413,-0.012905793,-0.018457253,-0.016200086,-0.016811868,-0.019753162,0.025502438,-0.034841955,0.0076666856,0.057527017,0.017356109,0.10450473,0.01955679,-0.011069971,-0.033233292,-0.009331296,-0.07046802,-0.037867658,0.12560356,-0.02706188,0.012296094,0.043879632,-0.050190426,0.11791159,-0.018801134,-0.091859534,0.0004939042,-0.018062335,-0.0031067089,0.06377616,0.043286227
P11655,-0.026938789,0.104121685,-0.016930493,-0.010248253,-0.0015675831,-0.005612499,-0.02605222,0.037956834,-0.009873274,0.0037095584,0.06346396,0.021565503,0.09857915,0.019957468,-0.020501455,-0.040964667,-0.0016154516,-0.06704088,-0.05297512,0.12480691,-0.044714183,0.013249072,0.054698195,-0.061232675,0.12862517,-0.03289867,-0.10788973,0.0029159472,0.004533161,-0.020401124,0.08015067,0.02929673
O95149,-0.018217124,0.105440386,-0.026746802,-0.009158506,-0.0092345765,-0.011241525,-0.014276979,0.033313937,-0.026543649,0.018259881,0.06673911,0.019624976,0.08736916,0.019755127,-0.006170678,-0.03042122,-0.006017344,-0.06505193,-0.03326868,0.119024515,-0.03405496,0.0033402776,0.042142536,-0.053573612,0.11998465,-0.0198969,-0.10113458,0.012980204,-0.0066893813,-0.012910888,0.07018924,0.04801068
P06132,-0.018541524,0.10574107,-0.007256654,-0.009484151,-0.019487152,-0.012958696,0.009935653,0.024631564,-0.024702575,0.014806956,0.06648826,0.020503014,0.111291625,0.02244275,-0.00688833,-0.015561467,0.0006341759,-0.044353295,-0.01606692,0.119279936,-0.017282303,0.0032369446,0.05840199,-0.05861746,0.09682729,-0.03062437,-0.106446564,0.010167562,-0.03290361,-0.03772722,0.052353226,0.02907272
B4XT64,-0.027588313,0.097180486,-0.0041309767,-0.0015363389,-0.020428255,-0.010965187,-0.011008762,0.035463948,-0.030315505,0.023758197,0.066128775,0.008705041,0.099682964,0.024117157,-0.014258171,-0.016895024,0.0010890559,-0.060567666,-0.018391462,0.11611385,-0.017285964,0.003757255,0.05068026,-0.04662441,0.1060468,-0.014602076,-0.09952629,0.005299645,-0.016660029,-0.019742383,0.06964121,0.03069306
O75604,-0.010215947,0.120938316,-0.016949259,-0.00080159307,-0.014729428,-0.0106562665,-0.00192971,0.034238353,-0.018454567,0.0032761064,0.06547375,0.03583568,0.09980499,0.019274442,-0.0033101675,-0.021518376,-0.0070438907,-0.05202006,-0.035880916,0.11414893,-0.02163899,0.013972551,0.06684604,-0.06710367,0.10574931,-0.03535578,-0.102309324,0.011356469,-0.015780617,-0.027072374,0.06832938,0.02275604
P26639,-0.029096259,0.11077992,-0.016435953,-0.019496473,-0.014596754,-0.007867992,-0.016074784,0.04466963,-0.023810402,0.0026393086,0.054313794,0.028475633,0.10856307,0.019805638,-0.014492395,-0.032218922,-0.006201888,-0.04912004,-0.030151434,0.11612148,-0.030126885,0.013364003,0.05171303,-0.054431435,0.113691,-0.026726343,-0.09980756,0.014288177,-0.0018216055,-0.0048671574,0.073877476,0.028800393
P12425,-0.030772235,0.09914187,-0.008607351,0.008152317,-0.013744129,-0.016306737,-0.020258183,0.035675123,-0.024663057,0.010213893,0.064105555,0.01517728,0.09839755,0.020933585,-0.019414485,-0.022843702,-0.005370081,-0.05969149,-0.030078968,0.1098235,-0.02630447,-0.0007443082,0.047334384,-0.049360935,0.11296744,-0.029933725,-0.10277155,0.0036524732,-0.0026906198,-0.01132246,0.0735274,0.038271178
O76095,-0.014108751,0.09966504,-0.019224212,-0.009688735,-0.02030978,-0.013360481,-0.014069364,0.034375712,-0.02942397,0.014300931,0.065793104,0.021003691,0.10097183,0.02576467,-0.013904549,-0.030615453,-0.0016676756,-0.06410169,-0.01938044,0.12500386,-0.027783018,0.007397361,0.050351467,-0.053653017,0.10916321,-0.024541097,-0.09766019,0.014093434,-0.016394183,-0.015594027,0.06870513,0.036196563
P63159,-0.030396445,0.1006473,-0.005585306,-0.004521735,-0.009468949,-0.011605458,-0.020755777,0.033438347,-0.025322428,0.005121977,0.06727885,0.019413989,0.09537191,0.010386595,-0.011701006,-0.031528424,-0.0014469364,-0.06112779,-0.04232216,0.113781996,-0.02874304,0.008864272,0.042358086,-0.04717793,0.118749216,-0.027693264,-0.09982738,0.010032946,0.002325381,-0.012091241,0.06863498,0.027484698
P46527,-0.026056519,0.10262492,-0.008005766,-9.039407e-05,-0.017183714,-0.011489301,-0.012784839,0.028733581,-0.035353385,0.010306391,0.06815736,0.017045956,0.10343512,0.014443766,-0.01651861,-0.026690533,-0.004645513,-0.056562494,-0.034569353,0.112253204,-0.025026137,0.011012852,0.04329291,-0.053524483,0.11105041,-0.031002097,-0.097816624,0.009259688,-0.00813442,-0.01757916,0.06425827,0.030211333
Q8IZH2,-0.020665519,0.10197127,-0.011330612,-0.0048638755,-0.013986159,-0.021287581,-0.010065872,0.035118278,-0.023756819,0.0073404065,0.06463658,0.036370277,0.09941795,0.019802636,-0.0087290965,-0.031837597,-0.0131795155,-0.059663355,-0.036183108,0.1232077,-0.030839466,0.012790671,0.046284232,-0.047666166,0.12116861,-0.032856066,-0.096365266,0.0075805793,0.0014408587,-0.012014944,0.05595213,0.028635293
P54279,-0.03226004,0.09230592,-0.01082335,7.4100164e-05,-0.012119635,-0.000758691,-0.005539872,0.027850794,-0.03409253,0.019891316,0.06804291,-0.0002819813,0.10835162,0.008215655,-0.017834023,-0.027555922,0.00092552975,-0.06105782,-0.030346874,0.11652764,-0.036427017,0.0015446001,0.021178842,-0.03608988,0.11746713,-0.024554266,-0.09196513,0.020265833,-0.017189099,-0.018024512,0.06287539,0.045260303
P07288,-0.018148798,0.11893605,-0.010061093,-0.0036308973,-0.015933104,-0.0038593162,-0.0088125225,0.044488817,-0.01720394,-0.0012287595,0.06972109,0.032008335,0.09756674,0.025088124,0.0067476453,-0.021157244,-0.007183186,-0.048162,-0.029704727,0.106700495,-0.02044186,0.008650706,0.060198918,-0.064796805,0.10924035,-0.03003188,-0.09845137,0.01481837,-0.015769454,-0.014711226,0.0649738,0.027346155
P13686,-0.019475149,0.11320258,-0.0024067098,-0.018506939,-0.016777065,-0.0018059672,-0.0199856,0.05158639,-0.018004593,-0.010520559,0.06943759,0.03657892,0.09472324,0.022945516,-0.010963953,-0.026763892,-0.0118432855,-0.04325744,-0.03820057,0.11544016,-0.030587139,0.010549215,0.06198422,-0.070955485,0.10737902,-0.042037886,-0.10635623,0.020502094,0.0015778518,-0.006954602,0.07515226,0.0115918135
O94316,-0.03389524,0.09233803,-0.014945913,-0.0062093697,-0.005287781,-0.0067876,-0.025601808,0.020141734,-0.030055767,0.01370319,0.062191404,-0.00047941273,0.11316446,0.009677309,-0.022316191,-0.03911297,-0.0033527012,-0.059785426,-0.031142827,0.116641715,-0.03772564,-0.002627127,0.0376416,-0.05778675,0.1162574,-0.035662547,-0.099548735,0.00783322,-0.0031035962,-0.017909821,0.07325228,0.03936262
Q12309,-0.043417007,0.09422807,-0.009829709,0.0049830154,-0.003974463,-0.0014705223,-0.024073932,0.024155663,-0.025744274,0.00826928,0.0650935,0.0053325878,0.09764569,-0.0015195903,-0.012810022,-0.025084551,0.0030258303,-0.059742503,-0.042947985,0.11261485,-0.028612146,0.0069220206,0.027866697,-0.037649818,0.118568584,-0.02224937,-0.09375276,0.011772504,0.00066896004,-0.0135881035,0.068439156,0.03119725
P23872,-0.021062352,0.11548911,-0.009286651,-0.007864632,-0.013793175,-0.016653903,-0.024091572,0.03570365,-0.011363152,0.0045292694,0.06601189,0.025317589,0.10701205,0.025633048,-0.025167082,-0.03285944,0.0020565945,-0.06560818,-0.0472783,0.1188925,-0.028737064,0.014374314,0.053605944,-0.052497376,0.11491857,-0.029081807,-0.10257496,0.011641543,0.016393375,-0.0016984139,0.09168845,0.025529012
P02686,-0.026241066,0.09448498,-0.015681434,-0.009370397,-0.012186801,-0.0067759682,-0.007285041,0.021637121,-0.029115546,0.018944148,0.06591017,0.01255872,0.101040766,0.01556548,-0.011973891,-0.021487482,-0.0025767894,-0.05879577,-0.027046619,0.119027995,-0.029181732,0.004962109,0.04170568,-0.051780395,0.107742675,-0.02483902,-0.10064108,0.01351977,-0.020303609,-0.019801792,0.06057236,0.041620854
P02747,-0.021575082,0.10185464,-0.014197486,-0.0032525554,-0.011401886,-0.0008329751,-0.016189357,0.033181213,-0.018678311,0.007793023,0.07314008,0.014354104,0.111353114,0.02459964,-0.0012007862,-0.029714823,0.004435093,-0.052384116,-0.026547689,0.11907693,-0.030270975,0.0019499302,0.029641036,-0.042339638,0.117789686,-0.021713585,-0.0921207,0.019706585,-0.023047356,-0.02077592,0.0504872,0.043996513
Q15428,-0.029099774,0.095637806,-0.017244965,-0.005922163,-0.01062318,0.0018517587,-0.018012298,0.02996959,-0.022750467,0.009223234,0.06381746,-0.0015001338,0.09862216,0.0033376827,-0.0057578697,-0.032075997,-0.0082811,-0.071233116,-0.036540315,0.12686653,-0.038650103,-0.005526546,0.045403376,-0.052928206,0.11744105,-0.023762297,-0.088573486,0.018697625,-0.009832666,-0.016103141,0.076930046,0.04367151
O95429,-0.01607197,0.10401127,-0.010309158,-0.0051014638,-0.0123272985,-0.014933992,-0.01738391,0.030055456,-0.02574881,0.0067176456,0.05965826,0.01944111,0.08799277,0.012628097,-0.01552774,-0.027537284,-0.012662589,-0.061592277,-0.0359628,0.11794285,-0.031723015,0.00070977805,0.050581284,-0.0597054,0.10927767,-0.029298527,-0.105768755,0.009369668,-0.0040898747,-0.016798886,0.076682255,0.023482887
P0AFW0,-0.012627112,0.1023827,-0.012474214,-0.009360234,-0.015009055,-0.012312851,-0.01901972,0.025243862,-0.023765653,0.0038864797,0.06363666,0.019559834,0.09715826,0.008920591,-0.013043419,-0.037638046,-0.015796177,-0.07416067,-0.045303125,0.1241836,-0.03890433,0.008331327,0.05370008,-0.06592639,0.112119175,-0.029918794,-0.10287852,0.01116011,0.003155405,-0.015030558,0.069593474,0.029520478
P06821,-0.01150334,0.096539125,-0.02098874,-0.0036121248,-0.013593614,-0.01627403,-0.019946333,0.030273732,-0.029471274,0.006767587,0.050102443,0.025339084,0.10130043,0.02143319,-0.021313883,-0.02444002,-0.004763865,-0.05599115,-0.009408734,0.11416434,-0.043456778,-0.008020298,0.034751475,-0.054787952,0.11205719,-0.0151378345,-0.102555886,0.0057078954,-0.025184529,-0.013105495,0.06991378,0.03392856
P13721,-0.01938692,0.114295006,-0.012802759,-0.0033770464,-0.016897727,-0.011597523,-0.00058720564,0.033856265,-0.024845926,0.012671392,0.07036777,0.028907966,0.10215513,0.022243159,-0.006043202,-0.015677838,-0.0007721435,-0.05166022,-0.03514681,0.10918481,-0.02046714,0.013646997,0.063589364,-0.058020912,0.106215656,-0.029181387,-0.09938014,0.0060404055,-0.011291739,-0.02172739,0.07001751,0.027397405
P10645,-0.019947188,0.11384038,-0.010817856,0.000899962,-0.013147408,-0.006781782,-0.0025343767,0.02985158,-0.0233356,0.00823489,0.069780946,0.026186213,0.10103898,0.013998407,-0.004399796,-0.019715581,-0.0040706126,-0.050717868,-0.032125566,0.111478925,-0.02364183,0.017576931,0.055066954,-0.059244376,0.10538211,-0.032574933,-0.0926593,0.010782706,-0.018374655,-0.031323403,0.06505804,0.018905137
P60411,-0.023511086,0.083644785,-0.024107724,-0.008811615,-0.024994323,-0.024790836,-0.041679733,0.042659722,-0.018641371,-0.0012390725,0.054822132,0.027653731,0.093795426,0.01719656,-0.030798553,-0.047015376,-0.03846553,-0.07045324,-0.029109882,0.14224336,-0.04341057,0.01618119,0.044063378,-0.054965187,0.1127022,-0.028890476,-0.110052265,-0.017403023,0.028311208,-0.0053288415,0.055396125,0.02935047
O94913,-0.017540738,0.10999993,-0.0038319007,-0.008922345,-0.028464759,0.0032467674,-0.00407648,0.026772344,-0.03694569,-0.00073977036,0.0694692,0.0067685507,0.10487028,0.010577964,0.0038076327,-0.018078882,-0.018684551,-0.057136428,-0.034527518,0.117321715,-0.026732296,-0.00976294,0.049833793,-0.07426468,0.10769725,-0.023040067,-0.09917045,0.016685305,-0.022506777,-0.018458689,0.059692334,0.039588194
P16333,-0.022068378,0.10395947,-0.012055092,-0.005984542,-0.012350776,-0.008063225,-0.014255884,0.031274643,-0.022250518,0.0063319127,0.064802624,0.023791365,0.09969473,0.015989255,-0.00964878,-0.03046255,-0.009837386,-0.06424722,-0.041395377,0.12054752,-0.036766674,0.004647937,0.048750456,-0.05796511,0.12013116,-0.030271783,-0.0976868,0.01115451,-0.007186087,-0.015516322,0.067802526,0.035040185
A8I4E9,-0.03650158,0.09470716,-0.011247271,-0.010196631,-0.0027343463,-0.0087252315,-0.012164582,0.02002132,-0.024023226,0.015346912,0.07785682,0.018028842,0.11084778,0.0172374,-0.0040014125,-0.018801808,-0.0009100446,-0.051586952,-0.03815316,0.107811876,-0.03335369,0.015068368,0.033970457,-0.037677553,0.11883507,-0.033462986,-0.08457861,0.019809065,0.003867742,-0.010296158,0.061781283,0.03896622
Q92890,-0.028343394,0.09792779,-0.008405921,-0.0009634693,-0.013571256,-0.01029898,-0.017218443,0.03250717,-0.024532689,0.012256884,0.06509076,0.015166466,0.09287534,0.016989661,-0.014275539,-0.021747308,-0.010555812,-0.059881385,-0.03234498,0.11413482,-0.026941888,0.0082043465,0.048537925,-0.05095245,0.10557463,-0.02955325,-0.10076717,0.010913241,-0.0034877246,-0.015710102,0.06653733,0.03197484
P0DTD2,-0.02511718,0.11666226,2.2386334e-05,-0.02364985,-0.015903568,-0.006056907,0.018763525,0.03521507,-0.028142879,0.006812002,0.07467407,0.038255326,0.11557347,0.019000446,-0.007073062,-0.012177591,0.006212612,-0.030324161,-0.036959462,0.1094437,-0.019443478,0.00853114,0.04713084,-0.0490718,0.118941344,-0.039196942,-0.10159975,0.020392269,-0.022226872,-0.021259498,0.06869988,0.021034613
O62479,-0.024597168,0.09565956,0.002387244,-0.01393492,-0.021093858,-0.016874367,-0.01924335,0.035059188,-0.024596093,0.008725168,0.07058577,0.030618552,0.09718482,0.015840624,-0.01597689,-0.029638572,-0.0075780354,-0.0573108,-0.035367757,0.11918325,-0.025277147,0.016441537,0.04288945,-0.046331976,0.11741336,-0.023249317,-0.09102408,-0.0039322595,-0.0028347303,-0.0079851635,0.074529186,0.013500319
P47017,-0.03236335,0.101050295,-0.013163365,-0.008141477,-0.013744837,-0.0068981266,-0.02900482,0.037795044,-0.026254263,0.011875959,0.055337224,0.016305752,0.1019531,0.025120385,-0.027953729,-0.027333546,0.0011123256,-0.059492733,-0.03535108,0.1160305,-0.030616347,0.00026617158,0.04189589,-0.04613546,0.118889466,-0.020576144,-0.1085875,0.0038350248,-0.009897007,-0.0127848,0.07971164,0.040780477
P00812,-0.028750848,0.11400737,-0.010531362,-0.0041028215,-0.008394468,-0.008319309,-0.004217141,0.028753027,-0.031776395,0.009306634,0.06216181,0.02565817,0.095698416,0.006432272,-0.009807822,-0.019800317,-0.003377883,-0.051405955,-0.03791809,0.11209603,-0.025684254,0.017872153,0.036692493,-0.047726158,0.10839453,-0.026179848,-0.098713085,0.020388346,-0.0070346473,-0.014790891,0.06645238,0.021499274
Q28399,-0.021446375,0.10607072,-0.0064097717,-0.018007543,-0.013413007,-0.008048967,-0.011494768,0.03659335,-0.02083139,0.0014653228,0.07004271,0.0323422,0.09785827,0.02507881,-0.0044921306,-0.014535571,0.005198145,-0.05612254,-0.03714469,0.10964016,-0.03456753,0.0024098754,0.049149945,-0.047773268,0.115807384,-0.022595609,-0.09961205,0.017785406,-0.008477483,-0.0017331404,0.08038529,0.03043578
P36969,-0.01337036,0.11552229,-0.008109349,-0.009329602,-0.012358754,-0.012328101,-0.0059140697,0.03980466,-0.022027249,0.0009359039,0.0704911,0.029810127,0.09621107,0.020177014,0.0013429805,-0.022236483,-0.013603938,-0.054021943,-0.03537474,0.113380834,-0.029777324,0.0052084615,0.04900836,-0.0649769,0.12095903,-0.026385698,-0.09977754,0.011399919,-0.009647055,-0.0066184453,0.07842301,0.027059546
P09041,-0.023398984,0.09564735,-0.0072271153,-0.0050541325,-0.020970296,-0.012879217,-0.013387357,0.028102886,-0.034697294,0.0036171763,0.06568688,0.03386705,0.098864816,-0.0013131743,-0.01362133,-0.035616286,-0.009433394,-0.062194247,-0.038742077,0.1200562,-0.020454947,0.016555373,0.054771412,-0.055890106,0.11401582,-0.038341027,-0.101013795,0.011545225,0.004032272,-0.011184059,0.064631954,0.014419615
O09061,-0.020290293,0.09324065,-0.021265104,-0.022651784,-0.022814654,-0.029966608,-0.014475383,0.040304895,-0.014775279,0.008212639,0.060517102,0.041957516,0.09266925,0.030345807,-0.0015650317,-0.027717287,-0.018705383,-0.05532093,-0.013064406,0.1326906,-0.020626266,0.0028480769,0.05365968,-0.04601443,0.11616143,-0.018938145,-0.106787086,-4.021513e-05,-0.0034290904,-0.008039274,0.0489013,0.044367626
A2ABV5,-0.015687438,0.12911189,-0.010270611,0.007468853,-0.015536308,-0.015291691,0.016814897,0.046259224,-0.035475,0.0029635932,0.06583009,0.04604003,0.103778146,0.025442207,0.0066599012,-0.0073901303,0.0035239507,-0.027842715,-0.020608528,0.10322189,-0.0009209905,0.012054126,0.07125427,-0.0640767,0.1065493,-0.038875148,-0.09920546,0.028897567,-0.02615465,-0.021416003,0.055273265,0.017272511
O55164,-0.015481766,0.13028681,-0.012415315,-0.013440469,-0.015014313,-0.017187415,0.010423316,0.043705486,-0.015810102,-0.004123791,0.06798594,0.048660375,0.09951477,0.023508174,0.016482117,-0.016203638,-0.0051894053,-0.04426541,-0.04073254,0.11340501,-0.012718353,0.018828897,0.06416085,-0.05294943,0.12198417,-0.025201842,-0.093242384,0.019468967,-0.014978725,-0.018863697,0.05952888,0.028918702
Q8IXK0,-0.016435185,0.12412348,-0.007084927,-0.019451603,-0.013567093,-0.008039033,-0.0029656615,0.039532013,-0.018502275,-0.008678888,0.06754409,0.032320052,0.102080956,0.0190312,0.002024016,-0.020066809,-0.0055884076,-0.04693667,-0.039061405,0.10995327,-0.019695316,0.01957557,0.0587117,-0.064459845,0.10901185,-0.027979136,-0.10317929,0.019335175,-0.017072428,-0.016310906,0.07024271,0.022674132
P04049,-0.021430932,0.10415811,-0.013588779,-0.0076966933,-0.012213587,-0.0136643,-0.015910342,0.030143142,-0.02589839,0.011022757,0.06292032,0.020012252,0.09751926,0.018708857,-0.014960368,-0.02624953,-0.0026105423,-0.059733856,-0.031309806,0.11194932,-0.030408202,0.009144828,0.050483055,-0.055655807,0.10875432,-0.02436451,-0.10327355,0.007033653,-0.008452671,-0.018834516,0.07099035,0.031044815
P14859,-0.015429878,0.110418715,-0.012906997,-0.0019754227,-0.01579399,-0.0026977817,-0.010429275,0.02636966,-0.020573327,-0.00025402108,0.0644518,0.019792743,0.10526716,0.010778306,-0.004542018,-0.02358481,-0.0115604345,-0.06106708,-0.03867347,0.116222166,-0.0339651,0.005004279,0.051394857,-0.06292227,0.10982949,-0.02912086,-0.09635818,0.015135404,-0.009422482,-0.020710591,0.06833921,0.027893981
P21187,-0.030297995,0.09050862,-0.013821426,-0.0008175999,-0.010233509,-0.008416888,-0.01973459,0.031098267,-0.03167546,0.020343294,0.060529735,0.0016212697,0.096772544,0.014750572,-0.023738047,-0.036850262,-0.0033500744,-0.06709369,-0.029663403,0.11680566,-0.037187897,0.0031675515,0.041133825,-0.05194337,0.112357736,-0.028095137,-0.098715894,0.010765171,-0.014698488,-0.020352472,0.06894271,0.045738056
O94760,-0.031465214,0.106038,-0.014563641,-0.006329538,-0.0143579375,-0.0021630377,-0.012385553,0.03474303,-0.032044165,0.010331487,0.06365048,0.01348709,0.1031281,0.017105823,-0.012843808,-0.021351691,-0.00779844,-0.050365258,-0.034108285,0.11650201,-0.027510952,0.0023802326,0.040315807,-0.05228553,0.115580305,-0.027904367,-0.10040884,0.0138355885,-0.008111818,-0.016491476,0.065154985,0.03835319
P17256,-0.014554615,0.11614057,-0.010242311,-0.008179575,-0.013071752,-0.015024201,-0.006585881,0.040675156,-0.011531662,0.0064457557,0.06705937,0.03409578,0.1044219,0.033534355,-0.002903303,-0.022128351,-0.008537018,-0.05140043,-0.03132557,0.11463868,-0.028196126,0.009103026,0.060836792,-0.06097168,0.11724661,-0.028984258,-0.09611399,0.006092805,-0.013797373,-0.019708633,0.07107075,0.030320127
P09546,-0.011698135,0.11613687,-0.008885831,-0.0052387635,-0.012487705,-0.012944993,-0.01231698,0.038788725,-0.019663591,-0.003865031,0.06454639,0.032544438,0.10088166,0.02084449,-0.007884172,-0.025342088,-0.0075022704,-0.054720555,-0.03729404,0.11158382,-0.032250214,0.007779614,0.04696468,-0.05811359,0.11654354,-0.028096166,-0.10209438,0.014749328,-0.004629314,-0.009290955,0.07390697,0.022415183
P14738,-0.033856887,0.09543109,-0.00037266314,0.0037065994,-0.0053336383,-0.008982375,-0.02031858,0.021658616,-0.026661076,0.014595357,0.0749562,-0.0007386524,0.08348874,0.007918653,-0.00535224,-0.021733304,-0.0002367987,-0.0608684,-0.037922867,0.11245898,-0.03073774,0.011351774,0.03446142,-0.042038556,0.100480735,-0.022863416,-0.08273106,0.009277749,-0.013787714,-0.027154466,0.06111793,0.028870797
P31725,-0.027971828,0.1030302,-0.0110918265,-0.0004144802,-0.013889284,-0.00824944,-0.012553505,0.032962974,-0.028164363,0.009245605,0.069879636,0.01852824,0.096364856,0.01951927,-0.00464416,-0.015385822,0.0028138233,-0.053494457,-0.024780815,0.10858133,-0.020708196,0.0038549379,0.04417137,-0.04858886,0.10898928,-0.023078548,-0.098423906,0.015244449,-0.0149554275,-0.011654908,0.06853497,0.035494912
O14011,-0.038915418,0.08507002,-0.022915559,0.0060089473,-0.0027887165,-7.711351e-07,-0.025004476,0.020525793,-0.03525311,0.025051394,0.060529698,-0.010360263,0.10536584,-8.837832e-05,-0.02594608,-0.040739648,-0.0040387553,-0.06566378,-0.033937927,0.12036341,-0.038472958,-0.0037880149,0.033505056,-0.052994672,0.116138205,-0.03483176,-0.09855802,0.010853787,0.0010553272,-0.01875489,0.069961876,0.04463463
P21327,-0.0005473532,0.1562748,-0.021265041,-0.006694002,-0.0075479564,-0.002647058,0.0069623757,0.052434437,-0.017795537,-0.023082523,0.06709221,0.062327366,0.098854244,0.024106394,0.02144153,-0.019975029,-0.00018395297,-0.044116978,-0.050928947,0.093041524,-0.01691971,0.038217954,0.08507395,-0.08118132,0.10040527,-0.041623235,-0.107023545,0.034767568,-0.0117687285,-0.011755951,0.06253335,0.0109707555
O61722,-0.03984588,0.087497815,-0.008448413,-0.02296202,-0.013444723,-0.02197707,-0.041745715,0.039199203,-0.023045037,0.02120239,0.059342075,0.012997679,0.07761645,0.028837271,-0.021401912,-0.039968934,-0.009453343,-0.07530772,-0.029668862,0.12095935,-0.03364785,-0.009488378,0.025127195,-0.038953304,0.13120985,-0.0019625276,-0.11516266,-0.010881686,-0.0029058186,-0.0005788114,0.06972461,0.06314077
P62993,-0.020136978,0.10697828,-0.015520429,-0.0058698836,-0.009473616,-0.0083739525,-0.013098404,0.030825932,-0.027921477,0.0028919114,0.06277706,0.02473785,0.10258167,0.011712945,-0.010168745,-0.027062993,-0.0029830434,-0.05933674,-0.03585242,0.11135888,-0.030975217,0.013098367,0.04578771,-0.05440665,0.11448346,-0.028367063,-0.1013555,0.013443381,-0.010725334,-0.015487274,0.07103847,0.026837843
Q3HL75,-0.0116289565,0.10663836,-0.018115113,0.0040492853,-0.013746982,-0.0051044705,-0.01243446,0.03884182,-0.025567597,-0.00043247454,0.06615809,0.027604908,0.09236772,0.014911507,-0.0085451845,-0.016476724,-0.012575751,-0.057019938,-0.02531853,0.11106882,-0.04018314,0.0073716477,0.042059414,-0.05809439,0.107726716,-0.02529705,-0.09733159,0.01193763,-0.014302606,-0.011997493,0.07128279,0.023959398
O75400,-0.0156212775,0.10587478,-0.013941728,4.49953e-06,-0.009928588,-0.007106237,0.0043583023,0.028964592,-0.029458469,0.0152627155,0.069165625,0.015002972,0.11065406,0.022017756,-0.0025919185,-0.01653309,0.006575584,-0.047751676,-0.016533291,0.11120796,-0.017788023,0.016597899,0.050615456,-0.0520329,0.09404876,-0.03177024,-0.09205034,0.02269504,-0.032606002,-0.021812236,0.059223894,0.026165059
P68105,-0.024551975,0.10462113,-0.015561351,-0.012293185,-0.00495201,-0.016449835,-0.018572297,0.025607247,-0.020681072,0.012808657,0.06281178,0.034494847,0.09068693,0.021123763,-0.010171616,-0.028133962,-0.0038377438,-0.058112226,-0.031109974,0.11294699,-0.043298054,0.015189316,0.03247572,-0.043041646,0.11133826,-0.023958562,-0.10038477,0.010951232,0.002187781,-0.016856052,0.060782183,0.027910575
O95727,-0.022751156,0.11235111,-0.011763211,-0.008485495,-0.01120382,-0.015547593,-0.010561779,0.03871307,-0.0230865,0.005812345,0.07260565,0.029997922,0.09133486,0.020262832,-0.004245324,-0.027451439,-0.002386917,-0.057046916,-0.038950756,0.118556194,-0.02345376,0.021026723,0.04336424,-0.0486003,0.11677393,-0.02497171,-0.099568956,0.014601614,-0.0015436416,-0.009294573,0.06783516,0.027266376
Q05080,-0.026486112,0.09176535,-0.011870857,-0.00720916,-0.010495652,-0.009002295,-0.015798585,0.026267808,-0.025662733,0.008527958,0.064463146,0.011228528,0.100269966,0.0050475374,-0.018598652,-0.029611796,-0.00069688255,-0.06351385,-0.037270527,0.12179499,-0.0365337,0.0024703883,0.03719992,-0.043489818,0.11749988,-0.025717169,-0.09445074,0.0146873025,-0.006649299,-0.015651895,0.0718764,0.032520697
P25233,-0.023447653,0.09829201,-0.008923404,-0.00071508536,-0.015621262,-0.010322894,-0.018322228,0.03536603,-0.025633465,0.0071786214,0.06591361,0.019762967,0.09700605,0.015421248,-0.013895469,-0.025126036,-0.009220386,-0.05874955,-0.030777147,0.11517087,-0.027834801,0.0070237364,0.0469586,-0.054100472,0.113308355,-0.026535157,-0.09855889,0.0071519557,-0.007167137,-0.01463422,0.06802945,0.027724095
O75129,-0.012921166,0.13096687,-0.0243553,-0.01074785,-0.0142306,0.012823899,-0.013888698,0.04327316,-0.010945061,-0.016259445,0.06050881,0.02007136,0.11028965,0.019540861,0.016648484,-0.022542551,-0.019239694,-0.058481336,-0.04180039,0.108725116,-0.032406967,0.0057480875,0.064374834,-0.08060767,0.11078738,-0.022366252,-0.10101223,0.013188682,-0.020095838,-0.012083605,0.071781114,0.042651683
Q9GZM8,-0.030440917,0.101997435,-0.0035481062,-0.012142542,-0.028622217,-0.015023236,-0.01706264,0.037519637,-0.025700817,0.0015191796,0.061407536,0.029372916,0.10255589,0.01675201,-0.021775432,-0.030900508,-0.011744964,-0.044977054,-0.023186704,0.11769127,-0.021955868,0.01696117,0.0437675,-0.047640864,0.10155707,-0.0335586,-0.09771064,0.012497023,0.0008482843,-0.015510223,0.06193629,0.020231448
P0ABV6,-0.03132361,0.09482398,-0.02074258,-0.0036533251,-0.014926096,-0.011609515,-0.017011015,0.026641052,-0.03388684,0.018596474,0.060004957,0.010923462,0.09467427,0.015513313,-0.013704511,-0.02295324,-0.000515626,-0.061694168,-0.020409036,0.12286663,-0.029782116,0.00021341117,0.031566154,-0.04072276,0.110104226,-0.013175363,-0.10020707,0.011223374,-0.01017662,-0.013686826,0.06212759,0.043756474
A8KC60,-0.015304323,0.10568604,-0.020675316,0.0031695557,-0.018394656,-0.009075884,-0.012335351,0.018242382,-0.034313694,0.002906172,0.06506404,0.017041564,0.09507093,0.01629749,-0.005453137,-0.015295208,0.0044546113,-0.06505606,-0.029239759,0.12144843,-0.030366324,0.006874486,0.049888425,-0.054573104,0.09377239,-0.023102466,-0.092585854,0.019362587,-0.029977921,-0.017160658,0.07293671,0.0356547
P63165,-0.015371305,0.11157588,-0.016011579,-0.0047739726,-0.014491009,-0.009362976,-0.011268831,0.033925377,-0.024842674,0.010790307,0.06776757,0.018851954,0.09572083,0.021861134,-0.00655229,-0.027843893,-0.005216127,-0.06153118,-0.03163139,0.11741167,-0.030457217,0.00542092,0.049100894,-0.059629586,0.11129523,-0.02458077,-0.10045127,0.013025523,-0.012902929,-0.020407008,0.068829246,0.03626005
P10809,-0.021728856,0.097797126,-0.015181165,-0.0019990315,-0.014618414,-0.013591871,-0.01601477,0.031102411,-0.028294206,0.012196641,0.06696722,0.019345062,0.097223274,0.020388825,-0.0100006545,-0.02934777,-0.0072025387,-0.062221333,-0.03125437,0.120783776,-0.030254386,0.003751642,0.04481505,-0.05251408,0.115797095,-0.02801839,-0.09667485,0.0072314213,-0.007378863,-0.012121445,0.06458616,0.03697891
Q9MZB4,-0.022516442,0.1121163,-0.00947754,-0.0049303463,-0.012021447,-0.007908069,-0.02187252,0.05050333,-0.018023685,-0.009320667,0.06750288,0.024079684,0.0988972,0.018460972,-0.0010711439,-0.024510076,-0.0074966275,-0.05966203,-0.036764592,0.11066885,-0.030595524,0.009731397,0.04780429,-0.050678253,0.11843241,-0.021205565,-0.09306951,0.010697442,-0.002263005,0.0006789053,0.077524886,0.027719093
P0DPK5,-0.028407676,0.09962501,-0.007813862,0.006426337,-0.011877832,-0.014029952,0.0016321726,0.025725102,-0.031358264,0.0127833085,0.06596875,0.018439269,0.10974132,0.017767861,-0.009059586,-0.0022943756,0.009480413,-0.034449246,-0.00426253,0.10343497,-0.00524847,0.0057165595,0.05141997,-0.050351754,0.09789193,-0.027925681,-0.099856734,0.014099356,-0.03467486,-0.02917453,0.059446026,0.02270839
P08902,-0.040467285,0.11431106,0.007850699,-0.03843106,-0.0021955809,0.0010301173,-0.010616337,0.04536037,-0.014070278,0.00045320205,0.07053613,0.026502049,0.10788446,0.0069331722,-0.0059514726,-0.03560783,-0.0095533095,-0.054981034,-0.051728822,0.11287789,-0.032898154,0.018579504,0.036186073,-0.04994586,0.13658106,-0.029793024,-0.10751696,0.021090876,0.010952485,-0.00491303,0.0842286,0.018648248
Q88YH3,-0.0147658205,0.08810185,-0.008306869,0.01304201,-0.014737252,-0.0051110033,-0.016695885,0.012235777,-0.043082718,0.014347814,0.07259083,-9.278674e-05,0.08590986,0.0044660093,-0.021438893,-0.016992066,-0.002932228,-0.071545534,-0.034606073,0.11871356,-0.05891353,0.0005573323,0.025985753,-0.04394816,0.0952858,-0.027187496,-0.07762781,0.023156002,-0.010940155,-0.029184058,0.06518811,0.024305744
O81770,-0.028272092,0.08310179,-0.007005357,0.0021718342,-0.014890537,-0.008121083,-0.016089445,0.024722332,-0.038024385,0.026150588,0.06331201,-0.0024410672,0.09387686,0.011553167,-0.019728735,-0.019532273,-0.010635823,-0.067111306,-0.030454215,0.115992546,-0.029813841,-0.007112066,0.036473166,-0.04571608,0.11093992,-0.02043325,-0.09727669,0.0025506206,-0.009711598,-0.008134945,0.072843745,0.03713715
P15700,-0.005503861,0.11919636,-0.0134130465,-0.00961296,-0.023927687,-0.010487656,-0.004021463,0.028845452,-0.03222064,0.0040925276,0.07049347,0.028592655,0.09740367,0.027728446,-0.0035502922,-0.027549224,4.7000745e-07,-0.062460035,-0.034013662,0.12046126,-0.0290322,0.013383639,0.05571355,-0.065363325,0.10525164,-0.026824005,-0.09480757,0.022823522,-0.025819175,-0.02600917,0.060575064,0.03313988
P10493,-0.02722652,0.10781514,-0.015373648,-0.011220831,-0.010440894,-0.0028312507,-0.004205652,0.035921577,-0.01457614,0.006094815,0.06716759,0.029658629,0.10973286,0.021352844,-0.00014277818,-0.023477726,0.0007884174,-0.05102408,-0.03172122,0.111686714,-0.03486091,0.0042399396,0.041099343,-0.04188482,0.12178736,-0.02659468,-0.09580181,0.0136988135,-0.014311532,-0.019948114,0.056807812,0.040492583
P03615,-0.041443132,0.09705949,0.0016090907,-0.0019580375,-0.01190262,-0.021219626,-0.015841842,0.034689844,-0.02967743,0.0011200892,0.067152776,0.029481187,0.10728147,-0.004420027,-0.013493282,-0.035257835,0.009294655,-0.05205768,-0.047011185,0.118296325,-0.01867478,0.018024206,0.045902353,-0.024384579,0.1212245,-0.03600368,-0.08237162,0.013409409,0.024815926,-0.00810135,0.06661067,0.003308028
P28241,-0.023970196,0.084549986,-0.009523472,0.0079856,-0.020964477,0.0076716347,-0.021752156,0.025707647,-0.038923662,0.020227097,0.06284629,-0.008417812,0.100429974,0.0058039203,-0.028721225,-0.02640101,-0.008620129,-0.06342839,-0.026244452,0.116674684,-0.038164563,-0.011542641,0.03628827,-0.06083681,0.10759032,-0.025382554,-0.09885968,0.02550985,-0.003744034,-0.015555066,0.071331546,0.033954058
O60906,-0.021095464,0.098172165,-0.02363571,0.017971972,-0.010425086,0.00205329,-0.007261148,0.018481584,-0.03786396,0.009468568,0.065952495,0.0011978069,0.12132841,0.00312672,-0.011303343,-0.018984813,-0.0015541945,-0.056177765,-0.025430983,0.10424575,-0.031268444,0.0037913136,0.03930202,-0.05710867,0.10799996,-0.0333001,-0.09031656,0.020174554,-0.014747995,-0.018752122,0.06713668,0.0354232
O75334,-0.024799421,0.094633736,-0.008691407,-0.015115398,-0.012841551,-0.016216429,-0.021661283,0.028112588,-0.03175423,0.004153822,0.059794407,0.020254226,0.09972535,0.018851336,-0.013052614,-0.029272916,-0.014287601,-0.06353298,-0.038091395,0.12031706,-0.027622169,0.015192247,0.050451823,-0.051882856,0.11369496,-0.030962536,-0.09671741,0.0018661459,-0.007915998,-0.0129061425,0.062760696,0.026108393
O14960,-0.020705651,0.10488925,-0.007017316,-0.012937291,-0.012036543,0.0026057996,-0.015735636,0.03855219,-0.02652358,0.011456499,0.06491891,0.011481453,0.1056968,0.022473726,-0.013138479,-0.028672472,-0.012308873,-0.059149634,-0.0323484,0.10915162,-0.03658157,0.004416032,0.046324383,-0.071519494,0.112866595,-0.02556621,-0.107285485,0.016646184,-0.01039883,-0.0039249705,0.074488476,0.03616574
O59734,-0.043204777,0.08504926,-0.018176373,0.00031087067,-0.0025238465,0.000674008,-0.039357986,0.026214197,-0.01790822,0.0152437445,0.06125218,-0.006327279,0.1008147,0.0047457167,-0.02389524,-0.04260505,-0.008270459,-0.07006739,-0.039657984,0.122997545,-0.04339204,-0.007314195,0.044606443,-0.056372706,0.12158733,-0.03636094,-0.09229331,0.0057443776,0.007609114,-0.01421167,0.08681007,0.043488108
O60609,-0.03229042,0.10391009,-0.020618625,-0.015458004,-0.010661273,-0.017083015,-0.02138682,0.03889874,-0.031198211,0.014911666,0.055335958,0.021167725,0.101764575,0.033028677,-0.015630413,-0.03412827,-0.0026302426,-0.053206578,-0.023591928,0.11311666,-0.035848282,0.006067993,0.049562108,-0.046714254,0.10948379,-0.03116119,-0.09909299,0.0028581542,-0.008353027,-0.018114515,0.06290223,0.044389777
P01857,-0.022811528,0.10599862,-0.016682547,-0.0014823222,-0.004249559,-0.0059253266,-0.017441649,0.03275414,-0.021833966,-0.003643843,0.06543006,0.026697729,0.10085446,0.021036403,-0.0022884847,-0.010019,0.013993825,-0.04882979,-0.023554828,0.09529267,-0.024579646,0.007260459,0.049549155,-0.052969027,0.1099674,-0.02069867,-0.09933249,0.016961792,-0.023860294,-0.0070151654,0.07763952,0.029362319
Q0VCU1,-0.02927687,0.0985735,-0.006326637,0.0025811186,-0.017018672,-0.0051592914,-0.023267556,0.040882118,-0.029415775,0.0024492089,0.058603697,0.017620891,0.09734796,0.007016114,-0.020875845,-0.025718853,-0.0045977444,-0.05801964,-0.034640096,0.117880434,-0.021350496,0.005757955,0.0540353,-0.055870675,0.11028832,-0.027513355,-0.1029703,0.013500501,0.0006592494,-0.006054487,0.07755522,0.016873378
O15537,-0.02605394,0.11073756,-0.015066586,-0.0031268727,-0.0042786207,0.0010556006,-0.012596704,0.045338333,-0.01696477,0.007738266,0.066199385,0.020372728,0.09004414,0.009222164,-0.0013151296,-0.017891513,-0.0075347703,-0.05337443,-0.03383653,0.10948018,-0.027235046,0.01118948,0.04248229,-0.05059628,0.1170232,-0.01790888,-0.095424436,0.01632017,-0.0076170345,-0.008378626,0.078985125,0.025488416
P16233,-0.017976645,0.1230371,-0.01508988,-0.0069304593,-0.020433262,0.0019402014,0.009340791,0.040748674,-0.005250442,0.007836829,0.07463814,0.037029583,0.10532568,0.029675856,0.016721634,-0.009309351,-0.0012180682,-0.04075857,-0.011683051,0.112818,-0.008760719,0.009213612,0.06220277,-0.056700647,0.098267876,-0.029286647,-0.095902786,0.013925497,-0.04157535,-0.02802821,0.064603105,0.030079523
P14384,-0.009683015,0.11115295,-0.020633185,-0.015358129,-0.018421764,-0.009526648,0.0025480501,0.040542677,-0.02217758,0.00609932,0.062348716,0.038589507,0.10172565,0.02990122,0.0029627006,-0.01939072,-0.0035418868,-0.05096776,-0.014327598,0.113846794,-0.032942932,-0.004246345,0.057031777,-0.05779255,0.10635865,-0.02644892,-0.107275635,0.017591372,-0.026989175,-0.017522005,0.0578247,0.0398503
P05187,0.0021548748,0.11340002,-0.023033986,-0.0022853997,-0.021694293,-0.019230418,-0.0014597463,0.040194143,-0.036628157,0.0146607375,0.06415405,0.034947604,0.095757894,0.045568574,-0.013751012,-0.01832042,-0.011639816,-0.050178587,-0.013400487,0.117620766,-0.04678349,-0.017686531,0.043567955,-0.065332085,0.11761571,-0.026991969,-0.106143005,0.016131757,-0.025223559,-0.024660714,0.055833887,0.05165727
O75694,-0.028125767,0.093985006,-0.028335454,0.002761311,-0.014667359,0.00056926557,-0.020792538,0.035242736,-0.024371805,0.0063396622,0.055467136,0.009878796,0.10501605,0.009158736,-0.0151294805,-0.029047076,-0.013531331,-0.058342516,-0.021554574,0.11801992,-0.033543263,0.0011110436,0.047955874,-0.05891087,0.11208727,-0.026882349,-0.102577314,0.009358989,-0.01024849,-0.02231875,0.060926486,0.042889014
P01588,-0.024652544,0.103312835,-0.015649863,-0.009596673,-0.009674532,-0.0045966706,-0.018619036,0.036205668,-0.019501667,0.0031015072,0.061175194,0.02241854,0.10098768,0.014297586,-0.012693136,-0.026643604,-0.0046145837,-0.060725816,-0.039271016,0.11676106,-0.035345726,0.005780883,0.04754039,-0.05215864,0.120212585,-0.02499376,-0.099925846,0.015972441,-0.0031550277,-0.009195564,0.076111525,0.03269501
P14079,-0.034752645,0.08918111,-0.011596437,-0.0066131526,-0.010476513,-0.005044407,-0.017773697,0.040181227,-0.032190934,0.014947638,0.06479484,0.0020502743,0.09957568,0.0027669421,-0.0141076865,-0.031611837,-0.0013120711,-0.059030283,-0.025211144,0.11775617,-0.023219269,0.004008629,0.044591725,-0.045928188,0.11345768,-0.0232763,-0.094566055,0.0077773547,-0.010130227,-0.010179424,0.07589451,0.029502958
P13725,-0.023964971,0.110531695,-0.010826981,0.0010968834,-0.013685639,-0.0061950916,-0.0101569705,0.029821973,-0.025010284,0.0011641796,0.065151475,0.025161838,0.10429746,0.015017564,-0.0045224954,-0.021288818,-0.0033731523,-0.05362232,-0.030350126,0.10989253,-0.022023983,0.013788148,0.051097576,-0.055596422,0.10722867,-0.03420626,-0.09610386,0.018130755,-0.013446408,-0.02025818,0.06637398,0.02358148
P0ABE5,-0.008038996,0.12893985,-0.026634984,0.0012048902,-0.018028041,-0.011057739,-0.0088711,0.03792619,-0.029368814,0.008596897,0.05505051,0.024783196,0.096996844,0.021552287,-0.0063513927,-0.032672595,-0.00750483,-0.061336644,-0.024546739,0.11650355,-0.029638225,0.004607427,0.060130633,-0.06961746,0.09870141,-0.0262792,-0.106700435,0.019105524,-0.01033936,-0.022904174,0.06907787,0.034287255
Q13114,-0.019309187,0.10663637,-0.013031555,-0.00784495,-0.018396974,-0.012522781,-0.0064889877,0.03403039,-0.027758006,0.012243112,0.06425213,0.028898913,0.09664064,0.017720487,-0.01462141,-0.027181009,-0.0066429703,-0.053877227,-0.03236651,0.11870859,-0.027256593,0.003487374,0.050833948,-0.05589596,0.11328532,-0.031663492,-0.104852,0.012301809,-0.00787566,-0.02078202,0.06617791,0.030569851
P23381,-0.017768938,0.11558883,-0.01029257,-0.008893729,-0.016960477,-0.0066420874,-0.003009733,0.04009647,-0.033336055,0.0037467293,0.068720184,0.022392735,0.10108967,0.015360753,-0.002973464,-0.025311677,-0.009107815,-0.054553416,-0.03635562,0.11237117,-0.024275297,0.009394561,0.051259317,-0.06230616,0.11206871,-0.029370874,-0.1018641,0.0126997335,-0.013654359,-0.012481912,0.06870336,0.028877776
P06454,-0.024971489,0.099453606,-0.009768882,-0.0057558743,-0.02227288,-0.0056264964,-0.012446716,0.02819234,-0.03087568,0.0062886695,0.06477167,0.009858153,0.09827908,0.008708568,-0.0058317548,-0.018786414,-0.01586308,-0.056731828,-0.025346126,0.12007447,-0.026796112,-0.0024714854,0.051151533,-0.06159198,0.10066676,-0.024262402,-0.10038608,0.010054223,-0.0105128065,-0.020265175,0.062320974,0.03251325
O95071,-0.022191612,0.10297675,-0.015545262,-0.0034434423,-0.009337024,-0.014718288,-0.01660605,0.030169189,-0.024063714,0.006572235,0.063554235,0.022468476,0.09363889,0.01774771,-0.008100086,-0.027726771,-0.0058911615,-0.06092618,-0.03530624,0.11467523,-0.028405646,0.011043607,0.050591532,-0.05503961,0.112357624,-0.02824843,-0.097984,0.008472373,-0.010637078,-0.0147811435,0.067109525,0.03366886
P04637,-0.02532667,0.10177476,-0.011563384,-0.0031122912,-0.0114958,-0.010219898,-0.014521449,0.030402802,-0.027447265,0.009074466,0.06526418,0.016582724,0.097491845,0.013461032,-0.010336758,-0.026412755,-0.0036590234,-0.06074693,-0.034327723,0.11474138,-0.027443232,0.008431302,0.044755094,-0.051661927,0.11233982,-0.026069205,-0.098202854,0.010446816,-0.010235574,-0.014468083,0.06882404,0.032197304
P09956,-0.016887315,0.12222534,-0.012016967,0.00043248758,-0.013033852,-0.006335808,-0.0005670842,0.037018392,-0.03206246,-0.002722542,0.06248938,0.024217593,0.103733815,0.006954812,0.0019261707,-0.028775187,-0.0075747087,-0.055924248,-0.04267482,0.11542106,-0.026172295,0.0034569679,0.059355155,-0.06590862,0.112358056,-0.036396604,-0.096001916,0.024322614,-0.008505328,-0.012586077,0.06876305,0.024807883
P17506,-0.023511086,0.083644785,-0.024107724,-0.008811615,-0.024994323,-0.024790836,-0.041679733,0.042659722,-0.018641371,-0.0012390725,0.054822132,0.027653731,0.093795426,0.01719656,-0.030798553,-0.047015376,-0.03846553,-0.07045324,-0.029109882,0.14224336,-0.04341057,0.01618119,0.044063378,-0.054965187,0.1127022,-0.028890476,-0.110052265,-0.017403023,0.028311208,-0.0053288415,0.055396125,0.02935047
P13667,-0.012545857,0.098380886,-0.011160428,-0.0018459879,-0.011442182,-0.005332794,-0.016550584,0.017524952,-0.021610323,0.010030803,0.06861875,0.013628888,0.09979761,0.022992175,-0.019295514,-0.015441763,-0.0025270432,-0.06082692,-0.028943796,0.112551786,-0.045518614,-0.00020597168,0.050255716,-0.065942094,0.10342699,-0.030426377,-0.09818355,0.010526886,-0.02257846,-0.032526176,0.07703791,0.029702973
P27487,-0.022308696,0.10283506,-0.010280768,-0.007261681,-0.017169297,-0.010643431,-0.019262211,0.02916012,-0.02654006,0.0060781296,0.06643679,0.019335728,0.0968749,0.019738194,-0.01243051,-0.02549782,-0.007818487,-0.061573647,-0.0334564,0.115335636,-0.03272796,0.0047077574,0.042151067,-0.05550895,0.11066199,-0.024377026,-0.097543925,0.01084039,-0.008902508,-0.009575039,0.06963596,0.036814693
O14792,-0.015817078,0.0979342,-0.006474941,-0.002353494,-0.010999482,-0.037198827,-0.027065832,0.036788307,-0.009160187,0.0035001375,0.06254896,0.03657117,0.091065034,0.018803446,-0.028469175,-0.042070515,-0.0039703874,-0.07402677,-0.04988473,0.123871244,-0.03497108,0.016902532,0.06291089,-0.043837853,0.116597064,-0.03398485,-0.10422264,-0.010936387,0.014423193,-0.01812252,0.077831015,0.019226551
P28862,-0.031005785,0.09790607,-0.006135947,-0.005749075,-0.016878894,-0.009231513,-0.01957276,0.035785597,-0.025113698,0.0057763876,0.06863781,0.025918266,0.09459736,0.013574381,-0.014774345,-0.021216214,-0.0063148635,-0.053787697,-0.033688575,0.11107878,-0.027867611,0.009010476,0.04123462,-0.045746114,0.11427076,-0.026270878,-0.099392995,0.008178662,0.0029129796,-0.010528199,0.06884895,0.02447494
O60870,-0.02584414,0.08708628,-0.01712868,0.00073963363,-0.014324367,-0.011828017,-0.015818644,0.03331514,-0.03402887,0.010569559,0.063418955,0.0038572054,0.103460334,0.009106886,-0.014408257,-0.0325586,-0.0010716718,-0.06474087,-0.023160674,0.12282986,-0.033929124,-0.0029577792,0.034417626,-0.04095262,0.1187404,-0.021010442,-0.08952818,0.013695061,-0.012859268,-0.011124643,0.06455806,0.042524677
P01584,-0.02806881,0.10274427,-0.011407491,-0.0030655821,-0.010328205,-0.009171274,-0.009905064,0.029837027,-0.028329048,0.011856463,0.0669116,0.01812776,0.10019522,0.017833073,-0.008610646,-0.022530694,0.00014441322,-0.054433372,-0.029719181,0.11038133,-0.02617766,0.009179094,0.04761123,-0.04953531,0.10948881,-0.031606544,-0.097998366,0.01359588,-0.012865866,-0.02273329,0.06405028,0.031674378
P09086,-0.018044472,0.0999827,-0.013407196,0.003503672,-0.01231658,-0.00821012,0.00019198749,0.015979335,-0.032211695,0.01138901,0.06652134,0.011495992,0.10203969,0.009681407,-0.0069596954,-0.012011982,-0.0003088919,-0.054582175,-0.020569121,0.10938934,-0.025892595,0.005522557,0.050166775,-0.059279826,0.09508651,-0.029785281,-0.09644272,0.022384763,-0.0278021,-0.027414143,0.06250153,0.030691167
Q06559,-0.026327081,0.09710729,-0.019707927,0.0052188262,-0.010097925,-0.0012876048,-0.020010471,0.027346022,-0.024739498,0.008010391,0.06320202,0.00894897,0.10391193,0.0070642647,-0.01020472,-0.02823676,0.0047176857,-0.06301216,-0.0336813,0.1160614,-0.028120182,0.007881303,0.04557979,-0.04808925,0.1124105,-0.023016643,-0.08994604,0.017470075,-0.009122587,-0.017784582,0.06664359,0.032396857
P10082,-0.016057013,0.12861322,-0.018712487,-0.018243931,-0.015205115,0.0022487924,-0.004275904,0.0456954,-0.0025577722,-0.009768854,0.06555165,0.03959339,0.11154636,0.030680284,0.013484909,-0.014661035,-0.0012256731,-0.044333838,-0.018313697,0.10894419,-0.02099833,0.014565484,0.060452424,-0.059908792,0.11104511,-0.020776328,-0.09867512,0.022432601,-0.026829846,-0.022770641,0.06823254,0.028572455
P37370,-0.03826943,0.088608675,-0.014780607,-0.0018038795,-0.0075238743,-0.014538733,-0.021739641,0.020414717,-0.02803773,0.015538562,0.06305629,0.01462096,0.104912154,0.009648766,-0.021161426,-0.024221372,0.004315268,-0.055701513,-0.032677878,0.11630824,-0.02932129,0.007839931,0.033141736,-0.03218911,0.11487431,-0.02690898,-0.09102156,0.0098053645,0.0038971181,-0.014256464,0.064814605,0.032949846
P60723,-0.022009,0.095317855,-0.010634504,-0.0064447513,-0.0077066077,-0.014051752,-0.018703716,0.03021406,-0.024281707,0.013506213,0.066571586,0.019067628,0.10052001,0.022618812,-0.020485077,-0.026412515,0.0013902581,-0.06207152,-0.03376194,0.115193956,-0.03590125,0.008083312,0.043646667,-0.050423805,0.11941152,-0.025479773,-0.10133343,0.0109387105,-0.0049032946,-0.01353295,0.07454789,0.031590767
G4NAP4,-0.022525439,0.12788437,-0.005099023,-0.0030127491,-0.006090904,-0.0033955292,0.003106226,0.049375907,-0.02596061,0.0055147693,0.06493523,0.028725736,0.08914142,0.0075189774,0.0011775004,-0.0179924,-0.014464662,-0.0483436,-0.04398131,0.11051265,-0.020318158,0.018055407,0.04742031,-0.05989349,0.11927418,-0.023884274,-0.100218035,0.02766805,-0.0049811928,-0.011430416,0.07189595,0.017514417
P0DTC5,-0.007160197,0.13729088,-0.004967019,-0.018159559,-0.017937575,-0.020789402,0.016853582,0.050413977,-0.021248544,0.000987865,0.06632695,0.056816805,0.10084243,0.032334726,0.0077460767,-0.021846961,-0.0077619017,-0.03807361,-0.031379998,0.11609872,-0.021703005,0.0071871183,0.05741759,-0.0597776,0.12345412,-0.029667627,-0.10332227,0.020236677,-0.01833482,-0.021506464,0.05911555,0.022503076
P16858,-0.014379573,0.11231581,-0.020763984,-0.008418103,-0.012951297,-0.0126297325,-0.008544823,0.036710255,-0.023502545,0.010937287,0.06745247,0.022066396,0.09882913,0.027257076,0.0023284666,-0.02634885,-0.00614266,-0.06194994,-0.029128525,0.11335772,-0.0305592,0.00879302,0.051302344,-0.057130575,0.11571183,-0.018398592,-0.098658755,0.008741104,-0.014086435,-0.01684691,0.06399495,0.044186532
Q15750,-0.02597542,0.10537672,-0.01666225,-0.0054965755,-0.006626458,-0.009990815,-0.020736828,0.026348427,-0.02876272,0.011765311,0.055315122,0.03166033,0.09533975,0.011725927,-0.016588887,-0.04181704,-0.0023841485,-0.068375684,-0.044712503,0.11316966,-0.036299,0.013633007,0.058579363,-0.06430359,0.11872245,-0.03520479,-0.10829748,0.009158502,-0.0010897586,-0.02376223,0.06668845,0.027785333
P0A855,-0.03240754,0.10015931,-0.010622003,0.0013685166,-0.0111335395,-0.0072776503,-0.02142738,0.032967422,-0.026973225,0.004747655,0.06703108,0.01210279,0.09311826,0.0097708,-0.0098407855,-0.025932334,0.0009889542,-0.059257448,-0.034271814,0.11372045,-0.026377313,0.008309019,0.041284394,-0.048213262,0.11017247,-0.023603817,-0.09545394,0.011922273,-0.0077531277,-0.0105377445,0.07222786,0.030898457
P41834,-0.013378136,0.11910816,-0.023567675,-0.0063323798,-0.00841398,-0.0028425907,-0.0005170824,0.03211329,-0.015343037,0.0065150065,0.058967914,0.026301,0.0933657,0.0098052155,0.0077651003,-0.027489068,-0.015698774,-0.060539912,-0.040365953,0.123413764,-0.028637452,0.010799185,0.06580839,-0.06887602,0.10798019,-0.028460212,-0.09795804,0.016760193,-0.019789914,-0.030392207,0.057630263,0.033236306
P12956,-0.02475049,0.101769775,-0.0113983555,-0.0017213904,-0.013684035,-0.013513946,-0.0152725,0.028712925,-0.02963738,0.0044083656,0.06444939,0.019557869,0.100709625,0.014575959,-0.012325803,-0.026654601,-0.0025850178,-0.061266016,-0.03371391,0.116821125,-0.027809763,0.007590215,0.043864213,-0.051751077,0.11396793,-0.027056547,-0.09826891,0.011943991,-0.010728045,-0.013744687,0.06578721,0.033632614
O14793,-0.020212334,0.12653202,-0.011425561,-0.006013227,-0.011799871,0.00063476496,0.005907547,0.04190796,-0.029296417,0.00478299,0.064930335,0.026711008,0.102358416,0.011546198,-0.0009947538,-0.025948964,-0.0061317603,-0.049291756,-0.045076735,0.112896234,-0.025401335,0.016249053,0.056965318,-0.06351399,0.11138573,-0.035454765,-0.10084231,0.026079116,-0.009898394,-0.022101134,0.064395025,0.022400098
P0CG04,-0.012271545,0.10373086,-0.030220192,-0.022515215,-0.024212014,-0.020857466,-0.021579988,0.050613187,-0.013790965,0.003444842,0.054762475,0.038572904,0.09722348,0.044556014,-0.0014852909,-0.030135453,-0.015654678,-0.055429548,9.950204e-05,0.1282072,-0.032606635,-0.015737765,0.04642686,-0.05207219,0.118731275,-0.01181611,-0.10906679,0.00041749142,-0.02424964,-0.009148467,0.052791674,0.06140968
A4YDT1,-0.01078665,0.1164908,-0.020992955,0.0115796095,-0.0036440932,-0.023196733,-0.014499296,0.043221068,-0.01521914,-0.0004504981,0.06976656,0.04454713,0.09177347,0.0420229,-0.0024563167,-0.0051089427,0.006903673,-0.041231167,-0.019080075,0.09663456,-0.018624725,0.021315962,0.05722964,-0.057097916,0.11191497,-0.023820592,-0.10540453,0.007173937,-0.012588523,-0.013944223,0.07206313,0.021218332
O02649,-0.023459548,0.080366045,-0.009308625,-0.0037598843,-0.027374811,-0.022853583,-0.032000784,0.044469837,-0.03765496,0.013258226,0.07209236,0.0041247755,0.09103158,0.030026583,-0.029953105,-0.037356697,-0.005340494,-0.061693646,-0.016616283,0.12363125,-0.02722015,-0.00058558723,0.033825286,-0.045709863,0.119094044,-0.01798629,-0.10411547,-0.00032319222,-0.004684291,-0.0162105,0.05672355,0.04627419
O88867,-0.028095655,0.100675575,0.0034162092,-0.0046486203,-0.014003239,-0.021783194,-0.011247095,0.032008883,-0.031988762,0.0032677099,0.07176054,0.026132882,0.090135984,0.01581069,-0.008440483,-0.016669326,-0.0003775217,-0.049483076,-0.031005537,0.10751023,-0.021461723,0.011077494,0.04607789,-0.046188008,0.106731914,-0.029419169,-0.09608752,0.012855891,-0.005302346,-0.011260848,0.066915505,0.018409071
P9WK17,-0.02542183,0.10128599,-0.010813862,-0.0017407254,-0.009689045,-0.017280905,-0.021656046,0.029479595,-0.025564278,0.013602227,0.066215895,0.017117957,0.10201924,0.027129607,-0.020105993,-0.023961617,-0.002176916,-0.059658516,-0.03368945,0.11644167,-0.033175424,0.009005302,0.041995764,-0.04763903,0.11327403,-0.027224489,-0.091917165,0.0059679816,-0.008966143,-0.011878152,0.0763992,0.03627396
P00684,-0.030615035,0.084550284,-0.0035630753,0.0068986192,-0.02431984,-0.017268937,-0.03481447,0.028612513,-0.023233406,0.004695938,0.067273065,0.0164776,0.08520742,0.010355984,-0.025633223,-0.03141437,-0.020488787,-0.06726019,-0.03783048,0.123678386,-0.033646367,0.01892665,0.047287714,-0.052651167,0.09938389,-0.03038403,-0.0929325,-0.0040139616,0.014122676,-0.014688249,0.06050101,0.020490352
P55853,-0.027430395,0.1070203,-0.007930208,-0.008871394,-0.014982528,-0.007119966,-0.009659363,0.0322857,-0.024090135,0.0142324725,0.06283529,0.019327562,0.09596637,0.020180216,-0.018721959,-0.025263911,-0.0041251406,-0.052206315,-0.03288552,0.11397133,-0.032838415,0.0028698866,0.045082327,-0.052618746,0.11187879,-0.030981278,-0.1019893,0.01496227,-0.013611464,-0.029922878,0.069549255,0.034581542
P51668,-0.024000708,0.09847851,-0.011226649,-0.007609762,-0.018642807,-0.010834285,-0.011731287,0.034965444,-0.028533466,0.013264788,0.06872049,0.017792303,0.09425701,0.021972356,-0.008418229,-0.025767082,-0.009597468,-0.058239285,-0.028822398,0.11891303,-0.026907219,0.0032650991,0.047170717,-0.052414604,0.11387015,-0.02742889,-0.096512035,0.012972964,-0.010479424,-0.015478373,0.062278382,0.039504282
P06881,-0.029867258,0.100823306,-0.014588424,-0.0033628673,-0.008365343,-0.007932751,-0.013980518,0.03039326,-0.027211241,0.010317303,0.06474546,0.016088113,0.100218944,0.01317276,-0.008897768,-0.025852349,0.0018619896,-0.05729518,-0.030774336,0.113601156,-0.02680589,0.008206557,0.04612875,-0.05009354,0.11244674,-0.026869304,-0.096869126,0.010882199,-0.015122091,-0.017784005,0.06805494,0.03383527
P12645,-0.038665436,0.09966913,-0.02059796,-0.011074429,-0.013763291,0.011486006,-0.010727251,0.03851135,-0.026835764,0.016390156,0.055123758,0.0054088323,0.10621128,0.011946894,-0.021391582,-0.016063865,-0.0042772973,-0.053363554,-0.028126042,0.11773542,-0.03974436,-0.008215007,0.034608107,-0.043889128,0.1166543,-0.017772404,-0.10364413,0.023551118,-0.018388974,-0.019032162,0.074592546,0.052701432
P16297,-0.0065197754,0.098490626,-0.019589696,-0.0015785489,-0.016942643,-0.0138513055,-0.018515429,0.035805866,-0.035208885,0.0026798751,0.059988253,0.0205514,0.093259454,0.019644357,-0.015763916,-0.022997264,-0.012900563,-0.06692603,-0.023741415,0.11909306,-0.049697716,-0.0069816597,0.03931863,-0.056819636,0.11065499,-0.02007943,-0.09720302,0.012768493,-0.013385893,-0.005197138,0.07117042,0.036934335
O75897,-0.020670887,0.11641529,-0.010506804,0.0009919198,-0.01729797,-0.017111307,-0.006092757,0.033376522,-0.020019582,0.009957028,0.06923383,0.02740067,0.09251623,0.024162222,-0.007236105,-0.01863544,-0.0013888108,-0.054846186,-0.029367115,0.11303035,-0.021290265,0.01728529,0.05235891,-0.0492298,0.09983795,-0.026086843,-0.0975078,0.01032564,-0.0134986825,-0.027245067,0.06513488,0.02865738
O60729,-0.012023861,0.11072892,-0.01437169,-0.005251307,-0.012539679,-0.011799676,-0.011063537,0.029379746,-0.02671365,0.0037145794,0.06609267,0.023039155,0.096514545,0.022154521,-0.007435961,-0.022408636,0.0009172183,-0.05958994,-0.030733574,0.11342976,-0.03230325,0.012386918,0.047123946,-0.057803024,0.10309722,-0.022153657,-0.09849167,0.013850641,-0.021195136,-0.016483756,0.066192195,0.02909875
Q9FNJ8,-0.019438135,0.09211197,-0.01962172,0.014055428,-0.024724847,0.00077670004,-0.019172667,0.027116844,-0.0562779,0.018154737,0.06746245,-0.023578128,0.110116474,0.012068012,-0.029837007,-0.03381719,-0.007450056,-0.08149274,-0.042628363,0.13102849,-0.04015534,-0.01146951,0.035189513,-0.06246345,0.1183308,-0.02176779,-0.0896712,0.01476951,-0.014293839,-0.009035255,0.06945152,0.060628355
P01282,-0.029611299,0.09884393,-0.020523148,-0.0032161204,-0.013157491,-0.00042930417,-0.017877078,0.040167756,-0.022720447,0.0069560087,0.057509564,0.015717562,0.10549601,0.016241116,-0.010106112,-0.022866355,0.00406444,-0.05209116,-0.019047122,0.11392744,-0.02770196,-0.0036796501,0.05306472,-0.04894877,0.11050567,-0.024047378,-0.09942262,0.015742108,-0.014986127,-0.017801005,0.07043399,0.035476927
O54924,-0.0042247204,0.1407974,-0.0133496,-0.0014873892,-0.015589614,-0.02050896,0.008710931,0.0435819,-0.020397682,-0.009586406,0.06742479,0.05769664,0.09171654,0.025141034,0.026065001,-0.009024345,-0.008503086,-0.050268307,-0.030389741,0.102718316,-0.0057998192,0.030816864,0.08674326,-0.07089787,0.09526463,-0.031381316,-0.0994644,0.019712871,-0.0154360235,-0.015639571,0.06465196,0.010265721
P08183,-0.02384125,0.099962585,-0.01274879,-0.0030203478,-0.013120451,-0.004711494,-0.015447563,0.028558798,-0.02086755,0.012475286,0.06825491,0.0124115655,0.101445735,0.023279004,-0.0151083525,-0.021447321,0.00015948545,-0.057019733,-0.027403694,0.11305285,-0.031349562,0.0038366334,0.045795638,-0.054537896,0.10915513,-0.02702111,-0.098975815,0.013209772,-0.017528022,-0.024346177,0.06903154,0.038250037
P04591,-0.006844357,0.09299376,-0.023069635,-0.0010214323,-0.0042925687,-0.008395196,-0.03130585,0.034371655,-0.008125719,0.011470694,0.071852356,0.010991442,0.0936802,0.030741684,-0.006519766,-0.03272344,-0.008027347,-0.0729878,-0.033600528,0.11632794,-0.039770562,0.0075790044,0.052369367,-0.06272938,0.11329851,-0.019206977,-0.1007283,0.001327166,-0.01415071,-0.016113356,0.063247494,0.047718644
O94868,-0.021522861,0.116803035,-0.019571304,-0.008475835,-0.017517421,-0.014914463,-0.011817461,0.022931319,-0.01874373,0.008446163,0.06358023,0.023824349,0.09710746,0.023651857,-0.0021199335,-0.022626294,-0.0029121966,-0.06461439,-0.03824711,0.12468586,-0.020122144,0.005238296,0.050904833,-0.051381398,0.10421165,-0.021942072,-0.10103345,0.010617046,-0.0117743,-0.012870694,0.06667053,0.046522927
B5BLW5,-0.0029182397,0.14135644,-0.014264189,-0.01864485,-0.009489268,-0.011545055,0.018754628,0.043069437,-0.0048743486,0.006646094,0.07746059,0.054016516,0.09475781,0.046664067,0.026584728,-0.0010173181,0.0001390886,-0.027249198,-0.014967811,0.097513355,-0.0053377682,0.014504431,0.07009803,-0.07394354,0.10880652,-0.024558352,-0.10784991,0.01874144,-0.04443846,-0.030890241,0.065016165,0.030318324
P19934,-0.03167714,0.098268226,-0.013480598,-0.0020017237,-0.0137405135,-0.009552847,-0.01867661,0.033241667,-0.02690475,0.0119825415,0.05910951,0.01614876,0.0945554,0.011562746,-0.014937375,-0.023603244,-0.0015332978,-0.054697648,-0.02063477,0.116867855,-0.024506561,0.0030695258,0.041976754,-0.045336064,0.10559756,-0.021532364,-0.10110105,0.008824654,-0.012175968,-0.018075379,0.06923913,0.028843725
Q96RG2,-0.02384121,0.10579733,-0.017654441,-0.016506221,-0.012864132,-0.0100899255,-0.018874325,0.03584254,-0.026736267,0.008225438,0.060684018,0.015507625,0.100018166,0.018868294,-0.0090972,-0.03415382,-0.0071424907,-0.06531053,-0.03569262,0.12391302,-0.03327965,0.006338041,0.051039834,-0.056530926,0.11499924,-0.021724617,-0.09954185,0.008895783,-0.0070815054,-0.012001097,0.0705149,0.039690625
O14352,-0.03854612,0.08755485,-0.014476227,-0.0022763428,-0.012000736,-0.0053814626,-0.03556499,0.027923716,-0.0221675,0.0067865252,0.065485016,0.0021826732,0.110069886,0.015501851,-0.012294189,-0.032694515,-0.013141247,-0.06657381,-0.032347497,0.117332265,-0.037425835,-0.011914227,0.044985212,-0.05567664,0.12138014,-0.031999253,-0.09397454,-0.00048161414,0.0034068096,-0.005438826,0.07572897,0.050624043
Q08117,-0.022194954,0.10770974,-0.01338985,-0.015189592,-0.016676614,-0.008048079,-0.011494414,0.035039134,-0.028162014,0.008106762,0.065800674,0.023989957,0.09079485,0.010638038,-0.0079702325,-0.030003853,-0.006584592,-0.06226294,-0.040913615,0.12442944,-0.025781004,0.009263857,0.049094502,-0.055482198,0.11644936,-0.022381024,-0.10267212,0.01853574,-0.0030970855,-0.012680993,0.06824284,0.031269256
P28702,-0.014281774,0.1121643,-0.011604122,-0.0066150534,-0.022461182,-0.009769828,-0.0134619055,0.03564681,-0.017088788,-0.005458132,0.066274814,0.03033384,0.102257036,0.025071435,-0.0054203193,-0.024909265,-0.01790627,-0.057347763,-0.035747554,0.12012885,-0.029255657,0.005976732,0.06060723,-0.07028291,0.11289761,-0.032613233,-0.09882396,0.010351326,-0.012215579,-0.017281838,0.064332634,0.034765102
F9VMT6,-0.030096145,0.08843104,-0.010139286,0.00170682,-0.005645517,-0.012169644,-0.016955776,0.027860502,-0.016682098,0.023651516,0.06955486,0.011723137,0.09771863,0.026927957,-0.010778363,-0.022236379,-0.008333204,-0.066013716,-0.029291881,0.11274141,-0.042162646,-0.00548129,0.057968576,-0.052963763,0.10924593,-0.03810057,-0.09223401,0.006294752,-0.0017382447,-0.012898271,0.07367336,0.04393248
P0A903,-0.017093059,0.10188282,-0.009943112,-0.011049855,-0.0098077925,0.0027503988,-0.008548972,0.024879636,-0.030368516,0.00803565,0.0728263,0.0071624867,0.101751946,0.0133048445,-0.013421081,-0.019388422,-0.0055009616,-0.05655272,-0.04212435,0.11414817,-0.036654714,0.0134720905,0.031389546,-0.052447844,0.113438584,-0.028922407,-0.09839076,0.022931626,-0.0070574656,-0.017079772,0.07478085,0.02252216
P08240,-0.015268102,0.09430345,-0.010365742,-0.0073237144,-0.015497786,0.00014277983,-0.027458796,0.01863414,-0.004992681,0.021973113,0.07310924,0.011452022,0.10083115,0.039829202,-0.022776889,-0.030432811,0.0033227995,-0.0601249,-0.026541637,0.12517524,-0.043165673,0.00039046214,0.05351782,-0.06657269,0.10099044,-0.03292109,-0.08841611,0.010776389,-0.023918599,-0.03371951,0.072527386,0.035540726
P39743,-0.030198364,0.098853774,-0.0064749625,-0.0070812646,-0.0096768765,-0.01204195,-0.015044203,0.020448375,-0.027607039,0.004450703,0.067070924,0.020993356,0.099718995,0.0070169307,-0.016608942,-0.016869556,0.0014737056,-0.0553256,-0.04039427,0.11364772,-0.029882196,0.0119714,0.033348918,-0.039536525,0.11333141,-0.025977084,-0.094323255,0.014441827,-0.0017010886,-0.012497694,0.073763914,0.021608032
Q04439,-0.024522465,0.099933185,-0.0053225053,0.0035272664,-0.012783811,-0.009686001,-0.015698703,0.020602632,-0.039006505,0.0056332606,0.06735359,0.012983759,0.10600097,0.007970901,-0.017813986,-0.022073062,-0.008448856,-0.05958621,-0.04190176,0.1070015,-0.033274464,0.01205008,0.034928743,-0.054937907,0.11167769,-0.030000944,-0.093708016,0.012237399,-0.0011699449,-0.008460728,0.0671636,0.02563764
P08700,-0.026360726,0.09941552,-0.020621052,-0.00800596,-0.010435204,0.0076635443,-0.01776279,0.03741514,-0.015274664,0.0044392124,0.06128605,0.0163876,0.10667992,0.018972695,-0.008710755,-0.026349584,-0.0010014616,-0.05363228,-0.029947365,0.10992875,-0.037754446,0.0019370988,0.054080963,-0.05785469,0.11124526,-0.031007677,-0.0980697,0.020683335,-0.014591371,-0.01813907,0.067579396,0.040807158
P14324,-0.01165017,0.09322862,-0.012541485,-0.006588197,-0.017369494,-0.013213947,-0.014579905,0.028528983,-0.022147125,0.007206918,0.07008293,0.025682777,0.104420386,0.019001376,-0.0050263437,-0.030585568,-0.017907988,-0.06363792,-0.03221017,0.12701313,-0.04438997,-0.0025724086,0.052130114,-0.057627477,0.10887563,-0.03348286,-0.09849481,0.008832537,-0.00939641,-0.018295178,0.055027734,0.038044885
O14717,-0.023435319,0.10305992,-0.0027634099,-0.0065577794,-0.012661933,-0.0065689743,-0.013657488,0.037248954,-0.023577621,0.0060080127,0.06943532,0.015667373,0.09633417,0.017938683,-0.0007463458,-0.02797995,0.0006156133,-0.06501384,-0.03555434,0.120624274,-0.029526636,0.005168576,0.046122104,-0.052006256,0.118082345,-0.01853037,-0.09007212,0.013700065,-0.018418508,-0.009074646,0.07159687,0.029690484
O43765,-0.0195374,0.10740277,-0.013600315,-0.005381073,-0.01782507,-0.013297308,-0.013688141,0.032063298,-0.026873823,0.011040319,0.062156618,0.024408353,0.10298192,0.023550741,-0.010562756,-0.022803096,-0.005118383,-0.054146685,-0.021208443,0.115010984,-0.025630541,0.004450286,0.049471054,-0.057323456,0.1079245,-0.022268621,-0.105128676,0.0068086884,-0.016196117,-0.017741399,0.07127981,0.0322164
P46587,-0.011004397,0.09967206,-0.023491971,-0.010466922,-0.015620828,-0.011776398,-0.018160066,0.027409414,-0.030365728,0.008099018,0.066078864,0.009036478,0.10048241,0.026117407,-0.01276349,-0.025906043,-0.0004579265,-0.069850214,-0.026556578,0.12050988,-0.045022,-0.0041316426,0.03272105,-0.04806189,0.111607224,-0.015501418,-0.098721355,0.013081351,-0.019823287,-0.012037532,0.07109978,0.053335626
P06106,-0.023164317,0.11409853,-0.010985413,-0.0035297412,-0.011917347,-0.004314556,-0.0030975316,0.034789886,-0.023873707,0.007504765,0.0639474,0.020645346,0.102067485,0.02460404,0.004010946,-0.011597009,-0.0062779346,-0.04529902,-0.022247044,0.10255839,-0.022354204,0.00028068732,0.05573141,-0.06052765,0.10669689,-0.028715381,-0.09908335,0.015455653,-0.023960918,-0.022032471,0.067585744,0.03407542
P27986,-0.015496962,0.10687661,-0.014939868,-0.00753536,-0.016310973,-0.016963933,-0.019154629,0.030910991,-0.021972721,0.0047309585,0.06715901,0.028284235,0.095029436,0.026247157,-0.011211977,-0.0294853,-0.0037775931,-0.05923054,-0.032174375,0.11496056,-0.029590312,0.007800163,0.05148177,-0.05968531,0.11092692,-0.028140504,-0.10148363,0.0076695625,-0.010322243,-0.015630322,0.06885235,0.035819896
O74966,-0.041321103,0.08871544,-0.018547736,0.0032668144,-0.004687672,0.0026355104,-0.036864515,0.027342854,-0.0190105,0.010823644,0.06045189,-0.0048350883,0.10376372,0.0051288614,-0.022206405,-0.039425656,-0.009811086,-0.065732986,-0.037787933,0.12021353,-0.041506518,-0.0052399877,0.04848369,-0.060788497,0.11728094,-0.03835761,-0.09157026,0.0027695813,0.0005502415,-0.018653428,0.0841949,0.04056048
P27695,-0.02067633,0.107620746,-0.012050787,-0.0061116344,-0.015131964,-0.007483346,-0.005811226,0.032019526,-0.027325029,0.006873816,0.06889698,0.02073743,0.10161635,0.01445336,-0.004162913,-0.02547719,-0.0027731077,-0.058438417,-0.036331072,0.11859964,-0.025338564,0.009382995,0.046950813,-0.051941432,0.114483766,-0.027416905,-0.09443269,0.016162746,-0.013727515,-0.016628452,0.06569142,0.031277124
P0AA37,-0.027287716,0.09181313,-0.019723818,-0.0005286457,-0.0108764125,-0.00030448678,-0.022773933,0.019169185,-0.025030056,0.012458632,0.07009949,-0.00039930773,0.093501545,0.005861432,-0.011522963,-0.02549102,-0.01427494,-0.07921109,-0.046498053,0.12527317,-0.04906291,-0.0049508293,0.026609886,-0.046742164,0.12042735,-0.02086205,-0.09002067,0.01269958,-0.0006441247,-0.008110158,0.07580285,0.053045012
O75886,-0.024664477,0.09186723,-0.014203965,-0.008332927,-0.009275586,-0.011020699,-0.011058594,0.027615769,-0.022544926,0.014008626,0.0647322,0.009682709,0.09972606,0.0151324505,-0.0071338317,-0.02638995,-0.0094371885,-0.07048425,-0.03128131,0.12171198,-0.032967146,0.0088419095,0.04035713,-0.04995126,0.117546,-0.016593648,-0.09568763,0.0058216676,-0.02023244,-0.010892871,0.064702325,0.045427132
P30575,-0.018661357,0.102748394,-0.016441913,0.0032031895,-0.016386453,-0.0045430562,-0.010661071,0.029420327,-0.034415238,0.0064419983,0.06649375,0.014982748,0.10021653,0.010449474,-0.012107459,-0.01951508,-0.0008750323,-0.05840482,-0.026624503,0.112781554,-0.030385125,0.0034778474,0.04182322,-0.05390394,0.1072027,-0.024906905,-0.09771745,0.020887328,-0.01287191,-0.014548624,0.06924955,0.030898452
P31658,-0.01946374,0.10619581,-0.013475102,-0.0053587253,-0.012213708,-0.013820202,-0.01243793,0.03569443,-0.01931838,0.010581703,0.07358485,0.029639501,0.09654508,0.025131123,-0.0045831692,-0.021739421,-0.006927502,-0.05335287,-0.030656435,0.11808574,-0.026660597,0.013469096,0.036445893,-0.04298776,0.119138405,-0.024047548,-0.09347775,0.011587924,-0.0069444585,-0.014920167,0.06404621,0.031426683
P05219,-0.029679371,0.08503702,-0.019314794,-0.010554886,-0.013306777,-0.009909485,-0.028064847,0.020834278,-0.023071136,0.014151929,0.06244207,0.00087988295,0.09341071,0.011920068,-0.017859781,-0.03141431,-0.003563073,-0.076181516,-0.038036644,0.12783228,-0.038858805,-0.013403553,0.040474795,-0.04567159,0.11729655,-0.019026099,-0.10238133,0.0070710704,-0.0037751747,-0.012971776,0.07214581,0.05690168
P35846,-0.022383427,0.10875992,-0.016104076,-0.006040684,-0.008998947,-0.0059680142,-0.009389606,0.03223423,-0.024530806,0.015028883,0.06739669,0.023000866,0.09214918,0.022131398,-4.8840535e-05,-0.027910002,-0.00019185396,-0.061280765,-0.030674921,0.11705544,-0.030339729,0.010375072,0.043426257,-0.04831775,0.10974473,-0.02805558,-0.09812194,0.016413216,-0.014825755,-0.01974335,0.06391413,0.03290472
P05122,-0.011444794,0.09948315,-0.01475703,-0.0073307394,-0.01968697,-0.00832268,-0.022653624,0.03092001,-0.02588721,-0.00084108894,0.06763194,0.017290832,0.10626586,0.021829674,-0.0100777345,-0.037327856,-0.0029879261,-0.0620432,-0.023130327,0.11954061,-0.035102636,-0.0035753301,0.047683597,-0.06441404,0.111338735,-0.030772204,-0.10657424,0.011590597,-0.012295897,-0.020711018,0.06339358,0.03413374
O00451,-0.03591036,0.10575738,-0.01802837,-0.018052794,-0.00787813,-0.011088683,-0.016924107,0.040151186,-0.03940712,0.020319061,0.0575899,0.010328694,0.1023312,0.030744277,-0.014218359,-0.0264981,-2.1250298e-05,-0.051164437,-0.020396793,0.10858882,-0.033910025,0.00074197416,0.044476837,-0.048584376,0.11008189,-0.024677284,-0.1015572,0.007549679,-0.014946691,-0.015640823,0.06894378,0.048155904
P18054,-0.021602036,0.10597708,-0.008981135,-0.0026060794,-0.014069249,-0.0133520225,-0.0039313384,0.032914195,-0.02873115,0.01644691,0.069308706,0.024603868,0.09597343,0.024232846,-0.008152984,-0.017900484,-0.0033635546,-0.048623763,-0.02261279,0.11143251,-0.019550746,0.0069347136,0.050782934,-0.05555101,0.10874382,-0.03176896,-0.10153272,0.009133745,-0.018793326,-0.022961648,0.06844968,0.026758622
P23568,-0.017615335,0.09291305,-0.008377827,-0.007116909,-0.011674778,-0.012388242,-0.02699902,0.030966843,-0.023445956,0.011728011,0.07096663,0.0116495555,0.08756906,0.02007834,-0.018795736,-0.03178864,-0.0076852078,-0.065008685,-0.028801605,0.12395085,-0.04622697,0.012951928,0.03291767,-0.046553664,0.0989991,-0.02569373,-0.08891462,0.008509036,-0.004496577,-0.014787091,0.06856708,0.02230359
B2RXH2,-0.018158821,0.122130476,-0.0097727245,-0.0030103214,-0.022669414,-0.01099003,-0.0036057401,0.025130004,-0.030337488,-0.0024330914,0.06449214,0.029660136,0.106487215,0.017005922,0.0020447162,-0.008466783,-0.0049058413,-0.051355813,-0.03487798,0.11286974,-0.006558442,0.008040578,0.06436694,-0.061904255,0.098362766,-0.025365025,-0.10699657,0.014889321,-0.025371885,-0.019930987,0.06537465,0.02998887
P12004,-0.020885296,0.105978414,-0.008040822,-0.008246263,-0.015943035,-0.0147888865,-0.016185954,0.029526453,-0.026005829,0.0047620027,0.06820993,0.023987768,0.09580669,0.017576668,-0.009030106,-0.025429385,-0.00258571,-0.061401248,-0.03881557,0.11826211,-0.026264375,0.008708162,0.048330333,-0.052456617,0.11376167,-0.024265168,-0.09643488,0.011383744,-0.0046421587,-0.011334872,0.07157187,0.027814778
Q05513,-0.017792922,0.09959857,-0.018381342,-0.007640579,-0.011594624,-0.010460369,-0.017418867,0.032719627,-0.023857415,0.013777804,0.0631825,0.01662846,0.093438745,0.01992838,-0.011445514,-0.030573245,-0.004517802,-0.06467036,-0.029887833,0.11821438,-0.036467444,0.004641566,0.04635503,-0.053409684,0.1107867,-0.020866843,-0.10134139,0.008847317,-0.0115254875,-0.01949261,0.06389255,0.03872764
P00358,-0.018972926,0.092955515,-0.013559583,-0.007250179,-0.018133827,-0.005412848,-0.01462594,0.023281394,-0.035957158,0.011384205,0.06943179,0.011522374,0.104253955,0.008986707,-0.017007051,-0.027881753,-0.0070955874,-0.06217176,-0.034423977,0.12306016,-0.03326866,0.0057634115,0.04815508,-0.054607436,0.10689445,-0.033665016,-0.09736741,0.015229229,-0.008367217,-0.02177561,0.066541724,0.029589856
P0AES9,-0.037124477,0.109126605,-0.005079315,-0.009388686,-0.011146153,-0.00583604,-0.017418323,0.035482425,-0.032005254,-0.004310703,0.069911726,0.015539936,0.10031057,0.010193193,-0.0052091936,-0.023755243,0.00058087317,-0.04826989,-0.043092787,0.10677689,-0.019011557,0.018437281,0.045353834,-0.05053819,0.1129535,-0.030991593,-0.09255307,0.016920457,-0.0031260352,-0.008412173,0.07292303,0.024548454
H2B3G5,-0.020086631,0.1183669,-0.015897429,-0.007134091,-0.014884988,0.015000327,-0.018559376,0.055821285,0.0032545235,-0.018316863,0.062403396,0.033038504,0.10945675,0.031499185,0.010377295,-0.0104222065,-0.0054694014,-0.036511697,-0.010568469,0.10163241,-0.021180343,-0.00039023155,0.06897318,-0.073589385,0.10489702,-0.02654127,-0.1042013,0.016558122,-0.03531012,-0.017990723,0.07040048,0.027773213
P68036,-0.029929526,0.1026742,-0.00800501,-0.0043809023,-0.0109075615,-0.006857038,-0.016018825,0.03175906,-0.020782055,0.012885829,0.067877844,0.015244898,0.095234305,0.014388391,-0.011670812,-0.022917176,-0.009614442,-0.059347674,-0.04088607,0.11996489,-0.03082812,0.0029328803,0.046318714,-0.053572726,0.11674342,-0.027314512,-0.094833374,0.014327266,0.0017300819,-0.011665833,0.074671105,0.033225384
O75888,-0.03195564,0.09974585,-0.019222455,-0.01422293,-0.014861379,-0.008177103,-0.016175115,0.03785608,-0.022451628,0.01107558,0.052531175,0.027130917,0.105764285,0.024326947,-0.011597613,-0.03321646,-0.005499075,-0.05215607,-0.019229917,0.11717552,-0.031632118,0.0031364537,0.050620273,-0.053318065,0.11229512,-0.026369408,-0.103064284,0.005103437,-0.018909696,-0.018188983,0.056321766,0.042758398
P01160,-0.02300471,0.11067688,-0.014552965,-6.722365e-05,-0.012991532,-0.0058982186,-0.0064641316,0.035732515,-0.023570433,0.009678121,0.06199621,0.019320438,0.09498405,0.013247313,-0.0013117049,-0.019598516,-0.0068370975,-0.05844984,-0.031805325,0.115522124,-0.026953164,0.0034087803,0.04845642,-0.0518464,0.111813694,-0.020257436,-0.09441062,0.018490698,-0.012231492,-0.014171655,0.06929015,0.03413107
P01594,-0.0134215625,0.11711099,-0.016054567,-0.033263322,-0.02238304,-0.014645184,-0.015735114,0.051796686,-0.011070016,-0.007478749,0.058634896,0.042623024,0.105787806,0.036912188,-0.0011256728,-0.02917475,-0.013192349,-0.04663615,-0.015784895,0.12164545,-0.028445037,-0.0003389828,0.049082175,-0.056963254,0.11767292,-0.017880745,-0.10822209,0.008617456,-0.01600427,-0.0051225363,0.06623757,0.038525186
P06993,-0.008602907,0.12022688,-0.0077557825,-0.019483516,-0.023102555,0.0031572962,-0.0060857357,0.023409938,-0.023476252,-0.013000374,0.07085171,0.016747672,0.10967251,0.012599818,-0.005729448,-0.015762053,-0.007386606,-0.059336875,-0.04137722,0.123510264,-0.03318094,0.011369962,0.044392943,-0.06149926,0.106569916,-0.025716808,-0.090312034,0.030630339,-0.01994225,-0.021498559,0.0804128,0.020234117
Q8DTS9,-0.01887521,0.10644772,-0.012989151,-0.004584418,-0.013167788,0.00031890813,-0.0045723813,0.028894508,-0.021938995,0.004681875,0.061841827,0.019109625,0.11080138,0.01660049,-0.0016136013,-0.02535234,-0.0027533341,-0.061553698,-0.026951993,0.11750927,-0.027272249,0.009451351,0.050795935,-0.0615317,0.110696,-0.024755407,-0.09551552,0.017542,-0.034054853,-0.01809929,0.062008433,0.034343593
P00533,-0.024297103,0.10262498,-0.008929535,-0.0042333636,-0.01461113,-0.012562253,-0.014068527,0.028653795,-0.02723649,0.007853002,0.066533856,0.022967618,0.09904371,0.017476568,-0.013532916,-0.022470927,-0.0033593469,-0.054820858,-0.031789362,0.112477876,-0.027635206,0.0077022635,0.047503192,-0.054632664,0.11174744,-0.028826842,-0.09958943,0.009757846,-0.008693923,-0.018472461,0.069265135,0.02802
Q8WZ42,-0.0199961,0.11653013,-0.008474998,-0.0048491256,-0.013210427,-0.00939846,-0.006478034,0.037671585,-0.02417977,0.005545441,0.07035312,0.03092143,0.09463909,0.022826,-0.0014391013,-0.020008117,-0.0040786304,-0.04941994,-0.03593821,0.11071506,-0.023145843,0.012616114,0.051314663,-0.056673847,0.111893535,-0.029847566,-0.09921951,0.0150579605,-0.011115135,-0.019293444,0.065218665,0.025262386
P12318,-0.0123952245,0.094978176,-0.012197623,-0.013641061,-0.024135288,-0.036659565,-0.02324862,0.038213268,-0.022666825,0.01635741,0.06283057,0.036254354,0.08189094,0.037028953,-0.0145855015,-0.034237362,-0.0028964663,-0.069993414,-0.014253147,0.13355172,-0.02846935,-0.0042443937,0.033438656,-0.03129264,0.110725075,-0.010385681,-0.10923545,0.0012002718,-0.0057284944,-0.006078368,0.05331532,0.043487545
P06907,-0.010889673,0.088538654,-0.00480519,-0.008576121,-0.022501783,-0.036232308,-0.010830249,0.017355924,-0.019171838,0.020996062,0.06622084,0.017594254,0.09001992,0.028469743,-0.020184813,-0.026655132,-0.013125035,-0.06534867,-0.013308761,0.1356526,-0.037612088,-0.002181593,0.04287557,-0.045111533,0.097444266,-0.023313457,-0.09070787,-0.0052973623,-0.024739511,-0.035899594,0.057142187,0.036225382
O15305,-0.020577926,0.11506894,-0.009333338,-0.013982247,-0.02195286,-0.013197193,-0.0034090811,0.04058979,-0.028518744,-0.008132246,0.061916377,0.0399739,0.101870865,0.014254509,0.0034438944,-0.02457961,-0.010754874,-0.054941878,-0.03762056,0.12355366,-0.019301172,0.015172336,0.05956924,-0.05597863,0.11501149,-0.027483774,-0.094738916,0.015243328,-0.013042708,-0.009335608,0.059396368,0.023519058
P14550,-0.005874009,0.12126768,-0.028535232,-0.004948821,-0.009095026,0.002384615,0.008441671,0.028412146,-0.014306037,0.012468533,0.06868456,0.027273698,0.103239976,0.024482837,0.013342442,-0.010056359,-0.0027258433,-0.055291656,-0.016457353,0.10243773,-0.035834122,0.009873472,0.0477827,-0.059871428,0.10405491,-0.017363785,-0.09865255,0.02078076,-0.03360926,-0.03050223,0.06381618,0.039591976
P67870,-0.021855237,0.1079954,-0.014910204,-0.009263506,-0.012610263,-0.0065246182,-0.01126221,0.029616438,-0.019599574,0.0064267702,0.06487049,0.02449383,0.10182793,0.017982038,-0.007064121,-0.0228148,-0.0015423971,-0.054521665,-0.030260436,0.11470885,-0.02893722,0.009745673,0.048811015,-0.052941933,0.10816203,-0.027390262,-0.09717796,0.0144391665,-0.014460064,-0.020141747,0.06939628,0.029442076
P28482,-0.02172832,0.1082845,-0.012815941,-0.008910617,-0.013076644,-0.008925498,-0.01347167,0.029640276,-0.025985552,0.0063984278,0.06435443,0.02280261,0.09797194,0.017392166,-0.009241847,-0.02385554,-0.002384966,-0.056989554,-0.034939297,0.11117459,-0.028906919,0.011028966,0.050515257,-0.057251148,0.10806204,-0.024854535,-0.10326059,0.010896417,-0.011767869,-0.019800806,0.066923134,0.030235456
P09914,-0.022190966,0.09499971,-0.010635312,-0.0016255133,-0.011510216,-0.014716546,-0.021969723,0.035869032,-0.024583228,0.007480938,0.06675442,0.014941067,0.09898896,0.020005284,-0.012623942,-0.028062979,-0.0047965036,-0.060757745,-0.029435897,0.11854411,-0.029079348,0.0052636988,0.04983447,-0.05131552,0.11754457,-0.02687075,-0.09010925,0.0058756643,-0.008179282,-0.012929559,0.07347114,0.028343188
Q7Z3B3,-0.019491741,0.10483844,-0.0054365047,-0.0093303025,-0.02332935,-0.013350487,-0.0141869355,0.022532376,-0.033938937,0.0032835903,0.06830553,0.016339753,0.10161674,0.018380126,-0.009440447,-0.030137328,-0.0026987393,-0.05717655,-0.0346634,0.12047652,-0.024556845,-0.00014286781,0.048645698,-0.0603531,0.10572458,-0.02937485,-0.10044004,0.010421242,-0.016469542,-0.024317179,0.054588694,0.03513405
O95868,-0.016719034,0.10084082,-0.015350351,-0.034579236,-0.021552805,-0.02245499,-0.023025632,0.049500067,-0.019163337,-0.0014742734,0.05969122,0.03442599,0.09958826,0.034961,-0.003981226,-0.035131916,-0.012837514,-0.058859,-0.019049078,0.12520337,-0.03326074,-0.008849957,0.047436792,-0.053374097,0.12470933,-0.012862997,-0.106278405,0.00041288324,-0.011556624,0.0076844525,0.06807123,0.049742565
E7EZF3,-0.024378333,0.113615684,-0.014540175,-0.0062068556,-0.013542595,-0.0036718235,-0.010194911,0.027071977,-0.0376952,0.0017218306,0.066081114,0.0162843,0.10183781,0.0071049174,-0.0013717378,-0.027858373,-0.004919254,-0.06317626,-0.05030241,0.11285851,-0.02472108,0.012703316,0.04809451,-0.06025803,0.11573602,-0.026911778,-0.09885824,0.015669832,-0.0064134304,-0.01016612,0.06683003,0.0344276
Q16659,-0.033480752,0.09631618,-0.01731666,-0.014535454,-0.017976554,-0.020444177,-0.011917028,0.037557248,-0.021405093,0.01247261,0.054907735,0.029296106,0.098187715,0.02745156,-0.014391786,-0.026240831,-0.010703822,-0.04491091,-0.0118487505,0.11889086,-0.027152786,0.0034844882,0.052712083,-0.049473073,0.106041014,-0.028761327,-0.1062938,-0.0033800472,-0.019542783,-0.028205356,0.05137551,0.04330944
O14526,-0.01490136,0.10139066,-0.013779425,-0.015837543,-0.014138333,-0.016508577,-0.014324356,0.036465324,-0.01310115,0.010448554,0.06778417,0.02848743,0.09483892,0.028550386,-0.0048852,-0.025855102,-0.00840249,-0.057783622,-0.022015475,0.12006426,-0.02993516,0.0068815723,0.054282986,-0.054360066,0.10831429,-0.023922464,-0.10429213,0.0021271585,-0.0127388425,-0.021409167,0.06391092,0.032110848
P14099,-0.026678301,0.11768755,-0.012619715,-0.016082775,-0.0039911414,-0.0058444333,0.009778862,0.030336915,-0.032244097,0.014173586,0.06499827,0.0231192,0.10468516,0.018521598,-0.0052657267,-0.015624716,0.0029653972,-0.044103794,-0.039032273,0.10082658,-0.029818274,0.00811973,0.052623685,-0.060005914,0.11650424,-0.029955834,-0.11043857,0.014229714,-0.025950212,-0.034777455,0.062027067,0.04005453
Q9CW03,-0.022128357,0.11489849,-0.015798585,-0.0067528696,-0.015515089,-0.0063923346,-0.01538631,0.03440316,-0.020524796,0.0059566996,0.06425435,0.029327411,0.09542329,0.018899953,-0.0060266485,-0.025816578,-0.0045289146,-0.049959473,-0.029552426,0.11304201,-0.024852414,-0.00062073255,0.053241182,-0.06264658,0.11167495,-0.029957041,-0.10548855,0.012236874,-0.008896808,-0.021453373,0.072332054,0.031110952
P02585,-0.022857135,0.0847652,-0.022473441,0.009240847,-0.0031759182,-0.0044438066,-0.035192244,0.024601277,-0.0199383,0.021724563,0.059081573,-0.00064391596,0.09350305,0.016706485,-0.028199673,-0.033527404,-0.017774642,-0.074504204,-0.031266805,0.116951756,-0.054167353,-0.004200868,0.042130433,-0.061695874,0.10341273,-0.034581766,-0.10254041,0.00848499,0.011821349,-0.0067051603,0.07771591,0.040167227
O54983,-0.021199059,0.094261736,-0.012078773,-0.0053492743,-0.0284657,-0.009370057,-0.016006038,0.022090945,-0.038929816,0.0054925494,0.06308841,0.014025936,0.10621537,0.012243287,-0.015229863,-0.024086293,-0.0033645565,-0.059576776,-0.023970362,0.12308905,-0.024808832,0.0012936817,0.056050133,-0.05707076,0.10165098,-0.028206436,-0.09418492,0.01366428,-0.0132437255,-0.025585117,0.060863674,0.028136611
Q9H6Y7,-0.024430526,0.10312329,-0.010775784,0.00056873437,-0.012768685,-0.0114329085,-0.010371772,0.03451008,-0.025009274,0.011864886,0.066052295,0.0245658,0.09464178,0.011313629,-0.01281685,-0.033213504,-0.0067379316,-0.059654456,-0.036373522,0.11635546,-0.027362494,0.016426278,0.053396832,-0.05438814,0.1092537,-0.036041144,-0.0982489,0.009969228,-0.00598375,-0.023295408,0.06300669,0.024575785
P01704,-0.012271545,0.10373086,-0.030220192,-0.022515215,-0.024212014,-0.020857466,-0.021579988,0.050613187,-0.013790965,0.003444842,0.054762475,0.038572904,0.09722348,0.044556014,-0.0014852909,-0.030135453,-0.015654678,-0.055429548,9.950204e-05,0.1282072,-0.032606635,-0.015737765,0.04642686,-0.05207219,0.118731275,-0.01181611,-0.10906679,0.00041749142,-0.02424964,-0.009148467,0.052791674,0.06140968
O48737,-0.017072456,0.10875379,-0.017197235,0.0038384614,-0.005869788,-0.0050774375,-0.01695579,0.022578802,-0.020234663,0.011407912,0.072203934,0.006422716,0.09892559,0.013390616,-0.0053149075,-0.031231878,-0.00781321,-0.068950295,-0.04545226,0.11992179,-0.03723704,0.011539873,0.044535395,-0.058239453,0.10980384,-0.030543689,-0.08637531,0.013669172,-0.007532604,-0.021611242,0.071468405,0.035817176
O24146,-0.016363535,0.11178919,-0.0143262455,-0.0007665841,-0.0033268693,-0.016506018,-0.009738749,0.027805239,-0.018219559,0.019110527,0.0702479,0.020084532,0.09517845,0.033716846,-0.016890733,-0.01181481,-0.00063354726,-0.061182532,-0.04051574,0.11522228,-0.03709334,0.014258383,0.044103928,-0.047004897,0.10948883,-0.023820268,-0.09523039,0.011846169,-0.01636648,-0.020721722,0.07719745,0.039899044
Q9JL25,0.003824938,0.094633915,-0.035189856,-0.0036592176,-0.011285194,-0.028929539,-0.032004714,0.0452236,-0.03136423,0.0138528785,0.054312862,0.023537453,0.08651154,0.041256182,-0.024908673,-0.037733696,-0.0038744528,-0.06845448,-0.004421806,0.11968573,-0.04431445,-0.01543228,0.03992603,-0.060267262,0.1185866,-0.012583166,-0.11751181,0.0042406423,-0.018285312,-0.0044365823,0.06946659,0.05574901
P40054,-0.004928036,0.15241669,-0.011314069,-0.008879489,-0.011681276,-0.014907655,0.013904654,0.054556716,-0.02230917,-0.022730103,0.071693994,0.07107376,0.10261575,0.027792009,0.019941011,-0.0123280585,0.0041283774,-0.032469425,-0.045431305,0.093928844,-0.0034661654,0.038085435,0.08264717,-0.07020542,0.108093806,-0.04319209,-0.1023007,0.036119644,-0.008761698,-0.0047087935,0.06492568,0.0042156205
Q07637,-0.0060827187,0.10488403,-0.021864578,0.013510422,-0.017592492,0.0025824986,-0.009561819,0.02548416,-0.036413256,0.0068375818,0.06997061,0.015494071,0.09683329,0.011143275,-0.014713534,-0.015725609,-0.0038308622,-0.057232216,-0.025986515,0.10734707,-0.0385376,0.008172593,0.049652297,-0.06907394,0.09754076,-0.032818362,-0.09700235,0.024529062,-0.015457377,-0.028558856,0.06987039,0.021861754
O33983,0.006283356,0.105298534,-0.02808233,0.01075682,-0.013394145,-0.005780395,-0.014141319,0.019912722,-0.03737905,-0.0020301891,0.057240836,0.025279447,0.09311578,0.017062545,-0.011417998,-0.012372183,-0.015873924,-0.073023856,-0.03513454,0.10669776,-0.05096627,0.0068072854,0.05250959,-0.06573886,0.10064784,-0.032518484,-0.09790283,0.020816455,-0.013563538,-0.019511517,0.07063283,0.024878819
O50202,-0.034885976,0.09126591,-0.0039544776,-0.011422582,-0.010596277,-0.0061316504,-0.013587963,0.020903315,-0.013818838,0.016748428,0.057746813,0.021884635,0.09185769,-0.012841768,-0.014161857,-0.038042765,-0.013301779,-0.057284027,-0.037157103,0.12168555,-0.03483291,0.0041059568,0.038063224,-0.045494795,0.10897319,-0.025107546,-0.10559222,0.0032660924,0.006664059,-0.033183187,0.050900307,0.015495275
P14907,-0.02192011,0.106186576,-0.019314643,-0.012002368,-0.010381495,0.0043908954,-0.0031800698,0.02829144,-0.016565435,0.01657863,0.06786517,0.012392883,0.100535594,0.01935064,0.0003524533,-0.020745212,-0.005934833,-0.05454422,-0.026136585,0.11378789,-0.033606093,-0.0003495952,0.0469979,-0.06140669,0.11196354,-0.022316528,-0.09940427,0.017057767,-0.028220756,-0.030218357,0.062401492,0.047620744
P0DJL7,-0.0059969304,0.13117683,-0.011170128,-0.018018113,-0.008553918,-0.017061422,-0.00033544283,0.03170573,-0.017254168,-0.007916494,0.06223024,0.054744877,0.116660416,0.021933585,-0.0013867039,-0.020999167,0.0023528193,-0.047595207,-0.029322255,0.101155594,-0.02434403,0.034393433,0.052620262,-0.057072707,0.111656286,-0.028097138,-0.10627395,0.021961652,-0.012174309,-0.0173069,0.07918559,0.0046652462
O75792,-0.020548245,0.11051454,-0.007354101,-0.003773767,-0.01491102,-0.0006019231,0.0032586416,0.034296375,-0.02990295,0.0066920007,0.06973237,0.016221546,0.10433385,0.013834914,-0.002347323,-0.018765181,-0.0065152626,-0.052452832,-0.035778463,0.11641808,-0.029395359,0.0015363474,0.05014602,-0.061734285,0.11176392,-0.030684397,-0.09650307,0.023276173,-0.018669104,-0.018312743,0.06273359,0.03191895
P41911,-0.014517617,0.07548669,-0.011022125,0.0062107914,-0.03242269,-0.0049406076,-0.019901676,0.0145712765,-0.04561766,0.017613828,0.06996123,0.00042594597,0.098079614,0.010119161,-0.022040928,-0.018685969,-0.010502358,-0.07266501,-0.01992829,0.12808262,-0.037244823,-0.016655318,0.042824414,-0.056907367,0.10099896,-0.024666592,-0.093774416,0.01961869,-0.014266222,-0.016216865,0.06682929,0.039790746
P09913,-0.015216693,0.10324579,-0.015236863,-0.011617725,-0.018898819,-0.008977704,-0.019777922,0.038117338,-0.02287348,-0.0011072728,0.063201435,0.025204023,0.09547524,0.015887888,-0.0035674588,-0.037015464,-0.012836071,-0.0705923,-0.04286496,0.13268574,-0.03551129,0.0035518247,0.05765226,-0.060746223,0.12372042,-0.024462018,-0.08857081,0.014346731,-0.007527709,-0.010071611,0.068073526,0.034976143
P00423,-0.027387004,0.10736095,-0.015458493,0.013276586,-0.0096480455,-0.008080327,-0.005914258,0.0358691,-0.04334949,-0.004616008,0.07541099,0.015669722,0.113706045,0.021007108,-0.012949172,-0.014973477,0.018767143,-0.037453532,-0.024312407,0.0969052,-0.015152706,0.028935393,0.062417075,-0.06448701,0.09475744,-0.04644096,-0.109413534,0.016968787,-0.008979233,-0.021717358,0.065292686,0.011013772
Q8TBC4,-0.023777883,0.10171679,-0.009057304,-0.0074330554,-0.022087662,-0.0070667444,-0.02320884,0.029622298,-0.026416356,0.0031831244,0.06925616,0.012236887,0.09412896,0.015103722,-0.010223011,-0.03110847,-0.012437732,-0.067663774,-0.042065814,0.12288566,-0.034973368,-0.0024225113,0.04173022,-0.057692584,0.11447995,-0.024000647,-0.09763167,0.013467532,0.0010625841,-0.008121988,0.06820676,0.04281011
O00182,-0.032066513,0.10103945,-0.01113955,-0.008437034,-0.011981797,-0.0061498564,-0.014206908,0.028672216,-0.030720828,0.011818476,0.064264916,0.010010098,0.09724245,0.009784778,-0.010504438,-0.025973132,-0.0050140806,-0.060368456,-0.035133127,0.11756511,-0.02886521,0.0037979048,0.040975545,-0.050230306,0.1138951,-0.023672864,-0.09941219,0.012696261,-0.009047688,-0.017641496,0.06781705,0.036755834
P14902,-0.028465772,0.10017375,-0.011434783,0.0011849348,-0.013287522,-0.0043591475,-0.02713175,0.036760397,-0.024872055,0.014029193,0.06313593,0.004569892,0.09137052,0.0120504955,-0.021685185,-0.036053766,-0.005928118,-0.063100286,-0.032017153,0.11930933,-0.032453123,0.006566735,0.045016844,-0.055652644,0.10102347,-0.027184086,-0.10297831,0.011974187,0.0022423964,-0.01859602,0.06915939,0.029208304
O95257,-0.012216957,0.11339118,-0.014938617,-0.0052519105,-0.012664448,-0.017572878,-0.0072943917,0.029989455,-0.025927821,0.0019611293,0.059530772,0.03892957,0.099013604,0.01978797,0.0014201477,-0.024241561,0.002874915,-0.065401256,-0.028441563,0.113159396,-0.022310674,0.021576691,0.06287528,-0.057410054,0.10568883,-0.023067182,-0.09770571,0.01456297,-0.021308972,-0.013308783,0.06905788,0.020776045
P21266,-0.02485079,0.111005776,-0.0077086654,-0.009209313,-0.012892147,-0.0063912696,-0.014509279,0.035077,-0.02481875,0.0034973065,0.061400488,0.021177264,0.10382991,0.010280854,-0.012688809,-0.026473604,-0.009322538,-0.05642736,-0.037779395,0.11417023,-0.026100602,0.017239992,0.04925019,-0.057451863,0.11179476,-0.025683643,-0.09947957,0.013047714,-0.0012485354,-0.013225226,0.07516234,0.017442094
Q8N165,-0.019217052,0.12156515,0.0007801242,-0.012866974,-0.019587502,-0.014879914,0.024788808,0.041436113,-0.019203048,0.0075528994,0.07457902,0.038687974,0.09954301,0.032767273,0.027073666,0.0054773837,0.0033249916,-0.023815913,0.0012391936,0.106732875,0.008386392,0.0012633927,0.07452891,-0.061748326,0.09553562,-0.024108835,-0.10085088,0.01921417,-0.053502094,-0.033365153,0.04928513,0.024859006
P08169,-0.0086269975,0.122045636,-0.017716462,-0.017433772,-0.01933172,-0.018617503,-0.0010985486,0.04289891,-0.006255406,0.014994542,0.06821482,0.047347944,0.09138728,0.04014331,0.0007066928,-0.022284582,-0.0073883506,-0.047132052,-0.020900037,0.117325224,-0.022958573,0.00017606092,0.069220245,-0.065453105,0.11247233,-0.025909085,-0.11111374,-0.004430706,-0.022651691,-0.03394156,0.06783809,0.035734482
O75962,-0.014229843,0.121121146,-0.016233677,-0.006652713,-0.013935635,-0.01516266,0.0035966502,0.039930057,-0.021316415,-0.0003540516,0.06198764,0.042324603,0.102386996,0.019108975,0.0049470183,-0.023071565,-0.00520675,-0.049223956,-0.028021079,0.1130724,-0.01771121,0.018686162,0.067383945,-0.06089405,0.10797308,-0.033028968,-0.10154623,0.018487424,-0.014709905,-0.02127958,0.060443364,0.021281883
O00204,-0.016697597,0.10674428,-0.0149462195,-0.0056579225,-0.0077717416,-0.020485425,-0.009033979,0.02945876,-0.017863711,0.006897624,0.066371895,0.03607126,0.100313,0.020077461,-0.00714064,-0.019900905,-0.0012432496,-0.05774659,-0.031984817,0.1092313,-0.02843745,0.023590745,0.049373332,-0.04371205,0.10990248,-0.026095724,-0.09816832,0.004510704,-0.004724708,-0.0186217,0.067065254,0.019762276
Q9BYE9,-0.020005409,0.091522865,-0.01630993,0.00012970086,-0.012722005,-0.019742075,-0.009056224,0.019924672,-0.036470417,0.015435642,0.07147981,0.019644104,0.1019581,0.020506736,-0.0126723815,-0.022890696,-0.0010704444,-0.059406802,-0.028726863,0.11753336,-0.03305147,0.0011648687,0.039563242,-0.046832457,0.11284067,-0.034208648,-0.094068125,0.013480977,-0.009201067,-0.011683264,0.060232516,0.041236885
Q95017,-0.018237274,0.11349036,-0.010036411,-0.0008518759,-0.018717464,-0.011023217,-0.006144888,0.03823037,-0.025934517,0.010445373,0.06788645,0.027002117,0.09931054,0.021242438,-0.007817178,-0.02949119,-0.0009847281,-0.054320276,-0.03214521,0.11782026,-0.028262261,0.005185582,0.050896406,-0.051567715,0.10817926,-0.03299111,-0.09437441,0.019013401,-0.005532358,-0.018426437,0.0650546,0.02731212
Q15477,-0.031574022,0.103447184,-0.008473506,-0.0011469513,-0.015603853,-0.006140616,-0.013184747,0.042076312,-0.030183911,0.0025200131,0.06044542,0.022791285,0.096299425,-0.0037092709,-0.018980747,-0.036242098,-0.011362126,-0.05808568,-0.04290198,0.11939715,-0.026794735,0.011640583,0.047595743,-0.05294792,0.1167654,-0.03530659,-0.10513816,0.014684868,0.008333697,-0.0139943035,0.06895929,0.018581862
P00374,-0.020505626,0.11117211,-0.013204178,-0.0106561165,-0.0143147325,-0.013395109,-0.013688784,0.042589445,-0.02001023,0.0061243344,0.06711208,0.03258958,0.10043068,0.031234745,-0.00630759,-0.019218829,-0.0032180438,-0.050819185,-0.029162066,0.10840369,-0.025920006,0.016764568,0.058162875,-0.051350944,0.11127829,-0.026159255,-0.101707764,0.007014168,-0.0012028707,-0.018703446,0.06799143,0.024285857
O43464,-0.025015598,0.100895174,-0.007801493,-0.0055941097,-0.014399649,-0.01074205,-0.017789925,0.032077502,-0.02547635,0.007516433,0.06528304,0.019207127,0.100148916,0.01565047,-0.015591836,-0.027608484,-0.0035992828,-0.055220928,-0.03341775,0.1144256,-0.028553527,0.008251339,0.04810875,-0.05256216,0.112952076,-0.029288815,-0.095887974,0.011790001,-0.0039535286,-0.018407287,0.0704574,0.024961121
P01764,-0.012271545,0.10373086,-0.030220192,-0.022515215,-0.024212014,-0.020857466,-0.021579988,0.050613187,-0.013790965,0.003444842,0.054762475,0.038572904,0.09722348,0.044556014,-0.0014852909,-0.030135453,-0.015654678,-0.055429548,9.950204e-05,0.1282072,-0.032606635,-0.015737765,0.04642686,-0.05207219,0.118731275,-0.01181611,-0.10906679,0.00041749142,-0.02424964,-0.009148467,0.052791674,0.06140968
Q9HD42,-0.024730641,0.10250735,-0.013900181,-0.008922136,-0.010921892,-0.009963754,-0.016851934,0.031858046,-0.022187546,0.009926666,0.06021755,0.022217756,0.10123004,0.017483825,-0.0154463975,-0.030638283,-0.0046898234,-0.058777526,-0.029572766,0.11587866,-0.031497736,0.011045031,0.0493671,-0.053496398,0.10908596,-0.030644521,-0.103002295,0.008038747,-0.0087696025,-0.020326525,0.07020953,0.027593788
P27797,-0.024994653,0.10515676,-0.012846113,-0.002601672,-0.009816536,-0.005955286,-0.011369137,0.034037005,-0.026456295,0.010134125,0.06582797,0.019140257,0.098919764,0.016982589,-0.00982339,-0.023610301,-0.002817464,-0.054870028,-0.030893844,0.1118459,-0.02893756,0.009896146,0.048861418,-0.055887386,0.110356085,-0.029854491,-0.09914696,0.014775513,-0.012531851,-0.019510074,0.067412086,0.030042812
Q9K498,-0.02624376,0.09642606,-0.015572856,-0.0071075065,-0.014558257,-0.0062774397,-0.013670607,0.041870628,-0.0107933665,0.011134045,0.05992777,0.02321495,0.09746075,0.019379396,-0.01888078,-0.024612905,-0.0060016215,-0.054603647,-0.018879937,0.11428992,-0.03616895,0.009046539,0.03999437,-0.04298148,0.11581568,-0.017878894,-0.10109794,0.004629587,-0.020989308,-0.029344069,0.066976964,0.035311665
O95319,-0.025569597,0.10007386,-0.013973871,-0.0025531477,-0.0076065524,-0.004326324,-0.017335463,0.023098463,-0.019177513,0.0058542727,0.06587677,0.008270978,0.096228026,0.004424683,-0.003891653,-0.025627127,-0.009683774,-0.06984812,-0.04581704,0.120412536,-0.03795861,0.0008501981,0.05171489,-0.057555575,0.112948254,-0.025664717,-0.09120204,0.008607898,-0.0064822636,-0.017546497,0.0729375,0.03623446
O09118,-0.032932058,0.10435778,-0.0059508,0.005260914,-0.005283204,-0.017912293,-0.014772323,0.029393613,-0.029553663,0.009969638,0.06954419,0.02251788,0.08850502,0.013890721,-0.012047818,-0.022359053,0.000572446,-0.055977043,-0.03943659,0.10688625,-0.023714662,0.017228007,0.043906435,-0.049523182,0.11264653,-0.031263363,-0.09566328,0.007512689,-0.006776669,-0.013461382,0.07183064,0.026207991
O60381,-0.009776962,0.1436803,-0.010849483,-0.010448407,-0.0154321445,-0.012541091,0.018689606,0.053375453,-0.010112533,-0.0012457138,0.06945988,0.05082666,0.102712154,0.0358148,0.028018836,-0.00957613,-0.0029884905,-0.032706007,-0.018803561,0.11050795,-0.0050939377,0.019603305,0.07480031,-0.06132907,0.10506955,-0.026476618,-0.089250796,0.025280682,-0.030905798,-0.023782482,0.059416335,0.018492598
P06312,-0.012271545,0.10373086,-0.030220192,-0.022515215,-0.024212014,-0.020857466,-0.021579988,0.050613187,-0.013790965,0.003444842,0.054762475,0.038572904,0.09722348,0.044556014,-0.0014852909,-0.030135453,-0.015654678,-0.055429548,9.950204e-05,0.1282072,-0.032606635,-0.015737765,0.04642686,-0.05207219,0.118731275,-0.01181611,-0.10906679,0.00041749142,-0.02424964,-0.009148467,0.052791674,0.06140968
P0A935,-0.017728595,0.10843986,-0.019610493,0.00756939,-0.006812995,-0.003941771,-0.0016601778,0.018789208,-0.044138886,0.014490724,0.07416417,0.005788691,0.09252056,0.015778994,-0.0044483105,-0.016348016,0.003783542,-0.060053896,-0.035277687,0.10970535,-0.03804691,0.009423971,0.033129856,-0.055455893,0.10643437,-0.028249329,-0.09151177,0.032686055,-0.020543132,-0.024174644,0.06029739,0.042204075
P0C8E7,-0.008173284,0.13821831,-0.02756703,0.0077991574,-0.013887656,0.00107513,-0.010286402,0.051833764,-0.01536768,-0.003432922,0.05760942,0.031258274,0.100628056,0.016070612,0.009763406,-0.03024065,-0.014213921,-0.053969372,-0.036759153,0.110393725,-0.019557044,0.017700845,0.07877582,-0.07475009,0.11036552,-0.028125798,-0.09699126,0.015792226,-0.0029534483,-0.027474852,0.06991742,0.019808153
O43572,-0.025134515,0.07750821,-0.014603237,-0.029225428,-0.03015915,-0.038714223,-0.039596472,0.035568487,-0.03307221,0.0145602375,0.05805672,0.021313736,0.087038144,0.038694084,-0.030484062,-0.04455643,-0.018036533,-0.070948064,-0.02024424,0.13855264,-0.042081974,-0.01946516,0.034099095,-0.040092416,0.12324476,-0.017053803,-0.109550394,-0.014493495,0.00461616,-0.0024123758,0.057833504,0.063684665
Q9H211,-0.029457055,0.09756356,-0.0051340894,0.00039328088,-0.013895609,-0.011042795,-0.017761607,0.028489897,-0.020318428,0.0038828368,0.0675677,0.022625772,0.09651189,0.009301933,-0.013321284,-0.014944759,0.002957734,-0.053633653,-0.030152503,0.10967913,-0.024860447,0.007881805,0.043530118,-0.04253137,0.109572664,-0.022347962,-0.09429646,0.010990541,-0.004314475,-0.015225119,0.07527511,0.019137679
Q9H0M0,-0.028749209,0.105573356,-0.018546259,-0.0007704947,-0.017760297,-0.0018982606,-0.012281076,0.03923946,-0.027814826,0.016591411,0.05847891,0.018396301,0.105497316,0.024964191,-0.015601327,-0.029028172,-0.010546494,-0.043098014,-0.013173977,0.11315541,-0.03113192,0.0007777711,0.042737372,-0.05885781,0.10383962,-0.033073924,-0.10400323,0.016974067,-0.011361785,-0.024689212,0.051209517,0.039711658
O42661,-0.041321103,0.08871544,-0.018547736,0.0032668144,-0.004687672,0.0026355104,-0.036864515,0.027342854,-0.0190105,0.010823644,0.06045189,-0.0048350883,0.10376372,0.0051288614,-0.022206405,-0.039425656,-0.009811086,-0.065732986,-0.037787933,0.12021353,-0.041506518,-0.0052399877,0.04848369,-0.060788497,0.11728094,-0.03835761,-0.09157026,0.0027695813,0.0005502415,-0.018653428,0.0841949,0.04056048
Q92448,-0.0288656,0.11010153,-0.008262864,0.0026345253,-0.015893891,0.00262905,-0.014185925,0.039882947,-0.015244584,0.008327335,0.06316738,0.014296348,0.10348656,0.011115208,-0.008619692,-0.03231226,-0.008040528,-0.05066557,-0.029553326,0.120808244,-0.026859663,0.007963601,0.050739333,-0.054412276,0.104252964,-0.033767805,-0.087204374,0.022965511,-0.0036878262,-0.024152527,0.06508003,0.020828633
P08621,-0.036653932,0.10105253,-0.011653773,-0.00053265825,-0.0117330225,-0.003959267,-0.021732269,0.03159056,-0.019078676,0.008521257,0.06265511,0.013343478,0.097793885,0.00797813,-0.009946206,-0.027543576,-0.00056951464,-0.06377,-0.03455538,0.11567065,-0.026718909,0.0008856559,0.054457925,-0.05037972,0.11092233,-0.028999208,-0.09845312,0.012930843,0.00026465926,-0.01680735,0.07809525,0.03219897
P61077,-0.024619503,0.10493369,-0.010884877,-0.0027870168,-0.015633741,0.00029740902,-0.011902079,0.033800635,-0.021698635,0.010812525,0.07003216,0.012117708,0.09446828,0.017063338,-0.007928444,-0.019300453,-0.011187941,-0.056606907,-0.03557079,0.11588668,-0.02734525,0.0025132662,0.04497924,-0.056068342,0.112242356,-0.027258942,-0.09863028,0.01902538,-0.00812247,-0.018755596,0.06791774,0.037187852
P19087,-0.022463933,0.101041086,-0.016622435,-0.012473705,-0.014101477,-0.018990826,-0.0059907725,0.025696022,-0.032389738,0.019714085,0.07320464,0.017394565,0.107290395,0.022503685,-0.009848879,-0.03134692,-0.00050364947,-0.055714607,-0.026610533,0.119692914,-0.026274908,0.0046190387,0.039064974,-0.04552082,0.111518525,-0.034046773,-0.09416075,0.012968457,-0.0062382203,-0.009333679,0.065719254,0.042664044
P11325,-0.016831947,0.10660922,-0.017756613,-0.0073970393,-0.018924812,-0.0022859892,-0.020655736,0.034097064,-0.03139657,0.004606809,0.06493767,0.0064910003,0.09473511,0.013273904,-0.007580906,-0.035821933,-0.014420784,-0.06849938,-0.040395923,0.12657893,-0.039336525,-0.0033875906,0.04970389,-0.06847554,0.115174614,-0.022608515,-0.0994513,0.01143384,-0.0052448064,-0.018913569,0.06719613,0.040339973
Q9NRI5,-0.025630467,0.09810421,-0.005631423,-0.014345977,-0.014111795,-0.022733785,-0.017994137,0.03119824,-0.022583358,0.007277514,0.072087,0.025438478,0.09316393,0.018375663,-0.01098107,-0.02630744,-0.00950689,-0.05924002,-0.038787078,0.12075648,-0.024659228,0.013580377,0.04072011,-0.043671336,0.11933676,-0.023896366,-0.096291095,0.006368841,0.0049119364,-0.008103749,0.065147005,0.030713748
P18708,-0.020132663,0.10210818,-0.006601505,-0.012510349,-0.01313706,-0.0087611675,-0.011982535,0.032350544,-0.030623568,-0.0076343566,0.070725225,0.011855411,0.11877953,0.009598245,-0.012813285,-0.030425841,0.0024214305,-0.060627814,-0.046559107,0.11914972,-0.029279878,0.012497014,0.04179709,-0.04790792,0.11880857,-0.031171963,-0.09128293,0.018908244,-0.005629187,-0.0010074234,0.0741434,0.027038684
O81862,-0.027605189,0.09799694,-0.010724798,-0.009999757,-0.024332741,-0.017531376,-0.034605704,0.033084664,-0.033760987,0.0041221543,0.060814526,0.025616374,0.09835995,0.02699082,-0.021491868,-0.02278375,-0.018899918,-0.058618497,-0.025442794,0.11420401,-0.034978226,-0.00062535115,0.041690376,-0.055574443,0.10851046,-0.02223256,-0.10497473,0.0023099394,-0.0015153103,-0.0024119169,0.06967715,0.043855745
B7GTK2,-0.027488645,0.1059061,-0.0233121,0.006349366,0.0022741533,-0.0063635986,-0.00738889,0.003422659,-0.033569686,0.019663535,0.07197778,-0.0055664787,0.103492945,0.012397982,0.0038954979,-0.025831401,0.007170873,-0.07851344,-0.0508375,0.12373741,-0.033691917,0.019842818,0.030419594,-0.03813792,0.10503234,-0.027803486,-0.07268332,0.0250247,-0.020278951,-0.01608234,0.058845293,0.052233987
P01139,-0.03220889,0.0966403,-0.010581294,0.0006331572,-0.005684043,-0.010463885,-0.01935907,0.029601764,-0.0276636,0.012958771,0.067160614,0.014715822,0.0927772,0.010236108,-0.011196637,-0.029967286,-0.004978819,-0.062736996,-0.036683183,0.11213216,-0.02915652,0.0117245745,0.043984808,-0.05108606,0.11459978,-0.03054833,-0.09829606,0.008918944,-0.0019394145,-0.015575578,0.06669009,0.03061277
Q13387,-0.02855336,0.107800856,-0.0055781985,-0.010148827,-0.010778316,-0.0023969407,-0.013547869,0.034200262,-0.025938755,0.0069823912,0.06516785,0.02069631,0.10339586,0.01390937,-0.006486009,-0.027537651,-0.008777529,-0.05456839,-0.035998352,0.111986294,-0.029137595,0.014140073,0.04655054,-0.06019118,0.113572955,-0.028286312,-0.09311882,0.01433243,-0.010272177,-0.009853125,0.07074222,0.024711456
P11124,0.00548274,0.14610316,-0.015034104,0.0017078873,-0.0006292211,-0.009977676,0.010370469,0.03940267,-0.010651665,0.0010941904,0.084118254,0.0546383,0.095514834,0.0315007,0.015545977,-0.018815828,-0.0030814668,-0.054337665,-0.04372643,0.09264315,-0.01943031,0.051095992,0.06546227,-0.07362452,0.10662323,-0.04170942,-0.10078289,0.02620145,-0.013036247,-0.02258088,0.072282046,0.0075439643
O60678,-0.024869226,0.10630819,-0.015940722,2.8720746e-05,-0.01948872,-0.015748344,-0.0115986755,0.03144556,-0.036319844,0.015265746,0.06298706,0.024547866,0.09703871,0.025085947,-0.015272079,-0.02403041,-0.0003610631,-0.057284065,-0.0302686,0.11464575,-0.02182535,0.00434806,0.050710782,-0.053251162,0.107396655,-0.029140685,-0.104585044,0.006644712,-0.011807907,-0.013397464,0.064400695,0.039899703
O18334,-0.029194979,0.10302606,-0.012893256,-0.0031968737,-0.005495663,-0.0081491,-0.01135533,0.027608622,-0.022807889,0.014646739,0.062493168,0.02441746,0.09407365,0.011678195,-0.013141461,-0.023823723,0.0012697374,-0.056785244,-0.040741455,0.110230535,-0.030135151,0.010562764,0.054114886,-0.051221646,0.110999554,-0.032586563,-0.101170495,0.012604715,-0.0052458066,-0.023818593,0.06910961,0.027117621
O94906,-0.023242328,0.10689557,-0.003330535,-0.0080200955,-0.014748734,-0.010095257,-0.019562865,0.035840284,-0.02270126,-0.0056247395,0.06652934,0.019323774,0.10451111,0.008921823,-0.010886763,-0.034817006,-0.0077842292,-0.062008888,-0.043309763,0.12363562,-0.03233773,0.008181241,0.04563485,-0.05284942,0.11903389,-0.031099223,-0.090195365,0.013863343,0.0009663436,-0.00984972,0.07654036,0.01949228
P01709,-0.012271545,0.10373086,-0.030220192,-0.022515215,-0.024212014,-0.020857466,-0.021579988,0.050613187,-0.013790965,0.003444842,0.054762475,0.038572904,0.09722348,0.044556014,-0.0014852909,-0.030135453,-0.015654678,-0.055429548,9.950204e-05,0.1282072,-0.032606635,-0.015737765,0.04642686,-0.05207219,0.118731275,-0.01181611,-0.10906679,0.00041749142,-0.02424964,-0.009148467,0.052791674,0.06140968
O94806,-0.017477203,0.11381855,-0.014589502,-0.0052841255,-0.017641611,-0.0114872195,-0.010369881,0.044584073,-0.02241114,0.004176097,0.06250648,0.024318686,0.09407344,0.016387733,-0.0005148584,-0.028812693,-0.018957283,-0.055413812,-0.02954178,0.122427344,-0.022741068,0.0052184663,0.05586107,-0.06403599,0.11307394,-0.022959184,-0.101979114,0.0082104895,-0.008459304,-0.017892811,0.060123585,0.031667445
P19338,-0.026409581,0.10137565,-0.011893791,-0.0058572916,-0.014732007,-0.016664356,-0.01533397,0.029263852,-0.024340836,0.009978108,0.066734016,0.020125812,0.104390204,0.026189696,-0.013414906,-0.023454038,-0.004408911,-0.052198023,-0.025576198,0.11386496,-0.028321361,0.0019009582,0.04969007,-0.05599798,0.11368462,-0.030643081,-0.095802076,0.0065473616,-0.011382592,-0.016860906,0.07014653,0.039273694
P18433,-0.010053177,0.117594086,-0.025267549,-0.026880153,-0.024167068,-0.010465971,-0.02192366,0.051702898,-0.0104223965,-0.0074203857,0.059221234,0.031499147,0.09732116,0.02874775,0.0067001674,-0.03420328,-0.024197897,-0.06530431,-0.030190026,0.12851292,-0.035504304,-0.0044435235,0.060767848,-0.06478016,0.120719396,-0.013609578,-0.10461211,0.003533485,-0.003514383,-0.007616177,0.069151066,0.048889335
P0AC13,-0.024851745,0.08642701,-0.017492104,0.0001448907,-0.014063912,-0.0128929075,-0.02403995,0.031288933,-0.029220134,0.019947853,0.06377884,0.010373602,0.0978637,0.018140877,-0.023553353,-0.03349067,-0.012278056,-0.06684141,-0.023730092,0.11622157,-0.031636477,0.014713265,0.04692689,-0.058756996,0.11311822,-0.02351765,-0.101078495,-0.0030257746,-0.008865264,-0.020268634,0.06326348,0.037249703
A8MT69,-0.030983271,0.09371218,-0.019406192,-0.0029055544,-0.007987122,-0.0070686387,-0.025094653,0.034923125,-0.019718947,0.0142967105,0.06465986,0.013383851,0.09026278,0.012383487,-0.013625354,-0.029326439,-0.005953593,-0.06433778,-0.03271335,0.11908274,-0.036099475,-0.00314419,0.045465127,-0.048395883,0.11999516,-0.026599048,-0.09797077,0.009481844,0.0028746764,-0.013405168,0.07945807,0.039439604
A6NED2,-0.01352422,0.08634335,-0.029013965,-0.022629622,-0.0286893,-0.03865199,-0.03372744,0.046942174,-0.023354929,0.014457884,0.055006668,0.031592876,0.08689883,0.038185712,-0.023497758,-0.04750726,-0.03249134,-0.07089899,-0.011540465,0.14781052,-0.04146097,-0.0064577498,0.040887635,-0.048290454,0.119894624,-0.016329736,-0.11257233,-0.014262364,0.011660023,-0.004330691,0.050535645,0.056421902
P0DOB5,0.008632334,0.1424133,-0.02159388,0.009271868,-0.019468792,0.0026613344,-0.019671995,0.03918152,-0.024690155,-0.027258452,0.055255637,0.029627629,0.10971584,0.018615898,0.004829753,-0.030519135,-0.022112435,-0.05890947,-0.048274443,0.10080129,-0.031888086,0.013271629,0.08725746,-0.10540855,0.091672376,-0.04441333,-0.10552563,0.013578774,-0.007663751,-0.015427221,0.07832034,0.013518384
P40429,-0.028290544,0.09180863,-0.017902996,-0.0011218138,-0.005988325,-0.00958919,-0.015268875,0.027187604,-0.026414458,0.015006036,0.06807551,0.010329678,0.10288334,0.021427086,-0.014308736,-0.014970032,0.0031869255,-0.052071333,-0.022631455,0.10629873,-0.032886967,0.0053936997,0.040751565,-0.046011288,0.11311815,-0.024110857,-0.09605197,0.010450946,-0.014822456,-0.022699732,0.06628754,0.040909924
P00734,-0.022078848,0.106069595,-0.009984591,-0.0017276729,-0.011322864,-0.012224881,-0.014654693,0.03384768,-0.022417901,0.009197571,0.06887677,0.024366537,0.093895316,0.017906653,-0.009786718,-0.02528861,0.0009202344,-0.05586699,-0.033360742,0.112038895,-0.02632297,0.010457085,0.046857513,-0.048220646,0.109956264,-0.028263379,-0.09823055,0.012159556,-0.0056766854,-0.019197492,0.06772332,0.025015758
O75368,-0.02351406,0.105334796,-0.012565389,-0.012679386,-0.01962758,-0.01041109,-0.016588083,0.03120782,-0.037571754,0.0042178803,0.06295816,0.012535752,0.10636923,0.015332095,-0.012027439,-0.026106628,-0.0066197547,-0.06017893,-0.03683117,0.117267184,-0.020303085,0.01733084,0.048060354,-0.043267608,0.10092259,-0.031421077,-0.09572381,0.011116543,0.0031672437,-0.007815733,0.07214417,0.020333521
O95390,-0.03763597,0.09190414,-0.009061068,-0.018303992,-0.0107242875,-0.001634753,-0.019287644,0.022727454,-0.03240345,0.024032349,0.060211986,-0.0058155307,0.08693548,0.005003376,-0.010053181,-0.0297568,-0.015027891,-0.07051202,-0.041367948,0.1229528,-0.03792588,-0.0051028286,0.0283819,-0.044713825,0.11161142,-0.014430444,-0.09627735,0.014488173,-0.0025183186,-0.0058022994,0.06911381,0.049263593
O94649,-0.03730291,0.08925881,-0.006989614,0.00061997346,-0.008335974,0.0036702238,-0.009096234,0.028016608,-0.03539447,0.014969168,0.07212998,-0.008536094,0.10289044,0.0059045325,-0.005748212,-0.018659605,-0.0034045181,-0.060311694,-0.034167346,0.11340145,-0.033629544,-0.007110887,0.029258456,-0.04837232,0.11773806,-0.021377837,-0.095249996,0.015961317,-0.014714277,-0.008348983,0.06514145,0.04664566
P99999,-0.017209211,0.093855515,-0.015771203,-0.011135024,-0.023649631,-0.018640107,-0.021172,0.031561363,-0.0321918,0.008022399,0.06474821,0.021352444,0.09771351,0.019770158,-0.013946884,-0.03996231,-0.0042500403,-0.067423016,-0.030100932,0.1295132,-0.029071046,0.007996719,0.043290835,-0.047639027,0.11411961,-0.0214937,-0.097841725,0.008712109,-0.0022754797,-0.0106380535,0.055732634,0.0349872
P05112,-0.021402793,0.10876572,-0.011950483,-0.0018100737,-0.015268115,-0.0065746834,-0.009378949,0.03307079,-0.025319844,0.0034833546,0.06700765,0.02702992,0.102726445,0.022213051,-0.0059020626,-0.016785247,-0.0028420535,-0.05505443,-0.033406373,0.11058765,-0.028563537,0.0063654403,0.05073354,-0.054320596,0.11324756,-0.029776445,-0.09796752,0.016810847,-0.010738732,-0.014808839,0.06841192,0.031199198
P61457,-0.027587568,0.1113954,-0.0011671577,-0.018475292,-0.017996876,-0.011945017,-0.0075663202,0.04364808,-0.018362995,-0.001809563,0.07260495,0.030828435,0.10279021,0.02020341,-0.0017038938,-0.017355006,-0.013409044,-0.04207124,-0.030262116,0.116776235,-0.018049981,0.015850473,0.04642465,-0.051737398,0.11642559,-0.025205223,-0.097528845,0.012525153,-0.0017709276,-0.011049802,0.065007016,0.020497903
Q8NEU8,-0.02183958,0.10448879,-0.013684452,-0.011196036,-0.016882079,-0.002485092,-0.011701966,0.033222627,-0.020251095,0.008313913,0.06521493,0.020555092,0.1014615,0.018391434,-0.00787282,-0.02679203,-0.005820777,-0.055600792,-0.027947495,0.11734629,-0.03221485,0.0037840263,0.04888013,-0.054687243,0.1072945,-0.02964359,-0.09825534,0.020042792,-0.010319059,-0.019494053,0.06559627,0.033505954
P47897,-0.020035433,0.10956168,-0.013983482,-0.007775756,-0.017074075,-0.0033649344,-0.013429382,0.036158297,-0.024496417,0.007521573,0.066019125,0.020654777,0.09918094,0.020000607,-0.0028802569,-0.028691066,-0.00835215,-0.061387934,-0.033189315,0.11516052,-0.027778327,0.0071415645,0.05481125,-0.065293096,0.1116851,-0.024644684,-0.10114939,0.011924931,-0.012895369,-0.013672873,0.06785585,0.0363129
Q8N3Y7,-0.01808284,0.11104032,-0.0147545915,0.005804491,-0.01404479,-0.0061674183,-0.008451182,0.030885233,-0.025287803,0.01030704,0.064384945,0.023875764,0.10071432,0.017873688,-0.013544668,-0.023322096,-0.0007024287,-0.054626808,-0.031205462,0.11241284,-0.027933586,0.00945485,0.05474942,-0.060096,0.10412963,-0.034787748,-0.09988391,0.015539905,-0.012763064,-0.025130719,0.06980662,0.02410443
P18627,-0.044112787,0.08051637,-0.0064436737,-0.0044212043,-0.0043298667,-0.0013424819,-0.0017220071,0.020294588,-0.039512828,0.026072662,0.06684436,-0.0073041916,0.1297005,0.006990566,-0.035140064,-0.025621444,0.00980215,-0.04001697,-0.02325805,0.11577546,-0.020170819,0.013732392,0.028756395,-0.04298264,0.11632244,-0.03871327,-0.104120314,0.015924618,-0.01863551,-0.034632042,0.053519446,0.029499067
P55055,-0.023094185,0.103085406,-0.010447676,-0.00317723,-0.01802073,-0.015669335,-0.01656133,0.033720784,-0.028740196,0.0060798577,0.06631772,0.025778558,0.09970174,0.019112002,-0.014421436,-0.027502049,-0.0066983616,-0.06006477,-0.03658742,0.11846094,-0.028939927,0.0068737115,0.044790454,-0.04797611,0.11943338,-0.028548963,-0.09536264,0.008662811,-0.0022913981,-0.013475875,0.06790244,0.031386442
O00472,-0.025590165,0.103966504,-0.010136016,0.00085226074,-0.010849044,-0.0022119386,-0.015215203,0.033213407,-0.03171789,0.008164181,0.071074896,0.005121256,0.09015687,0.014358043,0.0036074491,-0.024584904,0.0036975187,-0.06077788,-0.03507909,0.11318195,-0.026083242,-0.0057124626,0.037153393,-0.05382741,0.11644453,-0.013964379,-0.09770514,0.0148633495,-0.021265775,-0.011806591,0.061410494,0.044485815
P9WQN9,-0.016237747,0.10549762,-0.01834243,-0.0023577572,-0.010024953,0.0041819327,-0.0016421825,0.018928919,-0.021923706,0.008746736,0.065689385,0.008959564,0.11612798,0.0112356115,-0.0012722015,-0.029053017,-0.0063180076,-0.061626084,-0.03072777,0.11555112,-0.035916477,0.004824835,0.04460423,-0.063300356,0.10516572,-0.035185467,-0.09454163,0.022753574,-0.024903482,-0.0217906,0.061204188,0.039474837
P0AFM6,-0.020488422,0.11089878,-0.0139286565,-0.010579965,-0.012646491,0.0013876325,-0.004893855,0.030225467,-0.023077428,0.002264,0.06856003,0.013434446,0.10449322,0.013358653,0.0019277278,-0.01967528,-0.01063268,-0.059333302,-0.036412943,0.11614481,-0.030997563,0.010235479,0.046336044,-0.06143143,0.109862,-0.023464002,-0.09690832,0.019209443,-0.017642424,-0.014964155,0.065808415,0.036489103
Q93VT9,-0.023383822,0.10730679,-0.0135895,-0.00767236,-0.010662542,-0.011126368,-0.015433961,0.035761848,-0.030807491,0.010583858,0.06730953,0.01726568,0.10027146,0.02297784,-0.004055901,-0.025757108,-0.004343155,-0.06463048,-0.035616636,0.1143245,-0.026106033,0.011115654,0.04268385,-0.05273314,0.11956114,-0.01675586,-0.09978896,0.01086376,-0.013492893,-0.0064459364,0.0667702,0.04397483
P19793,-0.023071166,0.11010777,-0.010889217,-0.008554898,-0.016716378,-0.0099462215,-0.012056332,0.033879805,-0.02523424,0.001545626,0.061949555,0.02504838,0.102272734,0.016839152,-0.0075910734,-0.024892796,-0.009180136,-0.05527919,-0.036017228,0.11532,-0.028785419,0.007493885,0.053029694,-0.056404244,0.11008455,-0.030012414,-0.09762852,0.010741062,-0.0076136203,-0.015298452,0.06839406,0.029171351
G5EEG7,-0.019868858,0.119227014,-0.0006101066,-0.008366004,-0.015346952,-0.0077813766,-0.015388453,0.03565959,-0.01743944,-0.0050392146,0.06849894,0.02742939,0.0943782,0.015709866,-0.004835844,-0.024941746,-0.008984606,-0.055411268,-0.047454048,0.111509226,-0.027713025,0.013709682,0.043679304,-0.055771988,0.11179258,-0.027130133,-0.09817778,0.01808251,0.0011661139,-0.008168399,0.0769136,0.01980896
Q60591,-0.028787885,0.10051444,-0.011898569,-0.0060476167,-0.012006299,-0.0051949387,-0.019087834,0.027107002,-0.026310613,0.0025742303,0.065115966,0.011413879,0.1032833,0.010844076,-0.006882631,-0.02682207,-0.0064768633,-0.06279752,-0.03962024,0.11750306,-0.03186455,0.0014391785,0.04306747,-0.05326839,0.11641718,-0.025957456,-0.09553332,0.010796567,-0.007756609,-0.010759125,0.06829138,0.039029136
Q12018,-0.050230715,0.08742368,-0.001298476,-0.0061698062,-0.009338411,-0.0071437564,-0.032198086,0.025573734,-0.026507411,0.014053525,0.061890945,0.0028279831,0.08997599,0.0036495994,-0.028488258,-0.028670413,0.009897089,-0.06275828,-0.04276932,0.11726174,-0.03025499,0.003237705,0.021136269,-0.021488361,0.11548212,-0.019286685,-0.0946606,0.0145596415,0.0072291917,-0.010140641,0.07699404,0.031225672
Q9H0A6,-0.019374635,0.10696555,-0.021885706,-0.010882972,-0.0167999,-0.0065561063,-0.0029233787,0.023823803,-0.019843139,0.00842905,0.06685457,0.027286258,0.10917444,0.01732286,-0.004488988,-0.03393311,-0.014493838,-0.06071067,-0.03932569,0.12910977,-0.034596432,0.0108392835,0.04463309,-0.055715345,0.11606939,-0.03743185,-0.09567992,0.008182342,-0.014232015,-0.024406008,0.053430103,0.0418938
P41250,-0.021583969,0.110057384,-0.012231492,-0.007290191,-0.012477633,-0.01184052,-0.011792865,0.034596175,-0.023546126,0.0029238889,0.06982953,0.023933547,0.101964414,0.0162951,-0.0033325984,-0.023825472,-0.0060226885,-0.05464427,-0.029252214,0.109356456,-0.028463636,0.01433469,0.048115447,-0.054356683,0.111388765,-0.026993237,-0.09577685,0.010336507,-0.0051003885,-0.016791936,0.0708662,0.025339123
P00957,-0.017605113,0.12729432,-0.008908358,-0.012652218,-0.016303197,-0.00017370774,-0.008741006,0.04779154,-0.019486671,9.44312e-05,0.05880101,0.02980993,0.099921204,0.020595752,-0.00438086,-0.026154501,-0.010899924,-0.04587673,-0.03355526,0.11651984,-0.02381997,0.01219787,0.058663312,-0.06739732,0.108135745,-0.028014893,-0.10156562,0.02231528,-0.009733703,-0.0178671,0.074304886,0.015986351
P10300,-0.006723006,0.10045286,-0.023107406,-0.010176688,-0.015830653,-0.014982878,-0.0175624,0.035602078,-0.03156764,0.0033610184,0.059000447,0.022366025,0.093453206,0.021214494,-0.0124844415,-0.023255568,-0.011771755,-0.068201095,-0.02354544,0.120146394,-0.050884787,-0.0064513464,0.037677012,-0.05265838,0.11339184,-0.014679354,-0.099230304,0.011700125,-0.012811464,-0.0054443465,0.072333604,0.041601725
P03612,-0.02810807,0.10850295,-0.0027535893,-0.0069735376,-0.018250672,-0.013554594,-0.011993604,0.039592408,-0.031331938,-0.004172513,0.057884775,0.0291607,0.11406479,0.0009243123,-0.018319666,-0.030478187,0.002401733,-0.043879125,-0.030579811,0.113770984,-0.019980978,0.01556639,0.051787302,-0.045118675,0.10581006,-0.033653755,-0.09481082,0.015542845,0.007565019,-0.011204191,0.07421858,-0.0014127106
P20826,-0.031818695,0.09172365,-0.016954832,-0.0028061068,-0.004730722,-0.0034288124,-0.016617777,0.030650778,-0.027268443,0.015907975,0.06232047,0.00892623,0.09762214,0.010634263,-0.017282607,-0.028734108,-0.00036111288,-0.058793105,-0.031370576,0.11184342,-0.035472546,0.0024995864,0.045204494,-0.05272072,0.11413323,-0.030779863,-0.10130206,0.01482558,-0.010530731,-0.01815476,0.07034613,0.038911026
P12931,-0.025401656,0.099177904,-0.016854053,-0.005625023,-0.009533635,-0.010138912,-0.010574443,0.027989997,-0.026563644,0.014985028,0.06566516,0.01921732,0.09892878,0.01466625,-0.010049745,-0.026399344,0.0003160801,-0.06074975,-0.031009989,0.116979025,-0.02943572,0.011381114,0.044414006,-0.044714425,0.11049572,-0.028509015,-0.09588127,0.015034132,-0.009756542,-0.01816127,0.06555938,0.033320628
P50142,-0.018788543,0.10737971,-0.019404043,-0.012474632,-0.014155379,-0.0033616216,-0.006633758,0.029078636,-0.031863,0.014352945,0.065016665,0.012821463,0.09886389,0.017266024,-0.0027562487,-0.028281884,-0.0050899764,-0.07280587,-0.039511885,0.12640657,-0.031179428,0.007401955,0.048107542,-0.056338284,0.121204935,-0.018571561,-0.09442627,0.021348447,-0.019226832,-0.016918516,0.068504214,0.04599837
P05981,-0.015713235,0.1047463,-0.011887992,-0.005434502,-0.012285121,-0.005354125,-0.0043728845,0.02874669,-0.020769201,0.016195696,0.0687217,0.021858403,0.09707886,0.020558607,-0.0070629097,-0.019435652,-0.0038982143,-0.05648003,-0.022555359,0.11305816,-0.034221828,0.007822566,0.0459651,-0.05501256,0.10324107,-0.026434626,-0.1003408,0.01787191,-0.018722499,-0.028421156,0.062717095,0.028627671
A0A2P1GIW2,-0.0122310715,0.11405942,-0.021770798,-0.012103736,-0.027893588,-0.01627227,-0.019225597,0.035259776,-0.02664488,-0.014867241,0.058671102,0.03436213,0.09979643,0.014247009,-0.0053332215,-0.03219211,-0.021091688,-0.06387843,-0.036233783,0.12823649,-0.028244752,0.013744796,0.065736756,-0.069799304,0.1018978,-0.030993752,-0.10663399,0.0068850024,0.0048282985,-0.009989118,0.06403019,0.025838103
P20592,-0.019381486,0.09912655,-0.017452817,9.734204e-05,-0.010059906,-0.0050241095,-0.012870919,0.024155783,-0.026777314,0.010050029,0.07327398,0.008341397,0.101629205,0.01651673,-0.0044817454,-0.018336171,-0.0006794321,-0.06744138,-0.035648927,0.117872566,-0.0378691,0.008275396,0.038571317,-0.045981817,0.11339741,-0.01954017,-0.0885692,0.015298999,-0.015862362,-0.021054447,0.06538032,0.040823914
O60242,-0.029407501,0.07752303,-0.016857583,-0.022464372,-0.014950382,-0.016700357,-0.02450477,0.037501693,-0.03227252,0.025236253,0.06629734,0.010009846,0.09376229,0.026375389,-0.023041481,-0.03835087,0.0003213837,-0.06119491,-0.018989012,0.1284234,-0.040532116,-0.015375522,0.033696048,-0.036759093,0.1204007,-0.025188118,-0.10200089,0.013415603,-0.0009854166,-0.006429204,0.065001875,0.0551717
P08393,-0.011618147,0.11038109,-0.0052778656,-0.004564381,-0.01757484,-0.010031717,-0.0018291932,0.029089313,-0.03351323,0.002577422,0.07051646,0.029758224,0.10676454,0.019094191,-0.018148493,-0.018714083,-0.0025367176,-0.048323013,-0.036310304,0.11324837,-0.029788557,0.01115371,0.047413267,-0.060989797,0.109276436,-0.039107524,-0.09773872,0.027564952,-0.009886682,-0.014425138,0.069667235,0.018119108
E9Q401,-0.024014698,0.1085663,-0.009655165,-0.00456299,-0.013809859,-0.01011721,-0.014247576,0.033778057,-0.025713833,0.005847051,0.06624898,0.025994264,0.09578793,0.017445264,-0.010205719,-0.023141889,-0.005168762,-0.053163264,-0.036993872,0.11398995,-0.026714804,0.010834535,0.04772043,-0.054462183,0.11154089,-0.028279612,-0.099187896,0.009501715,-0.00649912,-0.016071236,0.06881498,0.025182214
O75324,-0.014256382,0.091343544,-0.009685434,-0.014350821,-0.01813541,-0.014880683,-0.019796558,0.03403706,-0.036301352,0.028073844,0.065246776,-0.001483738,0.10658104,0.042602994,-0.030590236,-0.03748429,-0.0030867048,-0.06713419,-0.012531266,0.12330676,-0.043137018,0.0048913276,0.030343264,-0.052145716,0.10350481,-0.01971281,-0.09669613,0.0036454266,-0.03620171,-0.015853733,0.068724036,0.050876968
O15085,-0.022914909,0.100437135,-0.014844704,-0.017141843,-0.019049738,-0.01771139,-0.0013908498,0.042011604,-0.025081089,0.014149035,0.059680402,0.032059215,0.10388113,0.026929978,-0.009539872,-0.030532131,-0.0051319157,-0.052500278,-0.018702757,0.1275472,-0.0241144,0.0042461227,0.05529106,-0.049535938,0.11858945,-0.026630834,-0.101696506,0.009841704,-0.022381948,-0.023041073,0.053411357,0.039636895
P07102,-0.038113084,0.097000636,-0.011778264,0.00012278806,-0.0058299215,0.004538846,-0.028358975,0.030317433,-0.017805636,0.012317601,0.06896789,-0.00062943,0.09454004,0.013654736,-0.015759416,-0.0196604,-0.00013229926,-0.051615667,-0.03299408,0.111819334,-0.029088618,0.0021011974,0.048169475,-0.058017444,0.10984103,-0.028783128,-0.09628881,0.01106855,-0.006187228,-0.024721237,0.084857054,0.030918099
P09467,-0.024260556,0.09395723,-0.008729329,-0.005699157,-0.012089255,-0.0073348465,-0.015499099,0.031272255,-0.025779387,0.01082504,0.0677194,0.009548624,0.10537917,0.01744393,-0.012798588,-0.031093331,-0.007176546,-0.062449854,-0.028292999,0.11792668,-0.034140747,0.008730145,0.048763484,-0.056537874,0.10876337,-0.032619745,-0.09358504,0.011876302,-0.01324986,-0.01594164,0.06759961,0.032279987
Q5BJF6,-0.01777182,0.10251462,-0.008215477,-0.002889727,-0.019258693,-0.020115316,-0.016101401,0.03456523,-0.025238704,0.0016857778,0.06771571,0.035041183,0.09561425,0.019320741,-0.00927958,-0.02219201,-0.014859736,-0.055073414,-0.03363191,0.11564665,-0.022575825,0.013570686,0.053296003,-0.056139838,0.11487173,-0.028268004,-0.09745423,0.00034810338,-0.0041825664,-0.014371474,0.062345725,0.022301277
P27361,-0.020928716,0.10911533,-0.009619629,-0.008838877,-0.014358429,-0.009930761,-0.01259217,0.030729208,-0.023866728,0.0036716424,0.06586231,0.026739376,0.09587002,0.015798729,-0.0068257446,-0.020773252,-0.006445439,-0.0558764,-0.03670992,0.1115734,-0.026631737,0.012176011,0.051563833,-0.05719847,0.1090368,-0.024760382,-0.10192816,0.01026676,-0.009247483,-0.018165486,0.06740485,0.025651462
B8Q027,-0.012622034,0.14355443,-0.007990796,0.009581968,-0.009623713,0.013672796,-0.004019011,0.06052741,-0.008804843,-0.026724432,0.06439637,0.045534946,0.09583515,0.0025008596,0.015491251,-0.020735934,-0.010567137,-0.04269033,-0.039873257,0.10167091,-0.02039201,0.022143548,0.06458442,-0.07308635,0.110435754,-0.034107164,-0.09425087,0.0380446,-0.009269485,-0.009340938,0.07362414,-0.00313247
P15391,-0.024181157,0.092252694,-0.0049138027,-0.0012237497,-0.012629129,-0.030419415,-0.01705261,0.029939407,-0.040135246,0.015368631,0.06606619,0.02579234,0.09119561,0.020010743,-0.015943946,-0.029813275,0.0009191666,-0.06245306,-0.026344825,0.118726835,-0.03028503,0.011811835,0.038732193,-0.04114709,0.113181874,-0.023911756,-0.092052855,0.0062906654,-0.0021113786,-0.0051330044,0.06435226,0.023298502
P02100,-0.033356886,0.081323005,-0.02181227,-0.011872113,-0.027943969,-0.006571095,-0.034338173,0.047650978,-0.011151612,0.00785789,0.06555431,0.021541419,0.098054856,0.026586512,-0.017599082,-0.027742049,-0.019662289,-0.061328035,-0.017559184,0.1340352,-0.029251168,-0.00082509284,0.050786253,-0.04840857,0.12244403,-0.019329214,-0.095493436,-0.0024303496,0.0030217469,-0.0058140582,0.06688053,0.045965392
P13639,-0.022216901,0.098974235,-0.0149947135,-0.005653252,-0.012311318,-0.014747494,-0.018100852,0.021903707,-0.03063811,0.010577781,0.0667325,0.01576059,0.09926944,0.016831739,-0.011763343,-0.034477644,-0.0004428825,-0.068254136,-0.035465665,0.1218564,-0.035936914,0.003027733,0.036799736,-0.04990512,0.1191367,-0.024903793,-0.09445657,0.007131782,-0.014338394,-0.01824017,0.06521065,0.04157975
P04278,-0.027594509,0.12291289,-0.011342656,-0.021664903,-0.012021631,0.016973738,-0.001089789,0.06328796,0.01555587,-0.014435153,0.07961574,0.037534945,0.11440097,0.04767583,0.033801876,0.002038028,0.003409524,-0.028636457,-0.005408856,0.099012025,-0.010086948,0.007864903,0.06471512,-0.056071103,0.111967795,-0.020244937,-0.09379235,0.024777427,-0.04769114,-0.013962589,0.0596773,0.041170426
P12063,-0.028199768,0.112074636,0.0008753285,-0.009343069,-0.011691244,-0.011321107,-0.021206733,0.03482066,-0.01904614,-0.008518626,0.06185519,0.030736882,0.106795475,0.0032202224,-0.015361726,-0.041507263,-0.0024254278,-0.048208896,-0.045821168,0.111026704,-0.029976323,0.015458411,0.047599383,-0.05336113,0.11290318,-0.039977107,-0.09516321,0.016051952,0.01335043,-0.012289915,0.07352211,0.0050204257
O00338,-0.019442912,0.115056,-0.013513954,-0.0008623168,-0.01720342,-0.017472377,-0.009964509,0.033495553,-0.025131654,0.0019396935,0.067417756,0.02725423,0.09581737,0.021576965,-0.0026585169,-0.019763306,-0.007452847,-0.0585908,-0.034790028,0.12138708,-0.023602244,0.0118656475,0.053403158,-0.052293967,0.106236055,-0.026387226,-0.094504,0.015122479,-0.015322149,-0.016603108,0.06767407,0.03589321
P12955,-0.04042493,0.104233585,0.00137797,-0.0023245849,-0.0035607822,1.539886e-05,-0.018624961,0.039137825,-0.022834528,0.013645281,0.07564028,0.0061272746,0.08019531,-0.0009785194,0.0007600829,-0.02962803,-0.010618569,-0.06599473,-0.04604436,0.10895171,-0.033127204,0.014947072,0.04218499,-0.050331414,0.11239284,-0.024553008,-0.091771655,0.018366829,0.013614019,-0.012036675,0.07347013,0.022179957
P05696,-0.020003695,0.10372477,-0.016550438,0.0029764147,-0.012809391,-0.005426533,-0.013154249,0.041111916,-0.0230736,0.011086366,0.06770154,0.013032048,0.09620879,0.017401444,-0.008774977,-0.025546625,-0.0062630833,-0.05913264,-0.027955947,0.11489441,-0.0289954,0.007628182,0.052781362,-0.056691807,0.1097371,-0.026043795,-0.09571668,0.012150377,-0.012566812,-0.020021673,0.06991286,0.033242356
O75317,-0.014980768,0.11524444,-0.01385595,-0.013144947,-0.022152176,-0.02095758,-0.0065333475,0.040586565,-0.032230712,0.0012211911,0.060828652,0.03560514,0.09852175,0.024201646,-0.0010355376,-0.02489692,-0.0042690677,-0.057366487,-0.026766276,0.11779894,-0.015868401,0.007029814,0.0625339,-0.060112186,0.11014335,-0.021062458,-0.10658302,0.0113691585,-0.01670801,-0.0077080308,0.06445776,0.034647923
O95393,-0.025150523,0.101005,-0.012940484,-0.0032950714,-0.014166494,-0.0057165883,-0.012339735,0.029896762,-0.02980647,0.011931522,0.061399907,0.014301442,0.0955735,0.013335605,-0.009411103,-0.022586245,-0.004325302,-0.062205426,-0.031231364,0.116283335,-0.028125158,0.0036185354,0.050253827,-0.05298088,0.1098387,-0.023840085,-0.09761041,0.014717115,-0.01518591,-0.02069218,0.06709058,0.033469606
Q3E7X9,-0.028947672,0.10346274,-0.012218034,0.0034694418,-0.013497812,-0.0043346956,-0.023586912,0.03561286,-0.033749662,0.0071729785,0.060125224,0.009507354,0.09940709,0.011848631,-0.020492181,-0.025135627,-0.005652818,-0.052568637,-0.026860768,0.11640016,-0.03238082,0.002162415,0.033967942,-0.052274723,0.10823323,-0.023308583,-0.09866708,0.012453303,-0.006379445,-0.015724426,0.06917424,0.026888395
P32856,-0.019552235,0.093938746,-0.010450408,-0.0075176214,-0.019054528,-0.013274844,-0.01517549,0.029774014,-0.026525073,0.014898261,0.06693035,0.015693013,0.096284114,0.023684453,-0.013774598,-0.026344962,-0.0132914735,-0.06304599,-0.024693916,0.11876516,-0.037726913,-0.000580158,0.04344541,-0.053938173,0.10913605,-0.027551098,-0.09402829,0.008959548,-0.012921248,-0.012883145,0.06976476,0.0410785
P15926,-0.007906773,0.13017659,-0.0195216,0.0017114853,-0.009227247,-0.005778777,-0.0046989694,0.033587206,-0.025758488,-0.0006506834,0.06652311,0.035657313,0.10595319,0.011759188,-0.004382999,-0.03299692,-0.0010689409,-0.05197494,-0.050275695,0.101109274,-0.029628998,0.025668615,0.07327839,-0.07586215,0.10366771,-0.044850517,-0.10092512,0.016148632,0.0027042546,-0.027448103,0.07048587,0.010619941
O75717,-0.023981279,0.093719125,-0.004851483,-0.011277682,-0.011842024,-0.019338885,-0.008222912,0.030719599,-0.022739982,0.009494398,0.06037462,0.03448352,0.0998986,0.011553626,-0.0061988123,-0.029104209,0.0068277717,-0.06272322,-0.028937379,0.11873581,-0.024614925,0.006964887,0.033507507,-0.03590416,0.13590048,-0.006194414,-0.09568294,0.0070398767,-0.020607814,-0.008964009,0.06450211,0.027771153
P07395,-0.027263537,0.10582579,-0.010473859,-0.021120993,-0.02730212,-9.022304e-05,-0.010726411,0.04097482,-0.024586422,0.00082595553,0.06345521,0.009172184,0.121606916,0.021056663,-0.011612738,-0.030764993,-0.016016101,-0.054239146,-0.02663288,0.13230094,-0.034245733,0.0054589664,0.038131148,-0.050214276,0.11257167,-0.024863893,-0.08783787,0.014332889,-0.011602875,-0.010198382,0.0662739,0.03796241
Q99816,-0.027236994,0.093353234,-0.011463537,-0.0011174247,-0.011097383,-0.009035843,-0.012494642,0.02544407,-0.02822389,0.013151582,0.061855633,0.015567864,0.09884875,0.00492212,-0.019693507,-0.02927231,-0.005772027,-0.063727535,-0.036195125,0.11687528,-0.033743214,0.011171612,0.040512163,-0.04802613,0.11258547,-0.028395277,-0.099040285,0.009899756,-0.0071305735,-0.01913271,0.06609054,0.027963381
P0CY29,-0.0218312,0.11263453,-0.014215626,-0.00027232105,-0.015670571,-0.0028730049,0.00024110451,0.04230105,-0.016341511,0.010048002,0.06998692,0.026443113,0.09645197,0.019055255,0.0050122477,-0.013147858,-0.010423358,-0.045996137,-0.021686886,0.11056736,-0.02208729,0.0020547137,0.04790201,-0.054017372,0.116722025,-0.022482071,-0.09421843,0.017198157,-0.017974835,-0.021393418,0.06599352,0.03487549
Q13404,-0.025953488,0.09605951,-0.009000839,0.0014449833,-0.013748331,-0.0097331535,-0.009309633,0.029285453,-0.029716717,0.016805753,0.06717386,0.0072367615,0.095952295,0.009294949,-0.008920712,-0.026818534,-0.009201594,-0.068188,-0.03598925,0.12591195,-0.027769355,0.0036543459,0.051544245,-0.054898657,0.10840607,-0.027093133,-0.09300164,0.008105375,-0.011750054,-0.013564138,0.06837096,0.03378585
P0ABB4,-0.03267974,0.08060027,-0.0025325294,0.011298315,-0.0091394875,-0.016164541,-0.01991958,0.028797552,-0.030892292,0.015376672,0.06842161,0.013661682,0.10424916,0.016722376,-0.02591865,-0.021148136,0.010486173,-0.051530242,-0.019768605,0.105809905,-0.025102789,0.0127937,0.04228662,-0.03799062,0.10637188,-0.033730317,-0.08980757,0.00985526,-0.0103368545,-0.018667122,0.06467673,0.019624436
P04911,-0.020714777,0.0881119,-0.017813219,0.010491538,-0.006584671,0.0005426227,-0.00196196,0.008240106,-0.030695675,0.013464109,0.06843922,0.0037999703,0.111897595,-0.0033050806,-0.015998153,-0.01825233,0.004082631,-0.064774774,-0.036395285,0.11775214,-0.03948998,0.0071915337,0.026932737,-0.040691655,0.11432595,-0.028988345,-0.08410767,0.02812539,-0.016911384,-0.024158707,0.063559934,0.031388957
O60341,-0.024487521,0.104919106,-0.010986931,-0.008096921,-0.011997748,-0.0125253415,-0.017618315,0.03404333,-0.022791747,0.0052401763,0.06471273,0.02324282,0.095890604,0.019822305,-0.009648634,-0.02635368,-0.0048674513,-0.06083472,-0.03694237,0.11900367,-0.03102462,0.0029805417,0.047358464,-0.05252437,0.11923839,-0.025784036,-0.09901586,0.009977497,-0.0075087966,-0.012569522,0.07305157,0.034581516
P27278,-0.028169548,0.09656291,-0.0050590476,-0.010178434,-0.009685382,-0.00447997,-0.019043794,0.028350724,-0.016924314,0.0073229726,0.070335366,0.008896806,0.09783552,0.015379325,-0.007529533,-0.0249469,-0.0066006584,-0.060750566,-0.035312608,0.115980126,-0.03683697,0.001974825,0.036367018,-0.04828912,0.113608554,-0.024914501,-0.09338109,0.015174869,-0.00636294,-0.012452803,0.07195726,0.035304777
Q9V4S8,-0.01865254,0.10277484,-0.012995259,0.008942508,-0.015439768,-0.008361031,-0.0027223069,0.030245533,-0.03150653,0.019715805,0.06153926,0.009044461,0.10179442,0.012055112,-0.020859256,-0.028252108,0.0011124348,-0.056217223,-0.025376488,0.11661918,-0.029463079,0.0009949129,0.04937482,-0.05504823,0.1001418,-0.03334907,-0.09764444,0.010965073,-0.023708234,-0.02969952,0.070352554,0.029267797
P0AEY8,-0.014005862,0.11599653,-0.013157628,-0.01601292,-0.013891426,-0.0050852937,-0.015457261,0.040088754,-0.005064903,-0.0062597585,0.06627665,0.02865812,0.0962441,0.02015478,0.007429702,-0.025614033,-0.013083481,-0.06330978,-0.039582558,0.118086986,-0.035149638,0.002560079,0.04383101,-0.054854665,0.120376624,-0.012927693,-0.10095945,0.009128213,-0.009874848,-0.00894851,0.06789816,0.038256828
P61254,-0.024674868,0.09342567,-0.015614088,-0.005028628,-0.013387495,-0.010956259,-0.015954908,0.02626082,-0.03690174,0.0143082645,0.06637503,0.0037586694,0.10216439,0.014564996,-0.011595474,-0.029722245,-0.006530869,-0.06803651,-0.029226683,0.12044686,-0.030546244,0.0026423759,0.042074703,-0.054944802,0.11409112,-0.023384988,-0.097452216,0.0090447515,-0.014963996,-0.01452022,0.06379956,0.045568142
O17670,-0.023448043,0.11103115,-0.004327893,-8.470689e-06,-0.009097796,-0.010742021,-0.0050575654,0.028029999,-0.035038352,0.009803846,0.07161681,0.01928788,0.091041446,0.00941711,-0.0047116885,-0.017391386,-0.0026288342,-0.050017655,-0.036850538,0.10892799,-0.026156595,0.009738149,0.041443776,-0.05480354,0.10776609,-0.028138554,-0.09674791,0.016892632,-0.007790353,-0.019323451,0.067388825,0.019227872
P08048,-0.015071351,0.09918245,-0.0019542053,-0.014743213,-0.03226338,-0.025576029,-0.013549946,0.03159816,-0.02926222,0.0057456335,0.07328703,0.030701168,0.09474731,0.03438869,-0.014368018,-0.016315043,-0.009543322,-0.056605686,-0.020449117,0.12305437,-0.016730523,0.0034287996,0.053303577,-0.06191743,0.1109587,-0.016307376,-0.10281714,0.0019928152,-0.021995148,-0.013384268,0.057898793,0.038036007
P10826,-0.03330394,0.099463515,-0.012836057,-0.006118517,-0.012379699,-0.01709978,-0.013782582,0.025570706,-0.021526372,0.0055966363,0.058823217,0.02793991,0.10006613,0.0155103505,-0.0093545895,-0.023274554,0.009920368,-0.048214093,-0.027633183,0.11170742,-0.021906247,0.0024978847,0.04265083,-0.035107564,0.116111584,-0.024016976,-0.09551837,0.00986579,-0.01625965,-0.02498199,0.060999606,0.03509656
P04370,-0.038011488,0.09177562,-0.0105976,-0.012418488,-0.00537576,-0.016219469,-0.020015953,0.03264866,-0.026313636,0.014816916,0.062462047,0.017334802,0.10137796,0.020222263,-0.015371556,-0.027944349,0.0045535173,-0.055765875,-0.029179912,0.11523068,-0.030263003,0.008515394,0.03986235,-0.035486147,0.11611963,-0.026024487,-0.09273314,0.008170718,-0.009017892,-0.009756535,0.068786986,0.037967343
Q9Z0E3,-0.021576583,0.10605238,-0.014841981,-0.011569455,-0.016397351,-0.004438774,-0.009963115,0.030481221,-0.025363335,0.0037316368,0.06805127,0.019055823,0.10437418,0.01875825,-0.0030434413,-0.020802122,-0.0036335823,-0.06329419,-0.031917114,0.120283954,-0.028503304,0.01298078,0.052571636,-0.056767907,0.11314505,-0.023345347,-0.09463604,0.018435027,-0.0151353,-0.016098786,0.07230208,0.033292763
P0CG47,-0.025268994,0.09302984,-0.009398141,-0.008016817,-0.016852992,-0.01643438,-0.02463134,0.033358376,-0.027801272,0.0076777423,0.06234122,0.018291106,0.091689676,0.014549907,-0.018444242,-0.031426653,-0.01046907,-0.06443006,-0.034578245,0.12064278,-0.03290334,-0.0015743376,0.04593838,-0.05178845,0.11769848,-0.024907134,-0.1027585,0.004091781,0.00045342397,-0.012219234,0.06991973,0.034807935
P39533,-0.012548165,0.08262267,-0.029608369,0.02416952,-0.007930836,0.031877566,-0.009930683,0.031672727,-0.03506846,0.025703505,0.061509527,-0.022983953,0.12021154,0.0012656068,-0.02573217,-0.0361862,0.0076541803,-0.061985508,-0.01062326,0.11520958,-0.05315461,-0.019101107,0.050104704,-0.07151863,0.097632445,-0.047307085,-0.09166625,0.058931142,-0.013857503,-0.023483418,0.0764177,0.032595694
P14618,-0.01658307,0.10743056,-0.016492318,-0.003719202,-0.015494641,-0.0064333086,-0.011506829,0.031037578,-0.024135284,0.0012688108,0.06631663,0.027125694,0.0998316,0.015369666,-0.0058573997,-0.023460995,-0.0065360903,-0.059486587,-0.028577331,0.11522,-0.02974046,0.012547175,0.05081942,-0.06065568,0.108044036,-0.029045254,-0.10031759,0.013878528,-0.013498553,-0.015852215,0.070215866,0.025771966
Q75NZ0,-0.014086857,0.13740234,-0.012729874,0.007202732,-0.012193567,-0.010409111,0.0043814303,0.04228281,-0.01808964,-0.008103075,0.0609125,0.052966036,0.10786643,0.013407415,0.00033490657,-0.035638817,0.0009027288,-0.05284875,-0.04310466,0.115586594,-0.022387654,0.032220837,0.056039143,-0.055057805,0.11706205,-0.040555846,-0.09724367,0.025251558,-0.0043601342,-0.025739467,0.0618997,0.0033225615
P62837,-0.019168438,0.10593557,-0.00951035,-0.0049971715,-0.018651485,-0.00706729,-0.007693005,0.03746728,-0.023528017,0.010675541,0.07150256,0.01867759,0.09564681,0.023125898,-0.0050725075,-0.020227997,-0.009120744,-0.054789905,-0.029456561,0.12056813,-0.024874162,0.00032677816,0.048886184,-0.0580335,0.11201527,-0.025935935,-0.09787094,0.018260403,-0.01266224,-0.013712126,0.06581617,0.03704158
Q8N0Z3,-0.017954476,0.1000919,0.00069199235,-0.0127407815,-0.020531453,-0.026108194,-0.019820116,0.032330677,-0.03359682,0.005531309,0.06529428,0.027176721,0.09170392,0.012228291,-0.025334166,-0.035604876,-0.01986297,-0.066293515,-0.045707256,0.12816435,-0.029961934,0.011896579,0.04115239,-0.052926667,0.12517616,-0.02612588,-0.10277402,0.0016016037,0.00866229,-0.016619738,0.06481356,0.019319417
P37231,-0.02497258,0.1081262,-0.011093892,-0.00565667,-0.010950907,-0.0070669604,-0.008911428,0.031948972,-0.025187546,0.0045290934,0.065453,0.021419605,0.09916519,0.013123959,-0.005878995,-0.02016533,-0.002338869,-0.054272335,-0.03643181,0.11166347,-0.028780835,0.0094628995,0.046029747,-0.04969386,0.11164125,-0.026692329,-0.09645007,0.01510866,-0.010647104,-0.01733457,0.06904419,0.027856212
P53350,-0.029753013,0.10270531,-0.010306359,-0.009327219,-0.01045623,-0.010536416,-0.011050905,0.030002983,-0.0233394,0.010464127,0.06567172,0.019195694,0.0975876,0.015109543,-0.007563685,-0.023775255,-0.00073774083,-0.055331104,-0.03312053,0.115833536,-0.026601935,0.009176705,0.045196056,-0.045503754,0.10970224,-0.026910711,-0.09608932,0.01249601,-0.010713504,-0.017814673,0.066485345,0.031887196
C6KRN1,-0.01801963,0.08831334,-0.005184239,-0.0029119353,-0.031020239,-0.01684576,-0.023939716,0.022191362,-0.031624757,0.013451329,0.0735029,0.0141641265,0.099022426,0.023536066,-0.026506213,-0.030790446,-0.017153373,-0.07181049,-0.029475547,0.12523822,-0.03826543,0.0039709467,0.042926442,-0.059286445,0.11044829,-0.029113725,-0.09358189,0.00912059,0.0013094338,-0.016784895,0.06423249,0.0393873
P00942,-0.013602349,0.100413874,-0.012340322,-0.0056132767,-0.028566584,-0.013986072,-0.007372609,0.033862296,-0.041117366,0.017561313,0.066484705,0.029949723,0.09993276,0.028558338,-0.009486914,-0.030741848,-0.0057412526,-0.055794258,-0.02062395,0.12231898,-0.019701399,0.0004315456,0.05520397,-0.06360049,0.118898824,-0.027956765,-0.09413475,0.008044951,-0.025101602,-0.01303638,0.06312267,0.036690194
P51948,-0.027144324,0.099133894,-0.015044259,-0.008308326,-0.022281196,-0.0011545295,-0.008172152,0.023328286,-0.034685243,0.017244993,0.066861525,0.0017609689,0.09911187,0.014777879,-0.0037619509,-0.019224703,-0.009110259,-0.060802143,-0.027057627,0.1277786,-0.031074625,-0.005262643,0.03763167,-0.0455139,0.10580508,-0.020032737,-0.086130336,0.020270038,-0.021243593,-0.024795773,0.058828462,0.048260827
P56192,-0.02792489,0.10004166,-0.013435239,-0.0051698806,-0.017503459,-0.0022934459,-0.022679158,0.03063903,-0.02518286,0.014067542,0.06648533,0.005648356,0.09884539,0.020211918,-0.016319351,-0.027008153,-0.01078876,-0.06565465,-0.03163465,0.12135565,-0.037009016,0.0020134768,0.044238493,-0.059929326,0.11481614,-0.020190358,-0.09529078,0.0073876674,-0.010690265,-0.02282812,0.07008141,0.04319258
P19926,-0.03412118,0.10469295,-0.0026198332,-0.0059627015,-0.0046749176,-0.013543876,-0.029954482,0.01381744,-0.02057024,-0.0056231297,0.07004796,0.014477241,0.09423457,0.013278931,-0.0104219485,-0.038677588,-0.008787805,-0.057367798,-0.050415795,0.10719436,-0.039559346,0.014820498,0.039191037,-0.06767239,0.11461587,-0.04015609,-0.091349825,0.0069747446,-0.0055783754,-0.020276317,0.06848641,0.034473572
Q42525,-0.017817328,0.109408714,-0.011937603,-0.0037303232,-0.021428961,-0.013646623,-0.011575707,0.04244495,-0.030389374,0.0034784535,0.069492,0.030936087,0.09676455,0.021684762,-0.0038795897,-0.024988096,-0.005499641,-0.05807399,-0.030525727,0.11510373,-0.023391474,0.00533924,0.055033628,-0.055521455,0.11400319,-0.027201967,-0.09946581,0.012047073,-0.0072500557,-0.0070935953,0.070631705,0.030788505
Q9VD72,-0.03479325,0.09557289,-0.012334209,0.0038231723,-0.006427442,0.00033763828,-0.02292718,0.033058062,-0.020269036,0.018627726,0.06582528,0.0086366255,0.078847505,0.003050423,-0.00973593,-0.025098493,-0.006638389,-0.060431555,-0.033670932,0.11456689,-0.026057055,0.010430828,0.053579494,-0.05793445,0.104139954,-0.025177112,-0.09649653,0.00866696,-0.005117882,-0.02127201,0.0779008,0.023154289
P01579,-0.028149936,0.10267378,-0.009040865,-0.00471097,-0.011862078,-0.004276531,-0.011964165,0.03214955,-0.030282846,0.01203359,0.068132885,0.012456753,0.09786765,0.0130966185,-0.0077979355,-0.024673272,-0.0005319838,-0.0596125,-0.03482267,0.11418966,-0.025836539,0.006376231,0.047448292,-0.052392162,0.1127867,-0.026921863,-0.09819473,0.017044988,-0.010025131,-0.017668799,0.06938748,0.03160506
O95704,-0.011795484,0.11810466,-0.0119866505,-0.010181202,-0.017125908,-0.012709389,-0.0012440379,0.036016572,-0.016184773,0.0011577092,0.07070002,0.042355213,0.099821985,0.030432226,0.004094825,-0.017396472,-0.00481483,-0.045973137,-0.023108203,0.11478579,-0.021857187,0.016161535,0.059644457,-0.0599299,0.10294156,-0.03337567,-0.09606998,0.01520876,-0.022666208,-0.022570323,0.061483204,0.021885442
P0A3J0,-0.0111240875,0.10696186,-0.015087829,0.01263006,-0.015075189,-0.0077730296,-0.016189855,0.030196223,-0.027265457,0.0047803083,0.064436495,0.021230228,0.096010596,0.021694098,-0.013024992,-0.017732006,-0.012577351,-0.052892327,-0.028460238,0.112592906,-0.039569374,-0.004143239,0.044736248,-0.06703099,0.114546515,-0.027806927,-0.0956534,0.010477493,-0.01535541,-0.027288016,0.06582488,0.030797444
P0A0M0,-0.029780021,0.10429812,-0.019449038,-0.0030528742,-0.0057222773,-0.017675022,-0.01451083,0.029890858,-0.02498887,0.017216833,0.05399527,0.025410911,0.10751051,0.011648004,-0.02083192,-0.036137357,-0.010511841,-0.051282387,-0.034386102,0.12418181,-0.025403334,0.022685908,0.050825726,-0.050734263,0.11789312,-0.034851436,-0.08891139,0.007955802,0.0018155196,-0.025613353,0.062761284,0.022037307
Q9Y4K3,-0.025956227,0.100013964,-0.0116670625,-0.0044107963,-0.012329584,-0.008359147,-0.015296558,0.03200784,-0.02624452,0.011258737,0.06541303,0.017042588,0.097561926,0.013988001,-0.013755645,-0.027194735,-0.006414592,-0.059054613,-0.035147883,0.11774406,-0.029826123,0.008093401,0.04849797,-0.0530238,0.11220041,-0.029503144,-0.098474555,0.010730932,-0.006791011,-0.019447178,0.06745227,0.030148719
O00463,-0.030092845,0.09909418,-0.0119667025,-0.010134361,-0.018879712,-0.009727583,-0.013967809,0.0332514,-0.032836456,0.013885759,0.061823968,0.016684288,0.09966031,0.010843462,-0.016600808,-0.033646356,-0.011517771,-0.060492247,-0.0345084,0.12493973,-0.027138978,0.0070455857,0.043965932,-0.051610623,0.11717703,-0.027707418,-0.0985572,0.0078098257,-0.0058133104,-0.01485842,0.06857596,0.034056228
P01501,-0.021784618,0.10789249,-0.0014860518,0.0058139805,-0.02535436,-0.010683875,-0.011282546,0.019016813,-0.03605123,0.0058761556,0.06755903,0.017980777,0.10933861,0.008735526,-0.019241892,-0.027003592,-0.0025758455,-0.03889398,-0.022145499,0.10470654,-0.007544568,0.0044598477,0.057068277,-0.074963704,0.088421375,-0.045384508,-0.11263326,0.0033996622,-0.015588865,-0.033440623,0.06153457,0.013465602
Q13480,-0.021916388,0.115491666,-0.011482502,-0.009995657,-0.017232941,-0.014631339,-0.006862381,0.035936795,-0.03270991,0.004319771,0.0640639,0.034816336,0.09929037,0.023157058,-0.005762629,-0.021484852,-0.0009266262,-0.04952235,-0.03217126,0.11522596,-0.019589579,0.009848496,0.04907662,-0.04889797,0.11303241,-0.029390382,-0.101195626,0.015712367,-0.012945491,-0.015784116,0.065574236,0.026993923
P00546,-0.027188577,0.10169649,-0.012635439,-0.0056811203,-0.010359867,-0.0053947335,-0.0111125,0.029196467,-0.02796626,0.014935413,0.06685328,0.012970711,0.09777014,0.015132779,-0.00905866,-0.02384996,-0.002881974,-0.061579533,-0.03722534,0.11507347,-0.03176018,0.003993622,0.04303906,-0.04926116,0.11437433,-0.02497458,-0.09842019,0.013793768,-0.011316218,-0.017903484,0.06722666,0.03927419
P60174,-0.013626425,0.14369664,-0.002055029,-0.021408457,-0.016390665,-0.004762954,-0.0008921446,0.04403048,-0.008925562,-0.009765177,0.06702657,0.05175752,0.09961088,0.034168106,0.0032531167,-0.018538423,-0.0092725735,-0.04360594,-0.050872926,0.11261301,-0.022713874,0.012346427,0.06384768,-0.07691565,0.120625846,-0.03124816,-0.10551012,0.017565392,-0.019725988,-0.01323415,0.08003004,0.023917537
P20937,-0.013594839,0.10704609,-0.01635369,-0.020960554,-0.013835275,-0.021615902,-0.012405819,0.047988877,-0.024044754,0.009648492,0.06030305,0.029651249,0.0860819,0.028073361,-0.004307358,-0.024489023,-0.008577742,-0.058923613,-0.01716636,0.12085321,-0.034798343,-0.0033779992,0.04500395,-0.048672955,0.11343316,-0.00966509,-0.105575584,0.0064672693,-0.015914539,-0.006858476,0.06828531,0.039342366
P07814,-0.023456153,0.10530763,-0.009533868,-0.013650021,-0.01195598,-0.004143564,-0.011176301,0.034199685,-0.020449378,0.012109479,0.067465074,0.014505382,0.101331264,0.02139372,-0.009758358,-0.021900607,-0.0068516983,-0.05280438,-0.02884777,0.11251423,-0.03182912,0.0076278225,0.043584205,-0.05662998,0.11279937,-0.021460438,-0.099304505,0.009052996,-0.017390676,-0.022018135,0.070888534,0.033885047
O75716,-0.026558787,0.100790545,-0.020769445,-0.017297722,-0.018083047,-0.024237156,-0.017001,0.044115532,-0.021195432,0.016981121,0.058588367,0.031902276,0.09742534,0.039516084,-0.0082158595,-0.025253436,-0.014452827,-0.045104135,-0.0062499596,0.12448599,-0.02551142,-0.0043210527,0.05395744,-0.051304437,0.11083589,-0.025612902,-0.10206987,-0.0015550593,-0.010198841,-0.0147464005,0.058777846,0.045305423
P0ADS2,-0.02195936,0.10934737,-0.0090788305,-0.009931365,-0.014630993,-0.016437061,-0.017229255,0.031049702,-0.0207588,-0.0022527415,0.05959425,0.03090914,0.104229145,0.013976138,-0.012600118,-0.02761555,-0.00676628,-0.05146925,-0.030416217,0.11473587,-0.029341731,0.01656229,0.045657463,-0.050725993,0.10580224,-0.027838422,-0.09685634,0.007949438,-0.0019363178,-0.015078441,0.06967162,0.0153150335
A0A0D1DWQ2,-0.0034914361,0.104811326,-0.016672317,-0.00906574,-0.018266466,-0.023073986,-0.020083943,0.03145626,-0.031138927,-0.0018984042,0.072818846,0.028910294,0.09910843,0.029051978,-0.002500021,-0.040546525,-0.0019501965,-0.07237598,-0.042397644,0.11743852,-0.033766616,0.0050412063,0.051035278,-0.06102119,0.11869492,-0.027285926,-0.100032315,0.013306396,-0.0015200216,0.0031083226,0.058122795,0.045604702
Q6ZU80,-0.016211124,0.09842604,-0.011840996,-0.0009092614,-0.01982445,-0.0210858,-0.019785395,0.027388504,-0.025722789,0.013786265,0.06773164,0.027859988,0.09775871,0.018646764,-0.022369813,-0.030375486,-0.012888518,-0.05991259,-0.034759324,0.11818016,-0.031030452,0.0041583315,0.048629757,-0.056465857,0.11923448,-0.029994229,-0.10329039,-0.004416291,0.003718356,-0.025735328,0.067285515,0.0282684
O08604,-0.030706683,0.08164572,-0.013464317,-0.0071474095,-0.0014229066,-0.024884006,-0.03691796,0.025075426,-0.019876448,0.009861401,0.057384357,0.011290415,0.10079795,0.017403655,-0.02925591,-0.036433645,-0.0023572913,-0.06621172,-0.03359592,0.121559285,-0.04360503,0.0021368472,0.038355395,-0.035720382,0.11813047,-0.03071002,-0.088835955,-0.0050917594,0.0025664922,-0.010116684,0.07889527,0.031380102
Q13501,-0.024992326,0.103861,-0.0069228923,-0.0046809046,-0.0127713485,-0.009855971,-0.010172106,0.027770402,-0.022306122,0.0075955926,0.06806865,0.020612191,0.09937837,0.013767944,-0.009092882,-0.025115442,-0.006465535,-0.059458666,-0.039066073,0.11597911,-0.029536227,0.009293628,0.048280645,-0.05299139,0.110390596,-0.032434415,-0.09552885,0.011388114,-0.009936915,-0.017067892,0.0695073,0.029585682
Q15046,-0.016645392,0.1094941,-0.009889322,-0.009847809,-0.018330654,-0.009286486,-0.008323873,0.034547556,-0.024118986,0.004288779,0.07017579,0.024009392,0.10441533,0.024548426,-0.0059117298,-0.021593371,-0.0063751154,-0.05120741,-0.026564498,0.114610836,-0.023665847,0.009146595,0.051001653,-0.06107866,0.10827416,-0.027861545,-0.10145187,0.014452277,-0.015753333,-0.01770305,0.06348369,0.0305607
O08583,-0.04545956,0.100889444,-0.004843944,0.017104428,-0.009281881,-0.013669642,-0.026433358,0.023406513,-0.038366687,0.012205649,0.0679323,0.010042497,0.095571406,-6.497849e-05,-0.019337585,-0.030710204,0.0099200355,-0.05649919,-0.044342473,0.10879297,-0.015874755,0.020251801,0.032993343,-0.03520313,0.1106858,-0.028882649,-0.08614711,0.010901682,0.011187462,-0.015990363,0.06398465,0.01922351
P0A6Y1,-0.012044703,0.09225034,-0.025072077,-0.00018592675,-0.032273754,-0.013844446,-0.029880093,0.022232564,-0.044475764,-0.00038729733,0.061461706,0.014264313,0.10852166,0.021378746,-0.024141798,-0.02889099,-0.024594486,-0.06843953,-0.025287574,0.12458531,-0.048526615,0.0010445389,0.03495935,-0.0615596,0.105557315,-0.027114598,-0.09594369,0.005696673,0.0054385723,-0.007187487,0.05748046,0.044121385
O33283,-0.017290149,0.1082413,-0.009643603,-0.0016558258,0.002989607,-0.024645628,-0.0054523177,0.030551985,-0.024274148,0.017872617,0.07449996,0.029411435,0.09968094,0.037134185,-0.013384268,-0.012198247,0.012091021,-0.042782973,-0.030530691,0.09910029,-0.02552148,0.02455091,0.049534317,-0.046637554,0.10606388,-0.032899063,-0.09706674,0.0069456683,-0.017080136,-0.02405934,0.06352459,0.023785016
Q9UNE7,-0.023111455,0.10395079,-0.008460751,-0.0040128767,-0.015457346,-0.009039421,-0.018632378,0.034432303,-0.022085747,0.00850158,0.06856945,0.019830037,0.09346768,0.018015983,-0.011715353,-0.026379194,-0.0063767303,-0.05783549,-0.03491022,0.11653274,-0.027306637,0.0033005162,0.045349415,-0.054992765,0.11299438,-0.02588845,-0.10082994,0.010088513,-0.0060860976,-0.014456646,0.07025057,0.03194375
O15264,-0.017485725,0.11170236,-0.010531991,-0.0006695728,-0.0105820075,-0.016641412,-0.006292975,0.022125492,-0.031819817,0.010406493,0.06920971,0.031042477,0.09845967,0.021506557,-0.009755137,-0.017716644,-0.00027191732,-0.057582963,-0.03256864,0.10460649,-0.02643557,0.021618651,0.04657759,-0.056173198,0.10303533,-0.031130949,-0.10364796,0.01649929,-0.008879902,-0.016653942,0.06518031,0.024107063
O43559,-0.026358465,0.10947464,-0.01822787,-0.02025131,-0.02072432,-0.012927234,-0.009825757,0.046454053,-0.026490187,0.006701055,0.05959664,0.026359221,0.10632025,0.023786193,-0.0071602548,-0.034572445,-0.009154176,-0.05128472,-0.022683445,0.12120129,-0.025910666,0.00027901615,0.048142932,-0.0501935,0.11905656,-0.02655465,-0.10168328,0.007942526,-0.012723869,-0.013112281,0.06560224,0.04507525
P0AE88,-0.025691966,0.111564554,-0.009932265,0.0029309348,-0.014595726,-0.013447522,-0.009808446,0.03315856,-0.037368346,0.009998888,0.06622636,0.027160948,0.10540405,0.012575053,-0.018566156,-0.028977344,-0.008021604,-0.054081455,-0.039703507,0.11220381,-0.027436158,0.012449923,0.04746276,-0.05721788,0.11376885,-0.038903903,-0.106697954,0.018658089,0.011672334,-0.014934738,0.06402543,0.024703758
P0AFF6,-0.023483226,0.09834912,-0.021832401,-0.000975887,-0.011603784,-0.005195537,-0.012896907,0.026741805,-0.024973376,0.02346305,0.06810994,0.013709705,0.0925108,0.009286945,-0.011745591,-0.031160057,-0.025874605,-0.061986912,-0.035303377,0.121107824,-0.038819496,0.0039767604,0.04133193,-0.061989795,0.11225619,-0.035588767,-0.09647846,0.0037458136,0.0023088688,-0.016068162,0.07044282,0.039301243
D9I2F9,-0.04175238,0.08576791,-0.0075975307,-0.008271793,-0.010782302,-0.029534206,-0.038840536,0.025180664,-0.033664178,0.016712958,0.06273729,0.022500128,0.08029792,0.017241742,-0.020613184,-0.027060438,0.008967834,-0.06259165,-0.035244215,0.11782126,-0.029114166,-0.0063373395,0.020293929,-0.020815585,0.1213939,-0.010471391,-0.095727086,0.0014371105,0.0145501075,0.011002655,0.07399444,0.040347088
O08807,-0.026709193,0.09506792,-0.010501813,-0.004797282,-0.012449577,-0.015203117,-0.022813834,0.034048915,-0.020734819,0.0115446225,0.06501948,0.02134443,0.09495881,0.014394629,-0.02316528,-0.03746587,-0.00594694,-0.060412988,-0.036336828,0.121959664,-0.03255704,0.009965825,0.042829618,-0.049519163,0.123145305,-0.029086784,-0.0983412,0.0061615184,0.0019256979,-0.021211185,0.069944024,0.028581547
P21981,-0.023915272,0.095553964,-0.012116958,-0.002797226,-0.019373927,-0.00272912,-0.012318056,0.03131822,-0.026615992,0.017957462,0.07218699,0.006242876,0.10222268,0.02502666,-0.012909736,-0.023813646,0.0012835657,-0.056579612,-0.022826293,0.11945605,-0.03322864,-0.00021269797,0.038290866,-0.04323874,0.1070812,-0.026236737,-0.09329097,0.017048016,-0.014300257,-0.028655007,0.057942946,0.03993524
Q12904,-0.019284733,0.09908562,-0.016775642,-0.0063438257,-0.022865135,-0.002719536,-0.015664032,0.033468172,-0.029871877,0.008420841,0.06905821,0.01361462,0.10105795,0.020915277,-0.017661,-0.022933597,-0.0048639313,-0.056592934,-0.027367633,0.120471,-0.035979167,-0.0026923101,0.048374355,-0.05655275,0.11062248,-0.029397892,-0.098819464,0.018449567,-0.007989577,-0.025284698,0.06721151,0.03749204
P68104,-0.020629471,0.11257288,-0.016163906,-0.008418963,-0.014001298,-0.015487257,-0.014140015,0.03440931,-0.02524758,0.007149488,0.06365118,0.0325742,0.09418354,0.023198245,-0.0040005315,-0.028387196,-0.0034141445,-0.06007355,-0.031259578,0.115371905,-0.026941253,0.009528558,0.050644964,-0.055523884,0.11455709,-0.023880513,-0.1007879,0.009573099,-0.010892697,-0.013791469,0.06715949,0.034797773
Q00613,-0.023920769,0.10182395,-0.009608769,-0.002285735,-0.011480576,-0.008275912,-0.013480191,0.027434343,-0.026920328,0.0073802867,0.06643919,0.014430225,0.10052692,0.01151358,-0.008872279,-0.02651529,-0.0042131827,-0.06428535,-0.039276715,0.11649083,-0.029648669,0.00889857,0.045627754,-0.05153464,0.11302003,-0.027674085,-0.09538281,0.012283574,-0.008900783,-0.015776457,0.068769105,0.03015577
P23256,-0.03460398,0.099759534,-0.0072139776,-0.0033890822,-0.017366793,-0.0030478954,-0.0170829,0.030862551,-0.021100044,0.0053426838,0.06656343,0.015381159,0.10842279,0.013284327,-0.012895075,-0.014874366,-0.005612012,-0.05283593,-0.031789254,0.10714612,-0.022519598,0.0055636643,0.03313349,-0.044588286,0.11531409,-0.01675158,-0.10258837,0.009730661,-0.006736152,-0.0074882074,0.06779411,0.039061952
P16568,-0.035094924,0.09922372,-0.010798976,0.0012229688,-0.011382857,-0.0047937436,-0.019670714,0.032404803,-0.032846786,0.01745602,0.06110578,0.0064185956,0.09324784,0.009699507,-0.018748883,-0.026241798,-0.0033189855,-0.058963478,-0.034318533,0.11405896,-0.028240686,-0.0012661519,0.039201837,-0.05053892,0.11445148,-0.022788856,-0.102410495,0.011391776,-0.004628361,-0.016052093,0.072367474,0.037062045
Q15637,-0.029063018,0.105838984,0.0024565475,-0.014718627,-0.011014829,-0.008123518,-0.022057958,0.0300496,-0.019783227,0.0041404236,0.07063738,0.014317822,0.09215226,0.016168645,-0.01276954,-0.028001403,-0.005261676,-0.0664745,-0.047724795,0.11683906,-0.033397377,0.006912874,0.041000713,-0.058408394,0.1192484,-0.022098863,-0.10014128,0.014808933,-0.0016745465,-0.0025888279,0.08635459,0.031260703
O60568,-0.014150784,0.115685195,-0.012367445,-0.0024095613,-0.013000857,-0.0046472433,-0.0006595038,0.028367938,-0.025226198,0.013909982,0.063523486,0.025285242,0.103047915,0.013681349,-0.011730367,-0.03301999,-0.004698342,-0.058572937,-0.04306445,0.11499131,-0.03495229,0.012974804,0.057101324,-0.06535757,0.10874628,-0.03545852,-0.102373146,0.013996017,-0.01142078,-0.03524954,0.06049061,0.024005288
P16152,-0.01811794,0.11934436,-0.015469137,-0.0077684103,-0.014439912,-0.00046602654,-0.0066438927,0.032754317,-0.01894276,0.0040992363,0.06718419,0.024794118,0.10503387,0.023831971,-0.00018231639,-0.021721372,8.629821e-05,-0.049247358,-0.030243082,0.11051893,-0.023621751,0.018422078,0.05073005,-0.058625903,0.10180423,-0.026032455,-0.09817343,0.02134423,-0.018678399,-0.0231084,0.058519363,0.030093927
P02511,-0.01727398,0.10543506,-0.008316167,-0.006747081,-0.011840266,-0.011498762,-0.008699846,0.03382793,-0.02733884,0.006213947,0.06575044,0.020357946,0.101717725,0.01718338,-0.0068674074,-0.025655113,-0.0038014564,-0.060251694,-0.032248683,0.11282431,-0.026255244,0.011548274,0.052929062,-0.058932234,0.11139407,-0.02649568,-0.097705804,0.010697135,-0.018412746,-0.012318172,0.07264974,0.02647792
P29350,-0.020026973,0.10727352,-0.014222173,-0.004536306,-0.014562191,-0.009329114,-0.011306814,0.029369673,-0.02862677,0.007556508,0.066804044,0.021972971,0.09978218,0.019004237,-0.007938868,-0.021819882,-0.0050267405,-0.060357794,-0.030421896,0.11310229,-0.029086752,0.007699744,0.047990084,-0.057052836,0.109891266,-0.026592702,-0.10084478,0.013316688,-0.01523503,-0.017249484,0.068099886,0.034859583
P43593,-0.023411812,0.10879896,-0.010857359,-0.007794096,-0.015522716,-0.008029917,-0.011161528,0.035130408,-0.029271703,-6.8675727e-06,0.064776756,0.022093566,0.10025079,0.011934604,-0.006405542,-0.022607187,-0.01429491,-0.054391593,-0.03826609,0.1142844,-0.027621258,0.007385589,0.050458003,-0.060652226,0.112960406,-0.029681548,-0.09878474,0.017277997,-0.0049767126,-0.010327346,0.0662147,0.032702435
O94444,-0.020928277,0.10526217,-0.0100785745,0.008713338,-0.016982986,-0.006370935,-0.0120145725,0.03709678,-0.035816487,0.015572491,0.07929028,0.008551644,0.097822346,0.011849258,-0.013133581,-0.02870936,0.0016762732,-0.05623563,-0.034161046,0.117102675,-0.0143004805,0.011158488,0.04124971,-0.04582949,0.11544072,-0.033635456,-0.09191721,0.016473144,-0.0019096987,-0.023303047,0.072614454,0.0200232
P0ABC7,-0.039540686,0.105356745,-0.00844254,0.008379431,-0.02245305,-0.003970837,-0.017444128,0.0111258915,-0.031139951,0.021962177,0.07445161,0.007966335,0.09225633,-0.0019021203,-0.027669176,-0.03099228,0.0005563238,-0.06354154,-0.05357232,0.12609689,-0.010844285,0.0123945745,0.02362257,-0.043822546,0.10607221,-0.030874962,-0.10392237,0.0035832298,0.004020489,-0.016596433,0.07327996,0.030983862
P25911,-0.022585105,0.10455204,-0.012741713,-0.0036783437,-0.01126018,-0.010335279,-0.008593581,0.028571932,-0.027191004,0.008925406,0.06908566,0.021757057,0.1015843,0.019077113,-0.0069953254,-0.019575423,-0.00012303832,-0.057773076,-0.03237858,0.112238094,-0.025856733,0.0132864695,0.04722779,-0.051469475,0.110398024,-0.027362067,-0.09968483,0.015031089,-0.012688536,-0.016210338,0.065875605,0.031808093
P13299,-0.015085295,0.11856356,-0.014895426,-0.0034115997,-0.010802544,-0.009988451,-0.0053562694,0.032737862,-0.026164472,0.003663476,0.061168484,0.032793388,0.10390537,0.02076705,-0.004832654,-0.021728853,-1.5927168e-05,-0.05295341,-0.033461224,0.10627968,-0.025290009,0.016258303,0.043468397,-0.05166735,0.11186147,-0.026025597,-0.0987172,0.018967537,-0.014376223,-0.010401625,0.07001101,0.02500365
P04818,-0.013845773,0.10822732,-0.014835871,-0.014324696,-0.020013183,-0.015410762,-0.01658042,0.0377743,-0.021238118,0.008081286,0.06676422,0.02841089,0.09748517,0.037119586,-0.0028332947,-0.024256904,-0.006348908,-0.060865823,-0.0280628,0.115849495,-0.031322625,0.0029114569,0.06042175,-0.05884498,0.111542694,-0.022082241,-0.10044767,0.006534291,-0.0075939167,-0.012815472,0.06804136,0.038993362
Q96EZ8,-0.019270305,0.1026247,-0.010603554,-0.00866577,-0.0176035,-0.008143091,-0.014431829,0.02619011,-0.02447726,0.008101962,0.06565924,0.014766198,0.10132282,0.020107405,-0.011844308,-0.029020332,-0.007185333,-0.06450084,-0.03785728,0.12479508,-0.033930685,-0.0020267097,0.04629334,-0.06018196,0.11470798,-0.024697864,-0.09987063,0.0093400385,-0.017317023,-0.018855982,0.064375706,0.042149913
P08318,-0.025480555,0.087648004,-0.020398192,-0.023283241,-0.013981372,-0.011882219,-0.04580338,0.026897175,-0.010405687,0.0044551217,0.0722814,0.011242599,0.10089481,0.035352353,-0.009564188,-0.047244687,-0.0036611676,-0.06765493,-0.03653438,0.12728624,-0.04231884,-0.0061121634,0.020590816,-0.040979233,0.13364348,-0.015224178,-0.10255011,-0.0013414506,0.0014747782,-0.012693015,0.050541595,0.06551917
O75031,-0.030706272,0.08751902,-0.019269865,-0.013629213,-0.017621942,-0.005544261,-0.018973516,0.03086235,-0.016548082,0.005608816,0.06453851,0.009031491,0.11117956,0.020904869,-0.004819611,-0.023896836,-0.011261215,-0.057658747,-0.020916753,0.13027824,-0.02936222,-0.0058200182,0.05171105,-0.052711286,0.117937624,-0.024834767,-0.09048745,0.0061106673,-0.01667888,-0.016087655,0.06437293,0.048808064
Q96AP0,-0.028449446,0.09566882,-0.012310689,0.001319557,-0.009246494,-0.015451516,-0.01767136,0.024511296,-0.030168537,0.015804686,0.0667766,0.013082894,0.096190736,0.021254327,-0.016082965,-0.024252718,0.005061685,-0.057233147,-0.028766142,0.11085233,-0.029957244,0.0041838665,0.037956674,-0.04274827,0.106936336,-0.02967069,-0.09353744,0.013445499,-0.013456428,-0.014364796,0.067503996,0.04063499
Q8N960,-0.0112897055,0.103057586,-0.012065218,-0.004274269,-0.012059946,-0.013755324,-0.004381262,0.015935771,-0.026740432,0.016802879,0.075086944,0.016126443,0.08695724,-0.001511292,-0.015916454,-0.030792126,-0.011263161,-0.07915485,-0.055816203,0.12451912,-0.041418854,0.017330302,0.034037184,-0.04477771,0.113943934,-0.025264883,-0.09863505,-0.0018793704,-0.003521376,-0.035367016,0.066314705,0.02392372
P41797,-0.025233,0.09614642,-0.017176399,-0.0016514222,-0.0106761465,-0.008082743,-0.021029798,0.03017692,-0.028681515,0.010465459,0.06605968,0.0047605406,0.0945328,0.013168456,-0.014390612,-0.023590695,-0.0036106703,-0.06513337,-0.03104936,0.11601195,-0.03451598,0.00052534055,0.034348566,-0.047898687,0.114557005,-0.01673409,-0.10083602,0.011394849,-0.009460662,-0.014753099,0.06997133,0.044254743
P00330,-0.01484115,0.10627558,-0.013635592,-0.018175604,-0.018587606,-0.017136568,-0.0077441176,0.03421349,-0.031556863,0.013977728,0.059565466,0.029605165,0.10798444,0.026428672,-0.0147294765,-0.033493854,-0.003989362,-0.056076743,-0.023555133,0.11955766,-0.031146744,0.011164826,0.05093218,-0.05589611,0.10732693,-0.02741121,-0.10118395,0.011854248,-0.011609652,-0.011988236,0.06473339,0.029493855
O43639,-0.025402468,0.10433165,-0.012608439,-0.011723666,-0.012288712,-0.011514591,-0.01384172,0.029149646,-0.025650218,0.005929445,0.063003644,0.026422089,0.1059673,0.024495862,-0.013781125,-0.027863268,-0.008344286,-0.058413923,-0.031911198,0.111861944,-0.032807637,0.019291418,0.04801019,-0.056743305,0.112964414,-0.034050655,-0.099762574,0.006372056,-0.015565289,-0.019856626,0.066533096,0.03288588
P08638,-0.009023807,0.12623928,-0.007892459,-0.007259259,-0.02193124,0.0021862288,-0.010279369,0.029804798,-0.013853031,-0.021538822,0.06690527,0.036341377,0.10862779,0.018176502,-0.0026979914,-0.019006578,-0.012857035,-0.060080733,-0.052171838,0.11870914,-0.033533495,0.012020136,0.066186644,-0.07650315,0.1067353,-0.040575102,-0.097221375,0.025269918,-0.011903516,-0.0152486665,0.07623393,0.020343723
Q59NQ5,-0.020020954,0.10835495,-0.014144547,-0.0015118656,-0.016166674,-0.0018913482,-0.008934089,0.0213226,-0.021788865,0.003414547,0.06473789,0.016238457,0.09743186,0.0071370583,0.0092522865,-0.026779316,-0.013169234,-0.07171931,-0.038355697,0.122561336,-0.022851879,0.01407028,0.061086107,-0.056846872,0.10432676,-0.03121604,-0.09134851,0.012959096,-0.017905077,-0.0374994,0.05492356,0.026818126
Q16543,-0.036332242,0.09558869,-0.0119384555,-0.0027639489,-0.012507185,-0.013589642,-0.021978693,0.03364688,-0.031815805,0.017005807,0.059332177,0.013717253,0.09671387,0.0177556,-0.02128755,-0.026613735,-0.0022916517,-0.056531038,-0.023915933,0.1122822,-0.026002754,0.009077315,0.03848752,-0.045840636,0.10897925,-0.01984098,-0.10160697,-0.0010487848,-0.011955691,-0.014260582,0.06516558,0.03629899
P03952,-0.012075402,0.12530573,-0.01084805,-0.004637391,-0.017486658,-0.0036545033,-0.006160144,0.039852317,-0.01821082,0.0022618675,0.06573955,0.03723173,0.093874946,0.024359263,-0.004677818,-0.023489265,-0.010050457,-0.04889993,-0.038258404,0.110256165,-0.025586741,0.008964497,0.06055877,-0.07439947,0.10764253,-0.032633025,-0.106658846,0.015827365,-0.015827378,-0.019773135,0.067841716,0.026283007
P50552,-0.015666291,0.106841065,-0.014121936,-0.022098387,-0.022010902,-0.024702432,-0.012560524,0.040687397,-0.017230285,-0.00038321255,0.06734286,0.045488637,0.0973104,0.038080815,0.0046412745,-0.026621377,-0.0125747435,-0.059011806,-0.021277362,0.12634869,-0.022073833,0.013055503,0.053686008,-0.052133303,0.118848205,-0.020855999,-0.09955763,0.0049980306,-0.017360285,-0.009603783,0.051882047,0.040838506
P09237,-0.032787655,0.10804599,-0.005167669,-0.0019766502,-0.014133357,-0.010773918,-0.010155734,0.030144691,-0.02386505,0.010426339,0.066515185,0.024418492,0.10263349,0.02656423,-0.008186277,-0.016484369,-0.0017512558,-0.043431863,-0.015348213,0.099942975,-0.020222817,0.009322934,0.045418046,-0.054594867,0.10144053,-0.032219943,-0.10222469,0.011278924,-0.021745555,-0.02427899,0.061603174,0.033568464
Q00987,-0.022573967,0.10650501,-0.010019476,-0.0048277276,-0.010226308,-0.01055588,-0.014202123,0.034455627,-0.021414071,0.007894171,0.06603713,0.02380045,0.09399342,0.018462386,-0.008051383,-0.025918389,-0.0039164657,-0.05821161,-0.037102405,0.11466159,-0.028749293,0.009909375,0.04786496,-0.052643973,0.114526324,-0.026547538,-0.098614246,0.01034934,-0.008599144,-0.016191738,0.0696043,0.028212013
O14036,-0.041466948,0.08647145,-0.017846346,0.00079525076,-0.004556286,0.0038062495,-0.035680015,0.025452184,-0.020229053,0.015569943,0.061479744,-0.008950835,0.10226929,0.004114437,-0.021420622,-0.04007324,-0.011817299,-0.06963552,-0.03870342,0.121536836,-0.04380324,-0.009672474,0.04209962,-0.05936579,0.12007925,-0.034274593,-0.094464995,0.006311195,0.004092011,-0.014724594,0.08262266,0.046747494
Q9NQ66,-0.013148205,0.12139849,-0.016513903,-0.016328955,-0.013909538,-0.014002105,-0.01078776,0.041307125,-0.013133986,-0.0016095943,0.06508555,0.041391823,0.098417364,0.031991128,0.0073789814,-0.029938897,-0.007671748,-0.057142418,-0.03615311,0.11690724,-0.026039915,0.020330707,0.058146458,-0.055750076,0.113299236,-0.026199775,-0.09460368,0.013476427,-0.0103085665,-0.011192359,0.061085314,0.030672874
P08168,-0.020563908,0.106864,-0.01097074,-0.011220129,-0.010592279,-0.005372391,-0.017434502,0.028287634,-0.02825432,-0.0018059075,0.0651302,0.01260983,0.11112229,0.0060564084,-0.018191326,-0.035128035,-0.0055183563,-0.05949635,-0.044335973,0.11748972,-0.037631735,0.011461579,0.042827822,-0.060397245,0.1136276,-0.03429892,-0.09937997,0.020931307,0.006760519,-0.009133174,0.078701265,0.021662239
P60520,-0.015410996,0.117836535,-0.020941135,-0.0023779427,-0.011661311,0.0010099949,-0.026340619,0.032342266,-0.014195479,0.0014896875,0.057879645,0.028365562,0.09648241,0.015637606,-0.009166401,-0.040606182,-0.0083429925,-0.07185908,-0.053405106,0.11542472,-0.034923233,0.01584292,0.06487669,-0.06881842,0.11236465,-0.033831235,-0.10209812,0.00994751,0.0028692042,-0.01929806,0.07605947,0.02417885
P04053,-0.009302393,0.11776562,-0.016914647,-0.0022658817,-0.017907964,-0.013097091,-0.0009159312,0.034755327,-0.021867014,0.0024340681,0.064940184,0.032306056,0.09963219,0.024377473,0.0029972785,-0.013497338,-0.008845364,-0.05041532,-0.018918138,0.11152317,-0.022913782,0.011476641,0.061482966,-0.064678565,0.0971802,-0.02562407,-0.10196352,0.014046451,-0.01907312,-0.021744702,0.061970543,0.02514542
P62913,-0.018033063,0.09989733,-0.017996795,-0.00075867627,-0.01343951,-0.010837018,-0.01793996,0.031854346,-0.027731897,0.0118338,0.061064564,0.015218605,0.090544574,0.013046817,-0.01120774,-0.030734478,-0.00944191,-0.07061724,-0.03496195,0.12043516,-0.032733005,0.0006205961,0.046291977,-0.058337092,0.11733405,-0.018033942,-0.10189098,0.0055856328,-0.012606191,-0.013118231,0.0696507,0.04074438
P68400,-0.025676036,0.10211629,-0.013180821,-0.011457069,-0.011951436,-0.010445144,-0.011383564,0.028996466,-0.023367858,0.009201446,0.06545809,0.017449865,0.09956762,0.017512726,-0.008830923,-0.023835482,-0.002878427,-0.055852722,-0.031198906,0.11417769,-0.030798646,1.1482345e-05,0.046845824,-0.051812854,0.115448095,-0.026643422,-0.09995474,0.01092277,-0.01413905,-0.02216546,0.069178715,0.039894443
P0A6F1,-0.027064407,0.10049364,-0.011837848,-0.0017350833,-0.018818296,-0.0063868836,-0.019706225,0.029385619,-0.024868177,0.019486366,0.06296563,0.012563089,0.091121376,0.014999464,-0.016417492,-0.032401435,-0.02184487,-0.067085296,-0.03650509,0.1264322,-0.03909637,-0.00262513,0.037852548,-0.059371367,0.1192613,-0.022002436,-0.09789896,0.009027604,0.001881316,-0.017922513,0.06480589,0.04308331
P0A7R5,-0.0191813,0.104137994,-0.015788447,-0.01565306,-0.009712486,-0.017119233,-0.025682056,0.031264015,-0.021902528,0.006290962,0.05294599,0.029178953,0.09735919,0.018177107,-0.019577697,-0.041781742,-0.017868187,-0.068377614,-0.039019562,0.12356206,-0.04220001,0.017827177,0.04917325,-0.06391914,0.113801815,-0.026006442,-0.10395314,-0.0012886204,-0.0015884023,-0.010737499,0.06894942,0.027639028
P0A964,-0.028990453,0.1018031,-0.018841218,-0.0060769413,-0.01910697,-0.013654661,-0.007903755,0.034805942,-0.035078213,0.01979749,0.06396873,0.022647267,0.09347996,0.023739878,-0.016501796,-0.023216069,-0.009518823,-0.058997385,-0.024101619,0.1186741,-0.030376295,0.002561891,0.041154955,-0.048053738,0.11394209,-0.028515678,-0.10470301,0.008928345,-0.014037713,-0.020409536,0.063507214,0.04969318
P59240,-0.04010177,0.09136526,-0.0028986244,-0.0073768985,-0.013039578,-0.011548042,-0.023063254,0.026746381,-0.032067332,0.017679075,0.06642571,0.01648762,0.09164467,0.009383691,-0.016047992,-0.021838656,-0.0084386105,-0.063902155,-0.037782505,0.11370654,-0.032105412,0.003874345,0.028087554,-0.039820686,0.12109437,-0.015119088,-0.10111899,0.0038947426,0.006318745,-0.0054282327,0.06908682,0.0353607
Q9Y6I3,-0.008636388,0.10168189,-0.009984317,-0.014910321,-0.016034724,-0.008528472,-0.022477776,0.027857197,-0.023680806,-0.006928501,0.06488591,0.019674497,0.09052372,0.010930317,-0.013527433,-0.027799556,-0.025533326,-0.06437525,-0.039466903,0.12724327,-0.047191497,0.0039034889,0.050436486,-0.075702734,0.108488105,-0.030978516,-0.10103818,0.014914431,-0.0022794306,-0.014430222,0.076065116,0.021751791
P0A7V8,-0.025094258,0.099888355,-0.015308215,-0.008307517,-0.008835339,-0.0060950425,-0.019394595,0.022484737,-0.022307513,0.022310238,0.060049333,0.0109568015,0.09836161,0.020948496,-0.021772727,-0.029513031,-0.009313185,-0.068853654,-0.037169896,0.11891837,-0.04282424,0.0065368772,0.044196893,-0.06088039,0.10833368,-0.02419492,-0.10264501,0.009683428,-0.0056287735,-0.014030485,0.07312668,0.041740347
P03375,-0.01362286,0.096670225,-0.019703522,0.008825164,-0.012751563,-0.0021856644,-0.014560265,0.028659552,-0.027564827,0.006818705,0.074367,0.0064554685,0.10769537,0.01891614,-0.008079721,-0.025651257,-0.009182082,-0.06523987,-0.032146856,0.11513076,-0.03704614,0.004261596,0.039629508,-0.061729554,0.118671745,-0.028202115,-0.08838222,0.013742173,-0.01729482,-0.012507196,0.06367832,0.044357013
O34002,-0.010508191,0.11531415,-0.026933566,-0.0042486787,-0.007597298,0.0031484272,-0.004096659,0.033391666,-0.040861093,0.015393031,0.071554035,0.0031206291,0.10614089,0.020146532,-0.020998068,-0.0314278,0.020183353,-0.06825171,-0.047840755,0.11504965,-0.052382875,0.014263564,0.036798093,-0.04983719,0.11682094,-0.020371785,-0.10145819,0.024973378,-0.010628474,-0.0319737,0.07118099,0.03735469
P10443,-0.015404656,0.10691344,-0.018241921,-0.009715667,-0.00985978,-0.015653647,-0.0036805582,0.02797147,-0.024282636,0.007142121,0.06584878,0.025801994,0.102531254,0.018218977,0.0021091297,-0.024570322,-0.007283975,-0.067320086,-0.038744953,0.11801214,-0.025941648,0.023705294,0.053666223,-0.05504879,0.11390049,-0.020917416,-0.09496217,0.009952333,-0.014978729,-0.009924669,0.061525557,0.03568567
P61964,-0.022591935,0.107152276,-0.0108328955,0.0014377334,-0.014842406,-0.005197544,-0.011192204,0.025854873,-0.025922947,0.009910453,0.066152126,0.016942888,0.09630321,0.011004899,-0.0077662575,-0.025566557,-0.00860701,-0.059387453,-0.03825827,0.118842214,-0.027942955,0.005861881,0.053846236,-0.063077465,0.10588986,-0.031590536,-0.0947791,0.015188601,-0.010475382,-0.022671333,0.063981555,0.029652903
O22793,-0.013178999,0.11678673,-0.008089933,-0.003477557,-0.014431851,-0.013834894,-0.0058839633,0.024323566,-0.032785367,0.009176344,0.06969755,0.023619208,0.101981245,0.019155355,-0.013458242,-0.020406347,-0.0054423315,-0.05484461,-0.035702366,0.11235772,-0.03291496,0.01972049,0.035419635,-0.05536557,0.10691687,-0.024797227,-0.08920278,0.016682047,-0.011029023,-0.016015211,0.070414945,0.0208911
P04806,-0.021711852,0.08596599,-0.019173142,-0.020665081,-0.017613512,-0.015406509,-0.031775057,0.03080351,-0.031306818,0.010917076,0.06071563,0.0135261845,0.103366345,0.021241536,-0.022477822,-0.05120738,-0.0037282365,-0.075833604,-0.04034871,0.12971322,-0.0430683,-0.0040387707,0.046938226,-0.052942798,0.12798184,-0.025685707,-0.09608509,-0.0016246707,-0.0038059736,-0.0027286995,0.07332454,0.05033727
P04807,-0.023403099,0.09353178,-0.024817439,-0.017256754,-0.01679426,-0.009917066,-0.02551011,0.03283941,-0.025632601,0.00676392,0.060647614,0.016504915,0.10647639,0.019990902,-0.01516748,-0.04135372,-0.0051123844,-0.066516265,-0.036781643,0.1267489,-0.038643274,-0.004182899,0.05169312,-0.05376268,0.12444525,-0.028369468,-0.09725891,0.0057279775,-0.0018665398,-0.00882474,0.07081461,0.049641147
P02746,-0.02121796,0.10772828,-0.018812766,-0.0047630244,-0.011911282,-0.008239528,-0.0059282207,0.03941056,-0.025132596,0.008996399,0.07143657,0.03533978,0.10648147,0.0346596,0.0013671558,-0.015860286,0.0071806423,-0.0413648,-0.014314267,0.10922545,-0.022439767,0.008034976,0.041357998,-0.042995684,0.109093145,-0.027373206,-0.09894703,0.021230096,-0.029653195,-0.016316019,0.049610406,0.04114879
O88951,-0.033552185,0.08104073,-0.024300868,-0.02093509,-0.009567476,-0.018778296,-0.023427546,0.047555435,-0.03126374,0.025225768,0.06187354,0.005781049,0.07838429,0.022817696,-0.019829646,-0.037865996,0.0013863625,-0.07086525,-0.028185917,0.13269745,-0.031058835,-0.010826436,0.035163846,-0.03673051,0.13369972,-0.0060187564,-0.11864763,0.0016769593,-0.009236,-0.008812915,0.06278358,0.068243705
O76054,-0.021364069,0.10260497,-0.011663801,-0.010839291,-0.022290913,-0.019835373,-0.0084454585,0.042047914,-0.018922208,0.0031569107,0.06470058,0.033170857,0.09666922,0.024981923,-0.0018624393,-0.020768993,-0.01757027,-0.047134575,-0.013935341,0.124488115,-0.017512085,0.008722295,0.05929615,-0.058356754,0.10411891,-0.026499651,-0.10545157,0.00090557616,-0.0125954505,-0.019346993,0.052340627,0.02710474
P03485,-0.007752383,0.10085415,-0.026300922,-0.005863011,-0.016264884,-0.009970979,-0.0079202475,0.035416804,-0.019598177,0.012247595,0.06362117,0.027438382,0.096559994,0.027957296,-0.0029653988,-0.021242872,-0.009766606,-0.05713196,-0.0062797423,0.11743925,-0.036162507,-0.004316199,0.040361583,-0.053792033,0.105870925,-0.020380827,-0.10105904,0.011605029,-0.0292573,-0.01513877,0.059887785,0.044453334
P54786,-0.028188935,0.08516864,-0.025776727,-0.024745103,-0.01966663,-0.015267593,-0.02638838,0.03736662,-0.032023087,0.02186349,0.053299103,0.014505059,0.09463428,0.01939252,-0.017828666,-0.044241738,-0.00906873,-0.07237363,-0.025982121,0.14101559,-0.03484725,-0.0057898522,0.03979339,-0.040025644,0.1275792,-0.011502491,-0.097126536,0.005673801,-0.004911336,-0.006924291,0.06335739,0.054995365
O43614,-0.035635367,0.096336395,-0.01832109,-0.0058822585,-0.014278851,-0.0064967964,-0.010311389,0.0419437,-0.035551637,0.027557949,0.062444463,-0.0009870816,0.09212173,0.01590709,-0.019032173,-0.028942455,0.0030306627,-0.060496315,-0.02358985,0.1281436,-0.026964966,-0.008466484,0.035676945,-0.03871803,0.11455184,-0.017180335,-0.10261392,0.01660231,-0.0134835495,-0.01603927,0.06802258,0.05201428
O58966,-0.027582385,0.100513525,-0.025265425,0.0009021815,-0.013919768,-0.0042310324,-0.010683596,0.035722222,-0.03288143,0.014950489,0.064442515,0.0076461583,0.09992516,0.016325692,-0.013142212,-0.033760447,0.0013252861,-0.050537158,-0.014097441,0.10129247,-0.021430748,0.0065533738,0.053486735,-0.06325045,0.10206788,-0.037010256,-0.10454146,0.016428554,-0.027416354,-0.027831405,0.06427034,0.050091177
P61086,-0.02315425,0.101786196,-0.012594618,-0.0051550614,-0.012067194,-0.0038141028,-0.018350646,0.028493814,-0.021240907,0.017104326,0.064035244,0.010537944,0.090971984,0.016183773,-0.019091455,-0.030141408,-0.012851473,-0.06787557,-0.044828754,0.12325322,-0.042069912,0.006262185,0.045926616,-0.058211252,0.11305583,-0.026302824,-0.09729134,0.012333624,-0.0067528677,-0.024405112,0.07212059,0.03911092
P0ADY3,-0.025262143,0.085501075,-0.017187204,-0.0057623517,-0.022123557,-0.022675287,-0.03155984,0.03739331,-0.041901693,0.01711273,0.059819542,0.012660833,0.100312546,0.024989806,-0.027813852,-0.04275152,-0.011610867,-0.073190525,-0.025287824,0.1339247,-0.03862634,0.0060241763,0.036604796,-0.0447593,0.11880903,-0.021259282,-0.09129219,0.0017369902,0.00511027,-0.00010135956,0.06405308,0.041751724
P33421,-0.020635277,0.08293717,-0.013802019,0.009464748,-0.012369399,0.0064974874,-0.015452483,0.026086802,-0.0336041,0.020140087,0.07271828,-0.014467309,0.09843128,0.012369565,-0.014007641,-0.021661993,-0.0020761914,-0.06901084,-0.029756974,0.119272105,-0.034551535,-0.0021219999,0.03799237,-0.048516724,0.10894916,-0.02632694,-0.088467635,0.026330637,-0.012661246,-0.019166756,0.06663898,0.036903925
B9VJ59,-0.014830217,0.13047485,-0.0037673307,-0.022575513,-0.017845307,-0.006705494,0.0023896068,0.041214753,-0.024353284,-0.014960801,0.061816707,0.0395364,0.10811818,0.014618104,0.0032476708,-0.015382795,-0.00410284,-0.04127645,-0.0376791,0.107306756,-0.017261522,0.018278774,0.06489856,-0.06650044,0.10177461,-0.029692877,-0.104649454,0.023609776,-0.015490761,-0.008969724,0.076510504,0.010282436
P13232,-0.019331185,0.10598349,-0.01696941,-0.006233065,-0.018043876,0.0021948938,-0.014879834,0.039571095,-0.017950943,0.006351664,0.06733471,0.022113537,0.10650929,0.02880755,-0.0046362304,-0.022318413,-0.010677696,-0.05373986,-0.024138406,0.113139726,-0.034664746,-0.00042440684,0.048911914,-0.06308205,0.11939224,-0.025349803,-0.09663805,0.015991569,-0.015535402,-0.01766325,0.06604605,0.042486966
P98170,-0.027237037,0.1031847,-0.0063980287,-0.0020885814,-0.011463561,-0.011171627,-0.01408852,0.032560945,-0.022847071,0.010332664,0.06910292,0.018224522,0.09398862,0.01521354,-0.01020581,-0.023183977,-0.004573258,-0.05716923,-0.036520313,0.116831824,-0.027353663,0.0074226516,0.04766776,-0.050956313,0.1124264,-0.027433265,-0.09519393,0.011319487,-0.007232391,-0.018326636,0.07015103,0.028858105
Q08379,-0.02782549,0.103917085,-0.009488481,-0.0059820665,-0.014336752,-0.010255782,-0.020445287,0.032854255,-0.024179166,0.009507207,0.068032846,0.021570206,0.09978528,0.018807761,-0.015033176,-0.030350065,-0.0010145658,-0.05488659,-0.036553875,0.11499058,-0.027154217,0.011326505,0.04451928,-0.04854514,0.11354357,-0.028822795,-0.09648685,0.01108948,-0.0020543833,-0.018894399,0.06558118,0.029784918
P00191,-0.029807279,0.10354477,0.0062010083,-0.0022852372,-0.01249824,-0.011354171,0.0034082464,0.02861771,-0.05223314,0.0057412237,0.07064813,0.03205329,0.10774469,0.007297397,-0.012826177,-0.011630896,-0.004072212,-0.046432305,-0.04321653,0.097595625,-0.03993291,-0.0007247959,0.046715274,-0.053589236,0.10551987,-0.045795098,-0.10864114,0.023252644,-0.0060918373,-0.006177163,0.066230364,0.025162354
P09032,-0.027145952,0.08720294,-0.01841436,-0.007245624,-0.00944593,0.0014501216,-0.025236625,0.019133577,-0.029447356,0.016024573,0.06495431,-0.0006388385,0.09537221,0.0072368486,-0.019617314,-0.028810257,-0.011623454,-0.07202075,-0.04079617,0.11618022,-0.05210898,-0.008705312,0.030565416,-0.05681297,0.11789702,-0.020461613,-0.10325718,0.011131691,-0.0019067507,-0.015453616,0.06638247,0.052442573
P11229,-0.035210654,0.09198122,-0.01744874,-0.0144844,-0.01012954,-0.008671234,-0.008521968,0.027853664,-0.030988574,0.019963712,0.059205107,0.014340812,0.106864594,0.019656738,-0.017318143,-0.027331386,0.0082169175,-0.047188826,-0.016113652,0.11235322,-0.030786475,0.0020218524,0.0389091,-0.040462963,0.10706979,-0.029564122,-0.09971192,0.013044861,-0.026562706,-0.026211575,0.05780996,0.044828184
P19784,-0.025438974,0.11390916,-0.020930637,-0.014392979,-0.008289262,0.002224642,0.0017845662,0.030546887,-0.029256612,0.002756918,0.062107,0.014882066,0.10630611,0.010284936,0.010965903,-0.019742707,0.0034437075,-0.054442693,-0.03770888,0.11264009,-0.022842105,-0.00024214014,0.06532146,-0.058169086,0.11269229,-0.030719453,-0.09577793,0.026816828,-0.022601908,-0.021215653,0.069216415,0.039396796
Q13951,-0.01052801,0.11748246,-0.01158537,-0.008298361,-0.014307401,-0.00012121474,0.0072560795,0.031043068,-0.018935693,-0.0024309244,0.07273883,0.018066278,0.10316237,0.017973987,0.017383786,-0.012134992,-0.0073489645,-0.05456089,-0.03228869,0.12108749,-0.020864552,0.0068528666,0.06411132,-0.067466564,0.10423794,-0.028185124,-0.0870632,0.027286613,-0.037044615,-0.023028465,0.06346752,0.032836284
P09326,-0.01663878,0.098931305,-0.021862831,-0.0013260416,-0.016438972,-0.010068698,-0.01856175,0.0396747,-0.03265775,0.015385372,0.068118975,0.013628885,0.09525169,0.019513026,-0.014234605,-0.03029484,-0.010279318,-0.062129784,-0.02660365,0.12041595,-0.030743305,-0.00042253797,0.037089154,-0.052538984,0.115880355,-0.020015957,-0.10527493,0.007284558,-0.010236209,-0.013312903,0.060700703,0.046796072
P20065,-0.03434551,0.10608843,-0.0032974165,-0.008398542,-0.0077142096,-0.013509274,-0.00332695,0.03257351,-0.03438863,0.0057965317,0.07008844,0.026489148,0.10174925,0.00424621,-0.011510122,-0.021914983,-0.0074614305,-0.053708095,-0.048826937,0.11338543,-0.021055145,0.020267712,0.040681336,-0.047783658,0.12819614,-0.031911317,-0.102665216,0.01744633,0.0064156833,-0.011951693,0.06479285,0.023427175
Q06124,-0.0247878,0.106483184,-0.013245873,-0.0010760576,-0.012350619,-0.009551554,-0.0103655,0.027535101,-0.028064229,0.0112792,0.06715143,0.0197266,0.09714705,0.016060453,-0.006918486,-0.0208698,0.0017046909,-0.056799043,-0.029993176,0.11142498,-0.02103753,0.010437948,0.051556285,-0.05397129,0.10647563,-0.02750866,-0.09987365,0.012357801,-0.014788384,-0.022399005,0.0671905,0.029571457
Q383B2,-0.008553969,0.11386931,0.0039866297,0.0013304949,-0.039604276,-0.021506213,-0.019513624,0.036793984,-0.044097625,-0.0015267795,0.06606699,0.037135907,0.097072124,0.023240436,-0.021076763,-0.036572788,-0.022300549,-0.04887905,-0.036154207,0.12235771,-0.02045532,0.0051238406,0.051125027,-0.07538362,0.119649604,-0.030952767,-0.09530683,0.007351622,0.001771512,-0.020582974,0.051483314,0.013505688
P48415,-0.03279542,0.09354469,-0.008201323,-0.0011996893,-0.0028910066,-0.0013633575,0.00011831274,0.010937731,-0.018757688,0.021252438,0.069813244,-0.0012637625,0.11021101,0.003500655,-0.009243789,-0.028436573,0.0008705904,-0.06348526,-0.04170729,0.12336865,-0.039250392,0.013941073,0.037830107,-0.040440273,0.10854619,-0.03635764,-0.07358868,0.01626784,-0.02419939,-0.035474006,0.06512698,0.033232953
P16143,-0.013786185,0.10294809,-0.02129654,0.0017008433,-0.010407218,-0.0022239636,-0.0012340145,0.024105817,-0.03315856,0.021923892,0.057584304,0.010800649,0.09469185,0.0069093653,-0.0098366365,-0.029716322,-0.0054326137,-0.06877515,-0.02874671,0.11550436,-0.037237387,0.0010517751,0.051313784,-0.06679076,0.10590815,-0.025522508,-0.10151523,0.023437604,-0.022918785,-0.02060387,0.07182566,0.038572136
O74499,-0.036987416,0.091345794,-0.015601054,-0.0068031135,-0.012788268,-0.0029078333,-0.031647246,0.029222978,-0.021312078,0.004154018,0.06547352,0.0047352896,0.11172754,0.016560495,-0.009654613,-0.03196534,-0.013253869,-0.06545574,-0.03457391,0.11936009,-0.038589455,-0.009910018,0.044326797,-0.05508297,0.122763395,-0.031168524,-0.09265745,0.0024512447,-0.0006232548,-0.0067673004,0.07320562,0.05186471
P18065,-0.02399288,0.12022017,-0.013034032,-0.0054501435,-0.021999227,-0.0032510927,-0.012074421,0.049480062,-0.018388528,0.0025904502,0.066641636,0.03021594,0.098974235,0.030934002,-0.0051832404,-0.020025589,-0.0057383105,-0.043334663,-0.026962934,0.115069665,-0.019408217,0.008467417,0.05516031,-0.05871033,0.1100213,-0.028472466,-0.09831402,0.01786939,-0.009422226,-0.013116599,0.07343196,0.030434515
P01586,-0.03064321,0.09857834,-0.015510838,3.582781e-05,-0.0077148494,-0.0005184734,-0.012723032,0.030092878,-0.027994288,0.012559047,0.065429755,0.00899523,0.10298964,0.0111030415,-0.0119639225,-0.023319023,-0.0022408373,-0.054272264,-0.030908253,0.11063068,-0.030462945,0.0067177163,0.04595376,-0.055805266,0.11138964,-0.030339833,-0.0981616,0.01700432,-0.010911496,-0.020008992,0.067583725,0.034725484
Q92734,-0.0200215,0.0958594,-0.0059020123,-0.004845456,-0.0062212376,-0.014714001,-0.019637467,0.027316552,-0.015548746,0.00717631,0.06354375,0.027221944,0.096856475,0.011244467,-0.019607376,-0.026411578,-0.010754702,-0.06051896,-0.033901565,0.11443535,-0.040185817,0.02085949,0.044574894,-0.051629286,0.10352967,-0.03204442,-0.097552024,0.009767283,0.0067887036,-0.010873226,0.074396566,0.00881678
P03957,-0.024997467,0.10187057,-0.0059138946,-0.0040305518,-0.0103298845,-0.008115813,-0.01600227,0.031277552,-0.023856018,0.002029034,0.06825603,0.0159899,0.09747976,0.010835695,-0.0065253843,-0.024567647,-0.005850147,-0.061355338,-0.039489362,0.11604718,-0.028840717,0.006810983,0.043754254,-0.05426867,0.11376712,-0.02531796,-0.09798696,0.013213058,-0.0074756076,-0.00788781,0.06992465,0.029164191
P00257,-0.01597393,0.12683985,-0.007483055,-0.0016669363,-0.021727875,0.010702596,-0.021340799,0.041920554,-0.023090024,-0.014671361,0.057550758,0.02072303,0.1044901,0.0042185253,-0.004332456,-0.02671277,-0.022294011,-0.05884102,-0.045253035,0.11321658,-0.031302795,0.0043865717,0.0627576,-0.07604492,0.10122192,-0.03312597,-0.10360664,0.020937024,-0.0030356187,-0.01461226,0.084084496,0.013017896
P49710,-0.021072295,0.101406425,-0.0127833905,-0.008609735,-0.014084495,-0.012243546,-0.010098893,0.025092686,-0.023255687,0.002729079,0.06557004,0.0270958,0.10902465,0.017343609,-0.0054381546,-0.028373832,-0.0051454823,-0.0662824,-0.034887455,0.1199595,-0.030124722,0.013289843,0.048532605,-0.052215897,0.11943516,-0.029070048,-0.095244795,0.012537516,-0.01640511,-0.018225603,0.061600473,0.035911683
P08171,-0.032806147,0.09410913,-0.013369468,-0.0046278965,-0.020981243,-0.0013734879,-0.02695982,0.043711573,-0.024154214,0.008568872,0.06719491,0.014752618,0.10157016,0.017952599,-0.01672268,-0.030288767,-0.008615632,-0.053625442,-0.024040109,0.11848314,-0.02971247,-0.004001014,0.03507973,-0.049195252,0.12204146,-0.019613976,-0.108475596,0.0071824403,-0.005748327,-0.01727321,0.06272006,0.044180218
P00568,-0.0062090005,0.12810536,-0.01789152,-0.0028391543,-0.008734293,-0.024039095,-0.00617066,0.030661708,-0.022431808,-0.01611749,0.058105443,0.05684948,0.09641079,0.023832282,0.0085755605,-0.01842245,-0.0104618445,-0.052282136,-0.037488308,0.1007966,-0.020067967,0.02523546,0.07082105,-0.07399756,0.104174316,-0.036297347,-0.104906105,0.009823409,-0.020784585,-0.009990855,0.062039673,0.022091044
O43255,-0.032400027,0.091607474,-0.011083531,-0.0029731097,-0.01299576,-0.007658223,-0.019631267,0.027848974,-0.019607557,0.017595865,0.06297324,0.015937371,0.09137547,0.012894928,-0.01857814,-0.022967907,-0.0057100463,-0.058779698,-0.030897135,0.118261546,-0.032680128,0.00048174802,0.04341966,-0.04836479,0.110835396,-0.022281557,-0.1022113,0.005599811,-0.0074611423,-0.02133833,0.06761989,0.036285464
Q14103,-0.027895384,0.102914646,-0.010740657,-0.00080449384,-0.012572873,-0.009629571,-0.011058828,0.028521055,-0.027124202,0.009793657,0.07078245,0.0096959295,0.10231283,0.020854386,-0.007093346,-0.020046385,-0.0017065696,-0.05669497,-0.031435784,0.1171399,-0.02728367,0.0058038733,0.044208135,-0.04824116,0.1109013,-0.027783917,-0.088061094,0.012417054,-0.022569844,-0.022751328,0.06553478,0.04187933
O08547,-0.013790537,0.091618046,-0.019490628,-0.0045555076,-0.0017350877,-0.0107788425,-0.020572264,0.012909901,-0.025191637,0.018774047,0.0629038,0.019119376,0.10629094,0.025126882,-0.029227482,-0.036070865,0.0071678907,-0.06546829,-0.031640917,0.109178826,-0.049458746,0.00799792,0.038509503,-0.0578946,0.11034844,-0.038460862,-0.109339446,0.01957094,-0.009306598,-0.02408534,0.064572066,0.038102195
P18545,-0.029163517,0.10018858,-0.016718168,-0.0070793107,-0.016133495,-0.008034214,-0.020832073,0.03816435,-0.029509004,0.019479059,0.067864984,0.01123723,0.09480724,0.0140064545,-0.014099036,-0.030491062,-0.010838615,-0.054750662,-0.024987899,0.11376436,-0.024339017,0.0002694251,0.03453124,-0.05123857,0.11750463,-0.018192777,-0.109195724,0.008439896,0.007165078,-0.015479686,0.06161976,0.041789107
P0AFL3,-0.041333042,0.10608796,-0.0046897116,0.012573234,-0.0075707436,0.003316791,-0.03067287,0.033028975,-0.03231595,0.0022535946,0.06794776,0.001015467,0.09150013,-0.003546536,-0.018864984,-0.039198752,0.0012496123,-0.05449256,-0.05086978,0.110493936,-0.024312876,0.017857337,0.04138765,-0.06120497,0.11342719,-0.03470094,-0.09598374,0.020411097,0.011648118,-0.02043596,0.07328148,0.015548508
P78362,-0.02368388,0.11299108,-0.009625101,-0.013291771,-0.014102461,-0.011338553,-0.01268288,0.039979253,-0.016896045,0.006346315,0.0684055,0.02590004,0.101829164,0.031024933,-0.0016438069,-0.02174755,-0.003621236,-0.053238265,-0.027317286,0.1145699,-0.025303116,0.004488382,0.053116146,-0.056178387,0.1157862,-0.022797657,-0.09977066,0.008998785,-0.013458349,-0.015094668,0.07075158,0.03651769
P00004,-0.013154048,0.11478466,-0.0017331373,-0.009178256,-0.018783366,-0.006359101,-0.0013770809,0.031100059,-0.020782411,0.0045185448,0.07811729,0.024265781,0.107147664,0.02257215,-0.0019411506,-0.021493947,-0.0030308925,-0.048885558,-0.02781447,0.10810664,-0.027212558,0.013346024,0.045180663,-0.060539845,0.10733265,-0.029472226,-0.099746935,0.014147674,-0.015577462,-0.027209282,0.066282205,0.019717116
P52286,-0.030601665,0.097633146,-0.011505421,-0.008511293,-0.012945802,-0.0120195085,-0.024105906,0.02619132,-0.022083834,0.0106063215,0.06379838,0.014343729,0.09152851,0.01721931,-0.014947394,-0.030359315,0.0020489453,-0.066157304,-0.038466584,0.1205635,-0.03140459,0.0074682594,0.036615185,-0.039618906,0.11258111,-0.019581718,-0.097190775,0.0076139653,-0.007393088,-0.016346307,0.0677548,0.0386266
O00757,-0.014256676,0.105519295,-0.015250418,-0.033339597,-0.025367899,-0.026508205,-0.023833418,0.04934934,-0.017445993,-0.00013672064,0.0587977,0.037969667,0.0989047,0.032665316,-0.015800651,-0.040755957,-0.02441679,-0.056949113,-0.023544872,0.13471432,-0.034347933,0.005847692,0.045389358,-0.054442104,0.11844849,-0.020889828,-0.11055913,-0.0011691177,0.007935503,-0.0019106878,0.06473356,0.035200004
A6ND01,-0.023162507,0.10119267,-0.014967976,-0.00589926,-0.019128565,-0.015084179,-0.016090114,0.046119202,-0.02296719,0.0022281143,0.060486615,0.02867804,0.09821732,0.02149127,-0.0095117185,-0.027024716,-0.0022111633,-0.050891776,-0.017235152,0.11810086,-0.026017014,0.00020460114,0.054125212,-0.04679059,0.10951847,-0.026109064,-0.09775293,0.0097759785,-0.012818953,-0.01722033,0.061618984,0.031304773
P07358,-0.014284807,0.10840899,-0.020784076,-0.008622956,-0.015677176,0.0077087195,-0.014152505,0.031298045,-0.015747119,0.0048324,0.07186292,0.013625359,0.11220022,0.036862932,-0.0033673584,-0.018649284,-0.0048654256,-0.049566656,-0.01447972,0.1127523,-0.03427998,0.0023266026,0.04052031,-0.06468508,0.10255416,-0.029015806,-0.095842764,0.021605507,-0.035274334,-0.021487128,0.05991113,0.04751231
Q15154,-0.024847835,0.09196164,-0.011919489,0.00084756606,-0.015277545,-0.015414225,-0.018141054,0.030250797,-0.03254085,0.012547712,0.06503376,0.013417751,0.10018978,0.017794514,-0.01841803,-0.028464172,-0.0045044534,-0.05922825,-0.024622424,0.116338015,-0.030848712,0.004399292,0.04201108,-0.050452806,0.10821179,-0.026617289,-0.0971631,0.0033422434,-0.015646102,-0.015973313,0.061562043,0.03658935
P18075,-0.024821907,0.12030017,-0.014286955,0.0016958304,-0.012132536,0.0009480622,-0.0063918238,0.040615365,-0.024141569,0.005943336,0.06169765,0.020315936,0.09909529,0.011424833,-0.0040144646,-0.025890572,-0.0069591203,-0.05259911,-0.03601246,0.1152705,-0.025249217,0.011686924,0.052434165,-0.059141286,0.108227685,-0.030660087,-0.09674242,0.020549867,-0.011166054,-0.021931678,0.069357395,0.024658032
O00222,-0.032166775,0.10183935,-0.008282855,-0.008777659,-0.014112184,-0.008711392,-0.0028940707,0.037556056,-0.017273786,0.0129356785,0.06413559,0.021591661,0.106992945,0.0294579,-0.01621319,-0.015294102,0.0029178627,-0.039455995,-0.015397802,0.10555823,-0.022601571,0.014293544,0.0357805,-0.03866855,0.108446255,-0.024111394,-0.098379195,0.015401879,-0.030746508,-0.027084518,0.056571685,0.040765174
P48962,-0.030462096,0.107926235,-0.014626662,-0.0062586525,-0.0066388818,-0.011808282,-0.0189982,0.02560724,-0.022584047,0.0056075878,0.06158321,0.02497436,0.1026191,0.02017529,-0.007983031,-0.025665611,-0.0069445567,-0.052983798,-0.03854284,0.111488745,-0.032200273,0.003590664,0.042014666,-0.052471913,0.11580293,-0.031358946,-0.09847345,0.0043766294,-0.008012189,-0.014021921,0.063595556,0.038735878
P03255,-0.040204708,0.100989215,-0.0152086485,-0.011251624,-0.0148726385,-0.006370644,-0.023912383,0.031273533,-0.029803691,0.0058818636,0.052586924,0.019603342,0.10371734,0.013034358,-0.013913148,-0.029309075,0.0011559087,-0.046887837,-0.024666948,0.11130005,-0.02498847,0.00076623145,0.045657728,-0.049675047,0.10652107,-0.025723511,-0.10172983,0.008259986,-0.010326331,-0.015142294,0.06313616,0.035896488
Q7L5D6,-0.02890611,0.0935486,-0.013047582,0.0010779676,-0.014865841,-0.016077993,-0.021603968,0.03273024,-0.025157439,0.013114428,0.063522674,0.017468596,0.09310926,0.01611402,-0.021783857,-0.030569943,-0.0040469216,-0.06723003,-0.033073578,0.11917617,-0.02901607,0.008213245,0.049897656,-0.050049383,0.11229289,-0.027623694,-0.09986352,0.0038804875,-0.0044616368,-0.012472547,0.07347966,0.03626523
P17562,-0.029079385,0.09190945,-0.016498357,-0.0003888104,-0.0192975,-0.0147742005,-0.008375594,0.035151884,-0.031653367,0.015835838,0.06584465,0.012588164,0.101897165,0.015260891,-0.012392898,-0.023540325,-0.015921226,-0.053417332,-0.016054431,0.12672085,-0.020652872,0.011731615,0.04228852,-0.04776518,0.10493039,-0.02605357,-0.0987816,0.0019384194,-0.010258162,-0.020371921,0.048414685,0.03437306
Q9UMS4,-0.028201157,0.10248445,-0.013542089,-0.0074708173,-0.013947021,-0.000996766,-0.013591184,0.03266401,-0.02713876,0.010907926,0.063128196,0.009793184,0.106648944,0.010657092,-0.013283388,-0.03257008,-0.006492922,-0.062345058,-0.03453031,0.12235679,-0.031283956,0.0028819335,0.04623155,-0.056054335,0.1167942,-0.02989906,-0.09756073,0.016480723,-0.009305245,-0.017566511,0.07371238,0.036194924
O08603,-0.02505798,0.09210393,-0.015133872,-0.0015299618,-0.007141029,-0.011889666,-0.021580994,0.023246512,-0.02573402,0.013337612,0.06588552,0.0063367994,0.10153773,0.017817415,-0.016448045,-0.028076446,-0.0037551376,-0.06446587,-0.032310978,0.12049538,-0.039316807,0.0051771533,0.035882656,-0.04425226,0.110526204,-0.028616732,-0.087814,0.010424413,-0.007109517,-0.013893154,0.068684585,0.03680597
P08134,-0.030921595,0.08725424,-0.005495299,-7.223497e-05,-0.0098348055,-0.0126498,-0.0054848874,0.017737547,-0.027282003,0.022487972,0.07151132,0.013757257,0.099297754,0.009680984,-0.013428939,-0.014496259,0.0012711693,-0.06380699,-0.026298122,0.11781305,-0.023865836,0.013104252,0.043667372,-0.03831687,0.10780641,-0.02897292,-0.09459188,0.018625787,-0.008007229,-0.025588568,0.064653404,0.025468344
O43432,-0.028833462,0.091162294,-0.020627022,-0.016311513,-0.011172932,-0.007222266,-0.029819319,0.037196293,-0.029453877,0.014076589,0.05728338,0.005660977,0.081002936,0.006995843,-0.023886763,-0.037681106,-0.00397434,-0.07228216,-0.04034386,0.13355201,-0.03718335,0.00039953832,0.033038333,-0.04299721,0.12061399,-0.008702504,-0.1095189,0.0072634607,-0.0029328228,-0.015693644,0.06736629,0.042989254
Q06208,-0.032024305,0.088186696,-0.01986404,0.007250829,-0.007856669,-0.022720823,-0.01836199,0.02340883,-0.03493613,0.022892755,0.0655813,0.0119397,0.10161345,0.03358742,-0.028838951,-0.025944674,0.015388089,-0.04972866,-0.010575866,0.09772854,-0.032810498,0.008197839,0.03259153,-0.035779916,0.09834491,-0.03866502,-0.09282539,0.010958072,-0.028412271,-0.019046566,0.06753259,0.054208606
P18291,-0.029453982,0.11726081,-0.0060975775,0.0027600839,-0.009992113,0.0003142014,-0.017444953,0.037578903,-0.025504362,0.0069419607,0.06801276,0.026238069,0.09217196,0.0035221712,-0.01073828,-0.03737041,-0.003425097,-0.050191242,-0.050335728,0.10789299,-0.026276957,0.016147053,0.049669467,-0.0602219,0.11282329,-0.03813946,-0.101435915,0.019440344,0.012820475,-0.025722831,0.061865907,0.012993297
O95834,-0.030598115,0.09892148,-0.015217634,-0.007238553,-0.013122007,-0.008850864,-0.023681602,0.03599805,-0.018905673,0.009118062,0.06854796,0.01993713,0.09599836,0.024717247,-0.0056112246,-0.02474081,0.0039677313,-0.05733027,-0.034509815,0.117672436,-0.02073345,0.0035989254,0.043891367,-0.04140121,0.121844605,-0.017329624,-0.09889109,0.004087033,-0.010798609,-0.017833892,0.05850596,0.04422659
Q9UKG1,-0.024566049,0.09958884,-0.013005718,-0.009478395,-0.016633898,-0.012789164,-0.015836658,0.028653376,-0.023370469,0.008328127,0.0642474,0.021649832,0.10288845,0.018769162,-0.013614547,-0.030029628,-0.0050102193,-0.057616714,-0.029725172,0.1204351,-0.029856598,0.00740582,0.048816,-0.049853824,0.10996924,-0.031210905,-0.09654391,0.010888622,-0.009976527,-0.023035195,0.06248025,0.034022287
F4JW79,-0.040241312,0.10487592,-0.0013709074,0.008090512,-0.013127492,-0.0133657055,-0.02049458,0.03803703,-0.028908918,-0.002149849,0.06400788,0.023875335,0.09931453,0.00310375,-0.009208131,-0.024065696,0.007081934,-0.04959972,-0.03267497,0.111566424,-0.017412884,0.0043393984,0.04473092,-0.03684548,0.11384358,-0.030500544,-0.085681766,0.014495625,0.00363109,-0.006068377,0.07788919,0.012511421
A1Z1Q3,-0.016034765,0.102877215,-0.009017387,-0.017907595,-0.023086186,-0.024482703,-0.016329873,0.044229742,-0.026995635,-0.00044160616,0.064746484,0.029746005,0.097823635,0.026424337,-0.011124761,-0.036063593,-0.00924815,-0.061572194,-0.031398855,0.12429084,-0.023616478,0.008528969,0.050245386,-0.049603347,0.11702144,-0.02399583,-0.102124654,0.0068345172,-0.008566553,-0.0059426064,0.059617043,0.03760919
Q9CZD3,-0.035237532,0.10447562,-0.007006699,-0.0043925503,-0.009330587,-0.00036873948,0.001352374,0.026797233,-0.02983512,0.020187967,0.078401744,0.004951221,0.10039529,0.012589687,0.0049048807,-0.0036359173,-0.0024250108,-0.05171815,-0.029361397,0.10305466,-0.019100562,0.010948356,0.040356264,-0.047223605,0.10668293,-0.018223945,-0.09186782,0.022118777,-0.010801233,-0.013086988,0.065357745,0.038374435
Q6P9J9,-0.020148758,0.11232818,-0.009290482,-0.0054025007,-0.015876753,-0.0107806325,-0.010581576,0.03252838,-0.027083026,0.0051499903,0.067588136,0.025985206,0.100214064,0.01922058,-0.008671373,-0.02394785,-0.0036845722,-0.053768527,-0.034728933,0.1136958,-0.02538801,0.01462328,0.05165153,-0.057567157,0.106541626,-0.029931938,-0.09996215,0.014704381,-0.0064472295,-0.01894794,0.06572533,0.023592269
Q8N8N0,-0.019745994,0.10643662,-0.009966136,-0.001319576,-0.014574045,-0.0051740813,0.0045435727,0.032558993,-0.030930059,0.01541292,0.072925046,0.02233107,0.095897034,0.014956154,-0.0031611712,-0.019237626,-0.0033318014,-0.05344746,-0.032915883,0.11867031,-0.022487175,0.008848203,0.05196678,-0.05438401,0.10863199,-0.034454636,-0.097633496,0.024887502,-0.019128654,-0.0264988,0.057534523,0.030174688
P07363,-0.025310123,0.100579076,-0.017108096,-0.0071600745,-0.01271147,-0.014709864,-0.009461862,0.026789026,-0.03416832,0.017846458,0.064210206,0.020437304,0.10105604,0.02100417,-0.018963916,-0.026776299,-0.0039530206,-0.06197191,-0.032210868,0.11451631,-0.03252879,0.013081177,0.043284744,-0.049012247,0.11139182,-0.030782906,-0.10285273,0.007040066,-0.011943735,-0.021752687,0.06238628,0.040511567
C8VTS4,-0.02610455,0.101496175,-0.0156342,-0.005106693,-0.008526633,-0.01619557,-0.02617259,0.030875873,-0.021250242,0.012017125,0.06293288,0.01934196,0.09294872,0.02137773,-0.009082478,-0.032947287,-0.0011547643,-0.06990129,-0.036277685,0.119849145,-0.031691592,0.004523563,0.049769867,-0.050646145,0.11421392,-0.022821156,-0.09664881,0.0043477947,-0.0027129105,-0.005129761,0.07676907,0.038432762
O14782,-0.04108514,0.07648401,-0.0060495697,-0.009584042,-0.017560653,-0.012986906,-0.03244421,0.03103917,-0.039910972,0.0025603482,0.060470726,0.00975932,0.09883328,-0.0019829557,-0.035751436,-0.042269483,-0.007674645,-0.06129096,-0.04978332,0.12871766,-0.037223745,0.00087071303,0.040924184,-0.05055872,0.12958819,-0.03150275,-0.10420069,-0.0028952155,0.014376762,-0.012441687,0.06634861,0.027971916
O80467,-0.035248116,0.08261657,-0.016323393,0.0134864785,0.0030062157,0.00033904286,-0.015340687,0.017440293,-0.036481246,0.036185507,0.0625387,-0.010397168,0.10796401,0.008371848,-0.03404738,-0.022766266,0.004384491,-0.05283625,-0.023296336,0.10805488,-0.037098244,0.008056037,0.038836025,-0.050759263,0.096392184,-0.039920866,-0.09486736,0.020571405,-0.006662034,-0.027845006,0.06652701,0.029135935
P05230,-0.027150927,0.101494715,-0.017087452,0.0016174676,-0.012873299,-0.001755884,-0.018131927,0.027219553,-0.026737427,0.010896017,0.06274201,0.011199384,0.098029636,0.013722008,-0.009759685,-0.023846248,-0.0039703166,-0.059818294,-0.028014235,0.11590146,-0.029232614,0.0021590088,0.04646066,-0.056072984,0.106599,-0.02706298,-0.097611815,0.016038237,-0.01275494,-0.019889992,0.06798639,0.035847906
P43138,-0.021140631,0.10967924,-0.010629311,0.002719647,-0.00333796,-0.011984257,-0.0038335412,0.025531337,-0.033616327,0.009522241,0.07311044,0.012915331,0.10480382,0.01629087,-0.0032288127,-0.021205764,-0.001231232,-0.055636764,-0.03549132,0.107770786,-0.02688801,0.021554688,0.036121465,-0.051326074,0.11058543,-0.029316097,-0.090628386,0.016439492,-0.015183982,-0.016501818,0.060818207,0.028398305
O60759,-0.023617988,0.104063585,-0.009004103,-0.005575378,-0.01690399,-0.013223454,-0.017756823,0.040335912,-0.025320623,0.004517954,0.05878716,0.025778677,0.10008086,0.010464126,-0.008943649,-0.042981192,-0.019722972,-0.0639334,-0.033985347,0.124869086,-0.029072579,0.0101940315,0.05584439,-0.06534417,0.11702158,-0.030427355,-0.0990337,0.0047708238,0.000589606,-0.010060029,0.063025646,0.02401773
P55072,-0.024790125,0.09965568,-0.013474204,-0.0039659273,-0.01315625,-0.008111853,-0.016252546,0.027412083,-0.026849424,0.013816901,0.06578812,0.01273513,0.09814129,0.016008839,-0.014734281,-0.026350139,-0.0047921785,-0.061299667,-0.032823786,0.118341535,-0.03126816,0.0054517444,0.04536753,-0.052599706,0.10975728,-0.027418332,-0.09899866,0.012120042,-0.009364151,-0.021698752,0.0678107,0.03535895
P09169,-0.013991348,0.12791604,-0.0099189095,-0.0010672528,-0.019660374,-0.005013023,0.0131049445,0.03505132,-0.025542172,0.014471857,0.07926987,0.030353859,0.09159743,0.029627563,0.015209634,-0.008487299,-0.006068039,-0.044284847,-0.025277061,0.10747883,-0.020233411,0.010162555,0.054950174,-0.06188573,0.10284256,-0.027458828,-0.09035178,0.026013084,-0.026663527,-0.033075534,0.054114617,0.034601573
Q05201,-0.029126871,0.10289662,-0.009924986,-0.0034514163,-0.008038599,-0.007211503,-0.017358098,0.031150857,-0.025753744,0.009504539,0.066778645,0.012597866,0.09471332,0.009204603,-0.010836122,-0.027453583,-0.00500753,-0.05664869,-0.036933225,0.1122218,-0.029429832,0.006566486,0.041393176,-0.053501476,0.11641643,-0.026282309,-0.09720444,0.016084645,-0.0020923365,-0.016454615,0.071514696,0.031067112
P0A7J3,-0.01816426,0.08904767,-0.009791998,0.0031449725,-0.012695834,-0.018284913,-0.01780307,0.01958555,-0.037109178,0.014815454,0.06986104,0.0105388155,0.10614809,0.02456951,-0.02084564,-0.022733022,0.00061207166,-0.063737705,-0.024435464,0.11052664,-0.03854416,0.003604004,0.03760228,-0.054259863,0.11386798,-0.025252944,-0.09574313,0.004457902,-0.015027421,-0.016760949,0.067535825,0.03657403
O95881,-0.013683934,0.12002164,-0.008180015,-0.019810084,-0.00926294,-0.023192672,-7.978035e-05,0.02871288,-0.021600515,0.008838968,0.06595522,0.04364098,0.09892466,0.022785522,-0.010037108,-0.02476229,0.005209399,-0.04602111,-0.038016796,0.11002896,-0.024736019,0.021640291,0.06386963,-0.0569722,0.10115821,-0.037620515,-0.103564076,0.004553199,-0.012677802,-0.025205074,0.076809354,0.010883935
P13635,-0.026283361,0.109573364,-0.013169829,-0.0063530165,-0.012625903,0.0016382028,-0.016320355,0.039183352,-0.020980999,0.0022185734,0.06528873,0.016174473,0.099974416,0.020174535,-0.0036965215,-0.015485016,-0.0038103738,-0.05324715,-0.02687651,0.10749051,-0.029443575,0.0063197147,0.041248027,-0.05196786,0.10879665,-0.018046565,-0.09932036,0.016901601,-0.017006282,-0.0137470225,0.06948017,0.03648674
P12235,-0.027234929,0.09491539,-0.013293832,-0.007963648,-0.014811773,-0.0076911356,-0.025805179,0.028913047,-0.027411658,0.01490717,0.0662747,0.011255562,0.098325655,0.023032447,-0.014234144,-0.0270252,-0.00938669,-0.063741855,-0.028474659,0.11942605,-0.037044656,-0.0026416865,0.032972157,-0.048998073,0.11446423,-0.021056037,-0.10040974,0.008380965,-0.0061987685,-0.010173106,0.0678283,0.04543152
P0AER0,-0.02722707,0.090404354,-0.008528446,-0.0061762044,-0.008777276,-0.02016597,-0.024431165,0.03685059,-0.01655742,0.008794402,0.06379376,0.027296776,0.08686501,0.020250656,-0.009890497,-0.029754052,-0.01139571,-0.068578705,-0.03394354,0.117829904,-0.036810923,0.0053932224,0.050478656,-0.044271242,0.11951377,-0.027849462,-0.09433611,0.0021965832,0.0008881174,-0.007945399,0.07062323,0.03239224
P43364,-0.016106755,0.113576554,-0.008157902,-0.0139000295,-0.019754825,-0.020303426,-0.0007722415,0.044647124,-0.010173916,0.0026536032,0.07037269,0.044050235,0.099338226,0.036662444,0.00487979,-0.01380767,-0.013957183,-0.037621837,-0.012644217,0.1168679,-0.013283685,0.013366125,0.06054015,-0.059536923,0.10645056,-0.02772288,-0.103066,0.0022971975,-0.022019073,-0.021711668,0.05476747,0.024754392
Q9Y3E5,-0.0247423,0.095609926,-0.007854595,-0.008701381,-0.018152343,-0.010768638,-0.0147474455,0.026541939,-0.04069928,0.017278772,0.07257511,0.01113334,0.08655526,0.0072910404,-0.012655594,-0.030992165,-0.015788201,-0.06535915,-0.04098033,0.12318588,-0.031461354,0.0060641267,0.034695122,-0.055288207,0.12045467,-0.02232037,-0.09596206,0.0061988235,-0.002611866,-0.017137665,0.06259207,0.033245735
O80568,-0.01888458,0.12182979,-0.013203117,0.0031411136,-0.0133927595,-0.01125588,-0.0017462727,0.04550375,-0.029285274,0.009347656,0.07020343,0.037192553,0.091556355,0.0195721,0.0006056125,-0.021389201,-0.0068973736,-0.049875163,-0.033735197,0.103363805,-0.016604465,0.0210241,0.056992367,-0.057696547,0.10377871,-0.034372292,-0.10370388,0.021897957,0.001861183,-0.0086344555,0.060830474,0.023200225
P16402,-0.029995851,0.10251937,-0.011543459,0.015539932,-0.007106259,-0.018983833,-0.019383712,0.027280128,-0.03532669,0.013051599,0.060224324,0.025878161,0.095894404,0.011936535,-0.023727184,-0.016123233,0.0064092595,-0.045479495,-0.021846512,0.10338425,-0.015063912,0.008004691,0.050854284,-0.054097373,0.108710535,-0.03392578,-0.10141764,0.0063859145,-0.00816466,-0.02091902,0.08194307,0.013411653
P0A7E9,-0.018093517,0.10125564,-0.013539883,-0.0066316687,-0.013360912,-0.00055396697,-0.011747898,0.030990511,-0.02145679,0.004476784,0.061056335,0.012822125,0.11023096,0.011966492,-0.013146586,-0.028819038,-0.013653721,-0.056189362,-0.025825728,0.11680319,-0.04092201,0.00865323,0.0452471,-0.062141232,0.10084953,-0.032517213,-0.09769651,0.016002381,-0.010119922,-0.015819598,0.06837274,0.024531089
O15245,-0.020675689,0.11064775,-0.012895037,-0.007902888,-0.011472654,-0.0043169996,-0.008669161,0.030566106,-0.015146568,0.0017485347,0.070632264,0.023636581,0.10472968,0.02335967,-0.00040183635,-0.016248355,-0.002216466,-0.054745723,-0.029441293,0.10918143,-0.030382255,0.01252734,0.047005817,-0.054208454,0.108558506,-0.025157586,-0.096906535,0.011134748,-0.020997949,-0.02013399,0.06740166,0.033190865
O95372,-0.024965685,0.1051574,-0.012395865,-0.0038715138,-0.016795466,-0.00852729,-0.015962968,0.03380904,-0.024823342,0.0040158895,0.063418865,0.022611925,0.09422165,0.016358115,-0.0029517133,-0.026008375,-0.006339227,-0.060593016,-0.031426147,0.11590043,-0.02055701,0.013532569,0.056488983,-0.05545455,0.10852475,-0.024878085,-0.09648517,0.009914074,-0.014598457,-0.021121783,0.06011253,0.02895734
C0HLV2,-0.024707692,0.12384596,-0.007468982,-0.0030594803,-0.013382002,-0.011722635,-0.00035037348,0.038216818,-0.018982833,0.0024960313,0.07448678,0.04358458,0.09643265,0.03632461,0.0191254,-0.0034841977,0.00018033013,-0.0317687,-0.017087305,0.099105656,-0.012701946,0.004811043,0.04883282,-0.05261911,0.110324286,-0.025815025,-0.0920336,0.02339827,-0.021280339,-0.013993255,0.05344444,0.033399884
P07148,-0.0382297,0.094461165,-0.008399138,-0.003637784,-0.012414287,-0.02431994,-0.023391886,0.027561327,-0.027860602,0.010284683,0.07077399,0.01653651,0.095173605,0.02208175,-0.01783339,-0.02534241,-0.0010996796,-0.051524896,-0.026443675,0.108145945,-0.022101464,0.01945399,0.036472574,-0.041309696,0.10584903,-0.027856112,-0.10125297,0.00031311405,0.0016242011,-0.01718725,0.057787653,0.035544213
A0FKN5,0.0089046,0.15503402,-0.012734264,0.012152635,-0.0101429615,-0.022334084,0.018826626,0.035198033,-0.028263226,-0.0012891358,0.06750791,0.062874876,0.10383426,0.033798322,0.011195788,-0.015120126,0.005309952,-0.037623845,-0.023478152,0.09009695,-0.013633653,0.029462876,0.06864775,-0.0781472,0.10321085,-0.039284337,-0.10601787,0.030454224,-0.023505565,-0.035444796,0.061934203,0.0027404325
P46108,-0.025252042,0.103657536,-0.009775191,-0.005671807,-0.012363924,-0.00809113,-0.012561882,0.033216454,-0.027655084,0.008909516,0.06718693,0.020327188,0.09633562,0.013309016,-0.008591317,-0.02345846,-0.004568868,-0.057953686,-0.034289677,0.112163305,-0.026092628,0.010114086,0.05015523,-0.054030523,0.110559195,-0.02856583,-0.098954804,0.015079931,-0.005788421,-0.013270212,0.071315154,0.027116863
P63104,-0.018223599,0.111378394,-0.007958058,-0.0057180226,-0.012683255,-0.013954337,-0.0014951566,0.026512861,-0.025035229,0.0042154733,0.06681692,0.030111535,0.09911376,0.013262279,-0.0055636684,-0.021368803,-0.0058960374,-0.05668538,-0.039668538,0.11345455,-0.027256632,0.014355743,0.053956002,-0.0585664,0.10848544,-0.032266248,-0.09968954,0.010979971,-0.014396543,-0.0208533,0.06636798,0.023772981
P10852,-0.02709114,0.103402786,-0.0046025533,-0.013607718,-0.00740863,-0.016266432,-0.01624365,0.03587969,-0.018356187,0.0084860055,0.07106505,0.029347977,0.095925845,0.019742241,-0.0073329764,-0.025698148,-0.0030559984,-0.06426547,-0.043022543,0.1167941,-0.032431882,0.016519746,0.031480785,-0.036195908,0.1307884,-0.01689907,-0.09264681,0.010614596,0.003658373,-0.0011574713,0.0755226,0.02915071
P50222,-0.018237876,0.099408224,-0.0091958195,-0.00088667084,-0.02399824,-0.005943756,-0.02195375,0.017362822,-0.03017153,0.0019325507,0.06441493,0.009295035,0.108421005,0.015729949,-0.018612767,-0.027672552,-0.010125789,-0.07223396,-0.038988642,0.118920326,-0.035865206,-0.00056983356,0.051633082,-0.069446534,0.106966764,-0.029856967,-0.09914146,0.010600037,-0.0097565735,-0.012851641,0.07440415,0.038471907
P08238,-0.023898363,0.10459963,-0.011218836,-0.0073643695,-0.012443952,-0.008135779,-0.011711025,0.0319945,-0.026516318,0.0075658103,0.064299226,0.01988549,0.10123621,0.016301638,-0.008517795,-0.023652107,-9.984733e-06,-0.054815967,-0.02963565,0.11292368,-0.027798487,0.0068998504,0.04513883,-0.051179074,0.11053149,-0.02410678,-0.09859689,0.014032381,-0.014181011,-0.016415227,0.06669758,0.030156432
P07636,-0.024779389,0.10157877,-0.02985667,0.011966453,-0.009930098,0.004907516,-0.023015596,0.027009815,-0.033718437,0.008966179,0.054805312,0.0009004567,0.10763939,0.018060636,-0.007970455,-0.016898528,-0.007520942,-0.06354222,-0.034511246,0.10457859,-0.019544207,0.0068684462,0.060113046,-0.059641007,0.103449196,-0.031717412,-0.09669456,0.015883755,-0.0091489125,-0.009584667,0.07074511,0.041314807
O75144,-0.019653378,0.10135154,-0.015456702,-0.0052978746,-0.009369982,-0.02168688,-0.01028877,0.028022781,-0.022601917,0.0070114858,0.0659937,0.027065495,0.095767535,0.01720777,-0.011716795,-0.026994383,-0.0042296387,-0.055116106,-0.025413597,0.112396024,-0.028626079,0.022327157,0.042606164,-0.047349926,0.104317784,-0.031153115,-0.09405167,0.009638511,-0.013873908,-0.016382689,0.06654129,0.027160376
P08670,-0.026991518,0.09866144,-0.015926784,-0.0074438592,-0.011064134,-0.014539288,-0.025369035,0.034962013,-0.022246353,0.0077733686,0.06397414,0.02006328,0.09740034,0.016432174,-0.012761052,-0.034581423,-0.00625861,-0.063448764,-0.036293585,0.11811398,-0.027559888,0.013121344,0.051183388,-0.049488835,0.11496981,-0.02842408,-0.09646121,0.002407311,0.0015835847,-0.011750505,0.070966266,0.031039916
Q9VDV4,-0.017800609,0.1198412,-0.010516864,0.006624696,-0.018081117,-0.0038514466,-0.0047778944,0.03193183,-0.024744594,0.007877,0.06942419,0.019889653,0.09597402,0.01722693,-0.0021138217,-0.017868076,-0.0082433745,-0.05827262,-0.032992456,0.11004931,-0.021807365,0.01568355,0.057508104,-0.06272584,0.09480135,-0.032240357,-0.09705702,0.0166785,-0.014569749,-0.025228908,0.06857295,0.025027055
P36024,-0.022413654,0.110689804,-0.0077021997,-0.0046777846,-0.01899297,-0.010153366,-0.014802272,0.029709538,-0.028961211,-0.001975426,0.06562105,0.026178198,0.100333266,0.014324296,-0.009339124,-0.020860927,-0.007264825,-0.051922396,-0.038754683,0.112770386,-0.020224236,0.008714992,0.059045758,-0.06655217,0.10829651,-0.031642064,-0.09831673,0.009243703,-0.012300491,-0.01439678,0.07316322,0.02489457
Q8WV44,-0.030039053,0.10504996,-0.009328186,-0.011908408,-0.012184572,-0.011374077,-0.019780157,0.038624573,-0.016686838,0.0068755304,0.064198405,0.02083472,0.10338587,0.021186812,-0.013726909,-0.020689193,-0.010641993,-0.050770544,-0.029948007,0.11626044,-0.026491577,0.01629907,0.04664053,-0.044740394,0.10857346,-0.025693329,-0.09361126,0.008149456,-0.003279941,-0.013534283,0.07606367,0.026002098
P14120,-0.027465194,0.086328276,-0.018510174,0.0024662972,-0.013499061,-0.0027407077,-0.021449355,0.026821317,-0.04087285,0.019789746,0.064363845,-0.0078048008,0.103004135,0.0071533713,-0.022519702,-0.032724895,-0.00877698,-0.07115337,-0.031568192,0.12621012,-0.0390694,-0.0001119466,0.032297805,-0.051584706,0.11725348,-0.022473302,-0.090886064,0.015259469,-0.0049626464,-0.011943362,0.06922498,0.04360504
Q9CR42,-0.019921102,0.10764628,-0.009485145,-0.012228151,-0.016886825,-0.0123800235,-0.015880119,0.0283336,-0.02682222,0.0063704182,0.06036096,0.022237446,0.098675266,0.018685866,-0.01505393,-0.0330664,-0.0073338267,-0.06358689,-0.0374066,0.119654045,-0.03213832,0.0070357425,0.047191974,-0.06190805,0.11102483,-0.025065409,-0.10422646,0.00968596,-0.012998781,-0.013166634,0.06930691,0.03495606
Q92997,-0.020781968,0.117777,-0.011039473,-0.0043072263,-0.015827272,-0.00877546,-0.01096753,0.042827934,-0.018820824,-0.00045502395,0.06723066,0.031391654,0.09378487,0.022195896,0.0027433936,-0.021183878,-0.010655098,-0.051236343,-0.033322554,0.11535669,-0.02221087,0.0057049636,0.059247088,-0.064069115,0.114729665,-0.02770708,-0.09677309,0.008177668,-0.014686361,-0.015365531,0.0716912,0.028581794
P06169,-0.020111216,0.10118787,-0.012360275,0.010612726,-0.017409874,0.005163366,-0.009909252,0.029942684,-0.03122171,0.018556923,0.06470165,0.0030229199,0.10283589,0.0067904647,-0.014427781,-0.029207077,-0.01238477,-0.06064369,-0.024844386,0.113708034,-0.035803787,0.0031872971,0.052124396,-0.06904306,0.09315685,-0.03502926,-0.097893886,0.019360637,-0.006105412,-0.022649894,0.06551656,0.024499496
P38822,-0.024904456,0.08837127,-0.006781589,-0.007068039,-0.012324361,-0.02300547,-0.019071637,0.020353766,-0.027920058,0.008007687,0.06713776,0.021789465,0.095559105,0.01281112,-0.013865884,-0.017965619,-0.009982832,-0.062032197,-0.032583393,0.11354455,-0.036483444,0.007583118,0.033579905,-0.039455734,0.11632681,-0.019185625,-0.089981295,-0.00025585317,-0.0020353799,-0.011067691,0.06517798,0.028951613
P43405,-0.024652028,0.09945789,-0.011228182,-0.0033568342,-0.01249176,-0.0112496745,-0.013532664,0.029661724,-0.030502886,0.011089601,0.06872095,0.017059777,0.09920884,0.014417823,-0.011977882,-0.025532426,-0.0004563569,-0.060943194,-0.035226468,0.11419691,-0.02767544,0.00893548,0.046129487,-0.05015289,0.11204926,-0.02804015,-0.09786483,0.013238273,-0.004877803,-0.011969551,0.06918401,0.031307142
Q9H307,-0.019059017,0.097700626,-0.016197482,-0.010791013,-0.0217201,-0.014812626,-0.020960752,0.04280992,-0.025308188,0.009788189,0.06473318,0.018384833,0.093194604,0.0247475,-0.006961069,-0.0336901,-0.008562869,-0.06165319,-0.018844465,0.12481084,-0.031808764,-0.008973,0.040288318,-0.04788308,0.1159114,-0.01588811,-0.09950483,0.007981128,-0.0098392395,-0.009703714,0.0595178,0.04692299
P02489,-0.022569666,0.09970272,-0.007209142,-0.008684423,-0.016938066,-0.012500685,-0.016809395,0.03608479,-0.026661603,0.0074033686,0.06537667,0.021011757,0.096212305,0.014034049,-0.009850948,-0.02903522,-0.010903041,-0.060293123,-0.033582423,0.118287556,-0.025300048,0.0069526117,0.052539777,-0.061055448,0.11509324,-0.02231619,-0.09972116,0.0017493777,-0.00881341,-0.008722392,0.0708699,0.027877077
P15303,-0.030706778,0.09925868,-0.014894797,-0.012174773,-0.0046738544,0.0011183961,-0.011767691,0.030598054,-0.029078085,0.00855385,0.06872217,0.007774143,0.103818595,0.015243513,-0.010117147,-0.028172072,-0.00084038946,-0.06211877,-0.050914157,0.11480592,-0.038158186,0.011537045,0.032028615,-0.04456872,0.122225,-0.027079219,-0.10125542,0.017137527,-0.008445671,-0.011663627,0.059926867,0.046446025
Q7LX99,-0.018788978,0.107932925,-0.013510818,-0.020534718,-0.013588685,-0.007375361,-0.014496269,0.04196909,-0.021972446,0.0039397045,0.067206584,0.016181728,0.09719087,0.011169426,-0.0007200405,-0.0343831,-0.010138575,-0.062090617,-0.03629371,0.1201702,-0.028101753,0.006400424,0.052360475,-0.058196813,0.11647582,-0.020102056,-0.1003273,0.010945174,-0.0035736233,-0.009540768,0.07373279,0.031482525
Q9KK62,-0.015739862,0.10347703,-0.023142893,0.020314291,-0.011587428,0.004586178,0.005546825,-0.00644142,-0.025663279,0.010597708,0.06913693,-0.011149538,0.11057754,0.014583241,0.0033903318,-0.004989843,0.0070177824,-0.092055574,-0.039517283,0.119222954,-0.045073718,-0.0004595155,0.03589359,-0.04842276,0.093084596,-0.021597294,-0.07384932,0.027211819,-0.05474138,-0.0150782615,0.07475097,0.06678202
P00360,-0.019858021,0.09422746,-0.01495179,-0.00542501,-0.023451354,-0.0049176617,-0.014674046,0.027437069,-0.036387417,0.007763178,0.073607616,0.014244201,0.10636797,0.009621331,-0.009357495,-0.028041,-0.010551048,-0.06452961,-0.03509904,0.124216676,-0.028895533,0.008795756,0.047921367,-0.05001483,0.10845521,-0.032207772,-0.09379904,0.012174133,-0.006371646,-0.016830418,0.06148749,0.03356153
O43924,-0.018718565,0.10122036,-0.004909527,-0.0008176919,-0.012247567,-0.0174762,-0.015754135,0.030502247,-0.018188607,0.004726986,0.0685743,0.030218823,0.08680662,0.010618754,-0.009455168,-0.02507701,-0.012803849,-0.060019568,-0.042245924,0.11959634,-0.026446685,0.021436451,0.046398062,-0.0522873,0.11210361,-0.022888014,-0.095459916,0.004157066,-0.0016186322,-0.018250063,0.05724944,0.016110979
P62277,-0.02456771,0.09749616,-0.011908041,-0.006712521,-0.013398061,-0.013440286,-0.017282516,0.029389435,-0.030363707,0.008359662,0.06486138,0.01220647,0.09564805,0.014236671,-0.014582287,-0.022108847,-0.0063508335,-0.060489655,-0.029604662,0.11458776,-0.027413758,0.007954618,0.040281165,-0.05226174,0.109512195,-0.01886301,-0.10212796,0.00908537,-0.011642157,-0.011820108,0.0668158,0.03711721
O95970,-0.02965515,0.11200803,-0.0072273016,-0.0026814693,-0.011613911,-0.0013303956,-0.014845376,0.044140905,-0.017400453,-0.0035543349,0.06186086,0.03207544,0.09724107,0.015567124,-0.0025443218,-0.020626595,-0.00778383,-0.05029238,-0.02604052,0.10175667,-0.023665166,0.016406102,0.05655229,-0.060482822,0.106797196,-0.031550176,-0.10102578,0.018152703,-0.01343193,-0.013692628,0.07109781,0.020957112
O88384,-0.01345319,0.10024192,-0.014948502,-0.017146178,-0.00814066,-0.00046046576,-0.015815081,0.020276004,-0.0072036088,0.024518862,0.072960556,0.009915672,0.09547529,0.031953383,-0.016650975,-0.023762995,0.0024894408,-0.066133134,-0.032569766,0.12460332,-0.047232196,0.008643889,0.055028033,-0.05921096,0.097477384,-0.028512081,-0.09343451,0.013770585,-0.020836443,-0.036347445,0.07875977,0.033711717
Q9ZVD5,-0.027268145,0.10162906,-0.012049871,0.0011235585,-0.009414192,-0.010936649,-0.014739899,0.024939448,-0.029183857,0.0038905358,0.06833871,0.012310053,0.10399768,0.012513525,-0.009034481,-0.02077812,-0.0001807884,-0.060840663,-0.03754545,0.11574714,-0.029139318,0.0067572542,0.03908671,-0.047660034,0.115937434,-0.024763769,-0.09037029,0.011524676,-0.014520666,-0.012345421,0.070217654,0.03660694
O00585,-0.027612874,0.100762784,-0.014802955,-0.0021171288,-0.008569297,-0.005527293,-0.00896463,0.02680081,-0.026940385,0.018413171,0.07011458,0.0138049135,0.09715323,0.014617073,-0.013360752,-0.021977657,-0.00048418954,-0.05884627,-0.033370405,0.11327746,-0.029363187,0.014408613,0.043828163,-0.049849864,0.109475054,-0.029123621,-0.09830732,0.01623231,-0.013389891,-0.026685983,0.06588883,0.035645667
P09382,-0.01698838,0.099255405,-0.013777724,-0.0026531713,-0.009967441,-0.012467602,-0.008908476,0.027635096,-0.031131746,0.016691081,0.061981443,0.021519946,0.093071714,0.010911318,-0.016384758,-0.028159529,-0.0006594456,-0.06533189,-0.032379866,0.11858976,-0.030845582,0.010217216,0.05269637,-0.056189198,0.10672644,-0.029685764,-0.10242426,0.01328058,-0.012946105,-0.017510364,0.07464595,0.02290347
P42801,-0.026453461,0.094638646,-0.0077971993,0.005229074,-0.016832288,-0.01717211,-0.022827715,0.040094938,-0.03463904,0.017359948,0.060609754,0.012315595,0.09171778,0.013901436,-0.023256052,-0.03019193,-0.0072855204,-0.06919356,-0.029611614,0.11521275,-0.026839776,0.0042122346,0.045139164,-0.05094656,0.11267597,-0.015837692,-0.10315839,0.0009348108,-0.0029476492,-0.003165389,0.07386635,0.03335009
O95801,-0.019747484,0.10803313,-0.0067819706,-0.018086161,-0.01581457,-0.011105116,-0.016791593,0.03892524,-0.015979059,0.007819243,0.07088005,0.027376765,0.099685155,0.030497735,-0.004019128,-0.021532612,-0.005066421,-0.059394747,-0.0318086,0.11568832,-0.023137214,0.008357131,0.05056557,-0.058431663,0.12492518,-0.009831263,-0.10686983,0.0041712765,-0.021325596,-0.016961172,0.070254765,0.040859904
Q86VP1,-0.030914417,0.08560991,-0.005936152,-0.0146294935,-0.0185775,-0.0119847525,-0.031720236,0.025021236,-0.028422624,0.005896865,0.06874262,0.012447606,0.10624371,0.01821362,-0.015674451,-0.04070622,-0.005836565,-0.07444799,-0.036955323,0.12527886,-0.038027156,0.002953705,0.031672306,-0.046532046,0.13013719,-0.020288384,-0.09496783,0.0007711053,-0.0026406948,-0.009593778,0.063038126,0.042422246
Q86X19,-0.014063748,0.09019134,-0.023723725,0.016988225,-0.019983916,-0.013451232,0.0045346394,0.012047859,-0.034163676,0.025598932,0.08434878,0.017291099,0.09099249,0.0132092275,-0.0029067919,-0.012690464,0.0066681416,-0.05350574,-0.015906498,0.117323026,-0.0054294206,0.02742524,0.052534867,-0.04370572,0.086365975,-0.039144043,-0.0790429,0.015532899,-0.03523882,-0.042241607,0.047421202,0.028205542
P47992,-0.031013612,0.09962906,-0.009037675,-0.0066734385,-0.015728297,-0.009353844,-0.015847597,0.032024138,-0.029056065,0.009052513,0.062115744,0.016885176,0.097580396,0.012686542,-0.017023202,-0.026259374,-0.0019753743,-0.05398261,-0.03192169,0.118562445,-0.028181987,0.0020904068,0.048656598,-0.05002609,0.11103377,-0.030208318,-0.09733319,0.012164076,-0.00901831,-0.02223274,0.070120275,0.029480724
P15018,-0.02727967,0.10365856,-0.012301952,-0.0056082453,-0.014623833,-0.0071304315,-0.016714964,0.034141164,-0.024748096,0.006013334,0.06587562,0.017692335,0.10006174,0.020355325,-0.009896393,-0.027399322,-0.0041274643,-0.058752578,-0.032137435,0.11569718,-0.029181246,0.005079287,0.04572484,-0.053072274,0.11570181,-0.027919957,-0.09776386,0.015405199,-0.011452534,-0.0174287,0.0651382,0.039835237
P13199,-0.05173629,0.095865756,0.0029335897,0.023737034,-0.013859861,-0.02384023,-0.037766896,0.026933614,-0.045696683,0.0008024415,0.0670795,0.020764304,0.10337058,0.0027341072,-0.025766175,-0.0379778,0.01818356,-0.046927642,-0.042089358,0.1040965,-0.016852792,0.021017263,0.032570023,-0.027148731,0.110599875,-0.039532334,-0.07193737,0.0030837688,0.020111915,-0.0047198366,0.06428547,0.004488986
P07141,-0.03127894,0.10423081,-0.006875032,-0.0066145333,-0.0136087835,-0.0039371126,-0.010621502,0.034637894,-0.024132993,0.010126688,0.06934171,0.01604896,0.09925813,0.013614575,-0.0073955855,-0.023236217,-0.0039145164,-0.053238742,-0.03404143,0.11578162,-0.02352432,0.005090675,0.044324115,-0.05015217,0.11352095,-0.0277419,-0.101168334,0.013324255,-0.00825812,-0.018601587,0.06675015,0.030813362
P68187,-0.023682233,0.103876755,-0.012374228,-0.0041538384,-0.012302013,-0.0022791086,-0.009362803,0.029493412,-0.015789708,0.007798737,0.07456289,0.016171416,0.101362795,0.02187971,-0.00014186195,-0.01206587,-0.00013999997,-0.051051445,-0.023280753,0.10650411,-0.025107864,0.010621266,0.04479297,-0.050692633,0.10600539,-0.022283828,-0.093684256,0.016189385,-0.02100836,-0.024747135,0.062259156,0.035784684
Q5XIM7,-0.015931893,0.11662729,-0.010083023,-0.0024321058,-0.014502768,-0.007876856,-0.00059399183,0.037066195,-0.02781618,0.0041842493,0.06828108,0.028753746,0.1065154,0.021419646,-0.0040085223,-0.022010652,0.0013502459,-0.05012578,-0.029581867,0.10709933,-0.020689832,0.014136081,0.0574381,-0.06336533,0.10960788,-0.030610602,-0.1016775,0.017140107,-0.021734225,-0.021914698,0.06259255,0.02534627
Q12873,-0.024325032,0.10052931,-0.013459824,-0.008021433,-0.015027405,-0.012835012,-0.012947692,0.025960635,-0.03503273,0.008370295,0.05978063,0.018054409,0.10161878,0.011774936,-0.015156122,-0.027959608,-0.005992487,-0.061592124,-0.03339173,0.118529834,-0.030054819,0.009624793,0.046699706,-0.05510152,0.10854798,-0.025328983,-0.100008145,0.0064434498,-0.014516982,-0.016454676,0.06306762,0.03204913
Q9H190,-0.021675719,0.111122884,-0.011607827,-0.020410543,-0.016533213,-0.016814249,-0.015468006,0.03670228,-0.018368745,0.008004108,0.06338189,0.03366798,0.10240536,0.028754892,-0.0111608915,-0.033122666,-0.007342875,-0.058027625,-0.036426798,0.12220726,-0.03296039,0.00840794,0.0525104,-0.05549709,0.11928582,-0.026058452,-0.0996582,0.007968377,7.83233e-05,-0.0102102915,0.070722185,0.034091745
P04764,-0.017520193,0.10660256,-0.013887021,-0.008678111,-0.0147459535,-0.010267512,-0.014424655,0.033159066,-0.027511355,-1.5485444e-05,0.06687212,0.02480513,0.10319871,0.016581016,-0.0070123947,-0.028655225,-0.00839594,-0.059373524,-0.036162063,0.11616467,-0.031048762,0.012371124,0.048051737,-0.058376305,0.11426297,-0.029474327,-0.09594462,0.013984774,-0.004965656,-0.0060819797,0.07011191,0.028940719
P00560,-0.017067213,0.09023525,-0.016652752,0.0025608488,-0.02672238,-0.003593114,-0.016423367,0.030915802,-0.039890062,0.010579467,0.065172955,0.015790824,0.10544634,0.01147508,-0.012819031,-0.034562364,-0.006362988,-0.06631692,-0.025602367,0.12242876,-0.02454722,0.0074872,0.058760732,-0.06028787,0.1072492,-0.033104163,-0.08934039,0.012483319,-0.0129254935,-0.009863498,0.064619474,0.029068729
O43396,-0.025586993,0.08458344,-0.010519638,-0.0037873164,-0.015226928,-0.031101437,-0.035466727,0.031871457,-0.03037919,0.013262558,0.05915254,0.025072208,0.091933094,0.02089192,-0.029476082,-0.04853213,-0.009262593,-0.07320887,-0.031861592,0.12466573,-0.03566351,0.014924063,0.042363096,-0.050522786,0.12064969,-0.025085136,-0.09884357,-0.016248496,0.0001969412,-0.0069799777,0.068716295,0.030347938
D6RGH6,-0.02514001,0.110302284,0.0040750606,-0.008633106,-0.015141036,-0.012231827,-0.010241911,0.03688439,-0.022064226,-0.0006584984,0.07268294,0.026522294,0.09626453,0.018062806,-0.004266654,-0.012247767,-0.0022573192,-0.047397368,-0.032214183,0.10791823,-0.01847298,0.014226963,0.051102646,-0.052467342,0.10436281,-0.025780734,-0.09605659,0.013152048,-0.009687771,-0.010530457,0.07479769,0.014099229
Q9BPZ3,-0.024543347,0.100454755,-0.023602994,-0.013894177,-0.0002773454,-0.0106561035,-0.013694686,0.024089372,-0.026454493,0.015974244,0.061195124,0.018762646,0.11379782,0.022694357,-0.0031341154,-0.046855837,0.0010595325,-0.08019181,-0.050410975,0.12398335,-0.041649383,0.023340583,0.028879112,-0.039891016,0.13680948,-0.019072643,-0.082148,0.013708555,-0.0143569335,0.002344299,0.058410764,0.055696692
O43318,-0.030523488,0.098178655,-0.013600166,-0.0040031215,-0.010350124,-0.009213251,-0.018849714,0.029357279,-0.027985297,0.014820005,0.06266773,0.016712423,0.09729747,0.014794373,-0.017737456,-0.028393252,-0.00054659124,-0.06240396,-0.0341263,0.11404873,-0.033567384,0.009122291,0.046106685,-0.049107146,0.11049824,-0.027698947,-0.10052253,0.0117655415,-0.002177481,-0.016878212,0.06960413,0.033034675
P04002,-0.019753903,0.13490154,0.007238382,-0.022627294,-0.016968127,0.00432447,0.008060393,0.0628953,-0.013091214,-0.016374381,0.07164973,0.05058932,0.115357794,0.030160636,0.00020983443,-0.014472488,0.00032713296,-0.022568211,-0.04181351,0.102144636,-0.018911503,0.011665415,0.07200731,-0.069822215,0.11676545,-0.044598628,-0.108003855,0.025563786,-0.016353855,-0.01720708,0.07050393,0.0069986857
P06733,-0.015690282,0.10834332,-0.013823427,-0.009919619,-0.017218579,-0.005145677,-0.011914153,0.030091181,-0.026119221,0.0038868291,0.06735467,0.021741364,0.100902945,0.019321337,-0.007847311,-0.025023863,-0.0074250465,-0.063295916,-0.037390117,0.11741955,-0.035737574,0.0064690043,0.04951943,-0.058298107,0.110732414,-0.02908063,-0.09961023,0.01950246,-0.006175999,-0.015360365,0.06876846,0.032924358
P0ABB0,-0.031640552,0.09058669,0.0059970194,0.009585469,-0.010392402,-0.010302785,-0.022318065,0.036926184,-0.033794474,0.0046776203,0.07167877,0.0062275506,0.10311254,0.00045484598,-0.017742703,-0.034337174,0.004852041,-0.06157731,-0.041217703,0.117607035,-0.023950512,0.016170824,0.04542859,-0.042943716,0.11305817,-0.03257104,-0.079979084,0.013194698,0.002753756,-0.008358929,0.072908856,0.005442237
P45973,-0.020899272,0.10224696,-0.008410258,-0.009959687,-0.0138412975,-0.016856177,-0.011939901,0.03514571,-0.028562767,-0.0019965374,0.068830535,0.022231894,0.10512613,0.018045813,-0.012183174,-0.03325676,-0.002117914,-0.05902301,-0.038556654,0.114595145,-0.030067356,0.010559912,0.050898038,-0.05514407,0.117849246,-0.034918234,-0.09553924,0.014275839,-0.01134647,-0.010710548,0.0661336,0.035324853
O15496,-0.023092426,0.10639245,-0.01258169,0.010326893,-0.011380949,-0.005035012,-0.012918418,0.034197256,-0.028203279,0.007815213,0.06741446,0.017146515,0.09762053,0.009755736,-0.010013149,-0.02195979,-0.006620002,-0.05544844,-0.033572517,0.10993917,-0.024329852,0.011933509,0.051095724,-0.055509225,0.10646782,-0.034210972,-0.093040064,0.012868857,-0.00887163,-0.020568162,0.06961609,0.021307003
P12272,-0.028450629,0.10266516,-0.011326409,-0.007160011,-0.013485802,-0.002975541,-0.013525983,0.0333858,-0.01963819,0.014453102,0.063119635,0.016114965,0.10111403,0.020150919,-0.013027307,-0.021262035,-0.0043846015,-0.051444184,-0.023155581,0.10966733,-0.030059636,0.0015857975,0.047274817,-0.0569962,0.10784201,-0.023902595,-0.10550775,0.0103799505,-0.013649912,-0.022048792,0.06906669,0.035497963
P06704,-0.027702102,0.10820142,-0.019244665,-0.012944733,-0.005871149,0.0019124163,-0.015050764,0.031922612,-0.024892831,0.012418118,0.057158608,0.0090910075,0.10600106,0.012047215,-0.01180471,-0.032964315,-0.0067707915,-0.057592735,-0.041849773,0.11786439,-0.032538813,0.011915051,0.04552572,-0.052205548,0.11095268,-0.029698519,-0.09851309,0.01763101,-0.0025441747,-0.018140458,0.067700855,0.031746272
P00572,-0.0066061076,0.119283676,-0.013136199,-0.003528276,-0.010193923,-0.0026100809,-0.0053892788,0.029692437,-0.029869083,0.008726215,0.065656185,0.019121025,0.09609442,0.017936418,-0.00042037107,-0.025755307,-0.0075974963,-0.06587906,-0.04047177,0.11240332,-0.035970256,0.0141091235,0.058271654,-0.07370361,0.099318646,-0.027480913,-0.09907611,0.020554744,-0.021003066,-0.017015576,0.071028665,0.02749092
P05141,-0.02183319,0.10074375,-0.016887343,-0.018147102,-0.018101918,-0.012462259,-0.023737706,0.03570615,-0.019922452,0.010606813,0.06270095,0.027490094,0.09508196,0.03573042,-0.0156528,-0.029954776,-0.0059045837,-0.05716471,-0.026229331,0.120579146,-0.033631604,0.0023984555,0.03997572,-0.052375197,0.11556026,-0.021049961,-0.10815543,0.008887347,-0.011836834,-0.011041156,0.063276954,0.048397332
Q8IWX8,-0.028641127,0.09738839,-0.012919415,-0.008289186,-0.0061592404,-0.010044873,-0.010838393,0.029900866,-0.02558178,0.021670887,0.068014346,0.012485985,0.096632004,0.0163756,-0.00939684,-0.02560804,-0.0063459193,-0.059368603,-0.027485132,0.11244243,-0.028389841,0.016308933,0.036403053,-0.047250774,0.112213746,-0.021108136,-0.095270224,0.01153176,-0.012702975,-0.014714347,0.06343525,0.038106326
Q13825,-0.015326513,0.12265619,-0.02036401,-0.003246787,-0.012735454,-0.012747183,-0.013606491,0.037785284,-0.027328389,-8.130539e-05,0.06537418,0.03226195,0.10795566,0.029186945,-0.00081692636,-0.036001205,0.002333628,-0.053325664,-0.03162893,0.1102332,-0.024557117,0.015075203,0.057688244,-0.061507583,0.11141443,-0.03769146,-0.09732971,0.021514378,-0.00745953,-0.01770585,0.06083727,0.03310448
P04406,-0.023746973,0.10290862,-0.015140745,-0.0041336752,-0.010302736,-0.0110874735,-0.014799872,0.033648413,-0.026214777,0.008661478,0.062209528,0.021039464,0.10080713,0.013690027,-0.010888712,-0.029833812,-0.0036174976,-0.060467053,-0.03408481,0.117726065,-0.030296337,0.009896731,0.049250644,-0.051347993,0.11677284,-0.02568049,-0.097805336,0.009128158,-0.010250151,-0.020184979,0.067616746,0.030246489
Q9UHD9,-0.019686706,0.09280937,-0.013874286,-0.0026300335,-0.019588383,-0.014840511,-0.027990736,0.03048126,-0.027135367,0.0049350914,0.06395148,0.020460922,0.10611486,0.025159152,-0.014769199,-0.03233685,-0.0075183813,-0.0659977,-0.028820615,0.12186397,-0.038997017,-0.0063188667,0.039063253,-0.049888983,0.12042561,-0.025225734,-0.09364616,0.004732812,-0.0050057876,-0.0020745008,0.07101021,0.04176215
P21570,-0.023318512,0.10513849,-0.0053473073,-0.0006744041,-0.0120032765,-0.013181662,-0.013892269,0.026591616,-0.018667066,-0.0045448565,0.06923787,0.026795566,0.10300178,0.0152261825,-0.0039318856,-0.015813818,0.002066185,-0.05238264,-0.031051839,0.111675814,-0.02206868,0.010095238,0.050560437,-0.050823677,0.10881937,-0.029360222,-0.09232897,0.01233399,-0.013963813,-0.016704617,0.07090667,0.019324021
P43274,-0.0220603,0.09928041,-0.017146034,0.0024255458,-0.010831803,-0.0006453274,-0.0030906964,0.018323123,-0.030184232,0.007815159,0.06524701,0.010752727,0.102357924,-0.0059962072,-0.007189072,-0.02323871,-0.00049556064,-0.06833783,-0.0465094,0.122100085,-0.032895982,0.0059826244,0.038791414,-0.04588866,0.11774645,-0.023643034,-0.090633534,0.02765584,-0.0077667567,-0.018148264,0.06506735,0.03264592
O75822,-0.019772686,0.10327925,-0.018651728,-0.014108149,-0.018133517,-0.012563326,-0.02307642,0.02948244,-0.028121054,-0.005031208,0.06264664,0.018981613,0.111441925,0.017926158,-0.009771601,-0.037720375,-0.017563997,-0.061957717,-0.038351282,0.124162614,-0.036215514,0.0087587945,0.042177882,-0.060536556,0.11699171,-0.029758584,-0.0969137,0.0049335347,-0.0006274739,-0.0055060787,0.061373845,0.040192105
A6XH05,-0.022662777,0.09910669,-0.02006219,0.0059205582,-0.010442846,-0.008603252,-0.040490746,0.012954556,-0.028703716,0.0138894385,0.06286839,0.0075284345,0.09188038,0.018466447,-0.028271267,-0.035856698,-0.0011669418,-0.07006344,-0.044224,0.11463656,-0.03780278,0.0006136611,0.045905534,-0.0640307,0.10818639,-0.03329093,-0.098350234,-0.0003399596,-0.0019909968,-0.021887997,0.0799518,0.035843927
P08572,-0.014431275,0.120243214,-0.0080421865,-0.005650623,-0.006346799,-0.015852788,-0.015022916,0.037485298,-0.012443227,-0.007234361,0.06394893,0.04591081,0.09375569,0.020399643,-0.0017200137,-0.030577084,-0.006075314,-0.059368845,-0.048865933,0.10965093,-0.029394435,0.023168856,0.068285026,-0.066744156,0.11355588,-0.036651332,-0.10202337,0.006173339,-0.006029111,-0.017609686,0.070822276,0.014306477
Q14160,-0.025736734,0.098627366,-0.014167835,-0.0043224017,-0.01043713,-0.011344097,-0.01391969,0.03109473,-0.029076679,0.015249773,0.06721891,0.020684682,0.09808874,0.018755587,-0.01473517,-0.030306768,0.004176762,-0.059046473,-0.03830915,0.116591536,-0.033285487,0.004191936,0.044995647,-0.046265244,0.11611394,-0.031014176,-0.09530052,0.011212136,-0.007362414,-0.014473779,0.06614794,0.03674224
A7IZE9,-0.017839286,0.12944281,0.002278503,-0.041040216,-0.013971474,0.0031081187,-0.0029112343,0.04804396,0.0024011713,-0.0060869176,0.076932445,0.03201452,0.115188345,0.034781165,0.0057651643,-0.010845889,-0.0038944976,-0.031493004,-0.02521367,0.09755301,-0.020606846,0.015910594,0.05201821,-0.06630953,0.1142887,-0.016119923,-0.113311574,0.0120006595,-0.019148847,-0.021515684,0.080422044,0.020357758
P20290,-0.030650424,0.088832796,-0.015378872,-0.004848955,-0.010718498,-0.018263143,-0.031480014,0.02244553,-0.028995495,0.012644652,0.05418224,0.018519249,0.094160646,0.013163881,-0.024975501,-0.03606552,-0.014496389,-0.08388349,-0.041646414,0.124511875,-0.045792513,0.005033748,0.034599654,-0.051884726,0.12673299,-0.016035974,-0.10324592,-0.008236807,-0.0006466713,-0.0010685986,0.075423375,0.044353504
C4M4P4,-0.028099371,0.10123197,-0.008874852,-0.022136832,-0.0080633,-0.01995181,-0.00972066,0.018638926,-0.033156384,0.02102542,0.054893356,0.015719006,0.102113456,0.01901195,-0.012186932,-0.03360164,-0.0040941327,-0.06625234,-0.029394865,0.123072825,-0.02927079,0.015519656,0.04391727,-0.0513076,0.10958976,-0.020725397,-0.0980128,0.0030294417,-0.026722318,-0.021673122,0.06562031,0.03630586
P08118,-0.010059289,0.13139403,-0.012354273,-0.0105406195,-0.022261538,0.005724361,-0.008252694,0.044750325,-0.014312953,-0.020931985,0.06649655,0.032766867,0.1051331,0.022179328,0.013830159,-0.012970756,-0.0049322187,-0.045406327,-0.02933234,0.107228845,-0.0148688685,0.006453382,0.08510733,-0.08464176,0.09525597,-0.033158172,-0.10428856,0.026166288,-0.02288336,-0.017833233,0.076778516,0.019273074
P0C5Z0,-0.03315236,0.08921709,-0.02311645,0.010862324,-0.002878163,-0.0044965637,-0.017190564,0.015350755,-0.038942378,0.01848204,0.061542973,-0.013214797,0.09965367,-0.0030089233,-0.018879008,-0.020096289,0.0067463377,-0.073325634,-0.03511782,0.12293863,-0.031194903,-0.00038181432,0.032259747,-0.04037126,0.11351684,-0.017299546,-0.08760294,0.017579349,-0.017245237,-0.01705928,0.078141555,0.04411402
P0CJ48,-0.0325199,0.09052241,-0.019149898,-0.003611571,-0.012719795,-0.02480334,-0.02913037,0.029024707,-0.025349768,0.02886264,0.057701368,0.016352186,0.1001949,0.036998544,-0.04316992,-0.022570245,-0.007868094,-0.056061834,-0.027550427,0.12146407,-0.033680703,0.009227154,0.030032048,-0.03899965,0.123147346,-0.019317886,-0.0979444,-0.00046870267,0.0031310853,-0.013298921,0.07314502,0.050479025
P46777,-0.018653793,0.098383434,-0.018415207,-0.003383113,-0.011591618,-0.012043381,-0.015930422,0.026521606,-0.029844834,0.010769067,0.06344253,0.011937637,0.09588765,0.013839383,-0.0112859,-0.03001037,-0.006488287,-0.06894532,-0.03454885,0.12011691,-0.034156542,0.00092241884,0.04413676,-0.05670199,0.11606317,-0.022263018,-0.099746384,0.00761438,-0.015785636,-0.016001584,0.067607254,0.04355275
P07017,-0.0281439,0.10886479,-0.0062143174,-0.007757053,-0.0154722575,-0.014655009,-0.007157384,0.03644956,-0.03334186,0.009574558,0.06359712,0.025298044,0.10045413,0.019120365,-0.016185017,-0.020542411,-0.006041334,-0.05347022,-0.032453194,0.109025285,-0.025724621,0.008382994,0.043818384,-0.04975099,0.11360868,-0.029771108,-0.105360456,0.011836267,-0.006736488,-0.011533191,0.07289244,0.031600155
Q80VW7,-0.012582747,0.09624741,-0.007457695,-2.197735e-05,-0.017820114,-0.01884044,-0.010907911,0.025116142,-0.03816244,0.009759185,0.07380768,0.014195738,0.096222654,0.017130615,-0.014686317,-0.03288476,-0.0034978853,-0.065358505,-0.03368796,0.12683606,-0.029939694,0.012194227,0.04023352,-0.05192495,0.10552108,-0.032833222,-0.09609957,0.013548535,-0.009620684,-0.018862888,0.05468636,0.02529239
P0DMC5,-0.020337421,0.09797437,-0.0094586,-0.012441017,-0.016193807,-0.025016394,-0.026002211,0.03250882,-0.01943402,0.003996485,0.07198787,0.030327935,0.08787867,0.02736144,-0.006675143,-0.034055103,-0.006659133,-0.06460609,-0.035230365,0.12032128,-0.033798426,0.008886053,0.040818904,-0.046192534,0.117999084,-0.022259992,-0.103198014,-0.00068321265,0.0050545675,-0.012722543,0.05819861,0.03621269
O95980,-0.019730337,0.0924089,-0.013978947,-0.0134159485,-0.019408517,-0.010161178,-0.020443968,0.03726681,-0.023502149,0.0114169605,0.06709695,0.0122435475,0.10157138,0.02774202,-0.018454257,-0.026949922,-0.005826777,-0.053311866,-0.014223237,0.12143229,-0.028170243,0.00090581796,0.045830183,-0.048954424,0.10689275,-0.029270737,-0.09648595,0.010034826,-0.016572999,-0.021627933,0.06895345,0.033849604
Q9NR28,-0.015630469,0.09161503,-0.0092975935,-0.013763875,-0.016468175,-0.015266756,-0.023228468,0.033412933,-0.028794726,0.0072033927,0.06586711,0.017108098,0.093544856,0.017844444,-0.01624662,-0.037990652,-0.006626047,-0.068471916,-0.041012626,0.12985098,-0.03596417,0.003061324,0.042887937,-0.05095283,0.12181724,-0.022363808,-0.09548305,0.012423316,-0.00094051595,-0.0060429024,0.06642526,0.03218522
Q14457,-0.025259092,0.099569775,-0.011757137,-0.0009152833,-0.0119885765,-0.014277356,-0.01370524,0.02235331,-0.029347232,0.012069781,0.066581115,0.021010917,0.09822775,0.01154558,-0.015511596,-0.03144326,-0.0028469956,-0.06040476,-0.040014796,0.11886338,-0.029495426,0.011774627,0.043872442,-0.05031006,0.11135237,-0.03437781,-0.09452408,0.00904117,-0.0065728524,-0.0201137,0.062230658,0.029792564
P0AFR2,-0.023993399,0.10472591,-0.01916133,-0.02127184,-0.0060117994,-0.019514324,-0.020360684,0.030711187,-0.01642938,0.0042949063,0.065095186,0.033499908,0.09953865,0.03004072,-0.0029755798,-0.030744499,-0.0006367442,-0.061844762,-0.03911563,0.11404642,-0.03499684,0.0055969073,0.057666562,-0.05255372,0.11921382,-0.030332059,-0.10187139,0.003334902,-0.004540398,-0.009392788,0.067183636,0.045085546
Q15797,-0.02062553,0.10811238,-0.017062267,-0.010343598,-0.01671063,-0.006738042,-0.012651458,0.03262521,-0.022471815,0.0054184287,0.06436368,0.021879135,0.10368928,0.019549364,-0.0035372018,-0.023981465,-0.008309719,-0.058338102,-0.030433515,0.11544539,-0.028094579,0.0073000044,0.053464852,-0.058811806,0.10955729,-0.024858413,-0.09898157,0.012353248,-0.009875214,-0.01390168,0.06825581,0.03661165
Q00610,-0.02197444,0.104515865,-0.009744315,-0.001025339,-0.014164075,-0.015822863,-0.014825241,0.032431968,-0.025739025,0.006628077,0.067207806,0.028531034,0.09470328,0.017652709,-0.011506237,-0.026403738,-0.0055248514,-0.056575272,-0.034692038,0.11216658,-0.028219774,0.010068548,0.047668174,-0.05222727,0.113810636,-0.031073734,-0.09722225,0.011616712,-0.0022402836,-0.015399195,0.0662341,0.02721741
O95998,-0.027831096,0.09152793,-0.018363701,0.014127795,-0.01675288,0.0051451097,-0.023213696,0.0366482,-0.034088418,0.014890509,0.061564244,0.0022373628,0.09946157,0.009680525,-0.015842563,-0.027210768,-0.00786209,-0.06344699,-0.015903898,0.115278445,-0.030469412,-0.00039568823,0.052076638,-0.06471643,0.10867846,-0.025114082,-0.09387623,0.01432259,-0.017516626,-0.02481325,0.06546567,0.033773154
O96018,-0.015121251,0.12412196,-0.012950589,0.00091737974,-0.0034415475,-0.011585137,-0.0012220172,0.026948696,-0.020329429,0.013201227,0.0749089,0.024736568,0.08709021,0.016724877,0.009224291,-0.014281888,-0.0061113923,-0.05490242,-0.037549846,0.106379285,-0.022938538,0.025979694,0.05836279,-0.061633497,0.0988189,-0.027519006,-0.08989687,0.013851784,-0.012986755,-0.030117225,0.06821482,0.019060638
Q96L73,-0.028274566,0.11660888,-0.0058075665,0.0006597571,-0.013367988,-0.02218986,-0.0013917582,0.033184916,-0.025271919,0.008468598,0.064568914,0.036624953,0.09890337,0.019242331,-0.0062321424,-0.018989084,-0.0028982405,-0.046207406,-0.034949474,0.11393841,-0.017840974,0.012262085,0.0566264,-0.047195353,0.10768118,-0.03594098,-0.09391354,0.0062438548,-0.008284664,-0.023204837,0.06116538,0.02119903
P05090,-0.019599328,0.11376914,-0.009881154,-0.009985106,-0.0095280055,-0.0035279156,-0.011021123,0.029834693,-0.016805451,0.006901958,0.064554624,0.022213466,0.09411473,0.016263071,-0.0022631958,-0.022547672,-0.005458779,-0.05695695,-0.03778822,0.11364507,-0.02929333,0.0076769935,0.055445824,-0.06370928,0.10673568,-0.024924446,-0.10203764,0.015940178,-0.013755169,-0.022530751,0.06955537,0.027227765
O15371,-0.025610482,0.101489544,-0.017806347,-0.0053224154,-0.013254891,-0.015705604,-0.02286363,0.023912273,-0.026443671,0.010079312,0.07003488,0.01729534,0.09634374,0.017862562,-0.009420868,-0.029253995,-1.1280412e-05,-0.06493814,-0.038680255,0.12017526,-0.030396149,0.007362512,0.045291312,-0.04666649,0.11322864,-0.026138669,-0.09438948,0.005790009,0.002033603,-0.018125903,0.06763637,0.037911855
P19156,-0.044119745,0.082239,-0.01858133,-0.008939689,-0.004629029,-0.016923303,-0.044434212,0.019801762,-0.010357961,0.017435346,0.06522756,0.011951784,0.09610407,0.017056264,-0.017061021,-0.049588792,-0.013043111,-0.07805616,-0.05038859,0.12871985,-0.05148659,-0.013255963,0.033488415,-0.04156213,0.1332345,-0.032674626,-0.089403324,-0.004403008,0.02764361,0.004166092,0.071656436,0.06156765
O75365,-0.024791515,0.106689714,-0.015045653,-0.0018739185,-0.017291332,-0.0053281668,-0.013873122,0.02655529,-0.035692915,0.005541455,0.05708982,0.025990093,0.099820174,0.0040579555,-0.010930686,-0.03607989,-0.00603109,-0.06564207,-0.039923828,0.11432723,-0.03361815,0.009974697,0.05409658,-0.06338958,0.10953692,-0.031855587,-0.0958663,0.010798988,-0.010432136,-0.0138283335,0.06904366,0.027211428
Q13153,-0.025032613,0.09446361,-0.015875446,-0.007941505,-0.013760494,-0.011728799,-0.015503099,0.026813466,-0.03169363,0.014884425,0.067085065,0.013693178,0.10055523,0.016444648,-0.014572347,-0.02851646,-2.7442602e-05,-0.062157046,-0.027422363,0.11798164,-0.03131047,0.0031776852,0.037871797,-0.04645789,0.113574736,-0.02420598,-0.098951936,0.014151575,-0.009783842,-0.01367909,0.06500403,0.04183199
C6KSX0,-0.023235776,0.11150689,-0.01920405,0.0060730875,-0.00852259,-0.004200098,-0.006548213,0.03164815,-0.034521345,0.010399258,0.0656313,0.008675909,0.09210016,0.014983003,-0.008647163,-0.010118142,-0.0010682475,-0.06041311,-0.027996488,0.10508942,-0.036393642,0.0082674,0.037768044,-0.04947858,0.102519855,-0.019756597,-0.09256646,0.022995057,-0.021570222,-0.017199347,0.07367547,0.040771026
O55234,-0.02199834,0.09787258,-0.014058239,-0.015580202,-0.013427298,-0.022861147,-0.016478198,0.03366482,-0.019429976,0.0072582006,0.06293051,0.027841436,0.10086564,0.034024056,-0.008330631,-0.017585063,-0.0074369884,-0.05039661,-0.017948423,0.11393833,-0.021714991,0.004663779,0.045595165,-0.045491714,0.113767825,-0.022177389,-0.1044764,0.0023063412,-0.012935355,-0.010461941,0.06284141,0.038804032
P21374,-0.032486364,0.103094086,-0.013638748,0.0011151071,-0.0124230245,0.007974738,-0.012182093,0.033635817,-0.029333888,0.0061254795,0.06609589,0.0020664523,0.11164899,0.0058561377,-0.009032975,-0.029411897,-0.006273288,-0.05860102,-0.039435986,0.11444416,-0.03242058,0.009292185,0.039547354,-0.054136124,0.11560314,-0.029329598,-0.09301835,0.019935178,-0.0069360235,-0.017630935,0.06364862,0.036365867
P04347,-0.04349233,0.090764545,-0.013739141,-0.013096163,0.0089493785,-0.010719678,-0.04679118,0.016220778,-0.0081084315,0.019189883,0.054662373,0.016097283,0.08664027,0.0042688977,-0.023338892,-0.0626854,-0.020052183,-0.09882735,-0.06657536,0.13539472,-0.06660785,-0.00027679442,0.05278185,-0.062921524,0.14175723,-0.04216478,-0.097088754,-0.0051246257,0.02326628,-0.022590293,0.091668196,0.041227706
P45880,-0.028183904,0.09457995,-0.01359394,-0.009614129,-0.01816203,-0.0036840653,-0.021574274,0.03397282,-0.024474906,0.0021292316,0.06598358,0.013635041,0.10923813,0.016226271,-0.014610212,-0.02801207,-0.0020640318,-0.05703034,-0.031447787,0.118894964,-0.029971259,0.0023628317,0.047220513,-0.05004479,0.11863957,-0.027130343,-0.09481397,0.010612935,-0.00897966,-0.017559115,0.06853494,0.035823703
P08640,-0.024041213,0.10141607,-0.01744714,-0.001978103,-0.015257981,-0.008317079,-0.017400699,0.03217822,-0.025539003,0.009088135,0.060860608,0.017819278,0.10164618,0.017118178,-0.014529373,-0.022855882,-0.0023213914,-0.05662959,-0.024182273,0.11210409,-0.030693054,0.0007597805,0.03962855,-0.048390508,0.109970026,-0.019271443,-0.103890225,0.009238318,-0.01180762,-0.017469771,0.06375447,0.03869391
P05120,-0.019404944,0.09547931,-0.011102803,-0.0031330697,-0.01614943,-0.028316172,-0.020997232,0.036614142,-0.017223202,0.00694212,0.058636717,0.03526774,0.08686082,0.026138088,-0.014455483,-0.014734605,-0.00021604227,-0.053594973,-0.011855574,0.11930143,-0.027845258,-0.014513348,0.0401712,-0.038826544,0.11767695,-0.011386858,-0.10428512,0.00036876858,-0.013817686,-0.0108312955,0.07344591,0.03258138
Q9UBC2,-0.023511086,0.083644785,-0.024107724,-0.008811615,-0.024994323,-0.024790836,-0.041679733,0.042659722,-0.018641371,-0.0012390725,0.054822132,0.027653731,0.093795426,0.01719656,-0.030798553,-0.047015376,-0.03846553,-0.07045324,-0.029109882,0.14224336,-0.04341057,0.01618119,0.044063378,-0.054965187,0.1127022,-0.028890476,-0.110052265,-0.017403023,0.028311208,-0.0053288415,0.055396125,0.02935047
P00724,-0.028715441,0.09439517,-0.01595089,-0.007862683,-0.015257499,-0.004781871,-0.03014502,0.037526418,-0.025073916,0.0063507794,0.057524484,0.015488864,0.101958334,0.01442088,-0.013306616,-0.03957068,-0.010122256,-0.067924865,-0.029670723,0.12208533,-0.03714727,-0.0022136958,0.048123527,-0.05763909,0.1213918,-0.023583129,-0.10072957,0.004674521,-0.003364951,-0.0120014995,0.06910553,0.038222454
P09733,-0.017485652,0.09257058,-0.012662835,0.0006764233,-0.012435569,-0.016955145,-0.02118338,0.02211921,-0.01761541,0.0149238305,0.06626709,0.010747786,0.08539037,0.014737171,-0.013487131,-0.024924705,-0.013888608,-0.078109436,-0.041592564,0.12854837,-0.038700886,-0.0039325743,0.044605818,-0.05426449,0.11436683,-0.017364701,-0.098183684,0.002697874,-0.0021699832,-0.00930305,0.07463225,0.042349767
P15692,-0.026662575,0.10194116,-0.011772359,-0.0013508138,-0.01093308,-0.005157967,-0.012418189,0.02947992,-0.028943384,0.011996726,0.06918223,0.014704838,0.09645309,0.011570942,-0.009434731,-0.02444458,-0.002467179,-0.059781954,-0.035759605,0.11436247,-0.029105099,0.008147062,0.044710066,-0.052501608,0.11144379,-0.02904323,-0.09591403,0.013905936,-0.009648454,-0.017427074,0.0698169,0.03084705
P69786,-0.016104544,0.09004723,-0.008497537,-0.01545799,-0.018620802,-0.010259948,0.0060738125,0.017822685,-0.04255026,0.016366202,0.07664257,0.0042529567,0.10419984,0.009020345,-0.0079947105,-0.021968393,-0.008459503,-0.06677092,-0.034495674,0.12839743,-0.038172804,-0.000848044,0.028308898,-0.045916907,0.112715684,-0.025356865,-0.089903414,0.018553266,-0.023353847,-0.012379574,0.059073072,0.044791877
Q13492,-0.02247292,0.10193277,-0.012109599,-0.0020674125,-0.01045133,-0.011017385,-0.009347142,0.027176177,-0.026654301,0.012293199,0.06793129,0.018372618,0.097152255,0.015879069,-0.009406374,-0.021599248,-0.0030590794,-0.056861613,-0.03074537,0.11206489,-0.02904799,0.009317058,0.041313145,-0.049650468,0.10870226,-0.026868265,-0.09729347,0.0129848365,-0.013703659,-0.019037323,0.06355166,0.03289038
A5KE01,-0.006367961,0.11093226,-0.023152716,0.012012724,-0.02052811,-0.021357507,0.006796808,0.033896856,-0.031136231,0.012060525,0.08940123,0.03680025,0.08857341,0.0140495,-0.0039840955,-0.015618212,0.0009546671,-0.051860873,-0.02455483,0.091023505,-0.0033797622,0.044902474,0.0648389,-0.05453892,0.08665246,-0.045499347,-0.09557086,-0.0006973604,-0.017439764,-0.021745853,0.07803199,0.015772924
P23396,-0.025298597,0.098307036,-0.010908349,-0.004673046,-0.013818408,-0.012745082,-0.01562908,0.030163497,-0.029841714,0.01058452,0.06755275,0.015471532,0.09844994,0.018033642,-0.012815854,-0.025708912,-0.003072409,-0.058466733,-0.032297235,0.11581309,-0.029909402,0.0046795234,0.04035378,-0.04721664,0.11469162,-0.026088156,-0.09545531,0.010446206,-0.008854333,-0.015118549,0.06616608,0.035855263
P05451,-0.042980134,0.09670384,-0.018165959,0.019198865,-0.012554256,0.012077638,-0.017301721,0.02707884,-0.045652866,0.025357217,0.056836568,-0.028262746,0.094994545,-0.0083764475,-0.027186539,-0.02911036,-0.0031459583,-0.06571678,-0.035904583,0.114702985,-0.024262082,-0.011908621,0.04253529,-0.0629437,0.10185318,-0.026513942,-0.10975195,0.017648539,-0.015070252,-0.030638628,0.06977329,0.052594528
O43508,-0.023525633,0.103488564,-0.020761408,-0.005486016,-0.016177682,-0.0057816636,-0.016481262,0.034582935,-0.023268897,0.013615262,0.062175952,0.017260324,0.0977527,0.026512556,-0.01048115,-0.023833307,-0.0038689366,-0.05643858,-0.02380264,0.120346926,-0.030770361,-0.00047529823,0.04642516,-0.05176355,0.11211004,-0.021891529,-0.096464425,0.011442884,-0.019747442,-0.024440126,0.06218237,0.045292977
P10275,-0.027451929,0.10414714,-0.012494809,-0.0043998715,-0.013537036,-0.0071693957,-0.017853847,0.036043912,-0.023352398,0.007583403,0.06622258,0.018940566,0.09669946,0.018505787,-0.007037228,-0.02561532,-0.005340656,-0.056927238,-0.033470888,0.11543186,-0.027809575,0.0056704893,0.049366567,-0.054525476,0.11318153,-0.025528122,-0.097488046,0.010936895,-0.005748164,-0.013841016,0.06694912,0.034349166
Q61371,-0.028813668,0.09762425,-0.011720815,0.002523781,-0.012681419,-0.010367751,-0.020440716,0.02796725,-0.028253913,0.010783797,0.06561901,0.013777859,0.09606098,0.010875919,-0.01650303,-0.030814074,-0.0037079575,-0.06190827,-0.036533326,0.11677249,-0.030712664,0.0070188306,0.04287008,-0.050103653,0.111327246,-0.030687252,-0.094540924,0.009965758,-0.0029329862,-0.015865242,0.06932358,0.031706583
P21375,-0.011771821,0.09059052,-0.0160756,0.007574259,-0.019456089,-0.015233037,-0.021713857,0.023113113,-0.027009383,0.0064290687,0.06307731,0.027480215,0.10022639,0.02191754,-0.025413033,-0.020196684,-0.002385342,-0.054982524,-0.022060104,0.113237455,-0.034641672,0.001003333,0.043688513,-0.05524922,0.115354106,-0.025875479,-0.09803801,0.008650808,-0.0133517105,-0.027334237,0.060905986,0.028206846
Q9BZR9,-0.026312333,0.110661566,-0.009020345,-0.012382305,-0.0145305935,-0.0028460603,-0.003347231,0.038731053,-0.024776777,0.0041059377,0.066633984,0.022199472,0.10309048,0.00979945,0.00061779004,-0.02319914,-0.006822507,-0.053419,-0.037385136,0.11642797,-0.022307301,0.012372506,0.05566875,-0.056348704,0.114957556,-0.026352702,-0.09653766,0.019996211,-0.008786245,-0.014421821,0.06918129,0.026291369
Q7YZX3,-0.032441765,0.10170976,-0.0032148268,-0.011542368,-0.01737382,-0.022171825,-0.031214954,0.026819887,-0.038378093,0.0047978237,0.06177934,0.025663503,0.08836309,0.013768542,-0.010871828,-0.03631043,0.0024666348,-0.07333047,-0.046701286,0.116835855,-0.026136398,0.0026540488,0.04569991,-0.05076386,0.120227665,-0.016587598,-0.10152296,0.0039403676,0.005862815,0.006599317,0.07550473,0.034639794
P0ACC1,-0.015399113,0.10687498,-0.024065746,-0.003082177,-0.010113331,-0.0005634773,-0.0033872041,0.033280663,-0.02018562,0.014385626,0.06045093,0.02174026,0.09546232,0.016860709,-0.002477328,-0.017150862,-0.013840184,-0.056122515,-0.028978387,0.115466945,-0.0343734,0.0005886732,0.05577577,-0.06404146,0.11098469,-0.0251686,-0.10204577,0.017783655,-0.017464323,-0.024126386,0.063412406,0.04018371
P54253,-0.019086365,0.1101694,-0.010575116,-0.010542597,-0.020044794,-0.0118303485,-0.01602657,0.03565282,-0.022842454,0.0033195156,0.06458139,0.02636773,0.10243412,0.022130318,-0.01414854,-0.030103737,-0.00807852,-0.06258521,-0.03640024,0.12182832,-0.026915764,0.0107294815,0.053561404,-0.061295245,0.114026316,-0.025672922,-0.10374846,0.010772046,-0.0053024157,-0.012184501,0.06960454,0.031228587
P0A6L0,-0.022868987,0.09482252,-0.015546694,-0.008197685,-0.01596233,-0.012253752,-0.011443953,0.025967909,-0.03060115,0.0075255064,0.064488195,0.0115290275,0.109960265,0.021410573,-0.024841577,-0.034042202,-0.0032326563,-0.055677075,-0.026431723,0.11369599,-0.038195986,0.011698072,0.046378244,-0.057436388,0.10735499,-0.03904719,-0.09994369,0.010547127,-0.023430023,-0.035510365,0.055877157,0.043802124
P15208,-0.020304736,0.10930242,-0.013077529,-0.011591014,-0.010934727,-0.017834226,-0.013570139,0.032235786,-0.02324791,0.00973553,0.06749836,0.031190047,0.09345702,0.024090141,-0.0049420903,-0.030062664,-0.0031433862,-0.05877792,-0.035978235,0.11615683,-0.030736525,0.006483762,0.04286884,-0.049881794,0.11857389,-0.025564682,-0.10167025,0.011691192,-0.0056682257,-0.011936242,0.06602662,0.037478246
P11940,-0.025052816,0.10569311,-0.013122567,-0.0031345473,-0.013456105,-0.009674642,-0.011299829,0.03245031,-0.02852223,0.011051088,0.06655341,0.014766043,0.10140057,0.020028891,-0.010161307,-0.022171158,-0.0034575576,-0.055872157,-0.028070873,0.115742,-0.025915833,0.012740633,0.04701142,-0.05215477,0.10622077,-0.026600892,-0.094210476,0.012823776,-0.01459414,-0.018532075,0.067462854,0.032442432
Q96EB6,-0.025285324,0.10281551,-0.013299628,-0.003236271,-0.010837038,-0.009371502,-0.015128042,0.030801088,-0.027642302,0.009050277,0.06496823,0.016882632,0.09607994,0.015284122,-0.01158642,-0.023961462,-0.0037722713,-0.058173288,-0.03518553,0.11236434,-0.027454382,0.009161425,0.046865035,-0.052783553,0.11189233,-0.027264582,-0.09901438,0.010573,-0.009633715,-0.016991474,0.069598354,0.032018162
Q8IUQ4,-0.028112456,0.10378891,-0.010444668,-0.0052445787,-0.010908975,-0.0005606344,-0.011680523,0.033542916,-0.025367193,0.012456356,0.06241611,0.012274509,0.095780045,0.010069889,-0.011849995,-0.025103843,-0.005454389,-0.05541032,-0.03362301,0.112975344,-0.03238463,0.006870025,0.043054428,-0.05202526,0.109707184,-0.025949117,-0.09610051,0.018873904,-0.009945547,-0.019913359,0.071070895,0.029012527
Q94420,-0.023106057,0.10465211,-0.0053292033,-0.008159001,-0.01346985,-0.008388011,-0.0072356593,0.03808318,-0.01925497,0.008465492,0.06870094,0.024755374,0.09971431,0.01576672,-0.010662413,-0.030623794,-0.0054747034,-0.055203624,-0.0376657,0.11905144,-0.029700272,0.011220181,0.052061554,-0.05322412,0.113056675,-0.035743896,-0.09467476,0.014864688,-0.007995336,-0.017237771,0.069819234,0.023983503
P0A6S5,-0.035856217,0.10464973,-0.0066750017,-0.01980777,-0.0113390945,-0.007541513,-0.020565465,0.03211224,-0.020086007,-0.0010679957,0.052595038,0.026698167,0.107919365,0.009745692,-0.0141468495,-0.027804598,-0.0013552817,-0.04614216,-0.026727008,0.11433215,-0.030429356,0.01347765,0.041676447,-0.0448653,0.1090554,-0.024022855,-0.09181193,0.010535806,-0.011288366,-0.014948685,0.07472829,0.016011797
O00308,-0.024447804,0.09918314,-0.01263837,-0.004923107,-0.011920814,-0.004642646,-0.016114302,0.028424809,-0.027470598,0.011457015,0.06421815,0.010395785,0.09793279,0.0113290865,-0.018211406,-0.027201775,-0.0073177726,-0.06241882,-0.038543623,0.11944059,-0.034821637,0.0047885687,0.045468546,-0.057215758,0.11210921,-0.028118644,-0.10008781,0.013922949,-0.005515351,-0.017454378,0.07168096,0.032190107
B5KM66,-0.026595166,0.103564,-0.011952243,-0.0013290426,-0.013316877,-0.0054024444,-0.00902792,0.035279952,-0.027904056,0.009901139,0.06466131,0.011428614,0.09415228,0.011919544,-0.010823435,-0.026152963,0.002297654,-0.05597884,-0.03321838,0.11845147,-0.023904307,0.008174237,0.05230168,-0.051912427,0.106209286,-0.029087171,-0.09647011,0.020506186,-0.015796727,-0.022636278,0.06901536,0.030460192
P00748,-0.02346286,0.10884485,-0.0059698764,-0.007419292,-0.013865355,-0.007375815,-0.014000472,0.04127802,-0.018430207,0.005288383,0.072196916,0.026068628,0.09358274,0.026015632,-0.00668858,-0.019600328,-0.0017648654,-0.048506096,-0.0297153,0.11006556,-0.024983443,0.0054945215,0.04503122,-0.0560357,0.11666111,-0.022437477,-0.10562399,0.0096077705,-0.013260632,-0.018595198,0.067063935,0.030254014
A0A0K0MJN3,-0.04095865,0.09951947,-0.01216662,-0.012374731,-0.0025669578,-0.011710276,-0.025227597,0.033657957,-0.017884087,0.014666703,0.06712281,0.014386711,0.10048851,0.02594283,-0.0069424603,-0.023256302,0.0060086288,-0.04605029,-0.028168604,0.11190408,-0.01912619,0.0072808573,0.034175437,-0.036649298,0.12008108,-0.018179314,-0.09536642,0.006343389,-0.007958999,-0.013560228,0.06253608,0.04233862
P01023,-0.01967798,0.11773021,-0.018012282,-0.0033692652,-0.005411099,-0.0021440566,-0.005449709,0.037711423,-0.02171303,0.00895472,0.06737704,0.022187375,0.09878768,0.019642936,0.00015050788,-0.021244857,0.00059419585,-0.05178019,-0.032393947,0.10563255,-0.030022353,0.014168859,0.05280585,-0.0576345,0.10958437,-0.027574344,-0.09681548,0.023513826,-0.012952535,-0.023688395,0.066843025,0.030515283
P0A6E6,-0.035935786,0.087284684,0.002566003,0.017358214,-0.011725468,-0.008179373,-0.017195517,0.025232235,-0.030388623,0.018752677,0.07284616,0.0014509434,0.0940001,0.0012611148,-0.017121138,-0.021751432,0.0070570405,-0.06307069,-0.03411663,0.11682996,-0.020694835,0.015632292,0.041381363,-0.03474733,0.098947674,-0.028119726,-0.08070069,0.011503781,-0.005747901,-0.02104403,0.067831665,0.012569204
P12476,-0.0068161185,0.10423002,-0.019397194,-0.0139716305,-0.017665528,-0.0322571,-0.014199578,0.0195448,-0.020885402,-0.001120586,0.0586407,0.041683286,0.09394037,0.03058984,-0.015998587,-0.03688026,0.0018142782,-0.06889045,-0.028771326,0.12494767,-0.046946887,0.007603423,0.035982657,-0.04066791,0.113408394,-0.028066218,-0.093081035,0.015417856,-0.02326295,-0.021364162,0.061117876,0.04468364
P10810,-0.01360369,0.10683152,-0.013561348,-0.0007595035,-0.009354564,-0.006521967,-0.014845624,0.029767388,-0.026133882,0.006866434,0.064286,0.016009035,0.09945121,0.016093776,-0.014229245,-0.028651955,-0.0021511235,-0.06267033,-0.034722213,0.11046779,-0.038248375,0.006967373,0.04440291,-0.061361443,0.106268466,-0.027229456,-0.10292236,0.015446206,-0.012166575,-0.014212598,0.07146119,0.029794117
O94782,-0.017051257,0.118480496,-0.010142791,0.0002121309,-0.017054167,-0.005596066,0.0046586078,0.035405044,-0.03117136,0.004551455,0.068258435,0.025164582,0.10856602,0.019769445,-0.0026905835,-0.012411943,0.0018190389,-0.048789896,-0.027012091,0.10757315,-0.018767683,0.011505097,0.058567654,-0.059457526,0.10123282,-0.03189763,-0.10158899,0.025752878,-0.019071542,-0.020222731,0.065912195,0.024663579
P61088,-0.026462613,0.09894257,-0.009484426,0.00030096283,-0.015062564,-0.007510113,-0.011380113,0.030441992,-0.02811291,0.014164666,0.06565694,0.011598605,0.09313335,0.011300959,-0.009356463,-0.021614805,-0.007628639,-0.06443659,-0.035431277,0.119783536,-0.025968459,0.004208897,0.05070127,-0.053973183,0.10750389,-0.024108518,-0.09551805,0.010880897,-0.01116645,-0.011487686,0.07137822,0.03324331
D3ZMK9,-0.015892137,0.109911665,-0.0054553556,-0.012344052,-0.019520687,-0.013484179,-0.017668905,0.035805486,-0.025381675,-0.0028726135,0.062362373,0.03326452,0.09855669,0.0108963,-0.009733675,-0.036460258,-0.0039547533,-0.06281147,-0.043020386,0.12014785,-0.0252481,0.02179605,0.059981234,-0.060082104,0.1115207,-0.023810972,-0.09636328,0.008704697,-0.0037376687,-0.014645489,0.06770942,0.011343347
Q9H4A3,-0.02389836,0.10231618,-0.015057822,0.00048250836,-0.01404136,-0.010398332,-0.011925462,0.0264289,-0.03061716,0.01270695,0.06844679,0.01752643,0.10035676,0.01772383,-0.009996212,-0.021887809,0.00079728646,-0.058666714,-0.03163895,0.110088184,-0.028534824,0.006808706,0.044565376,-0.049498953,0.10874625,-0.026759338,-0.09809304,0.010783928,-0.008026412,-0.01778259,0.064186275,0.03561183
O15287,-0.026844433,0.09864667,-0.0072238613,-0.0017502569,-0.014982525,-0.01782417,-0.020460002,0.030079126,-0.025480611,0.0030082902,0.06973125,0.020259554,0.096416056,0.01595842,-0.012915712,-0.024440672,-0.0028090926,-0.05566217,-0.03343099,0.11669796,-0.02519568,0.008243132,0.042769395,-0.046383943,0.11493848,-0.027774902,-0.08984846,0.0066524143,-0.005415347,-0.013477714,0.0714262,0.027358951
P0AB58,-0.010814593,0.089336164,-0.020502623,-0.016831767,-0.027215684,-0.02801465,-0.022412837,0.03659544,-0.03600212,0.018389208,0.05657355,0.012176168,0.09967151,0.03227059,-0.025958478,-0.043066707,-0.025724797,-0.06771491,-0.011123431,0.14183562,-0.043410182,-0.00455232,0.037195385,-0.052398846,0.103178285,-0.023165017,-0.10418436,-0.0048364955,-0.0055635334,-0.012870968,0.05149215,0.04688273
O08722,-0.017801404,0.10726676,-0.013686568,-0.0106325,-0.0141567215,-0.019972121,-0.012362456,0.033303253,-0.028222134,0.0027787792,0.06385105,0.02509076,0.09800232,0.016923055,-0.0063148425,-0.030345619,-0.009921421,-0.06067682,-0.029705245,0.11727569,-0.028634753,0.015657427,0.050971903,-0.05594305,0.10983819,-0.026183104,-0.09387342,0.010917492,-0.011178292,-0.014167124,0.064837456,0.030835917
Q22289,-0.026145356,0.11311817,-0.0038646653,-0.009646763,-0.01947243,0.006802663,0.0038417792,0.024298871,-0.033050478,0.0035175912,0.06803995,0.009885444,0.105267726,4.068762e-05,-0.008966708,-0.020044802,-0.010496081,-0.06073,-0.057956677,0.11353243,-0.030364975,0.0017564861,0.04285324,-0.061390728,0.113329016,-0.030477539,-0.108527154,0.028571093,-0.0043701273,-0.014137584,0.06638056,0.039097637
O35627,-0.01932404,0.10753757,-0.011967058,-0.0065154205,-0.015958453,-0.009485695,-0.011212673,0.0316662,-0.028718838,0.0007603895,0.059242364,0.028249217,0.10272128,0.0073070377,-0.009717701,-0.034389332,-0.006717067,-0.06792105,-0.04264784,0.121484555,-0.032050967,0.011819786,0.044525158,-0.054926123,0.121491514,-0.023321107,-0.10106336,0.015823044,-0.0036080575,-0.007930166,0.06799154,0.026371757
P01555,-0.01233563,0.11192651,-0.019418566,-0.007715121,-0.016465742,0.0005800087,-0.014555573,0.038415413,-0.0071562855,-0.0030554372,0.06536869,0.023124225,0.110605314,0.017603677,-0.00043706596,-0.037546717,-0.0022800472,-0.05451282,-0.026900638,0.120137915,-0.022644203,0.011052805,0.062454022,-0.06454738,0.106672466,-0.03216573,-0.098320626,0.014764955,-0.01826707,-0.028266242,0.062472127,0.025862008
Q8TB24,-0.027577713,0.109652795,-0.006692745,-0.009370291,-0.0078217825,-0.0077617937,-0.0068168133,0.029913645,-0.023822695,0.014935506,0.06795947,0.02552269,0.09412373,0.012568215,-0.0018156103,-0.02456118,-0.008135302,-0.057767116,-0.03964538,0.110483386,-0.028294569,0.013748978,0.03696811,-0.050524086,0.117263414,-0.021753414,-0.10005808,0.013718797,-0.0048731496,-0.012403086,0.06318965,0.03051185
O95163,-0.031355973,0.08414633,-0.0087143965,-0.0017867883,-0.016628284,-0.026784623,-0.031165684,0.027127987,-0.03418578,0.008129697,0.061553497,0.020305984,0.09326928,0.015572305,-0.024141932,-0.04340349,-0.012206103,-0.07632526,-0.038440492,0.12561545,-0.03525634,0.022411913,0.039303962,-0.049892846,0.115927935,-0.024696866,-0.098940134,-0.01384828,0.0019537902,-0.0037980292,0.06092448,0.031096898
Q7JXV9,-0.030487647,0.104807936,-0.007998551,0.0016110273,-0.01255885,-0.005763579,-0.012487371,0.033501644,-0.024197184,0.016103929,0.0694548,0.01770795,0.09153995,0.01542538,-0.0132575175,-0.019540137,-0.004789001,-0.048228756,-0.030259566,0.109253146,-0.024785638,0.009757473,0.048809186,-0.055820305,0.1061911,-0.030489778,-0.09744698,0.007519547,-0.010505275,-0.027181497,0.07070195,0.025324479
Q9NRD5,-0.018694026,0.10178812,-0.016646748,-0.015369961,-0.014827927,-0.009059487,-0.013202284,0.03629718,-0.022682233,0.009386895,0.065350145,0.023347836,0.10123044,0.02101406,-0.009572244,-0.035053812,-0.0057756687,-0.061718263,-0.030984432,0.12070993,-0.033435084,0.004782662,0.044611134,-0.054995645,0.11977283,-0.024860721,-0.103694364,0.011056921,-0.011605297,-0.013324398,0.065126635,0.040347505
Q15038,-0.014620534,0.117908284,-0.010012901,-0.008534917,-0.016738217,-0.011009805,-0.021735625,0.036746033,-0.019552516,-0.0028247456,0.063698806,0.02891572,0.0946156,0.0192572,-0.0103544295,-0.033611927,-0.009690019,-0.06387415,-0.046391435,0.11789086,-0.028634623,0.011598266,0.06347731,-0.06903184,0.10908164,-0.030779542,-0.10508784,0.008072204,-0.0020064996,-0.012795642,0.07953023,0.022724366
Q9C019,-0.02350636,0.11050489,-0.01114568,-0.007006234,-0.014100025,-0.008893772,-0.009290761,0.040776223,-0.024477445,0.007532924,0.067610286,0.022693736,0.093018234,0.015513611,-0.0010482259,-0.01818981,-0.0069212685,-0.05328168,-0.032134067,0.11347359,-0.01747523,0.009550205,0.056278866,-0.056573678,0.1126437,-0.021942249,-0.10182934,0.017213812,-0.005622342,-0.012925384,0.072221,0.028831767
Q92731,-0.029843438,0.10196801,-0.0074900137,-0.005034731,-0.014741287,-0.004683486,-0.008144009,0.029415827,-0.02558792,0.0073050195,0.06634932,0.019116703,0.10023345,0.0107194595,-0.008885667,-0.01764959,-0.0035040423,-0.05242758,-0.03623829,0.115228735,-0.028724238,0.0014475556,0.046947565,-0.049868643,0.1156434,-0.027642136,-0.095125906,0.017922206,-0.009320432,-0.021274129,0.067032754,0.03091379
P19889,-0.026066523,0.10241876,-0.016846234,-0.0064294515,-0.006516548,-0.009150688,-0.02139826,0.03566056,-0.01802963,0.009356845,0.06547607,0.013247093,0.09500015,0.018835854,-0.0025016023,-0.027953964,-0.008211117,-0.06563939,-0.03581811,0.116680495,-0.030035852,0.0064210817,0.048316006,-0.050944064,0.11440676,-0.022670144,-0.09788732,0.008889199,-0.0018574427,-0.008109807,0.0702228,0.04024364
P58340,-0.018416738,0.1097047,-0.02630245,-0.0045785327,-0.0043436345,-0.008563137,-0.008930363,0.027936433,-0.010694034,0.014653189,0.06581119,0.026220564,0.08409779,0.021353593,0.012941957,-0.011379577,-0.010281031,-0.06164009,-0.02842353,0.11427661,-0.0242617,0.01658665,0.06621485,-0.055051666,0.100177564,-0.023301294,-0.08982751,0.0031323512,-0.02362198,-0.028432019,0.06953715,0.033167563
P07335,-0.048641507,0.075878076,-0.006633512,0.0053480105,-0.0075991093,-0.009047489,-0.031115815,0.026162146,-0.02827628,0.011469004,0.06574213,0.0050777127,0.113037825,-0.000986962,-0.03208776,-0.02953118,0.010158658,-0.05424596,-0.029753247,0.11693088,-0.025454206,0.0070757666,0.031247765,-0.025790498,0.11724279,-0.035538238,-0.08547784,0.013344468,0.0140989,-0.0074107316,0.07687314,0.01851912
P11142,-0.026102135,0.10699783,-0.014099861,-0.0011714856,-0.010563493,-0.006157499,-0.013120857,0.028300354,-0.023016568,0.0072139935,0.063768,0.019362576,0.10110292,0.0122618545,-0.009184418,-0.024582474,-0.0040209927,-0.058986943,-0.036300674,0.11560394,-0.025896518,0.011235587,0.04939298,-0.054471213,0.108768955,-0.029762669,-0.09910263,0.01364651,-0.011523805,-0.019021582,0.06839724,0.03076737
Q61171,-0.028710652,0.10331248,-0.0062839477,0.002733924,-0.011751601,-0.015085074,-0.015443037,0.030130541,-0.033340666,0.0055369497,0.06753535,0.02107275,0.09537853,0.01299223,-0.014700485,-0.021451743,0.002417203,-0.056466304,-0.037235454,0.10993584,-0.0249569,0.010217017,0.047780033,-0.05083226,0.10895876,-0.030707499,-0.09875007,0.011844696,-0.0039141113,-0.012005885,0.07125194,0.02434901
P9WPE9,-0.037453733,0.10002499,-0.010099768,0.0044199205,-0.008018986,0.0033502232,-0.019700037,0.022933422,-0.025391504,0.02165454,0.0667939,-0.012159421,0.088110626,0.0004845003,-0.016114395,-0.025545383,-0.0094110975,-0.072971635,-0.049043905,0.120690584,-0.03392062,0.00167799,0.0322938,-0.051633675,0.11396519,-0.016138664,-0.09248784,0.013526547,-0.005413864,-0.017480299,0.07838372,0.0459203
P20068,-0.03044103,0.09402967,-0.008228625,0.0019508203,-0.00855309,-0.013627207,-0.015534157,0.029054116,-0.031417876,0.017072648,0.07247873,0.007596896,0.09710777,0.012829186,-0.014025734,-0.026957698,0.004807658,-0.05783892,-0.036179416,0.118381485,-0.023815004,0.005037213,0.033904295,-0.0361624,0.11788362,-0.026776673,-0.09020962,0.013662244,-0.0034073195,-0.016348442,0.06359971,0.033076707
O82226,-0.021398617,0.10995532,-0.022534989,-0.015189123,-0.018559381,-0.00086217,-0.009541457,0.041206762,-0.026790256,0.010757956,0.05608225,0.016164845,0.104337834,0.015314628,-0.0064405166,-0.033098828,-0.0076313913,-0.056855198,-0.024433022,0.12065282,-0.032548215,-0.0026756108,0.0589361,-0.06208086,0.105676055,-0.02398864,-0.104760714,0.0122736255,-0.014046821,-0.021970594,0.064664826,0.03924295
P08191,-0.02476421,0.09926261,-0.018430537,-0.0026454148,-0.007943922,0.00044156052,-0.0120015275,0.024831617,-0.020351227,0.007094693,0.069735736,0.0119219115,0.10259116,0.010414549,-0.004261984,-0.02292304,0.0028696626,-0.061541237,-0.035311766,0.11772089,-0.03476233,0.0073720687,0.03675716,-0.044480406,0.11483688,-0.02305564,-0.09109036,0.021855144,-0.012932777,-0.02074288,0.06113958,0.037247933
P28834,-0.022739362,0.084369116,-0.02135446,0.00053943857,-0.02218338,-0.0069142673,-0.027908206,0.028667782,-0.030424139,0.015052014,0.0606043,0.009154192,0.10301183,0.020707138,-0.023485748,-0.02868755,-0.0114501715,-0.06402344,-0.020251246,0.12382429,-0.03880827,-0.009140689,0.034702655,-0.049754675,0.114795774,-0.022005748,-0.09827137,0.013216482,-0.0017116149,-0.00972317,0.062615134,0.04798548
P16951,-0.032936372,0.09446043,-0.009881062,-0.000108377535,-0.011734444,-0.0011809065,-0.02003514,0.02552789,-0.025813224,0.0113454005,0.063920245,0.0048262724,0.10007287,0.005704102,-0.017178703,-0.026561186,-0.0033958636,-0.06290748,-0.037644397,0.117929675,-0.033345688,0.0024480585,0.042061597,-0.04847889,0.11039709,-0.028290596,-0.0936828,0.014272845,-0.0045068227,-0.018722204,0.07183252,0.031917024
Q9Y6K9,-0.027129455,0.10002483,-0.013362713,-0.006825278,-0.012998088,-0.007335872,-0.01636225,0.027707351,-0.024561828,0.012338679,0.06541229,0.011645717,0.10281011,0.017470341,-0.012973883,-0.0294515,-0.005043669,-0.06183204,-0.03648429,0.12047999,-0.033921514,0.00059672864,0.046450987,-0.053941082,0.11515436,-0.029029619,-0.09441771,0.010482805,-0.008801466,-0.0169721,0.07028595,0.040742137
P01772,-0.012271545,0.10373086,-0.030220192,-0.022515215,-0.024212014,-0.020857466,-0.021579988,0.050613187,-0.013790965,0.003444842,0.054762475,0.038572904,0.09722348,0.044556014,-0.0014852909,-0.030135453,-0.015654678,-0.055429548,9.950204e-05,0.1282072,-0.032606635,-0.015737765,0.04642686,-0.05207219,0.118731275,-0.01181611,-0.10906679,0.00041749142,-0.02424964,-0.009148467,0.052791674,0.06140968
O75751,-0.025775697,0.10454237,-0.009885407,-0.0099190455,-0.012887143,-0.005947379,-0.012299615,0.031759407,-0.017716805,0.007299155,0.07081485,0.02015876,0.103329234,0.023171457,-0.0070381253,-0.018034665,-0.0018625292,-0.054597933,-0.028063582,0.11200391,-0.029336039,0.007918424,0.039610323,-0.047842268,0.11242901,-0.022481967,-0.09841352,0.00979768,-0.017798956,-0.018498503,0.06681894,0.036638267
Q9Y6X0,-0.01231783,0.12130093,-0.010976894,-0.014273986,-0.022514332,-0.017165996,0.00022795377,0.0404503,-0.016292535,-0.005133649,0.06840953,0.043305308,0.10095303,0.030321196,0.00869287,-0.014697965,-0.011397348,-0.042542286,-0.020322584,0.11620833,-0.013232499,0.012851691,0.06725764,-0.065811045,0.102611266,-0.029066417,-0.10310343,0.0095161535,-0.021177955,-0.019946102,0.059241667,0.024147231
P05113,-0.0233724,0.11712057,-0.02136164,-0.008454032,-0.011240442,0.009063783,-0.017113725,0.048525352,-0.008903956,-0.009373767,0.06644749,0.02711059,0.10419925,0.02079658,0.011782673,-0.019953523,-0.005424786,-0.051150553,-0.03318477,0.10713961,-0.025864137,0.006734186,0.063055746,-0.06273694,0.11363799,-0.02696765,-0.09635453,0.021654343,-0.00987403,-0.0075814263,0.07179797,0.035252932
O88273,-0.029990429,0.110491835,-0.0047904355,-0.009831355,-0.007372345,-0.004961826,-0.021854961,0.04011003,-0.018789362,0.005113268,0.07220213,0.018239984,0.096141025,0.020264983,-0.012228509,-0.026582712,0.0041969293,-0.05086866,-0.04215994,0.10048886,-0.023200916,0.014533654,0.0449702,-0.052123226,0.11452887,-0.026124457,-0.10767964,0.011428593,0.0013824089,-0.014741311,0.07206849,0.027294066
O14842,-0.014920471,0.12759675,-0.017489925,-0.012219788,-0.009211106,-0.014954716,-0.0005628749,0.037760932,-0.016380135,0.0064848405,0.06661103,0.04409733,0.096435785,0.033331614,0.006633814,-0.02354693,-0.005394392,-0.051095106,-0.032583535,0.11224748,-0.019846866,0.018244509,0.05540043,-0.06070284,0.117755316,-0.028972235,-0.10389806,0.017944919,-0.019598449,-0.020808402,0.060704593,0.037198037
P0C1S8,-0.015421827,0.09808394,-0.019082606,-0.019375404,-0.025655368,-0.030727973,-0.014222022,0.045106817,-0.021970967,0.012156226,0.061530795,0.03395791,0.091113545,0.036379572,-0.0066406163,-0.029845709,-0.02055256,-0.05520463,-0.007280577,0.13411798,-0.024845183,-0.0038840342,0.0521014,-0.05277641,0.11177496,-0.018922767,-0.10866519,-0.0031035207,-0.010060683,-0.014008846,0.050118808,0.04590094
P83780,-0.0019531846,0.13758099,-0.033842932,-0.017401613,-0.013290172,-0.008378997,-0.012206957,0.03452982,-0.008533727,-0.010961417,0.05914356,0.04103577,0.10061306,0.03089635,0.0136425495,-0.011891959,0.0015274235,-0.05910408,-0.034355726,0.09958448,-0.018485736,0.020660765,0.08685214,-0.07715088,0.09518447,-0.017265756,-0.11539016,0.015123062,-0.011056922,-0.0137120485,0.08500169,0.03320758
P05062,-0.029278696,0.10017575,-0.011193548,0.0039636013,-0.009539385,-0.008011789,-0.018003915,0.027142433,-0.025640681,0.012111861,0.0687665,0.01756559,0.09333096,0.0069565387,-0.011478846,-0.025116688,-0.00022294302,-0.06168756,-0.03438107,0.112238996,-0.029014336,0.012754234,0.041616667,-0.04596597,0.10970977,-0.027727872,-0.09469761,0.009381324,-0.00017455738,-0.016938955,0.075199574,0.021119311
P14091,-0.023659533,0.108565636,-0.00719016,-0.012691766,-0.006322447,-0.0028444843,0.0008432066,0.029053638,-0.015250859,0.012784838,0.072351776,0.027117072,0.092920266,0.011803734,0.0014432423,-0.014221161,-2.2704093e-05,-0.05173717,-0.0329623,0.10384604,-0.029830715,0.018263208,0.052136,-0.051082265,0.099808,-0.027869092,-0.09942966,0.020109145,-0.011706729,-0.024288071,0.06709255,0.019893177
P62310,-0.025343914,0.10096313,-0.0132007925,-0.0061587426,-0.01945506,-0.0053758216,-0.014128772,0.03687968,-0.030320233,-0.0020522722,0.06251439,0.0109237,0.10230211,0.0031488352,-0.0058803344,-0.029831786,-0.008778693,-0.062444977,-0.034236096,0.12508562,-0.027673334,-7.480406e-05,0.046206295,-0.050949715,0.1126319,-0.023657532,-0.094847426,0.013670581,-0.008873054,-0.010253367,0.06688055,0.0333227
P13797,-0.01934669,0.09194842,-0.023105606,-0.014545798,-0.02297824,-0.034778103,-0.039764315,0.04244186,-0.026747063,0.011474322,0.053346157,0.026858876,0.08676108,0.033405144,-0.03043136,-0.04586385,-0.013780787,-0.07252026,-0.023139618,0.139485,-0.039431985,-0.002296789,0.03673691,-0.04236241,0.117846124,-0.014281961,-0.1066551,-0.008531681,0.009143309,0.0016188696,0.06595459,0.047882527
Q9NYB9,-0.024886718,0.0945463,-0.012301658,-0.0022639488,-0.012878595,-0.00976621,-0.023129763,0.026248556,-0.025451088,0.014644086,0.0675994,0.012815873,0.09896142,0.012927058,-0.020318473,-0.032817118,-0.006907463,-0.06691636,-0.03967918,0.12082521,-0.034665998,0.006152071,0.04045371,-0.05207953,0.11674915,-0.02738287,-0.09764497,0.008171785,8.686753e-05,-0.01329117,0.073499,0.03555621
P38011,-0.03620054,0.09315396,-0.009712652,-0.003253851,-0.0019167364,-0.008798196,-0.020128498,0.024772337,-0.019393193,0.019056428,0.06532525,0.0127913635,0.089097746,0.01040262,-0.017360397,-0.027879488,0.0038267402,-0.066049494,-0.042494822,0.11426141,-0.036430366,0.009181122,0.043724447,-0.043857925,0.11430404,-0.026465166,-0.09551547,0.0058366912,-0.00672972,-0.019774491,0.076717064,0.03290361
P78352,-0.029498106,0.08801792,-0.019927038,0.00017704163,-0.016361045,-0.014009014,-0.019911153,0.030251713,-0.02708047,0.020963915,0.06332706,0.013348115,0.09547425,0.022237107,-0.014283844,-0.02463741,-0.0024337757,-0.058966707,-0.018197134,0.12297671,-0.02748583,-0.0024486284,0.04295093,-0.03989659,0.1091066,-0.024167143,-0.09303521,0.00707199,-0.0092575895,-0.017116554,0.061661344,0.043555822
Q27820,-0.026917394,0.09861976,-0.01906715,-0.0071556135,-0.013673407,-0.010206716,-0.012663528,0.028361613,-0.032842614,0.0051963315,0.07101955,0.022285169,0.109584615,0.01361863,-0.011501386,-0.02914111,0.0021515705,-0.048704885,-0.030335644,0.11389425,-0.025589604,0.009689933,0.04789833,-0.051324807,0.1133822,-0.04036291,-0.09732606,0.008469606,-0.0048534004,-0.015199648,0.06685711,0.030490398
Q0P891,-0.044428907,0.105350494,-0.014388088,-0.004859332,-0.014646355,0.008724866,-0.009517293,0.046328902,-0.03529398,0.022856083,0.066148445,-0.03405351,0.06517758,-0.009369025,-0.00048255175,-0.021312084,-0.012926206,-0.08667587,-0.044115156,0.13567656,-0.027581317,-0.022316514,0.033651214,-0.0444383,0.120826796,0.0069663823,-0.09868439,0.01870863,-0.022591269,-0.015917383,0.087472275,0.07299689
Q15843,-0.019536257,0.1097892,-0.0057955566,-0.00092050526,-0.022154473,6.1025727e-05,-0.022403257,0.027261408,-0.013018575,0.004144189,0.07210825,0.016102662,0.08193789,0.016197516,-0.010907962,-0.026202302,-0.0139499605,-0.06809202,-0.045987684,0.12243412,-0.036419563,-0.00018049206,0.043829326,-0.06355447,0.10434253,-0.026588388,-0.10219851,0.01800968,-0.0016835156,-0.018918088,0.071242616,0.0360724
O54785,-0.023354474,0.10744912,-0.015361173,-0.009323718,-0.013680911,-0.014152325,-0.018343648,0.03216619,-0.03562342,0.003535095,0.05821383,0.022579819,0.09966661,0.01667907,-0.008740462,-0.031753045,-0.007901095,-0.06737167,-0.03442776,0.11189815,-0.03379857,0.010683611,0.057215292,-0.05790641,0.10854043,-0.029184833,-0.10114662,0.008870559,-0.014989457,-0.016009573,0.07219757,0.03669671
P18670,-0.02906479,0.12974599,0.003442375,-0.0076985303,0.0018085358,-0.012182468,0.0077893473,0.045153774,-0.027154028,0.0023519471,0.07415624,0.04513105,0.09351495,0.006550974,0.0054751495,-0.031404927,-0.0108729545,-0.055861764,-0.061862677,0.10873082,-0.0246928,0.0285052,0.047360428,-0.055078104,0.13537392,-0.04294496,-0.10003523,0.02987355,0.009680245,-0.0089504365,0.06473577,0.014395479
P18014,-0.034461886,0.10177347,-0.0076775807,0.0034017356,-0.016389417,-0.002817162,-0.010681796,0.034182046,-0.024421578,0.013119224,0.067266524,0.014255307,0.09368337,0.0123078525,-0.0073686503,-0.01360992,-0.0015906024,-0.051127147,-0.021882683,0.1126576,-0.020025598,0.002357113,0.045791995,-0.04666372,0.10401062,-0.025042837,-0.09212652,0.022171544,-0.011873676,-0.016553938,0.07162777,0.030070141
P60010,-0.02117509,0.09994415,-0.015200351,-0.012782125,-0.014390675,-0.012194373,-0.015232977,0.028073989,-0.02387295,0.00224719,0.06553825,0.02090861,0.09890493,0.011210395,-0.0019440786,-0.032217894,-0.008426313,-0.06751303,-0.039206777,0.12559144,-0.032405462,0.0068445,0.045238752,-0.049132697,0.11609143,-0.024626981,-0.09226105,0.011273194,-0.0074977726,-0.0089038685,0.06473736,0.036799937
P0DN86,-0.025260804,0.109061114,-0.02006167,-0.009366156,-0.0067353295,0.001986258,-0.0047827293,0.043539952,-0.025986752,0.008885861,0.058143955,0.019054634,0.09553141,0.014990683,-0.007344138,-0.024609318,0.0048481748,-0.057284586,-0.036763977,0.11437959,-0.032678843,0.004932945,0.058687814,-0.055196416,0.11633285,-0.02554805,-0.09904475,0.02440769,-0.024698751,-0.020188795,0.073008135,0.03871035
P62136,-0.019642953,0.10535415,-0.0139002865,-0.0053049806,-0.016507749,-0.0133346915,-0.019224156,0.031854577,-0.027436301,0.0036697832,0.064907655,0.023867592,0.098504364,0.021320114,-0.008609575,-0.026594795,-0.0070678755,-0.06203065,-0.03498158,0.11653062,-0.031591803,0.0026009146,0.048159044,-0.058484666,0.11516906,-0.023247782,-0.10088265,0.0037093663,-0.010251261,-0.009530206,0.06964885,0.037678104
O60814,-0.012919714,0.122860216,-0.008967726,-0.010360601,-0.017461441,-0.0057042744,0.0017451753,0.039620407,-0.023174983,-0.0023989552,0.06824035,0.04129734,0.09823795,0.019352218,0.0012341306,-0.017200667,-0.006264972,-0.043721158,-0.032338455,0.10777281,-0.019754801,0.013015671,0.07038861,-0.074033156,0.10387453,-0.03592486,-0.11032452,0.019520808,-0.016959567,-0.025739556,0.06363849,0.017064357
P75391,-0.0140978,0.105766945,-0.0103939045,-0.0026253192,-0.010269629,-0.011895828,-0.017960297,0.026486136,-0.02571922,0.009787997,0.06621443,0.021434302,0.08773191,0.017643757,-0.014732099,-0.029780773,-0.010522614,-0.066872545,-0.038327847,0.12062119,-0.045855958,0.0062877587,0.0432923,-0.0606473,0.10611484,-0.03147689,-0.095602274,0.011856999,-0.007816043,-0.016970776,0.07380591,0.02593268
O75674,-0.025403304,0.10111031,-0.011863175,0.001242233,-0.014106655,-0.018394962,-0.009292528,0.02893756,-0.029458923,0.015403006,0.06272679,0.034106016,0.09420356,0.013946343,-0.016969766,-0.030357027,-0.003913793,-0.059301257,-0.030069733,0.11263972,-0.029466974,0.016430007,0.04376771,-0.046545383,0.11081446,-0.03263839,-0.101707265,0.0040391814,-0.008153521,-0.02361738,0.06031718,0.025453223
Q27727,-0.020296438,0.11864497,-0.015023669,-0.004801738,-0.010651145,-0.00856008,-0.015407974,0.044826314,-0.0121819135,-0.0003293408,0.06216196,0.033195395,0.09546476,0.018523885,-0.004225689,-0.026888015,-0.016513154,-0.052855212,-0.036316495,0.11440649,-0.028210567,0.012345114,0.05619611,-0.063199535,0.11433048,-0.030635051,-0.100132786,0.013649847,0.0027092174,-0.008271148,0.075542085,0.024954494
P14209,-0.025951931,0.078305975,-0.0070485137,-0.0225019,-0.017955381,-0.027912209,-0.032147158,0.030281585,-0.047329955,0.028553126,0.045890577,0.021507125,0.10087683,0.023878936,-0.031638473,-0.06552589,-0.00599576,-0.099707454,-0.036521986,0.13087402,-0.03849427,0.015133376,0.04142841,-0.060015023,0.14328569,-0.0003022179,-0.10642158,-0.022645826,-0.02383047,0.006497234,0.06665392,0.049819663
Q9Y2D8,-0.02290638,0.09852559,-0.0110973725,-0.0009932462,-0.008370402,-0.028867086,-0.022601563,0.039690737,-0.03025036,0.013969943,0.06722326,0.01650977,0.08984095,0.030129364,-0.018718403,-0.031806055,-0.0040247976,-0.06322064,-0.027351102,0.115714915,-0.03029232,0.011266304,0.03833913,-0.04609776,0.11496212,-0.02113022,-0.09771502,-0.008199738,-0.016184537,-0.009731348,0.06756334,0.040151067
P15336,-0.023781473,0.106431976,-0.012709075,-0.0029085218,-0.016237035,-0.0034614613,-0.011765632,0.031405322,-0.029009756,0.010137312,0.06568474,0.014653433,0.10114234,0.014485502,-0.011556143,-0.024806751,-0.008354323,-0.056083515,-0.033409167,0.11306764,-0.028395282,0.0055604996,0.048468295,-0.060232192,0.10849309,-0.030077452,-0.09940875,0.014789235,-0.009528996,-0.017883925,0.06906483,0.033746134
P0A8M3,-0.027901001,0.106751435,-0.01692774,-0.012039239,-0.0116165625,-0.0057778605,-0.011178479,0.03812434,-0.029851645,0.01431077,0.06073021,0.01556271,0.10495682,0.01870294,-0.012503402,-0.03004554,-0.00439863,-0.055178504,-0.029456548,0.115836926,-0.031653095,0.008273474,0.044881497,-0.05341654,0.113625795,-0.024601903,-0.09810596,0.011663495,-0.012256752,-0.013807006,0.0691312,0.03790122
P36873,-0.015207895,0.10936939,-0.009439713,-0.0073142573,-0.022163233,-0.015643222,-0.012154049,0.0330023,-0.035856884,0.0061888206,0.06713545,0.02627542,0.097970024,0.021168483,-0.010648488,-0.02685211,-0.009616494,-0.062763095,-0.034706064,0.115513936,-0.029153302,0.007695163,0.051190797,-0.064080335,0.112231515,-0.022310475,-0.10299874,0.004519249,-0.012421383,-0.01193528,0.065372266,0.03351163
Q9CXW4,-0.025993835,0.09104481,-0.016769677,-0.0066480427,-0.015606562,-0.0049194777,-0.01897207,0.02854468,-0.03887706,0.018694703,0.062041834,0.0054336535,0.1026366,0.017074889,-0.0238035,-0.033308372,-0.010975057,-0.06983685,-0.03209718,0.12336679,-0.041220322,0.0032770778,0.037932385,-0.058316182,0.11663034,-0.024825787,-0.10009451,0.013107028,-0.009330098,-0.011976735,0.063893735,0.046993222
P00044,-0.021921303,0.095342845,-0.019488713,-0.0031978213,-0.022121787,-0.0054913512,-0.029323708,0.025322828,-0.024607334,0.00586453,0.066688575,0.006159085,0.11161413,0.023185277,-0.022504617,-0.03415758,-0.011481481,-0.07000543,-0.028774884,0.12940283,-0.04507328,-0.0061983503,0.04410348,-0.05766037,0.112767145,-0.035934437,-0.08959703,0.018488493,0.0021877568,-0.0152155105,0.074006744,0.046532787
A0A0H3LHU4,-0.030793237,0.10476189,-0.015008676,-0.0075230584,-0.009548631,-0.008360564,-0.0134180365,0.037473433,-0.014160129,0.007900695,0.067657955,0.026392931,0.09542289,0.016758675,-0.00047894634,-0.019196037,-0.009042689,-0.05893135,-0.031584512,0.11467652,-0.030609274,0.008185112,0.03903133,-0.041799095,0.11869962,-0.019594336,-0.09649765,0.009504141,-0.0009299889,-0.006128863,0.069618315,0.036374822
O43291,-0.017544216,0.10626364,-0.014448679,-0.008523918,-0.009842337,-0.0040925187,-0.018466529,0.02940568,-0.020299174,0.01051375,0.06441189,0.023718102,0.100448,0.023086214,-0.017281333,-0.026670758,-0.0010016467,-0.05681611,-0.030145667,0.11211027,-0.037004426,0.013850521,0.051291987,-0.06266996,0.10492614,-0.030474272,-0.099467225,0.015389385,-0.0125518255,-0.02108462,0.07404952,0.024248054
P12670,-0.015913336,0.099899955,-0.007992718,-0.0153985545,-0.030050026,-0.0088282935,-0.017875995,0.026788069,-0.03765992,0.0020567395,0.06501901,0.021874683,0.10845152,0.017282242,-0.015481199,-0.035784546,-0.009747221,-0.06418792,-0.038496163,0.11983495,-0.03549851,-0.0011671135,0.05770299,-0.06981011,0.119392894,-0.027690828,-0.1021482,0.0054455753,-0.0061822087,-0.023905417,0.06074292,0.03293849
P45850,-0.019331994,0.12182054,-0.013936472,-0.014137067,-0.00900172,-0.006037466,-0.013000003,0.0387329,-0.0172949,0.0013927035,0.06723948,0.029710481,0.09786075,0.01824862,0.0045534843,-0.022480438,-0.0071315872,-0.053023595,-0.035550166,0.10444527,-0.024274595,0.016926797,0.06145738,-0.066144146,0.10884988,-0.025099322,-0.10347355,0.019316534,0.0014439604,-0.0116152875,0.0765112,0.023990924
P14755,-0.024534237,0.11238304,-0.0068571493,-0.017117217,-0.01218749,-0.015295677,-0.0260919,0.039535,-0.01706969,-0.019013602,0.07377605,0.033073742,0.111968525,0.02906648,-0.0049932185,-0.02576156,-0.013421877,-0.050270878,-0.04729366,0.112289876,-0.031890508,0.021188464,0.03782946,-0.05337116,0.12689947,-0.03170112,-0.0929239,0.0050062854,0.007333683,0.0062051704,0.07066835,0.029468177
P0A7L0,-0.013776757,0.105448596,-0.025686977,-0.0027101329,-0.008721085,-0.015801283,-0.014657743,0.030557794,-0.031232432,0.016922517,0.06108577,0.019846937,0.10269154,0.027970275,-0.013894121,-0.03541199,-0.014144398,-0.070080414,-0.03299331,0.12335253,-0.04141368,0.018056517,0.033850078,-0.054870207,0.12265114,-0.021345003,-0.09249017,0.009450983,-0.011770412,-0.011599063,0.058882084,0.04671445
O43278,-0.009870858,0.1045478,-0.020407261,-0.01919327,-0.018377893,0.007120942,-0.017748505,0.035443254,-0.008490328,0.0019863825,0.07163851,0.022501407,0.11131959,0.04434374,-0.0015547033,-0.021653105,-8.823862e-05,-0.04530125,-0.0038349712,0.11504614,-0.039246514,-0.0035215614,0.04098983,-0.06097931,0.10071316,-0.028723631,-0.094977856,0.020535173,-0.04103231,-0.021019526,0.062672205,0.043733
P04899,-0.03210056,0.094870366,-0.016871195,-0.018370982,-0.014448402,-0.018216537,-0.017725613,0.03637393,-0.027656745,0.014695972,0.05200489,0.022945663,0.10287314,0.022163127,-0.020321153,-0.037397705,-0.0053993906,-0.054000955,-0.018827604,0.12268339,-0.03079774,0.003696558,0.041576438,-0.04453128,0.11587492,-0.023697844,-0.10349043,0.0020716297,-0.015933273,-0.019627629,0.057242997,0.042576212
P30822,-0.032020528,0.1001788,-0.0074644936,-0.0025197396,-0.013823332,-0.00021778268,-0.014057503,0.0346225,-0.03006284,0.013957677,0.0644373,0.012648155,0.09915503,0.0070532127,-0.013585366,-0.026018476,-0.0074533154,-0.061548844,-0.03627694,0.11639878,-0.032036863,0.00013747907,0.04115725,-0.05218904,0.12021964,-0.024327463,-0.098319545,0.014459147,-0.003093537,-0.013512433,0.07416448,0.030737871
O76093,-0.028019207,0.10547826,-0.018806497,-0.0095873205,-0.020095415,-0.00046044926,-0.01589456,0.034041733,-0.022109343,0.003399674,0.05986724,0.022068817,0.10335049,0.019821903,-0.0106094275,-0.022421682,-0.009759077,-0.052361485,-0.028351875,0.118193984,-0.032588605,-0.0044371556,0.04381652,-0.056055363,0.11934104,-0.023060026,-0.09933281,0.012998569,-0.017225424,-0.022022057,0.062235285,0.046471223
O70209,-0.033388276,0.09222967,-0.0051777577,-0.007957496,-0.014892898,-0.008082806,-0.0277372,0.02690523,-0.019832723,0.004929921,0.062444776,0.021778785,0.090480775,0.013624783,-0.015343162,-0.014663151,-0.008149328,-0.058391854,-0.03527856,0.11399271,-0.029522812,0.0019155549,0.03825005,-0.04260379,0.118199915,-0.017589416,-0.09542817,0.004074361,-0.004171287,-0.011801121,0.075034864,0.02709877
O96013,-0.018813772,0.107241824,-0.02302702,-0.0053238943,-0.009430046,-0.0058042207,-0.012740481,0.030366715,-0.024514955,0.014107138,0.0643797,0.016515216,0.104612336,0.0278516,-0.017254297,-0.025682881,0.004821986,-0.056377668,-0.03235933,0.113568544,-0.034186892,0.008333689,0.04868616,-0.05550275,0.11068586,-0.02953937,-0.10276546,0.015392348,-0.015872717,-0.025269648,0.068182886,0.041890603
A0A4P8DY91,-0.024172526,0.097867556,-0.012390031,0.004539986,-0.010187292,-0.015989643,-0.019508356,0.046468534,-0.01861345,0.014450359,0.06765439,0.013339427,0.08870095,0.031961095,-0.015274284,-0.02406528,-0.004395117,-0.060942404,-0.021237884,0.11168353,-0.030266497,0.005865679,0.052500002,-0.05072218,0.099893644,-0.028832743,-0.102211796,0.0045897937,-0.013199849,-0.009847306,0.06977284,0.041599497
Q00534,-0.02315461,0.10611857,-0.011243935,0.00031120586,-0.012867111,-0.005292198,-0.0040899585,0.03008598,-0.029843064,0.011728807,0.06941642,0.012710816,0.10569823,0.014483946,-0.008664125,-0.019695608,-0.003802482,-0.055304132,-0.032041248,0.11245244,-0.027829578,0.01160273,0.043009248,-0.051968127,0.10938984,-0.02719529,-0.09362304,0.011969211,-0.015982337,-0.021746267,0.065368585,0.029806986
O43896,-0.028939014,0.092227355,-0.02261729,-0.0029137935,-0.006235447,0.0041627134,-0.014144112,0.024516517,-0.018819293,0.017770763,0.054979786,0.0067502037,0.104326904,5.435839e-05,-0.02542868,-0.03818228,-0.0008924813,-0.06929022,-0.048833393,0.12631139,-0.04636123,-8.700229e-05,0.065846406,-0.059411693,0.113469645,-0.038913734,-0.09949277,0.011407964,-0.005368477,-0.038836077,0.07194792,0.034597762
P0AG30,-0.029116498,0.10229496,-0.0044785184,-0.007416969,-0.017167944,-0.0065905564,-0.019685194,0.03923643,-0.025318945,-0.003357933,0.06383607,0.014191363,0.10779518,0.0038732784,-0.013524796,-0.03250402,-0.013317587,-0.056929253,-0.040220678,0.12447567,-0.032825004,0.010020467,0.04220766,-0.04891648,0.113746315,-0.029330283,-0.08914393,0.010234956,0.009227324,-0.0057425774,0.07430603,0.015911924
O15530,-0.028699461,0.09716573,-0.014110001,-9.397341e-05,-0.015566172,-0.011556125,-0.01794595,0.02955471,-0.03453444,0.013052682,0.06388388,0.01502008,0.10154529,0.014893488,-0.016836205,-0.024477463,-0.001295285,-0.056154646,-0.025512189,0.113958776,-0.026054932,0.0037512411,0.042697825,-0.04752573,0.112623,-0.026809879,-0.09730008,0.012546776,-0.0054873866,-0.017862882,0.06814991,0.033231825
O75688,-0.013345323,0.09815061,-0.009013801,-0.012372749,-0.025437396,-0.019235829,-0.019942364,0.038453188,-0.022748273,0.01000467,0.067957304,0.02503822,0.096457615,0.027872225,-0.021146711,-0.02689027,-0.011066984,-0.06197795,-0.024784872,0.12329838,-0.032863155,0.0045502493,0.054734103,-0.057613373,0.106002174,-0.023337582,-0.10392017,0.002053442,0.00041679872,-0.011648138,0.07251217,0.027926465
P0DPK2,-0.020831233,0.11625699,-0.010051524,-0.0015537521,-0.01752817,-0.015482672,0.012115308,0.03757937,-0.02088558,0.009229002,0.07303277,0.04229975,0.100876175,0.02987574,0.010190867,0.00018526924,0.0026488777,-0.026998142,-0.003850485,0.10448284,0.0020375836,0.007079307,0.060199782,-0.054808903,0.10209765,-0.03045248,-0.09815591,0.009745651,-0.042435344,-0.026383728,0.060193095,0.024501586
O95235,-0.022545718,0.094916984,-0.009701817,-0.0098726675,-0.01730904,-0.01100956,-0.010585483,0.026961606,-0.028095482,0.015444829,0.07280829,0.014385239,0.10352617,0.020454824,-0.009530697,-0.025460184,-0.004710194,-0.058082353,-0.023893313,0.12009637,-0.027501412,0.004941437,0.04410449,-0.04985392,0.10986208,-0.029692877,-0.09334511,0.0116147045,-0.01368872,-0.020633755,0.062714174,0.034395125
Q9Y6Q9,-0.024553828,0.09846247,-0.0059360154,-0.00104459,-0.013218362,-0.013767817,-0.018276582,0.029693203,-0.026700562,0.0041872254,0.06756627,0.020035792,0.09662615,0.013469383,-0.009796456,-0.020807063,-0.002924311,-0.058162495,-0.031974137,0.112098105,-0.027132416,0.007078454,0.052219596,-0.054221336,0.111361094,-0.025891015,-0.09363182,0.0065513626,-0.007955843,-0.015773885,0.07244576,0.022132013
B9EHT4,-0.02657319,0.08429828,-0.009153636,-0.008478927,-0.014479994,-0.025701748,-0.023105979,0.02806103,-0.029774547,0.012887731,0.06911396,0.017347492,0.09763279,0.020919045,-0.02410934,-0.029947639,-0.008602474,-0.055398185,-0.024044452,0.11850232,-0.02947965,0.0049959626,0.04083036,-0.04506728,0.11459115,-0.033627342,-0.09597821,0.0026531976,-0.0033078429,-0.018115578,0.062026445,0.03557882
Q7WTU1,-0.036646847,0.082060166,-0.02071042,-0.0130137205,-0.011067779,-0.009236198,-0.03135703,0.028346509,-0.028748685,0.011790113,0.06461299,-0.0052124746,0.098791175,0.0024449516,-0.022256231,-0.036318425,-0.0045552994,-0.07179696,-0.03399018,0.12606391,-0.034188572,-0.00010477876,0.032381263,-0.04020104,0.12506886,-0.016131384,-0.096838884,0.009610029,0.0039453097,-0.012981613,0.07243757,0.050334547
Q8IZU0,-0.0254495,0.100160904,-0.013534522,-0.018604228,-0.017075244,-0.010585215,-0.018500412,0.03356458,-0.020630628,0.0049301004,0.058844134,0.023525288,0.1072993,0.024617463,-0.002993648,-0.03011579,-0.005139919,-0.061015446,-0.02596312,0.11976377,-0.024724746,-0.0011691567,0.062464155,-0.06475135,0.12098723,-0.019808058,-0.10030614,0.002263966,-0.022182938,-0.011364042,0.07092937,0.04290798
P30041,-0.01636001,0.117706664,-0.014349763,-0.003283797,-0.014794414,-0.010637309,-0.0076730237,0.031116538,-0.022784114,0.0038168086,0.063690834,0.030104093,0.09948603,0.017297944,-0.0040650866,-0.025322367,-0.00402094,-0.05540931,-0.03419689,0.114495836,-0.020578803,0.018093042,0.05837078,-0.061164238,0.10074394,-0.030380262,-0.09924157,0.013007396,-0.016346134,-0.020446086,0.06439294,0.023901913
P01236,-0.02464271,0.10007256,-0.013065314,-0.0008759842,-0.012741722,-0.010285494,-0.011004307,0.025400503,-0.017404525,0.0076390877,0.06910897,0.025506407,0.10343694,0.020687701,-0.0017701363,-0.026694192,-0.0030600992,-0.060777657,-0.029384626,0.11662146,-0.026442666,0.013542016,0.048967123,-0.050472975,0.11643274,-0.030642182,-0.08996447,0.008745116,-0.022840215,-0.029255528,0.055259794,0.03708517
O60684,-0.026470166,0.07907036,-0.029320434,0.004012483,-0.007983043,-0.0064886436,-0.037062258,0.026816797,-0.027809097,0.021952584,0.058851756,0.004329427,0.091567196,0.012902377,-0.027218081,-0.039744675,-0.015133366,-0.06983005,-0.025531922,0.118577555,-0.04580522,-0.0006448603,0.050228372,-0.06564002,0.10923317,-0.032623775,-0.10115698,-0.0018846709,-0.00046521286,-0.012399611,0.07376686,0.04637279
P04397,-0.015676962,0.10852863,-0.015396087,-0.005179366,-0.014871196,-0.024568794,-0.01454396,0.040070966,-0.010172742,-0.0029378883,0.06844474,0.04882616,0.09455931,0.02973582,-0.009827517,-0.016217792,-0.010340635,-0.05214832,-0.030597793,0.10901761,-0.022779971,0.031274434,0.06221013,-0.052240893,0.10250477,-0.03279562,-0.100698784,-0.0033491873,-0.0032744242,-0.010245331,0.06861782,0.018677155
O95760,-0.02137535,0.10664686,-0.010963462,-0.005442112,-0.013152528,-0.0041293222,-0.010020156,0.034836333,-0.018076414,0.0052216933,0.06499449,0.026703572,0.101049006,0.019964904,-0.0023799345,-0.023457607,-0.008557198,-0.058440108,-0.029069915,0.11364425,-0.032436278,0.0061793346,0.05671443,-0.06254356,0.11522481,-0.029375171,-0.09572763,0.016042525,-0.01681938,-0.02014591,0.068935566,0.031378902
P19880,-0.025167251,0.105570465,-0.015750594,0.007581019,-0.014004712,0.000779351,-0.014135337,0.028109921,-0.036621135,0.015097987,0.06102042,0.0023470158,0.09809002,0.0040423665,-0.008360601,-0.03436993,-0.009791212,-0.07039319,-0.041551907,0.11991981,-0.028583288,0.004708478,0.04587303,-0.062603295,0.11793685,-0.022196855,-0.093127616,0.014653574,-0.011537941,-0.021019554,0.065603435,0.037585057
P50570,-0.018537786,0.10565967,-0.015922796,-6.1364044e-05,-0.013835213,-0.010590891,-0.012839304,0.023711758,-0.029742995,0.010981947,0.06676829,0.020444725,0.09715365,0.013728532,-0.01255758,-0.027305543,-0.0032896963,-0.060696226,-0.034038104,0.114766695,-0.032717716,0.0093730595,0.04424762,-0.05479538,0.107555285,-0.030394154,-0.09795918,0.014089817,-0.006412638,-0.022267167,0.06698158,0.029039374
P04351,-0.027025174,0.10345064,-0.011937533,0.00052260124,-0.0142888995,-0.0022215843,-0.0076186433,0.032332625,-0.028026748,-0.0006576291,0.069541834,0.016781118,0.10921905,0.018411005,-0.0069701597,-0.018246794,-0.001214701,-0.052526064,-0.0308615,0.10780337,-0.02911981,0.007438614,0.05033799,-0.058294345,0.1137798,-0.034127284,-0.09732459,0.01521139,-0.022285376,-0.020736344,0.06576876,0.03797063
P14868,-0.01424849,0.10436064,-0.021195114,-0.0030375596,-0.013178922,-0.010977189,-0.01407931,0.03336025,-0.027920837,0.00832432,0.06406324,0.016071444,0.10641235,0.025976272,-0.0030615795,-0.0320786,-0.006444718,-0.06780952,-0.032655988,0.11772573,-0.031716805,0.007846971,0.04576865,-0.05981013,0.12167898,-0.01749421,-0.097336195,0.0044344426,-0.019998595,-0.010309968,0.06043157,0.048347235
P01210,-0.02162844,0.11164583,-0.025015257,-0.016179223,-0.008084041,-0.008020446,-0.016104378,0.03656466,-0.009769381,0.001908977,0.05131246,0.035984512,0.099165745,0.026142824,-0.005305068,-0.02458011,-0.0011625328,-0.050015848,-0.023583248,0.1057412,-0.035512373,0.0071729426,0.07244172,-0.064444214,0.10301153,-0.029325403,-0.10750055,0.003598459,-0.022922259,-0.0315485,0.07001018,0.03475567
P03126,-0.027083402,0.098094665,0.0028797511,-0.010424495,-0.01977208,-0.0028835097,-0.024279604,0.034105454,-0.014749835,-0.007930404,0.07117135,0.0242187,0.09991067,0.009150255,-0.02101207,-0.024129806,-0.010680818,-0.05971538,-0.0514006,0.12086276,-0.03490353,0.005868958,0.048834812,-0.055632744,0.11828009,-0.03441924,-0.10139829,0.011975269,0.01022141,-0.010359463,0.08042645,0.017145863
Q9BQB6,-0.022709329,0.10085444,-0.016459437,0.0014183382,-0.014919034,0.0008994173,-0.010931132,0.022361392,-0.020396609,0.020243108,0.065479085,0.013805216,0.10270051,0.017337391,-0.012008107,-0.030183133,-0.005232304,-0.06111763,-0.03024144,0.11830572,-0.034988094,0.0069320737,0.049411252,-0.055516865,0.10205301,-0.036014248,-0.09558552,0.02361479,-0.0062931767,-0.032223575,0.055199843,0.035107292
Q96LK0,-0.009865009,0.104354106,-0.007827881,-0.0062272674,-0.018025106,-0.02999501,-0.016700577,0.034846578,-0.025566261,0.0034319218,0.066370085,0.035389267,0.09191873,0.02249395,-0.013336083,-0.03806583,-0.017534617,-0.064218566,-0.03772789,0.12420225,-0.029063057,0.018965734,0.05585041,-0.060376614,0.11467862,-0.031774756,-0.100593366,-0.0059059253,-0.001726383,-0.020741705,0.05733611,0.020053925
P06702,-0.02975502,0.098333195,-0.0120243635,-0.0017072826,-0.010376718,-0.0061346497,-0.014105754,0.03119354,-0.03332012,0.013820059,0.06173584,0.011184444,0.097569674,0.007650251,-0.015669389,-0.02716469,-0.0048176604,-0.060950633,-0.033171497,0.114139,-0.030695539,0.0052282196,0.041545708,-0.05015962,0.11281515,-0.026448298,-0.10295759,0.0137821045,-0.0052347686,-0.01843634,0.06622224,0.03167873
Q3UVR3,-0.022800248,0.10585954,-0.018405234,-0.001319737,-0.01458282,-0.0051199566,-0.019677829,0.03134095,-0.025036385,0.014446208,0.069106996,0.010791422,0.098771594,0.0262928,-0.014279656,-0.022378476,-0.0069887433,-0.05525665,-0.027806373,0.1157275,-0.03323267,0.005599721,0.041908547,-0.05469788,0.11081373,-0.025958473,-0.09329334,0.011029645,-0.011162472,-0.027028447,0.06860959,0.039963536
P02359,-0.03054529,0.09873314,-0.009294633,-0.0059281522,-0.008701161,-0.005872849,-0.01643646,0.032396536,-0.027595745,0.029061686,0.06353327,0.0037203042,0.095409945,0.022189314,-0.020808488,-0.024355706,-0.0077143214,-0.059827194,-0.027360711,0.11383625,-0.036049534,0.0041206703,0.03748513,-0.055797707,0.11086399,-0.01621763,-0.10379785,0.004999958,-0.009769107,-0.018301347,0.07069318,0.039695516
P15891,-0.043814573,0.080325715,0.001443115,-0.011832343,-0.015132493,-0.022600254,-0.03744946,0.014819682,-0.031923708,0.012162598,0.07055115,0.010380602,0.09333404,0.005379531,-0.025476094,-0.033871673,-0.0054797404,-0.06433143,-0.045466375,0.12057404,-0.032704514,-0.0057897726,0.028218474,-0.03774396,0.1234683,-0.02770111,-0.092934884,-0.007604036,0.017579881,-0.0042777737,0.077447526,0.033376705
P62263,-0.026153097,0.09361864,-0.013861323,-0.0073881377,-0.011717672,-0.011299765,-0.022853287,0.029281149,-0.026104841,0.011153121,0.06344262,0.0117087355,0.09684052,0.015975429,-0.017650582,-0.030434996,-0.0059496122,-0.06354352,-0.031915084,0.119140975,-0.032798886,0.006991653,0.04093447,-0.050561186,0.11373851,-0.023065299,-0.098280735,0.009109554,-0.0076182582,-0.015108952,0.065880366,0.037870113
Q8R010,-0.02282873,0.110665895,-0.01719248,-0.010845182,-0.018154768,-0.008140654,-0.011690283,0.035519052,-0.022861656,0.0028350013,0.07087274,0.022778723,0.101844095,0.024782607,0.007914909,-0.02147195,-0.00043904805,-0.054550163,-0.029714387,0.11352616,-0.019116,0.007595928,0.049509987,-0.050107908,0.11189147,-0.01901398,-0.09495627,0.01193895,-0.015239788,-0.012303019,0.058571838,0.043690406
P04696,-0.043258477,0.07877422,0.0023729578,-0.001939781,-0.004359748,-0.010737848,-0.007115463,-0.000993886,-0.021387525,0.026869116,0.07227295,-0.007889466,0.11984169,0.0026955046,-0.032497812,-0.025226131,0.015605765,-0.06330691,-0.042160984,0.12930667,-0.032925036,-0.0003350391,0.027569987,-0.027254986,0.11059227,-0.039456252,-0.083775714,0.021946318,-0.003238326,-0.019815143,0.07532768,0.03167772
P04385,-0.01875988,0.11718235,-0.018571189,-0.0008822394,-0.012103495,-0.008404602,-0.016613021,0.043237295,-0.014693144,0.0040166844,0.058603097,0.03186122,0.09557217,0.023402618,-0.0017525759,-0.029077297,-0.010449041,-0.05986772,-0.032841217,0.11400992,-0.02200476,0.015836574,0.061514765,-0.06352674,0.11793607,-0.022668203,-0.09807063,0.006652703,-0.014954406,-0.01870805,0.06950054,0.03040231
Q05128,-0.017518407,0.10949031,-0.012223779,-0.009324576,-0.0072299466,0.0035518133,-0.012127124,0.037209824,-0.011839718,-0.0022721132,0.06754394,0.01941783,0.099773474,0.00928938,-0.0031001566,-0.018180292,-0.0100769885,-0.056433998,-0.039159425,0.10827796,-0.031187657,0.014723277,0.050010853,-0.062548965,0.11425676,-0.021849278,-0.099447414,0.015740663,-0.012585962,-0.01377396,0.079383954,0.023405127
P00803,-0.02067863,0.11587334,-0.010432295,-0.011562241,-0.01551462,-0.011672602,0.00094966416,0.04077495,-0.026554646,0.017035024,0.06911784,0.02458856,0.09240202,0.030070815,0.00076991745,-0.016961673,-0.004550622,-0.045830037,-0.019166788,0.111510634,-0.022241998,0.008087655,0.04275813,-0.05120006,0.104306325,-0.019220386,-0.100997806,0.016487122,-0.022612164,-0.019452626,0.057112105,0.03818009
P01225,-0.02873464,0.09273932,-0.018302677,-0.004308694,-0.009475305,-0.007887998,-0.018885797,0.036745224,-0.026519753,0.021466829,0.058523674,0.0115303295,0.09573386,0.02073261,-0.019500563,-0.028761575,-0.00036204967,-0.0618858,-0.023679985,0.11367101,-0.035270635,6.8174363e-06,0.047378045,-0.050754916,0.110191524,-0.022425989,-0.102411516,0.010429787,-0.012219344,-0.01205494,0.07081601,0.044224758
O75795,-0.021477008,0.10216371,-0.0131340325,-0.012216817,-0.012805504,-0.00702808,-0.015393977,0.020732233,-0.020552473,0.02024032,0.06830101,0.008630995,0.099707186,0.027323216,-0.013042775,-0.032253936,0.0030570661,-0.066699885,-0.035531167,0.12806545,-0.03827854,0.008016592,0.040909838,-0.04509962,0.10353651,-0.02759094,-0.0904156,0.013424682,-0.019138426,-0.031119874,0.062881865,0.041269522
P0DJD3,-0.023712378,0.105196215,-0.006654781,-0.005075737,-0.01990569,-0.0093314545,-0.014439406,0.040574715,-0.02659829,0.013414877,0.071212225,0.011070008,0.08669521,0.019336319,-0.014760615,-0.021310985,-0.016755508,-0.06151232,-0.035002854,0.11766988,-0.025479648,0.008732363,0.03845291,-0.056786254,0.11631708,-0.013700079,-0.10065533,0.0060636457,-0.012099761,-0.014260242,0.06891084,0.04174074
Q21921,-0.013765987,0.11351539,-0.017318603,-0.0070484034,-0.015481263,-0.014657453,-0.008082736,0.030823804,-0.025252024,0.0076636523,0.059929624,0.030178722,0.09202332,0.01384628,-0.0005719974,-0.03264512,-0.0084112175,-0.066607304,-0.040409245,0.1240248,-0.026775023,0.006872071,0.05836114,-0.05995683,0.11040869,-0.0258709,-0.09862422,0.0113183325,-0.010787695,-0.012244753,0.06781967,0.032153863
P09446,-0.018385442,0.09940058,-0.013151631,-0.0061987736,-0.01418119,-0.012300094,-0.012938453,0.026656775,-0.025550703,0.009219906,0.05992977,0.022482654,0.09782855,0.010594926,-0.016677989,-0.034306858,-0.012210273,-0.069531575,-0.04260159,0.12257033,-0.03272177,0.017701343,0.0561817,-0.06415657,0.109953664,-0.028215889,-0.102149,0.005823149,-0.008844224,-0.015945652,0.064011656,0.028745893
P98175,-0.009659638,0.12071788,-0.010598275,-0.020193232,-0.0170725,-0.014219855,0.0028264392,0.036620498,-0.026396984,-0.005706689,0.06825403,0.028537614,0.10691879,0.023546288,0.012537316,-0.021682942,-0.0029371427,-0.057611484,-0.034574054,0.11741514,-0.024305487,0.0070654335,0.058243383,-0.05980773,0.11065144,-0.022301177,-0.09288887,0.019020112,-0.024050469,-0.0021503803,0.070288084,0.034800727
P25788,-0.016580833,0.11184745,-0.015719892,-0.017306961,-0.018622676,-0.007632279,-0.015321102,0.038281836,-0.018631924,0.0006272753,0.057821445,0.0287836,0.09250864,0.01743636,-0.0021999036,-0.030639948,-0.01848004,-0.06620398,-0.040755533,0.12211358,-0.027616523,0.0052522356,0.05979833,-0.065897815,0.11603616,-0.022043344,-0.10883387,0.009305458,-0.006132472,-0.009007769,0.07108455,0.035572812
O75815,-0.026204294,0.10132772,-0.009462273,-0.00831786,-0.016691886,-0.009103333,-0.020223912,0.024432223,-0.024273437,0.011244583,0.065912075,0.02225638,0.09881206,0.02642256,-0.01716593,-0.018517157,-0.006774465,-0.050224412,-0.0247019,0.10880686,-0.02801381,0.006537331,0.04494596,-0.058011584,0.10453139,-0.028877849,-0.10182778,0.009435831,-0.017106907,-0.021870583,0.06735011,0.035511076
P25539,-0.0029517873,0.14650337,-0.01413581,0.015521451,-0.0103162285,-0.007932311,0.011241974,0.048841093,-0.02469417,-0.0011357102,0.06830493,0.05516339,0.10166721,0.032873515,0.008489475,-0.009517172,-0.0049057095,-0.03728819,-0.038962945,0.10007222,-0.02283357,0.014441724,0.07147914,-0.073580205,0.10760921,-0.04183138,-0.10039501,0.029681638,-0.021827288,-0.022534221,0.06335631,0.020019423
Q8WYB5,-0.020101625,0.12828049,-0.003813705,-0.00014023669,-0.013704238,-0.011196832,0.007316833,0.04196309,-0.032384053,-0.0045146244,0.07739051,0.032747548,0.09715329,0.017234493,0.008682278,-0.019314634,0.00011847205,-0.04705975,-0.045987494,0.11219259,-0.015664872,0.019568723,0.053756535,-0.05841733,0.11592957,-0.034997612,-0.0967339,0.026642263,-0.007323689,-0.013784742,0.06297086,0.019204777
Q06449,-0.031091029,0.097306825,-0.0018302873,0.0015309943,-0.012132235,-0.018892573,-0.033332903,0.036678556,-0.023558998,-0.003976267,0.053303793,0.028388238,0.09992158,-0.0010243611,-0.02521195,-0.044475675,-0.0044218632,-0.07076901,-0.041676402,0.11840721,-0.03113751,0.018745841,0.059776217,-0.054883435,0.11755657,-0.030287089,-0.09114757,-0.0021063213,0.008236456,-0.006485351,0.0869849,0.0022946347
O02372,-0.027115932,0.10642617,-0.0069767055,5.0231814e-05,-0.01325513,-0.002737915,-0.0236445,0.036765497,-0.017767083,-0.0069904434,0.066847615,0.021847583,0.090755105,0.006587734,-0.003352754,-0.023784818,-0.005292573,-0.05487203,-0.036516525,0.11099047,-0.023783432,0.009987128,0.049204558,-0.057056487,0.10989658,-0.023565838,-0.09922806,0.011188948,-0.0066534937,-0.018247366,0.066704884,0.019743616
P42834,-0.030113233,0.10320024,-0.017072592,-0.014309363,-0.011360661,-0.0032996703,-0.03174083,0.04734827,-0.010993783,0.0045948597,0.06245095,0.017263137,0.08687694,0.021227634,-0.0053234166,-0.04230372,-0.008230982,-0.06734087,-0.03526516,0.123958096,-0.039517485,0.002555701,0.041853726,-0.04966131,0.11968908,-0.020616457,-0.099759564,0.017029177,0.006416211,-0.0019228286,0.07499173,0.04333096
P08237,-0.019248234,0.108025685,-0.012941649,-0.0058530346,-0.01883632,-0.005440989,-0.018770369,0.030872662,-0.02108871,-0.0003876042,0.068288006,0.021594346,0.099908724,0.017321756,-0.0069242856,-0.025179202,-0.007943905,-0.060674854,-0.039332956,0.11783946,-0.029128406,0.0041119577,0.060022417,-0.0649459,0.10879735,-0.03228045,-0.09775188,0.010666036,-0.0049363887,-0.013609073,0.07670886,0.030653069
Q9URB4,-0.026175315,0.09269583,-0.01389038,-0.00036851477,-0.017496308,-0.011915025,-0.017399149,0.022046585,-0.03938764,0.013457941,0.06753642,0.005904316,0.092992984,0.010849622,-0.015618267,-0.019745538,-0.0026599672,-0.064613044,-0.027615903,0.11702097,-0.03555237,-0.0053306585,0.029413065,-0.042854987,0.10950995,-0.018845124,-0.09541573,0.018149998,-0.005850561,-0.013003677,0.06581237,0.044127412
Q05086,-0.028055793,0.10381087,-0.0049201,0.0035783781,-0.019817684,-0.010598921,-0.012070344,0.037417155,-0.024792157,0.010756276,0.07270459,0.020189801,0.088718735,0.023602216,-0.008490882,-0.011083596,-0.0028472738,-0.05138035,-0.027406787,0.11351944,-0.022089252,-0.00028437562,0.04027013,-0.044804025,0.11236902,-0.020321826,-0.09587625,0.01675285,-0.011504289,-0.013816052,0.068934195,0.037760902
O14788,-0.020220669,0.108576916,-0.009884683,-0.002935681,-0.018442895,-0.00484657,-0.007892887,0.02564003,-0.024126612,0.006108162,0.071331084,0.014664389,0.10550102,0.018394087,-0.004303951,-0.014633264,-0.0059372643,-0.056273136,-0.028766291,0.11123978,-0.025863182,0.0048909606,0.04781726,-0.05934284,0.105451256,-0.02406414,-0.098137274,0.012606052,-0.016806647,-0.021885682,0.066611014,0.03454024
Q6ZNA4,-0.02958014,0.10686046,-0.009881591,-0.00080330484,-0.017600896,-0.003666983,0.0004326167,0.032076836,-0.03178728,0.01557912,0.06820486,0.015378892,0.0996862,0.009999433,-0.005809356,-0.020133443,-0.0038420775,-0.048992183,-0.027183183,0.12099884,-0.015966995,0.013191345,0.042131435,-0.048585083,0.10269364,-0.027298257,-0.09548226,0.024539739,-0.010878786,-0.018795215,0.056146413,0.026287293
P12530,-0.013906568,0.13366486,0.0013274091,-0.0039008951,-0.016127365,-0.0096618505,0.023043979,0.04976741,-0.0197221,0.01639953,0.07984084,0.0425075,0.098218516,0.04050249,0.01465211,-0.0012175207,-0.0050391657,-0.02793318,-0.015159314,0.101731405,-0.008020627,0.0061737807,0.06242923,-0.066571794,0.11244196,-0.031886507,-0.101945594,0.020912452,-0.03295619,-0.03148715,0.06417223,0.023330107
P14921,-0.021700423,0.11230628,-0.012508696,-0.0037814986,-0.016039746,-0.0019551446,-0.006147495,0.033182304,-0.026422065,0.00394523,0.06816339,0.017851327,0.10543101,0.01630048,-0.00075401354,-0.020099917,-0.00713741,-0.05473082,-0.034607176,0.114127755,-0.023870533,0.008839054,0.050775077,-0.056667652,0.10953884,-0.029447805,-0.09599528,0.017476117,-0.0121249575,-0.018901762,0.064278364,0.030680796
P0A7W7,-0.035330422,0.09228879,-0.011657508,-0.0045531024,-0.0100151235,-0.0036696035,-0.021502618,0.031004226,-0.034506656,0.025509024,0.061470993,0.0011428805,0.09536097,0.009816402,-0.02452303,-0.03296693,-0.009445096,-0.06378272,-0.030256331,0.11751355,-0.033062395,0.004776101,0.03441329,-0.05591688,0.1119049,-0.021442678,-0.10341801,0.0057913875,-0.0062580146,-0.009806092,0.07224103,0.038250454
O75570,-0.0306256,0.07785848,0.004400029,-0.008678436,-0.006804531,-0.025917754,-0.026910933,0.017160874,-0.040406294,0.0178139,0.073186606,0.007786437,0.09323701,0.018129414,-0.0331478,-0.021826072,0.0014095801,-0.057196386,-0.034313023,0.10598396,-0.034146164,0.012054133,0.021317523,-0.041400153,0.12058078,-0.020506682,-0.09394518,0.0041351337,-0.004311683,-0.008807067,0.070337206,0.029927395
P99029,-0.026545584,0.060797434,-0.007813264,-0.04302963,-0.019262591,-0.0393925,-0.03311182,0.04637502,-0.01815654,-0.008690186,0.061667047,0.0140579045,0.10349218,0.005984181,-0.012811065,-0.055214852,-0.0148700755,-0.08053817,-0.03206759,0.14376259,-0.022525761,-0.019192854,0.04165227,-0.033951364,0.14535592,-0.008554749,-0.120490536,-0.026546976,-0.00037578773,0.017127018,0.060074434,0.058970425
P09104,-0.0042255605,0.10187237,-0.029414799,-0.011443705,-0.018314684,-0.013132596,-0.015990734,0.03250177,-0.021326667,0.010823527,0.068407625,0.021412684,0.10294409,0.0388549,-0.0039924895,-0.030729558,-0.012334814,-0.064062834,-0.016285414,0.1244645,-0.03973334,0.0062425244,0.048076775,-0.058487885,0.10323435,-0.027753998,-0.096504785,0.012999391,-0.01503705,-0.013293284,0.055920266,0.04999303
P42227,-0.021764476,0.10761129,-0.011965634,-0.005770198,-0.012613955,-0.011446971,-0.004764677,0.02992601,-0.02379942,0.009368116,0.06660153,0.02582863,0.10066886,0.017356576,-0.0043977764,-0.023221163,-0.0054035946,-0.05580707,-0.03339121,0.11448735,-0.02864661,0.010951527,0.046497382,-0.050534785,0.114139065,-0.027881777,-0.09393493,0.014703522,-0.012125359,-0.01937897,0.06290527,0.032105904
P00326,-0.005702904,0.114447795,-0.014877517,-0.004931756,-0.02435597,-0.027028158,-0.015889606,0.041402847,-0.025528843,0.0019585055,0.06301428,0.040162306,0.094370894,0.030091079,-0.008619824,-0.035049632,-0.017158546,-0.055455685,-0.026297262,0.12250978,-0.023402505,0.011986011,0.05972566,-0.06817935,0.11151598,-0.025979036,-0.10343347,0.0004613266,-0.005524855,-0.018564055,0.05344303,0.026999285
O15360,-0.022966875,0.10142427,-0.015394084,-0.00973776,-0.013278388,-0.015659953,-0.014997385,0.026066171,-0.02605848,0.0055114087,0.06623017,0.01990645,0.09781156,0.017015785,-0.00076059764,-0.02829983,-0.0048815296,-0.064687155,-0.03598363,0.12265463,-0.025775965,0.0061227903,0.050053712,-0.054000553,0.11598142,-0.02338729,-0.09340145,0.0034840473,-0.017177273,-0.012234146,0.06686278,0.040330857
P01721,-0.012271545,0.10373086,-0.030220192,-0.022515215,-0.024212014,-0.020857466,-0.021579988,0.050613187,-0.013790965,0.003444842,0.054762475,0.038572904,0.09722348,0.044556014,-0.0014852909,-0.030135453,-0.015654678,-0.055429548,9.950204e-05,0.1282072,-0.032606635,-0.015737765,0.04642686,-0.05207219,0.118731275,-0.01181611,-0.10906679,0.00041749142,-0.02424964,-0.009148467,0.052791674,0.06140968
Q5JFD7,-0.0047215545,0.13371325,-0.014071048,-0.0029525484,-0.011008103,-0.0055093965,-0.000118422635,0.036525566,-0.022754043,-0.006248511,0.0618474,0.041041706,0.10715679,0.020406175,-0.0026547052,-0.014194711,0.0036887014,-0.04189828,-0.027214743,0.09573341,-0.021642929,0.022623593,0.05987623,-0.07082744,0.098506294,-0.02993472,-0.10549454,0.031344775,-0.014804567,-0.013529379,0.07946703,0.0070286845
P11574,-0.0277185,0.09718682,-0.015361006,-0.00730575,-0.018145755,-0.012987311,-0.014560866,0.032032654,-0.03478377,0.020489294,0.06417236,0.0114532495,0.09469727,0.016991254,-0.015168053,-0.029968983,-0.0058420785,-0.062009282,-0.027130447,0.118835665,-0.026267108,0.002011559,0.04459136,-0.049921148,0.10803988,-0.024039619,-0.10231327,0.010296522,-0.013510492,-0.013466539,0.07048976,0.047329977
O14544,-0.03395182,0.08260799,-0.023177156,0.006851776,-0.0117865065,-0.0069096293,-0.024324775,0.0328232,-0.04179315,0.025188496,0.05907072,0.0028832469,0.10101215,0.0128177935,-0.029057622,-0.03563906,-0.0034252005,-0.06491256,-0.027220177,0.118126296,-0.03671787,-0.00020869018,0.040384967,-0.050783735,0.120512426,-0.026380444,-0.10082075,0.0068682986,-0.001945702,-0.018057734,0.060033064,0.046903133
P32189,-0.018161625,0.1132478,-0.014510641,-0.00905759,-0.020957148,-0.008739334,-0.005279951,0.03902053,-0.03385728,0.00060242816,0.06865059,0.029256124,0.10067264,0.022365477,-0.005328569,-0.018092273,-0.0029057174,-0.048584726,-0.03163909,0.113999106,-0.02263048,0.0061013224,0.060769446,-0.061962735,0.1088966,-0.031903397,-0.10366913,0.018661248,-0.011230705,-0.019114744,0.06198554,0.03065844
P06744,-0.018304367,0.10842033,-0.01731331,0.0015121838,-0.0090073105,-0.005120242,-0.004774023,0.022549314,-0.024066178,0.0094915675,0.06736874,0.019802626,0.09650234,0.012517402,-0.0042603333,-0.016703077,-0.0025957068,-0.058658935,-0.031185087,0.11102152,-0.027515162,0.01369701,0.043002576,-0.055799555,0.106602706,-0.024296984,-0.09834023,0.018662307,-0.021519553,-0.023257514,0.06417144,0.03254901
P01859,-0.020086631,0.1183669,-0.015897429,-0.007134091,-0.014884988,0.015000327,-0.018559376,0.055821285,0.0032545235,-0.018316863,0.062403396,0.033038504,0.10945675,0.031499185,0.010377295,-0.0104222065,-0.0054694014,-0.036511697,-0.010568469,0.10163241,-0.021180343,-0.00039023155,0.06897318,-0.073589385,0.10489702,-0.02654127,-0.1042013,0.016558122,-0.03531012,-0.017990723,0.07040048,0.027773213
Q9KKF0,-0.016249776,0.095018975,-0.018326852,0.00014060996,-0.009617421,0.00024826714,-0.0072452277,0.022989973,-0.0363396,0.02404266,0.06544285,-0.004644194,0.0998325,0.014378513,-0.012112595,-0.027520925,-0.0042035463,-0.073641956,-0.033969987,0.12271042,-0.04091067,0.0014801339,0.040244874,-0.05453499,0.108563915,-0.023029443,-0.09219645,0.020403286,-0.022829989,-0.021659086,0.062887765,0.044553608
O75914,-0.009467743,0.11680273,-0.021564271,-0.016934799,-0.013015986,-0.012447029,0.0041640657,0.039182585,-0.0277032,0.01473585,0.07134398,0.033475965,0.10048508,0.03338559,0.0019188377,-0.021544702,0.001518481,-0.057773475,-0.027223438,0.11039777,-0.03231833,0.012897557,0.06093745,-0.05730121,0.10852548,-0.028681688,-0.107747905,0.022213835,-0.00977724,-0.019567974,0.06349326,0.038284414
A5D8V6,-0.02517062,0.09745247,-0.013733501,-0.0098274,-0.010025142,-0.0069217393,-0.01615589,0.02748613,-0.020731237,0.010407557,0.061709546,0.015380442,0.094475485,0.014322276,-0.013679708,-0.023348514,-0.0039293393,-0.0668618,-0.03793488,0.116202414,-0.037522275,0.004986631,0.04502791,-0.04925891,0.11603409,-0.01982641,-0.09816188,0.011123503,-0.013242555,-0.017869567,0.07356984,0.03865751
F1LQ48,-0.025458392,0.08882673,-0.011563208,-0.0074671498,-0.011361698,-0.013102728,-0.030109903,0.020529613,-0.033748202,0.01486107,0.072820276,0.0017673064,0.09577983,0.017619714,-0.023557782,-0.031152137,0.00055023097,-0.0719236,-0.03752068,0.1269292,-0.035692483,0.0034021214,0.036616303,-0.049153302,0.11442239,-0.02580412,-0.09896032,0.012056316,-0.005086332,-0.018618602,0.07323453,0.04144605
Q13064,-0.015721602,0.14387123,0.012276698,-0.05475957,-0.0187251,-0.0022206232,-0.004045356,0.05416368,-0.005628135,-0.029325929,0.066379756,0.050723255,0.12291647,0.021624517,-0.00040642917,-0.027253354,-0.008267686,-0.029049337,-0.04755368,0.10852194,-0.020121843,0.030458562,0.054392792,-0.066745386,0.11555622,-0.030010017,-0.10653269,0.025017384,0.00048644748,0.002929341,0.09312937,-0.0072438046
O15389,-0.01942063,0.09395688,-0.0049642646,0.006214246,-0.009731972,-0.016468665,-0.01860649,0.022623671,-0.0035954851,0.012960989,0.06582761,0.021051833,0.09668326,0.017855227,-0.015815658,-0.030551001,-0.006666774,-0.068219334,-0.035418846,0.12067642,-0.034682076,0.018227285,0.044898063,-0.044352163,0.10440546,-0.0283117,-0.08876256,0.00127394,-0.009623282,-0.02490908,0.063117586,0.023099056
O95833,-0.015773965,0.11061262,-0.015116935,-0.012270045,-0.022173114,-0.011342529,-0.0061577307,0.030597197,-0.02558302,0.008466802,0.06322175,0.027751813,0.105109856,0.027955923,-0.009642146,-0.026061393,-0.008496235,-0.056318317,-0.027499177,0.11934282,-0.032992717,0.006729931,0.047236845,-0.056758046,0.10977443,-0.02707097,-0.09623754,0.010207912,-0.022384144,-0.021390237,0.06277621,0.040037666
O15055,-0.030780971,0.10719907,-0.0019201683,-0.009577098,-0.018967329,-0.019948862,-0.018970845,0.033705063,-0.030432578,-0.00670037,0.06727026,0.025492348,0.10075101,0.017822523,-0.0061031934,-0.027449368,-0.0061376877,-0.06405038,-0.034529842,0.12204514,-0.02117845,0.006217166,0.05833537,-0.060291547,0.114058785,-0.032848,-0.10485703,0.0043758242,-0.0032509565,-0.0064108204,0.07800767,0.025728788
P07327,-0.0065624705,0.10930066,-0.014374746,-0.0065059764,-0.020856773,-0.026525946,-0.018510137,0.038772017,-0.020853449,0.00415732,0.06392859,0.0369143,0.09447757,0.028827803,-0.011320325,-0.03493129,-0.017021004,-0.058092874,-0.02788868,0.12166019,-0.026400637,0.012059992,0.058653694,-0.0667485,0.11207725,-0.025944764,-0.10478444,-0.00045547422,-0.0017543265,-0.017432267,0.0575342,0.027289245
P19221,-0.027048627,0.10444709,-0.011102363,-0.005782588,-0.011666085,-0.012066003,-0.0028927864,0.034956828,-0.026596269,0.016258078,0.062743716,0.028996235,0.10617011,0.021359889,-0.007803999,-0.021005047,0.0019801182,-0.0453928,-0.016359834,0.10951799,-0.020614734,0.008343081,0.048213232,-0.047082867,0.110408835,-0.030225262,-0.10091873,0.017744893,-0.013705932,-0.02009756,0.06277943,0.026816392
O61667,-0.021676153,0.09368903,-0.0063403836,-0.0035102486,-0.011646298,-0.010478945,-0.015010882,0.023748247,-0.029967424,0.013541484,0.06999657,0.012682775,0.08879025,0.010643522,-0.015189219,-0.01868238,-0.008313322,-0.06259766,-0.037132468,0.118443936,-0.03539203,0.007301699,0.0409722,-0.05066916,0.108341955,-0.026632804,-0.093915574,0.016263902,-0.0041502616,-0.0153398365,0.07409124,0.025223466
P29055,-0.03032837,0.10985836,-0.009014633,-0.0077588386,-0.00749057,0.008377643,-0.020268623,0.039083373,-0.012756141,0.0024914201,0.06725082,0.011311002,0.08749216,0.003882159,0.0042334762,-0.023937976,-0.020392716,-0.06110288,-0.045598663,0.112439334,-0.03479611,-0.002167172,0.04586982,-0.06484331,0.11720486,-0.020414751,-0.101995096,0.013590289,0.0004092435,-0.010239014,0.07320127,0.03575988
G1FNI6,-0.02711091,0.120894335,0.007899518,-0.036041647,-0.02066003,-0.0019986492,-0.01355495,0.04777804,-0.015130911,-0.016580565,0.06487159,0.026183033,0.1104581,0.013316209,-0.008920913,-0.027601823,-0.019032126,-0.044290375,-0.042330544,0.10528711,-0.027610632,0.01443312,0.046081107,-0.06449058,0.11377973,-0.027926447,-0.10844419,0.015934,0.0021687213,0.0017418278,0.08745106,0.01848782
Q13596,-0.025464512,0.10040171,-0.013776603,-0.008927426,-0.011621687,-0.0048207166,-0.015354104,0.029565139,-0.026766984,0.009171593,0.06130067,0.019373432,0.10071581,0.010424773,-0.014597915,-0.034196723,-0.0038292182,-0.060794443,-0.03570657,0.11821744,-0.03604419,0.0066255145,0.047426324,-0.05557401,0.11175584,-0.03305422,-0.09851823,0.0177333,-0.005447738,-0.014974398,0.07046158,0.029277526
P19447,-0.021094976,0.10125427,-0.01624245,-0.002312954,-0.015520302,-0.005401961,-0.0045298426,0.019864677,-0.02855069,0.011563719,0.068211295,0.011608855,0.10412435,0.012834575,-0.0034148314,-0.019421404,0.0018498874,-0.06346181,-0.032100294,0.123423286,-0.028684294,0.0018112119,0.044571232,-0.046492204,0.106469244,-0.026039742,-0.087910876,0.020503536,-0.0220902,-0.0187222,0.067307115,0.038926445
F8WQK8,-0.023726113,0.09113817,-0.020219084,0.0052562086,-0.010268543,-0.0027907956,-0.017934304,0.030695748,-0.029164292,0.009746238,0.06648092,0.0058380417,0.08634723,0.009421846,-0.0101538105,-0.0135419015,-0.009347277,-0.06572446,-0.022606947,0.11133364,-0.04141162,-0.0033424802,0.042931274,-0.051906694,0.10340975,-0.023323316,-0.0927279,0.011269245,-0.020104896,-0.017302748,0.074256614,0.04029399
P15151,-0.012397179,0.10650791,-0.020995254,-0.0010820683,-0.01771974,-0.012155539,-0.010085543,0.031257108,-0.031994585,0.011014124,0.06457537,0.023743212,0.1008779,0.027605487,-0.013102512,-0.023952944,-0.0057448302,-0.058001734,-0.021830717,0.11701463,-0.03421337,0.005651295,0.042719066,-0.0569931,0.105756976,-0.028249728,-0.09922393,0.014413142,-0.020142047,-0.014166176,0.06590222,0.039386604
P07998,-0.0027593067,0.15077618,-0.021525893,-0.007030055,-0.007034783,-0.0140766455,0.008718478,0.04746943,-0.012292368,-0.004090769,0.06808925,0.0576622,0.093084686,0.04062701,0.024906,-0.008345933,-0.0039679585,-0.035471536,-0.024930883,0.095464155,-0.0059355777,0.02699269,0.073582456,-0.07670931,0.106187016,-0.025759619,-0.10721372,0.024468806,-0.028234672,-0.02112282,0.060140274,0.026423594
O60504,-0.027252793,0.10270301,-0.014951108,-0.0013344765,-0.01400725,-0.0076994644,-0.023292955,0.04213162,-0.021723647,0.000721081,0.062193353,0.022481596,0.092111014,0.010982036,-0.005890926,-0.022507805,-0.009688389,-0.057192255,-0.030571287,0.11382818,-0.027664002,0.0110328235,0.055538498,-0.052033253,0.10620759,-0.02433945,-0.09510714,0.012346877,0.006711982,-0.0071008466,0.07329114,0.021630527
P38936,-0.024203002,0.10494218,-0.011204227,-0.002602759,-0.014466911,-0.009214015,-0.012191224,0.029117996,-0.029801993,0.010984196,0.06801772,0.01656443,0.09714923,0.016578132,-0.010876936,-0.023233183,-0.002937785,-0.059794027,-0.0333446,0.112112336,-0.025795314,0.010711606,0.044536058,-0.052048184,0.10740044,-0.026495991,-0.09981775,0.01224637,-0.014019204,-0.018005656,0.06761801,0.034463756
P16687,-0.008520885,0.11942961,-0.024965271,0.012108524,-0.01142555,0.00050839066,-0.016451558,0.03331029,-0.017187836,0.0055056307,0.054624956,0.019840688,0.108464904,0.026015187,-0.011857075,-0.024154393,-0.014885838,-0.053599592,-0.024647607,0.11395916,-0.04132614,-0.0023528389,0.043510344,-0.07108567,0.11066959,-0.025707304,-0.099809945,0.011583502,-0.024235757,-0.026311154,0.06887627,0.03796487
A0A0B5LB55,-0.021386439,0.09778933,-0.02421825,0.004241126,-0.00736326,-0.003978767,-0.018498741,0.018156175,-0.020783508,0.02005293,0.05968207,0.014476013,0.09188968,0.005151283,-0.028259337,-0.029929768,-0.0030938457,-0.07270979,-0.045846254,0.11887479,-0.045822266,0.0056812605,0.04704811,-0.05305388,0.10180743,-0.033613272,-0.10524821,0.009856156,0.0022576079,-0.023046765,0.076363094,0.03339457
P42566,-0.025335224,0.095080435,-0.019227704,-0.0051366705,-0.01416146,-0.011184737,-0.023958072,0.023578187,-0.021455543,0.013398093,0.063965075,0.015267726,0.09877396,0.022010325,-0.017768793,-0.031038456,-0.0042671775,-0.06205094,-0.025997153,0.11915014,-0.035858855,0.0043653394,0.040701423,-0.04882243,0.10684959,-0.030700654,-0.09651079,0.010562979,-0.007255291,-0.019813279,0.06705038,0.04181068
P39099,-0.0208864,0.12564445,-0.0036029166,-0.0062529803,-0.016159758,0.0013679477,-0.0051842122,0.043951392,-0.017358834,0.005478768,0.06989525,0.027244821,0.10156498,0.021907354,-0.004091606,-0.022898227,-0.005909961,-0.04200868,-0.03195795,0.10498074,-0.024021193,0.018379964,0.048382413,-0.060425457,0.10125015,-0.030122312,-0.09899661,0.021330943,-0.008620232,-0.021230845,0.06549779,0.017281502
O15151,-0.023455061,0.11609298,-0.009289713,-0.006106939,-0.015423124,-0.01417088,-0.00012173783,0.03737217,-0.025481584,0.008982041,0.068787746,0.03333541,0.10382766,0.02357993,-0.0033559531,-0.02176478,-0.0034403957,-0.041358206,-0.02787648,0.114534646,-0.016636128,0.014081364,0.048608374,-0.05241533,0.11421383,-0.031601418,-0.09573566,0.01131821,-0.015662441,-0.022683747,0.060338527,0.02521894
O53664,-0.02865357,0.10131951,-0.011738138,-0.00209253,-0.014816208,0.0049738605,0.013559375,0.035587184,-0.026867628,0.024050793,0.07384242,0.010194227,0.10177424,0.015494492,0.0029416159,-0.0044062724,0.00058390456,-0.04189522,-0.01235128,0.11408134,-0.01377189,0.0042821616,0.052893616,-0.049395584,0.09664002,-0.02734343,-0.09349352,0.019662175,-0.039250616,-0.032416396,0.0559652,0.033248074
P0A937,-0.02107933,0.10637001,-0.0050806277,-0.01632409,-0.0050785765,0.0015778927,-0.016351458,0.03356442,-0.017582072,-0.0006587436,0.07315525,0.011121082,0.10167669,0.010178268,-0.007544046,-0.03152014,-0.006244345,-0.05817479,-0.053312093,0.11689015,-0.03245608,0.017032195,0.035759956,-0.052451637,0.123158686,-0.029359246,-0.09715514,0.019094432,0.0024909878,-0.009434568,0.078713216,0.018527804
O88622,-0.019168075,0.107110344,-0.019283988,-0.011245341,-0.018156318,-0.022363216,-0.015776874,0.04027606,-0.020531822,-0.0029843233,0.061466128,0.03170173,0.103010975,0.030476142,-0.010676782,-0.031919643,-0.011817483,-0.052799635,-0.01933613,0.110186934,-0.02601012,0.018004479,0.05677843,-0.059626795,0.10289158,-0.03254161,-0.1073481,0.0036795759,-0.021987492,-0.01948827,0.056056924,0.04529027
P63208,-0.023794837,0.10360906,-0.012552818,-0.0014401126,-0.012544469,-0.0050549787,-0.014951076,0.031205492,-0.024961619,0.009691187,0.06752228,0.012788679,0.0921717,0.016408278,-0.007434154,-0.024851853,-0.0034751461,-0.060655598,-0.036132663,0.11292293,-0.028336357,0.00962824,0.045142964,-0.05267056,0.10752768,-0.024988271,-0.09765496,0.012502118,-0.014191872,-0.01962352,0.06558004,0.035560153
O00212,-0.027922396,0.09559966,-0.013730052,-0.010823836,-0.019416679,-0.0077606556,-0.016063156,0.031332143,-0.029624913,0.017330015,0.064616255,0.017771317,0.099164486,0.017034,-0.017037744,-0.03189616,-0.007116008,-0.05754277,-0.022663793,0.11810601,-0.03199744,0.0029973628,0.04215107,-0.05168939,0.11040241,-0.028741663,-0.102043875,0.01577428,-0.0034485136,-0.018951131,0.06358825,0.03722619
O00499,-0.02477812,0.10083302,-0.010188955,-0.0028810701,-0.009678682,-0.014326315,-0.013603317,0.023043001,-0.028638246,0.009893635,0.06653231,0.018695304,0.100437395,0.013796762,-0.012482869,-0.025327181,0.0022530437,-0.057550546,-0.0342046,0.116127826,-0.025363512,0.012490125,0.045769118,-0.0478607,0.107004024,-0.031860087,-0.09342362,0.012789223,-0.010813496,-0.018343749,0.06797216,0.025231728
P02091,-0.031795267,0.09653473,-0.0110328095,-0.011827703,-0.014945497,-0.00715875,-0.006095802,0.03924715,-0.022948556,0.017226463,0.07149235,0.019006357,0.10957793,0.029891983,-0.010145036,-0.014841777,-0.0040245946,-0.04866535,-0.023267591,0.119018175,-0.026007367,0.00552851,0.046466812,-0.043904513,0.12021232,-0.026777646,-0.089903474,0.012361743,-0.015727272,-0.016382052,0.06412441,0.041664805
Q8WWY3,-0.033525538,0.09794159,-0.0008205336,-0.009159448,-0.008246954,-0.0067341686,-0.024653252,0.037543606,-0.020361189,0.0012172876,0.06787319,0.012309137,0.103387095,0.009015217,-0.012605873,-0.03575893,-0.003234657,-0.062270887,-0.03930572,0.11733097,-0.033525456,0.0068612555,0.045198515,-0.049544144,0.11987947,-0.03265098,-0.09118555,0.014584323,0.0030563113,-0.007432343,0.08177228,0.02287199
P08244,-0.015524574,0.10795451,-0.011098524,-0.0024500627,-0.022905566,-0.01383319,-0.018266903,0.031387407,-0.031304363,0.0019739305,0.061118424,0.021259194,0.10232586,0.024491444,-0.012679807,-0.03131656,-0.016435018,-0.06298498,-0.03173804,0.12295413,-0.0316098,0.0056854226,0.050458025,-0.06978267,0.11283627,-0.025494048,-0.097127475,0.0015469032,-0.019335344,-0.016903944,0.062377337,0.03604911
P44324,-0.021191685,0.093303576,-0.01939879,-0.012642525,-0.011818301,-0.0042151203,0.024478316,0.015771084,-0.013876803,0.040378705,0.08278986,0.00857133,0.09995688,0.027432073,0.0113286935,0.00035239663,0.009302746,-0.056989685,-0.010930918,0.12049984,-0.026131654,0.0074085016,0.05148582,-0.034274615,0.0966092,-0.015491874,-0.088200435,0.02073289,-0.04334127,-0.052990988,0.03978943,0.053114023
P09616,-0.024216773,0.11557838,-0.011142319,-0.026628012,-0.00095216744,-0.002029242,-0.019937895,0.03800326,-0.0019419659,-0.0058837077,0.061215412,0.030020662,0.114743575,0.012442255,-0.0113119725,-0.03831403,-0.009764054,-0.050486114,-0.05295075,0.116288364,-0.03838914,0.02419481,0.054886784,-0.059893254,0.123343155,-0.036909398,-0.09365472,0.014656538,0.01019271,-0.012343502,0.08488205,0.013633309
O70624,-0.030439414,0.0974844,-0.010263431,5.6096775e-05,-0.008305072,-0.006334642,-0.023771288,0.026238458,-0.019840704,0.010189157,0.06697739,0.009274364,0.09901584,0.012596668,-0.017515995,-0.026766501,0.0029175677,-0.06738797,-0.039893936,0.11872566,-0.035198882,0.0047949944,0.047517322,-0.049033526,0.11372254,-0.027158659,-0.09151261,0.012012199,-0.003572718,-0.017793871,0.07973513,0.031011159
O73790,-0.023716925,0.12525415,-0.009408876,0.004561001,-0.0150503395,-0.018476354,-0.007702112,0.039508678,-0.022439335,0.002169493,0.06509346,0.046948045,0.090971015,0.024185097,0.0060319924,-0.019948427,0.0038309034,-0.04058736,-0.029176539,0.11082311,-0.0055909418,0.012676601,0.066100456,-0.054695796,0.10499804,-0.036145084,-0.09440691,0.017809205,-0.009370627,-0.018359397,0.0639956,0.01607335
P14069,-0.029755143,0.11908186,-0.020074852,-0.025810286,-0.014292838,-0.0050281454,-0.013643145,0.03757547,-0.027821194,-0.002250555,0.039829668,0.022610828,0.11608157,0.019274198,-0.011123531,-0.028353676,-0.010512903,-0.043279633,-0.019992575,0.11920191,-0.029970506,0.009688017,0.041668147,-0.054172862,0.10138279,-0.020769551,-0.09868932,0.009071212,-0.030178284,-0.012255102,0.06824365,0.034617558
A7KAX9,-0.02097435,0.11282352,-0.0107474215,-0.017839631,-0.0120863635,-0.014347987,-0.008187891,0.037102986,-0.008563759,0.0055771074,0.060994,0.036204845,0.101843715,0.026472857,-0.0061089173,-0.023870468,-0.0071066706,-0.054949068,-0.03127863,0.1231246,-0.026074434,0.023014402,0.0636048,-0.054003816,0.1025795,-0.028848866,-0.098949,0.0070718736,-0.011995971,-0.020064088,0.067920566,0.019684162
O95835,-0.025548685,0.10232044,-0.008209016,-0.01056044,-0.016393682,-0.018614657,-0.014720486,0.029848574,-0.021597216,0.0078090746,0.06346769,0.03248048,0.09468096,0.02185791,-0.010539928,-0.021455558,-0.010970444,-0.066294596,-0.033841312,0.119343475,-0.028574921,0.009277306,0.048545703,-0.048668567,0.11748212,-0.025134802,-0.10141218,0.0042857556,-0.006759705,-0.011127853,0.07419183,0.032916483
P62081,-0.023065014,0.09986638,-0.01777886,-0.0066421437,-0.009798039,-0.010313602,-0.0141145885,0.029574014,-0.0287723,0.011230444,0.06298849,0.011301067,0.09436922,0.011917419,-0.008883887,-0.029268038,-0.007645393,-0.06435049,-0.032651972,0.11746024,-0.030652761,0.0026901648,0.04699183,-0.057025388,0.11243082,-0.024601229,-0.10095932,0.008144278,-0.016187968,-0.016306004,0.06821327,0.041886095
O46043,-0.023289053,0.11346448,-0.010654276,-0.004918324,-0.011310073,-0.008911303,-0.009084851,0.03790431,-0.016952038,0.004177313,0.068927266,0.024835523,0.099616215,0.016742837,0.0012652825,-0.031536873,-0.004575429,-0.061370373,-0.039965544,0.11734916,-0.023926016,0.012786205,0.05024434,-0.052380934,0.11708029,-0.027592283,-0.096790284,0.017944412,-0.008370021,-0.014154542,0.06304447,0.035100225
P01258,-0.022534953,0.11244408,-0.014781879,-0.0048926882,-0.0118422825,-0.0056510353,-0.0037771414,0.036306273,-0.022527369,0.003157795,0.06424482,0.028999895,0.10721607,0.016919896,-0.0032158387,-0.016694646,0.003299942,-0.044559117,-0.021427086,0.107165515,-0.019765368,0.007945365,0.051508784,-0.05389399,0.11081227,-0.027373869,-0.100944474,0.015569809,-0.023373587,-0.021459663,0.06991343,0.025473403
O14879,-0.017499438,0.10302621,-0.003767583,-0.01339267,-0.0240324,-0.012125651,-0.016842311,0.035831615,-0.027508996,-0.0026341332,0.06845126,0.024343316,0.103473134,0.017056176,-0.009646632,-0.030102108,-0.013431974,-0.05981604,-0.035798438,0.12471334,-0.02979057,0.010822497,0.050906256,-0.059260298,0.11586574,-0.026448313,-0.09036246,0.007876236,-0.0062983045,-0.011234831,0.069242716,0.021156196
I1WVY3,-0.016194021,0.124359705,-0.025024572,-0.0031188466,-0.0057796133,-0.018622229,-0.012487504,0.031591766,-0.032586273,-0.0027852047,0.058699105,0.040653948,0.10796519,0.025156246,0.00093354034,-0.025955567,0.009407007,-0.049501717,-0.019896278,0.094914146,-0.019467773,0.023081332,0.05827282,-0.061701953,0.10284611,-0.031451393,-0.10448506,0.018301213,-0.014408726,-0.011980471,0.06564885,0.02502639
P42858,-0.029342882,0.09869235,-0.010495714,-0.0055886596,-0.009163484,-0.012394988,-0.019788697,0.028378988,-0.023901703,0.00855333,0.06530691,0.01917121,0.09841149,0.012624864,-0.013574671,-0.029932028,-0.0040788054,-0.06147119,-0.041841283,0.11824903,-0.030345935,0.00985493,0.046155542,-0.049313933,0.11630483,-0.029325316,-0.09527609,0.0069143986,-0.00091083103,-0.013212706,0.0685179,0.030117022
Q5JFG7,-0.015307461,0.114658654,-0.0093348315,0.0045766872,-0.011646409,0.006607648,-0.0012183286,0.024591798,-0.02915453,0.00302983,0.060732003,0.01251217,0.103640236,-0.001797509,-0.0065377504,-0.02054358,-0.006009473,-0.058111664,-0.041468605,0.112419516,-0.031870864,0.008919896,0.040994655,-0.05797723,0.10346831,-0.0269491,-0.09579319,0.026962707,-0.017537856,-0.022988433,0.06800913,0.015823865
P01583,-0.022667816,0.10721197,-0.012725376,-0.0098623615,-0.008128505,-0.0009768248,-0.011263314,0.04087116,-0.017360909,0.0058802105,0.0686388,0.017134827,0.09883794,0.015496344,-0.0008734856,-0.019829042,-0.0036488,-0.05713323,-0.030478047,0.10955118,-0.02702621,0.011473845,0.057543613,-0.058137435,0.110728234,-0.022587588,-0.10187542,0.010936235,-0.014378727,-0.020681662,0.074147426,0.026922058
P20783,-0.035161052,0.101036124,-0.011454361,-0.006873279,-0.009121449,-0.0030740302,-0.010677828,0.030601926,-0.026534056,0.015096743,0.062463872,0.012991379,0.102132,0.013923303,-0.012516612,-0.024970626,-0.00082911603,-0.05219809,-0.024772558,0.1111003,-0.027045561,0.00840714,0.039912518,-0.04806199,0.11119183,-0.028418485,-0.10084998,0.016589867,-0.01688993,-0.026608495,0.06413067,0.03519292
P04279,-0.017952694,0.11432749,-0.009480052,-0.005070994,-0.014653329,-0.012339711,-0.012267463,0.03623225,-0.02683567,-0.0055161365,0.06226979,0.033332203,0.10011687,0.017569672,-0.007957193,-0.021543488,-0.0025079104,-0.051184867,-0.03306858,0.10775881,-0.02446921,0.010630339,0.055948973,-0.061958004,0.10660722,-0.02882044,-0.10441893,0.0123772705,-0.017311973,-0.013570155,0.068090975,0.023844903
P13716,-0.022076396,0.11930957,-0.012846598,-0.013935055,-0.013791839,-0.0018173524,-0.0016696757,0.030251408,-0.021548089,0.001357723,0.06127128,0.021991987,0.10734753,0.011446093,-0.003018551,-0.023656592,-0.0074884123,-0.053025503,-0.033026155,0.11868608,-0.030080322,0.012103204,0.03826588,-0.053373713,0.10937278,-0.023579007,-0.095206715,0.017914934,-0.022793263,-0.019850157,0.06886683,0.028934922
Q9VU15,-0.051121794,0.08897846,-0.012519941,-0.014325645,-0.004464563,0.014177054,-0.025540072,0.051211618,-0.023559123,0.022886362,0.0642486,-0.019636303,0.060240783,-0.020022854,-0.00070072524,-0.030480158,-0.029190391,-0.07811651,-0.04649848,0.11883684,-0.0332072,-0.013184183,0.029437147,-0.04793073,0.1299837,0.0023267101,-0.110325634,0.0045951963,0.0051075676,-0.006978154,0.08001807,0.056497395
P27540,-0.020537917,0.10934485,-0.0121769905,-0.0061661536,-0.015514517,-0.0066010235,-0.0069421777,0.031454414,-0.024954703,0.008630356,0.06886544,0.01971982,0.11011571,0.023214279,-0.009572936,-0.020545498,-0.004146635,-0.05029464,-0.029664682,0.11049361,-0.026382577,0.008823633,0.050289404,-0.058497284,0.110084824,-0.031522475,-0.100532874,0.014735629,-0.010408362,-0.02134231,0.06660473,0.03215131
P01731,-0.024363875,0.09678497,-0.018749958,0.0001415336,-0.0132538965,-0.009075303,-0.02236329,0.035968468,-0.03203908,0.013899521,0.061293606,0.016218645,0.0955555,0.018865317,-0.02058894,-0.019885497,-0.004703153,-0.05629096,-0.021506507,0.11431345,-0.03486148,-0.0013711798,0.03695977,-0.04974651,0.11333446,-0.016867185,-0.10460078,0.008870903,-0.009441751,-0.012913605,0.0708034,0.038195506
P17710,-0.017611945,0.108814076,-0.010624623,-0.005631248,-0.021015553,-0.013005505,-0.016232165,0.031327043,-0.030193182,-0.0019101336,0.06685189,0.029441003,0.10170179,0.017135924,-0.013553464,-0.03094508,-0.0063426592,-0.06035933,-0.043354783,0.11938025,-0.028089242,0.014351935,0.053527813,-0.060222667,0.112839825,-0.03310441,-0.0988931,0.0094850045,-0.0017121778,-0.012421191,0.067460336,0.02457704
O95238,-0.02587435,0.085688055,-0.014765944,0.0037919665,-0.013424528,-0.00916056,-0.009245226,0.01608018,-0.03874713,0.016423095,0.058654547,0.004842219,0.103587836,0.0003018803,-0.025577212,-0.028802162,0.0015040988,-0.061672967,-0.029304918,0.12203629,-0.036563564,0.0012393952,0.04571069,-0.04812198,0.09894509,-0.036532067,-0.09385036,0.017764788,-0.015130838,-0.029476041,0.06015269,0.030127589
O43613,-0.038667265,0.09105888,-0.024216903,-0.0041774027,-0.014746671,-3.5132591e-06,-0.011751094,0.042648118,-0.03884946,0.031445123,0.060344845,-0.00652648,0.093274206,0.01251459,-0.02078436,-0.031824827,0.00093578204,-0.062175717,-0.022433512,0.13013028,-0.032025225,-0.01330253,0.033887487,-0.03917134,0.11699159,-0.017813616,-0.10256573,0.017461488,-0.01178665,-0.017669257,0.06546064,0.057933692
P09201,-0.01568766,0.09374555,-0.02366298,0.011090877,-0.014062872,-0.004876408,-0.02349958,0.02926892,-0.016201828,0.010846453,0.062761925,0.011580398,0.10018456,0.014543119,-0.020837506,-0.03323661,-0.015810315,-0.06618242,-0.02741296,0.12335022,-0.036038287,0.016310448,0.060883086,-0.063237466,0.097879335,-0.03942062,-0.09346543,0.011183879,-0.0014079206,-0.030678919,0.06123712,0.025847545
P02789,-0.02389614,0.113706626,-0.011557796,-0.014301675,-0.012242835,0.0031321216,-0.00047159902,0.036194153,-0.023890976,0.0033730953,0.066411,0.02137542,0.11307897,0.024244472,-7.8399666e-05,-0.015421237,0.001397732,-0.04111355,-0.024317758,0.10679253,-0.021038562,0.006889844,0.055024765,-0.063368894,0.108740166,-0.029600825,-0.10238741,0.021584585,-0.031720616,-0.023361562,0.06110388,0.034207977
P32325,-0.02677561,0.096603945,-0.015450199,0.001887417,-0.014415389,-0.003356719,-0.017561235,0.017358769,-0.033164266,0.008208695,0.06202874,0.007025709,0.10129975,0.007982976,-0.018933157,-0.019973064,-0.0019744162,-0.065133736,-0.037177,0.11636706,-0.037013013,-0.001967889,0.037650324,-0.048245635,0.11004737,-0.02767926,-0.09380739,0.017596113,-0.012478962,-0.018600289,0.07503318,0.038265876
Q9BWF3,-0.022321545,0.10352262,-0.013216271,0.00054160313,-0.011263887,-0.011365454,-0.012658508,0.029442025,-0.024037575,0.011876619,0.06912018,0.014896449,0.09651565,0.016608028,-0.010446065,-0.025244743,-0.0055463878,-0.06387354,-0.039986804,0.117788054,-0.032796673,0.013124935,0.0459656,-0.051169764,0.113063686,-0.025515677,-0.09085324,0.010294071,-0.006645269,-0.016871018,0.06999841,0.03380878
Q9NPD3,-0.023217821,0.10412997,-0.011735408,-0.0016783678,-0.011896309,-0.0075093615,-0.016292732,0.030055411,-0.022507869,0.007409612,0.06510851,0.018490186,0.10033676,0.010800175,-0.012150988,-0.031169524,-0.009756208,-0.067129225,-0.0433359,0.12188628,-0.032817394,0.011102546,0.043489005,-0.055070795,0.12063071,-0.024333168,-0.09684049,0.010819397,-0.004386906,-0.016064405,0.067315765,0.03199837
P05129,-0.026370287,0.11076112,-0.013501203,-0.0085751815,-0.010561847,-0.0077927858,-0.00450018,0.038182963,-0.030184735,0.009323738,0.06335055,0.016785895,0.099593595,0.009555641,-0.003945121,-0.02215021,-0.0055885543,-0.05624057,-0.036957875,0.11436742,-0.021295039,0.010121487,0.05254754,-0.05217382,0.11178564,-0.023935348,-0.10204899,0.015734958,-0.0064451057,-0.014463889,0.06695617,0.03131688
P55084,-0.011457914,0.10781282,-0.011874967,-0.0050318954,-0.026842818,-0.013444672,-0.016657036,0.04052414,-0.028689241,0.0031544322,0.066784956,0.03190772,0.09672087,0.02821807,-0.009803057,-0.0251258,-0.010236704,-0.0533289,-0.024252595,0.11741809,-0.028351381,0.00072459335,0.055621613,-0.061487522,0.10879922,-0.026896343,-0.10194484,0.012244311,-0.006433729,-0.016571913,0.062009517,0.028733559
P57086,-0.0009510536,0.14447406,-0.019433863,-0.015395857,-0.030792844,-0.0077537056,0.0032285452,0.027859835,-0.03464839,-0.028495397,0.06252007,0.04107052,0.105797425,0.011297451,0.020132113,-0.017368851,-0.0037178397,-0.05730362,-0.043357685,0.1142296,-0.013078941,0.011308401,0.08741012,-0.08463341,0.0910934,-0.033097032,-0.10321571,0.031173019,-0.018654605,-0.014649402,0.07266425,0.022325736
P17741,-0.032508787,0.09979387,-0.006944152,0.0003194198,-0.0051137544,-0.010398171,-0.018773029,0.02260239,-0.019781286,0.004852886,0.06641041,0.016693946,0.097702995,0.003933282,-0.010323199,-0.021091152,0.003298498,-0.058145832,-0.04179425,0.115351096,-0.025199533,0.0060847267,0.040381335,-0.041087188,0.11638899,-0.027073106,-0.09017873,0.012830404,-0.0033692096,-0.013072327,0.07978361,0.02229536
Q8BH75,-0.0217627,0.11321616,-0.019589758,-0.019686965,-0.003467871,-0.0017040943,-0.015105672,0.035334866,-0.007083504,0.00054739666,0.05632012,0.031736758,0.09652951,0.017418567,-0.009084758,-0.026144942,-0.0039217747,-0.05909695,-0.042368818,0.10988421,-0.04691809,0.0175878,0.05504657,-0.05574103,0.11136974,-0.025702866,-0.10366219,0.011006349,-0.009901386,-0.024533039,0.07863399,0.027854616
P10398,-0.007806998,0.110899314,-0.015512139,-0.004583742,-0.018065555,-0.015946332,-0.013004303,0.017675715,-0.0207967,0.0037848228,0.07075987,0.027842224,0.0960368,0.024526272,-0.010919705,-0.018079171,0.0032798909,-0.061560772,-0.033366017,0.11412157,-0.03037757,0.008332414,0.0548514,-0.05901891,0.10019008,-0.028670147,-0.10050957,0.013654409,-0.01389376,-0.025945548,0.07367469,0.029192163
P9WQP1,-0.012398186,0.11810313,-0.015941437,-0.006286872,-0.012873123,-0.0010914966,-0.0015227319,0.029681763,-0.007239297,0.0037354094,0.07040551,0.023888372,0.10607926,0.024444632,0.008014101,-0.019984605,-0.0033822986,-0.05905183,-0.031802364,0.11672327,-0.028795553,0.013623326,0.05970188,-0.060040634,0.10354603,-0.027632348,-0.0924914,0.018489035,-0.024699014,-0.030310996,0.06215907,0.032744996
Q6Q3I2,-0.009180995,0.1024473,-0.022940345,0.0047876304,-0.012464822,-0.0066436506,-0.013349299,0.022202231,-0.027022975,0.0098086875,0.06913022,0.014470477,0.10402181,0.025324587,-0.008581026,-0.018104149,-0.0027982204,-0.06364223,-0.027886055,0.112377375,-0.03291353,0.014045781,0.052186593,-0.059596896,0.102312714,-0.029185183,-0.09001746,0.015997544,-0.020138195,-0.023046136,0.06487873,0.03473513
Q6PDN3,-0.020421535,0.09706035,-0.008395212,-0.004879386,-0.014268326,-0.014375154,-0.017973447,0.030047683,-0.026499346,0.006461222,0.07173734,0.018910829,0.09415982,0.019095886,-0.011791745,-0.022634543,0.0041636215,-0.057880253,-0.028457364,0.10764231,-0.030508019,0.008432979,0.037473135,-0.043601375,0.10977388,-0.021008251,-0.097303905,0.016807728,-0.0067204176,-0.013940912,0.0647796,0.031975936
P0CX45,-0.018578423,0.089764774,-0.020701496,-0.0007121178,-0.01320345,-0.012726084,-0.038883414,0.026021011,-0.020849044,0.017434735,0.061712936,0.005128476,0.09135523,0.027289344,-0.03145184,-0.035661314,-0.011959934,-0.07614995,-0.036104713,0.12736674,-0.042947203,0.0016946752,0.042085137,-0.06123111,0.113026895,-0.020590767,-0.102496654,0.00020690759,-0.0012028426,-0.011761536,0.07349249,0.048026305
P67809,-0.023778278,0.09278975,-0.010554383,-0.0025550472,-0.016731186,-0.014020231,-0.018242959,0.022660153,-0.024342362,0.009847452,0.06827487,0.016865741,0.10073001,0.02019266,-0.0155548155,-0.023296086,-0.0033868798,-0.06039416,-0.028000472,0.118560955,-0.03337807,0.0014343138,0.04242047,-0.048246328,0.112868935,-0.027766706,-0.09213184,0.008901924,-0.0112419315,-0.021665439,0.06529005,0.036196023
P20443,-0.0315479,0.097868346,-0.013117571,-0.0008810563,0.005859586,-0.012379311,-0.026436202,0.030433211,-0.032387227,0.01533371,0.07508193,-0.0023824824,0.10183424,0.011307141,-0.022375785,-0.04098151,0.00869463,-0.0647161,-0.050811425,0.112363696,-0.03574493,0.015980119,0.03226718,-0.044674713,0.12040211,-0.034887217,-0.09409975,0.012192138,0.012757458,-0.0041637416,0.08048829,0.032123264
Q96Q45,-0.015912043,0.10298974,-0.01321686,-0.010202999,-0.017438859,-0.024814958,-0.014427169,0.039041877,-0.03054544,0.006001242,0.067799024,0.02324633,0.10051095,0.02850915,-0.0082657775,-0.032482035,-0.008119672,-0.061290503,-0.025499675,0.12469972,-0.030632729,0.011758281,0.042673238,-0.04718938,0.10944892,-0.023114989,-0.09256316,0.0034374327,-0.015071714,-0.00660493,0.058358695,0.037902325
P15812,-0.015323345,0.09721154,-0.009876053,-0.014472157,-0.02273737,-0.021410005,-0.04206699,0.020836998,-0.014430916,0.009449782,0.06462847,0.027726438,0.09249669,0.03285315,-0.046592906,-0.036155917,-0.0025259964,-0.08374227,-0.05560598,0.12643318,-0.04663641,0.008548835,0.062497646,-0.068586074,0.11758856,-0.022604883,-0.11202077,-0.00998447,0.009716128,-0.016924962,0.088397734,0.035834625
P21333,-0.024864418,0.10290145,-0.008626,-0.008833008,-0.013178119,-0.013617326,-0.016689282,0.03274686,-0.02577714,0.0066398997,0.068367235,0.021312417,0.09869296,0.020174313,-0.010775506,-0.025958477,-0.00215952,-0.05575682,-0.030926704,0.11417444,-0.028107269,0.0061693927,0.040644325,-0.049933873,0.11556244,-0.02518257,-0.09763253,0.0109278085,-0.008812966,-0.0110520525,0.069690734,0.03286549
Q10838,0.0043600444,0.14223272,-0.012379928,-0.026941769,-0.0024090335,0.016761912,-0.023771498,0.05515095,0.027710687,-0.042067107,0.06699213,0.034938917,0.103512414,0.016900793,0.0258739,-0.048045788,-0.04128361,-0.078398824,-0.08623353,0.1258567,-0.059457134,0.011592324,0.056934737,-0.089897215,0.14562291,-0.025378363,-0.092893764,0.012039762,-0.0041583767,0.004863847,0.086451925,0.035617806
P13598,-0.012951116,0.1040287,-0.011215962,-0.011689261,-0.017497135,-0.00925133,-0.0013953559,0.027779689,-0.011925781,0.010731049,0.07731998,0.029322037,0.099272154,0.035007082,0.0118382,-0.0005035782,-0.007592407,-0.0643045,-0.016542535,0.111695215,-0.020971736,0.020247819,0.0687694,-0.051384047,0.099195585,-0.026201837,-0.09321243,0.019831998,-0.017975062,-0.026958786,0.068654284,0.026809614
Q9H8X2,-0.03739347,0.09564625,-0.011081404,-0.0027651316,-0.018200008,-0.018171785,-0.026681235,0.021706762,-0.025503976,0.011010336,0.06080166,0.023908785,0.097441494,0.022499975,-0.021863509,-0.028490545,-0.0039565885,-0.058514483,-0.028618323,0.115717635,-0.028466804,0.0074940496,0.044215303,-0.05101156,0.109132536,-0.02889052,-0.09740275,-0.00080714404,-0.008066225,-0.016284,0.06460868,0.03987676
O64470,-0.030792879,0.09511668,-0.014644726,0.0069399406,-0.008261229,-0.0059625306,-0.017595276,0.029333275,-0.039740734,0.021640368,0.063525625,0.0018709134,0.099301435,0.017627276,-0.019771954,-0.021789035,-0.005346033,-0.058475606,-0.023323748,0.10944987,-0.03422314,0.0066640265,0.04056915,-0.056327064,0.10340336,-0.02880184,-0.09417215,0.01609269,-0.010288818,-0.011761803,0.069487475,0.037742727
P0CG48,-0.024268163,0.08897173,-0.008368664,-0.011829174,-0.021986028,-0.025228892,-0.020132383,0.030552711,-0.032815497,0.012732616,0.06098699,0.029948622,0.08824048,0.018154202,-0.018898906,-0.026619669,-0.0114049865,-0.06535517,-0.024533898,0.12403382,-0.03196055,-0.0055699856,0.04504614,-0.04850486,0.11756132,-0.02102392,-0.10959168,0.0026422765,0.002192489,-0.01000713,0.065163456,0.03433785
P02309,-0.016662506,0.109909356,-0.019221826,-0.004521034,-0.008130701,0.005403907,-0.010624162,0.030277614,-0.01269441,-0.0011055848,0.06431224,0.016477501,0.108479366,0.013260084,-0.0035579673,-0.021232877,-0.008119692,-0.058858078,-0.035389952,0.11196439,-0.033360455,0.0124348,0.0471164,-0.061874542,0.11089122,-0.027651206,-0.09542938,0.023892105,-0.017441403,-0.013385519,0.07476159,0.033408273
O00253,-0.024817774,0.10903056,-0.014345022,-0.006979623,-0.009977845,-0.002306332,-0.010874429,0.043770216,-0.013714312,0.0008795296,0.0648552,0.021860251,0.09160496,0.012679246,-0.0005863189,-0.022604236,-0.0028618607,-0.05720676,-0.03796127,0.112552956,-0.026969714,0.011186206,0.06630931,-0.05892502,0.1074068,-0.026479587,-0.10336161,0.01306585,-0.009304145,-0.019414525,0.07303797,0.027576577
P24228,-0.009967376,0.13398662,-0.015176047,-0.010738272,-0.016667474,-0.012931396,0.009523724,0.049133573,-0.019481057,0.002132721,0.063495584,0.046933323,0.10049925,0.034373753,0.012972079,-0.016357103,-0.005671041,-0.03941584,-0.02099645,0.112509675,-0.015836619,0.0073626176,0.06581463,-0.064280145,0.1097125,-0.028008781,-0.101217546,0.024206433,-0.024388451,-0.018114299,0.05990134,0.02969742
P12271,-0.023405567,0.0967463,-0.0068234936,-0.010744746,-0.015395656,-0.0154456645,-0.009044046,0.029415563,-0.026188463,0.01083383,0.065198824,0.015595715,0.09699983,0.010503104,-0.014126189,-0.027128905,-0.011021112,-0.059324794,-0.031746924,0.12791288,-0.02474324,0.0083744805,0.042909276,-0.04902152,0.111942925,-0.023800662,-0.10345924,0.0040884144,-0.012593063,-0.027020913,0.05619375,0.027442593
P37282,-0.010368538,0.08094472,-0.019473862,0.021062942,-0.016618991,0.0037646778,-0.014825332,0.014379753,-0.042062372,0.012895766,0.07092425,-0.0006930372,0.099070266,0.0073733767,-0.028404528,-0.011254907,-0.004056979,-0.06689069,-0.02649745,0.114629336,-0.054750502,0.0005191965,0.03161726,-0.055851582,0.102894545,-0.029449064,-0.086975574,0.027560629,-0.014012955,-0.027830875,0.06571655,0.029542593
O89093,-0.018231565,0.1047308,-0.024671193,-0.0033363993,-0.013771236,-0.0017247997,-0.018803347,0.034368858,-0.01999915,0.0024388402,0.063654445,0.016713073,0.10595919,0.024405856,-0.007750156,-0.025336862,-0.0053145997,-0.05959054,-0.035655316,0.11299358,-0.036343977,0.003151989,0.049152654,-0.056980323,0.116263725,-0.02610541,-0.09757491,0.01154271,-0.0137565285,-0.01775609,0.06550578,0.048781145
O53585,-0.02156798,0.11438007,-0.0075091976,0.0021927052,-0.011257124,-0.011873271,-0.0019045994,0.03497262,-0.031980827,0.008300766,0.07346886,0.030476613,0.09637956,0.017608486,-0.0034015193,-0.016307399,0.0026284102,-0.04862305,-0.034556013,0.102803186,-0.021556024,0.01087045,0.057907414,-0.057308078,0.106855676,-0.037590574,-0.10086963,0.019418936,-0.0081558125,-0.01788493,0.07126685,0.022370331
Q15024,-0.021498367,0.11000754,-0.013862905,-0.0033123395,-0.017291317,-0.0016234998,-0.009058676,0.030571451,-0.027831718,0.002392313,0.0659373,0.008721819,0.09965907,0.004788994,8.608252e-05,-0.029932618,-0.009049347,-0.07035323,-0.047227047,0.12900972,-0.031341683,0.0043209307,0.047945045,-0.0558197,0.11431912,-0.021346629,-0.087439224,0.017601484,-0.011170472,-0.013267046,0.066842124,0.036840662
A0A1C7D1B7,-0.04065572,0.084272705,-0.00965783,0.00813812,-0.0067100227,0.0066874004,-0.021171775,0.021617863,-0.02965983,0.030422723,0.06745197,-0.010135124,0.09830157,0.00082791504,-0.022470366,-0.023566583,-0.0030555292,-0.060107097,-0.030839302,0.11225941,-0.025615647,0.00426398,0.03578532,-0.047301747,0.10914958,-0.029623581,-0.09783133,0.017568978,0.0011071074,-0.022330616,0.07779617,0.028998442
P11980,-0.023759644,0.11371555,-0.01482607,3.3416785e-05,-0.013208052,-0.00042541884,-0.013324926,0.03906336,-0.020424303,0.005043826,0.06505769,0.023877215,0.09326623,0.009464939,-0.006086818,-0.022890596,-0.0071654036,-0.054328196,-0.03649654,0.10965482,-0.025529504,0.011158151,0.04808701,-0.056313626,0.11289456,-0.02494951,-0.09800814,0.01596675,-0.005211874,-0.014678274,0.076991715,0.025509473
Q24314,-0.029723777,0.10110549,-0.016607556,-0.0016998785,-0.007916739,-0.0034765825,-0.014373974,0.023702713,-0.023378024,0.01431179,0.06320013,0.012724511,0.09975328,0.011721487,-0.0121876,-0.026603445,-0.005792554,-0.06524637,-0.035830963,0.11733822,-0.03303226,0.009997522,0.04870283,-0.053445302,0.10811401,-0.034335602,-0.09648399,0.012558614,-0.011174464,-0.023160772,0.07307251,0.0347353
P13489,-0.020913338,0.11005116,-0.011680974,-0.016262716,-0.019039353,-0.006277486,-0.008307781,0.041126356,-0.029855184,0.0021141958,0.06219973,0.03405852,0.100212194,0.01928684,-0.013391882,-0.033651397,-0.0013648886,-0.059995037,-0.0455695,0.12222154,-0.031296138,0.012643245,0.06124898,-0.05891621,0.114506155,-0.034288134,-0.111353874,0.012478318,-0.005706645,-0.018782753,0.062339343,0.025296718
O60826,-0.033024,0.09177947,-0.010640817,-0.0003056839,-0.010606284,-0.006163366,-0.013457896,0.028618872,-0.027531495,0.018828794,0.06340496,0.0031212014,0.10348338,0.006364935,-0.015256239,-0.0345899,-0.005386226,-0.0590386,-0.025852388,0.12287104,-0.027908701,0.009697637,0.047648724,-0.04957694,0.10385374,-0.033507325,-0.09112775,0.007835375,-0.013419974,-0.030490529,0.05935543,0.027234063
F5HF68,-0.019372128,0.121492065,-0.0109713795,-0.002838875,-0.016622491,-0.0066890703,-0.005365178,0.03947063,-0.024252713,-0.005039226,0.06884887,0.033278007,0.098103754,0.01268588,0.008439936,-0.021196581,-0.0071935547,-0.050701592,-0.03625034,0.10890475,-0.018097214,0.016069239,0.057373166,-0.06092511,0.10773778,-0.028420301,-0.096717454,0.013519871,-0.0102052055,-0.013565046,0.06515174,0.020155499
O55038,-0.029948002,0.10186078,-0.0008773856,-0.0015540414,-0.013754537,-0.005951834,-0.0024882997,0.029294223,-0.030958852,0.0121195745,0.08077584,0.019217107,0.09537168,0.015566838,-0.0067747207,-0.012771977,-0.0023567227,-0.04400459,-0.031673856,0.10880725,-0.01916286,0.014030449,0.040182717,-0.053113163,0.10663339,-0.03454617,-0.09831599,0.008969747,-0.017614108,-0.021319557,0.0640124,0.022325465
O75175,-0.010752211,0.101620935,-0.027283026,-0.0024638462,-0.011385873,-0.008668288,-0.025310593,0.030260116,-0.019888667,0.002737224,0.063492686,0.022417618,0.10226653,0.033137787,-0.012146823,-0.026127964,-0.019754512,-0.06047983,-0.029451683,0.11355554,-0.034605995,0.016498843,0.047118235,-0.068972535,0.11064315,-0.030063713,-0.10537853,0.006912624,-0.009754685,-0.012109798,0.056189608,0.043373376
O89050,-0.019371152,0.104850434,-0.0054400223,-0.012317593,-0.012068488,-0.008619002,-0.003089776,0.031218529,-0.02562362,0.00352022,0.068383016,0.021059034,0.10584508,0.0114897555,-0.0046754256,-0.026333464,-0.0063699046,-0.057082977,-0.036874108,0.11622045,-0.02906048,0.008446344,0.04800717,-0.058028933,0.114499606,-0.02963396,-0.09974091,0.014479779,-0.0140205445,-0.012707889,0.06701646,0.026418805
P0A894,-0.03441286,0.09755232,-0.0017045827,-0.0046277083,-0.014945668,-0.023341903,-0.024494458,0.029760802,-0.0342812,0.0020816529,0.06929441,0.027849253,0.09590415,0.0111631835,-0.011242815,-0.029562255,0.0070672235,-0.055811673,-0.037947662,0.11036527,-0.021594897,0.013646545,0.038301826,-0.03654952,0.11504634,-0.024155678,-0.09286518,0.0066333613,0.010464256,-0.0010310023,0.06576729,0.019743392
P48570,-0.008056015,0.12893394,-0.0068004276,-0.0026529813,-0.020652387,-0.008299146,0.019227773,0.019322423,-0.040944874,-0.004017595,0.080488265,0.026724828,0.11311504,0.01094332,0.012554329,-0.01072217,0.0012820063,-0.056599736,-0.041146886,0.10688168,-0.013684538,0.025056798,0.06080121,-0.06541484,0.09730744,-0.038719423,-0.09294261,0.030976918,-0.022799797,-0.020920103,0.06517762,0.019471832
P10503,-0.01694904,0.11184883,-0.00825673,-0.004333155,-0.0087993685,-0.006995402,-0.013145059,0.03535106,-0.022831606,0.0037525399,0.065189086,0.024451105,0.09330891,0.014174148,-0.00645106,-0.027405186,-0.0075637526,-0.06250768,-0.044279143,0.11340722,-0.032862112,0.012453947,0.05570721,-0.061549187,0.10992968,-0.031143503,-0.10079699,0.017589225,-0.0013657332,-0.012340122,0.07389907,0.019541135
O70435,-0.020290293,0.09324065,-0.021265104,-0.022651784,-0.022814654,-0.029966608,-0.014475383,0.040304895,-0.014775279,0.008212639,0.060517102,0.041957516,0.09266925,0.030345807,-0.0015650317,-0.027717287,-0.018705383,-0.05532093,-0.013064406,0.1326906,-0.020626266,0.0028480769,0.05365968,-0.04601443,0.11616143,-0.018938145,-0.106787086,-4.021513e-05,-0.0034290904,-0.008039274,0.0489013,0.044367626
C3VPR6,-0.014036146,0.10477028,-0.018261015,-0.0070660426,-0.012480977,-0.017426983,-0.025977274,0.046525225,-0.016462067,4.262291e-05,0.06163096,0.021992037,0.092424534,0.029049816,-0.013693471,-0.026665866,-0.00714043,-0.06232247,-0.02553512,0.11685234,-0.03169091,0.0016294975,0.052538678,-0.056917846,0.116856836,-0.01767026,-0.10709513,-0.00017255824,-0.011763237,-0.0113054095,0.077922605,0.03665841
P01097,-0.018126462,0.103232,-0.008051706,0.009798816,-0.02735421,-0.012100857,-0.017464936,0.018815668,-0.04283435,0.0028311834,0.07038286,0.017479476,0.10112491,0.012527564,-0.022978622,-0.016759094,-0.0025834036,-0.057571713,-0.030965414,0.10270075,-0.021736233,0.008368862,0.039906196,-0.059868187,0.10035183,-0.028103705,-0.10369651,0.009747395,-0.0073774224,-0.014161594,0.06879003,0.026530437
P09038,-0.025767121,0.104182094,-0.01437874,0.0017420268,-0.014230868,-0.004054373,-0.01210125,0.029518977,-0.03032802,0.009362797,0.065303855,0.014078719,0.10056054,0.01368205,-0.0099291755,-0.021129925,-0.004113664,-0.056927733,-0.030035632,0.11334255,-0.02621814,0.0058909263,0.046766497,-0.05502984,0.108852625,-0.02905465,-0.09624097,0.015978599,-0.014056959,-0.01916453,0.06889375,0.033064947
O14187,-0.038439687,0.08363089,-0.019828409,0.004397825,-0.008273748,0.0029715514,-0.02973923,0.02276779,-0.030965881,0.020070933,0.06161045,-0.011741637,0.106653266,0.002754477,-0.025385723,-0.04138473,-0.011505283,-0.06799315,-0.032597218,0.11979262,-0.04308003,-0.009692752,0.034990888,-0.058404457,0.11610434,-0.035795573,-0.098410904,0.011555042,0.0041271565,-0.015059032,0.071757264,0.04939006
P01315,-0.022713106,0.10660222,-0.012829465,-0.011886959,-0.020709828,-0.007481259,-0.011960097,0.04109472,-0.02176964,0.00029176113,0.06581014,0.034152143,0.10178119,0.017350078,-0.004222543,-0.026179496,-0.008471236,-0.056577597,-0.033370372,0.11809861,-0.027088659,0.009959195,0.057587534,-0.054550987,0.11697851,-0.02792525,-0.095439896,0.015436469,-0.006045429,-0.011956897,0.06702155,0.02974466
P21980,-0.020507887,0.106596276,-0.014294023,-0.003976959,-0.014365615,-0.009290456,-0.012399994,0.031014659,-0.02409545,0.0100983605,0.066392176,0.02177189,0.09795313,0.02015638,-0.00635156,-0.023829801,-0.005876123,-0.05547009,-0.028970342,0.11711345,-0.028001215,0.007035352,0.04267673,-0.051333655,0.11131222,-0.02451445,-0.096733436,0.013776979,-0.011691663,-0.019654281,0.06188149,0.033892594
O60241,-0.020039618,0.099012025,-0.021106888,-0.014036542,-0.011399198,-0.015278852,-0.020511428,0.034519706,-0.024669215,0.020663854,0.063851796,0.025157636,0.09294792,0.036440894,-0.0152780535,-0.03388089,0.0014126152,-0.051052384,-0.02199567,0.119889736,-0.03655858,-0.0063724765,0.045881696,-0.05113089,0.11305519,-0.03246673,-0.10105988,0.012994243,-0.011309408,-0.01973274,0.06264714,0.046605606
O00175,-0.02816154,0.09742695,-0.019179298,0.005190951,-0.009730153,-0.0039891265,-0.011613418,0.02887006,-0.032107387,0.019579744,0.068441525,0.011851164,0.09910412,0.018466922,-0.0152810225,-0.020680761,0.00266033,-0.057028,-0.025113951,0.1128998,-0.025352763,0.012071731,0.04291203,-0.048742574,0.10833281,-0.031004632,-0.09828572,0.017300053,-0.017595818,-0.026793418,0.06169771,0.037831064
P16860,-0.019848455,0.1183393,-0.010309875,0.0016627604,-0.015938258,-0.0051517882,-0.0015418795,0.044148766,-0.018997354,0.010414607,0.06746091,0.026863217,0.0978262,0.023422536,0.0016663111,-0.018779192,-0.011757295,-0.046730794,-0.026825823,0.114499874,-0.024326243,-0.0018179746,0.049268033,-0.05965396,0.11725899,-0.02570285,-0.094509006,0.016174868,-0.0158009,-0.016856302,0.067365,0.033392265
Q63HR2,-0.011726673,0.116577044,-0.006893948,-0.011606568,-0.016529392,-0.009348632,-0.004619247,0.0382941,-0.013431734,0.00050051056,0.070344225,0.041227233,0.101153485,0.022349894,-0.005752933,-0.022120802,-0.0026562368,-0.04733324,-0.036601722,0.11182461,-0.020579169,0.021731962,0.06230209,-0.0628408,0.109363794,-0.030619647,-0.100098394,0.00955707,-0.015632527,-0.021919593,0.06895484,0.012864205
O08838,-0.019234369,0.114768006,-0.016963443,0.007987314,-0.013224284,-0.0132162385,0.0056670005,0.029491832,-0.047367636,0.0062048677,0.06880737,0.021812387,0.105005026,0.010650237,0.0004846373,-0.01725311,0.0021165994,-0.049455643,-0.032915067,0.107080124,-0.015388,0.013333467,0.053729624,-0.05643295,0.10247641,-0.037209723,-0.09349045,0.020850403,-0.016743962,-0.011710917,0.061502606,0.0281369
P38398,-0.025575439,0.1046688,-0.011338205,-0.006795151,-0.012709418,-0.011441918,-0.012571953,0.035085022,-0.026016999,0.0067795115,0.06443795,0.020617101,0.0960926,0.014652382,-0.005234202,-0.025570597,-0.0039310763,-0.05879505,-0.033364225,0.11734851,-0.025349062,0.004798732,0.04572828,-0.04829809,0.115723364,-0.023338005,-0.0969347,0.011665043,-0.01144336,-0.012523327,0.06840274,0.03339197
P23219,-0.005501812,0.11900477,-0.002774356,-0.009798173,-0.0078108003,-0.02026,0.0002035033,0.02725019,-0.03169375,0.010721859,0.063238636,0.038633995,0.10340771,0.017695475,-0.014677546,-0.039632466,-0.0021276046,-0.06669674,-0.046381623,0.11086843,-0.02870517,0.032108378,0.06239476,-0.07381815,0.11462606,-0.03543901,-0.11177259,0.011642009,-0.012360107,-0.025945023,0.06786039,0.009897118
P00549,-0.017113745,0.09963992,-0.028357007,0.01120144,-0.01824667,0.009253237,-0.015012899,0.037470546,-0.03689816,0.019533947,0.06100272,0.014350045,0.10514421,0.009919811,-0.015740268,-0.03706178,0.0019485502,-0.060523413,-0.018602578,0.11051294,-0.023719875,0.009230646,0.06307191,-0.0720883,0.10459143,-0.034754023,-0.09796972,0.014038961,-0.020915423,-0.015245748,0.07856011,0.02731832
P42684,-0.032616228,0.10592048,-0.010885854,-0.004208463,-0.016385581,-0.0053707045,-0.014606339,0.03444458,-0.025002882,0.00936051,0.0657245,0.018207807,0.10183104,0.015736936,-0.010351642,-0.02206027,-0.0024682847,-0.04900765,-0.029023176,0.11430109,-0.020058064,0.0064831474,0.049689315,-0.051834945,0.10651543,-0.029121503,-0.09782547,0.013300718,-0.00552139,-0.01660293,0.06739466,0.02963978
P07250,-0.014925337,0.10988582,-0.020543354,-0.0040530157,-0.014564646,-0.009099978,-0.0071714977,0.030569708,-0.015161861,0.0045945304,0.062943876,0.033401396,0.10545756,0.01647549,-0.006389271,-0.032304313,-0.010938676,-0.05946375,-0.035960816,0.121069044,-0.030525876,0.013026123,0.05802091,-0.06024863,0.11412842,-0.036615763,-0.09868313,0.010897178,-0.010174375,-0.02723274,0.05964913,0.030641247
P01593,-0.012271545,0.10373086,-0.030220192,-0.022515215,-0.024212014,-0.020857466,-0.021579988,0.050613187,-0.013790965,0.003444842,0.054762475,0.038572904,0.09722348,0.044556014,-0.0014852909,-0.030135453,-0.015654678,-0.055429548,9.950204e-05,0.1282072,-0.032606635,-0.015737765,0.04642686,-0.05207219,0.118731275,-0.01181611,-0.10906679,0.00041749142,-0.02424964,-0.009148467,0.052791674,0.06140968
Q01217,-0.011937015,0.11685852,-0.019047245,-0.0017996312,-0.012553098,-0.0016676985,0.00073999877,0.035171293,-0.019300492,0.010332469,0.06968925,0.021837492,0.09869684,0.026977759,0.008807123,-0.021254694,-0.011755763,-0.05504911,-0.032447457,0.118257925,-0.03189352,0.0034329542,0.05301959,-0.06385355,0.11194794,-0.028835187,-0.09103709,0.023449441,-0.02343882,-0.024198439,0.054014273,0.044871062
P21860,-0.029319014,0.105745874,-0.0070033157,-0.006714375,-0.012217262,-0.012211526,-0.014888474,0.03461347,-0.020418638,0.009187409,0.06349692,0.022042772,0.09894068,0.019669445,-0.013450025,-0.024715511,-0.0024205854,-0.053223986,-0.031754225,0.11420058,-0.024926245,0.010124275,0.044956755,-0.046627816,0.10950955,-0.02806126,-0.09916982,0.012474523,-0.0063865553,-0.015208583,0.07004989,0.029058227
P24278,-0.033746645,0.09722112,-0.0034830924,-0.0037925094,-0.009291835,-0.0068827923,-0.0024199737,0.035012126,-0.024610752,0.019650735,0.07200539,0.010697774,0.10295596,0.013484689,-0.005074134,-0.013791475,-0.00046455255,-0.039618284,-0.020100832,0.11118829,-0.00973163,0.0017769327,0.046653528,-0.050158385,0.11652945,-0.024958406,-0.09875633,0.020391148,-0.012020506,-0.021445356,0.063282326,0.02934104
B9PW35,-0.027897393,0.109366894,-0.011281756,-0.0066765337,-0.0019041358,-0.012160929,-0.009835847,0.030438136,-0.019806992,0.01489607,0.0640126,0.021702651,0.09705304,0.018776573,-0.0049560466,-0.024996165,0.0011709769,-0.049690954,-0.031360455,0.110700965,-0.024982776,0.01042555,0.050560415,-0.052628286,0.11425793,-0.029070249,-0.09688776,0.013150588,-0.013572672,-0.027432984,0.068367764,0.028802738
P46937,-0.026900247,0.100759245,-0.007910535,-0.008124676,-0.01647753,-0.015274112,-0.0125652,0.033965763,-0.028299728,0.008188732,0.06627638,0.022202428,0.09344526,0.01587901,-0.007135613,-0.024008982,-0.005407064,-0.061086714,-0.03363466,0.11788653,-0.02631858,0.003778042,0.048387635,-0.04838439,0.11481324,-0.023032537,-0.09980745,0.0069755088,-0.008877323,-0.014949789,0.065126695,0.034983777
P14540,-0.011398311,0.106597625,-0.020336954,0.002551829,-0.019753993,-0.008433805,-0.0037726895,0.027182354,-0.033071086,0.010358863,0.07250422,0.024149511,0.10435296,0.021491643,-0.0019507584,-0.02246933,-0.0037216085,-0.05716596,-0.028215619,0.11371297,-0.025723355,0.013461905,0.05757853,-0.058848787,0.1030872,-0.035942163,-0.092326626,0.01602106,-0.012150274,-0.020312924,0.059274383,0.0312072
P05064,-0.018616574,0.102287374,-0.012044158,-0.012852554,-0.020622706,-0.019133793,-0.016569465,0.03230155,-0.034114722,0.01504628,0.0653707,0.025777845,0.09693226,0.030075544,-0.009596727,-0.033487797,-0.009448496,-0.06361058,-0.027054688,0.12271685,-0.03135989,0.003718812,0.046053123,-0.05649328,0.116883464,-0.023795962,-0.09896222,0.008680081,-0.007344876,-0.011525981,0.06045037,0.040629428
P06681,-0.024646657,0.10828893,-0.015445644,0.0022407093,-0.009838676,0.003009827,-0.008230879,0.040997628,-0.020728307,0.014934545,0.07614056,0.021344904,0.09954287,0.026066426,-0.00065132196,-0.013391201,-0.0051610367,-0.042650256,-0.020335827,0.107182525,-0.025798583,0.009478564,0.047049135,-0.056485634,0.10215509,-0.03129362,-0.09896175,0.01371247,-0.023496278,-0.02252756,0.061787672,0.033508535
O32504,-0.027684102,0.1050151,-0.0076562446,0.0023781632,-0.0066152555,-0.007437732,-0.0029520392,0.020149658,-0.02741591,-0.0057327882,0.06827233,0.021039672,0.11106753,-0.0040598325,0.003909849,-0.023285693,0.007350286,-0.06515404,-0.04732309,0.118450426,-0.027454011,0.01371187,0.03917421,-0.036125273,0.121842645,-0.030797234,-0.07740178,0.028469779,-0.009038292,-0.008518997,0.071991235,0.020252092
Q9JHG7,-0.028475637,0.096528366,-0.02191547,-0.004662379,-0.005157037,-0.012534303,-0.01747829,0.023100855,-0.03280833,0.01914535,0.060244728,0.006691149,0.09992526,0.007961119,-0.01951216,-0.03526323,-0.0021034344,-0.06580225,-0.038080133,0.12452791,-0.029233996,0.008661853,0.033608496,-0.04255744,0.120046295,-0.024350869,-0.1001225,0.010195335,-0.005661821,-0.021112168,0.06440481,0.04095919
O75525,-0.020531105,0.11328644,-0.005003515,-0.018577116,-0.02034092,-0.01755703,-0.00796644,0.043939844,-0.022629267,-0.004762907,0.06947055,0.03679259,0.100973964,0.023629589,0.0053651617,-0.02092777,-0.0022760357,-0.046346832,-0.02652528,0.11425195,-0.015844988,0.004300473,0.060206857,-0.054887574,0.11234009,-0.025634125,-0.095718205,0.008460539,-0.014196537,-0.0036591338,0.073301636,0.024438621
Q9NPI8,-0.029838918,0.101231486,-0.013281458,-0.002449059,-0.007548865,-0.019802157,-0.022967609,0.03110647,-0.020666908,0.008889619,0.06670888,0.025598137,0.085017145,0.016457077,-0.008469664,-0.023688838,-0.0068435385,-0.050895087,-0.028335057,0.11527209,-0.022006603,0.0073650386,0.054572653,-0.05615025,0.10739605,-0.032483615,-0.098259374,-0.002787306,-0.005957662,-0.017898476,0.07498814,0.024861561
P0AAW9,-0.01020147,0.102084816,-0.020422474,-0.006040532,-0.016347824,-0.0076996684,-0.0036362158,0.03162827,-0.021793688,0.031342003,0.07402574,-0.00068459613,0.091964975,0.025958704,-0.0035862257,-0.016524449,-0.01157558,-0.06480084,-0.014556396,0.1235289,-0.034513824,-0.0030441964,0.05091158,-0.05856135,0.10652072,-0.010679742,-0.09739543,0.010513976,-0.018646792,-0.04138591,0.064965874,0.04647983
O00291,-0.023833951,0.106851295,-0.009721413,-0.0066218628,-0.012062781,-0.012705663,-0.011905041,0.028267812,-0.023561312,0.009424087,0.067295894,0.025476195,0.096795164,0.016345926,-0.0092761265,-0.0237886,-0.006455274,-0.059196256,-0.039134692,0.11723291,-0.025298296,0.012536218,0.05193586,-0.0537074,0.113251746,-0.031970907,-0.09756177,0.013660681,-0.0020936197,-0.016685417,0.07239571,0.025827508
O95166,-0.016962152,0.11015527,-0.019673266,0.0021780778,-0.011015307,-0.00915809,-0.017118199,0.033577044,-0.01906615,0.008201553,0.063237816,0.025663758,0.09198318,0.0143893575,-0.013232547,-0.028919691,-0.009919072,-0.06513201,-0.044045784,0.1177343,-0.03338813,0.013888139,0.058988992,-0.05823922,0.109290004,-0.03345866,-0.09870592,0.010055015,0.003961325,-0.020805527,0.07303216,0.024585297
A0A0H3LCC3,-0.025700508,0.10767725,-0.013744931,-0.021212451,-0.010470368,-0.025655173,-0.040264025,0.031241687,-0.00245744,0.008294388,0.06419579,0.03292354,0.0924097,0.045844823,-0.016431386,-0.036972616,-0.02172946,-0.0669358,-0.040848162,0.13204576,-0.04884228,-0.011604848,0.04242155,-0.057280708,0.13722225,-0.029218426,-0.09882959,-0.0045930315,0.010772851,-0.010897289,0.08121113,0.056208298
P12960,-0.028487206,0.09690072,-0.014407738,-0.0022711742,-0.012010659,-0.0030057936,-0.017552305,0.031320147,-0.025439646,0.013909252,0.069641404,0.012498134,0.09686634,0.014619928,-0.010340484,-0.026004685,-0.0056995857,-0.06321573,-0.03308075,0.11855642,-0.029410044,0.0052083815,0.045779057,-0.052726127,0.11728111,-0.02780558,-0.09848578,0.01529538,-0.0029937166,-0.01685692,0.06825111,0.036674824
P11836,-0.021193184,0.09850735,-0.013938669,-0.010332888,-0.016106263,-0.015174652,-0.012671594,0.03192925,-0.027313342,0.011458521,0.06716182,0.022330036,0.09572833,0.017103855,-0.009933745,-0.026990935,-0.0050344504,-0.06288991,-0.029870616,0.12244221,-0.032303862,-0.00034116078,0.037155233,-0.042040516,0.118063785,-0.023052514,-0.098806955,0.010309661,-0.0059689023,-0.010934091,0.06942662,0.037038594
P62256,-0.020714467,0.10194215,-0.010607924,0.0036129756,-0.018244699,-0.013066161,-0.014339613,0.03777054,-0.024898086,0.008536545,0.071110465,0.02658008,0.09744276,0.028421167,-0.014885865,-0.019344047,-0.013280015,-0.04749279,-0.027203701,0.114031404,-0.03163624,0.0033197436,0.043794364,-0.056705832,0.11834209,-0.032367982,-0.0981911,0.01238491,-0.0013231928,-0.020584987,0.058737695,0.033830643
P04075,-0.024743458,0.10343186,-0.017869098,0.0008984566,-0.008601126,-0.0017122463,-0.01111377,0.030984655,-0.024410002,0.010105584,0.063984044,0.013903002,0.10170438,0.009870905,-0.010886001,-0.022706373,0.003031346,-0.05774306,-0.03167863,0.112411015,-0.028076187,0.0052995384,0.04733776,-0.05015549,0.112097055,-0.027937246,-0.09735196,0.019076357,-0.012143299,-0.01947906,0.074787654,0.030828856
P13001,-0.015921127,0.10390927,-0.00924148,-0.0016710497,-0.023961183,-0.012422677,-0.00054114405,0.037991285,-0.0295995,0.009701996,0.06510242,0.040642373,0.10630382,0.020151637,-0.012728101,-0.019633535,-0.001827505,-0.0439862,-0.025220055,0.10743524,-0.025686275,0.002253708,0.061050598,-0.0580113,0.11271323,-0.032916307,-0.104407355,0.019568635,0.001398766,-0.017067796,0.058850046,0.02095882
P34960,-0.030223738,0.1008457,-0.015648035,-0.0066753766,-0.014953177,-0.0041986182,-0.024897281,0.03767898,-0.02012421,0.005823141,0.06239424,0.0150345955,0.09532448,0.017505042,-0.010824897,-0.026291829,-0.0051862565,-0.05872667,-0.032145865,0.119536385,-0.030597376,-0.00066733075,0.05252316,-0.051142555,0.1120211,-0.024683245,-0.09788073,0.010712967,-0.008366462,-0.020326104,0.06997581,0.03892644
A0A4Y1WAR4,-0.019056056,0.103765294,-0.020276833,-0.0047203703,-0.00972382,-0.0076871356,-0.030335953,0.023599597,-0.021140179,0.009032028,0.064648524,0.015641415,0.09809074,0.02307689,-0.018235821,-0.036022488,-0.0052396073,-0.06585118,-0.03664457,0.116350666,-0.04561519,0.0041848943,0.04532922,-0.06418317,0.10755663,-0.03140018,-0.09851589,0.008040384,-0.0019270447,-0.015235368,0.07350408,0.037764005
O96028,-0.01337872,0.11181324,-0.015109521,0.0030923884,-0.015552323,-0.014368254,-0.013399187,0.040028516,-0.019478071,0.003829677,0.06724612,0.022218233,0.09744125,0.024083218,-0.0052218754,-0.025337696,-0.007483445,-0.06165558,-0.031805392,0.120511614,-0.020680947,0.01312387,0.063120164,-0.061483398,0.10727317,-0.026631394,-0.09346639,0.009060096,-0.014714472,-0.016591117,0.06652851,0.030063763
Q9P2J5,-0.02436633,0.10318914,-0.011867022,-0.00580122,-0.01375469,-0.001248908,-0.015520403,0.0355337,-0.021755012,0.0113035515,0.06770239,0.017747186,0.09509274,0.013605708,-0.012027436,-0.025177522,-0.008755418,-0.058819696,-0.03209497,0.1155245,-0.029588467,0.011701929,0.046569847,-0.057808097,0.111328125,-0.024599425,-0.103297375,0.011302068,-0.008565554,-0.022247639,0.06949708,0.027958298
Q9Y4L5,-0.025359716,0.09940109,-0.013164845,0.0010482222,-0.008541556,-0.008332575,-0.016943634,0.031029578,-0.021591814,0.010309091,0.06620025,0.024393134,0.092568934,0.012357961,-0.01892374,-0.022624638,-0.0038346953,-0.057924435,-0.038372107,0.112190284,-0.035371214,0.008918742,0.04788689,-0.055485703,0.12017414,-0.029336656,-0.09827611,0.015333935,0.0013055424,-0.016781751,0.07844918,0.025867809
G8JZS6,-0.025220782,0.0999741,-0.02323724,-0.0022912798,-0.016408933,0.0028899764,-0.021354076,0.02413166,-0.022364447,0.019345118,0.0613736,0.003311336,0.091676615,0.008473919,-0.010407053,-0.023796776,-0.019035216,-0.0663232,-0.031421572,0.1209886,-0.02897356,0.002766615,0.051084448,-0.05934118,0.104091585,-0.022729972,-0.10034649,0.007847714,-0.0028657094,-0.03188437,0.06741163,0.03706917
O35250,-0.01869846,0.09384632,-0.012671683,-0.0233083,-0.008871614,-0.032646235,-0.016905207,0.03983457,-0.027657295,0.016957982,0.06955793,0.021971641,0.09221414,0.03503736,-0.011815052,-0.023562098,-0.0027034741,-0.057454865,-0.016224938,0.11871419,-0.022942701,0.002234552,0.04437645,-0.045935005,0.1205492,-0.015756186,-0.10930813,0.0041425447,-0.009642757,-0.005799696,0.06954488,0.04512145
Q08438,-0.017506594,0.10845381,-0.015413351,-0.007862114,-0.012205068,0.0011411713,-0.011909618,0.03341262,-0.030710304,0.0033685835,0.06316445,0.009896976,0.10854869,0.011335436,-0.012216538,-0.037181128,-0.001807042,-0.06014811,-0.043438386,0.1147177,-0.02973032,0.004529763,0.055418473,-0.07245118,0.11326114,-0.031662874,-0.10421655,0.009815663,-0.025695601,-0.01608893,0.072485164,0.037734084
O22287,-0.022050532,0.09995217,-0.014691988,-0.00135415,-0.014101385,-0.009376234,-0.031122034,0.029660238,-0.023686714,0.0066731004,0.061866686,0.010936309,0.09461717,0.017956002,-0.02087773,-0.034275785,-0.011927694,-0.07199537,-0.044478748,0.122612976,-0.040792372,0.0059178295,0.044857677,-0.059950516,0.11315486,-0.022612149,-0.09851157,0.0022000691,-0.0019219067,-0.010078021,0.073925346,0.038584996
A6NI73,-0.018604966,0.11248414,-0.0066600814,-0.004774539,-0.013794418,-0.008795909,-0.007959375,0.0373774,-0.024728559,-0.0006918025,0.06431844,0.02610555,0.093464926,0.00927726,-0.0034151198,-0.031081617,-0.010828178,-0.0628666,-0.042109314,0.118166,-0.028122978,0.009183592,0.054743238,-0.063996635,0.11474843,-0.030850045,-0.10490088,0.017894674,-0.007128094,-0.014748203,0.068899676,0.024846753
P10276,-0.024663368,0.10793107,-0.010700074,-0.0084054405,-0.017774602,-0.010106243,-0.017247515,0.03460125,-0.022953017,0.003980808,0.06323351,0.024595747,0.09723359,0.020459056,-0.008282719,-0.024691654,-0.009322371,-0.05744416,-0.035079554,0.11619706,-0.027165761,0.0037881515,0.04939159,-0.055543967,0.112744525,-0.02508272,-0.10095373,0.009001878,-0.0074607935,-0.012341182,0.06787344,0.035610672
Q9AIS0,-0.051474757,0.09048152,0.014636658,0.0031573437,-0.0055140625,-0.02311052,-0.046324868,0.02346323,-0.025950016,0.015920423,0.07832788,0.010555837,0.06159375,0.0054797223,-0.014222087,-0.028758034,0.008367999,-0.065598816,-0.05545469,0.11582857,-0.030828116,0.00463752,0.024803488,-0.019521967,0.106398426,-0.02192101,-0.080852285,0.0074980813,0.033782404,-0.0022198092,0.07531904,0.016231272
O75943,-0.025193455,0.097001456,-0.012194202,-0.002251619,-0.01476075,-0.005523734,-0.010811911,0.030555194,-0.027147658,0.016887669,0.06291507,0.009780043,0.0948009,0.017030973,-0.02037114,-0.021710103,-0.0013407044,-0.059527278,-0.02998306,0.11587019,-0.03048404,0.0025599136,0.05166272,-0.053875867,0.104752585,-0.027069725,-0.10177197,0.012197687,-0.020188015,-0.027621882,0.06723879,0.036900107
P01867,-0.023410462,0.09577977,-0.009051904,-0.0050719474,-0.0068989396,-0.0065189595,0.0016442755,0.02240322,-0.032113057,0.011110489,0.070640676,0.017131548,0.11122568,0.015063655,-0.0088422755,-0.011781517,0.0062988345,-0.04666096,-0.022818355,0.10887254,-0.024320815,0.011484525,0.04652427,-0.050506055,0.10613845,-0.034131683,-0.096841946,0.022003464,-0.029417165,-0.02528896,0.06174408,0.025539596
P36006,-0.021287922,0.11237838,-0.012004858,0.007788686,-0.007965442,-0.006409274,-0.014684282,0.024470497,-0.033730287,0.0049772453,0.06873299,0.016260367,0.10615302,0.017663123,-0.01280058,-0.0210347,-0.0043527097,-0.05335342,-0.04367228,0.10378545,-0.027199004,0.018723065,0.03962076,-0.057133637,0.106171936,-0.03655352,-0.09500155,0.019344835,-0.0026777054,-0.011761666,0.0625837,0.027531326
P02293,-0.022656566,0.0876028,-0.019783081,0.012022722,-0.0049684905,-9.162227e-05,-0.0022974417,0.011524095,-0.030478582,0.014812422,0.06606724,0.004855262,0.10946391,-0.005167376,-0.015052156,-0.019001016,0.006306164,-0.0650224,-0.035558343,0.11744026,-0.036191255,0.007414667,0.030485692,-0.038617644,0.113925956,-0.028168753,-0.0853551,0.028408512,-0.015077555,-0.02150471,0.06497282,0.0305263
P0AF36,-0.015253155,0.116163634,-0.009517373,-0.030485354,-0.01686313,-0.0054407394,-0.012425525,0.037607327,-0.0107504185,-0.0062847515,0.065671,0.029212136,0.11028883,0.024658913,-0.005089271,-0.026478719,-0.018083423,-0.05065621,-0.033965137,0.118966006,-0.033775415,0.018581435,0.04691941,-0.06391364,0.11041538,-0.024708455,-0.10415601,0.012159573,-0.006287235,-0.011764203,0.069416344,0.02543844
P11488,-0.031554896,0.09175901,-0.0139590055,-0.002499323,-0.013670202,-0.012270722,-0.022294544,0.03291238,-0.031282175,0.017309593,0.067583986,0.008695038,0.10108108,0.012921508,-0.020615462,-0.033420254,-0.005607419,-0.05699061,-0.029237125,0.11849504,-0.024614712,0.005092164,0.03523591,-0.046260595,0.11535055,-0.026665293,-0.101630166,0.006495288,0.0045364243,-0.011142349,0.062564634,0.0373369
O75970,-0.037079025,0.07025308,-0.0035353769,-0.014635121,-0.021164345,-0.029381225,-0.051956266,0.016930163,-0.042899143,0.018659592,0.053113617,0.011773484,0.099748224,0.02422141,-0.030338531,-0.05579649,-0.016078742,-0.09204954,-0.04466926,0.1254154,-0.051038176,-0.014678864,0.035394438,-0.05870627,0.13630468,-0.014273206,-0.09851527,-0.028341778,0.0059814714,0.019234803,0.07246487,0.06201473
P82612,-0.019973086,0.11107768,-0.013799241,0.0021985471,-0.0155358715,-0.011582143,-0.015265423,0.025661929,-0.031056892,-0.0015345787,0.06602573,0.023326466,0.09795051,0.009648529,-0.0077471114,-0.01814225,-0.0023622222,-0.05965974,-0.040990073,0.11305536,-0.02946773,0.0029035297,0.04442122,-0.052755628,0.11518872,-0.02450276,-0.094903454,0.020281147,0.0019876494,-0.010295823,0.07520981,0.028753089
P03087,-0.030573742,0.10537775,-0.0029102466,-0.0041569495,-0.01208012,-0.008519962,-0.016846498,0.024953676,-0.023017302,0.005970184,0.063107915,0.021642152,0.09832309,0.0056813946,-0.018313877,-0.03277936,0.0004643798,-0.04981682,-0.039403424,0.10814231,-0.025693549,0.02278269,0.044951163,-0.053720094,0.10428755,-0.032667086,-0.09420729,0.015711628,-0.003606296,-0.02378921,0.06791258,0.014174197
O76071,-0.041758634,0.079051964,-0.012181701,-0.007735894,-0.010090177,0.0019335656,-0.029551178,0.03573934,-0.034757115,0.028724436,0.06285004,-0.0077519743,0.08044931,0.0016420272,-0.025738407,-0.038080495,-0.0030312217,-0.07810679,-0.044072583,0.12372923,-0.036684066,-0.0041459845,0.028821122,-0.04684792,0.13510355,-0.003913177,-0.106074974,0.010441946,0.00013278611,-0.0090575665,0.072879866,0.053049557
A0A0H3L5C8,-0.044045635,0.07977629,-0.014303492,-0.034082755,-0.00750444,-0.02015857,-0.05741845,0.016001832,-0.007010037,0.015147365,0.06809844,0.0068891607,0.08730732,0.032246906,-0.023841802,-0.043406922,-0.017674997,-0.09357937,-0.050126746,0.14417103,-0.066971585,-0.020627722,0.026856834,-0.037448574,0.13581607,-0.02496329,-0.09245147,-0.003358691,0.024730302,0.0027525537,0.09027583,0.07339823
O75330,-0.018272134,0.09117202,-0.012479837,-0.029910535,-0.025225585,-0.028867668,-0.02696447,0.03653558,-0.030653967,0.0034384064,0.05603384,0.026340494,0.09694811,0.022237053,-0.016904442,-0.047975365,-0.026199156,-0.07591999,-0.032277685,0.14029515,-0.034468602,0.001292794,0.041482184,-0.051934432,0.13004439,-0.01722804,-0.10731109,-0.011255953,-0.003858478,-0.00768586,0.056665327,0.044271976
P05031,-0.023487126,0.09254009,-0.0076260646,0.005463913,-0.008378008,-0.0034624822,-0.00990391,0.034343608,-0.027849559,0.016893154,0.076011315,0.0029085597,0.09567439,0.012921113,-0.013786198,-0.014735901,-0.0016671838,-0.05485752,-0.025203217,0.107582256,-0.026580334,0.010194006,0.04405276,-0.050848212,0.10364566,-0.02811831,-0.096772686,0.014903285,-0.012606966,-0.020604847,0.07051136,0.02456522
Q05516,-0.023884226,0.114127696,-0.007910179,-0.010659298,-0.014239198,-0.009697172,-0.011253492,0.03848078,-0.018501174,-0.0007196876,0.066467635,0.031530358,0.104439706,0.01905252,-0.0075563337,-0.025738629,-0.0047449954,-0.053444076,-0.0419628,0.115932815,-0.026441704,0.012790429,0.051634986,-0.053602044,0.116735406,-0.030000998,-0.10003619,0.014134652,-0.0008843742,-0.010459763,0.070788406,0.025285289
P10768,-0.020378746,0.11567289,-0.011883912,-0.025358029,-0.002223647,-0.0073388647,-0.020639291,0.02959767,0.001210358,-0.00060379814,0.058562845,0.036529716,0.109645985,0.020407034,-0.015566862,-0.036932368,-0.005279942,-0.056632534,-0.054443907,0.11629474,-0.04571818,0.016118323,0.07000219,-0.06672957,0.11465597,-0.0424892,-0.1008876,0.008126654,0.008817059,-0.020817585,0.088573575,0.016184678
P0AFX7,-0.021957403,0.10006428,-0.014361607,0.0008145723,-0.013550734,-0.008314295,-0.021373073,0.037875496,-0.031477977,0.015089798,0.065118894,0.009487678,0.09619941,0.027750049,-0.015789812,-0.029598963,-0.0031797062,-0.05794301,-0.031040478,0.1140755,-0.026963592,0.0017161358,0.04243158,-0.04841764,0.11482843,-0.026982361,-0.099309936,0.0077639245,-0.010616579,-0.021200329,0.058601677,0.037932493
P13458,-0.018974356,0.10727063,-0.018232418,0.01011347,-0.0103417635,-0.00047555368,0.0010950721,0.022301842,-0.03700997,0.014576483,0.069075696,-0.0006589012,0.11249515,0.011999057,-0.008975456,-0.018420707,-0.004859802,-0.059274282,-0.031837143,0.11218427,-0.028640006,0.008934412,0.034141332,-0.056638863,0.10915337,-0.027458332,-0.09122595,0.022195704,-0.025374606,-0.0202465,0.061698966,0.043468148
Q9NP31,-0.040612616,0.0836917,-0.02636505,-0.01536971,-0.017171081,-0.023226295,-0.03026995,0.03561783,-0.022506116,0.014932463,0.04507208,0.024600172,0.09751007,0.024793694,-0.035124518,-0.042099938,-0.017718231,-0.055458408,-0.018392723,0.12496986,-0.044922374,0.0045950334,0.04180367,-0.043335445,0.11129372,-0.031087583,-0.109015256,-0.014677154,-0.0025631245,-0.025625454,0.052420698,0.052534644
O60565,-0.02320869,0.11014636,-0.011129545,0.003173281,-0.015899919,-0.013086444,-0.017555796,0.031888776,-0.02642726,0.014421456,0.06813674,0.024573807,0.09645028,0.024471058,-0.015621933,-0.026383057,0.0011933495,-0.051160026,-0.030454185,0.10939888,-0.026982892,0.007537212,0.044474885,-0.050707143,0.108883895,-0.031093836,-0.096977025,0.012868087,0.0001485514,-0.021431183,0.06930121,0.027974159
P19835,-0.043739688,0.09666609,-0.009713682,-0.0068028555,-0.009437504,-0.0061617037,-0.029556418,0.02331691,-0.015306574,0.005814624,0.07005208,0.019124905,0.106699124,0.019856412,-0.015777785,-0.02159748,0.0004994061,-0.05279509,-0.038883116,0.107598685,-0.028201181,0.010502128,0.028879087,-0.038311936,0.115139864,-0.027136791,-0.101243876,0.010757305,0.007319686,-0.006194132,0.06326151,0.042600103
P25858,-0.01853514,0.10491146,-0.015886346,-0.002331174,-0.013312066,-0.012680981,-0.01546698,0.036804065,-0.023872497,0.0058669527,0.06958502,0.02178511,0.096373454,0.020358881,-0.006265573,-0.033598755,-0.0015801226,-0.06608146,-0.036386754,0.12119801,-0.029105965,0.010628419,0.048816904,-0.050839167,0.11720575,-0.028184196,-0.094534606,0.011466411,-0.0075918823,-0.010630742,0.069138855,0.034406703
P0C7R1,-0.03681462,0.09028626,-0.017107418,-0.00285502,-0.020962058,0.0011582278,-0.024205042,0.02634089,-0.043149777,0.023640305,0.054818563,-0.005713278,0.10315162,0.0079566445,-0.034239277,-0.027187089,-0.002504422,-0.05811485,-0.020720456,0.12647486,-0.030955529,-0.0006034054,0.034166258,-0.05137564,0.108907655,-0.015651401,-0.09097895,0.015427092,-0.014850293,-0.022232292,0.07258817,0.03756372
P08487,-0.023639569,0.08918401,-0.021853374,-0.021788104,-0.01752068,-0.030193053,-0.043534756,0.028825892,-0.019580944,0.0177186,0.049568642,0.019996619,0.09980523,0.03544604,-0.028678082,-0.058468744,-0.016345812,-0.088264145,-0.03502802,0.14155036,-0.04722048,-0.012817882,0.0411008,-0.055363994,0.13486524,-0.016275777,-0.10605774,-0.015232384,0.0018526079,0.0045442246,0.07513913,0.06738778
O35381,-0.00804072,0.12141703,-0.027248042,0.008103471,-0.011028964,0.00036862073,0.006586897,0.018808857,-0.033725113,0.0069275815,0.06444427,0.011822388,0.104993515,0.0082831895,0.0067275995,-0.016692042,0.002739358,-0.061159857,-0.030373046,0.11276943,-0.020515934,0.014268578,0.063744664,-0.070092335,0.093403324,-0.029633308,-0.094730824,0.03213157,-0.03159377,-0.03221803,0.06283875,0.031992517
A0A2P1GIW3,-0.0122310715,0.11405942,-0.021770798,-0.012103736,-0.027893588,-0.01627227,-0.019225597,0.035259776,-0.02664488,-0.014867241,0.058671102,0.03436213,0.09979643,0.014247009,-0.0053332215,-0.03219211,-0.021091688,-0.06387843,-0.036233783,0.12823649,-0.028244752,0.013744796,0.065736756,-0.069799304,0.1018978,-0.030993752,-0.10663399,0.0068850024,0.0048282985,-0.009989118,0.06403019,0.025838103
P60953,-0.028734865,0.09711676,-0.008702418,-0.005603716,-0.010925903,-0.015040137,-0.012274331,0.032290377,-0.030713584,0.015333102,0.070158266,0.019042922,0.0981204,0.015702307,-0.013435203,-0.024301715,-0.0016737552,-0.05944084,-0.032305334,0.11371371,-0.02605547,0.011742662,0.03848412,-0.042236168,0.11763525,-0.02477385,-0.09923166,0.010601341,-0.0061217607,-0.012285853,0.0692088,0.03340326
P06789,-0.034698945,0.092978135,-0.01111616,0.010229989,-0.013270659,-0.0012403924,-0.028930463,0.03533195,-0.032456014,0.003921898,0.057669967,0.0072748405,0.1046136,-0.0017449531,-0.021553822,-0.028142989,0.0010667401,-0.05815779,-0.029280039,0.112446934,-0.027652252,0.0048476583,0.043133147,-0.04560837,0.10656886,-0.026612898,-0.093884215,0.014029161,0.0053588892,-0.009125693,0.07543536,0.016376317
Q96VN5,-0.020872056,0.09586157,-0.01639236,-0.0052140993,-0.010763241,-0.0020730502,0.0047227894,0.02491287,-0.03132958,0.024926547,0.06632171,0.008306526,0.102491856,0.011004859,-0.004299731,-0.021916073,0.00048943696,-0.06009728,-0.026010076,0.12469776,-0.026633004,0.003865766,0.055248074,-0.054647863,0.109253086,-0.028239207,-0.08852597,0.02026533,-0.030519878,-0.025460456,0.0685869,0.035392158
O97364,-0.030074688,0.09148676,-0.016585452,-0.019711114,-0.00774393,-0.028589396,-0.03328364,0.03271228,-0.019125873,0.0281977,0.05936949,0.013109847,0.07827466,0.042369973,-0.025763648,-0.035370428,-0.011684395,-0.06965814,-0.02601415,0.11934694,-0.04628001,-0.0037355318,0.034838855,-0.039949633,0.10766918,-0.022885524,-0.10582757,-0.0020366244,-0.0013123226,-0.0075190277,0.069500215,0.06404965
O66198,0.01150207,0.1655603,-0.012849752,0.0036491677,-0.017547777,-0.039675206,-0.0041344725,0.06281802,0.0075774677,-0.004941147,0.05583654,0.08908696,0.1010974,0.07605457,0.0009738654,-0.022134963,-0.03172941,-0.012481663,-0.021559423,0.108786635,-0.011706322,0.004661876,0.07436013,-0.096061036,0.14237702,-0.035953023,-0.1110291,-0.009356232,-0.017813843,-0.038047098,0.06251156,0.02395243
Q9P2N6,-0.020375634,0.09697967,-0.0052307267,-0.009796931,-0.017317528,-0.015800267,-0.015487292,0.019707883,-0.028023964,0.009831655,0.068398066,0.016504632,0.09890381,0.018622035,-0.014414337,-0.027102211,-0.0042806547,-0.05987686,-0.034729023,0.12232572,-0.03085965,0.0010416219,0.040859107,-0.0528042,0.110987395,-0.025321446,-0.09811604,0.0063968133,-0.0146332225,-0.02372961,0.057011794,0.034486294
P06983,-0.01530334,0.08808005,-0.00053960644,-0.020068167,-0.025737083,-0.025452754,-0.018831113,0.024740294,-0.029684113,0.01105648,0.064125985,0.014202431,0.0984145,0.023837307,-0.023782676,-0.031977583,-0.009529471,-0.0755947,-0.029550323,0.13132381,-0.038744252,0.0041681062,0.0458616,-0.05335078,0.10571603,-0.015391563,-0.10012823,-0.008119291,-0.017163156,-0.010833438,0.07019984,0.033618342
P11880,-0.02768331,0.08537167,-0.010814559,0.006675223,-0.014918009,-0.0054472215,-0.02272531,0.022699457,-0.022999104,0.018929541,0.06417241,0.0024080756,0.08766432,0.0059268335,-0.020883985,-0.022819955,-0.014434924,-0.06566453,-0.02760052,0.12426089,-0.037290625,0.0059776083,0.03720939,-0.044060133,0.10013682,-0.024766102,-0.09072105,0.010332296,0.0004360564,-0.028233314,0.063878685,0.023773879
O75821,-0.02353754,0.09696569,-0.017165357,-0.002702559,-0.018554807,-0.022805557,-0.022390032,0.029930273,-0.035202924,0.0058287266,0.06081969,0.022377094,0.10516718,0.017872332,-0.009528919,-0.038331952,-0.007298544,-0.07048046,-0.030873306,0.123057336,-0.031096892,0.009029324,0.049291205,-0.05045818,0.11737689,-0.02486178,-0.09217223,-0.0018535099,-0.0020442458,-0.008424152,0.061388236,0.03662412
Q9NUX5,-0.025139628,0.10189621,-0.01694447,0.0012128511,-0.009115118,-0.014075634,-0.014532093,0.024132926,-0.024174286,0.020908715,0.06624937,0.02020981,0.097011805,0.025680242,-0.013487342,-0.024907283,0.0017075918,-0.05348062,-0.026000177,0.110085666,-0.029513549,0.0067092464,0.043213494,-0.047621544,0.10580677,-0.031843804,-0.09670326,0.008870241,-0.013460404,-0.025532039,0.06279199,0.03869916
P16885,-0.023419034,0.10757624,-0.0077298996,-0.003782311,-0.010105578,-0.010722661,-0.011645276,0.038189795,-0.022352573,0.010684277,0.07059081,0.023474503,0.09403171,0.019195197,-0.00769942,-0.022054845,-0.0030779762,-0.053356107,-0.03356857,0.11430864,-0.023830526,0.01226267,0.045604695,-0.048838537,0.11515522,-0.025321078,-0.09626991,0.013440142,-0.009413775,-0.018816542,0.06785018,0.025623666
Q969T4,-0.024915019,0.10243964,-0.008438697,0.0012122993,-0.019417873,-0.0034150928,-0.002725146,0.035061404,-0.026481409,0.012828786,0.070622675,0.014521612,0.09954487,0.01726189,-0.0038866578,-0.014567796,-0.014349819,-0.049665786,-0.024180977,0.11542989,-0.02566464,-0.0010018873,0.046425786,-0.057091575,0.10875287,-0.027842257,-0.096433595,0.01550604,-0.01540749,-0.021672135,0.05873596,0.036987867
O75971,-0.01755701,0.113154694,-0.009674367,-0.008187132,-0.01595695,-0.00935709,-0.011292029,0.031577867,-0.024839845,0.004503484,0.07109835,0.016758552,0.09647466,0.02509271,-0.0032940616,-0.019245828,-0.0045910105,-0.055344548,-0.03242393,0.115149796,-0.024690023,0.00097643735,0.044622645,-0.0620855,0.11581486,-0.018700743,-0.09942451,0.0126718,-0.023876436,-0.01928906,0.06764689,0.041924704
P54066,-0.04431736,0.093104035,0.006515955,0.00643852,-0.007844008,0.00026892373,-0.029074393,0.029645069,-0.02865786,0.01746139,0.06764624,0.004804984,0.07787983,-0.0058036745,-0.02002153,-0.021394948,-0.0025309597,-0.06127149,-0.047680397,0.102878146,-0.034663424,-0.0027995885,0.022087306,-0.042350546,0.12423741,-0.011444629,-0.100505136,0.01470498,0.017119164,-0.009198832,0.08240706,0.023227552
Q9BRJ7,-0.020973051,0.10676912,-0.011679411,-0.010091464,-0.0072041093,-0.010540463,-0.0062167477,0.02672941,-0.023972929,0.004060771,0.062556975,0.017877162,0.09803021,0.01747787,0.0002845774,-0.008120879,0.00022746886,-0.056582794,-0.028850125,0.1120599,-0.024589077,0.013773511,0.053723056,-0.0441221,0.09750254,-0.02400387,-0.08993295,0.015741957,-0.021461548,-0.01514041,0.07575929,0.020093689
P21243,-0.027153546,0.10494055,-0.019153044,-0.008476551,-0.007952679,0.010927049,-0.012833178,0.034628607,-0.02606373,0.008439475,0.05697512,0.0019332259,0.08426836,-0.0079677235,-0.0022346629,-0.023894608,-0.014569345,-0.06666331,-0.048140854,0.1133373,-0.027951026,0.004513968,0.05173921,-0.05780843,0.11660841,-0.01739098,-0.1046281,0.02403225,-0.0037362757,-0.022827711,0.07506966,0.033229418
P62258,-0.027244853,0.10486924,-0.011459471,-0.0034051926,-0.012632998,-0.0059620976,-0.017191526,0.027632857,-0.025651706,0.009466115,0.063694775,0.017983813,0.098155014,0.011748777,-0.014669493,-0.027836315,-0.0046188617,-0.06091303,-0.041599344,0.1170003,-0.03114014,0.005431016,0.05101234,-0.058611345,0.11308497,-0.03019055,-0.09950112,0.011933275,-0.003435203,-0.018663444,0.07265644,0.030450014
P09056,-0.021580262,0.11250148,-0.013275181,-0.007550474,-0.008481518,-0.0046379706,-0.008859634,0.03274218,-0.020132983,0.010445588,0.066455275,0.017577061,0.10005225,0.021007532,-0.007202424,-0.02020041,-0.0028023652,-0.059778146,-0.037643135,0.11475626,-0.030395754,0.009897963,0.047972903,-0.05303662,0.11225799,-0.025404278,-0.09837583,0.018022379,-0.011997592,-0.016370116,0.07536113,0.034271915
P20809,-0.0222189,0.10788005,-0.009366568,-0.0035211733,-0.014527772,-0.00831541,-0.015761955,0.028119363,-0.018766118,-0.0016403154,0.064312704,0.025063682,0.10514402,0.022074603,-0.00746281,-0.022425476,-0.002381189,-0.050411724,-0.027831165,0.110416435,-0.026369143,0.006315576,0.053206097,-0.06028811,0.10538285,-0.03333017,-0.09883015,0.011228903,-0.02043072,-0.024845602,0.06319835,0.02935946
O15212,-0.032668278,0.10073408,-0.0058458173,0.00061022537,-0.005806681,-0.008977786,-0.008171252,0.029765323,-0.029445726,0.018553458,0.07106206,0.00990362,0.09219609,0.008614248,-0.010493432,-0.01867422,-0.0018000222,-0.0528558,-0.03336716,0.105662316,-0.020433629,0.012771046,0.031967245,-0.045760326,0.11366989,-0.02090463,-0.09851055,0.019250832,-0.00675123,-0.012227569,0.06605332,0.033188645
P02942,-0.025496613,0.1016658,-0.014336379,-0.0043432135,-0.0054236795,-0.017064236,-0.011039129,0.030918699,-0.024684886,0.018029107,0.06347312,0.020151842,0.095938064,0.019489434,-0.015741207,-0.023589246,-0.0044937427,-0.059378993,-0.030896831,0.11214096,-0.032585062,0.014057016,0.04037069,-0.043887522,0.1119747,-0.025378732,-0.097012036,0.0064239968,-0.010444212,-0.016868597,0.06941067,0.034294125
P32835,-0.017131317,0.10781707,-0.012630593,-0.0067775804,-0.016679827,-0.0067612734,-0.008852701,0.032535102,-0.019680493,0.012802497,0.07038903,0.021065677,0.09845058,0.02726836,-0.0028553524,-0.019885458,-0.001986449,-0.05449916,-0.023470577,0.11053434,-0.025595067,0.004689681,0.053387377,-0.061375126,0.11005541,-0.020594927,-0.10134042,0.0099419765,-0.022775672,-0.027428512,0.06397825,0.037711278
P18239,-0.013044187,0.11876708,-0.011966583,-0.009374632,-0.008328125,-0.003189301,-0.0020696481,0.0311755,-0.016176771,0.0075134477,0.06667834,0.028756808,0.100584514,0.023792055,-0.0003694598,-0.027033744,-0.0032552567,-0.06318071,-0.0393006,0.11679803,-0.03646326,0.009766866,0.053126574,-0.062336065,0.11029165,-0.03258762,-0.10465459,0.023012588,-0.019482104,-0.021925375,0.06883498,0.032634985
P0AG40,-0.040425256,0.085688695,-0.0198255,-0.012276765,-0.017713582,-0.00096866395,-0.029372044,0.044585668,-0.025439208,0.011527104,0.043117933,0.0068537705,0.099173136,0.0072840396,-0.03245485,-0.030127967,0.0010704333,-0.069574356,-0.039539035,0.12515588,-0.011438442,-0.0058971825,0.06496478,-0.035813186,0.121754475,-0.027612377,-0.11829606,0.018110003,0.013124175,-0.004845755,0.09227648,0.034507744
P16686,-0.01160916,0.12146033,-0.01410506,-0.0060354397,-0.014836006,-0.0004497221,-0.014603337,0.03539183,-0.018502604,-0.004730481,0.057421703,0.02485,0.1145054,0.022399072,-0.011784917,-0.023543267,-0.011781185,-0.048892826,-0.030283695,0.11199705,-0.037403915,0.005150204,0.04349387,-0.067438446,0.10891021,-0.026604721,-0.101731226,0.014854285,-0.017361341,-0.01504309,0.07661963,0.026090274
P0DPB6,-0.01587879,0.098664075,-0.005120499,-0.0248801,-0.036098704,-0.028550774,-0.017172704,0.053528666,-0.037720993,-0.009760769,0.07013914,0.045824297,0.087459445,0.029302564,0.0022200495,-0.018648494,-0.015007526,-0.05704074,-0.023063846,0.11761238,-0.015792433,-0.0058974195,0.06750848,-0.062210925,0.12145644,-0.015079525,-0.10561138,0.007883764,-0.0010497337,0.01908012,0.06641433,0.039020404
Q9NQX3,-0.022833103,0.105350055,-0.008673599,-0.009287052,-0.015446671,-0.016926827,-0.018893888,0.035697035,-0.030605009,0.0017902887,0.065992884,0.02408261,0.10146739,0.018772895,-0.01350003,-0.02588203,-0.0035980374,-0.05729209,-0.034736585,0.11571687,-0.026304258,0.010083503,0.044836417,-0.046868328,0.113219656,-0.027899941,-0.09666973,0.014332364,0.0036317685,-0.004174484,0.072278105,0.025072983
P20042,-0.027291218,0.08476735,-0.0149920955,0.0005951002,-0.01289476,-0.009524546,-0.028255621,0.023767516,-0.03705036,0.014443205,0.06498026,0.0024885354,0.104012966,0.013313738,-0.022701655,-0.035568837,-0.006516284,-0.0744678,-0.033559743,0.11899305,-0.03798511,0.0063222884,0.03664301,-0.055058658,0.117974326,-0.023344072,-0.09768633,0.0049567004,-0.003784459,-0.008416487,0.06606456,0.04241276
C0LGQ5,-0.02579155,0.093551666,-0.008886676,-0.00028186385,-0.013264771,-0.014283444,-0.025351899,0.022707967,-0.021556044,0.012574419,0.06847366,0.010406016,0.09532652,0.021861926,-0.020122206,-0.023306713,-0.001731622,-0.07024911,-0.03599,0.12084937,-0.033059474,0.0035934567,0.047522824,-0.047970623,0.109639645,-0.02806849,-0.097044684,0.0058477004,-0.0036200166,-0.019724265,0.07638141,0.034559716
P06745,-0.013588233,0.108702615,-0.021241397,-0.005575693,-0.011169149,-0.014800272,-0.01334233,0.030343264,-0.019882651,0.0074840295,0.07028292,0.026484398,0.09604956,0.025692096,-0.00038588778,-0.02581134,-0.006163493,-0.06286136,-0.03365204,0.116524,-0.02714568,0.016213184,0.052832697,-0.056190632,0.109865956,-0.027110333,-0.0948713,0.007845086,-0.012116647,-0.0119791,0.06670617,0.037543576
P13929,-0.0042255605,0.10187237,-0.029414799,-0.011443705,-0.018314684,-0.013132596,-0.015990734,0.03250177,-0.021326667,0.010823527,0.068407625,0.021412684,0.10294409,0.0388549,-0.0039924895,-0.030729558,-0.012334814,-0.064062834,-0.016285414,0.1244645,-0.03973334,0.0062425244,0.048076775,-0.058487885,0.10323435,-0.027753998,-0.096504785,0.012999391,-0.01503705,-0.013293284,0.055920266,0.04999303
P03372,-0.028867751,0.1063418,-0.008993974,-0.0047942162,-0.012790472,-0.006907093,-0.017911604,0.038351227,-0.020860111,0.0045033228,0.06454719,0.020142658,0.09478814,0.01358725,-0.008807595,-0.025699133,-0.006366543,-0.057824094,-0.038191292,0.11591671,-0.025731243,0.0057931375,0.051465716,-0.054438725,0.11453689,-0.026056739,-0.10073698,0.011355467,-0.0029882,-0.013137657,0.0721013,0.029633634
P01597,-0.012271545,0.10373086,-0.030220192,-0.022515215,-0.024212014,-0.020857466,-0.021579988,0.050613187,-0.013790965,0.003444842,0.054762475,0.038572904,0.09722348,0.044556014,-0.0014852909,-0.030135453,-0.015654678,-0.055429548,9.950204e-05,0.1282072,-0.032606635,-0.015737765,0.04642686,-0.05207219,0.118731275,-0.01181611,-0.10906679,0.00041749142,-0.02424964,-0.009148467,0.052791674,0.06140968
O75344,-0.021029433,0.11840635,-0.013489477,-0.03244007,-0.014163164,-0.0030074678,-0.015734725,0.047203712,-0.0025696328,-0.011738933,0.06217897,0.031469606,0.11542491,0.027998198,0.004978675,-0.0313499,-0.01214349,-0.0517974,-0.03198144,0.11873078,-0.03318673,0.009041309,0.05484249,-0.05976624,0.11971249,-0.023173857,-0.10145464,0.0059088343,-0.012390166,-0.010300966,0.07242183,0.03390484
Q03790,-0.017789692,0.11137112,-0.014590771,-0.006350299,-0.011418193,-0.0071332855,-0.0045967503,0.03206666,-0.021788407,0.005946339,0.068343274,0.027186422,0.103093274,0.019628633,-0.0067308894,-0.023574285,-0.0037498537,-0.052005164,-0.032863077,0.1093466,-0.029540678,0.01565021,0.051674377,-0.0588763,0.11078986,-0.033065636,-0.09829309,0.017500449,-0.016001042,-0.025689999,0.063038215,0.03031018
O95399,-0.022403704,0.11663325,-0.023189757,-0.011822668,-0.011956183,0.010641426,-0.005806477,0.04643183,-0.016003277,0.00165433,0.05756546,0.018893499,0.10780609,0.021067392,0.004826456,-0.01997265,-0.0039105946,-0.054714747,-0.02909575,0.11672697,-0.028803583,0.0060158274,0.061660152,-0.05722471,0.10911697,-0.024769038,-0.09532808,0.02417201,-0.025145154,-0.017971728,0.071005896,0.037205063
Q9NQX1,-0.016159233,0.110553436,-0.007696868,-0.008068053,-0.027506132,-0.007992376,-0.007811692,0.026328804,-0.026790245,-0.004132427,0.06723229,0.023697585,0.10607469,0.018775327,-0.004968162,-0.017184502,-0.011352534,-0.057612322,-0.032305043,0.11672615,-0.02416231,0.0037551734,0.060052462,-0.0656685,0.10134028,-0.031302,-0.10016715,0.01372796,-0.015869712,-0.019985523,0.06490856,0.030731738
P0AC19,-0.026035812,0.105757475,-0.020863967,-0.015819058,-0.014807498,-0.002829673,-0.014692986,0.044133965,-0.017210672,-0.007911302,0.05452586,0.032370377,0.10925147,0.015934505,-0.012221141,-0.029372284,-0.007562079,-0.050123937,-0.03202129,0.11577949,-0.034285333,0.009438686,0.05565742,-0.055973485,0.114698604,-0.031899117,-0.10600901,0.009095619,-0.01157319,-0.015552218,0.06535105,0.031925365
P17555,-0.037976373,0.09198017,-0.006046089,-0.009172264,-0.0027831243,-0.011178144,-0.023221359,0.025838822,-0.018905206,0.009153813,0.063351125,0.016403085,0.10022219,0.010890135,-0.018042276,-0.023691505,0.0016121218,-0.06335017,-0.038732473,0.112501495,-0.030545576,0.013394367,0.044606924,-0.03875452,0.115249716,-0.030431556,-0.096054085,0.010231842,0.00084550463,-0.011504139,0.08208559,0.024174934
P01575,-0.028126836,0.09740903,-0.01487264,0.0011980556,-0.008542999,-0.0026502474,-0.017927485,0.030569294,-0.027966194,0.0037058566,0.06561527,0.011995216,0.1026723,0.012262173,-0.009885385,-0.020338148,-0.00025041698,-0.05693406,-0.03336128,0.110783294,-0.028542854,0.0032941154,0.045996822,-0.051460266,0.114446,-0.029014444,-0.095917664,0.0133839315,-0.014058896,-0.014275257,0.07097832,0.03281891
P02767,-0.025449317,0.083441995,-0.015667435,-0.002845337,-0.011287874,-0.0046041734,-0.014466467,0.030782249,-0.027072752,0.013178718,0.0683801,7.234886e-05,0.10842631,0.015630461,-0.0073563606,-0.024078887,0.00072042306,-0.064648256,-0.022002097,0.12022422,-0.030765766,-0.0010332388,0.052368194,-0.050136298,0.11006527,-0.025452387,-0.08791864,0.01252679,-0.021378722,-0.01337076,0.06676051,0.041988324
P06307,-0.029068563,0.11886874,-0.01881316,-0.01556426,-0.0150162345,-0.0039137364,-0.007582176,0.04225339,-0.010433454,0.0021615466,0.05587745,0.033405714,0.108215526,0.03305551,-0.00017508864,-0.01633162,0.0010959745,-0.042050082,-0.016832463,0.10685265,-0.023319758,0.005046322,0.058631696,-0.053934265,0.10917413,-0.02344622,-0.105068564,0.0134471785,-0.028377373,-0.02390695,0.06994827,0.041887306
O70201,-0.03126859,0.08932224,-0.004019873,0.011725277,-0.01282038,-0.01837951,-0.024998032,0.019742338,-0.023357319,0.018638933,0.06510752,0.015892653,0.08874512,0.008791504,-0.026343113,-0.025933078,-0.0011205187,-0.07389043,-0.03718743,0.119978875,-0.025870385,0.013155861,0.04637867,-0.045507424,0.10509019,-0.02609901,-0.09468925,0.00095307204,-0.0012724993,-0.01368468,0.07657055,0.022432782
P09429,-0.021158338,0.10520906,-0.011433581,-0.001650847,-0.016170114,-0.008441737,-0.01001904,0.028090216,-0.026331415,0.0065373397,0.06727839,0.021524135,0.099287085,0.014881245,-0.008961097,-0.022535874,-0.005446932,-0.05913483,-0.034391385,0.11632038,-0.027534666,0.009010162,0.051267833,-0.057302907,0.10797547,-0.03016605,-0.09859627,0.014803851,-0.010152649,-0.019744853,0.06527255,0.029405078
Q96B02,-0.017902698,0.11700462,-0.00605643,-0.0018500477,-0.015188148,-0.003267598,-0.00050216785,0.038676705,-0.023090377,0.005696551,0.06761309,0.026662553,0.098467425,0.017488027,-0.0010251608,-0.01994941,-0.010337617,-0.05222113,-0.03821539,0.1118543,-0.020587407,0.010794772,0.057871033,-0.06467435,0.11025481,-0.032419823,-0.099717066,0.016576165,-0.015201466,-0.015954424,0.069292285,0.022539098
P00445,-0.012799557,0.11383103,-0.019067321,-0.008500196,-0.017768163,-0.007476654,-0.0077270586,0.027135858,-0.018838514,0.004466866,0.07052761,0.025901556,0.106519595,0.025544196,-0.0019767468,-0.023951204,-0.007847386,-0.059068203,-0.02911197,0.11759476,-0.028603649,0.016151197,0.053700466,-0.060317405,0.10656807,-0.03219155,-0.09386571,0.014561216,-0.017237702,-0.026259167,0.06562043,0.03321
P0CT31,-0.036300596,0.089155145,-0.0015258611,-0.010048826,-0.015770536,-0.0055968943,-0.015107428,0.025747022,-0.03952407,0.018810289,0.063922845,-0.002307489,0.09803228,0.003006252,-0.022663016,-0.035184097,-0.011003408,-0.06165593,-0.035688806,0.119003855,-0.038329717,-0.002022902,0.02671775,-0.049214188,0.11502223,-0.025893254,-0.09787964,0.017341524,-0.0007493283,-0.012771042,0.06604776,0.03840866
P08254,-0.021693494,0.10901273,-0.0060167476,-0.001170599,-0.013419162,-0.009892879,-0.002126717,0.030549526,-0.025820177,0.012646352,0.06819851,0.022078663,0.10537269,0.026458485,-0.0060713124,-0.015842095,-0.0024548282,-0.042968933,-0.0144890575,0.104347035,-0.02054935,0.014082981,0.051627256,-0.058765315,0.095284335,-0.034796048,-0.097221404,0.017766582,-0.025260767,-0.02679948,0.059557684,0.024976794
P07492,-0.022581702,0.109200984,-0.02613936,-0.0046121515,-0.013368613,0.013868639,-0.015651071,0.049673017,-0.012400703,-0.002308799,0.056105554,0.018233148,0.09827849,0.01625098,0.0036895382,-0.019229135,-0.0021234676,-0.052726474,-0.018749774,0.106894456,-0.02747678,-0.005262578,0.06935548,-0.06855586,0.104865134,-0.022114784,-0.10700892,0.022134442,-0.026117422,-0.018563524,0.07381469,0.039871324
P0AFX0,-0.029461732,0.10078541,0.004665491,0.00086996856,-0.008778581,-0.021627951,-0.020319318,0.0301743,-0.017124545,0.0061697317,0.07293659,0.028140962,0.097945504,0.018219985,-0.014348859,-0.027162764,0.010019934,-0.056275673,-0.036818277,0.11430011,-0.030610556,0.0068182983,0.04962132,-0.040759604,0.11569349,-0.034711856,-0.09387253,0.0049880384,0.007454208,-0.022747323,0.07731092,0.00913398
Q96SB4,-0.018872397,0.11794307,-0.013681369,-0.011806953,-0.015763726,-0.010948571,-0.0032695439,0.04248344,-0.016964637,0.0067269434,0.06629316,0.028814372,0.10111116,0.028923593,0.0035216333,-0.020369746,-0.005069261,-0.05083107,-0.023751894,0.11305334,-0.023222592,0.0041298424,0.058995288,-0.05913454,0.11180395,-0.02273942,-0.101425186,0.012309345,-0.01803973,-0.018922374,0.06710656,0.037186824
P06151,-0.011615102,0.12570016,-0.016172959,-0.0054522045,-0.011516052,-0.013241195,0.0077767023,0.03839591,-0.022193117,0.004177981,0.067234464,0.047037274,0.09846858,0.02437733,0.0070818537,-0.0187291,-0.0074430546,-0.05005441,-0.031215886,0.109450616,-0.024356568,0.020338694,0.061202176,-0.06164212,0.10929106,-0.034884196,-0.10187725,0.016889378,-0.016827237,-0.022336366,0.060293965,0.022970485
P0C0L5,-0.028777119,0.10934552,-0.015958901,-0.009619111,-0.008048501,-0.012200343,-0.015409289,0.045981005,-0.020999363,0.008432245,0.07025958,0.029939149,0.09347637,0.027261492,-0.0011868421,-0.023851125,-0.004696453,-0.0487996,-0.02750721,0.1107444,-0.024574328,0.006653884,0.046723403,-0.05019954,0.12068043,-0.02874126,-0.09861591,0.008971373,-0.00692599,-0.007624702,0.07160286,0.037656352
P0ABU9,-0.030628087,0.09916466,-0.01900793,0.0003033094,-0.014525192,-0.00716324,-0.020464603,0.033601183,-0.029371796,0.012111099,0.057933632,0.011669924,0.09672065,0.0116175255,-0.017711086,-0.025998307,-0.0024769898,-0.05893482,-0.023441644,0.12013744,-0.02664764,0.0030242489,0.03789293,-0.047405075,0.11029785,-0.017724164,-0.102951564,0.012356738,-0.007393238,-0.014977984,0.067188025,0.035770584
P04626,-0.02796439,0.10508177,-0.010978202,-0.010954891,-0.012639564,-0.012448852,-0.011761241,0.02965569,-0.025710281,0.010915488,0.06488476,0.020584766,0.09905282,0.01996288,-0.009178919,-0.02232453,-0.0003244742,-0.056968506,-0.03080228,0.11418593,-0.029273149,0.002712496,0.048152827,-0.049921513,0.11131222,-0.026148304,-0.09949999,0.012334958,-0.010118193,-0.016026791,0.071798414,0.03640329
P00883,-0.0234407,0.11235803,-0.011576262,0.01178398,-0.01772429,-0.0020596285,-0.0043723537,0.0364943,-0.026769247,0.0127646,0.07027115,0.027921945,0.09686576,0.0133753065,-0.0037144595,-0.018701706,0.0015343034,-0.05016335,-0.02253489,0.10958457,-0.014509303,0.007112302,0.055299364,-0.05496334,0.10793903,-0.035634212,-0.09807198,0.025226995,-0.007961886,-0.021822188,0.07329191,0.02011035
P09960,-0.02211277,0.11513209,-0.010267486,-0.010397117,-0.012623834,-0.009677736,0.0015417943,0.034459535,-0.023543147,0.008307958,0.0639498,0.028823117,0.10123489,0.019832686,0.0004516425,-0.015900608,-0.0067463303,-0.047421772,-0.024587346,0.11306963,-0.020458898,0.013328579,0.053320553,-0.055354595,0.10296526,-0.028160347,-0.09966872,0.019325359,-0.018004345,-0.019118022,0.06179339,0.02546881
P61459,-0.02716658,0.10718503,-0.0030764793,0.005472716,-0.01440907,-0.01826552,-0.0073903827,0.045024093,-0.024355736,0.005700206,0.07255499,0.02888076,0.10308771,0.01950119,-0.010892438,-0.022213466,-0.0093897525,-0.056047432,-0.040323876,0.11420975,-0.024687115,0.011424078,0.03819477,-0.039424337,0.1321218,-0.028374577,-0.092660956,0.010332244,0.0054983124,-0.008878233,0.065527566,0.030383721
P00558,-0.010650533,0.12690352,-0.018990977,-0.004469588,-0.012216851,-0.0068102996,-0.0068352176,0.0376449,-0.018557211,-0.0064152586,0.07024421,0.03865031,0.09987001,0.023768453,0.005910106,-0.024781108,-0.0038554184,-0.052742634,-0.042265892,0.11070718,-0.023215408,0.021749094,0.061406665,-0.066528104,0.10927967,-0.035958175,-0.099729,0.021039018,-0.007610961,-0.012400013,0.06806743,0.02494212
P52735,-0.03301276,0.096598394,-0.011365499,-0.006825289,-0.012131087,-0.005318927,-0.01839752,0.03744187,-0.019280145,0.010228441,0.06929628,0.01742869,0.096846074,0.012469466,-0.010329613,-0.026663737,-0.0061143576,-0.05442402,-0.031708363,0.11642579,-0.025738992,0.0123846,0.04245621,-0.044240694,0.11293995,-0.02757825,-0.09395099,0.0119129615,-0.002982565,-0.014044781,0.06744868,0.031030389
O04019,-0.021372955,0.092591375,-0.01812439,-0.001392337,-0.018253699,-0.006430993,-0.019553129,0.03088034,-0.038265068,0.018990457,0.07166716,0.0022351532,0.084488034,0.006120019,-0.014297247,-0.025239512,-0.01541897,-0.07292894,-0.03616503,0.12493736,-0.03257423,-0.0049797166,0.045679875,-0.060495466,0.11525448,-0.019298825,-0.1014316,0.014758136,-0.0026620019,-0.01118983,0.0773944,0.046985254
P04418,0.013970809,0.14751807,-0.011759252,-0.008768683,-0.011918363,-0.006036395,-0.01697835,0.036447085,0.0046421736,-0.02320998,0.058397792,0.045397893,0.082583696,0.020660138,-0.0006326558,-0.0302827,-0.02255828,-0.0786359,-0.07896592,0.11962283,-0.04370024,0.014290497,0.08900836,-0.09951115,0.09983835,-0.034431133,-0.11831117,0.00877844,-0.0016802601,-0.012391586,0.09461023,0.015444797
O88587,-0.027891325,0.09485132,-0.010418857,-0.0008140895,-0.010914015,-0.008494678,-0.016128805,0.032766163,-0.029856442,0.015810616,0.067244716,0.007547074,0.10048809,0.016991723,-0.017456524,-0.027002277,0.00028094358,-0.058127,-0.029300712,0.116387926,-0.031884745,0.0041716937,0.038944364,-0.044223785,0.11043423,-0.02825903,-0.09549236,0.012806423,-0.008741867,-0.016561583,0.06806184,0.03384841
P13569,-0.023922715,0.10647873,-0.012676966,-0.0032716773,-0.01081605,-0.011386782,-0.018433647,0.03458781,-0.019676685,0.0078064785,0.06656974,0.026268842,0.094987504,0.02054827,-0.009621573,-0.027457278,-0.006774876,-0.06059068,-0.035880767,0.11430803,-0.031615466,0.007866282,0.048124798,-0.055251587,0.11689406,-0.028493637,-0.10052219,0.0092619145,-0.0028151888,-0.0128818825,0.07233522,0.032689467
P76015,-0.02702827,0.104248695,-0.012168997,9.471043e-05,-0.021611754,-0.0012877737,-0.01546087,0.03947327,-0.029172273,0.0066447807,0.06647788,0.0134958485,0.10676693,0.013219591,-0.018221214,-0.031264592,-0.0022640252,-0.047091898,-0.026389586,0.11568387,-0.021787673,0.013076272,0.046649754,-0.055103254,0.10755039,-0.03156007,-0.09911091,0.018110912,-0.004223032,-0.025565075,0.062441166,0.023710107
O15198,-0.02331535,0.11099681,-0.0071103494,-0.016320454,-0.022231048,-0.0034402849,-0.00874976,0.03810722,-0.014401983,-0.0019194111,0.06967676,0.021450682,0.11295158,0.026717147,-0.0019787129,-0.017921709,-0.013927363,-0.048839014,-0.02532056,0.1229048,-0.027279695,0.009888943,0.0471645,-0.054963578,0.11020527,-0.024911404,-0.090485275,0.010649056,-0.01840061,-0.019718386,0.063490696,0.031108389
P27635,-0.021489892,0.09634901,-0.022779362,-0.005817932,-0.015407758,-0.012686731,-0.025623553,0.030975772,-0.026093142,0.015224876,0.059510764,0.016538756,0.09474635,0.022058308,-0.019221487,-0.031219132,-0.011248128,-0.062899835,-0.029393017,0.12493214,-0.03707933,0.0038717405,0.051289387,-0.055770926,0.11105568,-0.02545318,-0.09584565,0.005644035,-0.0023819439,-0.021747814,0.06492086,0.03890258
O64903,-0.026025858,0.08913934,-0.009965365,0.00067627855,-0.014304587,-0.01012342,-0.024334313,0.029756026,-0.031323843,0.014594341,0.062754735,0.014225768,0.09022163,0.012129797,-0.015285485,-0.029796347,-0.011269317,-0.07145787,-0.02890398,0.11126738,-0.033999752,0.006342245,0.0560455,-0.06567543,0.10632592,-0.026241396,-0.10210101,0.008685988,-0.0014728011,-0.004897357,0.074008964,0.032102935
Q92569,-0.031043228,0.09574381,-0.021876518,-0.0072767287,-0.0066682184,-0.014443165,-0.026653145,0.04424442,-0.023349162,0.015479552,0.059836768,0.011511599,0.093264565,0.019548241,-0.017909471,-0.03247156,-0.006061423,-0.06635157,-0.027963296,0.12022815,-0.025700733,0.00919553,0.042031813,-0.042621087,0.11986407,-0.016417922,-0.106863774,-0.002273135,-0.005591393,-0.010489928,0.07063951,0.04337859
P76014,-0.03630734,0.09077088,-0.017991599,0.005485569,-0.015741913,0.0006798966,-0.024836311,0.033326097,-0.019852918,0.014504888,0.066560194,0.0065643354,0.10013602,0.010750032,-0.014130222,-0.02141207,-0.0064412626,-0.063742734,-0.025728857,0.11633329,-0.0323522,-0.0015251305,0.038564794,-0.043633305,0.11483596,-0.018755218,-0.09577449,0.010449993,0.0053432947,-0.012538547,0.06986529,0.040470254
Q74JU6,-0.020421552,0.09697729,-0.018516114,-0.00841735,-0.020043153,-0.01718802,-0.023144623,0.032490153,-0.03030628,0.012149294,0.063231155,0.01926831,0.09389191,0.02838023,-0.010609491,-0.034006435,-0.01511833,-0.06951902,-0.03107099,0.12853436,-0.035741206,0.00394659,0.043916035,-0.052456565,0.118118666,-0.02217407,-0.09481197,0.0042359843,-0.0053076968,-0.012188832,0.058373034,0.046950378
P9WQP3,-0.014184822,0.11547756,-0.022531878,-0.007941022,-0.009587895,-0.0012305835,0.0067082867,0.018692134,-0.016647004,0.0044536144,0.06638923,0.022930946,0.11515094,0.020873979,0.011246561,-0.017012164,9.1590104e-05,-0.059183307,-0.025104966,0.11351113,-0.023709249,0.016406616,0.051525403,-0.05854987,0.10337072,-0.027096916,-0.096451946,0.022876702,-0.039558537,-0.027499113,0.054055408,0.04197932
P39310,-0.01155428,0.14921978,-0.008365821,-0.06445122,-0.00883075,0.004036246,-0.009259328,0.054861482,0.017724667,-0.021440074,0.04945338,0.055158786,0.10679719,0.038666364,0.015944228,-0.029780637,-0.020333514,-0.037040927,-0.04036655,0.12206274,-0.03336031,0.0144456355,0.05948588,-0.07651273,0.12002264,-0.015298091,-0.110763624,0.018017093,-0.02781742,-0.0079253875,0.08316915,0.025551153
P0AEU7,-0.023647694,0.11741919,-0.010906133,-0.007977254,-0.010526995,-0.0024962951,-0.008736306,0.037041597,-0.02437281,0.0037130986,0.06916592,0.022714641,0.09341599,0.015651284,-0.00068551925,-0.023014808,-0.0054443274,-0.05115485,-0.042752184,0.10424958,-0.02178442,0.01709027,0.049662154,-0.058678865,0.11182875,-0.029278934,-0.10190198,0.015185548,-0.00854198,-0.016204543,0.07129302,0.026512716
P05030,-0.016080583,0.10492635,-0.014462095,0.003033861,-0.0071418807,-0.016294295,-0.018404955,0.033189997,-0.022147693,0.00046726456,0.06669427,0.024606902,0.09331071,0.014340466,-0.014348787,-0.025848038,-0.007779082,-0.06044931,-0.037085555,0.111833826,-0.0347103,0.015158535,0.049187854,-0.05682894,0.11039195,-0.03240213,-0.09676431,0.008973027,-0.006914903,-0.015102748,0.07528106,0.02449975
P47068,-0.022346115,0.11493138,-0.008286676,0.0054530227,-0.007828721,-0.012560964,-0.020704059,0.045768578,-0.016520455,-0.0067094886,0.06704664,0.033154253,0.09973458,0.012077842,-0.012754901,-0.025741726,-0.0038361344,-0.0441004,-0.033049006,0.10422834,-0.020540673,0.012604215,0.05504935,-0.060646344,0.11925588,-0.036096536,-0.09781898,0.0074901492,0.0007429643,-0.0138251,0.085926,0.007936442
O22822,-0.02012709,0.10290661,-0.02109577,0.007839402,-0.014054105,-0.0027287302,-0.009214092,0.028240867,-0.035348512,0.014876199,0.06651717,0.017158447,0.106912166,0.013757496,-0.020890117,-0.02913363,-0.0015664492,-0.05512852,-0.033828996,0.111423224,-0.03393313,0.011322055,0.052122425,-0.06060399,0.10597365,-0.043449834,-0.09808368,0.019458037,-0.0040454217,-0.026334476,0.0640006,0.02938646
P37887,-0.02420879,0.10665922,-0.007999258,-0.015509781,-0.013846463,-0.00946966,-0.008594686,0.03688082,-0.027402336,0.012683937,0.0652184,0.021767661,0.10301007,0.023145536,-0.007596662,-0.027184386,-0.0057626544,-0.054083843,-0.032384172,0.11081717,-0.029764682,0.0023062879,0.05132667,-0.05861963,0.11568818,-0.025885146,-0.106707655,0.008364868,-0.009727938,-0.016310807,0.06364932,0.03697558
P08312,-0.031110853,0.09314397,-0.018057374,-0.009908143,-0.030161127,0.00061991037,-0.012953426,0.03657853,-0.030905858,0.010876586,0.062480364,-0.004678173,0.1211704,0.020867378,-0.015348173,-0.03193554,-0.018598905,-0.06263575,-0.01965928,0.14022729,-0.038953695,-0.0028742335,0.032710597,-0.0447039,0.11157682,-0.02314852,-0.081606254,0.010771393,-0.015632652,-0.014574283,0.057322074,0.053031147
P21583,-0.025440225,0.09808856,-0.010122175,-0.012191541,-0.019456198,-0.02388824,-0.025678953,0.03499557,-0.027797678,0.010929587,0.062249586,0.034170885,0.095219314,0.036063287,-0.015107076,-0.02838254,-0.0071116933,-0.05226131,-0.017928723,0.114345975,-0.028095445,-0.0012142833,0.038788855,-0.05257105,0.11855883,-0.021069292,-0.10469506,-0.0003004136,-0.0094471155,-0.004359698,0.062354233,0.042423237
O88554,-0.015472096,0.10355935,-0.005331376,-0.01062442,-0.021382222,-0.017357146,-0.003722,0.025116399,-0.03263983,-0.00013010204,0.07533454,0.01927416,0.10485181,0.019504096,-0.0043553784,-0.01759653,-0.0013701469,-0.06075862,-0.034507453,0.11777697,-0.022447495,0.0077012167,0.04943759,-0.05429792,0.11063343,-0.025192756,-0.09542028,0.015787467,-0.018888887,-0.012866246,0.06341161,0.03609294
P19414,-0.032537404,0.09016983,-0.020552617,-0.001534867,-0.014235004,-0.0076496843,-0.028320886,0.033836897,-0.024579672,0.010622477,0.059384856,0.015125536,0.10348474,0.017804665,-0.018648602,-0.02583191,-0.0039858464,-0.057128023,-0.024427235,0.12060881,-0.032417096,-0.0008312756,0.034865644,-0.039576788,0.11684305,-0.021552594,-0.094692275,0.013028906,0.0015576939,-0.005779737,0.066904135,0.04136882
P0C0V0,-0.0267347,0.10803425,-0.0061807144,-0.0030642496,-0.01543328,-0.0033735794,-0.0145279085,0.030886786,-0.02565848,0.011736349,0.07054699,0.0095335655,0.09579702,0.019071402,-0.011793498,-0.022238674,-0.006422209,-0.05427903,-0.03181299,0.10910821,-0.030248718,0.0029236602,0.039156303,-0.059319735,0.106142536,-0.025461879,-0.10211592,0.01560174,-0.008726109,-0.017123437,0.07010232,0.036895208
P32527,-0.036515914,0.092721306,-0.0028104342,-0.0037812414,-0.01729529,-0.0077798404,-0.020312633,0.032458566,-0.035998873,0.010248684,0.06396016,0.0069034654,0.0963356,0.00584903,-0.016604306,-0.029130043,-0.0051045767,-0.06986376,-0.03755613,0.118060976,-0.03249624,-0.0031181537,0.0335101,-0.045214638,0.1231885,-0.016971873,-0.09696353,0.0098123,-0.0054494613,-0.005081843,0.073950745,0.039858203
P40763,-0.027809555,0.0957971,-0.012497008,-0.006991008,-0.015878296,-0.0099237515,-0.016885627,0.032471146,-0.02556295,0.011953349,0.06563879,0.015605316,0.1018801,0.017754136,-0.014314975,-0.02905083,-0.006407614,-0.058856938,-0.029014295,0.11819383,-0.031271763,0.0046652732,0.04738908,-0.05111818,0.11232235,-0.029037645,-0.09823781,0.009173756,-0.005375169,-0.01787216,0.06575391,0.036655907
O96033,-0.032116693,0.0985908,-0.028130636,-0.009479855,-0.012002624,-0.0040220898,2.2839755e-05,0.02100645,-0.02785638,0.02455093,0.051648576,0.005480479,0.094812214,-0.0012116665,-0.011295346,-0.029410742,-0.004981499,-0.06830132,-0.035420407,0.14059366,-0.02264185,0.0020689797,0.04967599,-0.048205256,0.107043825,-0.019415697,-0.10726317,0.015623398,-0.019254971,-0.029608503,0.056582943,0.04786071
A1B198,-0.038051456,0.088163495,-0.03126495,0.010444559,-0.005411799,0.03249515,-0.023328569,0.04070972,-0.022886107,0.036526196,0.058840655,-0.02049627,0.094150126,-0.003647186,-0.017352406,-0.03706619,-0.0088830115,-0.061644424,-0.021229835,0.11939622,-0.039484084,-0.021836845,0.05704888,-0.071771175,0.1036526,-0.03788159,-0.10204218,0.033896662,0.0017378163,-0.020828452,0.08593927,0.04425114
P04156,-0.027630515,0.097576745,-0.014153957,-0.0029939236,-0.0112993475,-0.0090626525,-0.016035471,0.030605273,-0.025997309,0.011353912,0.066347286,0.013803969,0.102932416,0.016942224,-0.012584323,-0.025860969,-0.0012590751,-0.058789,-0.033717554,0.115870826,-0.032201678,0.0024280795,0.042068303,-0.047668166,0.11719467,-0.025896069,-0.09483233,0.009193828,-0.008101615,-0.014134155,0.06842535,0.03898665
P32790,-0.022337263,0.109379984,-0.0077625248,-0.0036328214,-0.012199226,-0.011336272,-0.013301476,0.03296165,-0.027143417,-0.00516659,0.061023243,0.027785225,0.104437046,0.003800921,-0.009208918,-0.030973777,-0.0049864952,-0.05888131,-0.041353133,0.110597394,-0.028283494,0.0149167385,0.056598548,-0.06007982,0.11147892,-0.0324279,-0.09710777,0.012415268,-0.002287162,-0.010300004,0.072818935,0.01555475
P01317,-0.01978499,0.10586627,-0.010191589,-0.002247148,-0.009330621,-0.009817674,-0.0050988174,0.026129276,-0.028518498,0.00792942,0.06815023,0.01861578,0.09764188,0.008531676,-0.0060547935,-0.021918206,-0.0046836925,-0.060836166,-0.035941355,0.11370314,-0.029889783,0.012567298,0.051452957,-0.05712549,0.10863685,-0.030665753,-0.0955043,0.01509739,-0.012166629,-0.021643553,0.07137138,0.022268966
P16435,-0.021999639,0.10979973,-0.008323901,-0.00069465436,-0.0064604697,-0.004015907,-0.009532883,0.02878746,-0.013859688,0.012158737,0.06675853,0.020950558,0.088807695,0.011061211,-0.00498887,-0.023800861,-0.0032134678,-0.0634058,-0.04219886,0.11871087,-0.033282842,0.016999068,0.049490403,-0.04857585,0.10898612,-0.026099492,-0.090718746,0.01653065,-0.011265111,-0.03465547,0.06692503,0.019207824
O13877,-0.020644113,0.10247555,-0.011644063,-0.015808508,-0.02311306,0.0032873305,-0.00019943465,0.028410792,-0.03389601,-0.0037460667,0.0720237,0.0013248734,0.107813165,0.007336391,0.011880236,-0.016082592,-0.010483093,-0.06698933,-0.03884305,0.12910442,-0.027741875,-0.008618931,0.049550544,-0.058453456,0.11706209,-0.018335408,-0.08516672,0.025417358,-0.027692124,-0.0063666883,0.06824476,0.050509393
Q9BYF1,-0.020378042,0.108414486,-0.012623926,-0.0053046136,-0.014028144,-0.010638315,-0.010807569,0.032852076,-0.026908476,0.0044402946,0.063368954,0.023095792,0.09968171,0.018129285,-0.00879338,-0.021536162,-0.001788515,-0.0552885,-0.026964393,0.11309832,-0.029245153,0.007444738,0.048182573,-0.053462297,0.10632908,-0.026092084,-0.09862672,0.014142602,-0.015051161,-0.017103096,0.06958809,0.027558228
P52987,-0.010368538,0.08094472,-0.019473862,0.021062942,-0.016618991,0.0037646778,-0.014825332,0.014379753,-0.042062372,0.012895766,0.07092425,-0.0006930372,0.099070266,0.0073733767,-0.028404528,-0.011254907,-0.004056979,-0.06689069,-0.02649745,0.114629336,-0.054750502,0.0005191965,0.03161726,-0.055851582,0.102894545,-0.029449064,-0.086975574,0.027560629,-0.014012955,-0.027830875,0.06571655,0.029542593
P03971,-0.0347855,0.11173093,-0.01205589,-0.016384566,-0.0050234287,0.004834782,-0.015652964,0.040788483,-0.016359407,0.000104292914,0.062309984,0.01678446,0.094125964,0.007956662,0.0071205995,-0.022981333,-0.007826013,-0.05660704,-0.043734197,0.11650741,-0.029114971,0.006230732,0.05311285,-0.052148934,0.11760801,-0.022910917,-0.09176254,0.018209271,-0.008651494,-0.013196767,0.074756324,0.030998958
P68767,-0.022018438,0.10357154,-0.018722298,0.0056519513,-0.007520949,-0.00081468053,-0.010760316,0.032164864,-0.026094407,0.008982373,0.070737265,0.012717803,0.10043515,0.011979429,-0.006695679,-0.018727751,-0.001821651,-0.060400784,-0.03504199,0.11111335,-0.030598653,0.01737197,0.04206823,-0.049986012,0.11506065,-0.025125468,-0.088240765,0.021649158,-0.010055364,-0.016704153,0.07169999,0.03069985
O15393,-0.0182817,0.11995163,-0.006260564,-0.005435933,-0.019470636,-0.0035905533,0.0009544048,0.04333187,-0.020968245,0.0039552213,0.06833855,0.031279627,0.0974051,0.018393222,0.002182826,-0.020412432,-0.0074935122,-0.046241935,-0.027419299,0.114495695,-0.018919606,0.010106604,0.059347384,-0.061564993,0.102495,-0.03132239,-0.09803624,0.022464056,-0.016719636,-0.021694126,0.061391048,0.020053485
P19544,-0.027196867,0.10731181,-0.010470119,-0.0050256974,-0.011514541,-0.008454553,-0.009614106,0.032035585,-0.026875535,0.008646078,0.06659663,0.019554717,0.09982819,0.014011498,-0.0065615186,-0.022934407,-0.004990476,-0.054363173,-0.03508128,0.11337425,-0.027573531,0.009356274,0.046021316,-0.05087645,0.11183517,-0.028373748,-0.09736351,0.010330378,-0.008368612,-0.019998282,0.0661211,0.028710855
P19971,-0.010825666,0.13169749,-0.014341629,-0.013093347,-0.010212735,0.0016192376,-0.0067712334,0.039402626,-0.021834176,-0.009606455,0.05865619,0.03641183,0.10512926,0.012346787,-0.0035132882,-0.029811526,-0.008658371,-0.052150223,-0.053103466,0.110078804,-0.03089968,0.016822353,0.06561268,-0.07522424,0.10575058,-0.039314423,-0.10805283,0.025182832,-0.006622437,-0.010614738,0.07663418,0.017058007
P01563,-0.032533262,0.10404517,-0.01030124,-0.009108293,-0.009095229,0.0029710715,-0.012663819,0.0386406,-0.027262593,0.009255743,0.06391911,0.0108749345,0.09809432,0.010151537,-0.009944984,-0.026639652,-0.0012747291,-0.05563207,-0.038470842,0.11600821,-0.029241541,0.0005994639,0.051113874,-0.057286087,0.11672125,-0.027502457,-0.10174599,0.019523785,-0.013654036,-0.018818982,0.07096845,0.035050143
O75563,-0.025994904,0.094497606,-0.021467548,-0.020013498,-0.021578487,-0.02846142,-0.01538156,0.040974095,-0.02307094,0.01689317,0.0549786,0.030855086,0.09364134,0.035382386,-0.014843082,-0.03168041,-0.014657153,-0.051519368,-0.007379325,0.12751257,-0.030242434,-0.0046608066,0.048962038,-0.04750873,0.111302525,-0.022513244,-0.10849345,-0.005315463,-0.015904874,-0.021987153,0.04995043,0.053355414
O75112,-0.050407212,0.07713201,-0.00018019602,-0.006699098,-0.025401458,-0.015977206,-0.048861142,0.012567926,-0.03194087,0.013646969,0.054261714,0.01669038,0.082527034,0.006222078,-0.03778034,-0.017142402,-0.013844781,-0.072948776,-0.040125,0.12159213,-0.040305156,-0.018547012,0.02769976,-0.037348792,0.12129555,-0.012767483,-0.10030288,-0.0060200603,0.024243267,0.0034225385,0.091370165,0.035075758
O15054,-0.0052188374,0.12731896,-0.010371106,-0.009472328,-0.020602157,-0.028326923,0.00050745904,0.030632282,-0.010820893,0.008337229,0.067185365,0.047360793,0.08842585,0.03887443,0.00097480416,-0.017005337,-0.016756883,-0.049099382,-0.033609726,0.13015984,-0.021617271,-0.0024153162,0.0629071,-0.06764936,0.120605834,-0.027250895,-0.09923173,0.009662353,-0.017236253,-0.03263563,0.06352238,0.036347475
P15291,-0.02494849,0.10220649,-0.012767898,-0.0066336826,-0.0137602035,-0.008687288,-0.015228649,0.029187502,-0.021911371,0.011768746,0.06681822,0.018658442,0.09637303,0.01623869,-0.009403566,-0.023149919,-0.0069080256,-0.06032316,-0.032655064,0.11648705,-0.02963808,0.0069230334,0.043445203,-0.0516575,0.111082345,-0.021899275,-0.096978806,0.012661922,-0.0071778568,-0.012838143,0.06835105,0.03630811
P0DP23,-0.025123565,0.099657,-0.01445774,-0.0067016324,-0.017683918,-0.009201882,-0.01685281,0.03325991,-0.02690331,0.006809541,0.061660722,0.019346163,0.09919504,0.015380939,-0.008901513,-0.027860263,-0.0061223614,-0.06207544,-0.030708574,0.12052027,-0.029611085,0.0021086459,0.048834093,-0.051265944,0.1119538,-0.023845153,-0.09828275,0.006972008,-0.011075756,-0.014358846,0.06588686,0.03585722
P17931,-0.027857913,0.10137496,-0.0057950774,-0.002322701,-0.012452034,-0.015655162,-0.018708881,0.029818757,-0.024918512,0.009228038,0.070206806,0.022049164,0.09310332,0.018493615,-0.013409274,-0.024638314,-0.0018967924,-0.057295986,-0.03705365,0.1143196,-0.027468981,0.008831877,0.04180846,-0.048374023,0.114993654,-0.027217887,-0.097454906,0.00870737,-0.00089601096,-0.0136667825,0.069431275,0.02878164
Q9UTI7,-0.008640534,0.112624794,-0.020921037,-0.005432591,-0.004844372,-0.0061311093,-0.013625454,0.04102104,-0.020018755,0.014656167,0.0672399,0.019367682,0.09147579,0.03434242,-0.005385225,-0.025413841,-0.0036976691,-0.061982486,-0.033765595,0.11000839,-0.03672495,0.0072033885,0.058409005,-0.068863414,0.10699936,-0.024358109,-0.105738945,0.01629767,-0.021818979,-0.013241991,0.070578866,0.04599369
P23202,-0.03245988,0.089671016,-0.009457821,-0.015399091,-0.008800337,-0.012051017,-0.006267131,0.025614506,-0.035524953,0.022804985,0.061510023,0.0082836775,0.108559854,0.010393943,-0.017882584,-0.032375317,0.004622392,-0.05650133,-0.021407148,0.11942059,-0.026518127,0.011365347,0.045923177,-0.047557235,0.11004913,-0.027503923,-0.09389778,0.0132423295,-0.021964962,-0.022653678,0.06588217,0.030399865
O00399,-0.017066505,0.0879349,-0.0093502095,-0.023364574,-0.01693739,-0.03072552,-0.0348521,0.034552023,-0.026158312,-0.0011838805,0.05924116,0.01876517,0.09012768,0.008465152,-0.02834548,-0.05584444,-0.033848524,-0.081269816,-0.04714682,0.14350504,-0.043927934,0.012347853,0.037102856,-0.05336076,0.12621099,-0.0264061,-0.11188275,-0.018780164,0.01542316,-0.015224253,0.05957488,0.027024109
P06367,-0.034303945,0.09848473,-0.0042779758,-0.004166161,-0.012575616,0.0023808666,-0.013784866,0.038235355,-0.022717835,0.020884283,0.06567826,0.0034762302,0.08754929,0.011856365,-0.014947464,-0.01789135,-0.017940572,-0.052756637,-0.024629952,0.11127755,-0.03154356,-0.0045667873,0.039918035,-0.06128901,0.10608891,-0.022045078,-0.11073098,0.016078325,-0.0037865266,-0.01674558,0.07097223,0.036666192
O54288,0.0033468902,0.14803298,-0.021207076,0.012199825,-0.01676809,-0.012557583,0.020038499,0.03429539,-0.039689384,0.012301326,0.08322356,0.042287294,0.10414586,0.025347976,0.012250025,-0.014574082,0.0056068907,-0.043833736,-0.023701483,0.08745159,-0.004688699,0.036991507,0.06977689,-0.0757184,0.093211,-0.042321764,-0.10247363,0.022692295,-0.01668064,-0.032888297,0.07353884,0.00903382
P0A912,-0.030079268,0.097178295,-0.023411412,-0.0037050992,-0.0109534515,-0.002296701,-0.0065560997,0.014937915,-0.03456863,0.018580843,0.0631415,0.001628255,0.10287133,0.008669204,-0.005564325,-0.012830662,0.0013587424,-0.06283568,-0.019745799,0.12035051,-0.032052383,0.00025103672,0.030923184,-0.0407835,0.10726625,-0.014871191,-0.08879216,0.02258447,-0.02553757,-0.02491388,0.06417023,0.04718708
P62829,-0.019584626,0.10636358,-0.018550433,-0.0047394945,-0.013912585,-0.0066964407,-0.010801021,0.03113913,-0.028215922,0.011655265,0.06348503,0.01715798,0.09768775,0.015961202,-0.009222478,-0.028960602,-0.006804526,-0.06245768,-0.033749644,0.11864808,-0.031616386,0.0058953273,0.0477757,-0.058815587,0.11089916,-0.025449634,-0.09936323,0.01187162,-0.0151928365,-0.017218558,0.06578053,0.038662817
A0A075TRK9,-0.01139492,0.09444135,-0.028222254,-0.013369469,-0.01686507,-0.0055099204,-0.009744088,0.031592738,-0.029401993,0.013441563,0.066048265,0.013472417,0.10713731,0.026248768,-0.007330244,-0.03497593,-0.0012074817,-0.0629797,-0.022408122,0.12842038,-0.041636605,-0.0130639495,0.03338344,-0.04884824,0.12264383,-0.02365258,-0.09771978,0.020392582,-0.023288403,-0.013942927,0.05608056,0.060040116
B2UP57,-0.020989537,0.102445975,-0.015346225,-0.005455329,-0.0012615446,-0.0031060623,-0.02216629,0.025576279,-0.026760634,0.010156092,0.05818428,0.020303031,0.096727245,0.0011401675,-0.013769614,-0.039119937,-0.022199746,-0.07026627,-0.046854496,0.117752984,-0.048157588,0.010394329,0.04392025,-0.06380152,0.11592559,-0.037272066,-0.10669205,0.0164392,0.00722255,-0.015248441,0.07571179,0.023512486
P0AE85,-0.039031815,0.09195809,-0.0028633564,-0.008214338,-0.0069198,-0.0039418684,-0.024742533,0.035443824,-0.035022985,0.006431201,0.07377969,0.0016750582,0.09839372,0.011320433,-0.022387447,-0.02463465,0.001172474,-0.053915042,-0.047300182,0.10705396,-0.024947865,0.013925666,0.029607391,-0.04442405,0.124650575,-0.025841635,-0.10380043,0.013744416,0.0059484392,-0.0061745476,0.07182279,0.031541936
P63085,-0.020725755,0.1102321,-0.008425406,-0.005981462,-0.014841306,-0.013461239,-0.009575042,0.029009627,-0.02462787,0.003810631,0.066719905,0.03019057,0.096140675,0.015641617,-0.0063745184,-0.02105908,-0.001218932,-0.055524986,-0.03546959,0.11060245,-0.023698067,0.013199987,0.052392095,-0.053093053,0.10478601,-0.028691692,-0.09969891,0.011848356,-0.010484365,-0.01609855,0.06896802,0.022884926
P06850,-0.031467155,0.10713559,-0.013207414,-0.0047661094,-0.012000686,-0.00227568,-0.015268484,0.038022935,-0.02030747,0.011569639,0.06751725,0.017904026,0.094369106,0.020244328,-0.0035344097,-0.019199079,-0.00010514402,-0.052081916,-0.02804792,0.11134054,-0.023945667,0.006405718,0.04668274,-0.04749871,0.106937766,-0.022894925,-0.09767153,0.015018199,-0.013930923,-0.018552234,0.06720862,0.037232623
Q9D1M4,-0.01830152,0.1106585,-0.015574598,-0.010122055,-0.013329651,-0.0010932949,-0.016987892,0.032205913,-0.017051406,0.0051789456,0.06263366,0.015987473,0.1068154,0.021114562,-0.007111201,-0.028148543,-0.007932042,-0.06463993,-0.03824204,0.11639931,-0.0344649,0.007429748,0.054102544,-0.064837456,0.111109644,-0.023646073,-0.09930335,0.009567101,-0.012498742,-0.012635298,0.076501355,0.0367755
P01031,-0.0294126,0.09710241,-0.016814627,0.00061616226,-0.01683118,0.0042497427,-0.017095527,0.041897494,-0.02720225,0.010257301,0.06598028,0.010286391,0.10565051,0.022646496,-0.009207643,-0.023315957,-0.005528319,-0.05514801,-0.022047387,0.11437737,-0.030675478,-0.0050224196,0.046700787,-0.054960445,0.11568158,-0.027803415,-0.10015544,0.015550411,-0.014135805,-0.018497191,0.060023364,0.045014698
O35235,-0.028333394,0.10077475,-0.01236539,0.0020722132,-0.011927284,-0.0051584924,-0.013355144,0.028694935,-0.03005143,0.015904645,0.06744468,0.010810607,0.09837059,0.011250926,-0.014556532,-0.023627607,-0.0016697617,-0.056273043,-0.029832598,0.11282314,-0.026033295,0.007787611,0.043076508,-0.05121141,0.10672399,-0.029776324,-0.09847316,0.012987367,-0.008547114,-0.02051698,0.07150859,0.028513446
Q06406,-0.031783458,0.09353123,-0.005644673,-0.0084976,-0.022847503,-0.0070620887,-0.023896791,0.03305522,-0.030563124,0.0058080754,0.06666135,0.0076125083,0.102261394,0.014554076,-0.023630068,-0.027734747,-0.008760319,-0.06502801,-0.039161455,0.12433799,-0.033231106,-0.0031772219,0.04216194,-0.050864443,0.11592486,-0.026033686,-0.1000751,0.0073744818,-0.0044556223,-0.010332791,0.07507369,0.04173155
P0C7P0,-0.015577555,0.08294526,0.008284488,-0.005271744,-0.031363208,-0.01284305,-0.011656689,0.021400137,-0.046848368,0.014958891,0.069937475,-0.0015254039,0.10862086,0.014133379,-0.028878069,-0.02404823,-0.012684719,-0.056875814,-0.021655982,0.1269787,-0.03383297,-0.0039134207,0.033608582,-0.05327052,0.102277905,-0.026387028,-0.0883131,0.0093923295,-0.015902484,-0.023382872,0.05875534,0.01926725
P15822,-0.019718695,0.10307843,-0.006473629,-0.01305639,-0.025792709,-0.012920577,-0.0124736475,0.028973512,-0.023962373,-0.0014609128,0.06708154,0.027801517,0.10097566,0.020046825,-0.010135639,-0.02118186,-0.013356068,-0.052827194,-0.030625118,0.12306706,-0.025453992,0.005571155,0.057467,-0.062270105,0.10771187,-0.031110376,-0.09818442,0.008309792,-0.013736945,-0.024311386,0.060973253,0.027996374
P00390,-0.020111239,0.1081802,-0.0231414,0.00026796883,-0.027204512,-0.012756248,-0.0380613,0.037766274,-0.016166532,-0.00602746,0.05917942,0.02588868,0.101939,0.025378086,-0.015893886,-0.04427303,-0.017443584,-0.06734166,-0.033387687,0.12872435,-0.035008084,0.00012969722,0.05630209,-0.06438315,0.11118856,-0.03431098,-0.102506734,0.0038718332,0.014739845,-0.011370766,0.0667242,0.039804455
O53580,-0.028672189,0.09269442,-0.018402407,0.0034011968,-0.005849353,-0.007860916,-0.009925282,0.018174678,-0.020660233,0.019760424,0.06867793,0.012082186,0.09394607,0.007436513,-0.0072714547,-0.020013835,0.008335931,-0.061321687,-0.03302427,0.110145286,-0.028608069,0.010650304,0.059804033,-0.046016492,0.09716423,-0.032793753,-0.09175677,0.013652678,-0.009199429,-0.030104091,0.06764652,0.030943623
P06243,-0.023373345,0.102803744,-0.015311087,-0.004362603,-0.013983053,-0.0012220807,-0.009306294,0.021350313,-0.02879936,0.009856166,0.063089564,0.00816868,0.09975314,0.009061176,-0.011681532,-0.01946876,-0.0039609475,-0.06424177,-0.036558714,0.116846286,-0.03461479,0.00043552695,0.044161383,-0.054426473,0.10881747,-0.02453092,-0.096530065,0.018657964,-0.01913848,-0.0214987,0.07490806,0.039401837
P28741,-0.02668227,0.099248886,-0.014105298,0.003576748,-0.012435752,-0.01111338,-0.017565547,0.029236743,-0.028924676,0.013993329,0.06810055,0.015297143,0.095799,0.015629532,-0.013901969,-0.026277894,-0.002655442,-0.058413405,-0.031107977,0.11464051,-0.027861916,0.011894005,0.048676774,-0.04991303,0.10678862,-0.03222625,-0.09362131,0.0105032185,-0.004179211,-0.024281735,0.06526496,0.028657697
O43704,-0.02375528,0.10916311,-0.014527445,0.005963012,-0.013009105,-0.009367229,-0.008154844,0.031097725,-0.023307465,0.013323505,0.0660237,0.018281018,0.09760123,0.016434053,-0.012875415,-0.021404644,0.00019558659,-0.055474486,-0.030629061,0.11338059,-0.024376174,0.013927184,0.05049887,-0.050912518,0.10282725,-0.02910594,-0.09614015,0.015871061,-0.011425573,-0.026284402,0.06661048,0.029162629
O88470,-0.017271107,0.10799575,-0.011496354,-0.0017607829,-0.017401405,-0.0049099084,-0.007337556,0.030372342,-0.026003173,0.0015730808,0.06491193,0.022038452,0.1103165,0.014598932,-0.009926455,-0.023196917,-0.0049374085,-0.05317261,-0.03374205,0.11545733,-0.031372998,0.0027946823,0.052994218,-0.06024501,0.111496076,-0.033549387,-0.095991775,0.015446703,-0.012695101,-0.022575015,0.06723949,0.026213763
P03452,-0.00044769607,0.11378844,-0.024497092,0.0051264167,-0.013392122,-0.014375791,0.001779682,0.03365811,-0.01937638,0.012637859,0.0645289,0.03675796,0.09662913,0.029490963,0.0018732031,-0.018078078,-0.0072675096,-0.055483177,-0.007727363,0.11174521,-0.03489992,0.003628132,0.045003355,-0.056912914,0.105668746,-0.023425426,-0.09737711,0.015108522,-0.030498184,-0.024289258,0.060126394,0.03329882
O13289,-0.027612722,0.107114,-0.008401732,0.00167705,-0.013079102,-0.012307474,-0.004904899,0.030981932,-0.035185717,0.009042323,0.07680674,0.014138098,0.09701839,0.015002777,0.000539197,-0.012400398,-0.00017846232,-0.05283103,-0.032028783,0.11007073,-0.019260043,0.011179049,0.044488143,-0.046032302,0.10739817,-0.026927132,-0.087324426,0.018316228,-0.010146184,-0.012312749,0.067604005,0.031692006
P51881,-0.033469167,0.09702334,-0.011954455,-0.0043492885,-0.0073520266,-0.01619559,-0.03072211,0.028706988,-0.021017484,0.00569538,0.06327335,0.021827651,0.0975754,0.020022903,-0.017008035,-0.032436308,-0.0018627035,-0.06209357,-0.040224202,0.11599706,-0.036596127,1.9902005e-05,0.035755012,-0.04286271,0.121063605,-0.02924805,-0.10092831,0.0023220917,0.005153396,-0.0055122157,0.07088984,0.038743697
P0AG86,-0.033630595,0.089358196,-0.014552539,0.010979431,-0.0053420025,-0.009732269,-0.024712434,0.03364748,-0.035997335,0.021694338,0.0701301,-0.0014761665,0.0971327,0.010373809,-0.026275754,-0.033538774,0.0012583432,-0.058138557,-0.0305899,0.11176738,-0.02672234,0.016152676,0.030481506,-0.044614933,0.11256614,-0.027772272,-0.09475101,0.007037225,0.0004791047,-0.014026064,0.066716745,0.031208154
P34896,-0.020688694,0.106731184,-0.0034734062,-0.011372372,-0.012734928,-0.00938385,-0.004663683,0.028817184,-0.017484028,0.009492747,0.07266528,0.025583142,0.09994149,0.02112195,-0.0047638305,-0.013958499,-0.007683027,-0.05473063,-0.034790564,0.107668236,-0.029474873,0.011647796,0.045165166,-0.052548047,0.11212173,-0.02506035,-0.10284269,0.013149443,-0.0052578975,-0.016908463,0.069508165,0.026870381
Q9Y7F0,-0.01946743,0.1030193,-0.009105945,0.0031798196,-0.017728942,-0.012654511,-0.015316894,0.025931373,-0.036641635,0.002304332,0.069739036,0.015158689,0.0983315,0.0096448315,-0.011169212,-0.024713377,-0.003732981,-0.06774489,-0.040084146,0.11500778,-0.028923344,0.011336116,0.044745017,-0.05357557,0.11220179,-0.025359675,-0.09231143,0.014076106,-0.005034782,-0.012738077,0.06949542,0.027517248
P01556,-0.015875723,0.10541149,-0.024510812,-0.017590422,-0.017450288,0.002113081,-0.024671521,0.040177796,-0.0041252547,-0.0015778437,0.064341664,0.016254203,0.10657449,0.024857398,-0.0048871897,-0.038586438,-0.005838858,-0.06540541,-0.031698357,0.1321441,-0.03500633,0.00277249,0.05106659,-0.05501616,0.118273616,-0.021420259,-0.09601426,0.015117532,-0.014597023,-0.023214092,0.063457325,0.045496166
O76927,-0.027853098,0.104136884,-0.014736472,-0.007909973,-0.0018283017,-0.014680589,-0.031086383,0.03443981,-0.014912844,0.0011401831,0.061753787,0.026082302,0.08986269,0.017176714,-0.004924379,-0.037498657,-0.006184679,-0.065764956,-0.04260345,0.11589606,-0.033353496,0.011951527,0.051134415,-0.057109933,0.12110718,-0.02658148,-0.10194337,0.0019782467,0.0028065406,-0.008681408,0.07345267,0.030399485
O95631,-0.023254357,0.111037284,-0.015906256,-0.013676075,-0.022446644,-0.0067695086,-0.009141962,0.048414834,-0.010600862,-0.008231999,0.06315267,0.037480846,0.10728027,0.030827058,0.007726551,-0.015933303,-0.009991648,-0.039450057,-0.0077925827,0.117903054,-0.015619803,0.0038084649,0.060758356,-0.05833322,0.1076784,-0.025013646,-0.10061311,0.008724886,-0.028277349,-0.019089123,0.05397516,0.03288792
P02294,-0.019553414,0.09169557,-0.024900809,0.027621785,-0.0033844998,0.002109196,-0.0016332032,0.0050750743,-0.04043967,0.022920981,0.06343363,-0.0048583155,0.11433545,0.0013012841,-0.020783233,-0.0123956045,0.008193361,-0.060554776,-0.019989165,0.10419738,-0.030597681,0.0096514225,0.031315435,-0.05160107,0.09423697,-0.033122104,-0.092345454,0.028198466,-0.027472897,-0.023733407,0.06567756,0.032443795
B2RHG1,-0.017656224,0.09702012,-0.021651013,0.012220551,-0.010896201,-0.0005463685,-0.029707506,0.026780806,-0.030951468,0.0054808273,0.060263798,0.0038721226,0.10646329,0.016301552,-0.027293192,-0.019459734,0.005187096,-0.05864306,-0.02639296,0.1011084,-0.030591855,0.0008809287,0.048764046,-0.06128798,0.109589994,-0.02497895,-0.10662779,0.008567388,-0.011971701,-0.026743531,0.077742726,0.02833575
O49523,-0.027833048,0.10645916,-0.003599486,-0.010469264,-0.011810057,-0.011739967,-0.011656374,0.032877196,-0.032776583,0.010418132,0.076544575,0.026148027,0.09411136,0.02029674,-0.0047869077,-0.02406382,-8.203974e-05,-0.05478968,-0.04317597,0.108376265,-0.024347382,0.016681373,0.03812349,-0.049970184,0.113909766,-0.026420305,-0.10324419,0.010678224,-0.0016175434,-0.0013050081,0.0657113,0.029954886
P63279,-0.020294541,0.11308145,-0.01028129,-0.0046097003,-0.015547032,-0.011092722,-0.009483692,0.03402862,-0.01939795,0.0057893507,0.06750411,0.02722502,0.09468048,0.019129997,-0.004506521,-0.020935766,-0.0044021206,-0.057066787,-0.03302352,0.112717345,-0.024274165,0.0132885985,0.057823677,-0.05739377,0.105718724,-0.026422082,-0.10078864,0.013282061,-0.008641046,-0.023088107,0.06770492,0.026576232
O75937,-0.0231112,0.103241466,-0.012969732,-0.010183537,-0.0155547615,-0.013897037,-0.023073625,0.03896597,-0.020458812,-0.0051241466,0.06507329,0.022185167,0.101345636,0.020035984,-0.004160191,-0.030736074,-0.009372747,-0.05852797,-0.02990303,0.12000217,-0.027477559,0.0008818022,0.052111022,-0.058623128,0.11656312,-0.026287284,-0.103885606,0.0024947512,-0.006040623,-0.010280056,0.066946864,0.034930646
P06168,-0.025542019,0.102036275,-0.010031475,-0.0051577906,-0.019143952,-0.0124279335,-0.012851205,0.03267202,-0.033020206,0.007394889,0.064342685,0.02778018,0.10567076,0.021115268,-0.015247881,-0.011497098,0.00275837,-0.04319243,-0.019195504,0.106811225,-0.024278326,0.0031890173,0.0443237,-0.046235185,0.10946553,-0.022313701,-0.09816703,0.009917113,-0.012973565,-0.016537879,0.06956438,0.024824798
Q24803,-0.010931845,0.11004505,-0.015031213,0.0016479164,-0.0029039416,-0.009430224,-0.010956621,0.023353558,-0.010254005,0.013299724,0.078641936,0.0150384335,0.09646481,0.024427615,-0.00030240006,-0.022825692,0.0038578983,-0.060225107,-0.030577471,0.10715382,-0.03172087,0.029186685,0.048158117,-0.05143577,0.10007081,-0.0245404,-0.08769874,0.012967175,-0.01748859,-0.038659655,0.05813042,0.02665906
P04819,-0.01838363,0.1104137,-0.011332295,-0.008603537,-0.019205907,-0.013133177,-0.00036056712,0.019284388,-0.040697027,-0.0027868778,0.06834933,0.023633773,0.10578913,0.0072438642,0.00052030425,-0.020593725,0.0015988081,-0.0625464,-0.045005325,0.11840411,-0.024427699,0.011903911,0.043090593,-0.04664772,0.10952905,-0.027077751,-0.08797077,0.020446397,-0.015976353,-0.006210571,0.06542047,0.030976653
Q9BSI4,-0.030720185,0.09895309,-0.011479522,0.0065399962,-0.009323728,-0.01883844,-0.018026931,0.0255408,-0.02774555,0.016813291,0.0638477,0.022448316,0.095909946,0.021632137,-0.017726352,-0.021382121,0.006675523,-0.049125582,-0.02091399,0.107013896,-0.026444254,-0.00015022712,0.040109806,-0.043470386,0.10535728,-0.031736728,-0.097176366,0.009272741,-0.010755389,-0.016587455,0.07013072,0.032930385
A2AR95,-0.016857143,0.08463925,-0.0149652455,0.00047267304,-0.013673754,-0.0271778,-0.022718433,0.03826324,-0.030948425,0.021935139,0.07310611,0.014934579,0.09583411,0.040588066,-0.025017386,-0.028754985,0.0035828326,-0.053373866,-0.0052228817,0.114476845,-0.037696764,-0.006000302,0.028352935,-0.039212335,0.11434527,-0.027236477,-0.09550335,0.0061908755,-0.0127233295,-0.010757547,0.06724074,0.04554738
P02649,-0.023042971,0.10389134,-0.013618263,-0.0002648445,-0.011936342,-0.009585156,-0.013839454,0.029224902,-0.025446303,0.011998871,0.06549109,0.018578615,0.09731947,0.017452583,-0.012899075,-0.023645865,-0.0026726571,-0.056553494,-0.030656854,0.11361763,-0.02893673,0.007627863,0.045369785,-0.052412145,0.10878705,-0.028386824,-0.097241305,0.012802443,-0.010552921,-0.02013187,0.06849176,0.03106265
P32121,-0.020689782,0.105451874,-0.011910246,-0.005798289,-0.01564324,-0.007685194,-0.011446203,0.031066319,-0.029143875,0.008505437,0.06647248,0.017616076,0.09909716,0.017414285,-0.008054142,-0.026955025,-0.0060624154,-0.058159843,-0.034206036,0.11596015,-0.02701603,0.007353048,0.04609481,-0.05550568,0.11063375,-0.027321825,-0.099202156,0.012282139,-0.013049018,-0.01882446,0.061265994,0.033252835
O43865,-0.021668473,0.09830575,-0.005289058,-0.0077600377,-0.011003839,-0.0055759787,-0.007104409,0.027977109,-0.022260953,0.015358058,0.07319909,0.013691872,0.09448593,0.01303865,-0.007933881,-0.015959997,0.000960371,-0.063091315,-0.03368342,0.11491348,-0.02959707,0.007814969,0.04649186,-0.048312128,0.10897362,-0.020013746,-0.10241083,0.014043963,-0.013260817,-0.024730582,0.07025497,0.02719582
P0AEJ6,-0.029387867,0.09174212,-0.016932214,-0.0012030602,-0.012247569,-0.018648895,-0.024591425,0.017497271,-0.03315907,0.014696737,0.066082336,0.008486258,0.1011748,0.016053319,-0.022740386,-0.032028064,-0.013324019,-0.06068018,-0.028588613,0.124965884,-0.032504097,0.01399785,0.035807677,-0.050606575,0.10453021,-0.03486448,-0.09363652,0.0054681352,0.0021387686,-0.021818602,0.054280072,0.03454241
L7NCQ3,-0.019993115,0.100038156,-0.013817551,-0.0060009137,-0.0060377102,-0.018970301,-0.0022863843,0.024857963,-0.029889494,0.016371906,0.07200355,0.021138154,0.10052468,0.023039326,-0.009015586,-0.016531091,0.010588457,-0.045958094,-0.02421549,0.10513037,-0.01417058,0.022329373,0.05922683,-0.049276493,0.097382516,-0.036036678,-0.100362845,0.007295507,-0.02270152,-0.031199345,0.061275244,0.02178841
P11859,-0.031617194,0.097337954,-0.014386493,0.0043090796,-0.009703122,-0.007068399,-0.017284766,0.031027617,-0.029158713,0.013398775,0.06563211,0.010964231,0.09673313,0.009258186,-0.012391074,-0.026257535,-0.002282629,-0.06136039,-0.03304827,0.116400585,-0.029544452,0.009924299,0.044749852,-0.04715528,0.10866352,-0.027834998,-0.0928071,0.009366749,-0.0045052776,-0.0157963,0.06888788,0.028753916
Q9SSE7,-0.020200338,0.1020454,-0.011671552,0.0049119056,-0.016718587,0.00036798493,-0.015219997,0.024244502,-0.037446376,0.01968354,0.06679399,-0.005946649,0.10025306,0.008519648,-0.014889574,-0.030964565,-0.014869523,-0.08034389,-0.043627124,0.1257191,-0.04133729,0.0002686605,0.042644113,-0.06586171,0.11426644,-0.019824624,-0.0911292,0.014975371,-0.009880851,-0.014930856,0.07571149,0.043334056
P0A870,-0.009923681,0.12234875,-0.022885334,-0.0022616107,-0.014717694,-0.015381806,-0.015009686,0.043736868,-0.018031232,0.00018266728,0.058152508,0.040576577,0.09163085,0.023163494,-0.0028980821,-0.02863587,-0.018391155,-0.05143546,-0.032514337,0.11298914,-0.015738145,0.02152467,0.068811476,-0.06662136,0.107163,-0.034093317,-0.10724556,0.003475119,-0.00014952058,-0.022526082,0.06513278,0.015219156
O35305,-0.019339764,0.11269993,-0.010922784,0.003087468,-0.014937186,-0.0026856803,-0.0019846563,0.029322699,-0.029023401,0.007866909,0.067094274,0.016699305,0.101444714,0.0106933005,-0.007845966,-0.017602863,-0.009872321,-0.05116904,-0.03350461,0.11210164,-0.02668964,0.0070178863,0.045131385,-0.06234112,0.106983684,-0.029665709,-0.09995682,0.016410457,-0.016522776,-0.023018023,0.06711087,0.027536733
A0AVT1,-0.041495055,0.08866247,-0.0043825605,-0.004340574,-0.017529294,-0.005239439,-0.026369322,0.028892267,-0.030011285,0.018425925,0.06387401,0.0027690125,0.0866347,0.0057622464,-0.0212287,-0.036029313,-0.01254712,-0.070100054,-0.038748186,0.11859882,-0.03275957,0.0071816356,0.030898184,-0.048618965,0.11372073,-0.017956704,-0.102808796,0.00562095,0.00045237652,-0.01485806,0.060789086,0.043319304
O15056,-0.028050963,0.11102844,-0.021537308,-0.0024176082,-0.012896851,-0.011713794,-0.022115013,0.031685952,-0.025888331,0.0049758516,0.057592504,0.020878,0.09880336,0.01699186,-0.011489632,-0.037957825,-0.010410458,-0.059806354,-0.03515537,0.122017786,-0.028288085,0.01570069,0.048477232,-0.05563944,0.107913695,-0.03467072,-0.09765806,0.003806005,-0.0048484528,-0.020584898,0.06574259,0.03201066
P31230,-0.028479114,0.10678607,-0.017249092,-0.0035331934,-0.007778283,0.013478965,-0.024870124,0.048974607,-0.01089453,0.004039221,0.06751734,0.0071745464,0.10418723,0.017010616,-0.0017555803,-0.027881032,-0.003009626,-0.057818305,-0.03169641,0.11022367,-0.031512205,0.0023385354,0.061536573,-0.06288825,0.11140104,-0.029545922,-0.097471796,0.02078383,-0.0013263875,-0.012756948,0.0817095,0.03212081
P47135,-0.016318412,0.105794564,-0.013271465,-0.0067442623,-0.018400384,-0.012617737,-0.023067791,0.034081005,-0.023992708,0.0032200392,0.060697433,0.02057038,0.10011154,0.023081629,-0.010455556,-0.035682794,-0.01510509,-0.074622616,-0.04749969,0.12958571,-0.03206982,0.010209004,0.046562817,-0.0546735,0.1228512,-0.021331698,-0.09275579,0.0059201443,-0.0043392,-0.0039299717,0.06884228,0.03838452
P17888,-0.01648588,0.108539894,-0.018269919,0.007647343,-0.010106652,0.0046172687,0.0015151821,0.02379491,-0.032278914,0.0053657857,0.072694644,9.320304e-05,0.10973964,0.0051378175,0.004883071,-0.020390743,-0.00912814,-0.06751447,-0.043845013,0.1189213,-0.032659598,0.007266924,0.039390314,-0.057728432,0.11445276,-0.0283169,-0.08327609,0.026018098,-0.020414697,-0.012514795,0.06671146,0.041934274
P21399,-0.026073795,0.09702925,-0.008163321,0.0031124656,-0.018272951,-0.007423421,-0.022701934,0.032256953,-0.030046703,0.00657023,0.060367316,0.0171465,0.10078251,0.008979353,-0.024168389,-0.028690204,-0.0007100813,-0.062272996,-0.037146028,0.11794003,-0.030822841,0.0029004256,0.050651602,-0.053078216,0.11176955,-0.027773986,-0.10011279,0.0103653055,0.002515878,-0.014254026,0.07476979,0.020461366
P01027,-0.01888074,0.107648484,-0.013861365,-0.00033239747,-0.012167878,-0.013795277,-0.009717943,0.037880965,-0.030740434,0.005972374,0.06568696,0.032772347,0.09646228,0.02079442,-0.008694906,-0.025601689,0.0009730966,-0.053815514,-0.031837314,0.11186972,-0.027652964,0.008387167,0.0469975,-0.05172091,0.11672477,-0.030272512,-0.09707785,0.018558664,-0.011029335,-0.010094404,0.06442856,0.029766515
P16045,-0.033858273,0.09581056,-0.015629878,-0.0014301986,-0.006858178,0.002554843,-0.018779205,0.03358041,-0.02735282,0.012192566,0.06697756,0.006053012,0.102138825,0.016039101,-0.0128850965,-0.0197529,0.00076691015,-0.056885462,-0.026777571,0.11020585,-0.025674567,0.0034887567,0.041136894,-0.052997082,0.11685934,-0.024379,-0.10308045,0.01815252,-0.015270795,-0.016230764,0.06767786,0.04151683
P32243,-0.023413092,0.104005605,-0.012278512,-0.00041330655,-0.017085643,-0.0104102185,-0.02169973,0.031483393,-0.019803891,-0.00043772272,0.0639617,0.01806793,0.1000608,0.019130742,-0.008128769,-0.02516142,-0.011312505,-0.06343191,-0.037416916,0.11514588,-0.03181346,-0.001352707,0.054502405,-0.061083037,0.11446398,-0.027857563,-0.09563756,0.005036052,-0.008211986,-0.0110853715,0.07428656,0.041003834
P16662,-0.018330265,0.100616045,-0.01195399,-0.014107515,-0.016646003,-0.0027955377,-0.006313338,0.020615432,-0.019341405,0.018101316,0.06915645,0.008026621,0.09915138,0.02013934,-0.004377678,-0.024761472,-0.0028622304,-0.06752712,-0.032190617,0.12636688,-0.03408777,0.0045828517,0.04829419,-0.054109883,0.10357798,-0.020729342,-0.09426703,0.013333089,-0.027213389,-0.031152142,0.06267207,0.04226944
P18196,-0.02576021,0.10961177,-0.0065076924,-0.0050709248,-0.006899394,-0.015397204,-0.017452452,0.02298963,-0.027167361,0.0040661953,0.07450256,0.018964471,0.10215153,0.014697191,-0.012489228,-0.025501627,-0.00051200093,-0.053619124,-0.042629488,0.10657461,-0.026288088,0.02473538,0.03923201,-0.052743297,0.10520111,-0.03358621,-0.09779288,0.009989594,0.0056628427,-0.010940245,0.07156169,0.019252423
P00894,-0.002935665,0.12678711,-0.024779806,-0.001907872,-0.009042099,-0.009410723,-0.013446793,0.025502225,-0.019977087,0.005010094,0.06627653,0.030006846,0.097295724,0.023110202,-0.0035935838,-0.03288879,-0.012012859,-0.063861586,-0.044842046,0.10724267,-0.04022907,0.022832192,0.058729682,-0.078617275,0.10512284,-0.03081429,-0.103668265,0.014661181,0.0016885077,-0.024319068,0.06430001,0.029442092
P62328,-0.023921732,0.107017264,-0.013915914,-0.008286857,-0.010481211,-0.0023606757,-0.004769878,0.029781492,-0.030448847,0.012531763,0.06585065,0.0147330435,0.10452238,0.011597518,-0.006027662,-0.028633125,-0.0036759742,-0.060023967,-0.036656704,0.11660926,-0.0296881,0.010949016,0.050611936,-0.05930059,0.11518582,-0.0288066,-0.09797645,0.019793699,-0.013091875,-0.023485634,0.06393884,0.032982316
Q04637,-0.025629032,0.100292675,-0.011388988,-0.00051053625,-0.012475228,-0.011154949,-0.015555751,0.025428751,-0.03214367,0.014422011,0.06804764,0.013868391,0.097014174,0.011815653,-0.016758908,-0.029156756,-0.0029034156,-0.061774153,-0.038323097,0.11613858,-0.029717235,0.011405341,0.041712552,-0.052082606,0.111691445,-0.028262744,-0.09568305,0.010506943,-0.005092389,-0.018648999,0.06655467,0.0314199
P02745,-0.025364144,0.0985541,-0.01892673,-0.0041529634,-0.011081448,-0.0063138306,-0.006445855,0.040241156,-0.025293192,0.01112966,0.0687809,0.024735559,0.104551636,0.027939614,-0.0076449728,-0.01830287,0.008598531,-0.04557929,-0.015039826,0.11088342,-0.028292825,0.004676921,0.042471748,-0.040451817,0.11198449,-0.027623696,-0.09687657,0.019959688,-0.03184929,-0.023755593,0.055322796,0.043602653
P0AGC3,-0.018733013,0.115430154,-0.01858046,0.0036574765,-0.0073701763,-0.0010068577,-0.0082302075,0.023386078,-0.03291147,0.008627723,0.074975066,0.00954694,0.09521878,0.023186268,-0.0023998786,-0.015459096,0.004526833,-0.065755226,-0.04424325,0.107522085,-0.037429452,0.012290753,0.04227267,-0.058022223,0.1080153,-0.0280999,-0.09608167,0.030411428,-0.011396009,-0.015526412,0.07381845,0.043844193
P00924,-0.023470307,0.10940652,-0.012639122,-0.0068493136,-0.012456612,-0.00438975,-0.018232245,0.03735793,-0.019925771,0.0009260167,0.06654762,0.031383045,0.0903074,0.01164228,0.000119451965,-0.030640615,-0.0046361587,-0.06332652,-0.042864375,0.11847931,-0.026353154,0.009792662,0.06484754,-0.060245935,0.11575007,-0.033445813,-0.093937285,0.014244238,-0.004117087,-0.010864249,0.07840656,0.02322709
M1V4Y8,-0.03650158,0.09470716,-0.011247271,-0.010196631,-0.0027343463,-0.0087252315,-0.012164582,0.02002132,-0.024023226,0.015346912,0.07785682,0.018028842,0.11084778,0.0172374,-0.0040014125,-0.018801808,-0.0009100446,-0.051586952,-0.03815316,0.107811876,-0.03335369,0.015068368,0.033970457,-0.037677553,0.11883507,-0.033462986,-0.08457861,0.019809065,0.003867742,-0.010296158,0.061781283,0.03896622
Q8TAD8,-0.022987148,0.10858808,-0.016086757,-0.005706945,-0.01618495,-0.0055270125,-0.00565006,0.029337538,-0.019735098,0.010582714,0.0646239,0.017026039,0.094861805,0.0133810155,0.0027199609,-0.022223124,-0.013186749,-0.0647914,-0.03145459,0.124472104,-0.025895655,0.011692709,0.052207455,-0.054302637,0.1023177,-0.023155162,-0.09520676,0.013331142,-0.015855653,-0.022014296,0.061862033,0.03623344
P0ACN4,-0.027911022,0.106672406,-0.005785444,-0.013477403,-0.01821214,-0.014218236,-0.016891604,0.046188526,-0.02610544,0.0013687939,0.060605,0.024507675,0.110025786,0.020127991,-0.02674177,-0.03742401,-0.008849209,-0.048037242,-0.029157236,0.11440555,-0.024551017,0.016651,0.045556,-0.055478174,0.114371374,-0.035789646,-0.10971065,0.012442996,0.0022541643,-0.011529829,0.07007208,0.024893496
P0DPD7,-0.036333248,0.08053684,-0.026590258,0.026697233,0.00540334,-0.025888165,-0.021784076,0.009724395,-0.040867835,0.018225163,0.06630355,0.016856302,0.09975575,0.021315087,-0.03616634,-0.013703225,0.035892606,-0.060274743,-0.03290456,0.09382804,-0.03766305,0.0023488612,0.037049033,-0.026418738,0.11214234,-0.04357983,-0.08789377,0.006437771,-0.018987672,-0.009824365,0.084755115,0.047236584
A0A024B7W1,-0.016539855,0.119129255,-0.0064804456,-0.0071056536,-0.014686613,-0.020900398,-0.0035552336,0.02537603,-0.041141577,0.008174513,0.071526885,0.031894825,0.1034399,0.019276056,-0.01127101,-0.034390874,0.006948268,-0.051472403,-0.04073206,0.10349691,-0.020567354,0.022648651,0.052269585,-0.05980438,0.108575895,-0.038173594,-0.10714433,0.004824804,-0.010758037,-0.03287824,0.056935944,0.01870931
P16219,-0.011534667,0.099796824,-0.008450269,0.009101219,-0.02066719,-0.0017980796,-0.0153863225,0.019308869,-0.03041628,0.013444167,0.076844566,0.018163005,0.095637456,0.016602868,-0.0139478175,-0.019000474,-0.008568456,-0.057799194,-0.03128028,0.109826036,-0.031025082,0.008461246,0.044568617,-0.06460731,0.093708456,-0.035156433,-0.096276894,0.014446301,-0.014622254,-0.020213492,0.06485821,0.023632916
P07359,-0.032332774,0.08527039,-0.010461954,0.0021626626,-0.008678439,-0.01881103,-0.026791243,0.03431081,-0.02565119,0.018560197,0.07174626,0.010791167,0.09272657,0.023774326,-0.018709628,-0.024593648,0.004297925,-0.055409737,-0.022426017,0.11431653,-0.031733647,-0.0065199337,0.02677986,-0.031616602,0.12497326,-0.020756526,-0.09274851,0.0070993816,0.0005759043,-0.011674743,0.06892024,0.04105328
Q14247,-0.021774728,0.094441205,-0.013975776,-0.009318002,-0.010177448,-0.021474255,-0.022620527,0.026137995,-0.024642693,0.015873035,0.063378386,0.023756586,0.09330632,0.025721487,-0.015818797,-0.028203487,-0.01025327,-0.07260484,-0.033222016,0.118779846,-0.038061783,0.0077664754,0.050190505,-0.054673925,0.11460348,-0.02546185,-0.10122988,0.0033680524,-0.00034867477,-0.0066407095,0.07290406,0.03906472
P34760,-0.026828226,0.10096559,-0.012925963,0.0052338317,-0.011503233,-0.0009196711,-0.011432631,0.029953865,-0.027522277,0.020357694,0.067154825,0.0049620187,0.09590589,0.008296634,-0.011582105,-0.028306779,-0.00623182,-0.059988726,-0.029717842,0.11702167,-0.027068121,0.004807013,0.042852856,-0.05579353,0.11159435,-0.02677774,-0.09494595,0.014827704,-0.012406363,-0.026817814,0.06809637,0.031951886
P0C0T5,-0.015010355,0.105624974,-0.017534122,-0.00092340633,-0.012262853,-0.0032256995,0.010262258,0.021760192,-0.0291271,0.023524487,0.07073321,0.012095734,0.10326489,0.027550433,0.00073983707,-0.004288349,-0.0013458614,-0.046408016,-0.006857588,0.110264346,-0.025051927,0.008534042,0.04283921,-0.05686729,0.096513145,-0.022192955,-0.09017725,0.02964859,-0.043696634,-0.032753594,0.052942056,0.041714232
P0A9Q7,-0.015548797,0.11181,-0.011989797,-0.005587901,-0.009085071,-0.012521254,-0.0037934938,0.027984696,-0.022874884,0.0059306975,0.07509217,0.022346465,0.10179594,0.015367518,-0.0038675661,-0.019688902,-0.0062880684,-0.057929907,-0.03920372,0.11377479,-0.030196548,0.021913404,0.048065677,-0.054034308,0.111390166,-0.030657122,-0.08917506,0.016582012,-0.005437264,-0.018436702,0.07365082,0.02256645
P06612,-0.018370016,0.10951351,-0.012197583,-0.004842511,-0.019143064,-0.021864004,0.004372682,0.035878353,-0.030635651,0.01852662,0.07098554,0.026173975,0.10554556,0.040229417,-0.017600372,-0.014917319,0.0015323512,-0.050917584,-0.023042608,0.111588046,-0.02788054,0.010310022,0.05369954,-0.049870573,0.10581943,-0.032935448,-0.10550342,0.011749422,-0.019099072,-0.027218726,0.061474156,0.044246383
Q9QWV4,-0.02644687,0.097978756,-0.012189701,-0.0021760701,-0.019770557,-0.008759426,-0.01966555,0.028967265,-0.037621267,0.009752266,0.06724661,0.016341383,0.10543023,0.016444173,-0.01739727,-0.029977415,-0.0028352025,-0.060109533,-0.03351117,0.120281085,-0.030973196,0.010006654,0.03300757,-0.048287317,0.12055137,-0.02152436,-0.088681385,0.016529914,-0.0055907005,-0.009520072,0.062925406,0.03543157
Q7L0Y3,-0.018697819,0.11526941,-0.0117859645,-0.0022448774,-0.015765103,-0.009416204,-0.00083614193,0.03333506,-0.02689289,0.006117505,0.07065504,0.02701126,0.098965906,0.019556446,0.00043972384,-0.016963495,-0.003310321,-0.0527375,-0.033835147,0.112723485,-0.022601398,0.009253967,0.046854034,-0.052279007,0.11456955,-0.026156545,-0.09411084,0.017523613,-0.01816872,-0.019463932,0.065642655,0.03272441
P51965,-0.024427554,0.10814,-0.005262143,-0.0034948587,-0.019134881,-0.0033825857,-0.011391479,0.02688101,-0.021509621,0.0074461577,0.07220823,0.01645578,0.09624647,0.020004561,-0.0055961134,-0.017291056,-0.01164437,-0.056268476,-0.03724159,0.11431935,-0.027609855,0.0038094264,0.045373295,-0.05852374,0.106430516,-0.029692674,-0.096285224,0.017097713,-0.008741842,-0.016681628,0.06695175,0.035704177
Q9C0C9,-0.023152506,0.108089834,-0.009016866,-0.0018320937,-0.017526096,-0.0066969427,0.0026984739,0.034878943,-0.031667627,0.012699128,0.069004506,0.02162993,0.10372486,0.018966816,-0.0027317626,-0.016324865,-0.0044313148,-0.04844402,-0.024955316,0.11100494,-0.018867398,0.006669478,0.05099267,-0.05769616,0.1099205,-0.027853223,-0.09671567,0.017352559,-0.023138802,-0.017793471,0.06168321,0.033710722
P80188,-0.033844765,0.10412856,-0.010929981,-0.01392127,0.0023108392,0.0076634646,-0.018178418,0.030562524,-0.016361931,-0.0035277854,0.06432559,0.008065504,0.111331925,0.0063862954,-0.009360984,-0.024686605,-0.0040752036,-0.054772757,-0.052616227,0.10894712,-0.043633945,0.0010273246,0.04087309,-0.05783903,0.12934598,-0.030254977,-0.095581576,0.013085918,-0.010787323,-0.0137581825,0.0819978,0.036655616
Q12349,-0.021994922,0.09956731,-0.011672133,0.0014552921,-0.013342628,-0.012193089,-0.026715212,0.04558838,-0.01927407,-0.003276409,0.06677823,0.017092511,0.09390331,0.015716545,-0.01297142,-0.049343638,-0.0030727535,-0.06825588,-0.046619624,0.124343954,-0.041864708,0.008579295,0.057587802,-0.053381793,0.11373079,-0.03841936,-0.0909922,0.0044340147,0.001875215,-0.01692633,0.06502952,0.028993582
C0LGW6,-0.02536112,0.09816229,-0.010472636,-0.00016265611,-0.013383895,-0.009237359,-0.024146559,0.022406982,-0.025962597,0.01257315,0.074328184,0.006246811,0.095695496,0.016325891,-0.018841343,-0.03219031,-0.005781233,-0.059926793,-0.036737036,0.116850436,-0.032559577,0.008085866,0.038280476,-0.05504787,0.10762193,-0.036195382,-0.09051662,0.008523878,-0.0072178473,-0.023406312,0.072188914,0.03565835
Q9HAU5,-0.024887245,0.08787771,-0.019767232,-0.015461136,-0.012983558,-0.022509169,-0.029539272,0.020824978,-0.03296013,0.009896448,0.06321532,0.014866978,0.09493181,0.018780634,-0.023392001,-0.044084378,-0.0066430275,-0.07208154,-0.0360024,0.1257548,-0.039065294,0.006785585,0.04086994,-0.056469988,0.121045,-0.02806684,-0.10368804,0.0015572245,-0.005310452,-0.01541171,0.06460436,0.049275268
P11415,-0.018994356,0.12918417,-0.018591883,-0.0057088435,-0.011896287,-0.008839152,-0.0020858038,0.038510192,-0.03507638,-0.0023620091,0.0645694,0.029808462,0.10155039,0.017318303,0.006897124,-0.012772339,0.0007568579,-0.04332587,-0.031711485,0.0971543,-0.013045377,0.01431486,0.071828514,-0.07099665,0.10184121,-0.029001972,-0.107118495,0.018043341,-0.012817564,-0.01985924,0.06887785,0.02567543
P0DMC3,-0.025225827,0.1005473,-0.018456034,-0.006736892,-0.017943779,-0.000703001,-0.007081665,0.030465676,-0.021661628,0.009710615,0.06466854,0.01907952,0.10711089,0.021506174,-0.0009312046,-0.018775718,-0.0012708876,-0.057815593,-0.02221086,0.11735642,-0.027349146,0.0023003607,0.052222647,-0.05179618,0.1117732,-0.023524223,-0.093839504,0.019117717,-0.023772575,-0.022075424,0.060399845,0.04431269
Q9UJV3,-0.025494598,0.11314058,-0.0074867764,-0.007572102,-0.011831867,-0.0040612374,-0.011305698,0.04081333,-0.018983508,0.0030670608,0.070206165,0.020214817,0.09325795,0.010043259,0.000772855,-0.023805097,-0.0061860946,-0.055156313,-0.04128789,0.11553665,-0.020254541,0.0133035695,0.052624244,-0.054433703,0.11491158,-0.023201467,-0.09867701,0.016922412,-0.0015914154,-0.016521318,0.07083662,0.022550676
P08909,-0.023591375,0.11231382,-0.016152097,-0.0022299958,-0.009380938,-0.00444807,-0.009480384,0.034295317,-0.026897985,0.005628344,0.06621069,0.017694708,0.097843446,0.013990559,-0.0019545904,-0.020195797,-0.0018468787,-0.05468328,-0.031422354,0.10873747,-0.0266235,0.011634358,0.051515955,-0.056366205,0.10735657,-0.02634522,-0.09610052,0.018391797,-0.012448365,-0.019430058,0.06957091,0.029103903
P48601,-0.022319775,0.10801544,-0.013803986,-0.0016376838,-0.015660813,-0.0069068996,-0.005033422,0.040316503,-0.03227335,0.0075302096,0.06409077,0.022300497,0.1028768,0.012256679,-0.005968196,-0.029229641,-0.011310906,-0.05212341,-0.031383295,0.11460129,-0.018477311,0.00989948,0.05694131,-0.05812028,0.11139256,-0.0384894,-0.10384478,0.013598111,-0.004328253,-0.020164574,0.059355896,0.022814084
D2Z028,0.007981751,0.16183288,-0.0059284624,-0.005794747,-0.010111303,-0.0030104895,0.013159344,0.03431741,-0.017425813,-0.0235287,0.064070806,0.06571623,0.09187202,0.009689577,0.0036481451,-0.029807288,-0.0144877015,-0.054460227,-0.08738187,0.111191824,-0.02934514,0.031194767,0.07882755,-0.095366746,0.103576645,-0.057456806,-0.11269966,0.031213867,-0.009562984,-0.0130939195,0.07490562,0.0010168878
Q42403,-0.029217068,0.10742368,-0.01390322,0.0014519601,-0.009797039,-0.006013179,-0.013641816,0.033884734,-0.025082462,0.02724025,0.072522454,0.009049045,0.08885973,0.017123379,-0.011941519,-0.024417039,-0.014542509,-0.05658643,-0.0382704,0.119676694,-0.028391251,0.005953362,0.03223961,-0.05171647,0.12086172,-0.021527732,-0.096882716,0.009221389,-0.0025004458,-0.017674884,0.07483509,0.041973487
P19174,-0.024742117,0.10233161,-0.009832703,-0.0035217209,-0.018507814,-0.015382412,-0.01481422,0.03435959,-0.032769516,0.010254742,0.06630052,0.024017489,0.09999234,0.021464791,-0.013131196,-0.023682524,-0.004759539,-0.052842095,-0.025872188,0.1153712,-0.023838887,0.0072816964,0.040291015,-0.047287483,0.11310469,-0.025330026,-0.09721617,0.011237107,-0.0069828955,-0.012220056,0.063472904,0.03128563
P84022,-0.026200755,0.10760475,-0.012085471,-0.0053890436,-0.0135806445,-0.003094281,-0.01131815,0.033023532,-0.024289886,0.0078203585,0.06534002,0.016482966,0.09982276,0.012884988,-0.007048727,-0.022541104,-0.008492171,-0.0573315,-0.036101103,0.113630675,-0.027584419,0.007952135,0.045004643,-0.05376875,0.11226575,-0.025071818,-0.09826398,0.014029966,-0.009100138,-0.016143557,0.068572745,0.03358318
P17515,-0.020649433,0.10405906,-0.013836869,0.0014515716,-0.0027701866,-0.0043484764,-0.020261696,0.035275985,-0.023978058,0.0060805115,0.06591215,0.019908408,0.09607923,0.013284283,-0.0148738725,-0.024349028,-0.0031018762,-0.05797253,-0.03635422,0.10734688,-0.03320514,0.011628816,0.04007083,-0.05645103,0.116227925,-0.02481175,-0.10629623,0.014712823,-0.010870256,-0.0160458,0.06898498,0.029048849
Q9VU87,-0.036399387,0.09030795,-0.0062933047,0.0045749857,-0.0029417728,-0.008538953,-0.026552469,0.019266127,-0.026561225,0.025121734,0.06822357,0.008200707,0.086408935,0.0071674897,-0.01882809,-0.03128837,0.00032910384,-0.06416666,-0.0401448,0.11278142,-0.030398468,0.017694091,0.037424475,-0.049631722,0.10965812,-0.024825156,-0.09224528,-0.00055048696,-0.0043210858,-0.020618582,0.071884274,0.022740649
P46273,-0.022724498,0.094766535,-0.014444919,-0.00026688277,-0.012512157,-0.014134695,-0.021658426,0.024571013,-0.038711704,0.009983365,0.0636538,0.012308102,0.09278345,0.009620508,-0.016387498,-0.02274051,-1.7559341e-05,-0.06939609,-0.03252006,0.11405828,-0.036438014,0.00016774851,0.034425788,-0.046682704,0.11409674,-0.015734365,-0.0985926,0.012478425,-0.004225814,-0.00640376,0.073611915,0.036011793
O15394,-0.010954787,0.111685194,-0.009987847,-0.025525484,-0.018505998,-0.01602691,-0.010051007,0.04012884,-0.01499406,0.011418251,0.07060536,0.031914063,0.10461794,0.044924863,-0.0066028684,-0.025884265,-0.007848927,-0.043607604,-0.012910856,0.11968179,-0.026763732,0.0072924355,0.04573154,-0.05667429,0.10755507,-0.027525444,-0.10098243,0.010096556,-0.021808017,-0.019546697,0.06266701,0.033900063
P9WPW9,-0.013931046,0.11670458,-0.012496233,0.0019928392,-0.017770065,0.00566393,-0.0027605128,0.04315718,-0.012472044,0.012652953,0.07577112,0.012542472,0.097450934,0.023762709,0.00029403096,-0.014715259,-0.011281411,-0.047826488,-0.019581752,0.112613,-0.026089733,0.009319685,0.060764227,-0.06842601,0.10297876,-0.026804706,-0.09092605,0.02185522,-0.020711362,-0.041443493,0.06857199,0.026421286
O33407,-0.01758077,0.09870422,-0.015158526,-0.0052577676,-0.014484608,-0.00800414,-0.012812156,0.026736757,-0.024381738,0.013768267,0.06838008,0.010805598,0.09554741,0.013916718,-0.0005442322,-0.028464966,-0.011511798,-0.07003919,-0.036592744,0.12179181,-0.03282728,0.00040988025,0.05087091,-0.05619863,0.11375981,-0.023182577,-0.09530987,0.011225033,-0.0055550896,-0.018323582,0.06395549,0.039815735
Q9ALW2,-0.015721602,0.14387123,0.012276698,-0.05475957,-0.0187251,-0.0022206232,-0.004045356,0.05416368,-0.005628135,-0.029325929,0.066379756,0.050723255,0.12291647,0.021624517,-0.00040642917,-0.027253354,-0.008267686,-0.029049337,-0.04755368,0.10852194,-0.020121843,0.030458562,0.054392792,-0.066745386,0.11555622,-0.030010017,-0.10653269,0.025017384,0.00048644748,0.002929341,0.09312937,-0.0072438046
O15033,-0.029283991,0.09642514,-0.0084752105,-0.00078855595,-0.014478199,-0.012146513,-0.015460944,0.029951764,-0.024707876,0.017337888,0.07073292,0.01838295,0.08994244,0.017210305,-0.012138596,-0.023429828,-0.007916296,-0.05439385,-0.031271372,0.116591506,-0.028423263,0.0039747776,0.0362021,-0.045898605,0.114050865,-0.0258829,-0.09619632,0.014578905,0.0013073947,-0.016429715,0.0597152,0.036059123
O00560,-0.025468718,0.104233585,-0.01423128,-0.009400536,-0.0132779535,-0.0061554164,-0.010046502,0.03471822,-0.022107773,0.010445964,0.06343341,0.021526085,0.1032595,0.016457485,-0.007819494,-0.0267147,-0.006498825,-0.05485726,-0.02760742,0.11572067,-0.028233329,0.0082735,0.048565537,-0.053712636,0.11131879,-0.02677476,-0.100898236,0.013549999,-0.010316237,-0.019621931,0.061759237,0.033394612
O94875,-0.018339254,0.12623484,-0.012815212,-0.014745806,-0.016707579,0.0020061496,-0.014163989,0.045677334,-0.012992901,-0.014008571,0.06620451,0.035985492,0.09916515,0.014834918,0.007353339,-0.014637741,-0.012270243,-0.049084533,-0.03971462,0.11584261,-0.020894377,0.011362325,0.06595168,-0.06658468,0.10970789,-0.025116088,-0.0988712,0.021383865,-0.012849693,-0.010675136,0.08313266,0.021643745
P09455,-0.018199924,0.107693546,-0.009497519,-0.011574545,-0.016283896,-0.014797145,-0.0024125208,0.029053424,-0.026297476,0.0045725894,0.06280291,0.03318983,0.105798125,0.01774544,-0.0019749526,-0.01855098,-0.005835098,-0.053773932,-0.023886593,0.12001991,-0.023664681,0.011458973,0.051119678,-0.04914258,0.10325591,-0.025343368,-0.10294282,0.011071327,-0.026985152,-0.024294425,0.057134714,0.025535373
P11541,-0.03909831,0.086044036,0.0001153294,-0.0019215159,-0.014301453,-0.004946098,-0.0042832196,0.0075842105,-0.017616231,0.025379442,0.068782,0.0022293879,0.109929055,0.0074372273,-0.020105723,-0.0151972575,0.00024595484,-0.056200862,-0.027375106,0.123381406,-0.026716175,-0.0014620079,0.031331368,-0.037043884,0.100323364,-0.028083555,-0.094621316,0.013334475,-0.014316501,-0.027884958,0.05836674,0.03413853
O29976,-0.016924445,0.08569019,-0.017757632,-0.003707638,-0.010760925,-0.01852628,-0.042518377,0.03888192,0.013361562,0.0062885657,0.059671752,0.030924855,0.09572795,0.032064226,-0.016394194,-0.042754173,-0.016467277,-0.06592317,-0.02172586,0.12006633,-0.04130751,0.003063199,0.07709066,-0.06643039,0.1071005,-0.036837112,-0.09720555,-0.010316316,0.005958018,-0.017111186,0.07389574,0.029858958
O23512,-0.017877452,0.0931229,-0.021194536,0.014529245,0.003210682,-0.008167842,-0.025138583,0.022149736,-0.029055828,0.0014864306,0.06076174,0.011545084,0.104721546,0.0136194825,-0.027580703,-0.02412423,0.007954088,-0.061382163,-0.03591571,0.09592797,-0.04542718,0.004777617,0.03994171,-0.05671855,0.1133222,-0.036936738,-0.10389771,0.013588086,-0.010976208,-0.013209067,0.079386845,0.031787854
A0A166U5H3,-0.02435874,0.10658202,-0.0143679725,-0.010611348,-0.013208109,-0.025977742,-0.02771588,0.04795109,-0.02433189,0.018347066,0.056720518,0.02306078,0.09060019,0.04107209,-0.02294481,-0.034107223,-0.0064298287,-0.069791794,-0.030563613,0.124401584,-0.032592632,0.01070979,0.04593552,-0.043646984,0.11138954,-0.014543675,-0.10329951,-0.007771611,-0.015399481,-0.004316756,0.07238728,0.049339995
P01700,-0.012271545,0.10373086,-0.030220192,-0.022515215,-0.024212014,-0.020857466,-0.021579988,0.050613187,-0.013790965,0.003444842,0.054762475,0.038572904,0.09722348,0.044556014,-0.0014852909,-0.030135453,-0.015654678,-0.055429548,9.950204e-05,0.1282072,-0.032606635,-0.015737765,0.04642686,-0.05207219,0.118731275,-0.01181611,-0.10906679,0.00041749142,-0.02424964,-0.009148467,0.052791674,0.06140968
P13727,-0.034727033,0.10814706,-0.01812146,-0.015523759,-0.0044636764,0.006857075,-0.009835268,0.032902543,-0.02230302,0.008842641,0.06333233,0.00800941,0.10173408,0.007427864,0.0003036689,-0.030215755,-0.0061854864,-0.0678563,-0.035618167,0.12153568,-0.035220142,0.0006925599,0.031547796,-0.04996184,0.1264707,-0.018539665,-0.10235798,0.020822352,-0.02158764,-0.019139437,0.06494773,0.051255483
Q9VMB4,-0.034783598,0.09517625,-0.017450841,-0.013640072,-0.006928943,-0.00843598,-0.024598176,0.040426873,-0.020735176,0.0168417,0.06370907,0.0132180555,0.084946625,0.017018778,-0.010566202,-0.033771604,-0.012291451,-0.062408414,-0.030276047,0.115387715,-0.039725922,-0.006108403,0.0428233,-0.050757706,0.11812738,-0.025224386,-0.10409682,0.006901564,-0.0002817375,-0.011752605,0.06910556,0.05091514
P49407,-0.023820886,0.10753893,-0.010017901,-0.003909025,-0.01281546,-0.0075146495,-0.014917469,0.031417944,-0.026776662,0.006892246,0.06847666,0.017606296,0.09543415,0.014882721,-0.0073271375,-0.026036276,-0.0036511216,-0.06048024,-0.038787384,0.11407984,-0.025657434,0.010880362,0.047649488,-0.054719955,0.112081796,-0.02661609,-0.097657,0.014709103,-0.0075781965,-0.017238827,0.06740177,0.030092223
O13034,-0.03944776,0.08928367,-0.009276739,-0.0056960583,-0.005752841,-0.0084201945,-0.00884679,0.025106158,-0.03541673,0.014951803,0.067100726,0.01059551,0.10078113,0.0023283768,-0.011099534,-0.030283993,0.005458158,-0.059551366,-0.041590534,0.11556701,-0.031550273,0.0009227606,0.03346243,-0.035997875,0.122948274,-0.031763628,-0.09490441,0.015187067,-0.006426026,-0.013168564,0.06381655,0.03935309
O00910,-0.027236884,0.10583059,-0.012051645,-0.009313466,-0.01191222,-0.010409949,-0.010766707,0.038482986,-0.023605391,0.0062419623,0.06245051,0.027927617,0.099227935,0.012716251,-0.0066895597,-0.026853789,-0.0027270424,-0.058440644,-0.031473838,0.116894566,-0.027964462,0.009768166,0.052396603,-0.049692698,0.11687338,-0.02699824,-0.10120903,0.015410507,-0.00020118822,-0.012583248,0.074704364,0.023460994
Q74K78,-0.022608537,0.102959126,-0.002856005,0.010337733,-0.0033756625,-0.021481572,-0.021305028,0.026239548,-0.031044967,0.020847805,0.07736822,0.0025699101,0.090757325,0.03256978,-0.015460931,-0.036654226,0.017793782,-0.049421094,-0.025451869,0.104581416,-0.022987138,0.013578451,0.033047892,-0.046910048,0.10117045,-0.03251394,-0.08993332,0.012670163,-0.024570022,-0.03543859,0.052458648,0.03525549
P53675,-0.02640444,0.09033675,-0.0126369605,-0.0026803757,-0.013018798,-0.013370997,-0.019625591,0.027365962,-0.027304295,0.008252715,0.06669573,0.023178138,0.10107573,0.008752009,-0.018982513,-0.029291002,-0.006729456,-0.060212873,-0.03741069,0.11504256,-0.031194758,0.013826026,0.03802236,-0.04325586,0.11672429,-0.03077962,-0.097961426,0.0122457305,0.010507927,-0.009115876,0.06172117,0.026767598
P11473,-0.02020976,0.11047436,-0.012518236,-0.0041169655,-0.013073991,-0.0077477633,-0.012691807,0.03141331,-0.02302398,0.0018612366,0.06765289,0.024218861,0.09832916,0.016540399,-0.004937583,-0.022335887,-0.0033938806,-0.05544078,-0.035618745,0.11207499,-0.02914387,0.011009014,0.05034061,-0.056296073,0.109473854,-0.028231772,-0.09525844,0.014740116,-0.010867494,-0.019716177,0.06759563,0.027782619
P07315,-0.02444104,0.10486367,-0.010255449,-0.010212001,-0.019129485,-0.009378798,-0.01858393,0.031503256,-0.03669196,0.0058501414,0.058642555,0.01965913,0.09824916,0.00887195,-0.010998669,-0.033946354,-0.005582793,-0.06975921,-0.04056429,0.1178965,-0.021996243,0.01162279,0.05003212,-0.062054936,0.119060665,-0.013982736,-0.10650033,0.0062287985,-0.01101677,-0.009440311,0.066796176,0.033436496
Q9Y2D1,-0.020392679,0.11340986,-0.008243975,-0.0030928287,-0.015232588,-0.004848966,-0.0113713695,0.0333939,-0.020643976,-7.392299e-05,0.067029536,0.024954412,0.10090832,0.013545116,-0.005799044,-0.026417648,-0.009822526,-0.056022573,-0.0415805,0.116522,-0.02786697,0.0077948077,0.051831078,-0.06169784,0.113817036,-0.032703076,-0.09786674,0.013861197,-0.007183423,-0.018827809,0.06841141,0.024837837
O88844,-0.03158944,0.08827279,-0.0064439722,-0.008267829,-0.0132200215,-0.01684236,-0.027457092,0.031194555,-0.03432364,0.015347862,0.06572035,0.0053016064,0.09490745,0.020770043,-0.027229222,-0.028862372,-0.0052057654,-0.058514874,-0.027473051,0.11423486,-0.033614594,-0.0006199838,0.036977675,-0.0513173,0.11468404,-0.02428229,-0.10449438,0.0025116575,-0.004076928,-0.015225521,0.07068163,0.03990702
Q5SW96,-0.01892778,0.097895235,-0.007858101,-0.0020149092,-0.01311403,-0.015569006,-0.012773019,0.03215607,-0.023352472,0.010062784,0.06661423,0.021237286,0.09522834,0.016386395,-0.015043951,-0.026013674,-0.0071147005,-0.059319105,-0.029553188,0.11669265,-0.032994103,0.006815193,0.047593236,-0.05233278,0.109254606,-0.030025987,-0.098510556,0.010011914,-0.0066751386,-0.018300489,0.068463355,0.025094433
P07014,-0.027904779,0.10931323,-0.0017510094,0.021846214,-0.016664831,0.0072438307,-0.017482443,0.03317398,-0.022446603,0.0049069487,0.062296,0.008801102,0.101211645,-0.0022321667,-0.024427146,-0.020971604,0.004088849,-0.052130193,-0.035923522,0.111412324,-0.018402377,0.0035726447,0.053605545,-0.06097569,0.09999493,-0.033417065,-0.10070547,0.026938817,0.00067978166,-0.023395779,0.08387092,0.0043431236
P22736,-0.023549024,0.10953026,-0.014407824,-0.00873608,-0.020653574,-0.0075551094,-0.011910536,0.03393234,-0.023177022,0.0021364675,0.061925966,0.023232443,0.10580847,0.021199603,-0.007192376,-0.02481038,-0.009524791,-0.056095473,-0.030395098,0.12045754,-0.027486961,0.004667808,0.05416681,-0.05711492,0.108497694,-0.03035659,-0.09517591,0.010498382,-0.015082089,-0.016316682,0.068017095,0.035808608
F1RAX4,-0.023628235,0.10287419,-0.008094654,-0.024017014,-0.009433872,-0.020839905,-0.006666155,0.03540684,-0.0133391125,0.011547026,0.069039606,0.037302528,0.09676725,0.028974684,-0.0026708941,-0.027479416,-0.0020964972,-0.052864935,-0.030948417,0.12219224,-0.026843628,0.013648334,0.05246866,-0.04537641,0.11919252,-0.027544929,-0.096328616,0.008770631,-0.013564337,-0.019318558,0.0599428,0.0321892
O75446,-0.028120678,0.10021251,-0.009730734,-0.004035366,-0.011333602,-0.005422604,-0.009012183,0.03245874,-0.02646812,0.009635935,0.06420621,0.020945216,0.09503486,0.0018279306,-0.013383344,-0.030653639,-0.007845623,-0.05583831,-0.041357324,0.12369328,-0.031498507,0.010088236,0.05110628,-0.053881876,0.11383199,-0.033328347,-0.09864516,0.01345752,-0.002688782,-0.030663999,0.05672969,0.020034008
P0ACE3,-0.025555167,0.093156494,-0.014037026,-0.005014196,-0.012617858,-0.011903295,-0.006713968,0.033695936,-0.01804674,0.017316567,0.06729846,0.028748449,0.10003333,0.012522085,-0.018434811,-0.02092877,-0.006746363,-0.050500967,-0.027030444,0.11717606,-0.035115335,0.006332084,0.02059098,-0.0321828,0.12929046,-0.01713034,-0.10124247,0.0036500436,-0.00050142314,-0.018316347,0.0636381,0.029055217
O23530,-0.02611254,0.09327272,-0.008137562,-0.01212591,-0.0082675945,-0.013316638,-0.023329552,0.021849869,-0.022052566,0.0043992517,0.06061833,0.015081727,0.098297104,0.008547244,-0.0149430055,-0.033464767,-0.013241862,-0.07298898,-0.046997037,0.12104631,-0.04744553,0.0067415675,0.040030032,-0.052059956,0.1177653,-0.024494441,-0.09362276,8.020683e-05,-0.00243763,-0.008208642,0.074443236,0.033087756
P20827,-0.027199756,0.10157895,-0.014539337,-0.0006403155,-0.018857636,-0.0019471657,-0.004475512,0.025327481,-0.029989798,0.019145967,0.06711022,0.01076019,0.10647635,0.015759464,-0.013966128,-0.02419003,-0.0012713828,-0.05337882,-0.024529729,0.11987745,-0.028811932,-0.0012644506,0.04400615,-0.05069806,0.10564135,-0.034784183,-0.09322962,0.017237868,-0.018868275,-0.030158022,0.06402356,0.037546232
Q43155,-0.016142167,0.11997302,-0.010770917,-0.004124631,-0.010661319,-0.004060355,-0.0005013917,0.037823617,-0.017342584,0.006769261,0.06751469,0.027450964,0.09528328,0.015274368,-0.008108221,-0.020167924,-0.004735802,-0.04545176,-0.035366558,0.111507446,-0.020485822,0.017900785,0.062326178,-0.06767652,0.1089637,-0.03155056,-0.10447685,0.021662638,-0.016670097,-0.03945207,0.064011924,0.019078031
O53581,-0.024905676,0.100808434,-0.0055919904,-0.013222046,-0.022510216,-0.0013934243,0.0024317699,0.029215047,-0.018087866,0.016610082,0.07761173,0.01939244,0.10575414,0.022247614,-0.0009013551,-0.012815972,-0.0053526666,-0.050047208,-0.027334241,0.11985006,-0.022018299,0.0032333538,0.048492786,-0.048446774,0.11003039,-0.028476303,-0.08842036,0.012495198,-0.021576734,-0.020639593,0.069116555,0.033937633
P18956,-0.039533775,0.10106707,-0.0028235514,0.0047001406,-0.009812504,-0.0135984495,-0.024729593,0.02321293,-0.034068827,0.0047047636,0.06953331,0.012572095,0.09767744,0.011351336,-0.014127783,-0.031532772,0.0026130148,-0.05600047,-0.04178247,0.1123124,-0.027004167,0.0076483064,0.034115445,-0.04983464,0.11375932,-0.034512755,-0.095036685,0.011791591,0.005394314,-0.0064800475,0.0702978,0.028176486
P15202,-0.026292944,0.10453892,-0.011958046,-0.004755812,-0.017470438,-0.007364177,-0.007605142,0.03327433,-0.026914489,0.016526382,0.07021823,0.02156212,0.09310701,0.013429877,-0.004210974,-0.024118973,-0.014777377,-0.05141809,-0.03139304,0.11747964,-0.025970912,0.0015535902,0.0480882,-0.056012668,0.10887091,-0.03177243,-0.09733811,0.0066502756,-0.0060643116,-0.02122503,0.06004886,0.033769637
P0A744,-0.028234273,0.09024233,-0.004632346,0.003144823,-0.013909438,-0.02446743,-0.0139414035,0.028672842,-0.028351158,0.01947921,0.06981037,0.015431975,0.09819141,0.023423672,-0.024716541,-0.018455572,-8.250525e-05,-0.05630425,-0.02852535,0.12411261,-0.03504226,0.00062474766,0.032170054,-0.030831935,0.11454106,-0.025891425,-0.08715392,0.0034408448,-0.0026926885,-0.016932629,0.06824555,0.03076697
P09758,-0.022889063,0.08871052,-0.014228683,-0.010451202,-0.018116854,-0.0046058823,-0.02887503,0.033304278,-0.021402044,0.014497182,0.070427485,0.009147499,0.0966877,0.02246211,-0.022874659,-0.03233138,-0.013628189,-0.05793598,-0.024254361,0.1259616,-0.036872406,0.006647835,0.030719677,-0.05197051,0.10885198,-0.025007822,-0.10227684,0.0072899447,-0.00027018008,-0.017524092,0.060634237,0.035218176
P03069,-0.01749333,0.11056759,-0.012352022,-0.0045030336,-0.017072912,-0.0032666,-0.009885588,0.029446172,-0.023460649,0.004294898,0.068367876,0.021761728,0.10185309,0.01244919,-0.008291318,-0.02682036,-0.0043390156,-0.05682125,-0.037725784,0.11741746,-0.029169751,0.008644504,0.05160228,-0.05892768,0.10663998,-0.03317417,-0.09686828,0.017293114,-0.010092701,-0.022878904,0.06926399,0.025379447
A0JNT9,-0.016543414,0.12716082,-0.0035334346,-0.004703281,-0.01218626,-0.016750863,-0.0022917283,0.046281494,-0.032452304,-0.0027704698,0.062267087,0.044403654,0.09414743,0.020161891,-0.0068870103,-0.0246217,-0.0027283956,-0.048204996,-0.04295201,0.11167107,-0.01929887,0.016829792,0.05866304,-0.058698572,0.11306582,-0.03642447,-0.107314005,0.01718552,-0.0099466285,-0.017295832,0.063706055,0.012389964
P10096,-0.041085824,0.086218655,-0.006559467,-0.0147761805,-0.0017589522,-0.019556042,-0.03446135,0.033976354,-0.036608044,0.0010926649,0.055532187,0.012555338,0.09575289,0.0055858158,-0.01600585,-0.03580455,-0.0039371094,-0.06774433,-0.0442146,0.11666559,-0.02980379,0.006845145,0.046758577,-0.04566318,0.12984449,-0.02392412,-0.09428309,-0.004383619,0.0011315178,0.006094534,0.084914505,0.026497943
P04739,-0.016240144,0.093505666,-0.01682059,0.009407667,-0.014311145,-0.008069611,-0.009165894,0.021966541,-0.031656798,0.008089088,0.06809085,0.009532013,0.0982652,0.0042660823,-0.019664986,-0.022366025,-0.008506955,-0.06735405,-0.031131275,0.116550624,-0.04301803,0.011879092,0.03288408,-0.048996083,0.1042019,-0.028313873,-0.09294014,0.012765534,-0.012707479,-0.022361256,0.065550245,0.029056609
P11672,-0.016354274,0.10346137,-0.01842409,-0.008523797,-0.010826913,0.0030021418,-0.017308738,0.040781688,-0.0055645537,-0.0054283906,0.064488545,0.020303225,0.10494985,0.022926744,-0.0009404797,-0.020968944,-0.0064927908,-0.055093676,-0.023489228,0.114955164,-0.036774337,-5.2888317e-05,0.04977782,-0.059534393,0.11674907,-0.02104474,-0.09759528,0.012068706,-0.026648069,-0.019920208,0.06947817,0.037125237
O14368,-0.027407655,0.10307409,-0.007698983,-0.00901864,-0.01177391,-0.009209009,-0.017219488,0.029869579,-0.029568516,0.0070560956,0.06366359,0.014237902,0.098480076,0.011548217,-0.012551182,-0.025743429,-0.0022474118,-0.058390677,-0.03471793,0.112960115,-0.02177284,0.01654739,0.04866396,-0.05418943,0.10814671,-0.02363719,-0.097759075,0.011892461,-0.0112390835,-0.016125316,0.070621334,0.02430674
Q9Y2X8,-0.028771529,0.09417939,-0.013338359,0.00693314,-0.014038782,-0.005777506,-0.006537496,0.024532096,-0.027580239,0.023614064,0.06902068,0.009480023,0.09763445,0.013228562,-0.0109768035,-0.015942192,-0.0058549377,-0.05627731,-0.02599936,0.1171256,-0.026577104,-0.00089685316,0.04211392,-0.04757247,0.10994485,-0.027484069,-0.09267846,0.016451683,-0.011782025,-0.023927722,0.06336675,0.03963895
O95997,-0.02458037,0.09035214,-0.0240446,-0.009164028,-0.020043101,-0.013960729,-0.025257403,0.03936539,-0.03136459,0.001646946,0.048524,0.016451066,0.09260859,0.012680258,-0.02142802,-0.038614284,-0.014451166,-0.076282844,-0.032017566,0.11665361,-0.03746631,0.0059431274,0.053115357,-0.05651821,0.118756354,-0.020187968,-0.107800245,0.0024702982,-0.011795266,-0.00767006,0.073900566,0.051428568
P07550,-0.022456693,0.10652783,-0.010531507,-0.004559997,-0.013808893,-0.01034221,-0.015939817,0.03418657,-0.022106528,0.005056516,0.06484587,0.026727013,0.10162313,0.018180393,-0.011516511,-0.030053262,-0.0055670408,-0.054694057,-0.033990577,0.11402708,-0.028206304,0.00854905,0.052296165,-0.058089167,0.11312295,-0.03335717,-0.099308714,0.012205239,-0.0047533764,-0.016708791,0.0672414,0.026928104
P04797,-0.018594338,0.10448993,-0.014614035,-0.0021878404,-0.014121828,-0.008639146,-0.011005415,0.02906822,-0.020832548,0.007948377,0.064639635,0.022256063,0.09823177,0.014460413,-0.0068947263,-0.024938773,-0.0033498155,-0.060148902,-0.031346016,0.1156767,-0.027666287,0.007039071,0.053728525,-0.05582962,0.10695102,-0.027253237,-0.09885162,0.0075657126,-0.015640672,-0.020889567,0.06860015,0.02907553
P11551,-0.006815544,0.12370928,-0.024523782,-0.018222135,-0.01207727,-0.0021147113,-0.003936332,0.030539934,-0.013536108,-0.0054398784,0.06260277,0.031523347,0.10537629,0.02542826,0.016353127,-0.03001369,-0.018753057,-0.066538416,-0.040551346,0.118431345,-0.039751403,0.0048341313,0.045250583,-0.068449266,0.12160291,-0.020912377,-0.10008292,0.013462558,-0.029029895,-0.0119053405,0.056326002,0.05460029
P39633,-0.022659715,0.12195775,-0.017862324,-0.0109157935,-0.004932969,0.0153956255,-0.018667473,0.052081063,-0.013275489,0.011407832,0.06391049,0.006047994,0.08072713,0.0077448925,-0.000883542,-0.024777237,-0.023544095,-0.0626558,-0.040023837,0.10163006,-0.036319442,0.010503234,0.048422173,-0.073528826,0.11029206,-0.011226266,-0.116866596,0.02085526,0.006568852,-0.014186815,0.080436185,0.03502404
O15123,-0.027415996,0.10805051,-0.014638766,-0.005509187,-0.017718004,-0.003361699,-0.013440961,0.035502646,-0.024856873,0.003067839,0.0653304,0.023488559,0.10784717,0.023777021,-0.0071754013,-0.02098475,-0.00548464,-0.048969388,-0.023431929,0.11318336,-0.026024424,0.0041233636,0.049154375,-0.056569587,0.11220496,-0.031695046,-0.09532737,0.016529446,-0.016372608,-0.01636717,0.06524999,0.03819839
O95484,-0.01687896,0.096940756,-0.013365978,-0.013915839,-0.0117777325,-0.028592287,-0.01845365,0.02719314,-0.013487917,0.016531864,0.065007135,0.02978212,0.08194814,0.031208046,-0.0115023535,-0.02753596,0.0022059684,-0.062461875,-0.020291543,0.123127244,-0.035495598,0.011416366,0.02908877,-0.02850822,0.10428684,-0.013193919,-0.09227608,0.005129804,-0.019183341,-0.018616127,0.05903708,0.03828802
Q6GIL8,-0.026894849,0.12031783,-0.0018814988,-0.009477377,-0.021572538,-0.0174898,-0.017914342,0.01869241,-0.030607633,-0.008185341,0.0740349,0.04712982,0.08809161,0.011022059,0.004004675,-0.01454094,0.007903874,-0.05713056,-0.040098943,0.09409501,-0.022113157,0.0074711544,0.031617545,-0.042314027,0.11009456,-0.01783536,-0.11191796,0.014227666,0.0112619735,-0.004390884,0.06955664,0.02231053
P31681,-0.03414133,0.08615503,-0.0057755625,-0.004767593,-0.009168256,-0.008576721,-0.024642967,0.016431004,-0.032046676,0.01042759,0.05550668,0.008158704,0.09864736,0.012265051,-0.03026682,-0.013400194,-0.0030939155,-0.056052893,-0.026813554,0.105146125,-0.04205647,-0.0013386803,0.031391636,-0.03834175,0.10292813,-0.030833595,-0.095694035,0.012188556,-0.007708607,-0.017301295,0.08037252,0.024215832
P01298,-0.018934553,0.12668647,-0.009835701,-0.02400842,-0.0193567,0.0052026478,-0.0048004864,0.041658215,-0.004205956,-0.014242271,0.06664285,0.03668321,0.11430239,0.030444331,0.01387518,-0.015142208,-0.009447904,-0.04714445,-0.025797952,0.11470658,-0.024879985,0.00867056,0.05454238,-0.06435115,0.11691164,-0.021635346,-0.09664714,0.019894678,-0.03219349,-0.0187483,0.06786286,0.033567607
P47543,-0.011556794,0.09885448,-0.01441849,-0.010994566,-0.010553829,-0.009249532,-0.011042091,0.022607418,-0.032788854,0.009837502,0.059775297,0.013982575,0.10375932,0.0101143755,-0.020591995,-0.036242105,-0.0037565401,-0.07055913,-0.04022099,0.118913375,-0.045749117,-1.5920028e-05,0.045782473,-0.065507315,0.116292976,-0.025910191,-0.10858122,0.006492609,-0.019232715,-0.021443501,0.070074745,0.03546432
P16554,-0.023772152,0.10351586,-0.019090444,-0.00075895456,-0.011296336,-0.007959129,-0.013362259,0.031689707,-0.024972565,0.014628198,0.06516386,0.018905323,0.09797824,0.017484043,-0.012064676,-0.02864511,-0.004649454,-0.06200854,-0.033629406,0.117346756,-0.030771656,0.010968606,0.049757164,-0.054749783,0.11299506,-0.02850566,-0.09777837,0.009836165,-0.009536133,-0.020746155,0.06688498,0.035519972
P20676,-0.015211387,0.106047355,-0.023598883,-0.0031552124,-0.010282693,0.0018827026,-0.0038227688,0.02887802,-0.010330149,0.015999326,0.06812421,0.018649826,0.10383316,0.026697049,-0.0027997696,-0.017180325,-0.005396039,-0.049614698,-0.01571788,0.110607944,-0.0329164,0.004857701,0.05088348,-0.062128212,0.10617563,-0.028312786,-0.09652448,0.016595356,-0.031340137,-0.036230545,0.062751055,0.041440304
O95994,-0.026611181,0.10019218,-0.008283875,-0.010957942,-0.017756691,0.0031017594,-0.014328544,0.030829504,-0.023066998,0.0035544492,0.0640824,0.00618864,0.102831475,0.0054861107,-0.008962024,-0.02471931,-0.01680833,-0.058802407,-0.0333496,0.11828536,-0.03175738,0.00077812903,0.049409103,-0.06186335,0.10848678,-0.027089223,-0.09886244,0.012441825,-0.011382684,-0.023467958,0.06809697,0.031119138
Q8WUM4,-0.032237165,0.09459852,-0.013848371,-0.0047001056,-0.007449319,-0.012110113,-0.014736649,0.030387707,-0.024860796,0.014655234,0.067286134,0.017204821,0.096952535,0.010053509,-0.012386296,-0.024919253,-0.004553439,-0.05606852,-0.03149782,0.11349116,-0.029332565,0.01148835,0.04110825,-0.042777326,0.11455047,-0.028366247,-0.09200671,0.009339479,-0.0019039967,-0.01417792,0.06999717,0.030970182
P10987,-0.026378606,0.10146011,-0.0155330775,-0.004422887,-0.011057694,-0.005044028,-0.01334659,0.036810584,-0.028842501,0.007974636,0.06598751,0.015072828,0.09761675,0.0150988195,-0.008818983,-0.026218498,0.0033437843,-0.058872838,-0.03788368,0.11653727,-0.02623799,0.0009266983,0.049752563,-0.05243362,0.11444856,-0.027239371,-0.10329327,0.019819895,-0.008211722,-0.0065074945,0.069793426,0.039985534
P0DOY2,-0.012271545,0.10373086,-0.030220192,-0.022515215,-0.024212014,-0.020857466,-0.021579988,0.050613187,-0.013790965,0.003444842,0.054762475,0.038572904,0.09722348,0.044556014,-0.0014852909,-0.030135453,-0.015654678,-0.055429548,9.950204e-05,0.1282072,-0.032606635,-0.015737765,0.04642686,-0.05207219,0.118731275,-0.01181611,-0.10906679,0.00041749142,-0.02424964,-0.009148467,0.052791674,0.06140968
P14373,-0.024150427,0.10458261,-0.012866097,-0.002719923,-0.01533328,-0.0061914353,-0.010980899,0.033780143,-0.0238006,0.00903993,0.06472678,0.016445883,0.100242585,0.012089193,-0.012308095,-0.027679227,-0.005612066,-0.058799244,-0.033648904,0.11744925,-0.027953057,0.0072362907,0.050120167,-0.055189047,0.11128883,-0.028008375,-0.09875834,0.013232324,-0.010186971,-0.020890146,0.06875756,0.03194883
P0AAR3,-0.027475875,0.088987745,-0.0113371145,-0.010766298,-0.011569704,-0.008695052,-0.019898636,0.037307296,-0.029315341,0.016426925,0.060043264,0.0045927586,0.09403969,0.009902134,-0.020002805,-0.028946057,-0.014728328,-0.06174136,-0.026265949,0.12097903,-0.03180205,0.0039065434,0.03711591,-0.054121464,0.11183467,-0.0146458,-0.10789659,0.0031696998,-0.007991528,-0.009061007,0.06559322,0.035976157
O76041,-0.027026925,0.09057445,-0.011573338,-0.023067513,-0.017347008,-0.021609038,-0.024946729,0.026926829,-0.028649798,0.010889038,0.05722138,0.026085526,0.09486485,0.02260965,-0.017185997,-0.030148923,-0.004829967,-0.06114457,-0.030575046,0.12397398,-0.031530697,-0.004408662,0.034887493,-0.04129785,0.12255703,-0.014228786,-0.10401934,0.0007233447,-0.0073257657,-0.005855548,0.062905625,0.043300543
O95273,-0.008586747,0.13385297,-0.0065999483,-0.016094776,-0.021687666,-0.014624382,0.014197183,0.03971383,-0.0155095905,-0.00643184,0.07293867,0.048522502,0.1033389,0.034696072,0.021856675,-0.0039254962,-0.0023746209,-0.03323863,-0.017393485,0.10752999,-0.0031731415,0.011741854,0.074989066,-0.069426335,0.09924763,-0.029125065,-0.10078714,0.018489212,-0.037674338,-0.02481852,0.06052351,0.022412816
O43586,-0.025032362,0.0995602,-0.018116325,-0.023162752,-0.017657042,-0.020259999,-0.02004735,0.044043355,-0.022464234,0.010032072,0.05378572,0.026936468,0.09694438,0.026777843,-0.020545825,-0.034053255,-0.013547773,-0.054730106,-0.018830558,0.124784626,-0.036728106,0.003909268,0.04163095,-0.046442598,0.11203756,-0.020256897,-0.10711601,0.00025231094,-0.0070481896,-0.01260685,0.06417123,0.040744867
P02042,-0.033356886,0.081323005,-0.02181227,-0.011872113,-0.027943969,-0.006571095,-0.034338173,0.047650978,-0.011151612,0.00785789,0.06555431,0.021541419,0.098054856,0.026586512,-0.017599082,-0.027742049,-0.019662289,-0.061328035,-0.017559184,0.1340352,-0.029251168,-0.00082509284,0.050786253,-0.04840857,0.12244403,-0.019329214,-0.095493436,-0.0024303496,0.0030217469,-0.0058140582,0.06688053,0.045965392
O14529,-0.0300386,0.09255194,-0.00585482,-0.0037518018,-0.015425885,-0.016917707,-0.020723823,0.017513651,-0.0483124,0.0039068805,0.061881762,0.008268465,0.10833125,0.008747977,-0.023236837,-0.036329396,0.002872423,-0.0632215,-0.034555487,0.11762953,-0.03588774,-0.005238644,0.049777985,-0.05978132,0.109487295,-0.043038804,-0.09961898,0.010043476,-0.009459672,-0.019643191,0.071780816,0.032020185
P10613,-0.017055487,0.09176662,-0.0112132775,-0.01329534,-0.017201196,-0.018353075,-0.013523413,0.02501388,-0.026011165,0.019296419,0.066508465,0.017404674,0.10726583,0.028988192,-0.016573867,-0.03228564,-0.008104013,-0.056622166,-0.012640236,0.123143926,-0.039162457,0.0020784133,0.035640933,-0.04756545,0.10295238,-0.029350141,-0.09435268,0.0106734345,-0.025270034,-0.02165912,0.059647076,0.043031394
O14520,-0.018808628,0.08871524,-0.01666367,-0.013721283,-0.0107115405,-0.014913024,-0.023570478,0.031077597,-0.02671252,0.016804086,0.06748248,0.016641364,0.09153107,0.026179578,-0.01586239,-0.031901784,-0.008169114,-0.07077903,-0.033600464,0.11832746,-0.03967932,0.005630892,0.03257354,-0.04676274,0.121698424,-0.016058946,-0.10322729,0.0038075051,-0.014129482,-0.008642336,0.060839266,0.052585267
P04776,-0.04349233,0.090764545,-0.013739141,-0.013096163,0.0089493785,-0.010719678,-0.04679118,0.016220778,-0.0081084315,0.019189883,0.054662373,0.016097283,0.08664027,0.0042688977,-0.023338892,-0.0626854,-0.020052183,-0.09882735,-0.06657536,0.13539472,-0.06660785,-0.00027679442,0.05278185,-0.062921524,0.14175723,-0.04216478,-0.097088754,-0.0051246257,0.02326628,-0.022590293,0.091668196,0.041227706
Q66GS9,-0.021993715,0.09818817,-0.0059958487,-0.016064204,-0.02244757,-0.011168986,-0.018440496,0.036790624,-0.023289151,0.0015547476,0.0682646,0.024698632,0.10419106,0.016681055,-0.018317364,-0.028313356,-0.010410126,-0.054378387,-0.03427243,0.12124319,-0.027593689,0.010663664,0.046418525,-0.050853696,0.1158571,-0.027270732,-0.1016285,0.0019336729,-0.0016029655,-0.019536983,0.06453738,0.02200336
P18509,-0.024521042,0.10589585,-0.017637692,-0.00014832312,-0.014364859,0.0051382855,-0.013229041,0.03623934,-0.02316519,0.0022718722,0.059489455,0.015763603,0.101476066,0.0088842055,-0.009963573,-0.020219497,-0.001572298,-0.05491635,-0.0299885,0.11286053,-0.030472822,0.0011809724,0.055869807,-0.059596322,0.10829856,-0.025892006,-0.10129945,0.019057006,-0.016934982,-0.024924634,0.07134843,0.0297587
Q96LR5,-0.026701342,0.10229311,-0.009120594,0.0039312663,-0.016227482,-0.0046925163,-0.0046896935,0.031530686,-0.031127919,0.017731328,0.06978677,0.0090593295,0.10432885,0.018178465,-0.012449307,-0.019625273,-0.008559583,-0.049370773,-0.025568407,0.10790534,-0.02669574,0.0025146785,0.035827693,-0.05049038,0.11136814,-0.030007329,-0.09589521,0.015359385,-0.013980739,-0.023080168,0.060886133,0.03911219
P06709,-0.019626586,0.113072716,-0.010041359,-0.0072623948,-0.017775659,-0.00422836,-0.0012098767,0.03243775,-0.024770405,-0.004521232,0.068437755,0.027651733,0.108251676,0.013807739,0.0004170781,-0.016849268,-0.0018647509,-0.049116623,-0.034321718,0.113626525,-0.024949854,0.006596985,0.04238186,-0.051280428,0.11847536,-0.024486404,-0.09160133,0.020659614,-0.020952307,-0.016141292,0.06486484,0.029760635
Q09472,-0.02387848,0.10745991,-0.011557893,0.00038628987,-0.01244081,-0.004294101,-0.012753092,0.034749735,-0.024359751,0.008273659,0.067265265,0.019273808,0.096142635,0.013877389,-0.009403087,-0.024202079,-0.0025202904,-0.05679812,-0.03785923,0.11382163,-0.026367128,0.008723085,0.05122842,-0.055618323,0.112017214,-0.029469054,-0.097469404,0.0159689,-0.0073292865,-0.01825034,0.0716522,0.027114106
P24058,-0.011931427,0.13080351,-0.010973935,-0.006606152,-0.012799118,-0.0011846306,-0.0039180056,0.047749594,-0.015000823,-0.003575769,0.06670614,0.034131255,0.08909619,0.023516111,0.009020048,-0.014435865,-0.019798163,-0.04514398,-0.03316151,0.10117587,-0.020797087,0.0110211475,0.063763075,-0.08130307,0.10768779,-0.027633838,-0.10890251,0.021591669,-0.016581835,-0.013710524,0.072382964,0.029043734
P20338,-0.023895347,0.10910955,-0.011378735,-0.006578606,-0.010329911,-0.00021458168,0.0042982693,0.035799634,-0.023113256,0.016141511,0.0702813,0.017748257,0.09552171,0.013707195,0.0044768816,-0.017478105,-0.0023529395,-0.052082323,-0.025035908,0.11376055,-0.023417585,0.010514821,0.047043603,-0.053322785,0.107537895,-0.021540383,-0.0995738,0.021130031,-0.021548508,-0.024494503,0.06054908,0.029452374
A2A825,-0.018901428,0.11295562,-0.012127871,-0.0060681645,-0.0116176605,-0.015111961,-0.008178551,0.036440693,-0.028511895,0.010092803,0.07011832,0.025004346,0.09353999,0.023866741,-0.007099311,-0.023537306,-0.0052125137,-0.05407786,-0.030867454,0.11477972,-0.030687915,0.016434314,0.038250837,-0.04920115,0.111339845,-0.023124268,-0.095155075,0.011339733,-0.015025801,-0.020171778,0.061793163,0.03099786
P00359,-0.01927708,0.098628335,-0.015308037,-0.00033331648,-0.016093891,-0.0044164443,-0.01303461,0.027439954,-0.034426186,0.011300555,0.068224065,0.011969654,0.102179095,0.007885135,-0.013774828,-0.027361525,-0.0059406934,-0.06291345,-0.035031516,0.12077451,-0.033229154,0.007673131,0.044597138,-0.05102619,0.10799829,-0.02978867,-0.09456028,0.016072325,-0.0072878166,-0.020879002,0.06550238,0.028831657
P00925,-0.02121698,0.10749868,-0.011090608,-0.0038262855,-0.012070014,-0.0063147657,-0.017928269,0.03803102,-0.020313624,0.0002538329,0.06790601,0.029994885,0.09068301,0.011259809,-0.0016949698,-0.029547542,-0.0033217287,-0.0635432,-0.04250102,0.11822286,-0.027913574,0.008089609,0.05953958,-0.056670144,0.11887454,-0.03099108,-0.09275464,0.014389274,-0.0037080366,-0.0100693535,0.07877083,0.02218678
Q6NUS6,-0.02021952,0.11819281,-0.020716958,-0.012499556,-0.02342872,-0.0056861094,-0.0043860488,0.04004304,-0.022453975,0.005098464,0.067845814,0.0265305,0.091786236,0.026209991,0.006411038,-0.012305734,-0.0029217876,-0.047820665,-0.017797597,0.1212101,-0.016900519,0.006210192,0.05899532,-0.053743035,0.104549184,-0.020392252,-0.0889132,0.021066947,-0.029487457,-0.028452994,0.06961415,0.037841666
Q5A0M4,-0.014485389,0.096318185,-0.01597187,-0.0024220485,-0.017343568,-0.0151793165,-0.02071437,0.024925627,-0.03901951,0.017881922,0.07156004,0.019541973,0.09426814,0.027011225,-0.020494426,-0.028476486,0.0030042653,-0.055964503,-0.022719333,0.114662826,-0.04211265,-0.005031298,0.031372707,-0.04919231,0.109717846,-0.029282035,-0.096856885,0.015261218,-0.005550118,-0.019558901,0.06284646,0.036928643
O70361,-0.02897358,0.10719311,-0.010184073,-0.0016403466,-0.009685127,-0.012407423,-0.026537899,0.029571164,-0.021014456,0.0035009596,0.06596287,0.025417268,0.0949624,0.020372098,-0.019946408,-0.035418045,-0.004298366,-0.063965894,-0.046689685,0.11881496,-0.031102736,0.0050251586,0.05845359,-0.06492208,0.11853252,-0.044839256,-0.105452165,0.0002681762,-0.004688889,-0.022201145,0.08112094,0.030425113
Q04120,-0.021833135,0.10142717,-0.010975421,-0.0020430293,-0.012259038,0.0016224906,-0.007367039,0.026390497,-0.02500679,0.024720306,0.06832495,0.003621934,0.098064885,0.012020331,-0.010294735,-0.030926764,-0.009178804,-0.062133692,-0.028394809,0.118287325,-0.026754962,0.006795112,0.045220055,-0.06331903,0.11106438,-0.025908913,-0.10081427,0.008759625,-0.024723388,-0.03821434,0.0629938,0.03347093
O00214,-0.031027658,0.09954004,-0.018882485,-0.007044017,-0.009937296,-0.00763721,-0.017451596,0.033447318,-0.025236081,0.01628601,0.06462574,0.025566578,0.09656976,0.014469938,-0.008064751,-0.027497081,-0.011292567,-0.06418925,-0.033080883,0.11553244,-0.026206177,0.010305665,0.045326725,-0.050920326,0.12310872,-0.025359742,-0.1044347,0.00024689035,-0.009192867,-0.013209605,0.07352918,0.038482595
P00375,-0.02121851,0.097516224,-0.008579705,-0.009890753,-0.022766693,-0.020972753,-0.017584927,0.025210453,-0.033364188,0.007667051,0.062490795,0.027525203,0.09917745,0.017771143,-0.023175346,-0.030715533,-0.008264481,-0.06266722,-0.03341835,0.118784785,-0.029054362,0.0140129505,0.056494392,-0.059610926,0.1022749,-0.03369761,-0.10413115,0.002315795,-0.00275315,-0.014195227,0.0679102,0.02509482
Q9UQE7,-0.03683489,0.096950285,-0.018496932,-0.0031999436,-0.008632544,-0.010399514,-0.028856225,0.028825965,-0.020592017,0.012469303,0.06046882,0.017778875,0.099239185,0.016231112,-0.018709105,-0.030304559,-0.00052874535,-0.056450088,-0.035076376,0.117787465,-0.030634211,0.002454538,0.046780724,-0.047145244,0.116525665,-0.029664546,-0.09605862,0.007550116,0.0051332195,-0.015462887,0.07136427,0.037422333
O94788,-0.01964166,0.1094998,-0.011944081,-0.009082922,-0.014677544,-0.0044098115,-0.00863519,0.034910478,-0.025658151,0.0013828746,0.068967804,0.023575366,0.09867032,0.018506346,-0.0010062819,-0.01792317,-0.006968112,-0.058667384,-0.03512138,0.11391948,-0.03264466,0.009057079,0.04428778,-0.055925924,0.11472659,-0.020933738,-0.097239956,0.015217999,-0.014240396,-0.010405974,0.0689268,0.03271074
P11103,-0.024240175,0.09981525,-0.010540132,-0.0046675727,-0.012666286,-0.012497693,-0.016492438,0.03156391,-0.030172,0.007284733,0.06723362,0.013866016,0.09970532,0.01905543,-0.011230932,-0.024358109,0.0014771952,-0.05952428,-0.031962346,0.113792054,-0.029392142,0.0017147984,0.042706788,-0.049655754,0.11479245,-0.023373375,-0.09781009,0.010120608,-0.012453314,-0.011419451,0.07077721,0.03694924
Q6UWE0,-0.016985105,0.09960801,-0.00813204,0.0027999787,-0.013703363,-0.011667945,-0.01576938,0.037681058,-0.026718576,0.0072482703,0.07088941,0.019651277,0.09788842,0.02251891,-0.01445934,-0.021401625,-0.0058569387,-0.057466485,-0.030805022,0.112805516,-0.032917075,0.0042214645,0.04210877,-0.05541322,0.11821458,-0.025010917,-0.097116746,0.008890552,-0.00943746,-0.010219579,0.07172758,0.029512916
P15260,-0.021474702,0.09771942,-0.018924247,-0.013248099,-0.015307156,-0.010051872,-0.017231075,0.028569993,-0.027473377,0.014257029,0.06482278,0.009569584,0.10252806,0.027309274,-0.01336094,-0.02918947,-0.0034642518,-0.057015695,-0.01957159,0.1234842,-0.039840084,-0.004171481,0.03936171,-0.05046817,0.108600475,-0.026187474,-0.09157611,0.013043048,-0.02092821,-0.023292905,0.064163275,0.04771022
A0QWG6,-0.019784838,0.10301096,-0.00949419,0.0025577545,-0.009267894,0.008386662,-0.0058914153,0.020551223,-0.023808312,0.010987383,0.061399914,-0.0031967578,0.097526014,-0.0015862349,-0.00066772755,-0.028515626,-0.0209677,-0.067054525,-0.047799494,0.11438596,-0.034588374,0.0029549059,0.04750541,-0.06407219,0.10584085,-0.031805962,-0.09633502,0.017872166,-0.014509266,-0.027971307,0.06143043,0.03162237
A0A1D8PFS4,-0.01357223,0.10776735,-0.025161922,-0.00959345,-0.012455195,-0.0147746755,-0.01806815,0.03548773,-0.012108373,-0.0012746472,0.057689156,0.038451757,0.101153694,0.016564732,-0.012804717,-0.03632131,-0.012699806,-0.06304426,-0.041583445,0.12127829,-0.036119282,0.021955045,0.070818365,-0.06351435,0.10609021,-0.037280373,-0.10739099,0.0039930725,0.009721725,-0.019921113,0.063856564,0.021708375
O35244,-0.029254049,0.11217364,-0.0074939,-0.010176536,-0.0068768566,-0.019525176,-0.008477391,0.03075532,-0.024946658,0.015211937,0.072117984,0.024702812,0.08657077,0.023651505,0.0052232854,-0.013672489,-0.0001070605,-0.0491382,-0.026295664,0.107275955,-0.019911664,0.022541843,0.05143273,-0.043629657,0.090190776,-0.025169194,-0.087886505,0.008130329,-0.012535572,-0.016008293,0.063968025,0.023975288
P61866,-0.029645678,0.11258629,-0.011637211,-0.0028028786,-0.006187793,0.023864513,-0.017243123,0.05095586,-0.011436444,0.0071287975,0.06942534,-0.014129521,0.05999387,-0.024737073,-0.006174488,-0.037731763,-0.04634643,-0.084569186,-0.07230075,0.109710254,-0.04925681,0.012224461,0.030045917,-0.07307796,0.12950256,-0.012516316,-0.10396244,0.013208157,0.0024354449,-0.0146629475,0.09843075,0.048312
O94953,-0.025913212,0.094743215,-0.002529353,-0.01156291,-0.0074487673,-0.021571564,-0.026236469,0.021731019,-0.01346833,0.00598307,0.06951752,0.021380976,0.088059664,0.015620723,-0.01495837,-0.014549784,-0.0076207793,-0.064192966,-0.043587014,0.122043565,-0.029874597,0.0005912784,0.03941045,-0.04312379,0.1221215,-0.015887912,-0.09982007,0.0021567834,-0.004187246,-0.011314804,0.08260699,0.0321724
P13010,-0.030191194,0.094014354,-0.011596483,0.00031047297,-0.012419031,-0.012429815,-0.018344305,0.02505814,-0.029720075,0.008405917,0.063751794,0.011789647,0.10238743,0.012298042,-0.017482975,-0.028911652,-0.0021441786,-0.062368456,-0.032541275,0.11434317,-0.03180556,0.0032298008,0.040153805,-0.048889514,0.11281047,-0.030187564,-0.09718143,0.010862218,-0.008566936,-0.013086963,0.06771057,0.039383978
O60880,-0.030894956,0.097496785,-0.002361955,-0.005042529,-0.016729722,-0.009919641,-0.024917172,0.038681027,-0.029542232,0.0058424245,0.06834412,0.01759979,0.0984552,0.00875919,-0.016887119,-0.033012394,-0.0037617928,-0.06193915,-0.036580607,0.11568447,-0.022294024,0.011144116,0.04197511,-0.051397443,0.117977165,-0.020587279,-0.10615974,0.0051347576,0.0028435367,-0.0067161494,0.07037363,0.023495138
O70394,-0.028201317,0.10483574,-0.011521073,-0.007272279,-0.015432185,-0.012846736,-0.013305026,0.030012926,-0.026602935,0.00927511,0.069919,0.023976726,0.0996999,0.020895455,-0.006569362,-0.028536793,0.0001555509,-0.055251878,-0.031885825,0.11653733,-0.023241915,0.008150513,0.044370614,-0.050184052,0.11547024,-0.029137444,-0.096922636,0.011061898,-0.0098717,-0.015997835,0.06335166,0.036563028
O95154,-0.017331552,0.115124024,-0.0135615785,-0.009610428,-0.015996518,-0.005254355,-0.023714278,0.039037287,-0.008919646,-0.00038347542,0.06352143,0.025667328,0.10456659,0.020154048,-0.021838333,-0.03710743,-0.0020872212,-0.05916067,-0.039378814,0.11918404,-0.029238572,0.015216613,0.06847725,-0.06907815,0.10278706,-0.038788587,-0.10815573,0.005245491,0.00047832652,-0.02043793,0.08973654,0.015250996
P08037,-0.02614614,0.10072491,-0.018749297,-0.006388961,-0.013373698,-0.0041396567,-0.021023681,0.048529483,-0.012362558,0.0009250559,0.06606638,0.02099732,0.100664,0.021225596,-0.0029428534,-0.0195404,-0.009869287,-0.05345667,-0.024532158,0.11756812,-0.022569032,0.0058784727,0.060406636,-0.053949855,0.11623199,-0.024588417,-0.09424132,0.013886586,-0.0045256247,-0.009845765,0.07216908,0.03452645
Q93062,-0.026703771,0.09805165,-0.010731705,-0.006619555,-0.01366753,-0.015583648,-0.02184787,0.029261248,-0.02487293,0.007247648,0.06788474,0.017344981,0.09991937,0.019438224,-0.014527907,-0.027420893,-0.004675641,-0.061170332,-0.034622736,0.12149931,-0.0299872,0.008984224,0.044362158,-0.050104503,0.115032874,-0.025572624,-0.09437245,0.0074818665,-0.0027159713,-0.011885657,0.06965067,0.03331453
P07900,-0.026476972,0.09893453,-0.008838995,-0.0063167284,-0.01569593,-0.007367763,-0.017936366,0.030683536,-0.027072031,0.009470745,0.06621048,0.014277607,0.0952945,0.014471996,-0.01343247,-0.024600966,-0.007606339,-0.05930443,-0.0320774,0.11521148,-0.03075406,0.0016157255,0.04074238,-0.052520975,0.11185913,-0.024398673,-0.0999814,0.009919398,-0.008592429,-0.014438799,0.06999997,0.034221515
P07764,-0.010056443,0.12173291,-0.021889688,0.004304802,-0.014772225,-0.006499931,0.0012144258,0.03645898,-0.030041423,0.012135086,0.06780427,0.030191839,0.0989185,0.022658788,0.0036478424,-0.022043644,-0.004682293,-0.057677653,-0.032040924,0.11238405,-0.02585337,0.01550991,0.05410087,-0.05875063,0.11241642,-0.028251009,-0.09230362,0.020634502,-0.013027429,-0.017658137,0.06839376,0.029477725
P15248,-0.021691313,0.10689918,-0.01874157,-0.007863666,-0.014281121,0.0031381072,-0.012527086,0.036735337,-0.0102959955,0.0015411029,0.063897915,0.021457547,0.106330164,0.022326631,0.004071094,-0.018348282,-0.0072716004,-0.05038452,-0.017409848,0.11083708,-0.028330699,0.0065376298,0.055764545,-0.05883962,0.101299874,-0.025376687,-0.09515154,0.01733301,-0.021729104,-0.020423448,0.061415467,0.034974724
P02730,-0.022171825,0.10496958,-0.014179884,-0.011894828,-0.010396061,-0.0065016844,-0.0044765696,0.02698545,-0.027187737,0.0064094584,0.065087505,0.018938495,0.10298194,0.014394854,-0.0073928414,-0.01805551,0.002205125,-0.055192444,-0.029194266,0.11237926,-0.031084465,0.00697704,0.03944964,-0.048237227,0.11105215,-0.023125729,-0.09821048,0.02009343,-0.023015793,-0.017372267,0.06959549,0.03553084
P00519,-0.025920507,0.10548119,-0.01135365,-0.0029779177,-0.013740177,-0.008188073,-0.011840971,0.035117395,-0.027096879,0.0073319823,0.06642391,0.019779945,0.10079815,0.01616798,-0.007396395,-0.02216673,-0.0040301075,-0.056212872,-0.031649347,0.112353906,-0.025053373,0.008220771,0.048475534,-0.05158484,0.11256232,-0.027118107,-0.09617824,0.01502669,-0.00840031,-0.0133209275,0.06898885,0.03142333
O75462,-0.031594835,0.08508539,-0.016269732,-0.0057177665,-0.015596174,-0.006764504,-0.028509418,0.037777588,-0.02519043,0.012339221,0.057996925,0.017102167,0.10164231,0.019157736,-0.021616798,-0.033887036,-0.004157683,-0.056563668,-0.015024117,0.11557831,-0.032928713,-0.0009661248,0.046719044,-0.05277127,0.11063435,-0.028544717,-0.1037838,0.010608595,-0.0047673085,-0.010457184,0.06521794,0.036522243
O76021,-0.02448203,0.0840419,-0.010424674,-0.0033093344,-0.013580886,-0.00964131,-0.030469906,0.025387099,-0.02636894,0.011366307,0.06403803,0.005272164,0.0963215,0.013567582,-0.025774485,-0.030407682,-0.011361884,-0.06702551,-0.031422827,0.12017975,-0.041117623,0.001285946,0.036803994,-0.05821191,0.11441581,-0.019834261,-0.09948924,0.0008171551,-0.005930012,-0.012509285,0.06970176,0.035644975
P61978,-0.027189786,0.10972341,-0.01127928,-0.009142814,-0.011062252,-0.008377449,-0.00726218,0.035243932,-0.022960428,0.008138206,0.061484337,0.025454486,0.09901468,0.016073164,-0.0033567448,-0.023948014,-0.0058607766,-0.05044547,-0.030895969,0.11157361,-0.025858434,0.007972751,0.053300425,-0.05654329,0.111482024,-0.028584719,-0.098645516,0.013810384,-0.01516928,-0.01650516,0.07012072,0.030995604
P12104,-0.017518116,0.11950008,-0.0107916845,0.0077756904,-0.01626141,-0.008944011,-0.007969033,0.049427856,-0.0017333416,0.005716247,0.06423176,0.03384949,0.09480178,0.030935002,-0.007118978,-0.02091396,-0.020803481,-0.042312425,-0.026561124,0.10954302,-0.027046643,0.0004279896,0.06371159,-0.071105435,0.12006116,-0.03476366,-0.097877234,0.0005303274,-0.01991419,-0.035047125,0.07450859,0.03320173
P00342,-0.020694626,0.09943452,-0.013845497,0.0015656118,-0.019261332,-0.007258956,-0.012589213,0.03620209,-0.032115128,0.009813188,0.06560702,0.029371511,0.10577425,0.018660042,-0.013565469,-0.026280403,-0.0066512134,-0.054463014,-0.021555923,0.11244846,-0.025741678,0.009443276,0.0455266,-0.057343695,0.11470609,-0.029500823,-0.10129187,0.012809678,-0.01354193,-0.012461594,0.062418688,0.028963955
P09874,-0.024692705,0.102503575,-0.008704743,-0.006589588,-0.013776281,-0.0092549445,-0.0139536075,0.030896656,-0.02473237,0.00697887,0.06601967,0.019527707,0.099479996,0.014858835,-0.011381023,-0.025275484,-0.0029016025,-0.058251042,-0.03351514,0.116403684,-0.029296173,0.005705226,0.047053583,-0.051361647,0.112427846,-0.028686907,-0.097112775,0.012587185,-0.009151606,-0.017265193,0.0720575,0.027960677
Q9C035,-0.027611243,0.10489482,-0.0071480093,-0.0043789386,-0.011788604,-0.0035366698,-0.011958758,0.036223114,-0.02460006,0.010413982,0.06431955,0.0155780185,0.09883639,0.008562767,-0.013643099,-0.02722858,-0.007636234,-0.05624873,-0.03830269,0.11637325,-0.027388819,0.007038656,0.049624883,-0.057313085,0.113496564,-0.028289324,-0.10313309,0.012278014,-0.0070610773,-0.019880647,0.071393415,0.026107343
P04792,-0.025453838,0.11017662,-0.015288201,-0.0059584174,-0.018082377,-0.0034928457,-0.012402817,0.031884473,-0.029104833,0.005295406,0.065367214,0.01603772,0.103018805,0.01318212,-0.0050664195,-0.02970166,-0.006732259,-0.058242768,-0.036208946,0.120952,-0.02577897,0.005895613,0.049344532,-0.05718049,0.11138469,-0.030523062,-0.09252457,0.015912043,-0.011046913,-0.016458709,0.068772346,0.03542688
Q14152,-0.022076864,0.10097879,-0.014762978,-0.0022231846,-0.018788395,-0.022977194,-0.0197996,0.030805727,-0.028711988,0.0015834882,0.06665567,0.027123965,0.09950911,0.022282587,-0.0074994615,-0.02306309,-0.0020862957,-0.060752034,-0.027126025,0.11717265,-0.024372518,0.008029556,0.054000173,-0.050158042,0.11009007,-0.024635188,-0.09616825,0.0027410286,-0.003651638,-0.011007107,0.065709084,0.03169174
P0ABI4,-0.03460085,0.10523551,-0.018179173,-0.010839018,-0.008394639,-0.011110161,-0.003022839,0.018878676,-0.023909526,0.019173319,0.06945003,0.0206792,0.09925508,0.016689166,-0.004203541,-0.0139300665,0.0029040994,-0.058890063,-0.037022967,0.115602754,-0.022920407,0.0072591566,0.029747829,-0.032588318,0.112782806,-0.020072898,-0.09915165,0.010103621,-0.0167164,-0.010272338,0.06414738,0.05124113
P00805,-0.034940958,0.099540606,0.0044571003,-0.019119944,-0.017979672,-0.023649622,-0.026427086,0.034966096,-0.034948077,-0.0061106756,0.071050234,0.029106807,0.08647653,0.015601337,-0.006598386,-0.02584914,0.0004250707,-0.05227398,-0.040597983,0.11059208,-0.023918,0.0009988978,0.03419673,-0.04383854,0.12220763,-0.019047543,-0.10233514,0.008921964,0.009131826,0.010057807,0.07260462,0.029317517
G7JEE5,-0.022678565,0.10824251,-0.013857755,-0.022725532,-0.013869036,-0.022681478,-0.008617983,0.043815605,-0.01980834,0.010444017,0.05826228,0.03472486,0.08870814,0.025153015,0.00063389447,-0.02460751,-0.007619797,-0.06045266,-0.02154365,0.1254581,-0.02216033,0.013440922,0.053493664,-0.041189324,0.107636824,-0.016934773,-0.09861879,0.013972525,-0.011891691,-0.0056574903,0.06856808,0.033373035
O95361,-0.016058775,0.103809245,-0.014758625,-0.01197032,-0.01576693,-0.020321904,-0.015089908,0.038962908,-0.023682963,-0.00052016426,0.060355578,0.036152825,0.09865018,0.021289863,-0.0064310953,-0.031876434,-0.00811572,-0.063757114,-0.0351308,0.12200771,-0.03162006,0.007292002,0.048498906,-0.05226271,0.12648009,-0.019430323,-0.101857096,0.0036123279,-0.0074472916,-0.005447459,0.06528911,0.033685602
P18510,-0.022318918,0.10409403,-0.018359622,-0.0032830788,-0.007936221,-0.0048274444,-0.017149692,0.032251224,-0.024653759,0.009662287,0.06514965,0.012534525,0.09770267,0.015991021,-0.0068597067,-0.025981072,-0.0076196874,-0.060280927,-0.032228317,0.11588667,-0.034300726,0.005123944,0.04570812,-0.056919448,0.11296623,-0.025323302,-0.09606281,0.013413506,-0.009647836,-0.018441455,0.067536525,0.036367938
P05979,-0.0046448307,0.13631244,-0.0028057443,-0.0054570055,-0.011167577,-0.007262495,0.00822231,0.032387182,-0.032425,-0.0015239865,0.065554716,0.031683452,0.11359227,0.010702223,-0.008418995,-0.026558252,-0.0027165087,-0.043451726,-0.038632523,0.10210955,-0.024120657,0.030583367,0.05389618,-0.073210284,0.09820229,-0.039108016,-0.1033765,0.029758872,-0.009606918,-0.024150904,0.07167781,-0.0029789256
P01189,-0.031115163,0.10588949,-0.014045761,-0.008356936,-0.011233054,0.00037493918,-0.016255043,0.03444023,-0.013228193,0.0021029622,0.063697755,0.022858413,0.104099624,0.01948341,-0.0057463585,-0.021993967,-0.0020156512,-0.053736247,-0.033005703,0.11490337,-0.032516688,0.0049903216,0.04695203,-0.050021924,0.11519894,-0.027693894,-0.09470704,0.0142980935,-0.012775612,-0.016619286,0.07072452,0.034709852
O14939,-0.030088939,0.09165174,-0.012270111,-0.0054048486,0.00070654246,-0.0060817967,-0.013026926,0.029420784,-0.03315804,0.012620121,0.0649677,0.008946176,0.10258975,0.0158995,-0.021429593,-0.025507184,0.005160295,-0.056535136,-0.035239782,0.105729304,-0.0384433,0.0076146885,0.040586237,-0.052720353,0.11583835,-0.034987677,-0.11013285,0.013807782,-0.012659599,-0.017259188,0.069939405,0.035136852
O64743,-0.01619181,0.085315496,-0.01844546,0.01402097,-0.012399232,-0.010536686,-0.0052522626,0.02947548,-0.043102823,0.024877207,0.06853206,0.004490506,0.098591015,0.019842913,-0.02226443,-0.0074230554,0.007301256,-0.06322484,-0.023402158,0.10581811,-0.03544579,-0.0037726786,0.043758936,-0.042521063,0.11291949,-0.020786155,-0.09391658,0.0126721915,-0.018415058,-0.016086485,0.07505787,0.03889955
P00958,-0.015527782,0.111362346,-0.012262784,-0.0100319395,-0.017126461,-0.007991633,-0.012945649,0.03254082,-0.014828112,0.01713037,0.068533115,0.027484974,0.09353451,0.038444325,-0.009927564,-0.019093039,-0.00826406,-0.06044315,-0.02375155,0.117378615,-0.03175919,0.0078475885,0.060340315,-0.0700795,0.1114859,-0.02286409,-0.10172117,0.009214114,-0.024600996,-0.03157348,0.07215923,0.038085386
P50362,-0.02296982,0.10717928,-0.0024348963,-0.017680638,-0.029763982,-0.01439699,-0.025534265,0.04360393,-0.019067451,0.0028430917,0.080045044,0.034995236,0.10084742,0.04404524,-0.013526741,-0.020026047,-0.006019915,-0.04340947,-0.02499815,0.11710172,-0.022787785,0.0020004516,0.041004956,-0.052161336,0.12317209,-0.024153177,-0.09412854,0.009880341,0.0004543895,-0.0055798767,0.07148974,0.035297476
Q3Y454,-0.023534795,0.108894326,-0.013823801,0.006420211,-0.01262681,-0.011937725,-0.021216568,0.024337437,-0.033656374,0.008209488,0.06989008,0.026994098,0.091634646,0.017169887,-0.010282902,-0.022112994,0.0033535063,-0.053395417,-0.03368407,0.104711376,-0.03043378,0.00053459563,0.03534573,-0.0498736,0.11207431,-0.030243058,-0.09840192,0.014234894,0.0013601674,-0.011414917,0.07167047,0.03051295
P01270,-0.02758562,0.10359805,-0.01686487,-0.0064755324,-0.014653798,0.0010125241,-0.013854219,0.036863096,-0.022964315,0.010882773,0.059419494,0.014190944,0.09859017,0.013210591,-0.011192631,-0.022365814,-0.0038786712,-0.056775637,-0.027642043,0.11466997,-0.029050695,-0.0012823488,0.046917453,-0.05377214,0.11131036,-0.02013484,-0.1036804,0.015273035,-0.013961103,-0.015681364,0.073738724,0.0379615
Q13200,-0.021455426,0.1089671,-0.018484462,-0.0071009337,-0.011383386,-0.00074532867,-0.0072864243,0.03441439,-0.018468266,0.0034783198,0.058902502,0.023375839,0.09618079,0.008821179,-0.0016321997,-0.024355194,-0.011891288,-0.058078893,-0.027506355,0.11667384,-0.03277411,0.004190901,0.04926302,-0.0608435,0.109452866,-0.023869762,-0.10514075,0.016625533,-0.018418478,-0.022322694,0.062219772,0.03329032
P36776,-0.026053602,0.09847059,-0.009341444,-0.0021535151,-0.016710216,-0.0119624045,-0.021046296,0.03559371,-0.025088921,0.00515307,0.06592085,0.018068377,0.099732384,0.01961894,-0.015103626,-0.024615187,-0.0052953493,-0.057608396,-0.030240577,0.1158614,-0.028364375,0.007455169,0.037723567,-0.04495401,0.11659767,-0.021493021,-0.0950231,0.00868574,-0.00713933,-0.012570521,0.06606002,0.033456303
O96020,-0.02873293,0.09698132,-0.009785466,-0.010260748,-0.016853288,-0.004850284,-0.0043879244,0.03846207,-0.021396946,0.015797097,0.06748039,0.0005219281,0.087059245,0.011713329,-0.0018659076,-0.018224299,-0.016488565,-0.0636591,-0.023061635,0.12585245,-0.027679741,0.0014815405,0.045909986,-0.05103684,0.104113996,-0.013824781,-0.09785069,0.009747023,-0.024126882,-0.022014415,0.06437406,0.044762082
A6NIH7,-0.008158552,0.108745076,-0.0145394,-0.003699764,-0.014878213,-0.023601076,-0.007595432,0.038572166,-0.025354397,0.012000298,0.072013006,0.02480432,0.10063714,0.036262285,-0.011824904,-0.027701229,-0.0036673888,-0.05149538,-0.0128265,0.11652424,-0.027792599,0.019239364,0.048529565,-0.05640163,0.09303469,-0.030826664,-0.104083434,-7.327665e-05,-0.02530908,-0.023971701,0.058733743,0.027407292
P00346,-0.026206484,0.12539808,-0.0034360318,-0.021428304,-0.015924145,-0.007027317,0.0032243552,0.038388327,-0.0271288,-0.0071507553,0.065355465,0.031326372,0.109255925,0.0046613584,-0.00014962256,-0.018467084,-0.0020018152,-0.043835815,-0.041825764,0.113382444,-0.0057339026,0.028056834,0.052930743,-0.05246494,0.105935425,-0.027177714,-0.10047811,0.02640779,-0.0067846132,-0.004021706,0.07393205,0.010792908
P06241,-0.028554581,0.101953015,-0.015543297,-0.0024439795,-0.01051981,-0.006516345,-0.012811924,0.03558244,-0.030905219,0.013018216,0.06642549,0.017856985,0.099362716,0.013399458,-0.012676359,-0.026620353,-1.572264e-05,-0.051916596,-0.030012703,0.112872735,-0.025647065,0.0064609484,0.045749992,-0.051022332,0.11292986,-0.03193423,-0.09873914,0.017273175,-0.00523581,-0.014269001,0.069642335,0.030877063
P16330,-0.015808288,0.108694166,-0.008441662,-0.0020940662,-0.0089650545,-0.012138509,-0.012920629,0.03360716,-0.02675204,0.010332843,0.06826843,0.022675868,0.10072717,0.027682945,-0.01578083,-0.021628343,0.0010496881,-0.052817725,-0.02545099,0.10463454,-0.027401647,0.018286094,0.045815967,-0.060429767,0.10648979,-0.027138378,-0.09979302,0.013900447,-0.022235028,-0.015461154,0.07379585,0.025680028
P02753,-0.019877935,0.10947409,-0.020392088,-0.0045191315,-0.007765815,0.004842578,-0.013008028,0.03964407,-0.0131326625,0.0026447778,0.06298542,0.020216709,0.10155153,0.019331016,0.00088619645,-0.017863471,-0.006211013,-0.053631388,-0.027471894,0.11066208,-0.026319254,0.011010393,0.05540715,-0.0597551,0.10472655,-0.026182266,-0.09836819,0.02071541,-0.018362498,-0.011701456,0.0699068,0.031993147
O15372,-0.030980704,0.09587019,-0.028193323,-0.00372646,-0.012154105,0.0021929399,-0.019241955,0.033172455,-0.0331743,0.010562397,0.05518402,-0.0015371945,0.09890351,0.0017757331,-0.007031517,-0.03786832,-0.014319482,-0.073212884,-0.04105709,0.12916963,-0.03292496,-0.0021478909,0.045904532,-0.051894587,0.11873811,-0.0248747,-0.09599342,0.015999166,-0.0033629022,-0.011185144,0.06355494,0.050777037
A0A3L7I2I8,-0.018663486,0.11679375,-0.0027683007,0.005338963,-0.016679961,-0.015016188,-0.004985345,0.033036534,-0.027981857,-0.0015746529,0.06916181,0.037294466,0.09689029,0.0068387045,-0.0049764435,-0.025886374,-0.009792733,-0.051968735,-0.045430996,0.11482324,-0.016484004,0.026944479,0.06275759,-0.058598317,0.10206027,-0.04361407,-0.09235644,0.015889179,0.0023624476,-0.022546964,0.058551796,0.0031645768
P27302,-0.02990961,0.10388633,-0.0079451855,-0.012082496,-0.01457087,-0.013632347,-0.018056048,0.035900313,-0.018447164,0.005191453,0.067128465,0.02465277,0.099677995,0.015203987,-0.009678172,-0.024749437,-0.013059644,-0.052722953,-0.03229062,0.117340185,-0.024742622,0.011403697,0.04900769,-0.05168901,0.10929906,-0.029559169,-0.09833317,0.0070643043,0.0075469012,-0.0068226946,0.072371684,0.02425054
P04509,-0.02790543,0.07727113,-0.017631225,0.015411148,-0.010282267,-0.013924843,-0.011369435,0.017708667,-0.03239131,0.023047622,0.053593665,0.0012342082,0.10681409,0.016398061,-0.03870001,-0.018696092,0.0021648107,-0.050547794,0.0012835031,0.096996814,-0.037669957,0.007911728,0.042323075,-0.050107438,0.084804855,-0.037410554,-0.09927715,0.008883618,-0.036322266,-0.037421055,0.06306211,0.03882674
O14503,-0.030601354,0.10915771,-0.0074096145,-0.006470817,-0.015199439,-0.0080269035,-0.01523723,0.03258991,-0.021441974,0.0033322251,0.06640785,0.021281186,0.09956214,0.01865412,-0.006563647,-0.024669664,-0.0077540185,-0.056905758,-0.03942489,0.11466698,-0.024224054,0.0042476305,0.052219804,-0.055401158,0.11414818,-0.03364354,-0.09893172,0.009925636,-0.0070245657,-0.015568373,0.072218746,0.034699507
