UniProt_ID,0,1,2,3,4,5,6,7,8,9,10,11,12,13,14,15,16,17,18,19,20,21,22,23,24,25,26,27,28,29,30,31
P11827,-0.13504586,-0.9936363,-0.04226768,0.15700944,-0.49769044,-0.1267142,-0.027554259,-0.0032376684,0.0019374369,0.3307513,-1.2549802,0.09041415,1.1463559,0.36721352,-1.6411207,0.013192475,-0.08536475,0.8154076,0.23493032,-0.4067009,-0.27530754,-0.037550762,3.128654,-0.06935188,0.07214501,-0.022329658,-0.011578259,-0.006067073,-0.37317863,0.061288193,-0.1383272,0.059635844
O75347,-0.05878497,0.2639899,-0.08050265,0.11596267,0.28746465,-0.1271508,-0.08074876,-0.0059140124,-0.060226757,0.014050948,-2.2763236,-0.12901631,1.197932,-0.013226348,-0.3109242,0.60631716,-0.07349267,-1.1116151,-0.39176625,0.8862127,-0.29212603,-0.03698638,1.3906009,1.908747,0.063026726,-0.18683055,0.013179148,0.049086064,-0.11529522,0.015402481,-0.07753594,0.070484
P11655,-0.12027824,-0.5633314,-0.04090998,0.1435949,0.043380737,-0.22787759,-0.029541815,-0.010230739,-0.0012116125,0.24744102,-1.3019427,0.07221691,1.1248106,0.34242263,-1.4603304,0.14878827,-0.07574109,0.32920715,-0.11757243,0.7222971,-0.46286935,-0.050673254,2.0561035,0.12383643,0.06433101,0.019195944,-0.0013835032,-0.013747624,-0.4758078,0.058109734,-0.22196116,0.2258906
O95149,-0.0907461,-0.115753844,-0.08254767,0.15798908,0.2516689,-0.043809373,-0.06455339,0.012337941,-0.052365866,0.009360682,-2.9374,0.17002983,1.1271566,0.3108508,-2.0943673,0.36332208,-0.089267306,-0.17081727,0.112718895,0.403716,0.08637109,0.008964151,2.349206,1.5196809,0.07997922,0.2243166,-0.0093831625,0.06919622,-0.06893186,0.015084634,-0.48510683,0.15948464
P06132,-0.10685041,0.07910966,-0.06930279,0.14382711,0.97477245,0.15983024,-0.056291867,0.03314714,-0.030281644,-0.57872903,-1.9094429,0.8768428,1.6619511,0.22985229,-0.54693013,-0.36786613,-0.08862698,-1.1473223,-0.7184428,1.2808893,-0.88411677,0.059089202,2.0986118,-0.034366883,0.07599292,0.4174122,0.048285317,0.04888541,-1.1750386,0.010018764,-0.13396445,0.2640403
B4XT64,-0.07481001,0.20155872,-0.09918607,0.1092008,0.22606099,-0.1599321,-0.06997112,-0.0050055184,-0.07979882,0.1982032,-2.0436113,0.23163386,1.102974,0.21492068,0.17644535,0.047487736,-0.0788321,-1.5339608,-0.47657016,1.387783,-0.16605046,-0.04338315,1.9300677,2.1593046,0.08674538,-0.34908998,0.024359515,0.09519761,-0.575728,0.0129374815,-0.07329824,0.026331594
O75604,-0.0928892,0.49712104,-0.05677233,0.1356493,0.45548624,-0.022856805,-0.035132743,0.012980406,-0.026558185,0.18956284,-1.9274166,0.53058684,0.8409888,0.2754838,-1.2887532,-0.21758345,-0.06921306,-0.30143112,0.069331154,1.3370671,0.31346065,0.00089424883,0.77110815,0.46765733,0.07135217,0.06614811,0.012735826,0.035193007,-0.55313206,0.029298063,-0.34512925,0.20063515
P26639,-0.07250161,-0.6428392,-0.081232466,0.14925294,0.76910466,0.001555567,-0.07801363,0.02352913,-0.051936667,-0.9127643,-2.1638863,0.108428665,1.6380934,0.20140934,-0.7573929,-0.05055347,-0.08111387,-0.18637033,-0.12897569,-0.6566954,-0.31091616,0.047613412,1.5504279,0.77074164,0.07701326,0.478722,-0.00037007034,0.041814804,-0.4686644,-0.0035050176,-0.116009615,0.14433892
P12425,-0.0746527,0.06826799,-0.0865051,0.12773746,0.34459415,-0.26918256,-0.07863732,0.010320936,-0.06205149,0.304464,-2.4315143,0.09704171,1.3394701,0.28135845,-0.19889696,-0.45392644,-0.08317276,-1.5887471,-0.5191483,0.84649515,-0.37378195,-0.035518035,1.8020387,1.7357677,0.073557965,0.031197071,0.028871039,0.088820726,-0.5347148,-0.0004022589,-0.11694823,0.010876973
O76095,-0.0535809,-0.2292073,-0.08328774,0.12853122,0.8420268,-0.05580477,-0.06988768,0.02405798,-0.060685027,-0.71576905,-2.1352446,0.25067258,1.3801231,0.07008556,-0.44988534,-0.04315064,-0.073374525,-0.8602511,-0.41734624,0.04996589,-0.33647618,-0.019684128,1.2884501,0.6747632,0.068639286,0.26113528,0.0154031245,0.09839757,-0.28493547,-0.017305866,-0.102672316,0.2724614
P63159,-0.025652813,0.2290365,-0.10096456,0.116244756,0.53241295,-0.18923876,-0.09681253,0.007917837,-0.089210995,-0.37234208,-2.4857888,0.067119166,1.0711852,0.12784167,-0.3604253,0.16443911,-0.0724508,-0.81706196,-0.24106158,-0.41580632,-0.17462394,-0.014221782,1.1994338,1.9822813,0.071893826,0.15096492,0.0017194622,0.07490198,0.35985515,-0.02019002,-0.38793945,0.03988954
P46527,-0.061839227,0.09572219,-0.092826426,0.12437519,0.44184586,-0.16326965,-0.06998106,0.008170444,-0.074542925,-0.42481488,-2.1803582,0.45098573,0.8798485,0.13128705,-0.68853104,0.28593525,-0.07656279,-0.6058666,-0.26729676,0.2942701,-0.054945387,-0.033210907,1.907688,1.5016842,0.07990811,0.15276995,0.0020365876,0.09190171,-0.1625185,-0.0009894457,-0.25589862,0.32683104
Q8IZH2,-0.06510427,-0.09985718,-0.06510885,0.13200614,0.54762256,-0.11579397,-0.060557075,0.010101161,-0.043977857,-0.21667944,-1.9331754,0.6030795,0.37008154,0.2384652,-0.6420758,0.25433984,-0.06551663,-0.15137182,-0.061690833,0.30654675,0.22243315,0.0336117,1.3257576,1.1618936,0.07227514,0.033680722,-0.011932629,-0.0067499,-0.13841702,0.018353723,-0.16891572,0.30676353
P54279,-0.040893152,0.21103929,-0.10693509,0.13828681,0.9352421,0.20132536,-0.14402655,0.027040888,-0.08070521,-0.28548753,-3.794421,-0.44956222,2.8152232,0.273153,-1.0459741,-0.29619503,-0.099948585,-2.129515,-0.6388735,-0.005916357,-1.0984693,0.12291173,2.341162,2.7509925,0.057076123,0.5622437,0.047637716,0.052843034,-0.18124485,-0.03205283,-0.52007276,-0.3856754
P07288,-0.08180514,0.06862994,-0.06899838,0.13901941,0.7250707,0.10125345,-0.05226002,0.0072199013,-0.043152645,0.18837973,-1.6222968,0.9395802,0.48921236,0.19329369,-0.62544566,0.2558063,-0.06939116,-0.4539942,-0.3159682,1.1525731,-0.0969533,0.032608718,1.5260565,0.5168582,0.075971365,-0.061236482,0.010630806,0.01877065,0.04632971,0.026331782,-0.19190961,0.33542725
P13686,-0.0755708,0.33494538,-0.050865356,0.13890901,0.40893072,-0.051755004,-0.051408898,0.0053531528,-0.016476752,0.33839533,-2.158516,-0.58560574,1.3729862,-0.1514736,-0.7544526,0.4400048,-0.07246425,-1.0077764,-0.5091952,1.4552794,-0.9439279,-0.06698286,0.5219658,0.39253142,0.04324211,-0.08181201,0.027023792,0.062191542,-0.1988491,0.018016163,-0.040338315,-0.02039932
O94316,-0.06126318,-1.0064931,-0.09181141,0.13787694,1.010708,-0.31755573,-0.08800047,0.019954702,-0.070371695,-0.68240905,-2.1324096,0.71464,1.5289152,0.43290654,-0.44535822,-0.5330081,-0.07906997,-0.74738884,-0.4428243,-0.710935,-0.046849344,-0.023953235,1.8718251,0.7221639,0.082342386,0.35899213,0.00709489,0.07103396,-0.01215107,-0.016443247,-0.21098092,0.44716585
Q12309,0.0050736843,0.38472968,-0.13958183,0.09935272,0.2676929,-0.36763495,-0.14189011,-0.0103781605,-0.14028683,-0.3199448,-3.052526,-0.13967673,1.3773001,0.066276625,-0.18878365,0.71414644,-0.08225404,-1.2640973,-0.4124959,-1.0211419,-0.3035049,-0.06630769,1.7804956,3.377348,0.07797082,0.109170176,-0.00017354489,0.118954375,1.2421954,-0.038540643,-0.5925492,-0.045830857
P23872,-0.02238201,0.037350886,-0.04561679,0.08651482,0.5780536,-0.15416794,-0.043224744,0.010222036,-0.033182707,0.24890196,-1.1588994,0.1953465,0.48575893,0.1265672,-0.2947324,-0.3350794,-0.038974527,-0.76762915,-0.40169805,0.2331138,-0.2728164,-0.03400238,0.35508043,0.41167155,0.032934226,0.18741332,0.0132399155,0.043623358,0.21968508,-0.008862716,-0.040602762,0.18114911
P02686,-0.057799242,-0.31403998,-0.087284565,0.12256123,0.5725637,-0.01790633,-0.092827335,0.008276162,-0.06668353,-0.372999,-1.8883218,0.4155761,1.3366694,0.05466691,0.09036461,0.07103974,-0.07794981,-1.1481017,-0.64173955,-0.20565224,-0.66455585,0.01162147,2.5757267,1.3857876,0.06694297,0.14466232,0.021375038,0.05067135,-0.16059516,-0.001029667,0.035182595,0.18920894
P02747,0.030746847,0.4850781,-0.107642934,0.08751883,1.1954178,-0.2471098,-0.13531478,0.01216342,-0.10945922,-0.5224905,-2.7502491,0.6130881,1.3967688,0.107642196,-0.4305405,-0.12489481,-0.06334745,-1.6964747,-0.8987347,-1.2148845,-0.81872356,-0.020089125,1.5451456,1.8460648,0.04302709,0.6547949,0.027108327,0.082541555,1.3384452,-0.059866272,-0.6987699,0.23417255
Q15428,-0.08941505,-0.031097174,-0.10507474,0.13180323,0.20551354,-0.19564638,-0.07850218,-0.002860888,-0.079362676,-0.7621167,-2.3900175,-0.045063604,1.736829,-0.033902537,-0.6285661,0.5248876,-0.093219526,-0.877479,-0.42589378,0.37503675,-0.51910937,-0.078628294,2.7163835,1.8612865,0.08679145,0.17497993,0.0111643635,0.12841871,-0.80933666,0.010086026,-0.0834024,0.25171217
O95429,-0.074114576,-0.10705765,-0.08296373,0.14641649,0.5959558,0.028597655,-0.08348699,0.01389111,-0.05778441,-0.03342417,-2.2722678,0.15595114,1.1703392,0.11248392,-0.256916,0.030364782,-0.07914977,-0.92550313,-0.22122997,0.63127244,0.05833203,0.038373925,1.4148575,1.6095037,0.07575209,0.009345107,0.0118985735,0.047333077,-0.3988462,0.009007253,0.04717431,0.14269438
P0AFW0,-0.11231385,0.09742182,-0.049228158,0.17021176,-0.31138915,0.016431851,-0.041127402,0.010364636,-0.009213396,0.8716064,-2.0613449,-0.24853227,0.7714871,-0.020113323,-1.6081998,0.129361,-0.08543587,-0.119191565,-0.08943731,0.43010685,-0.7959445,-0.017119896,2.4946074,0.5200137,0.054018002,0.34702355,0.005991454,0.066711515,-0.2569185,0.031555306,-0.024167726,-0.04036945
P06821,-0.067635834,0.29857555,-0.0747732,0.13599789,0.051404476,-0.08273883,-0.07711556,0.0006677644,-0.049525075,0.77416605,-2.3810527,-0.3050078,1.1882102,0.052182853,-1.1879305,-0.048066564,-0.0796036,-1.080638,-0.4827099,0.28316846,-1.0457563,-0.021457534,2.4632,1.6565278,0.04776184,0.45327526,0.02061751,0.08829904,0.09366139,0.0036435947,-0.20851584,-0.108901545
P13721,-0.0897273,-0.14034283,-0.08074953,0.16061607,0.7124766,-0.1482443,-0.06983478,0.0051630535,-0.052643336,0.1383434,-1.9209487,0.6339716,0.7206418,0.10350419,-0.2690295,0.16966738,-0.08144963,-0.6695968,-0.47828537,0.931877,-0.25465822,-0.028975086,1.6243982,0.74044776,0.082777254,-0.047886558,0.0101749,0.055048496,-0.039566975,0.020089876,-0.06738705,0.42952007
P10645,-0.034267437,0.26431888,-0.11199546,0.11319204,0.6534219,-0.20298043,-0.08570913,-0.004223518,-0.10524975,-0.13127725,-2.3031428,0.585497,0.6260868,0.045436747,0.11077,0.65929574,-0.06808263,-1.069793,-0.21238828,0.9291975,0.78634197,-0.084616855,0.63917357,1.9718416,0.09095775,-0.58752096,0.0007861912,0.110040404,0.6344291,-0.0037220963,-0.23502234,0.4050005
P60411,-0.15302208,-0.9456132,-0.036630344,0.15252466,-0.8517931,-0.24837497,-0.006191046,0.0010540106,0.0038650616,0.2730545,-0.8180504,0.6792378,0.05303047,0.41454977,-1.3200275,0.08923131,-0.08205828,1.1877757,0.3849877,-0.08424105,0.34141424,-0.023652792,3.7408192,0.3139727,0.08563638,-0.028124452,-0.029575652,-0.01371013,-0.9891706,0.07327885,0.12596977,0.38146567
O94913,-0.14018515,0.28337294,-0.073508665,0.15415797,-0.11935584,-0.0689317,-0.042358432,0.006896445,-0.030109623,0.21634611,-2.4002805,0.32908478,1.6837212,0.19365656,-2.1867433,0.25192356,-0.10404201,-0.60482144,-0.40352717,1.3843753,-0.8790537,-0.059222095,3.433255,0.6187185,0.07561586,0.48913938,0.030238688,0.115728654,-0.8117706,0.03457857,-0.38327688,0.22223978
P16333,-0.08508431,0.104957074,-0.061797954,0.14363125,0.15365858,-0.17447644,-0.0585447,0.0019186529,-0.032324973,0.26144865,-2.216418,0.06998717,0.94599646,0.11219185,-1.3148382,0.32658193,-0.07764023,-0.32157522,-0.15096714,0.57058424,-0.25789216,-0.04191439,1.7242558,0.95977986,0.061293595,0.110130735,0.0023101391,0.040728427,-0.042431816,0.025853563,-0.24753506,0.19066639
A8I4E9,0.008221052,0.56997746,-0.10323653,0.104480445,0.7544046,-0.24036066,-0.10847819,0.0070774867,-0.10249534,-0.86483496,-2.744982,0.5761144,0.27755168,0.016121417,-0.4600916,1.0588356,-0.06338892,-0.4195412,-0.27064905,-0.7933276,-0.08459926,0.012127303,0.9334862,2.2324307,0.069033794,0.26941666,-0.02191942,0.030059205,1.0592655,-0.028392917,-0.5722246,0.27426165
Q92890,-0.055227373,0.2840753,-0.083227806,0.122073404,0.23805372,-0.04690506,-0.07865599,0.012188155,-0.06411639,0.63007396,-2.2903578,0.22499748,0.77519697,0.37974,-0.6419951,-0.39311895,-0.07409375,-1.0584188,-0.2555451,0.33486247,-0.35681033,0.059958655,1.8934097,2.0307024,0.06704055,0.26780096,0.015049192,0.046178684,-0.007319689,-0.0037359986,-0.31697965,-0.18643881
P0DTD2,-0.061813153,0.067432925,-0.08669821,0.11470003,0.74215454,0.061296463,-0.048877336,0.011311599,-0.062828764,-0.9136074,-1.6614027,-0.0033408743,1.4071863,-0.14256169,-0.16933915,0.46880415,-0.069871366,-0.82056385,-0.53241503,0.8028151,-0.7405435,-0.048246432,1.0363309,0.5442928,0.07223338,0.11756231,0.01976174,0.124945484,-0.6397475,-0.00578501,0.007808206,0.2008259
O62479,-0.043423314,-0.016938958,-0.10249381,0.12631428,0.60209787,-0.21857198,-0.078712456,-0.0034669174,-0.09194958,-0.43837532,-2.178622,0.025953515,0.5624683,0.033024162,0.26468644,0.4813686,-0.06440216,-0.543423,0.033933077,0.3775577,0.658741,-0.032718804,0.30672786,2.2437723,0.091911264,-0.32438737,-0.020252904,0.07359327,-0.11293222,0.0027657454,0.004278664,0.22006151
P47017,-0.037896186,0.16318694,-0.08621651,0.12113655,0.80589145,-0.111274034,-0.08756758,0.007436585,-0.07102495,-0.7578213,-2.351529,0.02903042,1.2230167,0.024330352,-0.21349107,0.123171754,-0.06510989,-0.6993886,-0.1084964,-0.14755219,0.14511125,0.006013872,0.5971949,1.7304897,0.06987178,0.09674209,-0.0015553245,0.039248087,-0.2979263,-0.003488293,-0.14407533,0.1407274
P00812,-0.045762982,0.22204506,-0.107534155,0.14422677,0.39354986,-0.06921256,-0.119094834,-0.008297008,-0.08689918,0.1425749,-2.8666763,-0.3995285,1.4986761,0.026492357,0.095042534,0.37401348,-0.086711705,-1.130574,-0.24497144,-0.17725039,-0.5029991,0.0011141775,1.3311791,2.4017491,0.07999206,-0.357686,0.007979352,0.033014737,0.48368025,0.005591755,-0.3145847,-0.35587278
Q28399,-0.08350613,0.18098742,-0.06910483,0.15745495,0.74602175,0.06030832,-0.073653005,0.011931542,-0.03754558,-0.2490559,-2.1692412,0.24196486,1.0459032,-0.014488597,-0.85073656,0.44910538,-0.080917396,-0.47934484,-0.47448158,0.68252796,-0.848094,0.04955172,1.6686182,0.8836951,0.0643334,0.4564493,0.010957893,0.019241003,-0.35217223,0.01691438,-0.12161603,0.23639359
P36969,-0.09611281,0.2168363,-0.056876265,0.14988491,0.12196815,0.0075035156,-0.040396992,-0.0002766755,-0.025755072,0.45591998,-1.7786553,0.28123963,0.3062756,0.05367284,-1.0573833,0.44240814,-0.07352959,-0.09706277,-0.15786138,0.9348873,-0.46654168,0.0021930214,2.026957,0.8193716,0.066551164,0.015249668,-0.0027586564,0.021969575,-0.22116008,0.039085496,-0.12936997,0.14799058
P09041,-0.119184956,-0.52901316,-0.04281837,0.1772578,0.0056857825,0.106462896,-0.035571598,0.020341292,0.0032882069,0.22147584,-1.9715271,-0.1643,1.0369341,0.12943931,-1.3762876,0.18667957,-0.08548361,0.30367637,0.11802492,0.18149953,-0.50455236,0.030715588,1.8951029,-0.094571464,0.066427186,0.0991355,-0.0038895041,0.009617249,-0.48123407,0.037766494,0.0071849586,-0.07784309
O09061,-0.20271416,-0.65984744,-0.07323146,0.20553188,-0.7147031,0.15005834,-0.00039242455,0.017541977,-0.019894369,0.66146827,-1.8619609,0.8903752,0.5590074,0.6856803,-2.2567532,-0.5548422,-0.109991044,1.0944375,0.92239094,0.68720865,0.9135623,0.054718044,4.0314846,0.53760445,0.13246022,-0.06015663,-0.021066474,0.065135546,-1.449522,0.07551956,-0.22028475,0.038648367
A2ABV5,-0.09064707,0.59125024,-0.043234352,0.105896145,0.36233366,0.16757403,0.008216861,0.027364112,-0.0128271645,-0.044566233,-0.9787951,0.9253455,0.44510093,0.21389611,-1.2581906,0.002435565,-0.058347136,-0.08568599,-0.091589905,1.8664249,0.052705508,-0.0072306544,0.7250894,-0.76946545,0.064327374,0.13620694,0.02491346,0.074627884,-0.65054804,0.019792309,-0.26684275,0.33706728
O55164,-0.08111318,0.23329338,-0.067446865,0.13699415,0.923648,-0.010128792,-0.063514404,0.0020318185,-0.03848438,-0.69631004,-1.6100984,0.3495559,0.91968346,-0.19854948,0.10448614,1.2804962,-0.07260314,-0.53581935,-0.6338543,1.8398858,-0.49436188,-0.007793421,0.32790852,0.54415977,0.07150256,-0.10747441,0.013064023,0.0072534606,-0.4060528,0.030273387,0.11564855,0.5101485
Q8IXK0,-0.08821894,0.8824134,-0.06257882,0.13728294,0.98186433,-0.034558497,-0.05199817,0.010586938,-0.028349468,0.31981152,-2.6288037,0.21871877,1.6640323,0.1486009,-1.1702982,-0.15710214,-0.07643865,-1.5755274,-0.5338544,2.5961003,-0.37739515,-0.04720056,0.21878648,0.42245108,0.060294937,-0.08568485,0.04862816,0.06923912,-0.535326,0.020270744,-0.44117808,0.15010495
P04049,-0.082216255,-0.32511386,-0.08721823,0.13136032,0.27379563,-0.09916163,-0.061870586,0.0020902678,-0.06364327,-0.06760709,-1.8689479,0.29212722,1.0170583,0.21248771,-0.65204257,0.006325556,-0.07818273,-0.59795606,-0.27060124,0.2553695,-0.2673928,-0.01829862,2.5081518,1.4430296,0.08036324,0.13421436,0.0038140349,0.08357957,-0.41140983,0.012423122,-0.088167846,0.1860206
P14859,-0.073939435,0.36552933,-0.08330837,0.13435023,0.6343248,-0.10907587,-0.07530979,0.006818251,-0.058429915,-0.20437673,-2.1034057,0.4102694,1.175675,-0.06439997,-0.53667206,0.3513966,-0.08114239,-1.0966188,-0.74145865,0.9111441,-0.8310547,-0.040462144,1.9355848,0.9979553,0.065516025,0.35041815,0.026836306,0.0909433,-0.2484334,0.0040650154,-0.12521051,0.37109146
P21187,-0.021306336,0.05315758,-0.12240308,0.12003179,0.5640995,-0.12957644,-0.13194636,0.005725074,-0.114733316,-0.057138585,-3.053038,-0.10663073,1.4486048,0.28870088,0.11608937,-0.3802632,-0.0792849,-1.5857388,-0.20948797,-0.7013257,0.029796839,0.055348087,1.7380829,3.4388824,0.081613764,0.10526673,0.0070113284,0.06762235,0.12114262,-0.026578773,-0.27218106,-0.26326928
O94760,-0.07709241,0.10628816,-0.09272988,0.11920835,0.41604,0.00889493,-0.064030014,0.01331529,-0.07049545,-0.3538695,-2.0359483,0.4860548,1.1971098,0.22115926,-0.31078252,-0.2878111,-0.07834105,-1.0378236,-0.2718828,0.50397605,-0.13477947,0.016623722,2.234445,1.5792832,0.08514968,0.12236373,0.01894797,0.08884234,-0.879377,0.0036706843,-0.10652123,0.078568034
P17256,-0.09902617,-0.06116379,-0.0485675,0.14012715,0.60922337,-0.00056487124,-0.046399787,0.014112751,-0.010579575,-0.44324303,-1.8578498,0.18237875,1.412141,0.08891266,-0.9419699,0.34693095,-0.077164166,-0.44392917,-0.3973962,1.1388265,-0.62910116,0.004554585,1.318573,0.11111666,0.06005061,0.16257755,0.019237565,0.00717248,-0.80057377,0.030328741,-0.07977924,0.24868712
P09546,-0.06889773,0.17144054,-0.07318812,0.15657605,0.35391012,-0.035429724,-0.07130628,0.016699662,-0.044557337,0.4294137,-2.554586,-0.20446314,0.9452158,0.034123495,-1.0624739,0.20579714,-0.08075628,-0.7061111,-0.27288583,0.52085936,-0.5697183,-0.0013160981,1.3469568,1.1269057,0.059689954,0.27064258,0.009097131,0.0792395,0.15709485,-0.000909096,-0.17699839,0.012037137
P14738,-0.007620096,1.4084629,-0.1465828,0.09205613,-0.036796927,-0.10323592,-0.16761442,-0.04361667,-0.15434642,1.3274409,-3.2595596,-0.2066351,1.0442928,-0.06816933,0.93034285,0.55960256,-0.07677425,-2.7373047,-0.3729694,0.9796297,0.4261813,-0.0013265783,1.7881726,5.673641,0.07943202,-0.7239459,0.02359893,0.07019466,0.8769469,0.0066166297,-0.18631949,-0.40353045
P31725,-0.029038928,0.23410295,-0.12148829,0.12353365,0.8287533,-0.24363321,-0.11952984,0.0044935285,-0.11462555,-0.38834533,-2.7153077,0.78795356,0.92134154,0.067438334,-0.2583022,0.5214506,-0.08135745,-1.2948704,-0.686104,-0.09678897,-0.2646662,-0.02431289,2.106262,2.2951791,0.081034645,0.34731725,0.008660022,0.10609093,0.70013124,-0.026094085,-0.34390852,0.44857538
O14011,-0.011182606,-0.84041286,-0.13215615,0.12100283,1.0799012,-0.39194545,-0.12741101,0.014061641,-0.13003284,-0.3411821,-2.5944302,0.7387096,1.3059618,0.4050848,-0.022545397,-0.5188531,-0.076547734,-1.470674,-0.6369163,-1.2987912,0.020101964,-0.03738219,2.0747929,2.1014829,0.08571863,0.4529057,0.0057646297,0.14490598,0.9572588,-0.055978224,-0.30408746,0.39257443
P21327,-0.13829958,-0.18750888,-0.0130577255,0.1714763,0.34007296,0.084690265,-0.022116298,0.012756986,0.039266415,0.04448703,-1.6480393,0.38903657,1.449975,0.07729074,-2.046187,0.30632967,-0.08001322,0.449661,0.049859628,1.158692,-0.10508171,-0.028576575,1.4283377,-1.3354304,0.050435722,-0.06487104,0.015369123,-0.039815065,-0.5019659,0.069681875,-0.18013746,0.41346443
O61722,0.020952616,0.21136817,-0.12899691,0.11439973,0.026147172,-0.10303335,-0.13035002,0.0023295223,-0.13615349,0.07265788,-3.086891,0.21398835,0.100500956,0.25691164,-0.89659333,0.34809008,-0.06812818,-0.13239676,0.36867404,-2.5804243,0.36025676,0.077028275,2.3612523,3.731913,0.0789868,0.36764327,-0.044807523,0.05925462,1.662908,-0.040546622,-0.6829132,-0.27035743
P62993,-0.07475425,0.091274105,-0.078826085,0.14018415,0.75698805,-0.0061137867,-0.07489284,0.012023807,-0.050021015,-0.34601504,-2.2909737,0.078709304,1.557697,0.11608604,-0.3974565,-0.07793641,-0.078339435,-0.92002976,-0.3009384,0.61225563,-0.34746185,0.014504107,1.0225977,1.0342457,0.07349678,0.07264846,0.01965812,0.042308692,-0.5630177,0.010009828,-0.1484956,0.029131856
Q3HL75,-0.07534535,0.053217776,-0.066588864,0.15868798,0.77210844,-0.20427784,-0.059372872,0.0069064787,-0.03752427,0.8221281,-2.0410652,0.24982043,0.72213787,0.18075217,-0.8941795,-0.20694478,-0.07411595,-0.88320655,-0.6298642,1.1487842,-0.7922525,-0.052195996,1.1090299,0.33555076,0.059544884,0.18725093,0.019976849,0.074868545,0.40192047,0.0067299465,-0.29601824,0.2590675
O75400,-0.086373754,0.29427195,-0.10491553,0.20412354,1.4968313,-0.061175022,-0.099731445,0.042489458,-0.06230387,0.24807222,-4.163712,-0.24495839,2.3719828,0.193226,-1.1012164,-0.71672195,-0.111483745,-2.3458865,-0.89613277,1.6044354,-1.2963053,-0.018740634,0.8154451,0.6676623,0.07988244,0.36911622,0.05677682,0.17000769,-0.25106823,-0.035762805,-0.52025616,-0.10035676
P68105,-0.045049623,-0.07576713,-0.07711436,0.10547103,0.1295083,-0.1334469,-0.07251126,0.006999846,-0.058848135,-0.5189916,-1.5055547,0.10927439,1.027381,-0.099077836,-0.09988047,0.23968278,-0.07039287,-0.6329716,-0.57247615,-0.8355887,-1.0399578,-0.04259916,2.523181,0.9924819,0.05385792,0.36297867,0.011774462,0.07595308,-0.081569746,-0.00854376,-0.0007717721,0.12586173
O95727,-0.0054433695,0.46333662,-0.10651586,0.10636726,0.63448334,-0.06098984,-0.09487489,0.0016625156,-0.10427293,0.37805504,-2.2968607,0.47600693,0.25181597,0.041674826,0.011176745,0.65851516,-0.060860302,-1.1781216,-0.3799592,0.51508343,0.14498122,-0.015570425,0.6878508,2.1130843,0.07073668,-0.23246878,0.0032657704,0.09137881,1.2788867,-0.022546075,-0.30942976,0.15152067
Q05080,-0.057772946,-0.29844683,-0.10136409,0.14064,0.6433802,-0.16511692,-0.09399157,0.0066089067,-0.07943808,-0.38471648,-2.4340513,-0.1748178,1.5203815,0.056613162,-0.2390673,0.20032826,-0.08369226,-1.0200944,-0.4835209,0.030758172,-0.55789727,-0.032484747,1.6363968,1.6769416,0.07706459,0.15466441,0.009559344,0.09973667,-0.08928609,-0.010666681,-0.098513365,0.12423212
P25233,-0.055696115,0.51216465,-0.086861044,0.13742332,0.48378134,-0.09399429,-0.09509119,0.005616081,-0.066425405,0.0042086216,-2.6572926,0.14335841,1.164297,0.09560331,-0.41775766,-0.08662821,-0.07749169,-0.93322957,-0.10673384,0.09951411,0.010518708,0.013396992,1.2251207,1.8910184,0.07222874,-0.00087256904,0.010149598,0.031381633,-0.081580155,0.0076288423,-0.29424995,-0.04098708
O75129,-0.118754864,0.113439485,-0.03922456,0.15383627,1.3480291,-0.032648884,-0.04155681,0.01442625,0.008220365,-0.7767638,-1.7688491,0.14902712,1.8836772,-0.07537427,-1.0192634,0.95620704,-0.08078101,-0.72501236,-1.0114545,2.8571908,-1.3090749,-0.018302832,0.04444915,-0.8243963,0.052847814,0.47559425,0.040891778,0.010621012,-1.059135,0.035553668,-0.0010138527,0.6285796
Q9GZM8,-0.018592278,-0.0652952,-0.08020305,0.09567025,0.6947022,-0.06282583,-0.09056961,0.010779399,-0.071457945,-0.23404436,-1.9163485,0.23800717,1.0542585,0.34125498,0.0438266,-0.62458676,-0.05417558,-0.9275591,-0.078442015,-0.6131218,0.27092084,0.06620882,0.9226474,2.004279,0.061109614,0.11122183,0.005799709,0.0037679158,-0.0834234,-0.0120838955,-0.18902273,-0.07232576
P0ABV6,-0.020945694,0.16270438,-0.14504473,0.12632927,0.670925,-0.18215822,-0.15177234,-0.012983941,-0.13899031,-0.014119673,-2.8766327,-0.0028738976,1.4864992,0.09962554,0.5165197,0.5025033,-0.08908902,-1.6631587,-0.62356836,-0.18373258,-0.4381526,-0.00029731094,1.7755795,3.465596,0.09176404,-0.065265894,0.012740031,0.08930058,0.8778515,-0.022253068,-0.34234077,-0.066517815
A8KC60,-0.048192736,0.7667146,-0.09547332,0.13402075,1.1151588,-0.19497047,-0.11613805,0.0062491656,-0.07777222,0.4157167,-3.1488233,0.5439025,1.447073,0.08910491,-0.9259849,0.45518374,-0.083614856,-2.053048,-0.9716555,1.8413315,-0.47032923,-0.026931487,1.0771646,1.8773804,0.056944586,0.34924757,0.04289979,0.08573124,0.63653237,-0.011506995,-0.43460885,0.46003008
P63165,-0.08348621,-0.08474241,-0.08269438,0.14415388,0.64624065,-0.021801637,-0.06511718,0.01946811,-0.053568527,-0.24259883,-2.3337264,0.4247631,1.342558,0.20578098,-0.77808595,-0.110560246,-0.083294235,-0.86204827,-0.28372118,0.70069665,-0.122542165,-0.006498329,1.7092612,0.8403047,0.07987974,0.07036764,0.018571785,0.08188635,-0.43301722,0.0048702825,-0.20530672,0.21533597
P10809,-0.05698001,-0.05474555,-0.082628645,0.124876544,0.43208262,-0.11606706,-0.06589543,0.0079954155,-0.06458313,0.11884511,-1.99205,0.36984557,0.7372903,0.19190289,-0.5797188,0.048212335,-0.069002934,-0.6727162,-0.19362146,0.38521698,0.11277478,-0.022414945,1.4366478,1.3028145,0.072289504,0.002223497,0.003768614,0.07678723,0.13893893,0.0011402152,-0.1783848,0.21953124
Q9MZB4,-0.039742596,1.0018191,-0.088711284,0.16104266,1.2095864,-0.1301855,-0.103156105,0.007903215,-0.06757163,0.24670815,-3.1193082,0.1400806,0.80759764,-0.07874852,-0.8733659,0.7581532,-0.07806778,-1.0910274,-0.6758589,1.2825067,-0.8476008,0.006376272,-0.09883429,1.3630035,0.060655646,0.3973907,0.014472643,0.049173072,0.8569951,-0.009989379,-0.53438306,0.20495841
P0DPK5,-0.076246575,0.62752575,-0.10676874,0.09445518,0.7385566,0.12784517,-0.03559431,0.029540474,-0.09307546,-0.46816662,-2.034932,1.3282431,1.0088567,0.66512954,-0.8991649,-1.1343427,-0.0671335,-1.0095328,0.32217062,1.5550954,1.5512621,0.05392526,1.185964,1.7514455,0.11134441,0.049684763,0.023242038,0.13613832,-1.3766217,-0.00576149,-0.48734587,0.25889197
P08902,0.014993731,0.6910642,-0.10817582,0.117622316,0.5955308,-0.3022438,-0.10576194,-0.0016046292,-0.101456165,-0.8730416,-2.7826245,-0.42212716,0.5270127,-0.13976821,-0.03239718,1.511963,-0.06696449,-0.0012254119,-0.08721566,-0.8030584,-0.46820214,-0.04098892,-0.763928,1.8815408,0.07568593,-0.15956414,-0.030545447,0.031362128,1.4287953,-0.026718669,-0.68972206,-0.15742707
Q88YH3,0.022356091,0.9769419,-0.16350749,0.11703336,1.7256606,-0.20344779,-0.17967129,-0.018016094,-0.17267306,-0.22435342,-3.153625,0.38335118,1.5619389,-0.4086619,0.9788237,0.70379424,-0.077459835,-2.984438,-1.3851781,0.94260323,-0.4769112,-0.10054149,0.995517,3.506408,0.07316494,-0.039358974,0.0438222,0.18680336,1.3812608,-0.051586986,-0.2809285,0.6171153
O81770,-0.03762246,0.20255351,-0.12289328,0.14194739,0.2826385,-0.14732003,-0.11620254,-0.011902168,-0.10733434,0.28117305,-2.9871106,-0.6166319,1.2333581,-0.23316829,0.10978443,0.8990325,-0.08886244,-1.5669225,-0.65143734,0.17547674,-1.0089809,-0.07387657,1.9097332,2.6968086,0.075718924,-0.2085166,0.008381893,0.13720964,0.72443324,-0.014296348,-0.112733506,-0.17218557
P15700,-0.09181885,0.02842637,-0.061610907,0.14260878,1.1661965,-0.036076877,-0.07722172,0.027462222,-0.022511711,-1.0528808,-2.0298243,0.44207272,2.1299913,-0.08478457,-0.47229275,0.1937973,-0.08981047,-1.3329943,-1.1676006,1.0777792,-1.5265474,-0.009775252,1.9099978,-0.22317183,0.052388538,0.6324168,0.05388717,0.049410265,-0.976542,0.002377109,-0.01754441,0.5221529
P10493,-0.027199952,0.01634705,-0.106768735,0.1065574,0.6265081,-0.037693013,-0.09193363,0.009065543,-0.093906075,-0.4342162,-2.4360065,0.05330981,1.570607,0.22422849,-0.3978257,0.0055532497,-0.07197111,-1.0127314,-0.15611161,-0.24636017,0.034445032,-0.009720997,1.0736969,1.8024898,0.07727814,-0.05214815,0.011480033,0.09215737,0.31289834,-0.021212041,-0.4212695,-0.07850972
P03615,0.06201145,0.9511895,-0.11920232,0.050578818,0.745503,-0.39303982,-0.12574841,-0.01528272,-0.13906161,-1.1267987,-2.24453,0.30341104,0.40020946,-0.100790024,0.68471414,0.6335111,-0.039803106,-0.8386528,-0.19807053,-1.5609747,0.32718012,-0.046882585,0.10436267,3.2000828,0.06271095,-0.017394692,-0.020641478,0.04211681,1.1209558,-0.041172173,-0.5403421,0.13206719
P28241,-0.05715229,-0.0754878,-0.11458647,0.15590331,0.4941799,0.028820127,-0.13968594,0.009003298,-0.08781591,0.13430563,-3.3316708,-0.08583264,2.0966556,0.07262468,-0.13694306,0.04925109,-0.10563465,-1.8969221,-0.73914814,-0.53723,-1.261377,0.029895151,3.120313,2.2330794,0.074414164,0.041558225,0.034951884,0.06630838,0.4193154,-0.012980181,-0.2890406,-0.33173838
O60906,-0.052331686,1.0523477,-0.079498895,0.15056987,0.4432621,-0.005844295,-0.10123024,-0.0020653543,-0.05015405,0.42640963,-3.0125716,-0.5485969,1.4768137,-0.21369918,-1.1445026,0.7408566,-0.088350736,-1.1858212,-0.7274599,0.6860308,-1.7539158,-0.017598996,1.543851,1.473443,0.043160956,0.31059277,0.029577242,0.049113158,0.5941134,0.0034585623,-0.5460623,-0.22650148
O75334,-0.04913833,-0.8189794,-0.07021308,0.11003391,0.76555836,-0.19407363,-0.054052386,0.010202406,-0.05006053,-0.47747406,-1.6389183,-0.12286406,0.92723083,0.3445625,0.18733229,0.026316479,-0.058236804,-0.67887956,-0.30167475,0.5104198,-0.11689186,0.0056389133,0.49112493,1.1948128,0.07180496,-0.21038543,-0.004799937,0.023652622,-0.48000282,-0.00025783427,0.049684566,0.08261853
O14960,-0.093447074,0.36570892,-0.0719744,0.14511597,0.3231898,0.1450361,-0.051118564,0.009804587,-0.04361151,0.7553741,-2.0596304,0.5700198,0.43066716,0.27842066,-1.164624,-0.10426315,-0.07758353,-0.7559359,-0.3352245,1.2243915,-0.6163465,0.07662658,2.5694718,1.4087288,0.07108514,0.3494428,0.014569707,0.04644435,-0.3799145,0.02141116,-0.23203233,0.020996964
O59734,-0.043621216,-0.8584243,-0.09824096,0.10762061,0.71399224,-0.4321247,-0.080622844,0.0077019357,-0.08666479,-0.74461794,-1.7642453,0.57304174,1.1209999,0.28531358,-0.09966849,-0.108024605,-0.07016874,-0.8631694,-0.5977538,-0.53384876,-0.1347853,-0.07975622,2.1401217,1.3117635,0.07758067,0.2746301,0.0015188722,0.11023964,0.0020348686,-0.021759259,-0.08116038,0.55416757
O60609,-0.067036465,-0.14902169,-0.09031255,0.13901266,0.7111877,-0.13116719,-0.09918013,0.007457871,-0.06694032,0.022493474,-2.6607761,0.0010217018,1.796783,0.34591025,-0.66812956,-0.5991107,-0.08120683,-1.2412994,-0.26551774,0.14387938,-0.11155474,0.027784372,1.6574136,2.0264888,0.07245314,0.26117188,0.018636502,0.048175547,-0.4206993,0.0013177796,-0.24436921,-0.00894253
P01857,-0.052992966,0.55229795,-0.06988994,0.12849292,0.9891863,-0.27150926,-0.064502314,0.013874233,-0.048543666,0.39842936,-2.7255807,0.5852551,0.87150735,0.42989597,-1.5272179,-0.12652345,-0.06887268,-1.0638629,-0.405556,1.6164685,0.01030085,-0.032010585,0.38026428,0.9215744,0.060910106,0.14119509,0.019844647,0.05277527,0.40676484,-0.00238958,-0.7335786,0.3367019
Q0VCU1,-0.03858077,0.19143936,-0.08685181,0.12323348,0.3731288,-0.07455653,-0.09100443,0.0039634123,-0.06662044,-0.31745183,-2.4561155,-0.4088772,1.5290809,-0.021893978,-0.46245897,0.46227652,-0.07469554,-0.6895501,-0.12780973,-0.17769071,-0.26471025,-0.029145457,0.75933504,1.5334572,0.06346018,-0.10097521,0.0066785533,0.05449183,0.31110975,-0.0032081471,-0.28654352,-0.11699788
O15537,-0.05035578,0.581554,-0.09456512,0.1271694,0.60855156,-0.19516712,-0.080421045,-0.0018032528,-0.0788861,0.3799583,-2.6851509,0.3682213,0.5711992,0.32566702,-0.6124596,0.0020656486,-0.07230257,-1.0778805,-0.2939008,0.8572541,-0.21269089,0.012284156,1.2396699,2.2097108,0.07989064,-0.011458549,0.0038629312,0.043793816,0.15149109,0.00397118,-0.52857417,-0.042505596
P16233,-0.1032927,0.09350628,-0.089553684,0.16412959,0.7551345,0.03368342,-0.04732297,0.023260755,-0.056066073,0.50890535,-2.3236833,0.63721573,1.1855996,0.34500068,-0.67727,-1.0224589,-0.085319236,-1.2142141,-0.26302785,1.1261419,-0.18265751,-0.009276995,1.5105072,0.36494547,0.09418583,0.055957347,0.03171579,0.13137178,-0.5805872,0.003769456,-0.2516032,-0.0024505972
P14384,-0.08429598,0.4620342,-0.05399085,0.14048858,0.4216122,-0.021195494,-0.07272515,0.020056333,-0.017123897,-0.09357524,-2.2052107,0.14062965,1.7449648,0.0062421113,-1.5063989,0.119260594,-0.08815838,-0.8276851,-0.71288174,0.58332807,-1.3496592,-0.01007003,2.3076634,0.22945824,0.03929398,0.6887532,0.04229826,0.045155853,-0.25616962,0.0079706,-0.3565848,0.22022392
P05187,-0.08086655,-0.0639933,-0.055892155,0.17876144,0.6667359,0.24947016,-0.058253642,0.033866595,-0.022731265,0.49478206,-2.1097448,0.55490774,0.51215523,-0.008188605,-1.814525,0.22973476,-0.079256035,-0.17844145,-0.3616968,0.45117235,-0.6295064,0.055609044,2.185904,-0.055850387,0.048918586,0.6818196,0.010976384,0.072460346,0.5062697,-0.0008372292,-0.14823578,0.44677177
O75694,-0.110207796,0.4957801,-0.08130932,0.14491144,0.51295877,-0.35661298,-0.08140345,0.00042085536,-0.04797578,-0.90472573,-2.4542413,0.10558691,1.7059368,0.079784036,-0.20472261,0.30987677,-0.09224737,-0.74229467,-0.29262632,1.2596321,-0.099788785,-0.0264594,0.97052705,1.682425,0.09022359,0.13541967,0.014726635,0.01261146,-1.5367749,0.037265062,-0.08803816,0.28667346
P01588,-0.060088594,0.29423344,-0.083384775,0.13449827,0.70286703,-0.052722648,-0.07599812,0.0141104795,-0.05988978,-0.26975653,-2.3269594,0.14984086,1.260416,0.042339977,-0.4921962,0.048067603,-0.075652175,-0.9386098,-0.36270133,0.51102966,-0.37138984,-0.0064852773,1.0318872,1.1166873,0.06903507,0.20720203,0.017613087,0.07445925,-0.23798424,-0.003275259,-0.19177699,0.121489555
P14079,-0.010803784,0.38730252,-0.09633507,0.10783838,0.5415012,-0.13966882,-0.095482096,0.013291259,-0.08616592,-0.6294007,-2.4296985,-0.36747107,1.211451,-0.07465531,-0.12954293,0.16877724,-0.06607257,-0.9170078,-0.26974913,-0.63538206,-0.40587616,-0.014598141,0.6789528,1.9634947,0.05929684,0.32256168,0.004390689,0.09366732,0.1082119,-0.03287261,-0.20944431,-0.05896514
P13725,-0.055163,0.00990672,-0.0946464,0.1266369,1.0215248,-0.056702357,-0.08209646,0.01331034,-0.07317911,-0.35726106,-2.1416752,0.33502293,1.345077,0.17267333,0.15986955,-0.18755192,-0.07536107,-1.4120736,-0.6925498,0.663109,-0.7161542,0.013165339,1.2112011,1.2184583,0.07732671,0.14910376,0.027169472,0.073997535,-0.34835416,-0.011453492,-0.15066566,0.08196499
P0ABE5,-0.06480399,-0.17916249,-0.04736966,0.1147596,0.27463096,-0.1648557,-0.048465155,0.008681315,-0.022872418,0.1611806,-1.6505648,0.26861167,1.1004982,0.26239562,-1.4943416,-0.2565392,-0.06318032,-0.32727355,-0.16848178,0.14967698,-0.05793263,-0.05115778,1.8335167,0.42926827,0.043310247,0.19729614,0.0119201355,0.040023442,0.046213537,0.013715905,-0.31365725,0.3312613
Q13114,-0.06880451,-0.039297055,-0.0647833,0.13800184,0.48342705,0.030898726,-0.07144077,0.012110455,-0.037275262,-0.09672494,-2.0834608,0.14682153,1.0711873,0.16444619,-0.71998423,0.1003318,-0.0730774,-0.4154254,-0.16225666,0.08183158,-0.37682968,0.054126196,1.4475958,1.0406278,0.0628352,0.19623639,0.005231629,-0.0025967127,-0.19117494,0.014984067,-0.16548733,-0.0035201549
P23381,-0.11381124,-0.12329482,-0.069117025,0.14231826,0.10299533,0.11115403,-0.02905248,0.015008141,-0.034055714,-0.10524547,-1.7453082,0.5135818,1.0853041,0.15475038,-1.2206472,-0.058446355,-0.08258791,-0.28754625,-0.057897884,0.70530885,-0.14695784,-0.018401692,2.6813133,0.34087917,0.080863714,0.068002485,0.013039288,0.09392989,-0.8440071,0.027727047,-0.09034072,0.197535
P06454,-0.12381121,0.24723408,-0.08729814,0.1483446,0.381984,-0.11673615,-0.07800336,0.00844591,-0.052069347,-0.10135691,-2.6471238,0.6843223,1.9820884,0.291691,-1.3373483,-0.39166525,-0.10113897,-1.265928,-0.44869998,1.0358019,-0.31337574,-0.013741828,3.229866,1.4225603,0.083400674,0.4332606,0.038068745,0.08265116,-1.1266087,0.026897341,-0.28137293,0.2956876
O95071,-0.051211026,0.18868652,-0.09451434,0.13202327,0.8798771,-0.14595662,-0.091944106,0.007221285,-0.0765009,-0.05049735,-2.495305,0.46253988,1.0848346,0.18572457,-0.18439987,0.11625053,-0.07583432,-1.2361907,-0.41893306,0.86633617,0.067359716,-0.013367862,0.9352238,1.6045384,0.0787596,-0.16739161,0.01639935,0.057359952,0.19236363,-0.0013192823,-0.29150465,0.23905362
P04637,-0.046793547,0.2389976,-0.096274346,0.13228571,0.60091716,-0.108401895,-0.095270514,0.009338511,-0.07744559,-0.0029717684,-2.740883,0.043356325,1.2570733,0.11463665,-0.37633914,0.096049435,-0.079095,-1.251061,-0.35096252,0.34467575,-0.24317415,-0.007522513,1.2653502,1.8782847,0.072425514,0.001303952,0.014612564,0.07610931,0.14974537,-0.009389736,-0.27411255,-0.0034562165
P09956,-0.085784994,0.7263797,-0.066418044,0.13921724,0.19068323,0.0380955,-0.05062267,0.009518647,-0.033827208,0.12577294,-2.1431773,-0.034059726,1.2065701,-0.38648176,-1.5733699,0.8546052,-0.08508709,-0.990244,-0.91603684,1.2097561,-1.7138721,-0.08722377,2.678564,0.3279949,0.03950053,0.7042504,0.036203478,0.15408085,-0.1335626,0.0031322055,-0.09989414,0.33863416
P17506,-0.15302208,-0.9456132,-0.036630344,0.15252466,-0.8517931,-0.24837497,-0.006191046,0.0010540106,0.0038650616,0.2730545,-0.8180504,0.6792378,0.05303047,0.41454977,-1.3200275,0.08923131,-0.08205828,1.1877757,0.3849877,-0.08424105,0.34141424,-0.023652792,3.7408192,0.3139727,0.08563638,-0.028124452,-0.029575652,-0.01371013,-0.9891706,0.07327885,0.12596977,0.38146567
P13667,-0.11773715,-0.5617928,-0.089936055,0.18088806,1.4840583,-0.20121086,-0.0664072,0.017766539,-0.04886969,-0.3531619,-2.7179523,0.58710116,1.9598114,0.5273489,-1.4777482,-0.4424363,-0.09904398,-1.0571293,-0.73890907,1.6905104,-0.69623965,-0.024069835,1.839653,0.3136258,0.0938695,0.34462547,0.029152468,0.08998431,-0.68741655,0.009084804,-0.53925276,0.5153457
P27487,-0.045993764,0.16402438,-0.083308905,0.117465526,0.7243942,-0.1169359,-0.08932303,0.0027420854,-0.06408679,-0.14529702,-2.1549869,-0.016041394,1.3349386,0.036180865,0.014306708,0.15696439,-0.071118,-1.3602321,-0.6528602,0.6027975,-0.6911376,-0.011377548,1.1899546,1.5855433,0.05975047,0.07303191,0.023612145,0.05060252,-0.11210616,-0.0025628747,-0.09980719,0.0768223
O14792,-0.07718767,-0.76431924,-0.09678081,0.14068647,0.11575882,-0.45849127,-0.08447916,-0.005335638,-0.06849495,0.3030088,-2.4963024,-0.35752028,1.7063873,0.4576085,-0.92698914,0.079436556,-0.09326464,-0.75489706,-0.4018535,-0.0358915,-0.69706833,-0.092112124,2.1026466,1.5193442,0.08124793,-0.0021642745,0.0049222987,0.08808589,0.39981115,0.002396325,-0.44393414,-0.06872946
P28862,-0.02144081,0.05250609,-0.1039985,0.12225287,0.55464125,-0.29004174,-0.105026625,0.0053722975,-0.09362348,-0.2531313,-2.8293545,0.09740679,0.89559335,0.30961567,-0.60211104,0.36316362,-0.07405765,-0.59282905,-0.0772979,-0.4452439,0.15566763,5.7150424e-05,0.9239976,2.3356044,0.07890199,0.018183714,-0.013392642,0.0423314,0.7539948,-0.017554102,-0.56742585,0.029404659
O60870,-0.064395614,0.14780998,-0.09864666,0.14196712,0.7463571,-0.21158744,-0.10203367,0.023993291,-0.07249752,-0.3337266,-3.3798394,0.22491485,2.200434,0.47600847,-1.3574135,-0.7505229,-0.093719065,-1.2599785,-0.116598316,0.025965028,0.18388796,-0.011305933,1.6021224,1.6397154,0.08016148,0.20643394,0.026837466,0.08207827,-0.23348549,-0.014413797,-0.71403927,0.034096405
P01584,-0.040801432,0.13044795,-0.0965213,0.11382365,0.63290644,-0.08424974,-0.08921124,0.005323287,-0.08320508,-0.28517953,-2.1683757,0.25868925,1.114484,0.11256547,0.056976046,0.043372992,-0.06915206,-1.0916982,-0.2704744,0.23886614,0.12869875,-0.003248261,1.1484368,1.9147303,0.075885065,-0.08682939,0.010876082,0.06681256,-0.056577556,-0.0056764428,-0.13420029,0.12066883
P09086,-0.08623905,0.6679856,-0.11077229,0.14055894,1.084724,0.024402956,-0.12028977,0.019223198,-0.0784274,-0.73192,-3.1284182,0.49909115,3.0092742,0.019131318,-0.64389235,-0.32077676,-0.1084796,-2.3546164,-1.0686731,0.9752243,-1.1653551,-0.016797103,2.6587095,1.3034624,0.07392473,0.5571327,0.075948715,0.12467015,-0.82038546,-0.011443703,-0.38675353,0.21386118
Q06559,-0.05530678,0.7481396,-0.09007051,0.121395394,0.4544709,-0.14096919,-0.10282075,-0.0039777006,-0.06968821,-0.27991506,-2.8563807,-0.232233,1.9175597,-0.061709907,-0.97218776,0.37875178,-0.08186063,-1.2501374,-0.34962773,0.6443221,-0.25751063,-0.046401143,1.4274789,2.187164,0.05832151,0.17448674,0.024671368,0.070786566,-0.20255075,0.0069132834,-0.3581657,0.12830605
P10082,-0.09475757,-0.38800192,-0.06902713,0.15897065,1.6533701,-0.032337513,-0.066144526,0.010342607,-0.03168201,-0.6905124,-1.648794,0.26639426,1.726283,-0.123630956,0.071131825,0.4757593,-0.078967005,-1.2885623,-1.264224,2.0046053,-1.4435387,-0.026936201,0.6753804,-0.31493044,0.06496082,0.32418013,0.040107895,0.060587008,-0.7160486,0.012154691,0.20656288,0.6143031
P37370,-0.03634229,-0.3413279,-0.11699454,0.11568578,0.55553365,-0.22920091,-0.112416476,0.0020890725,-0.1085581,-1.0549003,-2.5480647,0.34790123,1.2990057,0.15926728,-0.08485932,0.11503594,-0.07794818,-0.79722285,-0.19802447,-1.248341,0.10602559,0.0043386077,2.5288095,2.717527,0.08837366,0.23134232,-0.011614156,0.06940808,-0.21660165,-0.014576759,-0.16777124,0.20335571
P60723,-0.046772342,0.17647019,-0.07210835,0.11811849,0.45390716,-0.15609977,-0.076037824,0.011664419,-0.049321823,-0.3015878,-2.082498,-0.067171134,1.3741499,0.0123855155,-0.6080923,0.25814074,-0.0728754,-0.7797173,-0.45492837,0.11153709,-0.64593935,-0.04677648,1.1471074,0.825642,0.05247456,0.20053117,0.019118084,0.06345503,0.1329676,-0.006686378,-0.25531977,0.12898701
G4NAP4,-0.041832846,-0.33677542,-0.08494892,0.10335908,0.36348966,-0.101932965,-0.07460674,0.009624817,-0.07084083,-0.28666097,-1.4567003,0.3691108,0.5730778,0.09251609,0.30774567,0.42714274,-0.06646745,-0.8113105,-0.6417534,-0.14578862,-0.7550021,0.020169267,2.0232363,1.467207,0.06601477,0.2977409,0.0052234107,0.058227807,0.034624934,-0.012214565,0.12133064,0.1601315
P0DTC5,-0.082238816,0.018903185,-0.030688439,0.11605565,0.4915553,0.040896434,-0.030909393,0.01409108,2.1898002e-05,-0.24501196,-1.0956924,0.4260353,0.7718653,0.076500416,-0.8182958,0.3295854,-0.05835871,-0.14017756,-0.32028452,1.1175747,-0.3262005,0.02071411,1.0437852,-0.08906098,0.04485491,0.21059828,0.014536992,-0.017305408,-0.61776716,0.031600084,0.04147582,0.39190847
P16858,-0.09174416,-0.34122545,-0.06430453,0.13312803,-0.04557813,-0.11732161,-0.03665159,0.009345901,-0.03758381,-0.24282701,-1.5245969,0.67783713,0.34471124,0.17460418,-1.259949,0.57154715,-0.07532793,0.38033277,-0.03747659,0.07678725,-0.016215783,-0.025655817,2.680166,0.5936004,0.07521389,0.18310502,-0.014817739,0.05115966,-0.16163091,0.024848947,-0.1387258,0.45270061
Q15750,-0.101141095,-0.5246829,-0.059782296,0.14571746,0.29863137,-0.03868337,-0.055398542,0.0037827787,-0.028357098,-0.11337684,-1.7210621,0.48701388,0.862633,0.33531028,-0.89440733,0.20951316,-0.07602955,0.12988082,0.09458814,0.4037993,0.30715367,0.039726466,1.9627016,0.9716434,0.07964284,-0.11120862,-0.009481222,-0.029204164,-0.46336323,0.04408416,-0.099011466,0.25584847
P0A855,-0.010662187,0.4179215,-0.120942034,0.12426451,0.6621066,-0.27421415,-0.13074574,-0.0025903005,-0.11398235,0.2285647,-3.087821,-0.0037791089,1.1908687,0.2602612,-0.33563396,0.045300048,-0.078851946,-1.3208251,-0.34706232,-0.3542087,-0.21511652,-0.008167836,1.1296768,2.8714507,0.07615372,0.0503715,0.006376595,0.070061184,1.054134,-0.02669736,-0.6606387,-0.120411806
P41834,-0.13207965,0.7013223,-0.03310618,0.17655692,0.2607556,0.12229903,-0.06409071,0.0122175915,0.020644892,0.4005496,-2.744038,-0.10050647,2.128284,-0.049453676,-1.8167385,0.22928014,-0.09812303,-0.7563375,-0.29422784,1.506296,-0.8916395,0.0015483126,1.6542969,-0.11311996,0.0454634,0.10645902,0.045041617,-0.02312973,-0.641369,0.056940265,-0.29743287,-0.04574497
P12956,-0.06344346,0.3476767,-0.085206136,0.1267485,0.2164035,-0.15927829,-0.08281526,0.0010264473,-0.062369045,-0.018446201,-2.611661,-0.027860953,1.3466175,0.112294294,-1.0318351,0.32113656,-0.08185924,-0.8459681,-0.2731267,0.2998963,-0.4180113,-0.030991958,1.8995093,1.7678983,0.06597294,0.1506741,0.011157486,0.06410799,-0.0066450294,0.0073198136,-0.37582013,0.020377416
O14793,-0.08517902,-0.017072614,-0.07527161,0.14590876,0.68411505,0.035861723,-0.045649532,0.010423417,-0.048222326,-0.46674064,-1.6414607,0.46205077,0.5462567,-0.07858084,-0.29642022,0.533666,-0.07127857,-0.29073614,-0.35645342,0.8169698,-0.44059497,0.0049724528,1.3209608,0.5498127,0.08007732,0.19874416,-0.00085307343,0.06654236,-0.5667585,0.016294364,0.11714484,0.34747759
P0CG04,-0.0829932,-0.4849708,-0.061850328,0.13157912,0.2964859,0.115920186,-0.05579163,0.023339452,-0.03346829,-0.3413362,-1.6469035,0.43178356,1.2022573,0.1433982,-1.5335014,0.20867893,-0.07640565,-0.1335217,-0.2443153,-0.029791772,-0.29447967,0.034070008,2.7911844,0.60152704,0.055254124,0.66256535,0.009184018,0.066310816,-0.32951564,0.005512629,-0.021750957,0.43906724
A4YDT1,-0.04517363,0.8204947,-0.050969135,0.12003595,-0.09335909,0.06645609,-0.05736627,0.0042887046,-0.03225558,1.1537486,-1.9767708,-0.3356736,0.49110374,-0.031728227,-0.72665364,-0.17663501,-0.05388875,-0.6749501,0.22534215,0.55538434,0.3064024,0.0029942244,0.27556476,1.432371,0.040235635,-0.14242472,0.009313154,0.035551485,0.28275636,0.015994625,-0.07328949,-0.25731084
O02649,-0.11699119,-0.54552543,-0.094068795,0.17000271,0.16413325,-0.19919217,-0.092476994,0.0037396569,-0.060494773,0.3827722,-2.7235765,0.14473012,1.4239191,0.47484076,-0.25611046,-0.4818043,-0.1004513,-1.016391,-0.015615597,0.56344277,0.34256643,0.029600643,2.589171,2.3914871,0.10325133,-0.32355458,0.0062626395,0.023646068,-0.8699318,0.034337945,-0.034385875,-0.054126076
O88867,-0.03588198,0.37247264,-0.09543469,0.11453115,0.5572371,-0.0723682,-0.087295435,0.008494003,-0.08094799,-0.21689837,-2.4598222,0.035668522,1.1831485,0.1916725,-0.24038357,-0.1094501,-0.06949832,-0.9742419,-0.065769084,0.11751775,0.14997308,0.012345646,0.75209755,2.0092368,0.07561191,-0.07679094,0.008305381,0.057990234,-0.04072542,-0.0085439375,-0.34055376,-0.10845358
P9WK17,-0.062396806,0.13211173,-0.09617702,0.12848806,0.80446506,-0.12692052,-0.0755798,0.011373799,-0.07472149,-0.15628298,-2.2777514,0.1759377,1.4644436,0.1689264,-0.16035758,-0.3469752,-0.07700304,-1.4031898,-0.43810356,0.9671855,-0.103753954,-0.04429723,1.0372438,1.3538638,0.07981694,-0.067554876,0.027677352,0.11439117,-0.41409087,-0.0074265506,-0.18950604,0.16545653
P00684,-0.03804052,0.26977697,-0.09386846,0.111744724,-0.108943135,-0.052544467,-0.10923339,-0.012017557,-0.08479991,1.2448616,-2.0701623,0.7262382,0.22359788,0.25076956,0.021258295,0.4155972,-0.07392696,-1.1779418,-0.3529706,0.14965805,-0.010917291,0.031085,2.6793995,2.6283677,0.068502285,-0.41277516,0.010194578,0.002752738,1.3075197,0.014260367,-0.27989274,-0.064524144
P55853,-0.041129384,-0.35584962,-0.09416532,0.1271841,0.7422222,0.04270446,-0.09159177,0.013842162,-0.07881002,-0.4904751,-2.2517493,0.2817168,1.112809,0.23067738,-0.02861046,-0.3498947,-0.0683007,-0.7522977,-0.064521946,-0.8659805,0.043031827,0.07528211,1.6178632,1.8622749,0.07930001,0.13846482,-0.0035763942,0.03174093,-0.22028567,-0.0092417,-0.08678108,-0.077129565
P51668,-0.07994099,0.11125574,-0.07549403,0.15599193,0.52964234,0.08976371,-0.07352185,0.0071822894,-0.04899112,0.35639992,-2.1447911,0.58536714,0.5785668,0.17367913,-0.5661728,0.056625016,-0.0767384,-0.48712495,-0.12962103,0.43716288,-0.11944127,0.063326135,1.7899586,1.2254415,0.07786259,-0.01917081,0.0027482295,0.0035516175,0.03062296,0.02473947,-0.1795428,0.06540981
P06881,-0.0340193,0.11915848,-0.10172285,0.11178161,0.81783944,-0.1794816,-0.10025526,0.0025207915,-0.090505034,-0.5339501,-2.2893896,0.31402823,1.1160405,0.10428842,0.22290777,0.16357736,-0.07032317,-1.240393,-0.51459765,0.10109801,-0.24931136,0.0012491458,1.3310745,2.1390257,0.07562956,0.08926794,0.009670961,0.056570776,-0.08136087,-0.011174966,-0.1575389,0.17332214
P12645,-0.027110174,-0.17244296,-0.1133432,0.12475507,0.5123039,-0.04943591,-0.10679726,0.007192787,-0.105567515,-0.2237711,-2.6054826,-0.11473037,0.99095714,0.19201386,-0.4078909,-0.23877554,-0.07138263,-0.9035495,-0.14943352,-1.103359,-0.2483737,0.06924825,2.2129285,3.0456414,0.075588204,0.5801534,-0.011356567,0.08937508,-0.049416542,-0.027614906,-0.13489638,-0.11949209
P16297,-0.049126856,0.5889814,-0.084984556,0.16494974,0.82798326,-0.1368436,-0.095068075,0.008547682,-0.05998068,1.0733402,-3.1052055,-0.21025854,1.1697713,-0.023473963,-1.5748749,0.09779352,-0.08433521,-1.5695062,-0.8979124,1.0503007,-1.3782215,-0.057620537,1.5287354,1.1954709,0.042159155,0.55032516,0.03274177,0.13390349,1.0307484,-0.02105739,-0.51988095,0.14459178
O75897,-0.07329041,-0.20019338,-0.08751697,0.14033204,0.5858082,-0.13396382,-0.07551949,0.020813067,-0.058593053,0.15750319,-2.3230488,0.30664638,1.4672849,0.40560722,-0.6194155,-0.42849976,-0.08698359,-1.0909054,-0.4491014,0.5074079,-0.49000904,-0.0091402,1.6412373,0.84495336,0.07825656,0.09832486,0.027940704,0.080916695,-0.00042467646,-0.007967015,-0.38732067,0.017713394
O60729,-0.083880365,0.22631204,-0.086932406,0.14421244,0.50291836,-0.19930804,-0.07412912,0.0127581535,-0.060635965,-0.19311294,-2.3182793,0.6812638,1.1274773,0.15300867,-0.9846298,-0.017505622,-0.08739133,-0.7565166,-0.47625938,0.36391643,-0.4733821,-0.03486317,2.340387,0.95556366,0.07688882,0.4583055,0.017766956,0.090422176,-0.22768414,0.0034925356,-0.3231303,0.37549624
Q9FNJ8,-0.07192429,0.37716174,-0.0639458,0.11161572,0.31992754,-0.30441663,-0.065321274,-0.012108981,-0.04043625,0.35925862,-2.0330274,0.20239516,1.0361263,0.16682811,-1.6749765,0.5719867,-0.075683706,-0.9805662,-0.9160593,1.4115391,-1.2411989,-0.0709238,2.8115065,1.4636708,0.040971216,0.48401415,0.023817813,0.055933382,0.068599164,0.018340731,-0.47347426,0.45086312
P01282,-0.04332492,0.16133903,-0.11937276,0.11301213,0.80063957,-0.18374984,-0.103051394,0.004952274,-0.10906761,-1.5327322,-2.4464123,0.09218984,1.5938401,0.027317444,0.29811028,0.032313745,-0.075336024,-0.891641,-0.11198413,-0.40889433,0.33880436,0.001983591,1.2280126,2.711733,0.09565396,0.21122806,-0.0025874365,0.08671054,-1.0610633,-0.012130557,-0.06688647,0.21608403
O54924,-0.14430945,0.7639289,-0.032794334,0.17776181,0.33497518,0.08019427,0.004686253,0.032129783,0.018755913,0.35720575,-2.0353136,0.44929633,0.69826674,0.16467573,-1.787624,-0.05649826,-0.084168136,0.042609543,0.116009794,2.5749457,0.006409675,-0.015139315,0.39145833,-0.979548,0.0758433,-0.036710918,0.02203818,0.049194343,-1.1076422,0.047780965,-0.31025845,0.22111331
P08183,-0.037908435,0.25572005,-0.079450786,0.12660508,0.96804804,0.028842596,-0.10353066,0.004143923,-0.068630956,-0.28588116,-2.339214,0.39453098,1.2636514,0.122142695,-0.2185493,-0.21980812,-0.07592981,-1.339685,-0.3570077,0.60529345,-0.09486019,0.03610546,0.99114686,1.4383162,0.05765838,0.1689025,0.023466669,0.042110693,-0.3486369,-0.042613264,-0.15672496,0.16592315
P04591,-0.07241743,0.78279656,-0.04324071,0.16663398,0.48016155,0.21554522,-0.07435541,0.04557206,-0.010740034,0.7869549,-2.308341,0.6040789,0.5734907,0.056911904,-0.57117695,-1.1207036,-0.07480841,-0.97125715,-0.19195478,-0.12203678,-0.48422456,0.12599593,1.5125688,0.3502042,0.04405492,0.60329145,0.034217715,0.00043119988,-0.3297035,-0.00037368387,-0.03364275,-0.1415111
O94868,-0.060411178,0.06957628,-0.06052183,0.12266703,0.36163622,0.034414418,-0.046817828,0.0063543664,-0.040267214,-0.03858459,-1.5025308,0.23908253,0.29533368,-0.19458658,-0.50013113,0.8038107,-0.060011677,-0.42960095,-0.40548858,0.76001537,-0.40449557,-0.018236343,1.498785,0.81944865,0.052532475,0.14527902,-7.0899723e-06,0.06566842,-0.045553453,0.01169629,0.1954524,0.38485542
B5BLW5,-0.20649596,-0.7762004,-0.062953204,0.22883137,0.044246655,0.45662147,0.033899866,0.042321213,0.0008873278,0.28355274,-2.059895,1.2497805,1.1920108,0.5277478,-2.864844,-0.6985165,-0.1071946,1.1787002,1.2175756,1.3749206,1.7918124,-0.04177703,2.3146968,-2.1144514,0.13653049,-0.79969907,-0.001988649,0.13970262,-0.90283346,0.0683894,-0.43919885,0.3098554
P19934,-0.010654745,0.20791669,-0.11955838,0.11575909,0.4333215,-0.2117443,-0.122735135,-0.00041035155,-0.115008704,0.15672088,-2.7990553,-0.047458008,1.1222026,0.24992356,-0.101309896,-0.19264889,-0.07327895,-1.1729528,-0.096666686,-0.8198847,0.17766331,0.0018810277,1.2837727,2.989402,0.07838883,-0.0051931036,-0.0001602636,0.07877057,0.76422304,-0.026201593,-0.44562396,-0.1850759
Q96RG2,-0.08126414,-0.11889533,-0.069436416,0.1264458,0.12546918,-0.01713576,-0.06628514,0.004573856,-0.043262858,-0.24134296,-1.7923942,0.09866051,1.241998,0.048029628,-0.73672247,0.07577718,-0.075813465,-0.49552235,-0.24754265,-0.12493089,-0.4821759,0.009080344,2.5822482,1.3248023,0.061620433,0.35648742,0.00853339,0.044613037,-0.65376043,0.0186284,0.03815009,0.12048912
O14352,-0.06899722,-1.1608996,-0.07931714,0.105257966,0.66380256,-0.5603845,-0.045092992,0.004868918,-0.062784344,-1.115407,-0.9413638,0.7951366,0.7844168,0.25630254,-0.07456229,0.030491564,-0.06468262,-0.28119504,-0.668578,-0.19610304,-0.19540769,-0.12632333,2.2604277,0.40500554,0.07901599,0.32120284,-0.0064514764,0.10530676,-0.55908144,-0.0037870738,0.10947031,0.9009163
Q08117,-0.06062692,0.3205802,-0.069165446,0.12897955,0.44146383,-0.017300144,-0.07363293,-0.0013984197,-0.04533337,-0.040845957,-2.1060212,0.01799066,1.1080594,-0.1440509,-0.7525327,0.56237054,-0.07195284,-0.79959106,-0.49549952,0.48190898,-0.7726696,-0.02965385,1.7826245,1.1112938,0.05085925,0.14035287,0.014565113,0.048212565,0.049569726,0.014259086,-0.12893331,0.1707028
P28702,-0.117978714,0.16910478,-0.06504823,0.16605859,0.14552872,0.017280988,-0.03223234,0.024270946,-0.027179826,0.4796119,-2.255111,0.39766204,0.90073323,0.1925066,-1.4084817,-0.5263769,-0.08582005,-0.51970136,-0.008102098,0.87859243,-0.10885945,-0.014362294,2.0980513,0.33362648,0.07801342,0.25158513,0.015978223,0.10818493,-0.78597283,0.020103814,-0.12404069,0.09566708
F9VMT6,-0.06545537,-0.20631742,-0.061384443,0.117006354,0.4293171,-0.1590062,-0.06370905,0.009000231,-0.033577595,-0.3779491,-1.6840318,-0.074293055,1.5071756,0.058456764,0.017268842,-0.20002173,-0.070108265,-0.91317606,-0.49301127,-0.042646307,-0.80023116,-0.037072152,1.3956496,0.525796,0.055966288,0.062321305,0.022591524,0.034636702,-0.5667188,0.008090381,0.02967909,-0.011421104
P0A903,-0.030569926,0.36592546,-0.0979654,0.13146581,1.3053002,-0.10324437,-0.09384631,-0.0042266315,-0.08085982,-0.3563489,-2.2561646,-0.1878233,1.1897391,-0.3794516,0.30366507,1.2345744,-0.070472814,-1.5793668,-1.1493088,1.5991396,-1.2393888,-0.081932686,0.09335566,1.1337633,0.05910785,-0.019629309,0.025385827,0.11255196,0.5618621,-0.015267584,-0.028953753,0.38745406
P08240,-0.12575106,-0.7072677,-0.103126384,0.20732701,1.2292352,-0.16591181,-0.12363259,0.018253116,-0.047705542,-0.69575375,-3.9333322,-0.6194991,3.703695,0.22391327,-0.8536935,-0.2819017,-0.13104956,-1.9690905,-1.0163493,0.5886519,-1.9183664,-0.022889353,2.4308531,0.84509844,0.087623805,0.27298808,0.052748084,0.07554048,-0.957921,0.004218588,-0.35616478,-0.18136342
P39743,-0.028009709,-0.1664876,-0.099146076,0.12436564,0.9903058,-0.18493587,-0.097132236,0.0046135574,-0.08633177,-0.49782985,-2.5301554,0.10792001,1.0841073,0.11989936,-0.12289415,0.40717706,-0.06901876,-1.0072376,-0.42460883,0.12622148,-0.16109687,-0.011643018,0.78136444,1.8448253,0.07433834,-0.029599134,-0.0014289808,0.0588896,0.35095835,-0.015177193,-0.2411077,0.19650297
Q04439,-0.051531013,0.5204896,-0.08015533,0.122449465,0.51477873,0.024607375,-0.09110012,0.009942736,-0.06126678,-0.16321361,-2.4529026,0.24362622,1.0990275,-0.08825406,-0.57490677,0.3242628,-0.07462146,-1.2392296,-0.56571543,0.30936322,-0.7019625,0.032313235,2.1219919,1.8377581,0.05326409,0.46043012,0.020357285,0.054689657,-0.22852717,-0.0023895951,-0.07077671,0.136043
P08700,-0.061953288,0.3348975,-0.084219754,0.12355205,1.0066522,-0.009813468,-0.08202385,0.019648511,-0.060691297,-0.7914839,-2.2224185,0.28499013,1.5894824,0.09652956,-0.062007666,-0.2499826,-0.07471817,-1.2600176,-0.527473,0.62903965,-0.5047213,0.04501878,1.0251797,1.3167843,0.07107414,0.4119107,0.02893642,0.050256647,-0.9916402,-0.0057094498,-0.08798867,0.13053839
P14324,-0.12473346,-0.1134604,-0.06687324,0.1445941,-0.0063106418,0.019759774,-0.0333898,0.008949278,-0.03018925,0.09218071,-1.6990426,0.8369048,0.9901055,0.2858222,-1.8099725,0.071820065,-0.08937608,-0.09656916,-0.24655232,0.6907636,-0.511644,-0.015588596,3.6687942,0.35077256,0.07758949,0.362562,0.013971901,0.07358001,-0.57933044,0.03530898,-0.31294927,0.34953207
O14717,-0.075327404,0.43569458,-0.100483306,0.14990278,0.6398503,-0.0077763,-0.08582748,0.009754705,-0.07223489,0.079580635,-3.1180074,-0.16522932,1.6960055,0.26953903,-0.5738792,-0.024303155,-0.08791193,-1.1617278,0.057031523,1.2600645,0.31778538,0.012343374,0.24260764,1.8801731,0.09398345,-0.37711695,0.017241197,0.063530624,-0.29607233,0.010092266,-0.42565957,-0.24378556
O43765,-0.08859804,0.1773915,-0.090116516,0.15325049,0.63500684,-0.16000363,-0.08164193,-0.00109522,-0.060347073,0.58711916,-2.7068899,-0.06623637,1.5184703,0.17010409,-0.49308932,-0.048025157,-0.08779733,-1.6044495,-0.5377756,1.7170206,-0.3856886,-0.048827156,1.2750455,1.6111957,0.077957615,-0.20843507,0.030087696,0.08872552,-0.24489294,0.016110308,-0.1873752,0.05466103
P46587,-0.062106866,0.13828819,-0.08652991,0.14844632,0.8785578,-0.1284651,-0.10118912,0.008464614,-0.05806981,0.056297354,-3.0959756,-0.25476712,2.1193316,0.1063616,-1.1210775,-0.05654706,-0.08769046,-1.5448307,-0.61868536,0.67996967,-0.77299124,-0.038357053,1.4237218,1.3712251,0.057159603,0.23193415,0.033357807,0.083881974,0.091850154,-0.0060572755,-0.40364945,0.065399066
P06106,-0.083052024,-0.04168,-0.0715655,0.14292522,0.8050868,-0.021449719,-0.059661765,0.027797738,-0.039076414,-0.16722587,-2.4914873,0.32350656,1.5336238,0.41935968,-0.6392812,-0.7984701,-0.07939935,-1.0521182,-0.10080515,0.8315488,0.12561072,0.025590131,0.97495323,0.71260536,0.07992562,-0.13365552,0.025188772,0.04228236,-0.8102271,0.00667958,-0.3122378,-0.026765874
P27986,-0.072463766,0.015008789,-0.06688378,0.1342052,0.45333642,-0.029963253,-0.05467128,0.015861424,-0.041337382,0.07444522,-1.9402883,0.36697486,0.94918185,0.16535069,-0.9593009,-0.09482186,-0.07059696,-0.4953757,-0.13619418,0.4826964,0.020318866,-0.009332335,1.3424029,0.645761,0.0649126,0.1619067,0.01071807,0.06429412,-0.12761918,0.008224493,-0.16972068,0.22634505
O74966,-0.039279055,-0.80590343,-0.10515609,0.10644629,0.7802775,-0.43750918,-0.09055439,0.00641668,-0.09563958,-0.75414157,-1.932398,0.6069825,1.1929117,0.30949378,-0.017180363,-0.13151082,-0.07171925,-1.0402952,-0.6207146,-0.52082723,-0.0667145,-0.07163245,2.1831877,1.6406544,0.080379315,0.25002125,0.003082163,0.10933577,0.03236246,-0.02425751,-0.11648358,0.54240924
P27695,-0.07424839,0.2001772,-0.08134527,0.13613074,0.270502,-0.020318918,-0.06741256,0.009581356,-0.05585905,-0.044948217,-2.28037,0.21479121,1.0668194,0.16874538,-1.0511307,0.16378617,-0.08016967,-0.46753132,-0.09703992,0.3397134,-0.17303248,0.004961418,1.8801926,1.342425,0.07389896,0.14337225,0.0063385963,0.06049022,-0.16185832,0.01080673,-0.32088527,0.07391076
P0AA37,-0.028253978,-0.075370565,-0.10165242,0.107240036,0.3694512,-0.18850896,-0.10469045,0.001684276,-0.0929216,-0.17713188,-2.341638,0.57295793,0.90247476,0.15050365,-1.0091506,0.35384458,-0.077018015,-0.9837734,-0.76204896,-0.9694462,-1.0520657,-0.0047787577,3.7031865,2.1664498,0.05659469,0.7460021,0.0059345984,0.08867389,0.70133543,-0.02460814,-0.40126306,0.27942288
O75886,-0.080962874,0.027541528,-0.114717744,0.14622541,-0.055944595,-0.034268808,-0.0863052,1.5524527e-05,-0.09102944,0.24820189,-2.3248205,0.19994117,1.1961229,0.078337274,-0.40651724,-0.057111066,-0.09541342,-0.9364417,-0.33223677,-0.41963354,-0.74338514,-0.029757464,3.387437,1.8652759,0.091602184,0.12270362,0.013109763,0.13289142,-0.009342194,0.001391345,-0.2007525,-0.13993481
P30575,-0.06808933,0.24660836,-0.080654345,0.13883387,0.74026704,-0.16117868,-0.08939787,0.0022621846,-0.054070316,-0.07416915,-2.5941043,-0.022365678,1.7143296,0.07459578,-0.809194,0.014793849,-0.08164287,-1.248746,-0.5750846,0.68986124,-0.68995166,-0.035146758,1.5325043,1.3468592,0.060440466,0.21805911,0.02650371,0.059655543,-0.19869366,0.006884404,-0.29610512,0.14916249
P31658,-0.031903632,0.17462687,-0.09980181,0.137486,0.43404037,-0.2076615,-0.09046317,0.0072148074,-0.08635973,0.45379427,-2.724199,0.20929347,0.48004916,0.18749128,-0.78392416,0.21765232,-0.07619453,-0.8485899,-0.31090787,-0.08173645,-0.30764455,-0.029444002,1.6733342,1.8722659,0.07165321,0.045508254,-0.0030396136,0.09434635,0.9970318,-0.019197425,-0.4956685,0.06363956
P05219,-0.09295204,-0.20678176,-0.09881875,0.12309693,-0.21010345,-0.11536033,-0.075661786,-0.00825343,-0.07699062,-0.86416095,-1.9499983,-0.1398204,1.3196638,-0.14964122,-0.22285001,0.63640153,-0.086061075,-0.53565204,-0.20180771,-0.22495797,-0.29780447,-0.029568639,3.3846388,2.5510507,0.08508962,0.25504234,-0.0066900314,0.09804627,-1.3118848,0.0225599,0.32752183,0.205405
P35846,-0.031181524,-0.12251267,-0.104330525,0.12826568,0.96936774,-0.065267794,-0.10464213,0.015555382,-0.08682663,-0.15219383,-2.5384007,-0.029974569,1.5441399,0.040762234,0.36949348,0.037369616,-0.078150764,-1.7977377,-0.74100906,0.4071857,-0.61584854,-0.02236202,0.98696834,1.5170346,0.07007344,-0.11068156,0.030284358,0.10718858,0.33663398,-0.029342074,-0.10230599,0.028201591
P05122,-0.12166194,0.21954891,-0.04723833,0.14553216,0.09394018,0.09426321,-0.024417406,0.021515127,-0.007949438,0.056059152,-1.5949516,0.7376831,0.85976094,0.18692681,-1.331629,-0.06092782,-0.08066071,-0.07444415,-0.02405851,1.1066883,-0.04232521,0.010702515,2.1242583,-0.11160219,0.071383394,0.14900276,0.018439535,0.03575049,-0.87909746,0.03955708,-0.1334554,0.27658242
O00451,-0.037132293,-0.08406743,-0.10641176,0.11711023,0.49829516,-0.1803246,-0.11736214,0.008852873,-0.09254954,0.084204264,-2.7639859,-0.07534663,1.8958927,0.35429308,-0.66816133,-0.82447547,-0.08088802,-1.5879865,-0.4378059,-0.8232801,-0.5116265,0.020865517,2.4779932,2.606637,0.0634835,0.6166586,0.024028977,0.0951936,-0.036921177,-0.028118467,-0.3401803,-0.14602055
P18054,-0.06237626,-0.3342067,-0.08542753,0.14031547,0.6191026,-0.098940596,-0.07275969,0.014741196,-0.061010577,-0.031854376,-2.2510245,0.0040512383,1.1137723,0.14549007,-0.14549062,-0.0055754324,-0.076917246,-1.0260903,-0.3780126,0.4732797,-0.30535078,-0.017952697,1.2464876,1.1727712,0.07526794,-0.108834684,0.010985446,0.08258277,-0.11051289,-0.0051476904,-0.03908683,0.07027678
P23568,-0.052813746,0.4267313,-0.13184117,0.16810377,0.69515014,-0.29519713,-0.13560963,-0.012685029,-0.11350114,0.8656946,-3.7433214,-0.5859094,1.6473137,0.024452016,0.09165883,0.13062933,-0.096157745,-2.1833313,-0.47884235,1.1521823,-0.1448232,-0.07812835,0.71163493,3.177104,0.09067779,-0.47196454,0.020709476,0.13176858,0.59341437,-0.006776573,-0.27987742,-0.17662287
B2RXH2,-0.11103413,1.0291041,-0.056803625,0.1367283,0.5498808,0.06870467,-0.020717843,0.014639038,-0.016756987,0.18807517,-2.3913257,0.40543023,1.6529937,0.11054926,-2.1473505,0.07080613,-0.08169774,-0.896931,-0.27963153,2.5851798,-0.28965214,-0.084685646,0.92907566,-0.35105097,0.06287858,0.030065915,0.046302736,0.112581395,-0.60272974,0.028997183,-0.605339,0.2563977
P12004,-0.090148665,0.10306497,-0.07476687,0.1430564,0.21323772,-0.04422506,-0.056229424,0.011933244,-0.04434537,0.11008528,-2.1756968,0.1754867,1.1171666,0.22819489,-0.9092337,-0.030254604,-0.08163439,-0.4606724,0.014971267,0.74015534,0.09654635,-0.008978853,1.4782534,1.0289309,0.07939353,-0.082908265,0.009637368,0.05804969,-0.39918655,0.020240176,-0.24286996,0.052219532
Q05513,-0.078504704,-0.2917399,-0.09429148,0.13308662,0.22007428,-0.0981607,-0.08370393,0.007090561,-0.07089521,-0.31728944,-2.1778271,0.30251157,1.4226425,0.18337668,-0.6508991,-0.16599756,-0.08616698,-0.7567316,-0.29359943,-0.49458864,-0.3900722,-0.0012510618,3.0855842,1.708962,0.07876595,0.35740027,0.009470033,0.08234874,-0.47896755,0.0038808037,-0.10786538,0.12350419
P00358,-0.0991096,-0.36999658,-0.061728045,0.1415305,0.27381423,-0.059429947,-0.062905654,0.010268863,-0.024265338,-0.36127308,-1.9002862,-0.056158032,1.7293777,0.13347402,-0.686808,0.07707259,-0.0856936,-0.51706004,-0.34509718,0.2469251,-0.740847,-0.006776941,2.1109972,0.5582115,0.06569788,0.13997811,0.018722726,0.022685673,-0.7445053,0.02545503,-0.040280987,0.05032184
P0AES9,-0.015805077,0.6630439,-0.1005002,0.120388925,1.1275074,-0.20114006,-0.11149389,-0.0068656355,-0.09176829,0.4622188,-2.5678427,0.30213514,0.66596013,-0.03278362,0.42263255,0.8045581,-0.06640757,-1.8412291,-0.9011291,1.5898978,-0.4707325,-0.033124,-0.071820974,2.0026858,0.064336434,-0.2768077,0.022877391,0.054396365,1.1179327,-0.011643645,-0.275247,0.21650064
H2B3G5,-0.13464776,0.534703,-0.060107805,0.15065566,0.78662336,0.12700623,-0.0055809375,0.036123227,-0.014894472,-0.2312559,-1.8461537,1.0661461,1.3865908,0.3744032,-1.7496548,-0.49675077,-0.087179214,-0.51635003,-0.25097466,2.4179702,-0.14974928,-0.015526988,1.2622205,-1.0019884,0.08708626,0.2530412,0.04497015,0.106513776,-1.2256451,0.023753878,-0.50523067,0.40822792
P68036,-0.05215664,0.41736296,-0.09660027,0.1437374,0.44635066,-0.074786484,-0.08556158,0.0085641295,-0.078940466,-0.23169897,-2.7531893,0.24925078,0.6422832,0.114494465,-0.6836841,0.42868403,-0.07730443,-0.32589546,0.15242964,0.03855818,0.36501715,0.022912502,1.0224774,2.0029802,0.087006964,-0.051905237,-0.014409929,0.04472123,0.17765841,0.003755094,-0.3834635,0.049953222
O75888,-0.07378827,0.0598498,-0.09049905,0.13259593,0.48348343,0.14072582,-0.07935553,0.014643159,-0.06558805,-0.4222553,-2.2237914,0.12073918,1.6277604,0.24377312,-0.6173794,-0.49579483,-0.07912548,-0.6673975,0.032696195,-0.2390765,-0.08016303,0.07859548,1.8585863,1.7213595,0.08101697,0.34301633,0.012645948,0.04861394,-0.8470098,0.0052976827,-0.18119991,-0.15660623
P01160,-0.0699473,-0.13421768,-0.10923395,0.1463413,0.6942421,-0.101057075,-0.09083234,0.0033041176,-0.08900938,-0.6647465,-2.2145195,0.24855109,1.056092,-0.11811481,0.3575603,0.44928527,-0.0838728,-0.970156,-0.5419548,0.14600869,-0.5247027,-0.012829964,1.966612,1.805598,0.09167689,0.15679355,0.0031011128,0.09916332,-0.4899151,-0.00074346346,0.15752213,0.25862345
P01594,-0.07656692,-0.21952963,-0.052095577,0.12758422,0.6484274,0.11143134,-0.050096598,0.017423656,-0.024074594,-0.2234062,-1.4249595,0.3807933,0.99583966,0.07430021,-0.8966232,0.20152187,-0.0655784,-0.42422915,-0.44029108,0.70579886,-0.50788194,0.040629875,1.6706109,0.38285598,0.05043761,0.47610244,0.015677078,0.031076485,-0.450708,0.012808251,0.06957325,0.3815516
P06993,-0.11293236,-0.16412058,-0.07185203,0.1597971,1.602165,-0.16543908,-0.08968927,0.006130117,-0.031242914,-0.7401235,-2.3416576,0.6121669,2.7105854,-0.0016710348,-0.96479774,-0.17751774,-0.09385758,-1.7701907,-1.4170754,1.3391513,-1.6810145,-0.05192035,2.3547916,-0.10934436,0.056243513,0.87468016,0.061357953,0.06933825,-0.98231435,0.016043125,-0.095445424,0.68907577
Q8DTS9,-0.09139192,-0.43980488,-0.062059306,0.13878776,1.131851,-0.11595019,-0.06843086,0.016986415,-0.025323678,-0.63794655,-2.0135684,0.2467486,2.095921,0.2461605,-1.1073623,-0.02086991,-0.08320577,-1.017079,-0.91372555,1.0628265,-1.190006,-0.0028769255,1.77075,0.15644766,0.055467416,0.6358694,0.03721602,0.04068668,-0.7273241,0.006976058,-0.20163259,0.4352378
P00533,-0.056325294,-0.11559088,-0.097892724,0.13916981,0.6852901,-0.1772121,-0.08731532,0.007209171,-0.07760932,-0.417034,-2.4918814,0.10319854,1.2058836,0.19030428,-0.42435297,0.15026264,-0.079054944,-0.6717453,-0.19771202,0.06394466,-0.06398693,-0.009823491,1.1803551,1.6723262,0.08434711,0.03945443,-0.0012963598,0.06433737,-0.037231464,-0.0030767794,-0.2836308,0.12500037
Q8WZ42,-0.056133103,0.273271,-0.07658123,0.13013676,0.69257015,-0.04461132,-0.066578075,0.010611249,-0.05585372,-0.050651237,-2.0875208,0.4076047,0.68105423,0.09764752,-0.36315244,0.28496757,-0.06802358,-0.72030807,-0.2680493,0.865749,-0.024257885,0.0021320833,0.7397083,1.0663524,0.07122788,-0.09173538,0.007921366,0.04260447,0.056535117,0.0064453287,-0.19972031,0.20384091
P12318,0.034596026,0.17213771,-0.14777051,0.11899109,0.34363264,-0.13778754,-0.15261146,0.007935844,-0.16261236,0.191339,-3.7265449,0.4539951,0.26348156,0.4526394,-1.2859863,-0.02184168,-0.0688109,-0.41650262,0.57745755,-2.6252773,1.2468953,0.09485586,2.0516405,4.4602394,0.087815255,0.45518628,-0.04766497,0.08733706,1.9590232,-0.05704275,-0.84657073,-0.13015932
P06907,-0.038037118,0.07940016,-0.12197241,0.124872915,1.0119524,0.2767556,-0.14325835,0.022031689,-0.10625193,-0.7938652,-2.5565894,0.19364543,2.061115,-0.050072517,0.8492542,-0.06478689,-0.08916816,-2.10044,-0.8100955,-0.13691822,-0.7507784,0.12741677,2.3915477,2.7914896,0.07601212,0.39669654,0.043095212,0.069844,-0.5844153,-0.029454907,0.16419302,-0.035423607
O15305,-0.10695063,0.1620509,-0.046120856,0.13570805,0.14493926,0.010469196,-0.024927456,0.011642182,-0.009370528,0.10953318,-1.5695913,0.23161167,0.9249866,0.1039762,-1.1968756,0.20927228,-0.07425481,-0.24155553,-0.21461551,1.2873392,-0.46116966,-0.0182915,1.6443053,0.1020642,0.060846295,0.14509189,0.016147878,0.042993203,-0.74178207,0.034725487,-0.08270896,0.19374292
P14550,-0.06706612,0.36687165,-0.055536635,0.13111112,0.70863914,0.049896214,-0.06093106,0.023932738,-0.020398064,-0.123294376,-2.2119775,0.07002587,2.0282714,-0.015939113,-1.3424312,-0.1595166,-0.07932498,-1.1384972,-0.6521693,0.69642586,-1.0791832,-0.06295175,1.4064318,-0.47718638,0.03845022,0.26468506,0.05163293,0.08668531,0.025079455,-0.0039226273,-0.4228221,0.14298663
P67870,-0.073125556,0.010431465,-0.0881704,0.14400876,0.9677447,-0.032971617,-0.08001803,0.009398896,-0.05929403,-0.3735481,-2.3098516,0.14869004,1.6964307,0.054996785,-0.4152775,0.12627438,-0.08291516,-1.1585121,-0.6287627,0.8696732,-0.739574,-0.022127278,1.2648376,0.81448346,0.073749155,0.10928157,0.02798017,0.07762262,-0.27174717,0.002260583,-0.20211013,0.18196905
P28482,-0.08463423,0.09452831,-0.078284666,0.14428823,0.41005212,-0.12502666,-0.07541856,0.0025920498,-0.050335128,0.05009657,-2.301469,0.33909357,1.1323767,0.14312673,-0.87557375,0.20851423,-0.083808124,-0.7286105,-0.38864687,0.5606691,-0.4807425,-0.012208314,2.1839175,1.2704566,0.07171577,0.16198516,0.012127616,0.04353551,-0.18591191,0.019696878,-0.24301895,0.19640714
P09914,-0.06872512,0.17272727,-0.08809353,0.14765058,0.8009636,-0.015975954,-0.082484625,0.017790327,-0.06298963,-0.097791396,-2.6679723,0.34137833,1.2365891,0.2166913,-0.4881089,-0.17661662,-0.08066902,-1.0395592,-0.16958354,0.73837256,0.15730117,0.02529219,1.0348853,1.4158338,0.08202503,-0.07900668,0.015309662,0.053478222,-0.26964423,0.0031542524,-0.25989136,0.091561235
Q7Z3B3,-0.09248722,0.14109595,-0.06462692,0.12159027,0.3986672,-0.009330228,-0.047669947,0.004473602,-0.036741037,0.13358769,-1.6713129,0.6828652,1.1142638,0.24062121,-1.0415897,-0.013592005,-0.07319512,-0.70093125,-0.31252798,1.2451525,-0.06810747,-0.016990615,2.0103633,0.6938628,0.06754466,0.048695385,0.024070332,0.04798764,-0.43899766,0.02897866,-0.21927468,0.33014902
O95868,-0.101512104,-0.4827926,-0.052525494,0.14514925,0.36778414,0.1301639,-0.049057707,0.014805969,-0.019442627,-0.19433698,-1.5295897,0.4313537,1.0176439,0.20276608,-1.036706,-0.0043562986,-0.07337484,0.012084067,-0.023153529,0.2806127,-0.009156615,0.06506079,2.2192855,0.61862046,0.06644341,0.2809821,0.0017369036,-0.00075392425,-0.7569613,0.033422604,0.08044797,0.27988082
E7EZF3,-0.0783453,0.664039,-0.0637363,0.12487545,0.7950734,-0.050943255,-0.059698194,-0.0053007826,-0.036921702,0.08685316,-1.9490196,0.25380802,1.1093539,-0.07230373,-0.6755823,0.61934257,-0.06957073,-1.1761546,-0.7462999,2.1603155,-0.732118,-0.035605475,0.9585543,0.9230984,0.054482866,0.08202111,0.03086602,0.04266463,-0.3689341,0.027458519,-0.13650638,0.36200687
Q16659,-0.12702592,-0.104343355,-0.09268511,0.1555341,0.05685836,0.20515156,-0.044436518,0.022603022,-0.058296476,-0.11440698,-2.2642832,0.6831357,1.41093,0.5536475,-1.2809011,-1.1763407,-0.09100918,-0.1782778,0.6182283,-0.117392145,0.76891965,0.084715925,2.8169785,1.3631535,0.11296814,0.16887017,0.0045165205,0.07731039,-1.4846411,0.027869284,-0.27473608,-0.19751078
O14526,-0.10437914,-0.0374998,-0.08850439,0.16176276,0.49404198,0.21716724,-0.054961342,0.02463053,-0.05453731,0.088666365,-2.3424804,0.4251274,1.2036177,0.31855446,-0.96050996,-0.37935758,-0.088466614,-0.61216134,0.036194265,0.8176202,0.038428307,0.06791452,1.8936361,1.0231282,0.095088296,0.115091085,0.014450863,0.0834095,-0.72639686,0.01259678,-0.19648069,-0.04622789
P14099,-0.078241505,0.25302464,-0.03539769,0.10763585,0.11887789,-0.10692678,-0.034565937,0.014085354,-0.009163485,-0.060129195,-1.0239056,0.64049315,0.45829877,0.14488296,-0.62161094,-0.052777354,-0.06024722,-0.15967746,-0.23456717,0.64081395,-0.13445458,-0.0015635928,1.6443554,0.26336306,0.04850359,0.18262184,0.014426687,-0.007945814,-0.61425775,0.02825183,-0.038569964,0.37460166
Q9CW03,-0.10963722,-0.19614364,-0.088811256,0.16660435,0.0020220473,0.016535262,-0.04499725,0.022411603,-0.052591838,-0.11947246,-2.3380485,0.25370425,1.2555859,0.19100305,-1.6196693,-0.007712853,-0.09658219,0.024432248,0.16539803,0.08161009,-0.0012723863,-0.043303654,2.5057635,0.46683598,0.093415745,0.14504746,0.0023598967,0.1384742,-0.3209454,0.009926097,-0.3329954,0.13350004
P02585,-0.059870537,0.2575347,-0.070716314,0.10551865,-0.22344644,-0.03223925,-0.07480743,-0.003982536,-0.048016213,0.21314031,-1.5271789,0.056126013,1.0002881,-0.15384813,-0.48384514,0.54246914,-0.077997,-0.97201544,-0.89512914,-0.23419799,-1.8172024,-0.030457098,3.670617,1.253955,0.04009037,0.4626469,0.027733037,0.06569816,0.11482155,0.0062361322,-0.046876885,-0.0036325157
O54983,-0.06011107,0.6034163,-0.0984586,0.112191334,0.56924576,-0.013219485,-0.118194684,-0.0037409374,-0.07702638,-0.6381693,-2.5020912,-0.11797239,2.3154216,-0.1291852,0.22261685,0.3687068,-0.08610727,-1.7462744,-0.5713839,0.79937303,-0.3576308,-0.01109238,1.5439036,2.3414564,0.06768315,-0.09511922,0.04243342,0.046230126,-0.66772574,0.011684279,-0.05727586,0.055933032
Q9H6Y7,-0.071564205,0.16709009,-0.07619119,0.14162481,0.17411827,-0.077600606,-0.07632617,0.00268554,-0.053479884,0.37545386,-2.138867,0.19137777,0.68240815,0.14530058,-0.5260701,0.08517063,-0.07495135,-0.47414574,-0.0082459515,0.2568144,0.114876695,0.018509522,1.5616058,1.693161,0.07270337,-0.03587735,-0.0010087212,0.023046026,-0.018050771,0.020763582,-0.12834887,0.03661473
P01704,-0.0829932,-0.4849708,-0.061850328,0.13157912,0.2964859,0.115920186,-0.05579163,0.023339452,-0.03346829,-0.3413362,-1.6469035,0.43178356,1.2022573,0.1433982,-1.5335014,0.20867893,-0.07640565,-0.1335217,-0.2443153,-0.029791772,-0.29447967,0.034070008,2.7911844,0.60152704,0.055254124,0.66256535,0.009184018,0.066310816,-0.32951564,0.005512629,-0.021750957,0.43906724
O48737,-0.0671355,0.2853427,-0.081718996,0.12335739,0.3071204,0.019065365,-0.10053225,0.00192797,-0.054343987,-0.22606179,-2.432113,-0.013775647,1.898383,0.018821884,-0.7693926,0.4475144,-0.089010805,-1.1806041,-0.6188668,0.28565,-1.0254374,0.0080895955,2.6847982,1.672565,0.05549336,0.2048764,0.0327377,0.030837556,-0.13032642,0.0114414,-0.29058164,0.0021695867
O24146,-0.030206101,0.52250826,-0.09749812,0.115437254,0.52807033,-0.19403136,-0.10746985,-0.008974465,-0.084817775,0.36602536,-2.5058324,0.08796256,0.9797625,0.02209373,-0.26326293,0.5356278,-0.074679434,-1.478672,-0.8087099,0.40877587,-1.0556242,-0.021337241,1.7198603,2.2025638,0.05750372,0.2069633,0.01937923,0.06039409,0.73924524,-0.008820745,-0.34716627,0.0010745355
Q9JL25,-0.050291356,-0.6439852,-0.101869754,0.17554745,1.4566071,-0.19853018,-0.09724887,0.025273625,-0.07759628,0.066148415,-3.7465882,-0.08663675,1.4860241,0.3748237,-1.5331812,0.042620562,-0.08600093,-1.3597456,-0.4792821,0.871633,-0.15694231,-0.010923676,0.764076,1.5414042,0.076347575,0.23950967,0.002694361,0.12374131,0.5926527,-0.032903403,-0.4668671,0.29839274
P40054,-0.13133825,0.34731174,-0.051056605,0.1602831,0.04826322,0.2433077,0.022377966,0.028801033,-0.008332994,0.5612974,-1.5694985,0.519271,0.40919495,0.2028687,-2.2153356,-0.024213413,-0.07641629,0.36454615,0.24968143,1.8772761,0.020180225,-0.022554582,1.3007601,-0.89117,0.08040519,0.19927526,0.009112119,0.13656121,-0.6261034,0.029311063,-0.28729692,0.1773094
Q07637,-0.027675072,0.38934687,-0.07688204,0.1179086,1.6120974,-0.16714668,-0.09113509,0.013912954,-0.06484584,-0.50269127,-1.8467131,1.0687456,0.8327301,0.026061082,-0.13644874,0.14507751,-0.05982909,-1.2880956,-0.9241627,1.2002462,-0.15861149,-0.026592178,0.53633666,0.6717668,0.053935517,0.21511348,0.030754438,0.04519558,0.3879281,-0.013668977,-0.28384152,0.8746473
O33983,-0.050318774,1.1176784,-0.045318462,0.17281866,1.6605084,0.22592713,-0.07935364,0.042383756,-0.011151956,0.3607208,-2.6560967,0.3800166,1.0857412,-0.38537833,-0.6112603,-0.0138322115,-0.071780086,-1.824692,-1.1217139,1.8419507,-1.4135401,0.02279786,-0.19617224,-0.73835206,0.02426299,0.5130657,0.062096365,0.06274631,0.32212514,-0.01857191,-0.11351076,0.35324812
O50202,-0.029787824,-0.2539479,-0.093942076,0.096178435,-0.0077322274,-0.5263301,-0.07082678,-0.02145737,-0.09011977,-0.7580355,-2.0994406,0.6974447,-0.066823184,0.19878915,-1.3214507,1.6477782,-0.064665705,0.6370797,-0.014863633,-0.8727471,0.25638866,-0.09956673,2.407161,2.026114,0.08018297,-0.03738852,-0.05375593,0.031254835,1.1454041,0.01133544,-0.618954,0.5739558
P14907,-0.14471504,-0.3768295,-0.08604488,0.20704448,0.55512375,0.105015546,-0.09453068,0.019324409,-0.030087197,-0.23994505,-3.5152419,-0.36389375,3.1103513,0.21829663,-1.3978958,-0.62130255,-0.12288348,-1.1815151,-0.23210545,0.23504476,-0.93755746,0.021750422,2.9650257,0.8285346,0.08884444,0.12597151,0.03864166,0.055828452,-1.2426621,0.030780608,-0.28543767,-0.30224732
P0DJL7,-0.06437773,-0.34018186,-0.03760178,0.09947339,1.1750754,-0.08518304,-0.026617942,0.0048808577,-0.013317699,-0.519747,-0.45634252,0.38236386,0.7036731,0.08430162,0.3061432,0.1933566,-0.042573657,-0.5852215,-0.82364225,1.572219,-0.81140053,0.0048237983,-0.037445217,-0.27209765,0.04752964,0.24847479,0.01844287,-0.008127321,-0.8131034,0.019473337,0.27626896,0.48362073
O75792,-0.13289973,0.17749925,-0.058331247,0.15664738,0.0150639415,0.20285434,-0.043757636,0.016845886,-0.011681948,0.39434755,-2.3917227,0.2869009,1.8053782,0.34891844,-2.0055516,-0.17617232,-0.09727426,-0.5096107,-0.010702284,1.2224149,-0.36886874,0.029858734,2.706688,0.406229,0.072678335,0.072464705,0.03244443,0.036779445,-0.7592969,0.043025956,-0.429568,-0.0993213
P41911,-0.06863056,-0.2053709,-0.086880326,0.14006473,0.8862279,-0.2529358,-0.100474834,0.020105772,-0.056283385,-0.5108101,-2.5418575,0.3424654,2.0669174,0.12257742,-0.95996374,-0.19337773,-0.09758829,-1.6257344,-1.3403605,-0.08911536,-2.0440078,-0.04661569,3.4840457,0.67069435,0.051496577,0.90564233,0.047991503,0.10696768,-0.15494226,-0.024986977,-0.3701727,0.3597
P09913,-0.106686965,0.07072066,-0.06296622,0.14795232,0.2710596,-0.007981229,-0.07405933,-0.0010295281,-0.025470162,-0.08551522,-2.171954,0.080935374,1.7418572,0.13914765,-1.1320168,0.31553268,-0.08875003,-0.4554134,-0.22879684,0.72121036,-0.48123503,0.012133693,2.1171167,1.0130721,0.06659395,0.087982014,0.018872052,-0.010689263,-0.5558125,0.043923263,-0.23058438,0.08856952
P00423,0.008899465,1.0980749,-0.07390623,0.10739964,1.5286524,-0.25424364,-0.108738504,0.004679459,-0.07414703,1.0421478,-2.716773,1.5859683,-0.06949246,0.36180001,-1.4169943,0.35881385,-0.049821544,-1.4650865,-0.8698203,1.4055037,-0.0018686056,0.021207606,0.18931454,1.3877852,0.03587404,0.46180367,0.021916889,-0.0020150375,2.237802,-0.021208521,-0.9410018,0.68728447
Q8TBC4,-0.09201746,0.14451799,-0.06655502,0.13928643,0.24891506,-0.0932651,-0.073049195,0.00030593167,-0.03976001,0.23392196,-2.2605956,0.45055085,0.9503422,0.19892944,-0.98800623,-0.12707473,-0.07853133,-0.765955,-0.26505053,0.39742473,-0.29275474,0.0318844,2.7806532,1.7345783,0.06492234,0.30209428,0.008765644,0.0084309615,-0.63900733,0.03181177,-0.11027828,0.15830405
O00182,-0.044478755,-0.12920278,-0.09896004,0.112905115,0.53910613,-0.112314686,-0.0857634,0.0033419114,-0.084358186,-0.5843254,-2.0764105,0.14666118,1.1232625,0.0538624,0.12154836,0.2373732,-0.0721122,-0.9928751,-0.42784464,-0.15658146,-0.39070612,-0.0094023645,1.8444875,1.9058461,0.07658577,0.068194896,0.005011149,0.076477036,-0.24616349,-0.007968937,-0.04263392,0.10079482
P14902,-0.008475459,0.35540405,-0.13142607,0.108504556,0.04875483,-0.2502009,-0.13290043,-0.012116882,-0.13232678,-0.03794774,-2.7158158,0.01374733,0.8146624,0.11569307,-0.03759862,0.02905041,-0.07679909,-1.0056165,-0.19966066,-1.7166862,-0.3415691,0.0106977895,2.8550367,3.7953396,0.07953041,0.32908604,-0.011979435,0.0837133,0.61736786,-0.025039984,-0.39348468,-0.21334027
O95257,-0.07339601,0.81319284,-0.06446348,0.14114848,0.55946314,-0.046610437,-0.07907815,-0.0040646233,-0.034475558,0.40250692,-2.4362965,-0.2723902,1.4545543,-0.06304209,-0.84435874,0.36493444,-0.07646136,-1.0699656,-0.44457048,1.476708,-0.6880214,-0.019253993,0.59785277,1.2179937,0.05098067,0.054353416,0.028809745,0.022598576,-0.098280676,0.025994793,-0.27551788,-0.0020331144
P21266,-0.061887242,0.10048771,-0.07289317,0.11833474,0.2776241,-0.09269387,-0.05542356,0.006001815,-0.051191602,-0.2794196,-1.6439786,0.018782873,0.8389489,-0.02308598,-0.12997667,0.27341622,-0.066550024,-0.5047241,-0.22789876,0.31984535,-0.28938195,-0.029246513,1.1063349,1.026092,0.06737019,0.021646835,0.0045463247,0.062962696,-0.38129014,0.008646783,0.03217608,0.09867787
Q8N165,-0.17733926,0.9480447,-0.10151993,0.1614159,0.2984711,0.46589842,0.05585532,0.050114635,-0.054480515,0.3708858,-2.1000068,1.7092359,0.7659435,0.7808812,-2.6930702,-1.1041695,-0.09778549,-0.15091054,0.6328064,3.4407883,1.0818313,0.0006378591,1.6157455,-0.9244321,0.14919746,-0.05930233,0.035477556,0.26131442,-1.6510793,0.02156736,-0.8851604,0.08312486
P08169,-0.14851417,-0.48434442,-0.07352093,0.17712942,-0.27686894,0.20914356,0.0018234483,0.026395574,-0.029830614,0.3745226,-1.6242292,0.67389715,0.71320003,0.37785897,-2.158688,-0.22232814,-0.09375154,0.71152604,0.51949584,0.6847563,0.47098866,-0.020609383,2.8637605,-0.38828745,0.10487902,0.04328356,-0.004651087,0.14568363,-0.5773588,0.03218676,-0.2585953,0.20526674
O75962,-0.07975052,-0.07617338,-0.05962117,0.12341744,0.536062,-0.04723009,-0.060606524,0.010007472,-0.02914137,-0.543885,-1.8487583,0.06122438,1.6127884,0.22192954,-0.48137632,-0.2971648,-0.071704455,-0.5722904,-0.13379359,0.32925475,-0.18956059,0.016170561,1.2553382,0.8258163,0.06577033,-0.0031632315,0.01653266,-0.0041499604,-0.95124054,0.024023805,-0.14385287,0.0225586
O00204,-0.07377032,0.056876462,-0.09747789,0.12399015,0.3740491,-0.1425417,-0.056951355,0.007335352,-0.072992615,-0.31085896,-2.0768728,0.112352826,1.4907402,0.17511801,-0.69005257,0.044782292,-0.08169269,-0.7633047,-0.21556942,0.75546104,-0.066567205,-0.089990646,1.3828835,0.96695477,0.08654132,-0.13973351,0.01786922,0.13788946,-0.2556676,-0.00014769977,-0.34727883,0.15877502
Q9BYE9,-0.029376548,-0.11528723,-0.0905404,0.10329142,0.58725315,-0.06472626,-0.0870599,0.008198971,-0.0826269,-0.094624765,-1.7644114,0.5351525,0.8446222,0.061236776,-0.39180434,0.153937,-0.0630853,-1.0341818,-0.5094977,-0.01625099,-0.027101884,-0.017074453,2.0397441,1.6852658,0.057339426,0.29872024,0.012901166,0.10080172,0.41963804,-0.018760772,-0.05092686,0.45866987
Q95017,-0.044905204,-0.03563854,-0.08104412,0.12148379,0.42175275,-0.057642996,-0.07747058,0.010801249,-0.06394018,0.22218499,-2.2453058,0.25193834,0.99287415,0.28637376,-0.7184051,-0.39441496,-0.06770065,-0.8040246,-0.09352223,-0.31922522,0.00480859,0.016318314,1.6325977,1.5116651,0.064941026,0.1134489,0.00654249,0.05349963,0.21286424,-0.005325111,-0.30078524,-0.04798735
Q15477,-0.08295582,-0.2064908,-0.059263546,0.109666154,-0.31973532,-0.23365512,-0.036751725,-0.0046937326,-0.038323164,-0.52126217,-1.3164575,0.4844268,0.18280765,0.07439818,-0.9982872,0.85894954,-0.067168295,0.499438,0.0044502346,-0.14826968,0.014367336,-0.040699854,2.8552837,1.2488452,0.068699844,0.13910343,-0.026027178,0.02177402,-0.47684473,0.03544034,-0.020491045,0.45436138
P00374,-0.047748923,0.3397571,-0.06514198,0.10522698,0.21789178,-0.13028428,-0.072572716,-0.0023011866,-0.04670375,-0.077969275,-1.8796321,0.1079435,0.95393217,0.14638577,-0.6827805,0.23656021,-0.06404821,-0.44120616,-0.14346562,0.046808608,-0.20272395,-0.0010510867,1.3744195,1.4921708,0.054442413,0.04631126,0.004605418,-0.0040902416,0.036264,0.016604006,-0.32328123,0.032417506
O43464,-0.05042477,0.28560686,-0.09344692,0.123407185,0.48749974,-0.114150755,-0.09203748,0.0028229202,-0.07416532,-0.15475807,-2.541693,-0.09647003,1.3974103,0.13192382,-0.3182891,0.24962778,-0.078408875,-1.065726,-0.25088573,0.51767796,-0.15580152,-0.008609618,0.9887221,1.9459794,0.073746175,-0.093750186,0.013278775,0.05591869,-0.04414104,-0.0019683333,-0.28597945,-0.049910426
P01764,-0.0829932,-0.4849708,-0.061850328,0.13157912,0.2964859,0.115920186,-0.05579163,0.023339452,-0.03346829,-0.3413362,-1.6469035,0.43178356,1.2022573,0.1433982,-1.5335014,0.20867893,-0.07640565,-0.1335217,-0.2443153,-0.029791772,-0.29447967,0.034070008,2.7911844,0.60152704,0.055254124,0.66256535,0.009184018,0.066310816,-0.32951564,0.005512629,-0.021750957,0.43906724
Q9HD42,-0.044797823,0.14546108,-0.08614575,0.13880558,0.73314214,-0.13993862,-0.09528503,0.014897459,-0.065088175,0.032932628,-2.6356406,-0.017381692,1.324396,0.19775869,-0.38297755,-0.2994504,-0.0759929,-1.0811558,-0.27019963,0.05778959,-0.2085551,0.008490687,0.78889954,1.5147026,0.06735398,0.095964,0.014934487,0.049752247,0.13929299,-0.010961382,-0.3136165,-0.042364527
P27797,-0.04918482,0.34598175,-0.090750806,0.130026,0.65983766,-0.1021588,-0.09773012,0.0040087514,-0.071359225,-0.04751218,-2.6369488,0.17553021,1.313754,0.116258524,-0.5492612,0.20479213,-0.078029476,-1.1238328,-0.38423154,0.41306874,-0.2896849,-0.0009885596,1.3281918,1.7869295,0.06818382,0.054181397,0.016169375,0.046675812,0.20615089,7.545277e-05,-0.35530984,0.073083475
Q9K498,-0.081551276,-0.31206372,-0.096120335,0.15380518,0.45248654,-0.12553212,-0.06287071,0.013610001,-0.071839474,0.12523387,-2.5469482,0.28660634,1.2066694,0.47037587,-1.0140837,-0.75533575,-0.07941718,-0.38259083,0.44895098,0.04075093,1.0394775,-0.020351946,1.1059353,1.3655456,0.10071189,-0.21711048,-0.006293148,0.09636007,-0.23231336,0.0073705735,-0.37755066,0.030910451
O95319,-0.099063225,0.35127234,-0.0791516,0.13752441,0.24335727,-0.10039512,-0.07158215,-0.0043650353,-0.04600716,0.09071492,-2.6261857,0.08932859,1.9113848,0.22074938,-1.6672466,0.15623224,-0.09148067,-0.86262494,-0.26531988,1.0447649,-0.391527,-0.050688684,2.361178,1.3313708,0.07020891,0.0470306,0.026083775,0.061333574,-0.36127183,0.030920003,-0.5316195,0.097782046
O09118,0.006864112,0.78932977,-0.13051668,0.10481764,0.6450234,-0.13583815,-0.13218796,-0.0056399056,-0.13529205,0.22153158,-2.9093187,0.35670102,0.55555445,0.07655,0.3262883,0.4517519,-0.06753355,-1.5531486,-0.24356571,0.15162718,0.5279247,0.007685989,0.8235913,3.5553937,0.082012676,-0.28415248,0.0017303501,0.08142984,1.1066103,-0.02632231,-0.41425046,0.03086371
O60381,-0.15695637,0.2733368,-0.05914937,0.14938948,0.6060746,0.10533334,0.020454152,0.031259414,-0.011645301,-0.3897585,-1.4250112,1.3395889,1.0465683,0.52171415,-1.9387424,-0.2788158,-0.08654471,0.1419622,-0.007579893,2.6590004,0.21152386,-0.018576609,1.4053382,-1.2373159,0.10496116,0.12673455,0.02832007,0.09782303,-1.4645867,0.04156517,-0.5238341,0.5150494
P06312,-0.0829932,-0.4849708,-0.061850328,0.13157912,0.2964859,0.115920186,-0.05579163,0.023339452,-0.03346829,-0.3413362,-1.6469035,0.43178356,1.2022573,0.1433982,-1.5335014,0.20867893,-0.07640565,-0.1335217,-0.2443153,-0.029791772,-0.29447967,0.034070008,2.7911844,0.60152704,0.055254124,0.66256535,0.009184018,0.066310816,-0.32951564,0.005512629,-0.021750957,0.43906724
P0A935,-0.05615775,1.0470992,-0.0943097,0.14375368,0.78768545,-0.1308465,-0.13306248,0.0039052018,-0.06420447,-0.16244015,-3.1898456,0.060535412,2.5117307,-0.19796059,-1.2492297,0.41371337,-0.10423396,-1.8605831,-1.3147877,0.21676183,-2.2788124,-0.054095566,2.7189345,1.0888708,0.04020772,0.8567537,0.06370233,0.08411112,0.5454167,-0.013917846,-0.6924182,0.10418701
P0C8E7,-0.12029582,0.44294205,-0.055510085,0.16335784,0.3125222,0.1454006,-0.0016474575,0.02190215,-0.011308682,0.21830797,-1.7315664,0.10680845,0.97526544,-0.09649194,-1.6760474,0.4048563,-0.08182263,-0.10955014,-0.22500753,1.9541537,-0.70704293,-0.076656826,0.9117527,-1.0125656,0.06961397,0.18485291,0.023591815,0.14415497,-0.48028746,0.02275219,-0.1895115,0.22994496
O43572,-0.11429622,-0.91719323,-0.070158556,0.14939567,-0.2886964,0.05636462,-0.058065414,0.012927532,-0.03992981,-0.39543098,-1.7003267,0.46095395,0.9170548,0.40644407,-0.85388404,-0.49850112,-0.08198982,0.5220047,0.6191932,-1.3126943,0.7461289,0.09928526,3.5062013,1.714172,0.09347499,0.18708204,-0.02653473,-0.01196556,-1.247261,0.040737655,0.15694392,0.022606779
Q9H211,-0.029748332,0.3681236,-0.11975736,0.11897671,0.87257427,-0.22728945,-0.09519549,0.0063149366,-0.11207711,-0.75675833,-2.7401545,0.3844296,1.1058973,0.17065896,-0.41194487,0.21108866,-0.07262046,-0.8101534,-0.032459464,0.17410554,0.68625915,-0.039745834,0.53687745,2.2309427,0.094529375,-0.041443143,-0.0045110886,0.110347286,0.16078953,-0.019447055,-0.4822338,0.2978128
Q9H0M0,-0.08552193,-0.2868591,-0.0960174,0.16254494,0.13366526,0.052919365,-0.08989717,0.013397212,-0.067796215,-0.31551638,-2.3789706,0.08684441,1.3129848,-0.091464534,-0.5074359,0.28561276,-0.09390744,-0.49269503,-0.13376369,-0.6097787,-0.28563666,0.0045970054,2.8495035,1.5030098,0.08261982,0.19097883,0.0022052675,0.09214315,-0.26629582,0.0064442037,0.086912066,0.11463616
O42661,-0.039279055,-0.80590343,-0.10515609,0.10644629,0.7802775,-0.43750918,-0.09055439,0.00641668,-0.09563958,-0.75414157,-1.932398,0.6069825,1.1929117,0.30949378,-0.017180363,-0.13151082,-0.07171925,-1.0402952,-0.6207146,-0.52082723,-0.0667145,-0.07163245,2.1831877,1.6406544,0.080379315,0.25002125,0.003082163,0.10933577,0.03236246,-0.02425751,-0.11648358,0.54240924
Q92448,0.02381161,0.111045,-0.10577623,0.0788212,0.8210935,-0.17965287,-0.10613494,-0.0067447764,-0.11113014,-0.009546827,-1.7221473,0.36221564,0.47477877,0.062702686,0.7572302,0.0313175,-0.04823124,-1.4220256,-0.7168791,-0.7700751,-0.58776224,-0.019326262,1.2406714,2.1743228,0.056762356,0.002826338,0.007347097,0.06984223,1.1218544,-0.036770217,-0.23856439,0.037375133
P08621,-0.077222414,0.18257312,-0.09930074,0.123909615,0.4858302,-0.30534574,-0.082356825,0.0018410473,-0.077450894,-0.7927858,-2.4430711,0.32031298,1.6021259,0.11594533,-0.5717115,0.10796356,-0.085923746,-0.97266954,-0.4151655,0.32124448,-0.24920036,-0.06303185,2.1153522,1.7453204,0.0843052,0.27384716,0.013832357,0.09642198,-0.77152133,0.0051542637,-0.23837796,0.31954813
P61077,-0.05208082,0.201083,-0.09950504,0.14859685,0.8309768,-0.1864226,-0.0866426,0.0014773924,-0.08441832,0.24296996,-2.480372,0.622853,0.25850695,0.15590551,-0.37174314,0.37364787,-0.07409946,-0.8055053,-0.40831637,0.65625435,-0.13592695,0.0006380724,1.2639745,1.7904288,0.08479016,0.05543048,-0.005741723,0.062327396,0.5362661,-0.0005019491,-0.30252782,0.29782903
P19087,-0.03668503,0.25830233,-0.10496695,0.122219995,0.05759138,0.044000786,-0.08038762,0.0101209115,-0.09316453,-0.08761107,-2.0770097,0.45324177,0.26326755,0.15663472,-0.7162861,0.58336365,-0.07509712,-0.0049508214,0.02434671,-0.7321249,-0.17252658,0.048143253,2.1365995,1.9390295,0.083431795,0.26822656,-0.015888095,0.07186832,0.7175925,-0.012911161,-0.43209383,-0.03056831
P11325,-0.15538001,-0.5846588,-0.063295625,0.17602623,-0.30693594,0.02267679,-0.03741203,0.009158178,-0.016657414,0.20353702,-2.019195,0.4051539,1.3331476,0.38141832,-1.9613677,-0.071288384,-0.10096388,0.35242844,0.25387222,0.3190234,0.013162715,0.009060391,3.6006591,0.5699722,0.09088755,0.15791453,-0.0014427871,0.039777152,-0.92609215,0.05604138,-0.17701785,0.14153638
Q9NRI5,-0.05468301,-0.24918085,-0.093202144,0.13160501,0.41423187,-0.16461381,-0.07508479,0.005493249,-0.07745886,-0.40941936,-2.0403929,0.61097854,0.38914934,0.23487823,-0.33993143,0.525871,-0.072385505,-0.011937714,0.04692446,-0.24760005,0.4186319,0.007770717,1.4445331,1.5720179,0.09193333,-0.12894315,-0.02233466,0.03092919,0.30108425,0.007296702,-0.25001997,0.26089725
P18708,-0.057835024,0.46453556,-0.07482833,0.12384676,0.6324262,-0.19787164,-0.08662058,-0.0020491106,-0.051907983,-0.29188433,-2.4906852,0.1652437,1.4082402,0.08744791,-1.3234402,0.4308071,-0.07754671,-0.8181128,-0.60817254,0.4338887,-0.9342318,-0.022069156,1.9595284,1.4362655,0.051776465,0.4963213,0.016509667,0.030737147,0.024770051,0.008286538,-0.50774527,0.25106537
O81862,-0.062135223,-0.45061663,-0.08264451,0.12658542,-0.17317094,-0.21515295,-0.06878581,0.007921295,-0.06265805,0.2577642,-1.9945794,0.049946547,0.80039054,0.2768388,-0.9617184,-0.04059134,-0.07703018,-0.2913663,-0.08600657,-0.7771203,-0.25633582,-0.023981223,2.622448,1.5612714,0.06851136,0.31227207,-0.007742456,0.084652014,0.228429,-0.0034631672,-0.18046698,0.025181472
B7GTK2,-0.073196426,-0.07768426,-0.12024997,0.16068463,1.2902445,-0.47283876,-0.14377035,0.005437863,-0.092004806,0.45509234,-3.9151995,0.19830894,2.946064,0.4074024,-1.236875,-0.4666157,-0.11242446,-2.834126,-1.2990853,1.380543,-0.97563094,-0.10914751,2.2775145,1.8864934,0.07094548,0.3703093,0.06597963,0.15165225,0.5092833,-0.02431988,-0.68310744,0.36892366
P01139,-0.028391676,-0.06717492,-0.11117509,0.11944915,0.41242325,-0.22054082,-0.1085778,0.0020966944,-0.099650554,-0.3521126,-2.4110022,0.018915664,1.1864321,0.038817246,0.0668621,0.34855217,-0.07887102,-1.011517,-0.4252446,-0.6671514,-0.40608147,-0.039254937,1.8027371,2.1325827,0.076097555,0.04307397,0.0036483945,0.092720956,0.507224,-0.020800812,-0.22272015,0.052508377
Q13387,-0.057372894,0.57230663,-0.082272954,0.13984804,0.5612385,0.012401391,-0.089906484,-0.0004118689,-0.057682965,0.29721558,-2.7335835,-0.1708954,1.2484274,0.13939635,-0.41954452,0.071937084,-0.07601248,-1.020495,-0.1380425,0.6174459,-0.34873626,0.04063286,0.6943824,1.850869,0.0705031,-0.1866982,0.012623836,0.0014373695,0.01767907,0.016480157,-0.37560812,-0.32975298
P11124,-0.116254106,0.27661875,-0.038503833,0.17043224,-0.049566567,0.33276904,0.016052848,0.037508797,0.0050702672,0.72737056,-1.727881,0.009853721,0.23783381,0.06336561,-1.5009046,-0.21857592,-0.0705732,0.28911227,0.5231128,1.4463599,0.30235857,0.0067463294,0.49801454,-0.77564573,0.072637044,-0.23121145,0.0026613222,0.09959973,-0.6503743,0.027836015,-0.022867445,-0.124232195
O60678,-0.051860437,0.3083469,-0.069615886,0.10446756,0.38873774,-0.08233616,-0.062359937,-0.00060916255,-0.052306127,0.05440447,-1.7425839,0.3418523,0.91186607,0.002839767,-0.94556075,0.28682902,-0.06406611,-0.88333875,-0.57872665,0.5359429,-0.64950603,-0.044803277,2.1426299,1.125838,0.046841063,0.33169916,0.018856714,0.07721335,0.079744674,0.0043407534,-0.19871132,0.3218485
O18334,-0.07398649,0.05388386,-0.10171765,0.14160603,0.32127795,0.0093765,-0.098585434,-0.0060478305,-0.07675481,-0.33954826,-2.2091615,-0.06497398,1.3744622,-0.13009591,-0.1714324,1.0954272,-0.09105276,-0.7531477,-0.5037406,0.55568445,-0.7069062,-0.007582199,2.156632,1.9302355,0.08041508,-0.039541863,0.010067779,0.05987037,0.018081516,0.01588535,-0.053344615,0.1416679
O94906,-0.058950074,0.34156212,-0.09712567,0.12376481,0.5192753,-0.18977214,-0.07992052,0.00065119826,-0.079962395,-0.6814465,-2.3416057,0.2631638,1.1978756,0.05562708,-0.4503083,0.22679035,-0.07512079,-0.5973563,-0.0734596,0.15842181,0.2491312,-0.041966926,1.2318919,1.7644587,0.08451775,0.007980925,0.00013682991,0.074214056,-0.3708835,0.0066917525,-0.27289793,0.23524342
P01709,-0.0829932,-0.4849708,-0.061850328,0.13157912,0.2964859,0.115920186,-0.05579163,0.023339452,-0.03346829,-0.3413362,-1.6469035,0.43178356,1.2022573,0.1433982,-1.5335014,0.20867893,-0.07640565,-0.1335217,-0.2443153,-0.029791772,-0.29447967,0.034070008,2.7911844,0.60152704,0.055254124,0.66256535,0.009184018,0.066310816,-0.32951564,0.005512629,-0.021750957,0.43906724
O94806,-0.094116,-0.19559863,-0.08863777,0.14195983,-0.0456028,0.10022855,-0.035096228,0.022760158,-0.062558845,-0.32807136,-1.9410939,0.61196107,0.59673756,0.23165382,-1.1988683,0.010203294,-0.08065866,0.22780745,0.38242066,-0.17735639,0.52130306,0.012857133,2.4414694,0.9408841,0.09814582,0.13583969,-0.013886477,0.11442588,-0.54289216,0.009407435,-0.1556534,0.1460268
P19338,-0.08048015,0.20216689,-0.06664681,0.1349528,0.70247936,-0.19520934,-0.058603067,0.015113034,-0.03999011,-0.120932885,-2.236148,0.55106,1.0874581,0.27190712,-1.038989,-0.28772423,-0.0735909,-0.76029986,-0.2900928,0.8858349,-0.023397537,-0.014645167,1.2595847,0.80614144,0.068175256,0.29747543,0.015953697,0.049664106,-0.5326448,0.01133331,-0.28417283,0.34276828
P18433,-0.113267206,-0.18230136,-0.051519167,0.1662589,0.7809262,0.16293514,-0.043443967,0.022218378,-0.011772388,-0.26241007,-1.811787,0.22677056,0.9550025,0.018537343,-0.7273085,0.53971654,-0.07709929,-0.24900712,-0.28492296,1.5999861,-0.35960963,0.07627452,0.74980396,0.25334787,0.07084003,0.35153997,0.007874501,0.011076234,-0.9873287,0.031756755,0.2604717,0.3146377
P0AC13,-0.109473154,-0.6027137,-0.07878986,0.14146383,0.37690592,-0.10408105,-0.039427757,0.023444721,-0.045365524,-0.536785,-1.6922041,0.81634635,1.242336,0.43455476,-0.86634475,-0.56335366,-0.08637167,-0.27653295,-0.11720858,0.19247277,0.04962554,-0.02116436,2.6830413,0.25620705,0.09476322,0.10875855,0.011587759,0.08627121,-0.9429822,0.013956795,-0.20672497,0.33471626
A8MT69,-0.06488048,-0.13363482,-0.10259891,0.14888687,0.3101482,-0.065934844,-0.08559964,0.010926083,-0.07749531,-0.08279362,-2.4050808,-0.035090532,1.3060019,0.066627316,-0.34835613,0.11492015,-0.08907238,-0.7608742,-0.2754657,-0.27631775,-0.5368317,-0.030853422,1.9490737,1.3074093,0.083893746,0.0014710887,0.009385957,0.10779202,0.18919843,-0.007739629,-0.22164737,-0.06498947
A6NED2,-0.118135035,-0.96502984,-0.0564866,0.14588252,-0.7077985,0.020623274,-0.028998401,0.016145334,-0.02688132,0.19513145,-1.1994867,0.6655495,0.023719873,0.39879552,-1.462902,-3.965944e-05,-0.07799379,0.9980259,0.546649,-0.8189446,0.6613506,0.06321256,3.9310894,1.1890184,0.08298054,0.30216733,-0.03447233,0.023478834,-0.64670587,0.039269365,0.16034481,0.2873364
P0DOB5,-0.12230181,2.0067313,-0.039182626,0.21080929,0.37649405,0.18675318,-0.060947586,0.012903071,0.022006987,0.8660956,-3.766238,-1.2686284,2.379819,-0.8952476,-3.04721,1.8561891,-0.11154188,-1.2439463,-0.952575,3.3526387,-2.377128,-0.15028536,0.29213005,-0.8544546,0.012496267,0.5386208,0.06788627,0.14951016,0.3800372,0.028439626,-0.42651173,0.1122732
P40429,-0.047616724,0.42049822,-0.09607405,0.12878892,0.9919373,-0.24207053,-0.107255355,0.0038097785,-0.07904838,-0.5475833,-3.010951,0.33193177,1.3948076,0.09571175,-0.56730014,0.38628823,-0.07959602,-1.3651048,-0.58462566,0.6689859,-0.30359468,-0.00805341,1.3094517,2.1358278,0.07073386,0.23389606,0.014139935,0.046124555,-0.11693537,-0.0038420476,-0.35879663,0.31087086
P00734,-0.042865213,0.123038456,-0.09933282,0.12322154,0.48233265,-0.13892037,-0.08811047,0.0034301705,-0.08496565,-0.21597409,-2.4230127,0.20994048,0.9793532,0.16713151,-0.48960686,0.27191275,-0.073667966,-0.686086,-0.118726924,-0.018609235,0.123845436,-0.01128269,1.2981426,1.9461548,0.07962698,-0.019114524,-0.0022273862,0.067760065,0.27688527,-0.004720276,-0.3377315,0.09515524
O75368,-0.08270262,0.2578162,-0.08429602,0.15772527,1.0000963,-0.16190237,-0.08789504,0.0025685506,-0.0507793,-0.3398919,-2.8981555,-0.41634047,2.0675395,-0.080494076,-0.54597735,0.52847964,-0.08847516,-1.3600532,-0.56556076,1.7756047,-0.46721998,-0.07016317,0.2417705,1.1579612,0.07132526,-0.16280918,0.02856149,0.07440801,-0.4388435,0.014813979,-0.16812158,0.222121
O95390,-0.065292954,-0.45726684,-0.11158654,0.13188356,0.1152606,-0.06773079,-0.099809885,0.0061292946,-0.092178635,-0.59611773,-2.22879,-0.0504498,1.195525,-0.025515452,0.46362826,0.22971691,-0.0897063,-1.1014007,-0.52133006,-0.83211726,-0.8892738,0.021974253,3.467563,2.5363922,0.08626809,0.2300478,0.0025407039,0.09415195,-0.6815153,-0.008198417,0.24178399,-0.06360053
O94649,-0.07426882,0.38936976,-0.13667972,0.15432535,-0.49184996,-0.11192526,-0.13363127,-0.025026845,-0.11423638,0.2861565,-3.376002,-1.0331651,1.9265894,-0.26325652,-0.16210581,0.5422366,-0.109899685,-1.5008334,-0.3809023,-0.885034,-1.3588129,-0.043553155,3.802717,3.8361394,0.08664223,0.122156434,0.007622366,0.13531995,-0.17562722,0.006814848,-0.056529813,-0.61500883
P99999,-0.09339977,-0.112170726,-0.06251286,0.13893768,0.031123834,-0.21643834,-0.057256144,-0.0026258593,-0.036504477,0.43976724,-1.9739164,0.58184177,0.56104803,0.2587131,-1.2921135,0.19805737,-0.07641781,-0.25176978,-0.11447307,0.51707715,0.1190838,-0.030167384,2.5988183,1.2544575,0.06807559,0.047848962,-0.0036277254,0.0244675,-0.053476915,0.035924204,-0.2046312,0.3708986
P05112,-0.05655005,0.3055086,-0.087491035,0.13729544,0.7710788,-0.16208811,-0.08120485,0.007671512,-0.06519548,-0.09335444,-2.421205,0.107505985,1.2931978,0.06675294,-0.5612351,0.07964732,-0.07636693,-1.0039632,-0.4234044,0.6564184,-0.3545818,-0.042441465,0.8025091,1.1390518,0.069503054,0.12569408,0.017849496,0.08331228,0.07883419,-0.003674839,-0.30398473,0.17738332
P61457,-0.07185967,0.3488382,-0.09192148,0.1327573,0.2294368,-0.027016029,-0.04577573,0.010548664,-0.07076425,-0.21033598,-2.2191074,0.5126688,0.4209489,0.2922729,-1.1583005,0.33885646,-0.07473858,0.13849647,0.291484,0.41508627,0.39578024,0.010875035,1.250169,1.3271507,0.09651813,-0.005159961,-0.016400492,0.07200782,-0.07244837,0.010655109,-0.508019,0.058429867
Q8NEU8,-0.08068115,-0.06824127,-0.093718715,0.16211681,0.40452266,0.0839105,-0.09713073,0.0121020805,-0.06379113,-0.112848684,-2.7747288,-0.1518321,1.5823585,0.023539199,-0.8732464,0.24041846,-0.09404335,-0.8445805,-0.30565238,-0.042538717,-0.69384414,0.043643117,2.488894,1.8168578,0.07399234,0.36626604,0.011206015,0.06983122,-0.27117848,0.0038136272,-0.111022525,-0.042497013
P47897,-0.11038279,-0.33135626,-0.06652434,0.15958734,0.04171922,0.12198983,-0.050773997,0.017249582,-0.030122535,0.11931523,-2.050371,0.4523806,1.0974823,0.16906187,-1.3990704,0.10317693,-0.08788411,-0.09092034,0.039594598,0.1311196,-0.086394735,0.017441515,2.7714293,0.49319538,0.07620066,0.14469357,0.004998386,0.05526306,-0.32159752,0.028181473,-0.09814102,0.14876533
Q8N3Y7,-0.052920684,0.32533038,-0.09454472,0.14763011,0.9584911,-0.076703876,-0.10728814,0.014785315,-0.069710076,0.24107932,-2.8794885,0.30832112,1.6788807,0.19765553,-0.53550875,-0.33585513,-0.087219186,-1.6183734,-0.6414618,0.5000238,-0.6630135,-0.004697397,1.3966075,1.2146332,0.06785938,0.09861415,0.038612045,0.06868786,0.424355,-0.012419581,-0.49483007,0.018647362
P18627,0.03510248,0.6225145,-0.112196624,0.08064708,0.42873758,-0.10523215,-0.13393432,-0.00026136404,-0.12033389,0.25633138,-2.8912048,-0.31352198,1.2583908,0.37908882,-0.29460508,-0.9291332,-0.05061418,-1.185621,0.37684098,-1.830739,0.73595303,0.07286127,0.41910517,3.7484403,0.05833248,0.19012614,-0.0044500655,0.034262374,0.85769385,-0.039603535,-0.62528294,-0.57320803
P55055,-0.049275633,-0.03982037,-0.09471075,0.12426861,0.541196,-0.115424536,-0.07889813,0.009278599,-0.07727428,-0.27994022,-2.1733212,0.09667634,1.0292099,0.14631169,-0.22211394,0.13221352,-0.073283836,-0.8032898,-0.24717304,0.22540054,-0.076691814,-0.010629125,1.2263613,1.6703471,0.078168154,0.008016182,0.004345855,0.08085499,-0.061542057,-0.0077905287,-0.17111266,0.109543845
O00472,-0.09181773,1.2439275,-0.1179933,0.1569629,0.15148222,-0.11219619,-0.09633845,-0.022612534,-0.094312735,1.1298156,-3.8070955,0.07808529,1.231936,0.33852762,-1.881563,0.16521439,-0.09878717,-1.338553,-0.039563954,1.632019,-0.10009983,-0.0106312465,2.3702908,3.3665128,0.09542054,-0.09862548,0.011530127,0.08509779,0.122451186,0.03184029,-0.8973745,-0.27235186
P9WQN9,-0.07035714,0.2242582,-0.072715074,0.14604959,1.071054,0.0605658,-0.091823354,0.011358665,-0.0396165,-0.18180402,-2.6416905,-0.10515535,2.1322849,-0.0054429583,-1.3198731,0.23973507,-0.086067714,-1.420612,-0.94721466,1.041878,-1.495829,0.006935167,1.8700831,0.8290938,0.043705262,0.597289,0.04392145,0.060029436,-0.14271648,-0.0007052575,-0.3386802,0.19995786
P0AFM6,-0.094450794,0.34300202,-0.07138943,0.14329,0.691043,-0.25232208,-0.08456514,-0.0046328832,-0.040859602,0.2261411,-2.4378445,0.58451104,1.6820353,0.106431395,-1.6204662,0.26818824,-0.08875576,-1.2114275,-0.88055086,1.3398327,-0.8590487,-0.074327804,2.5531492,0.8771454,0.053262465,0.5030178,0.038051248,0.0636505,0.018128417,0.023360383,-0.41339946,0.5905903
Q93VT9,-0.07785807,0.7516849,-0.06706549,0.1497113,0.17850307,0.08769605,-0.08270558,0.0034030562,-0.041028574,0.5738835,-2.990962,0.068343066,0.93459266,0.10030189,-1.6221596,0.2306678,-0.078404,-0.6409965,0.13198474,0.6503516,0.123051494,0.06783446,1.803534,2.1882915,0.058896177,0.2046471,0.0025368605,0.0004957608,-0.1494188,0.030277202,-0.3199593,-0.07136266
P19793,-0.076240145,0.14625424,-0.08913405,0.13289347,0.3787465,-0.14136802,-0.0725314,0.007362824,-0.06399962,-0.101371475,-2.3337839,0.115476206,1.424619,0.16109805,-0.7059776,-0.060151797,-0.08252915,-0.9203618,-0.27046442,0.5484875,-0.21159223,-0.037738934,1.6690245,1.3937808,0.077197336,0.11224039,0.01726519,0.09332551,-0.3772061,0.005241487,-0.2377158,0.10342802
G5EEG7,-0.02542611,1.1412671,-0.09109858,0.13980633,0.6957645,-0.1279724,-0.11431583,-0.000675969,-0.07614015,0.5523599,-3.2828789,-0.059034683,0.8312254,-0.023409527,-0.69295627,0.24085589,-0.07520924,-1.4367056,-0.50335014,0.3718487,-0.82638323,0.01836412,1.0297832,2.378354,0.053782184,0.23254152,0.014477882,0.03420466,0.71889716,-0.008580464,-0.55685693,-0.17410359
Q60591,-0.07161497,0.40782914,-0.089282624,0.13754533,0.42855215,-0.1794317,-0.0849379,0.0010994904,-0.065089464,-0.23890871,-2.5949507,0.13014497,1.2439276,0.0069325785,-0.88340497,0.5481732,-0.085684024,-0.8704657,-0.4804951,0.6091991,-0.63463074,-0.034019418,1.9645101,1.672193,0.070659615,0.27850243,0.011907796,0.07216449,-0.16121894,0.008305881,-0.29602927,0.21537812
Q12018,0.030463,0.5381655,-0.13885826,0.081689954,0.25972876,-0.098924294,-0.14285876,-0.003077587,-0.14867264,-0.8837598,-2.8540664,-0.19111475,0.94629955,-0.015626803,0.3391326,0.5276147,-0.06608026,-0.93207043,0.007522305,-1.9994649,0.07252034,0.05334949,1.6789093,4.1833067,0.077955335,0.22976202,-0.020130634,0.07159645,0.6453407,-0.04436331,-0.36880603,-0.29362616
Q9H0A6,-0.18354398,-0.98550844,-0.076329865,0.20469952,-0.18808374,-0.027348146,-0.021997284,0.017096376,-0.020604443,0.20518923,-2.0547853,0.70340455,1.6021771,0.5895976,-2.0891104,-0.7512083,-0.11466777,0.530873,0.39785296,0.1403119,0.18030736,-0.043533668,3.8376043,-0.4335428,0.1184565,-0.084012,0.002609513,0.09225726,-0.9685801,0.05549255,-0.39207226,0.14028224
P41250,-0.101147965,-0.37315947,-0.094169356,0.15401602,0.56769,-0.05962481,-0.062186733,0.017467102,-0.0634692,-0.115306646,-2.3241625,0.3439719,1.4812703,0.34419087,-0.7708008,-0.41478866,-0.0884632,-0.8167815,-0.11641642,0.7826131,0.20763248,-0.008465143,1.7928557,1.1415151,0.096053846,0.06500634,0.014221289,0.11012282,-0.7382467,0.007974585,-0.13253018,0.1868404
P00957,-0.07650464,-0.17067984,-0.06875069,0.15309809,0.19259867,0.011365659,-0.059999958,0.01972167,-0.038137995,0.26367018,-2.0236123,-0.16103078,0.9870411,0.05973897,-0.8668414,-0.14029212,-0.07910749,-0.43043795,-0.21530367,-0.14905088,-0.711375,0.006855202,1.8947346,0.71957994,0.060860936,0.3812009,0.00807541,0.08108219,-0.14051093,-0.00010097129,-0.038490005,-0.04250817
P10300,-0.044688392,0.21288462,-0.08855237,0.1499625,1.1037502,-0.18918598,-0.09501132,0.0040302356,-0.06800074,0.74727714,-2.6193292,0.073405385,1.0906042,0.12364204,-0.9109052,-0.046368547,-0.076253936,-1.5785671,-0.9835029,1.0250124,-1.2156177,-0.03379122,1.313564,1.2854942,0.05170285,0.47913677,0.028858745,0.10254461,0.7873633,-0.01883795,-0.40460908,0.2341368
P03612,0.011195054,0.8509704,-0.08026682,0.076010995,1.2781436,-0.1050568,-0.1018167,0.005054148,-0.07885894,-0.68509454,-2.070313,0.33122596,1.1509585,-0.06960536,0.2864768,-0.12935972,-0.044694737,-1.6497452,-0.68071353,0.17931029,-0.3174516,0.010062119,0.14906575,1.8521616,0.039534308,0.2988186,0.02728235,0.029280417,0.015337944,-0.025275309,-0.22754323,0.23110196
P20826,-0.026269857,0.25416195,-0.10654128,0.11803437,0.6467667,-0.09475305,-0.10868672,0.0018192573,-0.09734737,-0.09111194,-2.697611,0.23679225,0.96813154,0.12438861,-0.2448359,0.37156624,-0.07245967,-1.1799262,-0.31965593,0.047771595,-0.020037943,0.01894253,1.3898532,2.5421116,0.07412913,0.022128716,0.0032698005,0.05983584,0.48934805,-0.013196714,-0.3012419,0.058004376
P12931,-0.04499469,-0.07420044,-0.10156629,0.13012105,0.7233,-0.08792277,-0.10542704,0.0012030278,-0.08449246,-0.38051623,-2.3726928,0.15546702,1.3866068,0.056191485,0.018334989,0.22498322,-0.07811802,-1.0666724,-0.43588388,-0.18066679,-0.3672825,-0.00040247335,1.6260782,1.8642188,0.07619427,0.0065247025,0.010191443,0.05395088,0.15571727,-0.0042347345,-0.16988939,0.08538939
P50142,-0.10388357,0.06758291,-0.051451657,0.14623572,0.28059825,-0.06772548,-0.05817679,0.013331182,-0.014112338,-0.016326785,-1.9566256,0.33635125,1.5072201,0.052158352,-1.4310188,0.056369152,-0.084981084,-0.53190076,-0.46562085,0.5364052,-0.7717201,-0.027506035,2.4471061,0.15622473,0.051258776,0.50902045,0.02766496,0.0446996,-0.48078206,0.025265336,-0.14172429,0.32980675
P05981,-0.0357472,0.24217625,-0.09237068,0.13870111,0.5954733,-0.021613808,-0.11756337,-0.010111071,-0.083870314,0.14473853,-2.5201645,0.09727041,1.1419919,0.080313556,-0.3884927,0.0020898264,-0.08728907,-1.2592328,-0.38319582,0.23230426,-0.5431965,0.008139147,1.7609538,1.8729473,0.058819722,0.17333393,0.01647506,0.068974845,0.13139106,-0.054270927,-0.2707926,0.00023737024
A0A2P1GIW2,-0.16340248,0.51015913,-0.03542328,0.18455893,0.113404155,-0.16727369,-0.047974523,-0.0040240013,0.021580387,0.21656623,-2.7478135,-0.0009250641,2.0951061,-0.03970532,-2.5415542,0.6336264,-0.10634531,-0.4243766,-0.3932733,2.065013,-0.85469985,-0.10067804,2.523322,-0.10518345,0.05440869,0.14784,0.03350462,0.015606718,-0.9097512,0.076012164,-0.37585014,0.4040996
P20592,-0.06612452,0.68381166,-0.08976718,0.13629042,0.37217295,-0.24079806,-0.10141394,-0.017726772,-0.06968689,0.4751525,-3.0436306,0.13180047,1.3123132,0.07638588,-1.6238341,0.5484942,-0.08488579,-1.1584303,-0.49568054,0.85739744,-0.5167528,-0.055207893,2.443155,2.376237,0.05883062,0.2321536,0.014208133,0.05899516,0.42190468,0.019798156,-0.56695825,0.23413733
O60242,-0.011136565,0.17579198,-0.14986145,0.1360644,0.7484411,-0.124265105,-0.14442542,0.0061678737,-0.14380565,-1.6984599,-3.613841,-0.579515,1.7689416,-0.14470156,0.15853631,0.5767339,-0.087755375,-0.82928836,0.06756782,-1.6860871,0.045155734,0.026513107,1.2660812,3.7301629,0.10185515,0.23947631,-0.024188733,0.108710945,-0.23675087,-0.038388256,-0.25511485,-0.16592734
P08393,-0.04557865,0.38357347,-0.062482506,0.14307274,0.8533678,0.08049969,-0.074191436,0.024605893,-0.033690747,0.07281997,-2.1306732,-0.18493441,1.0620975,-0.2051054,-0.013034821,0.14222972,-0.07168517,-1.2944753,-0.8319268,0.61793965,-1.4870235,0.010517584,0.71905774,0.27483878,0.042294778,0.25551218,0.034263138,0.05883596,0.08940655,-0.014993159,-0.011808651,-0.054182988
E9Q401,-0.0685101,0.15180631,-0.09039003,0.14131549,0.4979267,-0.083663836,-0.07766834,0.0020649538,-0.06657965,0.021412307,-2.409424,0.039216436,1.0460194,-0.014657831,-0.27034035,0.5454528,-0.08024348,-0.99274397,-0.37069294,0.9469784,-0.2730924,-0.035781797,1.23105,1.4967173,0.07794513,-0.20904596,0.0100375,0.07799813,0.0010652192,0.009748461,-0.098033644,0.1190701
O75324,-0.042963624,0.38636145,-0.10629701,0.1491909,0.9952641,-0.06855067,-0.13248435,0.015400173,-0.07984677,0.38302663,-3.6458955,-0.6561862,2.3746395,0.120783165,-0.13402252,-0.37901914,-0.094822995,-2.59076,-0.91226995,0.7487576,-1.3530574,0.021003937,1.0623922,2.2733295,0.060334105,0.20562069,0.052264385,0.09091141,0.059228003,-0.029605146,-0.32433257,-0.43454283
O15085,-0.067336306,-0.32564986,-0.10191777,0.12185065,0.59484726,0.08033795,-0.06916544,0.016182464,-0.08199293,-1.0020139,-1.846093,0.36892182,1.1717114,0.21204866,0.20610993,-0.25265458,-0.07502465,-0.6139046,-0.108864225,-0.36889374,-0.1068762,0.06658654,2.0402231,1.7228407,0.09707579,0.16959327,0.000260071,0.067587785,-1.0955029,-0.0030040704,0.031135103,-0.015445378
P07102,-0.05386195,0.059514653,-0.08460655,0.1544306,0.3709204,0.1016073,-0.09431607,0.01890446,-0.05183965,-0.5707534,-3.0421064,-0.65272254,1.8527799,-0.11346152,-0.8910572,0.8646288,-0.09157154,-0.4631627,-0.12481413,-0.46487737,-0.8629801,0.011384207,1.0620946,0.9990089,0.065418586,0.0032278101,0.005567372,0.044864044,0.36257467,-0.0055208853,-0.34967053,-0.32149813
P09467,-0.05270783,0.0004009324,-0.08081636,0.13226981,0.7516365,-0.15473379,-0.09225184,0.012968808,-0.057789005,-0.13274412,-2.539313,0.07239285,1.6194544,0.18423471,-0.5624492,-0.35009885,-0.07706339,-1.2316507,-0.44764996,0.03530554,-0.44247895,-0.010159236,1.4172655,1.2974864,0.06072406,0.21594933,0.0230366,0.054914266,-0.085318856,-0.007469826,-0.2697628,0.06542295
Q5BJF6,-0.081872895,0.07296113,-0.07266818,0.1532753,0.3698373,-0.124525465,-0.056077715,0.011276597,-0.043847796,0.36873907,-2.2739255,0.08359158,0.80096114,0.11469281,-0.8409794,0.18276943,-0.077815875,-0.5521726,-0.12718853,0.9825014,0.0058601755,-0.040187865,0.9314685,0.84127486,0.0736969,-0.08783905,0.005178101,0.077516034,0.0027842182,0.013522849,-0.1561826,0.16457845
P27361,-0.085180506,0.09920454,-0.07756324,0.1387065,0.23489265,-0.1435289,-0.06392104,0.0031838054,-0.04999472,0.06701063,-2.089838,0.23237959,0.98233145,0.12431408,-0.7574149,0.23984145,-0.08148445,-0.60110176,-0.32267696,0.5993644,-0.4509043,-0.027690247,2.0080469,1.1799359,0.0735493,0.12110135,0.00918543,0.060598623,-0.2677937,0.018340237,-0.18152572,0.15404971
B8Q027,-0.105067,-0.4547227,-0.031046852,0.13805486,1.5539215,-0.06258699,-0.01836167,0.010043926,0.0057288473,-0.7615797,-0.2602046,0.8416243,0.46508718,0.14209038,0.28586757,0.4933532,-0.054300312,-0.029786274,-0.93738943,2.3353384,-1.0027119,0.052372754,-0.24228996,-1.0408927,0.06565002,0.3827533,0.014271904,-0.059612513,-1.1459671,0.04159476,0.28388706,0.7567524
P15391,-0.042097423,0.25879672,-0.11586207,0.13358425,0.33892047,-0.1051044,-0.11612556,-0.010246252,-0.10603432,0.5585617,-2.7808864,0.024826568,0.9318479,0.058104705,-0.009142113,0.35782436,-0.07869936,-1.3725502,-0.16452259,0.45270926,0.4260537,-0.014001682,1.5146248,3.1240506,0.083320096,-0.35936704,0.0031750023,0.08398241,0.5752605,0.0017411492,-0.13339679,0.017233811
P02100,-0.09562627,-0.40238896,-0.041116644,0.12122077,-0.027279893,-0.06598834,-0.031984378,0.007960724,-0.007404229,-0.22646625,-1.1940256,0.19569488,1.054513,0.11200148,-1.1037618,0.37217817,-0.0708816,0.09071215,-0.21200633,0.33709392,-0.45863017,-0.033221778,2.2071044,0.03420816,0.05290464,0.15666766,0.006908305,0.019620264,-0.50967103,0.033425752,0.0028870006,0.29317334
P13639,-0.0791661,-0.16079925,-0.069279656,0.12856326,0.3879262,-0.12556385,-0.062902786,0.005522981,-0.04285446,-0.27507427,-2.0038264,0.31420177,1.2471186,0.21045694,-0.96434796,0.016089756,-0.0751533,-0.46549362,-0.19952734,0.2033285,-0.16296212,-0.016490368,2.0260215,1.0181758,0.06773812,0.14362335,0.006950092,0.036036618,-0.40586433,0.01901574,-0.21187364,0.22926447
P04278,-0.10452915,-0.16627002,-0.043779172,0.15309496,1.2119583,0.13738278,-0.061526794,0.020278078,0.0061668064,-1.0502396,-2.154665,-0.076208055,2.7703133,-0.16019368,-1.4894401,0.7937413,-0.090425506,-0.85791343,-0.989408,1.5077273,-1.65431,-0.035545766,1.3121834,-1.097792,0.040118027,0.41713756,0.0524448,0.029966708,-0.62317455,0.021982647,-0.19055238,0.44097704
P12063,-0.031282123,0.3308146,-0.087830886,0.1078877,0.4490117,-0.17155759,-0.089554794,-0.0036149733,-0.0765513,-0.46761346,-2.1390965,-0.09613486,1.1895502,0.10039981,-0.35848773,0.006400748,-0.06175056,-0.44352102,0.08720718,-0.5518614,0.26187307,-0.0037120692,0.65812016,2.0741115,0.06768809,0.11864419,-0.006010902,0.029605577,-0.05419479,0.0014004558,-0.28869146,-0.009409646
O00338,-0.102680504,-0.05591899,-0.07378642,0.17303418,0.21394734,-0.28762504,-0.083759815,0.007951965,-0.03619334,0.9325579,-2.8621693,0.114161275,1.5731366,0.43573403,-1.7405056,-0.33882016,-0.09917835,-0.7539491,-0.26587236,0.55644435,-0.43935123,-0.04051777,2.1083667,0.940537,0.06961414,0.21813376,0.021485964,0.051188678,0.36387885,0.019263068,-0.578505,0.041313507
P12955,-0.030289967,0.52970296,-0.13847926,0.12025503,-0.3327137,-0.123630546,-0.1294526,-0.01906723,-0.13632242,-0.13090396,-2.7717063,0.07599696,0.45910844,-0.22542715,-0.08096991,1.1917083,-0.08762341,-0.78871375,-0.30300564,-1.3133113,-0.6410149,0.0051811757,3.7033348,4.001941,0.08677729,0.34199747,-0.021166299,0.106174886,0.61985946,-0.01007961,-0.13391747,-0.09385781
P05696,-0.08157771,-0.043367356,-0.077943645,0.13555217,0.51149654,-0.20101123,-0.071697,0.0074182465,-0.052582648,0.10350446,-2.1076453,0.41061926,1.105637,0.26679122,-0.51405174,-0.23601584,-0.078741215,-0.977097,-0.40149495,0.75837547,-0.17773278,-0.014775495,1.8173546,1.3234948,0.07396821,0.11928925,0.017229564,0.053709093,-0.43673685,0.012935471,-0.14422733,0.24506336
O75317,-0.102251686,0.6472375,-0.058116514,0.13107434,0.28245732,-0.007318698,-0.044657946,0.0112462165,-0.025776284,0.116338395,-2.101797,0.44623274,1.190823,0.2647328,-1.6651227,-0.010723029,-0.07784395,-0.4498372,-0.06150486,1.5323967,0.059454374,0.012604633,1.5077199,0.9057482,0.065830216,0.30116385,0.021520153,0.035191976,-0.77770174,0.03262311,-0.38033918,0.2338214
O95393,-0.048608363,0.051291786,-0.09977052,0.13076445,0.65303665,-0.17638022,-0.08602336,0.014013355,-0.08031808,-0.35063308,-2.453536,0.17666516,1.2801502,0.008635396,-0.40958604,0.35782695,-0.08180158,-1.1317731,-0.5828516,0.35301146,-0.49445945,-0.06409351,1.4681776,1.2252417,0.07289408,0.144187,0.01772425,0.12807563,0.24739127,-0.020455848,-0.22644667,0.27411824
Q3E7X9,-0.03231535,0.72382796,-0.08325514,0.08580362,-0.081889346,0.021796793,-0.09707685,-0.006605382,-0.07325771,0.41895112,-2.1084952,0.025479924,1.0991291,0.17351039,-0.3864366,-0.2036254,-0.0648156,-1.2058275,-0.17312424,-0.28789258,-0.29644245,0.057744104,2.2812085,2.8592274,0.05131638,0.19079721,0.018769179,0.013611421,-0.04256871,0.0058113867,-0.27142864,-0.33209014
P32856,-0.05550232,0.37394202,-0.09888574,0.13892405,1.0378308,0.06503945,-0.10961687,0.014874876,-0.07759648,-0.24834976,-2.478617,0.49243551,1.5957643,0.043784037,-0.072129376,-0.22258398,-0.083107606,-1.5852567,-0.70611197,0.3695411,-0.68814534,0.047919534,1.7597644,1.5652614,0.0706284,0.38728577,0.03724121,0.0640503,-0.19048932,-0.010719248,-0.17641018,0.13405243
P15926,-0.0993849,-0.27987608,-0.012938472,0.15112537,0.48960188,0.12178715,-0.013402517,0.0370239,0.031063749,-0.5153907,-1.0567874,0.50604486,0.6376447,-0.002549092,-0.85646963,0.37306964,-0.06671004,0.56467026,-0.088592865,0.6655898,-0.29780295,0.016496627,0.63127685,-1.671415,0.04979446,-0.009581539,0.008297608,-0.034732487,-0.48623928,0.033805948,0.055848118,0.40386832
O75717,-0.050424386,0.25764075,-0.10126073,0.112398826,0.2442224,-0.0946184,-0.037550647,0.025401017,-0.08320517,-0.5484815,-1.9862833,0.3301485,0.8369687,0.33162853,-1.0172511,-0.019417882,-0.07276396,0.024790147,0.28480142,0.13843791,0.49452302,-0.054033447,0.5807285,0.7200995,0.096134685,-0.008926903,-0.0031757422,0.1520022,0.06470021,-0.022001943,-0.6195257,0.062449187
P07395,-0.097300366,-0.29213327,-0.07163391,0.15393755,0.21917498,-0.10256049,-0.0805244,0.0053012525,-0.039203987,0.77856666,-2.5234742,0.1392117,1.5170585,0.47250247,-1.5715551,-0.62459046,-0.08826023,-0.8535874,-0.23785692,0.15137953,-0.4824311,0.03393747,2.9099088,1.5606933,0.064341865,0.43060002,0.017333822,0.03186536,-0.20413323,0.020576997,-0.33847058,-0.059362344
Q99816,-0.049841262,-0.03844866,-0.103238605,0.13753188,0.4373331,-0.1547811,-0.10223705,0.0017174128,-0.08658396,0.04071616,-2.4847965,0.12722796,1.0311298,0.11488828,-0.20213933,0.23028487,-0.081233434,-0.9400771,-0.3115088,-0.10951116,-0.18421778,-0.008849138,1.8100255,2.1295004,0.07934762,-0.0018474712,0.0029022628,0.07003475,0.34161383,-0.004242428,-0.19797148,0.075236335
P0CY29,-0.038694352,0.5405053,-0.10228934,0.12645783,0.7743818,-0.05903658,-0.0914587,0.016054358,-0.088019066,-0.25646567,-2.772479,0.5862497,0.9265088,0.13384885,-0.7969556,0.121925056,-0.07734759,-1.1180034,-0.42553955,0.2126032,-0.3213999,0.013269011,1.743418,1.7784439,0.07393192,0.3560548,0.013175322,0.094082855,0.24795759,-0.020941082,-0.47402576,0.18449481
Q13404,-0.0873342,0.16150606,-0.08603804,0.12655269,-0.19568872,-0.112632334,-0.05732346,0.003304318,-0.06357807,0.20735686,-1.9400524,0.24440195,0.7359586,0.081706695,-0.6937654,0.2744496,-0.08067669,-0.6187824,-0.13713807,0.63755035,0.020467035,-0.03792692,2.4709716,1.7635305,0.0789112,0.08998858,0.0052284757,0.107592165,-0.459643,0.015887931,0.0031351335,0.18732016
P0ABB4,0.027592398,0.08827329,-0.15606843,0.14031267,2.2900298,-0.4608219,-0.17756997,0.026095167,-0.16231649,-0.41188574,-5.254929,0.54845667,1.6895765,0.6366224,-0.47548628,-0.37915406,-0.07796054,-2.6861298,-0.25349033,0.63009953,1.7118164,0.022587784,-1.0982761,4.0130076,0.10108348,-0.1697316,0.0023233567,0.10977917,1.2037554,-0.07377339,-0.8602236,0.35395512
P04911,-0.060320616,0.46200132,-0.09727343,0.12898369,0.437469,-0.15366793,-0.12771042,0.0036761237,-0.071849935,-0.06291198,-3.3288937,-0.08788753,2.6079552,0.22419457,-1.5067358,-0.21051781,-0.099194735,-1.6635236,-0.58732074,-0.05693103,-0.8363757,-0.017698372,2.9237452,2.2614508,0.054915812,0.4681488,0.04373485,0.06598381,0.037414234,-0.005029162,-0.67749006,-0.03054134
O60341,-0.06910466,0.14655413,-0.07265397,0.1363439,0.40213686,-0.0437473,-0.06648434,0.012501999,-0.046240177,0.032360442,-2.314443,0.009402349,1.1933466,0.13960753,-0.7479395,-0.021020468,-0.07492343,-0.6906605,-0.0752235,0.50814354,-0.011686613,-0.005772901,1.068949,1.1297059,0.068006694,-0.035386864,0.010763404,0.05196125,-0.22456269,0.00983177,-0.20235595,0.014552591
P27278,-0.044556107,-0.13250746,-0.09714716,0.12040691,0.6936951,-0.11781683,-0.10146144,0.0138785215,-0.07902057,-0.5984354,-2.4077895,0.11406636,1.4878452,0.11276359,-0.041338302,-0.0020895437,-0.079769164,-1.3197794,-0.650511,-0.29278916,-0.806468,0.022638375,2.1125429,1.9007186,0.06842005,0.4021085,0.018127525,0.06889058,-0.31389186,-0.019402128,-0.09624257,0.06406966
Q9V4S8,-0.040198572,0.05394778,-0.10218631,0.12398861,0.8187171,0.2791652,-0.09937407,0.020696862,-0.08165299,-0.50919276,-2.3775465,-0.16608599,1.9090941,-0.020794647,-0.06550106,-0.15169431,-0.07869724,-1.4896833,-0.5062617,-0.11887239,-0.80844325,0.06389097,1.7760208,1.7030197,0.06607593,0.28745753,0.03268158,0.09819036,-0.3290066,-0.025165316,-0.06355841,-0.18466412
P0AEY8,-0.04027783,0.34364915,-0.064997986,0.11859157,0.6456574,0.0007111368,-0.080896646,0.012072074,-0.04196979,-0.23805507,-2.1945112,0.071470104,1.4539881,-0.024466598,-0.90557426,0.4182109,-0.06962354,-0.77948433,-0.42275524,0.27772257,-0.5474088,-0.018960118,0.94961137,0.6351689,0.0438681,0.13602601,0.023555463,0.033495698,0.44536415,-0.0017239855,-0.36137864,0.15135592
P61254,-0.07027252,0.2046657,-0.08517664,0.1283219,0.349231,-0.025616921,-0.07605147,0.013075187,-0.061106864,-0.37314036,-2.3095708,0.26756287,1.2996728,0.015840804,-0.67749393,0.122555934,-0.08207049,-0.95000166,-0.41645184,0.112011634,-0.584582,-0.0044171005,2.4377544,1.3894376,0.06817605,0.3419593,0.018073658,0.08505608,-0.4742389,0.000120953904,-0.12383033,0.13272655
O17670,-0.03493358,0.7752331,-0.09979048,0.12562019,0.52729064,0.022661766,-0.104907304,0.0034953952,-0.08309127,-0.30528477,-2.7495022,0.19616328,1.2539872,-0.0985279,-0.5133114,0.58935374,-0.080260865,-0.9981478,-0.35446832,-0.061061755,-0.5317151,-0.0017008554,1.5788244,1.808743,0.067844614,0.03326015,0.015373119,0.05695835,0.5029853,-0.0056337696,-0.46903518,-0.03038468
P08048,-0.13252184,-0.06567809,-0.079458475,0.13076577,0.1856896,0.06420173,0.018180959,0.033764638,-0.046058327,-0.535126,-1.3743066,1.3242357,0.44943553,0.52288795,-1.401534,-0.44905576,-0.07866818,0.22658941,0.30621374,1.4173424,0.76381904,-0.008394127,2.0811892,-0.15975222,0.11673774,0.13271445,0.0022600954,0.14657755,-1.5304365,0.020003024,-0.2543177,0.40647256
P10826,-0.076195985,0.06337253,-0.11390841,0.15345675,1.1724713,-0.1347372,-0.10660389,0.021420456,-0.084118225,-0.748792,-3.4292574,0.030143118,2.6818383,0.35782588,-0.49153188,-0.80562526,-0.097661026,-1.6829773,-0.23886697,0.5179397,0.09181571,-0.008881614,0.8594838,1.640315,0.09826272,-0.0049628816,0.035245653,0.099196136,-0.85209113,-0.011615521,-0.47513828,-0.05895422
P04370,-0.011274581,0.1397979,-0.12829897,0.12317859,0.7697891,-0.14347523,-0.13937965,0.0010147264,-0.12059811,-0.15990736,-3.173817,-0.35729223,1.8171786,0.13556053,0.33296782,-0.14727885,-0.07898275,-1.7086565,-0.22733408,-0.523926,0.107018545,0.002131471,0.74142355,3.1045942,0.08181198,-0.17286803,0.012304802,0.086600654,0.49125215,-0.029439138,-0.31138209,-0.26626423
Q9Z0E3,-0.07138922,0.35099003,-0.08475479,0.14153565,0.82482255,-0.091801964,-0.07758528,0.008680361,-0.05733533,-0.19667582,-2.3821583,0.3142674,1.3455597,-0.08676897,-0.71089303,0.51099384,-0.08435236,-1.2556931,-0.88397557,1.1219532,-1.1183559,-0.050937414,1.74823,0.7519279,0.063309915,0.32679525,0.031199459,0.10045924,-0.014176701,-0.0012353265,-0.22459187,0.34647015
P0CG47,-0.07314495,0.06852261,-0.09189764,0.1425867,0.0957637,-0.003921695,-0.075783916,0.0069452226,-0.06843095,-0.025011368,-2.307139,-0.08278064,0.9308961,0.11901918,-0.5149932,0.31960294,-0.08120358,-0.33742857,0.1298443,0.1288448,0.13545293,0.027506756,1.4778422,1.950728,0.08577502,-0.014270295,-0.0071166106,0.057793975,-0.23491274,0.0119586,-0.109567866,-0.08594175
P39533,-0.11140368,0.13070327,-0.09947446,0.2393498,0.5261943,0.30342022,-0.14343943,0.028379172,-0.02541141,-1.0511658,-4.5827184,-2.1209393,4.712541,-0.7515739,-0.31409788,0.78940266,-0.15648773,-1.974125,-1.0252868,-0.64522576,-3.572876,-0.0888356,2.3793247,-0.4091621,0.06421383,-0.4017684,0.07718441,0.10380827,-0.2807724,-0.0023328466,-0.33546418,-1.0338293
P14618,-0.069262385,0.3562505,-0.06466746,0.13514031,0.7897056,-0.027759045,-0.084437184,0.01108244,-0.034994565,-0.41578436,-2.3254073,0.29606813,1.5696683,0.053872675,-0.76548654,0.2560883,-0.07892408,-0.8566568,-0.5077911,0.59498364,-0.67597586,0.019416748,1.3437268,0.7875571,0.055996094,0.24307077,0.026254773,-0.0036083183,-0.24967664,0.015299485,-0.3019401,0.18587969
Q75NZ0,-0.010971395,0.11627413,-0.056420993,0.08945779,0.6517361,-0.25473556,-0.0541812,0.014119133,-0.043798286,-0.21014524,-1.5798166,0.051391058,0.76712,0.13374464,-0.57882416,0.2042669,-0.0470299,-0.45911145,-0.2592737,0.2827459,0.039292295,-0.07453883,-0.4236199,0.3262456,0.041068822,-0.030197823,0.007243061,0.051648706,0.699026,-0.017594012,-0.35628644,0.28110403
P62837,-0.08071674,0.33365747,-0.08157701,0.17093603,0.66998917,-0.053114973,-0.06922223,0.013075939,-0.05359006,0.50021034,-2.4400213,0.38123807,0.49412063,0.1378846,-0.46682435,-0.03592348,-0.07999737,-0.65606505,-0.14775069,1.0171342,-0.010001042,0.013585141,0.773587,1.0493164,0.08455442,-0.09858319,0.005076161,0.051489647,0.057894673,0.0139062395,-0.22140421,0.1072727
Q8N0Z3,-0.06452347,-0.307001,-0.077557355,0.10636483,-0.18483858,-0.009289628,-0.049959287,0.0042148847,-0.06097786,-0.12948042,-1.2954211,0.39469898,0.48268658,0.2188873,-0.3335594,0.051049843,-0.06419198,0.015511844,0.21905088,-0.46864,0.44272316,0.010005486,2.237639,1.503073,0.07892054,-0.116342425,-0.012698204,0.047106393,-0.27439922,0.016374044,0.0038072583,0.06753685
P37231,-0.04142052,0.2877227,-0.10448149,0.1249722,0.6372859,-0.126812,-0.097292684,0.0030142264,-0.088699274,-0.23682004,-2.518569,0.025585892,1.3246136,0.029387906,-0.17354903,0.17697988,-0.07736423,-1.2130222,-0.436359,0.16003786,-0.40746507,-0.026734406,1.3197266,1.925973,0.0745935,0.080034114,0.014487136,0.093496576,0.12238257,-0.01228027,-0.25592014,0.038452975
P53350,-0.05001441,0.14381059,-0.09889613,0.12362044,0.5653282,-0.113591395,-0.099267825,0.004153586,-0.082284935,-0.34781706,-2.4456382,0.15000558,1.3282038,0.11552611,-0.044183042,-0.024365788,-0.07727718,-1.1438438,-0.30818573,-0.026391566,-0.14122456,0.009873585,1.6591474,2.1786456,0.07717188,0.05501357,0.011275724,0.055774644,-0.26979145,-0.0023651377,-0.15693147,0.03449076
C6KRN1,-0.038870636,-1.0602475,-0.08404202,0.10207891,1.2526821,-0.28105393,-0.06388541,-0.00035803358,-0.07743293,-0.5452067,-0.6662215,1.2153484,0.18285185,0.24544615,0.7031973,-0.085898735,-0.049088847,-0.80616194,-0.93156654,0.104970254,-0.29527858,-0.02901358,1.9828824,0.8081781,0.073280536,0.1790751,-0.0004347771,0.058103126,0.058823925,-0.008246365,0.20447184,0.8473403
P00942,-0.11475049,-0.7944934,-0.050039966,0.14186318,0.09864566,0.106157094,-0.024999099,0.020599633,-0.010015176,-0.46235883,-1.4827135,0.38982895,1.2859361,0.31480247,-0.98369193,-0.15386997,-0.078034356,0.2595182,0.25371936,0.01326175,0.20564377,0.014411677,2.1284478,-0.20484895,0.080591545,-0.21212365,0.00030391105,0.012277668,-0.9139681,0.038659845,-0.020317063,0.07523386
P51948,-0.09035772,-0.17471072,-0.09911986,0.12188357,0.30591926,-0.16866541,-0.08529265,-0.0018397563,-0.072609164,-0.52153146,-2.181498,0.35992736,1.7736244,0.27757528,-0.7094305,0.14526281,-0.09354593,-1.015718,-0.6331555,0.2718199,-0.89312685,-0.009899345,3.3880181,1.8606514,0.08277145,0.38244835,0.021890577,0.069354795,-0.7201595,0.01247225,-0.2704634,0.16142638
P56192,-0.0989625,-0.67278427,-0.07207106,0.14538188,0.25069416,-0.10804109,-0.060829356,0.017960431,-0.042910352,-0.63763624,-1.6653829,0.72646517,0.94357604,0.19418512,-0.71824294,-0.033170875,-0.082830675,-0.014138623,-0.17766556,-0.6027496,-0.15802158,0.019223232,3.0482187,0.750236,0.08027608,0.480772,-0.00453275,0.042862475,-0.7455909,0.01663624,0.09062405,0.42263028
P19926,-0.039076492,-0.10845061,-0.088850774,0.12789387,0.9455037,-0.21987227,-0.10018002,0.01497175,-0.062819034,-0.86582136,-2.83842,-0.25602043,2.1810846,0.11924692,-0.649071,0.48596638,-0.08438174,-1.0381126,-0.57763207,0.05447789,-0.8090924,-0.050087377,0.55537295,0.8285388,0.06351544,0.086311765,0.021867465,0.056483414,0.3575915,-0.01882013,-0.51033705,0.05206722
Q42525,-0.07785811,0.23497306,-0.05500359,0.12978072,0.1802811,-0.07385663,-0.04722432,0.007739048,-0.029819058,0.39599088,-2.004967,0.29996964,0.68067366,0.18601555,-1.2596272,-0.038360357,-0.066534296,-0.38836378,0.028271882,0.7211888,0.2372482,-0.011212093,1.464375,0.99939793,0.058530916,0.059634432,0.0039298455,0.036152802,-0.2173963,0.024473526,-0.19289154,0.1893409
Q9VD72,-0.017963562,0.4422988,-0.16948134,0.1517461,0.5477216,-0.245892,-0.16384253,-0.01686578,-0.15905322,0.370791,-3.6728013,-1.0092144,1.8121825,-0.39761576,1.1092247,1.2143383,-0.10588738,-2.622508,-1.073496,0.6359677,-1.2973145,-0.12337267,1.1938981,3.6092541,0.09318614,-0.43418184,0.027797677,0.21682526,1.2705,-0.042337682,-0.11476856,-0.28597167
P01579,-0.03969141,0.18230185,-0.096742876,0.120328836,0.5948941,-0.035962973,-0.095864,0.0030188712,-0.0799106,-0.34165588,-2.1947863,0.027593842,1.2454299,-0.113709904,0.18229792,0.4576836,-0.07523467,-1.2234511,-0.5993285,0.11130073,-0.71614945,-0.018094596,1.5689162,1.6671275,0.06704143,0.00939009,0.017791316,0.07627246,0.13351685,-0.008805189,-0.06997573,0.055924874
O95704,-0.11252584,0.19243625,-0.07935831,0.16002527,0.64445925,0.04884635,-0.053351812,0.014245819,-0.03888557,-0.15608916,-2.4720354,0.121655375,1.8925848,0.1337029,-1.0442082,-0.0006900653,-0.092861205,-0.9024569,-0.23100838,1.6691741,-0.20139334,-0.044257972,1.204249,0.3628769,0.085395575,-0.20783418,0.032474402,0.092298985,-0.74162096,0.025031727,-0.2970538,0.12707028
P0A3J0,-0.034293238,0.90172696,-0.106162064,0.11021517,0.7692128,-0.048860278,-0.078314915,0.00051623024,-0.09844127,0.4984814,-2.271817,0.6264197,0.5847619,0.03917082,-0.22505662,-0.097919375,-0.06608482,-1.7908874,-0.6082405,1.4765029,-0.068297625,-0.05533444,1.4385786,1.989256,0.07180818,-0.14764132,0.030626263,0.145632,0.32644203,-0.014048427,-0.34578365,0.2807511
P0A0M0,-0.019521711,-0.12514003,-0.072139315,0.09361896,0.15454964,-0.17890817,-0.069502376,0.0076010195,-0.05958551,-0.101656355,-1.8062682,-0.36812517,1.2778813,0.21672674,-0.7065237,-0.43095246,-0.055288494,-0.40385368,0.09925527,-1.0995988,0.041288394,-0.03788695,0.8543043,1.3005899,0.048957884,0.16897511,0.00011960898,0.06501947,0.29580423,-0.01634907,-0.30344257,-0.15515333
Q9Y4K3,-0.05475505,0.060870953,-0.091807336,0.12820336,0.43079612,-0.1264395,-0.08155905,0.0018891527,-0.0752873,-0.13993034,-2.1985703,0.18698025,0.821734,0.05400253,-0.14032458,0.2657531,-0.072272174,-0.7880339,-0.19810094,0.23389442,0.07617968,-0.014772871,1.4401616,1.8879662,0.077727966,-0.08088975,-0.00072979985,0.06516863,-0.07344664,0.004643629,-0.06371917,0.15649821
O00463,-0.06742648,-0.17036605,-0.07898171,0.1169812,0.25839165,-0.086539745,-0.06828881,0.0033842374,-0.061328888,-0.40567008,-1.5213062,0.390735,0.6612811,0.04616524,0.1476797,0.13444537,-0.06725366,-0.527837,-0.23531193,-0.11799145,-0.079340555,0.019982034,2.08803,1.6830316,0.074401625,0.17212479,-0.002629448,0.03807667,-0.6798665,0.013866174,0.22026408,0.21873884
P01501,-0.11346814,-0.61513543,-0.03084665,0.14395161,0.47391582,0.0045037568,-0.03525503,0.028630968,0.007306425,-0.3891891,-1.3171585,0.9460212,1.0233121,0.32568565,-0.78304684,-0.55722725,-0.07087875,0.007814646,0.014581457,0.20121974,0.36248216,0.046431504,1.8978869,-0.44017088,0.065493025,0.13648385,0.01089483,-0.03592773,-1.0876615,0.03974972,0.12543787,0.42822447
Q13480,-0.08417708,-0.1357096,-0.07626861,0.11610498,0.05794084,-0.038141888,-0.045745093,0.005896395,-0.05201072,0.09529048,-1.6357569,0.2617731,1.0901095,0.32664284,-0.7413125,-0.4193786,-0.0709689,-0.49388066,0.008078496,0.21725748,0.025904268,0.0009968976,2.031657,1.2278038,0.07722785,0.14055763,0.0083426945,0.07137395,-0.6751976,0.016512254,-0.11375865,-0.034212496
P00546,-0.07204643,-0.14861526,-0.09312907,0.13917461,0.17020035,-0.11025508,-0.08204389,0.0041798893,-0.07020902,0.017368842,-2.5035594,0.013264541,1.2360231,0.14596178,-0.90354073,0.19452156,-0.084611624,-0.71283793,-0.163419,-0.02004271,-0.17557979,-0.018715262,2.3705869,1.8820155,0.07650674,0.13276789,0.001967542,0.08740239,-0.0726563,0.0050502648,-0.18312281,0.07113673
P60174,-0.08206799,0.0752736,-0.037147284,0.13535085,0.82038224,0.13954763,-0.012874708,0.026686992,-0.007481413,-0.07739249,-0.95778525,0.7226121,0.17730166,0.060161196,-0.21739517,-0.21189323,-0.05148007,-0.13276657,-0.11739963,1.2959274,0.15405849,0.02935195,0.06044297,-0.65528184,0.06304405,-0.023411475,0.010152383,0.02027279,-0.6937492,0.022458661,0.16636245,0.3696931
P20937,-0.070407085,0.14368303,-0.087654114,0.16264285,0.5032424,-0.13810615,-0.092315145,0.005496191,-0.061103303,1.1124767,-2.9035785,-0.21564794,1.194894,0.28358448,-1.0875138,-0.27367905,-0.08559091,-1.2844664,-0.38684192,0.8928206,-0.50825447,0.0023213848,1.4285342,1.8737259,0.065873414,0.21436332,0.018706674,0.080204636,0.40720272,-4.1621428e-05,-0.35286844,-0.096437395
P07814,-0.08310188,-0.4945302,-0.09397336,0.14985467,0.6815656,-0.079475135,-0.07093957,0.018429883,-0.06810218,-0.50983834,-2.2985904,0.51285386,1.207976,0.3273483,-0.6634127,-0.30726048,-0.08310108,-0.50552255,-0.11747399,-0.1536883,0.029016707,0.02628455,2.026847,1.2143382,0.09346296,0.2797467,-0.0008341622,0.0746224,-0.5660821,0.00082512904,-0.1584594,0.19579476
O75716,-0.13110039,-0.44857818,-0.09408851,0.16667697,-0.13904175,0.26371711,-0.0094387885,0.037046473,-0.05828909,-0.0978607,-1.8353707,0.838529,0.6339115,0.5165459,-1.5828311,-0.75354373,-0.09109937,0.5555051,0.7630226,0.025031472,0.94401824,0.045547575,2.8404794,0.46053195,0.12328961,0.057551444,-0.012093531,0.14852229,-1.0469323,0.015171824,-0.25552148,0.032741725
P0ADS2,-0.044154383,0.23514885,-0.08962689,0.12260119,0.9659715,-0.18073916,-0.0947931,0.005607577,-0.07443025,-0.6422756,-2.0564518,0.2915891,1.0420196,0.18502225,0.32905424,-0.17058429,-0.066851884,-0.8215116,-0.28956932,0.17097542,-0.009992532,0.044520006,0.5373391,1.9347472,0.07859017,0.15571223,0.004958166,0.0032928009,-0.50985,0.0009192419,-0.16494483,0.15241814
A0A0D1DWQ2,-0.10089464,0.063250765,-0.01966599,0.13168871,0.1890865,0.10604731,-0.024115948,0.02539581,0.01545027,-0.16975302,-1.2890483,0.61534697,0.48138607,0.15359521,-0.7089399,-0.103814125,-0.060456946,0.18593231,0.22044818,0.66237134,0.42367902,0.07465628,1.0442353,-0.046368122,0.055658266,0.027876373,0.0028187507,-0.06229566,-1.1073174,0.04682017,0.17049265,0.21488106
Q6ZU80,-0.07169359,-0.682418,-0.07913085,0.1454403,0.5316588,-0.19003628,-0.064050116,0.013019412,-0.052760277,-0.507377,-1.9693898,0.009639944,0.98325807,0.28932142,-0.51904076,-0.0050239987,-0.07589813,-0.06568541,-0.08291294,-0.30121496,-0.18887925,0.007246074,1.4298469,1.0714171,0.08205194,0.14092615,-0.013729214,0.03873322,-0.3596416,0.0045359763,-0.13413537,0.13482156
O08604,-0.011737299,-0.44379818,-0.09346828,0.12989455,1.2439023,-0.17277507,-0.09587931,0.0268612,-0.07929808,0.08199993,-2.9173272,-0.43940666,1.4130063,0.4996917,-0.12809859,-0.8326282,-0.062936835,-1.4594036,-0.12095475,0.24566346,0.37183604,0.032611962,-0.68084526,1.9162655,0.07031377,-0.15159924,0.00788513,0.068880856,0.2639461,-0.040590312,-0.33708596,-0.1843554
Q13501,-0.06014671,0.115136,-0.09439552,0.132446,0.69619215,-0.08788054,-0.086879514,0.0034045256,-0.073393956,-0.20345622,-2.3522975,0.2057925,1.2871181,0.055605233,-0.32549834,0.3085779,-0.0788933,-1.1018409,-0.48950106,0.6268787,-0.39528275,-0.019614544,1.4710836,1.542933,0.075016975,0.044338085,0.015999982,0.07557812,-0.03089376,0.0011863102,-0.18033154,0.17742817
Q15046,-0.09572579,-0.11815513,-0.08329738,0.14677685,0.6496007,0.016587451,-0.05185197,0.017318709,-0.052875813,0.025097262,-2.0515168,0.64733386,1.0765595,0.25719598,-0.7665599,-0.053846058,-0.08265651,-0.81128234,-0.3425129,1.2196137,-0.13999093,-0.0042585535,1.7164363,0.60455304,0.08649093,0.05230543,0.019799912,0.09267867,-0.4013646,0.011036111,-0.16938744,0.27085578
O08583,0.06708582,0.58158404,-0.1456944,0.059101596,1.2945057,-0.377793,-0.14853802,-0.017635519,-0.17670004,-0.96973777,-2.6654158,1.0733813,-0.09454268,0.1105962,0.8647737,0.74554175,-0.039333485,-1.2881609,-0.21199928,-0.8125577,1.4081519,-0.0014006868,0.38762212,4.386487,0.08640894,-0.27594325,-0.032336272,0.048447285,1.4056077,-0.044004068,-0.48074013,0.5642895
P0A6Y1,-0.10583793,0.39459243,-0.05356778,0.13040079,0.26369628,-0.3101777,-0.069063924,-0.008094481,-0.021439271,0.6340767,-2.2727861,0.6089353,1.380731,0.3796309,-2.146426,-0.10468594,-0.08556632,-0.99026114,-0.7514927,1.283592,-0.9756062,-0.033644732,3.4023876,1.2494482,0.04507046,0.67515236,0.033331092,0.014646556,-0.33267966,0.037808843,-0.550029,0.42433897
O33283,-0.007024748,0.10344536,-0.10391898,0.1609907,1.5628482,0.025274543,-0.12298464,0.019187652,-0.09375101,0.91100264,-3.4473305,0.6300342,0.35253587,0.25605425,-0.6993082,0.2509571,-0.0721744,-1.75374,-0.7301758,0.8657031,-0.31574175,0.06996468,0.8413287,2.0031824,0.06388283,0.028187187,0.010237437,0.05982163,1.7993532,-0.036960535,-0.54166514,0.21432954
Q9UNE7,-0.05212164,0.1831013,-0.09372281,0.13771424,0.4726494,-0.106379956,-0.08242744,0.0061493353,-0.07629401,0.19689162,-2.42419,0.1755993,0.74070525,0.16156164,-0.4660469,0.053298816,-0.0739588,-0.75155723,-0.13146974,0.20431249,0.009904296,0.0043266406,1.2360798,1.8340333,0.07826077,0.032532033,-0.0005861228,0.069143966,0.21332905,-0.0019040104,-0.252721,0.029593194
O15264,-0.05365612,0.24721824,-0.07221274,0.12242608,0.46301574,-0.20712543,-0.0760744,0.003303516,-0.05198648,0.32519457,-2.2147944,0.3704548,1.0722677,0.26658362,-1.0023282,-0.23513325,-0.07061132,-0.8309284,-0.29751,0.2543108,-0.18242142,-0.03652963,1.5650368,1.1465112,0.057929028,0.090794004,0.016214076,0.042024713,0.34839827,0.0061259707,-0.4761999,0.15403058
O43559,-0.051507223,-0.12966023,-0.081500195,0.13043633,0.8159474,0.12275169,-0.083903305,0.015374196,-0.061145604,-0.44181234,-2.1236491,-0.0026253103,1.4061015,0.054303218,-0.46364942,-0.16382608,-0.06802355,-0.82882214,-0.26754805,-0.19721632,-0.35233244,0.0681018,1.3979206,1.5198228,0.061755817,0.49657235,0.00994317,0.052424468,-0.46988636,-0.0073294207,0.029498195,0.05074487
P0AE88,-0.059339285,-0.26513574,-0.07182121,0.11359065,0.19339828,-0.0009040882,-0.04015974,-0.00030280338,-0.054101776,-0.22511168,-1.1998807,0.36503124,0.36671272,-0.05837497,-0.44354984,0.5473071,-0.059365958,-0.07737508,-0.18829222,-0.013959448,-0.19664983,-0.045906425,1.9785136,0.7151503,0.06659686,-0.04051253,-0.009212771,0.07898047,0.052569628,0.012771699,0.05992511,0.30584362
P0AFF6,-0.10875338,-0.45151934,-0.074383,0.15731327,-0.5252553,-0.12818636,-0.051120043,0.0055650636,-0.040339183,0.21297435,-2.0352888,0.10851399,0.7981005,0.1709943,-1.7245961,0.46700287,-0.094283424,0.3478491,0.016872013,-0.4855483,-0.5167268,-0.03797723,3.7126071,1.0201808,0.076502375,0.3088378,-0.0135040805,0.080973245,-0.038053293,0.025377773,-0.21718729,0.13392673
D9I2F9,-0.024996536,0.11676031,-0.15521874,0.14218085,-0.24350524,-0.17501985,-0.14492534,-0.0073965667,-0.14510313,-0.6603333,-3.5574107,-0.94088936,1.5953764,-0.049705915,-0.03801831,0.9632969,-0.101370454,-0.4744323,0.34473434,-1.7621462,0.10569292,-0.017964404,1.8375019,4.0178633,0.109059975,-0.2585628,-0.029624796,0.11323907,0.63638103,-0.021905832,-0.41434306,-0.5085631
O08807,-0.045622487,-0.22857161,-0.10706759,0.13006335,0.50921816,-0.16616498,-0.08407103,0.006987447,-0.09345306,-0.5881198,-2.4942858,0.2434512,0.84496874,0.23130979,-0.31650105,0.30122718,-0.07452387,-0.35912803,0.16363369,-0.2802744,0.6691661,-0.010020125,1.1451446,2.0768712,0.09681592,-0.25617906,-0.019781822,0.06987282,0.1000837,-0.0043815724,-0.28655466,0.14400741
P21981,-0.024099287,-0.14398578,-0.119523086,0.11357729,1.1614095,-0.19221254,-0.123178184,0.00516099,-0.11089885,-0.9158449,-2.5957794,0.21845107,1.4555963,0.1627928,0.69808465,0.12825069,-0.07510854,-1.620691,-0.6502614,0.027128506,-0.25163952,0.028555786,1.2369863,2.7368004,0.085672654,0.05262624,0.011030054,0.057279088,-0.2264514,-0.023946727,-0.11666574,0.16082028
Q12904,-0.060714703,-0.24323405,-0.06512776,0.12192537,0.8221061,-0.13571382,-0.058721635,0.007156127,-0.046111185,-0.3570583,-1.42919,0.7723576,0.457431,0.12671508,-0.3705417,0.3006626,-0.061250526,-0.44341165,-0.5231335,0.5697576,-0.2386232,-0.0016365043,1.5770682,0.7290942,0.06341878,0.20776732,0.0020058805,0.02380321,-0.11459923,0.010903738,-0.030871676,0.5821554
P68104,-0.08140998,-0.017014435,-0.068231486,0.13853459,0.32786912,-0.039326828,-0.05735893,0.010453346,-0.038210403,-0.04667421,-2.041557,0.16204347,1.2172635,0.109024264,-1.0586557,0.20786053,-0.07844291,-0.44111708,-0.2087748,0.506906,-0.31114507,-0.0281528,1.6801862,0.6237117,0.06579122,0.07938225,0.012093862,0.059950113,-0.1423568,0.015656674,-0.22068785,0.17004164
Q00613,-0.054205924,0.3461775,-0.087027185,0.11991703,0.44403577,-0.15757631,-0.079605184,0.0035016595,-0.06994914,-0.07417675,-2.2545686,0.25474986,0.94111687,0.0864411,-0.44974366,0.18213475,-0.07263409,-0.97255915,-0.34746727,0.5103828,-0.161014,-0.021352986,1.5253073,1.7854387,0.06914521,0.110839896,0.010664139,0.06948528,-0.11206158,0.0017617779,-0.1989671,0.18383189
P23256,-0.02412511,0.45572695,-0.114186466,0.122272834,0.8316973,-0.49680033,-0.12960383,0.0032586332,-0.10566362,0.22899432,-3.4733815,0.26533496,1.5691288,0.43790025,-1.0794731,-0.48471555,-0.082206555,-1.7287585,-0.5221475,-0.033944033,-0.11354365,-0.04078989,1.4867525,2.8085825,0.06845376,0.50255615,0.01928055,0.09575556,0.6413768,-0.031643875,-0.768511,0.15434209
P16568,-0.041572433,-0.069697596,-0.104372725,0.11863168,0.4884619,-0.020754281,-0.09955866,0.012468761,-0.093227945,-0.7849103,-2.2645428,0.28427264,0.955377,0.07350202,0.00513672,0.2232848,-0.07380517,-0.72323114,-0.14362799,-0.5854237,0.13760695,0.0609804,2.0283504,2.5664225,0.08154265,0.30183092,-0.006451881,0.05994869,-0.41458234,-0.012220383,0.022625849,0.16090651
Q15637,-0.06434857,0.08435878,-0.09003916,0.11498781,0.1564518,-0.121596985,-0.050962772,0.0039753146,-0.07265978,-0.075088784,-1.8395916,0.34215367,0.67179364,0.13118936,-0.7378475,0.10502442,-0.07041267,-0.54714495,-0.23009683,0.1435043,-0.28966245,-0.040815365,2.1480148,1.37577,0.07684434,0.26680502,0.0006123474,0.1192924,-0.21062583,-0.0009868456,-0.1698188,0.14489998
O60568,-0.09095581,-0.07251079,-0.06155521,0.13167502,0.38867953,-0.0036551384,-0.06951094,0.0010996577,-0.030905718,0.0050217644,-1.7537704,0.49057466,1.2047919,0.15686832,-1.0251907,0.36860636,-0.08051726,-0.6263586,-0.6045952,0.7147889,-0.8698648,0.02309103,2.861417,0.9620073,0.05690204,0.32479483,0.021013113,0.0023529842,-0.2945595,0.030289777,-0.16936304,0.30287126
P16152,-0.083129056,-0.3462911,-0.07720725,0.13390626,0.8914964,0.0393679,-0.062111355,0.02196999,-0.046217874,-0.49347618,-1.770366,0.38560513,1.5403562,0.19477911,0.007781592,-0.30495226,-0.07872473,-1.1424938,-0.59820133,0.8388485,-0.60278165,0.019111546,1.556139,0.49346197,0.07640035,0.09328889,0.03198658,0.06324076,-0.8576549,0.0027286343,0.030701946,0.17267498
P02511,-0.0838728,0.5861368,-0.069878794,0.14550883,0.73919034,0.05487363,-0.07008697,0.0075597386,-0.040088266,0.27104804,-2.4783127,0.38122302,1.1724776,0.045471955,-0.9499965,0.30411035,-0.07907348,-1.1493001,-0.4654177,1.7226859,-0.36205432,0.00800745,1.2557319,1.0379801,0.06370444,0.036894415,0.028476512,0.041449856,-0.22617403,0.022632422,-0.23733978,0.21852376
P29350,-0.08243259,0.06721584,-0.084468864,0.13638759,0.37151882,-0.041622594,-0.06944953,0.0045455163,-0.056389704,-0.25279644,-2.1527102,0.063793264,1.3557979,0.042979937,-0.54660064,0.31628036,-0.083044335,-0.7728507,-0.35776195,0.6082367,-0.5301406,-0.018230893,1.8668458,1.2520719,0.0758403,0.08261142,0.014492835,0.0712861,-0.46652672,0.014195512,-0.11051944,0.08964315
P43593,-0.116776295,0.034292836,-0.06215487,0.16289034,0.15508127,-0.09301189,-0.06216317,6.892319e-05,-0.02454074,0.2709709,-1.8874217,0.28750923,1.0330878,0.19585124,-1.0688696,0.25817475,-0.08815522,-0.051442318,-0.15907435,0.77949256,-0.40065718,0.015110384,2.0423357,0.8550526,0.07536054,0.19281714,0.0062616863,-0.005342967,-0.43251356,0.046485968,-0.18346119,0.17787638
O94444,0.0047380724,-0.014351954,-0.09396595,0.08612919,1.0306321,-0.20815271,-0.066534236,0.007999238,-0.09675791,-0.47599995,-1.6879677,0.71845967,0.24583244,0.21342175,-0.18734904,-0.1723433,-0.041062646,-0.6637383,-0.20135655,-0.3191737,0.53068,-0.038128752,0.45730385,1.4215208,0.068010814,0.08652938,-0.010377931,0.09833681,0.5966874,-0.03255453,-0.32256052,0.43310365
P0ABC7,-0.076357275,-0.92963064,-0.080181584,0.122336805,0.4931069,-0.48999277,-0.055013128,-0.0029856705,-0.059944816,-0.47851688,-1.4133555,0.6155986,0.9772582,0.23154053,-0.7627369,0.019956917,-0.072117575,-0.36808306,-0.64147776,-0.31754765,-0.51928556,-0.124400705,2.7531717,0.5473271,0.071880884,0.43902752,-0.0026031025,0.10835168,-0.11049101,0.0030982392,-0.07419802,0.6942481
P25911,-0.03569015,0.20961748,-0.09164757,0.11574232,0.69138956,-0.18072404,-0.09126235,0.0012452322,-0.07907774,-0.13368168,-2.1913347,0.46142286,0.8587006,0.13890645,-0.35732138,0.2914275,-0.06885016,-0.91359055,-0.45561507,0.18518259,-0.23321438,-0.014656329,1.3646755,1.6776286,0.06798603,0.11647079,0.0075805415,0.050992873,0.4560168,-0.0060187494,-0.33388188,0.24724405
P13299,-0.055978928,0.5569107,-0.08579398,0.14407444,0.6298187,-0.0492722,-0.08798963,0.024378844,-0.057677917,-0.013850649,-2.7854059,-0.007953392,1.7068782,0.08481117,-1.033126,-0.2064608,-0.087550335,-1.1471756,-0.4496657,0.29566842,-0.77093923,-0.02114065,1.2434713,0.82511586,0.060607214,0.3659355,0.035082728,0.10007911,0.17553462,-0.018632788,-0.5146298,-0.024104873
P04818,-0.12517518,0.102435574,-0.045646384,0.16344367,0.080079846,-0.02999628,-0.04656056,0.00956784,-0.00064780103,0.21527587,-2.1378517,0.09954679,1.4448321,0.12584625,-1.756937,0.17139642,-0.09088814,-0.18430744,-0.19786903,0.9133797,-0.6703899,-0.016707398,2.328976,0.17013289,0.0594857,0.25150493,0.01894679,0.017999154,-0.62352186,0.045125358,-0.24713294,0.15577176
Q96EZ8,-0.088555865,0.124405034,-0.0794206,0.13268319,0.40550625,-0.09256704,-0.057328224,0.007443204,-0.054204263,-0.04075594,-1.9563466,0.5599111,0.97192633,0.15834364,-0.8496622,-0.05605496,-0.07800753,-0.7660532,-0.36316383,0.79380226,-0.24039026,-0.019857686,2.2789197,1.1495478,0.075002044,0.2811571,0.015250113,0.08507078,-0.5823098,0.014613566,-0.12789403,0.3282527
P08318,-0.07667968,-0.4458656,-0.07076973,0.11291271,-0.33143255,0.0018817559,-0.059916276,-0.004849773,-0.054336887,0.59086543,-1.1939162,0.6216825,0.027519768,0.3635458,-0.44475996,0.019177616,-0.06602032,-0.13167357,0.012046139,-0.23395918,0.15310682,0.073311925,3.4435616,2.2134378,0.07246787,0.05594462,-0.013997585,-0.0037215427,-0.19008815,0.031537063,0.08335481,0.09170732
O75031,-0.15101495,-0.17929652,-0.06999421,0.15036839,0.2985674,-0.14728679,-0.030539487,0.0144497845,-0.026880436,-0.347942,-1.9532206,1.0786738,1.6015971,0.45050758,-1.9545863,-0.28892928,-0.09922767,-0.3823103,-0.36487973,1.2679034,-0.35633677,-0.04397918,3.525166,0.05911252,0.0904104,0.4808743,0.027303096,0.08853586,-1.3023009,0.03876122,-0.3817698,0.5487559
Q96AP0,-0.0622577,0.32859495,-0.10096773,0.12915017,0.48371273,-0.18440491,-0.083746366,0.011529585,-0.084328204,0.09603441,-2.6910906,0.34480307,1.0573148,0.3762793,-0.78562564,-0.38938195,-0.07897034,-1.0531384,-0.057716455,0.63648224,0.4652678,0.008758158,1.4528075,2.353283,0.08597669,0.16243474,0.008769963,0.0907313,-0.34005618,-0.004991395,-0.37151942,0.12433333
Q8N960,-0.07108215,-1.6960616,-0.115400515,0.1467063,1.1402653,-0.16355117,-0.06328524,-0.007978958,-0.09603011,-1.1706549,-0.71581364,0.32582852,0.73884016,-0.28878185,1.1764226,1.3587155,-0.07508651,-0.47285894,-1.1256161,0.46713588,-0.9978916,-0.122986756,2.0380743,0.3774393,0.1001004,-0.1640829,-0.010281152,0.16641553,0.08610257,-0.0059106997,0.6162409,0.9071765
P41797,-0.056005605,0.13838819,-0.090835415,0.11771112,0.3768224,-0.13620348,-0.09227917,-0.0011204481,-0.07400194,-0.19073544,-2.2736647,0.22431482,1.2226578,0.14167248,-0.5216375,0.107225746,-0.07637224,-0.96740144,-0.347421,0.05977564,-0.23748116,-0.00042472332,2.2703483,2.1767504,0.06885723,0.18380958,0.010092886,0.0511569,-0.2013733,0.005399378,-0.2100008,0.14997432
P00330,-0.08360414,-0.21450034,-0.0491328,0.1384776,0.4249192,-0.059757154,-0.048831735,0.016763542,-0.017286662,0.093689874,-1.7813269,0.116183996,0.9445914,0.2600924,-0.59785885,-0.18864281,-0.069326885,-0.39819884,-0.080778845,0.727367,-0.008865995,0.022052398,0.9340207,0.56652635,0.062929675,-0.06647169,0.00843319,-0.0016685383,-0.5368535,0.023716101,-0.046376705,0.09090451
O43639,-0.0966895,-0.00068691967,-0.089828916,0.141542,0.16832313,0.070084155,-0.042600367,0.011316874,-0.062490094,0.12508261,-2.165536,0.5090598,1.0389016,0.3963353,-1.1000408,-0.60263664,-0.07939776,-0.31685197,0.38134617,0.28533438,0.6119218,0.004799427,1.9847444,1.1507477,0.099402644,-0.15866612,0.0014563204,0.09246087,-0.6044428,0.020552197,-0.34459206,-0.07572097
P08638,-0.12878342,0.9633394,-0.03606501,0.20098376,0.42126393,0.08134885,-0.051764816,0.005517298,0.013770129,1.1685461,-2.9523995,-0.37818804,1.2433256,-0.21628374,-1.6039008,0.17679207,-0.08866599,-0.9559138,-0.25307,2.320173,-0.70435697,-0.026756188,0.7675869,0.25829628,0.047992628,-0.07407297,0.031184146,0.023949683,-0.51021713,0.056155026,-0.10650605,-0.02661708
Q59NQ5,-0.057060618,0.73470265,-0.08718885,0.15677722,0.65184194,0.299847,-0.097483546,0.0129217645,-0.06238157,0.1658408,-2.5213935,-0.025951087,0.9559674,-0.48154545,0.38133678,1.125071,-0.0806365,-1.3248158,-0.4305223,1.4176416,-0.23959391,0.020553825,0.38521913,1.353756,0.0667891,-0.39248493,0.025318498,0.066232994,0.33180854,0.007815521,0.23057413,0.079817325
Q16543,-0.034242544,-0.23719779,-0.099671915,0.10770152,0.5750193,-0.1593902,-0.093588114,-0.0018510122,-0.09140391,-0.03243444,-1.9787003,0.36417925,0.7160998,0.18054427,0.50035316,-0.09464881,-0.06493896,-1.3262589,-0.4768463,-0.10364745,-0.14001313,0.007879786,1.9647638,2.3853948,0.075479604,-0.08548062,0.004352724,0.05856721,0.00552599,-0.007708797,0.025834667,0.094554685
P03952,-0.06692893,0.24520665,-0.061765175,0.13386185,0.6290928,0.078773014,-0.043534704,0.019811653,-0.04033529,0.41782823,-1.7544554,1.110064,-0.1625229,0.25551802,-0.8200306,0.11958063,-0.06261811,-0.41161162,-0.25048724,0.98629445,-0.016371131,0.059858747,1.488827,0.58399594,0.068861954,0.13333482,0.0030276405,0.023012085,0.2049151,0.011459808,-0.22744904,0.31658983
P50552,-0.11262715,-0.63807136,-0.045543596,0.13891701,0.19232512,-0.053007603,-0.037075557,0.014275324,-0.007278932,-0.5304005,-1.4560146,0.40437344,1.2453905,0.19089057,-1.2378283,0.31316933,-0.07967916,0.14317296,-0.19028716,0.37048566,-0.31494924,-0.007938329,2.4883301,0.005738288,0.06460849,0.22599234,0.0047469386,0.011345687,-0.81640226,0.036874313,0.0075504384,0.41563448
P09237,-0.01485857,-0.018996477,-0.11145498,0.12544234,0.54432,-0.21813549,-0.111488424,0.0076689925,-0.10608842,0.5393452,-2.9001489,0.46775,0.60677487,0.48044142,-0.9451775,-0.42402896,-0.072942525,-1.0152209,-0.23077828,-0.9707043,-0.12147859,0.035016224,2.2691307,2.6420798,0.073100835,0.38627,-0.0058179656,0.07607441,1.111636,-0.03261032,-0.6532844,-0.052707527
Q00987,-0.04640814,0.2998583,-0.09405711,0.13847668,0.618755,-0.06829518,-0.09075996,0.011459625,-0.07644919,-0.08224716,-2.657423,0.168611,0.947436,0.12931931,-0.3456502,0.028378649,-0.074336015,-0.81559783,-0.049589988,0.06529513,0.16962737,0.022434369,0.81913537,1.8353121,0.07900611,-0.005160677,0.0010849576,0.052794572,0.116396345,-0.004604235,-0.2683406,-0.017840054
O14036,-0.05475472,-0.9424901,-0.10538457,0.11861904,0.58398074,-0.4143298,-0.0875549,0.010462841,-0.09173769,-0.6334211,-1.9601978,0.62470603,1.244337,0.2936452,-0.25700557,-0.24184534,-0.078924514,-0.95458496,-0.6195915,-0.820083,-0.25524926,-0.0705637,2.8583698,1.472904,0.08162817,0.46857193,0.003674434,0.1318161,-0.06633288,-0.024379747,-0.03925696,0.52382624
Q9NQ66,-0.08983685,-0.076658964,-0.055815097,0.13437222,0.23771535,-0.0067495108,-0.02639271,0.011078513,-0.025733601,0.012214797,-1.4892282,0.2729849,0.65041244,0.124369964,-1.0626912,0.16724397,-0.06773803,-0.005667746,-0.049290873,0.7808014,-0.10772453,-0.024233263,1.4351982,0.24334385,0.06733414,0.063539386,0.001064691,0.05948667,-0.42797038,0.02433874,-0.08920661,0.24340823
P08168,-0.09234725,0.4135461,-0.07111615,0.14891517,-0.079164915,-0.011015907,-0.0515429,0.004512927,-0.036100805,-0.042649098,-2.0111642,-0.08126788,0.8961595,-0.02906307,-1.0967584,0.8168327,-0.08763149,0.07820845,-0.1688584,0.50448626,-0.9183425,-0.021235853,1.8567814,0.65971327,0.07248406,0.105952024,0.0029295296,0.046543293,-0.08347133,0.026319966,-0.3395239,-0.04564185
P60520,-0.09552503,0.21362802,-0.048573602,0.15794112,0.20615754,-0.05761275,-0.040869806,0.0097971875,-0.014171041,0.58193016,-1.8716682,-0.04698427,0.68411684,0.011836182,-1.1246531,0.24679099,-0.0729064,-0.16631712,-0.066091076,1.1501851,-0.15751898,-0.028283633,0.75533944,0.31993252,0.058405392,0.08304922,0.0058328044,0.04518766,-0.15390255,0.03011403,-0.040769998,0.18071228
P04053,-0.12100947,0.2811548,-0.050020166,0.13668978,0.49638638,-0.06369738,-0.028189784,0.015926477,-0.010170805,-0.113157466,-1.8777988,0.7208492,1.4839761,0.2829178,-1.592036,-0.27492493,-0.081602916,-0.62293553,-0.3273062,1.6877706,-0.24589686,-0.041740607,1.8741367,-0.21271884,0.06745848,0.19547184,0.03511389,0.054384053,-1.026068,0.035947226,-0.33959246,0.39964333
P62913,-0.08051147,0.23577976,-0.07253339,0.13096946,0.11433384,-0.029042192,-0.06112874,0.0033471799,-0.04693958,0.1875126,-2.0079365,0.23733921,0.92838717,0.056944728,-0.87979937,0.13239695,-0.07690867,-0.6709712,-0.2682223,0.4629876,-0.41513994,-0.014927434,2.387185,1.2892627,0.06453137,0.15257129,0.012255291,0.06374197,-0.3169607,0.018984014,-0.12842688,0.11569111
P68400,-0.05175772,0.1457401,-0.09993636,0.13611993,0.56326544,-0.17424098,-0.092701115,0.009261851,-0.07991164,-0.23390475,-2.833739,-0.05977588,1.5184829,0.17274274,-0.8569096,-0.060752735,-0.08204581,-0.9338371,-0.1981249,-0.085189685,-0.18145078,-0.025554644,1.3974681,1.808303,0.07570376,0.21690482,0.008337595,0.09495271,0.038493708,-0.011902336,-0.40559,0.020492587
P0A6F1,-0.0821633,-0.25386515,-0.08865924,0.11141308,-0.55494773,0.03179147,-0.07681748,0.0016769288,-0.06573665,-0.45896032,-1.6937599,0.03710241,1.0657142,-0.015240947,-0.51101875,0.68253016,-0.088462174,-0.42745748,-0.3718999,-0.7334533,-0.9836808,0.032700732,4.4639387,2.3154643,0.06952555,0.47614712,0.0015178791,0.06620797,-0.7310554,0.012956944,0.15682122,0.0040490343
P0A7R5,-0.10508804,-0.13219082,-0.06177507,0.15997204,-0.3976391,-0.028256863,-0.0552561,0.0008170845,-0.02574617,0.64712524,-2.064603,-0.3567468,0.98649424,0.21647298,-1.2608849,-0.020635962,-0.0843268,0.1800237,0.30172372,-0.17671889,-0.24156871,0.019623118,2.1331372,1.2557737,0.07148303,0.074141756,-0.008914173,0.014401468,-0.29341206,0.039464377,-0.15456091,-0.29081485
P0A964,-0.072498284,0.0045069307,-0.07854636,0.118772015,0.121284425,0.06223763,-0.07779358,-0.0026761552,-0.06047715,0.021306854,-1.9338639,0.39346927,0.92608106,0.17330407,-0.7166552,-0.09162241,-0.07040659,-0.6091076,-0.043035798,-0.19679418,0.0695756,0.062621206,2.949662,2.2964272,0.06804739,0.25427523,0.00037786528,0.018874813,-0.58323276,0.02425301,-0.008394077,0.07681401
P59240,-0.01315994,0.39336845,-0.083877355,0.07773342,-0.048260402,-0.16594028,-0.08517937,-0.006641461,-0.07959889,0.1276892,-2.0113814,0.12000437,0.49961635,0.11455266,-0.48940074,0.58669275,-0.058438424,-0.79390806,-0.27365363,-0.32148367,-0.25965926,-0.006346448,1.9513596,2.5023005,0.051040612,0.09470229,-0.0028129823,0.038900916,0.6189942,-0.006839994,-0.3024228,-0.024869107
Q9Y6I3,-0.103847474,0.65669465,-0.050019797,0.1358974,-0.09320132,0.0010418544,-0.05286179,-0.0013506077,-0.009845473,-0.11703044,-1.9753466,-0.25878465,1.5064381,-0.40782678,-1.3042879,1.2846141,-0.089677155,-0.7113362,-0.8313735,1.3215456,-1.7643809,-0.08191239,2.6615968,0.31668785,0.038106307,0.3476106,0.03447039,0.06611701,-0.4575789,0.03490259,-0.0366526,0.22785313
P0A7V8,-0.07063583,-0.06480526,-0.085064515,0.12700638,-0.25604066,-0.09944954,-0.08418912,-0.0031998253,-0.059895277,0.13175987,-1.9959595,-0.24033795,1.4264635,0.05395259,-0.77385885,0.10040849,-0.08616925,-0.60372525,-0.3587991,-0.8024833,-1.0818608,-0.023951767,3.2642083,1.6764073,0.060848847,0.36993837,0.0119024,0.0712281,-0.032664444,0.007859237,-0.1809574,-0.16244987
P03375,-0.12950541,0.27391672,-0.07489,0.15036018,-0.09579471,0.0398103,-0.059258122,0.011031296,-0.034605503,0.2722665,-2.37989,0.56218386,1.520791,0.31996626,-2.1334107,0.015311226,-0.10527319,-0.6858845,-0.45731688,1.014012,-0.97000015,0.013686761,4.3807592,1.1862869,0.07188999,0.55050397,0.03273375,0.073479004,-0.7560806,0.031059405,-0.48516455,0.19483641
O34002,-0.029924259,0.3930546,-0.062075034,0.101105034,0.7213042,-0.45632783,-0.07706782,-0.00052985456,-0.04432149,0.34309682,-2.5042288,0.037749726,1.5712433,0.3312922,-1.767233,-0.24869974,-0.06410753,-1.2108837,-0.65096754,0.5840423,-0.6535209,-0.11455011,0.9926913,0.87022996,0.031067558,0.35527217,0.029562553,0.06451709,0.74840516,-0.010837145,-0.8140896,0.2721147
P10443,-0.11574098,0.5962104,-0.037672665,0.15659614,0.12844539,-0.061241437,-0.056540173,0.017439367,0.0025496024,0.788222,-2.3567002,0.6679787,1.0174581,0.33240795,-2.3582451,-0.11771196,-0.08896775,-0.43737695,-0.30961865,1.300796,-0.5081808,0.031661164,2.6979916,0.5273165,0.04621105,0.591649,0.02937298,-0.0076535144,-0.27108878,0.03865582,-0.5154498,0.3238883
P61964,-0.07129637,0.25728983,-0.06978795,0.1140884,0.18905643,-0.09585962,-0.06740156,0.0006965932,-0.046938773,0.23318556,-2.011731,0.22928031,1.3170874,0.16407567,-1.0118295,-0.051535126,-0.07263925,-0.899678,-0.26753247,0.60358167,-0.13774414,-0.032339934,1.98289,1.3454009,0.057084817,0.12416489,0.021932889,0.057342034,-0.20312028,0.01710236,-0.23078813,0.15075935
O22793,-0.039656132,0.25970203,-0.061973967,0.100810185,0.72844094,-0.12706839,-0.074867174,0.0013961119,-0.043404203,-0.020993065,-1.5795159,0.41139325,0.98971385,0.041420054,-0.2917379,0.16748767,-0.061725773,-1.1905739,-0.9590392,0.45212665,-1.2955463,-0.015599856,1.764625,0.7639753,0.038736317,0.36096466,0.030798938,0.021665076,0.20091853,-0.00023040101,-0.20915775,0.22604947
P04806,-0.082010165,-0.74050623,-0.053840976,0.10650609,0.25504684,-0.11598808,-0.044385817,0.00813724,-0.027368367,-1.0454719,-1.201477,0.36187544,1.158652,0.2559033,-0.36128008,0.0055756504,-0.06474963,0.07220123,-0.034114614,-0.43105724,0.021821657,0.013294396,2.1564558,0.7338369,0.069644675,0.052719507,-0.0068520512,-0.017662412,-1.1223518,0.02914337,0.089511506,0.25290293
P04807,-0.08644218,-0.48004767,-0.06766746,0.12643763,0.41457593,-0.1517929,-0.061103363,0.0043342244,-0.03821314,-1.118566,-1.8581462,0.1240697,1.5692248,0.10714027,-0.61043656,0.25804555,-0.076581106,-0.17291847,-0.14756356,-0.22889288,-0.22252485,-0.020824138,2.0468843,0.9094674,0.073593035,0.0953589,-0.0022489778,0.014675801,-0.9958643,0.026241202,-0.029909026,0.25784925
P02746,-0.034333404,0.022716528,-0.10030423,0.1471568,0.9609806,-0.17877063,-0.12006682,0.01039901,-0.07866545,0.26672944,-3.090961,0.021566605,1.8999462,0.12869355,-1.0348524,-0.2628277,-0.08802245,-1.6734339,-0.9392044,-0.5098916,-1.4961718,-0.036993258,2.177456,1.215735,0.051630784,0.61582464,0.03469404,0.1080143,0.9841176,-0.033935286,-0.5733206,-0.0063396455
O88951,-0.0075050085,-0.33035094,-0.15971859,0.1367613,0.22346967,-0.111028135,-0.1477402,0.006568778,-0.15985425,-1.0418612,-3.1126606,0.05867966,0.94749874,0.01465411,0.052209813,0.4277489,-0.0900695,-0.40563384,0.023371994,-3.131277,-0.26705894,0.060836572,3.214552,3.7488391,0.105733514,0.6371892,-0.038144324,0.1243866,0.6467366,-0.049620062,-0.23868798,-0.19173865
O76054,-0.16518067,0.0012155175,-0.06907512,0.15697026,-0.27666086,0.10876172,0.024832128,0.025584314,-0.025307704,0.3219701,-1.4590285,1.194237,0.40948734,0.59771556,-2.006549,-0.50746906,-0.08992189,0.5184327,0.50889695,1.6782737,0.71162283,-0.011507465,2.678282,-0.30522993,0.11741691,-0.043713354,0.0029509487,0.123802096,-1.3201251,0.047423128,-0.37959537,0.23229536
P03485,-0.06142365,-0.12000549,-0.06399331,0.13052213,0.3468412,0.12488075,-0.07562146,0.025388991,-0.033400018,-0.14508174,-2.2193496,-0.1495942,1.7547464,0.07732528,-1.1641253,-6.6300236e-05,-0.08067382,-0.80129266,-0.3778691,-0.1352654,-0.8175047,0.021131046,2.1242247,0.66969293,0.044839304,0.37699005,0.028259268,0.05907518,-0.048377473,-0.0070224865,-0.20460673,-0.016397336
P54786,-0.102661155,-0.9895999,-0.066688985,0.14223076,-0.19771162,0.015344699,-0.05064607,0.010796959,-0.038576048,-0.1176828,-1.495804,0.486968,0.7313618,0.37361696,-0.8868629,-0.17929639,-0.07639796,0.43347105,0.41996217,-0.8236027,0.64946944,0.053010438,3.0268674,1.2424854,0.08552778,0.0457462,-0.02249309,0.010204375,-0.6264447,0.0344192,0.12172621,0.15763685
O43614,-0.017198035,-0.19015229,-0.1377361,0.11361163,0.78967386,-0.1008655,-0.10598461,0.01148972,-0.13492419,-1.0180987,-2.4464002,0.52024096,0.84655714,0.015843958,0.03990008,0.43341887,-0.07713254,-1.0612301,-0.60948545,-1.0002978,-0.5905267,0.0030366126,2.6429253,2.4836147,0.09120834,0.5566319,-0.0061056735,0.1607904,0.2525838,-0.04808041,-0.16603398,0.2668912
O58966,-0.09601609,-0.5409729,-0.06149168,0.1904941,1.4078232,0.14912987,-0.09735205,0.052417696,-0.0069833375,-0.8859413,-4.004748,-0.47298908,3.3459644,0.24237193,-1.0438246,-0.45964313,-0.106476575,-1.6404685,-0.3193545,0.65825754,-0.56229174,0.05237471,0.41082644,-0.14078923,0.06672578,-0.19312818,0.047683463,0.0069819144,-0.87981385,-0.0016427953,-0.3039181,-0.2605954
P61086,-0.06653503,-0.0012338957,-0.08803463,0.13344099,0.07634756,-0.0017001008,-0.07974539,-0.0028146852,-0.0686693,0.15254037,-1.9988464,0.109199055,0.5811779,0.0068194866,-0.22277343,0.6223733,-0.07616014,-0.5326605,-0.17731339,0.21132176,-0.18607636,0.021549828,2.157014,2.0981114,0.07607441,-0.054266036,-0.0059655644,0.044000085,0.0041920543,0.017113892,0.042595137,0.055158198
P0ADY3,-0.0783747,0.35165927,-0.081548326,0.12892927,0.39157602,-0.22482015,-0.08138764,0.008688768,-0.057676733,-0.1067922,-2.4210036,0.077875495,1.400619,0.101912916,-0.46867955,-0.0058250725,-0.08184275,-1.2512112,-0.34757382,1.193964,0.1200636,-0.03656085,1.4362428,1.9076704,0.07011403,0.06784454,0.02362175,0.07637124,-0.76518846,0.010434574,-0.05540067,0.30031627
P33421,-0.06872384,-0.054206144,-0.11434412,0.15774195,0.1817974,-0.059352737,-0.12031192,-0.0051254085,-0.09246517,0.44673258,-2.936802,0.2600274,1.2612065,-0.04778478,-0.58140945,0.5859168,-0.10046571,-1.3495215,-0.66225064,-0.2873498,-0.9397256,-0.024845049,3.7072659,2.266354,0.07736347,0.11227059,0.014666519,0.10189807,0.733277,0.0009893959,-0.18909523,0.052412987
B9VJ59,-0.10387047,0.43367705,-0.039690863,0.16659337,0.76996374,0.12771904,-0.052323442,0.01863974,0.0033099395,0.026973668,-2.3636389,-0.094586894,1.4292434,-0.12456676,-1.0187142,0.21968003,-0.078927845,-0.8199405,-0.39427882,1.6653749,-0.70782983,0.019151306,0.7102323,0.05800665,0.049447227,0.13206881,0.029384349,0.008061614,-0.8373188,0.03402604,0.009912878,0.13553947
P13232,-0.076427974,0.31783202,-0.08300478,0.14091656,0.872318,0.0034442109,-0.07030177,0.020500878,-0.055160392,-0.45160952,-2.0920877,0.5599605,1.4287724,0.050951738,-0.50149614,-0.38815215,-0.08073094,-1.0483221,-0.56291825,0.4443445,-0.6951346,-0.0026222218,1.7665249,0.53306186,0.071822636,0.44172087,0.03255832,0.089806475,-0.6194935,-0.0032804962,-0.19691247,0.24420047
P98170,-0.055624105,0.37300023,-0.089672744,0.12597299,0.51181185,-0.13884841,-0.0891946,0.0025163158,-0.07085426,-0.049495436,-2.426247,0.16908622,1.1000825,0.072826065,-0.24904315,0.2276006,-0.07628768,-1.1293982,-0.3777805,0.60787165,-0.21296671,-0.010147108,1.3396991,1.9018134,0.07159954,0.0047925315,0.014031048,0.054792833,-0.099751435,0.0043605915,-0.18916857,0.09853711
Q08379,-0.0398062,0.05150097,-0.08350917,0.10192504,0.13018855,-0.1211689,-0.06855145,0.0024857926,-0.07232255,0.020848855,-1.7923706,0.3158339,0.5909642,0.22812697,-0.5246026,-0.023678089,-0.061678004,-0.44729367,-0.021457758,-0.3978322,0.14815998,-0.0006200753,1.773124,1.8126888,0.068026096,0.102836505,-0.005445499,0.055881254,0.1520813,-0.0010094568,-0.2302688,0.051105756
P00191,-0.009319686,1.1200782,-0.07984439,0.074727975,0.59208435,-0.09681966,-0.10795025,-0.00590214,-0.075175546,0.1130658,-1.9001088,0.70196724,0.91573244,-0.04357077,-0.47602937,0.3232278,-0.060092185,-1.5960721,-1.0588928,0.15539455,-1.2730986,0.014178004,2.3309627,1.9887781,0.02909722,0.7516115,0.03915818,0.029522553,0.6280134,-0.0137756085,-0.41302148,0.23613589
P09032,-0.06285743,-0.5098074,-0.10146387,0.1269594,0.54468095,-0.010493929,-0.09119733,0.007138969,-0.08100744,-0.8435377,-1.7576828,0.40070313,1.2560225,-0.24523187,0.27132708,0.7554482,-0.085116155,-1.1637833,-1.0465574,-0.35517424,-1.4155127,-0.024873454,3.482664,1.265633,0.070264675,0.4513856,0.018225985,0.11755264,-0.23297429,-0.012291601,0.2943867,0.39465445
P11229,-0.00048963877,0.03148023,-0.14211339,0.120023414,1.368241,-0.07663455,-0.15591313,0.017398994,-0.13648525,-1.2100911,-3.5818286,0.16108748,2.165402,0.36438859,0.50029707,-0.88327855,-0.08207415,-1.8771349,-0.26933405,-1.5939643,-0.08102317,0.09752546,1.4455465,3.3288102,0.095725134,0.19258846,0.012841116,0.05153684,-0.21128884,-0.04802598,-0.5289589,-0.3489844
P19784,-0.09608365,0.35100222,-0.08024602,0.15065001,0.5503479,-0.050033785,-0.06365889,0.008927213,-0.04255407,-0.36735,-2.7727454,-0.21571328,2.1261966,0.0257369,-1.8410095,0.34528303,-0.09444874,-0.8325631,-0.47924376,1.0735009,-1.0085067,-0.06715415,1.9156,0.64439446,0.065303035,0.38275245,0.029610455,0.11347229,-0.47996852,0.010530943,-0.49294534,0.15039669
Q13951,-0.17197114,1.4044719,-0.050898355,0.20524804,0.750915,0.36280903,-0.037161004,0.04277431,0.0066758967,0.4906008,-2.8120444,1.2996757,1.182259,0.23408185,-1.9053577,-0.5772788,-0.10800541,-0.89311385,-0.29937038,2.8051703,-0.5885841,0.12507465,2.0415807,-0.34737822,0.08537047,0.5923278,0.056601387,0.02016995,-1.6102694,0.050013185,-0.42013836,0.16088592
P09326,-0.038916476,0.28905234,-0.103995,0.15680249,0.7576571,-0.21443947,-0.112961866,0.010143389,-0.085500464,0.025300467,-3.366312,0.15566862,1.1240352,0.1976088,-1.5936921,0.3493728,-0.08844211,-0.72901493,-0.38399506,-0.31228256,-0.61354196,-0.0007017553,1.8569809,1.9541607,0.06893144,0.5450424,-0.0010810435,0.077063985,0.95593053,-0.021470219,-0.7487564,0.15847829
P20065,-0.029931447,0.6430748,-0.11511606,0.13012134,-0.34320238,-0.23585363,-0.08858973,-0.008651954,-0.10342467,-0.017826319,-3.03675,-0.46377945,0.68457466,-0.1069339,-1.339489,1.1765041,-0.08291169,-0.008816491,0.22806533,-0.81060195,-0.116928004,-0.09592865,1.6165667,2.4330866,0.07980593,-0.034728676,-0.028238231,0.13168897,1.1422848,-0.0108269835,-0.64814305,-0.15483914
Q06124,-0.06030254,0.07182246,-0.09346032,0.12529196,0.64860326,-0.07700136,-0.079963885,0.0016458428,-0.073038,-0.14165716,-2.1962774,0.3304817,1.2607756,0.14645763,-0.30753225,0.13061354,-0.076189876,-1.0560708,-0.40817237,0.57165146,-0.26463443,-0.02289093,1.5286266,1.4149888,0.07796952,-0.09241701,0.016584864,0.06991207,-0.010470339,0.0046451837,-0.25099102,0.12420971
Q383B2,-0.12344731,-0.88307166,-0.066144906,0.11991013,-0.3363762,0.04148574,0.033541925,0.021879924,-0.034785833,-0.3263079,-0.5366013,0.9548658,0.18840747,0.45373902,-0.86576223,-0.48723245,-0.06684126,0.75390404,0.5774238,0.3437544,0.99195004,-0.06699759,2.4621453,-0.5473083,0.109859735,-0.4583583,-0.015782231,0.13421792,-1.1498629,0.031182883,0.020609923,0.288881
P48415,-0.03281576,-0.26269412,-0.124708354,0.12097809,0.9106204,-0.1217168,-0.12914507,0.0012518197,-0.10844079,-0.70428306,-2.712535,-0.49984303,2.4326599,0.07236823,0.3945301,0.11922606,-0.08622127,-1.7432561,-0.62871385,-0.0786942,-0.59027,-0.022030538,1.1615388,2.4479842,0.080114506,-0.011575093,0.027061515,0.10359622,-0.030130088,-0.02557044,-0.16106096,-0.0959497
P16143,-0.06695995,0.72711736,-0.07125125,0.09739888,-0.110313155,-0.014456148,-0.0789017,-0.0034547711,-0.0471928,-0.40360698,-2.0797625,-0.24030858,1.643509,-0.23524673,-0.8596259,0.8197395,-0.080640934,-1.1346649,-0.6885009,0.57785875,-1.2495737,-0.030893683,2.9254818,1.8613516,0.040933017,0.43689668,0.032084633,0.06434303,-0.65846586,0.014390721,-0.07297475,0.08471676
O74499,-0.06657011,-0.9584803,-0.076068245,0.105544485,0.68624854,-0.5000332,-0.046130955,0.006233337,-0.057667825,-1.0437417,-1.0457917,0.6200149,0.928218,0.1844781,-0.18474033,0.15554243,-0.06552264,-0.40501186,-0.73778886,0.06991939,-0.4022838,-0.12488369,2.022757,0.31601703,0.07188372,0.33696425,0.0009506281,0.10720791,-0.4943894,-0.0052638026,0.07526271,0.8382459
P18065,-0.039984893,0.608867,-0.07720324,0.11401513,1.0877486,-0.05926715,-0.067839354,0.005241314,-0.06446983,0.10904544,-1.7398458,0.8573017,0.20618843,0.13383482,0.18882586,0.19551763,-0.05473783,-1.0499691,-0.52467453,1.4509485,-0.044564962,0.028519345,0.10150145,1.1760246,0.06978952,-0.04560122,0.014232282,0.019114114,0.16308247,0.0045053945,-0.19236398,0.31413442
P01586,-0.02188883,0.40840662,-0.1055138,0.11531418,0.77199244,-0.11423638,-0.107952125,0.0051210276,-0.097518414,-0.24912213,-2.5669103,0.30523834,0.9288277,0.04637655,-0.004402645,0.3295146,-0.0694503,-1.2333908,-0.4015926,0.085958555,-0.06894925,0.014183765,1.0007799,2.3333097,0.0722874,0.1337973,0.0072073746,0.06663972,0.38732457,-0.018486623,-0.23513155,0.12549151
Q92734,-0.035506107,0.5237623,-0.12225125,0.11811517,0.5771497,-0.12361499,-0.13434348,-0.012629328,-0.111578666,0.28543526,-2.545756,-0.12972279,1.6932268,0.029075712,0.5122348,0.14328781,-0.08210569,-1.8978821,-0.589904,0.57980454,-0.2835861,-0.011274005,1.220525,3.060071,0.076826006,-0.09969518,0.031740166,0.08089405,0.33226353,-0.0071284524,-0.17527069,-0.081504025
P03957,-0.04141361,0.7458302,-0.102651425,0.14838457,0.24608873,-0.085755855,-0.10177724,0.0065959757,-0.085998155,0.5139897,-3.1703162,-0.10740041,0.8048374,0.083412126,-1.1782794,0.3055914,-0.08348372,-0.7631542,-0.04275343,0.008916175,-0.17439422,0.008050054,1.4256753,2.4047782,0.07147835,0.22354414,-0.0010749623,0.086344235,0.74484396,-0.011176067,-0.5545318,-0.1280794
P00257,-0.05756969,0.5906536,-0.044733256,0.117848136,1.126827,0.059402786,-0.06671355,0.015145987,-0.017368965,0.05679667,-1.7879261,0.3306894,1.3028338,-0.018551335,-0.41279387,0.004254055,-0.06054894,-1.4381675,-0.89768475,1.581031,-1.0440265,0.033747166,0.41284156,0.24604607,0.032915078,0.43074316,0.047109596,0.0027379603,-0.3333852,0.0077838986,-0.06080227,0.22768411
P49710,-0.04804592,0.6196461,-0.07824921,0.119780876,0.573528,-0.18076736,-0.09106414,-0.001595674,-0.058883023,-0.15212986,-2.6151679,0.0815636,1.355009,0.07580794,-1.1646098,0.40008658,-0.07413923,-0.8944853,-0.41246998,0.4836819,-0.4803128,-0.02117808,1.382936,1.7224549,0.0535742,0.31314784,0.0146389045,0.03403779,0.15816468,0.005821755,-0.4921609,0.17472503
P08171,-0.023928456,-0.4823807,-0.09723688,0.102568604,0.7347332,-0.3827549,-0.08977273,0.010854623,-0.09159534,-0.6440179,-2.231212,0.6858223,0.8936463,0.34728026,-0.7035747,-0.23622884,-0.06484985,-0.79558563,-0.41675183,-1.013124,0.0020851546,-0.030495264,2.2827692,1.8308487,0.06865729,0.55350107,-0.006708085,0.09001618,0.2466467,-0.030186236,-0.31789827,0.46247646
P00568,-0.1019021,0.016377807,-0.034641188,0.16864263,1.517666,-0.040832475,-0.054809887,0.042179514,0.010763362,-0.38428807,-2.7305355,0.30988982,1.6496552,0.34750882,-0.6109472,-0.38624287,-0.07674964,-1.0961088,-0.3124812,2.2403536,0.089604355,0.07229699,-1.0758358,-0.3249265,0.0657272,-0.03993258,0.03266377,-0.04842068,-1.1839203,0.022733914,-0.10301238,0.21183123
O43255,-0.03021604,0.3011059,-0.12291362,0.111747466,0.3233873,0.00023125608,-0.10438791,0.0013324491,-0.1171056,-0.046935994,-2.612498,0.28747416,1.0176321,0.1921555,-0.029911214,-0.17716797,-0.07309284,-1.143176,0.06466421,-0.55132943,0.46749058,0.028611535,1.8063296,2.968812,0.091246136,-0.08828197,0.0002373727,0.095842116,0.16428348,-0.01440778,-0.26881838,-0.18479128
Q14103,-0.05746461,0.30739462,-0.07727127,0.109703094,0.7007707,-0.27105877,-0.07507321,0.0047638486,-0.059775304,0.056744557,-2.3904727,0.43859297,1.2166601,0.42157984,-0.77583617,-0.5047704,-0.067588665,-1.2500278,-0.29253957,0.93722504,0.22897911,-0.012774116,1.1739442,1.8043674,0.06701117,0.08552591,0.019455023,0.039271165,-0.4123424,0.0062549203,-0.40837198,0.20456472
O08547,-0.1028042,-0.032402266,-0.08268915,0.14454466,0.64004135,-0.35477212,-0.09001342,-0.00219524,-0.051600195,0.48228085,-2.7401862,0.24642222,1.9006168,0.42442027,-1.3994058,-0.4720831,-0.09359686,-1.694688,-0.8999246,1.2593045,-1.0155013,-0.026996613,2.897447,1.8315923,0.06388368,0.6988803,0.038098406,0.07356021,-0.63342226,0.0140069295,-0.33277798,0.26674053
P18545,-0.02745111,-0.25876367,-0.0838845,0.10716487,0.31997675,-0.3209308,-0.06643708,0.0036638249,-0.07850537,-0.84547186,-1.8663898,0.94053656,-0.3148831,0.23515515,-0.94334793,0.9935949,-0.058993887,0.64475685,0.07775865,-1.0110052,0.4558757,-0.006210448,1.9278855,1.6186595,0.07851938,0.20144205,-0.047883224,0.013794317,0.7126911,-0.001570397,-0.4208332,0.566967
P0AFL3,0.03986664,1.0210401,-0.10287716,0.057347167,-0.031761806,-0.14539745,-0.11256894,-0.01394423,-0.11133101,-0.03439198,-2.0431564,-0.3261056,0.58631426,-0.09243408,0.2504157,0.6639839,-0.048153255,-0.79935837,-0.08478161,-1.2097566,-0.17809083,-0.0153802065,0.52673405,3.0129821,0.047837764,-0.060410243,-0.005348645,0.041524198,1.3179258,-0.028402554,-0.47303948,-0.36422074
P78362,-0.095871754,0.044677474,-0.07833787,0.14519969,0.6835168,-0.00219832,-0.06001938,0.022022977,-0.043814994,-0.49623471,-2.0559719,0.5812917,1.5114107,0.19631045,-0.7505118,-0.06533021,-0.08807267,-0.6920692,-0.42156765,0.78937805,-0.5142484,-0.00011025369,1.7668276,0.27265292,0.08115963,0.22885993,0.027847588,0.06675109,-0.63039106,0.010031998,-0.26787168,0.2422249
P00004,-0.079960324,-0.15408526,-0.04542038,0.14927399,0.8109017,-0.009497563,-0.056353036,0.015882215,-0.013137769,0.41259822,-1.9048046,0.50095004,1.0003768,0.25328594,-1.0725764,-0.16222557,-0.06887914,-0.5554305,-0.28441665,1.0190703,-0.0690339,0.008581609,0.9223257,-0.009076078,0.053648144,-0.022679554,0.019173754,-0.0024222268,0.1516812,0.023353651,-0.2330758,0.31639984
P52286,-0.02557266,0.23647791,-0.09234518,0.107217066,0.55461264,-0.12525173,-0.096836485,0.0056707854,-0.08368007,-0.062355373,-2.4134693,0.12181982,0.9306164,0.19215006,-0.17915319,-0.08207422,-0.06361401,-1.1162225,-0.1639395,-0.025652934,0.24120395,0.027643602,1.083188,2.4955707,0.06631691,0.0699554,0.0035794352,0.04599265,0.06750416,-0.011424465,-0.19600853,0.022331523
O00757,-0.099994816,-0.53956896,-0.04851976,0.13711983,-0.021095594,0.04790007,-0.032234445,0.0126275765,-0.019683281,0.1342389,-1.1266817,0.53663725,0.21014798,0.24456505,-0.8495569,0.062376257,-0.06663716,0.3301359,0.08701839,0.17969696,0.12933822,0.060058225,2.4305475,0.7745168,0.06892189,0.23583706,-0.01342715,0.0025218327,-0.66216797,0.035312742,0.19097042,0.2803977
A6ND01,-0.03760755,0.28365913,-0.10631857,0.11496583,0.8328392,-0.0759508,-0.11254424,0.0021097357,-0.09569256,-0.78653705,-2.3819041,0.27255553,1.454647,0.019918919,0.031257868,0.21274388,-0.07316701,-1.1168706,-0.3046623,0.07238064,0.22110674,0.018728783,1.3276637,2.5123067,0.07694579,0.13630183,0.01062843,0.054812003,-0.29212168,-0.0057828687,-0.1321198,0.28301382
P07358,-0.066791676,0.1627791,-0.087308675,0.15897882,1.8212032,-0.12897994,-0.119221374,0.024507292,-0.051708348,-0.32508796,-3.3131194,0.044360876,3.1542668,0.009562589,-1.0010332,-0.48044452,-0.09730616,-2.6755087,-1.5022095,1.3550184,-1.7235978,-0.06178822,1.3381007,0.28319997,0.043345403,0.73337215,0.0814017,0.1284982,-0.14455457,-0.029516703,-0.37986845,0.38641137
Q15154,-0.04343531,-0.007904339,-0.101672746,0.1122756,0.8127686,-0.10350995,-0.10066994,0.011832978,-0.08926556,-0.13350086,-2.4297652,0.65078634,1.3471653,0.41042018,-0.28107378,-0.6132851,-0.07366609,-1.4774506,-0.36844403,0.10897031,0.18397038,0.03649967,1.9519765,2.217732,0.07765016,0.15909228,0.021717662,0.06249218,-0.16046995,-0.013542381,-0.3136883,0.1485425
P18075,-0.02906224,0.2858407,-0.08427915,0.10768075,0.69614625,-0.019000968,-0.08007102,0.010065052,-0.07122297,-0.13870259,-1.9106532,0.3244889,0.808543,0.034025177,-0.09264148,0.1832929,-0.06262367,-1.0551667,-0.5266996,0.23904616,-0.5036643,0.010157254,1.1612805,1.3672022,0.058913723,0.19322163,0.016004598,0.063579045,0.25426894,-0.014624495,-0.16159937,0.12231802
O00222,-0.016130064,-0.138699,-0.11153692,0.13354397,0.7258652,-0.08755056,-0.1263082,0.014466329,-0.10380368,0.21065989,-3.1961918,-0.08826704,1.4856913,0.5568974,-0.758776,-1.3427513,-0.07084279,-1.0685726,0.29689807,-1.6154848,0.57941455,0.09927321,1.4087179,3.1492763,0.0764827,0.39346492,-0.005126366,0.048356887,0.25825393,-0.031424426,-0.52147377,-0.372302
P48962,-0.09424711,-0.230219,-0.08267071,0.15396528,0.53326386,-0.16091725,-0.072118185,0.007592096,-0.050129957,0.05322259,-2.2627323,-0.1093899,1.4674585,0.1648955,-0.18909961,-0.109498456,-0.08674885,-1.0730939,-0.40454763,1.023481,-0.38615614,-0.02821039,1.3593371,1.222159,0.0814692,-0.0990132,0.019236112,0.06990489,-0.65967214,0.015716728,0.0033283464,0.07407266
P03255,-0.012889596,-0.26821542,-0.124357656,0.113880366,1.5666602,-0.16324031,-0.13558514,0.016366765,-0.118395105,-1.3179821,-2.6305525,0.52559507,1.7041123,0.23396099,0.76806414,-0.3784029,-0.07318014,-1.703259,-0.6966592,-0.6587828,-0.21642703,0.065312356,1.2355777,2.5362394,0.08592358,0.39830756,0.015617714,0.055785954,-0.32100424,-0.040669497,-0.1517731,0.23733386
Q7L5D6,-0.03906572,-0.05272929,-0.09128432,0.11660906,0.6475743,-0.07404925,-0.08341218,0.010975057,-0.078735605,-0.05065395,-2.1258256,0.5660858,0.615672,0.29337442,-0.100496404,0.004876542,-0.066400096,-0.87109286,-0.22353594,0.14770356,0.18414412,0.04085115,1.3037702,1.8361323,0.07780385,-0.028907705,0.0013460255,0.03838686,0.20458579,-0.00696419,-0.20884128,0.117535375
P17562,-0.08069561,-1.1368673,-0.07690285,0.12248711,0.3645655,-0.28937548,-0.04666799,-0.0073219216,-0.05808489,-0.15774593,-0.62856126,0.840458,0.18180758,0.17458528,0.38959843,0.2825746,-0.065078795,-0.22711575,-0.5813546,0.11093304,-0.25189856,-0.070654094,2.6852875,0.64450145,0.0828228,-0.1382004,-0.009389709,0.06118084,-0.09062198,0.02143291,0.29182607,0.64563465
Q9UMS4,-0.06361562,-0.19307402,-0.09414286,0.1375016,0.8013401,-0.0706936,-0.08626987,0.0139397,-0.070773706,-0.6817363,-2.2471228,0.27317095,1.3760722,0.06051149,-0.23846102,0.09828817,-0.0818962,-0.9678435,-0.595439,-0.043528352,-0.7803362,0.009887177,2.0543964,1.2936292,0.076047815,0.38980156,0.013855444,0.0774174,-0.41786635,-0.008870889,-0.080144726,0.20162366
O08603,-0.015120667,-0.0499727,-0.094655536,0.12421,1.1393229,-0.097508766,-0.10743895,0.018905299,-0.08031023,0.19071221,-2.768099,-0.16464348,1.5329596,0.238307,-0.013181399,-0.45773944,-0.06846881,-1.8516426,-0.55303264,0.38214484,-0.27272776,0.009031185,0.25730863,1.747819,0.059057817,-0.019238045,0.028265437,0.0800627,0.49054834,-0.035409827,-0.2720753,-0.073701374
P08134,-0.011196665,-0.9203166,-0.15909769,0.15031035,1.520116,-0.503398,-0.14136688,0.008996139,-0.15642634,-0.9744302,-3.0541294,0.4110403,1.2879456,0.40299124,-0.19009879,-0.08813296,-0.087917514,-1.0370475,-0.68566287,-1.2358911,-0.29494697,-0.035330225,1.8742158,2.7102025,0.107821666,0.60012704,-0.016243542,0.16203287,0.8864359,-0.064040296,-0.5525735,0.5232042
O43432,-0.06906612,-0.74141705,-0.089975,0.116290346,-0.09753347,-0.12390784,-0.06670722,0.012136634,-0.0757897,-0.29815844,-1.4320756,0.65996516,0.44210237,0.14686662,-0.053899094,0.016514283,-0.07247416,-0.38997748,-0.1644828,-0.8942058,0.16767563,0.00568151,3.3137555,1.7717645,0.08127156,0.33064023,-0.011245251,0.09546094,-0.42187908,-0.0019062683,0.3289284,0.34590703
Q06208,-0.035534855,0.5654541,-0.0845618,0.10983093,0.9215878,-0.45439482,-0.104004964,0.018993301,-0.076291576,0.44886884,-3.342427,0.3691428,1.4390173,0.71587336,-1.0951717,-1.8094261,-0.06393188,-1.9756616,-0.030199975,0.54826903,1.1115587,0.027811158,0.68282,3.0757399,0.061234724,0.48363677,0.023849262,0.056732137,-0.68409455,-0.021082845,-0.5263572,0.13334762
P18291,-0.032880493,0.09175956,-0.08392383,0.099612534,0.12479504,-0.08716192,-0.07237254,-0.012338058,-0.07733619,-0.47543353,-1.413743,0.5923103,-0.076876305,-0.13730684,0.21506867,1.2219346,-0.05651837,0.0064538955,-0.09827665,-0.372644,0.19674782,-0.015197593,1.7052559,1.802425,0.07331289,-0.2902628,-0.025863215,0.010764226,0.49808645,0.018102605,0.0164604,0.3159019
O95834,-0.01525764,0.20668983,-0.08499009,0.0928052,0.7519003,-0.097312964,-0.08827991,0.0009986243,-0.076665625,-0.54767114,-2.0220776,0.19243921,0.95985645,-0.035410892,-0.07456939,0.60855675,-0.058238328,-1.0502179,-0.50890076,0.23128752,-0.24285235,-0.020329896,1.0422704,1.7633921,0.054921735,-0.031276323,0.0083497185,0.047931064,0.3144762,-0.011038823,-0.17204107,0.26238927
Q9UKG1,-0.06805381,-0.4712784,-0.08747913,0.1337045,0.9684743,-0.094510816,-0.08741617,0.012020159,-0.06243267,-0.9079071,-2.084578,0.2157156,1.645739,0.17568742,-0.05694729,0.014418643,-0.078978546,-0.8904048,-0.5078016,0.15251598,-0.4518021,0.025106624,1.5800883,1.299678,0.078070536,0.21939866,0.013006997,0.035267416,-0.69403446,0.0013494093,-0.032869205,0.24766862
F4JW79,-0.049484268,1.0326854,-0.114420384,0.1235255,0.23944645,-0.17891079,-0.08524445,0.010510256,-0.10339359,-0.3579872,-3.0459244,0.05068736,0.9341674,0.17303504,-0.994256,-0.062325656,-0.07827767,-0.66561943,0.31148633,0.2640253,0.73679286,0.0041786786,0.95588666,3.0097578,0.09225202,0.33626112,-0.006896697,0.12061075,-0.5423786,-0.012093411,-0.47546557,0.014597058
A1Z1Q3,-0.093348585,0.19881992,-0.07250625,0.1339903,0.34476423,-0.11675181,-0.047826175,0.016654164,-0.04517082,-0.05215923,-2.3688812,0.6625279,1.0238519,0.4297762,-1.2807101,-0.4452362,-0.077330515,-0.49035215,0.21187732,0.8723732,0.7808571,-0.0051972,1.5412378,1.1359249,0.085471965,-0.07316248,0.007101511,0.053195078,-0.72980344,0.022426406,-0.38682404,0.22072597
Q9CZD3,-0.0494353,-0.49940515,-0.14632815,0.16619071,0.30533156,-0.25559345,-0.12840319,0.0026234044,-0.1330381,-0.5714423,-3.5125463,-0.20500919,1.3959587,0.14480422,-0.75800204,0.37447622,-0.09943268,-0.43574792,0.16788991,-1.6324141,0.26547912,-0.018588029,2.4427912,3.1908612,0.11070485,0.2542306,-0.032157548,0.14159653,0.4502615,-0.024243802,-0.33294708,-0.006400373
Q6P9J9,-0.04665061,0.19184186,-0.0814769,0.122362226,0.8420762,-0.08062632,-0.08446609,0.0048650308,-0.0635117,-0.28977093,-1.8830235,0.4236661,0.8737347,-0.03791185,0.0014536419,0.58730096,-0.06861067,-0.9430245,-0.6789723,0.644422,-0.6156796,0.00079775805,1.0401479,1.1400306,0.06316223,0.18652856,0.015100922,0.03941195,0.1928468,-0.00027903603,-0.07300308,0.3153206
Q8N8N0,-0.06698163,0.00385456,-0.08005584,0.12638326,0.27284086,-0.11673761,-0.077065684,-5.977175e-05,-0.059350543,0.13641076,-1.9060581,0.40454102,0.7546364,0.034777943,-0.4862965,0.49885228,-0.07675695,-0.83950126,-0.5861964,0.43235278,-0.63487655,-0.019399041,2.5220437,1.4707285,0.06363027,0.18344529,0.01101344,0.058933448,0.11507579,0.010423866,-0.059636302,0.2882059
P07363,-0.049631827,-0.18674426,-0.08517123,0.11709735,0.63371956,-0.055468738,-0.08873484,-0.0034026823,-0.069334745,-0.06033495,-1.9209851,0.36680958,1.0732276,0.08757726,-0.04345169,0.13243672,-0.068013355,-1.1183048,-0.50271297,0.15423453,-0.29748935,-0.00010943961,2.0156808,1.7024567,0.065193415,-0.041275978,0.012436684,0.03889254,0.064454965,0.007278946,-0.028600497,0.19683026
C8VTS4,-0.06716392,0.3097865,-0.07087137,0.1458933,0.9372487,-0.028114265,-0.08785396,0.01273147,-0.041332457,0.057872165,-2.612038,0.06836748,1.5204104,0.0075246096,-0.3110171,0.06761376,-0.07934643,-1.5255239,-0.6555017,1.1828983,-0.679028,0.0028613159,0.9110298,1.0012999,0.057776432,-0.0062429546,0.03441606,0.033148535,-0.21051407,0.007459834,-0.124330916,0.09070362
O14782,-0.046756126,-0.37016854,-0.08650507,0.09585717,-0.011423156,-0.31772923,-0.061701853,-0.0039466918,-0.076424554,-1.1911764,-1.3885498,0.45276445,0.28291246,0.049876153,0.045875937,0.8873786,-0.06328102,0.34175205,0.005164857,-0.9638934,0.21915881,-0.04168319,2.0710998,1.7232418,0.08426228,-0.023426026,-0.03457356,0.032528363,-0.2516698,0.010366401,-0.001264289,0.37576422
O80467,0.039298687,1.0260098,-0.1465543,0.06871548,1.7047153,-0.38163224,-0.1765372,-0.0019403435,-0.16739918,-1.2517529,-2.9459138,1.162279,1.5189276,0.07632056,0.6574069,-0.95685077,-0.05833461,-2.6260386,-0.9588371,-1.2381045,0.092163086,0.01806721,2.093195,4.1656694,0.06593603,0.9493559,0.030474,0.10206554,-0.061840624,-0.063067354,-0.42434955,0.5797515
P05230,-0.05384385,0.36773628,-0.10241936,0.14479564,0.5883743,-0.119217746,-0.09620208,0.010861048,-0.08041396,-0.044820044,-2.810849,-0.091719165,1.3926895,-0.02442057,-0.5165483,0.13363516,-0.08664941,-1.281618,-0.53656733,0.24979296,-0.77638954,-0.03198255,1.5851445,1.6580065,0.07153686,0.2880108,0.020228866,0.11901699,0.10945208,-0.016811829,-0.2702386,0.016381402
P43138,-0.03893707,0.43300232,-0.086100474,0.1144761,0.4941977,-0.11711363,-0.100970194,0.002451981,-0.0659957,-0.35305125,-2.4799,0.0642906,1.5389011,-0.022913277,-0.89735824,0.73299986,-0.08153466,-1.0303118,-0.7402365,0.06852313,-1.1786929,-0.027107116,2.091157,1.4633328,0.05019424,0.36383638,0.024034576,0.05215172,0.5087115,-0.00808012,-0.48131728,0.13002639
O60759,-0.09491481,-0.13818404,-0.045259073,0.10589303,-0.28417224,0.018049095,-8.4708256e-05,0.012684737,-0.017167376,0.07941059,-0.8590558,0.5588545,0.2955739,0.3274826,-1.0888553,-0.061935894,-0.06017955,0.39670306,0.25351226,0.56762797,0.3036446,-0.009604985,1.8930404,0.1440738,0.070326954,-0.0623744,-0.0038523157,0.040914092,-0.6796448,0.03367057,-0.10257496,0.1490611
P55072,-0.06825645,-0.11420553,-0.09025676,0.1337393,0.67406034,-0.087121755,-0.08488696,0.006235906,-0.06624082,-0.22424364,-2.1521792,0.107011594,1.4214168,0.082737625,-0.0067114583,0.075489506,-0.08032748,-1.222711,-0.5528882,0.6525109,-0.48187345,-0.013370486,1.6214604,1.4701564,0.075008065,-0.0043262052,0.021525342,0.07032332,-0.36773455,0.0032422221,-0.027188696,0.14882658
P09169,-0.11013086,-0.13394928,-0.06948985,0.15478785,0.25910407,0.21123233,-0.06908143,0.007189992,-0.03379452,0.13934982,-2.234325,0.78627574,1.2390982,0.18454811,-1.2643962,0.12829238,-0.09055779,-0.5808293,-0.2754239,0.23133281,-0.5677666,0.060302455,3.6715188,0.8951132,0.07339599,0.13401383,0.016847037,0.0066480665,-0.3425632,0.03887033,-0.1978422,0.090409145
Q05201,-0.036996707,0.31784943,-0.102006726,0.11976071,0.2134586,-0.00445327,-0.08724135,0.006980087,-0.08810539,-0.42904636,-2.4538846,0.008958714,0.8687994,0.020327194,-0.3775822,0.41689986,-0.07517349,-0.5597607,-0.022931432,-0.5084473,-0.1310409,0.014302988,1.7891161,2.2051954,0.07844027,0.009795302,-0.0065914444,0.07260732,0.09135389,-0.0087736575,-0.28385437,-0.10109492
P0A7J3,-0.08863187,0.065674886,-0.07036389,0.13694726,0.56639576,-0.20006506,-0.07803897,0.0039129015,-0.03969729,-0.37465477,-2.533451,0.24844691,1.6968533,0.18566349,-1.2099019,0.28159803,-0.085222125,-0.8165286,-0.3851417,0.88155043,-0.2540646,-0.030887978,1.8754685,1.2085029,0.06604942,0.1440692,0.018177416,0.026500937,-0.49667946,0.024488684,-0.315629,0.34002098
O95881,-0.11480827,-1.3699307,-0.1012505,0.16963457,1.192554,-0.021448724,-0.035706624,0.02254639,-0.06083107,-0.74404764,-2.2761922,0.00315772,1.9734688,0.5530325,-1.1511439,-0.15879637,-0.092690736,-0.49272808,-0.24362002,1.431422,-0.16034642,-0.03059697,1.241056,0.22420664,0.11339268,-0.11583577,0.006033377,0.14481613,-0.87693805,0.0010399248,-0.28095555,0.26727372
P13635,0.011963421,0.5174027,-0.10185089,0.09951443,1.1022574,-0.1941227,-0.10362783,0.007639329,-0.09933713,-0.2453106,-2.4677184,0.41126126,0.867024,0.14000095,-0.5010034,0.05228546,-0.058734283,-1.1960895,-0.6411548,-0.40775186,-0.64286673,-0.01444622,0.7897095,1.6608113,0.05488682,0.44162285,0.01186557,0.08228316,1.1007391,-0.043253228,-0.65209174,0.14890827
P12235,-0.07007753,-0.32206902,-0.086295515,0.1367889,0.37061065,-0.054637507,-0.08380222,0.0063273353,-0.063170984,0.082507476,-2.197686,0.06096136,1.2076194,0.16710144,-0.33015198,-0.10072033,-0.079226255,-0.98210484,-0.32694146,0.049404863,-0.33920157,0.016837332,2.2549367,1.7901955,0.07224636,0.11056255,0.0095873475,0.05981918,-0.2917604,0.0055897455,0.009703652,0.028257508
P0AER0,-0.02446881,0.30746156,-0.13515519,0.12699603,0.41859332,-0.2352455,-0.13027476,0.0051818704,-0.12611765,0.05426688,-3.280051,-0.59966093,1.6095028,0.03970183,0.39750838,0.30995435,-0.08717891,-1.8386381,-0.21571426,0.53054345,0.4395722,-0.050508775,0.4164157,3.4223187,0.08963098,-0.3599878,0.013867651,0.15024906,0.35864824,-0.03180582,-0.14840616,-0.11905776
P43364,-0.18430884,-0.22355826,-0.083984874,0.17465933,-0.0764307,0.20392561,0.047869176,0.04100736,-0.03519075,-0.026110232,-1.4502374,1.5534729,0.39926338,0.7172739,-1.9099177,-0.89574605,-0.0970526,0.72130585,0.774164,1.8757712,1.2446858,-0.028091645,2.4850786,-1.0393959,0.1485427,-0.3696338,0.0017051758,0.1809274,-1.6531206,0.042165015,-0.4577681,0.28604832
Q9Y3E5,-0.06680476,-0.2629034,-0.061964605,0.09875243,-0.054817848,-0.12364892,-0.044203397,-0.0019618135,-0.043113496,-0.22668163,-0.8206772,0.4381029,0.2939234,-0.030141847,-0.06889224,0.6669678,-0.06252677,-0.2661965,-0.5269676,0.226056,-0.6373677,-0.037561417,2.6490312,0.94065887,0.057886373,0.10166679,0.0010924818,0.045545097,-0.27163938,0.018923117,0.20139267,0.39321476
O80568,-0.04203641,0.28025147,-0.05988065,0.09813482,0.87546337,-0.09665145,-0.06523493,0.010182895,-0.04564106,-0.8132947,-1.2266489,0.93438375,0.3043607,0.074587405,0.2856764,0.407877,-0.052999694,-0.43593967,-0.48757485,0.49518126,-0.16254097,0.049391497,0.8623219,0.9255347,0.060732063,0.17956226,0.004777278,-0.03724736,-0.37324184,0.011330968,-0.032430355,0.48212984
P16402,-0.016746385,-0.22301467,-0.11686001,0.091862105,0.36116114,-0.10612625,-0.08457366,0.012127723,-0.10624468,-0.13888505,-2.0764005,-0.18318468,1.41157,0.36583912,0.2827517,-0.14436813,-0.07244363,-1.2296958,-0.21853872,-0.03901406,-0.01415203,-0.03867561,0.86140054,1.8953868,0.08570979,-0.43753743,0.016958507,0.12767173,0.50439805,-0.035350293,-0.4104785,-0.2678495
P0A7E9,-0.06902439,-0.009748995,-0.07637344,0.15136534,0.5585896,-0.038022548,-0.093143925,0.007299508,-0.04570839,0.1535733,-2.3724408,-0.18617085,1.6981566,0.089653745,-0.21212782,-0.6649456,-0.08276482,-1.192538,-0.48577297,-0.5097164,-1.1599727,0.017841555,2.0467823,1.1059289,0.060300954,0.22103707,0.026877517,0.028794643,-0.30779073,0.0058794618,-0.15855658,-0.29447556
O15245,-0.05989349,0.33776316,-0.07429375,0.13033456,0.7954678,0.042524472,-0.08493043,0.011743694,-0.046930686,-0.2417795,-2.329529,-0.1481176,1.7325478,-0.10358096,-0.27800462,0.32627785,-0.076889366,-1.3815297,-0.61875063,1.0702505,-0.6990104,-0.007700061,0.82034105,1.0284764,0.054526027,0.05588356,0.035582263,0.055887256,-0.2737025,0.0024155953,-0.057313852,0.08964889
O95372,-0.0772923,0.43512788,-0.07350055,0.11824756,0.0681432,-0.039807618,-0.051326573,0.0056467154,-0.053219013,0.24499017,-1.7516351,0.5091007,0.41504347,0.07877302,-0.41484243,0.22294194,-0.06943859,-0.69623226,-0.13853548,1.0901457,0.23190647,-0.009041379,1.7369777,1.5164603,0.07309818,-0.08365298,0.008944555,0.06474767,-0.45110974,0.021047913,0.0013889422,0.22926028
C0HLV2,-0.06236462,0.352054,-0.10869757,0.14200604,0.089139245,-0.012763451,-0.07557721,-0.0010928971,-0.08993421,-0.6573198,-2.583254,0.09064921,0.98121077,-0.14026959,-1.1194487,0.9710364,-0.08360203,0.14247178,0.28485522,-0.42582455,0.31305933,-0.054724302,1.7569976,1.7028822,0.0927091,-0.060495134,-0.020866463,0.11267219,0.25973272,0.008203556,-0.37306595,0.14980865
P07148,-0.034644525,0.14741354,-0.11482343,0.12334295,0.9438553,-0.015732594,-0.09978339,0.015162376,-0.10443866,-0.43194902,-2.9625854,0.74471027,0.97914165,0.32537916,-0.27976227,0.10095072,-0.07497359,-1.167214,-0.05893719,0.3175078,0.723762,0.04354145,1.0869161,2.3052952,0.09645031,-0.2463301,0.0014299005,0.064164005,0.23549335,-0.014659382,-0.42764926,0.12687133
A0FKN5,-0.11595203,-0.25994468,-0.0038916299,0.12997316,0.8239187,-0.12349515,-0.007525084,0.017123712,0.037529763,-0.65482616,-0.65717876,0.88358104,0.55413467,0.35166422,-0.22786805,-0.19544011,-0.054517113,0.35779083,-0.1362085,1.4370931,0.04463365,0.05317901,0.13458008,-1.0285819,0.061619356,-0.09978475,0.0063861995,-0.13307872,-1.5322735,0.06560968,0.08073358,0.4523655
P46108,-0.07039467,0.11753978,-0.084939495,0.14665292,0.67645913,-0.09103728,-0.078474484,0.0113799,-0.059725642,-0.09427966,-2.4233062,0.22194043,1.1729249,0.1825922,-0.4895896,-0.25110748,-0.078669086,-0.83442694,-0.22718652,0.29653928,-0.21982555,0.012339176,1.3107437,1.3214867,0.077926226,0.13389722,0.010492013,0.052086473,-0.32907805,0.0052176663,-0.22902443,0.046758424
P63104,-0.0685284,0.28008366,-0.074585296,0.123173974,0.4311477,-0.052539144,-0.06687754,0.006562374,-0.052775603,0.029873837,-1.9153869,0.40629396,0.92702186,0.12332321,-0.28602597,-0.033687364,-0.07010075,-0.839528,-0.21145779,0.72490585,0.077632815,-0.0017987692,1.296813,1.2750657,0.07072098,-0.07433221,0.015303624,0.0414565,-0.33764008,0.01579973,-0.10043333,0.15318021
P10852,-0.025516713,0.20206828,-0.08992645,0.10167331,0.04751708,-0.0013753244,-0.07810009,0.0013206342,-0.081409745,-0.39292666,-1.8212525,-0.11539013,0.59909636,-0.15849467,-0.18208624,0.73619586,-0.061021123,-0.33128455,-0.032637518,-0.6147657,-0.031287074,-0.003911518,1.457015,2.0678895,0.06298673,0.11727202,-0.012845558,0.075894095,0.22634143,-0.007833222,0.021274358,0.0420586
P50222,-0.08191372,0.5670431,-0.066140026,0.13707192,0.51724297,-0.13651292,-0.07204168,0.0063239397,-0.03752526,-0.18068963,-2.2830184,0.20624794,1.2041736,-0.10560998,-0.81752247,0.3023741,-0.07997191,-1.0462449,-0.67957133,0.9418759,-0.94089806,-0.025372839,1.9728769,1.0988612,0.053588625,0.47949806,0.025348967,0.05481322,-0.63228774,0.015434535,-0.08750113,0.3078582
P08238,-0.058386344,0.25361735,-0.08293324,0.11860521,0.4466905,-0.11207231,-0.07955253,-0.0010744527,-0.06417452,-0.16899225,-2.1774716,0.10638998,1.097065,0.08554236,-0.23866531,0.16983117,-0.07068273,-0.93676865,-0.25210625,0.50992024,-0.079947114,-0.005105927,1.355989,1.8830783,0.070288084,-0.05104932,0.008812597,0.039164867,-0.35405523,0.012637099,-0.11857756,0.079325564
P07636,-0.12321408,1.5271683,-0.07964802,0.21960886,0.472445,-0.1789409,-0.098886,0.012245282,-0.025168331,1.0394739,-3.8008823,-0.35658276,2.3292544,-0.41728616,-4.078375,1.2517002,-0.13629773,-1.3073578,-1.8063958,1.9673442,-3.8226342,-0.14172255,3.7692037,-0.22491038,0.02045055,2.0009632,0.074015096,0.22048184,1.0811687,-0.011943979,-1.0006883,0.52893084
O75144,-0.005516922,0.3482103,-0.10352533,0.101622514,1.0182978,0.002697736,-0.12659594,0.0048171445,-0.10147163,0.1858359,-2.476485,0.6681425,0.9744119,0.23061888,0.27984336,-0.11223527,-0.06175679,-1.757831,-0.45651737,0.22832608,0.3273568,0.07104615,1.0306071,2.7146995,0.065094404,-0.048780967,0.021108663,0.021952063,0.70057684,-0.018805094,-0.25728926,0.11319869
P08670,-0.0718959,0.008750433,-0.07090216,0.12843771,0.119779505,-0.06587888,-0.06422751,0.004128915,-0.048388727,0.05361617,-1.8260866,0.15959722,0.6841338,0.09950247,-0.27748224,0.07978019,-0.0703313,-0.46634495,-0.06925893,0.137743,-0.02981415,0.013758425,1.7692007,1.5305959,0.07027176,-0.022120811,-0.0011455282,0.026853077,-0.41133657,0.020290695,0.032924805,0.044501495
Q9VDV4,-0.09556505,0.18825045,-0.06889947,0.15887694,1.022144,0.27936196,-0.056323014,0.041943006,-0.03150794,-0.76421773,-2.3209739,0.35121387,1.25892,-0.06396048,-0.4166998,0.36922354,-0.084059395,-0.92921245,-0.4896675,1.5325401,-0.5957468,0.0945708,0.8938389,0.3834083,0.07455709,0.43299514,0.026791979,0.060215402,-1.2117893,0.0016079389,0.18874039,0.2332552
P36024,-0.09433759,0.23657769,-0.098268874,0.1523437,0.38778993,-0.08207806,-0.083472826,0.0040970743,-0.064371355,-0.18806478,-2.813836,-0.27915236,1.9198251,-0.020279845,-0.2581626,0.4716801,-0.0976955,-1.2943435,-0.36647975,1.2672765,-0.41812432,-0.05612702,1.2263031,1.4604734,0.08882991,-0.31791526,0.02650804,0.09621683,-0.5332749,0.016545642,-0.12164259,-0.06845087
Q8WV44,-0.032089487,0.11338839,-0.108666465,0.12005884,0.81871945,-0.13623938,-0.09925261,0.005487929,-0.097120054,0.02974029,-2.627745,0.18102413,1.1032865,0.32147583,-0.27551332,-0.14823733,-0.07238264,-1.3112342,-0.37617457,0.2616041,-0.17897718,0.024527818,1.1634454,2.367171,0.07938094,0.13097283,0.009151047,0.07583906,0.24633975,-0.019517438,-0.38819265,-0.03564296
P14120,-0.03515558,0.61024153,-0.0960365,0.09162087,0.29997206,-0.1838601,-0.10321884,-0.00073974533,-0.08565216,-0.74400055,-2.2104607,0.21675268,1.3961622,-0.04188528,-0.47915906,0.4040262,-0.07480746,-1.0698917,-0.5507728,-0.26225567,-0.56581306,-0.018228335,2.463241,2.428481,0.05751001,0.52939695,0.017766526,0.06988854,-0.26709396,-0.0094490815,-0.25957048,0.2528071
Q9CR42,-0.068781495,0.08173491,-0.05973304,0.12703934,0.61190933,-0.09876825,-0.07093235,0.010690216,-0.033279117,-0.22143771,-2.1538286,0.24716805,1.3838495,0.21357244,-0.9206189,-0.23571087,-0.07067216,-0.70408446,-0.24720056,0.2761929,-0.22316056,0.013933553,1.4484909,0.97984326,0.055999912,0.24530618,0.015879352,0.0058307434,-0.44895995,0.015132954,-0.24660529,0.15629181
Q92997,-0.08662814,0.29792398,-0.07487763,0.14425127,0.24476887,0.022877522,-0.04032791,0.014006879,-0.04613176,0.5754543,-2.0820808,0.23156488,0.65143037,0.14438939,-0.7712512,0.054170966,-0.07590776,-0.6846021,-0.05636088,1.4428307,0.123003304,-0.029274017,0.99133414,0.7671418,0.07911072,-0.2464962,0.013247882,0.09952407,-0.14598325,0.015076538,-0.16199079,0.057030946
P06169,-0.119050145,-0.20230152,-0.07922902,0.16964561,0.1348238,-0.25276667,-0.08665529,0.005009782,-0.0370658,0.34618422,-2.7514663,0.008092643,2.0386,0.2830845,-1.7372507,-0.16350721,-0.110350475,-0.9734347,-0.70834154,0.3009416,-1.4542533,-0.04385925,3.7835312,1.0716491,0.06627211,0.60635734,0.03201782,0.07512198,-0.33692333,0.01914077,-0.4310992,0.09811882
P38822,-0.04093599,-0.17970848,-0.1037739,0.12451241,0.75644857,-0.11330418,-0.10699878,0.01568075,-0.08769238,-0.60609674,-2.7915676,0.15698645,1.4491246,0.20610505,-0.3157668,0.2743466,-0.08152563,-1.2022755,-0.37457985,0.104032025,-0.021700548,0.02349748,1.6183236,2.2716756,0.07778771,0.0806258,0.00866165,0.06586224,-0.039006203,-0.017862791,-0.22346854,0.1731188
P43405,-0.05174623,0.09001815,-0.09632493,0.12687628,0.8497567,-0.18773378,-0.095831394,0.004304724,-0.078172795,-0.5094468,-2.3943918,0.43060374,1.2963842,0.0615856,-0.20618229,0.3662306,-0.07857904,-1.15048,-0.6108393,0.41522798,-0.38838866,-0.0296863,1.5302707,1.5278,0.07463191,0.102023594,0.015731728,0.06556224,0.042389456,-0.0038973924,-0.22571373,0.3305708
Q9H307,-0.088915214,-0.029261287,-0.090284824,0.12025446,0.14521292,-0.02742371,-0.07214211,0.010255215,-0.06972733,-0.26978832,-2.0546098,0.71463436,1.1079013,0.40601638,-0.8143128,-0.5659894,-0.08034416,-0.671367,-0.007973179,-0.11676958,0.25872856,0.06748915,3.2351089,2.2649536,0.08655963,0.44884193,0.0065041557,0.05207988,-1.1186949,0.014876937,-0.12819874,0.1366091
P02489,-0.08186002,0.30947617,-0.072384864,0.13764365,0.4303371,0.033222426,-0.05389315,0.0044814106,-0.047786634,0.31131995,-2.0357163,0.62914854,0.5660884,0.16745746,-0.73990315,0.13770252,-0.07105624,-0.5696583,-0.0690333,1.0631802,0.22145335,0.010424887,1.4451747,1.0921162,0.07761987,-0.17938453,0.0061660497,0.035923146,-0.1545446,0.027865753,-0.20018639,0.17330211
P15303,-0.02223565,0.33093423,-0.101154365,0.123308346,0.49232823,-0.15981014,-0.10569824,-0.0035621976,-0.09065397,-0.2903338,-2.5758605,0.23073864,0.7748387,-0.061260838,-0.49571866,0.7841147,-0.07346886,-0.656602,-0.39836687,-0.7119762,-0.601549,-0.019032475,1.7766768,1.9563586,0.06661026,0.19914085,-0.0068182433,0.05468937,0.91166145,-0.011684051,-0.4073043,0.09330589
Q7LX99,-0.106276155,-0.21494262,-0.045923542,0.12959716,0.25054875,-0.071045466,-0.047655422,0.004487915,-0.010505493,-0.38279966,-1.3626167,0.30142787,1.2062906,0.17209323,-0.31707734,-0.09995643,-0.0736146,-0.30795747,-0.25190958,0.43747717,-0.47568607,0.024778288,2.0304012,0.56700885,0.06551971,0.08571354,0.012645555,-0.03499558,-1.2405368,0.045649707,0.101983406,0.12165327
Q9KK62,-0.08786093,0.5798873,-0.08826069,0.1136346,0.5065649,-0.58742374,-0.117183164,-0.009817699,-0.070276245,1.3786232,-3.1681476,1.1285781,1.854045,0.8388161,-2.5942943,-1.0267218,-0.09394871,-2.360492,-1.0687829,1.6125143,-0.4626457,-0.03671749,4.1799164,2.9427688,0.048507806,1.1079237,0.058686692,0.07614558,0.06859094,0.0074787596,-0.89773077,0.60458875
P00360,-0.114600234,-0.6672084,-0.0537202,0.15232232,0.33381173,-0.10617885,-0.045191627,0.013834998,-0.012899677,-0.39745483,-1.6896878,0.17076173,1.423285,0.18018392,-0.843987,0.17862508,-0.084976025,-0.16982993,-0.2927454,0.54647195,-0.500186,-0.021841142,2.030821,0.032621272,0.07141429,0.088162825,0.009891989,0.024077248,-0.8089872,0.032881804,0.032622527,0.28109226
O43924,-0.051747475,0.106525354,-0.09971431,0.123846,0.17149182,-0.04783374,-0.10042178,-0.0071830284,-0.08635495,-0.08026875,-1.9639748,0.40175998,0.6561895,0.014802317,0.42974922,0.5475295,-0.075232945,-0.6444178,-0.11420981,-0.20498861,0.21073,0.01974977,1.8998734,2.345515,0.08538153,-0.3223151,-0.004476595,0.01837427,0.21880686,0.016798375,-0.012118836,0.061220963
P62277,-0.07210978,0.52136624,-0.091168165,0.12835999,0.1841037,-0.01641838,-0.09349674,-0.003404507,-0.06843312,-0.004453327,-2.760755,-0.031837765,1.713127,0.120897345,-0.9735939,0.010407201,-0.08341621,-0.9733078,0.0038501855,0.22740228,0.068855636,0.0067624026,1.970545,2.3069024,0.07281729,0.054214176,0.015022571,0.048264366,-0.3863503,0.019553076,-0.32718948,-0.11604064
O95970,-0.053959083,0.7296909,-0.09658485,0.13821863,0.81189746,-0.19924922,-0.09147439,0.01650339,-0.07595793,0.09477283,-2.92659,0.2896764,1.2896614,0.2165782,-0.6807427,-0.28795025,-0.08220922,-1.3983619,-0.39045396,0.9654654,-0.11966034,-0.019755457,0.7405662,1.6348983,0.07548357,0.18373455,0.027179986,0.093755946,-0.00971692,-0.013598301,-0.50593483,0.117123656
O88384,-0.1000428,0.05855906,-0.12870386,0.17292541,0.53092265,-0.118459016,-0.13379775,-0.016436419,-0.09525371,0.28368843,-3.4802272,-0.77376246,2.653251,0.029995034,-0.259344,0.49241826,-0.115849376,-2.0603492,-0.7068946,1.5263518,-0.87038,-0.041179392,2.1779723,3.0742924,0.0941781,-0.2407424,0.03654338,0.10818011,-0.36249784,0.018027322,-0.16702907,-0.16422385
Q9ZVD5,-0.042792205,0.42884916,-0.08920763,0.12572326,0.31225502,-0.15657993,-0.08288605,0.012251507,-0.07216486,0.26473832,-2.7035968,-0.084551014,1.1020305,0.22353508,-1.1085669,-0.27000454,-0.0746649,-0.91679776,-0.11660637,0.0011868795,-0.13609906,-0.011561101,1.4149836,1.9379547,0.06325985,0.3153042,0.009260759,0.09456719,0.1753224,-0.015416471,-0.4563126,-0.06035017
O00585,-0.018783482,0.13992694,-0.1069215,0.11242429,0.89653593,-0.17052798,-0.10365498,0.00036507327,-0.09928392,-0.22807373,-2.3340964,0.26958618,0.97220606,0.026391795,0.17391162,0.2532994,-0.06762292,-1.4288284,-0.67367536,0.0905164,-0.46944132,-0.02643154,1.3123691,2.047012,0.06912858,0.08087494,0.012077378,0.09031407,0.48818994,-0.023018768,-0.20341876,0.192034
P09382,-0.07676871,0.086178035,-0.07800158,0.12364701,-0.047077022,-0.047845107,-0.08259428,-0.006296449,-0.05069522,0.18135707,-2.183136,-0.26148787,1.5253764,0.057182055,-0.56849766,0.40083912,-0.084007874,-0.9719967,-0.37590414,0.4203784,-0.71134156,-0.015423332,2.4607987,1.8447007,0.06182895,-0.07105331,0.019195996,0.03734132,-0.23946744,0.02341665,-0.11996252,-0.12419626
P42801,-0.05050752,0.5134195,-0.08485778,0.12210616,-0.124523565,-0.12696743,-0.09074783,-0.005515951,-0.06497025,0.6778644,-2.5631752,-0.37344834,1.1914655,0.104851305,-1.1513354,0.33775815,-0.07974667,-0.88903624,-0.27186334,0.09695791,-0.708789,-0.018523782,2.010019,2.1974292,0.053538125,0.24937557,0.01209028,0.06482935,0.52056015,0.0031751974,-0.41984335,-0.22661611
O95801,-0.08055429,0.5025719,-0.09025431,0.13093062,0.61484194,-0.07759757,-0.050145075,0.012850985,-0.06619897,-0.24821469,-2.772408,0.7478661,1.1925253,0.37990478,-2.0431557,-0.10546139,-0.080179565,-0.57344925,-0.01621586,0.92392594,0.23134261,-0.028326616,1.8406775,1.107007,0.08519013,0.27051708,0.009326372,0.10850951,-0.2890278,0.005821954,-0.74602044,0.2762377
Q86VP1,-0.058307994,-0.123886585,-0.06786435,0.09619641,0.042947624,-0.19954136,-0.058959503,-0.0011714825,-0.05371974,-0.6026992,-1.4596962,0.539324,0.52535766,0.15544368,-0.33636126,0.24277948,-0.060213324,-0.1042623,0.0015494867,-0.447717,0.30842856,-0.0051842374,2.204319,1.6510541,0.06849854,0.05443465,-0.013991499,0.006077927,-0.52945846,0.021431254,-0.011013725,0.29728255
Q86X19,0.09693572,-0.57863384,-0.16777015,0.082041785,3.065802,-0.14669523,-0.1989173,0.015980292,-0.19859214,0.13647193,-2.653637,1.8402219,0.61508775,0.6493792,2.1911342,-0.5605773,-0.04458592,-3.4720755,-1.3798553,0.6220422,1.0103797,0.09032175,-0.58483404,3.4634712,0.08679746,-0.5020937,0.036257744,0.074725926,2.7301998,-0.10085136,-0.47879246,0.73638135
P47992,-0.0415201,-0.19950087,-0.1021245,0.12575296,0.8654084,-0.12323595,-0.10458916,0.006094562,-0.085095696,-0.43129623,-2.4968271,-0.11776446,1.5929475,0.12947053,0.28864452,-0.0496079,-0.0756808,-1.4123435,-0.46017748,0.08914165,-0.3021766,0.007327283,1.0816716,2.0842845,0.07664936,-0.02769724,0.014316551,0.06292114,-0.20989697,-0.012297876,-0.06865647,-0.014561951
P15018,-0.04753362,-0.12030132,-0.08940933,0.11949565,1.007311,-0.14480451,-0.09032504,0.0075316904,-0.07409425,-0.6297468,-2.0547154,0.5097361,0.981038,0.16891886,0.12864582,0.1113096,-0.068335645,-1.0461382,-0.58706963,0.28219655,-0.3574748,0.039400034,1.3973334,1.7624935,0.073979855,0.29130483,0.007400521,0.027465045,-0.3745175,-0.0043493807,-0.05019434,0.3008066
P13199,0.08848868,0.6772681,-0.17411059,0.049771402,1.9436469,-0.42353663,-0.1850726,-0.017214091,-0.21712291,-1.4871151,-2.8818092,1.678341,0.07876448,0.082650736,1.7066066,0.5555004,-0.03904006,-2.0782568,-0.5008341,-0.72688174,1.8789783,0.006380558,0.3841533,5.158742,0.099342965,-0.305756,-0.020849315,0.06752147,1.3373203,-0.061341338,-0.4098182,0.9124049
P07141,-0.014877702,-0.014325393,-0.11802398,0.12356144,0.7636569,-0.22561923,-0.10982988,-0.002023424,-0.11138918,-0.17943728,-2.445349,0.21474122,0.7465248,0.0023592769,0.26140004,0.51562524,-0.07250468,-1.1552575,-0.6070731,-0.3825764,-0.53491277,-0.04024276,1.3989396,2.1118119,0.07847871,0.012550874,-0.0011749152,0.10127532,0.9362129,-0.027471526,-0.24962498,0.13414036
P68187,-0.05361651,0.088441946,-0.093678124,0.12724963,1.0757096,-0.16094744,-0.10698244,-0.0016107234,-0.07410615,-0.068794325,-2.5547187,0.27060091,1.6396053,0.113220215,0.15101746,0.17320041,-0.07784937,-1.8615243,-0.7546305,1.3137313,-0.23241125,-0.028424809,1.0261718,1.8183951,0.070635155,-0.27697575,0.033140466,0.046068728,0.0089229345,0.0048721437,-0.1505191,0.26509142
Q5XIM7,-0.08418593,-0.054053526,-0.076547,0.13779435,0.66781336,-0.029045848,-0.053753037,0.017995246,-0.047324292,0.113543734,-2.2583635,0.40184912,1.3337989,0.30027926,-0.95267415,-0.32905614,-0.07810158,-1.0328226,-0.28931195,1.1559927,-0.043955877,-0.019446053,1.407562,0.6861312,0.07526363,0.002726344,0.024700902,0.09058989,-0.38927013,0.006288046,-0.2536983,0.17995857
Q12873,-0.08525258,0.01392683,-0.07768523,0.12681133,0.4058679,-0.2074567,-0.07660231,0.0040150615,-0.05218038,0.10268859,-2.3418264,0.3891096,1.5969322,0.433436,-1.0412884,-0.54560834,-0.07992309,-0.95623404,-0.15648615,0.5275548,0.1798289,-0.0061289184,1.9429243,1.6049013,0.07343866,0.1769912,0.019734457,0.038725637,-0.56342816,0.019203737,-0.33533606,0.14055204
Q9H190,-0.08957499,-0.31927857,-0.060792804,0.12133873,0.11703388,-0.009836082,-0.032434728,0.010048862,-0.033824664,-0.4398942,-1.2585274,0.4477092,0.59797037,0.224086,-1.0465294,0.3604615,-0.069028474,0.30516115,-0.03548116,0.3172864,-0.11551896,0.02083675,2.225004,0.7495971,0.07240527,0.28456092,-0.009045675,0.031899203,-0.67072064,0.025195604,-0.06628466,0.32177696
P04764,-0.07945149,-0.044187326,-0.06587817,0.13717604,0.5308015,-0.07633965,-0.06010915,0.007484748,-0.038681593,0.046075143,-1.8734492,0.35382348,0.918061,0.16613603,-0.7172624,0.05166853,-0.07284036,-0.58572274,-0.34203374,0.7032444,-0.33435556,0.0008798116,1.6404663,0.86675805,0.06577182,0.1359678,0.010799286,0.03280354,-0.28889886,0.018632779,-0.12928483,0.24310336
P00560,-0.094921894,-0.30555168,-0.041546315,0.15847673,0.24883446,0.13319987,-0.039662234,0.024241567,-0.0016255528,0.07706809,-1.8569294,-0.13736565,0.9802313,0.06735772,-0.96973646,0.06547238,-0.075513944,-0.074294545,-0.060542494,0.26637092,-0.60284364,0.04127674,1.4445031,-0.015815746,0.056289315,0.13952422,0.0051013227,0.010280175,-0.5013249,0.023626678,0.049055856,-0.067490414
O43396,-0.08272841,-1.0439765,-0.072864525,0.14623475,0.6822496,-0.15450265,-0.05546059,0.02328515,-0.043850016,-0.42226526,-1.9173737,0.06353054,0.91385084,0.5047136,-0.057483595,-0.34208217,-0.07392579,-0.35011244,0.010544698,0.4531822,0.3627639,0.05070362,0.9685394,1.2334481,0.0912535,-0.19982745,-0.010953979,0.014599946,-0.8983142,0.009246069,0.06401063,0.1249006
D6RGH6,-0.06439208,0.8917172,-0.12884493,0.1638055,0.6009517,-0.23988983,-0.09650698,0.0044239345,-0.10713579,0.6780559,-3.9743414,-0.07666034,1.4841064,0.32603166,-1.2239907,-0.16345441,-0.09617051,-1.4473768,0.088126324,1.3179382,0.5162434,-0.074829146,0.23514089,2.3365552,0.10560534,-0.34110606,0.013856983,0.15809998,0.52443624,-0.009493015,-0.85217446,-0.20602772
Q9BPZ3,0.013582564,0.35780337,-0.07504162,0.06643286,0.08413869,-0.09817296,-0.07657206,-0.005726803,-0.07398856,-0.20669217,-1.3055032,0.11148461,0.18197514,-0.03564082,0.15934749,0.7727635,-0.044247907,-0.2710642,-0.23200446,-0.98461884,-0.4417642,-0.0103089735,0.9821332,1.5897293,0.045029443,-0.083180875,-0.010109101,0.007868916,1.0891765,-0.012517882,-0.2858264,-0.091123424
O43318,-0.040897507,0.11917527,-0.10262273,0.120545216,0.50198543,-0.12745269,-0.10216902,-0.0027209749,-0.091041625,-0.1994944,-2.3069012,0.14941311,0.96398115,0.09223849,0.070507936,0.22440828,-0.072412826,-0.97394013,-0.25601792,-0.064896464,0.007817984,0.014326568,1.5627004,2.5299635,0.07819431,0.006044612,0.00018489177,0.05000014,0.021737006,-0.0012553507,-0.11736341,0.074723974
P04002,-0.10829445,0.40328172,-0.057268515,0.12820815,0.5148844,0.23257561,0.015443086,0.02768206,-0.023486227,0.22735536,-1.2350487,0.8738692,0.45662633,0.368418,-1.0223606,-0.61700064,-0.062621504,-0.28177115,0.13385107,2.1108227,0.37917686,0.007861309,0.5962245,-0.5531686,0.08808049,-0.16731954,0.021799004,0.09905317,-1.0386862,0.024271637,-0.2494459,0.12195627
P06733,-0.07811196,-0.047014162,-0.068330064,0.1518797,0.48139596,-0.13636059,-0.061924037,0.010727979,-0.03943901,0.14596625,-2.2203295,0.04823983,0.9092952,0.08474579,-1.0215636,0.18511568,-0.077383555,-0.5253399,-0.34386104,0.5805165,-0.5184563,-0.023457816,1.5176709,0.84568083,0.062978365,0.2723661,0.005341564,0.06498253,-0.08857086,0.009266367,-0.14992347,0.22552624
P0ABB0,0.07883495,0.6554678,-0.13023162,0.054788202,1.2655021,-0.5111558,-0.14107384,-0.0099354675,-0.16052903,0.19595684,-2.777052,0.93937963,-0.011456807,0.39115003,0.19149701,-0.08713257,-0.033818472,-1.7527628,-0.32916507,-0.49318957,1.2732911,-0.036182508,-0.19406565,3.8292973,0.06352517,-0.100698076,-0.011373874,0.07779241,2.110411,-0.06172664,-0.76119214,0.42042133
P45973,-0.09472976,0.1653091,-0.062463686,0.15172248,0.99457157,-0.19708939,-0.06366964,0.020804156,-0.02767912,-0.23331605,-2.661872,0.5371184,1.5058141,0.34051406,-1.3303422,-0.1457888,-0.08303083,-0.8854964,-0.37035742,1.5289582,-0.04443721,-0.009240993,0.8438055,0.484865,0.07052672,0.20846052,0.024371604,0.028457584,-0.5845149,0.017189061,-0.41170847,0.4066545
O15496,-0.040436175,0.29055154,-0.08402975,0.11870983,0.77420807,-0.029271817,-0.0840179,0.017503565,-0.0668046,-0.018579612,-2.3270879,0.26678222,1.0866482,0.1623866,-0.30802086,-0.120817326,-0.069546886,-1.3150042,-0.4404055,0.67647195,-0.192756,0.02041985,1.0388241,1.5509082,0.06279362,0.104720086,0.023275131,0.064941555,-0.011085638,-0.013630595,-0.22069393,0.112585455
P12272,-0.06670516,-0.19208099,-0.117897935,0.12362695,0.35471404,-0.01545167,-0.067963436,0.009459691,-0.10008559,-0.5916481,-2.0657816,0.35270154,1.137897,0.27928928,-0.425846,-0.10586843,-0.0819352,-0.5427914,-0.079064876,-0.24871498,-0.08945707,0.0045523974,2.3534606,1.8482432,0.103202835,0.16802615,-0.0010180225,0.12997814,-0.46984068,-0.010011656,-0.27170363,0.010798265
P06704,-0.05129339,-0.04682393,-0.07820612,0.12940876,1.2452642,-0.10013492,-0.083230436,0.0026898214,-0.057728346,-0.3765168,-1.6292964,0.5241502,1.1895502,-0.04889566,-0.055681903,0.13873589,-0.06710468,-1.1278881,-1.0024974,0.5105272,-1.1248156,-0.021482902,1.410448,0.5345183,0.055971194,0.43348816,0.026939956,0.054399952,0.070873894,-0.0031674467,-0.06791535,0.468511
P00572,-0.08994037,1.0697064,-0.050585996,0.17314066,0.7303459,0.17116816,-0.09462696,0.022824634,-0.005990467,0.39355272,-3.0374048,-0.061434135,1.8983767,-0.14898758,-0.76983637,-0.11984174,-0.094474085,-1.5910636,-0.70136374,1.111651,-1.4909606,0.052512553,1.2966024,0.36973137,0.041703206,0.23717593,0.057923738,-0.014683982,-0.36716127,0.021270469,-0.28318855,-0.24971351
P05141,-0.07110991,0.05368488,-0.10021573,0.15290926,0.22898228,-0.029511137,-0.09949034,0.0072299787,-0.07691824,-0.06818411,-2.6604462,-0.03898032,1.1996804,0.09545227,-0.6103,0.16729946,-0.08905032,-0.615366,-0.093359254,-0.39015278,-0.29431194,0.04528318,2.2197208,2.262125,0.082250215,0.32838333,-0.0016915761,0.05954805,-0.17764288,0.0035748556,-0.14366448,-0.08095977
Q8IWX8,-0.04531711,0.32740745,-0.11813055,0.11199023,0.46882617,0.10032928,-0.083680116,0.016575545,-0.103700176,-0.5238707,-2.3861768,0.51367044,1.21229,0.18708691,-0.17262363,-0.11358321,-0.08074728,-1.123054,-0.21507303,-0.12555324,-0.15062124,0.02537401,2.1665542,1.9454433,0.09321511,0.035917517,0.016868059,0.118805304,-0.20394878,-0.020368775,-0.36171523,-0.09608506
Q13825,-0.030308742,0.15676025,-0.047768325,0.074697725,-0.06012134,0.014428892,-0.049150094,0.004439407,-0.038971707,0.43199086,-1.1855037,0.33180416,0.30974847,0.23722625,-0.68025213,-0.22431727,-0.041111585,-0.38798752,0.12915283,-0.11535336,0.52592254,0.032729864,1.4556117,1.5595646,0.038742788,0.04816573,0.00025157374,0.0034274184,0.06879011,0.010889161,-0.0562104,0.063009605
P04406,-0.04929348,0.1405086,-0.08946396,0.12171493,0.34971714,-0.17634857,-0.08409502,-0.0017717397,-0.071783125,-0.21612619,-2.2065983,-0.045331072,1.0609292,0.07677272,-0.24552271,0.3608374,-0.07301672,-0.6664635,-0.18484642,0.09238804,-0.120170735,-0.027452044,1.1851816,1.8144357,0.0734563,-0.10093419,0.0005175295,0.049105998,0.06237247,0.005437564,-0.2177441,0.039327312
Q9UHD9,-0.06864669,-0.13892521,-0.07027665,0.13592266,0.38922408,-0.21122856,-0.063942105,0.0075390283,-0.04443961,0.4495577,-2.2662482,-0.18530063,1.1307702,0.31001297,-0.9267385,-0.3355779,-0.07325289,-0.8437304,-0.24269639,0.58769906,-0.2926197,-0.025888713,1.3046172,1.3139566,0.062140014,0.098711275,0.010236875,0.06272017,-0.14208461,0.005316494,-0.2482937,0.00711531
P21570,-0.07037359,0.6756275,-0.08782713,0.13558869,0.53209996,-0.11917382,-0.08053884,-0.003596682,-0.06484618,-0.23222592,-2.7283745,0.15536541,1.4084179,0.0096994145,-1.0423743,0.41241607,-0.079755835,-0.7904249,-0.10404709,0.9151761,0.17259564,-0.052104983,1.1086583,1.6301517,0.07513703,-0.107297935,0.010926986,0.06365372,-0.15665728,0.020291584,-0.41869792,0.21074468
P43274,-0.08209377,0.3808972,-0.09265074,0.15890731,0.4037255,-0.25870976,-0.112386785,-0.0060754116,-0.058638763,-0.116205215,-3.4931958,-0.36675993,2.588387,0.09434428,-1.9429063,0.22817759,-0.10465896,-1.0091294,-0.40483606,0.0049562654,-0.91641074,-0.08411143,2.3921318,1.5536094,0.06310546,0.30779937,0.026142284,0.0705351,0.20424052,0.013402902,-0.7616825,0.0014415383
O75822,-0.12459885,-0.43735337,-0.046254847,0.14487787,-0.026362345,-0.017966606,-0.043098565,0.00029591192,-0.007014615,0.12523396,-1.6234643,0.27644596,1.1482683,0.25543615,-1.164723,0.13897036,-0.08120096,-0.087132305,-0.11306419,0.5982888,-0.37089384,0.024760362,2.787415,0.7203106,0.06716865,0.10991734,0.0046825456,-0.020535948,-0.9130597,0.055715837,0.026821822,0.13135187
A6XH05,-0.057678185,-0.43040156,-0.06981485,0.15222767,1.7424425,-0.27628788,-0.06695151,0.030097421,-0.043331645,-0.46034518,-2.2551742,0.48096666,0.9832081,0.23512748,-0.04709922,-0.3244252,-0.068224184,-1.3468977,-0.92769474,1.3069437,-0.65322196,-0.011188656,0.03407567,0.13269508,0.06706341,0.29485962,0.021173203,0.06252063,-0.35207003,-0.01995599,-0.064923406,0.54103154
P08572,-0.090565264,-0.060987275,-0.05723873,0.13994482,0.7822323,-0.12133426,-0.059194837,-0.004312805,-0.027671011,0.2065341,-1.6007138,0.6651698,0.80291677,0.20880131,-0.9515901,0.52140605,-0.072289035,-0.47574973,-0.6274031,1.5655156,-0.54046124,-0.0048238807,1.5759505,0.55054253,0.06187299,0.13583048,0.014256466,-0.008167707,0.020724872,0.03686689,-0.22648573,0.52999026
Q14160,-0.03750603,0.2271694,-0.09781052,0.11906969,0.36642992,-0.079396784,-0.09158553,0.003472612,-0.084741145,0.13673073,-2.39368,0.1365054,0.9543775,0.11068578,-0.56018084,0.3255558,-0.07301001,-0.914569,-0.23230192,0.12563741,-0.034302644,-0.010007864,1.4910209,2.0495167,0.06964366,0.04657995,0.005860123,0.082569465,0.5154692,-0.009245033,-0.290801,0.06800455
A7IZE9,-0.106515765,-0.26051986,-0.024157375,0.160792,0.40594798,0.07686979,-0.015341895,0.010181207,0.013716348,0.78690314,-1.1402835,0.20075198,0.3298416,0.14790477,-0.98983085,-0.17107984,-0.058398135,0.21319652,0.07014105,1.2053849,0.03963554,0.01803916,0.53868973,-0.45335856,0.05459843,-0.056188434,-0.00018658582,-0.012633575,-0.35391214,0.04845123,0.12662083,0.20052724
P20290,-0.08573277,-0.20891482,-0.060622603,0.122082666,-0.71124566,-0.27163613,-0.038761053,-0.002857437,-0.035191335,0.6453765,-1.5353584,-0.18522903,0.40622938,0.21724844,-0.95943373,0.114580095,-0.07261379,0.04901564,0.06976708,-0.19170336,-0.27785507,-0.052265164,2.5042589,1.3742523,0.06381835,0.103274204,-0.012511865,0.059300214,-0.1860661,0.02547594,-0.040934578,-0.0782862
C4M4P4,-0.029015169,-0.5858023,-0.084665574,0.105109185,1.2454965,-0.10582485,-0.08720344,0.01565099,-0.06661894,-0.75252223,-1.6890297,0.08561494,1.5623618,0.20807977,0.44745696,-0.13426921,-0.06501281,-1.4060088,-0.9827859,0.094269484,-1.2063742,0.023220362,1.0993785,0.9751815,0.05879909,0.33463654,0.027169662,0.048182357,-0.19172536,-0.02753707,-0.048114877,0.12511355
P08118,-0.18016998,1.5104165,-0.053537026,0.19699334,0.74753606,0.11281053,-0.020571189,0.023851098,0.009407818,0.24872354,-3.3285,0.6197491,2.250129,0.17554542,-2.9005823,-0.1610741,-0.11305438,-0.9969547,-0.23827142,3.7780714,-0.3900333,-0.06340967,1.1846286,-0.833653,0.083584994,0.06860768,0.06439407,0.09299863,-1.4634157,0.06024392,-0.82495487,0.279131
P0C5Z0,-0.03763382,0.43255076,-0.103682645,0.09684096,0.24096268,-0.096259885,-0.121460855,-0.002725284,-0.09146704,0.20592615,-2.9430108,-0.37682152,2.033817,0.3070728,-0.3951291,-0.34985584,-0.078684926,-1.9017606,-0.20304832,0.37600356,0.17318285,0.02946733,1.7911144,3.5901618,0.06414479,-0.03270912,0.029427107,0.053888522,-0.33587608,-0.0046926783,-0.30444568,-0.27355683
P0CJ48,-0.01768106,0.030836165,-0.083422415,0.09609854,0.6926276,-0.09805072,-0.09492292,0.017404607,-0.07482278,-0.08167148,-2.7805138,0.17329884,1.09317,0.43785384,-0.5744734,-0.2753429,-0.060410127,-1.3379802,-0.07705983,0.17110644,0.5596365,0.06710845,0.9207353,2.6117418,0.060480576,0.021586617,0.0056184325,0.0215861,0.013442665,-0.018494966,-0.31476808,-0.028244987
P46777,-0.08787436,0.27329183,-0.070732094,0.13821934,0.27754647,-0.045645043,-0.06853445,0.0042095217,-0.041486576,0.17059429,-2.3176515,0.20186332,1.3057121,0.11826441,-1.0207822,-0.027182901,-0.08137309,-0.8728681,-0.26869765,0.7048326,-0.33016956,-0.011312472,2.189898,1.2944746,0.06485315,0.10600444,0.019640282,0.048217606,-0.46214727,0.023800908,-0.20616029,0.10226167
P07017,-0.039090436,0.02353896,-0.073516555,0.1027574,0.50751364,-0.049199343,-0.07793001,0.0017962841,-0.05976952,-0.031100472,-1.9204696,0.13703056,0.93403107,0.25132152,-0.41916007,-0.10073701,-0.0584616,-0.7986094,-0.1763742,0.08274061,-0.01029838,0.045558028,1.3491632,1.976643,0.05808554,0.11549104,0.003741462,0.007986651,-0.14446221,0.0050172475,-0.16424763,0.014796861
Q80VW7,-0.037330348,-0.3331566,-0.09784631,0.1278457,1.0678319,-0.19534333,-0.10399754,0.005973419,-0.083993696,0.14084491,-1.8967453,0.73355794,0.9782718,0.18350476,0.2974403,-0.19884792,-0.07306026,-1.5389309,-0.988453,0.13447332,-0.7678863,-0.019609958,1.9718963,1.2420101,0.06744379,0.1819187,0.02699915,0.07508298,0.6443109,-0.01938605,-0.14646627,0.3771665
P0DMC5,-0.040748302,0.036313195,-0.08779533,0.1204012,0.031146297,-0.0799508,-0.08215611,0.007053495,-0.0741992,-0.04332314,-1.9940354,0.15425518,0.6175046,0.14438617,-0.5180275,0.3386882,-0.06923752,-0.066514425,0.19808447,-0.66284037,0.40284136,0.015300067,1.345373,1.8461587,0.07374458,0.0384229,-0.01441279,0.04332333,0.4674902,-0.00063921296,-0.21979459,0.030518588
O95980,-0.048308413,-0.42067984,-0.084217414,0.14211725,1.3711147,-0.11443807,-0.08932759,0.02725641,-0.05738728,-0.52921367,-2.717056,-0.2015675,2.0172427,0.27102038,-0.5911517,-0.24266712,-0.07765013,-1.3448946,-0.56578785,0.7513667,-0.41546926,0.0011371002,0.18948385,0.8845285,0.06494715,0.20656438,0.026377864,0.07661551,-0.15553758,-0.02502934,-0.27317014,0.17714405
Q9NR28,-0.06784928,-0.11775707,-0.06687678,0.104819946,0.11600625,-0.08012575,-0.06364362,0.0030415256,-0.0450504,-0.27248994,-1.2990694,0.33312124,0.8589506,0.14829706,-0.15334633,0.36225984,-0.069168895,-0.42263728,-0.35480398,0.22772948,-0.40580955,0.016911475,2.061381,1.2699413,0.06372781,0.113653116,0.008581595,0.0073953955,-0.3887505,0.019012064,0.008459517,0.17041883
Q14457,-0.052216057,-0.17640726,-0.0932132,0.12464516,0.6202092,-0.12071805,-0.08499105,0.0069277403,-0.07598579,-0.32112917,-2.136867,0.4245061,0.9751655,0.17933561,-0.01413272,0.1251154,-0.073745914,-0.8772231,-0.3146758,0.08488512,-0.024870714,0.00013281032,1.5868908,1.6130725,0.08071623,-0.09792617,0.004728152,0.05098613,-0.009427013,-0.00041282346,-0.1399318,0.1726513
P0AFR2,-0.07621006,0.14752336,-0.06490889,0.12871383,-0.2623622,-0.0807024,-0.05427466,0.003245433,-0.038053464,0.2625014,-1.8870233,-0.32116356,0.99351305,-0.02908049,-1.0092078,0.4672361,-0.075272895,-0.24546658,0.0101204,0.39125386,-0.11010433,-0.056108695,1.6230003,1.1614321,0.058187045,-0.026344802,0.0034121503,0.07420977,-0.074286155,0.019600388,-0.069415405,0.057635546
Q15797,-0.08048805,0.45757166,-0.07843552,0.14416239,0.56807023,-0.030285478,-0.07784948,0.006578187,-0.04958892,-0.19683748,-2.4090724,0.20112449,1.2592202,-0.0056209275,-0.76547456,0.41383806,-0.08347176,-0.8302281,-0.45611987,0.8451669,-0.6833425,0.008378733,1.6297883,1.2417608,0.068473965,0.28256786,0.018115362,0.043606836,-0.3767688,0.0158346,-0.20955795,0.15017217
Q00610,-0.053895146,0.16073014,-0.091105245,0.1332114,0.5453341,-0.10354594,-0.084813565,0.008998735,-0.07381645,0.03565778,-2.3773081,0.33636484,0.77125275,0.21164697,-0.2684279,0.07776982,-0.0732233,-0.7778428,-0.08650316,0.4112344,0.32081264,0.021916728,0.99011713,1.8789855,0.081350714,-0.07640451,0.0009212233,0.044486,0.05587025,0.002426695,-0.2080328,0.09984732
O95998,-0.027856436,0.38872376,-0.106810704,0.1060739,1.2694205,-0.342268,-0.122446865,0.004609149,-0.097957574,-0.34512478,-2.6353686,0.67004913,1.961196,0.08437054,-0.5546391,-0.09424728,-0.07633622,-2.131145,-1.0595144,0.7839996,-0.29196304,-0.09201379,1.4848235,1.7450862,0.05571139,0.49442148,0.048084278,0.13286284,0.41584855,-0.030617088,-0.38738286,0.7032007
O96018,-0.10296605,-0.339108,-0.11743572,0.1599191,0.37056828,0.10244428,-0.08735552,0.0040089125,-0.087076135,-0.3311479,-2.1351628,0.19901264,1.7589767,0.06378753,0.5568764,0.019688472,-0.0982264,-0.94360274,-0.008651033,0.5826618,0.4534541,-0.022393083,1.8272319,1.5716425,0.117248565,-0.71905696,0.017885644,0.10028314,-0.6397947,0.02347924,0.09451475,0.011674181
Q96L73,-0.04795883,0.027894199,-0.10976996,0.12824465,0.6226823,-0.09178094,-0.07386617,0.0067341262,-0.096173294,0.046279646,-2.3053524,0.24646235,0.92354393,0.23428278,-0.41340858,-0.13241881,-0.071515694,-0.872053,-0.06190739,0.4219725,0.39646387,-0.030861419,0.9497264,1.7796797,0.0908754,-0.10818045,0.0020122484,0.12964603,0.19047774,-0.012787797,-0.29361814,0.1031667
P05090,-0.07651892,0.18196392,-0.08271829,0.12501897,0.23733692,-0.04917786,-0.073381886,0.0011890752,-0.05586163,-0.14743385,-1.9829856,-0.013167767,1.4348037,-0.036395706,-0.078434944,0.15511361,-0.081390634,-1.1220492,-0.52039796,0.44283205,-0.8372019,-0.03116051,2.1130428,1.2946839,0.06896982,0.008595284,0.025443068,0.07066324,-0.5368493,0.013256013,-0.011915688,-0.03876194
O15371,-0.06876417,-0.56053114,-0.09529587,0.1294362,0.38885704,-0.19518118,-0.07781154,-0.009796261,-0.075486936,-0.70843756,-1.8519337,0.09060408,1.2080317,0.004758507,-0.22068918,0.6103993,-0.076871015,-0.34730244,-0.25476313,-0.23655553,-0.13378432,-0.063491896,2.1581707,1.5757728,0.083891034,-0.115821816,-0.010404435,0.07024978,-0.1931515,0.015760902,0.0016747564,0.32983765
P19156,-0.050054345,-0.7838165,-0.082625866,0.1186112,-0.13734126,-0.22957015,-0.055328574,0.00771562,-0.06584356,-0.60258317,-1.4349332,0.30027866,0.24699245,0.08810845,-0.6161312,0.70782304,-0.07084573,0.465006,-0.19087556,-1.5942197,-0.6700094,-0.03671895,2.9045973,0.9161809,0.07280857,0.39039862,-0.031064687,0.076115154,0.41276485,-0.008207381,-0.07920181,0.21950857
O75365,-0.056678277,0.21580236,-0.07876525,0.11642924,0.4255058,-0.061655417,-0.0830979,-0.00095174945,-0.053623155,-0.52779824,-2.1648772,-0.42955995,1.901693,-0.14069691,-0.43152812,0.5503691,-0.07738189,-1.0125927,-0.487422,0.46830344,-0.73605686,-0.05804001,1.350355,1.2863668,0.0550438,-0.027641779,0.024683684,0.06464236,-0.2625265,0.0075817313,-0.13609473,0.05773903
Q13153,-0.04377672,-0.17340448,-0.102978066,0.13252695,0.73489946,-0.13106498,-0.09763014,0.0111095905,-0.08559716,-0.43300927,-2.5593605,0.2054439,1.3565035,0.15008168,-0.55779916,0.19453847,-0.08041995,-0.91724426,-0.39350387,-0.2069057,-0.29134157,-0.0133108655,1.7000415,1.6564182,0.076262675,0.20045313,0.0069852658,0.08910256,0.28764033,-0.017492078,-0.31276143,0.19188744
C6KSX0,-0.034674406,0.551549,-0.1036143,0.12572017,1.2148354,-0.10594466,-0.13191946,0.00585056,-0.086685374,0.13320163,-3.0260663,0.2145234,1.8944342,0.178954,-0.41314453,-0.02938573,-0.08447523,-2.2558808,-1.0396951,1.139368,-0.90967697,0.020493142,1.520679,2.3234181,0.057070635,0.32131404,0.049352314,0.06089265,0.33567673,-0.01984299,-0.47661382,0.15827192
O55234,-0.129144,-0.2071773,-0.084047,0.17650802,0.5401662,-0.049845982,-0.0642607,0.016005026,-0.04493333,0.5742092,-2.807449,0.36070168,1.5404338,0.660844,-1.182546,-0.9755834,-0.09545383,-0.90140086,0.13863464,1.341947,0.4792993,0.058630798,1.6871028,1.5285997,0.10271416,-0.029903233,0.016492339,0.042149615,-1.0533416,0.032279205,-0.31840697,-0.07778815
P21374,-0.0356631,0.29993612,-0.13064425,0.13532576,0.0096492255,-0.098260954,-0.11768437,-0.006546682,-0.124369666,-0.07807325,-2.9405363,-0.12521961,0.71156925,-0.15864633,-0.23532973,0.7637216,-0.083498135,-0.83907986,-0.07347082,-0.84335124,-0.02453712,-0.0036129632,2.4368625,3.4869652,0.08794265,0.21251275,-0.01925766,0.12780093,0.41648102,-0.014860893,-0.053499706,-0.039864976
P04347,-0.13504586,-0.9936363,-0.04226768,0.15700944,-0.49769044,-0.1267142,-0.027554259,-0.0032376684,0.0019374369,0.3307513,-1.2549802,0.09041415,1.1463559,0.36721352,-1.6411207,0.013192475,-0.08536475,0.8154076,0.23493032,-0.4067009,-0.27530754,-0.037550762,3.128654,-0.06935188,0.07214501,-0.022329658,-0.011578259,-0.006067073,-0.37317863,0.061288193,-0.1383272,0.059635844
P45880,-0.04913459,0.02995807,-0.089136675,0.13385463,1.0071715,-0.15048854,-0.087589405,0.008821103,-0.06905118,-0.64384645,-2.4576483,0.100708745,1.2120323,0.0073227477,-0.2017557,0.48347718,-0.07349015,-0.9806825,-0.53932184,0.53777385,-0.47030628,-0.0065579405,0.7447738,1.4130956,0.07152813,0.18601756,0.006842247,0.056673154,-0.14317264,-0.0065243635,-0.12207309,0.25359616
P08640,-0.052695032,0.053309914,-0.08829836,0.12330134,0.5506036,-0.12735322,-0.09526152,0.0018295741,-0.07052371,0.025649987,-2.4160342,0.18702868,1.3498378,0.18671988,-0.6500477,-0.05535799,-0.07553636,-1.1475956,-0.39664894,0.17988986,-0.23576698,-0.0007059961,1.9776292,1.9893469,0.064118885,0.18791369,0.015335688,0.054594174,0.010464008,0.00062352134,-0.24649848,0.14116417
P05120,-0.07135775,0.47467756,-0.09275444,0.13273649,0.05662529,-0.13990277,-0.097623006,-0.009415854,-0.072336815,0.6731085,-2.7837152,-0.30636656,1.4476445,0.14312203,-0.82632476,-0.15565561,-0.082716376,-1.3516903,-0.17285943,0.6057693,-0.09414667,-0.010628698,2.0847917,2.8734028,0.067120396,0.09937543,0.016639333,0.072498076,-0.29117948,0.01584913,-0.1948169,-0.13424745
Q9UBC2,-0.15302208,-0.9456132,-0.036630344,0.15252466,-0.8517931,-0.24837497,-0.006191046,0.0010540106,0.0038650616,0.2730545,-0.8180504,0.6792378,0.05303047,0.41454977,-1.3200275,0.08923131,-0.08205828,1.1877757,0.3849877,-0.08424105,0.34141424,-0.023652792,3.7408192,0.3139727,0.08563638,-0.028124452,-0.029575652,-0.01371013,-0.9891706,0.07327885,0.12596977,0.38146567
P00724,-0.069316134,-0.16248009,-0.06329349,0.12962638,0.5559075,-0.13753745,-0.05948266,0.014224159,-0.041916914,-0.3417653,-1.6500895,0.7327626,0.46876007,0.24948399,-0.6011167,-0.044071026,-0.06567022,-0.12641266,-0.13806531,0.06552704,0.14148587,0.03397665,1.6319699,0.9613713,0.06987761,0.28571406,-0.0058752806,0.0039210175,-0.374694,0.014295278,-0.1024933,0.41101894
P09733,-0.036682136,0.058938086,-0.11251203,0.12292213,0.4155551,-0.16882162,-0.1087107,0.0020973969,-0.094944894,-0.6957341,-2.76618,-0.42152438,1.7292365,-0.07087441,-0.3155597,0.98581094,-0.08702177,-0.95533544,-0.41772458,-0.07457831,-0.5432679,-0.053621273,1.2822162,2.1001341,0.075888686,0.0043929815,0.0066449516,0.10203261,0.3886459,-0.017205197,-0.28382286,0.021584181
P15692,-0.037542947,0.17330323,-0.09936655,0.124481894,0.6746162,-0.15558162,-0.09103928,0.00865583,-0.08387054,-0.25344604,-2.4286602,0.15217282,1.1229593,0.0433303,-0.33765855,0.27618018,-0.075455986,-1.0803959,-0.5023562,0.13677607,-0.46158925,-0.033895645,1.3249515,1.5836501,0.07032996,0.17178568,0.012076511,0.0997015,0.3252316,-0.018680772,-0.2731904,0.16147712
P69786,-0.0631796,-0.18247066,-0.08641272,0.118851654,0.63190377,-0.15545782,-0.087718494,0.0032752918,-0.06437033,-0.48226076,-1.994136,0.32487816,1.5752059,0.015313053,-0.52182776,0.3073668,-0.081117384,-1.2274193,-0.9197377,0.22702077,-1.0985714,-0.043199506,2.801316,1.2375278,0.058517348,0.45375195,0.027603706,0.08616274,-0.19056705,-0.003772385,-0.0982855,0.3945055
Q13492,-0.047103643,0.22980493,-0.10112271,0.13695924,0.7029406,-0.0075680916,-0.10092617,0.012442788,-0.08123957,-0.22676168,-2.777133,0.047438577,1.3912355,0.054698702,-0.4236007,0.21339889,-0.08278138,-1.2235513,-0.4210949,0.22350888,-0.46038064,0.016058115,1.5453517,1.8879853,0.07317364,0.14099988,0.016445503,0.08018747,0.095764615,-0.013317611,-0.2686324,0.011561123
A5KE01,-0.09723644,-0.24876821,-0.10259553,0.1250822,0.19370943,-0.24354914,-0.033160727,-0.016003072,-0.085704915,-0.2545709,-1.3413491,0.84446704,0.15232971,-0.015157998,0.2800324,1.0090373,-0.071778014,-0.35194322,-0.03258638,1.8471212,1.2027119,-0.15536171,1.3815316,1.2762508,0.11625861,-1.0033953,-0.014000901,0.13684931,-0.30922407,0.03940109,0.18573125,0.7459097
P23396,-0.05962186,0.13514557,-0.09281142,0.13367657,0.5258502,-0.14533965,-0.08736191,0.00600337,-0.07218009,-0.12059059,-2.4997308,0.090409234,1.2101806,0.12211203,-0.49846497,0.16463892,-0.0797819,-0.9869409,-0.33395383,0.4151384,-0.2297854,-0.013977839,1.5225842,1.8083135,0.07463645,0.09392657,0.010154183,0.072733425,-0.09462344,-0.0004821058,-0.2214022,0.119600736
P05451,-0.087782964,-0.9642844,-0.094433665,0.103841625,-0.09994367,-0.21516535,-0.06275794,0.010818088,-0.07789035,-1.3584008,-1.3109413,0.6945176,0.8202573,0.02956435,0.44864467,0.15829945,-0.07812945,-0.56471336,-0.4290256,-1.1090286,-0.27412754,-0.0032674968,4.258615,1.9803035,0.08980398,0.55996144,-0.010620585,0.10248169,-1.6446192,0.0026385789,0.64082664,0.4612069
O43508,-0.030940283,-0.0046334486,-0.09860187,0.10391991,0.6612429,-0.012098239,-0.0989429,-0.0021095993,-0.09034293,-0.24561816,-1.8962947,0.37229833,0.9686463,-0.037777588,0.28272966,0.41806412,-0.06502574,-1.294036,-0.5782419,0.14928566,-0.22532883,0.0067205485,1.8262409,2.1635792,0.06590622,0.05285482,0.012646272,0.06850792,0.18511413,-0.007709411,0.06986487,0.25220317
P10275,-0.0623176,0.08455382,-0.09512546,0.13846001,0.4755624,-0.062274534,-0.080004185,0.007231837,-0.07472535,-0.23352915,-2.4298944,0.21576697,1.0469233,0.11085826,-0.6178945,0.1397097,-0.07853279,-0.6398796,-0.12033748,0.033645503,-0.04376172,-0.0014813427,1.6805154,1.6703867,0.08152368,0.08929657,0.0002520268,0.07604957,-0.098325886,0.0018253312,-0.23265958,0.095713586
Q61371,-0.020956114,0.14220546,-0.100492686,0.112412974,0.85965735,-0.11966471,-0.11014217,0.0058441353,-0.09258539,-0.36612615,-2.4102309,0.33747935,1.1726367,0.14311929,0.042429663,0.07024751,-0.07240952,-1.3370072,-0.4743063,0.05574674,-0.15668006,0.009263643,1.1705863,2.007292,0.068013616,0.1016113,0.015051949,0.06306701,0.24878643,-0.032731056,-0.25618553,0.15250163
P21375,-0.07682655,-0.47902894,-0.056144167,0.1286701,0.8164568,-0.29183742,-0.05127902,0.0030906205,-0.028503757,-0.077834584,-1.929293,0.17758156,1.1596597,0.35270146,-0.55162936,-0.12962624,-0.06471797,-0.74509585,-0.29875013,1.1633523,0.1081845,-0.047279853,0.58507186,0.66318023,0.066711046,-0.2769515,0.007278668,0.010197582,-0.42677918,0.024351068,-0.14350161,0.30478674
Q9BZR9,-0.082821004,0.27783424,-0.08039076,0.13475715,0.34246776,-0.043408677,-0.06372312,0.0035260455,-0.054051537,-0.32726595,-2.1004472,0.15748781,1.0274646,-0.060994074,-0.49617606,0.5419867,-0.07905045,-0.6628775,-0.33002785,0.788342,-0.42893007,-0.015607763,1.7231421,1.3222927,0.07474693,0.12052286,0.008462438,0.06604341,-0.5917085,0.018694803,-0.017697357,0.18112937
Q7YZX3,-0.06602489,0.42955294,-0.07560141,0.13019328,0.08900181,-0.029611709,-0.07722079,0.001081362,-0.05015013,-0.7318818,-2.7522564,-0.17486553,1.2614902,-0.032853514,-1.7966772,1.2405385,-0.08289365,0.08885876,0.057534557,0.09995929,-0.23698981,0.00066290796,2.0235987,1.8355137,0.06301841,0.19742619,-0.012663518,0.019190682,-0.07846657,0.02140379,-0.47987223,0.15189056
P0ACC1,-0.07261897,-0.034186333,-0.07280348,0.1433581,0.20028666,0.06296506,-0.07815391,0.015138918,-0.03987645,-0.24483068,-2.3582342,-0.30123386,1.8112017,-0.18918529,-0.99190646,0.31190044,-0.08811649,-0.86160153,-0.55095714,-0.42504174,-1.3609507,-0.030972455,2.6456788,0.61198324,0.04879315,0.44893688,0.025653508,0.09422902,-0.108901955,-0.0024337773,-0.06621539,-0.04516622
P54253,-0.072054334,0.06762775,-0.06034379,0.12758772,0.3553206,-0.1204438,-0.044930976,0.016720423,-0.03252918,-0.10986065,-1.9409281,0.25926343,0.9877823,0.15614456,-1.3368826,0.1209237,-0.0724318,-0.3630533,-0.2738182,0.5299201,-0.3908069,-0.043809664,1.5845734,0.34122887,0.057332728,0.26725367,0.011639123,0.07283113,-0.11296139,0.00531362,-0.31585053,0.2793968
P0A6L0,-0.090572834,-0.37652484,-0.06818889,0.15046373,1.214822,-0.33451518,-0.09259004,0.032446083,-0.031473666,-0.122884735,-3.400294,0.42532006,2.6158383,0.68300265,-1.8689979,-1.051192,-0.09483842,-1.7765077,-0.60729134,1.1175737,-0.12518857,-0.014242469,1.6998445,0.8218313,0.060543202,0.4548645,0.04831657,0.051873934,-0.60450935,-0.005979971,-0.6054263,0.3802875
P15208,-0.050859034,0.1634608,-0.08024725,0.13638328,0.7387697,0.034708112,-0.0735016,0.026103899,-0.057480764,-0.34256104,-2.3376393,0.19464737,1.0140759,0.16858193,-0.5428477,0.008612355,-0.07264928,-0.59169996,-0.092111245,0.31727612,0.025821656,0.044636786,0.59762114,1.0902946,0.07255802,0.12387359,0.007477075,0.048807193,-0.10202591,-0.0094569,-0.26023436,0.06492432
P11940,-0.048548937,0.50113463,-0.07830217,0.11403692,0.54573184,-0.15773304,-0.08038962,0.0027637938,-0.061814584,0.057393864,-2.275666,0.21377373,0.93619865,0.14619674,-0.47581777,0.029186813,-0.06737241,-1.0978888,-0.3563983,0.7432585,-0.14399485,-0.0013824586,1.1807045,1.8826474,0.06129894,0.10251951,0.0145197,0.03927702,-0.16462177,0.0046646553,-0.2545838,0.13263799
Q96EB6,-0.058538575,0.0042409217,-0.09345853,0.13276859,0.46032432,-0.13936724,-0.08426253,0.0039675385,-0.07395539,-0.0673449,-2.4059687,0.072167784,1.1055772,0.09106856,-0.38933563,0.2499951,-0.077571005,-0.93133175,-0.2902183,0.3286948,-0.13740773,-0.02320808,1.496243,1.7805889,0.07597144,0.008410358,0.005571144,0.07953749,0.0012744365,0.00033706674,-0.13625643,0.11594589
Q8IUQ4,-0.021011533,0.5374354,-0.117405504,0.12524615,0.7794009,-0.013645164,-0.13062024,0.00605146,-0.10526476,-0.20418623,-2.9850621,0.016286802,1.5881157,0.057767726,0.010099807,0.103707924,-0.08170239,-1.5375475,-0.43927068,-0.27770182,-0.47079906,0.036702953,1.2635918,2.5540612,0.0741652,0.12758134,0.021186799,0.064663894,0.472125,-0.023643011,-0.40927795,-0.19069536
Q94420,-0.032425247,0.16868356,-0.091732144,0.12828149,0.96814865,-0.12462882,-0.09275541,0.008489971,-0.07863829,-0.22238334,-2.458539,0.30113927,0.9102815,0.20595479,-0.2609772,-0.10682125,-0.06505067,-0.86488914,-0.18215877,0.06756963,0.16256861,0.026958814,0.5172279,1.7914268,0.07397078,0.078214176,0.00035302027,0.035901483,0.19526532,-0.009279128,-0.31452042,0.11495178
P0A6S5,-0.01664043,0.28306735,-0.119095586,0.10911629,1.109408,-0.23584993,-0.1270205,0.004036829,-0.11112815,-1.041243,-2.6826556,-0.31423113,2.0133865,0.14880472,0.7711587,-0.444597,-0.06998141,-1.4826134,-0.1823771,-0.27574584,0.33630767,0.013462771,-0.2254761,2.8815582,0.08545297,0.010607849,0.013244085,0.056354154,-0.5796519,-0.023754278,-0.20067866,-0.08628085
O00308,-0.05689884,0.12538975,-0.090910494,0.14761046,0.48499694,-0.15310258,-0.0867071,0.0054997713,-0.067544326,0.04923997,-2.4936984,-0.2174191,1.1486127,-0.06641577,-0.38177574,0.38731652,-0.081473924,-0.92057896,-0.42550611,0.3175059,-0.59508646,-0.04985752,1.2082174,1.383413,0.06918275,0.04412267,0.009493428,0.09386417,0.2580428,-0.004454029,-0.15018818,0.07103178
B5KM66,-0.0467762,0.12952676,-0.10494942,0.11976901,0.5452499,-0.09258836,-0.09372487,0.0023485476,-0.09166908,-0.11909485,-2.3889275,0.4748393,0.9925086,0.15312235,-0.37796974,0.40891027,-0.076791696,-1.0353918,-0.3407288,0.41548157,0.07190919,-0.0088615315,1.7566341,2.0842884,0.08085661,-0.036198717,0.007998565,0.08017067,0.3213108,-0.0044485857,-0.2733769,0.2267272
P00748,-0.024424557,0.3477971,-0.112056434,0.12762459,0.9620563,-0.10979654,-0.08262978,0.014106962,-0.10401393,-0.03539532,-2.6369107,0.86408275,0.50200295,0.32593083,-0.76821876,0.07449541,-0.07097539,-0.7819975,-0.14972526,0.34786597,0.37397408,-0.01436642,0.67777324,1.3908045,0.08963411,-0.012081861,-0.00010501768,0.11163632,0.9613913,-0.032848284,-0.69667375,0.23854809
A0A0K0MJN3,-0.013929184,1.1971387,-0.060178295,0.10264387,0.37282103,-0.057803884,-0.08918038,-0.006864351,-0.05092597,1.2559786,-2.4146945,0.24748601,0.34385327,0.13251503,-0.8532102,-0.06483075,-0.051624052,-1.2499108,-0.2979632,0.51790106,-0.315971,0.030391682,0.8251193,2.0002055,0.03130404,0.057122987,0.017644063,-0.017113198,1.0371033,0.0068119215,-0.5365461,-0.19535485
P01023,-0.06654699,0.12954882,-0.08816289,0.13943313,0.6558255,-0.15355611,-0.07457669,0.0018006893,-0.06362242,-0.416101,-2.1890006,-0.011319793,1.3586665,-0.07915612,-0.55323005,0.4260438,-0.07892544,-0.7378069,-0.4657686,0.5298532,-0.5655393,-0.069985725,1.258138,0.9914529,0.07136767,0.12383544,0.012113397,0.0962205,-0.10626276,0.0037124914,-0.18253018,0.27554744
P0A6E6,0.07956303,0.9483387,-0.14829364,0.06336325,1.6527885,-0.5133953,-0.17540812,-0.019701855,-0.18482512,0.7417504,-3.2715847,1.6022507,-0.24100049,0.54161793,0.41045848,-0.21680307,-0.039170384,-2.5335734,-0.6042591,0.20732944,1.4820393,0.015056461,0.37938198,4.9173326,0.07339403,-0.18092982,-0.0012849817,0.046961892,2.403513,-0.05540805,-0.88418126,0.56075615
P12476,-0.061952244,-1.1406564,-0.05388726,0.099189185,1.2777358,-0.120279156,-0.05238402,0.026568368,-0.02928383,-1.3373051,-1.5217695,0.3012124,1.808479,0.64377606,-0.20028687,-0.8369198,-0.054250438,-0.59421927,-0.1144808,0.22415459,0.4600998,0.07827337,0.35403028,0.7156767,0.069684155,0.15026778,0.0069395527,-0.034272578,-1.4843229,0.0038286326,0.005014544,0.25467154
P10810,-0.054138806,0.03547207,-0.07218849,0.14343284,1.1340865,-0.030755905,-0.08645675,0.013816019,-0.044049416,0.26900873,-2.5151322,-0.100230955,1.5565228,0.12156137,-0.36364374,-0.0646658,-0.07443891,-1.5875597,-0.77080613,1.1551803,-0.9409086,0.008693324,0.5089011,0.8197194,0.05330504,0.0891073,0.03505097,0.04354024,0.15114795,-0.0056729424,-0.19517183,0.0048902184
O94782,-0.088790506,0.4948513,-0.079101175,0.13443401,0.6116607,-0.13836397,-0.081207685,0.0035843058,-0.0478552,0.18557249,-2.4515357,0.23744364,1.8991818,0.2132613,-1.2835474,-0.103654265,-0.08953032,-1.384575,-0.7374071,1.3999122,-0.9054404,-0.03315154,2.1047738,1.1779807,0.060401462,0.41895187,0.04526027,0.07303798,-0.36855555,0.012863272,-0.46064427,0.21805252
P61088,-0.06901375,0.28723174,-0.09457773,0.13642283,0.16161372,-0.059790213,-0.08521683,0.002153351,-0.07586689,0.39064607,-2.4098108,0.22235498,0.7241618,0.043799277,-0.5406645,0.3808251,-0.08111642,-1.0066667,-0.30636388,0.6433375,-0.14816417,0.0049751764,2.2200696,2.283636,0.07492895,0.14442441,0.0068559204,0.086553685,-0.023234393,0.006910163,-0.044973858,0.134202
D3ZMK9,-0.07544674,0.52841824,-0.07331453,0.15316372,0.11940128,0.13520743,-0.06529761,0.009444411,-0.047791652,0.22514145,-2.1489475,-0.25002733,0.47380257,-0.2419169,-0.26805848,0.47736087,-0.073806584,-0.48854032,-0.013003306,0.6416432,-0.18441758,0.037537556,1.1961194,1.7079952,0.06781095,0.06324463,-0.0020522943,0.057446513,-0.49837312,0.018187614,0.22247921,-0.040235613
Q9H4A3,-0.062462226,-0.0873509,-0.090936005,0.12043392,0.6105981,-0.11288319,-0.08281373,-0.0028567647,-0.071976595,-0.46071303,-1.9090141,0.23379739,1.2122755,-0.009172628,-0.039867852,0.51411325,-0.07469721,-0.98315305,-0.5532583,0.628329,-0.35141343,-0.029699635,1.789207,1.6536663,0.07344589,0.005856949,0.012173166,0.06644756,-0.28577268,0.00881883,0.015986757,0.33540896
O15287,-0.06970468,0.15201579,-0.09661572,0.13440076,0.53828156,-0.14298984,-0.09382058,0.007235547,-0.06753078,0.04512987,-2.7631476,-0.066177614,1.9320651,0.32398662,-0.59484434,0.07866335,-0.09326543,-1.3473212,-0.47536245,0.95398235,-0.5712028,-0.023328612,1.3666037,1.5269405,0.07939938,-0.17640568,0.032531008,0.06157307,0.05381076,0.0019292244,-0.53280276,-0.124918886
P0AB58,-0.08504888,-0.41074625,-0.070888184,0.13227046,0.23190315,0.15054177,-0.07245047,0.022914499,-0.043827828,-0.23310061,-1.6131392,0.64639646,1.0111238,0.15835331,-0.62195534,-0.050220665,-0.081477635,-0.58560354,-0.42496744,-0.23211093,-0.56940943,0.08561051,3.4932358,1.1887437,0.064055584,0.5781811,0.016261337,0.037970584,-0.6179022,0.007305505,0.13822068,0.25948527
O08722,-0.05677275,0.45815825,-0.10229944,0.1292003,0.7491116,-0.12405671,-0.09743227,-0.0028198168,-0.08842213,-0.33138856,-2.1136997,0.54442376,0.64804715,-0.11859938,0.26770836,1.0100486,-0.07617554,-1.029363,-0.59342134,1.2737875,-0.058740936,-0.0038035691,1.0942953,2.1482546,0.08256795,0.036111273,0.007894052,0.060823627,0.0023226738,0.007566288,0.033843003,0.5026318
Q22289,-0.07787568,0.23074941,-0.12194985,0.16870378,0.039752435,-0.28492102,-0.11355633,0.002339527,-0.093972094,0.08240461,-3.2560856,-0.18463524,1.6925092,-0.35122776,-1.2673322,1.0560964,-0.116788246,-1.4302174,-1.1214782,-0.08024951,-1.9272037,-0.14895263,4.0014205,1.6262442,0.067876615,0.70348406,0.027275821,0.22506505,0.70365113,-0.023623714,-0.25980163,0.3065294
O35627,-0.083748244,0.3062555,-0.0568511,0.14328538,0.11396494,-0.12586027,-0.061711982,0.007486986,-0.02126394,-0.09441861,-2.3641515,-0.25204054,1.5571375,-0.012007761,-1.6048212,0.5635388,-0.084996395,-0.25572467,-0.19585876,0.52317053,-0.6005879,-0.068112105,1.521123,0.4463742,0.051911965,0.10463828,0.014884965,0.044513803,0.008596878,0.022463227,-0.40751648,0.13238396
P01555,-0.060551375,-0.336905,-0.046438348,0.10960823,0.712434,-0.0528669,-0.05128488,0.026306206,-0.0186652,-0.79096776,-1.212139,0.4346258,1.2921803,0.13168335,-0.3155119,-0.19585286,-0.06346223,-0.5007474,-0.53447616,-0.012672806,-0.65864336,0.0043735565,1.384712,-0.25109878,0.04744972,0.34365806,0.024525108,0.014633289,-0.56600124,0.0002282381,-0.016433362,0.33216175
Q8TB24,-0.06475025,0.04279197,-0.10095398,0.14245546,-0.019025922,-0.09560327,-0.08608208,-0.0033556193,-0.08206552,0.19401726,-2.4428902,0.18615694,0.48125473,0.13041613,-0.73354185,0.82254875,-0.08457706,-0.25249425,-0.07191719,-0.09703813,-0.20884009,0.014183831,2.3514333,2.2742314,0.086592734,0.028974552,-0.017405218,0.054059617,0.47358885,0.011126573,-0.27770776,0.0062812567
O95163,-0.04477341,0.1337049,-0.09536612,0.12125232,-0.03518172,-0.2051299,-0.088697165,-0.009238426,-0.08844963,0.8905511,-2.000343,0.87083465,-0.35867488,0.17465973,-0.0315032,0.83411723,-0.06993567,-0.6510311,-0.12683342,0.60405225,0.7478323,-0.024291268,1.941822,2.4209125,0.08279858,-0.57413393,-0.013141274,0.038872544,1.1954174,0.015930988,-0.15784194,0.3435601
Q7JXV9,-0.020630231,0.33514622,-0.13121547,0.13317932,0.80467707,-0.019680163,-0.14489663,-0.027439892,-0.13515711,0.055129807,-2.9605677,0.17056614,1.3067143,0.046165813,0.29550627,0.5141108,-0.09666493,-1.926771,-0.39482486,1.1332765,0.05159713,-0.03284398,1.1035987,2.7749188,0.083800174,-0.39454594,0.01870617,0.12710588,0.40041825,-0.08093799,-0.28057688,0.032022357
Q9NRD5,-0.071045026,-0.3379106,-0.0736727,0.12929375,0.3558237,0.015444092,-0.07347276,0.015529314,-0.046728518,-0.59792024,-1.8774092,0.047872055,1.3988707,0.13581924,-0.30443782,-0.0049660774,-0.07641489,-0.41759706,-0.13450246,-0.41266984,-0.31308538,0.043534346,1.7940708,1.1479526,0.07049903,0.21126123,0.005784232,0.021687856,-0.6257932,0.00847486,0.01472714,-0.0058534443
Q15038,-0.08895879,0.07198211,-0.049102433,0.13096926,0.54316103,-0.059035294,-0.037428834,0.015835717,-0.01731274,-0.083636574,-1.5983266,0.3838194,0.9535886,0.18527815,-0.6215318,-0.11856303,-0.06753659,-0.48305097,-0.205604,1.2115015,-0.036689255,-0.008806617,0.799749,0.16584304,0.064242825,-0.03201633,0.017524784,0.021588903,-0.7013754,0.025888624,-0.072201,0.25544646
Q9C019,-0.096506275,0.2803613,-0.08863825,0.15073146,0.095267035,0.012537852,-0.065588914,0.005748765,-0.05797359,-0.1943103,-2.732414,0.14204471,1.1961809,0.105909586,-1.3137947,0.44163415,-0.091148615,-0.39641604,0.02281767,0.41239515,-0.21745111,0.0048568933,2.3980768,1.6164407,0.086437784,0.10365004,-0.0006189002,0.06864354,-0.5077333,0.023405464,-0.3131294,-0.018791562
Q92731,-0.0620822,0.19913203,-0.10709922,0.12739383,0.22261584,-0.06918798,-0.08353478,0.0028152838,-0.08840479,-0.5269439,-2.4090743,0.079252005,1.3368745,0.066047646,-0.38439944,0.056718957,-0.082070455,-0.6535695,-9.468496e-05,-0.40987068,-0.0035918267,-0.019550953,2.0002,2.0074308,0.08959054,0.023872381,0.0011786413,0.09583396,-0.3847392,0.0013317494,-0.23561803,-0.050111413
P19889,-0.09402609,0.43168506,-0.07267943,0.1440339,0.0051039536,0.0019211118,-0.066539265,0.0066116494,-0.03919228,0.5377006,-2.4996407,-0.030073881,1.4466457,0.1192652,-1.6584244,0.17767955,-0.09051168,-0.83584803,-0.34070665,0.8727632,-0.78158414,-0.018694054,2.5580466,1.2084829,0.059109744,0.32449424,0.026589302,0.08118018,-0.14084925,0.018093467,-0.3692745,-0.012180665
P58340,-0.07382933,0.61520565,-0.08860332,0.14153148,0.119838476,0.21827303,-0.08694701,0.0030822486,-0.062764496,0.54588085,-2.2225745,-0.2910677,1.3188715,-0.29599732,0.26667202,0.38597322,-0.08280124,-1.4847493,-0.2946438,1.2322973,-0.1852098,-0.012405636,1.3295754,1.7978224,0.068254724,-0.4234891,0.03390295,0.094555296,-0.20997518,0.016761363,0.23240134,-0.12842284
P07335,0.017939592,0.5211538,-0.1322316,0.09107702,0.7358842,-0.24435073,-0.13856101,0.0014342215,-0.13553745,-1.4231364,-2.9651787,-0.36027515,1.737439,-0.03730794,0.61957735,0.034786325,-0.06613127,-1.1190988,0.11001396,-1.5190115,0.6177141,-0.0131528815,0.15987134,3.4239273,0.08354998,-0.04682594,-0.00732197,0.07793448,0.0072342954,-0.038649764,-0.33525038,-0.14071731
P11142,-0.05317956,0.16391294,-0.09113461,0.13362458,0.84241074,-0.12646335,-0.08566573,0.0075767417,-0.07111354,-0.08118032,-2.4490213,0.34404898,1.1253276,0.14773147,-0.37092796,0.15606387,-0.07567249,-1.1134603,-0.4548671,0.7038646,-0.24169913,-0.015184229,1.0298855,1.3665386,0.0746374,-0.0070834914,0.0153285945,0.0642975,0.17596868,-0.0027758824,-0.2944624,0.18382505
Q61171,-0.04327501,0.48211294,-0.09063005,0.12690745,0.44561058,-0.29801002,-0.08874069,-0.0007931163,-0.07832798,0.5275971,-2.682148,0.20851426,0.703217,0.20196994,-0.6680922,0.12274408,-0.06935827,-1.0077747,-0.08165661,0.79158944,0.5969666,-0.0457736,0.54603845,2.1839273,0.0717737,-0.13123353,0.0018479296,0.070402585,0.51451963,0.0010642896,-0.3539793,0.19188327
P9WPE9,-0.02996633,-0.0648367,-0.11358104,0.11638594,0.3429143,-0.25154284,-0.11316537,-0.0005363153,-0.1056574,-0.13233586,-2.6612241,0.27771464,1.0871087,0.13535248,-0.47576508,0.057055473,-0.07879386,-1.1910005,-0.50115824,-1.0827206,-0.56217235,-0.017769126,2.9435112,2.6159942,0.0709049,0.47862396,0.0014473324,0.103130825,0.45071983,-0.024223467,-0.27028883,0.077360205
P20068,-0.023241514,0.035000693,-0.11697135,0.106679656,0.71058,-0.16719641,-0.11366708,-0.010526465,-0.11138449,-0.639929,-2.2968407,0.2309376,1.0149889,-0.07380223,0.48025858,0.76869076,-0.071442395,-1.2748891,-0.6408469,-0.16058639,-0.44567758,-0.017975546,1.8521821,2.6765888,0.07840864,-0.0010853689,0.00097557006,0.07271651,0.2704595,-0.012030228,-0.06251438,0.20419358
O82226,-0.11784554,-0.08484646,-0.05842911,0.18865454,0.83386326,0.092746474,-0.06895829,0.024046624,-0.016224826,0.055840015,-2.5484817,0.39690152,1.5172485,0.2086433,-1.4835514,-0.3056602,-0.08882204,-0.36270595,-0.07814435,0.70035976,-0.124905296,0.073177226,1.3696448,0.34012866,0.072001666,0.5226765,0.014799073,0.008551211,-0.674494,0.029511264,-0.12976913,0.21943255
P08191,-0.04751317,0.28534946,-0.081705205,0.10729724,0.7014263,-0.26722297,-0.099893264,-0.00088558614,-0.06267301,-0.6024684,-2.6070442,0.26585338,1.857575,0.13450773,-0.96402127,-0.0045408052,-0.07767636,-1.342067,-0.7191024,-0.08529254,-0.8598928,-0.04100273,2.4814687,1.6824839,0.05105107,0.4273375,0.027014086,0.04150303,-0.21398796,-0.0013222918,-0.46832198,0.2411908
P28834,-0.077493735,-0.33329934,-0.093579106,0.14815097,-0.0171007,-0.058426507,-0.09734995,0.009752736,-0.06804004,0.41735518,-2.6374931,0.130606,1.3299212,0.26914003,-0.8255269,-0.19763835,-0.092906184,-0.9300406,-0.19415334,-0.55480754,-0.3428545,0.024834188,3.234697,2.0455961,0.075597316,0.19568218,0.00956672,0.06716185,0.064586595,0.0035401997,-0.1706363,-0.11306029
P16951,-0.021745926,0.3086202,-0.11611447,0.11683174,0.8233072,-0.13695118,-0.123841785,0.005371089,-0.10530717,-0.73573387,-2.829417,-0.09885747,1.6102536,-0.049164042,0.2862979,0.33203956,-0.07887359,-1.5330541,-0.55119497,-0.21627505,-0.46440282,-0.0006614824,1.2213744,2.5711012,0.07426498,0.14773008,0.015376131,0.08234071,0.030570969,-0.025659546,-0.18724263,0.012609446
Q9Y6K9,-0.06462682,0.1903712,-0.080518566,0.1239378,0.57204807,-0.021616045,-0.073308215,0.010821184,-0.058540773,-0.14760673,-2.01555,0.32942343,1.1294941,0.060544938,-0.30398813,0.005308069,-0.0737502,-1.0988905,-0.47900733,0.63384485,-0.40564823,0.0024872362,1.7218194,1.3015378,0.066450074,0.17804892,0.022206176,0.068828434,-0.3997989,0.002570423,-0.055730134,0.18393703
P01772,-0.0829932,-0.4849708,-0.061850328,0.13157912,0.2964859,0.115920186,-0.05579163,0.023339452,-0.03346829,-0.3413362,-1.6469035,0.43178356,1.2022573,0.1433982,-1.5335014,0.20867893,-0.07640565,-0.1335217,-0.2443153,-0.029791772,-0.29447967,0.034070008,2.7911844,0.60152704,0.055254124,0.66256535,0.009184018,0.066310816,-0.32951564,0.005512629,-0.021750957,0.43906724
O75751,-0.038726218,0.27201867,-0.08670715,0.12819517,0.89296126,-0.04274017,-0.09768233,0.010310282,-0.06629434,-0.30538735,-2.5786002,-0.10453692,1.583828,-0.03508868,-0.39862654,0.2814795,-0.07477785,-1.3024473,-0.5809205,0.4181663,-0.6638472,-0.007175999,0.8921203,1.4070275,0.056990568,0.18441993,0.023877446,0.065081045,0.15449469,-0.012711715,-0.2289525,0.08094591
Q9Y6X0,-0.18167736,0.3238142,-0.07154271,0.1851428,0.21232726,0.13140109,0.01346238,0.028480016,-0.016569134,0.020436972,-2.2570722,0.9948326,1.3337431,0.4144653,-2.3732085,-0.37730426,-0.10544753,0.03184706,0.28773946,2.4603949,0.42081094,-0.06549455,2.1902652,-0.91063166,0.11720228,-0.19627427,0.025425106,0.14692643,-1.4474233,0.05131013,-0.5627436,0.3212196
P05113,-0.08529663,0.7871745,-0.06658652,0.15416713,1.2429222,-0.098614916,-0.05857832,0.009156021,-0.032809358,-0.09692996,-2.3769214,0.42243904,1.1730711,-0.069831565,-0.9743181,0.54108506,-0.0789059,-1.1247411,-0.9070714,2.2973437,-1.1140833,-0.044509318,0.42272133,0.05062708,0.060918123,0.32084367,0.03535967,0.06416281,-0.21820505,0.014428927,-0.35385934,0.44815594
O88273,-0.04185644,0.32417187,-0.096428886,0.1396623,0.64301956,-0.1783512,-0.08919682,0.011455138,-0.07749237,0.040060975,-2.7256896,0.16872504,0.8567575,0.17571618,-0.22832549,0.24627945,-0.077876225,-0.87242347,-0.17642719,0.42643636,0.030236501,-0.019357568,0.40081567,1.5026093,0.08264446,-0.281251,0.0042230226,0.05823224,0.55603707,-0.0081900805,-0.44398576,-0.016628416
O14842,-0.02677265,0.04007733,-0.061749734,0.09614478,0.16816553,0.044254713,-0.06627669,0.009924076,-0.04936455,0.23120645,-1.5958874,0.09224781,0.6192179,0.184934,-0.5380868,-0.29196602,-0.051874634,-0.52314895,-0.031248285,-0.629191,-0.080910005,0.04669235,1.6094903,1.5238038,0.04449182,0.18306424,0.0020914206,0.018789997,0.17331226,-0.003752285,-0.13072136,-0.10523129
P0C1S8,-0.13786978,-0.32733846,-0.0714977,0.15106031,-0.37237537,0.16904819,-0.00071383145,0.02746843,-0.036081046,0.25371623,-1.49966,1.0134448,0.27112782,0.52615744,-1.8729582,-0.36808276,-0.08459102,0.61504716,0.575368,0.6009666,0.80151063,0.04235429,3.1593077,0.48453486,0.10505285,0.18167742,-0.011155705,0.102757365,-0.98149705,0.033368703,-0.188157,0.21926595
P83780,-0.16190735,0.98861563,-0.031857967,0.22351684,0.48728293,0.21508387,-0.07333377,-0.0005742579,0.0407546,0.5535276,-4.102774,-1.0329599,3.558473,-0.35466695,-3.4118311,1.041233,-0.12193018,-0.99568826,-0.3486327,2.6982355,-1.3299845,-0.10775107,1.2429638,-0.6953435,0.034947045,-0.22708583,0.06165473,0.020541769,-0.21153128,0.07772492,-0.6761885,-0.06655528
P05062,-0.019428466,-0.07635537,-0.101601645,0.11059208,0.86224705,-0.14678535,-0.10053244,0.0027255402,-0.0940645,-0.18484862,-2.203983,0.45132366,0.8688681,0.20974106,0.13722254,0.08910608,-0.064537965,-1.1199508,-0.39211476,-0.07142559,0.06965335,0.00068717776,1.1186777,1.9786369,0.07453674,-0.13243075,0.00465794,0.05157964,0.58416736,-0.015652172,-0.2773456,0.1717228
P14091,-0.06936454,0.35090768,-0.09520978,0.12746237,0.2617689,-0.02099444,-0.12141339,-0.01395065,-0.073357426,0.5925004,-2.6353295,0.071362235,1.8353968,0.2871466,-0.41343522,-0.2730863,-0.086811505,-1.5265507,-0.35246694,0.19940764,-0.4300677,0.05618901,2.5490735,2.8220148,0.06942571,0.032114387,0.029662525,-0.0054866187,-0.07373325,0.024688637,-0.32527506,-0.29437557
P62310,-0.07333942,0.5270565,-0.09944016,0.12454176,0.28404182,-0.1884749,-0.088322654,-0.004218592,-0.07910543,-0.4939571,-2.6442716,0.17983067,1.4755204,0.1677518,-0.8922402,0.18717983,-0.0848514,-0.72132695,-0.066024795,0.34193116,0.10536859,-0.019080441,1.9861984,2.3708618,0.084847964,0.1233867,0.0058848904,0.059147947,-0.59620494,0.016548922,-0.4184896,0.12203647
P13797,-0.0681563,-0.5821804,-0.10991656,0.1531027,-0.36411145,-0.22075672,-0.09885633,0.01369166,-0.08554917,0.60428554,-2.9276762,-0.4440042,1.3022652,0.5112084,-1.007417,-0.12685849,-0.09895102,-0.44500175,0.23562916,-0.83338135,0.10256425,0.009808143,2.3008256,2.5149882,0.09220389,0.045059424,-0.01031177,0.094724156,0.51092285,-0.011757064,-0.40039277,-0.3735827
Q9NYB9,-0.06365081,-0.5694917,-0.07381064,0.12369116,0.7188651,-0.122766115,-0.06338407,0.011091086,-0.05211853,-0.41099244,-1.7404273,0.36206406,0.83675957,0.19699296,-0.24201307,0.18911743,-0.067915745,-0.71496165,-0.5412221,0.3274687,-0.51509416,0.01617628,1.7918822,1.0972116,0.068450645,0.24980852,0.0024158321,0.042344682,-0.38479188,0.0016120693,0.06242038,0.30228063
P38011,-0.025767256,0.14588368,-0.1023009,0.10064116,0.4063633,-0.16137943,-0.100567535,-0.00732885,-0.093931556,-0.5022957,-2.144648,-0.054184735,1.0852709,0.005866024,0.20824453,0.38510704,-0.067512825,-0.9795546,-0.3532277,-0.44046307,-0.331411,-0.00955979,1.6463265,2.534954,0.070403144,0.034965403,-7.136725e-06,0.054949205,0.023808878,-0.0073036645,-0.12546495,-0.0012831362
P78352,-0.033418126,-0.121711604,-0.1073457,0.11501789,0.50786835,-0.11691412,-0.10087919,0.008318494,-0.09998054,-0.3358055,-2.259272,0.25594965,1.0004984,0.22364007,-0.0018224953,-0.36633286,-0.06834711,-0.90530443,-0.03265606,-0.7347157,0.45469454,0.035586696,1.6896952,2.6525087,0.081451416,0.22038896,-0.0041000224,0.07606169,-0.17937203,-0.01691808,-0.07314565,0.08001301
Q27820,-0.07791807,0.14479698,-0.07055369,0.16179493,0.32811147,0.05585646,-0.0875785,0.015208969,-0.032894813,-0.3069448,-2.6599362,-0.30121273,1.7493699,-0.049291305,-0.579533,0.2217195,-0.09125699,-0.5196798,-0.17447323,-0.49183074,-0.95389587,0.023676928,1.4910749,0.6465945,0.06578414,0.049198616,0.014816886,0.003720902,-0.13974492,0.015094255,-0.24222195,-0.32790345
Q0P891,-0.06782121,-1.2563646,-0.1582283,0.13801989,-0.292588,0.14834467,-0.11155324,0.018965978,-0.15754752,-1.5281668,-2.2812989,1.1345756,-0.16635978,-0.24681407,0.38017035,0.8547115,-0.09536873,-0.47801977,-0.43512702,-3.2954037,-0.7251472,0.14638668,7.350699,4.1627607,0.11708051,1.4805954,-0.05272188,0.19339332,-1.0812931,-0.039115682,0.9506909,0.380144
Q15843,-0.07635257,0.7869499,-0.07642975,0.14332369,0.038837925,0.11857327,-0.07007612,0.004496358,-0.05294714,0.9909445,-2.2789302,0.5053719,0.20769286,0.11780052,-0.7870275,-0.050209418,-0.07756413,-0.86672366,-0.27381027,0.5260016,-0.70312965,0.07488169,2.659056,1.8384367,0.06660277,0.2794493,0.012072714,0.032090485,0.007101625,0.01926319,-0.23543172,-0.19342786
O54785,-0.10021446,-0.284553,-0.051810887,0.13912559,-0.029230075,0.03972349,-0.04432938,0.0027140717,-0.018537385,-0.15494046,-1.6840318,0.11471069,0.97394425,0.105133824,-1.4151121,0.5211744,-0.0759655,0.26152867,0.05118548,0.24735107,-0.1798682,0.009666449,2.4664824,0.7978998,0.062673494,0.107924186,-0.006980662,0.0050571435,-0.49612528,0.04196682,-0.07610001,0.20844099
P18670,0.005041931,0.4984305,-0.102424115,0.11736627,0.5341382,-0.37131602,-0.09410001,-3.8422644e-05,-0.09401793,-1.0509803,-2.4167132,-0.18236268,0.32628515,-0.053717077,-0.11378025,1.5662297,-0.066702016,0.45453942,-0.03126672,-0.8757875,-0.35912538,-0.045060363,-0.6717258,1.4921265,0.0806344,-0.09836459,-0.037706148,0.017220743,1.3568772,-0.020659177,-0.70533395,0.0001732707
P18014,-0.024007946,0.2871367,-0.113297015,0.12230145,0.78766054,-0.08262696,-0.12417815,-0.004003838,-0.1005781,-0.3751358,-2.6097717,-0.10000803,1.507461,-0.1085496,0.21570216,0.37514392,-0.079370044,-1.5448676,-0.81709313,-0.4368719,-1.2511029,0.0025533934,1.9210657,2.3247404,0.065897696,0.30541494,0.019334627,0.07460301,0.35350537,-0.020997576,-0.21719529,-0.088120006
P60010,-0.084563896,0.0047115115,-0.071935765,0.14188202,0.39606136,-0.07662359,-0.08253372,0.0027699645,-0.04248185,0.06651718,-2.41682,0.19544107,1.5879499,0.20522612,-1.1702033,-0.013317487,-0.0833814,-0.73756176,-0.23530942,0.31680393,-0.2604435,0.0021960281,2.1474915,1.3179423,0.06430614,0.17668836,0.016270073,0.022493504,-0.21989043,0.023631405,-0.28467423,0.12268237
P0DN86,-0.05531423,0.42012677,-0.07628703,0.11430258,0.41769552,0.108041696,-0.08908476,0.0045411163,-0.055000845,-0.3902013,-2.2085452,-0.1746935,1.7176626,-0.072582446,-0.51990324,0.00888552,-0.071368374,-1.0464672,-0.27758595,-0.039181333,-0.489928,0.039548032,1.7739899,1.8571688,0.052226905,0.364053,0.02228226,0.036447812,-0.65389186,0.0075694895,-0.033942375,-0.07491237
P62136,-0.094687216,-0.09438982,-0.079724446,0.14956245,0.38969687,-0.120650575,-0.05917653,0.012532785,-0.05054582,0.17773832,-2.2826583,0.44653326,0.9855358,0.19865939,-1.1208904,0.18264474,-0.08475966,-0.69552374,-0.3174104,0.9997139,-0.13712148,-0.028736882,2.005009,0.98481673,0.07789303,0.19946584,0.011099339,0.09400803,-0.22920945,0.012468364,-0.15489015,0.34102547
O60814,-0.13231471,0.25969875,-0.047387324,0.14141586,0.06401895,-0.019338205,-0.012054948,0.011194052,-0.0043610344,0.060188957,-1.7578974,0.46229172,1.1894476,0.2924653,-1.5988536,-0.058528572,-0.08247627,-0.11726453,0.030014113,1.6537338,-0.050970685,-0.03977546,1.7716014,-0.14422321,0.076943375,-0.11062852,0.019637907,0.041439146,-1.0701149,0.05084498,-0.32875186,0.173704
P75391,-0.053018056,0.3268101,-0.09141545,0.14505771,0.7529193,-0.11323062,-0.08444673,0.0038536768,-0.070144854,0.5009798,-2.4767063,-0.03964486,1.0563776,-0.008594789,-0.2424886,0.08920773,-0.07597468,-1.4132267,-0.56316537,1.0628814,-0.49551594,-0.051616512,0.7818837,1.3450108,0.0675647,-0.09877567,0.022930978,0.10463052,0.38085267,-0.005497725,-0.18626201,0.08717455
O75674,-0.0503735,-0.34669095,-0.099073194,0.1282426,0.16381955,-0.0029494194,-0.07963626,0.008354172,-0.08429535,0.19788332,-2.229374,0.37776947,0.931721,0.4466591,-0.88398355,-0.52456933,-0.07237372,-0.24771613,0.38438576,-1.0726749,0.65442157,0.033846375,2.071433,1.8874911,0.08728645,-0.021142673,-0.0121400235,0.06389692,0.37876347,-0.0024231235,-0.40587673,-0.13763084
Q27727,-0.09923731,0.19966766,-0.06324874,0.15352294,0.24911952,0.02437311,-0.04122042,0.020844284,-0.029341392,0.25372723,-1.690832,0.3193622,0.64197916,0.020108785,-0.48559263,-0.26703468,-0.079369836,-0.6063476,-0.37652472,0.69777447,-0.76659983,0.005081482,2.0200443,0.36268854,0.06912214,0.31857324,0.019302903,0.08008599,-0.7520467,0.014030389,0.073872514,0.09711469
P14209,-0.070258215,-0.49267417,-0.039029527,0.091758594,-0.58703595,0.06571895,-0.017197093,0.008674604,-0.017272444,-0.3612048,-0.5677427,0.19702116,-0.025977306,0.16293792,-0.6187338,0.5809062,-0.053026017,0.8909127,0.32933697,-0.58254117,0.11805031,0.050260738,2.3559706,0.89416206,0.05783532,0.023207843,-0.028308434,-0.02417351,-0.5743668,0.032760434,0.17951295,0.07021622
Q9Y2D8,-0.04683321,-0.07996975,-0.089902915,0.105191156,0.40904245,-0.098210074,-0.08252399,0.009274024,-0.08075191,0.606409,-2.2642338,0.82373375,0.6757596,0.7225083,-0.59893954,-1.0316617,-0.063428834,-1.0899193,0.16121371,0.10671997,1.047105,0.07576027,1.928565,2.6211095,0.08138215,-0.092867695,0.004603845,0.022929251,-0.053720064,0.0015178855,-0.39183187,-0.011114171
P15336,-0.06538286,0.16434003,-0.086134255,0.14097734,0.60236436,-0.097799204,-0.088776544,0.01412524,-0.061009794,-0.018019607,-2.517436,0.21270308,1.3275895,0.15521276,-0.5009429,-0.16107436,-0.08353369,-1.1588068,-0.47699854,0.29989025,-0.58703595,0.008933961,1.8049744,1.4142956,0.06953559,0.2436861,0.022143446,0.061660774,-0.17535155,-0.003073032,-0.24181396,0.051744506
P0A8M3,-0.06339502,-0.43414658,-0.098158285,0.13565302,0.5242621,-0.092549235,-0.08689488,0.02230139,-0.07611539,-0.696023,-2.3020768,0.32682288,1.490001,0.19915351,-0.6764651,-0.23156026,-0.085218295,-0.6956658,-0.32603148,-0.81475604,-0.40607005,0.011922766,2.5924616,1.3762572,0.07854268,0.57419235,0.008116842,0.10196619,-0.354432,-0.018883944,-0.15146485,0.19480762
P36873,-0.111195266,-0.487474,-0.059738345,0.14610946,0.320252,-0.10748385,-0.04122528,0.018424576,-0.024823984,-0.23366703,-1.7268914,0.6894743,0.9917593,0.34653568,-1.1310577,-0.09291412,-0.081820644,-0.10920299,-0.13208354,0.57002705,0.021622866,-8.353458e-05,2.309491,0.31656742,0.07881622,0.1889986,0.005469418,0.03571241,-0.73123866,0.027975885,-0.11010476,0.40190414
Q9CXW4,-0.064716354,-0.03324096,-0.07246411,0.10334721,0.10329871,-0.036980856,-0.068520546,0.007004914,-0.053631037,-0.533785,-1.7506582,0.22641692,1.0614803,0.08888302,-0.54378605,0.16888474,-0.06925043,-0.57495517,-0.21541199,-0.16791953,-0.20626651,0.029109064,2.5569348,1.8446994,0.06123028,0.37132853,0.004409297,0.03766429,-0.7994022,0.010732399,0.06201273,0.17249225
P00044,-0.08732375,0.17851247,-0.065367684,0.11758975,0.3501905,0.018549323,-0.078602254,0.012218081,-0.032049857,-0.7191252,-2.029279,0.09450264,2.0027695,-0.1101406,-0.41691765,0.3265348,-0.087071314,-1.3250173,-0.8556962,0.50567585,-1.3796117,0.0040773205,2.8417573,0.96610165,0.050254308,0.46511927,0.04317683,0.040130086,-1.093816,0.0141688455,0.08735192,0.13056144
A0A0H3LHU4,-0.040436402,-0.15460747,-0.08694342,0.13037847,0.24857154,-0.17870475,-0.07814301,0.0075162444,-0.06690473,-0.5513881,-2.2558036,-0.15159716,1.0453063,-0.03878164,-0.89657766,0.6711981,-0.07686738,-0.11143723,-0.24380235,-0.97518724,-0.731414,-0.05517694,1.812136,1.0317551,0.063965656,0.271471,-0.010386215,0.08273713,0.566165,-0.012692914,-0.33870792,0.09081111
O43291,-0.07402157,-0.07439491,-0.08722871,0.14474869,0.70306087,-0.037975274,-0.09206864,0.005004232,-0.05641055,-0.35432413,-2.2976084,-0.28083175,1.9815135,0.018174423,-0.41786683,0.29946345,-0.087839805,-1.0215079,-0.57520336,0.59779906,-0.8807237,-0.014735073,1.4210097,1.181686,0.068463095,0.13074039,0.026702484,0.059657615,-0.2612094,0.0063784793,-0.16115247,0.063003264
P12670,-0.119580686,-0.33526015,-0.037910633,0.14088786,-0.03697218,-0.042125907,-0.030661667,0.005852662,0.0046436144,-0.38671386,-1.401245,0.17710926,1.1690012,0.09271854,-1.4831628,0.7648714,-0.08230272,0.39910898,-0.24071772,0.61320186,-0.80504304,-0.017063992,2.4928453,-0.14178246,0.058527038,0.23305686,0.0037832067,-0.009144445,-0.6816371,0.049544573,-0.09692035,0.3006867
P45850,-0.076327786,0.15115882,-0.05992025,0.14116931,0.23372741,-0.19416304,-0.05391181,0.0012131421,-0.030987645,-0.022746652,-2.1597097,-0.19764464,1.0561955,0.068129174,-1.3040185,0.33549678,-0.072453074,-0.04005755,0.018216873,0.3783284,-0.1401533,-0.055786554,0.959263,0.78694123,0.060742985,0.062086347,-0.0044479035,0.03779288,-0.08534398,0.023955137,-0.30120343,0.13947833
P14755,-0.05337622,0.45806462,-0.057613615,0.11884975,0.009833127,-0.107045144,-0.056507733,-0.0037907972,-0.036156777,0.35289222,-1.5049422,0.023622818,0.2956278,-0.01333888,-0.5208502,0.5203657,-0.062698975,-0.12365784,-0.26077035,0.12725428,-0.78001255,-0.009257713,1.3135324,0.96661854,0.050986797,0.12248117,-0.0013130493,0.004419755,0.33418518,0.019500889,-0.21062565,-0.03692119
P0A7L0,-0.054990392,0.21918099,-0.054832388,0.083763264,0.103300005,-0.11162388,-0.054897923,0.002946329,-0.038961634,-0.21647698,-1.2295038,0.51152545,0.67080814,0.1204203,-0.5907859,0.2080185,-0.057673737,-0.54656315,-0.3770733,0.34849393,-0.23131497,-0.00020327543,2.2134426,1.3302497,0.046012413,0.3000949,0.012440818,0.016005568,-0.44247714,0.01571816,-0.044009205,0.3467287
O43278,-0.08101883,0.33676624,-0.080883116,0.17088608,1.6577148,-0.06668494,-0.10274221,0.018726924,-0.037792437,-0.28097802,-3.550105,-0.6836876,3.114637,-0.15169498,-0.88575274,0.29493475,-0.09920625,-2.4814382,-1.2723761,2.498976,-1.5919783,-0.07604575,0.038957477,0.38971263,0.049600817,0.20003152,0.07116197,0.11613665,-0.38370773,-0.0100102695,-0.2613451,0.18050262
P04899,-0.029640654,-0.19011821,-0.13182428,0.13335742,0.4691617,-0.08114146,-0.11574996,0.016119905,-0.11905196,-0.7237091,-2.8447304,-0.060349472,1.7295064,0.34379894,-0.17791723,-0.840835,-0.085160695,-0.6598537,0.22531694,-2.1587524,0.05882246,0.040352684,1.87902,2.4423552,0.10057661,0.26259807,-0.0056691947,0.09994345,-0.0028967215,-0.03484312,-0.49905995,-0.41534412
P30822,-0.0546797,0.38174525,-0.10096543,0.1383673,0.42590857,-0.1288059,-0.09590789,0.0067327525,-0.07837472,0.00804323,-3.0440743,-0.30905408,1.7649853,0.22189951,-1.0843028,-0.13116428,-0.08599991,-0.9607599,-0.052302882,0.100153334,-0.13307272,-0.019931741,1.1854662,2.005649,0.07583179,0.10129861,0.013219704,0.0881278,0.08951227,-0.006817786,-0.56426036,-0.17830428
O76093,-0.07655572,0.21003513,-0.07286596,0.13521093,0.5969804,-0.012198321,-0.0773917,0.0051875245,-0.042786837,-0.47251475,-2.1660237,-0.18631524,1.6384838,-0.10573036,-0.35369924,0.35922572,-0.07951827,-0.97518367,-0.55810666,0.6316194,-0.9596827,0.0008595938,1.459409,1.1291628,0.06038552,0.26713786,0.022867115,0.040805385,-0.70792,0.0142661985,0.008948136,0.05520991
O70209,-0.060315195,0.3276755,-0.07571577,0.1597465,0.8240497,-0.057669252,-0.080261864,0.020135678,-0.049255043,0.08566874,-3.1365578,0.026474407,0.88686156,0.03690033,-1.0910486,0.44212544,-0.07900297,-0.95598394,-0.34822932,0.8766611,-0.42035973,0.022885224,0.8072345,1.326089,0.06303937,0.2609331,0.004766529,0.0558204,0.11912042,-0.0041383454,-0.25109205,0.116111
O96013,-0.097236395,-0.130259,-0.07209931,0.14593351,0.62796444,-0.20202415,-0.07703101,0.007668308,-0.036942225,-0.2173982,-2.4845319,0.064677015,1.8691738,0.2653046,-1.2153399,0.08230023,-0.09058605,-0.9477132,-0.5789031,1.0020194,-0.7539007,-0.017190624,2.0117064,1.0791128,0.06624101,0.36000794,0.025348922,0.040940564,-0.6137579,0.018054955,-0.2971213,0.24848971
A0A4P8DY91,-0.019268718,0.19669446,-0.12393751,0.14511731,0.9933443,-0.18679382,-0.15771349,0.021974316,-0.101679645,0.043350935,-3.961427,-0.63627714,2.9266999,0.20284545,-0.11413725,-0.7254662,-0.10177733,-2.6032615,-0.78533626,-0.5039452,-1.0944421,-0.023025744,1.1621081,2.191852,0.06522074,0.11938076,0.055004023,0.11787257,0.63121074,-0.05295012,-0.6049801,-0.4769911
Q00534,-0.042572748,0.3950556,-0.0974332,0.12565587,0.44011074,-0.07415258,-0.09690348,-0.009637058,-0.08764843,-0.053103413,-2.4359999,0.3948671,0.9166761,0.020210303,-0.8179399,0.55155617,-0.08156511,-0.8931416,-0.34811133,0.33422577,-0.3148647,-0.033788227,1.9956061,1.778461,0.0671076,0.15582313,0.0072649824,0.09125086,0.39752966,-0.026802005,-0.37089607,0.22011694
O43896,-0.10723725,-0.31656286,-0.08102894,0.15426058,-0.017804857,-0.11833131,-0.087627664,-0.009451257,-0.041808404,-0.60945433,-2.5441651,-0.35175374,2.269442,0.15043369,-1.2797481,0.28820357,-0.101224974,-0.1441806,-0.09079522,-0.751029,-0.90424633,-0.018467354,3.2022545,1.4023575,0.07785243,0.11979977,0.003513988,0.0025195607,-0.62568635,0.040410932,-0.39185303,-0.17633623
P0AG30,-0.07472352,0.35554892,-0.07923494,0.13083285,0.49348018,-0.28873566,-0.07939975,-0.008711597,-0.057348825,-0.42947438,-2.3062196,0.20461477,1.2418227,0.07714085,-0.8997112,0.18682367,-0.07580186,-0.5528587,-0.24205069,0.3700805,-0.12918946,-0.044412017,1.7316852,1.7425857,0.070027374,0.23374036,0.0022879038,0.03372127,-0.5367924,0.024558222,-0.28927803,0.33467957
O15530,-0.046384957,0.059668884,-0.10049669,0.12748608,0.5689358,-0.099443436,-0.1009015,0.0058894134,-0.08436206,-0.46041113,-2.5583487,0.042687945,1.3123598,0.0548024,-0.2630422,0.30041462,-0.077822454,-0.95056266,-0.25965694,-0.10233727,-0.09057693,0.008834314,1.5011549,2.1858785,0.07599929,0.13918911,0.0037506134,0.06552633,-0.083007276,-0.006683842,-0.1393337,0.09657925
O75688,-0.100079186,-0.5657674,-0.082321204,0.12869483,0.0060886014,-0.15081644,-0.03564819,0.010895095,-0.05831413,-0.38079894,-1.4110068,0.6976168,0.68253976,0.224079,-0.5954365,-0.094111666,-0.07585272,-0.07518135,0.05207674,0.06423434,0.49580362,-0.04988086,2.5882902,0.88904643,0.09340555,0.06491937,-0.0073968875,0.11113344,-0.81164724,0.017898068,0.115545645,0.43448225
P0DPK2,-0.12181383,0.47646973,-0.08765861,0.15791267,0.2997761,0.23831314,-0.0134331845,0.039302748,-0.057245944,0.5197569,-2.2423584,1.176808,0.59927756,0.59018636,-1.4797915,-1.3799782,-0.07950338,-0.33563218,0.83079773,1.4966277,1.8849907,0.043758873,1.1392635,0.7048545,0.1175766,-0.17617989,0.011883151,0.14325607,-1.13635,0.017635444,-0.36174014,0.1139626
O95235,-0.066523336,-0.6508343,-0.10649958,0.122838,0.8712986,-0.20133978,-0.067818254,0.017936371,-0.08827748,-1.0465751,-1.5475932,0.80438286,1.1165054,0.16998567,0.16235217,-0.24212833,-0.07858659,-0.9152033,-0.75286,-0.20136261,-0.6167419,-0.04071662,2.642383,0.8907144,0.09125338,0.45870903,0.013478595,0.14272934,-0.66937894,-0.022231378,0.03181455,0.5376296
Q9Y6Q9,-0.07344689,0.2565182,-0.09339239,0.14087313,0.2476026,-0.10243392,-0.081582956,0.0012469615,-0.06855496,0.08280279,-2.6252542,-0.030953303,1.3119787,0.15193038,-0.62720007,0.19313511,-0.084848545,-0.78490937,-0.0094104335,0.56843513,0.14553207,-0.028433377,1.3632773,1.8063158,0.08431401,-0.288943,0.007553908,0.06474558,-0.07998245,0.015605854,-0.32149836,-0.049468473
B9EHT4,-0.030915946,-0.85417074,-0.11855438,0.1384881,0.8347891,-0.33095333,-0.110889055,0.0049663237,-0.10707756,0.064374566,-2.8355854,0.19504552,1.0156082,0.634469,-0.677785,-0.067868866,-0.07976896,-0.75496465,-0.23838039,-0.55241954,0.035421174,0.02082476,1.590772,2.4885058,0.09229217,0.10839071,-0.016777543,0.06296927,0.93470603,-0.025906647,-0.5742328,0.059249002
Q7WTU1,-0.03485301,-0.25632295,-0.123004876,0.08121321,0.28812012,-0.29168418,-0.103657536,-0.010549699,-0.12585345,-1.5215484,-1.972417,0.5730269,0.766157,0.12163997,0.56009066,0.3358446,-0.06581273,-0.67702633,-0.08337351,-1.1521581,0.631845,0.021446109,2.9464424,3.834505,0.098157585,0.23291361,-0.027819118,0.0590966,-1.0409507,-0.0031057384,0.15947367,0.37196648
Q8IZU0,-0.13035703,0.19338036,-0.057121824,0.14874808,0.41873038,-0.056515127,-0.018163636,0.018027972,-0.014209609,-0.30320412,-2.086609,0.5790733,1.5062957,0.2376512,-1.9434717,0.0264709,-0.08741623,-0.29458356,-0.15875402,1.7305181,-0.12959743,-0.068596594,1.777365,-0.38560107,0.07795867,0.14387015,0.024651315,0.090398476,-1.0096855,0.035145663,-0.3898881,0.42237172
P30041,-0.07037451,0.26542312,-0.07561202,0.1571059,0.8429945,-0.011437337,-0.08122897,0.012403735,-0.046899628,0.16018207,-2.5713792,0.023358237,1.212171,-0.047166515,-0.6129551,0.3502935,-0.079834744,-1.1133692,-0.4917949,1.2432073,-0.44026846,-0.008207227,0.7918382,1.0094677,0.06303629,0.042625483,0.02127972,0.06162875,0.026122939,0.0066830483,-0.110632494,0.20880692
P01236,-0.022419874,-0.41025025,-0.110542856,0.11176033,1.4217494,-0.29927585,-0.10357087,0.0013426255,-0.105345905,-0.5912406,-2.2547376,0.5899852,1.1014599,0.1822638,0.41110912,0.29384375,-0.063096784,-1.5083113,-0.6605679,0.80404615,0.4256217,-0.050196238,0.42233866,1.9418949,0.082336545,-0.18943837,0.007709071,0.089396186,0.37344632,-0.020858908,-0.09034195,0.61976
O60684,-0.07636881,-0.7250827,-0.083212666,0.12543462,0.3922097,-0.17776595,-0.07584658,0.018229976,-0.059195995,-0.84220684,-1.8498642,0.51483625,1.5325747,0.20508258,-0.7503715,-0.24017772,-0.0831294,-0.59654534,-0.44766235,-0.7992381,-0.41818863,-0.021656685,3.3269632,1.0313144,0.07041378,0.5661796,0.011038211,0.08823852,-0.63329965,-0.005905088,-0.025822101,0.44270545
P04397,-0.124744445,-0.041351654,-0.06685412,0.15903495,-0.018574104,0.044975936,-0.018383522,0.01435412,-0.033515226,0.63059306,-1.6263324,0.86577696,0.1401779,0.24026406,-0.9698632,0.084542155,-0.079267114,-0.025717974,0.24634762,1.592497,0.8447181,-0.022237657,1.7687914,0.40873635,0.09621701,-0.37975198,-0.0010342479,0.08324164,-0.45763636,0.042225756,0.0013358146,0.36275166
O95760,-0.09177502,0.27064925,-0.07493285,0.1341938,0.45259717,0.05846716,-0.0519421,0.013451136,-0.044319704,-0.19048041,-1.9399915,0.3946998,1.3859094,0.13653453,-0.8240196,-0.16737951,-0.07921324,-0.6919553,-0.18855967,0.88167644,-0.16162497,-0.00876005,1.6250963,0.6418826,0.075985886,0.09264267,0.02464652,0.074629426,-0.70222324,0.017901843,-0.20133144,0.14041416
P19880,-0.06560732,0.22957939,-0.07957249,0.11892112,0.49612725,-0.17349331,-0.07983024,-0.00083515607,-0.060731452,0.17524812,-2.4111872,0.5670304,1.2284522,0.2527707,-1.3037374,0.0040351218,-0.074259244,-1.0451491,-0.37084585,0.6604575,-0.006339805,-0.02944031,2.2128465,1.6601232,0.06174154,0.23627533,0.017327672,0.05981459,0.043195173,0.011637047,-0.38595665,0.34701502
P50570,-0.065560915,-0.13965666,-0.08181322,0.13240531,0.45843384,-0.09522135,-0.081121884,0.009566196,-0.057830844,-0.26250073,-2.0908418,0.26068214,1.2607615,0.18525954,-0.78429395,0.19588497,-0.079771824,-0.52089113,-0.32210425,-0.008555093,-0.38863817,0.005314566,1.9287093,1.2252806,0.06913153,0.2823127,0.008877469,0.045840908,0.008843576,0.0036343613,-0.25818247,0.19444466
P04351,-0.05987829,0.49475342,-0.08975354,0.13217056,0.66631114,-0.09134156,-0.08856283,0.0054973383,-0.070421614,0.17861779,-2.6381667,0.3672828,1.1235762,0.13796517,-0.6675838,0.121476986,-0.07688181,-1.2397146,-0.35495073,0.98280257,-0.012229228,-0.0004108525,1.2253627,1.8266522,0.071416125,0.091465384,0.018720504,0.064604536,0.023984175,0.0039744554,-0.28782913,0.1752199
P14868,-0.12763485,-0.4440457,-0.033585656,0.14197846,-0.069691546,-0.038400296,-0.029304229,0.0055330894,0.0065758205,-0.08253363,-1.3843684,0.51682353,0.99998075,0.30845723,-1.6314081,0.18072437,-0.07711568,0.48576656,0.1019719,0.46606466,0.0040922114,0.0190089,2.5995007,0.17567576,0.06428092,0.18604393,-0.002648173,-0.037146237,-0.86509776,0.060629368,-0.08124133,0.32337427
P01210,-0.13037752,-0.08597967,-0.067041755,0.17690714,0.42854148,-0.029475607,-0.079856195,0.0026724886,-0.0207389,-0.09927918,-2.7320886,-0.13498826,2.460404,0.22069897,-2.0204878,-0.12905818,-0.102405466,-0.46332607,-0.20411408,0.50465584,-0.7117599,0.0067022964,2.5799804,0.86658865,0.06840206,0.5076118,0.023905605,0.020444214,-0.84286755,0.042586476,-0.3795507,0.07917914
P03126,0.0068991133,0.82179564,-0.12282994,0.1377501,0.73506284,-0.38782665,-0.12766851,-0.0068070497,-0.11976075,0.21551825,-3.71042,-0.1636306,0.68417645,0.061733168,-0.696397,0.9680949,-0.07350414,-0.7973964,0.047677707,0.0115227625,0.55133617,-0.07127246,-0.723736,2.7303429,0.081507824,-0.34924316,-0.020642256,0.07771284,1.9169736,-0.025214376,-0.8428398,-0.003724426
Q9BQB6,-0.09002764,-0.5527835,-0.086400494,0.15229163,0.85059285,-0.16295832,-0.09042097,0.027242355,-0.053467266,-0.8499469,-2.3781185,0.58447975,1.8683511,0.2052412,-0.87327874,-0.1922065,-0.09792901,-1.0413452,-0.8977294,-0.20985848,-1.2214476,0.007931898,3.3002214,0.7110207,0.07101244,0.86871815,0.029090824,0.083365485,-0.67922974,-0.011943728,-0.14637472,0.4521663
Q96LK0,-0.11862649,-0.26199713,-0.046406187,0.15544584,0.06572183,0.09703629,-0.012951138,0.028765608,-0.0066151707,0.20712695,-1.5723438,0.63004214,0.5545513,0.32470512,-1.0351745,-0.33759856,-0.07640843,0.19005598,0.31211525,0.7573001,0.437558,0.019095663,1.5395238,-0.33149546,0.082915984,-0.21385184,0.0024814263,0.032320987,-0.74433196,0.03615223,-0.06435755,0.106970586
P06702,-0.02402556,0.2002188,-0.09781699,0.10078792,0.18462104,-0.15043467,-0.086780936,0.0031117047,-0.090740904,-0.22707948,-2.1198704,0.27859187,0.62757,0.10927237,-0.6482105,0.36981034,-0.06739302,-0.5772934,-0.25396228,-0.6899032,-0.27310854,-0.006820839,2.2190533,2.1958823,0.06523588,0.3632463,-0.005989869,0.083283365,0.4636624,-0.018106379,-0.3251194,0.12472066
Q3UVR3,-0.052801892,-0.45494914,-0.10881017,0.13626999,1.1389805,-0.13462771,-0.097387016,0.017432347,-0.08615,-0.84543097,-2.3923872,0.25830388,1.6999614,0.1335706,0.3637989,-0.07940933,-0.0860286,-1.5130898,-0.8582149,0.085599236,-0.95103735,-0.016324416,1.7813674,1.1984241,0.08501166,0.112344176,0.025550714,0.10080655,-0.28771108,-0.0244243,-0.1280632,0.16607264
P02359,-0.056681395,0.29628098,-0.09492762,0.11818119,-0.39099908,-0.056248076,-0.097646296,-0.010556362,-0.0791996,0.41216424,-2.2019067,-0.13238293,0.9746983,0.113400176,-0.5759939,0.051440924,-0.07987535,-0.6550855,-0.06617788,-0.87724674,-0.47780228,0.030308578,3.171779,2.8742964,0.06747069,0.26066625,-0.00031157117,0.043128394,0.019856509,0.012001447,-0.19772007,-0.29612887
P15891,-0.032178294,-0.8726668,-0.08738375,0.09158544,0.79023075,-0.20700312,-0.07159567,0.00823848,-0.07566987,-1.239052,-1.4057376,0.21975581,1.0164238,0.2595638,0.6750513,0.22423743,-0.057760425,-0.5377157,-0.30196542,-0.34612224,0.09389354,0.0042868545,0.946288,1.4979475,0.08063586,-0.16639185,-0.0097675985,0.025770664,-0.45796752,-0.00899799,0.08067262,0.24650887
P62263,-0.08068256,0.15755479,-0.092071295,0.14045186,0.2908948,-0.098553576,-0.08401394,-0.00086205703,-0.066686735,-0.18965617,-2.643806,0.031308968,1.5206403,0.14000806,-0.8404644,0.19596724,-0.08540105,-0.69235927,-0.0013138553,0.32733825,0.13910384,-0.01611629,1.727957,1.8942107,0.08319958,-0.057959612,0.004871137,0.05630866,-0.36366302,0.020319296,-0.26411882,0.030142725
Q8R010,-0.115460284,0.0626685,-0.08840209,0.16034593,0.4679517,0.07886058,-0.0573002,0.005771358,-0.055758618,-0.13277125,-2.394423,0.7164983,1.1757727,0.06858714,-1.1771288,0.5785826,-0.09123891,-0.56480664,-0.11068128,1.5015455,0.36019295,-0.030492553,2.195347,0.96476096,0.095021255,-0.21250644,0.010633042,0.091108225,-0.44180876,0.03534243,-0.15331899,0.45639533
P04696,0.015018981,0.41841027,-0.15225875,0.13811705,1.0252364,0.1864864,-0.16947943,0.008791381,-0.14074984,-1.1573315,-3.192987,-0.7137176,1.8335067,-0.4797055,1.2209797,1.2793024,-0.096765295,-1.7523841,-1.1313783,-1.3391238,-2.404924,0.0618973,1.7424109,2.7698424,0.07644665,0.28416038,0.02049546,0.099593505,0.9692167,-0.06096956,-0.24905142,-0.500235
P04385,-0.091858946,0.0261722,-0.07718528,0.14712174,0.2380578,-0.015387257,-0.040632345,0.006682402,-0.05102322,0.3781136,-1.8039819,0.37717617,0.4923292,0.02746898,-0.68860966,0.19450097,-0.0740998,-0.4915491,-0.10707841,1.1229763,0.18534851,-0.0505403,1.6328691,0.84176403,0.08046048,-0.15346542,0.0036673348,0.11146394,-0.24026108,0.020517128,0.036199555,0.30900425
Q05128,-0.06567199,0.7351556,-0.06313973,0.14191625,0.58875793,-0.040997833,-0.06898956,0.0064750966,-0.034030017,0.33141977,-2.4998753,-0.34803605,1.1268364,-0.19367364,-0.56099975,0.5954769,-0.07365944,-1.223823,-0.54810613,1.6530892,-0.77607536,-0.03351947,0.26636928,0.9816589,0.049312774,0.0071571395,0.025930922,0.05763624,-0.08264053,0.011931171,-0.07506714,0.031965233
P00803,-0.062378194,-0.18789938,-0.09517654,0.13878217,0.47475386,0.23063095,-0.09587617,0.008481416,-0.07596368,0.23758408,-2.2053697,0.5661654,0.85890883,0.14929688,-0.21495901,-0.11423569,-0.078867,-1.1080545,-0.39774126,-0.3508232,-0.5614192,0.10668586,3.2269075,2.0930555,0.07475817,0.2407569,0.010893179,0.03838534,-0.040417533,0.0031000227,0.0038965854,-0.07557415
P01225,-0.027132573,0.12025973,-0.10509005,0.11492572,0.4263376,-0.084305935,-0.09814483,0.007825942,-0.09297206,-0.54851013,-2.508045,-0.060905214,1.3018923,0.16150214,-0.5484161,-0.15707378,-0.07352662,-0.69767183,-0.13168645,-1.2216616,-0.44124806,0.02510973,1.9641958,2.2316608,0.07233975,0.4193898,-0.0019694709,0.07482385,0.04069422,-0.022570198,-0.39785495,-0.17460912
O75795,-0.083174504,-0.031098926,-0.10037186,0.14543718,1.0887879,-0.22932537,-0.10386429,0.0051623364,-0.07099015,-0.33580402,-2.8010943,-0.0938439,2.0967126,0.10376537,0.05740871,0.18933569,-0.09416056,-2.0670636,-1.0156088,1.8144583,-0.8624754,-0.03183237,1.3503925,1.8775932,0.078627676,0.08533587,0.04157903,0.08754962,-0.7849931,0.0010561025,-0.026000014,0.25912797
P0DJD3,-0.07632234,0.3205142,-0.09252756,0.09973356,-0.24594638,0.014496024,-0.042743098,0.004695869,-0.07780781,-0.05820135,-1.81143,0.58788866,0.4349795,0.27827394,-0.7724482,-0.014306948,-0.06984985,-0.437477,0.20734683,0.3991281,0.5385616,0.01716581,2.6539366,2.2528732,0.090005815,0.050162915,-0.005172748,0.09735568,-0.80853915,0.014469349,-0.13903049,0.04953873
Q21921,-0.08067937,0.67733246,-0.05869892,0.13558306,0.2939409,0.05847236,-0.050817896,0.012818799,-0.031859815,0.279865,-2.067599,0.18755232,0.7613359,0.06576821,-0.73247117,-0.2172063,-0.06801757,-0.63281924,0.089106016,1.1049142,0.3224569,0.020482522,0.91516834,1.187317,0.06427032,-0.06498949,0.013647326,0.033187408,-0.7089829,0.026080277,-0.092450246,0.059121363
P09446,-0.11223713,0.48172215,-0.049090836,0.16856197,0.45624515,-0.18234679,-0.06274905,0.002562058,-0.013722637,0.7841787,-2.4795113,0.7410713,0.70644087,0.24904391,-1.5845785,-0.044963155,-0.08254182,-0.5529011,-0.22829628,1.4410374,-0.026473181,-0.0021632365,1.8290939,0.7954651,0.06339945,0.1318019,0.0136863915,-0.01581168,-0.18247591,0.049051173,-0.36002192,0.38067654
P98175,-0.14257963,0.2158289,-0.058846053,0.18214996,0.4671618,0.027994722,-0.044312876,0.012885516,-0.007625077,0.10612557,-2.5129976,0.17296414,1.9112605,0.19307697,-1.878779,-0.10525755,-0.10053147,-0.46480194,-0.21501905,1.5604733,-0.62532336,-0.029309973,1.9670902,-0.13207114,0.07665309,0.1128946,0.031307176,0.050869387,-0.88719636,0.04585053,-0.42086843,0.1364584
P25788,-0.15116805,-0.0013527088,-0.058135908,0.18955533,-0.061223745,0.12225697,-0.032477878,0.008346535,-0.00896046,0.41811448,-1.9953964,0.15893656,0.9852925,0.11270323,-1.4800022,0.28753695,-0.09683137,0.22092003,0.08277273,1.1660304,-0.42785686,0.016665148,2.3223968,0.23945756,0.086488076,0.057525575,0.00400388,0.03336381,-0.83584523,0.058371406,-0.08615409,0.03595104
O75815,-0.06647642,-0.20374985,-0.09858184,0.12361695,0.68058217,-0.015932152,-0.082657106,0.021054499,-0.0750543,-0.6340809,-2.1828341,0.2779122,2.0789523,0.30210194,-0.23269145,-1.0826108,-0.08082819,-1.1993812,-0.21813834,-0.58097905,-0.1729315,0.011833211,1.9581989,1.2153774,0.082758486,0.3120416,0.029830817,0.10041116,-0.8771278,-0.014014947,-0.18742613,-0.076165654
P25539,-0.099784374,0.6884931,-0.028161729,0.18215041,0.17803536,0.1869091,-0.042892657,0.019563433,0.016800145,1.0194874,-2.2220454,0.00029200315,0.59821284,-0.11619137,-2.0139241,0.49773532,-0.08213978,-0.040329874,-0.2824763,1.090818,-1.1955768,0.020662384,1.5180507,-0.48428035,0.03493168,0.34435663,0.019064564,0.0055200495,0.43727657,0.033370264,-0.34235424,0.024826363
Q8WYB5,-0.058274798,0.6564538,-0.082683936,0.13004503,0.19473168,-0.062030494,-0.060412705,0.0013264335,-0.05956207,-0.0094970465,-2.5406854,-0.019150287,1.0033184,0.014618823,-1.5429368,0.75680476,-0.07651551,-0.23968706,0.005014616,0.5581301,-0.1762615,-0.06182032,1.0751457,1.0906156,0.068471104,-0.031254712,0.0002814062,0.08495982,0.49043375,0.009206245,-0.5995809,0.046008207
Q06449,0.0052658417,0.2513361,-0.058240455,0.048649535,0.3390803,-0.16778423,-0.057121426,0.0056036287,-0.059783727,-0.5145485,-1.0541489,0.40949765,0.28966936,0.22252251,-0.052938167,-0.07377045,-0.03048627,-0.29546556,0.09217533,-0.4321513,0.7737568,0.0066843308,0.3367258,1.6521779,0.044039663,-0.017346958,-0.007855018,-0.0028341012,0.06647738,-0.0080586905,-0.17123024,0.23054236
O02372,-0.018433183,0.5148061,-0.08254091,0.108229496,0.91986996,-0.1956795,-0.085551634,0.007071967,-0.07501438,-0.40678534,-2.3619742,0.38039154,0.6520711,0.029692395,-0.35653695,0.3854481,-0.05612742,-0.87229276,-0.22286288,0.5650158,0.48092842,-0.02213026,0.0914844,1.759017,0.06140049,-0.01847092,3.145635e-05,0.046706695,0.30798382,-0.009796162,-0.27494502,0.40612358
P42834,-0.085802175,-0.5604828,-0.12205855,0.1879687,-0.06704861,0.061977677,-0.10850306,0.0026640547,-0.09569602,0.55428857,-2.7469249,-0.2462224,0.9280292,0.17507884,-0.7972028,0.12356287,-0.10401979,-0.35134104,-0.09051633,-1.1224341,-0.8228052,0.07524258,3.7592049,2.740746,0.0974789,0.4610101,-0.01696613,0.097807646,0.27477437,-0.0006343499,-0.12011145,-0.28712907
P08237,-0.079793476,0.13457224,-0.05193645,0.13058192,0.4567997,-0.056369793,-0.046150748,0.010397164,-0.021760553,-0.194575,-1.8113458,0.087006226,1.161689,-0.0674205,-0.87590265,0.22277701,-0.06883299,-0.5908133,-0.3725229,0.77856195,-0.5063356,-0.0444359,1.2844855,0.26921675,0.051060922,0.19505204,0.017233262,0.055724163,-0.50344455,0.018384397,-0.004505298,0.27355522
Q9URB4,-0.05006808,-0.08079811,-0.09313085,0.123664424,0.7930256,-0.14850816,-0.09537468,0.0125535065,-0.077437125,-0.5660261,-2.3191545,0.66433746,1.237897,0.31610748,-0.86287075,-0.22503789,-0.07611787,-0.7370706,-0.3324523,-0.33865663,-0.048516095,0.02889666,2.2767067,1.7903384,0.072817385,0.48692623,0.007393732,0.048680298,-0.12100899,-0.009147589,-0.39322683,0.37309837
Q05086,-0.024247391,0.5571084,-0.115947805,0.14494394,0.44289848,-0.20268054,-0.12676562,-0.012333978,-0.106759936,1.2864244,-3.3092918,0.034699734,0.518112,0.16042121,-0.45373008,0.415413,-0.08101666,-1.577805,-0.47452092,0.39083242,-0.44259724,-0.005538425,1.5768585,3.0906322,0.0724836,-0.15045798,0.0037840568,0.06997933,1.5433264,-0.010946184,-0.5322601,-0.19087732
O14788,-0.06553308,-0.23930581,-0.07566834,0.13299254,0.8136198,-0.16500054,-0.07050065,0.007668964,-0.053192843,-0.20852534,-1.9135617,0.4699905,0.84941494,0.100414254,-0.37766436,0.30134684,-0.07185553,-0.87580675,-0.6869192,0.6662043,-0.6289505,-0.015200879,1.6828957,0.94069505,0.06569223,0.26132286,0.010668701,0.054521844,-0.09736225,0.0033155666,-0.03891041,0.4162094
Q6ZNA4,-0.04361914,0.41136894,-0.118001044,0.12334473,0.35826048,-0.05279248,-0.08936637,-0.007412365,-0.10613193,0.022867173,-2.3173401,0.25546768,0.77263117,-0.070803314,-0.001245141,0.51934654,-0.07793215,-1.1154665,-0.43385538,0.18295835,-0.48031512,-0.044226613,2.045612,2.1462553,0.086015165,-0.11741569,0.006608458,0.12438669,0.4130338,-0.0067665223,-0.23131771,0.01390781
P12530,-0.09445226,-0.38976997,-0.059136678,0.14717554,0.0040812283,0.04223173,-0.030982165,0.022043942,-0.02722837,0.1575371,-1.427192,0.30665943,0.62872756,0.09688992,-0.49938896,-0.47709352,-0.072783165,-0.14770114,0.04058941,-0.23412538,-0.12512389,-0.012553303,2.1495368,0.08988396,0.072455525,0.034455758,0.0034885984,0.07956789,-0.58755016,0.015678683,0.15516475,0.049880225
P14921,-0.059882067,0.3910575,-0.087765366,0.1242067,0.64570946,-0.116339274,-0.07625146,0.008537931,-0.06689887,-0.20111313,-2.2400084,0.33846885,1.1949545,0.032366224,-0.58061844,0.11550931,-0.0767393,-1.1705984,-0.63067126,0.6349596,-0.70978284,-0.030342853,1.7457567,1.2490159,0.06578723,0.36466834,0.024143545,0.09680254,-0.19404535,-0.005828179,-0.2283693,0.23047715
P0A7W7,-0.039942134,0.18188956,-0.10132462,0.11159081,-0.390824,-0.036516972,-0.1021682,-0.005330996,-0.08904733,0.30785054,-2.1690638,-0.28378835,1.0344785,0.0636328,-0.28464487,-0.08955934,-0.07739801,-0.7899265,-0.10468227,-1.4054116,-0.621686,0.02746041,3.1314104,2.8818238,0.06503827,0.31563923,0.00068265945,0.06964316,0.13529606,-0.0054559237,-0.13166866,-0.4018229
O75570,-0.010838961,0.16406676,-0.09661679,0.10022383,0.79509413,-0.12245618,-0.112237066,0.010585687,-0.09062435,-0.060290396,-2.8958135,0.15605503,1.134792,0.40638393,0.0192758,-0.26238397,-0.06231554,-1.5041523,-0.05589486,0.115169644,0.68582296,0.068351924,0.45457774,2.957399,0.071154,-0.2205452,0.005551424,0.008646331,0.17828733,-0.016881721,-0.32562226,-0.13651416
P99029,-0.12542918,-0.09871638,-0.029698104,0.12072791,-0.7794862,-0.13656127,-0.018954718,-0.005116529,-0.0012813646,0.51243496,-0.7526927,0.6248801,-0.25074965,0.59674853,-0.80343634,-0.8141445,-0.061221242,0.8408374,0.7468835,0.035206422,1.0032265,0.09784278,3.060517,1.926811,0.07737997,-0.07890469,-0.027679583,-0.105939195,-1.7181557,0.0815071,0.055557936,0.042729184
P09104,-0.09024806,-0.48597926,-0.06129841,0.14722468,0.381334,-0.11622511,-0.053886663,0.012956059,-0.028409198,0.014042777,-1.9675592,0.032631326,1.2722054,0.18471439,-0.9625853,-0.07275049,-0.078248,-0.47697154,-0.22988924,0.4552126,-0.25688416,-0.03342293,1.7650898,0.52913016,0.06472642,0.065675095,0.009421332,0.057216883,-0.38077587,0.017087564,-0.05551348,0.22479233
P42227,-0.05351023,0.15255328,-0.085781485,0.1147794,0.54612297,-0.10584254,-0.07602359,0.0037283285,-0.06863977,-0.23613733,-2.042387,0.28136432,1.096041,0.091778934,-0.41221866,0.1340788,-0.069853865,-0.95157117,-0.3822528,0.43377507,-0.19104162,-0.019445593,1.5741364,1.5685335,0.06783392,0.12437814,0.012864978,0.071343474,-0.18091017,0.001005819,-0.15254685,0.21992189
P00326,-0.144533,-0.26599836,-0.057155043,0.15920313,-0.23967977,0.09458756,0.0077599515,0.02974587,-0.016931461,0.1499286,-1.4285727,0.97750616,0.20400436,0.4547588,-1.5115765,-0.43203223,-0.08230477,0.6303193,0.5483832,0.843527,0.7728918,0.02227158,2.4628053,-0.09379781,0.10310021,-0.019403463,-0.009334591,0.07451268,-1.2099873,0.042389438,-0.10315982,0.23622632
O15360,-0.08873075,0.35583386,-0.08534816,0.1391804,0.13139531,0.024987526,-0.079499945,0.002211106,-0.051603228,0.29149282,-2.5808115,-0.088594936,1.7513695,0.14617866,-1.089831,0.42476696,-0.09566694,-1.065019,-0.42826712,1.0550579,-0.8454482,-0.017847016,2.2917287,1.3805336,0.07067396,-0.076090716,0.03185649,0.063039005,-0.03560074,0.01951212,-0.43866354,-0.13778901
P01721,-0.0829932,-0.4849708,-0.061850328,0.13157912,0.2964859,0.115920186,-0.05579163,0.023339452,-0.03346829,-0.3413362,-1.6469035,0.43178356,1.2022573,0.1433982,-1.5335014,0.20867893,-0.07640565,-0.1335217,-0.2443153,-0.029791772,-0.29447967,0.034070008,2.7911844,0.60152704,0.055254124,0.66256535,0.009184018,0.066310816,-0.32951564,0.005512629,-0.021750957,0.43906724
Q5JFD7,-0.059020787,0.19780917,-0.054258257,0.11660778,0.753346,-0.02029789,-0.06599842,0.010905869,-0.029252699,0.04098689,-1.4840779,0.34362087,1.1436696,-0.020554485,-0.21894903,-0.207013,-0.06420905,-1.2494389,-0.89615315,0.5954916,-1.2342976,0.000803488,1.7092298,0.38699904,0.038670752,0.4518154,0.038609754,0.035501104,-0.30987468,0.0033048664,0.02061221,0.21467774
P11574,-0.06130388,-0.52396065,-0.088858195,0.14036947,1.0405344,-0.14504339,-0.09967624,0.009280946,-0.06287182,-0.67214257,-2.7574244,-0.0034710467,2.1212986,0.34723434,-0.672439,-0.40087935,-0.08163348,-1.0386719,-0.30929393,-0.25314012,-0.27234647,0.015192955,1.5405793,1.5020785,0.07479951,0.11542706,0.012740862,0.0253259,-0.39123255,-0.00012558978,-0.35136053,0.045682922
O14544,-0.04176024,-0.1847185,-0.10050976,0.120166875,0.65113,-0.036379192,-0.09542871,-0.00021290313,-0.087350786,-0.8217574,-2.05571,0.19143713,0.9580954,0.035112534,-0.06213975,0.46076337,-0.071634024,-0.59397393,-0.38373664,-0.55771464,-0.5176534,0.045007367,2.2403996,2.262384,0.076612376,0.29976213,-0.008566243,0.039327923,-0.23409443,-0.0037273683,-0.07376995,0.15636292
P32189,-0.104741916,0.3886481,-0.050013933,0.15360396,0.7958172,-0.050933443,-0.06558485,0.018451836,-0.009682155,-0.37309,-2.2248645,0.55058146,1.6217991,-0.07647549,-1.3795751,0.43233553,-0.08917983,-0.896121,-0.87699896,1.3650477,-1.1905087,-0.02304935,2.1156256,-0.14975092,0.047557324,0.6044984,0.041462105,0.035573844,-0.57222366,0.022740405,-0.19161454,0.55980355
P06744,-0.048899468,0.26272282,-0.08836083,0.12618989,0.94288284,-0.12924847,-0.1000222,0.0069162413,-0.07059776,-0.41615018,-2.3829386,0.7024485,1.2009223,0.019022182,-0.30997738,0.3413604,-0.07661111,-1.2620907,-0.7289187,0.4132406,-0.49680424,-0.009988481,1.7747176,1.3512837,0.06492234,0.22648148,0.022632217,0.046127267,0.1663959,-0.002800412,-0.23465078,0.41306645
P01859,-0.13464776,0.534703,-0.060107805,0.15065566,0.78662336,0.12700623,-0.0055809375,0.036123227,-0.014894472,-0.2312559,-1.8461537,1.0661461,1.3865908,0.3744032,-1.7496548,-0.49675077,-0.087179214,-0.51635003,-0.25097466,2.4179702,-0.14974928,-0.015526988,1.2622205,-1.0019884,0.08708626,0.2530412,0.04497015,0.106513776,-1.2256451,0.023753878,-0.50523067,0.40822792
Q9KKF0,-0.07657896,0.1100497,-0.09793653,0.1386989,0.5495838,-0.14292882,-0.081503324,-0.0019388627,-0.07468929,0.06525992,-2.1936755,0.34252158,1.3814032,-0.018854987,-0.9508792,0.32694608,-0.08696154,-1.1814594,-0.8084651,0.78930783,-0.8948185,-0.08113341,2.724072,1.2649791,0.06856196,0.38989788,0.027113128,0.14136964,0.10215254,-2.1129754e-05,-0.22265896,0.44230133
O75914,-0.09504396,-0.22828245,-0.044605315,0.13171759,0.013321409,-0.11835046,-0.04008513,0.007802971,-0.0099282265,0.04258295,-1.5008734,0.15640564,1.2058896,0.12486587,-1.5776286,0.19165324,-0.07631035,-0.034245536,-0.29974017,0.2832747,-0.6693443,-0.05499598,2.4402053,0.011091597,0.047814917,0.34321624,0.013360504,0.043411814,-0.22519904,0.02698967,-0.19285466,0.31433865
A5D8V6,-0.09558369,-0.07781575,-0.1006724,0.162576,-0.0021289499,0.0053815963,-0.08073716,0.008778134,-0.07120935,-0.13073806,-2.3867936,0.17382382,1.0976541,0.103776515,-0.5900625,0.016079938,-0.09632399,-0.35796058,-0.033869673,-0.51865375,-0.41162124,0.024207575,3.0317516,1.7384434,0.09485641,0.1994708,-0.0016883224,0.0781397,-0.47801298,0.013836239,-0.12728441,-0.08763885
F1LQ48,-0.005207453,0.6008581,-0.098608136,0.09405182,0.5373606,-0.17414537,-0.10705762,0.0065035466,-0.092383176,-0.3162701,-2.2391593,0.09523442,1.1312665,-0.13849065,0.14467445,0.3351736,-0.06701419,-1.4568716,-0.68042237,-0.23762971,-0.615625,-0.04743901,1.2742883,1.9215441,0.05180455,0.22775716,0.02380525,0.0995503,0.5536045,-0.032020383,-0.2146806,0.13507773
Q13064,-0.06371438,0.31135273,-0.03258608,0.119594395,1.3523105,0.10245371,-0.038706508,0.005592051,-0.0052871965,0.012453243,-0.9810716,0.27881324,0.5830039,-0.0638957,0.37713355,0.18720794,-0.043923896,-1.0056437,-0.8322427,2.1769803,-0.9346865,0.053749636,-0.5705355,-0.054486237,0.040804587,0.10317683,0.028663205,-0.039392244,-0.6930929,0.027399503,0.2522218,0.26652038
O15389,0.019751748,-0.42404127,-0.12922525,0.11885112,1.6332445,-0.20656759,-0.14541964,0.011913021,-0.12877817,-0.5604737,-3.2767963,0.27658048,1.4228362,0.46581268,0.23367357,-0.43738827,-0.06706726,-1.6747384,-0.4891498,-1.1125573,-0.12346944,0.07098504,0.6516856,2.8209007,0.081720114,0.16133821,-0.0007504861,0.042191137,0.93171936,-0.054250315,-0.566515,-0.09524274
O95833,-0.10912606,0.18954149,-0.08444581,0.15408057,0.845876,0.20676686,-0.061190777,0.031535115,-0.0465876,-0.59754777,-2.476755,0.5734193,1.9691386,0.1629321,-0.9536738,-0.49569798,-0.09328646,-1.1551843,-0.36533502,0.9796336,-0.42525178,0.03996567,2.129321,0.49690738,0.084635615,0.3878579,0.040741347,0.09963723,-1.2909518,0.0066168467,-0.16773927,0.14644203
O15055,-0.10518764,0.5163682,-0.088686876,0.16269699,0.25482008,-0.24174416,-0.04808639,0.01152278,-0.050262306,-0.11579111,-2.6560805,0.13560551,1.5120802,0.08844702,-1.6986482,0.24722725,-0.1003962,-0.4378479,-0.32091767,0.9459822,-0.78976583,-0.13199271,1.7657558,0.08448133,0.085270196,0.16812658,0.021225058,0.15027985,-0.113375366,0.009194054,-0.67056465,0.18066846
P07327,-0.13992599,-0.3728819,-0.058595505,0.15462685,-0.2288287,0.023605654,0.0022657693,0.024737237,-0.019836882,0.06730153,-1.3749286,0.8803612,0.33220047,0.4012433,-1.443143,-0.3320786,-0.08178997,0.5485865,0.4007567,0.67255986,0.5528672,-0.0004291492,2.6053557,-0.049603395,0.09838564,0.06467186,-0.008662974,0.08146946,-1.1365963,0.039692484,-0.05827653,0.284412
P19221,-0.00023514265,0.17128891,-0.124265306,0.13416155,0.8344981,-0.19126458,-0.123983376,0.015963215,-0.11545852,-0.6522367,-3.1657436,-0.37356642,1.4895862,0.13489717,-0.16511786,-0.25185844,-0.07665736,-0.8498997,-0.013852071,-1.5358977,-0.12776543,0.004682501,0.40041265,2.3188589,0.08221651,0.23736234,-0.0067020743,0.09847233,0.6290532,-0.04781035,-0.5514291,-0.2729724
O61667,-0.02460599,0.45036557,-0.11982801,0.107996896,0.5697102,-0.02112711,-0.12648721,-0.006210549,-0.109934725,-0.3699619,-2.3770418,0.080588736,1.5302646,-0.1184074,0.4107715,0.64719707,-0.08089211,-1.5488772,-0.6981481,-0.009575737,-0.7087071,-0.0074560223,1.8709838,2.5552816,0.07249468,0.003036375,0.025287597,0.08043693,0.45442003,-0.01497265,-0.20720695,0.007887448
P29055,-0.03836317,0.6374213,-0.09545794,0.17178476,-0.34247324,0.0042927656,-0.13653336,-0.0496175,-0.10142689,0.8559606,-2.9581916,0.055164076,0.09537799,-0.15890025,-1.5639997,1.1823235,-0.112372786,-0.37060595,0.076614834,0.08450727,-0.60267437,-0.029992538,2.9033918,2.3143075,0.05254927,0.34664547,-0.02023362,0.10447753,0.8658675,-0.106346264,-0.40630972,-0.012731463
G1FNI6,-0.07664633,-0.1362561,-0.04956348,0.11796844,1.1313604,-0.07889197,-0.05534853,0.009517479,-0.023406738,-0.3262464,-1.3136531,0.54059285,1.0959896,0.16410118,0.39208564,-0.49347615,-0.05685841,-1.22367,-0.68725175,1.2199861,-0.44949007,0.036095724,0.7608827,0.53999126,0.057656784,0.1620044,0.028850965,-0.015049758,-1.1868718,0.022292333,0.24985439,0.31329164
Q13596,-0.05750963,0.1570241,-0.08862942,0.13223125,0.6971026,0.022663703,-0.0967862,0.011391974,-0.06658772,-0.5468065,-2.347243,0.10720265,1.3711821,0.07512231,-0.15008922,0.24229856,-0.07861208,-0.8746484,-0.31644776,0.20992516,-0.32225764,0.062276896,1.3429476,1.858575,0.0733374,0.20458524,0.011759828,0.020153439,-0.41922078,0.0026392096,-0.108845234,0.0472369
P19447,-0.08379957,0.22995749,-0.105359286,0.15635791,0.9046514,-0.115089245,-0.119983025,0.0022439875,-0.070784256,-0.23028755,-3.2838755,-0.16763,2.6862636,0.081184335,-0.86156535,0.26381317,-0.10767755,-1.8898057,-0.96509075,1.0416366,-1.3739963,-0.035872217,2.2248554,1.6230907,0.07205225,0.24268764,0.04960649,0.0856337,-0.16536242,0.001616059,-0.4652506,0.04051781
F8WQK8,0.0058407085,0.25962394,-0.12652539,0.11216371,1.6123054,-0.12667546,-0.14791046,0.0039064167,-0.11783621,-0.5263535,-2.7079837,-0.05962579,2.3158154,-0.10837886,0.49732712,0.27871132,-0.07905708,-2.4609253,-1.3358947,0.47206712,-1.2188542,-0.060862295,0.6941041,1.8216445,0.05723346,0.14037311,0.054612733,0.12941758,0.99487597,-0.05180299,-0.39306545,0.24405038
P15151,-0.046456166,0.28805944,-0.09299652,0.14173065,1.2301878,0.027214358,-0.09475751,0.024397032,-0.068852164,0.21320522,-2.847243,0.2630353,1.6947596,0.16587214,-0.6953533,-0.19670358,-0.081898436,-1.8606275,-0.7807485,1.252432,-0.6477937,-0.0053792372,0.8428609,0.92685306,0.062184513,0.16287902,0.04632298,0.11053978,0.4207352,-0.026183695,-0.42175373,0.14556725
P07998,-0.17900361,-0.3667532,-0.05448883,0.19063047,0.30854273,0.35230047,0.041058294,0.048882294,0.001274649,-0.19624971,-1.4146138,1.5030164,0.58353895,0.5861967,-1.9160078,-0.6714995,-0.09165181,1.0079019,0.8291116,1.8144591,1.3301022,0.0076051103,1.5511763,-1.9954746,0.12923154,-0.579316,0.003667021,0.09190661,-1.3365887,0.054369804,-0.40469414,0.36683917
O60504,-0.098342635,0.55836254,-0.070574656,0.16847214,0.2501684,0.009550383,-0.07501695,0.0021913527,-0.037381895,0.3124319,-2.652503,0.18914759,0.6686637,0.042587806,-1.5626783,0.82640666,-0.08989922,-0.2326107,-0.2750896,0.9323162,-0.7940158,0.057113934,2.292528,1.6159699,0.06805046,0.4593978,-0.0014594138,0.0045533264,-0.12655506,0.033440568,-0.325775,0.12331589
P38936,-0.0638314,0.13203444,-0.088344395,0.13446248,0.66756713,-0.104660355,-0.07654137,0.012536046,-0.06611895,-0.118174784,-2.4442654,0.3587091,1.1369516,0.1506357,-0.6690651,0.10097621,-0.07871726,-1.0332553,-0.39999557,0.7103093,-0.20409551,-0.018019343,1.5130433,1.3221688,0.074151084,0.10951214,0.015703177,0.08459928,-0.08426902,-0.0024938805,-0.2525471,0.23278448
P16687,-0.084641896,0.6145943,-0.082752734,0.15536775,0.5532422,0.060687955,-0.053551096,0.013597139,-0.05218197,1.038284,-2.6241047,0.3022597,1.2686228,0.13888815,-1.7784394,-0.51002765,-0.08442372,-1.3980665,-0.49423942,1.4608984,-0.67694336,-0.06681264,2.0596254,0.52918,0.062228624,0.2305702,0.04213671,0.16819268,0.24193163,-0.00192549,-0.52348083,0.10332731
A0A0B5LB55,-0.080175966,0.12970391,-0.10126628,0.124305084,0.21050659,-0.26291054,-0.10543219,-0.0018558998,-0.07348629,-0.70674473,-2.461643,-0.23616989,2.2624614,-0.055509128,-0.19740443,0.19990394,-0.10000861,-1.5351136,-0.8961159,0.017017245,-1.4340956,-0.06574239,3.2646294,2.004495,0.06926365,0.39780715,0.036892455,0.09922236,-0.8711912,0.0014293775,-0.10491985,0.070270166
P42566,-0.049479052,-0.13855903,-0.09970808,0.121132046,0.43767357,0.05790166,-0.0961436,0.01670256,-0.08202037,-0.10682828,-2.5564604,0.14072724,1.6460775,0.37886393,-0.7173907,-0.5475555,-0.0789526,-1.0479172,0.01209861,-0.38119325,0.274432,0.054604936,2.03457,2.2034776,0.07685436,0.12391921,0.014648837,0.070196785,-0.16199385,-0.012049477,-0.32351425,-0.12182251
P39099,-0.019991538,0.45522085,-0.0726256,0.079254515,0.3973253,0.049634505,-0.0890887,-0.0037127302,-0.0677489,0.2634056,-1.7121464,0.48616683,0.45135584,0.22719263,0.08062255,-0.10808849,-0.049164604,-1.1406962,-0.29409245,0.009095947,-0.09037324,0.10408145,1.7505883,2.6373122,0.050001945,0.13020799,0.008816369,-0.03390035,-0.013724953,0.006571746,-0.10524621,-0.098514736
O15151,-0.06893795,-0.02097854,-0.11797581,0.14528188,0.31666955,0.04887569,-0.055667143,0.02194144,-0.09779931,-0.44417265,-2.6842868,0.51543206,0.98217726,0.4135575,-1.1768658,-0.3180838,-0.083084784,0.05061464,0.69441587,-0.43042794,1.1277093,-0.0037023954,1.3136462,1.3785357,0.118951656,-0.23531306,-0.017699208,0.13670053,-0.035283428,-0.0077380785,-0.61135685,-0.074748866
O53664,-0.07076448,-0.573801,-0.13632962,0.16208774,1.0908991,-0.054106474,-0.13200644,0.0469758,-0.10304331,-0.9852985,-3.0037196,0.39794877,3.0542803,0.20911618,0.814332,-1.7661148,-0.11807774,-2.5674467,-1.196805,-1.7975543,-2.038152,0.011568267,3.6930652,0.74140763,0.09595868,0.7762258,0.07074766,0.18317014,-0.88691837,-0.062749416,-0.13064285,-0.33550483
P0A937,-0.025303122,0.6009431,-0.09690421,0.11896543,0.9476775,-0.15341465,-0.08954977,-0.006977597,-0.08467399,-0.56965435,-2.2449052,-0.17033675,0.8608354,-0.35364062,0.3170525,1.3355789,-0.06479854,-1.0607003,-0.67350465,1.131833,-0.5703849,-0.067135565,-0.22478028,1.6217383,0.06619023,-0.11206619,0.005413082,0.082995854,0.3955519,-0.0070282444,-0.053913858,0.29849657
O88622,-0.09961637,-0.29263878,-0.06181986,0.16578908,1.4622619,-0.21175528,-0.08501045,0.043351956,-0.016831825,-0.53890306,-3.585627,0.1597095,2.7995613,0.5042946,-1.7243942,-0.4815568,-0.09925451,-1.6919905,-0.6188954,1.8871648,-0.19805536,-0.004575339,0.5819434,0.24963486,0.06326351,0.28055638,0.050779395,0.045492418,-0.8282409,-0.003604491,-0.49304676,0.39273757
P63208,-0.061215293,0.34088895,-0.085374735,0.12681162,0.67049515,-0.09074612,-0.080934845,0.0019828964,-0.066921525,-0.02833029,-2.213397,0.33833498,0.90341437,0.064431675,0.016414128,0.013044994,-0.07066514,-1.2351929,-0.4053099,0.85845953,-0.113589264,0.0051005483,1.3264191,1.8449509,0.07331896,-0.04259493,0.01476083,0.047663856,-0.42656928,0.010445255,-0.040028635,0.15919994
O00212,-0.046261337,-0.29628786,-0.098179236,0.13465318,0.6225549,-0.14794396,-0.098078705,0.017763626,-0.07900826,-0.8716374,-2.472879,0.12499248,1.330242,0.21680073,-0.3536118,-0.056864347,-0.08077336,-0.47943908,-0.1598098,-1.0350529,-0.26734996,0.03627801,1.7649809,1.7522539,0.081060596,0.3586049,-0.005224083,0.045899153,-0.19982722,-0.015975524,-0.26697153,0.044421304
O00499,-0.06350555,-0.10972111,-0.099520676,0.15165785,1.1038964,-0.13786322,-0.10334861,0.009987631,-0.07238032,-0.2968463,-2.9338377,-0.08530101,1.8535008,0.19366954,-0.14561434,0.13865903,-0.08793093,-1.4529368,-0.5313806,0.9939003,-0.36455306,-0.0055263946,0.60327107,1.5694826,0.08313038,-0.16125114,0.022739846,0.056438375,-0.101092935,-0.00297457,-0.271044,0.054958265
P02091,-0.095395826,-0.058701843,-0.053968746,0.13706906,0.117011696,-0.07007975,-0.062492754,0.007615482,-0.018563949,0.30301735,-2.0251093,0.093210004,1.4865137,0.24863267,-1.5061945,-0.07285662,-0.08405777,-0.59701973,-0.41476992,0.4362868,-0.8925834,0.0006912425,2.7393475,0.76999396,0.050205868,0.40039477,0.0241369,0.021943877,-0.3353195,0.025095878,-0.28868508,0.07976386
Q8WWY3,-0.028414791,0.29731473,-0.09400315,0.09960067,0.71144915,-0.27390662,-0.08302693,0.0012346813,-0.08518253,-0.60412,-2.1051033,0.2919764,0.9849217,0.08308005,-0.09817966,0.26481327,-0.062435776,-0.91194254,-0.31427857,0.30281186,0.19724262,-0.05434835,0.65532476,1.7905664,0.07159091,-0.01085987,0.004450674,0.07446036,0.031102851,-0.009957703,-0.25643745,0.32040402
P08244,-0.088568985,-0.19420235,-0.05949841,0.14388956,0.6469991,0.07934449,-0.052933086,0.034577586,-0.02277597,-0.45122337,-2.0352194,0.21823497,1.4216789,0.13323843,-0.41811144,-0.110347696,-0.08116179,-0.8258992,-0.35015857,0.8644845,-0.39686236,0.026793292,1.2336407,0.13871336,0.06790007,0.04198137,0.027371556,0.045634616,-0.8472216,0.0061344528,0.023199717,0.12983884
P44324,-0.009100098,-0.74416244,-0.11648029,0.0641706,1.3592604,-0.2942447,-0.11510699,-0.0024445648,-0.12165254,-1.464544,-1.5012591,0.7898691,1.2847174,0.3837517,1.7551739,-0.91979086,-0.051104635,-1.9208544,-0.7874228,-0.8349775,0.027180195,0.05742751,2.1832075,3.201282,0.08519772,0.19704197,0.00992166,0.028861208,-1.2192678,-0.02556901,0.23863089,0.32240072
P09616,-0.07054628,-0.39837223,-0.040991887,0.12354722,0.89306045,-0.12503688,-0.03518983,0.009960381,-0.010316443,-0.4399891,-1.0888095,0.1911388,1.0109943,0.05075776,-0.30345282,0.12335082,-0.058020577,-0.40192497,-0.6460917,0.7648434,-0.9115484,-0.04036578,0.6839005,-0.55605054,0.04850703,0.13322484,0.015956875,0.0148481615,-0.40561506,0.01629649,0.029336348,0.36172107
O70624,-0.08280611,0.15198919,-0.09359174,0.13042973,0.42890632,-0.26113227,-0.08247345,-0.004463407,-0.06785561,-0.076090366,-2.2837725,0.03509781,1.5379649,0.25353658,-0.2790933,-0.055444416,-0.085445195,-1.1146528,-0.43498075,0.8643188,-0.44433576,-0.03071818,1.6132442,1.8567265,0.08362686,0.03424299,0.019756667,0.05809116,-0.6032153,0.016156737,-0.24802023,0.029411543
O73790,-0.042971563,0.30417353,-0.12317703,0.13981113,0.28292313,0.032016188,-0.069883294,0.019187912,-0.10260077,-0.020525742,-2.9069607,-0.3021583,1.1927286,0.23484369,-0.8000496,0.19338289,-0.086255915,-0.54777503,0.22928433,0.116900586,0.06257137,-0.032682657,0.48370442,1.5067596,0.10219147,-0.30368465,-0.0004975237,0.16309728,0.61447823,-0.028076926,-0.6766264,-0.40171337
P14069,-0.00788141,-0.47955078,-0.12008105,0.13069685,1.5783749,-0.1587917,-0.14666744,0.030078877,-0.09992967,-1.1879114,-3.376906,-0.6232501,3.3926713,0.502304,-0.37454095,-1.1003087,-0.08685017,-1.5544341,-0.36274123,-1.4238112,-0.5554167,0.045715928,-0.017022043,1.7005523,0.07361954,0.528183,0.03313679,0.06762134,0.12525737,-0.06029164,-0.73549116,-0.3696859
A7KAX9,-0.13538145,-0.2831046,-0.073323295,0.15710676,0.4411715,-0.076804005,-0.038529593,0.006995052,-0.031541962,0.079813644,-1.8766264,0.45096722,1.3346177,0.4832642,-0.98468035,-0.26041323,-0.09162656,-0.49614096,-0.28763026,1.575638,-0.46109724,0.012433469,2.1508465,0.6332076,0.09574276,0.066734,0.018244028,0.040589005,-1.1468122,0.040962458,-0.24643406,0.115310885
O95835,-0.080112584,-0.04512447,-0.059078936,0.1226352,0.011657,-0.13285615,-0.03937529,0.0024505574,-0.03418342,0.1636246,-1.5173229,0.27346072,0.5340819,0.16777492,-0.7285909,0.048710037,-0.06627179,-0.17702037,-0.053383525,0.3505862,-0.06637931,-0.030396199,1.8233943,0.8603272,0.06622483,-0.03131676,-0.002040987,0.03868173,-0.34642038,0.026283382,-0.08317316,0.14748555
P62081,-0.09150607,0.28246692,-0.07772262,0.14773804,0.23369145,0.019454166,-0.069452435,0.0074653924,-0.04711382,0.19793849,-2.4629698,0.10170798,1.3529196,0.14270929,-0.91931725,-0.23514213,-0.08453269,-0.81406635,-0.06962354,0.4978154,-0.17114349,0.007259192,2.0590198,1.4120272,0.074492685,0.030094732,0.01649135,0.055344228,-0.57595694,0.022678852,-0.20917754,-0.06705328
O46043,-0.07026747,0.2832155,-0.07132382,0.1355872,0.570634,-0.13468572,-0.06531742,0.012484872,-0.044809606,0.0142355375,-2.4297931,0.29788154,1.2040608,0.18225431,-1.2879837,0.09373451,-0.07672615,-0.7151452,-0.29688725,0.746048,-0.2596835,-0.028265446,1.2609353,0.82046944,0.06299731,0.24664071,0.015765104,0.06341693,0.0014746923,0.0059947222,-0.4022291,0.22489682
P01258,-0.043699395,0.11160863,-0.09137684,0.11287932,0.935559,-0.09541679,-0.071450815,0.013503528,-0.07559491,-0.6101635,-2.2120636,0.4449634,1.2364908,0.20871414,-0.38601723,-0.17868972,-0.06621817,-0.97878826,-0.26217687,0.39674535,0.13885641,-0.015563495,0.83816,1.240942,0.07697613,0.039974518,0.012721931,0.0815564,-0.25172982,-0.011119672,-0.30588147,0.22340165
O14879,-0.10032052,0.0039346293,-0.06998508,0.12913878,0.13440531,0.04127525,-0.034060903,0.0070777796,-0.039341755,-0.080532774,-1.6000397,0.31711146,0.9480115,0.17290306,-0.72830796,0.092714354,-0.07560511,-0.34833372,-0.062059455,0.9853075,-0.06513755,-0.011453682,1.8941094,0.779981,0.0809092,-0.103836365,0.009550404,0.064627595,-0.8144364,0.030001849,-0.06982923,0.11264259
I1WVY3,-0.09201767,-0.116119705,-0.06959196,0.14575414,0.2889791,-0.31388518,-0.06357848,-0.0055105328,-0.038107056,-0.8907644,-2.3453531,-0.1900331,1.7713364,0.14562063,-1.2884201,0.17755656,-0.07996949,0.3555372,0.41452637,-0.22391267,0.5958795,-0.084721446,0.9244599,0.9418071,0.081566125,-0.18929231,-0.015138727,0.01401158,-0.64825773,0.040369775,-0.3904291,0.22466378
P42858,-0.070184775,-0.058795806,-0.09685453,0.13945417,0.39608485,-0.14575662,-0.0910553,2.6186712e-05,-0.07227493,-0.18678738,-2.4406095,-0.15475379,1.5681795,0.108526714,-0.2517931,0.25134066,-0.08550406,-0.87724924,-0.20821744,0.35758498,-0.1088944,-0.032368455,1.3478514,1.7783929,0.08313771,-0.18739936,0.00983154,0.06544166,-0.14889646,0.010102348,-0.17365251,0.011654829
Q5JFG7,-0.033791326,0.102746,-0.07572078,0.091692545,0.78074193,-0.1600012,-0.077329,0.01018712,-0.060928494,-0.605482,-1.7157723,0.18471141,1.2164041,0.0031287174,0.08311017,0.119490325,-0.062394332,-1.407352,-0.8975606,0.4353707,-0.95275664,-0.019882368,1.5413173,1.3081614,0.047943655,0.39633736,0.028088147,0.0684412,-0.4070957,-0.016822139,0.002751857,0.28582355
P01583,-0.07919036,0.033375908,-0.07455641,0.1204059,0.4012014,0.011356491,-0.039677974,0.010119881,-0.048029672,-0.15739642,-1.6302314,0.3145929,0.9855441,0.07617742,-0.5766321,0.29139483,-0.0721365,-0.7023185,-0.37575623,1.1664408,-0.34664556,-0.04348615,1.5361851,0.55087435,0.07249059,-0.06766149,0.018332537,0.097714245,-0.40393785,0.011024099,-0.08815685,0.23111841
P20783,-0.016404737,0.14340582,-0.120203376,0.11067038,0.65467167,-0.26079598,-0.12204168,0.01072503,-0.112123124,-0.6148689,-2.8881934,-0.047557365,1.673772,0.26033428,-0.101333484,-0.5410127,-0.07801715,-1.3629174,-0.3134404,-1.1958903,-0.31935638,0.0097273495,1.6559347,2.7369025,0.07760832,0.4451465,0.010052387,0.09391465,-0.031178769,-0.03882954,-0.42126194,-0.16125171
P04279,-0.07203296,0.24053933,-0.058252916,0.12276381,0.61770076,-0.03974547,-0.0607878,0.01469044,-0.032399617,-0.09116846,-1.906571,0.52270776,1.1682016,0.3373814,-0.8707505,-0.348811,-0.06702084,-0.50896746,-0.032101218,0.70041925,0.30604237,0.03469054,0.829432,0.79996973,0.0643656,0.09309817,0.016689474,-0.005961901,-0.42896128,0.020025332,-0.31939954,0.17617293
P13716,-0.042576887,0.107380055,-0.084466845,0.123237036,1.1197181,-0.010979608,-0.10191779,0.014350754,-0.060399704,-0.8156393,-2.3359528,0.04670448,1.899736,0.04230967,-0.22826393,0.27225924,-0.07822144,-1.2503966,-0.82041895,0.24486569,-1.1894258,0.03336697,1.1757647,1.0973723,0.05726037,0.4104701,0.03164695,0.027813092,-0.13659665,-0.013324877,-0.2742109,0.0900995
Q9VU15,-0.06198731,0.28014117,-0.12762813,0.09095733,-1.2541022,-0.100802645,-0.10196575,-0.0141682485,-0.119934574,-0.2461423,-1.7974682,-0.0461746,0.4429709,-0.4877039,0.32895038,1.1053147,-0.097757146,-1.4232669,-1.1164672,-1.4441196,-2.3084784,-0.030548163,7.180478,4.0265045,0.065849856,0.93633336,0.0072954837,0.19293733,-0.73141825,-0.015396755,0.508664,-0.026527375
P27540,-0.05926368,0.18222786,-0.08207879,0.1306405,0.7665161,-0.12952776,-0.0747492,0.012587065,-0.059906147,-0.16765592,-2.2929738,0.47490138,1.1484594,0.19003768,-0.81693333,-0.06326973,-0.07530629,-0.91436726,-0.4684206,0.44644845,-0.43455157,-0.01448968,1.52371,0.98562723,0.06762325,0.29216057,0.01788006,0.06863255,0.0030641116,-0.003995895,-0.3667536,0.2453155
P01731,-0.0041850223,0.2117517,-0.11736421,0.12242007,1.213873,-0.17276241,-0.1361054,0.0039584674,-0.11475549,0.40734768,-2.9593725,0.5731602,1.0860434,0.28252217,-0.33729905,-0.39124334,-0.07077078,-1.9491146,-0.78218174,-0.20322527,-0.43135464,0.030854277,1.7580346,2.6961782,0.0633859,0.45701256,0.021227824,0.08329249,1.0572573,-0.03926585,-0.48294336,0.16070898
P17710,-0.0705812,-0.3887415,-0.054525413,0.11051739,0.4159999,-0.1636972,-0.04439647,0.004704666,-0.031471718,-0.43774757,-1.1660583,0.44458374,0.75562286,0.13672955,-0.2774188,0.22194259,-0.060148515,-0.2285032,-0.28053442,0.36390242,-0.06393303,-0.03047826,1.4083079,0.48084116,0.062230784,-0.020838557,0.0015730772,0.014890941,-0.43754548,0.022415655,0.062069066,0.39854336
O95238,-0.07909828,-0.3740211,-0.11031494,0.13430807,0.96598315,-0.16429922,-0.1318609,0.00692176,-0.08282927,-1.0274705,-2.560597,0.4396066,2.8190718,0.22897065,0.11624372,-0.3867904,-0.101579204,-1.7382076,-0.8348743,-0.2466263,-0.73445094,0.0029357858,2.8627303,1.7568381,0.08434749,0.2902313,0.045712464,0.04734348,-0.7617135,-0.00012613647,-0.18778114,0.21600088
O43613,-0.00430809,-0.4896897,-0.13905008,0.10371545,0.7975673,-0.106619865,-0.11630655,0.0036963362,-0.1429568,-1.5406235,-2.0785916,0.5823997,0.53949094,-0.23476796,0.52255887,1.0189887,-0.07126436,-0.91082764,-0.8375716,-1.6009841,-0.8612564,0.0077985623,3.4133027,2.8491917,0.08440536,0.70366496,-0.020016072,0.1476547,0.22325529,-0.04879002,0.16544232,0.5125612
P09201,-0.054060142,-0.31169468,-0.050675094,0.099855825,0.18957224,-0.09614603,-0.051212974,0.0065431735,-0.02979134,0.2629454,-1.2355311,0.20334525,0.90139294,0.2686584,-0.42764455,-0.3170771,-0.056690287,-0.56621057,-0.2215774,0.031397115,-0.15471151,-0.012205666,1.5266393,0.6939467,0.047850303,-0.03654315,0.013441461,0.015005182,-0.030705074,0.012445762,-0.06514672,0.06670443
P02789,-0.077204734,0.2977129,-0.059377145,0.14312068,1.2686856,0.07268576,-0.07298608,0.029390281,-0.023431417,-0.31484956,-2.2747955,0.3837408,1.8017048,0.1735113,-0.52577484,-0.48237562,-0.07924239,-1.4568574,-0.81053257,1.2263678,-1.0944647,0.052420147,0.9708578,0.10546112,0.054549955,0.40535077,0.05088386,0.018494798,-0.73331535,0.00097522215,-0.24448077,0.117390275
P32325,-0.05525696,0.080455706,-0.096391544,0.13344575,0.7225405,-0.18456776,-0.102597974,0.002859112,-0.07223707,-0.38352153,-2.6344182,-0.2536161,2.0875077,-0.006494975,-0.5668317,0.23046583,-0.086374074,-1.3281955,-0.65187544,0.3011916,-0.807713,-0.06544258,1.4649218,1.4308937,0.06392873,0.20189911,0.028695773,0.097356774,0.044869017,-0.008757413,-0.28822747,0.12958036
Q9BWF3,-0.047147334,0.2551226,-0.08614436,0.10867862,0.18014877,-0.15972356,-0.07814158,-0.0035194166,-0.07144161,-0.061218843,-2.0489502,0.14334744,0.8901406,0.07768744,-0.4941368,0.34334013,-0.069960594,-0.73376185,-0.24582924,0.134573,-0.13884374,-0.036178403,1.8376187,1.9020339,0.06604662,-0.018497828,0.004194559,0.061901495,0.107524596,0.005463219,-0.23870404,0.12661618
Q9NPD3,-0.051811934,0.18200186,-0.085900456,0.12643568,0.14955671,-0.14479847,-0.07405169,0.0015213006,-0.06854955,0.10761999,-2.4124405,0.06719526,0.7907725,0.19642292,-1.1778355,0.23556845,-0.072971664,-0.33864558,0.026418187,-0.16208434,0.0059437486,-0.0149077065,1.7833962,1.8609939,0.069811165,0.13216773,-0.009031404,0.06286644,0.296413,0.003560303,-0.42140925,0.0372839
P05129,-0.07754457,-0.25569952,-0.08353491,0.1365059,0.46343228,-0.21763633,-0.06769759,0.0023894084,-0.05849183,-0.5348446,-2.0663152,0.08147413,1.1525972,0.18411851,-0.48571804,0.27338716,-0.077532165,-0.2980996,-0.11073146,0.29215214,0.009251237,-0.026127817,1.30298,1.3564249,0.084275596,-0.013421395,-0.006039955,0.044318244,-0.4764495,0.016663902,-0.15043303,0.21373639
P55084,-0.119318284,0.13161631,-0.051436782,0.16969901,-0.13089485,0.03233321,-0.03372534,0.015297193,-0.013085677,1.0373099,-2.0267203,0.33812103,0.5847407,0.31396016,-1.7875458,-0.46600738,-0.08226424,0.0021789074,0.22080271,0.69702196,0.041478634,0.019292563,2.2004387,0.5041881,0.069870636,0.20997281,0.0048627914,0.045529086,-0.33842432,0.037456755,-0.24434614,0.017431244
P57086,-0.17378291,1.9659319,-0.03421623,0.21659322,1.0786014,-0.08617255,-0.08975801,-0.00910201,0.039295714,0.16007823,-4.677577,-0.6810879,4.137182,-0.49396044,-3.7630818,1.1780217,-0.13063236,-2.0365293,-1.1715344,4.2142673,-2.050814,-0.17770332,1.3058257,-0.5243397,0.02318101,0.32380462,0.09658491,0.044923525,-0.8303317,0.07874548,-0.87767035,0.4267336
P17741,-0.0051003303,0.10951018,-0.13516746,0.12874047,0.96526253,-0.28637853,-0.12467675,0.007781349,-0.12593018,-0.4173283,-3.0583649,-0.44517216,1.5916847,0.10880919,0.3828383,0.15643743,-0.08190274,-1.522812,-0.45703974,-0.09799005,-0.28692332,-0.062260013,0.119422816,2.409552,0.08851275,-0.21725711,0.01088156,0.13835993,0.766874,-0.046975724,-0.4784046,-0.10311911
Q8BH75,-0.08960223,0.33069873,-0.06701235,0.17778115,1.3097303,0.10478261,-0.09107449,0.0224274,-0.028215295,0.07111255,-2.6129372,0.015175204,1.537598,0.12096492,0.55223423,-0.46768162,-0.08235652,-1.4574838,-0.43181968,1.4939474,-0.50099653,0.11112744,-0.42610213,0.87112284,0.077299096,-0.10746541,0.03461014,-0.04057364,-0.9248328,0.021702973,0.05958123,-0.21881963
P10398,-0.08081649,-0.14905572,-0.07374604,0.16228195,0.933639,-0.1122118,-0.07457565,0.0020052826,-0.043798145,0.28362998,-2.1828072,0.1269802,1.1108047,0.12791415,-0.5246066,-0.011895793,-0.07762903,-0.90124834,-0.5213703,1.0902072,-0.5233396,-0.017909352,1.1715342,0.8800221,0.06938566,-0.036436968,0.014977632,0.039540555,-0.049912672,0.018501043,-0.15486039,0.25431874
P9WQP1,-0.06725363,0.08636653,-0.06996893,0.12991202,0.95965195,-0.086727194,-0.08000099,0.011207059,-0.044176586,-0.33905533,-2.1908388,0.2708007,1.6229755,0.12268547,-0.6416857,-0.042964075,-0.07341283,-1.116804,-0.52194065,0.9530043,-0.26539513,-0.0058539566,1.0567929,0.9604589,0.05874006,0.2056561,0.028060969,0.03773127,-0.41414684,0.007821934,-0.16360076,0.3485791
Q6Q3I2,-0.067380756,0.62108433,-0.076328374,0.14174764,0.86322224,-0.11965284,-0.07470352,0.018745355,-0.051671118,0.1447557,-2.541792,0.48712847,1.1273639,0.14024696,-0.76607347,-0.2933606,-0.07624943,-1.2388295,-0.41791308,1.2042556,-0.095232956,-0.014519334,0.79219824,0.9640496,0.06604765,0.21497604,0.029327147,0.07379842,-0.20640127,-0.0004989046,-0.314129,0.2779931
Q6PDN3,-0.055201046,-0.0416388,-0.10214473,0.13816951,0.4088071,-0.15465935,-0.088847734,0.010696327,-0.08538846,-0.035752743,-2.9820604,0.29095417,1.0442574,0.3869417,-1.3176703,-0.13430437,-0.08138881,-0.6247356,0.09490078,-0.2763391,0.3864811,0.013187172,2.074953,2.2989225,0.084597304,0.18203355,-0.008970253,0.07986191,0.147357,-0.007220488,-0.5091929,0.078220926
P0CX45,-0.07157536,0.3333896,-0.05648482,0.10438201,0.05034724,-0.05302052,-0.058130175,0.0044231866,-0.034721833,-0.1304432,-1.5628275,0.4407339,0.80348366,0.035835013,-0.93905544,0.357754,-0.067812786,-0.5157891,-0.38774526,0.43494597,-0.45796332,0.006291583,2.5498002,1.2788552,0.04794525,0.43748745,0.013860092,0.025953958,-0.49327043,0.020722818,-0.051379163,0.31975996
P67809,-0.064759046,-0.328323,-0.084413186,0.11764342,0.64111435,-0.23281145,-0.06784091,0.007973848,-0.065252915,-0.63756454,-1.7639235,0.46930182,1.1046468,0.27254122,-0.16704892,-0.17349829,-0.07026384,-0.62038344,-0.24965414,0.18234669,0.1719969,-0.024141269,1.5000557,1.2850561,0.08153739,0.031892728,0.0040996354,0.054751664,-0.565108,0.0049458854,-0.11427285,0.3512511
P20443,-0.025995888,0.8668877,-0.13735224,0.14072305,0.109585285,-0.1630972,-0.108230636,-0.006988724,-0.12536843,-0.13644013,-3.259639,-0.4319557,0.6841854,-0.17675191,-0.28880233,1.6179514,-0.09097339,-0.5699279,-0.0948921,0.18320045,-0.36231232,-0.061968107,0.6419359,2.7426867,0.099207684,-0.3307801,-0.017240673,0.12820497,1.2076027,-0.017307159,-0.5866971,-0.22996522
Q96Q45,-0.052382283,-0.08372116,-0.0849138,0.13155694,0.813994,-0.08528304,-0.09807612,0.02082621,-0.060801152,-0.44054297,-2.6715298,0.14484262,1.755196,0.24523692,-0.7859662,-0.08237586,-0.082639806,-1.1219184,-0.46730462,0.07625992,-0.47132125,0.026382178,1.6061496,1.405007,0.063509025,0.3438159,0.022723261,0.047284212,-0.08960597,-0.013372675,-0.34710708,0.1194892
P15812,-0.15120825,-1.2718703,-0.060128793,0.15029502,-0.3955672,-0.4357546,-0.021152958,-0.011077352,-0.019349406,-0.4331944,-1.212923,0.32991505,0.8971396,0.49774086,-1.9430851,0.5555335,-0.09234679,1.0791978,-0.066431165,0.07400116,-0.4854908,-0.06485475,4.025548,0.66753966,0.09058435,0.43462193,-0.029963346,0.027236229,-1.0034624,0.059418578,-0.16776402,0.5454658
P21333,-0.05054638,0.049226798,-0.090749905,0.13192178,0.7788187,-0.18142569,-0.09114726,0.012175864,-0.07043898,-0.43624413,-2.556068,0.068769716,1.4551278,0.17569591,-0.44788554,-0.05210151,-0.07681842,-0.949848,-0.27971965,0.1680862,-0.0830054,-0.009693402,0.92239594,1.5653588,0.07354551,0.13677171,0.010777849,0.06127362,-0.14401959,-0.00812614,-0.28147528,0.13518284
Q10838,-0.07577848,1.3426216,-0.01209034,0.11556789,0.6506566,-0.021910753,-0.023356125,0.0123033365,0.020947525,0.28004378,-1.194914,0.40748835,0.49176365,-0.26684365,-1.2602602,0.9896235,-0.054960307,-0.47486013,-0.8297315,2.7023506,-1.1092919,-0.036611527,-0.31412524,-0.88557255,0.01611179,0.5450046,0.040448196,0.0005421378,-0.085627615,0.03041545,-0.14714101,0.5753855
P13598,-0.09364578,-0.48512053,-0.0993477,0.19971016,2.5942812,-0.072845094,-0.10319518,0.004632118,-0.06937737,-0.26307535,-2.103279,1.3031611,1.4671464,-0.22281012,0.13776767,0.08706021,-0.086102456,-2.1282654,-1.8571436,2.1282916,-1.4639612,-0.05734706,1.7696354,-0.22949813,0.07528429,0.5539822,0.051486455,0.12733349,0.034399986,-0.0015369244,0.20110555,1.2406471
Q9H8X2,-0.060663167,-0.6350798,-0.104971446,0.12513399,0.92182547,-0.0989633,-0.07721905,0.0064780884,-0.09036176,-0.1859434,-1.7572892,1.0119065,0.8016634,0.3919373,0.1198264,-0.15501611,-0.071945205,-0.97065,-0.40912503,0.4580254,0.31620407,0.0011663234,1.8779763,1.402463,0.09708123,-0.18354614,0.00671423,0.077579394,0.0926437,-0.0017744045,-0.12459942,0.41272458
O64470,-0.007298136,0.7200138,-0.10151556,0.10725487,0.66913366,-0.11069371,-0.12648655,0.00245337,-0.09542329,0.71360695,-2.4578304,0.5080179,0.9705014,0.048703887,-0.10140738,-0.23749691,-0.07188672,-2.0732443,-1.0518517,-0.24007918,-1.2566502,0.007626578,2.4254813,2.1927137,0.043864623,0.5284729,0.04110784,0.08226767,1.0810542,-0.03355876,-0.39197284,0.00027167052
P0CG48,-0.091194384,-0.27347335,-0.09493678,0.13517945,-0.3534415,-0.024108214,-0.058469933,0.009635789,-0.07007823,-0.18364397,-2.0277162,0.1942248,0.9586128,0.42035607,-1.4168091,0.005603137,-0.0867688,0.40543944,0.45890048,-0.65074736,0.35336488,0.038271714,2.8296516,1.9193612,0.09630794,0.30593303,-0.019181784,0.07233163,-0.43950945,0.014740385,-0.34584236,-0.057309482
P02309,-0.08148318,0.60152256,-0.07248286,0.15502313,0.4225784,0.07965106,-0.09371655,0.010554076,-0.03748598,0.49402958,-2.929569,-0.41680145,2.028998,-0.038265027,-1.2328844,-0.08314293,-0.09151582,-1.4809228,-0.5308288,0.84919494,-1.0686285,0.008286816,1.8885098,1.3771371,0.047228076,0.37781796,0.043130904,0.06624266,-0.25304413,0.009133239,-0.2531261,-0.16255347
O00253,-0.058244042,0.511655,-0.090838626,0.1293639,0.6877721,-0.14373495,-0.07306761,0.0026745673,-0.073965125,-0.02549536,-2.3685515,0.6448139,0.50689095,0.1583722,-0.816246,0.5315113,-0.07341157,-0.7414708,-0.37440273,1.1332853,-0.07861642,-0.009349553,1.3500588,1.6628711,0.07832195,0.09961081,0.0033312216,0.062665954,0.18159069,0.0059670466,-0.41311693,0.36592823
P24228,-0.08834911,0.28304654,-0.03602445,0.13243756,0.37843275,0.046091694,-0.034654915,0.018246265,-0.0029676869,0.23714161,-1.5001087,0.52489585,0.7997575,0.14071552,-1.3942465,0.045015525,-0.06686841,-0.18589446,-0.21868667,1.0740484,-0.2602244,0.007933546,1.310538,-0.1773903,0.046793193,0.2844618,0.020332936,0.012502573,-0.2556928,0.02748062,-0.20328633,0.33370408
P12271,-0.090386465,0.07147912,-0.077113256,0.1281515,0.3333048,0.07425893,-0.0480718,0.0174992,-0.048730128,-0.33042568,-1.7225196,0.715556,0.9233626,0.20871572,-0.6359693,-0.04734212,-0.079347074,-0.5170754,-0.2626173,0.5283386,-0.35239848,0.027715132,2.415813,0.75805336,0.08144437,0.18861675,0.015930101,0.061075937,-0.7270144,0.014396608,-0.1561204,0.16083385
P37282,0.028482828,0.73923767,-0.11785407,0.092108436,2.0571308,-0.30734265,-0.1363886,-0.0010530576,-0.12666246,-0.34246695,-2.4430356,0.96004903,1.0593891,-0.046494998,0.1800518,0.045202486,-0.053866357,-2.4808385,-1.3928596,1.0898696,-0.3397199,-0.07418784,0.58527064,2.1898563,0.048109893,0.36214888,0.042317383,0.12824166,1.138419,-0.05350999,-0.46640295,0.9367243
O89093,-0.047966525,0.72383535,-0.0859137,0.13917366,1.2743354,0.09654311,-0.12057962,-0.008891101,-0.066287145,-0.027656103,-2.8295662,0.4942457,1.4489696,-0.03361354,-0.3920063,0.33360592,-0.074408114,-1.5737067,-0.7155809,0.77417153,-0.7533399,0.06687079,1.465832,1.9557692,0.05831185,0.12856728,0.027795304,-0.028299445,0.21413803,0.018407308,-0.35491142,0.09916148
O53585,-0.058907114,0.22046813,-0.06642521,0.14093703,0.6807738,0.013435257,-0.06658911,0.022801602,-0.04251334,-0.1648192,-1.9992028,0.47383803,0.49546763,0.21771349,-0.280908,-0.16796376,-0.06735602,-0.29255703,-0.035237245,0.1241281,-0.023808198,0.08202315,0.6846425,0.9254543,0.07252589,0.14273581,-0.00030899962,-0.012247836,-0.23444514,0.0066253347,-0.20117188,0.027956463
Q15024,-0.09950453,0.43430424,-0.08113448,0.14352204,-0.069415025,-0.09299878,-0.06294769,-0.0020475048,-0.05013585,0.13068223,-2.582629,-0.11677442,1.3333714,0.09245856,-1.5821108,0.41857773,-0.090245254,-0.52550334,-0.08095882,0.9322692,-0.2711583,-0.04193137,2.4094157,1.7401288,0.073931344,0.11155832,0.008536285,0.08231044,-0.5076261,0.02870977,-0.34535164,0.08317893
A0A1C7D1B7,-0.005781036,0.65474063,-0.09730138,0.07501249,0.14758605,-0.13002497,-0.11770764,-0.012043618,-0.09402679,-0.09761423,-2.4724507,-0.25677812,1.3988057,0.16824102,0.2541479,-0.24257006,-0.061358042,-1.4457347,-0.09495481,-0.77154136,-0.019765139,0.032561596,1.5121891,3.430775,0.058566637,-0.13922179,0.011229053,0.0020715448,-0.031619728,-0.0041133785,-0.32710367,-0.44456422
P11980,-0.046540238,0.03964106,-0.08429823,0.12363081,0.560253,-0.10628134,-0.07744606,0.002299585,-0.06649621,-0.12086715,-2.0951655,0.2288003,0.7623788,0.060155958,-0.26449987,0.4109344,-0.06975069,-0.7964255,-0.4486742,0.20860305,-0.53376186,-0.010478133,1.5391057,1.4209573,0.06758801,0.019498859,0.0035220105,0.049444143,0.22945197,0.00043539167,-0.1841092,0.118526265
Q24314,-0.05758821,0.40617853,-0.09742935,0.14983098,0.6076588,-0.055043455,-0.11047567,0.00793116,-0.072758555,0.13801265,-2.9418483,-0.25558832,1.6054916,0.025986241,-0.3457009,0.019142939,-0.088647075,-1.4374272,-0.5063264,0.31541067,-0.81219035,0.019038167,1.4928395,2.0412712,0.068353385,0.22491427,0.024648916,0.0655843,-0.023027765,-0.006181601,-0.23923156,-0.16391566
P13489,-0.07110508,0.3627919,-0.043413304,0.100882955,0.072306514,-0.06970926,-0.022450976,0.0064206664,-0.018238243,0.16726491,-1.4226242,0.2606395,0.7525453,0.14989515,-1.3384101,0.1564951,-0.05801065,-0.24319023,-0.083012044,1.0236485,-0.03587889,-0.056245957,1.1785594,0.27119374,0.047960434,0.004499809,0.012937013,0.048305992,-0.22913168,0.023819882,-0.27640867,0.21984884
O60826,-0.057697974,0.22144656,-0.11385004,0.12693784,0.63997513,0.040428985,-0.1141965,0.003361883,-0.093862996,-0.2389395,-2.7567282,-0.06645267,2.0539877,0.14482526,0.3021892,-0.19767796,-0.086568795,-1.725378,-0.2529955,0.502018,0.09455261,0.021660144,1.3455155,2.534399,0.08855845,-0.32724687,0.030450922,0.068155825,-0.44389072,0.00084383425,-0.15491048,-0.19898349
F5HF68,-0.0535485,0.8602174,-0.072869934,0.13403149,0.4759892,0.061932605,-0.08181205,0.011609969,-0.049276818,0.17645454,-2.459415,-0.0030213047,1.1400872,-0.09459176,-0.5779945,0.50008583,-0.07327476,-0.8534984,-0.105994426,1.0823411,0.12115874,-6.991625e-05,0.07612727,1.2074356,0.05962782,-0.15008692,0.020825574,0.039532892,0.2483735,0.009801931,-0.24175847,0.038284708
O55038,0.014397612,0.6551775,-0.110503234,0.08905098,0.56803703,-0.23623231,-0.105481006,0.0007387085,-0.11820607,1.1679761,-2.4519331,0.998881,-0.18317077,0.3322393,-0.19300102,0.10213544,-0.056316815,-1.6955891,-0.5021033,0.5693456,0.4355206,-0.026960086,1.1996514,2.6317296,0.064711474,-0.21893911,0.011699266,0.09914761,1.9142605,-0.03521887,-0.5869659,0.22812903
O75175,-0.048989218,0.25002643,-0.04691125,0.083129376,0.3131695,-0.16429205,-0.05675378,0.0022542586,-0.032820217,0.4038998,-1.2247777,0.7941342,0.46576476,0.29321215,-0.4530164,-0.28110984,-0.05124106,-0.94493526,-0.4619534,0.7327936,-0.030297525,0.002655926,1.8558512,1.1912804,0.04092196,0.10350821,0.02215034,-0.008311003,-0.11591834,0.017567175,-0.13088907,0.34539554
O89050,-0.081553586,0.33716127,-0.06698582,0.13012551,0.1605045,0.07005705,-0.042319227,0.00887397,-0.038922966,0.123469844,-1.7629327,0.24147947,0.7771564,0.020828804,-0.90098065,0.28212655,-0.07287905,-0.4124044,-0.19979599,0.7582985,-0.45716205,-0.011676543,1.7404191,0.66271204,0.06585764,0.10532456,0.0120474715,0.070044205,-0.28508157,0.018395375,-0.14707461,0.07380153
P0A894,-0.0064333454,0.26416272,-0.10741482,0.10694698,0.6848858,-0.08633716,-0.10688504,-0.00042452983,-0.10977819,-0.47722554,-2.3625317,0.7206841,0.089100875,0.08661808,0.051044933,0.6655512,-0.057706933,-0.5301526,0.03939155,-0.43657866,0.8733093,0.048709728,1.1465166,2.9212577,0.08207233,-0.13302943,-0.025945503,0.022046968,0.6496273,-0.009213656,-0.22830632,0.31710288
P48570,-0.1504883,0.3869108,-0.06010784,0.16928245,0.2190973,0.032493122,-0.04724547,0.0027234675,-0.005152439,-0.10294014,-2.7596698,-0.053495347,2.4984024,0.06778503,-2.4614038,0.5744035,-0.11071391,-0.66320187,-0.46719176,1.9449965,-1.1703882,-0.07861209,2.8401377,-0.017679065,0.06722408,0.10991737,0.04322939,0.06831099,-0.85986626,0.053533487,-0.56160104,0.16809857
P10503,-0.07373999,0.4603376,-0.08451393,0.16871645,-0.09283077,0.048439298,-0.07798429,0.010617449,-0.055066843,0.6246385,-2.704199,-0.45041707,0.80312085,-0.15782428,-1.0104806,0.48475313,-0.089270405,-0.5074738,-0.11653146,0.088544235,-0.7588393,-0.0038235118,1.8717765,1.5215131,0.06587535,0.2197245,0.0022759798,0.09811267,0.3102579,0.0036538611,-0.15235788,-0.20864579
O70435,-0.20271416,-0.65984744,-0.07323146,0.20553188,-0.7147031,0.15005834,-0.00039242455,0.017541977,-0.019894369,0.66146827,-1.8619609,0.8903752,0.5590074,0.6856803,-2.2567532,-0.5548422,-0.109991044,1.0944375,0.92239094,0.68720865,0.9135623,0.054718044,4.0314846,0.53760445,0.13246022,-0.06015663,-0.021066474,0.065135546,-1.449522,0.07551956,-0.22028475,0.038648367
C3VPR6,-0.098574646,0.08428678,-0.089100234,0.16102247,0.8548834,-0.20677698,-0.06263196,0.014788523,-0.051911842,-0.024525367,-3.198167,-0.023473948,1.984324,0.39350697,-1.5170385,-0.14898144,-0.094573475,-1.1319457,-0.25839195,1.7208066,-0.1385461,-0.06689066,0.71622556,0.7960413,0.088590026,-0.10693973,0.025134483,0.107685804,-0.40010324,0.008147472,-0.613725,0.08702165
P01097,-0.09489156,-0.40835923,-0.05379162,0.12364861,0.32155997,-0.3165263,-0.048013926,7.21775e-07,-0.027063057,0.08709329,-1.3672614,0.8539392,0.61223346,0.39052257,-0.6050248,-0.009971142,-0.06989654,-0.33470568,-0.33081722,0.8223374,0.08992128,-0.032091793,2.0652199,0.6785644,0.07077117,-0.053700298,0.004721184,-0.007914802,-0.39226326,0.038052954,-0.10266963,0.50519335
P09038,-0.04764494,0.2907957,-0.09356631,0.12505358,0.8498777,-0.16122091,-0.09301754,0.005707623,-0.074790984,-0.19250357,-2.3805473,0.14810783,1.3641496,0.015355328,-0.13028361,0.20654738,-0.07626815,-1.4533565,-0.72390574,0.7590285,-0.6558574,-0.033638414,1.1276672,1.5028787,0.06617353,0.17162725,0.026388533,0.08582006,0.021691686,-0.010407059,-0.18303536,0.20040458
O14187,-0.037725225,-1.0036968,-0.12309518,0.12689011,0.746725,-0.39599743,-0.10755608,0.017121976,-0.114245266,-0.48278546,-2.2963328,0.7314474,1.2638687,0.28632838,-0.21638449,-0.38780203,-0.08268699,-1.2362365,-0.71563214,-1.3121015,-0.30339903,-0.06469824,2.992101,1.6529589,0.08416992,0.64143634,0.0060170037,0.17315464,0.46938863,-0.04791527,-0.08894953,0.51463276
P01315,-0.06208303,-0.121763125,-0.08392705,0.14634678,0.6289936,-0.06447575,-0.075703986,0.01906409,-0.06094995,-0.3619684,-2.3059266,0.33231568,0.9518233,0.1676911,-0.6830511,0.103995726,-0.076273076,-0.30504876,-0.025795497,-0.08153285,0.16952065,0.018764483,1.0914271,1.0872884,0.07929434,0.16710617,-0.0039518517,0.052923173,0.0041149855,-0.0014783363,-0.21318957,0.20398283
P21980,-0.03589844,0.070106074,-0.09285803,0.11057394,0.60942495,-0.06975642,-0.09702099,0.008824499,-0.07771137,-0.37414894,-2.3147726,0.1344254,1.330232,0.13175379,-0.14504983,0.19439177,-0.073018834,-1.1601827,-0.40942603,0.10018209,-0.23954162,0.012337231,1.4761121,1.9404624,0.066949226,0.031141521,0.015461404,0.05158884,0.049183153,-0.010699246,-0.21123852,0.0724885
O60241,-0.056121744,-0.48845458,-0.11923033,0.18386993,1.0222614,0.085105754,-0.118080094,0.022193585,-0.08956568,-0.52950966,-3.5091043,-0.854548,2.1330352,0.059868287,-0.44336104,0.075365946,-0.09850657,-1.1083418,-0.23686945,-0.33249283,-0.6859771,0.048638962,1.0801809,2.0566275,0.08915751,0.14958146,0.0041848994,0.106467985,-0.09046097,-0.027072564,-0.19791615,-0.29369968
O00175,0.0076043447,0.27700856,-0.11578401,0.12461966,1.2258459,-0.24416435,-0.12883241,0.008402147,-0.11354234,-0.05829842,-3.2185497,0.33404365,0.9821564,0.14694056,-0.46308687,-0.12345091,-0.06873383,-1.6395502,-0.6575378,-0.6058043,-0.4673706,-0.004038651,1.3144511,2.4411054,0.062393274,0.4170176,0.0074124774,0.09713514,1.092259,-0.0478285,-0.54819095,0.15491274
P16860,-0.083678015,-0.21805964,-0.09659372,0.14328906,0.5441121,0.0021029161,-0.070381686,0.009444844,-0.07302811,-0.34184805,-1.8143232,0.45239395,1.0726855,0.022633292,0.026991772,-0.11905683,-0.08049381,-0.83887327,-0.3504102,0.25165373,-0.19076608,-0.008416467,2.2343245,1.2725424,0.08865404,0.11620981,0.011838653,0.10563268,-0.6666647,0.0061540487,0.14087051,0.26696306
Q63HR2,-0.12557945,-0.3611311,-0.06885945,0.16484986,0.42452207,0.048632745,-0.01727211,0.009217398,-0.03014634,0.112385884,-1.5792402,0.6527056,0.65633136,0.18917052,-0.9573011,0.2424033,-0.08169901,-0.03487689,-0.094525814,1.4905428,-0.0168143,-0.042882733,1.7601945,-0.22962372,0.09529593,-0.30643257,0.0031354367,0.08176526,-0.5027626,0.0401345,-0.092764504,0.3438037
O08838,-0.08242229,-0.11299444,-0.0693808,0.14261526,1.0868794,-0.07080592,-0.078517884,0.0068834163,-0.03844434,-0.4365678,-2.055146,0.54678637,1.415671,0.0836876,-0.76250887,0.41311523,-0.081868894,-1.0414847,-0.9742685,1.140613,-1.1680794,0.0030961875,2.218155,0.64573866,0.059268937,0.3786414,0.028706133,0.023395984,-0.3292708,0.015064587,-0.19142407,0.51206505
P38398,-0.056389093,0.16294266,-0.09739474,0.13904226,0.56432045,-0.16126135,-0.08997277,0.010028468,-0.077914275,-0.02854498,-2.736086,0.13161717,1.1832434,0.19528604,-0.6661736,-0.011122058,-0.080702335,-0.9708652,-0.18747613,0.33364615,0.069970906,-0.012615176,1.3210623,1.8998692,0.07903885,0.07102162,0.007204521,0.08341393,0.03525303,-0.005945016,-0.32001808,0.10685301
P23219,-0.12355371,-0.31453568,-0.031900324,0.14297444,-0.341894,-0.106356665,-0.0039451295,0.009038445,0.007235567,0.2572368,-0.97258794,0.39041305,0.24920546,0.31296372,-1.5772605,0.14522713,-0.0730297,0.8642358,0.15945376,0.6345728,-0.14001001,-0.014658998,2.3789968,-0.123858005,0.066709325,0.116108894,-0.011254048,0.0017342996,-0.6750504,0.05247412,-0.1434425,0.2970569
P00549,-0.09574275,-0.7015909,-0.04208946,0.14944819,0.8183994,0.13995636,-0.058598496,0.03344367,0.0017439933,-0.8878622,-1.9283407,0.24111903,1.9950528,0.23925921,-0.64060104,-0.23644122,-0.08118688,-0.36398265,-0.20039128,0.026946545,-0.43684047,0.062146105,1.3683645,-0.503725,0.06217085,0.00041875243,0.023387793,-0.04129239,-0.88449883,0.023055334,-0.06043434,0.06434271
P42684,-0.04088689,-0.11002773,-0.09278007,0.11727002,0.8707385,-0.110396944,-0.09233302,0.01126991,-0.07634363,-0.52206403,-2.1642432,0.42532182,1.2980623,0.3165365,-0.10708023,-0.22282691,-0.07113494,-0.8948108,-0.3110487,-0.16636407,-0.103699826,0.03246812,1.2035577,1.5497729,0.07731979,0.08888083,0.010790933,0.027732976,-0.043206286,-0.00871016,-0.33309832,0.08467114
P07250,-0.117774494,0.14911076,-0.048297625,0.16961458,0.11614733,-0.0681469,-0.044636495,0.009571021,-0.0068002124,0.49977013,-2.3497157,0.11886156,1.1986507,0.18477346,-1.8424392,-0.074506186,-0.085585214,-0.10880761,0.08544723,0.8210598,-0.0994288,-0.027108427,1.7211204,0.27265862,0.06450834,0.08946436,0.00913525,0.027797544,-0.3701752,0.04289792,-0.30978522,0.11746255
P01593,-0.0829932,-0.4849708,-0.061850328,0.13157912,0.2964859,0.115920186,-0.05579163,0.023339452,-0.03346829,-0.3413362,-1.6469035,0.43178356,1.2022573,0.1433982,-1.5335014,0.20867893,-0.07640565,-0.1335217,-0.2443153,-0.029791772,-0.29447967,0.034070008,2.7911844,0.60152704,0.055254124,0.66256535,0.009184018,0.066310816,-0.32951564,0.005512629,-0.021750957,0.43906724
Q01217,-0.1070864,0.07037971,-0.07132849,0.17540954,-0.14058845,0.20010158,-0.07562785,0.010892414,-0.034970116,0.7884801,-2.467039,-0.031634618,1.1752877,0.055333138,-1.4812386,0.16965976,-0.094014235,-0.36053658,0.094783425,0.38704395,-0.10606954,0.040869903,2.7007363,1.385689,0.06814024,0.10990405,0.010081315,0.05060048,-0.03928285,0.031443864,-0.09747947,-0.031703245
P21860,-0.01140844,0.29491383,-0.11624332,0.11002291,0.8255983,-0.055792972,-0.120292686,0.005552003,-0.11095895,-0.5675328,-2.6089337,0.1489351,1.2002705,0.1306229,0.315885,-0.036096334,-0.0688627,-1.2135878,-0.2374249,-0.6562711,-0.020605382,0.058432568,1.0655081,2.8149784,0.07960902,0.1533908,0.003144888,0.049663693,0.13212974,-0.024746915,-0.26667616,-0.10963758
P24278,-0.06190946,0.950503,-0.11620146,0.11230731,0.22312716,0.05454114,-0.032345038,0.015098112,-0.1046308,-0.41069928,-2.477934,0.9297449,0.25484377,0.3750568,-1.4925596,0.051085293,-0.070722066,0.01396279,0.62125766,0.6626009,1.1748312,-7.315911e-05,1.1704532,1.8121634,0.11560142,-0.031538777,-0.016889356,0.14940535,-0.28932196,-0.0036419788,-0.76357126,0.07365726
B9PW35,-0.0446891,0.16395533,-0.13020357,0.13696268,0.8949069,-0.15872768,-0.09890022,0.012481404,-0.11454497,-0.5700688,-2.7397523,0.072267294,1.2814325,0.115202084,0.7369088,0.0968032,-0.084629424,-1.4105508,-0.30200535,0.6470596,0.14381172,-0.029385572,0.3201696,2.1183822,0.10921782,-0.39210796,0.011211218,0.12772316,-0.1586812,-0.022531334,-0.19973789,-0.012581067
P46937,-0.053036693,0.28893626,-0.0940214,0.12908497,0.32248858,-0.19576764,-0.086861335,0.0016281893,-0.07736775,0.058810465,-2.5589235,0.25401667,0.9293399,0.12536803,-0.9268227,0.2563026,-0.078307174,-0.7886486,-0.26689014,0.070207305,-0.18903175,-0.031402767,1.9978566,1.9311795,0.0710601,0.2070631,0.002866196,0.08209162,0.28140318,-0.0016874805,-0.36965176,0.16920236
P14540,-0.10469366,-0.7280229,-0.046300862,0.13667363,0.42779547,-0.16349545,-0.03896289,0.010870404,-0.008496707,-0.51171595,-1.4401442,0.1666651,1.4007136,0.2460927,-0.44981128,-0.06606019,-0.07443003,-0.2097482,-0.19312964,0.5754851,-0.16000135,-0.032737963,1.4214733,-0.033658344,0.07006051,-0.19634302,0.008949193,-0.002476753,-0.96018517,0.037003636,0.057281822,0.2588675
P05064,-0.08094655,-0.37302172,-0.07168967,0.14659372,0.09312532,-0.13968071,-0.061841864,0.011093125,-0.043253426,0.028810104,-2.1877468,0.052167613,0.9565272,0.2842802,-0.9911134,0.038573816,-0.07950593,-0.04199775,0.1709034,-0.14710204,0.207093,-0.0066482783,1.6826309,1.1285509,0.07739038,-0.06448645,-0.009994728,0.034880433,-0.09761584,0.017660474,-0.22301032,0.048147053
P06681,-0.071955025,-0.13233976,-0.10676347,0.15304706,0.8447801,-0.1107226,-0.082658246,0.017192673,-0.08041991,0.1304955,-2.6144433,0.29871613,1.6293586,0.18910857,-0.806005,-0.47411647,-0.09096886,-1.5106404,-0.7634393,0.362811,-1.0002197,-0.048620034,2.2864397,0.92114717,0.078488305,0.47266132,0.033480756,0.16812304,0.046367913,-0.024184529,-0.31787205,0.14075984
O32504,-0.059748095,0.6718161,-0.081011824,0.13609369,0.33881363,-0.057173777,-0.093791746,0.0047363616,-0.053907335,-0.20461683,-2.9515274,-0.51312023,1.8100342,-0.0029100974,-1.2751073,0.43963668,-0.08514649,-0.79785293,-0.1828428,0.40430522,-0.5523962,-0.005404486,1.2103761,1.8421162,0.057266947,0.23884785,0.016169006,0.045272637,-0.120587885,0.006782416,-0.46251288,-0.11393663
Q9JHG7,-0.031241452,-0.5780569,-0.08514317,0.10769452,0.8089778,-0.123939976,-0.07611447,0.012190744,-0.07059233,-0.50386184,-1.512002,0.14987406,1.1112089,0.08169643,0.22765437,-0.00565691,-0.062485836,-0.987778,-0.67044747,-0.24494222,-0.6452459,-0.026613906,1.4374235,0.96735144,0.06066168,0.19493107,0.013105566,0.08777338,0.08539917,-0.02317574,0.047315758,0.25773406
O75525,-0.10623143,0.5795049,-0.07027242,0.15316707,0.52723885,0.009185771,-0.044377256,0.010988299,-0.03779384,-0.18039851,-2.4108756,0.49283555,1.1454107,0.15678388,-1.3293146,-0.1890447,-0.078709625,-0.35067305,0.2159702,1.2178737,0.5531383,-0.009917182,1.0722232,0.80268073,0.085291244,-0.029790973,0.008710257,0.054972757,-0.9389062,0.035402365,-0.3171508,0.22846822
Q9NPI8,-0.070080414,0.0627591,-0.11618023,0.14486355,0.34513077,-0.0015477389,-0.082836814,0.005964703,-0.087721005,0.42151284,-2.4513884,-0.009623051,1.4308825,0.25457466,-0.10409814,0.28203744,-0.09706563,-1.2101988,-0.45067045,0.9697905,-0.7328877,-0.039350484,1.5117769,1.2751362,0.09853302,-0.52411747,0.028092252,0.115786225,0.5776123,-0.004027953,-0.50493795,-0.29061952
P0AAW9,-0.06270528,-0.24606974,-0.058987632,0.11264921,0.27243263,0.08184003,-0.06796858,0.01182235,-0.034233257,-0.040454328,-1.7475637,0.18922552,1.4726452,0.1243311,-0.8966366,-0.17368513,-0.06884173,-0.7809269,-0.3238296,-0.2610186,-0.48236382,0.016417256,2.4534507,0.85536,0.045121912,0.28585416,0.022246484,0.035673663,-0.20145567,0.00813202,-0.054404467,0.07174707
O00291,-0.06440352,-0.13656081,-0.09241666,0.13051714,0.4593959,-0.102186956,-0.07348494,0.003476243,-0.069521815,-0.48054215,-2.109501,-0.14182611,1.2090489,0.03832894,-0.16681314,0.44346195,-0.07765289,-0.6719612,-0.32106864,0.28844473,-0.47882244,-0.017925942,1.3730674,1.5282321,0.07995664,0.032034256,0.0019968364,0.074848674,-0.34851485,0.0030513771,-0.056551132,0.044578888
O95166,-0.06583378,-0.106622726,-0.0803308,0.14467257,0.4569418,-0.039610308,-0.07350499,0.006244225,-0.05746975,0.14747995,-1.9585916,0.1533483,0.6709956,-0.015741182,-0.09024986,0.29273874,-0.073596,-0.7046131,-0.35611704,0.32184735,-0.39572534,0.0006957417,1.5101498,1.2418537,0.071217775,0.016625261,0.0031664674,0.05781643,0.03265323,0.0078629665,0.076936886,0.12773031
A0A0H3LCC3,-0.06512336,-0.11160308,-0.06347287,0.1043875,-0.22571123,0.119450755,0.005570466,0.030896882,-0.041785408,-0.042740982,-0.89258045,0.39227352,0.04930784,0.16638346,-0.6405166,-0.37368038,-0.056421887,0.17492877,0.2568989,-0.060482502,0.19117592,-0.032895043,1.6396532,-0.09172205,0.07379189,-0.048152108,-0.0028368745,0.14145073,-0.44697404,-0.0071980637,-0.026207319,0.019027567
P12960,-0.03568433,-0.2253954,-0.097796984,0.12556979,0.7582111,-0.124852076,-0.09525528,0.0070306486,-0.07934068,-0.6427816,-2.1802292,-0.050228532,1.3669511,-0.017205723,-0.06600984,0.59862155,-0.07712339,-0.8598015,-0.6231,-0.19725206,-0.84715325,-0.029297747,1.3448087,1.2785953,0.06907597,0.12699893,0.009137276,0.07664394,0.38751885,-0.017725041,-0.19606441,0.14545313
P11836,-0.036731575,0.10420611,-0.102409504,0.121774495,0.8146479,-0.058821425,-0.07751361,0.012384041,-0.08972115,-0.3767654,-2.254717,0.45585108,0.8079848,0.1927721,-0.5066033,0.16783588,-0.06881329,-0.6941922,-0.22393703,0.18983717,0.05369258,0.0040489607,1.037016,1.5455765,0.082111664,0.14337789,0.00023506086,0.093921505,0.27105436,-0.017935086,-0.3611088,0.20828088
P62256,-0.077818654,-0.31025553,-0.073586375,0.12560396,0.16253912,-0.25344887,-0.048413634,0.00019536121,-0.05799973,-0.6067103,-1.5380938,0.9254314,-0.30312613,0.20262608,-0.5476794,0.8070414,-0.06474274,0.53758997,0.16129923,0.12367642,0.78581184,0.008406331,2.023498,1.6689782,0.09071426,-0.0070857257,-0.04087732,0.0025905017,-0.39274168,0.031952053,0.009682786,0.62889105
P04075,-0.048321445,0.22602256,-0.08989436,0.1381628,0.9774022,-0.10297981,-0.09497567,0.0065855687,-0.06759813,-0.59391004,-2.5401275,-0.022614518,1.5268112,-0.15162142,-0.31405255,0.5229692,-0.07815168,-1.1440083,-0.67633504,0.40593493,-0.83180624,-0.03535073,1.0261992,1.1719886,0.063294016,0.21699695,0.018621225,0.07516178,0.03965913,-0.007881784,-0.16986555,0.2285849
P13001,-0.062305704,-0.27352193,-0.026290469,0.092446305,0.32591474,-0.1501415,-0.014948119,0.011187689,-0.0021440638,-0.34264946,-0.7014179,0.3492446,0.58823264,0.088279665,-0.67209303,0.16108158,-0.04563058,0.01101793,-0.27998284,0.4705023,-0.22745407,-0.05393356,0.84592867,-0.47378922,0.03823825,0.13829654,0.0058194883,0.014618585,-0.38816237,0.019690808,0.07100765,0.4264458
P34960,-0.07203407,-0.1335025,-0.105148286,0.13924646,0.621081,-0.1517395,-0.10202655,0.013790641,-0.07866828,-0.45038244,-2.7926505,-0.0007008563,2.0793612,0.1953798,-0.23147692,-0.2477855,-0.094170146,-1.4884931,-0.4859226,0.1613481,-0.4690515,-0.01670561,1.9534471,1.7631938,0.08379703,0.12749662,0.02850131,0.09575172,-0.532021,-0.008901647,-0.19114551,-0.0074777296
A0A4Y1WAR4,-0.08844488,0.13143224,-0.07176805,0.16438954,0.881372,-0.046922043,-0.062298436,0.024727779,-0.03433553,0.055483606,-2.5170624,0.20196082,1.4497782,0.06023711,-0.9140488,0.09761332,-0.08871315,-1.1122162,-0.65035224,1.4273005,-0.8248037,-0.042770527,1.0561029,-0.023670606,0.06722563,0.11519363,0.03464215,0.09540761,-0.10734244,0.000953482,-0.26198426,0.24403515
O96028,-0.105479084,0.33135584,-0.07590074,0.17749695,0.33828998,0.006514564,-0.04148652,0.019533759,-0.03894691,0.71289617,-2.7008543,-0.15908553,0.8511743,0.21176553,-1.6565161,-0.055834968,-0.08786482,-0.50592446,1.8676122e-06,1.643435,-0.17955299,-0.007992483,1.0938826,0.93926734,0.08031281,0.14222844,0.008103742,0.115413874,-0.36522427,0.013379331,-0.3276998,0.011269855
Q9P2J5,-0.0822508,-0.31949985,-0.09214463,0.15265642,0.3552514,-0.095711015,-0.07215598,0.013230598,-0.067130595,0.06613067,-2.2608516,0.468406,0.99278617,0.23525701,-0.94857717,-0.10905567,-0.08517775,-0.49242315,-0.14513844,-0.052957818,-0.009283445,-0.012686005,2.373568,1.2098693,0.08465628,0.23016553,0.0020007556,0.098390415,-0.007873362,0.0026793105,-0.19501024,0.2425488
Q9Y4L5,-0.02784073,0.07619932,-0.13838552,0.16417825,0.512328,-0.45009923,-0.12662345,-0.011256336,-0.12504606,0.31420502,-3.4288926,-0.3172854,1.0675513,0.049190793,-0.8001523,1.198839,-0.09605331,-0.6957871,-0.32326868,-0.0050760657,-0.2340814,-0.1346049,0.74748665,2.274671,0.094362855,-0.264939,-0.014299786,0.14629963,2.0258193,-0.024131227,-0.7514448,0.13766593
G8JZS6,-0.12362195,-0.44467208,-0.07025009,0.14961948,0.27798423,-0.038866814,-0.072025694,0.00017492147,-0.027817419,-0.8226359,-2.095874,0.07665282,2.2058935,-0.032351993,-0.8892303,0.5468643,-0.099174544,-0.6420919,-0.6189825,0.2565772,-1.230507,-0.025701288,3.3821914,0.6564368,0.07073824,0.30741253,0.023377653,0.03245517,-1.1044623,0.039375618,0.04249135,0.20983621
O35250,-0.044797886,0.18289697,-0.045517202,0.10239143,0.07448656,0.051631123,-0.037739012,0.009139887,-0.028080031,0.31022495,-1.3562225,-0.011565511,0.35691258,-0.027277222,-0.8272293,0.23590164,-0.048371494,-0.2667167,-0.027970081,0.33279613,0.008675851,-0.0054798597,1.0293068,0.8443969,0.038388275,0.10910603,0.00013239605,0.044997793,0.04030952,0.009421389,0.05392021,0.12648022
Q08438,-0.10529137,0.19610548,-0.056530137,0.15310673,0.44172028,-0.067564055,-0.050905913,0.0078269625,-0.021168249,-0.12651749,-2.0685446,-0.01476073,0.899848,-0.05612302,-0.117913835,0.315968,-0.07656888,-0.7092146,-0.2817466,1.3753525,-0.37669435,0.011899007,0.904578,0.9504443,0.07227797,-0.029057207,0.008589681,0.01153709,-1.1948012,0.03786802,0.25665072,0.0940308
O22287,-0.07102711,0.30556536,-0.09601199,0.1631133,0.27853832,-0.30715615,-0.10279088,0.0052091843,-0.0656517,0.36979467,-3.3450797,-0.40983647,1.8014249,0.0809331,-1.2484813,0.15928116,-0.10000786,-1.1601377,-0.44376412,0.15610044,-0.8840712,-0.08206378,1.7637674,1.5284772,0.06800428,0.22514147,0.02026957,0.10803258,0.45402753,-0.0053517246,-0.5221889,-0.09481425
A6NI73,-0.052996464,0.07370129,-0.0636969,0.10494042,0.46644667,-0.04937143,-0.04798172,0.006201613,-0.044142816,0.11077508,-1.3405938,0.16567127,0.81359357,-0.005443424,-0.33231702,0.08673391,-0.058781426,-0.95294225,-0.59568846,0.83922005,-0.625722,-0.046791885,1.4027995,0.6752625,0.048728697,0.1309604,0.022582123,0.08635895,-0.13375716,0.0007989398,0.02666423,0.25485405
P10276,-0.06315072,0.198294,-0.08119816,0.12737344,0.34258485,-0.08232472,-0.07094519,0.0105789965,-0.06013397,-0.06880886,-2.211715,0.24011125,0.9400873,0.15200837,-0.5520203,-0.05432479,-0.07375025,-0.7276613,-0.1458269,0.2113374,-0.063283995,0.005252862,1.5978754,1.5241541,0.072109185,0.11670872,0.0069724685,0.058726422,-0.28894117,0.004570504,-0.17679222,0.061961967
Q9AIS0,0.03948011,0.5476279,-0.1926521,0.09317694,0.22024877,-0.118764766,-0.17782232,-0.022821406,-0.21777083,-1.113148,-3.3621216,-0.030645713,0.45571965,-0.1473763,0.97911036,1.5534252,-0.07384855,-0.7730032,0.48036483,-1.5682924,1.7202531,0.031535357,1.4171554,6.2286997,0.12360129,-0.538443,-0.054277208,0.1131158,1.1020149,-0.037507366,-0.26865655,0.028187808
O75943,-0.0465193,0.23933019,-0.09900043,0.13163315,1.1308881,-0.05821592,-0.106617205,0.027778685,-0.07875152,-0.42157885,-2.954576,0.3984644,1.6900586,0.30828238,-0.08018046,-0.660847,-0.08172295,-1.7826558,-0.49244165,0.39019212,-0.1928934,0.05773036,1.139495,1.8295957,0.0773008,0.2153361,0.03332217,0.05928648,-0.4773974,-0.023204533,-0.30809587,0.005669583
P01867,-0.038256153,0.53100175,-0.08776951,0.11991448,1.188509,-0.08556612,-0.10648818,0.011666851,-0.06826435,-0.04266481,-2.7340748,0.3114897,1.8953304,0.11792326,-0.31142566,-0.39964375,-0.07530692,-2.087894,-0.8502635,0.82464576,-0.70760435,-0.012014827,1.0660179,1.3460574,0.053803485,0.19132414,0.050293323,0.06621127,0.062734365,-0.01601276,-0.38076195,0.106741756
P36006,-0.050276477,1.0774925,-0.073165074,0.14713734,0.41044116,0.215494,-0.10057122,0.0023650066,-0.06098467,0.57574445,-2.809119,0.4267512,0.6503515,-0.09497431,-1.3068674,0.3152845,-0.08518604,-1.1410376,-0.21463841,1.0267859,-0.2786355,0.055685256,1.760844,1.6858329,0.04506696,0.46968853,0.021012656,0.06791581,0.08824419,-0.04105621,-0.25374255,0.11006283
P02293,-0.049999967,0.40350413,-0.09790585,0.12826519,0.4625559,-0.26335597,-0.122281514,0.0046188054,-0.076585345,0.18419981,-3.2613814,-0.03231595,2.2601378,0.30990246,-1.6752824,-0.41747102,-0.09389136,-1.5640901,-0.5714747,-0.16890776,-0.73521775,-0.038931023,2.78306,2.2221422,0.05308923,0.55443376,0.037271913,0.087686054,0.33938804,-0.015171259,-0.7677462,0.0499295
P0AF36,-0.10761594,-0.35046995,-0.055788532,0.13814703,1.1943216,-0.1365543,-0.048215505,-0.006075386,-0.024121288,-0.30662856,-0.8792573,0.80493486,0.67818,0.16351493,0.38251203,0.32060778,-0.06667211,-0.7360667,-0.97008777,2.1196969,-0.8695404,0.026665786,1.2553878,0.41150364,0.074538186,0.13435929,0.0188767,-0.031712152,-1.0818261,0.046189025,0.24775782,0.62737954
P11488,0.0028803009,0.27549636,-0.10394061,0.09003338,0.3549618,-0.27969304,-0.09129401,0.0006815493,-0.108090885,-0.18027316,-2.2183974,0.78781384,-0.14168628,0.3153177,-0.6512625,0.48605326,-0.05650923,-0.2585954,-0.046750765,-0.894919,0.37788016,0.010993586,1.6400723,2.5575123,0.074096665,0.21196628,-0.027819272,0.047111258,1.1348832,-0.02372437,-0.5984119,0.23851211
O75970,-0.060217045,-0.49238148,-0.043741386,0.08299099,-0.26627868,-0.07696582,-0.020951834,0.009924025,-0.026428498,-0.51557267,-0.55792546,0.36586714,0.17985189,0.10858316,-0.3976956,0.2825483,-0.048776165,0.38526872,0.044980675,-0.5071845,0.09986435,-0.0055375732,2.1277723,0.66042185,0.053301066,0.16392076,-0.016003259,0.022257654,-0.6153765,0.017715495,0.24638098,0.29515225
P82612,-0.065491624,0.43661565,-0.08534486,0.15581849,0.6014272,0.07162927,-0.06831852,0.015962373,-0.058166556,0.00784329,-2.690506,0.023634786,1.1597898,-0.050620448,-1.4645642,0.28477663,-0.08227903,-0.64079314,-0.2451537,0.5578967,-0.50045836,-0.027428433,1.5457029,0.88891184,0.06594724,0.24980064,0.01254298,0.11739713,0.20682822,-0.004864535,-0.4142738,0.15275042
P03087,-0.008553279,-0.04237493,-0.09164727,0.092929,1.428193,-0.13082668,-0.110650554,0.009356097,-0.0868375,-0.19623442,-1.8592281,0.87005705,0.96999526,0.21627323,1.115015,-0.45217448,-0.05555717,-2.1611435,-1.0134025,0.46580362,-0.35543332,0.03561754,1.0317683,1.7768313,0.060163498,-0.02969437,0.035772767,0.023883492,0.18758439,-0.024350068,-0.018854327,0.29530078
O76071,-0.00991898,-0.18972524,-0.1179653,0.10724101,0.1970255,-0.24798207,-0.10348725,0.0028794687,-0.11774701,-0.8927743,-2.7158427,0.49476558,0.23942825,0.16308002,-1.0517083,1.0873065,-0.07305908,0.009080743,-0.08460908,-1.6983185,-0.07326789,0.017450746,2.9825015,2.9601407,0.08124107,0.51426333,-0.04334657,0.07449837,0.86463565,-0.028588217,-0.48076993,0.2740731
A0A0H3L5C8,-0.040927917,-0.40448663,-0.050678506,0.082510665,-0.26686692,-0.097701065,-0.029804751,0.011486353,-0.034921847,-0.24846384,-0.77402824,0.041134626,0.36324728,0.050823078,-0.5716896,0.26497388,-0.05043652,0.13537022,-0.1605605,-0.8244819,-0.49044707,-0.032435298,2.041005,0.54222304,0.04247289,0.3567687,-0.008131924,0.06458991,-0.03554199,-0.003977429,0.10422999,0.13313779
O75330,-0.108241074,-0.45808223,-0.044814557,0.13464378,-0.3648217,-0.042310458,-0.027906,0.009277858,-0.010523365,-0.01237787,-1.2376168,0.22872083,0.6138336,0.16546823,-1.239532,0.3820548,-0.075366475,0.49072722,0.08389119,0.117527686,-0.13901536,-0.0047333767,2.6795542,0.4567949,0.064179026,0.15165162,-0.0092327455,0.018325606,-0.5957385,0.04022832,0.05162275,0.24460082
P05031,-0.009415848,0.8771702,-0.09701067,0.099543974,0.42200106,-0.14576499,-0.119167455,0.002709601,-0.08906727,0.069870606,-2.6515613,0.1820021,1.1155213,-0.04370224,-0.24000049,0.19767597,-0.07299684,-1.6482176,-0.7501589,-0.38453302,-1.0119698,-0.003270658,2.0862865,2.3685567,0.046747323,0.40001392,0.0277268,0.06395876,0.6429681,-0.025543388,-0.40919977,-0.063257605
Q05516,-0.057956733,0.34452358,-0.08925308,0.14161006,0.43013468,-0.15704477,-0.07297518,0.008319723,-0.069246635,-0.14195131,-2.499812,0.16846474,0.8333004,0.123882435,-0.84733164,0.06216183,-0.07513181,-0.35119164,0.07447213,0.021040777,0.20243804,-0.0247019,1.0254456,1.4625105,0.080135725,0.057756353,-0.006258587,0.07289867,0.05738199,0.0021837652,-0.38600498,0.10252733
P10768,-0.11365525,-0.66820115,-0.050168756,0.14844893,0.24121165,-0.16869514,-0.03579324,-0.0047333837,-0.011308461,0.046791527,-1.3476673,0.052360028,1.1993773,0.21553904,-1.3390695,0.2663062,-0.07833285,0.132237,-0.38468423,0.5320432,-0.93940353,-0.04659127,2.3213434,0.015588984,0.06273166,0.28593734,0.0026612293,0.024131278,-0.41348752,0.041385923,-0.120245695,0.2778827
P0AFX7,-0.03724037,-0.062473632,-0.08728569,0.11603975,0.69482523,0.0100302305,-0.08634271,-0.0060286867,-0.080525495,0.72865665,-1.714077,0.76348644,0.13887808,0.12735903,0.015005374,0.25545454,-0.057573758,-1.2317232,-0.48721713,0.95514375,0.29916996,0.017176833,1.8362684,2.1461303,0.064661615,-0.24242976,0.0069964365,0.04920178,0.6803552,0.0064106295,0.028053075,0.4279243
P13458,-0.09249642,0.49739385,-0.086416945,0.13583776,0.01948426,-0.08913914,-0.09260424,-0.00073990726,-0.055329114,0.52602226,-2.8896585,0.08665902,1.9189785,0.12053443,-1.8604984,0.149257,-0.10116564,-1.5449271,-0.8258163,0.70510775,-1.4530529,-0.033763118,4.037662,1.863362,0.052125726,0.667454,0.043474264,0.10465514,-0.13647632,0.00972419,-0.46027344,0.055053346
Q9NP31,-0.101869255,-0.63053715,-0.08826772,0.15259321,-0.063948065,0.07477818,-0.09458243,0.008847216,-0.06020447,-0.35705316,-2.3464217,0.17008528,1.7334235,0.44003075,-0.5748164,-1.2124263,-0.087621026,-0.19196159,0.6109396,-1.8964823,0.6124642,0.12675497,3.4175944,2.5069466,0.094853476,0.2829562,-0.010963996,-0.014691581,-1.4014218,0.031020248,0.030476052,-0.33782884
O60565,-0.017508384,0.57734686,-0.093576446,0.10554769,0.6214877,-0.14020756,-0.105863705,0.0039788224,-0.08306992,0.106421806,-2.4776845,0.13621116,1.2670377,0.15918003,-0.39755246,-0.2032611,-0.06834269,-1.3535055,-0.4580993,-0.18131742,-0.46825084,-9.043068e-05,1.2669957,2.019931,0.055569954,0.23990074,0.022789504,0.056539558,0.51997775,-0.01963146,-0.48219523,-0.06844773
P19835,0.027897388,0.29575536,-0.123380974,0.10055916,0.66982347,-0.3335116,-0.12520757,0.0014957953,-0.12725575,-0.86159784,-3.0698628,0.009350794,0.9135212,0.14908645,-0.68883884,0.6719869,-0.06529726,-0.38742566,0.020869125,-1.655563,0.22189173,-0.026991118,0.6477214,2.7552,0.07414347,0.18576953,-0.02786997,0.071340166,1.4293032,-0.04514849,-0.8049315,0.043012463
P25858,-0.059886165,0.10964777,-0.0651769,0.12516974,0.47846875,-0.118869,-0.055417564,0.016724968,-0.04002122,0.09867957,-2.2475193,0.09312122,1.2636831,0.1968335,-1.1165154,-0.24999079,-0.06930821,-0.78762937,-0.17350534,0.48259443,-0.08142488,-0.048036855,0.97123486,0.5777145,0.05700562,0.0683191,0.01768979,0.07928374,-0.005662796,-0.001128278,-0.3273755,0.10559206
P0C7R1,-0.0459214,-0.8461935,-0.12419566,0.12987413,0.8954004,-0.13053855,-0.12361483,0.020711659,-0.106679484,-1.5678948,-2.6469803,0.09631868,2.2041323,0.19699919,0.45839658,-0.35602462,-0.08976291,-1.1836919,-0.40984982,-1.6452503,-0.4198749,0.042559076,2.394045,2.1970031,0.095189,0.429984,0.0068071843,0.08443156,-0.7578428,-0.03229987,0.011492878,0.0021108508
P08487,-0.07382206,-0.8681321,-0.057836186,0.11036054,-0.21733068,-0.026204148,-0.03166778,0.017184695,-0.03695053,-0.40796414,-0.9776384,0.42277947,0.35534582,0.21983343,-0.9178254,0.17866789,-0.06220256,0.4993968,0.13525917,-0.7871879,0.20994651,0.015700826,2.7982857,0.81353194,0.065067954,0.34366417,-0.021238215,0.05319914,-0.44426742,0.010708521,0.17675097,0.34698597
O35381,-0.104413405,1.0422661,-0.065948725,0.19051972,1.3774918,-0.29491138,-0.12146847,0.012291998,-0.0148641635,0.5176816,-4.5127583,-0.23139961,3.8591022,0.08567047,-3.085907,-0.59464955,-0.11775695,-2.5534716,-1.1940653,1.9818991,-1.6190976,-0.14679222,1.7431461,0.06008351,0.027722511,0.6281685,0.09457913,0.10478581,0.1677255,0.0066589527,-1.0916533,0.31244645
A0A2P1GIW3,-0.16340248,0.51015913,-0.03542328,0.18455893,0.113404155,-0.16727369,-0.047974523,-0.0040240013,0.021580387,0.21656623,-2.7478135,-0.0009250641,2.0951061,-0.03970532,-2.5415542,0.6336264,-0.10634531,-0.4243766,-0.3932733,2.065013,-0.85469985,-0.10067804,2.523322,-0.10518345,0.05440869,0.14784,0.03350462,0.015606718,-0.9097512,0.076012164,-0.37585014,0.4040996
P60953,-0.03120907,0.10850467,-0.0988313,0.13058083,0.5499286,-0.18402624,-0.097829625,0.00946286,-0.08481178,-0.168228,-2.8262024,-0.021893844,1.0182034,0.1813255,-0.6291901,0.1703547,-0.07444049,-0.75341606,-0.10057079,-0.3763351,0.005362156,0.00077936007,1.056008,2.088296,0.07384602,0.114799574,-0.006077388,0.06560473,0.44655618,-0.016818259,-0.396686,-0.013871677
P06789,-0.015986126,0.77417296,-0.11340748,0.10506345,0.775446,-0.24142812,-0.123480484,0.0018035437,-0.10643765,-0.7684173,-2.8422604,-0.23927714,1.7436792,0.051471446,0.05773717,-0.012827098,-0.0715197,-1.2918901,-0.16422889,-0.1278159,0.23891744,-0.0032159984,0.12819487,2.9367213,0.07428954,0.21557525,0.012082996,0.066559955,-0.2132706,-0.021179356,-0.35529825,-0.015842378
Q96VN5,-0.084200464,-0.74565107,-0.09635057,0.14089386,0.57958,-0.050142705,-0.07636772,0.012603317,-0.06364999,-1.0568858,-2.0839577,-0.35232776,2.3157094,0.09132192,-0.12320692,-0.037724454,-0.08997937,-0.7348296,-0.30239555,-0.23343222,-0.5569173,-0.037099667,1.7321423,0.88303775,0.08739539,0.0074227965,0.016302606,0.09808249,-0.87792766,0.0004976839,0.008408338,-0.0010567649
O97364,-0.030119414,-0.9226544,-0.12569539,0.15414988,0.68327165,0.02827201,-0.11764405,0.016564185,-0.11250209,0.43727425,-3.1381788,-0.010216464,0.716216,0.38701785,-0.6030907,0.12928194,-0.08736793,-1.3122711,-0.6088645,-0.80985373,-1.049985,0.105038114,3.2716644,2.9860952,0.08193725,0.4847645,-0.010718142,0.1070348,0.87720823,-0.04404561,-0.22821404,-0.20243299
O66198,-0.11548249,0.4708487,-0.08835757,0.14955993,-0.12345642,0.55366564,0.07613967,0.0703987,-0.05402953,0.33813864,-1.1435994,1.1230793,-0.5626462,0.4063732,-0.7753263,-1.6496979,-0.06924687,0.2626437,1.0902224,1.4985782,1.5601777,-0.031046152,0.8335368,-1.3960222,0.13724262,-0.86809427,0.008174973,0.2902383,-1.3020002,-0.012335795,-0.2935745,-0.20039721
Q9P2N6,-0.078655824,-0.13169846,-0.08483303,0.111971565,0.30165374,0.009020336,-0.05685101,0.003926266,-0.06415994,-0.084072165,-1.4105791,0.6817172,0.98637134,0.31259695,-0.35077834,-0.16992426,-0.0711818,-0.57218814,-0.14052667,0.5114599,0.20291503,0.01067387,2.0599918,1.2655416,0.08409673,-0.02659846,0.012881926,0.058261305,-0.449739,0.017692892,-0.1212306,0.19086522
P06983,-0.09768797,-0.3977356,-0.06613105,0.14025815,0.7302296,0.07833294,-0.07595785,0.015367894,-0.029649695,-0.71351546,-1.7684184,0.37639084,1.7207052,0.10079347,-0.22316515,0.10873201,-0.0869365,-0.92835784,-0.7716662,0.47442374,-1.195752,0.058847662,2.7164443,0.66877466,0.065830596,0.3493453,0.030970147,-0.0005090653,-1.0387214,0.02087607,0.08410343,0.20703636
P11880,-0.06256053,-0.89878714,-0.11158903,0.11332397,1.2410619,-0.38233536,-0.098382,0.023402672,-0.09382488,-1.8919337,-1.6490003,0.8254763,1.7868412,0.16049336,0.8162931,-0.17526719,-0.086216584,-1.4544132,-1.2010388,-0.16820548,-0.82831234,-0.03746803,2.7435994,1.265653,0.08911428,0.6501682,0.02809794,0.1205005,-1.2214941,-0.032392465,0.20125195,0.8118378
O75821,-0.099111356,-0.31582102,-0.06578593,0.13206078,-0.12610427,-0.20060289,-0.055344705,-0.004392085,-0.038454615,-0.3628198,-1.8825665,0.29663783,1.0086406,0.24475293,-1.2535661,0.1689244,-0.07760935,0.23245776,0.2164827,-0.27894327,0.322048,-0.019123735,2.7346869,1.4699812,0.07687613,0.08359677,-0.016444214,0.009752604,-0.7210409,0.04217471,-0.15129124,0.26080552
Q9NUX5,-0.060566675,0.06305683,-0.092911065,0.1347404,0.6486967,-0.105008416,-0.085003324,0.012503501,-0.07325004,0.06975532,-2.4240873,0.3328176,1.1018436,0.2830818,-0.30969322,-0.32351893,-0.07676326,-1.0999149,-0.20092826,0.53455776,0.21546741,0.013964099,1.2722692,1.7928694,0.08123152,-0.02751335,0.013298444,0.065555476,-0.18794785,-0.0017073929,-0.21756537,0.10202293
P16885,-0.046191983,0.24631844,-0.1051407,0.12095402,0.31343898,-0.031624235,-0.073586844,0.004756204,-0.09172367,-0.13329509,-2.2786665,0.18254524,0.6999416,0.04546898,-0.27959386,0.36074978,-0.072602764,-0.77135015,-0.09938333,0.2414803,0.10441521,-0.021396048,1.4947075,1.9825855,0.085121304,-0.13477999,-0.0021072528,0.11225466,0.10174294,-0.0069953343,-0.19045584,0.04410547
Q969T4,-0.07801415,-0.024194606,-0.090413496,0.119361095,0.24350691,-0.11843145,-0.058702465,0.0034905486,-0.07295805,-0.21362394,-1.850214,0.86986744,0.25345385,0.23150906,-0.68501437,0.5099963,-0.07613867,-0.50586116,-0.39587247,0.62375456,-0.23660451,0.016740266,3.0087826,1.8848934,0.085153356,0.2896905,-0.00543038,0.068715885,-0.39744172,0.012055897,-0.12524761,0.40817976
O75971,-0.14185242,0.33714485,-0.10311912,0.19391179,0.27001318,-0.04594715,-0.06510393,-0.004070946,-0.058892194,0.6086326,-3.0969377,0.16607955,1.7114902,0.13438576,-1.6746484,0.06635073,-0.11432749,-1.0435332,-0.41463298,1.5040908,-0.93805146,-0.07353586,3.123544,1.0757734,0.0997707,0.03536576,0.027230201,0.14129233,-0.4479965,0.035174295,-0.4836709,0.0036181435
P54066,-0.015745247,0.46023032,-0.15519367,0.103035234,-0.3590075,-0.1842136,-0.14060648,-0.021836264,-0.16309604,-0.5065276,-2.9160652,-0.09677335,0.64107794,-0.11222907,0.3104657,0.6957099,-0.080938615,-0.88442135,0.15012895,-1.7096968,0.44651413,0.013138078,3.3696473,5.22068,0.10068669,0.116755396,-0.032993708,0.11710622,0.06110463,-0.015163512,-0.057731956,-0.13218515
Q9BRJ7,-0.048860785,1.144704,-0.10889431,0.13158517,0.97238976,-0.26379833,-0.13822116,-0.004784593,-0.08582029,-0.36935818,-3.8116827,-0.65336686,2.972905,-0.03551046,-0.48235396,0.16425796,-0.093518734,-2.2258291,-0.47583577,1.4724685,-0.08094362,-0.077296644,-0.19540101,2.6141427,0.06786968,-0.19194359,0.049423754,0.07596407,-0.25590894,-0.0005816349,-0.5533944,-0.052770447
P21243,-0.0875635,-0.4136908,-0.08315786,0.14495575,0.4938463,-0.090216875,-0.066056326,-0.002930194,-0.05188224,-0.04652378,-1.5523446,-0.31727153,1.3289764,-0.057045147,0.08255941,0.5595261,-0.08171571,-0.8119308,-0.7489169,0.94345,-1.231863,-0.039273947,1.485263,0.8697779,0.07270759,0.13325776,0.016925186,0.08333768,-0.3489467,0.013588811,0.19060858,0.11304037
P62258,-0.06347647,0.13753137,-0.09104529,0.13456199,0.43423912,-0.13302572,-0.080446236,-0.007113673,-0.069866866,-0.08153363,-2.1923406,-0.062709995,1.0343477,-0.1217445,-0.0700063,0.76313657,-0.07686068,-0.8984645,-0.4125746,0.78826755,-0.33583394,-0.05982687,1.2011966,1.5857818,0.0751041,-0.23519138,0.006115751,0.07545877,0.07241827,0.013594431,-0.019670438,0.16818112
P09056,-0.06267741,0.15681614,-0.08468831,0.1365549,0.5572857,-0.028573865,-0.07347437,0.012476745,-0.060660783,-0.24531347,-2.0974202,0.18341333,1.114727,0.014069562,-0.50962347,0.119771786,-0.07771039,-0.7460541,-0.4341376,0.16173194,-0.6940287,-0.00575755,1.6856935,1.013909,0.068813466,0.30807987,0.014482383,0.080661416,-0.13724269,-0.0035919086,-0.1720087,0.1192571
P20809,-0.08111396,-0.23084782,-0.084582694,0.14432336,1.289309,-0.12684074,-0.07583736,0.019610018,-0.05420688,-0.74187034,-2.2786126,0.24253789,1.6864815,0.25675324,0.060320582,-0.3824795,-0.08018852,-1.302974,-0.6717273,0.98601264,-0.68553567,0.033395194,0.8133617,0.9441782,0.08275645,0.31847745,0.025980704,0.0473837,-1.1276587,-0.0012259897,-0.044406965,0.16511267
O15212,-0.009973068,0.23253347,-0.12401088,0.1294766,0.6957664,-0.11296579,-0.12839514,-0.007416326,-0.11982174,0.47101325,-3.180746,0.2085234,0.5078096,-0.004200503,0.06696414,0.95824945,-0.076722145,-1.6960058,-0.6637914,0.24760303,-0.47634327,0.0023990665,1.7339952,3.0961251,0.07588469,-0.19916132,-0.0010829226,0.08387969,1.3861375,-0.022638258,-0.27918705,-0.0028527603
P02942,-0.037886556,0.067017116,-0.0946706,0.11631739,0.69680905,-0.12171821,-0.10441844,-0.0021532963,-0.0816354,0.029204698,-2.520286,0.04988048,1.3142339,0.2488377,0.023773214,-0.21093388,-0.06844623,-1.3544873,-0.22675762,0.17741136,0.15721728,0.027318358,1.0757394,2.510738,0.07226286,-0.14777634,0.010018463,0.024072757,-0.0384988,0.0010266403,-0.19421697,-0.07774787
P32835,-0.12612315,-0.0043146345,-0.074439146,0.17499137,0.46047673,-0.055038616,-0.07421194,0.016145244,-0.028723644,-0.26540905,-2.828605,0.057923596,2.1474972,0.08630847,-0.7989906,-0.1757628,-0.10442981,-1.1044636,-0.3603663,0.8494661,-0.61433583,-0.024743697,2.1867752,0.6145633,0.081887215,-0.013438463,0.033449657,0.055355012,-1.0975156,0.03055031,-0.113151275,0.02094092
P18239,-0.08342777,-0.07418661,-0.061345704,0.15318136,0.601164,0.08997017,-0.067290075,0.014729337,-0.02395344,0.048624244,-2.1215634,-0.24591008,1.5993546,-0.057834376,-0.82503945,0.29202804,-0.083792195,-0.9278,-0.67137223,0.83857405,-1.3012127,-0.0036320095,1.7229595,0.32930216,0.050445814,0.23108277,0.030921487,0.054809153,-0.21504949,0.010284883,-0.06694577,0.05349689
P0AG40,0.02246733,0.077029794,-0.10427077,0.07612384,0.19311354,0.08188265,-0.10091172,0.0030306699,-0.106289245,-1.0850862,-1.9415619,-0.49025217,0.9174401,-0.10487721,0.34543782,0.339955,-0.050768044,-0.31300044,0.16974309,-2.293365,-0.15327263,0.05691597,1.3213037,2.7989354,0.061360676,0.15752226,-0.023900129,0.04618738,0.23472047,-0.032977697,-0.11082676,-0.38819605
P16686,-0.06680503,0.72109836,-0.066437125,0.13687994,0.9396618,0.0032437812,-0.066621184,0.0054465192,-0.038936216,0.7277478,-2.2918892,0.22056262,1.2560899,0.037554603,-1.1329771,-0.15533176,-0.07229274,-1.6256821,-0.9040831,1.7872049,-1.1904662,-0.029608935,1.3457763,0.6544525,0.043013416,0.36300883,0.047141135,0.08543452,0.10318702,0.00379815,-0.36333442,0.18468107
P0DPB6,-0.17097203,0.14438292,-0.042083018,0.1674394,0.2877506,-0.2667629,-0.035009075,-0.0026824393,0.009883258,-0.55424094,-1.4082932,0.75205916,1.2239444,0.17786816,-1.8882525,1.0327773,-0.101410456,0.47762442,-0.68194234,2.1157799,-1.1933289,-0.018107116,2.8307495,-0.1233291,0.07455803,0.76938677,0.015536081,-0.028828664,-1.3601525,0.07512599,-0.2550319,0.8192723
Q9NQX3,-0.06253891,0.13000423,-0.06958925,0.13764004,0.74704266,-0.021520117,-0.06731564,0.017163025,-0.045756247,-0.26971272,-2.136087,0.10695254,0.9193575,-0.0136379,-0.20690013,0.19725567,-0.06782741,-0.78297275,-0.2397157,0.81011957,0.0073373294,0.015545254,0.44883046,1.063052,0.0661838,0.0556431,0.008231017,0.044665888,-0.43937087,0.0052425987,0.0789712,0.20958869
P20042,-0.066629544,-0.2384018,-0.06969617,0.11163479,0.25538585,-0.017472241,-0.07310115,-0.000620325,-0.047524508,-0.06894523,-1.6473907,0.2564623,1.1929046,0.14165767,-0.2772285,0.14317815,-0.07016379,-0.7907663,-0.33797437,0.1821431,-0.27744216,0.00710756,2.2537303,1.394311,0.061289046,-0.07729707,0.014104426,0.014842547,-0.2562311,0.020806843,-0.004272197,0.10923427
C0LGQ5,-0.034422588,0.23733962,-0.088311635,0.1154683,0.7829743,-0.22029634,-0.08909655,0.0046780664,-0.075887434,0.17934646,-2.3879125,0.17180224,0.8976903,0.15989758,-0.37629092,0.12186301,-0.066644646,-1.3943243,-0.5774806,0.9052522,-0.2079165,-0.02150994,0.98286134,1.9871917,0.060446694,0.13095145,0.015461281,0.07627653,0.25095984,-0.013014384,-0.2254398,0.25850204
P06745,-0.08947345,-0.406893,-0.07251147,0.15380399,0.24179669,-0.06712923,-0.06268169,0.011022666,-0.041511886,-0.019299591,-2.096372,0.09622935,1.1721193,0.1574036,-0.73566675,-0.06387823,-0.081236586,-0.29319337,0.028140502,-0.027120445,0.0609004,-0.01676962,1.7937499,0.8411422,0.07738254,-0.07624674,0.00018492954,0.05144059,-0.29075187,0.02002593,-0.05870355,0.096751496
P13929,-0.09024806,-0.48597926,-0.06129841,0.14722468,0.381334,-0.11622511,-0.053886663,0.012956059,-0.028409198,0.014042777,-1.9675592,0.032631326,1.2722054,0.18471439,-0.9625853,-0.07275049,-0.078248,-0.47697154,-0.22988924,0.4552126,-0.25688416,-0.03342293,1.7650898,0.52913016,0.06472642,0.065675095,0.009421332,0.057216883,-0.38077587,0.017087564,-0.05551348,0.22479233
P03372,-0.053678557,0.23817857,-0.08670512,0.12671797,0.15180196,-0.04004839,-0.081394956,-0.003973302,-0.072286695,-0.12809882,-2.2074234,0.031350825,0.9182499,0.067490585,-0.50733715,0.12811072,-0.07640325,-0.5280907,0.07651368,-0.09937075,0.06408904,-0.0035365513,1.6121053,1.8407274,0.07220615,0.006933452,-0.0030535862,0.062359422,-0.24015737,-0.011152755,-0.1747178,-0.04497434
P01597,-0.0829932,-0.4849708,-0.061850328,0.13157912,0.2964859,0.115920186,-0.05579163,0.023339452,-0.03346829,-0.3413362,-1.6469035,0.43178356,1.2022573,0.1433982,-1.5335014,0.20867893,-0.07640565,-0.1335217,-0.2443153,-0.029791772,-0.29447967,0.034070008,2.7911844,0.60152704,0.055254124,0.66256535,0.009184018,0.066310816,-0.32951564,0.005512629,-0.021750957,0.43906724
O75344,-0.11005604,-0.075035624,-0.04559702,0.14457908,0.8757767,-0.15877986,-0.04476561,0.0074064503,-0.0052674883,-0.3952908,-1.501851,0.28113246,1.5453774,0.029111344,-0.7716681,0.31414583,-0.07797859,-0.65623444,-0.81155044,1.7502921,-1.0092585,-0.050688524,1.137378,-0.38618422,0.05589215,0.31714773,0.03291738,0.025496082,-0.8655245,0.03363811,-0.011622271,0.54050565
Q03790,-0.08398726,0.15594955,-0.076406494,0.15113315,1.0131514,-0.099616736,-0.086822405,0.016754571,-0.041980766,-0.25899845,-2.7877574,0.18155974,2.0172746,0.19176216,-0.6988535,-0.27592108,-0.08860799,-1.4501323,-0.61310095,1.0204871,-0.67720354,-0.0020004548,1.2455137,0.8209849,0.0681224,0.17569573,0.03850035,0.042469747,-0.5735321,0.007419589,-0.3036422,0.11058818
O95399,-0.074186,0.55920327,-0.07796242,0.14430642,1.2273301,0.046336025,-0.09340455,-0.005949066,-0.05006014,-0.36760417,-2.47383,0.21800116,1.6277483,-0.2642352,-0.54009724,0.7582678,-0.07907448,-1.5267969,-1.0597851,1.4968262,-1.3842556,0.0011755839,1.5975769,1.1848847,0.05345102,0.4155155,0.034922123,0.03787626,-0.37900376,0.018849459,-0.06064204,0.3533207
Q9NQX1,-0.12934144,0.024437513,-0.06274251,0.15789168,0.5259099,-0.053618465,-0.03897697,0.019141277,-0.021243514,-0.29751974,-2.125421,0.61079013,1.3989002,0.16087022,-1.2516748,-0.05006757,-0.090692095,-0.6674185,-0.41426393,1.4486768,-0.45245594,-0.025029225,2.2701797,0.120472796,0.07844068,0.29427814,0.026220629,0.07434659,-1.2045766,0.03083242,-0.10151316,0.4106461
P0AC19,-0.085256815,-0.4934775,-0.058261022,0.12901264,0.77893245,0.03037813,-0.056103103,0.014488562,-0.028038153,-1.0262952,-1.6644428,0.2576151,1.3605901,0.1605134,-0.28758502,0.06041035,-0.06876763,-0.33374107,-0.17925909,0.34846044,-0.103020936,0.056318924,1.3970343,0.796408,0.071226515,0.10671291,0.0031420602,-0.0177879,-1.2543693,0.025840191,0.12973455,0.24982715
P17555,-0.003439557,-0.10433055,-0.10201398,0.099669494,1.1546146,-0.2270385,-0.107219756,0.01002904,-0.093731314,-1.0381619,-2.4514267,-0.14787321,1.6506182,0.16191478,0.4448491,-0.10375521,-0.06179976,-1.264244,-0.36054528,-0.4388416,-0.039129,-0.00786163,-0.034702126,1.9443655,0.070788905,-0.035610665,0.007948502,0.051207174,0.008405148,-0.031363476,-0.2604265,0.011150573
P01575,-0.044000443,0.31708893,-0.08315458,0.11741971,0.7963458,-0.09235105,-0.08759418,0.011893556,-0.06515216,-0.09792407,-2.4198267,0.29239336,1.3048924,0.14758751,-0.47053957,-0.04882289,-0.07095451,-1.3418419,-0.49987775,0.61294353,-0.29059416,0.0014310488,1.1150738,1.4838822,0.06067822,0.18052427,0.024892675,0.05943021,0.004298245,-0.0088038705,-0.26715922,0.1467069
P02767,-0.08774425,0.43305406,-0.10912707,0.12862067,0.28813046,0.048204158,-0.09737971,0.0055174087,-0.08575642,-0.16155665,-2.4876544,0.48763275,1.6675851,0.31354147,-0.59667456,-0.22374809,-0.0945467,-1.1936039,-0.20559625,0.695536,0.04135064,0.05301345,2.8251696,2.5887375,0.09321092,0.13734512,0.027876938,0.06531512,-0.807398,0.014208701,-0.3330945,0.032083098
P06307,-0.0723099,-0.6202192,-0.099240795,0.15063286,1.3145895,0.05369944,-0.10500306,0.012568621,-0.071319915,-0.79624337,-2.3868427,0.108274214,2.2163372,0.071953505,0.14862709,-0.047549188,-0.085933395,-1.4607162,-0.6735885,0.47215092,-0.49693316,0.025252521,1.4695865,1.2766311,0.08087299,0.08929147,0.028798552,0.06408502,-0.5925124,-0.0023439208,0.08793612,0.23802608
O70201,-0.0040373076,0.16456935,-0.12325701,0.097643666,0.618641,-0.20065667,-0.13132349,-0.0069568455,-0.123363934,0.19868463,-2.4241462,0.040769234,1.2283105,0.18718426,0.8797297,-0.327668,-0.06697463,-1.8903288,-0.4229773,-0.3407377,0.12660573,0.00024772683,1.1742829,3.2863355,0.0764879,-0.1954831,0.016507521,0.07772323,0.50493264,-0.025821319,-0.1506841,-0.14346473
P09429,-0.0601987,0.1672415,-0.076316744,0.12804666,0.6342328,-0.15651274,-0.07401975,0.0074234223,-0.05374209,-0.041105423,-2.1907117,0.3181895,1.1065105,0.1250568,-0.62794507,0.13201325,-0.07366737,-0.93480164,-0.4620678,0.6632376,-0.35705346,-0.03257662,1.337517,1.0383376,0.063788615,0.08323746,0.01742278,0.056630366,0.046466697,0.0041357763,-0.2654091,0.24411137
Q96B02,-0.06674481,0.5061798,-0.07356825,0.14023496,0.48988253,0.09517597,-0.055145703,0.007752451,-0.052514683,0.3261931,-2.0938363,0.47878742,0.08888519,-0.014355647,-0.782513,0.6446986,-0.06733859,-0.4997828,-0.24326248,1.1450496,-0.22628954,0.037162147,1.3094105,1.3031845,0.068832934,0.13465863,-0.001967153,0.050412167,0.08335201,0.014478564,-0.1099831,0.20739856
P00445,-0.0817722,0.17322311,-0.061345465,0.14225623,0.75083375,-0.028407827,-0.062487468,0.0147535205,-0.029043652,-0.0073620854,-2.2060483,0.1558766,1.459568,0.061812192,-1.0940515,-0.019837216,-0.077738024,-1.0229411,-0.60806984,1.073655,-0.8218394,-0.014856048,1.5627714,0.4856794,0.05239756,0.37728506,0.030825071,0.06224032,-0.41481668,0.00935812,-0.17884007,0.2547021
P0CT31,-0.057825003,-0.41726992,-0.096847735,0.12087659,0.5723324,-0.15715316,-0.10218542,0.0008482064,-0.0754434,-0.9072227,-2.5006967,-0.07338994,1.9064451,0.26738024,-0.18608543,-0.063006684,-0.08166032,-0.88146013,-0.252508,-0.73292387,-0.40343967,0.027945627,2.1282544,2.1739142,0.08067017,0.10750503,0.0033509976,0.014429606,-0.6214057,0.004357115,-0.21647045,-0.1105203
P08254,-0.04062002,0.23122063,-0.080427304,0.1240871,1.1184295,0.062256176,-0.088572584,0.022075709,-0.062426403,0.35545737,-2.295283,0.72475934,1.1394485,0.32185945,-0.30110702,-0.7877758,-0.06737685,-1.6912524,-0.5936355,0.62464267,-0.30400977,0.057774678,1.30784,1.161363,0.059680693,0.18004575,0.038401347,0.046942305,0.14915444,-0.015713511,-0.31094104,0.083230756
P07492,-0.101398356,0.70945513,-0.069247276,0.13929085,0.49613714,0.13430224,-0.04317228,0.022447173,-0.035142902,-0.50767195,-2.1987529,0.48877296,1.2286365,0.024244301,-1.3397393,0.28456032,-0.083375104,-0.54329777,-0.24987248,1.4321955,-0.37411702,0.01882688,1.6894852,0.5866402,0.07285819,0.40868396,0.02436942,0.07675698,-1.042577,0.018433291,-0.24415499,0.2756778
P0AFX0,-0.050038654,0.17672876,-0.084242135,0.119067326,0.3859969,-0.3526861,-0.070521854,-0.005169251,-0.06969069,-0.96570045,-1.9382684,0.3906637,0.619944,-0.048150547,-0.5391378,0.9651041,-0.067943536,0.20917305,-0.016029144,-0.15790129,0.35977083,-0.08517732,0.95060253,1.2752663,0.07901984,-0.063054815,-0.022663971,0.042018015,0.14792106,0.014113614,-0.2832482,0.52706015
Q96SB4,-0.10038048,-0.17544483,-0.074131265,0.14493516,0.6161851,0.0036365476,-0.051630013,0.0220978,-0.037856866,-0.45291042,-1.9631077,0.4486416,1.6005201,0.23656408,-0.99754316,-0.089958146,-0.08719064,-0.5635619,-0.369145,0.78412455,-0.50051886,-0.009083344,1.8465471,0.1246378,0.07868522,0.2480273,0.025637534,0.075683795,-0.6585359,0.011149918,-0.25067154,0.24565826
P06151,-0.14821355,-0.20939389,-0.045215312,0.18294153,0.030595617,-0.033498537,-0.025185477,0.012235969,0.005939112,0.53932697,-2.1774788,0.25743774,1.4464436,0.329322,-2.4445527,-0.06193214,-0.09546896,0.24685444,0.14078753,1.1662643,-0.10188832,-0.050912235,2.1823497,-0.4902793,0.07383474,0.030826854,0.012290929,0.04592514,-0.4111821,0.054107826,-0.43407112,0.21955875
P0C0L5,-0.04441443,0.14429083,-0.10066553,0.14056556,0.79206777,-0.24060583,-0.081373625,0.005237801,-0.08267115,-0.12678626,-2.654055,0.05293697,0.87605655,0.119753316,-0.6525452,0.37152305,-0.07637924,-0.8168855,-0.4356428,0.38843772,-0.54002553,-0.04333074,0.91484797,1.4912589,0.07821646,0.17222321,-0.0009974273,0.10072029,0.4291067,-0.015149474,-0.41873178,0.13555834
P0ABU9,0.0024703753,0.30995852,-0.13538234,0.11252402,0.609012,-0.24461304,-0.14273097,-0.009184738,-0.13494132,0.02577035,-2.8709319,-0.04963723,1.2270176,0.14356552,0.1718123,0.2557376,-0.0765462,-1.3911754,-0.39557323,-0.7576555,-0.20407656,-0.011585963,1.2867318,3.2907443,0.080022864,0.03673766,0.0032776475,0.08806534,1.1633223,-0.033305034,-0.5005603,-0.12196811
P04626,-0.05907853,0.16232437,-0.09126968,0.13485962,0.6453909,-0.015486944,-0.093875684,0.009533335,-0.06972668,-0.29400826,-2.4169414,0.122999005,1.3797433,0.107543506,-0.47550339,0.07374119,-0.07936835,-0.91770095,-0.32232445,0.16172728,-0.34659487,0.037024684,1.572403,1.7996693,0.07203425,0.29696584,0.013146645,0.04964974,-0.24885716,-0.00070988806,-0.18870337,0.064813755
P00883,-0.011000034,-0.021602929,-0.10217649,0.1370547,0.40069303,-0.21022661,-0.104338005,0.019714411,-0.08993906,-0.42647344,-3.2378204,-0.16477138,0.9499752,0.28353792,-1.1934608,0.15096971,-0.07661158,-0.08640055,0.3259674,-1.6010348,0.29417688,0.010607001,1.0161012,2.0708194,0.07577971,0.12645683,-0.02711609,0.05658432,0.9818102,-0.03182046,-0.72812563,-0.14531149
P09960,-0.06548261,0.14619529,-0.07991244,0.12746029,0.18139815,0.01063454,-0.07526626,0.004752775,-0.053529378,0.18026058,-2.1561365,-0.26412788,1.6569914,0.1333357,-0.7660729,-0.18908128,-0.07824371,-0.79858893,-0.1335851,0.041155953,-0.41894966,-0.014412797,1.5869154,1.2691456,0.063365184,0.044095278,0.021001112,0.066617996,-0.085527815,0.0073640984,-0.27659863,-0.20772721
P61459,-0.001526139,0.06409917,-0.11237083,0.07559799,0.3144197,-0.32164842,-0.08328175,-0.000583203,-0.11577588,-0.3049423,-2.0140662,0.4078518,0.47947225,0.23905453,-0.45454532,0.16891089,-0.05860559,-0.8793661,-0.3815875,-0.7005529,-0.11820249,-0.05358081,2.1155074,2.5083306,0.06972817,0.3436566,-0.007960524,0.13314906,0.61659014,-0.037635297,-0.40603942,0.22669783
P00558,-0.0891181,0.07767933,-0.060834657,0.15431206,0.4994984,-0.014559014,-0.046295825,0.01600857,-0.027707992,0.0500499,-1.8227764,0.383652,0.77212566,0.06585517,-0.82106364,0.16870394,-0.07630318,-0.23434798,-0.22960381,0.7635196,-0.36375836,-0.014234668,1.1855248,0.03751325,0.06960714,0.07904144,0.009841778,0.046885546,-0.15039536,0.019590804,-0.15606335,0.2372798
P52735,-0.030348033,0.12183907,-0.11631361,0.12737525,0.9723173,-0.1288148,-0.11083248,0.01144437,-0.103099875,-0.7127127,-2.9038923,0.43978563,1.366103,0.2689642,-0.065327525,-0.067807384,-0.07915781,-1.0689584,-0.22767527,-0.5025448,-0.019868532,0.027422287,1.1203071,2.0369241,0.092369325,0.003493463,0.004155168,0.05287765,0.21345772,-0.020101815,-0.50605017,-0.04058947
O04019,-0.115198374,-0.49318808,-0.07922662,0.17004225,0.1888701,-0.10689154,-0.07321486,-0.00037821708,-0.040565338,0.028726697,-2.3932576,-0.112342335,1.7491559,0.13888653,-1.4112506,0.13916893,-0.09787132,-0.42453325,-0.31087667,0.08984235,-0.8074939,-0.032504793,3.078297,1.0505521,0.07515607,0.3151426,0.008403797,0.06827128,-0.4397701,0.02893633,-0.16218808,0.123152
P04418,-0.112703234,1.4107448,0.0076635424,0.19553533,0.6950473,0.44099146,-0.022648687,0.047892798,0.057096142,1.1214293,-1.9886715,0.443356,-0.2135179,-0.13577005,-0.51659137,-0.2971834,-0.0621132,-0.27188993,0.17488272,2.383825,0.024805538,0.176208,-1.3481158,-0.90964526,0.0413623,-0.0048476905,0.025636366,-0.11113974,-0.881258,0.0538646,0.21172512,-0.13493438
O88587,-0.024526583,0.18828176,-0.11469817,0.1159221,0.77711016,-0.18619885,-0.11906392,-0.00010605153,-0.105109885,-0.25325605,-2.6390798,0.15665963,1.3421751,0.027655076,0.12368375,0.28940025,-0.077935494,-1.648536,-0.7272009,0.036960654,-0.57241255,-0.025873126,1.7504433,2.4297962,0.07123182,0.11083926,0.019042017,0.0949719,0.41511288,-0.023314897,-0.23773615,0.13511363
P13569,-0.061997544,-0.04897041,-0.08140812,0.14124238,0.34604076,-0.0974209,-0.06746391,0.0066643218,-0.05972788,-0.048593104,-2.1051888,0.25022626,0.61339307,0.049669564,-0.6647338,0.4845574,-0.07408359,-0.25400728,-0.121476635,0.08077,-0.08346712,-0.023716876,1.4760779,1.1104993,0.07457616,-0.01446188,-0.007890037,0.06193292,0.3017324,0.0074223764,-0.18140614,0.2025983
P76015,-0.014699324,-0.21267982,-0.085388914,0.097953826,1.1373252,-0.12854542,-0.08926652,0.011490271,-0.077349566,-0.1977447,-1.9744815,0.5379085,0.9064625,0.2430854,0.29083335,-0.06755512,-0.055404786,-1.478485,-0.6085452,0.5040545,0.04517406,0.005572758,0.63520604,1.5016555,0.06139106,-0.12633185,0.017383002,0.04492533,0.3907714,-0.020813279,-0.13194908,0.2915889
O15198,-0.08040466,0.73215646,-0.08213877,0.15395825,0.85921615,0.038414598,-0.07195863,0.01804435,-0.049917694,-0.10145855,-2.6118844,0.1950789,1.3310992,0.13169013,-0.7103285,-0.06595245,-0.08454025,-0.9590897,-0.37878618,1.1835706,-0.7094758,0.040859394,0.6993094,0.92032915,0.077304535,0.28511822,0.026663424,0.0486457,-0.4995068,0.006505056,-0.4037508,-0.06741103
P27635,-0.10655919,-0.15300247,-0.08112279,0.16040562,0.6353159,-0.07254408,-0.087128825,0.006483559,-0.047966614,-0.12688133,-2.5800285,0.3943962,1.7050056,0.17560577,-0.9472407,0.04231631,-0.09284267,-0.9851029,-0.3563147,0.9285892,-0.06685533,0.0043188212,2.31944,1.4309381,0.078738704,0.13894568,0.020446498,0.042400643,-0.66138595,0.028160224,-0.0971921,0.35507122
O64903,-0.075096354,0.35117102,-0.0738713,0.14306416,0.3061598,0.03680399,-0.08767479,0.017837059,-0.043283187,-0.29103184,-2.5577981,0.03999085,1.6582854,-0.04355944,-1.057182,0.17618713,-0.08854767,-0.8076567,-0.35498962,-0.062421016,-0.74392265,0.016939115,2.2782168,1.1413934,0.056548297,0.47003222,0.024102615,0.05228793,-0.3285124,0.004807023,-0.2028281,0.05082321
Q92569,-0.037352014,-0.24477117,-0.10806001,0.104127064,0.27644688,-0.27907696,-0.058252163,0.013994073,-0.10129757,0.39472085,-2.1549585,0.50330245,0.56776345,0.48877138,-0.8930636,-0.60564476,-0.0661058,-0.9695178,-0.09378354,0.035760198,0.53090185,-0.06850222,1.8418854,1.8424635,0.083768904,0.14033863,0.00054579094,0.18348388,0.38456464,-0.033137795,-0.3841372,0.20445655
P76014,-0.034251828,-0.46851042,-0.07860937,0.09835839,0.63222843,-0.12653871,-0.07426918,0.0046985173,-0.06573444,-0.67500526,-1.4300612,0.5021965,0.82979536,0.07410709,0.10618057,0.23477581,-0.060246598,-0.7188343,-0.6155501,-0.59709626,-0.6506653,-0.009825966,2.1731246,1.0939753,0.05983076,0.20176421,0.0037620238,0.04152047,0.04034057,-0.007878188,0.0029698524,0.29581562
Q74JU6,-0.052692324,0.29551214,-0.086765304,0.12482239,0.17653663,0.029042672,-0.092301264,0.0041054855,-0.07099648,-0.0420193,-2.310003,0.4664727,0.67174053,-0.006496451,-0.5170158,0.5900129,-0.07523807,-0.6521501,-0.1796364,-0.19065121,-0.07284926,0.04109549,2.3336122,2.0845418,0.06817594,0.15170868,-0.0008139903,0.031160295,0.20778792,0.008644296,-0.10298897,0.11995869
P9WQP3,-0.10798463,-0.4722765,-0.065352395,0.17094587,1.0966976,-0.08658706,-0.07825059,0.020867504,-0.01978222,-0.21385118,-2.8068056,-0.06712949,2.7049031,0.25518823,-1.9547963,-0.27512962,-0.098881505,-1.2182024,-0.82503784,1.0316626,-1.2516271,-0.032280672,2.127387,0.0046370327,0.053622812,0.6447522,0.04601658,0.07864278,-0.485924,0.0061609503,-0.38769877,0.32753032
P39310,-0.1063639,0.37042508,-0.04615906,0.16805588,1.7301465,0.019743655,-0.0488839,-0.0006600048,-0.0051343823,-0.0052247643,-1.768113,-0.040022194,1.1779699,-0.13445744,0.19582175,0.46722847,-0.06630577,-1.2986358,-1.0382804,3.3310308,-1.2948558,0.029427052,-1.0049605,-0.009783678,0.060471702,0.118023306,0.034673452,-0.018484693,-1.140189,0.043097988,0.25144348,0.30966455
P0AEU7,-0.029864835,0.3318663,-0.09458959,0.13086171,0.64530194,-0.00017395947,-0.08834061,0.003085587,-0.08300727,0.88894516,-2.3372397,0.37435722,0.42849076,0.10881743,-0.33694395,0.13988371,-0.06570244,-1.218907,-0.40114596,0.5428893,-0.20076194,0.004230394,1.0281713,1.6811881,0.065855555,-0.0547907,0.010955287,0.08244424,1.0909066,-0.012020146,-0.2786945,0.013964587
P05030,-0.03824994,0.3142996,-0.08412612,0.10027931,0.5780343,-0.15438314,-0.08245437,-0.0010561893,-0.07326056,-0.5046344,-1.9297899,0.27999118,0.8829979,0.04330008,-0.07809602,0.47738627,-0.06109347,-0.76569486,-0.24416225,0.48351213,0.24838941,-0.006045114,0.79216874,1.9801497,0.067365065,0.01751007,0.0021980687,0.03371067,-0.16185187,0.004832524,-0.09297231,0.29339042
P47068,0.023538537,0.51073503,-0.07594802,0.121414326,0.9981871,-0.038042787,-0.13574357,-0.034525827,-0.10183231,-0.28157008,-2.3361552,0.6078709,0.57280946,0.20298427,-0.43785074,-0.29616585,-0.08014435,-0.86735946,0.41054574,0.5450234,1.1301916,-0.025563078,-0.67131615,1.140583,0.044014875,-0.15116839,-0.00062541757,0.062477782,0.18870969,-0.16988802,-0.5028797,0.2587351
O22822,-0.06411321,-0.12797317,-0.06423502,0.10905325,0.12368807,-0.025731958,-0.048669472,0.0065855603,-0.042160828,-0.2187871,-1.2428454,0.30922243,0.7361055,-0.033541895,-0.2978659,0.34815374,-0.065645926,-0.44345152,-0.40206787,0.08518374,-0.5635257,-0.033189856,2.1690364,0.62915325,0.057503805,0.08788357,0.009944565,0.061477985,-0.20235543,0.010713279,0.074133165,0.22702383
P37887,-0.08931157,-0.23327959,-0.07391535,0.14519742,0.1267256,-0.118338846,-0.07107095,0.010177722,-0.044077303,0.036769964,-1.99764,0.02407233,1.2301552,0.22535273,-0.50821006,-0.37313122,-0.08289948,-0.5123926,-0.10345133,-0.12236736,-0.24687195,0.012111517,2.1763163,1.3508781,0.07435113,0.16757083,0.0078099417,0.038685594,-0.6529897,0.01754423,-0.042711418,-0.008906853
P08312,-0.108495705,-0.4932953,-0.08464985,0.16538526,-0.15853684,-0.17089851,-0.0944637,0.0052043204,-0.050509583,1.0339377,-3.0376084,0.09267787,1.82841,0.65130186,-2.221118,-0.89518994,-0.103039004,-0.8029019,-0.039728314,-0.5238207,-0.33167928,0.027333425,4.070057,2.0990865,0.072187625,0.5397411,0.0135573605,0.055617888,-0.041146796,0.018302826,-0.535368,-0.16798992
P21583,-0.033333555,0.091022216,-0.090964526,0.115746416,0.6135879,-0.1090159,-0.07654754,0.02146648,-0.0780328,-0.47288418,-2.3555593,0.46409696,0.8463846,0.30457836,-0.5629867,-0.25355136,-0.066519514,-0.5406757,0.07661254,-0.4106649,0.4784065,0.01990325,0.9696316,1.5354458,0.07843134,0.10171692,-0.0033880372,0.062815,0.059806664,-0.018000105,-0.39290586,0.10007543
O88554,-0.11833879,0.5594867,-0.07989156,0.1673777,-0.20129134,0.026812635,-0.07066046,0.0058518155,-0.04005427,0.95590925,-3.1766696,-0.05679798,1.6051286,0.205712,-2.4287345,0.40496764,-0.106337324,-0.82490987,-0.14452665,1.4717256,-0.45563906,-0.024023743,2.8822663,1.5337867,0.069838494,0.18103985,0.02598956,0.096185476,0.025644451,0.02990478,-0.560857,-0.028981246
P19414,-0.043351468,0.2760005,-0.09714418,0.124295376,0.07446954,-0.110891216,-0.10352516,0.003727957,-0.082520254,-0.047826644,-2.9421213,-0.21844949,1.3809379,0.2105226,-0.8858642,-0.16265498,-0.077378266,-0.70749533,0.2824865,-0.7929215,0.44769418,0.023485033,1.7025723,2.8090136,0.07293859,0.10351258,-0.0057058483,0.049569026,-0.02764113,-0.0014008152,-0.3552719,-0.21798493
P0C0V0,-0.045319982,-0.2360922,-0.106149636,0.13055056,0.59829336,-0.10141318,-0.11075464,0.005632497,-0.09269412,0.3968368,-2.5745387,0.32252172,1.0592157,0.35005316,-0.3773442,-0.28924748,-0.07929439,-1.4227911,-0.5208137,-0.16341029,-0.4317527,0.056935344,2.5475678,2.6363258,0.07373298,0.38112137,0.011337816,0.067628935,0.2670104,-0.015760623,-0.2041328,0.0033588593
P32527,-0.05108424,-0.057887565,-0.099973746,0.106182426,0.08927586,-0.097057015,-0.09330314,0.0022069348,-0.08810585,-0.7904799,-2.0355613,0.40561143,0.77541536,0.138138,-0.24799293,0.6138134,-0.07674501,-0.3871998,-0.17555787,-0.6638439,-0.11654847,0.05476774,2.8674562,2.7141657,0.081341945,0.33370653,-0.012896606,0.030812271,-0.3806592,0.0024552487,-0.08184654,0.16561358
P40763,-0.04941857,-0.2291681,-0.099594794,0.12657943,0.711154,-0.15260665,-0.08918694,0.008548988,-0.08227699,-0.64053816,-2.2856705,0.15862663,1.2616383,0.1304281,-0.16265956,0.059723485,-0.076203,-0.8985892,-0.40321025,-0.2465082,-0.37264264,-0.0032415725,1.738254,1.7559103,0.078898266,0.22606124,0.003746533,0.07772967,-0.25384244,-0.01171875,-0.13569297,0.1547597
O96033,-0.09603154,-0.7182012,-0.08454458,0.13172282,0.088232435,-0.011042793,-0.06142969,0.009574887,-0.056657005,-1.0019217,-1.3955652,0.29643136,0.86533564,-0.12938386,0.29380396,0.6871912,-0.084935464,-0.45506072,-0.661788,-0.41687718,-1.2264677,0.025047213,3.7093961,1.3005676,0.08122578,0.4824238,-0.0019563388,0.07016226,-1.2115531,0.012126971,0.5158364,0.24395587
A1B198,-0.07663351,-0.007324934,-0.12639256,0.15793179,-1.2674179,-0.3640387,-0.10114213,-0.019748589,-0.105903015,1.8077582,-2.8953707,-1.0416229,0.87144494,0.23362565,-2.0246067,-0.1566456,-0.109968215,-0.7410519,-0.39920044,-1.3792479,-1.9122939,-0.0734501,5.695299,3.753461,0.0681268,0.95592356,-0.006373295,0.2125828,0.75974506,-0.016148742,-0.51422894,-0.51333314
P04156,-0.040909816,0.18990739,-0.10055081,0.12371019,0.7108724,-0.14507236,-0.10773073,0.005913799,-0.08362546,-0.26596025,-2.5075645,0.07879177,1.4439373,0.075460844,-0.2354972,0.2692593,-0.08082128,-1.3315123,-0.6573726,0.24966136,-0.6755064,-0.005415244,1.6441829,1.9905488,0.06709357,0.25112092,0.021310862,0.07267193,0.16834728,-0.014782029,-0.2647042,0.1330139
P32790,-0.04264242,0.38575488,-0.0676734,0.10031788,0.7281866,-0.039442603,-0.07243762,0.0077302046,-0.050323427,-0.23435405,-1.9042242,0.36977568,1.1961033,0.20684215,-0.29274735,-0.17993532,-0.05921819,-0.97491693,-0.23028566,0.6224291,0.12133389,0.01657523,0.6156772,1.2357626,0.058442317,-0.08269106,0.021111216,0.0056347474,-0.22957452,0.007914029,-0.27578261,0.09838999
P01317,-0.07202779,0.20727201,-0.08032232,0.14280772,0.675229,-0.086201325,-0.07253969,0.0067975586,-0.053276442,0.08774526,-2.220483,0.09519222,1.2193745,-0.044462945,-0.54823,0.3497796,-0.079636,-1.1232635,-0.657523,1.1191522,-0.7616717,-0.04610752,1.3299862,0.88595665,0.06407346,0.14611682,0.024742987,0.0921086,-0.027432824,0.003987823,-0.11323982,0.24337634
P16435,-0.069107644,0.26783067,-0.11293624,0.13840947,0.7454252,-0.07331208,-0.1260991,-0.00644007,-0.08772787,-0.27522206,-2.6265044,-0.086956486,2.1244698,-0.084550805,0.3897536,0.6155156,-0.09734269,-1.8668853,-0.94034225,1.00612,-1.0585368,-0.014957098,1.8131107,2.1880057,0.07909864,-0.023285015,0.041198883,0.067102455,-0.16188458,0.005465401,-0.082176186,0.042870175
O13877,-0.15954882,0.5674119,-0.057797685,0.1776612,0.13380232,-0.085885786,-0.088771194,-0.023446614,-0.0128096575,0.0821185,-2.6963394,0.42864537,2.3719041,0.21562111,-2.839715,0.74876773,-0.13076407,-0.6333023,-0.6803164,2.2915888,-1.4678032,-0.034760095,3.9135318,0.6089622,0.05760336,0.70794266,0.046447583,0.017541114,-1.0229234,0.01940043,-0.6723764,0.43932498
Q9BYF1,-0.057529267,-0.0013129829,-0.092500046,0.13276425,0.9426576,-0.13137433,-0.0814873,0.01399358,-0.069243476,-0.32219756,-2.263255,0.13399774,1.5646412,0.16926217,-0.49532607,-0.087454766,-0.07861374,-1.1415167,-0.6053045,0.6408711,-0.61740875,-0.023093209,1.0623308,1.0417966,0.0715119,0.3200335,0.025189003,0.098142944,-0.12387105,-0.014498877,-0.27890486,0.20495276
P52987,0.028482828,0.73923767,-0.11785407,0.092108436,2.0571308,-0.30734265,-0.1363886,-0.0010530576,-0.12666246,-0.34246695,-2.4430356,0.96004903,1.0593891,-0.046494998,0.1800518,0.045202486,-0.053866357,-2.4808385,-1.3928596,1.0898696,-0.3397199,-0.07418784,0.58527064,2.1898563,0.048109893,0.36214888,0.042317383,0.12824166,1.138419,-0.05350999,-0.46640295,0.9367243
P03971,-0.06051089,0.52538615,-0.07628579,0.11824236,0.5534265,0.059112545,-0.06623604,0.003631062,-0.052570242,-0.37760338,-1.7887508,0.028542995,1.0958207,-0.28483096,-0.059584435,0.8391982,-0.07195228,-1.0729375,-0.73514384,1.1693403,-1.0153968,-0.030395618,1.3191953,0.9606435,0.057185773,0.08477544,0.026541019,0.076740384,-0.31246057,0.0072319307,0.053766936,0.20224899
P68767,-0.029904548,1.1149368,-0.10635766,0.1317909,0.6047271,-0.20949313,-0.13432899,-0.006545696,-0.0922293,0.88510555,-3.518802,0.019627912,1.5872405,0.086109094,-1.3225859,0.34811744,-0.08817004,-1.9302292,-0.71363145,0.9622244,-0.62551117,-0.046836186,1.6104676,2.6546063,0.05134081,0.22901061,0.03784182,0.09030621,1.2439566,-0.013817451,-0.78403777,0.06805207
O15393,-0.07222472,0.108837985,-0.07719992,0.11988125,0.26814997,0.23430066,-0.044730514,0.01949513,-0.054148085,-0.10439481,-1.4876914,0.60656315,0.77264416,0.045846872,-0.5234071,0.12860058,-0.07446171,-0.6660184,-0.30288082,0.6412694,-0.3950495,0.014186625,2.1776116,0.48342782,0.07053824,0.13440283,0.021875426,0.10701201,-0.3407249,-0.008129482,-0.027073715,0.14200452
P19544,-0.047463108,0.20123428,-0.10932998,0.12666851,0.48343572,-0.1388834,-0.086521976,0.007197145,-0.094042465,-0.2752491,-2.5187912,0.2562057,1.1297865,0.16214412,-0.61199754,0.08311585,-0.07959098,-0.8243234,-0.20158423,-0.07625277,-0.07348949,-0.029436424,1.6786735,1.8605572,0.08476394,0.12668093,0.004621677,0.112996265,0.16832098,-0.013939893,-0.4033103,0.09723591
P19971,-0.089472465,0.024923095,-0.04393074,0.14909759,0.81109494,-0.10463271,-0.046653353,0.017905753,-0.009919046,0.17250006,-1.6968144,0.33583537,0.95289433,0.13778172,-0.6672419,-0.37555966,-0.06833609,-0.68701977,-0.48898968,1.0761942,-0.57873,0.0015691966,0.8436659,-0.057759013,0.05348418,0.34539357,0.023012174,0.021124998,-0.59931004,0.019135121,-0.009297674,0.29525885
P01563,-0.04069924,0.13907629,-0.0808904,0.110267684,0.5788903,0.013933606,-0.07326546,0.004579399,-0.06563458,-0.35031515,-1.845336,0.16649054,0.91134655,-0.015307995,-0.30490643,0.21898998,-0.06285888,-0.8093884,-0.4137008,0.015489288,-0.5311153,0.011236394,1.675246,1.4977884,0.059090383,0.2435282,0.007816803,0.058952246,-0.13924168,-0.0036359208,-0.07676458,0.124003746
O75563,-0.11608143,-0.32436913,-0.08859955,0.15146068,-0.09830725,0.22626904,-0.04627883,0.024761435,-0.05812928,-0.056503072,-2.0934432,0.675317,1.0567998,0.510996,-1.36212,-0.90458316,-0.08673921,0.06836069,0.6407488,-0.47645608,0.8220114,0.10105643,3.1430738,1.5383811,0.10480728,0.2847674,-0.0064548617,0.07314975,-1.1895411,0.022216931,-0.15737212,-0.09983133
O75112,-0.0338252,-0.41613352,-0.07338261,0.08282471,-0.24326016,-0.33706602,-0.045671225,7.754316e-05,-0.066083685,-0.38944733,-1.0802608,0.50703025,-0.2326895,0.11475276,-0.5176442,0.6604919,-0.0558784,0.13847129,-0.39263153,-1.1226535,-0.68322116,-0.04805899,3.0522869,1.3757997,0.057865154,0.49444136,-0.026431656,0.07155221,0.28720355,-0.008953623,-0.04904924,0.3422576
O15054,-0.12436078,0.24767329,-0.052138176,0.1564446,-0.15634422,0.19935167,0.015550029,0.029172054,-0.012730539,0.68238574,-1.5262371,0.43779907,0.17879052,0.27338502,-1.9052271,-0.25453457,-0.074931815,0.37164256,0.35679197,1.4387468,0.15507616,0.0012325272,1.5915723,-0.34452972,0.08128468,0.15111339,0.0021920837,0.11915311,-0.70501584,0.027123502,-0.21663226,0.06682846
P15291,-0.063344814,-0.11577469,-0.09437781,0.14816536,0.34096023,-0.13515306,-0.09340286,0.0074987244,-0.07204634,0.08151709,-2.5370588,0.10351817,1.1540985,0.12505494,-0.738735,0.03109216,-0.08497441,-0.7423162,-0.30843043,-0.4891082,-0.5350539,-0.0013581478,2.2919548,1.6765509,0.07315964,0.36926705,0.003476472,0.077955574,0.19744487,-0.0045125955,-0.21384823,0.030864814
P0DP23,-0.062235255,0.18145561,-0.08952684,0.13051032,0.2605633,-0.113728374,-0.08298068,0.0023739487,-0.068623304,0.06700993,-2.3761337,-0.14693469,1.2546536,0.110895395,-0.4074647,-0.030726535,-0.07733425,-0.90117425,-0.10967888,0.24519828,-0.022915246,-0.015574437,1.4288843,1.965423,0.07389128,-0.038319394,0.008472139,0.069478475,-0.24095209,0.0065082484,-0.1524206,-0.051415045
P17931,-0.04596738,0.11273286,-0.092088334,0.12824935,0.528406,-0.107400276,-0.08268579,0.005672369,-0.07641414,-0.1405406,-2.3474889,0.35074368,0.6546337,0.16826896,-0.45773056,0.39157245,-0.07184252,-0.57398206,-0.15793784,0.12512906,0.026910577,0.013316233,1.29592,1.7881312,0.07846251,-0.0040311036,-0.006199511,0.044568807,0.29888254,-0.00039313847,-0.29570758,0.12186294
Q9UTI7,-0.11499515,0.80742884,-0.05538786,0.18088388,0.6727526,0.021452973,-0.06912977,0.02564543,-0.013474122,0.6847331,-2.8175285,0.3289609,1.16387,0.23997706,-0.80790216,-0.65638787,-0.08920604,-1.1444882,-0.19057499,1.7561325,-0.2035423,0.07855508,0.71678513,0.86177015,0.07165426,0.17778187,0.034471426,-0.0065026334,-0.9603246,0.032066572,-0.1965341,-0.07628858
P23202,-0.058811348,-0.643806,-0.095152564,0.14016937,1.0231694,-0.10538266,-0.09302365,0.024877494,-0.0685314,-1.3363262,-2.5788786,-0.12608553,1.9698166,0.20790087,-0.22536689,-0.014386336,-0.084704906,-0.8026328,-0.35974535,-0.37346002,-0.45308504,0.0319428,1.2887704,1.3454432,0.08248191,0.28907388,0.0064261868,0.055271957,-0.7490297,-0.01716864,-0.12658562,0.10383528
O00399,-0.13924262,-0.87362266,-0.03170401,0.14942393,-0.76157343,-0.1761554,-0.007392122,0.0033147465,0.008177066,0.39373353,-0.80926394,0.5183013,0.16267087,0.390819,-1.2616324,-0.03945536,-0.076484784,1.1363796,0.44930786,-0.20859936,0.35710174,-0.019015513,3.138638,0.0617927,0.077807724,-0.13000542,-0.025377458,-0.021917064,-0.72703826,0.06829163,0.077200755,0.2436617
P06367,-0.10345837,0.08702766,-0.10996232,0.14610155,-0.7041456,0.12010589,-0.080429606,-0.0020137993,-0.083953224,0.5772594,-2.4825375,-0.08294332,1.274273,0.23706926,-0.9932924,-0.37563062,-0.097868256,-0.5677871,0.3167176,-0.6853464,-0.05612002,0.04409508,4.0325084,2.8844283,0.09622594,0.18389969,0.000651385,0.105814934,-0.6631548,0.022017872,-0.1306458,-0.45323697
O54288,-0.10637259,-1.0890027,-0.05818765,0.11122258,0.57382536,-0.013372347,0.017767048,0.018364446,-0.025149837,-1.0594672,-0.2563339,0.69086105,0.89981306,0.31870684,-0.45034674,0.02867207,-0.060147025,0.44514206,-0.11961275,0.938624,0.062218398,-0.064771235,1.1159612,-1.1938158,0.09131521,-0.11464025,0.00050062314,0.09619568,-1.1267756,0.021847678,0.099962115,0.5239621
P0A912,-0.07226703,0.072142184,-0.13242926,0.1537868,1.0634454,-0.24823384,-0.15744887,-0.01323479,-0.104989596,-0.45944285,-3.3163373,-0.1513989,2.958684,0.13759664,0.11292751,-0.05608487,-0.11163148,-2.2280657,-1.1063732,0.19562373,-1.5280691,-0.019721013,2.6088657,2.6273456,0.087836325,0.23302387,0.047540557,0.06373301,-0.2375753,-0.0012147855,-0.4333158,-0.09742041
P62829,-0.07445238,0.19626383,-0.07874028,0.13692209,0.3929037,0.044009075,-0.07415137,0.011356317,-0.05181768,-0.12508781,-2.2354703,0.21024409,1.2697307,0.051074672,-0.6423175,0.03263961,-0.08065393,-0.8400232,-0.29427844,0.2978575,-0.44278565,0.011308431,2.0720918,1.2230332,0.06832151,0.13015842,0.018172571,0.056740556,-0.3689934,0.010194469,-0.15166926,0.05158858
A0A075TRK9,-0.052126873,0.27982736,-0.076716594,0.13036096,0.8093174,0.094243854,-0.090589695,0.009242112,-0.05164361,-0.19727775,-2.0241385,0.13501981,1.5643523,-0.24738896,-0.5469352,0.39091998,-0.0784228,-1.3885176,-1.0748688,0.35257393,-1.6737986,-0.015455598,2.3905175,0.703205,0.040087998,0.55717427,0.041747745,0.08433988,0.15211095,-0.0095082205,-0.08916076,0.24885571
B2UP57,-0.09675362,0.06553388,-0.041623354,0.15844905,-0.20411418,0.11639387,-0.046339564,0.010889385,0.0014891136,0.59857476,-2.1110883,-0.5877166,1.4372933,-0.0657357,-1.5553526,0.3173794,-0.08380415,-0.1773871,-0.053953312,0.34430465,-0.87733746,-0.033232037,1.7679076,-0.0062155426,0.04375689,-0.037455946,0.017095977,0.037270833,0.060604706,0.03157071,-0.18066888,-0.22607654
P0AE85,0.051322203,1.1128924,-0.13841277,0.10201154,1.1090755,-0.30442107,-0.16080657,-0.02214699,-0.15157458,0.32374495,-3.5045478,0.43970093,0.26265305,0.049490187,-0.09024744,1.3072885,-0.06302673,-1.5371884,-0.6390343,-0.10008488,-0.26358658,-0.0107683,0.2792043,3.6463065,0.069099344,-0.17429468,-0.009501989,0.037633456,2.6591132,-0.038813762,-0.96955717,0.041085042
P63085,-0.0668407,0.08639516,-0.079304494,0.13980182,0.6579613,-0.111430965,-0.07713233,0.009920229,-0.053522855,-0.021732451,-2.3197186,0.1884425,1.2110702,0.16311277,-0.4989518,0.062029574,-0.07792143,-0.88599885,-0.33599955,0.69377095,-0.23985288,-0.012025024,1.0782541,1.0988526,0.07163117,-0.0413527,0.015603713,0.046582833,-0.04718783,0.0071148076,-0.25185362,0.12777779
P06850,-0.020441977,0.5859255,-0.11449111,0.12148338,0.82778376,0.03556263,-0.12386604,0.0026258326,-0.10565735,-0.25375566,-2.8706522,0.15778056,1.3349313,0.04478894,-0.15616341,0.07334822,-0.07439525,-1.3725088,-0.32680747,-0.2996007,-0.24375387,0.05523624,1.4066714,2.7517345,0.07313509,0.21936128,0.012611954,0.057761256,0.30087975,-0.018252576,-0.36103997,-0.10104318
Q9D1M4,-0.095214926,0.06860173,-0.085946985,0.13636427,0.27361676,0.019125523,-0.055400744,0.011378641,-0.052452274,-0.45776722,-2.0299368,0.18403369,1.6841698,-0.004346721,-1.0257629,0.41390818,-0.09131941,-0.67554355,-0.4584471,0.7208586,-0.7883041,-0.06325153,2.4127727,0.47559738,0.07625473,0.16969419,0.026965145,0.12392048,-0.45548478,0.00960666,-0.22875667,0.20814256
P01031,-0.044899244,0.3042195,-0.09786595,0.12466823,1.0783609,-0.123864524,-0.1002354,0.0064480887,-0.080224246,-0.65820825,-2.5261738,0.367828,1.5547099,0.106356956,-0.49074897,-0.048131395,-0.07708604,-1.2747208,-0.68062454,0.16175267,-0.75062037,0.003788081,1.7345842,1.6587101,0.06851003,0.44426122,0.022400236,0.06440074,-0.20819901,-0.012109364,-0.38806954,0.23187298
O35235,-0.027090013,0.101558186,-0.10535645,0.122829646,0.7597385,-0.17588842,-0.10775084,0.0028606881,-0.09377401,-0.08305073,-2.4668882,0.09927242,1.1012812,-0.0005773639,0.09992163,0.16076978,-0.07427347,-1.5056863,-0.733659,-0.0680392,-0.7556432,-0.024221007,1.6954279,2.0579333,0.06604666,0.1984072,0.015847603,0.09613134,0.4100379,-0.023623144,-0.15665619,0.10956528
Q06406,-0.055072945,-0.17005877,-0.08976674,0.10668223,0.44882393,-0.24149418,-0.08137775,0.0013877028,-0.07391485,-0.90892726,-1.9759187,0.24974571,1.2580004,0.08693091,-0.29722705,0.34891787,-0.07281746,-0.6978388,-0.3918426,-0.16303821,-0.22052066,-0.030249039,2.0949228,1.83753,0.07252218,0.2585511,0.001455103,0.062276293,-0.5311454,0.0010004943,-0.06838484,0.34113085
P0C7P0,-0.02674152,-0.19364037,-0.09310547,0.0895952,1.0946723,-0.028918186,-0.10206157,0.012431372,-0.08013458,-1.1302592,-1.5712668,0.4403297,1.5714383,0.05751108,0.80262136,0.2644353,-0.06727602,-1.4511495,-0.9405127,0.15624408,-0.7930886,0.036000516,1.4423934,1.4875569,0.063640095,0.23466273,0.031659935,0.034858022,-0.3310205,-0.020117704,0.03706262,0.29092997
P15822,-0.1311321,0.015308221,-0.075202145,0.16638272,0.34182164,-0.06663291,-0.03949863,0.016780704,-0.03300033,-0.391178,-2.3487616,0.4856305,1.4919913,0.31752673,-1.240073,-0.3175903,-0.094814606,-0.18210092,0.14615217,0.83887553,0.15929829,-0.024596173,1.8349605,0.3011965,0.100651555,-0.084568754,0.010717421,0.061644554,-1.1469411,0.03706179,-0.3507957,0.12668344
P00390,-0.0827164,-0.4977901,-0.03982077,0.10342672,-0.39859295,-0.09344932,-0.024644643,0.0077945604,-0.01783099,0.29596484,-0.8580969,0.5764044,0.20602131,0.35102364,-1.0560216,-0.18842979,-0.0564058,0.3566363,0.23722036,-0.23116378,0.51106095,0.007607152,2.550938,0.793998,0.056426268,0.1256269,-0.012112677,0.007086838,-0.41283432,0.03280366,0.0673371,0.27838132
O53580,-0.056389727,-0.3528837,-0.10863998,0.1686559,0.87297475,0.13560632,-0.0996055,0.014495579,-0.08943514,-0.05247264,-2.6146173,-0.11075582,0.8026535,-0.021130562,0.3346571,-0.15416002,-0.07825638,-1.1151369,-0.28742117,-0.27995786,-0.41377163,0.09141117,1.7154922,2.3540664,0.087405935,0.23608765,-0.006144538,0.0853146,-0.37329525,-0.013727425,0.26137477,-0.10864242
P06243,-0.068516195,0.028505672,-0.09272391,0.13698821,0.5221015,-0.13927087,-0.09300709,0.00245572,-0.06765739,-0.17890061,-2.452599,-0.14257069,1.6976389,-0.026224548,-0.47542048,0.2643085,-0.08658026,-1.2923287,-0.6561052,0.48536077,-0.82440263,-0.046241827,2.0532086,1.6102457,0.066146985,0.2177018,0.024617182,0.09724621,-0.21736245,-0.00048466137,-0.10166989,0.15542215
P28741,-0.026454305,-0.009312256,-0.1005745,0.11408283,0.90402925,-0.15572084,-0.1050208,0.0069836746,-0.08875762,-0.1704297,-2.4443436,0.24126449,1.2750801,0.21159275,0.072007865,-0.037031703,-0.0705325,-1.4614536,-0.53507286,0.18982258,-0.20918246,0.0019798647,1.075902,1.9871124,0.07050045,-0.0017348935,0.017288897,0.061490647,0.325485,-0.019188616,-0.26064903,0.0939391
O43704,-0.066031106,-0.08485665,-0.1005986,0.14012678,0.28913647,-0.15257329,-0.08851055,0.012522786,-0.07457191,0.2553682,-2.4426372,-0.083375074,1.550695,0.23082073,-0.44740894,-0.2566538,-0.09149865,-1.2169324,-0.49698257,0.078779094,-0.80011815,-0.034956366,2.1040573,1.4241652,0.076844506,0.13992842,0.026220322,0.11563332,0.1260807,-0.013839021,-0.3132948,-0.12313876
O88470,-0.04537322,0.5505251,-0.074107006,0.13193817,0.88646036,-0.11603403,-0.07880493,0.014278806,-0.053784315,-0.2674956,-2.4022825,0.16752514,1.0103459,0.02667374,-0.41401944,-0.051145297,-0.06734989,-0.9365049,-0.33084947,0.5460733,-0.22826873,-0.00092786405,0.41858792,1.1614534,0.06077406,0.16514874,0.0143016325,0.04180424,-0.16707559,-0.003570075,-0.2598918,0.16232629
P03452,-0.06536546,-0.24116933,-0.050945945,0.11992404,0.35270858,0.062102318,-0.057212587,0.020940267,-0.020598454,-0.29018098,-1.7272173,-0.0047732294,1.4973423,0.10925708,-0.9894172,0.034699276,-0.071189016,-0.49665403,-0.3163095,0.03088896,-0.62200814,0.0065893685,1.7773789,0.27842456,0.044479694,0.2388491,0.021562506,0.031139858,-0.23970395,0.005399543,-0.13097703,0.09671612
O13289,-0.04987583,0.41854534,-0.08282432,0.11597107,0.4464379,-0.02881002,-0.078121915,0.010382279,-0.065647006,-0.3228751,-2.210356,0.48683542,0.9877289,0.17299451,-0.9084059,0.19588432,-0.071327075,-0.49384055,-0.07680001,0.122912526,0.14594981,0.019435968,1.5131835,1.5394636,0.06904264,0.18056987,0.0062705814,0.03988255,0.040178526,0.0027381338,-0.40793833,0.1884331
P51881,-0.064093776,-0.24897344,-0.10508905,0.15381816,0.37305212,-0.28536302,-0.08998707,0.0030390988,-0.08390951,0.028600944,-2.772097,-0.15260175,1.0894225,0.24143372,-0.36978653,0.042298682,-0.084820114,-0.6381397,0.040045824,-0.053340133,0.27503806,-0.038824894,1.12675,2.0507472,0.09462983,-0.22058651,-0.011133279,0.082316145,0.12066707,0.0008337065,-0.2571705,-0.019342184
P0AG86,0.02280426,0.18601607,-0.13169889,0.12417344,1.4570489,-0.24437031,-0.14692497,0.00026725512,-0.13491033,0.39503443,-3.3145664,0.54035574,0.5837307,0.18668184,0.31922787,0.34147444,-0.069109306,-2.1796823,-0.9679107,0.10970169,-0.52953845,0.00566604,0.9833488,2.9006324,0.072195105,-0.049842007,0.009828315,0.08401056,1.8342823,-0.05067855,-0.5326552,0.13704799
P34896,-0.05156616,0.058928892,-0.08687539,0.11627738,0.33191952,-0.22383536,-0.07693223,0.0010559086,-0.07097649,0.013314986,-2.068473,0.41649657,0.8359859,0.20949596,-0.9925823,0.23682445,-0.073312074,-0.6307046,-0.42690048,0.0026860237,-0.44624797,-0.03180136,2.2840066,1.571597,0.06489929,0.37983733,0.0044104583,0.07537563,0.33314744,-0.003185346,-0.37521666,0.27497157
Q9Y7F0,-0.04379813,0.4785832,-0.06871477,0.12158825,0.55763924,-0.060872596,-0.074012406,0.006001573,-0.050413575,-0.1405067,-2.1582608,0.17459354,0.81927174,-0.022122206,-0.87812144,0.45126003,-0.06475116,-0.5537735,-0.2727546,0.39210296,-0.25339797,-0.005124357,1.049913,1.2563264,0.052086297,0.2096369,0.0055955425,0.034164764,0.20047852,0.0046248087,-0.27648705,0.23459521
P01556,-0.03797719,-0.33012742,-0.05708654,0.084899664,0.6111834,-0.118952096,-0.05738656,0.021349968,-0.038853727,-0.8236931,-1.1550275,0.3095728,1.252974,0.14982896,-0.10109027,-0.27731004,-0.056404304,-0.76239115,-0.5787782,-0.30242866,-0.61316085,-0.007850252,1.5366733,0.434187,0.044333983,0.40068316,0.022649286,0.041923393,-0.521103,-0.014136392,0.008171777,0.28364018
O76927,-0.074887685,0.59518015,-0.06514612,0.12544215,0.10716695,-0.027537515,-0.06598806,0.0010652918,-0.04121193,-0.079509996,-2.0528283,0.24878569,0.8068901,-0.012822598,-1.3703253,0.89754975,-0.07445062,-0.14277828,-0.13399927,0.7989968,-0.14840856,0.007966275,1.7052509,1.4560215,0.057797916,0.3273874,0.001965413,0.021813652,-0.09015339,0.026753848,-0.24859619,0.30631223
O95631,-0.13734147,0.065559566,-0.056678712,0.14781734,0.50993466,0.044831544,-0.019745719,0.018265728,-0.011928181,-0.2309613,-1.7413484,0.6916382,1.596235,0.2888788,-1.8013014,-0.014977515,-0.088379815,-0.34920943,-0.33254915,1.9143908,-0.41771102,-0.028251804,2.0173364,-0.4744993,0.07735622,0.31120992,0.033252016,0.076949395,-1.0966985,0.03729539,-0.31479478,0.42508245
P02294,-0.032461915,0.9756842,-0.09461198,0.10176871,0.77473027,-0.044572428,-0.14366443,0.010963027,-0.079311274,0.17495365,-3.3323452,0.31045,2.55567,0.23530348,-1.2969341,-0.78124875,-0.087205686,-2.6107042,-0.94759274,0.17971258,-0.96388274,0.040792447,3.1498127,2.7777996,0.03356578,0.8455434,0.06953345,0.06458464,-0.06288272,-0.024356507,-0.63567203,0.025812974
B2RHG1,-0.08003027,1.2847728,-0.050972294,0.12726372,0.12838212,-0.013669521,-0.0784294,-0.01190057,-0.021179087,1.3392261,-2.6081474,-0.023511728,1.2321614,0.026851237,-2.049072,0.42290828,-0.07974694,-1.4663967,-0.8260971,1.8833323,-1.4916692,-0.00013898562,2.5451818,1.677524,0.02301549,0.57256466,0.045442063,0.019534694,0.22822161,0.032213908,-0.51655024,-0.00020567577
O49523,-0.045473557,-0.012910272,-0.10451041,0.12752484,-0.0012002587,0.17417255,-0.057893198,0.008956479,-0.08857298,-0.34694383,-1.9907421,-0.096410684,0.39432734,-0.17176841,-0.48232216,1.1193721,-0.07371169,-0.058374662,0.03684004,-0.19690813,-0.19974062,-0.013568099,1.8253266,1.5785997,0.084610395,-0.12459772,-0.019339766,0.13540085,0.40469924,-0.010096086,-0.063565455,-0.010429152
P63279,-0.07191974,0.1611724,-0.08164276,0.15144905,0.5496579,-0.07247224,-0.07063551,0.013631786,-0.05521214,0.19424981,-2.5398803,0.23894039,0.9718759,0.21580146,-0.94865084,-0.057350393,-0.079947375,-0.6600813,-0.12893498,0.5534578,-0.08029606,0.00035088958,1.2745999,1.1556402,0.076376304,0.047785662,0.007120424,0.06260018,0.035856772,0.005852204,-0.35302132,0.07668015
O75937,-0.11375834,0.33058107,-0.074468754,0.14854082,0.19459955,-0.11483787,-0.04647666,0.0057091815,-0.038032092,-0.078411266,-2.4771876,0.3679082,1.4678228,0.255473,-1.7810411,0.15494588,-0.09067953,-0.30357426,0.0011229634,1.0738425,-0.029625902,-0.05359722,1.9180712,0.66766536,0.083689794,0.052367557,0.012938967,0.071543686,-0.5449262,0.03395928,-0.51524276,0.18084438
P06168,-0.061689984,-0.09509287,-0.08149683,0.1101645,0.09587894,-0.28450692,-0.06336372,0.0043453746,-0.06336705,-0.07083017,-2.1106122,-0.02714757,1.3191247,0.42463017,-0.97972536,-0.64074475,-0.06881257,-0.46360195,0.21509238,-0.30144858,0.4997042,-0.035848726,1.4426922,1.7883445,0.07406928,0.14126492,-0.0010982975,0.07186355,-0.47122994,0.0042480896,-0.33627817,-0.009575744
Q24803,-0.049264163,0.5894989,-0.12106737,0.1520222,1.0717881,-0.006720138,-0.13197654,-0.0044731065,-0.10401913,-0.3706079,-3.0025685,0.021290045,1.5089343,-0.24876852,0.83739233,0.78869885,-0.08640983,-1.7022264,-0.47829324,1.1455395,0.080416225,-0.0013796568,0.28087783,2.575182,0.09229517,-0.46979237,0.019366214,0.06017986,0.061231304,0.00497366,0.008591882,0.1262851
P04819,-0.080595,0.6391047,-0.062181897,0.13408343,0.15014178,-0.10266197,-0.08539256,0.00035581563,-0.028326852,0.70111936,-2.87291,-0.3261416,2.014256,0.13435072,-1.7508922,0.09862665,-0.08924501,-1.3748574,-0.5163571,1.1523527,-0.9130408,-0.043426353,2.084736,1.3627658,0.03984305,0.1787155,0.043051478,0.044606738,0.06198751,0.020463329,-0.52473134,-0.08040982
Q9BSI4,-0.030485814,0.14618988,-0.1075065,0.12931697,0.5831851,-0.024853388,-0.1088075,0.0019796314,-0.10670012,-0.046289477,-2.5815492,0.49370438,1.1878809,0.42887083,-0.80091,-0.70859945,-0.08670814,-0.9499606,0.24387114,0.0017924809,0.80066574,0.010721201,1.2265726,1.9133074,0.08019959,0.13335681,0.009021723,0.11964444,-0.013035655,-0.07995276,-0.51119584,0.061639015
A2AR95,-0.043191634,-0.24415202,-0.101098634,0.15968597,1.3474585,0.016367555,-0.11346513,0.037845273,-0.07438681,-0.5228283,-3.8506646,-0.37767082,2.1303363,0.25228328,-0.8039924,-0.030152464,-0.09001544,-1.6901098,-0.37014413,0.6538872,-0.16627753,0.058221854,0.3743024,1.8635696,0.074112535,0.13481386,0.020563267,0.084619865,-0.09822364,-0.035905626,-0.32659397,-0.0499378
P02649,-0.042028718,0.0647226,-0.097084716,0.12710005,0.8718665,-0.12897402,-0.10030398,0.007430273,-0.0786296,-0.25423878,-2.487951,0.08843547,1.4560322,0.08108987,-0.052687388,0.12552705,-0.077546336,-1.4239409,-0.6419731,0.3819866,-0.59142065,-0.015129671,1.2524508,1.6398216,0.06911281,0.06342143,0.0223888,0.072739795,0.1269421,-0.013383803,-0.21650292,0.10376007
P32121,-0.064056985,0.089770064,-0.099193126,0.13883147,0.76048225,-0.04378448,-0.08619873,0.0051197684,-0.07815922,-0.2774894,-2.2781727,0.3094772,1.1382966,0.034487136,-0.18925078,0.4134965,-0.08014989,-0.9898942,-0.46690875,0.7317101,-0.30996272,-0.005015957,1.4027914,1.5504364,0.08242347,0.044783674,0.012409761,0.079278536,-0.071029186,0.0015793793,-0.12348832,0.23345476
O43865,-0.039409436,0.43485418,-0.10507625,0.115301885,0.70945275,-0.268263,-0.11066465,-0.013953829,-0.09566259,0.121409655,-2.3981335,0.4455599,0.82245195,0.07345078,0.019432139,0.44121423,-0.07451763,-1.5648718,-0.8409573,0.7187991,-0.6476723,-0.020372277,2.0628693,2.6608026,0.06991481,0.13561538,0.015513549,0.056159,0.30618995,-0.00053550303,-0.24882475,0.27716726
P0AEJ6,-0.07283314,0.15348808,-0.088997245,0.11467248,0.005544474,-0.19353567,-0.08829719,-0.0055897576,-0.06900542,-0.53183407,-2.0352228,0.41020665,1.3122288,-0.055499215,-0.67348665,0.58601266,-0.08479756,-0.7110758,-0.5044456,-0.30089423,-0.6176265,-0.048874814,3.3486235,1.7956386,0.06691374,0.3761611,0.011393157,0.06878918,-0.293334,0.014091057,-0.11245007,0.33444294
L7NCQ3,-0.021634292,-0.5517363,-0.08681366,0.12984315,2.1251225,-0.34032062,-0.09331788,0.023088727,-0.072054654,-0.47832745,-2.369753,0.65792894,1.0618342,0.5027176,0.52606845,-0.40478694,-0.059323207,-1.6348832,-0.83201355,1.318835,0.046244502,0.012890508,-1.0102987,0.8566432,0.07708277,-0.15160377,0.018443763,0.019695595,0.27190036,-0.028989311,-0.30208522,0.47964644
P11859,-0.024933772,0.21432689,-0.11639604,0.11883453,0.7678052,-0.15935898,-0.1124428,0.0007795387,-0.10572076,-0.32327208,-2.6809185,-0.08232414,1.3629968,0.024600718,0.334873,0.32763302,-0.076073505,-1.4933525,-0.4656966,0.22587164,-0.19914733,-0.027748838,0.8533783,2.4160328,0.08006299,-0.16689388,0.012772088,0.093757376,0.307844,-0.020153847,-0.2146211,0.004289321
Q9SSE7,-0.07496993,-0.042240333,-0.0548326,0.110068336,0.3793449,-0.22589818,-0.05441912,0.009701041,-0.02889114,-0.28238478,-1.3795774,0.6128419,1.0848204,0.13286571,-1.205183,0.15086512,-0.07292893,-0.5912241,-0.8460541,0.3928474,-1.1342615,-0.048038624,2.8746052,0.32352892,0.04273136,0.7409,0.02626346,0.057927467,-0.27645683,0.006459743,-0.21093161,0.5731579
P0A870,-0.13522765,0.14653216,-0.036346838,0.16349712,0.017140191,0.04313278,-0.010494223,0.017042492,0.011155493,0.11618385,-1.5069783,0.384585,0.8551407,0.058418564,-1.7416399,0.41787916,-0.08463422,0.39551127,-0.10159361,1.2917373,-0.5866694,-0.031955883,1.8407693,-0.8536272,0.06556242,0.21585041,0.01240027,0.039004613,-0.64900947,0.048253234,-0.17436622,0.2972817
O35305,-0.053919308,0.17819218,-0.076868504,0.13151217,0.8427555,0.049935274,-0.08135605,0.004747415,-0.055924166,0.14762814,-2.0111048,0.15084054,0.9346664,-0.094654314,-0.06625667,0.25166112,-0.06863707,-1.3917527,-0.8087732,0.8764475,-0.99683666,0.02079906,1.5920917,1.3550837,0.053812206,0.24640931,0.024177592,0.056751546,-0.09500785,0.00064814277,0.08222146,0.15989093
A0AVT1,-0.065970115,-0.24034181,-0.10161319,0.11412157,-0.41347933,-0.06955643,-0.08525043,-0.016231578,-0.089692995,0.0030277013,-1.8025532,0.27925816,0.3566746,-0.010683591,0.1736333,0.7238256,-0.0766139,-0.52821845,-0.13192591,-0.62969375,-0.112266466,0.009971502,3.6508362,2.9645386,0.085361585,-0.12928048,-0.018870119,0.051359046,-0.17617473,0.022846352,0.21820967,0.017632937
O15056,-0.040409278,-0.5416395,-0.09147243,0.12454306,0.7993332,-0.1445303,-0.088753514,0.018263083,-0.07332792,-0.00279323,-2.4318597,0.17974773,1.5626931,0.48953572,-0.72208077,-0.69669586,-0.07312715,-1.0788368,-0.22930798,-0.28499448,0.06766691,0.003390593,1.39076,1.412248,0.07075175,0.10239119,0.014475906,0.07525162,0.27739358,-0.021859461,-0.41041124,0.038207665
P31230,-0.06412236,0.17161487,-0.07994898,0.12963691,1.0976056,-0.18803701,-0.057141315,0.016675364,-0.060833942,-0.40928516,-1.8105261,1.2052815,0.503914,0.39579725,-0.801606,-0.29641685,-0.06666676,-0.39567,-0.38235644,0.5923456,-0.06035758,0.019118004,1.1734742,0.5832099,0.08164741,0.4816247,0.005877358,0.043307483,-0.16762666,-0.00075736345,-0.4705313,0.5214742
P47135,-0.08321401,0.3743932,-0.057012815,0.1469071,0.32655758,-0.02901776,-0.06192779,0.006558794,-0.029933216,0.5876447,-2.1234567,0.286976,0.4639112,0.1781333,-0.81789047,-0.11491499,-0.070389315,-0.5526747,-0.11082475,0.82374054,-0.13266827,0.055067893,1.5209173,1.4444797,0.06203985,0.16969259,0.004030015,-0.0061364835,-0.40030614,0.029728012,-0.10390908,0.055484764
P17888,-0.09071167,0.6156503,-0.07771069,0.15702699,0.4501182,-0.14132454,-0.0931738,0.013360778,-0.0410249,0.46473765,-3.2431705,0.04952957,2.084598,0.23506606,-2.2326121,-0.14257388,-0.10303812,-1.360388,-0.70784295,0.9422215,-1.2519262,-0.029074356,2.7926297,1.1821339,0.05115841,0.68523085,0.046159826,0.08594559,0.029015351,0.0029226043,-0.73539495,0.106780425
P21399,-0.054937903,-0.02276971,-0.0906497,0.13019545,0.31653365,-0.24542661,-0.09000026,-0.004313267,-0.06986539,-0.25543538,-2.4458778,-0.15797369,1.4448897,0.19627132,-0.8972455,0.2788193,-0.07949509,-0.38391373,-0.059737563,-0.28140742,-0.09343507,-0.042250045,1.4314529,1.755515,0.07372318,0.00595232,-0.0032698438,0.044822123,0.24583864,0.007756607,-0.4595048,0.043153852
P01027,-0.04846775,0.04831092,-0.0857193,0.12949276,0.6182126,-0.13247985,-0.070857905,0.007138869,-0.07223698,0.3620493,-2.2042441,0.57790554,0.3456171,0.30039963,-0.8268485,-0.07709982,-0.06491747,-0.67037857,-0.16654019,0.42713612,0.24997516,0.01007113,1.4416674,1.7026364,0.07304167,0.1404219,-0.004455635,0.065493405,0.3529549,-0.0025050612,-0.305234,0.26983482
P16045,-0.036041647,1.0285151,-0.11549884,0.12497579,0.326095,0.0021608968,-0.11763445,0.0059038624,-0.09884059,-0.16287847,-3.3693554,-0.008700818,1.6217571,0.035263628,-0.74052733,0.50375974,-0.09041407,-1.2543875,-0.15384708,0.094768405,-0.22495289,0.0057089627,1.416431,2.5207195,0.07838232,-0.03508397,0.019525917,0.07714868,0.48414925,-0.011459666,-0.6603436,-0.25802264
P32243,-0.086726695,0.5649753,-0.07743382,0.1527317,0.4472067,-0.13119563,-0.075957686,0.0076396405,-0.048209336,0.3814825,-2.6598144,0.04867507,1.1802661,0.067008905,-0.54493463,-0.19814362,-0.083513364,-1.2458708,-0.3012914,1.1812259,-0.21907139,-0.018796353,1.2703369,1.5285339,0.07169081,0.003428773,0.023079032,0.063826144,-0.5663701,0.017793452,-0.13604003,0.038974453
P16662,-0.07856123,-0.20829566,-0.09256106,0.14369695,1.146308,-0.10996512,-0.09945766,0.008560879,-0.061825097,-0.4526444,-2.3870952,-0.0031626225,2.0406353,0.054048266,0.1619798,0.027307255,-0.08991526,-1.8901864,-1.1871306,1.0316277,-1.5727702,0.0065574157,1.8833705,1.3104124,0.06909388,0.42614895,0.043162085,0.07032133,-0.758235,-0.0042493045,0.043084383,0.14528629
P18196,-0.05280019,0.20775142,-0.083191164,0.13058774,0.48520246,-0.13050094,-0.083251454,-0.003316375,-0.07055352,-0.013985324,-2.1080313,0.7584485,0.14501907,0.1684258,-0.400709,0.4495066,-0.0657659,-0.25644642,0.022744715,0.19202538,0.5974539,0.030795407,1.4650272,2.0408435,0.08007859,-0.13635215,-0.01800173,-0.0077521456,0.2724859,0.021712625,-0.2250901,0.33861035
P00894,-0.10926636,-0.61203784,-0.035190802,0.12948799,-0.07669235,-0.27142444,-0.0144350035,-0.0009956644,0.00095843617,-0.1367259,-0.8947525,0.2285204,0.8446288,0.16203003,-1.3515882,0.28298068,-0.06944799,0.5068585,-0.21284138,0.30197623,-0.5363324,-0.09722084,2.2540731,-0.4821044,0.05590259,0.18098432,-0.002989739,0.030646717,-0.4732552,0.04314095,-0.062165726,0.45443937
P62328,-0.08881869,-0.26916513,-0.080538236,0.1481141,0.6793844,-0.12357785,-0.06556291,0.009833199,-0.048247468,-0.530591,-2.1664698,-0.023589047,1.6570624,-0.014447768,-0.53964895,0.26279444,-0.08460481,-0.8397655,-0.5124022,0.7307128,-0.61382467,-0.060295638,1.5083474,0.61846024,0.07418326,0.12245198,0.018150786,0.0953901,-0.59269315,0.009064346,-0.0061113676,0.28740826
Q04637,-0.05048324,-0.18113936,-0.08929161,0.12626864,0.5780011,-0.14632349,-0.09027628,0.0014665973,-0.070903875,-0.11591808,-2.3762474,0.101231225,1.2437277,0.18529825,-0.41419074,0.2285423,-0.074385546,-0.9183115,-0.2733144,0.23671536,-0.0014741416,-0.015985498,1.414012,1.7871274,0.07210242,-0.13870755,0.0052813673,0.0468411,0.18734172,0.0030987812,-0.22373067,0.13382117
P02745,-0.036243893,-0.19508378,-0.108618006,0.148753,1.1646082,-0.13819176,-0.12219125,0.01930422,-0.08689388,-0.38394526,-3.376653,-0.20987916,2.1518557,0.14509465,-0.50386566,-0.29670557,-0.08844177,-1.7685337,-0.67057097,-0.32198545,-0.83589786,-0.005902316,1.4049021,1.717797,0.06840099,0.34585133,0.026353206,0.10478098,0.22241779,-0.036142338,-0.3583425,-0.049624424
P0AGC3,-0.049223978,0.9112158,-0.0869563,0.12940833,0.5747792,-0.2973152,-0.10706569,-0.0040235417,-0.06410138,0.23296542,-2.700514,0.059842855,1.797402,-0.08833681,-1.364302,0.32695374,-0.08789372,-1.449537,-1.0594594,0.4159294,-1.6618545,-0.09826937,2.1365433,1.1409093,0.03988154,0.74542665,0.044453334,0.102440044,0.719368,-0.010973219,-0.646044,0.23709814
P00924,-0.10778814,-0.26154426,-0.047999237,0.16030195,0.47487,0.01211372,-0.040505715,0.018376267,-0.0061764405,-0.11865323,-1.7701252,-0.16031134,1.2047071,0.02986836,-0.565228,0.24359931,-0.079187155,-0.33387682,-0.27716056,1.1568682,-0.59193164,0.0042810556,0.85202205,-0.011404378,0.065602235,0.04284134,0.013371544,0.024199247,-0.84200186,0.029731447,0.14829233,0.11354645
M1V4Y8,0.008221052,0.56997746,-0.10323653,0.104480445,0.7544046,-0.24036066,-0.10847819,0.0070774867,-0.10249534,-0.86483496,-2.744982,0.5761144,0.27755168,0.016121417,-0.4600916,1.0588356,-0.06338892,-0.4195412,-0.27064905,-0.7933276,-0.08459926,0.012127303,0.9334862,2.2324307,0.069033794,0.26941666,-0.02191942,0.030059205,1.0592655,-0.028392917,-0.5722246,0.27426165
Q8TAD8,-0.1150271,0.5479882,-0.105277896,0.1618809,0.08849219,-0.20564187,-0.08347741,-0.001408218,-0.073150605,0.03842807,-3.1645396,0.28057265,1.7204262,0.12235286,-1.5677395,0.019420832,-0.10711936,-1.0366937,-0.24251437,0.76036555,-0.27861968,-0.073732786,3.2376373,1.969307,0.092010476,0.22745414,0.020274783,0.12997083,-0.664446,0.023060909,-0.45304045,0.18744648
P0ACN4,-0.051453866,-0.0129610775,-0.061564766,0.12591523,0.8458308,-0.16646314,-0.07215158,0.027272964,-0.03946001,-0.27276736,-2.5169747,0.46305925,1.0495081,0.39572865,-0.8911613,-0.31400996,-0.06688854,-0.762102,-0.09208189,0.46489888,0.43712822,0.03437262,0.57571644,1.0607198,0.062074095,0.107381344,0.008184083,0.0045442902,-0.20707354,-0.0025901482,-0.3379187,0.24398062
P0DPD7,-0.047182284,0.6934732,-0.07851093,0.12102717,0.61216605,-0.45546457,-0.077653885,0.0059852386,-0.070790984,0.7006941,-3.2412367,0.2440041,0.45807272,0.44572353,-1.1054268,-1.0100932,-0.057321012,-1.5170571,0.082412355,0.95060587,1.0552152,0.0013930276,0.6424812,3.1652715,0.06484099,0.34472373,-0.0039023291,0.068371594,-0.66776717,-0.0026567932,-0.262242,0.17019397
A0A024B7W1,-0.06707756,-0.25045106,-0.060149677,0.13247874,0.4957114,-0.05725888,-0.062444676,0.0045869835,-0.03836896,0.45912617,-1.5730069,0.8735286,0.40548098,0.2701879,-0.96899456,0.31109488,-0.06626823,-0.23715164,-0.2384814,0.6383705,0.21713382,-0.0006021261,1.7614697,0.6291164,0.06168731,-0.10179596,0.0028970912,0.004230749,0.689569,0.023318782,-0.25936416,0.49072334
P16219,-0.030814901,0.3978704,-0.08509458,0.11468435,0.640496,-0.08814702,-0.10038619,-0.0015493557,-0.07116445,0.6162003,-2.052505,0.39062715,0.8354871,-0.01494696,-0.004197955,0.19125539,-0.07020658,-1.7306995,-1.0217156,0.5322857,-1.1851819,-0.018614607,2.098649,1.5607995,0.0466197,0.15273812,0.035032883,0.06241937,0.78623015,-0.010462145,-0.19728246,0.12890607
P07359,-0.0054304926,0.2159466,-0.13297564,0.14043787,1.1229676,-0.2719413,-0.13949646,0.00037158624,-0.12790671,-0.25587317,-3.8399785,-0.25726935,1.3163049,0.23416248,-0.2433215,0.025319504,-0.07749577,-1.4788715,-0.16137324,-0.42041942,0.17545532,0.017905012,0.48344928,3.496891,0.08879494,-0.0057384176,-0.011348589,0.07625742,0.6242789,-0.033375558,-0.55234134,-0.15547131
Q14247,-0.0782276,-0.123778954,-0.06302385,0.12231846,-0.024958156,-0.08737883,-0.05675413,0.0012353666,-0.038092997,0.0677462,-1.5505587,0.27249223,0.7749158,0.10905974,-0.78989017,0.3857655,-0.072378784,-0.21314383,-0.19808882,0.19984815,-0.26493242,-0.016246252,2.297621,1.0554523,0.061624013,0.09091421,0.0023171208,0.029844902,-0.12514427,0.024948696,-0.06545572,0.2175161
P34760,-0.039874204,-0.2353207,-0.109908976,0.12499267,0.6513414,-0.008486004,-0.09935448,0.007966041,-0.096904434,-0.24853975,-2.3398194,0.40697947,0.9963377,0.083488144,0.21359032,0.14657697,-0.076694384,-1.2889411,-0.48902303,-0.26495117,-0.33322692,0.015052537,2.249745,2.0391047,0.08177262,-0.021303494,0.008464745,0.08941418,0.19749555,-0.016162995,-0.053494982,0.07650623
P0C0T5,-0.08619149,-0.2323405,-0.11496625,0.15997188,1.1714958,-0.13549224,-0.12951295,0.033783853,-0.07949127,-0.73454654,-3.1111798,0.4863018,3.2702115,0.16784999,-0.73747003,-1.0826429,-0.11773779,-2.4147716,-1.3356307,-0.32896438,-1.7333272,-0.040725194,3.8335762,0.75901145,0.07061602,0.98115206,0.07837249,0.17146334,-0.639083,-0.0391751,-0.35172337,0.2922509
P0A9Q7,-0.07341567,0.3821319,-0.08366563,0.15015806,0.5600771,-0.22563423,-0.089917816,0.0048212493,-0.053931553,-0.16358589,-3.0937622,-0.21785772,1.5487341,0.052508116,-0.9069981,0.5921155,-0.090016454,-1.0378954,-0.3958873,1.0436463,-0.47444344,-0.043262627,1.0690025,1.5864607,0.07058673,-0.048888706,0.014275293,0.050392166,-0.105393775,0.011439634,-0.37712646,0.092254564
P06612,-0.092723005,-0.5531098,-0.06306883,0.14510778,0.91875917,-0.15620497,-0.054693587,0.007949067,-0.03468684,-0.28554145,-1.2396889,0.843557,0.73709714,0.26999274,-0.48857006,-0.054795403,-0.07077887,-0.24329785,-0.5464198,0.7113265,-0.37871993,0.012060283,1.7948784,0.3087487,0.07348386,0.36802644,0.0064169345,0.013277659,-0.4738976,0.02328164,-0.014831603,0.62485635
Q9QWV4,-0.03951674,0.53112656,-0.09863423,0.11427393,0.910409,-0.226602,-0.107292995,0.0117040975,-0.08316781,-0.3494808,-2.854706,0.77939236,1.52308,0.22793134,-1.0693284,0.18057467,-0.08326014,-1.490514,-0.7772504,0.5239799,-0.5094086,-0.028749352,2.038013,1.6200794,0.06334833,0.431424,0.032960586,0.07963773,0.43995056,-0.019393101,-0.66445655,0.41743928
Q7L0Y3,-0.059424575,0.3291012,-0.07792018,0.124883,0.3452759,-0.10567961,-0.071018524,-0.0021482608,-0.05752741,0.25969347,-2.1164052,0.24694513,0.7272986,0.082406595,-0.6671786,0.40537098,-0.07193321,-0.7791731,-0.39865327,0.6386816,-0.49882355,-0.018755183,1.7095362,1.4533366,0.06387304,0.039443,0.00857139,0.047406048,0.21167701,0.012269296,-0.26707387,0.10899526
P51965,-0.07598878,0.5602531,-0.07650923,0.14168617,0.23207566,0.063514315,-0.06891156,0.0033785538,-0.051698804,0.46226862,-2.2143712,0.2803617,0.46396708,-0.019610073,-0.57565063,0.54588884,-0.07778902,-0.79916185,-0.35889116,1.034217,-0.5568749,0.03119387,1.936881,1.6167043,0.06815339,0.058557194,0.009783096,0.04118251,-0.063269295,0.020399112,-0.10440365,0.03836331
Q9C0C9,-0.065785766,0.514447,-0.098800786,0.14026383,0.63660574,-0.0013494816,-0.07769933,0.009669433,-0.077511795,0.2527527,-2.6945517,0.6170164,0.8863793,0.16638903,-0.999045,0.26473853,-0.08334175,-1.1202623,-0.41276056,1.0888474,-0.26864198,-0.005668698,1.857058,1.5129981,0.08052467,0.0738684,0.018380778,0.10000915,0.2830204,-0.001058907,-0.46637487,0.18690898
P80188,-0.067737326,0.30114454,-0.07528229,0.1205764,0.52683014,-0.11947518,-0.050184358,0.008543368,-0.050157424,-0.24367723,-2.2095335,0.030208567,1.0132619,0.06602963,-0.7204043,0.7010675,-0.07223544,-0.798262,-0.38110873,1.5322751,-0.32976365,-0.045338158,0.58865327,0.97455215,0.06983329,-0.0471763,0.0117014265,0.07966091,-0.26145586,0.0072064833,-0.20741232,0.18573162
Q12349,-0.105423905,-0.59535074,-0.08822794,0.17009836,-0.08665793,-0.23821676,-0.07644533,-0.004795867,-0.058870703,0.88511693,-2.2637691,0.38165078,0.6690545,0.3651121,-0.7620978,0.1484741,-0.0931911,-0.3496276,0.032053024,0.48818722,0.44993696,-0.043999292,2.6133456,1.6493406,0.09537002,-0.48440307,-0.008117939,0.049759302,0.37717515,0.03607972,-0.17982027,0.2087588
C0LGW6,-0.054369584,0.27891755,-0.10632381,0.14084648,0.800468,-0.17805612,-0.11029335,-0.0010581156,-0.09116137,0.30047253,-2.9127607,0.28882942,1.0825298,0.10161882,-0.16082044,0.27281556,-0.08087302,-1.6472316,-0.50190485,1.1258243,0.11081668,-0.011914581,1.265817,2.550819,0.07980514,-0.091932185,0.015294944,0.07876657,0.19866341,-0.0003188271,-0.14046614,0.24730842
Q9HAU5,-0.09899666,0.17579317,-0.056041155,0.1352798,-0.044352822,-0.17021531,-0.064364485,-0.0023297155,-0.023646293,0.6248295,-2.3914554,0.13491504,1.3464639,0.32360196,-1.8236468,0.037202872,-0.08311591,-0.6168178,-0.17079844,0.8308522,-0.26883504,-0.018029263,2.486792,1.3650646,0.055091314,0.19880244,0.015858596,0.014140936,-0.22405264,0.037699506,-0.3909311,0.0960068
P11415,-0.11386619,0.21877651,-0.06476691,0.18539788,0.64892346,-0.010238026,-0.0635995,0.014751165,-0.017459946,-0.54342586,-2.2382965,-0.30814627,1.7027378,-0.22110395,-0.8973823,0.8493441,-0.09803801,-0.19372346,-0.48764896,1.2197824,-1.1678748,-0.03529111,0.8571219,-0.18606313,0.07055203,0.22430848,0.020644924,0.047671173,-0.54074985,0.027701244,-0.12825425,0.24064653
P0DMC3,-0.06305781,-0.032899678,-0.087892465,0.12056993,0.98960274,-0.07849208,-0.079138406,0.015903044,-0.06477954,-0.9418157,-2.0328019,0.46483886,1.6572951,0.10852357,-0.2573513,-0.03971642,-0.077539355,-1.125047,-0.64603144,0.49859488,-0.5216686,-0.01006291,1.6626163,0.9720638,0.072593205,0.28997484,0.0277976,0.07456668,-0.6655944,-0.006485205,-0.15878226,0.36883372
Q9UJV3,-0.07522431,0.19248074,-0.091935314,0.1282857,-0.01931084,-0.04250505,-0.058878105,0.00046714325,-0.07114448,-0.20461449,-2.1159353,0.075863674,0.6904739,0.0019617267,-0.5795822,0.63292074,-0.07704302,-0.33236346,0.020484656,0.37504187,0.031999975,-0.018886717,1.8674692,1.8457496,0.085488886,-0.032201424,-0.009645213,0.08880689,-0.37338704,0.015385604,-0.05646241,0.062329598
P08909,-0.057322185,0.19042051,-0.08460001,0.1429917,1.0406009,-0.17197844,-0.09096368,0.012522469,-0.05906676,-0.11715094,-2.4785793,0.1239528,1.4779911,0.044766538,-0.12405421,-0.1480502,-0.07985638,-1.5367831,-0.83554876,0.7021588,-1.0046432,-0.026159605,1.0826547,0.961239,0.063325495,0.24103074,0.032827687,0.072490565,-0.11159341,-0.010106468,-0.19205348,0.14272319
P48601,-0.10917151,-0.13100466,-0.0562123,0.1395318,0.28155214,-0.010320842,-0.014437529,0.008837489,-0.02294394,0.14606768,-1.2904519,0.6822673,0.5784129,0.29698732,-1.371802,0.007961845,-0.07048708,0.20745268,-0.026180958,1.0501759,-0.041009404,-0.020128082,1.6952482,-0.12660858,0.07775433,0.12691787,0.0022040538,0.055614453,-0.46023774,0.034947198,-0.23013029,0.32679516
D2Z028,-0.1048021,0.35345346,-0.013017491,0.16413009,1.3925571,0.18312617,-0.01974181,0.02894735,0.028033579,-0.03297931,-0.7770657,0.8776069,-0.07622771,0.00278496,0.3497276,0.12806517,-0.05367364,-0.13080135,-0.53945774,2.4529371,-0.5685678,0.1265587,-1.0074917,-1.1646421,0.057545017,0.19023383,0.019288119,-0.09841252,-1.0550048,0.0461761,0.3303994,0.43952572
Q42403,-0.06430294,-0.40727842,-0.10683831,0.12751871,-0.012414722,-0.13068198,-0.084696464,0.00039060207,-0.09106359,-0.30517542,-2.449396,0.21032193,0.94615626,0.21972026,-0.99124527,0.40956602,-0.08384727,-0.38557795,-0.026294895,-0.66183007,0.049827166,-0.0034871597,3.2484946,2.5321505,0.086839266,0.20629981,-0.017311156,0.094193615,-0.039411638,0.0007870909,-0.20396581,0.14586218
P19174,-0.0460785,0.15026845,-0.09836481,0.12647957,0.540903,0.023193754,-0.09249651,0.0058733197,-0.081066735,-0.15498386,-2.3813145,0.07868719,1.1858096,0.03916738,-0.23818642,0.3565536,-0.07610724,-1.0046754,-0.29351604,0.23852088,-0.20374945,0.0119011365,1.4207934,1.8944461,0.07435533,-0.024647702,0.010261097,0.07112729,0.15859537,-0.004858666,-0.16994129,0.01700175
P84022,-0.055490244,0.1465364,-0.094763115,0.12657017,0.5652123,-0.15419118,-0.083864234,0.0041675796,-0.07630877,-0.2459524,-2.2836301,0.2938568,1.0566982,0.07494313,-0.41124028,0.2739971,-0.07762665,-0.9756618,-0.5035578,0.2956433,-0.5045307,-0.024481729,1.8409778,1.6157712,0.07364716,0.20061302,0.010899376,0.08258358,-0.010536362,-0.004031281,-0.22009987,0.20179431
P17515,-0.041883938,0.29131335,-0.11188011,0.15285006,0.7275239,-0.32035446,-0.09510567,0.0024481637,-0.09619277,0.47991553,-3.4941468,0.16816589,0.9407501,0.346112,-1.539898,0.10437248,-0.08282937,-0.9242963,-0.14905624,0.32640177,0.04677379,-0.057902366,1.0538374,2.015786,0.08401693,0.07487887,-0.0056508845,0.11605889,1.0630044,-0.017122176,-0.8215892,0.073819116
Q9VU87,0.0012517242,0.44422892,-0.15335487,0.1074963,0.25882417,-0.1461649,-0.15081818,-0.013913801,-0.1531885,0.030150244,-3.0651004,-0.64063925,1.4079969,-0.1359053,0.9807347,1.086261,-0.08523419,-1.8949236,-0.41787508,0.18573448,-0.02352999,-0.04517385,0.8965282,4.098939,0.09039664,-0.5757132,0.0091564255,0.13533333,1.0442177,-0.031914387,-0.17235826,-0.2581318
P46273,-0.050576556,0.22550373,-0.08749668,0.13285913,0.563661,-0.1353248,-0.09042691,0.0037580724,-0.06798251,-0.03855146,-2.5317745,0.15394619,1.2153137,0.14882119,-1.0905932,0.20267884,-0.0775466,-0.73519814,-0.30979848,0.13191502,-0.31629342,-0.01500277,1.7004026,1.6394491,0.064179875,0.24444166,0.00825312,0.0593475,0.34016246,-0.0013168335,-0.4561709,0.1811389
O15394,-0.08679317,-0.0008554578,-0.0919863,0.1537016,0.70168126,0.12565707,-0.059907604,0.022715103,-0.061576225,0.22793059,-2.4689703,0.21119504,1.3032373,0.2918098,-0.53486955,-0.4669909,-0.08352749,-1.1454237,-0.13333654,1.2147936,0.04743396,0.02562649,1.1334877,1.0868216,0.091010824,-0.15380108,0.023071103,0.10444416,-0.5303682,0.0018965475,-0.18452315,-0.074197926
P9WPW9,-0.11673222,-0.6639056,-0.060690235,0.17011113,0.9455979,-0.21887593,-0.05278791,0.040774893,-0.020322517,-0.8803325,-1.5460758,0.9482777,1.2770295,0.09475014,-0.2869505,-0.5036313,-0.09075204,-0.6184513,-0.7944753,0.40228927,-0.7079635,-0.03401434,2.316836,-0.7854455,0.07546134,0.6356138,0.029806986,0.08566505,-1.1888849,0.0019370293,0.21876766,0.8053377
O33407,-0.10300365,0.08107587,-0.054589875,0.15829867,0.26262876,0.012929411,-0.055456165,0.0059465514,-0.01848524,0.36190373,-2.0017858,0.13858168,1.0657144,-0.0466287,-1.1658156,0.20332551,-0.081506096,-0.5560962,-0.40888703,0.7501466,-0.7985371,-0.015083064,2.3296502,0.5087462,0.054920863,0.28539938,0.01721812,0.045505468,-0.36906213,0.031441536,-0.007950514,0.20418347
Q9ALW2,-0.06371438,0.31135273,-0.03258608,0.119594395,1.3523105,0.10245371,-0.038706508,0.005592051,-0.0052871965,0.012453243,-0.9810716,0.27881324,0.5830039,-0.0638957,0.37713355,0.18720794,-0.043923896,-1.0056437,-0.8322427,2.1769803,-0.9346865,0.053749636,-0.5705355,-0.054486237,0.040804587,0.10317683,0.028663205,-0.039392244,-0.6930929,0.027399503,0.2522218,0.26652038
O15033,-0.032165673,0.22313616,-0.10862564,0.11785375,0.21136515,-0.03453116,-0.10183281,-0.009170113,-0.10392467,-0.021080285,-2.2558675,0.4220424,0.20163012,-0.077197865,-0.037470154,0.88014776,-0.069563165,-0.7143767,-0.22241698,-0.31479162,0.043221205,0.02263472,2.409456,2.9439855,0.078251995,-0.0033943579,-0.016827323,0.060396694,0.5263293,0.0005696919,-0.0363178,0.17557904
O00560,-0.04882607,0.15606795,-0.09635614,0.1310372,0.5871403,-0.13894492,-0.08683261,0.00681773,-0.07850733,-0.37774462,-2.3522599,0.12014278,1.1539435,0.104153775,-0.6316024,0.2119815,-0.0763982,-0.6045163,-0.23523372,-0.056721304,-0.2116214,-0.013552451,1.3218096,1.6331637,0.07537239,0.24758871,0.0024226129,0.07735907,0.099766,-0.0076334896,-0.32881653,0.1572848
O94875,-0.11389768,1.199715,-0.042313233,0.1943913,0.8781724,0.06601572,-0.062353935,0.01038559,0.004161076,0.7716684,-3.14439,-0.17390652,1.3136007,-0.25228423,-1.7608976,0.5041568,-0.087864906,-1.1555694,-0.6129687,2.5850499,-1.1482233,-0.005397706,0.45756117,0.23541129,0.042778235,0.37626386,0.037185192,0.029852739,-0.38109076,0.039040036,-0.22622256,0.15094417
P09455,-0.10987979,-0.28671893,-0.07174151,0.13924105,0.3561659,0.049381226,-0.05003389,0.016603043,-0.034580473,-0.49008504,-1.6416394,0.45272762,1.497661,0.13145746,-0.3827982,-0.019784328,-0.087953314,-0.68875283,-0.45322284,0.65817183,-0.69016826,-0.0019227905,2.5561337,0.31557915,0.08019898,0.079702474,0.027122663,0.059888937,-1.0328525,0.023011569,0.028306445,0.1698532
P11541,0.050255448,0.09181616,-0.14344189,0.10525169,1.9984224,-0.26534244,-0.1589865,0.0125472285,-0.14903694,-1.4599602,-3.218858,0.66733825,0.9472504,-0.02220241,0.7506869,1.1428444,-0.07157397,-1.8992102,-1.444,-0.7711241,-1.5473443,0.021448277,0.9884897,2.3745387,0.07319622,0.44165885,0.0064171515,0.07573261,1.6104456,-0.07958838,-0.60864526,0.33457142
O29976,-0.13757062,-0.10320288,-0.02754928,0.17085329,0.104305446,0.046461165,-0.017854815,0.014223969,0.023308126,-0.18535623,-1.6046964,0.14501613,0.913136,-0.06314768,-1.9483446,1.0793245,-0.08709752,0.5920683,-0.32146728,1.241962,-1.1438229,-0.0074747764,2.1192775,-0.7910949,0.054658018,0.46426925,0.003618108,0.0031741746,-0.6501372,0.05295735,-0.057700336,0.38942415
O23512,-0.056564726,0.2425216,-0.07433225,0.15666291,1.241385,-0.39130506,-0.086499,0.0076839924,-0.049493074,0.7819808,-3.397138,-0.16590992,1.3913645,0.36934593,-0.88194877,-0.854344,-0.07228553,-1.9055176,-0.49028176,1.4408954,-0.1664788,-0.049377628,-0.02345314,1.5181943,0.060020883,-0.04581223,0.0240614,0.061264694,-0.0013922572,-0.0035066523,-0.4455906,0.028880578
A0A166U5H3,-0.016990175,0.010891524,-0.11840645,0.13989338,0.5702239,-0.31545863,-0.13816531,0.013707237,-0.09774456,0.6475321,-3.875667,-1.0597789,2.4023218,0.45886597,-0.26602164,-0.6771129,-0.093800016,-2.0881495,-0.32431826,-0.30682963,-0.57591474,-0.027501214,0.25872976,2.5779274,0.07228683,-0.23744535,0.030524665,0.09560008,0.91538733,-0.043454967,-0.7131998,-0.7567615
P01700,-0.0829932,-0.4849708,-0.061850328,0.13157912,0.2964859,0.115920186,-0.05579163,0.023339452,-0.03346829,-0.3413362,-1.6469035,0.43178356,1.2022573,0.1433982,-1.5335014,0.20867893,-0.07640565,-0.1335217,-0.2443153,-0.029791772,-0.29447967,0.034070008,2.7911844,0.60152704,0.055254124,0.66256535,0.009184018,0.066310816,-0.32951564,0.005512629,-0.021750957,0.43906724
P13727,-0.062721126,0.29135382,-0.10983788,0.15679221,0.46492472,-0.2688248,-0.123947404,-0.004002049,-0.0772403,-0.9950549,-3.563039,-0.50470597,2.6238635,-0.11179318,-1.5250064,1.224532,-0.11119723,-0.6118243,-0.54277486,-0.6030352,-1.4380957,-0.098080665,2.0746098,1.3216889,0.07302499,0.28049406,0.013404501,0.07622401,0.6615119,-0.0022868365,-0.82785326,-0.02080371
Q9VMB4,-0.019510953,-0.39410892,-0.10885472,0.116578184,0.6017892,-0.019202894,-0.11234287,0.010183104,-0.09691134,-0.44058052,-2.3009636,0.054023996,1.2840587,0.11797956,0.053990543,0.18555121,-0.07636506,-1.0672902,-0.5545593,-1.152362,-0.87808824,0.038484104,2.3171422,2.0505266,0.06924117,0.29735935,0.0063650296,0.070356406,0.5226357,-0.031167045,-0.1909309,-0.10025122
P49407,-0.055335656,0.26297712,-0.09621247,0.130539,0.6416093,-0.09875294,-0.08399099,0.0024424307,-0.07706339,-0.16116303,-2.2568798,0.26295957,1.011132,0.04172498,-0.30004665,0.53099346,-0.077231966,-0.89985514,-0.44532818,0.72132635,-0.34428522,-0.02092389,1.1803175,1.522873,0.07761251,0.01749696,0.010843748,0.07437363,0.19227777,0.00051275844,-0.24004276,0.19267905
O13034,-0.0046147243,0.6109239,-0.11581495,0.104844525,0.43970004,-0.25243896,-0.11698945,-0.0039101904,-0.11168454,-0.6011814,-2.8037994,0.13710377,1.0161142,-0.044699047,-0.671264,0.8589719,-0.075410105,-0.7949616,-0.40917626,-0.8001407,-0.49710265,-0.045817696,1.8123205,2.5247293,0.06705692,0.29949123,-0.0038254894,0.08857991,0.95884275,-0.02720533,-0.61254716,0.14544168
O00910,-0.049022906,0.1639432,-0.078454114,0.1280444,0.2950223,-0.050302397,-0.07601279,0.011757339,-0.054599762,-0.30455285,-2.2051907,-0.29762,1.1945944,-0.11227989,-0.4860564,0.6823418,-0.07653349,-0.61187685,-0.33993083,0.12261391,-0.6652223,-0.030532748,1.1248207,1.0730932,0.05905624,0.07839402,0.009126813,0.07181232,0.18567738,-0.005301354,-0.14173985,0.016241778
Q74K78,-0.050758876,0.18730211,-0.11837998,0.18697876,2.5833511,0.2914087,-0.15928845,0.008787583,-0.08594764,0.15894991,-3.5612314,-0.35505348,2.69094,-0.15569031,1.4710612,-0.013807956,-0.09563631,-3.7141604,-1.7457284,2.666944,-1.9583706,0.08877632,-0.07988757,1.8426429,0.07263671,-0.32485563,0.08079269,0.04540151,-0.078766584,-0.016748726,0.05851146,-0.18640454
P53675,-0.03871111,0.16222844,-0.11395139,0.143105,0.25537223,-0.2232248,-0.11452358,0.00030641444,-0.10118631,-0.25542456,-3.1893055,0.22422314,0.8904456,0.16076764,-1.0817271,0.7515083,-0.08678121,-0.26463306,0.12188863,-0.8369395,0.32636186,-0.009010645,1.8902358,2.586247,0.08781687,0.037267957,-0.023284834,0.056878455,0.91987294,-0.0056330366,-0.5940441,0.100781165
P11473,-0.06336989,0.4181849,-0.09024537,0.13932575,0.48453972,0.001519066,-0.08692327,0.0009917236,-0.069838725,0.07275183,-2.3119974,0.19014297,1.2655044,0.037158486,-0.50087667,0.20250374,-0.08638834,-1.0253221,-0.3163908,0.88143295,-0.30514798,-0.027363304,1.3357584,1.227525,0.07193519,-0.042413767,0.02346298,0.08843503,-0.0013233701,-0.015532733,-0.2771417,0.085566275
P07315,-0.06463108,0.7305844,-0.057537246,0.11680007,0.35511073,-0.082845695,-0.07024542,-0.0067137987,-0.033053298,-0.28565782,-2.3699942,0.08169937,1.2373885,-0.09668016,-1.3112637,0.780502,-0.07026708,-0.6064753,-0.3044246,0.78487605,-0.44395027,-0.03262631,1.5833588,1.3011823,0.046011414,0.09672763,0.011505668,0.0027064208,-0.18214674,0.030922512,-0.34673643,0.22265498
Q9Y2D1,-0.076053225,0.391388,-0.08237378,0.14375469,0.21573345,0.016709393,-0.05772431,0.010632318,-0.054328244,0.35731775,-2.3274052,-0.027609926,1.1078768,0.03914578,-0.99188644,0.06745315,-0.080895625,-0.7373302,-0.15087023,0.71266043,-0.34178278,-0.0419209,1.4533823,0.92824936,0.07143365,0.00014692247,0.016798647,0.112528645,0.0073233857,0.005772547,-0.28222185,-0.039920893
O88844,-0.058972146,-0.2492939,-0.09465454,0.13272135,0.45422915,-0.25484863,-0.090984,0.013382831,-0.077423945,-0.26646027,-2.7272274,0.38941377,0.9275717,0.39769718,-0.71892387,-0.06500275,-0.07969242,-0.7044825,-0.093398914,-0.2553575,0.23588583,0.035329975,1.950465,2.2911417,0.083933674,0.28927395,-0.009354087,0.044785347,-0.2063772,-0.005107186,-0.25805575,0.14546534
Q5SW96,-0.05856641,-0.21269445,-0.08959191,0.13751732,0.77056086,-0.15399913,-0.07997014,0.013010685,-0.064697884,-0.40034288,-2.4475088,-0.090547144,1.4659233,0.15018137,-0.33953345,0.09539764,-0.07952264,-0.985718,-0.4376236,0.35162938,-0.5239139,-0.022496218,1.0387647,1.1825303,0.075132266,0.067511946,0.012185677,0.07736531,-0.16465586,-0.0086530065,-0.20025234,0.061261747
P07014,0.014290336,0.108951114,-0.099626504,0.08001527,0.7722277,-0.12950793,-0.09806639,0.004531556,-0.09875145,-0.71417713,-1.8812242,-0.25099674,1.1710155,0.11257816,0.34021953,0.25113127,-0.050550953,-0.75160533,-0.06779673,-0.37089553,0.43986312,-0.008689399,-0.4541932,2.1529942,0.06440177,-0.17494965,-0.0013848593,0.055329364,0.537437,-0.030285979,-0.28414097,0.02834773
P22736,-0.08994266,-0.050665718,-0.08708822,0.13958843,0.68433744,-0.12795171,-0.06302471,0.01102684,-0.058498893,-0.38653237,-2.22459,0.43468133,1.4965967,0.21722569,-0.63952845,-0.21088044,-0.08283919,-0.9027826,-0.32168838,0.78296787,-0.123584315,-0.03564348,1.6182904,0.8921834,0.08567864,0.084364496,0.019378364,0.088954955,-0.6938253,0.010616206,-0.203148,0.25166014
F1RAX4,-0.035131004,-0.19884187,-0.08030693,0.11249872,0.8975496,0.009375672,-0.09228852,0.013604195,-0.06412366,-0.33898404,-1.9391779,0.44076553,1.2193624,0.104599245,0.2742359,-0.10151603,-0.06542417,-1.3099848,-0.5744295,-0.029032646,-0.35204533,0.030703478,1.4471406,1.2552711,0.060106877,0.0073917457,0.022375422,0.028640805,0.037754025,-0.009460257,-0.014334488,0.14576624
O75446,-0.10436998,-0.20744789,-0.085033976,0.15659939,0.15458289,-0.06643179,-0.04565835,0.006388463,-0.054494306,0.18276936,-2.4229302,0.7406416,0.956181,0.527864,-1.9932468,-0.300969,-0.085947596,0.23004347,0.417019,-0.051199,0.5356103,-0.013941236,2.4874454,0.83270955,0.09883294,-0.033081546,-0.012106853,0.0636382,-0.0063182414,0.029167952,-0.6708365,0.09477221
P0ACE3,-0.0042665163,-0.20062093,-0.09022616,0.08407361,0.1930086,-0.38532633,-0.066725336,-0.0031698057,-0.08774357,-0.557135,-1.4823598,0.11137046,0.26003596,0.03648347,-0.033589043,0.9144932,-0.0527345,-0.028334767,-0.1265671,-0.60628086,0.24004504,-0.10914322,0.60166645,1.399536,0.06779013,-0.22507274,-0.024282569,0.0851493,0.98210174,-0.018269109,-0.24283876,0.33359316
O23530,-0.047505796,0.46232238,-0.076153114,0.11281727,0.077945545,-0.036537725,-0.0839677,-0.0018878222,-0.056759153,0.1976899,-2.1882854,-0.22913484,1.2746327,-0.0032375795,-0.70243037,0.35118648,-0.071871206,-0.82439953,-0.19136354,0.22292076,-0.29290363,-0.020378673,1.5035375,1.7782097,0.052564807,-0.02017015,0.015199306,0.04544493,0.2105802,0.009211858,-0.25089386,-0.07058405
P20827,-0.054342985,-0.651713,-0.095745325,0.12219385,1.14089,-0.10769804,-0.08313052,0.016238298,-0.07306014,-1.0815287,-1.8450171,0.09936528,1.7035792,0.120873585,0.72940373,-0.20751396,-0.07560845,-1.3845426,-0.81431574,0.13762793,-0.8879522,-0.0022365635,1.4631326,1.0752947,0.07963359,0.095102206,0.023778565,0.077613816,-0.8256582,-0.017298084,0.11000207,0.1629199
Q43155,-0.0759861,-0.44337964,-0.082443565,0.11723331,0.30435467,-0.0073596835,-0.03992768,0.0136580365,-0.054729626,-0.6567188,-1.7884665,-0.38554707,1.7834475,0.08873157,-0.2010921,-0.079297215,-0.0723217,-0.67111933,0.11120894,0.65189713,0.44665456,-0.08480745,0.6740681,0.7089946,0.083646245,-0.5491128,0.012716705,0.12705804,-0.8768526,0.0063495813,0.056054115,0.018198986
O53581,-0.12889966,-0.054687157,-0.095583074,0.14385088,0.077417016,-0.21492082,-0.036551014,0.010763136,-0.060034398,0.18177883,-2.5150273,0.36140403,1.7952057,0.3825529,-1.8666039,-0.46534848,-0.099283405,-1.068786,-0.28336355,1.4173101,-0.1581642,-0.116854645,3.0298245,0.9244142,0.09320555,0.2587838,0.030074572,0.20170973,-0.98439974,0.012342016,-0.36841652,0.27719113
P18956,0.016937973,0.7024134,-0.08638216,0.081684284,0.19904895,-0.27881643,-0.09246648,-0.020696538,-0.086179696,0.57659256,-2.1018054,-0.15190952,0.21645766,0.042347193,-0.23112984,0.804972,-0.050206628,-0.7880581,-0.361093,-0.2275495,-0.5497464,-0.059106994,0.59345484,2.2117527,0.045828406,-0.2799365,-0.0068864697,0.024596823,1.6884508,-0.010687632,-0.6059306,-0.18665117
P15202,-0.1397306,-0.538939,-0.08099844,0.14946441,-0.19868486,-0.08913195,-0.044435978,0.009273414,-0.04427966,-0.04921498,-1.9715484,0.7428376,1.2340792,0.5441357,-1.4315257,-0.29033297,-0.09712187,-0.07113335,0.17075586,0.4609932,0.38476697,0.00932256,3.6285527,1.2730176,0.103106715,0.08180499,0.0016183782,0.057867587,-1.130914,0.042805076,-0.20755129,0.22534513
P0A744,-0.033159573,0.04948221,-0.11669278,0.13046266,0.9189871,-0.39840284,-0.12562045,-0.001326312,-0.105758816,-0.39844355,-3.4446332,0.34950307,1.2880272,0.28079212,-0.2876158,0.20267923,-0.0837054,-1.5401427,-0.47739413,-0.006205837,-0.020899653,-0.024953121,1.6937613,2.8534029,0.08609855,-0.08887971,0.00097359094,0.053450238,0.32940772,-0.013352918,-0.49282646,0.17139085
P09758,-0.060724493,0.14397007,-0.08346826,0.13747582,0.6268758,-0.1840157,-0.08522638,0.0011172114,-0.06119803,-0.0482893,-2.6900132,-0.05689283,1.15772,0.0827954,-0.394094,0.2516704,-0.076243885,-1.1245301,-0.34463334,0.71418303,-0.2237946,-0.021414295,1.1486684,1.8293772,0.070557475,-0.1258542,0.0070839277,0.04465955,-0.18117929,0.009584855,-0.16685016,0.07618626
P03069,-0.06316004,0.3286126,-0.08105242,0.14162761,0.6506193,-0.054143287,-0.07756314,0.0056199166,-0.05646139,-0.023845337,-2.2764876,0.048397362,1.079762,-0.11972931,-0.35882923,0.43770227,-0.07668065,-1.0265605,-0.55535984,0.80182606,-0.70078105,-0.029182874,1.1898589,1.0919045,0.06395387,0.10525527,0.01782879,0.074921265,-0.0036278097,0.004253464,-0.0835726,0.16434427
A0JNT9,-0.08237639,0.5045496,-0.028804922,0.13863893,0.094460145,0.0009129107,-0.043329645,0.018736789,0.0041194567,0.992523,-1.9824417,0.11714832,0.6685713,0.25669655,-1.1375622,-0.46462876,-0.06472707,-0.4824764,0.14649281,1.0742186,0.25899848,0.030466843,0.57807004,0.4910729,0.04443086,-0.11167544,0.018182784,-0.023797842,-0.209968,0.033055514,-0.20110801,-0.07770269
P10096,-0.060014628,-0.10694386,-0.09228191,0.11625582,-0.3497234,-0.22208539,-0.07754381,-0.00231057,-0.06804587,-0.069343545,-2.381085,-1.1082057,1.7483611,0.0043074638,0.07588017,0.41532195,-0.082284026,-0.9033911,0.042667367,0.11401966,-0.09224856,-0.08884681,0.85848397,2.1010065,0.075614445,-0.52539146,0.0054510543,0.09829486,-0.30823806,0.0052633733,0.017459521,-0.40885702
P04739,-0.038126413,0.36451894,-0.09196739,0.12432072,0.98388755,-0.2681657,-0.119804695,-0.0031592306,-0.07803056,0.4398661,-2.91109,0.8296243,1.2588215,0.3457957,-0.9817152,-0.06290348,-0.07863659,-1.697683,-0.81574863,0.57431144,-0.46397182,-0.012150089,2.2269533,1.9993149,0.05757684,0.1974684,0.029609673,0.026160872,0.8890202,-0.0035526436,-0.6818144,0.34142768
P11672,-0.07876881,0.00935317,-0.0991669,0.14629164,1.0674487,-0.1050614,-0.07327406,0.01784589,-0.06802194,-0.69162726,-2.8270707,0.15553889,2.026382,0.28055882,-0.9364421,-0.010997576,-0.08983423,-1.0509801,-0.36919338,1.0854828,-0.28569666,-0.036312815,0.7863423,0.80170554,0.09064247,0.03237748,0.024438877,0.10377611,-0.4312687,-0.004936869,-0.5135702,0.15033332
O14368,-0.029990733,0.46557724,-0.095752135,0.12298735,0.99294174,0.035494108,-0.11280244,0.0015872804,-0.079769865,-0.020811148,-2.6780553,-0.004855467,1.3594369,-0.0882858,0.29937392,0.62990546,-0.073375314,-1.8121022,-0.71439785,1.1213056,-0.5249716,0.015785383,0.62656695,2.0621295,0.06241141,-0.25175282,0.028701263,0.040605467,0.38240317,-0.005827972,-0.13349882,0.019860048
Q9Y2X8,-0.031962134,-0.20149533,-0.11807443,0.10490562,0.7470737,-0.34917662,-0.0950529,-0.0114737265,-0.11556775,-0.86679435,-1.9393716,0.51290154,0.5220602,-0.053774666,0.5503295,0.9677548,-0.06693038,-0.9515401,-0.616503,0.26553658,0.038257267,-0.066340245,1.6400479,2.5330265,0.08935503,-0.02362703,-0.013139624,0.10308222,0.081661135,-0.009976847,0.07517484,0.6101847
O95997,-0.08452944,0.058965694,-0.054464377,0.12035682,-0.11184362,0.050201017,-0.047898374,0.0016929714,-0.026419729,-0.38086453,-1.7172028,-0.08561861,1.0299537,0.0038550287,-1.2290404,0.61491436,-0.070589565,0.12203026,0.10042627,0.2319283,-0.091085054,0.010733512,2.1357908,1.2604793,0.05760222,0.13161735,-0.00574525,0.011483347,-0.6910561,0.03570849,-0.04144749,0.13822451
P07550,-0.07339325,-0.21472146,-0.080485806,0.13275373,0.5387487,-0.04735947,-0.06929874,0.011643346,-0.054673642,-0.37303165,-2.0478668,0.14501132,1.3569251,0.18255536,-0.6055111,0.0024819584,-0.07719555,-0.6320766,-0.23099539,0.31336537,-0.1840842,0.0038862377,1.6235011,1.1760387,0.07422773,0.13198303,0.010018452,0.058308333,-0.46036237,0.0069458564,-0.12868956,0.15699881
P04797,-0.06383726,0.19510737,-0.072531626,0.14086278,0.80280507,-0.014645534,-0.07776026,0.008690325,-0.04632733,-0.08746437,-2.3374202,0.16125622,1.2061285,0.04024469,-0.40463388,0.039341275,-0.07341562,-1.0152456,-0.43719414,0.55196065,-0.5700283,0.013261812,1.1662356,1.0211809,0.06306393,0.07343683,0.01753859,0.028326804,-0.20298107,0.00960129,-0.15225,0.055303793
P11551,-0.081802085,-0.4463355,-0.06087938,0.1487112,0.9144956,0.080585204,-0.060454708,0.027143234,-0.021710213,-0.8016114,-2.1877143,-0.24307601,1.9890776,-0.07987298,-0.839169,0.56773084,-0.08348332,-0.8031112,-0.64418733,0.9198416,-1.0024027,-0.021004453,1.0807467,-0.19424453,0.055021785,0.19795504,0.02821495,0.07068979,-0.4846313,0.00048909785,0.010663358,0.26849797
P39633,-0.14267105,-0.004216671,-0.09902278,0.2190986,-0.8476602,0.23083398,-0.09802042,0.023644987,-0.049738,0.90110785,-2.9677258,-0.23424268,1.3965712,-0.08363361,-1.8177687,0.3792099,-0.13519257,-0.28897506,-0.3533383,-0.97948956,-1.9995486,0.078887,5.447089,1.5516436,0.07967612,1.1399637,0.015752476,0.12540852,-0.080341145,0.010454707,-0.056034267,-0.3726621
O15123,-0.083879605,0.10450471,-0.06574961,0.14078063,0.85709864,0.04279556,-0.067921944,0.02200651,-0.03185846,-0.46568272,-2.2128427,0.26749313,1.8246026,0.10069626,-0.82320327,-0.25133303,-0.08040138,-0.99063975,-0.4902498,0.63400847,-0.6841425,0.016729945,1.4329106,0.34088582,0.0609436,0.40350297,0.03414639,0.047815416,-0.74072355,0.007064575,-0.15999773,0.15799318
O95484,0.014066355,0.16888939,-0.15647061,0.11931633,1.0998604,-0.1342749,-0.17882489,0.013711439,-0.1576149,-0.7816153,-3.3485022,0.2408102,1.8131369,0.23536433,0.7311336,-0.36318526,-0.0868458,-1.8475482,-0.48163953,-1.7160523,-0.22307074,0.08292878,1.6433916,3.7017457,0.09247247,0.39338726,0.014212271,0.081283346,0.6723935,-0.061199132,-0.47421977,-0.19240202
Q6GIL8,-0.039042808,0.5929787,-0.076490745,0.15825754,0.020079672,0.39053553,-0.074150704,0.03954538,-0.05606082,-0.17936182,-2.7693944,0.20113254,-0.24121897,-0.13022622,-1.9643157,1.5529541,-0.07862869,0.7758105,0.3771329,-0.43266118,0.022329152,0.14625338,1.6813849,1.613666,0.061724022,0.5939561,-0.033882614,0.037742306,0.9338728,-0.014670195,-0.36851645,0.107426316
P31681,0.016378839,0.31813675,-0.14387132,0.11214691,1.421845,-0.23563948,-0.15936138,0.010555524,-0.1372544,-0.9667398,-3.112379,-0.8350975,2.7863946,0.044992395,0.82982576,-0.4099328,-0.081456736,-2.2128134,-0.73041934,-0.48494986,-0.6755374,-0.032167103,-0.38133845,2.7676656,0.0748111,0.19056663,0.03974378,0.13669664,0.31555372,-0.06675856,-0.46000594,-0.22284748
P01298,-0.113236845,0.27578276,-0.041515708,0.14879623,1.0429603,-0.052003574,-0.057760503,0.0046586767,0.001396603,-0.2583485,-2.0275779,0.30796778,1.9982713,-0.008220732,-1.2815461,0.2901246,-0.08099887,-1.0216436,-0.8725053,1.9560403,-1.1493056,-0.026773062,1.2584472,-0.269839,0.04564681,0.45154697,0.04551841,0.004810363,-0.8427226,0.04050172,-0.1409966,0.46261516
P47543,-0.052237213,0.10583835,-0.06497466,0.12821364,0.65095896,0.0083234,-0.06817674,0.01834009,-0.036857415,-0.46826017,-1.7055451,-0.10864047,1.334066,-0.243268,-0.13279651,0.35173288,-0.07298134,-0.933614,-0.8397701,0.13911633,-1.5111694,-0.0326806,1.403741,0.07908877,0.0443493,0.37485132,0.03042902,0.075808235,-0.099497475,-0.011017159,0.028766975,0.13126056
P16554,-0.037940465,-0.18390036,-0.07105228,0.10811487,0.78655726,-0.20892943,-0.06993829,0.011696298,-0.05677744,-0.1475705,-1.6410781,0.49082014,0.7158085,0.22560567,-0.15383792,-0.30943123,-0.05798077,-0.9299526,-0.56065,0.03180951,-0.39432037,-0.0024693643,1.3515146,1.0589896,0.056197304,0.32815093,0.011228777,0.045684334,-0.028667433,-0.011339147,-0.09722821,0.29514953
P20676,-0.12154448,-0.19130643,-0.09000195,0.2056812,0.9230224,0.12698592,-0.101014666,0.03334357,-0.037662633,-0.36733997,-3.6178682,-0.17555314,2.9724035,0.14451943,-0.9821112,-0.8219074,-0.11937792,-1.5683537,-0.46733868,0.12744619,-1.1629405,0.025945388,2.4864306,0.4586286,0.08457024,0.2038517,0.049089484,0.07816761,-1.0080651,0.0058530443,-0.30464426,-0.27529538
O95994,-0.08814437,-0.11954359,-0.074284114,0.1318263,0.50594145,-0.12750447,-0.056800272,0.0095309215,-0.04346746,-0.45235944,-1.7877436,0.22098862,1.249565,0.074673876,-0.6232329,0.3525436,-0.08260727,-0.7592893,-0.73143226,0.864695,-1.1005635,-0.030439442,2.270733,0.71350557,0.06793672,0.36089674,0.020739533,0.07533785,-0.66256267,0.009572894,-0.08409899,0.31301972
Q8WUM4,-0.04341592,-0.05442553,-0.10520644,0.124105215,0.6326837,-0.2434868,-0.09477696,0.0026502649,-0.094159745,-0.5383926,-2.3373246,0.26604712,0.8747728,0.0632722,0.13245848,0.32967225,-0.07240315,-0.87975323,-0.24108754,0.05934902,0.31753042,-0.025599787,1.2222037,2.2616394,0.085572176,-0.034189742,-0.006197279,0.07945275,-0.094566606,-0.006849932,-0.04052092,0.31211635
P10987,-0.06682901,-0.17400527,-0.07928783,0.1393256,0.8698532,-0.11520899,-0.081657365,0.016707327,-0.055566117,-0.5744784,-2.1685607,0.4617101,1.3376275,0.14581363,-0.7079594,-0.18341297,-0.07624375,-0.7111051,-0.43608618,-0.11526109,-0.39263767,0.015816748,1.7980549,0.9959526,0.0674192,0.57127285,0.011839142,0.05389668,-0.40870148,-0.0032156082,-0.13600752,0.3583613
P0DOY2,-0.0829932,-0.4849708,-0.061850328,0.13157912,0.2964859,0.115920186,-0.05579163,0.023339452,-0.03346829,-0.3413362,-1.6469035,0.43178356,1.2022573,0.1433982,-1.5335014,0.20867893,-0.07640565,-0.1335217,-0.2443153,-0.029791772,-0.29447967,0.034070008,2.7911844,0.60152704,0.055254124,0.66256535,0.009184018,0.066310816,-0.32951564,0.005512629,-0.021750957,0.43906724
P14373,-0.06464886,0.04365236,-0.084751636,0.1183325,0.3951691,-0.0850596,-0.07066242,0.006931342,-0.06464845,-0.2423842,-2.0582454,0.3286574,1.0570426,0.17394903,-0.42309186,0.062059924,-0.073571704,-0.82542706,-0.26496243,0.34543222,-0.12326034,0.00035353412,1.8286047,1.5783354,0.07468696,0.08577962,0.009452563,0.060652524,-0.3865189,0.0061135367,-0.13588795,0.1302884
P0AAR3,-0.06522991,0.18790081,-0.0863194,0.12075456,-0.3833291,-0.15945144,-0.094154954,0.0004149815,-0.063975886,0.7829644,-2.483044,-0.39586,1.4268781,0.31927747,-0.67598504,-0.57608175,-0.08549241,-1.21544,-0.1786618,-0.39065915,-0.58316195,0.012835209,2.9050229,2.6520834,0.06151981,0.19870608,0.019682456,0.05690586,-0.2260129,0.004620859,-0.26075593,-0.4425302
O76041,-0.060291257,-0.37338385,-0.069201,0.1055797,0.5176979,-0.097443834,-0.071309954,0.014564882,-0.048979808,-0.7115179,-1.7858919,0.5021655,1.148929,0.32320896,-0.57163626,-0.11302454,-0.06881807,-0.60759944,-0.34729856,-0.22072172,-0.27541456,0.051666018,2.4112008,1.4572334,0.06314361,0.39385262,0.0065964735,0.006221075,-0.69544476,0.0041386327,-0.11157776,0.25121877
O95273,-0.1912291,0.74695665,-0.08318017,0.19601549,0.56703407,0.25799304,0.02001352,0.037622016,-0.023380533,-0.063768886,-2.736746,1.1000308,1.7606473,0.4144372,-2.7242692,-0.5328161,-0.11324394,-0.35346246,0.2553234,3.308607,0.44727644,-0.07944179,1.6734141,-1.318833,0.12772425,-0.25232416,0.04375869,0.20047192,-1.6001744,0.043987226,-0.79231477,0.30113754
O43586,-0.07875715,-0.14824572,-0.07596421,0.13095137,0.25047415,0.10689523,-0.08628083,0.0057325065,-0.053637445,0.18882746,-2.0603018,0.3090783,1.1710739,0.30966654,-0.35653174,-0.7407802,-0.0732925,-0.86894333,0.00745939,-0.40784702,0.058920313,0.11513295,2.7377179,2.3144298,0.071055524,0.26690283,0.008069446,-0.009022897,-0.8975178,0.022950504,0.06793146,-0.16081035
P02042,-0.09562627,-0.40238896,-0.041116644,0.12122077,-0.027279893,-0.06598834,-0.031984378,0.007960724,-0.007404229,-0.22646625,-1.1940256,0.19569488,1.054513,0.11200148,-1.1037618,0.37217817,-0.0708816,0.09071215,-0.21200633,0.33709392,-0.45863017,-0.033221778,2.2071044,0.03420816,0.05290464,0.15666766,0.006908305,0.019620264,-0.50967103,0.033425752,0.0028870006,0.29317334
O14529,-0.09377639,-0.047871687,-0.09252972,0.15818469,0.8251003,-0.3914253,-0.10593436,0.007823834,-0.05455199,-0.92124856,-2.9303002,0.059450567,2.7438164,0.023345243,-0.98914254,0.0076550245,-0.10881208,-1.3486396,-1.0009123,0.044145837,-1.5203316,-0.114904664,2.6978474,0.5760837,0.06893525,0.5234788,0.043267343,0.09755082,-0.4840723,8.816421e-05,-0.44707903,0.3503024
P10613,-0.027276903,0.111047745,-0.09424152,0.13898356,1.2986044,-0.17013274,-0.120399885,0.03098066,-0.07168786,-0.24891685,-3.6193366,-0.1082687,2.28321,0.29433998,-1.1199843,-0.5306706,-0.08650522,-1.9830046,-0.73799187,0.15901981,-0.7705165,0.00011283691,1.1010826,1.4905359,0.05219232,0.47098652,0.040933248,0.092381105,0.32935974,-0.04461631,-0.63302606,0.034249444
O14520,-0.046003394,0.15974887,-0.090353124,0.11696983,0.4202427,-0.07279165,-0.09529084,0.0013358316,-0.07707026,0.4269153,-2.2701104,0.21555562,0.94738233,0.1508477,-0.15217303,-0.124176204,-0.070163384,-1.431548,-0.41086414,0.3749428,-0.119689524,0.019931212,1.9063188,2.3859107,0.06396167,0.08307594,0.016486406,0.060876712,0.03845717,-0.0017282367,-0.04808929,0.04568763
P04776,-0.13504586,-0.9936363,-0.04226768,0.15700944,-0.49769044,-0.1267142,-0.027554259,-0.0032376684,0.0019374369,0.3307513,-1.2549802,0.09041415,1.1463559,0.36721352,-1.6411207,0.013192475,-0.08536475,0.8154076,0.23493032,-0.4067009,-0.27530754,-0.037550762,3.128654,-0.06935188,0.07214501,-0.022329658,-0.011578259,-0.006067073,-0.37317863,0.061288193,-0.1383272,0.059635844
Q66GS9,-0.055320974,-0.16523342,-0.074187696,0.106278226,0.5544556,-0.19884343,-0.058575466,-0.0018902115,-0.056636453,-0.6185175,-1.2629484,0.20552611,0.7587497,-0.06122559,0.28609505,0.58129185,-0.061328217,-0.607968,-0.5551745,0.59275573,-0.41759026,-0.053745266,1.1559072,1.0251731,0.06615576,-0.013517662,0.00416366,0.05484399,-0.38169754,0.009390563,0.15048423,0.40484297
P18509,-0.050520144,0.21771713,-0.09959791,0.119749196,0.6505114,-0.045689188,-0.08838529,0.0048165307,-0.083975464,-1.031683,-2.2511396,-0.080913685,1.3126816,-0.068735965,0.18310271,0.25305754,-0.07132147,-0.7994999,-0.14387639,-0.0170953,0.014957436,0.021112025,1.0798402,2.262112,0.08202701,0.14197512,-0.00071174314,0.062342513,-0.8968367,-0.0006122808,0.053454176,0.08772656
Q96LR5,-0.03407541,-0.10044408,-0.09300615,0.10505478,0.6641444,-0.20413844,-0.0927227,0.009353223,-0.08202466,-0.4237463,-2.2909591,0.46544427,0.8102521,0.25629002,-0.22203274,0.323241,-0.07015012,-1.1046627,-0.5450801,0.20471792,-0.24198318,0.023005515,1.8954483,2.2222438,0.06966621,0.20376524,0.0041540205,0.04507171,0.02924572,-0.014205769,-0.20673378,0.27529067
P06709,-0.073067,0.032964814,-0.07555441,0.13625836,0.88932836,-0.05849406,-0.08002963,0.019902498,-0.045371734,-0.77306706,-2.1969354,0.3000507,1.7481775,0.10044269,-0.408082,-0.0016525596,-0.0818536,-0.9012262,-0.5220669,0.39604357,-0.6223411,0.010574268,1.2512833,0.6034297,0.0686333,0.3068137,0.027173292,0.03679943,-0.5886876,0.002200044,-0.18046813,0.2079279
Q09472,-0.048433706,0.23341766,-0.086535886,0.12868445,0.5689988,-0.10939156,-0.081104584,0.007980292,-0.06650517,-0.08065057,-2.3088765,0.022487909,1.1080317,-0.004715439,-0.32870206,0.25041145,-0.07409208,-1.0305542,-0.44797808,0.38854623,-0.49679315,-0.03179802,1.160833,1.3270489,0.06523389,0.07289345,0.01468748,0.08186304,0.13467197,-0.0067774733,-0.17959955,0.09032987
P24058,-0.15320022,0.65132684,-0.051919233,0.17654686,0.10204669,0.01497852,-0.06465576,0.0150372395,-0.0021798413,-0.15194455,-2.3574677,0.46277404,1.3396052,-0.03075853,-1.0054551,0.52460116,-0.1061666,-0.5700196,-0.46431723,1.6471605,-0.9028859,0.056926016,2.7273061,0.8211505,0.0733152,0.45265472,0.02999507,-0.020153752,-1.555983,0.058756027,0.042557716,0.2421447
P20338,-0.05041983,-0.030670604,-0.119848624,0.13418838,0.3908518,-0.036687214,-0.10370456,0.0082510365,-0.10086406,-0.37129036,-2.180964,0.08966708,1.3888125,-0.12772107,0.47072962,0.29279226,-0.090533175,-1.2765148,-0.70375603,-0.49415815,-1.0740255,-0.03304781,2.4636943,1.6221688,0.084146634,0.14871806,0.022135012,0.13749555,0.17122811,-0.022493308,-0.027021382,-0.027507834
A2A825,-0.03428445,0.16480528,-0.098696396,0.12478221,1.028683,-0.07521384,-0.10163872,0.012734652,-0.081200406,-0.50608784,-2.3554106,0.40634945,1.2562335,0.012152457,0.21835186,0.23356724,-0.07750322,-1.4531087,-0.851303,0.18925038,-0.9646515,-0.00071726483,1.5116957,1.2950381,0.06912866,0.1341597,0.026309852,0.066955686,0.23780297,-0.020621877,-0.24366687,0.15413679
P00359,-0.077665135,-0.10578883,-0.0671138,0.13110091,0.37325415,-0.11871543,-0.068907365,0.0065581696,-0.03855304,-0.3177705,-2.109692,0.097366534,1.4215338,0.11486659,-0.8692071,0.19512355,-0.07807814,-0.577216,-0.29098582,0.2668497,-0.38137168,-0.021679237,1.8762703,0.98307437,0.062391005,0.12764326,0.011606568,0.033166196,-0.3806433,0.01773234,-0.16667905,0.18466525
P00925,-0.10026419,-0.11536762,-0.061704785,0.16924705,0.38993043,-0.059628285,-0.054231662,0.008838851,-0.021080676,0.29001176,-2.2123191,-0.5063859,1.2673181,-0.0100959875,-0.5800242,0.3739944,-0.084964626,-0.59599763,-0.3408933,1.1884279,-0.8431827,-0.029164093,0.77892065,0.4359166,0.067845106,-0.10051388,0.012912817,0.049067732,-0.3696126,0.02521846,0.0119594075,-0.07195296
Q6NUS6,-0.06733499,0.33412403,-0.109649405,0.14539412,0.80108255,-0.017182164,-0.11222213,0.001350251,-0.085376754,-0.58297324,-2.7211926,0.009196445,1.9942793,-0.17761296,0.123802304,0.33763286,-0.091393024,-1.5065607,-0.5807365,0.44650984,-0.5681981,-0.027105555,1.5803572,1.7917104,0.08174805,-0.00015816092,0.02953687,0.090215,-0.35581955,0.002319363,-0.066896856,0.094773576
Q5A0M4,-0.026389943,0.27607208,-0.08566787,0.121356726,1.0648394,-0.028128803,-0.09801778,0.015338165,-0.07123532,-0.29881874,-2.3976908,0.2707229,1.1991439,0.027247593,-0.33228865,0.0391879,-0.067078,-1.3153857,-0.5963129,0.305724,-0.41490507,0.017492011,1.0300733,1.4945917,0.05461174,0.28458276,0.021849215,0.060521036,0.22129649,-0.020480687,-0.2265883,0.24930479
O70361,-0.09837585,-0.53137714,-0.07884113,0.18016484,0.7582855,-0.31020856,-0.05457276,0.015556666,-0.042837966,-0.26655504,-2.1152883,0.010696709,0.9401787,0.18034704,0.0053444863,-0.1166598,-0.08477252,-0.28492135,-0.16972923,0.6549694,-0.12145789,-0.05824207,0.34410888,0.25283584,0.09736003,-0.24911162,-0.004433561,0.064021006,-0.5062216,0.014736218,-0.03471619,0.2064254
Q04120,-0.042925805,-0.1820081,-0.10424931,0.1183327,0.4612832,0.16080916,-0.08915198,0.0051403306,-0.08956741,0.022443786,-1.947801,-0.018799998,1.1432877,0.006305009,0.55547243,-0.006149426,-0.071029074,-1.3603714,-0.34466323,0.037904665,-0.25701118,0.028118458,1.7927697,2.0762472,0.07754111,-0.22256994,0.015683532,0.093237214,-0.07886474,-0.008969364,0.15318519,-0.15698946
O00214,-0.07406979,0.18764701,-0.079320304,0.13046284,0.056189246,-0.14684057,-0.05920258,0.010781277,-0.053509604,-0.34754607,-2.1284492,0.33514464,0.8286179,0.093234085,-0.9085939,0.52175146,-0.0821968,-0.19379725,-0.15809044,0.061060824,-0.35407916,-0.036660813,2.0462232,0.94784933,0.07620655,0.10371616,-2.6812777e-06,0.065317854,-0.06601664,0.009671663,-0.32431325,0.15437284
P00375,-0.06789126,0.097717285,-0.070105515,0.11694054,0.31779614,-0.10917132,-0.075739175,-0.0020966595,-0.04580231,-0.2820506,-1.9611015,0.065870665,1.3154477,0.061265066,-0.10379681,0.31100023,-0.07271201,-0.8052232,-0.2571786,0.47919464,-0.1626531,-0.017052628,1.3793211,1.3965614,0.06617966,-0.2609692,0.013211123,0.0037875862,-0.4061511,0.025752528,-0.0677118,0.055203818
Q9UQE7,-0.042480595,-0.08057544,-0.09732577,0.120233946,0.4520197,-0.2253526,-0.08902719,0.008730281,-0.08152661,-0.44723538,-2.5062885,0.35586655,1.0967144,0.28382003,-0.9725702,0.309397,-0.07872457,-0.5130551,-0.23319642,-0.43172798,-0.16974841,-0.016148997,1.9645228,1.716961,0.07585451,0.23864168,-0.0031800987,0.06594473,0.40933034,-0.012296692,-0.5207142,0.18868057
O94788,-0.0970055,-0.20090553,-0.083291754,0.1480279,0.26165643,0.028040076,-0.053977974,0.015394434,-0.04835982,-0.4489201,-2.0653052,0.11375673,1.4508166,0.07216305,-1.0892805,0.32926473,-0.091343455,-0.36354458,-0.34637773,0.2691032,-0.87075484,-0.023362223,2.546523,0.5307323,0.07887997,0.30115396,0.013291555,0.10287593,-0.48449093,0.008454582,-0.19863579,0.118645884
P11103,-0.072035044,0.14267553,-0.087582916,0.14602853,0.4851342,-0.06742363,-0.09175533,0.005098371,-0.059632048,0.3282714,-2.8119764,-0.16119078,1.5370693,0.17756756,-0.7513133,0.1267226,-0.08780553,-1.2872368,-0.41615564,0.88074785,-0.5288562,-7.8022946e-05,1.683923,1.8161422,0.069661394,-0.037217855,0.02217662,0.05757933,-0.026440512,0.007823171,-0.2963242,-0.0715955
Q6UWE0,-0.04734457,0.56998754,-0.093757704,0.16972941,0.6386481,-0.25925323,-0.09546412,0.00752169,-0.0733178,0.7242806,-3.3275492,-0.1301936,0.56371254,0.124217674,-0.8973292,0.25648403,-0.080687284,-0.84674513,-0.111455165,0.67702395,-0.0077921334,-0.023275673,0.18013364,1.894782,0.07560821,-0.03814092,-0.0056576934,0.07059802,0.8533278,-0.0063012987,-0.50107723,-0.01583461
P15260,-0.06950287,0.1338023,-0.10549129,0.15359719,0.29044294,0.06827535,-0.110025,-0.0014302571,-0.08114871,0.17932518,-3.0388033,-0.4813075,1.8414886,-0.021418452,-0.7531981,0.22247197,-0.09127758,-1.1666524,-0.124900185,0.08807441,-0.2409456,0.012295554,2.0373862,2.5650504,0.075485565,0.057974305,0.011999267,0.08796661,-0.08014681,0.0065983045,-0.12748338,-0.18888824
A0QWG6,-0.08502382,0.14872554,-0.07579976,0.13965449,0.5033059,0.068683565,-0.08146144,-0.0066711577,-0.042238377,-0.11836502,-2.1048028,-0.29072303,1.6072757,-0.16377038,-0.28860235,0.9182672,-0.086685546,-1.1780095,-0.8700673,1.2635194,-1.5520278,-0.0028158044,2.1168928,1.279661,0.059180632,0.028088275,0.029487317,0.03130408,-0.38142782,0.026204558,-0.00037031807,0.011897948
A0A1D8PFS4,-0.16150777,-0.48644233,-0.035044376,0.1858933,-0.12648095,-0.08168436,-0.033291776,-0.0024185102,0.021381132,0.13605191,-2.1273978,-0.030701062,1.8047781,0.15401275,-2.3320634,0.47418904,-0.10024593,0.43883696,0.056784123,0.8844654,-0.42411914,-0.073236614,2.7999802,-0.4283285,0.067565985,-0.13764927,0.006167865,-0.0054717385,-0.65121007,0.07821625,-0.2741369,0.2585574
O35244,-0.027379228,0.7471595,-0.102829814,0.12767588,0.2544332,-0.10129273,-0.11541259,-0.0076051503,-0.09271433,0.6132682,-2.9316137,-0.21945255,1.0344113,0.12315264,-0.5537849,0.09043709,-0.07313374,-1.0054866,0.122829504,0.012497723,0.43398085,0.007102231,0.8242614,2.985962,0.07003113,-0.20027034,0.001653711,0.044710103,0.73620397,0.00052113336,-0.47159305,-0.217876
P61866,-0.08735398,0.14235672,-0.09336243,0.09160115,-1.432439,-0.05527505,-0.06652962,-0.023801727,-0.073390655,0.015904129,-1.707983,-0.90346974,1.0646877,-0.28714323,-0.07746865,0.95544475,-0.08625509,-0.7915607,-0.21280551,-0.39145935,-1.0181769,-0.049744785,4.652614,3.4856403,0.06667184,0.040283382,-0.0020416956,0.11375694,-1.2051636,0.030006755,0.4575884,-0.37835407
O94953,-0.017779976,0.13837281,-0.12590404,0.117893994,0.5033491,-0.3070963,-0.082893714,0.013247321,-0.11471561,-0.09559612,-2.6998992,-0.32425132,1.2979335,0.27191526,-0.38363487,0.14491388,-0.07702834,-0.874987,-0.022999179,0.21748912,0.32687205,-0.109773315,-0.40156278,1.6121296,0.09376942,-0.28824708,0.0034808486,0.18245324,0.95931995,-0.043620165,-0.6381307,-0.09718263
P13010,-0.059085812,0.08495466,-0.08547536,0.12371652,0.44313395,-0.2160657,-0.08550325,0.0072885947,-0.065693825,-0.23904465,-2.6367114,0.14207932,1.3062997,0.28926906,-0.90613437,-0.08053148,-0.07739946,-0.8658457,-0.16973346,0.12947273,0.013950616,0.00014527938,1.7559464,2.0248826,0.07100007,0.19819841,0.00528025,0.046963558,-0.3076248,0.002148513,-0.3443268,0.107146814
O60880,-0.0399795,0.24241793,-0.09379938,0.14382248,0.19886385,-0.3866395,-0.081733756,0.0016209154,-0.08108119,-0.13916543,-2.682599,0.17198564,0.16419548,0.19687556,-1.0972768,0.37890196,-0.072538085,0.30469176,0.28450754,-0.903734,0.35360754,-0.030326724,1.1711608,2.0097444,0.083100416,0.17394213,-0.03894604,0.048286352,0.6466994,-0.002125563,-0.56346905,0.13986677
O70394,-0.037436247,-0.2608237,-0.073434226,0.11476954,0.91197485,-0.14674276,-0.06617034,0.0055549815,-0.05976137,0.039803106,-1.715343,0.5068746,0.42483082,0.11382326,-0.05757279,0.42848873,-0.05613738,-0.9427761,-0.57810044,0.9067188,-0.10352953,-0.024771161,0.7350715,0.99926496,0.061106432,-0.113585,0.004641523,0.05051225,0.45206073,-0.0031427569,-0.017927457,0.43419296
O95154,-0.100778475,-0.43801266,-0.047437977,0.13362198,0.28420526,-0.13850766,-0.048243206,0.0024291761,-0.011538895,0.042613994,-1.6020229,0.13299073,1.3997036,0.32707915,-1.0547783,-0.18076722,-0.07545426,-0.32855874,-0.2918183,0.4811828,-0.58116233,-0.00831414,2.0933127,0.43475324,0.05891188,0.14008592,0.013828421,-0.008024583,-0.6280633,0.037088387,-0.16331324,0.12239759
P08037,-0.1484301,0.16896549,-0.0870554,0.21907182,0.058812845,-0.057627548,-0.046058714,0.029213041,-0.04127852,0.8838045,-3.5599189,-0.21307664,1.0717094,0.19467764,-1.4127338,-0.52436197,-0.10705082,-0.8103055,0.41551262,1.6287911,0.66916823,-0.021729628,1.2686743,1.3322048,0.108215526,-0.12652555,0.0032219752,0.15474719,-1.1495453,0.02494608,0.011405611,-0.10460897
Q93062,-0.062134273,0.4313622,-0.07401895,0.120791316,0.29348773,-0.15797098,-0.065558486,0.0044601006,-0.05297143,-0.03153838,-2.4263988,0.093728244,1.011644,0.21007143,-1.1169698,0.11437853,-0.07113634,-0.5783976,0.0028529528,0.61764467,0.18991624,-0.017768364,1.2016144,1.6670351,0.066864826,0.022156997,0.0030887781,0.04376906,-0.23393945,0.013323736,-0.39219418,0.09593568
P07900,-0.06962581,0.17231551,-0.092420295,0.1253088,0.23494186,-0.09712979,-0.08485794,-0.0032755407,-0.06990542,0.089518376,-2.2630577,-0.049188256,1.3134764,0.050188955,-0.12520508,0.22978267,-0.08193336,-1.2546073,-0.46294177,0.59618765,-0.56239897,-0.022010868,2.053829,1.9845432,0.07357146,-0.06331071,0.019218268,0.07174949,-0.31074455,0.010902081,-0.066496104,-0.046196043
P07764,-0.06440133,-0.019140456,-0.08189845,0.14904337,0.5895337,-0.1852471,-0.07086946,0.008973826,-0.05652885,-0.087058336,-2.7296298,-0.01850503,1.2860025,0.18593833,-1.165775,0.013289445,-0.07736378,-0.49796957,0.032179214,0.2139027,0.19222176,-0.05339646,0.83206344,1.0387719,0.075138845,-0.08685917,-0.0014178413,0.0737196,0.15790671,0.0047291955,-0.42124394,0.11282439
P15248,-0.07030176,0.48953104,-0.101179846,0.13354671,1.2877799,-0.032987423,-0.09977221,0.008072778,-0.0757542,-0.4532114,-2.2809045,0.5099457,1.8429312,0.073996805,0.26902512,-0.20980793,-0.08610004,-1.9422237,-1.063965,1.3624649,-1.1252042,0.012199252,1.5251116,1.3287185,0.07756151,0.28096712,0.052499767,0.07138333,-0.68210906,-0.0030191045,-0.20932871,0.2077167
P02730,-0.04612703,0.06637969,-0.085728206,0.114960305,0.8812456,0.027424838,-0.08989241,0.010877505,-0.06453346,-0.7815029,-1.9127265,0.06442985,1.4317815,-0.18397139,0.38240063,0.6342601,-0.074806176,-1.4233247,-0.98845464,0.606217,-1.2743185,0.0075953365,1.6411068,1.2523843,0.05788027,0.24640678,0.030564351,0.06324213,-0.36889374,-0.010819483,0.113681234,0.20994788
P00519,-0.052637033,0.2338343,-0.08543394,0.12690483,0.616173,-0.08656274,-0.08214055,0.011327895,-0.06490167,-0.18119434,-2.425981,0.24314304,1.1650915,0.16154817,-0.7208704,0.13377742,-0.075762406,-0.89192903,-0.3482085,0.3518641,-0.329969,0.0053267423,1.4216144,1.4613658,0.067881405,0.20532659,0.012998903,0.05807539,0.02687944,-0.0042265714,-0.3368612,0.11591897
O75462,-0.05433157,0.057059847,-0.09652172,0.116719775,0.41501606,0.008995451,-0.08570412,0.016395176,-0.077736035,-0.6520109,-2.1927238,0.0954316,1.5440271,0.24578927,-0.2238673,-0.49365216,-0.07595192,-0.7457119,0.024646252,-0.5873115,0.064742126,0.052984543,1.6431501,1.9483256,0.08169557,0.25344107,0.009784622,0.058525674,-0.7373113,-0.007746244,-0.18748134,-0.14043789
O76021,-0.07630768,-0.122993276,-0.09522189,0.121833995,0.031388056,-0.2837965,-0.08963263,-0.0021705558,-0.076309934,-0.06914101,-2.2053256,0.3034727,1.155391,0.21835363,-0.3801082,-0.090817824,-0.0847347,-1.0236523,-0.3964205,-0.14714064,-0.29977342,-0.020775702,3.1711707,2.3970888,0.07787563,0.27959248,0.008341526,0.07248643,-0.5436643,0.008969778,-0.05774356,0.16816339
P61978,-0.057643514,0.3340627,-0.097064406,0.13002183,0.5184599,0.011487088,-0.09465244,0.0064415443,-0.0744713,-0.27699143,-2.4803972,-0.14058319,1.5652184,-0.0015732,-0.10005472,0.19080466,-0.082594104,-1.2308807,-0.40231258,0.39166972,-0.5635746,0.010977578,1.4737788,1.8931266,0.07381087,0.040678307,0.021893965,0.06892134,-0.3190828,-0.0011868483,-0.14934155,-0.106074244
P12104,-0.065157205,0.42524338,-0.03923292,0.10829321,0.7892967,-0.11970967,-0.021905934,0.025105713,-0.015801692,0.21904635,-1.501499,0.69977015,0.42383587,0.39338517,-0.7161866,-0.7442395,-0.049397577,-0.73535204,-0.18097258,1.5878764,0.3011764,0.010727984,-0.024191597,0.13604951,0.054799046,0.10823233,0.02124068,0.022795552,-0.68830806,0.009945311,-0.22386725,0.28210846
P00342,-0.08671489,-0.21623491,-0.054380644,0.14492553,0.6668547,0.04430239,-0.063542515,0.026520818,-0.01792204,-0.14047046,-2.1393123,0.3448458,1.7268014,0.20343639,-1.1645051,-0.3240017,-0.08149064,-0.8027708,-0.40378255,0.4241807,-0.5351964,0.010497109,1.8463947,-0.0097463615,0.05415875,0.27986714,0.032673262,0.03563369,-0.36440745,0.009669802,-0.20761706,0.19594927
P09874,-0.0598711,0.005859996,-0.09460285,0.13414599,0.7422297,-0.10130682,-0.08493105,0.013077131,-0.07149709,-0.41574806,-2.4518526,0.07716351,1.5123981,0.22190116,-0.3353292,-0.10815201,-0.08017556,-0.95277715,-0.24858327,0.3826585,-0.1081382,0.0007148307,1.0272975,1.494588,0.081805356,0.0031507574,0.014252361,0.0663911,-0.29894298,-0.004366597,-0.2863206,0.048854217
Q9C035,-0.06638008,0.029988362,-0.09440226,0.1272293,0.34718722,-0.049289092,-0.075857796,0.011620326,-0.07484839,-0.48400158,-2.227547,0.2947104,0.960499,0.089457534,-0.4081278,0.23529173,-0.078663304,-0.6996465,-0.22826788,0.044728596,-0.18066789,0.020377923,2.137319,1.8701727,0.08137818,0.2784865,0.0012685735,0.08000492,-0.5298321,-0.0008551433,-0.046127733,0.14410906
P04792,-0.07550074,-0.056511145,-0.078301325,0.13448913,0.6580541,-0.11452339,-0.072314635,0.010989646,-0.050925296,-0.43823332,-2.049895,0.23432285,1.3382075,0.0021558546,-0.30337486,0.33121184,-0.08000931,-0.970111,-0.62159544,0.7184866,-0.662283,-0.028935429,1.5943947,0.8544161,0.068566345,0.18750288,0.02077605,0.06929849,-0.4242283,0.005472011,-0.01070394,0.29709968
Q14152,-0.107236095,-0.1482823,-0.07412882,0.14215614,0.04621253,-0.17540959,-0.049014907,0.0024902092,-0.04262669,-0.12500672,-2.1332228,0.29085252,1.2297364,0.27471626,-1.2752796,-0.012442776,-0.08411982,-0.18011564,0.11140479,0.46736145,0.26933202,-0.048132204,2.2202384,1.0746032,0.08485294,-0.043921728,-0.0003762669,0.06099649,-0.680304,0.034046188,-0.24728853,0.20954065
P0ABI4,-0.058043286,-0.58432335,-0.09592413,0.11027726,0.65671414,-0.07824325,-0.07863349,-0.004408254,-0.07774434,-0.6937483,-1.5069007,0.10818546,1.2354459,-0.16083777,0.599312,0.9523179,-0.0736399,-1.2690912,-0.9610775,0.734885,-0.92006445,-0.05440225,2.1577694,1.4428954,0.0718238,-0.074027486,0.016217982,0.09982591,-0.277351,-0.00015150383,0.33584878,0.40015122
P00805,-0.05144946,0.13289495,-0.09137934,0.16160706,0.15238802,0.031625286,-0.08391374,0.010137278,-0.07023342,-0.024061274,-2.540984,-0.035303544,0.2078279,0.03226541,-0.9639471,0.8631603,-0.080817536,0.3633589,0.15776011,-0.7074286,-0.32424864,0.06383534,1.6717163,1.8293749,0.080048226,0.2180014,-0.031725038,0.028624322,0.66819507,0.001512967,-0.355861,-0.08678882
G7JEE5,-0.033724017,0.28133744,-0.088593766,0.11690158,0.51867115,-0.13597861,-0.11190319,0.0094157215,-0.06663018,0.39503196,-2.931267,-0.6681169,2.122131,0.29344133,-0.0058412105,-0.63746583,-0.078768104,-1.9484521,-0.41294548,0.18016706,-0.6407311,0.014297336,0.6156122,2.1545546,0.05691494,-0.097276434,0.038743854,0.03953957,0.016550064,-0.015640303,-0.3559492,-0.5729274
O95361,-0.07477352,0.4062772,-0.06555981,0.1326777,0.12836269,-0.09499455,-0.05859252,0.0049377093,-0.040731862,0.44886228,-2.1038802,0.049157362,0.82975507,0.11433145,-0.8977219,0.05088395,-0.070965864,-0.5478053,-0.0045477245,0.7913777,0.13166174,-0.018680157,1.072665,1.28074,0.06331371,0.005058392,0.007759968,0.04865628,-0.16423443,0.020689456,-0.16785607,0.0622442
P18510,-0.09069456,0.3870687,-0.06927275,0.14292292,0.8333399,-0.006069775,-0.060037747,0.018135296,-0.03820714,-0.0865092,-2.1138558,0.6264861,1.139994,0.20828542,-0.8672851,-0.052117903,-0.07930644,-0.8740068,-0.45696127,1.5293578,-0.32832482,0.02597765,1.2446665,0.67298675,0.07161438,0.29173443,0.028039398,0.042778082,-0.6126372,0.015642583,-0.25093657,0.32544136
P05979,-0.07888363,0.3546523,-0.033198405,0.13854702,0.6964296,-0.08371827,-0.030475458,0.01939042,0.0005435853,0.36136258,-1.5459954,0.32518172,0.7337652,0.13626444,-1.0202171,-0.32249585,-0.06279961,-0.5124697,-0.41784763,1.3728683,-0.5514519,-0.032082558,0.55621403,-0.5260508,0.043695636,0.12690407,0.026981752,0.02476965,-0.24454601,0.018765654,-0.26022503,0.29609334
P01189,-0.037468206,0.39371306,-0.07839306,0.116863385,0.86776376,0.024596477,-0.08528096,0.012199685,-0.060339283,-0.3082878,-2.2522821,0.15309972,1.3014762,0.06729954,-0.23491174,-0.11125566,-0.06478559,-1.1114099,-0.34225398,0.26484686,-0.29579693,0.032547325,0.6854891,1.3516911,0.059050154,0.14547434,0.02019006,0.032245956,-0.13871405,-0.0057891808,-0.21597312,-0.00026796013
O14939,-0.027866574,0.105828166,-0.10205385,0.12928973,0.80569035,-0.30512318,-0.11218563,-0.0070428536,-0.088362694,0.14489007,-3.3049755,-0.0048455745,1.1977476,0.28673202,-0.9635808,0.32221615,-0.07742987,-1.315702,-0.55488807,-0.021450264,-0.74089533,-0.012373979,1.6734952,2.4689415,0.066341884,0.16536385,0.00041632913,0.043882772,0.79915935,-0.012324199,-0.6435049,-0.058487147
O64743,-0.041764427,0.28784868,-0.103053644,0.13558795,0.31319705,-0.379975,-0.09686358,-0.00015575756,-0.08822349,0.9241805,-2.950255,-0.39557457,1.2616175,0.23522934,-1.1724296,-0.15799165,-0.07989826,-1.331188,-0.3099771,0.59957695,-0.06073103,-0.09485017,1.0335116,2.2973423,0.06404013,0.19415407,0.013827053,0.15155347,0.78801936,-0.020980187,-0.47413635,0.06223793
P00958,-0.09526792,-0.1880356,-0.049226,0.13690464,0.24936199,0.05310322,-0.0419255,0.01490229,-0.01737037,-0.32960105,-1.3662246,0.54621875,0.69889545,-0.07177092,-0.8816829,0.516804,-0.07325243,-0.105429195,-0.41773918,0.3613797,-0.6797578,0.009338818,2.5392551,0.15036373,0.055833537,0.44230458,0.007368073,0.03381024,-0.5660399,0.025390806,0.16883515,0.4383521
P50362,-0.035552993,-0.07121819,-0.07198364,0.123586506,0.5396637,-0.16257924,-0.050332718,0.014174255,-0.05837078,-0.32885802,-1.6005522,0.4454927,-0.026273854,0.023819748,-0.20168011,0.09605411,-0.054480743,-0.069488436,-0.14241117,-0.583726,-0.15421224,-0.018193763,0.99279726,0.6828784,0.06693625,0.19815059,-0.018341977,0.062230803,0.19992462,-0.010045863,-0.07084973,0.24497983
Q3Y454,-0.036328886,0.15216377,-0.10059846,0.146349,0.80446637,0.14622544,-0.08701502,0.030935418,-0.079723075,-0.40826368,-2.9009764,0.14748086,1.0458117,0.07850431,-0.8503935,0.41143775,-0.08216755,-0.74203503,-0.1939377,0.08796806,-0.2513628,0.037479226,1.2050734,1.3076507,0.07690828,0.07026739,0.0057160365,0.09826299,0.49919668,-0.02875826,-0.4443131,0.038608413
P01270,-0.04321041,0.035030194,-0.10323686,0.12633218,0.44812885,-0.08368544,-0.09647153,0.002356313,-0.0862123,-0.7518688,-2.3533418,-0.3161734,1.349053,-0.14633703,0.09823436,0.5112601,-0.077929646,-0.83940053,-0.34223765,-0.4512194,-0.5784533,-0.015090149,1.6003939,2.0713098,0.075053796,0.12648726,0.0005283997,0.08425135,-0.24163924,-0.0094388435,-0.009387084,-0.013308446
Q13200,-0.13306591,-0.33934942,-0.06818758,0.159888,-0.18027055,-0.0064434805,-0.04025317,0.0036538318,-0.023144456,0.03604967,-1.9171146,0.013496084,1.6976286,0.179261,-1.6333336,0.19647215,-0.09834063,-0.0154242,-0.125566,0.40298575,-0.78104526,-0.051332776,3.0663593,0.18458128,0.07917743,0.1261566,0.014011855,0.074685864,-0.60100645,0.040858664,-0.25738,0.023381352
P36776,-0.033938356,0.3752639,-0.09218753,0.10738063,0.57143545,-0.3126736,-0.08707777,0.0035471772,-0.08209445,0.1673251,-2.5765116,0.22104418,0.98422706,0.32855555,-0.68572384,-0.19507493,-0.06618448,-1.184018,-0.2168198,0.53457695,0.32647854,-0.029582283,0.8285901,2.2475657,0.068192266,0.10768887,0.0084509645,0.07489799,0.18538836,-0.0113913715,-0.42715392,0.14825647
O96020,-0.115648896,-0.54746956,-0.113188684,0.13500284,-0.0012577027,-0.05799915,-0.0537069,0.027822042,-0.091219485,-0.5680848,-1.6966352,1.3962666,0.71513784,0.36870122,-0.4846633,-0.6176687,-0.09416953,-0.61462307,-0.18424764,-0.28191215,0.30738395,0.022389384,4.518673,1.6585672,0.114816114,0.6409663,0.005974846,0.16989799,-1.3952945,-0.00351218,0.17341425,0.50943947
A6NIH7,-0.08009602,-0.24752137,-0.050274182,0.15554918,0.9117745,0.031538974,-0.077935174,0.03199694,-0.0136807915,0.27722389,-2.4624653,0.5268938,1.6094534,0.44826752,-1.0591156,-0.7134576,-0.080738105,-0.9633995,-0.2891276,0.5206483,-0.1656063,0.06412255,1.2361541,0.13541874,0.05644403,0.08796499,0.033401854,-0.022629157,-0.038623095,0.010680154,-0.36619967,0.07867508
P00346,-0.0050633047,0.5386734,-0.07759757,0.10126078,1.2102516,0.000373587,-0.08703439,-0.015313377,-0.07609518,0.7062005,-1.572629,0.9805147,-0.45439902,-0.17639722,0.8668918,1.1129586,-0.04211686,-1.6227925,-1.0332903,1.7383349,-0.4396908,-5.85448e-05,0.3859482,1.511467,0.05042404,-0.4824168,0.013416497,0.0038079526,1.3872949,0.0055383146,0.033230484,0.45193854
P06241,-0.048518825,0.055870343,-0.09429301,0.13340835,0.72640514,-0.1291324,-0.097001106,0.0064588445,-0.07440288,-0.29707158,-2.4525144,0.1668508,1.2651755,0.09171257,-0.22808687,0.2581145,-0.07915851,-1.0138496,-0.47849858,0.12340287,-0.49515316,-0.004769659,1.4178934,1.5821462,0.07290051,0.075642906,0.01196529,0.053031743,0.17030326,-0.005465077,-0.26012495,0.10642154
P16330,-0.062014155,0.5660275,-0.09721449,0.15633583,0.91504365,-0.107466325,-0.08862305,0.008864902,-0.07665886,0.5492377,-2.7747798,0.3393111,0.6863922,0.26939481,0.039453693,-0.46727687,-0.07666084,-1.3471742,-0.20334396,1.2040381,0.1858239,0.033602666,0.3677126,1.9836547,0.09034687,-0.23036946,0.013277996,0.04801932,-0.10326709,0.0043076565,-0.3056913,-0.058713704
P02753,-0.05643863,0.31939948,-0.086805835,0.15360762,0.8906164,-0.06434736,-0.08203152,0.0145303495,-0.06137036,0.1848372,-2.543508,-0.01485309,1.3292753,-0.036045432,-0.5084911,-0.30389136,-0.07799056,-1.2943488,-0.60693526,0.3130868,-0.97108424,-0.028296916,1.0455788,0.7802488,0.062346615,0.38562298,0.026631756,0.11096406,0.10485534,-0.015450772,-0.21225248,0.004752609
O15372,-0.089997016,-0.720165,-0.08162849,0.12804379,-0.20269899,-0.012176921,-0.063769914,0.009161368,-0.057479482,-0.63418794,-1.6991814,0.33286074,0.96837074,0.08661751,-0.60872406,0.2497067,-0.081343055,-0.08751955,-0.057133764,-1.037571,-0.22270347,0.02667215,3.7508056,1.6324986,0.078972764,0.4107097,-0.012844473,0.062808074,-0.83795476,0.015595176,0.24774067,0.1784939
A0A3L7I2I8,-0.051514864,0.14166684,-0.07747496,0.13509725,0.37644076,0.04908108,-0.04782025,0.011926971,-0.056727316,-0.078126825,-1.8958513,-0.17242286,0.39717,-0.19737817,-0.15689655,0.77031,-0.06390305,-0.3662563,-0.05384188,0.7614686,0.037888777,-0.03954971,0.24189994,0.8670541,0.0713819,-0.3136107,-0.007063486,0.09897182,0.14408825,0.0010193506,0.08809896,0.11170595
P27302,-0.05153953,-0.14607702,-0.08539744,0.11908289,0.5349447,-0.12515654,-0.06755368,0.009276708,-0.06559033,-0.63391125,-1.9824263,0.03199715,1.0952222,0.22737442,-0.45413494,0.09599618,-0.069730334,-0.33173713,-0.106110565,-0.12507387,-0.16698267,0.0050286553,1.1285917,1.3801936,0.07720027,0.1115709,-0.004284687,0.047801528,-0.2928036,-0.002011603,-0.27338234,0.050847564
P04509,-0.021438606,-0.85098743,-0.10411525,0.11700213,2.5400639,-0.22574079,-0.1383453,0.03854466,-0.087221496,-1.3222041,-3.074296,0.6064754,3.0814059,0.7542599,-0.15443853,-1.9018745,-0.07625266,-2.7298098,-1.2084492,-0.13033377,-0.71814466,0.089430675,1.3583694,1.6322926,0.063655816,0.87588376,0.05912406,0.04832361,-0.8752657,-0.060097408,-0.47795314,0.33910722
O14503,-0.071707755,-0.081180714,-0.077187285,0.1302711,0.449295,-0.1701479,-0.057304148,0.012573019,-0.053054653,-0.4485729,-2.0505428,0.34780604,0.99510574,0.12789278,-0.621456,0.012510856,-0.07439021,-0.5277717,-0.21744521,0.17116399,-0.12678064,-0.041037843,1.6728503,0.86962587,0.07505418,0.0909343,0.004068285,0.07533489,-0.42883667,0.005490183,-0.15564984,0.25650328
