accession_code,ProstT5_32_dim_0,ProstT5_32_dim_1,ProstT5_32_dim_2,ProstT5_32_dim_3,ProstT5_32_dim_4,ProstT5_32_dim_5,ProstT5_32_dim_6,ProstT5_32_dim_7,ProstT5_32_dim_8,ProstT5_32_dim_9,ProstT5_32_dim_10,ProstT5_32_dim_11,ProstT5_32_dim_12,ProstT5_32_dim_13,ProstT5_32_dim_14,ProstT5_32_dim_15,ProstT5_32_dim_16,ProstT5_32_dim_17,ProstT5_32_dim_18,ProstT5_32_dim_19,ProstT5_32_dim_20,ProstT5_32_dim_21,ProstT5_32_dim_22,ProstT5_32_dim_23,ProstT5_32_dim_24,ProstT5_32_dim_25,ProstT5_32_dim_26,ProstT5_32_dim_27,ProstT5_32_dim_28,ProstT5_32_dim_29,ProstT5_32_dim_30,ProstT5_32_dim_31
P02686,-0.48735493,-0.27414548,0.21072713,0.080489054,0.20706768,-0.1699734,0.047089785,0.92812234,-0.47190878,0.35093087,-0.11057156,-0.30040714,0.025742084,-0.090219185,-0.051668547,-0.05300188,0.5463162,-0.099982314,-0.43657935,-0.2823493,0.0100506125,-0.10493417,0.21162696,0.04356666,-0.0646252,-0.011127485,0.032005303,-0.11919391,0.43386534,-0.12375497,0.7224181,-0.23101602
P02747,-0.74480164,0.4444145,0.42896354,0.012183132,-0.45229846,-0.07556209,-0.08166652,-0.2088185,0.6172997,0.42405033,-0.045324184,0.19912028,-0.15555179,-0.018136136,0.14403147,0.18141097,-0.11702642,-0.1758936,-0.15038556,-0.3813637,0.65552163,-0.13624486,0.31889373,-0.30371028,-0.52872473,-0.05844424,0.11471283,0.026521325,0.679325,-0.06654029,-0.26220918,0.20259823
Q15428,-0.6078491,0.2667692,0.34021056,0.1992943,-0.49512082,-0.0027501024,0.19879937,-0.080934145,0.6258035,0.009860128,-0.24649379,0.07850692,-0.35653508,0.051464863,0.27747664,0.4838412,-0.19848852,0.11055279,-0.14164463,0.027240768,0.5791351,-0.06435111,0.092983395,-0.25495332,-0.44391167,0.09718504,0.43744963,-0.315485,0.5166109,-0.055385474,0.1462568,0.049851928
O95429,-0.07643863,-0.20339948,0.13500166,0.40711567,-0.15421177,-0.14226525,0.47411656,0.31866696,0.08100655,-0.11372508,-0.53632545,-0.37950003,-0.30270243,-0.24873689,0.11463236,0.30151552,0.03700809,-0.25508052,-0.6452305,0.1761247,0.4727743,0.14737068,0.08147952,0.10197718,-0.6003778,-0.12978159,0.49163747,-0.06069085,0.012957208,-0.39902276,0.34167367,-0.0980251
P0AFW0,0.12722169,0.10819608,0.28292164,0.11886666,0.07537018,0.10673088,-0.5858565,-0.023987688,0.08572561,0.39773074,0.09619655,-0.121684834,0.3291186,0.07613327,-0.2012886,-0.19161361,-0.011308342,0.023338713,-0.024510622,-0.6335218,0.06235143,-0.37485233,-0.1087029,0.14952786,-0.029271573,-0.0764768,-0.43105218,-0.07988034,0.1959005,0.17535108,-0.17070585,0.29220372
P06821,-0.3143493,-0.07765597,0.59034085,0.12959743,0.27932286,-0.17038979,0.089387804,0.270269,-0.4486477,0.4829214,0.31353897,0.0873843,0.06880009,0.050100677,0.07981712,-0.3196898,0.5552819,-0.2469253,-0.4586717,-0.42838848,-0.024914164,-0.19547735,0.46036443,0.16805086,0.110266194,0.04363411,-0.1544365,0.071811646,0.40816414,-0.3258063,0.28111643,0.32472354
O08807,0.020797744,0.073726565,0.08320883,0.24413124,-0.16117424,0.109334856,0.36501503,-0.23533905,0.16657951,0.116490714,0.23298325,-0.31151724,0.0679898,0.08786606,0.03574208,-0.016830757,0.17900568,0.16809419,0.06794387,-0.1839302,0.040684637,0.034012884,-0.055961024,-0.20001905,-0.08162187,-0.20364992,-0.1747764,0.2669104,0.19712457,-0.060706485,-0.14299309,0.09328361
Q7NBZ0,-0.0045538694,-0.13087359,-0.11084183,0.0081367325,-0.2554487,0.34663078,-0.18552446,-0.22639409,0.014354798,0.05122623,-0.0084227435,-0.017334148,0.1206522,0.02405174,0.16384178,-0.26093727,-0.08372097,0.05751288,0.18863875,-0.2835827,0.07932005,-0.36160648,-0.16632585,0.16592215,0.07020192,0.14525521,-0.2767848,0.12472827,0.069686025,0.018756976,0.0666502,0.07672897
O94913,0.12777855,-0.09016533,0.2206521,0.3323721,-0.13360849,-0.2180228,0.7744377,-0.016988657,0.19361904,-0.27626148,-0.46033186,-0.3907665,-0.33791578,-0.15320653,0.038130097,0.081870764,-0.12162717,0.2638483,-0.42450672,0.37731296,0.08956782,-0.02958589,-0.028798614,0.25105307,-0.40474355,-0.096343726,0.19856733,0.23007563,-0.03520047,-0.12132768,0.36285177,-0.05953531
P16333,0.12934257,0.08560893,0.03210064,0.39943546,0.07290287,0.22882086,-0.08917207,0.23168525,0.24124524,0.19174895,0.09645681,-0.08048117,-0.08156898,0.0067453906,-0.257601,-0.00037123263,0.23371628,0.5332592,0.05146864,-0.38945884,-0.025287934,-0.08958793,-0.07638961,-0.03067565,0.0020450652,-0.22786883,-0.17199686,-0.14722726,0.01105354,0.030832307,0.124203905,0.2142542
A8I4E9,-0.22332965,0.21755044,0.6685888,0.07716728,-0.32329714,-0.103508435,0.60178274,-0.6067425,-0.028534804,-0.1448757,0.16543882,0.15024588,-0.5754884,0.096178435,0.48935947,0.09415306,-0.1855839,0.32260853,-0.42302632,0.18969576,-0.0949085,-0.13782115,0.12128204,0.50067776,0.050647065,0.4244009,0.2697057,-0.10489318,-0.008054562,-0.2380114,0.3997615,0.44895226
Q92890,-0.095617965,-0.08245286,0.2578143,0.27204013,-0.16897732,0.1484604,0.20607266,-0.057720996,0.34454957,0.27927798,0.15246433,-0.1615935,0.21301687,0.12152978,0.089137815,0.13747644,0.16620627,0.20210987,-0.21198055,-0.038399532,0.042072047,0.044263497,-0.068176135,-0.35771084,-0.031960614,-0.12103174,0.12867513,-0.34458944,0.19923449,0.06072027,-0.13615869,0.11113699
P0DTD2,-0.39972544,0.35819003,0.614518,-0.11882496,0.30143744,-0.4269323,-0.29054135,0.6338126,-0.090668604,0.45248726,0.25648072,-0.26785183,0.2555548,-0.011507899,-0.18033093,-0.17412409,0.6171647,-0.056145497,-0.12955528,-0.7477173,-0.18001728,-0.5909498,0.38021126,-0.28126216,0.22335486,-0.173887,-0.40086553,0.04261846,0.6032968,0.37287152,0.30680275,-0.15489477
O62479,-0.14088018,0.29326314,0.37996823,-0.14197914,-0.2583847,-0.042850334,0.5078474,-0.25644413,0.08196726,-0.044528455,-0.19910096,-0.092917815,-0.4995951,0.17305356,0.3465434,-0.046455055,-0.20365329,0.25221342,-0.61788785,0.09366898,-0.042391647,-0.25617787,0.14834492,0.3397172,-0.20255625,0.251455,-0.033038445,0.063881904,0.14624837,0.008931199,0.4005854,0.13135801
P47017,-0.056217544,0.18274406,0.38338372,0.122575425,0.020684343,-0.006011106,0.012764022,-0.25882486,0.08897204,0.39013365,0.27391875,-0.24978009,0.26115754,0.10611554,0.100440495,-0.22206452,-0.018883012,0.067562975,-0.057150573,-0.27737096,-0.017013501,-0.11766225,0.07012103,0.00052154064,-0.018601641,-0.10192139,-0.27540907,0.029819235,0.24611118,-0.014736457,-0.17924434,0.30967462
P00812,-0.036456913,-0.011484459,0.11315874,-0.016107524,-0.5004507,0.38351592,-0.5645887,-0.19448349,-0.15118092,0.1538063,0.037384827,0.04758276,0.0587696,-0.28519982,-0.09188882,-0.11259785,0.071243554,-0.12910181,0.16643453,-0.56347585,0.18465629,-0.3305177,-0.42482418,0.13155368,0.32072377,0.066214055,-0.17570391,0.3633452,0.36045086,0.25740469,-0.10351376,0.007943641
Q28399,-0.14271787,-0.094763294,-0.51397353,-0.004591802,-0.48030525,0.43206173,-0.43751055,-0.3417939,0.022254843,0.15181458,0.07168175,0.1491805,-0.38330516,-0.05409182,0.14722514,-0.11554816,-0.027586237,0.25679126,0.3880362,-0.15933895,0.15344468,-0.10630292,-0.11206862,0.000612393,0.13331519,0.26088777,-0.15717357,0.49182433,0.06236001,-0.08912988,-0.25248006,-0.03480787
P36969,0.1914062,0.17143,0.019706361,0.26682132,0.04507592,0.1564985,-0.19358699,-0.2261061,0.006760328,0.10718984,0.27336732,-0.12098879,0.18248194,-0.051975287,-0.18067017,0.07396558,0.12784836,-0.08369177,0.3160097,-0.46291834,0.113517776,-0.049849927,-0.27330756,-0.070810735,0.1402118,-0.25048807,-0.13148248,0.208868,0.20352009,-0.04550008,-0.12788695,0.045924332
P09041,0.1255716,-0.10679625,-0.38057014,0.019290766,-0.42131674,0.3119252,-0.27509078,-0.51306367,-0.009145063,-0.03640741,0.29277515,-0.005301282,-0.190138,0.094625466,0.07768648,0.09975259,0.1216574,0.15104637,0.23383439,-0.0030004382,-0.1073137,0.038654268,-0.3166857,-0.2349139,0.30308396,0.2888473,-0.060918935,0.405889,0.08854633,0.18384662,-0.39594376,-0.24378271
A0A0H2US80,-0.03785929,-0.027947254,-0.2532595,0.048766248,-0.5718018,0.29840937,-0.47794825,-0.2504577,-0.17444032,0.22613761,0.18578492,-0.058221728,-0.3431148,-0.016166218,0.13897997,-0.044141144,0.0031024516,0.19465667,0.29296386,-0.4853539,0.10747189,-0.20493679,-0.32686228,-0.034506828,0.11230023,0.14333911,-0.30604953,0.5261057,0.1800592,0.007995004,-0.3136721,0.019945752
O09061,-0.05459915,-0.02777668,0.054704547,-0.007852728,-0.26728386,0.15730605,-0.18405767,-0.25943372,0.0843027,0.28583992,0.087574914,-0.16713753,0.20199865,0.08903403,0.17997158,-0.18759003,-0.10278836,0.019819237,0.09365004,-0.41574752,0.088317126,-0.28028488,-0.14748739,-0.010658249,-0.08458278,0.0079763215,-0.33265182,0.20546257,0.1904594,0.10672458,-0.22836134,0.101457536
Q9GZM8,-0.19730818,0.39232114,0.7187181,0.0011801478,-0.27070934,-0.20520794,0.7397505,-0.5487313,0.038197137,-0.140897,0.02748483,0.04360658,-0.6655532,0.07459255,0.41362444,0.15418042,-0.20824759,0.3580856,-0.5472294,0.1701601,-0.102461904,-0.14157718,0.21190597,0.52586085,-0.15276834,0.271892,0.23620912,0.053626314,-0.00370555,-0.1819712,0.3746427,0.34918845
P0ABV6,-0.108727805,-0.1254825,0.46369466,0.3612222,-0.098126255,-0.010666788,-0.08561019,-0.3654272,0.005638878,0.3021397,0.16729262,-0.022558905,0.26428956,-0.08493739,0.14631423,-0.22492489,0.13080013,-0.066012405,-0.0074322373,-0.45126343,0.29858768,-0.18361859,0.1698986,0.18815231,-0.19203866,-0.11993567,-0.06167061,0.15639713,0.09234497,-0.27811188,-0.2755482,0.65820414
P01225,-0.41981518,0.32657984,0.424713,-0.15215841,-0.13449602,0.02401311,-0.29421028,-0.08137482,0.3038921,0.8615307,0.22336926,-0.17606269,0.33075374,0.018297046,0.016868025,0.021550223,-0.038321078,-0.18403232,-0.15918107,-0.47761554,0.20598312,-0.033176765,0.09072076,-0.27918434,-0.0036866814,-0.22637866,-0.09575916,-0.10123494,0.57041925,0.109686114,-0.37317318,0.12580763
A2ABV5,-0.014090776,0.022459924,0.32852012,0.049135618,-0.09068823,0.14152758,-0.072332874,-0.18047205,0.19301973,0.041223057,0.009660605,0.030542135,0.12013176,0.013677008,0.1383973,-0.19967434,-0.11457379,-0.03437671,-0.13006353,0.04271844,0.00043230783,-0.30477107,-0.019955058,0.055844486,0.41779786,0.21003336,-0.108741485,-0.17696643,0.26968294,0.09275331,0.13619587,0.17461796
O55164,0.108675286,-0.115918845,0.02399718,0.38636643,-0.057070393,0.23342225,0.10658729,0.1858593,0.17151763,0.03224258,-0.1393191,-0.0668483,-0.067038804,-0.14065783,-0.1940274,-0.1624757,0.25350177,0.6012027,-0.085904926,-0.19410644,-0.021538813,-0.27070206,-0.11566804,0.14302532,-0.00660111,-0.1596456,-0.13074014,-0.00894627,-0.07782333,0.025557542,0.26110843,0.24376191
Q8IXK0,-0.24686307,-0.013009898,0.0659573,0.107429095,0.07631174,-0.24447303,0.61745745,0.42570263,0.14546268,-0.15646434,-0.6906214,-0.4776736,-0.29561612,-0.37546453,-0.055505373,0.244688,-0.20147379,0.07356594,-0.3274383,0.32824194,0.23664643,0.007463068,0.09464148,0.22696412,-0.67324644,-0.23655567,0.42626503,0.14306918,-0.06303536,-0.1408437,0.53099203,-0.39713988
P04049,-0.095997676,0.05590248,0.006363444,0.22599167,0.02235892,0.3018943,0.10275003,0.32851273,0.29965088,0.20396638,-0.20947109,-0.07759725,-0.11016677,-0.13220812,-0.2636292,-0.05417846,0.1108417,0.55184394,0.11038214,-0.18048564,0.05794939,-0.1281288,-0.033571128,0.13944861,-0.096517555,-0.23491684,-0.10095594,-0.012563467,0.16042274,0.08927598,0.3451461,-0.003072638
P14859,0.18530576,-0.12798715,0.271482,0.6101584,-0.10945426,-0.25019276,0.62374085,0.09400015,0.25918,-0.19414997,-0.34646368,-0.41551322,-0.23694445,-0.28189322,-0.079089336,0.13086769,0.068760484,0.36409545,-0.32826415,0.27020198,0.09955895,0.0854958,-0.029307116,0.086861126,-0.27657038,-0.26560035,0.24039453,0.09420663,-0.05262407,-0.16424216,0.24450931,0.118696064
P21187,0.10835312,0.09076853,-0.24289468,0.33444566,-0.05335376,0.2259315,0.22317022,-0.19805238,0.41517892,-0.22204745,-0.14182164,0.03459336,-0.4035308,0.18295333,0.0067568645,0.04241056,-0.05434993,0.5867318,0.040820688,0.16688813,0.028767865,0.07078211,0.03713909,0.11410906,-0.11297795,0.0933849,-0.08852851,-0.02564177,0.017051853,-0.10071439,0.20435551,0.1719633
O94760,0.09832573,0.06900549,0.08871498,-0.023331719,-0.3203974,0.3539375,-0.53032696,-0.21814361,-0.08189616,0.19272953,0.09425725,-0.02416876,0.14371711,-0.07064203,-0.10165392,0.027879909,-0.038499445,-0.14316264,0.16272753,-0.5539759,0.12414751,-0.24407288,-0.47192532,0.05458066,0.2529713,0.0075154323,-0.20386836,0.20915163,0.34847647,0.25304484,-0.16745879,-0.038694743
I7MG78,-0.1361579,-0.08658655,-0.01510217,-0.088564284,-0.24885105,0.31908235,-0.14732102,-0.45591113,-0.0029701712,0.12606023,0.27181983,0.04702431,0.18146962,-0.10261236,0.117157735,-0.020383775,-0.06743169,0.0046728924,0.39565372,0.029419139,-0.051352095,-0.05766189,-0.29787213,-0.0064303726,0.4427927,0.20173444,0.094151005,0.17583978,0.20873094,0.1635656,-0.104372784,-0.20561524
P17256,0.045976415,-0.09389362,0.043346897,-0.105127856,-0.57445914,0.44956282,-0.55449426,-0.33097023,-0.038138438,0.112696424,-0.040004577,0.01818788,0.14095294,-0.16017395,0.018181406,-0.09688924,0.022690289,-0.061353944,-0.053020015,-0.35632813,0.07207739,-0.33766177,-0.4511882,0.10234752,0.30407006,0.21652244,-0.13384461,0.17031428,0.20487368,0.37354064,-0.18555939,-0.021006826
P09546,0.03920026,-0.070777684,-0.25828832,0.066216186,-0.19022475,0.3652152,-0.038494743,-0.6044455,0.22147912,-0.14757991,0.18343757,0.100185856,0.18377867,-0.17360401,-0.043863192,-0.061207786,0.22561546,0.15001863,0.21645224,0.2947471,-0.13326524,0.00044061244,-0.14513515,-0.040889055,0.45271432,0.21525574,0.16143113,0.10380622,-0.07455746,0.12574326,-0.03359327,-0.11520021
O14960,-0.25770873,0.30828214,0.31448048,-0.054834954,-0.19486642,0.2232508,-0.77166116,0.13044631,0.27989054,0.71343625,-0.06117588,0.009235196,0.14501634,-0.2245144,-0.3203151,-0.062296897,-0.044802025,-0.22926056,0.04481961,-0.8528017,0.39983737,-0.2960952,-0.14100978,0.06417742,0.058966666,-0.29007223,-0.2747258,0.09908044,0.60138613,0.20186843,-0.2139889,0.13897364
O59734,0.15339674,0.06696399,0.050602548,0.15220274,0.21779396,-0.110802814,-0.7134848,-0.4085533,0.07685866,0.3284456,0.2502897,-0.06386113,0.33055615,0.3850907,0.015981257,-0.09024057,-0.073928714,0.14120437,0.09867585,-0.5814363,0.0071562035,-0.22304344,0.051849592,0.07693483,-0.31428304,0.07114919,-0.37020144,-0.06004344,0.01058808,0.10570654,-0.4644427,0.37883016
P42834,-0.029339314,0.15457126,0.5036029,0.32256967,0.26937276,-0.13242158,0.17210099,-0.15563059,-0.24882427,0.31454283,0.5015786,-0.13709396,0.20251352,-0.034175865,0.006845154,-0.20554411,0.3486639,0.015298344,-0.04198204,-0.32000923,-0.10455414,-0.045952067,0.16704406,0.07521917,0.23434754,-0.15664762,-0.1255568,0.12897292,0.21600133,-0.25917378,0.057261307,0.39419413
P14738,-0.21321398,0.014830828,0.11095729,-0.12603277,-0.3152796,0.13748685,-0.017171144,0.24277657,0.36720744,0.29455674,-0.53086424,-0.182572,-0.00159958,-0.098294266,-0.09924396,-0.17447594,-0.07401849,0.1817537,-0.47988147,-0.23554917,0.20384367,-0.41213948,0.031069394,0.03500153,-0.27894062,-0.114338495,-0.19121197,0.10291752,0.29223818,0.29635814,0.20766822,-0.14780883
P31725,0.23074506,0.042810343,0.36650184,0.33156136,0.27626315,-0.03768506,-0.053135246,-0.43342012,-0.23438457,0.0996342,0.5110815,-0.19927354,0.39823276,0.09865255,-0.0077963993,-0.118430585,0.123114645,0.009626277,0.16164908,-0.3078757,-0.10717839,-0.11892621,-0.1033434,0.17296064,0.23485304,-0.07115094,-0.117360584,-0.044030458,0.00011114031,-0.1893829,-0.025969777,0.42767245
O14011,0.07188283,0.06927471,0.13134071,0.011490075,-0.079018116,0.2109479,-0.27806756,-0.12646124,0.23367181,0.12826978,-0.17716095,0.09166326,0.044741124,0.08994638,0.06935305,-0.29338214,-0.18715577,0.118903525,-0.17674069,-0.18114188,0.044408318,-0.45382255,-0.046189774,0.22956365,0.087198526,0.16910316,-0.36591497,-0.12159786,0.16867527,0.09330242,0.03744174,0.29785797
P21327,0.07329056,-0.09377946,0.1429852,-0.07305723,-0.3216271,0.40292546,-0.22439705,-0.06396889,0.12472712,0.24760355,-0.01617993,-0.10000067,0.29571474,-0.13414556,-0.13503867,0.004682511,0.0664134,-0.06785261,0.061193034,-0.33267167,0.0334942,-0.32307822,-0.3328966,-0.07000284,0.31938505,-0.058728904,-0.10566629,0.100408524,0.21945041,0.2932912,-0.10324879,-0.1730008
O61722,0.17696886,-0.020406477,-0.043217905,0.23567384,-0.08201551,0.14970794,-0.29541737,-0.34294742,-0.06764839,-0.046365023,0.17013708,-0.0785914,0.24745634,0.02038496,-0.007865451,-0.11512366,0.103652894,-0.0080641955,0.24365324,-0.48449934,0.10812814,-0.29642063,-0.24202865,0.103993654,0.01158601,-0.0013811197,-0.2475355,0.16859722,0.033148184,-0.01648573,-0.051303368,0.20573385
P62993,0.2069963,0.3554116,-0.19062597,0.21596679,0.39263657,0.13778663,-0.38971636,-0.07834197,0.2772437,0.2727577,0.2503864,0.0723937,-0.04250264,0.251319,-0.19368435,0.012348264,-0.05352871,0.25343114,0.20649803,-0.39635438,-0.041152325,0.06658551,0.0330231,-0.04568748,-0.009307608,-0.13907076,-0.3160074,-0.10291049,0.08638977,-0.03262008,-0.11209692,0.12364079
Q3HL75,0.042693958,0.013505258,-0.1955125,0.05682767,-0.46867824,0.24547768,-0.4540884,-0.3528238,-0.16381934,0.19990814,0.40803173,-0.08596182,-0.35380366,-0.1521964,-0.054110624,-0.04396844,0.07821031,0.2996478,0.36249995,-0.21681213,-0.15636753,0.004992321,-0.27851477,-0.12927859,0.38720626,0.16661927,-0.19015148,0.5940951,0.10001462,0.18642555,-0.40116704,-0.15253703
O75400,0.07803865,-0.05047497,0.23171508,0.58168805,-0.17570096,-0.18427533,0.63178676,-0.0148004,0.4240469,-0.20857015,-0.38842118,-0.41883639,-0.26420176,-0.21075523,-0.12494687,0.25578102,-0.07223067,0.41773245,-0.14507915,0.31535727,0.18073197,0.14794667,-0.07796149,0.086216114,-0.4407835,-0.24754083,0.26645973,0.09247127,0.033457704,-0.12138562,0.19767764,0.0696128
P68104,0.3117993,-0.14827183,-0.72684515,0.23540449,0.26229635,-0.0152364075,0.076321736,-0.23453167,0.39782318,-0.1659553,0.2649114,0.25455907,-0.44735402,0.57225615,0.13364664,0.09468537,-0.0012108237,0.22718468,0.31042928,0.19897567,-0.15489215,0.038447544,0.05353057,-0.5659959,0.07116987,0.14599787,-0.2880582,0.28600425,-0.002182804,-0.11797335,-0.3459812,-0.3328567
P68105,0.3117993,-0.14827183,-0.72684515,0.23540449,0.26229635,-0.0152364075,0.076321736,-0.23453167,0.39782318,-0.1659553,0.2649114,0.25455907,-0.44735402,0.57225615,0.13364664,0.09468537,-0.0012108237,0.22718468,0.31042928,0.19897567,-0.15489215,0.038447544,0.05353057,-0.5659959,0.07116987,0.14599787,-0.2880582,0.28600425,-0.002182804,-0.11797335,-0.3459812,-0.3328567
O95727,0.061258107,-0.029596522,0.07531964,0.16245171,-0.1854849,0.05503331,0.31666702,0.012829058,0.2750829,0.16784614,-0.3779361,-0.12182818,-0.13232495,-0.02856683,0.07123018,-0.29469082,-0.048369303,0.3562767,-0.6141033,0.03423609,0.040991955,-0.24179925,0.093539596,0.114320114,-0.28531468,-0.078261994,-0.24085668,0.09250691,0.044580486,-0.017513094,0.10369128,0.18903942
Q05080,-0.0770714,0.1733343,0.20514497,0.14175294,-0.21697865,0.023474634,0.4544425,-0.31044447,0.36953178,-0.17942038,-0.36176148,-0.090083554,-0.29806694,-0.22661623,0.028262608,-0.008355558,-0.15701072,0.39735973,-0.10245786,0.34297222,0.07036053,-0.15136383,0.04549196,0.3029521,-0.09726124,0.03312608,0.14867651,0.231036,0.08482885,0.040090006,0.2964143,0.059774224
P25233,-0.019055411,0.020748615,0.24441719,0.41052628,-0.08060935,0.14841296,0.23327708,-0.12043353,0.24144088,-0.0033672452,0.16505769,-0.15077244,0.16082159,-0.13588777,-0.07989262,0.026972339,0.26382476,0.20379946,0.1602161,-0.09806852,0.088456176,-0.062887356,-0.10846226,-0.10854997,0.14689638,-0.17846647,0.0667958,-0.009909764,0.15642503,-0.026804803,0.09282756,0.16744405
O75129,-0.20484467,-0.1242525,0.04294593,-0.07116572,0.08033544,-0.106199384,0.44966078,0.5482298,-0.04534561,0.04117193,-0.47486153,-0.45610636,-0.1794803,-0.030127607,0.09198745,-0.056437105,-0.003691703,0.16707596,-0.44259945,0.14007086,0.015270944,-0.18332659,0.11072755,0.18431428,-0.26465634,-0.018041125,-0.01959277,0.037868336,0.1657621,0.042952564,0.69418085,-0.3560744
P02091,0.28798705,0.12557244,0.06938481,0.1712289,0.034157407,0.006767772,-0.5821077,-0.83184797,-0.11129438,-0.06421977,0.55935276,-0.062161233,0.2857277,-0.0846763,-0.2617521,0.048342004,0.15958226,-0.03722631,0.46840346,-0.09991787,-0.26699588,0.097459584,-0.23735663,-0.059971154,0.41918725,0.11908568,0.03863465,0.3301896,0.062878445,0.297857,-0.5159611,-0.0064243264
A8KC60,0.029705033,-0.07118228,-0.38442913,0.11714003,0.026785765,0.18883474,0.119891256,-0.34953728,0.33245972,-0.066076666,0.123760685,0.077208415,-0.19276518,0.3022295,0.24767125,-0.08980575,-0.17899866,0.20745355,0.4035322,0.1583653,-0.0028667795,0.039193764,0.103538394,-0.15098833,0.049346045,0.1483272,-0.22251266,0.26974148,0.072812974,-0.124642976,-0.15461074,-0.09669715
P63165,0.24461366,-0.28858006,0.049702264,0.6861603,0.10880993,0.031811878,-0.2447137,-0.079398565,-0.011548747,0.13448378,0.22717153,-0.10149653,0.1926063,0.045404665,-0.13993117,0.0154904425,0.37708247,0.46462694,0.036034614,-0.47593153,0.07079039,-0.02992542,0.022517707,0.022226468,-0.2197858,-0.1992439,-0.03884369,-0.08496863,-0.25377125,-0.20623444,-0.20735255,0.5373957
P10809,-0.32639128,-0.12773797,-0.3436031,0.09454959,-0.50707287,0.06375055,-0.23184398,-0.53382343,0.19528034,0.17063726,0.2589724,0.12519947,-0.37268886,-0.2282961,0.20672405,-0.22727242,0.093304776,0.4919024,0.39970118,0.12255733,-0.04065755,-0.0384864,0.05531476,-0.23771648,0.19074492,0.27990982,0.0042944252,0.6671264,-0.030907698,0.07089858,-0.47397876,-0.013504524
P53584,0.04044947,-0.08112325,0.114807546,0.03777074,-0.19482464,0.2508826,-0.24687046,-0.27792674,0.1718894,-0.09146769,-0.10455704,0.15379083,0.17235798,-0.3593057,-0.046395384,-0.374481,0.078043416,0.018224671,0.04828006,0.010313809,-0.017988916,-0.49101365,-0.015172277,0.2163877,0.5162766,0.18443331,-0.09991566,0.10716468,0.0054752566,0.15587881,0.171342,0.10123618
Q9MZB4,0.2701863,0.09699857,-0.06321997,0.12991774,0.1790093,0.05571171,-0.27013674,-0.7209787,-0.13473856,-0.23010081,0.4482462,-0.06189236,0.29828715,0.31385356,0.020102315,0.06491108,-0.054047287,-0.059138916,0.37868178,-0.1414479,-0.111416265,-0.049716577,-0.30014247,0.08372701,0.22744264,0.20866299,-0.087097175,-0.009580553,0.10547773,0.049415376,-0.037850413,0.06045806
P0DPK5,-0.5709111,-0.21597782,0.30896053,0.49143112,-0.16825297,-0.28608152,0.07537457,-0.67636454,-0.0054811845,0.10579771,0.5796708,0.024243891,0.024659187,0.28975058,0.5668112,0.22536895,0.029061347,0.3067776,0.40670407,-0.15192664,0.2754502,0.1137857,0.097571656,-0.047215924,-0.35614246,0.28336385,0.32518223,-0.13233873,0.12287136,-0.343735,-0.15301669,0.587523
P08902,0.004566103,0.15912934,0.21187273,-0.16617608,-0.18004222,0.2566731,-0.5099999,-0.031654842,0.22344768,0.71324605,-0.042315964,-0.15814659,0.311154,-0.027453348,-0.143614,-0.15840474,-0.14589542,-0.06267231,-0.2395846,-0.561672,0.06578041,-0.24202627,-0.1457663,0.0075128227,0.0341267,-0.18464786,-0.37001243,0.038196802,0.30976665,0.2831339,-0.36978152,0.061473254
Q88YH3,0.056915537,-0.0026356876,-0.20194224,0.05771465,-0.43137962,0.24354866,-0.41913837,-0.33562562,-0.16147716,0.20087962,0.4230123,-0.07896231,-0.36075738,-0.14147562,-0.06206199,-0.05323395,0.07694064,0.30345786,0.37571144,-0.18774392,-0.1774364,0.020440444,-0.2540679,-0.14656018,0.4082926,0.1539995,-0.19139406,0.6094023,0.09170927,0.17703904,-0.39875108,-0.1844668
O81770,0.026665047,-0.118836865,-0.16819412,0.12885337,-0.31510648,0.45344344,-0.032866865,-0.25249133,0.2113766,-0.08028358,-0.079996616,0.0016089231,0.092787,-0.08431123,-0.09381525,-0.03098324,0.17780581,0.19926831,0.095585585,-0.060755447,0.10452424,-0.22403844,-0.2486149,0.059756123,0.14284165,0.08612534,-0.02073542,0.078340575,0.03864228,0.05747193,0.088171124,0.03197689
P15700,0.2819739,0.04677759,-0.19789311,0.25216395,0.055297207,0.026934624,-0.3212243,-0.60353744,-0.0968531,-0.28229788,0.29156008,-0.01423832,0.2117022,0.1449633,-0.015380181,-0.092921555,0.12344006,0.0721196,0.28000358,-0.30877596,-0.058285378,-0.21703996,-0.21239936,0.10189109,0.06644058,0.16557813,-0.21089497,0.14667588,-0.06762338,0.014498463,-0.013634,0.18045507
P10493,-0.22484362,-0.021970287,0.17481866,-0.06109876,-0.12009217,0.32590893,-0.027165473,0.32978186,0.34645525,0.5015625,-0.08996774,-0.0916125,0.14834452,-0.11416412,-0.21104756,-0.08639625,0.07419771,0.21824908,0.049035966,-0.29232746,0.042295225,-0.24269602,-0.015970994,-0.12816037,0.15376605,-0.2237309,-0.11426883,0.009565264,0.3132012,0.2584441,0.14915197,-0.22003086
P03615,-0.40406418,0.35790932,0.5835363,-0.17589694,0.2513774,-0.33848134,-0.42689005,0.7682844,-0.039142724,0.4983245,0.13745119,-0.27440497,0.25696975,-0.07783101,-0.24935916,-0.14136496,0.5618226,-0.05246321,-0.14066195,-0.8343206,-0.17733182,-0.65161616,0.29829952,-0.24441497,0.21142699,-0.19753547,-0.42156395,-0.022683203,0.57384294,0.47274584,0.32919785,-0.23027106
P28241,-0.08227407,-0.12062293,-0.23912823,0.008525161,-0.5557253,0.3465766,-0.32521453,-0.35147706,-0.13731736,0.091524184,0.13823517,-0.037286073,-0.14457268,-0.0547582,0.20636049,-0.11635837,0.011587165,0.133195,0.29387328,-0.33373386,0.0948081,-0.17457972,-0.25794458,0.022076912,0.13000305,0.21650751,-0.2025544,0.46289995,0.13522157,0.046829794,-0.206536,-0.0030402057
O60906,0.12540822,-0.10938978,0.03742872,-0.073691525,-0.24239711,0.33928952,-0.3360235,-0.1596294,0.11662933,0.111849606,-0.16597831,0.022933304,0.23435146,-0.06663135,0.04218372,-0.2724445,-0.07568945,0.017974146,-0.13083017,-0.2173524,-0.02306725,-0.48836112,-0.20420238,0.15704885,0.24035044,0.16192463,-0.26176676,-0.023132443,0.053773753,0.24947034,0.033511575,0.027665582
O75334,-0.16502823,0.5429516,0.7004072,-0.16908723,-0.171251,-0.16352943,0.7178319,-0.551449,0.08112676,-0.120834336,0.005459491,0.0066824853,-0.70489395,-0.001987949,0.31140843,0.0640538,-0.19169708,0.47709662,-0.40831345,0.21388818,-0.30320942,-0.26482087,0.31607366,0.5970854,-0.021411955,0.2246392,0.13876155,0.17829522,-0.07788727,-0.023096053,0.39891967,0.21155488
O60609,-0.1391279,0.12606701,0.27058,0.17230949,0.0411668,0.19003958,0.106414795,-0.07020315,0.23126322,0.27267078,0.38061056,-0.11374735,0.3211161,-0.1864875,-0.17648938,0.18336159,0.26175523,-0.061531983,0.27021575,-0.05602903,-0.00412497,0.09075348,-0.1146404,-0.33708334,0.48810917,-0.23399302,0.19689637,-0.071949676,0.34450632,0.06534882,-0.025103334,-0.15546462
P01857,0.1470403,-0.096710205,0.13613579,0.032414593,-0.15806372,0.22438756,-0.16747166,-0.0106685385,0.33125928,0.36909935,-0.2586752,0.008892685,0.13349038,0.019550927,-0.03139346,-0.32129738,-0.08619103,0.32650837,-0.4717824,-0.18952602,-0.08361174,-0.43766803,-0.06499155,0.11974557,-0.05888991,0.012966385,-0.3533369,-0.090806514,-0.028007925,0.22737138,-0.15658763,0.22345923
Q0VCU1,-0.096516296,-0.11777376,-0.35114977,-0.061903924,-0.14655754,0.36555955,-0.1253765,-0.20501408,0.10680929,0.22975172,0.22616927,0.10252705,-0.26296586,0.052791797,0.0138574615,0.009611934,-0.115274176,0.17377573,0.594541,0.08080725,-0.041590497,0.109475195,-0.0832918,-0.18290646,0.30658466,0.12922245,-0.08998852,0.5421171,0.22497696,0.02049368,-0.31208903,-0.39678094
O15537,-0.04984606,0.30190492,0.1252535,0.14604929,0.10828225,0.18330665,-0.12932295,0.17490003,0.24218822,0.6617465,0.15920608,-0.14680284,0.057240218,-0.1144598,-0.2320996,-0.071444824,0.025995992,0.14860654,0.11404979,-0.52560204,0.086594254,0.02184236,0.029933479,-0.087985456,0.024269924,-0.4587972,-0.27194193,0.150849,0.28265953,-0.038856193,-0.13697478,0.050529566
P16233,-0.029299393,0.115490794,0.06946722,-0.09136853,-0.24606578,0.43489248,-0.41602948,-0.005030386,0.108492784,0.4202224,0.02712566,0.0218077,0.057743073,-0.12517747,-0.1502645,0.027394876,-0.11905433,-0.102303304,0.22482336,-0.4791997,0.15669219,-0.17427199,-0.32679534,0.0017986447,0.2896896,-0.108218215,-0.19510826,0.19606234,0.41152278,0.18349864,-0.14711593,-0.1465014
P14384,0.023524866,0.030161008,-0.16542932,0.09680869,-0.10889745,0.37899,-0.0484,-0.12006987,0.2152801,0.13310663,0.095835805,-0.020649567,-0.031627268,0.05471594,-0.062369954,0.037328303,-0.06991257,0.060358368,0.44206583,-0.24780986,0.13276446,-0.053476997,-0.15042566,-0.055067793,0.08089736,-0.075689144,-0.19793645,0.2324228,0.20294988,-0.05569053,-0.065517366,-0.10544911
P05187,-0.06935313,0.06863591,-0.101777054,-0.08327249,-0.06541261,0.3430613,-0.11422089,-0.17027804,0.13620926,0.35520345,0.24234934,0.015342891,-0.059586883,0.039144315,0.021328889,0.11771726,-0.2250468,-0.032770246,0.5223573,-0.08071071,0.023355428,0.12524892,-0.19493088,-0.17711423,0.34068733,-0.030678717,-0.07031513,0.3483582,0.382114,0.05543403,-0.29421586,-0.36212832
O75694,0.029122531,-0.15213943,0.10021267,-0.20885727,-0.05446505,0.49097595,-0.4149628,0.2275818,0.3087065,0.41814673,-0.22002001,0.051375955,0.30483496,-0.023309827,-0.15560679,-0.14814398,-0.15639444,0.012553357,-0.15082501,-0.14418727,-0.04334085,-0.31848085,-0.14183146,0.0038170964,0.36943525,0.043412052,-0.12549287,-0.29914778,0.18177631,0.3889313,0.07147172,-0.2240971
P01588,-0.03972271,0.13573727,0.6363871,0.1806423,-0.052631535,-0.013190329,-0.5366458,-0.21761942,0.24594396,0.13770883,-0.013914268,0.16193706,0.44738537,-0.587519,-0.26239505,-0.25107762,0.24907236,-0.65740925,0.03708282,-0.3782218,0.40504643,-0.47951996,0.107172735,0.011792436,0.4578309,-0.17848305,-0.0033074692,0.26571542,0.40366894,0.091290146,-0.2778122,0.277321
Q6PBE2,-0.29904988,-0.060592905,0.5611732,-0.044816956,-0.18456021,-0.09694214,0.19429335,-0.9396515,-0.25925207,0.18063684,0.48501506,0.11879538,0.09338611,0.33326802,0.5285004,0.056069687,-0.08527839,0.0383342,-0.28508997,0.021796912,-0.11257704,-0.14344281,-0.086193666,0.44448382,0.058638304,0.5699858,0.23843732,-0.2204028,0.020064525,-0.24043034,0.011247892,0.5762866
P14079,-0.4023717,0.23711526,0.37962618,-0.22919191,0.20244561,-0.05460673,-0.3493615,0.9857411,0.06639421,0.50475055,-0.049406584,-0.183693,0.07205604,-0.13324189,-0.24926159,-0.089865685,0.3996181,0.20555252,0.0083634555,-0.7186122,-0.2346436,-0.5951264,0.1885894,-0.138265,0.2960264,-0.18564796,-0.38246313,-0.12085447,0.47681403,0.5598242,0.5517755,-0.4406196
P13725,0.00807929,0.039787844,0.4961006,0.272684,-0.08894032,0.053180687,-0.24445361,-0.28814727,0.37296584,0.0028478801,-0.13301286,0.20149562,0.36830056,-0.609003,-0.17884082,-0.26666653,0.27580214,-0.51462317,-0.10274789,-0.16085434,0.40932685,-0.40476424,0.21169859,0.02810926,0.3505851,-0.18823494,0.09136537,0.26672634,0.17581025,-0.043415237,-0.23940885,0.33792743
P0ABE5,0.0852969,0.16766757,0.27419466,0.09487425,-0.09736879,-0.0152891725,-0.6028936,-0.72051,-0.004124698,-0.09500347,0.17929257,0.08447306,0.2898655,-0.06415778,-0.015753135,-0.17194027,-0.10767099,-0.12608063,0.21218601,-0.33374178,0.10956996,-0.459916,-0.21710974,0.31918323,0.22966047,0.22709562,-0.15366757,0.08276287,0.14407575,0.115303576,-0.11387142,0.38458034
Q13114,-0.06443055,0.3177466,0.073115245,0.12065,0.007149119,0.1119121,0.22331452,-0.34446004,0.33466873,0.020336837,0.033563476,0.010668799,-0.30952555,0.08813927,0.19854417,-0.09776053,-0.27591348,0.37284702,0.13846797,0.19405173,-0.061256517,0.025615111,0.11569168,0.2213786,0.1436102,0.13664562,-0.124980025,0.021814466,0.16927859,-0.10634754,0.16473722,0.19540477
P04591,-0.17556383,-0.025481835,0.350532,0.19250137,-0.0145129,0.10141352,0.036818445,0.3262293,0.23925607,0.06770199,-0.020111289,0.015524596,-0.02728048,-0.1129798,-0.05749809,-0.07593757,0.1913781,0.19783065,0.04185939,-0.12865761,0.027818333,-0.32313588,0.053305205,-0.04259433,0.4072864,-0.0069034006,-0.041064046,-0.15079653,0.35579166,0.16443902,0.4521908,-0.021961752
Q8G6W1,0.067614615,-0.16370022,-0.6817501,0.12208646,-0.057510544,0.21594134,-0.119230196,-0.33504173,0.29100809,-0.06511888,0.06241483,0.22695076,-0.39523143,0.21529171,0.16279319,-0.21073797,-0.06567621,0.2888264,0.33502382,0.14798546,-0.00185367,-0.062671274,0.1834023,-0.16701148,0.044654295,0.25136176,-0.29452434,0.4346821,-0.09780658,-0.17732312,-0.21171772,-0.11213584
P23381,0.13813354,-0.10377315,-0.2971023,0.030844538,-0.051643815,0.27818212,0.054352656,-0.57312477,0.15944085,-0.18791726,0.27797368,0.018404424,0.16842332,0.22488508,0.07011428,0.123948745,0.07036291,0.0013653561,0.2560401,0.19652139,-0.12147513,0.13127221,-0.21024871,-0.19568478,0.29585266,0.21644819,0.053070836,0.12128617,0.105595075,0.13499574,-0.15542372,-0.27480045
P06454,-0.23455833,-0.4471584,0.42528412,0.22689694,0.083113834,-0.3559459,0.5578814,0.41107637,-0.55552554,0.30910128,-0.05365011,-0.41552508,-0.003909707,-0.18413258,-0.044483047,-0.09487653,0.572448,-0.29445523,-0.7021141,-0.013147131,0.052548576,0.010407209,0.3102451,0.12176922,-0.30531466,-0.13097912,0.17350596,0.34784997,0.1626929,-0.5154911,0.22637159,0.07841244
O95071,-0.16126172,-0.07390557,0.21142778,0.044430636,0.09422423,0.064418934,0.09007013,0.69341284,0.09542822,0.26156408,-0.18113154,-0.19600719,0.015751958,-0.17221063,-0.1455698,-0.19745865,0.27189004,0.3587463,-0.085006684,-0.28149667,-0.14382966,-0.40308416,0.10963698,0.02394355,0.17380412,-0.1865666,-0.21444401,-0.045193017,0.21566278,0.28589943,0.58204955,-0.2733938
P04637,-0.2134281,-0.014911994,0.28353798,0.36219144,-0.27357024,0.18734334,0.33263996,0.01172927,0.42887953,0.24086735,0.01655018,-0.18505609,0.07479888,-0.09302362,0.010280542,0.2131504,0.16930768,0.20618716,-0.150725,0.02227708,0.19880925,0.17309107,-0.057046186,-0.30739397,-0.06643782,-0.22768715,0.2726408,-0.22980008,0.2896469,-0.012036273,-0.02518652,0.08552194
P09956,0.108738765,-0.18635708,0.14388391,0.18201989,-0.06527464,-0.25387985,0.8201691,0.16849488,-0.042823013,-0.20941979,-0.4864423,-0.46227503,-0.3710259,-0.110306434,0.13524938,0.02286373,-0.030866772,0.0026338398,-0.7343607,0.3476616,0.114416145,-0.03907176,0.114791304,0.27933627,-0.44067585,-0.04955352,0.1785432,0.25601172,-0.09507526,-0.29657674,0.45334563,-0.1449545
P17506,0.24269284,-0.2009368,-0.70621085,0.24618998,0.15570791,0.08632417,0.05677849,-0.24081284,0.39315382,-0.19304022,0.14504214,0.2434152,-0.41096014,0.52724063,0.15421289,0.016415283,-0.040379137,0.18813124,0.3266389,0.15468867,-0.009069503,-0.009652078,0.09197061,-0.44738746,-0.042975597,0.16849342,-0.30407715,0.30503464,0.006380141,-0.18478753,-0.28212556,-0.22723855
P13667,0.17237575,-0.06076266,-0.21503559,0.20986521,-0.09072679,0.30292973,-0.121962324,-0.28857607,0.04731979,-0.18464994,0.046776164,0.06356639,0.030265674,0.032949917,0.068839796,-0.21527362,0.09109927,0.17896906,0.13468558,-0.15196216,0.011521486,-0.32361627,-0.15424913,0.16911793,0.16378985,0.15749697,-0.21198103,0.008138686,-0.08365082,-0.089045934,0.18900871,0.19333841
P27487,0.013888985,-0.12223303,0.04270467,-0.21225089,-0.19933797,0.49909368,-0.50537217,0.058149807,0.21547234,0.36953545,-0.2817635,0.06592119,0.23058838,-0.0029361024,-0.032462798,-0.2337502,-0.26339197,-0.03512948,-0.19057143,-0.23199177,0.05220658,-0.38451952,-0.21881884,0.17384027,0.21557729,0.15427113,-0.25477737,-0.1822545,0.20843935,0.3251456,0.0012017973,-0.07001052
Q21648,-0.36825264,-0.2150622,0.26442242,0.31237757,-0.14407493,-0.06634523,0.26496792,0.28692436,-0.027999375,0.17327592,-0.32297674,-0.14231211,-0.24704473,-0.15460114,0.27800792,0.2377762,0.10407302,-0.46384174,-0.65209436,0.015471853,0.641543,0.18393068,0.28024763,0.08394963,-0.51584977,-0.04426211,0.5608525,-0.16612235,0.20869783,-0.5911452,0.23204002,0.10287587
O14792,0.1525744,0.04102844,-0.06264789,0.14068499,-0.07617209,0.26919034,-0.082926705,-0.4327635,0.042862393,-0.10001522,0.26193836,-0.066652015,0.25598598,0.08242922,-0.025349885,0.047441453,0.124764815,-0.047943123,0.23036161,-0.1824798,-0.0047290837,-0.11220425,-0.3054269,-0.028309703,0.22833042,0.042801425,-0.061679624,0.006631568,0.1142261,0.03703593,-0.00031949952,0.0055490583
P28862,0.1076055,0.08613318,-0.038829572,0.1087602,0.027594019,0.37141398,-0.14434117,-0.07539251,0.179088,0.16322309,0.15432389,-0.035404272,0.09877533,0.05384264,-0.091611445,-0.045890287,-0.063961685,0.03907932,0.31841666,-0.2796212,0.036189333,-0.09856042,-0.14933611,0.00027889013,0.18219502,-0.089538835,-0.21394545,-0.0126707405,0.14866072,-0.002732364,0.022521485,-0.016439214
O60870,0.03444551,-0.05296305,0.23270202,0.36929175,-0.06248669,0.0046264455,0.3094677,-0.38994524,0.26671758,-0.017070293,0.25264093,-0.049982622,0.06253901,0.21384522,0.24692556,0.120300345,0.06218238,0.34233427,-0.06378101,0.13173881,-0.09389406,0.02040331,-0.121595085,-0.1464075,0.08377156,0.07604727,0.12634861,-0.28516454,0.06139276,-0.029563459,-0.06733173,0.27046463
P01584,-0.107319735,0.13975513,0.36874044,-0.085327975,0.08043639,0.03674736,-0.22670361,0.55431783,0.12233692,0.5726751,0.03373963,-0.25231513,0.2716601,-0.053327657,-0.23089623,-0.18373555,0.27754053,0.16023561,-0.24971078,-0.59160715,-0.19606234,-0.41729265,0.10503417,-0.19569646,0.18051909,-0.23469558,-0.34160545,-0.09234533,0.2843136,0.41046298,0.19074923,-0.18625407
P09086,0.023620024,-0.14943072,0.27728984,0.64158714,-0.23770224,-0.22362912,0.5180511,0.06319382,0.31267557,-0.18739122,-0.42492843,-0.38104868,-0.296662,-0.3247967,-0.0003509447,0.31363642,-0.00492464,0.1244712,-0.33029842,0.22955854,0.36206976,0.16525792,-0.008938093,0.09012255,-0.5117325,-0.20132244,0.45689964,0.03491226,-0.053762883,-0.29126713,0.16578706,0.12139329
Q06559,-0.1121545,-0.20103934,-0.0021320134,0.23145342,-0.12303357,-0.27392223,0.06820139,-0.44768703,0.25807986,-0.009259693,0.32602844,-0.09203086,0.15756577,0.41003844,0.4404815,0.09948425,0.052987248,0.28873777,0.025033653,-0.01931984,-0.052949253,-0.11492702,-0.020012472,-0.49186975,-0.13691099,0.19961941,-0.011036329,-0.07155068,0.07189203,0.13571979,-0.33245844,0.07847805
P10082,-0.3389045,-0.4082543,0.6666104,0.37387055,-0.071483955,0.08904675,0.097596854,-0.21307361,-0.31122264,0.39525247,0.30899552,0.13024774,0.31491387,-0.012576364,0.19072673,-0.08599323,0.36065787,-0.3286718,-0.3447145,-0.30389392,0.27346846,0.05099079,0.18025717,0.2528903,-0.05804491,0.09379716,0.26442397,-0.17726633,0.2036837,-0.5154768,-0.022013407,0.7033154
Q8G6R2,0.0667903,-0.2499153,0.23434195,0.34983706,-0.07300307,0.20901424,-0.10558531,0.2125076,0.09255074,0.40684924,-0.027808595,-0.12626177,0.3234679,-0.12751636,-0.11502424,-0.2525811,0.33169597,0.14296177,-0.3916601,-0.42786956,0.120038636,-0.2354248,0.053517904,-0.028595075,-0.08583783,-0.24389789,-0.16258156,-0.091480225,-0.036340453,-0.067482464,-0.08421494,0.33451653
P37370,-0.4712081,0.110737324,0.22426775,0.15822122,-0.2680007,-0.1903428,0.41767418,0.2246179,0.3753223,-0.08279334,-0.65414137,-0.23085243,-0.51376086,-0.21465766,0.21343863,0.5065508,-0.24039988,0.0060416386,-0.46018785,0.18227883,0.5371959,0.009219408,0.07020107,0.15159397,-0.7149831,-0.0703441,0.61220837,-0.16849276,0.13641632,-0.24723522,0.36958906,-0.062236387
P60723,-0.2394686,0.07809876,0.12413389,0.14244899,-0.24003631,-0.036438107,-0.43072963,-0.41247937,-0.045524005,0.28108028,0.31250888,-0.02144894,0.014760345,-0.0116178095,0.26129484,-0.047232777,-0.20417805,0.009111263,0.5686752,-0.5502142,0.25549245,-0.15076786,-0.22313562,-0.0017223358,-0.0009663254,0.000374211,-0.12901029,0.34757084,0.3591444,-0.015468663,-0.32609802,0.2251724
G4NAP4,-0.31731543,-0.070126235,0.1950525,-0.12911242,-0.12625426,0.3224944,-0.22629893,0.02947969,0.0718204,0.32850966,0.071474805,0.14861527,0.18125898,-0.285706,-0.13380086,-0.13436186,-0.008144133,-0.08662813,0.41872132,-0.17870326,0.09792281,-0.26600903,-0.18221407,0.0311113,0.47619027,0.0027424786,0.029346451,0.2094993,0.46919453,0.21592753,0.106677115,-0.25923425
C4XEI3,-0.018541023,-0.013433859,-0.17654425,0.031972125,-0.4555152,0.29721388,-0.42420724,-0.30500203,-0.19530222,0.21503823,0.36277917,-0.0631254,-0.31190896,-0.16336775,0.011997752,-0.073435485,0.02129957,0.2610156,0.41275364,-0.25596356,-0.088663474,-0.009825721,-0.26343423,-0.05595988,0.37119472,0.1598019,-0.18287566,0.57941425,0.13067184,0.14028895,-0.3153844,-0.1471901
P0DTC5,-0.27589902,0.39548728,0.56666684,-0.12466671,0.34934154,-0.4522485,-0.10056018,0.4713316,-0.040352244,0.29910827,0.21544106,-0.21008289,0.13884103,-0.05019421,-0.16092005,-0.2912241,0.5048375,0.11311547,-0.061316907,-0.5026518,-0.35438642,-0.6175948,0.4136238,-0.124844894,0.31850457,-0.088730596,-0.47802243,0.17777327,0.49303272,0.41235772,0.4087102,-0.2003356
P16858,0.1651736,-0.0693481,-0.5029957,0.15864885,-0.27291963,0.093188554,-0.25494146,-0.31507602,0.020404428,0.073698424,0.37874362,0.019143462,-0.49857038,0.21280524,0.04819473,0.086156994,0.11980261,0.24502102,0.29454672,-0.1677329,-0.079538815,-0.062326506,-0.24629873,-0.38700104,0.21577679,0.11364045,-0.26995608,0.57132655,0.066923216,-0.039472874,-0.43828568,-0.2447187
Q15750,-0.1469304,-0.13476574,0.079712845,-0.02504983,-0.22592193,0.37922803,-0.09088662,0.17289305,0.27390298,0.22801816,-0.2873735,0.02024661,0.09755069,-0.17222846,-0.1421186,-0.22838387,0.04337772,0.24514493,0.01628825,-0.21203262,0.0956982,-0.44425243,-0.08816615,0.122506484,0.09920965,-0.03886521,-0.14790568,0.06082152,0.19527146,0.2382962,0.25435558,-0.078486055
P0A855,0.16027229,0.05586408,-0.124830775,-0.14523046,-0.14381714,0.4228277,-0.72235805,-0.05596558,0.1846736,0.3167311,-0.27524585,0.116880864,0.13586217,0.04689645,-0.19621362,-0.22050968,-0.13716698,0.13289145,-0.3357996,-0.43031615,0.011408585,-0.4077729,-0.25912416,0.2666128,0.054641724,0.142654,-0.397885,-0.13634154,0.10571197,0.33815008,-0.064557895,0.12857646
P41834,0.12068634,0.14442909,0.5661243,0.20490119,-0.05450454,-0.15399954,0.40797192,-0.43209928,0.14717947,-0.13370326,0.121599555,0.11851129,-0.17585693,-0.21614523,0.14485109,-0.3114231,0.14762415,0.16145197,-0.33425447,0.124396354,-0.18423162,-0.33902848,0.23668945,0.2540508,0.35018057,0.09511406,-0.051428653,0.2109035,-0.07574206,-0.055345166,0.122619644,0.39730823
P12956,-0.14695106,-0.13776854,0.077287674,-0.12070033,-0.33209103,0.3549622,-0.19889744,-0.24631298,0.22561797,0.21101773,-0.079093665,0.077491164,0.24717516,0.04092204,0.21724272,-0.077902734,-0.14894572,-0.08908907,-0.065087095,-0.031351373,0.10713612,-0.32381338,-0.24769068,-0.025555551,0.22128804,0.24296989,0.010663308,-0.20789844,0.23504469,0.15300503,-0.049701367,-0.0013439134
O14793,-0.13571504,0.011792481,0.3795,0.013303032,-0.15184385,0.18756795,-0.05346006,0.06976085,0.23312202,0.4883411,-0.012247872,-0.16495648,0.30299532,-0.099322505,-0.008796565,-0.26243106,0.0011970997,-0.11763608,-0.15311393,-0.36796558,0.13780557,-0.26996675,0.04452416,-0.062289953,0.050559804,-0.19708413,-0.22396204,0.011728406,0.31736043,0.099035814,-0.08234678,0.11501798
P0CG04,0.34543008,0.08937916,0.12334779,-0.088074274,0.15340658,0.092953816,-0.6425986,-0.1989339,0.22972162,0.5583325,-0.013632882,-0.15086102,0.51309794,0.21933141,-0.279,-0.19622636,-0.079004675,0.1317168,-0.37947798,-0.42066354,-0.24715656,-0.27854168,-0.08602597,0.06259302,-0.15637973,-0.024233954,-0.5029297,-0.08574574,0.0022873655,0.43069112,-0.5730727,0.1437973
A4YDT1,-0.08967377,-0.010156043,-0.35246816,-0.031084934,-0.19795795,0.5791671,-0.6424051,-0.13462153,-0.055539493,0.14878145,-0.110551044,0.3131691,-0.095821336,-0.16653207,-0.025282823,-0.3258656,-0.081863225,0.023360036,0.23395208,-0.36404794,0.24627967,-0.29330805,-0.141107,0.35265726,0.20362939,0.18153234,-0.20036468,0.10944691,0.1141694,-0.10616768,0.18510167,0.14189659
O02649,-0.32443434,-0.13070777,-0.34350827,0.09171184,-0.5032719,0.06224425,-0.23179126,-0.5312666,0.19120856,0.174621,0.26658148,0.124142006,-0.37476394,-0.22682229,0.20421946,-0.22995079,0.093569346,0.49462426,0.4011224,0.12686484,-0.049811047,-0.036998503,0.057416286,-0.24064635,0.19973649,0.2813451,0.0014903322,0.6697428,-0.031938873,0.07376158,-0.47512686,-0.020854402
O88867,0.049115255,-0.087501764,-0.37512487,-0.04692135,-0.36617893,0.4058149,-0.2360063,-0.54912746,0.15064403,-0.12664138,0.0059640445,0.11032876,0.08214834,0.067405246,0.1256122,-0.049288124,0.07431361,0.10144559,-0.002487421,0.021546781,0.021444943,-0.21108785,-0.25556898,0.04027413,0.21007739,0.34814885,-0.054396488,0.01835829,-0.0059741363,0.09024084,-0.046493147,0.025817726
Q8N165,0.122492954,0.0678402,-0.05313114,0.10740609,0.11625521,0.28945774,-0.4569382,0.20644325,0.009656194,0.15497041,-0.02418476,0.13727933,0.020977408,-0.08887872,-0.26979667,-0.25494817,0.14453943,0.1687212,0.058895916,-0.47100192,-0.013162688,-0.41295505,-0.08505635,0.16295862,0.25837326,-0.02963627,-0.30623892,-0.030713707,0.11567839,0.10344884,0.30337223,0.07927272
Q8DNW9,-0.2838,-0.054112256,-0.04380975,-0.06706092,-0.31676042,0.39684448,-0.4951895,-0.33532792,-0.0856375,0.1418642,0.082670465,0.2707006,0.013585985,-0.31120956,0.06453752,-0.288205,-0.1331826,-0.04596117,0.45790082,-0.23951189,0.2053213,-0.25992128,-0.21127108,0.29369044,0.39206326,0.21966621,-0.059123524,0.31265485,0.2715481,0.020496437,0.048061717,0.05667005
P9WK17,-0.10578658,-0.101482436,-0.081882216,-0.15690395,-0.3384977,0.298359,-0.13237901,-0.41960883,0.051216844,0.27275264,0.35642478,-0.007817432,-0.0020139068,-0.009089053,0.013834402,0.16899568,-0.025342628,0.09785667,0.36644918,0.13657793,-0.17764208,0.11666995,-0.37642023,-0.26358318,0.45409763,0.19559428,0.09563137,0.38022023,0.3233506,0.3301538,-0.46454176,-0.4569243
P00684,-0.22129402,0.45050183,0.4865849,-0.0704928,-0.063294336,-0.062371336,-0.33176798,-0.10677004,0.2411842,0.75999373,0.35023695,-0.20414078,0.35076582,-0.15070996,-0.10569841,0.12880787,0.07543896,-0.2942907,0.03862512,-0.5415222,0.12706332,-0.055071212,-0.09744111,-0.41005778,0.29181314,-0.3922641,-0.06227217,0.07701786,0.6122419,0.18667097,-0.47252944,-0.006575037
P55853,0.29022008,-0.24040511,0.0073063,0.57808256,0.2148828,-0.00026984513,-0.37629098,-0.17197016,-0.08285304,0.17393056,0.302276,-0.09154183,0.26726043,0.1458435,-0.14740404,-0.063378915,0.32174277,0.42640764,0.07257825,-0.53854364,-0.025251746,-0.099795416,0.021630354,0.084126525,-0.2189625,-0.1340473,-0.16600147,-0.05546193,-0.2793462,-0.15336488,-0.24864598,0.5162165
P51668,0.4440205,0.34125975,-0.2569292,0.4409365,0.62434095,-0.33931777,-0.34188837,-0.32742077,0.010683159,-0.08777487,0.66239303,0.097340465,-0.22282483,0.35399374,-0.024735205,0.18812251,-0.05549003,0.16891402,0.6247197,-0.4172483,-0.20960855,0.15548436,-0.09614512,-0.30869216,0.27444053,-0.16886179,-0.23200881,0.21655376,0.068050034,-0.08005145,-0.21193233,-0.057855014
P06881,-0.3615967,-0.41782707,0.6660815,0.35070163,-0.023052964,0.082194984,0.30791837,-0.07423303,-0.44811955,0.37059778,0.28247896,0.20069891,0.11342868,-0.05528018,0.3121326,-0.22113714,0.36728442,-0.3641546,-0.4612886,-0.22438896,0.25710097,0.074967474,0.29534474,0.34603584,0.011175588,0.13351795,0.21788636,-0.06123957,0.2379682,-0.64084333,0.15378216,0.6650645
P12645,-0.1341034,-0.060028747,0.36346343,0.14707822,-0.0997159,0.09320803,0.23862052,0.29000422,0.26218832,0.3033325,-0.123672694,-0.21545395,0.15115589,-0.087672256,-0.016835794,-0.17576998,0.11664522,0.07283804,-0.2751729,-0.19620487,0.116399415,-0.19071455,0.10459322,-0.12938549,-0.034440793,-0.22311154,-0.11337244,-0.029061928,0.31097406,0.113500394,0.16339523,0.0070818923
P16297,-0.07612491,-0.07859658,0.06502155,-0.030420298,-0.15584476,0.102960765,0.16871029,0.31160375,0.22773728,0.13135341,-0.5071921,-0.17300032,-0.11152634,0.0028247014,0.061721586,-0.2419661,-0.025209725,0.2893456,-0.6326448,0.009521738,0.052132737,-0.3444872,0.12517363,0.091817275,-0.21360329,-0.0018269699,-0.1719968,-0.059473246,0.14523625,0.17273973,0.3738335,-0.07715918
O75897,0.26471847,0.032319978,-0.2533174,-0.00963944,-0.03138036,0.413457,-0.2562484,-0.46175095,-0.067735836,-0.1309092,0.28453705,0.062509984,0.12936413,0.15625006,-0.08281694,0.13245203,-0.02305524,-0.09689016,0.35750818,-0.1620481,-0.06229531,0.0582169,-0.3756341,0.0103973895,0.36081755,0.13871054,-0.057122715,0.11561996,0.1611355,0.11823373,-0.043327756,-0.22366036
O60729,-0.018189177,-0.038914844,0.003326714,0.1682421,-0.06645435,0.26178786,0.39200377,-0.09927196,0.3766282,0.078150705,0.15884377,-0.18437487,0.039552227,0.10007376,-0.12966692,0.13359766,0.10119774,0.2888447,0.29653665,0.086020246,-0.04476389,0.10960041,-0.040847693,-0.26807225,0.10665624,-0.1463459,-0.01507742,0.16956946,0.20333946,0.081886016,-0.027518753,-0.2338429
Q9FNJ8,-0.10837537,-0.0036040545,-0.0009948984,0.13295835,-0.367303,0.3032916,0.28186443,-0.14284602,0.3434016,0.18096337,-0.08600213,-0.20456403,-0.0018872768,0.018874675,-0.031266924,-0.027286842,0.10876838,0.27740023,-0.007205263,-0.1703704,0.1818791,-0.09482611,-0.082218006,-0.084622815,-0.22488543,-0.14549409,-0.16535994,0.26672545,0.21182552,0.017998764,-0.09726262,0.07622063
P01282,-0.24963275,-0.45882225,0.6291397,0.4119696,-0.07203536,0.020630449,0.45507383,-0.06599424,-0.4328067,0.18265432,0.15067054,0.1697393,-0.03165415,-0.11586399,0.36884752,-0.18506244,0.3187161,-0.2241011,-0.5705284,-0.07442731,0.23530339,0.09840985,0.2749047,0.39989495,-0.0017193556,0.14081824,0.3134434,-0.062356055,0.10013848,-0.65923274,0.22781831,0.68633103
O54924,0.1271709,0.05381224,0.088130094,0.2753652,-0.061119277,0.12038389,0.09923473,-0.37433994,0.1944148,-0.19478095,0.045814965,0.044237077,-0.022064745,-0.036667578,0.14873546,-0.20117614,0.0076370686,0.253875,0.020866975,0.10893296,-0.07181752,-0.25589728,-0.07253486,0.16073644,0.26513934,0.17073855,-0.09872406,-0.048477262,-0.028038852,-0.053723324,0.14894983,0.31028515
Q4CLD0,-0.15356861,-0.09059119,0.13985425,-0.012351068,-0.43098086,0.2630942,-0.37521172,-0.1388728,0.04464261,0.23667416,-0.124607965,0.077019915,0.13990265,-0.27713227,0.012447588,-0.34214136,0.015471242,-0.06996631,0.10483372,-0.57454485,0.24769287,-0.54309505,-0.19357643,0.21205877,0.07844217,-0.01425538,-0.3006933,0.35099754,0.26044974,0.14077501,-0.04118986,0.15355374
P08183,-0.19822612,-0.027082816,-0.51367223,0.1329121,-0.2602193,0.24811116,-0.26687884,-0.66134727,0.17046572,-0.09230085,0.13198061,0.2556631,-0.28122056,-0.290541,0.14509913,-0.37922767,0.0652455,0.4651471,0.40858996,0.25374967,-0.035897475,0.022586077,0.19306734,0.15251654,0.22820278,0.33784285,0.06330422,0.4207735,-0.24994421,-0.112656005,-0.06361832,0.13688888
P08169,-0.13121124,0.014380977,0.26145548,-0.098146245,-0.13606402,0.31099156,-0.30971405,0.28815687,0.20958847,0.5396842,-0.06790763,-0.0783501,0.22631055,-0.13738057,-0.16325727,-0.17167512,-0.042059317,-0.004083745,-0.0030927658,-0.49391425,0.07259936,-0.36674142,-0.11408633,-0.013582155,0.22728588,-0.16098712,-0.25462598,-0.026811957,0.34061116,0.27209878,0.06497139,-0.108441815
P11827,-0.10770399,0.011333287,0.14120351,0.092289545,-0.2940319,0.20036915,0.35700208,-0.06207139,0.35706392,0.15227729,-0.29836547,-0.16913462,-0.043805018,-0.051107094,0.01939185,-0.13869151,-0.07736395,0.29075512,-0.24601285,0.028680548,0.13380927,-0.1638544,-0.028108615,0.06804259,-0.19697854,-0.084356494,-0.13877335,0.15212132,0.24674281,0.07790375,0.10019378,0.061507415
O75347,0.0943003,0.37581807,0.6065099,0.07051592,-0.07975939,-0.39371726,-0.27262175,-1.188213,0.15351747,0.0014796332,0.4639031,0.04958619,0.19601458,-0.15046538,-0.039700635,-0.17760134,0.056062933,0.043305717,-0.034473114,-0.107259326,-0.1999815,-0.38858384,0.10017891,0.26767015,0.23651133,0.18794782,-0.018449701,0.2746469,-0.15136343,0.11088527,-0.44088155,0.5812328
P11655,0.10612403,-0.04085213,0.13319732,-0.10754774,-0.114760235,0.2881748,-0.39703488,0.31552386,0.18714657,0.37257296,-0.33446646,-0.004293449,0.123604566,-0.09309232,-0.24362206,-0.35392395,0.07462113,0.31225318,-0.4287569,-0.43640113,-0.1572248,-0.62473077,-0.07546969,0.18404998,0.0942364,-0.0236482,-0.40673268,-0.09436935,0.05195261,0.43284953,0.1600422,0.008928429
O95149,-0.087684095,0.11016366,0.2483621,0.0024937969,-0.06352031,0.25021705,0.0931547,-0.007981688,0.23053217,0.42767853,0.26434577,-0.19116671,0.29609007,-0.05783677,-0.051372137,0.04683338,0.09487647,-0.07271785,0.076539665,-0.16549218,-0.028156903,0.0020721108,-0.08576435,-0.32488668,0.32555264,-0.22162077,0.0023852885,-0.056986257,0.31886235,0.12129135,-0.112670034,-0.17597613
P06132,0.08409168,-0.01807668,-0.10987561,-0.02997447,-0.56023145,0.40601826,-0.62432384,-0.4966329,-0.17849779,-0.060456783,0.15356983,0.020100772,0.032116562,-0.18194577,-0.0756664,-0.02432391,0.15842989,-0.0038137734,0.11418599,-0.32968467,0.0060442267,-0.14956251,-0.4493662,0.074953645,0.35481167,0.29503888,-0.07810787,0.33186343,0.17414609,0.3563645,-0.20482753,-0.046277482
Q59RR7,-0.016226232,0.010606945,0.017076261,-0.013424797,-0.1672678,0.25343576,-0.22813454,-0.21745959,-0.056318607,0.21004352,0.22301738,-0.040705934,0.08235186,-0.052600928,0.086439945,-0.09059349,-0.15237014,-0.026082762,0.41500723,-0.3307399,0.02292826,-0.15129943,-0.24766171,0.0031742603,0.2766201,0.007999631,-0.2038888,0.3065735,0.25026974,0.09601254,-0.11316854,-0.13293988
B4XT64,-0.24283275,-0.028246284,0.17527731,-0.07619234,-0.18074809,0.33921704,-0.16015443,0.30948395,0.27871892,0.4640244,-0.13703084,-0.036892958,0.14359206,-0.17735258,-0.20728791,-0.14789,0.06544933,0.102142245,0.099035114,-0.4137578,0.12333328,-0.37548447,-0.070240885,-0.020806596,0.15266941,-0.17944913,-0.18061692,0.07547346,0.35699618,0.24921305,0.17366128,-0.17617045
O75604,-0.19652575,0.1089147,0.11563402,0.13633023,0.04078197,0.16616628,0.34247494,0.3410281,0.25016835,0.2146683,-0.025849115,-0.25057003,-0.092514016,-0.046454653,-0.15567678,0.03141631,0.084600866,0.35887086,0.20089579,-0.057037324,0.015033427,0.00946027,0.049030375,-0.048370257,0.03731425,-0.21633177,-0.0807629,0.062924,0.37738472,0.093217306,0.4158372,-0.26598594
P26639,0.005117804,-0.08245449,-0.3647327,0.13035509,-0.008893333,0.20417276,0.1546328,-0.32737705,0.35737517,-0.056076124,0.10166161,0.06853986,-0.194451,0.28607544,0.22850266,-0.06511308,-0.15714584,0.2219291,0.40428364,0.16207372,0.026300855,0.03530456,0.09465565,-0.16899349,0.022261843,0.12849231,-0.20372686,0.2790467,0.09068886,-0.12859009,-0.16394292,-0.09357765
P12425,-0.102208264,-0.08705944,-0.11810564,-0.07097587,-0.42761683,0.37548032,-0.36134887,-0.31762928,-0.09104548,0.17814817,0.14399198,-0.0075124204,-0.038582504,-0.027511217,0.19216985,-0.03565502,-0.14585795,0.063880384,0.3783707,-0.29223332,0.08974169,-0.11294374,-0.32084012,0.050017893,0.20985071,0.19238615,-0.13832635,0.3496221,0.2389499,0.13210614,-0.22842269,-0.08946091
O76095,-0.29693723,0.0059873536,0.65544707,0.27397376,-0.028598074,-0.0986581,0.29102445,-0.31498942,-0.092855036,0.51867247,0.37486443,-0.085653335,0.19879848,-0.061003618,0.1571294,-0.23640808,0.2385213,-0.06976121,-0.2117934,-0.29169583,0.11206884,0.031780496,0.26566893,0.116950884,-0.07111919,-0.11850586,-0.03547638,0.18753694,0.28956434,-0.33023578,-0.19359797,0.6083593
Q6GIL6,0.16851,0.047223873,-0.120869406,0.05261349,-0.52478963,0.22371238,-0.64521396,-0.54206216,-0.2247306,-0.09746954,0.21284844,-0.087391995,-0.003194034,-0.15044597,-0.084750205,-0.0756167,0.18745497,0.07941846,0.11510402,-0.42804468,-0.0725088,-0.1735384,-0.37855744,0.044354603,0.22069548,0.268444,-0.20674491,0.44462755,0.08161668,0.34941006,-0.26977757,0.03681686
P63159,-0.08869263,0.050581086,0.30062547,0.5827418,-0.022774175,-0.35179266,0.21840227,-0.76301575,0.15135719,-0.1317554,0.5223284,0.09554432,-0.123098776,-0.010947578,0.27612618,0.033693507,0.21150169,0.5265645,0.20406985,0.007350996,-0.058380183,-0.03206025,0.12713253,0.022596523,0.036515042,0.089943744,0.21692148,0.030515224,-0.22660482,-0.27175134,-0.105391145,0.65167636
P46527,-0.12644076,-0.38683105,0.24517351,0.5716145,-0.14958495,-0.025831854,0.2668614,0.3821361,-0.022042487,0.1709997,-0.23525278,-0.26529163,-0.102078795,-0.21871981,0.17782342,0.1266389,0.24261586,-0.17078954,-0.60520005,0.011325203,0.4029201,0.25164664,0.08363134,-0.005136654,-0.32218504,-0.12855896,0.4397538,-0.26961705,0.10076682,-0.41279158,0.22596309,0.16594091
P13721,-0.18085545,0.040448338,0.2853531,-0.07585009,-0.12982787,0.27273777,-0.07732018,0.12316371,0.20032777,0.4682275,0.132513,-0.11908058,0.33222914,-0.2210407,-0.17324829,-0.040630847,0.14242947,-0.15895575,0.1414392,-0.32184452,0.061025437,-0.19779618,-0.10678065,-0.21882121,0.36362475,-0.22636558,-0.04992918,0.0833422,0.3993894,0.21368842,-0.03426181,-0.23425674
P10645,-0.0073340833,-0.25148353,0.11497273,0.07393349,-0.017240603,-0.15737228,0.7331766,0.2720669,-0.17756304,-0.07670596,-0.46782455,-0.43005794,-0.2921119,-0.06323515,0.17202058,-0.024575591,0.013500422,-0.13888392,-0.8183419,0.3124135,0.15731439,0.008798167,0.14420518,0.30078053,-0.3925376,0.009373376,0.17484996,0.19424924,0.017882518,-0.34084433,0.4947202,-0.15516731
P60411,-0.61059356,0.33980516,0.27488998,-0.25030783,-0.20601712,-0.4968985,0.046104908,0.52876973,0.13691309,-0.02003719,-0.3860824,-0.2816118,-0.242345,0.079625495,0.16502914,0.18444544,0.12973422,-0.24127042,-0.6468515,-0.35494572,0.31033352,-0.5093519,0.39927548,-0.3827762,-0.58196753,0.03357306,-0.02190993,0.07531735,0.5284093,0.19794278,0.42925397,-0.48505893
Q9BPZ3,-0.2900037,-0.40961075,0.5510243,0.32661992,0.09910639,0.065842286,0.3088777,0.095096804,-0.5004199,0.37682652,0.23485516,0.15246284,0.02250281,0.012201019,0.30436262,-0.22377178,0.3041857,-0.28999275,-0.5090233,-0.17015257,0.17940554,0.120230004,0.27900594,0.36846775,0.06441265,0.14428107,0.16063967,-0.12597919,0.2519807,-0.63345176,0.30585864,0.5579114
Q8IZH2,-0.040782616,-0.13286078,-0.110270955,0.02041622,-0.040811043,0.3443304,0.096870035,-0.2727377,0.19391769,0.04743146,0.15532015,0.03672844,0.14143577,-0.016480327,-0.0016579926,-0.061310336,-0.03494568,0.11455457,0.4628753,0.11492522,-0.055050824,-0.038825125,-0.095188424,-0.05008717,0.30655825,0.054116257,0.005450718,0.20162594,0.12168626,0.0633552,0.003244482,-0.25457886
P54279,-0.049327567,-0.09830661,-0.038726248,0.16440663,-0.28989634,0.38838592,0.28685334,-0.11123616,0.32914594,0.025329947,-0.17594722,-0.12371634,-0.015122563,-0.009807959,-0.07227244,-0.048498213,0.06601645,0.35749376,0.039053172,0.041067287,0.1050824,-0.122904286,-0.11847554,0.03780128,-0.09659968,-0.034399755,-0.0858045,0.14531183,0.13382335,0.034798395,0.08532575,0.018725123
P07288,-0.036796853,0.26248708,-0.19914293,0.18705976,-0.06526141,0.24252829,-0.49187976,-0.10205876,0.20119925,0.36464113,0.07074623,0.0900753,-0.16658036,-0.06718478,-0.067933254,-0.025438398,-0.11607528,0.047278747,0.40512228,-0.6127274,0.31918982,-0.06612968,-0.07940152,0.015087411,-0.02908273,-0.22221203,-0.27917472,0.2920897,0.2507583,-0.16249523,-0.19278562,0.1621039
P13686,0.05594559,0.037099928,0.014468454,-0.03139951,-0.2622049,0.3883719,-0.4867799,-0.07202663,-0.02177703,0.23365028,-0.016854461,-0.0012065917,0.12947154,-0.04635025,-0.0790231,-0.1131469,-0.052528307,-0.073773675,0.052082837,-0.5669409,0.13785891,-0.33790928,-0.33636832,0.12833227,0.16431905,0.01482431,-0.29113027,0.09275231,0.26834837,0.17735398,0.0037987195,0.024608705
O94316,-0.050779045,-0.12872204,-0.09665287,0.059189342,-0.11236718,0.39568028,0.011787891,-0.2797033,0.24360509,0.041019037,0.05316316,0.051404506,0.13818419,0.05283659,0.10425293,-0.10612917,-0.07305874,0.120492816,0.29504225,0.07642765,0.024927955,-0.12832886,-0.10915388,0.031108372,0.19428404,0.12987037,-0.020884924,-0.023169875,0.08244349,0.0015847352,0.028096627,-0.037482504
Q12309,0.2699715,0.19614652,0.009022228,0.058708146,0.020117756,0.06795821,-0.12310436,-0.6658702,0.139216,-0.24630332,0.14691733,0.06094478,0.05039595,0.07670566,0.11303934,-0.1511246,-0.058877155,0.24524578,-0.05947306,0.18378417,-0.31764522,-0.2501136,-0.08617848,0.2321316,0.43518746,0.35244402,-0.1269364,-0.116146475,-0.121420555,0.12633108,0.104258195,0.20432653
P23872,0.0136332065,0.040400937,-0.011663027,0.013523778,-0.30664098,0.34528258,-0.70807266,-0.2793527,-0.21833313,0.06762597,0.016502459,0.16405916,0.100066215,-0.2106435,-0.07301348,-0.23588106,0.005712338,-0.14153501,0.14414322,-0.58743757,0.2028866,-0.40666264,-0.36006707,0.29739696,0.24569054,0.14847419,-0.23193538,0.23839134,0.25271833,0.13567156,0.06897339,0.12786788
O75962,-0.006774053,0.018888555,-0.16432181,0.08762232,-0.1761484,0.26806113,-0.1759111,-0.6114917,0.2708398,-0.17159832,0.01867773,0.21726656,0.085436106,-0.293912,0.031928696,-0.27872384,0.08531164,0.16906464,0.16481233,0.2851627,-0.042896904,-0.24251899,0.0034362935,0.1698901,0.44958115,0.283398,0.06945775,0.0695045,-0.11986733,0.0135540385,0.072794884,0.15600272
O94868,-0.117072076,0.20738387,0.1737048,0.053657785,-0.25542945,0.09286544,0.05445735,-0.6030731,0.35057658,-0.02556555,0.026482511,0.06364983,-0.10693231,-0.15101153,0.16070417,-0.18102014,-0.13081685,0.27683568,-0.00418216,0.27547854,-0.05403097,-0.18304327,0.027236003,0.17345072,0.30661368,0.24071838,0.035915114,0.035103932,0.07160733,0.038029764,0.007074576,0.29622853
B5BLW5,0.071108505,0.05569184,-0.08508734,0.044661716,-0.33133137,0.30761847,-0.7012555,-0.36158514,-0.2609761,-0.006610498,0.08350749,0.11108346,0.05338733,-0.15794277,-0.048829623,-0.1747103,0.022224024,-0.07328927,0.19891602,-0.6076193,0.15886746,-0.3332668,-0.37154973,0.25553852,0.21407293,0.16102804,-0.23107669,0.30175924,0.19219604,0.13180073,0.021432351,0.1270973
P19934,-0.026279077,0.4183975,0.67460513,0.025988622,-0.13930199,-0.30221164,0.824622,-0.39901388,0.13177547,-0.12826212,-0.034350168,-0.043451786,-0.576476,-0.054941304,0.25147495,0.01875718,-0.06869258,0.25517938,-0.48059607,0.103498235,-0.12216235,-0.20637739,0.29656723,0.39383733,-0.12639624,0.031819798,0.07675274,0.346691,0.032566376,-0.10239696,0.28255135,0.21198644
Q96RG2,-0.038144708,-0.019609928,0.1153382,0.17527004,0.1252888,0.11276598,0.11811578,0.55480504,0.17472133,0.22710569,-0.21257679,-0.18233773,-0.01049909,-0.17387417,-0.24617156,-0.15944818,0.21166185,0.4653318,-0.07010965,-0.24851699,-0.08586058,-0.2736118,0.053806927,0.075654365,0.015812352,-0.27574757,-0.18490317,-0.018569767,0.12469209,0.19245735,0.4697903,-0.14141513
O14352,0.09128001,-0.39290828,0.19393727,0.5557039,-0.060502063,-0.15042356,-0.06449314,-0.31122732,0.11430766,0.18976349,0.16729905,-0.11580716,0.2787776,0.09007039,0.15108582,-0.009447068,0.24994892,0.43741333,-0.14673343,-0.21045686,0.0009309156,-0.12888125,0.0056393184,-0.08159317,-0.28427666,-0.021128384,0.02349352,-0.06279677,-0.24346179,-0.06629871,-0.41878828,0.5139954
Q08117,-0.14718951,-0.083201975,0.6934554,0.44228107,-0.27252966,-0.13516268,0.598419,-0.5392287,-0.06905582,0.014696285,0.23644437,0.13598198,-0.27993387,-0.039882556,0.42570457,0.035930797,0.09318072,0.22982255,-0.4339897,0.022135496,0.07839383,0.0016322583,0.16254462,0.33968782,-0.05431299,0.16979367,0.3046515,-0.02098623,-0.097661816,-0.49228376,0.06887971,0.7602007
P28702,-0.111519195,0.14731494,0.014375217,0.52759624,-0.2678199,0.04623317,0.522342,-0.36985806,0.5469649,-0.27981392,-0.08601178,-0.24365509,-0.2172327,-0.14456639,-0.18740131,0.38454378,0.06636189,0.31413597,0.3613332,0.27750003,0.32306626,0.3245564,-0.044723053,-0.138375,-0.35196823,-0.1912106,0.28927487,0.2500967,0.25498956,-0.11953839,0.029920612,-0.014362756
F9VMT6,-0.13431628,-0.03287691,0.14622638,-0.22805962,-0.28748992,0.19207141,-0.15767832,-0.17348191,0.112683214,0.5247468,0.27902332,-0.09809622,0.15755406,0.0066577867,0.033581577,0.15240082,-0.060964003,-0.026554875,0.18117172,-0.09558864,-0.15291898,-0.06500393,-0.37057343,-0.3760572,0.37748235,0.015284071,-0.009899326,0.23259434,0.4306655,0.4110726,-0.48402962,-0.45099235
P0A903,0.0140695125,-0.043735296,0.45671958,-0.019919557,-0.1067653,0.14743167,-0.5006911,-0.06289675,0.12389169,0.27676868,-0.06302974,-0.036346927,0.39189798,0.03466215,-0.008862719,-0.2148197,-0.15694831,-0.26792407,-0.13197921,-0.39389986,0.17025967,-0.557612,-0.16684228,0.13278286,0.2222398,0.103659935,-0.29752907,-0.20359024,0.34952176,0.1873131,-0.048781384,0.23566176
P08240,-0.060419954,-0.12772675,0.12799793,0.33463156,-0.2478947,0.24134496,0.31247646,-0.144586,0.30999827,-0.061535448,-0.07024863,-0.10299173,0.030179635,-0.049604733,0.016826011,-0.033000976,0.12152216,0.3640117,-0.0031336248,0.11712155,0.07045088,-0.12053599,-0.1300649,0.007138625,0.013265684,0.027352443,0.037368707,-0.03729315,0.103295766,-0.0008312962,0.12444995,0.1781976
P39743,-0.142725,0.169718,0.16923347,0.23708785,-0.24974433,0.1418714,0.15955168,-0.2044453,0.38469142,-0.13167325,-0.32580352,0.10761461,-0.22865301,-0.13995479,0.12744531,-0.031176984,-0.18948896,0.19565031,-0.048713155,0.09840964,0.3022585,-0.18083161,-0.003484439,0.20068073,-0.028429233,0.05831574,0.031971954,0.02464895,0.3079578,-0.1000789,0.21942568,0.28370208
Q04439,-0.09366791,-0.063716084,-0.4034107,0.092404015,-0.009519722,0.3157908,-0.078675166,-0.31161785,0.18641743,-0.0117231235,0.12475951,0.16648066,-0.16267544,0.020757712,0.11382886,-0.1941435,-0.12554191,0.20127377,0.59227085,0.06441145,0.07081122,0.014449999,0.09683998,0.0393681,0.15330581,0.14622524,-0.12825194,0.3392158,0.041469388,-0.16819133,-0.00031200424,-0.071217105
P08700,-0.12165445,0.13866732,0.705046,0.26450622,0.09027198,-0.12747318,-0.30018187,0.02015654,0.18103229,0.19119999,0.093309715,0.12479952,0.3353296,-0.48572022,-0.20480213,-0.24015698,0.40492082,-0.5545541,-0.02322954,-0.42486703,0.35359094,-0.38005835,0.28114972,-0.07988134,0.41723174,-0.2711181,-0.019927196,0.25604942,0.46934816,-0.003316862,-0.13279119,0.26429445
P58340,0.1068268,-0.14849848,0.36735812,0.090603285,0.02158619,-0.009772599,0.012617558,0.49841982,0.14379606,0.2597399,-0.17685516,-0.3001413,0.3021104,-0.15581316,-0.14045356,-0.3119007,0.3736868,0.14585608,-0.52723783,-0.27155882,-0.20529966,-0.4567272,0.19610319,-0.1663373,0.19319405,-0.1998522,-0.22147027,-0.09718877,0.036126915,0.3493175,0.261946,-0.118029654
P14324,0.09012833,-0.031417742,-0.28585443,0.092571974,-0.22573747,0.37872547,-0.07904895,-0.6008387,0.13491493,-0.19750232,0.19290198,0.062698305,0.18283373,-0.17547515,-0.09500259,-0.04234609,0.28119165,0.07806131,0.2043362,0.1328783,-0.07518318,-0.026345812,-0.19843897,-0.016044006,0.40170735,0.17235772,0.10026808,0.15945777,-0.058287464,0.08928052,0.0037253164,-0.084880635
O14717,0.21096672,-0.028015912,0.06329585,-0.0035339314,-0.10102558,0.3848612,-0.16867949,-0.14488284,0.15435526,0.1425215,0.12413415,-0.10233307,0.35462344,-0.035166115,-0.22019383,0.08041966,0.12533848,-0.04254686,0.09221791,-0.21576789,-0.07563575,-0.18758184,-0.3169952,-0.1244473,0.3800704,-0.08307465,-0.053247623,-0.04246132,0.12432693,0.25293162,-0.07103777,-0.18034884
O43765,0.29832435,0.05226185,0.14239067,0.44883865,0.08929975,-0.07126922,0.09017396,-0.4533953,0.14778817,-0.23734006,0.2143289,0.022319287,0.07977459,-0.18350929,0.012330718,-0.19065359,0.24275161,0.36450684,-0.011062264,0.070778504,-0.22187038,-0.25763518,-0.02948742,0.11184276,0.3762204,0.048458397,-0.026211701,-0.012740895,-0.2975805,-0.05852041,0.091369,0.38425627
P46587,0.15671329,-0.19063437,-0.79176426,0.1974334,0.078969285,0.12336819,-0.03463854,-0.2827818,0.33621946,-0.14425695,0.14011668,0.29735994,-0.5145458,0.34245613,0.124223165,-0.12451252,0.0017147362,0.30150416,0.37121433,0.2254173,-0.07572534,-0.01841046,0.17757262,-0.33540827,0.0434846,0.249757,-0.31208965,0.46873644,-0.08536136,-0.17558253,-0.25239155,-0.25754753
P06106,-0.028124675,-0.029902086,-0.17882773,-0.008050034,-0.35400176,0.39574173,-0.40059263,-0.29147628,-0.15665193,0.113140166,0.21137257,0.048156112,-0.12600061,-0.06284579,0.08717003,-0.024541676,-0.090765595,0.06035611,0.45586032,-0.34780693,0.08808204,-0.08591143,-0.32922953,0.06705503,0.29172343,0.15067998,-0.15463498,0.39348215,0.21880269,0.059380557,-0.14199921,-0.09438418
P27986,0.067060664,-0.016356915,-0.1107182,0.15356661,0.012639735,0.35213414,-0.022936821,-0.27511656,0.2713724,-0.08475523,0.09118682,0.087880656,0.07536718,0.04678669,0.008441955,-0.08560839,0.006525658,0.19588123,0.2688867,0.082278,-0.026974369,-0.13231057,-0.09636611,0.05997996,0.29775363,0.11334617,-0.034659423,-0.115296274,0.029657952,-0.0068809143,0.14906588,0.041636895
O74966,0.15371148,0.089416176,0.10287714,0.1652884,0.24026562,-0.032592013,-0.6395066,-0.2300309,0.15169922,0.48110738,0.19289221,-0.09482759,0.3517201,0.3035418,-0.08910078,-0.116656065,-0.008669168,0.16777715,-0.03950353,-0.56361216,-0.008926851,-0.15727608,0.12643193,0.034091048,-0.31708592,-0.048197888,-0.38393822,-0.08993593,0.020604908,0.1008853,-0.49424702,0.35955074
P27695,0.11654486,0.018063739,-0.09604911,0.10355487,-0.25528392,0.27226946,-0.114420265,-0.2910025,0.12260867,0.0030665323,0.11850239,-0.09541766,0.16264158,0.06672009,-0.05922724,0.12156823,0.13839015,-0.031529374,0.16380197,-0.3672688,0.10683802,-0.16483384,-0.33762437,-0.12275447,0.08375786,-0.033539735,-0.14788532,0.17124465,0.19593462,0.09751624,-0.12413058,-0.023443513
P0AA37,0.05276701,0.20307387,-0.07600694,0.06141887,-0.09778085,0.15002376,-0.5657308,-0.22994477,0.024571296,0.30952036,0.16036892,-0.035478383,-0.01584135,0.11650824,0.058787845,-0.027911097,-0.22854356,0.010076247,0.28897217,-0.6397061,0.17285748,-0.1533711,-0.22661608,0.043575525,-0.008299485,-0.0499805,-0.35626966,0.20551911,0.26170662,0.039716993,-0.23179509,0.12165524
O75886,0.058514714,-0.064154565,0.10873706,0.4669123,-0.19117337,0.054090768,0.4555372,-0.15642643,0.3207617,-0.20692345,-0.17543189,-0.1551238,-0.18039119,-0.043740563,0.04039102,0.033321276,0.038617074,0.472298,-0.1192845,0.24158247,0.033304002,-0.019776508,-0.10914962,0.10693805,-0.09448035,0.026385644,0.046496935,-0.028213337,0.053264722,-0.07615282,0.22471717,0.22365636
P30575,0.047498778,0.0076165646,-0.18748623,0.051409706,-0.45158616,0.25840345,-0.45009512,-0.36245006,-0.16929325,0.18565167,0.4125725,-0.07804699,-0.33138525,-0.15472248,-0.06269107,-0.038644254,0.07020331,0.28264457,0.37285215,-0.19494124,-0.15949398,0.024217322,-0.28886044,-0.11888842,0.4061795,0.1749828,-0.17260489,0.5851197,0.1091279,0.19808964,-0.39355475,-0.16648406
P31658,0.0583369,0.0051335096,0.10369542,-0.12312547,-0.41066968,0.4210211,-0.5407426,-0.25972724,-0.041930083,0.1991468,0.036962662,0.026238084,0.1975736,-0.102135636,-0.093730636,0.046139657,-0.018232062,-0.21524936,0.016371846,-0.3934164,0.11086369,-0.24599704,-0.5195714,0.019301087,0.36545098,0.10678511,-0.09857344,0.13765888,0.39223218,0.35016888,-0.19129063,-0.12762697
Q5K117,0.0005443543,0.014622465,-0.16224808,0.04407371,-0.5104464,0.2709167,-0.50252736,-0.32236418,-0.22763835,0.20003109,0.36129636,-0.09622902,-0.31531864,-0.18789577,-0.017890267,-0.09431344,0.0651851,0.26678208,0.3506692,-0.32024845,-0.09807985,-0.05157551,-0.2825805,-0.04453048,0.344002,0.17493045,-0.22124445,0.5821897,0.11708085,0.17747831,-0.32501185,-0.09309788
P05219,0.056107625,-0.15125902,-0.4759387,0.18270463,-0.10241227,0.08207339,0.022407025,-0.522002,0.09900627,-0.20424157,0.35155794,0.111108124,-0.22079301,0.17268452,0.21053031,-0.0120157,0.07686357,0.13061549,0.46296567,0.1683365,-0.079625316,0.06890811,-0.07554276,-0.31816787,0.23054014,0.2554592,-0.06416803,0.48145273,0.05234325,-0.043268446,-0.26120472,-0.24616219
P35846,-0.120575115,0.404411,0.33297792,-0.020278864,0.10219875,0.038169928,-0.11779543,-0.16356324,0.16409722,0.57476926,0.5433883,-0.16896173,0.22325945,-0.1005251,-0.07326518,0.27193803,-0.048142537,-0.19322684,0.34418848,-0.21336952,-0.03781822,0.1812657,-0.21650162,-0.42802334,0.5900365,-0.30882883,0.08834251,0.04448726,0.53772634,0.11830334,-0.3321416,-0.2318756
Q9VCD5,0.29184443,-0.077349335,0.10438814,0.5066856,0.068277314,0.058165975,-0.00857079,-0.07575043,0.016183693,-0.106816635,0.13857383,-0.0716962,0.10444772,-0.12657595,-0.09304414,-0.18880954,0.3135281,0.39926732,-0.0012477487,-0.25527364,-0.0845507,-0.31125212,-0.120044366,0.098036386,0.16777845,-0.09653062,-0.14266309,-0.02486892,-0.2064533,-0.07577414,0.13079554,0.3810187
P05122,0.07537389,-0.07674597,-0.013024814,-0.0071429517,-0.092984825,0.124687955,-0.11279085,-0.35518783,0.02861591,0.23273836,0.51970136,-0.0952135,0.063186616,0.092002384,-0.0490408,0.25518006,-0.009013481,0.08512993,0.45478004,0.04989797,-0.27702168,0.14463244,-0.40589064,-0.41001153,0.48079926,0.04787887,0.07188648,0.32304555,0.26745406,0.3306042,-0.5019249,-0.49260455
Q96VN5,0.19869523,0.059038036,-0.13370743,0.04205802,-0.4825552,0.21904638,-0.628371,-0.58067465,-0.21775457,-0.11003059,0.24583168,-0.09884901,0.027341276,-0.10062269,-0.09157574,-0.048490778,0.18121916,0.078949496,0.109112084,-0.38870585,-0.112826325,-0.13618326,-0.3862062,0.026914299,0.22318469,0.28133634,-0.19658667,0.40835968,0.0727173,0.3663711,-0.2845558,0.009753477
O00451,-0.095424846,0.027744919,0.20498353,0.1539397,0.061252188,0.22014377,0.25908983,0.025412552,0.28862396,0.25398314,0.32026118,-0.16340357,0.25317204,-0.11520133,-0.23327303,0.15161699,0.27441803,0.1814599,0.24224943,0.060413048,-0.14176296,0.08664134,-0.057969008,-0.33146185,0.43563008,-0.22571978,0.16878945,-0.05286929,0.23556101,0.15182646,0.06885968,-0.2852228
P18054,-0.15836212,-0.090985775,0.013391919,-0.15451795,-0.06290841,0.36921704,-0.1983418,-0.20850101,0.08629813,0.29062268,0.17188843,0.1405159,0.18997937,-0.08596736,-0.014918156,0.012064889,-0.1989501,-0.04958953,0.46010935,0.020007819,-0.0151199745,-0.033191204,-0.27035087,-0.021629974,0.4700092,0.11474492,0.07708493,0.16190106,0.3461089,0.1950147,-0.11519866,-0.34075987
P23568,0.16268443,-0.22272211,-0.66798216,0.11805252,-0.1250547,0.16586898,-0.14823115,-0.3183106,0.32037392,-0.1496233,0.025492225,0.1839616,-0.29503262,0.45358297,0.19627646,-0.040175587,-0.006598592,0.17030105,0.1622259,-0.027078778,0.05787952,-0.17134725,0.0063744597,-0.32512325,-0.12682357,0.2730435,-0.33547816,0.29645574,-0.01606363,-0.06908982,-0.30743757,-0.10151823
B2RXH2,-0.162846,-0.01870972,-0.00044846535,0.056667082,-0.1701177,0.2840474,0.38913,-0.019976504,0.44662356,0.11658042,-0.024004664,-0.20874926,-0.040381446,0.087777846,-0.13834402,0.10929458,0.024299905,0.36944574,0.23856115,0.13476661,0.008839968,0.06893213,0.020443086,-0.20512508,-0.0054862946,-0.09824581,-0.0045658424,0.15990391,0.28591448,0.16149862,0.10848606,-0.2953555
P12004,0.3026318,-0.280672,-0.05792921,-0.006346451,-0.20974205,-0.039801143,-0.38216928,-0.39970693,0.25598854,0.13761577,-0.0049920827,-0.114054635,0.35550904,0.2952405,0.13199428,-0.06912899,0.012823582,0.14371675,-0.3173275,-0.13114436,-0.2352937,-0.4273486,-0.2211445,-0.27459866,-0.10929415,0.25399056,-0.31747726,0.024185985,-0.1232852,0.4691038,-0.64172524,-0.014452063
Q05513,0.10538618,-0.042746574,-0.27262735,0.16239025,0.054243293,0.5175843,-0.0825365,0.005895309,0.31545275,-0.012952849,-0.009422731,0.087979496,-0.09235546,0.0978859,-0.24486458,-0.0048787743,0.1034082,0.44699883,0.27104038,-0.034716144,-0.03377151,-0.031192213,-0.0653899,0.069261104,0.13783307,0.010869304,-0.067526944,-0.09936741,-0.0047625303,0.064671196,0.20564291,-0.046579756
P00358,0.12002428,-0.06395391,-0.45370403,0.11565309,-0.38436973,0.1886253,-0.32412362,-0.30905998,-0.049727753,0.12233973,0.3167213,-0.010886297,-0.468565,0.17552063,0.07994748,0.0505727,0.082812995,0.22374764,0.2720059,-0.25026786,-0.01898828,-0.10462185,-0.2723201,-0.27957088,0.18573977,0.13542433,-0.29717836,0.5582396,0.10349991,-0.05137064,-0.4127008,-0.15888858
P0AES9,-0.034704387,0.09374198,0.5256917,0.30224073,0.13094144,-0.07509883,-0.2648728,-0.24119821,-0.014544119,0.19376922,0.25632873,-0.010230042,0.3784426,-0.23561731,-0.104581065,-0.26779565,0.19851549,-0.30150974,0.19291541,-0.47400618,0.2510422,-0.33179426,0.08083714,0.13385753,0.24610876,-0.19288398,-0.16413629,0.21241976,0.30639076,-0.14276744,-0.08937088,0.43101186
F9UM10,-0.04300119,-0.023335464,-0.21250865,0.037784994,-0.5554432,0.3162548,-0.5022971,-0.23447129,-0.20029908,0.22650471,0.16833173,-0.052874327,-0.29540402,-0.03659659,0.13794118,-0.070274964,-0.022259742,0.15367347,0.29505047,-0.52571154,0.12911479,-0.21621251,-0.33144128,0.01643829,0.117380604,0.13621649,-0.31546423,0.5051012,0.2023173,0.017189024,-0.2722728,0.03958225
H2B3G5,0.1677822,-0.09296228,0.34605688,0.064008616,-0.016772699,0.11002354,-0.317437,-0.05322779,0.10666328,0.48327863,0.012277786,-0.21712023,0.48916614,-0.025454663,-0.10355792,-0.3688797,0.020988666,-0.03302773,-0.21122982,-0.50553536,-0.0047056424,-0.44667512,-0.014217023,0.09568715,-0.058739096,-0.16352849,-0.4474512,0.07000667,0.03982331,0.1723045,-0.2928755,0.2326379
P68036,0.2955101,0.3504395,-0.09522376,0.3030617,0.32111418,-0.020237759,-0.4991898,-0.30812365,-0.094716735,0.021823898,0.39836493,0.039985746,-0.055167645,0.123978905,-0.06316013,0.042710617,-0.17507015,-0.014171965,0.50970364,-0.530448,0.034199756,-0.007935181,-0.20856494,0.037765674,0.2417603,-0.10614555,-0.23532042,0.14675076,0.17811376,-0.10852348,-0.017760668,0.077682674
O75888,-0.20640323,0.110875264,0.4514277,0.071791045,-0.21789281,0.06215325,0.12972862,-0.14422175,0.3275461,0.5043156,-0.11758,-0.06341456,0.15239972,-0.124821514,0.057932355,-0.3021696,-0.015069969,-0.13615966,-0.42878112,-0.3101753,0.28632525,-0.16450316,0.2855386,0.009147599,-0.30511993,-0.22998533,-0.17202741,0.18067957,0.29992035,-0.071802646,-0.24963957,0.3369599
P01160,-0.33537734,-0.53228635,0.61719596,0.3990909,-0.008507941,0.060361147,0.32555634,0.092957415,-0.48386046,0.34080952,0.16491368,0.12367819,0.09510648,-0.10970332,0.29541698,-0.19666892,0.35334408,-0.3706672,-0.54745775,-0.15101263,0.29811248,0.1553144,0.25656274,0.3470118,-0.0049314946,0.1038033,0.3009841,-0.107632816,0.23144722,-0.6596443,0.22844556,0.619112
Q8RNU2,-0.31352815,-0.12961365,-0.32103345,0.077917196,-0.5145432,0.037718937,-0.26324612,-0.52302265,0.17338395,0.2020104,0.29973373,0.13095492,-0.41055685,-0.23390019,0.18665236,-0.22857013,0.10309652,0.50739217,0.40065348,0.11739646,-0.08454175,-0.05836562,0.04320916,-0.2592908,0.24487431,0.28546715,-0.01435902,0.6994628,-0.019905776,0.10622741,-0.51269925,-0.044251177
P01593,0.041721642,0.18399437,0.17861997,0.08497218,0.15665908,0.07890245,-0.42371294,-0.1039143,0.18683493,0.6944287,0.16621381,-0.17475067,0.3579917,0.12728578,-0.15358579,-0.20031825,0.049850855,0.102085285,-0.18288735,-0.5393455,0.010524559,-0.063790575,0.15013848,-0.0052725375,-0.23599906,-0.2284736,-0.3796663,0.013703704,0.14147711,0.07210736,-0.44941115,0.27959532
P01594,0.041721642,0.18399437,0.17861997,0.08497218,0.15665908,0.07890245,-0.42371294,-0.1039143,0.18683493,0.6944287,0.16621381,-0.17475067,0.3579917,0.12728578,-0.15358579,-0.20031825,0.049850855,0.102085285,-0.18288735,-0.5393455,0.010524559,-0.063790575,0.15013848,-0.0052725375,-0.23599906,-0.2284736,-0.3796663,0.013703704,0.14147711,0.07210736,-0.44941115,0.27959532
P06993,0.24624817,-0.027680844,-0.20912018,0.059329964,-0.13013011,0.38265207,-0.49286184,-0.44145912,-0.06728506,-0.23050636,-0.01577751,0.24465954,0.12272012,-0.22029778,-0.09902499,-0.3284049,0.07690847,0.06979705,0.058640197,-0.12952358,-0.07691553,-0.40317208,-0.20461997,0.3608684,0.4022081,0.30331054,-0.15379602,0.053953633,-0.1600526,0.10484264,0.20178825,0.12910779
Q8DTS9,0.052870274,0.00525783,-0.19872981,0.051626906,-0.4579506,0.24541456,-0.44062907,-0.34128198,-0.17170094,0.2056208,0.41562185,-0.095522344,-0.3588736,-0.1364707,-0.053794235,-0.051726773,0.076030485,0.3001999,0.35535216,-0.20965779,-0.16957441,0.007775143,-0.2672292,-0.13714246,0.38955402,0.16361049,-0.20346776,0.599553,0.097010046,0.18335155,-0.40067288,-0.16865514
O00204,-0.012429297,-0.051735133,-0.11581073,0.13063942,-0.27482423,0.46464738,-0.21003,-0.2693531,0.123224355,-0.055689305,0.027063284,0.061970487,0.14013082,-0.09720931,-0.060426082,0.03429869,0.114341035,0.013048727,0.2984494,-0.22460409,0.1901769,-0.21001777,-0.31836316,0.078605205,0.20544706,0.07739475,0.0154875,0.024666235,0.13899183,0.013773657,0.09020476,0.031855267
P00533,-0.0076807886,0.26369375,-0.057821907,-0.06289357,0.26287013,0.34455037,-0.16824509,0.004883148,0.3027821,0.50950533,0.28589222,0.008679032,0.05317405,0.07261836,-0.14078976,0.14040715,-0.23607247,-0.102269135,0.32928833,-0.030851364,-0.01771016,0.26612335,-0.059774417,-0.27545267,0.46366435,-0.19251719,-0.01821407,-0.051969558,0.39370254,0.027524455,-0.15212548,-0.3412231
Q8WZ42,-0.17819281,0.23841667,-0.10535332,-0.17221296,-0.14901938,-0.043911774,0.21776572,0.24838847,0.31090316,0.015643373,-0.5725383,-0.34745786,-0.30261093,0.08817955,0.08429613,-0.038500935,-0.13404144,0.45272267,-0.5065316,-0.012496881,0.0015233187,-0.3598547,0.19513151,0.04679236,-0.55909973,-0.007469019,-0.21078068,0.07218748,0.044454444,0.24231584,0.37485757,-0.2796927
P12318,0.0017952323,-0.059953153,0.14820752,0.272522,-0.19852115,0.12699422,0.19545525,0.01326742,0.3289752,0.33991367,-0.2639643,-0.08594857,-0.01613085,-0.06355765,0.02507449,-0.242583,0.011286885,0.34031102,-0.5265073,-0.10465208,0.12739041,-0.12829669,0.11855693,0.033854254,-0.3245778,-0.17675999,-0.18248543,0.011553466,0.04172147,-0.08421929,-0.08731721,0.33916202
P06907,-0.059006736,0.04439801,0.33212668,0.23253635,-0.1745062,0.018270962,0.34306073,-0.23623389,0.21290876,0.32929116,-0.09666526,-0.035125077,-0.066316776,0.0039083883,0.18989828,-0.319447,-0.07422663,0.20270753,-0.44492894,-0.0974085,0.11306894,-0.0982334,0.2038543,0.15074143,-0.36344546,-0.093797155,-0.23343581,0.14262566,0.13730957,-0.19028136,-0.14499953,0.480227
O15305,0.3783869,0.097511575,-0.04693351,0.00412992,0.11081724,0.066351354,-0.15446553,-0.4383874,0.019103471,0.030160367,0.4460537,-0.23385811,0.21916321,0.36470526,-0.06861319,0.23874767,-0.059126183,-0.064899944,0.19759938,-0.13252434,-0.26386872,0.113894686,-0.3589812,-0.31884843,0.2894438,0.0005928371,-0.15731195,0.12725776,0.21751979,0.30542988,-0.37641564,-0.3237098
P14550,0.23419915,0.05432482,-0.33294725,0.08008293,-0.04959463,0.36074024,-0.30792505,-0.40853757,-0.04112008,-0.15536493,0.2268648,0.11310209,-0.033055395,0.17085552,-0.0027301237,0.07322863,-0.06330337,-0.034544,0.4357968,-0.29985738,0.04556949,-0.011811659,-0.30043408,0.04461036,0.2229601,0.12452789,-0.15452042,0.18366547,0.12093469,-0.013893509,-0.016361784,-0.085056156
P67870,0.042844117,0.23664972,0.15100172,0.16493249,0.32673693,-0.15806162,-0.07223034,-0.37871152,0.080939144,0.20303746,0.6923059,-0.08620106,0.10791117,0.25009903,0.11466337,0.33269534,-0.16481735,-0.015046321,0.5994139,-0.12976408,-0.13381918,0.24346988,-0.23908448,-0.4059165,0.43578225,-0.12635835,0.1079735,0.013041675,0.35204962,0.062932864,-0.29469323,-0.18040569
P28482,0.25305277,0.04145643,-0.49982753,0.18404773,0.09768261,0.38506913,-0.29817393,-0.3846881,0.21244049,-0.25527424,0.10639919,0.23746729,-0.048444867,0.23651654,-0.110569425,0.053313807,0.06647985,0.12539893,0.34395948,-0.14382008,0.061537426,-0.038300335,-0.15056351,0.04910931,0.12337844,0.15441577,-0.11517609,-0.029656962,-0.02172682,-0.082718216,0.07310128,0.05286779
P09914,0.23537342,0.110299535,0.08528299,0.050122917,0.040310178,0.15890536,-0.40632463,-0.21565059,0.16251175,-0.18669319,-0.06326985,0.19092605,0.0677049,-0.22697565,-0.2131159,-0.31770957,0.11580679,0.1905672,-0.03130935,-0.059351817,-0.20135812,-0.49474442,0.046067324,0.27823585,0.5913821,0.20437415,-0.20700875,-0.033069372,-0.053364217,0.24463831,0.29471943,0.13037133
Q7Z3B3,-0.300475,-0.07534647,0.25562266,0.09459505,0.14743932,-0.20612328,0.44747877,0.50715226,-0.032153208,0.04230111,-0.22702193,-0.2359228,-0.22318266,-0.15230149,0.11137047,-0.030474871,0.11309256,0.13835791,-0.20846628,0.14325634,0.008075233,-0.15696797,0.18951567,0.132013,0.035764694,0.004682118,0.08624596,0.0090321,0.28196546,-0.044967,0.69790196,-0.22024201
O95868,-0.2155107,-0.028740063,0.45650303,0.17285053,-0.1563993,0.071583375,-0.23232923,0.08996201,0.2657174,0.5390609,-0.09816432,-0.061583303,0.3578114,-0.25408724,-0.16322303,-0.27726844,0.25115663,-0.2647477,-0.32909468,-0.5964806,0.3940368,-0.29626265,0.26319784,-0.04906538,-0.16752857,-0.33183202,-0.14862743,0.14377552,0.3024619,-0.033059318,-0.20970619,0.3079124
E7EZF3,-0.058131203,0.09393886,0.12716645,0.14004746,0.053281147,0.3555948,0.05185625,0.15629685,0.37040427,0.406393,0.2150435,-0.10795242,0.11069673,0.01952719,-0.26222742,0.12239354,0.12675488,0.2795075,0.11675158,-0.11298256,-0.06784343,0.11937992,-0.07084954,-0.26328093,0.22938569,-0.23913261,0.04402206,-0.21086958,0.23468241,0.14796253,0.016572159,-0.1444362
Q16659,0.024462283,-0.067506924,-0.13776132,0.16891682,0.0444641,0.4565207,-0.031114906,0.17412731,0.13513398,0.011718355,-0.10995844,0.06572083,-0.06956684,-0.108108945,-0.24887538,-0.16635916,0.17662361,0.4823754,0.18860835,-0.10121099,-0.028397895,-0.2321287,-0.07689215,0.2190969,0.18141653,-0.037334003,-0.07979769,-0.029510781,0.014197547,0.05845392,0.43942788,-0.007538628
O14526,-0.2647122,0.07906909,0.25074306,0.22623965,-0.31186822,0.09174505,0.38362867,-0.20566702,0.44024512,-0.14119682,-0.3777617,-0.04324784,-0.25485754,-0.15648326,0.026324809,0.15066335,-0.21214966,0.3379814,-0.023826033,0.3290534,0.25966874,-0.044536456,-0.056229766,0.18906331,-0.16465491,0.06833705,0.2701708,0.04155194,0.3091022,0.011780487,0.29841012,0.07185687
P14099,0.15503876,-0.018180206,-0.09119243,0.1599304,-0.004886437,0.3380738,-0.27800694,-0.00396619,0.112007774,-0.02392757,-0.117510885,0.17023069,-0.032970756,-0.044845894,-0.077453844,-0.27826735,0.065115385,0.26635128,-0.008431703,-0.22551958,0.018357277,-0.41814077,-0.09036943,0.23841578,0.2098871,0.096256755,-0.24754024,-0.089573085,-0.0063642636,0.014888974,0.25727892,0.24480422
Q9Y0D3,0.27363402,0.19205737,-0.119268335,0.08499805,0.049260747,0.031198427,-0.34534964,-0.44582483,-0.051993478,0.023078158,0.37202325,-0.13177505,0.053330064,0.34149253,0.05536855,0.16472904,-0.1717131,-0.008699648,0.3276447,-0.44428998,-0.0436113,0.0062651634,-0.3477463,-0.09079577,0.09535934,0.019713307,-0.27728656,0.17731172,0.22461367,0.12192563,-0.24647254,-0.05109014
Q9CW03,-0.1257977,0.4926579,0.3002704,-0.13950022,-0.15634286,0.039072998,0.24160284,-0.60662305,0.2836842,0.015481494,-0.035103664,0.01993528,-0.46652037,-0.12751737,0.17917585,-0.0832313,-0.33511555,0.48147827,-0.0011738837,0.29675126,-0.24391364,-0.15167971,0.1659048,0.49453634,0.24565737,0.24195863,0.037643798,0.15042965,-0.015937053,0.041315522,0.20687056,0.21578135
P02585,0.4110676,0.2011686,0.0047827438,0.41694888,0.41080943,-0.21293135,-0.18660906,-0.5755567,-0.16341294,-0.24302566,0.56247276,0.027359053,0.101780266,0.035448693,-0.1298492,-0.24524423,0.22395173,0.33739167,0.2677009,-0.20359287,-0.34312293,-0.21686943,-0.011712197,0.18144852,0.3645466,0.065241896,-0.24675053,0.108249225,-0.27607417,-0.11777336,0.12687391,0.37026078
O54983,-0.025785282,-0.058592588,-0.06245286,-0.034014322,-0.5884227,0.38022318,-0.611367,-0.34190387,-0.1891925,0.09397042,0.055410106,-0.029672325,-0.014438644,-0.108785115,0.08209772,-0.14093414,-0.0061039105,0.020566113,0.14109212,-0.52995074,0.14737338,-0.29039297,-0.3922187,0.16432653,0.14884879,0.21918185,-0.26055044,0.35167152,0.2198697,0.22104348,-0.1823217,0.11107211
Q9H6Y7,-0.11199144,0.032181516,0.12652034,0.45222682,-0.31277454,0.13479996,0.281105,-0.27269652,0.39401975,-0.007602498,-0.057146367,-0.12174514,-0.10744095,-0.039594673,0.12535498,0.049231194,0.061883062,0.32478458,0.05920948,-0.03912594,0.30029923,0.034717306,0.01965126,-0.065724224,-0.28254575,-0.120247625,0.038515933,0.0873152,0.1589388,-0.16478287,-0.09438074,0.3621605
P01704,0.041136518,0.2026676,0.21148866,0.09609046,0.14159293,0.09098011,-0.4593659,-0.013080753,0.17400862,0.7356515,0.1433968,-0.18738429,0.35008848,0.05882203,-0.2369208,-0.2269173,0.10442741,0.10475978,-0.20756665,-0.6303805,0.024876218,-0.10298945,0.15828612,0.007103935,-0.22377244,-0.28894892,-0.40808806,0.05192998,0.1543212,0.08344606,-0.41981366,0.2804819
P0CY35,0.3057118,-0.1562095,-0.74152297,0.24093914,0.24982561,-0.003864646,0.058851734,-0.23219836,0.38828686,-0.17183167,0.25136393,0.26524058,-0.4600965,0.55978924,0.13156745,0.07274054,-0.00022420287,0.22863314,0.3202999,0.1845011,-0.13861221,0.023612127,0.062683016,-0.54584616,0.05913441,0.15350732,-0.3012338,0.30608043,-0.010389328,-0.13273568,-0.33458745,-0.31992263
O48737,0.17500739,-0.14038762,0.10571291,0.58149123,-0.087944314,0.12687121,0.117136896,-0.079684325,0.08155515,0.15078065,0.06930573,-0.2823351,0.13082981,-0.20781636,-0.16101456,-0.0060954243,0.3859719,0.2622487,-0.040063523,-0.31529027,0.2201432,0.07164352,0.02347387,-0.006018892,-0.15704006,-0.38434866,0.010983974,0.2102476,-0.07788805,-0.2619452,-0.18578541,0.41163456
O24146,-0.021653116,-0.00029365718,-0.5338122,0.06344782,-0.16441321,0.5684786,-0.5230092,-0.24781531,0.09995766,0.0116006285,-0.06280507,0.31664562,-0.2118999,-0.052384533,-0.03941556,-0.1960597,-0.05197157,0.1182117,0.368836,-0.23015289,0.24288438,-0.13423255,-0.066616565,0.22375193,0.13760673,0.1858369,-0.15408924,0.16464487,0.027297061,-0.18983051,0.10156548,0.112586245
Q9JL25,0.15834846,0.10070035,0.050613366,0.45003065,0.112738624,0.04180067,0.26920536,-0.23249301,0.14494154,-0.08327997,0.30027837,-0.1587109,0.14313656,-0.15068439,-0.20652315,-0.009533465,0.392987,0.19591701,0.2431581,-0.10930808,-0.007366364,-0.007118359,-0.047800805,-0.13644578,0.16750582,-0.2641985,-0.023634471,0.23640068,0.037013777,-0.111404404,0.039464507,0.103582546
H2C3I7,-0.074617445,-0.09305802,-0.22290885,-0.051863946,-0.6670678,0.5145273,-0.57391477,-0.36288273,-0.14453132,0.009033307,-0.049259704,0.11593698,-0.10900776,-0.24778122,0.07153299,-0.22050205,0.08527279,0.040379215,0.12462354,-0.4028601,0.19967926,-0.314323,-0.31661707,0.2165461,0.21304725,0.27755708,-0.17659557,0.38232556,0.13757613,0.13602059,-0.06670727,0.104795516
P40054,-0.0028309524,-0.1111137,-0.33977696,0.0057192724,-0.3212297,0.326058,-0.077682674,-0.42221895,0.1671298,-0.054236352,0.018410075,0.0022349507,0.038849264,0.15919313,0.1947841,-0.10048121,0.01832889,0.10648142,0.077166215,-0.08920274,0.08334439,-0.20057347,-0.14818352,-0.016017035,0.032515258,0.22603208,-0.19293538,0.13973042,0.047932453,-0.009030035,-0.06511377,0.042119995
Q07637,-0.09025869,-0.14247489,-0.3371262,-0.05289664,-0.5900089,0.5136211,-0.4770191,-0.32148755,-0.095720544,0.0419766,-0.05417202,0.12571287,-0.14041145,-0.15770024,0.11801437,-0.2474347,0.05265286,0.094577715,0.17451844,-0.333722,0.17838328,-0.3028813,-0.2154004,0.17712072,0.13974799,0.2790052,-0.20933995,0.3811284,0.0779421,0.03756961,-0.06171498,0.0655995
Q8DQX8,0.015000805,-0.047352463,-0.17915425,0.005590869,-0.600841,0.39410368,-0.5179325,-0.3603059,-0.22471264,0.0515009,0.17799193,-0.05018416,-0.16601343,-0.13443047,0.06255134,-0.07024057,0.07574686,0.10471023,0.2433376,-0.39973736,0.055960026,-0.15175883,-0.35733485,0.049874365,0.25645596,0.2342712,-0.19082165,0.4557033,0.16011676,0.17478818,-0.21184793,-0.01540846
Q9H0A6,-0.010900214,0.1762109,0.41289672,0.246642,0.0030395724,0.028300375,0.29110247,-0.14486173,0.17731631,0.13786578,0.25927088,-0.14776134,0.0008094311,0.033341326,0.1463345,-0.08200112,0.036617666,0.18079256,-0.081730224,0.017132297,-0.104656644,-0.03164476,0.045038316,-0.09060876,0.32439083,-0.053847738,-0.05666133,-0.12536514,0.2407363,-0.036525544,0.10865103,0.20582265
O33983,-0.06450586,0.0027413666,0.053982064,-0.06924676,-0.17234427,0.39034846,-0.14282212,0.022269078,0.3216069,0.39940593,-0.009107318,-0.051183164,0.17119485,-0.05811296,-0.102581106,-0.018367022,-0.06375243,0.03447683,0.17979318,-0.25898552,0.07670069,-0.16943245,-0.12291247,-0.11587836,0.20355098,-0.12369033,-0.13882774,0.07200819,0.24865088,0.16511554,-0.111889094,-0.16212556
O50202,0.08169161,0.011550561,-0.14625767,0.15188748,-0.08766692,0.20748147,-0.02714923,-0.41542134,0.19041097,-0.14850771,0.021963287,0.060129717,-0.0224801,0.04496879,0.21062955,-0.2562581,-0.087897435,0.22525829,0.14005291,0.059047446,-0.03043177,-0.24663225,-0.03970864,0.16576985,0.17654116,0.2115679,-0.1907216,0.023134232,-0.050439022,-0.071665056,0.10191123,0.2148035
Q59263,0.00401558,-0.039022163,-0.020680733,0.039941467,-0.26442406,0.24583837,-0.34639132,-0.24756485,-0.030426998,0.1258978,0.0665043,-0.058966577,0.1438387,0.044948585,0.12687472,-0.18538365,-0.09174709,0.006768532,0.19267103,-0.49955148,0.13156557,-0.34933275,-0.23924732,0.13112222,0.0053737164,0.086307265,-0.32058677,0.16077304,0.15604052,0.06898873,-0.05470613,0.14372696
P14907,-0.47578222,0.23423828,0.120139465,-0.18681027,-0.2976776,-0.2988326,0.27375352,0.47008717,0.28059974,-0.13643855,-0.6354749,-0.36009634,-0.42663333,0.011183597,0.24255931,0.27953884,-0.14395286,-0.038856804,-0.649422,-0.06820874,0.3696585,-0.37275648,0.20422775,-0.17121498,-0.6391318,-0.0041050594,0.14036602,-0.04975885,0.2978548,0.10763446,0.52789533,-0.41880286
P0DJL7,0.17387219,0.025447749,0.16433427,0.12656215,-0.024810825,0.118771434,-0.484428,-0.31862858,-0.116560146,-0.005668789,0.11193989,-0.040954478,0.3280784,0.017655037,-0.025981091,-0.22269031,-0.066200405,-0.08164481,0.1910421,-0.5072012,0.07572451,-0.4839024,-0.27328297,0.26851937,0.10310845,0.09894059,-0.33391652,0.05338925,0.12163613,0.10948343,0.0370371,0.23361267
P09591,0.26073736,-0.2545478,-0.7366695,0.15956008,0.01586407,0.100508004,-0.03469479,-0.32326207,0.37922576,-0.21588773,0.10416514,0.22011483,-0.34404695,0.56661475,0.17980403,0.03470111,0.013856173,0.16991824,0.17639905,0.11496563,-0.031694848,-0.09303829,0.009889547,-0.46817893,-0.07140763,0.26077268,-0.30244252,0.2864542,-0.027321048,-0.06258534,-0.35280564,-0.2405124
O75792,0.18790711,0.0026206225,0.0833025,-0.054607764,-0.11973469,0.26448432,-0.046112984,-0.3854726,0.092713594,0.12774813,0.2661831,-0.21401946,0.40159124,0.11924409,-0.031231225,0.13357908,0.047757477,-0.11057588,0.052312613,-0.07752607,-0.14262356,-0.05973044,-0.34470907,-0.21408908,0.33337116,-0.009473471,-0.021439172,-0.028731301,0.17436594,0.2498145,-0.22511196,-0.21448226
P41911,-0.033954307,-0.113753885,-0.19237128,0.0756861,-0.43675613,0.35029513,-0.020871699,-0.31610867,0.1297431,-0.049371183,-0.038316514,-0.04523675,0.063052356,-0.050590657,0.06807827,-0.10499491,0.16315624,0.11134569,0.08458994,-0.2007374,0.14747523,-0.2869118,-0.20869666,-0.00092315674,0.0533731,0.098893605,-0.14420137,0.25426194,0.082685985,0.016206251,-0.00080558285,0.06515832
P09913,0.2178768,0.08804709,0.09488555,0.04444646,0.04539196,0.18251082,-0.41899282,-0.11794896,0.17182554,-0.15408769,-0.09410074,0.201958,0.07414955,-0.2569474,-0.260396,-0.31482485,0.14946014,0.17516914,-0.02827026,-0.10187985,-0.18338265,-0.5070391,0.047431976,0.2644413,0.6040582,0.16878197,-0.20585996,-0.033248276,-0.017767452,0.27059713,0.32731077,0.092717946
P00423,-0.5079011,-0.10664645,0.49552867,0.18334883,-0.021346819,-0.046186313,0.11171758,-0.47982618,-0.20340711,0.4950608,0.656226,-0.07012269,0.24440041,0.23320857,0.37564132,0.16282283,0.039589144,-0.006228186,0.15625605,-0.1411983,0.096883826,0.1996461,-0.038879428,0.037933156,0.109696075,0.17547466,0.2806614,-0.21819058,0.35501373,-0.30313364,-0.052872803,0.38932788
Q8TBC4,0.16302629,-0.09066211,-0.2769614,-0.04261648,-0.040377405,0.34737852,-0.015550435,-0.3998857,0.23926055,-0.037123606,0.12814923,0.015533507,0.17809352,0.31068102,0.08121573,0.097589254,-0.045014605,-0.025971279,0.12827921,0.05341871,-0.049572226,0.017774343,-0.19418567,-0.1686212,0.19232978,0.14920184,-0.07258365,0.0072743893,0.13107395,0.11890647,-0.1578936,-0.22715913
O00182,-0.04865914,0.0013756454,-0.0029310659,0.0073272865,-0.29103523,0.34814185,-0.2812112,0.011843853,0.41249785,0.4868083,-0.12492022,-0.0783773,0.17740023,-0.008624762,-0.18249446,-0.005017489,0.08075414,0.16165361,-0.16384265,-0.4510417,0.17135881,-0.23998496,-0.16800508,-0.11433436,-0.09706637,-0.17799196,-0.18619785,-0.017926142,0.17890444,0.19966982,-0.23259425,0.07438666
P14902,-0.057913035,0.04639554,0.00062256306,-0.10450729,-0.31764492,0.3522069,-0.35606217,-0.52311456,0.040305886,0.14074787,0.2993422,0.13570753,0.15560493,-0.27259636,-0.17792338,0.10857035,0.119416706,-0.062290974,0.2969601,-0.008661814,-0.07158901,0.04018031,-0.4184664,-0.09670839,0.602133,0.13650417,0.17590612,0.28555518,0.3115108,0.3495135,-0.29444048,-0.25923288
P0A1D3,-0.3076399,-0.13397582,-0.3264592,0.084600955,-0.49931356,0.027286142,-0.2381683,-0.5262614,0.18794769,0.18509556,0.31512573,0.1361376,-0.41932616,-0.22061181,0.18233451,-0.20944086,0.112408824,0.5017617,0.41547674,0.14505702,-0.0933544,-0.04612247,0.045667958,-0.28647888,0.25667346,0.28766352,-0.0035163388,0.7041848,-0.014450416,0.10811446,-0.5196656,-0.07235518
O95257,0.17338593,-0.09183644,0.37591088,0.19123894,-0.0054031685,0.07576321,-0.344755,-0.43156457,0.089805655,0.08863967,0.120976135,-0.07535575,0.6816834,-0.29023263,-0.12287514,-0.13334218,0.17337216,-0.37077516,0.08038542,-0.20484161,0.11301187,-0.3801613,-0.16416304,0.030615993,0.33036608,-0.07180735,0.0045168474,0.03679456,0.052248158,0.08277494,-0.2921553,0.21984306
P21266,0.3176108,0.12132865,-0.10281996,0.07772922,0.14480908,0.12576956,-0.21249725,-0.6413789,-0.079607986,-0.21648216,0.42296386,-0.085300885,0.2649073,0.33673188,-0.028045952,0.15893584,-0.06757982,-0.12328895,0.35624218,-0.15255733,-0.11305053,0.041699022,-0.35855913,-0.027117014,0.24354906,0.14011562,-0.0952755,0.029780954,0.18206456,0.12129802,-0.088428006,-0.097673014
Q9BYE9,-0.013963208,0.014221221,-0.15279165,-0.027725542,-0.18819751,0.42957282,-0.4707697,0.0650047,0.2758165,0.3784284,-0.30141687,0.12629844,-0.026721671,-0.0016126707,-0.10914161,-0.26385844,-0.09764668,0.27294558,-0.23791191,-0.3795352,0.13331123,-0.36961108,-0.10831945,0.2301139,-0.07786673,0.05257906,-0.34738517,-0.07129297,0.109229654,0.1262056,-0.006732676,0.21174186
Q8TBB1,-0.030541457,-0.017082617,0.04803256,0.32041037,-0.010394607,0.3416046,0.08282481,0.29246098,0.30943945,0.16738021,-0.14069074,-0.080380455,-0.055103615,-0.12744665,-0.3116132,0.007937297,0.17270625,0.58078396,0.12034997,-0.2020696,0.047455024,-0.10605402,-0.115710706,0.088509105,-0.05020331,-0.24702036,-0.030818,-0.07532376,0.088489495,0.09372633,0.2779788,0.05462758
K1MKZ7,-0.06676706,-0.09693703,-0.11166183,-0.109264426,-0.48238754,0.43243244,-0.41944128,-0.45578563,-0.17012519,0.063946724,0.18732682,-0.0070251673,0.055285975,-0.11151575,0.10016615,-0.06243369,-0.033344373,0.013757661,0.2513746,-0.17139167,0.023395944,-0.088339776,-0.371724,0.09439281,0.35861892,0.2979248,-0.038932554,0.291956,0.20314413,0.23272605,-0.14197376,-0.13491718
Q95017,0.30810392,0.3963481,-0.08854327,0.2756019,0.3780951,0.0031244084,-0.37866926,-0.32464573,-0.012815719,0.049224854,0.4355686,-0.0008458197,-0.023019329,0.17784035,-0.08540359,0.10312532,-0.18580644,-0.03205847,0.48220706,-0.43900406,-0.0024658786,0.095793635,-0.19553065,-0.017857954,0.2640586,-0.15394087,-0.20599812,0.07996856,0.20179021,-0.10997051,-0.03430463,0.027696233
Q15477,-0.31926757,0.052427128,0.18066439,0.10418839,-0.017067578,0.31639075,0.18490651,0.17950618,0.34617114,0.3170789,0.113245875,-0.0673651,-0.010356754,0.047993712,-0.080877095,0.13987195,-0.007229626,0.2644856,0.1692448,0.079703376,0.05835325,0.13743909,-0.0124253,-0.17922504,0.22677155,-0.06206865,0.15642336,-0.22916588,0.44219077,0.088604435,0.2583619,-0.20538348
P00374,0.17167638,0.03469093,0.059235,0.0040856004,-0.13799101,0.113548234,-0.3290574,-0.43302947,0.009857225,0.13352749,0.2258154,-0.18348369,0.31445807,0.24537775,0.08760493,0.09121649,-0.1024656,-0.0928032,0.17071742,-0.4275437,0.020029355,-0.18320137,-0.3754769,-0.08503573,0.015268132,0.024442973,-0.22339377,0.08761097,0.22422981,0.22499578,-0.32274488,0.0008588806
O43464,-0.074684896,0.18926549,-0.05798825,0.31470004,-0.17625746,0.21439376,0.12778118,-0.118926115,0.43756285,0.1740925,-0.07655889,-0.04306397,-0.23552138,-0.0037559792,-0.034761123,-0.02528657,0.033556357,0.40050137,0.10099894,-0.20167631,0.2482412,0.015164629,0.0869229,-0.025617138,-0.29761124,-0.20459394,-0.16801521,0.1968067,0.17961842,-0.13133979,-0.099268675,0.2655648
P01764,0.16831522,0.12165719,0.08347619,0.045233466,0.22547422,0.029393412,-0.40332454,-0.13651389,0.20515278,0.6064178,0.12782985,-0.16653268,0.3997774,0.21122587,-0.1500254,-0.1995148,0.017757133,0.16773483,-0.24552739,-0.4480464,-0.1319646,-0.09607807,0.106146395,-0.049663022,-0.22505932,-0.16444238,-0.4190525,0.021371529,0.04460544,0.18537517,-0.491859,0.18223575
Q9HD42,0.086305335,0.25292227,0.66107273,0.24568784,-0.14917643,-0.3675665,0.29555616,-0.8680005,0.07455171,-0.069416344,0.5209171,0.064533055,-0.24331835,-0.11766676,0.209977,-0.22095066,0.18828958,0.4190554,-0.22435926,0.020120665,-0.395379,-0.28229472,0.2690792,0.2361593,0.33154655,0.1929122,0.009593569,0.2272289,-0.32617345,-0.07744476,-0.12373757,0.6123842
P27797,-0.16919166,-0.021679074,-0.13286236,0.08292815,-0.22478049,0.062790744,0.36965787,-0.32760417,0.43987408,0.03166072,0.10616022,-0.012651682,-0.18807784,0.39416718,0.32167107,0.15394959,-0.1479159,0.20752695,0.12336308,0.16113876,0.08605812,0.03121464,-0.023463074,-0.39154053,-0.13936025,0.12915263,-0.07262077,0.11707832,0.31944168,-0.018819386,-0.20688516,-0.116486564
Q9K498,-0.13396403,-0.009396754,-0.2588212,0.03299407,-0.2811916,0.47396103,-0.61226374,-0.32151356,-0.12624772,0.029481657,-0.005461078,0.32970625,-0.065104745,-0.2844397,-0.007988177,-0.30004016,-0.040570572,-0.021794371,0.40883404,-0.40103692,0.2891079,-0.31514737,-0.20840582,0.37061483,0.24977593,0.18037847,-0.11719326,0.27677494,0.13205282,-0.11642879,0.14977033,0.17824613
O95319,0.1519122,-0.10110822,0.07438054,0.47871435,-0.06690715,0.029537395,0.4089098,0.114826925,0.24359548,-0.10303944,-0.20976853,-0.21979927,-0.17757007,-0.11050581,-0.12882555,-0.07782915,0.16197455,0.6269612,-0.14154351,0.05636762,-0.042975392,-0.12892081,-0.05960167,0.11891197,-0.13332602,-0.16728765,-0.089006536,0.056171052,-0.0482857,-0.030575423,0.28169736,0.19437723
O09118,-0.020058706,0.24240935,-0.07372514,0.09497088,0.25549692,0.22322309,0.10217935,0.039765798,0.3929527,0.3944795,0.32265782,-0.012138575,-0.11379111,0.18049559,-0.11010403,0.15064797,-0.09184942,0.09904403,0.26004273,0.038454637,-0.04698604,0.30555964,0.057891402,-0.4252211,0.30816406,-0.23820978,-0.03184227,-0.015161529,0.36566788,-0.036404498,-0.1294377,-0.26700625
P45880,0.37941402,-0.066794425,0.041805007,-0.19327837,-0.1274156,0.10620698,-0.46794134,-0.22708848,0.2538937,0.3121168,-0.1339569,-0.14547907,0.36644995,0.17385733,-0.0971417,-0.2022728,-0.051537365,0.2409037,-0.63014114,-0.14172249,-0.40760466,-0.43444896,-0.19594824,-0.059573486,0.067570105,0.18859842,-0.42426762,-0.11030102,-0.1162641,0.633929,-0.42226526,-0.05437466
O60381,-0.031759612,-0.05841236,0.14270863,0.18410732,0.05777557,-0.07275399,0.5025312,0.42199856,0.15241261,0.089050576,-0.33150998,-0.43761405,-0.1043922,-0.09024184,-0.061609186,-0.06839311,0.016037844,0.2816612,-0.28964,0.090456024,0.04213341,-0.037093848,0.050414797,0.07512608,-0.20405635,-0.25342265,-0.069052376,0.077130586,0.2330566,0.043234136,0.47113815,-0.21304686
P06312,0.033482343,0.23633099,0.15671241,0.029625425,0.14146283,0.08095428,-0.42059305,-0.09138466,0.22845171,0.72589964,0.13129413,-0.17325954,0.34536493,0.10521493,-0.17049026,-0.19771507,0.026527584,0.0937108,-0.21447966,-0.5408013,-0.0010964097,-0.05840704,0.14372963,-0.032442242,-0.21885067,-0.25213426,-0.39429036,0.052616738,0.17049867,0.11570019,-0.46512678,0.22217433
P0A935,-0.24536735,0.061431095,0.28853843,-0.10124137,-0.27697447,0.27089366,-0.25914973,-0.035808526,0.1629469,0.4784733,0.094172,-0.010996461,0.19308281,-0.18878707,-0.04734827,-0.049731642,-0.08752823,-0.14490855,0.2696042,-0.41973394,0.16647917,-0.22040462,-0.23093036,-0.076444075,0.27438706,-0.11988405,-0.10495817,0.19752643,0.49702454,0.21117175,-0.17871508,-0.10029398
P0C8E7,-0.30590314,0.27296275,0.5421177,-0.023559252,-0.0037189014,-0.04194837,-0.280342,0.25895214,0.21309139,0.76568747,0.16400619,-0.22686541,0.37054944,-0.08188147,-0.20702733,-0.109898746,0.2300333,-0.15107211,-0.23564506,-0.6730641,0.12390394,-0.21284924,0.16758594,-0.24648671,0.019847587,-0.33137026,-0.25277445,-0.0023673028,0.5338126,0.18524478,-0.1830026,0.09456861
O43572,0.055730477,-0.036656454,0.12098541,0.3039807,0.0027280264,0.07140736,0.42115843,0.013001837,0.21052961,-0.12952293,-0.14266153,-0.16494408,-0.026067153,-0.214338,-0.16018078,-0.14082995,0.22288868,0.35944518,0.07997508,0.10831918,-0.005901565,-0.21727376,-0.011736486,0.12385085,0.06977184,-0.15378447,-0.04199774,0.24065483,0.10591402,0.04973736,0.37573537,-0.036876906
Q9H211,-0.34161597,-0.07042794,0.38002473,0.39114335,-0.34615317,0.09992808,0.2805581,-0.17920572,0.42164883,-0.043507352,-0.05247821,0.049114868,-0.06459139,-0.082762554,0.13629925,0.2632877,0.027696267,0.25422877,-0.018406004,0.1999266,0.24521028,0.0069196075,-0.12590016,-0.09431428,0.03433685,0.11726635,0.40714303,-0.29900184,0.3289283,-0.010951841,0.17224732,0.2104717
Q9H0M0,0.008419409,0.0647625,0.043184467,0.22003569,-0.062124062,0.03305234,0.4663614,0.2055296,0.41013584,0.077196494,-0.448998,-0.3793391,-0.22443628,-0.047179386,-0.12544277,0.019965574,-0.13091652,0.5236892,-0.29065233,0.17481129,0.059559423,0.035102263,0.03760129,0.10371387,-0.40843898,-0.24351785,-0.06763434,0.059777953,0.12338589,0.069052644,0.26683176,-0.09390566
O42661,0.034883037,-0.3928271,0.2597707,0.55340195,-0.10293078,-0.09104814,-0.17922804,-0.2597336,0.08173613,0.26311424,0.14438428,-0.10391748,0.2926837,0.036666192,0.14321998,0.020335868,0.23397182,0.37095702,-0.12571546,-0.31513092,0.089668535,-0.13744181,-0.006400507,-0.011706784,-0.2840889,-0.036250196,0.066153064,-0.12143478,-0.21120608,-0.09972129,-0.39700252,0.57116497
Q92448,-0.09712142,-0.1496701,-0.085686065,-0.018967116,-0.20967926,0.30178073,0.019595787,-0.13699281,0.24157666,0.16641438,0.0005411245,-0.028257735,0.095297515,-0.05147457,0.014784291,-0.16036606,-0.030314699,0.1570226,0.2970786,-0.10953238,0.038757484,-0.21015796,-0.03150877,-0.056720838,0.140907,0.0002909694,-0.16360968,0.30051437,0.12829582,0.10230972,-0.036618773,-0.16018303
P08621,-0.29442894,0.10899432,0.46156898,0.27233952,-0.33763131,-0.056282423,0.5916666,-0.23389244,0.08461509,-0.095885485,0.0045689866,-0.014179245,-0.4898602,0.11446541,0.48839626,0.26650152,-0.14085244,0.21234813,-0.3553356,0.12852852,0.16712137,0.07250686,0.017650906,0.20278472,-0.15187983,0.2524482,0.3066918,-0.22120574,0.22207421,-0.2751063,0.40884134,0.2837757
P61077,0.4432791,0.3468382,-0.25071093,0.43821126,0.62170464,-0.3327918,-0.34903538,-0.32833555,0.0049195094,-0.08227903,0.66116744,0.09454414,-0.21949397,0.3466692,-0.027494684,0.18635081,-0.06085883,0.16559404,0.6268908,-0.42349803,-0.2061891,0.15748651,-0.09891638,-0.29840076,0.27841157,-0.17129354,-0.23149756,0.21645023,0.07093368,-0.080842175,-0.20931464,-0.053232092
P19087,0.16071786,-0.007815927,-0.32706773,0.18680108,0.15947418,0.0038373768,4.5880675e-05,-0.682887,0.0649325,-0.35187113,0.40897277,0.07395664,0.050996453,0.31797192,0.20412299,-0.019107938,0.012136608,0.061136372,0.38655794,0.1446345,-0.13417935,0.07444751,-0.07634209,-0.12758814,0.20940144,0.2863646,-0.069073506,0.14431894,0.040797077,-0.018312132,-0.06216422,-0.04949818
P11325,-0.17115575,-0.058685154,-0.22842225,0.057108417,-0.083019614,0.27499238,-0.101732075,-0.24624848,0.13547051,0.12844756,0.11439425,0.08977036,-0.08446752,-0.0076838955,0.18550536,-0.21377969,-0.20599611,0.13633202,0.5797107,-0.10285356,0.121411346,-0.08558022,0.025801774,0.07773579,0.08732803,0.10118162,-0.18305472,0.3367187,0.12600416,-0.12978826,-0.029897552,-0.0401487
Q9NRI5,-0.09753097,-0.07858659,0.13793173,0.06633178,0.1991774,-0.19044217,0.61099446,0.40822643,0.037773144,-0.0035700276,-0.458961,-0.45665324,-0.17256469,-0.19637105,-0.0524619,-0.0118168,-0.07166898,0.18857059,-0.297714,0.29430932,-0.011657123,-0.027674556,0.11248046,0.24862427,-0.26917472,-0.16358703,0.12205198,0.19243786,0.090508685,-0.011758229,0.5765041,-0.34262317
P18708,0.129068,-0.06219563,-0.24178079,0.096414916,-0.05824909,0.36493507,-0.112808414,-0.33702615,0.22842827,-0.10720682,0.07980761,0.09304392,0.11358392,0.16450313,0.057046555,-0.038156793,0.029341593,0.115428895,0.16107404,-0.0131767765,-0.019713003,-0.15726718,-0.17276412,0.0018434376,0.2023343,0.17772427,-0.09126174,-0.11732128,0.011850879,0.031285103,0.049076762,0.009937327
O81862,0.08205663,0.006056756,-0.21661267,0.079400264,-0.22114049,0.3035834,-0.39950216,-0.29547516,-0.15126796,-0.011719972,0.13926789,0.064707875,-0.024585009,-0.011355855,0.04456296,-0.14087838,-0.030910179,0.0121715665,0.32669282,-0.4876865,0.12103293,-0.2463506,-0.25837857,0.13908492,0.1544136,0.09465887,-0.25878856,0.28786063,0.118036,-0.028372193,0.04530522,0.062268134
B7GTK2,0.03487669,0.016394496,-0.17861673,0.053362258,-0.45683843,0.24754807,-0.45910865,-0.34037685,-0.18238178,0.20566231,0.41168666,-0.08891243,-0.3446654,-0.16169265,-0.052672815,-0.060891002,0.06433884,0.29417428,0.37333298,-0.23170365,-0.15384935,0.0059271306,-0.27149445,-0.10804604,0.3916641,0.1631591,-0.19877216,0.5955194,0.10568681,0.18540709,-0.38069317,-0.14832082
P01139,-0.37251794,0.0070196986,0.39720488,0.15468308,-0.15546845,0.15884438,0.08988628,0.1122079,0.24594575,0.55214393,0.12148565,-0.16659957,0.3232507,-0.037901677,0.025358327,-0.006816745,0.21316195,-0.14072809,-0.27107286,-0.27303147,0.26993307,0.08843085,0.15887238,-0.3087831,-0.09802448,-0.24021831,0.0720801,-0.18843427,0.46562228,-0.044388596,-0.107613325,0.1469899
Q13387,-0.2624197,-0.16801235,0.012284197,0.119847186,0.1718321,-0.11483404,0.555475,0.5510923,0.021511156,-0.042267203,-0.64164066,-0.49444962,-0.14921568,-0.37077665,-0.15187332,0.15495926,-0.10172759,0.13117255,-0.26379025,0.35626674,0.14030981,0.12935637,0.04449418,0.27003396,-0.5401113,-0.23811346,0.3952035,0.096716374,0.011612646,-0.09088787,0.60638916,-0.43130276
P11124,-0.47375,0.16672206,0.32937852,-0.24392451,0.015735578,0.047649592,-0.34663913,0.697905,0.039286602,0.3665991,-0.12939306,0.043727666,-0.031047225,-0.320742,-0.16715327,-0.25866184,0.31083983,0.13192238,0.22325748,-0.6067246,-0.08764306,-0.7336485,0.12463093,0.06745,0.38073325,-0.08728739,-0.33705953,0.12131964,0.5199256,0.45798218,0.5340059,-0.31546357
O60678,-0.0025286824,-0.058932602,-0.10232911,0.15577649,-0.08414295,0.27871355,0.20378947,-0.28769088,0.29097518,-0.025470346,0.12957749,-0.04389651,0.049667314,0.14618525,0.104244806,-0.039732993,0.004717052,0.1725195,0.2556047,0.071155116,0.015071261,-0.023932949,-0.05191693,-0.11325587,0.1084483,0.037198253,-0.074793376,0.07293391,0.11839933,-0.034334328,-0.013580542,-0.029094398
O18334,0.34811985,-0.08941503,-0.18928742,0.4694413,0.072138324,0.10283621,0.0011518896,-0.21209112,0.095819004,-0.14466485,0.19010942,-0.07840048,0.037869602,0.13954386,-0.12286029,-0.07345311,0.3122955,0.39220497,0.029227152,-0.24709968,-0.07454059,-0.105969116,-0.09015286,-0.031035826,-0.0650408,-0.06428129,-0.23085055,0.07103918,-0.1813412,-0.09108738,-0.06845462,0.28834987
O94906,-0.15644592,-0.15911143,0.28985825,0.2824099,-0.19406575,0.038296074,0.33715507,-0.49071488,0.13921356,-0.085284516,0.27195385,0.12236509,-0.108836696,0.27012572,0.41188243,0.26946712,0.017069116,0.32846722,-0.16322821,0.27489573,-0.094463415,0.055353925,-0.17878747,0.012041628,0.25047147,0.39818922,0.379913,-0.4762123,0.08497522,-0.09975067,0.183573,0.3289821
P01709,0.03646134,0.22995393,0.21558712,0.0537908,0.12533474,0.09060013,-0.5331273,-0.04118263,0.17075518,0.74874336,0.14853826,-0.19006854,0.3606223,0.0571255,-0.23162043,-0.20049122,0.05671011,0.051035546,-0.1657729,-0.65985364,0.046242904,-0.11610703,0.117326304,0.012077078,-0.19094288,-0.2810599,-0.40957832,0.051870093,0.19150332,0.10894946,-0.44285575,0.26091823
Q6HEJ4,-0.09680994,0.014663376,-0.21479985,0.30352658,-0.19090058,0.16474739,-0.006158069,-0.34420252,0.2288183,0.009298816,0.08090399,-0.0025712997,-0.1745646,0.12534347,0.21980253,-0.13877502,-0.025276706,0.30658904,0.2958194,-0.19700962,0.23551427,-0.072295085,0.034645755,0.032909594,-0.24681371,0.0488882,-0.23311326,0.2300416,0.07089426,-0.23694424,-0.12184079,0.35238338
O94806,-0.09308888,-0.024330527,0.1295616,0.27432573,0.0050884746,0.25835434,0.21005827,0.3753643,0.3244215,0.24343352,-0.1570891,-0.18001658,-0.017103285,-0.12579775,-0.23636329,-0.0042625964,0.13390774,0.5231654,0.0052535236,-0.10990646,0.023992557,-0.044848435,-0.033612642,0.023324959,-0.05082339,-0.2725248,-0.020234682,-0.10320434,0.15210316,0.110332586,0.3079132,-0.04242726
P19338,0.032870963,0.00909365,0.12860754,0.3634064,-0.20679568,-0.16118863,0.61444354,0.07554219,0.34260753,-0.16169995,-0.5237591,-0.51570296,-0.31166062,-0.13777766,-0.057974853,0.19737849,-0.1789128,0.26181105,-0.31284326,0.213666,0.27037472,0.07018609,-0.031513844,0.14426132,-0.60726416,-0.24534306,0.13231176,0.19640635,0.090468444,-0.12117722,0.25884083,-0.06933683
P18433,-0.06465289,0.14778998,0.017585695,0.27636337,-0.21925768,0.069999516,0.6626793,-0.20830151,0.40675223,-0.065854385,-0.022480424,-0.31879437,-0.25851864,0.136305,0.015123293,0.1665593,-0.032433286,0.3097373,0.18365291,0.12063131,0.1655416,0.19538961,0.018497948,-0.16714023,-0.3000064,-0.1648277,-0.108636655,0.37864557,0.36290258,-0.09175822,-0.006907109,-0.061555687
P0AC13,0.17189266,0.029808447,-0.17207935,0.033900373,-0.47872287,0.2755872,-0.62125444,-0.565622,-0.25069478,-0.14026862,0.19522716,-0.025082856,0.019396588,-0.12667096,-0.062822446,-0.12598571,0.17719689,0.0813599,0.10255772,-0.4067728,-0.06177272,-0.1924901,-0.34477544,0.12308553,0.23752572,0.29818317,-0.20200229,0.38843626,0.042750888,0.28524745,-0.15808468,0.06611179
A8MT69,-0.10042581,-0.029529713,0.43961072,0.25336677,0.051230717,-0.16457707,-0.18586533,-0.7747206,-0.21926384,0.19973871,0.5090909,-0.05286938,0.28595117,0.17405912,0.1927264,-0.15464878,0.035713375,0.013697691,0.21191287,-0.36456627,0.027913533,-0.12856351,0.03165516,0.36719054,-0.087527156,0.19007634,-0.08416144,0.113254115,0.042118497,-0.24278134,-0.23320648,0.6925751
A6NED2,-0.11102085,0.13432679,0.11156037,0.036683455,-0.06785652,0.29450074,-0.4227584,0.403062,0.23225743,0.48426938,-0.15561114,0.042887613,-0.033696085,-0.13836733,-0.3022415,-0.14939776,0.089819215,0.24417844,-0.017645508,-0.63169485,0.09970921,-0.42712176,-0.112829655,0.08866886,0.07824968,-0.20110181,-0.31641397,-0.017280564,0.30643755,0.22469467,0.16690971,0.036052365
P13743,0.076201946,-0.11020681,-0.2732138,-0.059860483,-0.3645311,0.25463185,-0.22175547,-0.66155976,-0.004326419,-0.10340957,0.28894672,-0.07947302,0.08020595,0.20381075,0.151851,0.087573975,0.04502949,0.05572211,0.15136075,0.052018076,-0.115540504,0.028787106,-0.32902962,-0.17094369,0.22140749,0.3664577,-0.017448612,0.21424092,0.12262051,0.26334006,-0.31342933,-0.19870347
P0DOB5,-0.15103513,-0.08885527,-0.12627491,0.014785288,-0.5280723,0.3246685,-0.47540748,-0.28429043,-0.22637847,0.14729464,0.1465557,0.040894434,-0.14207621,-0.1997579,0.15727249,-0.21999118,-0.0038149357,0.12337875,0.35623914,-0.4635741,0.12687625,-0.25089878,-0.26712587,0.14163464,0.19723554,0.18638551,-0.21260604,0.4822173,0.1803008,0.06906853,-0.124833345,0.070041895
P40429,-0.29170296,-0.05874698,0.19819285,0.13362446,-0.0053052045,-0.369338,-0.050099045,-0.5943671,-0.024524178,0.19248688,0.68861073,-0.067588314,0.043776795,0.33727184,0.4732444,0.19156589,-0.16822384,0.16091993,0.5382132,-0.09081465,-0.06313942,0.015564665,-0.18192919,-0.3348531,0.15687464,0.22672778,0.12842885,0.13721786,0.3031303,0.084116414,-0.33752903,-0.040120356
P00734,-0.07125252,0.12102455,0.13040152,0.104688086,0.020891678,0.3556758,-0.03730434,0.19938168,0.22451164,0.3781231,0.13702546,-0.07707621,0.05826065,-0.105927855,-0.24177673,-0.028881818,0.042716995,0.16252571,0.30607468,-0.30886835,0.028887857,-0.08814439,-0.086236894,-0.061013713,0.23178823,-0.25144225,-0.13472867,0.01725477,0.27508613,0.06135189,0.13228467,-0.116947636
O75368,0.3555376,0.17629673,0.17313305,0.17092018,0.4140206,-0.1742571,-0.13981602,-0.5551844,-0.02741981,-0.018625677,0.6297553,-0.26293874,0.41332185,0.40030387,-0.061220445,0.23697089,-0.062100083,-9.263307e-05,0.3678277,-0.17249796,-0.28476956,0.101170495,-0.28130782,-0.19886558,0.27557737,-0.055748723,-0.079389654,-0.06662539,0.15959647,0.18725407,-0.26338863,-0.054869045
D9IL10,0.12930135,-0.04844883,-0.43013903,0.10673653,-0.37366086,0.20159623,-0.33896267,-0.29212576,-0.050322216,0.14847605,0.32532337,-0.02108194,-0.45932004,0.15227711,0.04578633,0.06338641,0.08126794,0.22063634,0.2870282,-0.25462914,-0.03391569,-0.08873031,-0.27883753,-0.27954632,0.21228705,0.11189499,-0.29040214,0.56220746,0.109697916,-0.031256083,-0.42558414,-0.18279693
O95390,-0.21560065,-0.001670599,0.37261674,0.06503492,-0.22334224,0.21175933,0.03690988,0.08381187,0.29358348,0.4706502,-0.031439852,-0.14188038,0.2651676,-0.12976216,-0.018579207,-0.18715134,0.08363862,-0.1122245,-0.17168611,-0.35128236,0.22843389,-0.19469564,0.06103539,-0.13278829,-0.015921183,-0.23882827,-0.117517985,0.01828751,0.3577746,0.06206874,-0.07840252,0.11647554
O94649,0.035733417,-0.17691615,0.22111478,0.015165454,-0.13874139,0.17588909,-0.07541988,0.36791724,0.21817079,0.2870879,-0.30217904,-0.07651109,0.14626247,-0.16827849,-0.1405864,-0.36982962,0.20350572,0.30823424,-0.4349972,-0.2907598,-0.11825932,-0.5726738,0.057792064,0.034033403,0.12951024,-0.106535025,-0.26853552,-0.037339836,0.02442582,0.33947498,0.25619355,-0.022557475
P99999,0.2622183,0.3450457,-0.12294922,0.3700974,0.31278086,-0.09840497,-0.5143419,-0.36538512,-0.053442016,0.052570164,0.49382302,0.033997163,-0.1354754,0.086264424,-0.045657367,0.21015811,-0.18618797,-0.012179978,0.72538084,-0.49361104,0.06623083,0.13480817,-0.27222735,-0.09872964,0.26511312,-0.1675835,-0.097124,0.259924,0.21758303,-0.11910397,-0.22831343,0.008294892
P05112,0.030209959,0.08521551,0.6962295,0.18095659,0.090986475,-0.083897725,-0.48088944,-0.2076459,0.1439374,0.16992852,0.045043204,0.090290636,0.5535431,-0.43532094,-0.24124089,-0.3318521,0.2184043,-0.6517619,0.0035740137,-0.4215002,0.32671413,-0.53934205,0.15686664,0.08260828,0.37577254,-0.16867481,-0.1523115,0.23417671,0.36271468,0.033514243,-0.25848812,0.34546125
P61459,0.21508674,0.08819188,0.1255246,0.13228911,-0.0208616,-0.20253816,-0.524572,-0.67283255,-0.15439118,0.0012767464,0.40730706,-0.1983527,0.32465583,0.19592318,0.0150034875,-0.014930978,-0.054212674,0.073519304,0.27745968,-0.47562325,-0.14073834,-0.21896383,-0.3377607,0.024831198,0.0075332224,0.13070326,-0.264399,0.24793987,0.11311137,0.30699757,-0.38129872,0.16969025
P61457,0.21508674,0.08819188,0.1255246,0.13228911,-0.0208616,-0.20253816,-0.524572,-0.67283255,-0.15439118,0.0012767464,0.40730706,-0.1983527,0.32465583,0.19592318,0.0150034875,-0.014930978,-0.054212674,0.073519304,0.27745968,-0.47562325,-0.14073834,-0.21896383,-0.3377607,0.024831198,0.0075332224,0.13070326,-0.264399,0.24793987,0.11311137,0.30699757,-0.38129872,0.16969025
Q8NEU8,-0.035677895,0.030146182,0.0071120113,0.12934746,-0.14986436,0.25444523,0.1050902,-0.3418489,0.3771613,-0.076892346,-0.06886086,0.05472541,-0.03457561,-0.02211143,0.07018908,-0.09580065,-0.062315777,0.3343312,0.035070777,0.26930445,-0.040150285,-0.1325458,-0.044126768,0.11294552,0.25548953,0.19447269,0.012036689,-0.09006217,0.07468056,0.048856676,0.14183319,0.1387641
P0A6F1,0.054583505,-0.028388552,-0.23024395,-0.04943742,-0.3212427,0.3718796,-0.2610153,-0.19610769,0.02811506,0.2470904,0.18541698,-0.034482554,-0.20978165,0.13506818,0.09379522,0.09062523,-0.11145997,0.07486887,0.35469896,-0.25790972,0.033869486,-0.061147608,-0.2722102,-0.16534524,0.22387652,0.07090499,-0.24491668,0.40544415,0.25780994,0.064637505,-0.35026953,-0.2329767
P47897,0.016773596,-0.06731652,-0.25458142,0.061416626,-0.02867093,0.27161914,0.038289636,-0.44072247,0.15008429,-0.0965641,0.21903007,0.059839383,0.083355784,0.10561047,0.14066401,-0.068409935,-0.054571643,0.041221377,0.41937506,0.07901877,-0.014029016,-0.0020716488,-0.0903855,-0.057833046,0.24268298,0.148127,-0.06249533,0.18382105,0.0887432,-0.030397983,-0.020022374,-0.1401224
Q8N3Y7,0.07432538,0.0037657395,-0.19182804,0.03759048,-0.24676184,0.30638248,-0.4634955,-0.5421007,-0.12265758,-0.16589913,0.072285846,0.150118,0.09840214,-0.09290334,0.08298256,-0.2698008,-0.014401704,0.028896261,0.20389712,-0.27710885,0.07775431,-0.35688967,-0.22733438,0.3298363,0.19990821,0.29968113,-0.18145755,0.14063834,-0.01865223,0.009741452,0.114667535,0.21493183
P18627,-0.0798103,-0.11390638,0.1475513,0.06684043,-0.25457445,0.3249896,-0.17250553,0.19254544,0.37008756,0.3353606,-0.3956641,0.11203842,0.030322984,-0.0855557,-0.07788374,-0.26324686,-0.043418035,0.22049776,-0.41365686,-0.2675742,0.18039049,-0.44411355,-0.03842627,0.12922902,-0.09404738,-0.02502696,-0.22825018,-0.11436957,0.16902834,0.1462341,0.074073106,0.19207352
P55055,-0.15971199,0.088954225,-0.0041901097,0.42772624,-0.260578,0.18102205,0.17596158,-0.4696776,0.4007409,-0.17548305,0.069058135,-0.0066221207,-0.014236286,-0.17331296,-0.018012188,0.14804357,0.19181573,0.2639082,0.37195498,0.06681813,0.27007976,0.0386834,-0.109369904,-0.05855091,-0.011597425,-0.05054103,0.22326937,0.1216359,0.14340061,-0.12145151,0.0071657486,0.22047831
O00472,-0.117606655,-0.20144784,0.1784386,0.33391806,-0.2633897,-0.009691939,0.44462824,0.19613254,0.19116384,-0.08830494,-0.45715514,-0.24913909,-0.24424553,-0.05899887,0.14489341,0.055883236,-0.092253804,0.20189533,-0.5066875,0.21864085,0.27460504,-0.009579137,-0.06224448,0.14550386,-0.33584452,0.024879849,0.16380188,-0.10964826,0.21833214,-0.11695418,0.4013753,0.060593065
P9WQN9,0.10246885,-0.026032045,0.06590431,-0.034864716,-0.39755914,0.49241558,-0.5305864,-0.19592084,0.017238658,0.09809196,-0.05293381,0.06549111,0.19366667,-0.18726408,-0.1688922,0.0004645586,0.0802646,-0.15130034,0.012950629,-0.4134354,0.14949141,-0.3267327,-0.47589564,0.099343546,0.36661214,0.077524826,-0.06617717,0.05939672,0.2703107,0.30427107,-0.03215189,-0.04929528
P0AFM6,0.10656108,0.32884476,0.671434,0.1999871,-0.15531574,-0.3673034,0.260673,-0.8381715,0.09889627,-0.085214555,0.48294088,0.04114169,-0.26781106,-0.17413527,0.1641263,-0.26056504,0.1900694,0.4120892,-0.21502444,0.013245702,-0.43389177,-0.33876508,0.28548545,0.26039112,0.39265448,0.17804112,-0.041568004,0.26689273,-0.31009907,-0.010196833,-0.07911873,0.5560828
A0A0H3L8I8,-0.14068165,-0.11771941,-0.31049287,-0.080466226,-0.18110035,0.36673638,-0.10977789,-0.14474434,0.16367882,0.23959112,0.13518998,0.090895206,-0.23284864,0.009727083,-0.003973894,-0.012997538,-0.11012596,0.17481454,0.5628646,0.043863043,0.013082466,0.052180663,-0.0419504,-0.17505004,0.25678712,0.10310451,-0.09517015,0.542796,0.24026969,0.047178384,-0.25937074,-0.3854832
Q93VT9,-0.24108264,0.03372976,0.27865726,0.049397722,-0.13944708,-0.27047896,-0.3039123,-0.2588568,0.18037471,0.53326005,0.5271729,-0.13036746,0.07288471,0.11711345,0.22886008,0.2979592,-0.13209352,0.05850733,0.42286438,-0.3167681,0.00714315,-0.044985205,-0.25991154,-0.6065151,0.20527108,-0.09625942,0.13007301,0.163986,0.40826797,0.29225025,-0.63711643,-0.23159292
P19793,-0.015986413,0.10792789,-0.087238275,0.46283615,-0.1537161,0.09657186,0.3813799,-0.47823995,0.49521795,-0.26526755,0.11094017,-0.12800658,-0.07243053,-0.051898293,-0.12573591,0.294517,0.17659236,0.28349695,0.3929599,0.2072527,0.17163445,0.2738521,-0.07338241,-0.23081286,-0.08156147,-0.13515759,0.21255526,0.2150636,0.1750448,-0.04606982,-0.062746,0.0013737977
G5EEG7,0.2340356,0.05825597,-0.09574477,-0.053656302,-0.01046234,0.41021088,-0.5516486,-0.1015115,0.15008013,0.05338179,-0.18584016,0.16778165,0.10466796,-0.0037660003,-0.14516318,-0.24913499,-0.08967902,0.11710236,-0.14641017,-0.22632404,-0.059928566,-0.40897876,-0.15974906,0.2955603,0.28621495,0.19462508,-0.30331406,-0.19410324,0.02700013,0.23471518,0.16604519,0.1054595
Q60591,-0.25942242,0.002464667,0.12861592,0.21148923,-0.15619196,-0.07440683,0.47120452,0.376961,0.25089678,-0.04170619,-0.54175055,-0.4874047,-0.20940948,-0.19102666,-0.048036397,0.29154637,-0.11512129,0.0854093,-0.32884854,0.142542,0.41075686,0.13055818,-0.020644698,0.05019658,-0.58192015,-0.26544484,0.32676208,0.006712362,0.28046453,-0.06710225,0.44178405,-0.28916073
Q12018,0.17924444,-0.02860795,-0.05354608,0.09572118,-0.15022379,0.29855868,-0.2827181,-0.5081783,0.055781174,-0.21806052,0.04191481,0.14845425,0.22355542,-0.29516804,-0.03682127,-0.26996467,0.10110122,-0.000750117,0.09618309,0.055272013,-0.07883175,-0.36475378,-0.16916965,0.22709924,0.5413635,0.24631533,-0.036766604,0.049652226,-0.10843096,0.09379632,0.15487188,0.0901006
P41250,-0.078804106,-0.044901192,-0.16208944,0.14631668,-0.043200042,0.19163501,0.28418267,-0.32043234,0.38634047,-0.025941834,0.14638415,0.00600671,-0.09249845,0.22015989,0.17098477,0.023260564,-0.10616867,0.23376992,0.40992492,0.19199939,0.027686026,0.080813736,0.031471174,-0.2051786,0.054324344,0.06380157,-0.0665228,0.20711532,0.18695337,-0.056040023,-0.12237471,-0.10627982
P00957,0.012078792,-0.13214673,-0.3735175,-0.009680534,-0.14655541,0.3406811,-0.0787037,-0.29630002,0.10578321,0.04706952,0.14552245,0.040433466,-0.102767214,0.14975366,0.16257238,-0.09096342,-0.14100914,0.07048872,0.43920833,-0.046742257,0.031349346,-0.014347278,-0.04716103,-0.08427225,0.15080284,0.15219197,-0.2222012,0.3838513,0.10944633,-0.05399338,-0.16407606,-0.20380042
P10300,-0.00784415,-0.015964337,0.32978722,0.24167225,-0.038295735,0.025960095,0.17076266,-0.10067416,0.123515375,0.38773757,-0.03825461,-0.029368311,0.058023334,0.006543964,0.11369067,-0.39618734,0.027989507,0.17532128,-0.3941831,-0.23633528,0.060170244,-0.19198863,0.22711082,0.15201505,-0.274665,-0.12014646,-0.30612352,0.1011017,0.09552062,-0.16196294,-0.11866641,0.46648908
P03612,-0.335017,0.3793748,0.5337879,-0.20843688,0.2549522,-0.27605778,-0.5674438,0.773982,-0.056360427,0.5302968,0.09416364,-0.27945378,0.26669037,-0.1054936,-0.3142741,-0.15983805,0.5175293,-0.028310217,-0.12810394,-0.88291585,-0.21251221,-0.69708586,0.23589039,-0.17178361,0.23105596,-0.19413672,-0.49135455,-0.025418192,0.53059584,0.52564234,0.30333048,-0.23499243
P20826,-0.017759517,-0.068314716,0.49123442,0.23742393,-0.08550824,-0.010893963,0.20521992,-0.12164862,0.24107873,-0.0068400353,-0.111638054,0.11238077,0.15219468,-0.29487312,0.103961326,-0.31925803,0.15294857,-0.22197723,-0.30070937,-0.019560061,0.18463582,-0.36147538,0.21684557,0.030623496,0.21644862,-0.045542903,-0.038947366,0.15431616,0.18157789,-0.06864504,-0.0025935806,0.30958214
P12931,0.12918784,0.0044918954,-0.35942122,0.25982302,0.08495577,0.40582594,0.045348525,-0.087356634,0.4467617,-0.086058795,0.052829582,0.07049708,-0.22350064,0.25930277,-0.23199469,0.14282311,0.07482001,0.49464142,0.30267254,0.032344356,0.006474926,0.159259,-0.018048208,-0.079019025,-0.004976973,-0.015549121,-0.0633456,-0.047682643,0.05002621,0.0040420094,0.07966256,-0.03406084
P50142,-0.33358485,-0.11072832,-0.33749038,0.10193359,-0.5267018,0.07403982,-0.22782919,-0.53785914,0.19131361,0.16734442,0.22125034,0.10926373,-0.35297424,-0.24394655,0.21391839,-0.25325507,0.08961887,0.49194723,0.37442392,0.07402901,-0.007023272,-0.057463534,0.057519313,-0.19279017,0.13303922,0.2590386,-0.012854941,0.6616025,-0.043447837,0.05086309,-0.44250503,0.04008254
P05981,-0.076629356,0.1364843,-0.11432252,0.111630686,-0.10372077,0.35633275,-0.18129042,-0.0060594454,0.2620256,0.316078,0.0029003806,0.015275568,-0.07032105,-0.037006155,-0.06397868,-0.11592597,-0.05256714,0.12378489,0.26139957,-0.37672597,0.20360108,-0.1277673,-0.037229467,0.034121722,-0.008755311,-0.14317614,-0.2637299,0.15078671,0.21866128,-0.088760726,-0.021909017,0.08864713
Q8Y5E6,-0.016706228,-0.092707306,-0.16259769,-0.03616043,-0.6546502,0.421216,-0.52749133,-0.35650036,-0.19416887,0.06711608,0.101773515,-0.047920197,-0.12985224,-0.15045542,0.09004562,-0.13220662,0.06716533,0.09866633,0.1745401,-0.3866198,0.07404708,-0.20616084,-0.328595,0.08257666,0.22276165,0.26251835,-0.21423474,0.45095024,0.15446705,0.21145688,-0.21988526,0.0061744116
A0A2P1GIW2,0.21402098,-0.027465336,0.028245918,0.002028292,-0.19431633,0.41918117,-0.4825433,-0.17339456,-0.081135444,0.025316283,0.007043112,0.020826474,0.25708443,-0.047796585,-0.16241942,-0.0876144,0.051588565,-0.1305373,0.041177437,-0.43157154,0.044853654,-0.3555681,-0.405029,0.14122185,0.27162093,0.09439211,-0.1942598,0.020089775,0.18709403,0.254201,0.056762118,-0.028198604
P20592,-0.08350654,-0.050280973,-0.14877859,0.21033168,-0.17624916,0.28821814,0.21373346,-0.43007985,0.2831771,-0.13934031,0.06996687,0.025925368,-0.02134034,0.04752948,0.16084018,-0.09489189,0.021698147,0.2348887,0.29290393,0.1820101,0.07676203,-0.06145169,-0.06222922,0.020077668,0.088357225,0.13885519,-0.010606483,0.10572462,0.0759889,-0.12448599,0.05112241,0.107935116
O60242,-0.197885,0.1428276,0.19944939,-0.031798355,-0.059269045,0.14512084,-0.06506744,0.352507,0.33061513,0.4496265,-0.20023546,-0.077984855,-0.03539662,0.0018547848,-0.095228404,-0.18048024,-0.0073159114,0.3338809,-0.20690002,-0.34472305,0.0115697635,-0.3233081,0.09194708,-0.010996774,-0.079749964,-0.13837716,-0.28161573,-0.04350692,0.31827065,0.26447397,0.1990529,-0.057076167
Q99816,-0.09628303,0.10004545,0.25398964,0.3679141,-0.22353067,-0.068832785,0.38443196,-0.56303674,0.29771754,-0.11707796,0.19623454,0.015388995,-0.23371845,0.14183202,0.35912395,0.14342874,-0.046363726,0.47721773,-0.037198007,0.19109325,-0.04825623,0.04127185,-0.06758359,0.019101463,0.001306653,0.20071486,0.18432677,-0.16089353,0.04826898,-0.084055625,0.020686042,0.37647158
P08393,-0.18397844,-0.02507861,0.108653836,0.23959714,-0.030301634,-0.14139073,0.5308504,0.3547378,0.2599519,-0.1741727,-0.66889894,-0.43848923,-0.28517795,-0.2694333,-0.064188205,0.28270796,-0.22290434,0.14496878,-0.31534255,0.2963735,0.3327451,0.06780897,-0.0008245744,0.2064143,-0.64486843,-0.22573234,0.4084514,0.0059397966,0.06323696,-0.110975236,0.49402586,-0.2712103
Q96HA8,-0.038699582,0.33369496,0.3624659,-0.06887718,0.051986884,0.05639702,-0.32247785,-0.091780856,0.1818383,0.6456649,0.43865675,-0.19866931,0.35238194,-0.058260713,-0.16273278,0.30437467,-0.037413508,-0.23453626,0.20580828,-0.35939455,-0.024579648,0.055853188,-0.3274017,-0.45140123,0.46721488,-0.32851294,0.058629986,-0.069405794,0.5124731,0.26589495,-0.4217715,-0.23071235
E9Q401,0.004230529,0.018142015,0.110273466,-0.13127077,0.08306174,0.40678558,-0.30817437,0.22966999,0.29499927,0.4659773,-0.05178089,-0.002614051,0.23961598,-0.057367213,-0.2054657,-0.1373851,-0.114729375,0.06646547,0.043372035,-0.20343664,-0.059242163,-0.20175311,-0.031514067,-0.03027068,0.37298042,-0.109398074,-0.16351965,-0.17359743,0.20432892,0.2644776,0.082751825,-0.20719218
O75324,-0.25724316,-0.16604656,0.616378,0.23583135,0.16870396,-0.12752745,0.2445364,0.03545057,-0.4340748,0.5486523,0.24654566,0.11481014,0.04996288,0.02008441,0.14949727,-0.33308515,0.40500546,-0.28802887,-0.6811631,-0.3504088,0.10098345,0.0066497475,0.45057404,0.30958456,-0.122797444,0.023358518,-0.08927753,0.13285673,0.29713607,-0.53853595,0.06956549,0.59363925
O15085,-0.06307231,-0.06604636,0.16537923,0.30524242,0.051356386,0.15263061,0.2860982,0.3346303,0.22339325,0.051951833,-0.14609112,-0.20590669,0.00820905,-0.2074559,-0.26900673,-0.0040769577,0.21635771,0.46021366,0.11140996,-0.037940565,-0.00064540375,-0.1119656,-0.06782113,0.087790936,0.06489675,-0.2398321,0.03554278,0.015094668,0.17196044,0.1359436,0.4702783,-0.13697994
P07102,-0.10797629,-0.07656041,0.21569991,-0.15310419,-0.4031292,0.44051656,-0.47122946,-0.1032171,0.067348376,0.30239373,-0.051078644,0.09662834,0.23794776,-0.21545067,-0.0857164,-0.035818785,-0.039268017,-0.24036166,0.034735143,-0.3253832,0.16511266,-0.30789655,-0.42172426,0.023256935,0.42841822,0.08321412,-0.0180294,0.07570201,0.44578087,0.34270075,-0.112719566,-0.14650913
P09467,0.07638371,-0.007664703,-0.11439907,-0.037053496,-0.29394203,0.27957422,-0.2034804,-0.32533136,-0.027827393,0.18892956,0.28546146,-0.12259159,-0.031264737,0.10909318,0.08109274,0.13713625,-0.076558754,0.029884156,0.34293985,-0.22513582,-0.047300998,-2.193451e-05,-0.37134928,-0.17829867,0.2440203,0.06956117,-0.16104195,0.37127316,0.26648948,0.18031013,-0.37253284,-0.260427
Q8KP52,-0.26286852,-0.098685816,0.09476814,0.15494782,-0.20744112,-0.3061819,-0.007778883,-0.74050057,-0.101770975,0.16319615,0.5088172,-0.10387841,-0.0415349,0.23719814,0.48526487,-0.23185635,-0.059164405,0.26742297,0.30912763,-0.20313302,-0.015829753,-0.107901916,0.055881377,-0.070307046,-0.17952442,0.22484969,-0.14546531,0.45282474,0.0725537,-0.09334674,-0.38395604,0.34674788
Q8G6C9,-0.010974497,-0.0046027824,-0.11954222,-0.018698553,-0.5431383,0.25006527,-0.5476419,-0.64196056,-0.17102468,-0.01385352,0.30457065,-0.0140962005,-0.006235361,-0.25096908,-0.015761137,-0.11745787,0.16509148,0.16306403,0.16230401,-0.12314155,-0.15386523,-0.066177644,-0.3372907,0.023745403,0.4059434,0.36465594,-0.030113451,0.41452652,0.072729416,0.3718939,-0.28524247,-0.0511784
Q5BJF6,-0.22426152,0.5969016,0.5985089,-0.28070158,-0.1600171,-0.16366059,0.74110705,-0.4230582,0.1070144,-0.094567165,-0.12027758,-0.072563596,-0.72978824,0.011642285,0.2824103,0.0765366,-0.17486744,0.41407475,-0.451842,0.17671557,-0.25918964,-0.28743455,0.3419095,0.55007166,-0.13979083,0.1732387,0.07965134,0.2678606,0.0013168305,0.024202192,0.42509118,0.077712074
P27361,0.21081473,0.032286063,-0.47510466,0.20742974,0.040351998,0.4018824,-0.2544173,-0.35842785,0.24603376,-0.23923108,0.08221616,0.2024216,-0.0540538,0.1988981,-0.13054477,0.06510007,0.10375048,0.15838915,0.33038142,-0.14051612,0.10097162,-0.04370991,-0.15232931,0.043794207,0.09709604,0.12614475,-0.09909514,-0.023628965,-0.012542836,-0.09470998,0.0802059,0.08134428
B8Q027,0.099493936,-0.016114332,-0.24880931,0.06030681,-0.392767,0.22501168,-0.3709962,-0.39503232,-0.11106486,0.17011678,0.4509994,-0.05871144,-0.3452917,-0.087183915,-0.073154524,0.004658848,0.10260968,0.2972828,0.35802168,-0.09533967,-0.21858405,0.06495516,-0.2780649,-0.21638973,0.42151517,0.16645125,-0.14629412,0.588004,0.08083027,0.19489035,-0.45831764,-0.23851219
P15391,-0.14396074,-0.07558896,0.034060515,-0.023200626,-0.07608889,0.09197864,0.23430079,0.43388414,0.22049245,0.13864896,-0.54496896,-0.26262757,-0.107629396,-0.06790884,-0.013719641,-0.15132064,-0.049887463,0.3387042,-0.47329772,0.027004227,0.07191724,-0.26136535,0.09403932,0.12861669,-0.27887577,-0.0981906,-0.10661102,-0.027760178,0.15421379,0.17443518,0.4656742,-0.20716824
P02100,0.2962379,0.1400745,0.07288991,0.1749671,0.062938824,-0.0042346865,-0.5644213,-0.8428019,-0.09692449,-0.080752164,0.5522633,-0.0795591,0.30879614,-0.063906334,-0.24365103,0.061569057,0.12914954,-0.03395965,0.47236538,-0.087871276,-0.26109883,0.10027759,-0.24370533,-0.05174537,0.40550053,0.11753512,0.049684428,0.28489396,0.054506667,0.29703882,-0.48306945,0.000101368874
P07395,-0.14630184,-0.12841032,-0.22109693,-0.085551426,-0.488884,0.4086266,-0.32576573,-0.2829528,0.04265668,0.20924854,0.016837213,0.029580653,-0.0935017,0.023220949,0.24672112,-0.05212842,-0.13456668,0.11538671,0.29770502,-0.25431275,0.1409425,-0.17179582,-0.24324009,0.006608367,0.085920036,0.21360224,-0.16205993,0.32763475,0.19644663,0.0845416,-0.26912692,-0.057711657
P13639,0.17322366,-0.16421118,-0.47133896,-0.030728338,-0.005260773,0.4013894,-0.057808205,-0.34449556,0.3030778,-0.023530915,0.12645067,0.12596744,-0.07278768,0.270899,0.068160884,0.05817341,-0.096198335,0.07524458,0.3579253,0.22932671,-0.089189045,0.11537038,-0.056000125,-0.23594953,0.26217777,0.19343646,-0.09758598,0.23190586,0.07460745,0.074320115,-0.29812315,-0.35966426
P04278,-0.055396624,-0.064677864,0.30427828,-0.074232236,-0.2812984,0.3297496,-0.5591539,0.25175706,0.27251747,0.48732135,-0.33903906,0.07278898,0.18146491,-0.22016752,-0.21822247,-0.30551204,-0.077114254,-0.10347595,-0.24637276,-0.64542276,0.22484462,-0.63161343,-0.17862815,0.19955495,0.118087485,-0.12019918,-0.3806542,-0.002078861,0.32085365,0.30708015,-0.011946816,0.1075979
P12063,0.05387464,-0.13221876,-0.03149698,0.029470941,-0.09183596,0.4004511,-0.10422249,-0.1756838,0.101640575,0.0361387,0.04545032,0.04216239,0.20453379,-0.102481745,-0.024842188,-0.1845265,-0.021914855,0.05187376,0.32134992,-0.10484334,-0.020434273,-0.26673734,-0.15145454,0.102992475,0.32858133,0.049198575,-0.099948294,0.08824012,0.054458342,0.08716145,0.12703541,-0.11558835
O00338,0.25048405,0.034224227,-0.22529015,0.007517157,-0.04492748,0.40167838,-0.2830711,-0.46376663,-0.09196619,-0.14862108,0.2734317,0.06299931,0.14680856,0.13560069,-0.06850587,0.10107575,-0.018876597,-0.11333918,0.36886543,-0.20239884,-0.036378063,0.011916459,-0.37404168,0.03764969,0.33866918,0.14324835,-0.06367358,0.10999915,0.15809757,0.1049448,-0.014131356,-0.18161897
P12955,0.014504775,-0.10153702,-0.21190575,-0.13374098,-0.24615689,0.456251,-0.2528389,-0.28955343,0.116135515,0.17753094,0.08430745,0.049040347,0.049444348,0.06665825,0.08515716,0.054082073,-0.16447423,0.0027484298,0.33985966,-0.08971916,0.028914832,-0.028256685,-0.24942172,-0.058190316,0.27021772,0.15311661,-0.0877111,0.23756671,0.20458212,0.15624605,-0.264282,-0.26521498
P05696,0.13906537,-0.032102987,-0.32805666,0.12066237,0.19545399,0.37487122,0.032728374,-0.023062654,0.48176906,0.104151905,0.08514367,0.057431847,-0.10867517,0.27328643,-0.21084899,0.08170402,0.029792927,0.43191022,0.2220023,0.13635643,-0.13174225,0.15591572,0.0709824,-0.20830913,0.14490934,-0.056826837,-0.066313125,-0.076026216,0.042048626,0.09395026,-0.01561654,-0.20918979
O75317,0.0950536,0.022497594,-0.15861776,0.09131483,0.030910809,0.32331786,-0.02091749,-0.13530031,0.23448518,0.13698053,0.1251251,-0.052552946,0.028947309,0.13914675,0.015527405,-0.12011945,-0.082096145,0.1475017,0.25770485,-0.13862768,-0.016884357,-0.04734095,-0.015966754,-0.033775315,0.1055323,-0.043150797,-0.2549939,0.071201086,0.07605961,-0.0300496,-0.030975047,-0.026521858
O95393,-0.013539508,-0.08701679,0.3416651,0.070372306,-0.07126719,0.20155466,0.033535108,0.13476408,0.17098007,0.32888848,-0.025072139,-0.16573662,0.29048637,-0.11821059,-0.012565851,-0.3135647,0.0486973,-0.0105537325,-0.1254922,-0.23461254,0.006095375,-0.3190527,0.039700236,-0.040292725,0.18017499,-0.15681067,-0.20439106,-0.015468672,0.18881586,0.1261568,0.06483714,0.04941694
Q3E7X9,0.13953845,-0.17192525,0.1823008,0.2626015,0.16095449,-0.14469361,-0.4525247,-0.2749376,0.1670236,0.3992502,0.24582289,-0.16832787,0.5144909,0.32603902,-0.008247182,0.044512674,0.093999386,0.19543552,-0.014461309,-0.4417197,-0.06574287,-0.16598514,0.019820731,-0.18521924,-0.35362,-0.05153089,-0.17903036,-0.14123863,-0.06600528,0.17692074,-0.597057,0.25939137
Q7YQK6,0.072913215,-0.12933493,-0.26842663,-0.056498267,-0.35492057,0.24525085,-0.19658953,-0.6468191,0.015274274,-0.09363556,0.29318774,-0.07700597,0.071129054,0.22264865,0.16285378,0.1069201,0.037610784,0.060719423,0.16383737,0.07665454,-0.12197213,0.036655635,-0.33091646,-0.20375957,0.22418906,0.36247125,-0.0028850958,0.21490753,0.13180801,0.2689399,-0.3367418,-0.22775678
P32856,0.22001602,0.05898688,0.24545276,0.21962672,-0.08896501,-0.1511721,0.079591155,-0.87740576,0.10650841,-0.1405167,0.39124608,0.03229545,0.0998745,-0.10051879,0.1419833,-0.20792219,0.22525449,0.3654612,-0.1958368,0.24878068,-0.40155718,-0.21388696,0.0053835623,0.06266918,0.45655823,0.23715793,0.073279895,0.060860008,-0.33094883,0.07270784,-0.189122,0.40209103
P15926,-0.3216588,0.05656919,-0.020482317,-0.08935041,-0.35006207,0.3849652,-0.15595269,0.048247255,0.27784392,0.32961786,-0.28911927,0.018943727,-0.0021784008,-0.22925228,-0.11435503,-0.17021784,-0.0091931075,0.08346377,0.09947953,-0.34147584,0.32683936,-0.30431044,-0.08061588,0.11207878,-0.066149995,-0.10548521,-0.13812193,0.26860267,0.39133778,0.12071622,0.12243725,-0.043399263
O75717,0.013828218,-0.10991371,0.026996337,-0.041657798,-0.10430147,0.43295178,-0.22999586,0.36290666,0.2641299,0.35658258,-0.3667824,0.014617801,0.0629897,-0.09090774,-0.22529948,-0.24373817,0.039064795,0.4212933,-0.29074445,-0.25001264,-0.084110714,-0.40691882,-0.08327013,0.1668436,0.058496013,-0.047303416,-0.22573122,-0.15967035,0.06541646,0.34686896,0.24292466,-0.06251235
P0CY29,-0.15089628,0.040595114,0.019327663,-0.07798198,-0.30244142,0.40851897,-0.43498865,0.117404245,0.15491,0.47576338,-0.16324565,0.020924985,0.057015,-0.14409643,-0.10939175,-0.18942755,-0.069125995,0.004195951,0.03160681,-0.6008425,0.23020916,-0.38419908,-0.19419116,0.1401553,0.042921335,-0.09575948,-0.32514715,0.14376162,0.32820895,0.14522953,0.0019782148,0.008391211
Q13404,0.3242364,0.25677246,0.059442423,0.14919376,0.4461199,-0.08486877,-0.23120168,-0.301279,0.088545725,0.16556755,0.59693974,-0.15509014,0.18961963,0.36573586,-0.10341812,0.30458242,-0.12986584,-0.0436723,0.39019328,-0.22875932,-0.2180913,0.22228555,-0.25279808,-0.3705656,0.34934187,-0.17849521,-0.0583935,-0.06893854,0.27055395,0.16941063,-0.3145173,-0.20423964
P0ABB4,0.076767966,-0.17353499,-0.58824533,0.1368846,-0.09143579,0.19782081,-0.04474625,-0.40321922,0.16897286,-0.1544227,0.22249253,0.17730463,-0.30843285,0.29176682,0.20769715,-0.028052986,-0.016990304,0.12346752,0.4511562,0.0904506,0.019360881,-0.0018811226,-0.03863829,-0.27648354,0.12354548,0.250267,-0.1966717,0.44435626,0.06526157,-0.13335592,-0.25192443,-0.2014215
P04911,-0.4650488,-0.14839554,0.16403672,0.53607494,-0.021712113,-0.39366743,0.04989527,-0.66047734,-0.01699023,0.072431654,0.67236876,0.04889199,-0.05243717,0.27153537,0.52118593,0.19592664,-0.0044968277,0.34669536,0.60976905,-0.17279325,0.192383,0.12279715,0.08026287,-0.1522579,-0.25669795,0.17885183,0.2273601,0.04369697,0.10171758,-0.3563482,-0.19778252,0.45649588
O60341,-0.32164365,0.08499543,0.1300034,0.21405423,-0.3159383,0.20219335,0.42172635,-0.2858835,0.4803475,-0.06567913,-0.12756492,-0.09146337,-0.19395539,-0.015856579,0.013716124,0.19987042,-0.107317075,0.4297349,0.23883706,0.328449,0.16822934,0.1049975,-0.051225696,0.024784192,-0.095242545,0.07717356,0.21666268,0.035248503,0.35328248,0.026128585,0.20897716,-0.008514501
P27278,0.1976511,-0.021506004,-0.008547373,0.051672526,-0.11460827,0.2803068,-0.37043744,-0.43014234,-0.07829332,-0.12634107,0.05488408,0.040575266,0.27557316,0.034095086,0.050743394,-0.16433719,-0.064530045,-0.05485501,0.12587655,-0.25516248,0.016821988,-0.44179076,-0.34554657,0.27159837,0.22975986,0.22782919,-0.20618355,-0.054129094,0.042480312,0.08515639,0.11399704,0.1453226
Q9V4S8,0.08085479,0.011076465,0.14369091,0.31721973,-0.09955859,-0.020356618,0.25508556,-0.58280516,0.17409125,-0.15735146,0.21590383,-0.00046963245,0.03938678,0.11305299,0.28999674,-0.03291209,0.07709757,0.3140362,-0.06291591,0.15579961,-0.13601647,-0.13662016,-0.14533526,0.036904722,0.17853217,0.19383296,0.041557916,-0.12270957,-0.040052272,-0.062162872,0.0031930692,0.34964228
P0C0N1,0.11156626,-0.02752006,-0.14682478,-0.051827542,-0.49903297,0.41764432,-0.5375884,-0.4862162,-0.21079749,-0.07651058,0.14611717,-0.028343365,0.062843874,-0.07452626,-0.0051405802,-0.053940192,0.0828551,-0.022646628,0.12046999,-0.33819115,0.014241108,-0.15042311,-0.4016324,0.10278131,0.28496885,0.28611365,-0.14000481,0.29647863,0.15516207,0.27801058,-0.12830432,-0.042942133
P0AEY8,0.040939912,0.09765126,-0.08918501,0.11478413,-0.36960346,0.3201345,-0.7858181,-0.6157289,-0.037417155,-0.15501031,-0.04125194,0.38847384,-0.012957662,-0.6126456,-0.19013956,-0.43740198,0.16730502,-0.0063401237,0.16451731,-0.3003323,0.14357051,-0.40154827,-0.112994224,0.43795502,0.40500838,0.20922044,-0.055334575,0.40461963,-0.08215303,0.088098116,-0.030206349,0.33072463
P61254,-0.29477882,0.032034054,0.25675222,0.18728997,0.090046495,-0.39230964,-0.11561612,-0.3805136,0.06441585,0.36174363,0.6586336,-0.14557703,0.12682244,0.30123103,0.403735,0.18163243,-0.14658242,0.19522184,0.4803192,-0.26907116,-0.012662713,0.032510877,-0.05655024,-0.39750886,0.025653526,0.029084003,0.045108672,0.009911671,0.28773803,0.059828598,-0.37103721,0.059993353
O17670,-0.10826617,-0.08198394,0.2980552,0.17594835,0.042183083,0.026873998,0.38228816,0.38748094,0.1910085,0.19442621,-0.040287968,-0.3466198,0.1944797,-0.24378577,-0.18645713,-0.08747278,0.3304084,0.21491158,-0.021966726,-0.06559645,-0.058197867,-0.1559626,0.062118646,-0.13761573,0.15099613,-0.30031344,-0.02604483,0.119111724,0.23881292,0.21971262,0.35235152,-0.28935537
P08048,-0.007479742,-0.17750645,-0.0010240823,0.052319355,-0.012742747,-0.14866367,0.5343805,0.4390716,-0.009789516,-0.029943675,-0.519699,-0.5435989,-0.22725901,-0.0017985404,0.090393774,-0.070948035,-0.036315784,0.09292895,-0.67220676,0.19171686,0.10009458,-0.09548813,0.06927621,0.15751532,-0.39623952,-0.07202349,-0.02535414,0.0844675,0.08900583,-0.0670824,0.55883944,-0.27478456
P10826,-0.12401889,0.09473239,-0.06668056,0.4373634,-0.24486518,0.11098431,0.25913945,-0.51831347,0.46869034,-0.22869381,0.124808386,-0.05612029,-0.043867067,-0.09281939,-0.016750626,0.25432417,0.1929477,0.2885376,0.40440112,0.14621486,0.20490073,0.16445984,-0.099862844,-0.20232345,-0.041765027,-0.05206061,0.24458641,0.1470992,0.1557005,-0.05373553,-0.06967287,0.103475854
P04370,-0.5624693,-0.20994645,0.28848535,0.05954192,0.17681713,-0.2206732,-0.063346535,0.9595311,-0.4200817,0.395018,-0.051327262,-0.27429932,0.036857158,-0.036302567,-0.055261724,-0.003741175,0.54444575,-0.10589709,-0.3900216,-0.40791404,0.03734916,-0.16604869,0.21148694,-0.04477419,-0.04506252,-0.011437004,-0.0047477707,-0.1693457,0.5458112,-0.049400467,0.6906501,-0.23700891
Q9Z0E3,-0.09291329,-0.024266988,0.20960653,0.36977166,0.017153393,0.107497126,0.20679832,0.37122786,0.32070652,0.088022776,-0.22393683,-0.2430896,0.023503989,-0.2654616,-0.3178741,0.09961225,0.18946049,0.42654845,0.0510661,-0.08699852,0.11318197,-0.042858183,-0.08692449,0.043551005,-0.03222485,-0.3280838,0.120594405,-0.04324922,0.2090838,0.14267877,0.39936253,-0.09878422
P0CG47,0.39339733,0.19943178,-0.57437927,0.5220785,0.55523944,-0.46656337,-0.23350418,-0.33401254,0.34904793,-0.22845364,0.40452984,0.35946456,-0.45821345,0.5142792,-0.051591143,0.106296904,0.1110342,0.57332563,0.2690594,-0.15315306,-0.28105733,-0.045145676,0.21279454,-0.4559002,-0.13470414,0.03080623,-0.32959357,0.18592227,-0.19202483,-0.10649613,-0.26389602,0.012730774
Q9VD72,0.20932762,0.02323842,0.22714001,0.12010556,0.017034683,-0.043618627,-0.05567339,-0.73634046,-0.033049665,-0.06464894,0.3323591,-0.08711116,0.35151875,0.1560328,0.17709976,-0.06879732,0.016838886,0.10275661,-0.06783444,0.059057355,-0.25562415,-0.26721132,-0.2611645,0.14165363,0.33918267,0.2662606,-0.02804859,-0.16377226,-0.053430475,0.07015458,-0.07787125,0.298588
P01579,-0.019432485,0.27507293,0.60340136,0.18772614,0.38459674,-0.33146226,-0.1607787,0.17348388,-0.0041053193,0.14633197,0.28760943,-0.017497629,0.26990694,-0.26948795,-0.25172368,-0.31870958,0.561099,-0.20143947,-0.03796894,-0.40860593,-0.10275565,-0.437342,0.34277472,-0.07761851,0.51771265,-0.19515966,-0.30161223,0.24237081,0.40420246,0.13940606,0.14643025,0.11188181
P39533,-0.07516311,-0.08640286,-0.2651457,-0.08092494,-0.19737077,0.4249759,-0.18335785,-0.1728766,0.08620828,0.23217852,0.1569423,0.079334795,-0.18470699,-0.01232709,-0.003319189,0.009064674,-0.1416271,0.11035418,0.5567178,-0.03767132,0.024580192,0.055869326,-0.13034543,-0.10256876,0.30824798,0.09726667,-0.10617266,0.49804902,0.24589977,0.05152205,-0.25646085,-0.34702322
P14618,-0.0020552576,-0.18691748,-0.52419466,-0.027880112,-0.36917198,0.39742562,-0.19878453,-0.4672029,0.16757947,-0.015020758,0.14392945,0.10830492,-0.2046064,0.09093144,0.1488542,-0.029073328,0.050395712,0.20451039,0.29413307,0.1413886,-0.03418512,0.036038265,-0.08928782,-0.19586827,0.21801396,0.324281,-0.066228725,0.3978836,0.012162432,0.077695556,-0.33840194,-0.22710368
Q75NZ0,-0.108660445,-0.067934915,-0.0065521076,-0.08821214,-0.24649332,0.36695257,-0.048620217,-0.14769506,0.20994444,0.28668505,0.115601555,-0.026808701,0.12873217,-0.06950105,-0.047641315,0.10045286,-0.04136038,0.02586848,0.38106185,-0.11615671,0.036236208,-0.048010558,-0.22298872,-0.17948036,0.28797573,-0.024610138,-0.004507564,0.26975545,0.29605764,0.17742036,-0.2246742,-0.29558077
P62837,0.44214123,0.34722215,-0.2500648,0.43690482,0.6223345,-0.33331335,-0.348302,-0.32796052,0.0054544834,-0.08133897,0.66187406,0.09469348,-0.21940619,0.34848967,-0.026189297,0.18646176,-0.061520442,0.16618383,0.6260227,-0.42283338,-0.20709415,0.15759154,-0.097983494,-0.29928154,0.2785297,-0.17038849,-0.23185185,0.215049,0.07173223,-0.08009324,-0.20931616,-0.053606708
Q8N0Z3,-0.21821997,-0.003284946,0.30626968,-0.004011819,0.13515449,-0.21698888,0.5099662,0.3035814,-0.046718482,-0.0065398663,-0.22741091,-0.17692237,-0.28154486,-0.060867015,0.17386863,-0.089744434,0.03650645,0.11940755,-0.34616366,0.16271774,-0.05774686,-0.22424199,0.24771523,0.24609584,-0.023596667,0.098393165,0.038960032,0.07764741,0.19569957,-0.042201106,0.6470218,-0.15205161
P37231,-0.09079854,-0.042516053,0.034977138,0.25026402,-0.13708442,0.30909774,0.19479573,-0.2171092,0.21457016,-0.058666736,0.04070889,-0.01649259,0.0810523,-0.1435232,-0.05689188,-0.11270735,0.15928005,0.19316663,0.30806732,-0.012265414,0.14165746,-0.16902795,-0.1017766,0.07992256,0.13207968,-0.042311706,0.00012272596,0.16601269,0.14405224,-0.06408271,0.19435161,0.074663445
P53350,0.03793545,-0.05016075,-0.13622811,0.15847968,-0.076399654,0.4934186,-0.11594922,-0.048925005,0.37357345,0.03904579,-0.019179638,0.09121314,0.014603555,0.064999275,-0.17279658,0.04023253,0.08628788,0.3283979,0.22116116,-0.08007028,0.037233472,-0.108853765,-0.14974609,0.0062239915,0.13370062,0.030106874,-0.0220334,-0.17129338,0.06527439,0.10410053,0.112786755,0.0036831275
C6KRN1,0.028545782,-0.18848053,0.20156205,0.5049307,-0.029290754,-0.06762332,0.29553014,0.50443846,0.0116674965,0.13051033,-0.23819675,-0.36644596,-0.17426671,-0.1636996,0.05029907,0.0025109053,0.16292757,0.06102308,-0.5438554,-0.016626433,0.21458358,0.18644045,0.083702624,-0.008144721,-0.1690006,-0.2414974,0.14509681,-0.18574655,0.17223272,-0.26188076,0.35925213,0.087912604
P00942,0.19887696,0.056925006,-0.13795027,0.043408014,-0.48693296,0.2269572,-0.6235168,-0.56484616,-0.21325712,-0.105086535,0.2364689,-0.10043396,0.018057987,-0.08979816,-0.085346,-0.039082855,0.17386822,0.07238076,0.113046765,-0.40363854,-0.094859846,-0.13986202,-0.39124298,0.022733703,0.21186323,0.27086303,-0.20248383,0.40701628,0.0817253,0.35361567,-0.28324586,0.012186777
P51948,-0.10797971,0.2688735,0.4309217,0.087253496,0.17499666,-0.053300492,0.03387983,-0.12893921,0.011563486,0.23175015,0.38885376,-0.10978399,0.11027193,0.17380214,0.12498266,-0.07051736,0.027822904,0.04161171,-0.09830804,-0.09490789,-0.120166875,-0.08242154,0.09346469,-0.06614232,0.3980742,0.083983205,-0.113213636,-0.19679895,0.37402803,-0.001058457,0.18473527,0.12690355
A8AWA0,0.19171081,-0.23901916,-0.68461883,0.13988407,-0.06956349,0.1446589,-0.09564837,-0.32364193,0.34042054,-0.19226524,0.04450785,0.1934807,-0.29196814,0.4984918,0.2016021,-0.022754297,-0.0057851374,0.15809715,0.17919463,0.018331029,0.041453566,-0.14871702,0.018257957,-0.36089528,-0.12641811,0.27050173,-0.32677948,0.281185,-0.020447046,-0.08000528,-0.30211434,-0.13247703
P56192,-0.05463872,-0.09634037,-0.29444173,0.034093536,-0.031711902,0.39571515,-0.07409203,-0.30929595,0.27042383,0.014892206,0.060282994,0.13699344,0.01572287,0.051058523,0.08718493,-0.13546208,-0.11606334,0.16589612,0.44942003,0.09988721,0.04321557,-0.030729473,0.011709023,0.039642483,0.18694891,0.14456555,-0.06342556,0.13065062,0.04460506,-0.049958356,-0.015359264,-0.0745302
P19926,-0.06871226,-0.06935409,0.18340097,-0.16225666,-0.42288357,0.44174892,-0.47552922,-0.17039126,0.036980074,0.27036995,-0.015483942,0.087991536,0.23044682,-0.19392848,-0.08866675,0.0022195727,-0.023114175,-0.23520598,0.020140946,-0.29379636,0.1300823,-0.27341187,-0.46712023,0.0063680857,0.44724208,0.11068999,-0.0072493553,0.09475255,0.43664947,0.36449203,-0.15467666,-0.16885032
Q42525,0.021147832,-0.07921459,-0.18585494,-0.06077706,-0.17507663,0.3577061,-0.1269134,-0.33339387,0.016337574,0.112087116,0.22223271,0.012797609,0.024362281,0.029702343,0.06980189,0.014162496,-0.13538554,0.025398973,0.45709354,-0.077854216,-0.03188145,0.017155007,-0.23970306,-0.05043988,0.31020403,0.11726264,-0.10527427,0.36258093,0.19190684,0.10042064,-0.19490102,-0.28679973
O95704,0.07096435,-0.1682547,0.1775499,0.2857232,-0.1036458,0.2889363,-0.018687308,0.2529567,0.190619,0.10852303,-0.108473346,-0.05637073,0.1288439,-0.18777105,-0.2059809,-0.15035596,0.28402692,0.3571537,-0.10827626,-0.2397497,-0.01158375,-0.35836947,-0.13950598,0.018956974,0.191783,-0.13080508,-0.0690221,-0.105876476,0.014261715,0.1571839,0.23881519,0.11242427
P0A3J0,0.0823933,-0.17969829,-0.7136226,0.15165132,-0.03201979,0.15545636,-0.083851635,-0.34197477,0.30932072,-0.09689781,0.09281464,0.24656582,-0.43887755,0.23643816,0.17187807,-0.20501658,-0.03816332,0.31279075,0.34526598,0.18922015,-0.040767387,-0.06574328,0.19783941,-0.22708102,0.0443853,0.26492715,-0.30170515,0.4705803,-0.11685174,-0.16942088,-0.23531432,-0.15561508
P0A0M0,-0.3159408,0.2771139,0.46637633,-0.17055365,0.20921518,-0.27248544,-0.26723403,0.69392914,-0.037654765,0.45334333,0.08487518,-0.27320683,0.19798833,-0.052534454,-0.17433092,-0.25765288,0.5220524,0.15629578,-0.1564902,-0.7116487,-0.29346132,-0.6683238,0.32603565,-0.1655206,0.21805273,-0.14796488,-0.48690465,0.042926446,0.4271916,0.4749143,0.41870418,-0.2409736
Q9Y4K3,0.036510795,0.16957171,-0.043442212,0.23107311,0.038805407,0.20740551,0.13369733,-0.26395336,0.28936678,-0.01486221,0.100113824,0.0061335266,-0.19100413,0.14329341,0.15307313,-0.116759926,-0.14471518,0.32931355,0.19214207,0.06122811,-0.008945328,0.012317196,0.040778477,0.10312347,0.11288823,0.06450502,-0.15982291,-0.027512878,0.10148596,-0.13672791,0.109461546,0.20354007
O00463,-0.0022227615,0.2718956,0.038619824,0.15924874,0.047307614,0.1294986,0.14968747,-0.28482428,0.30801725,0.0012350306,0.06386487,0.004766524,-0.24015182,0.097211815,0.16406181,-0.13080433,-0.205056,0.34249863,0.14172864,0.12641215,-0.060009483,-0.016221203,0.09830031,0.16467184,0.19359009,0.10186947,-0.16489428,-0.009598374,0.1481035,-0.09518352,0.17407753,0.18832092
P01501,-0.44471645,0.047786437,0.8371106,0.2377105,-0.012643609,-0.2484838,0.35860032,-0.50292397,-0.34695402,0.3422355,0.51935107,0.3507294,-0.099738054,-0.11205702,0.2584154,-0.28424996,0.39977926,-0.2827373,-0.4040469,-0.29491356,0.16594397,-0.04646553,0.56002,0.32040352,-0.13417174,0.118293904,0.122907534,0.38157082,0.21354493,-0.5902147,-0.14107466,0.7417607
Q13480,-0.13790703,-0.10054779,0.052760698,0.24510393,-0.014638919,-0.049573928,0.47115922,0.37815744,0.23463246,-0.07846737,-0.59486246,-0.42077538,-0.26488236,-0.08878855,-0.0461952,0.16368282,-0.21241812,0.28616482,-0.33204624,0.26812232,0.2575002,0.10257502,-0.0172056,0.20952158,-0.5606199,-0.16298677,0.22661889,-0.061839223,0.16054863,-0.051161785,0.5195568,-0.21817075
P00546,0.28454882,0.16281886,-0.41072252,0.27868095,0.21686716,0.23265556,-0.4287827,-0.32895523,0.14096475,-0.19049242,0.16385226,0.22656876,-0.064117596,0.18363431,-0.1643177,0.012885347,0.07828632,0.16414529,0.34682095,-0.32950222,0.06177642,-0.07276943,-0.106041074,0.07699484,0.1159267,0.051009968,-0.17046219,0.0022236258,-0.028339513,-0.11655696,0.09700924,0.15591864
P68777,-0.04042533,-0.024903052,-0.24653009,0.043906085,-0.571453,0.3077608,-0.48463356,-0.24378976,-0.17751156,0.23193407,0.17862189,-0.057063103,-0.33595455,-0.021326907,0.13788632,-0.04566188,-0.0033806935,0.18544424,0.29339322,-0.49519044,0.115521885,-0.20629469,-0.32950193,-0.023926705,0.11279781,0.1394044,-0.30774102,0.5222807,0.18720764,0.008657349,-0.30738574,0.021403354
P60174,0.24797343,0.050428655,-0.19865564,0.06057033,-0.47668955,0.20432705,-0.57370687,-0.6162457,-0.15263076,-0.12773156,0.27639985,-0.11682615,-0.0065945685,-0.058580287,-0.10011947,0.028177023,0.21771213,0.092992626,0.11395073,-0.28952986,-0.15660374,-0.08091881,-0.39740875,-0.08114748,0.2300389,0.27729,-0.15564391,0.4074409,0.043451488,0.36864856,-0.3779985,-0.05567356
P20937,-0.09732026,0.20622447,0.45587328,0.15255776,-0.11388084,-0.10422815,0.37801707,-0.3078888,0.14053515,0.24527848,0.046449754,-0.027046919,-0.08229573,-0.023484416,0.19947785,-0.3385757,0.00450404,0.06994198,-0.3253208,-0.18005997,0.08722387,-0.17393637,0.2885956,0.14130156,-0.2733853,-0.09688223,-0.23851869,0.2942901,0.21638879,-0.1621769,-0.113230646,0.42923963
P07814,0.016594276,-0.058497816,-0.34583724,0.05230239,-0.014881756,0.29636595,-0.08153222,-0.3801096,0.07000182,-0.057823196,0.2134939,0.10770489,-0.058438003,0.1379413,0.16595751,-0.08329533,-0.17359702,0.025148503,0.5599937,-0.043941833,0.051689688,0.015046433,-0.08112821,-0.0005890578,0.18530734,0.15732506,-0.15809971,0.29972655,0.11661872,-0.11605314,-0.049387235,-0.13023674
O75716,0.20187227,0.08223094,-0.16875818,0.1025488,0.018362302,0.3091758,-0.58862996,-0.18627545,-0.033176173,0.0138257,-0.010640781,0.17890924,0.10022795,0.024642296,-0.1449787,-0.21633527,0.030328825,0.07447888,0.033010095,-0.4761309,0.07398764,-0.3885643,-0.21809423,0.28113198,0.136452,0.12086412,-0.30785817,-0.038369507,0.04366284,0.040336337,0.16282126,0.22561438
P0ADS2,-0.12056112,0.11531475,0.76358217,0.17065595,-0.100501776,-0.32787898,0.27827954,-0.87883353,-0.18775137,0.18558075,0.5434507,0.08365929,-0.085943654,0.1462039,0.32074693,-0.25350532,0.040430024,0.16604799,-0.2144461,-0.25933146,-0.172162,-0.20382549,0.25421536,0.46827888,-0.10034293,0.24879386,-0.12883112,0.2747622,-0.08151635,-0.31004742,-0.22340724,0.84908426
A0A0D1DWQ2,-0.29096907,0.081181854,0.5078173,0.06351497,-0.004211258,-0.06759988,-0.22140679,0.16088769,0.13287231,0.20530483,0.14185591,0.087278515,0.25067127,-0.4939086,-0.14953366,-0.26233283,0.45152307,-0.30289197,0.18482149,-0.31353253,0.083565615,-0.47338307,0.15899044,-0.1267619,0.61712265,-0.10251514,-0.091007,0.25458395,0.49427938,0.24536039,0.14177619,-0.094189465
Q8G6D6,0.019320339,-0.03926532,-0.23241434,0.026432736,-0.61990666,0.38040817,-0.52013516,-0.42107022,-0.19468203,0.0064245313,0.17912778,-0.02703765,-0.18884824,-0.13750055,0.07860551,-0.06484422,0.108546145,0.14589778,0.22942224,-0.36717045,0.04562394,-0.13920547,-0.34199637,0.041847438,0.24846245,0.2663482,-0.15874726,0.44206858,0.109863006,0.16609244,-0.21673349,0.015223112
Q6ZU80,-0.18655807,0.5672364,0.6354179,-0.26406842,-0.09425394,-0.18507183,0.7339789,-0.4043363,0.089191474,-0.09124279,-0.09836702,-0.036181808,-0.6863737,-0.00984247,0.24896687,0.024241194,-0.13708201,0.39193615,-0.4466072,0.1759985,-0.29256037,-0.31890684,0.37014213,0.5730353,-0.08885029,0.17027375,0.056040928,0.281506,-0.013828173,0.024202237,0.42754093,0.08930372
O08604,0.07349345,-0.15180019,0.32707855,0.20076907,-0.045712102,0.061433494,0.01480487,0.03630253,0.1256651,0.19105434,-0.15173392,0.0058210716,0.24909025,-0.19186936,0.021219514,-0.45645455,0.1620858,-0.06451584,-0.324544,-0.30652,0.12061269,-0.49057144,0.1486043,0.10290247,0.02852948,-0.14152643,-0.27429655,0.15000814,0.066504516,-0.0248166,0.0059435777,0.29293662
Q13501,0.16011278,-0.24506018,0.16301644,0.5073788,-0.048707355,0.01431796,0.24382555,0.35906067,0.09542278,-0.0043787956,-0.2179057,-0.2796866,-0.0452168,-0.16763927,-0.08671405,-0.110052556,0.23651218,0.37187505,-0.38752466,-0.035665393,0.029745009,-0.10869706,-0.059457067,0.035090894,-0.020791046,-0.19369131,0.012486793,-0.13148284,-0.01873649,-0.0683827,0.3290278,0.17296398
Q15046,0.0063245445,-0.045502067,-0.2658129,0.15056682,0.0009224899,0.17850158,0.23262459,-0.37535718,0.35175106,-0.09762831,0.1440143,0.035651654,-0.12165728,0.33134955,0.25188905,-0.011461139,-0.13865133,0.18265207,0.34328955,0.16397186,0.031209424,0.06564964,0.03781988,-0.18242095,0.017842636,0.118309215,-0.14805451,0.17635588,0.14581993,-0.11092595,-0.13199808,-0.04963805
O08583,0.069643274,-0.35660255,0.26590702,0.74520624,-0.13453689,-0.0012671873,0.19593143,0.15450642,-0.0119220335,0.13314258,-0.075823754,-0.2131429,-0.07458612,-0.2323612,0.088527404,0.027161382,0.30431777,0.18767557,-0.32264215,-0.15355,0.29481116,0.13745658,0.094778255,0.05278232,-0.18992361,-0.24784526,0.26320118,-0.117325544,-0.09321874,-0.4603889,0.0653203,0.506
P0A6Y1,-0.25474602,0.042073037,0.3624847,0.09150607,-0.083284646,-0.23879182,-0.38299215,-0.63358104,-0.029806513,0.32734358,0.40929744,-0.07384139,0.16138709,0.3265624,0.32518238,-0.13700849,-0.14144388,0.058174364,0.20557064,-0.49225253,0.13649757,-0.22546941,0.12549026,0.16287956,-0.2987792,0.23326385,-0.22436738,0.10278354,0.18278033,-0.074288666,-0.38263988,0.56013674
P91883,0.26221794,0.18061253,-0.11490203,0.06227968,0.0047375523,0.08222836,-0.36439487,-0.4436531,-0.059587944,0.033432364,0.33678213,-0.12742823,0.07644528,0.31705022,0.046389855,0.14388819,-0.16688035,-0.021428041,0.29861003,-0.4595325,-0.025430296,-0.02165804,-0.35874176,-0.053830385,0.09122643,0.028970407,-0.28255877,0.16525355,0.2214674,0.12559694,-0.22712485,-0.03527816
P59159,0.09842335,0.13850759,-0.10310868,0.09123754,-0.1776945,0.17245772,-0.4268769,-0.4414612,-0.13514352,0.034077495,0.33943304,-0.014007695,-0.027085245,0.03868448,0.048679106,0.1014603,-0.107416436,0.018675096,0.46943808,-0.42063367,0.03365178,-0.03196688,-0.4165908,0.0038744658,0.2421024,0.0783799,-0.14423382,0.30718774,0.23593584,0.10077762,-0.19661152,-0.03196429
Q8LK65,-0.047623456,-0.047730714,-0.08453872,0.10825264,-0.2366661,0.26406577,0.12868863,-0.11311162,0.19302544,0.14275035,-0.005008053,-0.111399814,0.011088118,-0.012605205,-0.009372205,-0.1854158,0.111122295,0.21192655,0.12279591,-0.23906624,0.09775505,-0.24421431,-0.044744086,-0.020165473,-0.056402072,-0.08708339,-0.26545218,0.30711997,0.12912771,-0.018552562,0.013309475,0.04065382
O33283,0.12684695,0.0704214,0.47257218,0.012129089,-0.017604653,-0.008394808,-0.72314405,-0.048555203,0.017060768,0.37291598,-0.039759453,-0.038019955,0.35263294,-0.032878317,-0.21075654,-0.40374026,-0.052359074,-0.19488096,-0.19917196,-0.74040616,0.10737217,-0.68593985,-0.06872442,0.28704458,0.05421552,-0.021702146,-0.6040405,0.08822477,0.29133475,0.24420244,-0.17165457,0.3542964
Q9UNE7,0.2168857,0.1822873,-0.034481846,0.27358568,0.08184916,-0.09814529,-0.028472364,-0.730996,0.12942976,-0.3133739,0.31155112,0.049953148,0.044975996,0.038370423,0.12632686,-0.21075377,0.087333545,0.28907743,0.10146126,0.109839976,-0.22437721,-0.18388239,0.006122779,0.110832386,0.2596686,0.24169463,-0.11915507,0.040725395,-0.19226626,-0.02694271,0.020061668,0.33800066
O15264,0.23760252,0.055624947,-0.47748867,0.17612387,0.08865343,0.4063284,-0.3373335,-0.35611355,0.17870492,-0.21591008,0.104245916,0.24176803,-0.057645753,0.19840163,-0.115621254,0.025482602,0.045317784,0.112087995,0.3652525,-0.1906647,0.08003301,-0.051512614,-0.15286243,0.08119371,0.1375541,0.13508913,-0.12660605,-0.012388542,-0.011223175,-0.097406566,0.089104,0.06352541
O43559,-0.19823709,-0.17936945,0.08731861,0.121692635,-0.044622142,-0.046501186,0.34676474,0.63621247,0.07038373,0.07106477,-0.5053054,-0.42718264,-0.17205356,-0.05203882,0.049642183,0.071395755,0.0034678355,0.14602128,-0.5677748,0.07029317,0.21094692,-0.040831357,0.03699198,0.046814017,-0.37127888,-0.13581486,0.12253686,-0.15886459,0.23376471,0.0066798576,0.5879743,-0.28508365
P0AE88,0.34287095,0.012718618,-0.21666524,0.29348907,0.15536766,0.10629973,-0.30240768,-0.27448007,-0.0874821,-0.23183456,0.18029667,0.07392621,0.09325433,0.08738712,-0.096893705,-0.24712494,0.18700856,0.22337016,0.119674176,-0.3378721,-0.11712937,-0.35121095,-0.11510046,0.16909239,0.14005835,0.12386251,-0.3213832,0.03780044,-0.17543295,-0.04277395,0.19476612,0.23972864
P0AFF6,0.11185686,-0.010909937,-0.33115965,0.13144843,-0.008974984,0.17528012,-0.15713724,-0.4452358,0.087361045,-0.20900708,0.13429257,0.078611046,-0.024831086,0.20122442,0.19492546,-0.23265901,-0.07276286,0.16819724,0.23051155,-0.07217488,-0.0038041146,-0.19271639,-0.022998165,0.11663166,0.0865002,0.26848015,-0.27136633,0.06519392,-0.049206607,-0.10361693,0.094278544,0.17812736
D9I2F9,0.027598307,-0.1361226,0.03517481,0.12011773,-0.0478083,0.37633708,-0.13109681,0.12962976,0.062277097,0.062466748,-0.048948657,0.045353755,0.12947783,-0.21682969,-0.19073641,-0.24088791,0.17284647,0.19544765,0.24471512,-0.25818574,-0.0037681134,-0.43626153,-0.13067427,0.15704156,0.3018483,-0.05393579,-0.13587478,0.06092011,0.05488552,0.11505521,0.34818316,-0.05898058
P0A7R5,0.080634415,-0.22921878,0.2803603,0.123758145,-0.14985317,-0.3484866,-0.48863885,-0.59456986,0.15940143,0.28835794,0.19409303,-0.13106282,0.37168682,0.26418334,0.20159265,-0.13402662,-0.050806016,0.11055812,-0.09967326,-0.3599342,-0.0678939,-0.43941814,0.01816241,-0.1375222,-0.36854762,0.18009806,-0.27145985,0.16529964,-0.098821215,0.27388898,-0.80801636,0.31627077
P21981,0.03243971,0.09283334,-0.040933438,-0.19840202,0.03328829,0.31922323,-0.16728541,0.02583345,0.24881929,0.5774851,0.1568564,-0.07604888,0.08071262,0.09154066,-0.09321461,0.066485286,-0.21885522,-0.005239576,0.19054958,-0.13987666,-0.10577879,0.05867307,-0.12787887,-0.26607054,0.3410738,-0.15438655,-0.20285529,0.18097167,0.34751624,0.21522541,-0.34084073,-0.40284666
Q12904,-0.19958575,0.10501011,0.15464419,0.31075257,-0.34536695,0.010908619,0.43924785,-0.4274696,0.29762393,0.04516992,0.16895276,-0.21123837,-0.14232527,0.10638117,0.27596807,0.020483077,0.023934633,0.32289776,0.10354906,-0.0058327764,0.16017069,0.0898779,0.020556804,-0.18258916,-0.25012973,-0.05565589,-0.03405825,0.21721645,0.26063064,-0.11336629,-0.17605463,0.2752597
Q00613,-0.012330517,-0.12878539,0.20634088,0.36468992,-0.09867282,-0.13984063,0.64820325,0.11977359,0.18407875,-0.20768604,-0.43617192,-0.3338638,-0.33518824,-0.07259422,0.070490025,0.15357497,-0.15727635,0.26514563,-0.34220016,0.3406366,0.18573995,0.071423575,-0.058504645,0.23937398,-0.37372327,-0.050572872,0.2510765,0.013098881,0.119389966,-0.156106,0.46913072,-0.024884023
P23256,0.010448217,-0.03887552,-0.1397633,-0.037136048,-0.41566396,0.4690267,-0.56864345,-0.429544,-0.18453088,-0.035261333,0.023400892,0.118760586,0.08892608,-0.1348356,0.04864224,-0.17620096,-0.034445897,-0.07268012,0.1942254,-0.4035837,0.17848013,-0.3138047,-0.38298345,0.30184653,0.23694332,0.2431368,-0.15112203,0.19300613,0.14822003,0.09475416,0.04559068,0.1085567
P16568,-0.19566482,0.60020554,0.681563,-0.29219002,-0.11517276,-0.16001377,0.68901384,-0.46032137,0.08634194,-0.068610564,-0.036134165,-0.0129942,-0.68949497,-0.018528044,0.25593922,0.016243517,-0.15765254,0.42501372,-0.39908352,0.18226849,-0.34291145,-0.33651373,0.36405143,0.58296525,0.004535556,0.19698876,0.065137684,0.2520587,-0.020508714,0.056410205,0.4139886,0.102813125
Q8G879,-0.3217246,-0.117136255,-0.2840859,0.057643317,-0.5467425,0.069056906,-0.32359487,-0.5008719,0.12908441,0.24284846,0.27367225,0.114254415,-0.3842574,-0.2807884,0.1760112,-0.25425932,0.08886072,0.50962025,0.38760412,0.04955508,-0.07164305,-0.07760426,0.024581116,-0.19652502,0.24346687,0.27293068,-0.025256023,0.694273,-0.016806766,0.12327986,-0.49504215,-0.007280294
Q15637,-0.34278774,-0.03442,0.32496983,0.43957978,-0.36416674,0.037765205,0.309857,-0.07860932,0.39038762,-0.14535266,-0.2452162,0.0021394864,-0.2748131,-0.02122458,0.20149052,0.37897295,-0.13423859,0.26177037,-0.11245896,0.1851875,0.38085434,0.0387145,-0.14341211,0.06970616,-0.2396557,0.1577048,0.43545562,-0.34313777,0.33404258,-0.11582395,0.339887,0.18537994
O60568,0.15757863,-0.027659342,-0.11876289,-0.10262661,-0.05804161,0.44712213,-0.12350975,-0.26489127,0.15416043,0.15824682,0.16966964,-0.01750487,0.25056157,0.080502816,-0.14345112,0.16504952,-0.04434593,-0.081524305,0.25757456,-0.076384306,-0.063400485,0.024727777,-0.3231876,-0.1302207,0.37102062,-0.010204619,-0.017934673,0.081834614,0.21304798,0.20250452,-0.17413329,-0.34526792
P16152,0.25058186,0.049801126,-0.31329718,0.056395046,-0.34398708,0.33691937,-0.586234,-0.5862169,-0.16002005,-0.22842339,0.14813422,0.0712657,0.032227382,-0.030709662,-0.08749545,-0.053872675,0.1567721,0.047797337,0.14612257,-0.37166935,-0.019302148,-0.1689102,-0.33465934,0.13894361,0.21186735,0.27899584,-0.16364148,0.264737,-0.008700505,0.18059699,-0.07446459,0.06342615
P02511,0.01678297,-0.24074757,0.23443612,0.44903588,-0.13226771,0.21331593,-0.0716233,0.22196436,0.17657812,0.40094942,-0.026841424,-0.15407312,0.2597727,-0.093730144,-0.12416512,-0.044074953,0.3637262,0.27280965,-0.43023938,-0.33764017,0.14084786,-0.04913579,0.016216349,-0.11617388,-0.16762973,-0.24327075,0.014845662,-0.25610217,-0.01534462,-0.061006803,-0.11494616,0.3440717
P29350,0.13902931,0.06735253,-0.27592877,0.020932721,0.14199944,0.43614697,-0.2179133,-0.122069724,0.21485096,0.12874353,0.120534465,0.06861201,0.0013002455,0.1402762,-0.06914888,-0.055087477,-0.18800439,0.051600464,0.404056,-0.13131338,0.00863387,0.03666027,-0.045964215,0.023888737,0.21958254,-0.00048459135,-0.21423396,0.026007816,0.10779169,-0.034750696,0.00092735514,-0.12608202
P43593,-0.0037188232,-0.026228353,0.00523977,0.018592497,-0.049504872,0.3678143,-0.21092331,-0.060171016,0.16305377,0.14391103,-0.071479306,0.0582999,0.084095895,-0.011347182,0.038584568,-0.28343856,-0.15098552,0.10096809,0.15932071,-0.16809656,0.060982157,-0.31564972,-0.055167098,0.21141243,0.18709864,0.0812196,-0.2560492,-0.03762056,0.13551863,0.026052086,0.1429094,0.109178916
O94444,0.18891026,-0.026430264,0.04678578,0.18076268,-0.09111266,0.100168586,-0.15818222,-0.44717914,0.028015625,-0.08401641,0.10745557,-0.07502156,0.27630824,0.015069477,0.106477104,-0.18167225,0.041967362,0.08611795,0.051987022,-0.16471073,-0.043798834,-0.38940817,-0.23482722,0.14555125,0.13067003,0.14203893,-0.20320877,-0.0007378012,-0.047468178,0.045139026,-0.028549712,0.24700879
P0ABC7,-0.083786786,-0.07570538,0.32725325,0.46110553,-0.29446387,-0.03024932,0.4136846,-0.41351599,0.1531151,-0.06931563,0.03483816,0.007888898,-0.2228891,-0.00029636174,0.39683944,-0.0521881,-0.035257682,0.38097942,-0.14739288,0.09690744,0.06384241,-0.07951659,-0.016760852,0.18668923,-0.15206097,0.17489436,0.07878139,-0.033655405,-0.018890932,-0.23908319,0.026839633,0.54134643
P0A964,0.10282497,-0.03441067,0.058469974,0.2951377,0.0032171868,0.15469134,-0.41022873,-0.20410934,0.083145455,0.23478146,0.16446456,-0.102097996,0.27062917,0.056150638,-0.047093492,-0.107735485,0.07137794,0.12179183,0.20344898,-0.53609353,0.15646365,-0.2039626,-0.099542126,0.10734005,-0.13398218,-0.09719781,-0.26065105,0.017999426,0.027487911,-0.027038196,-0.22107887,0.35290146
P25911,0.17815144,0.018026128,-0.38003495,0.18888268,0.1592756,0.43108323,-0.06394121,-0.10286788,0.3921332,-0.05581972,0.08065967,0.114795014,-0.14349757,0.26586363,-0.20069835,0.073044725,0.056866705,0.4145012,0.26899138,0.0008124858,-0.04345847,0.09918769,-0.024610598,-0.031223312,0.09936708,0.019270713,-0.10149,-0.119479746,0.0037520751,0.010373833,0.100854725,-0.03288651
P13299,0.08858055,0.26645517,0.25634828,0.16188073,0.14010584,0.002848044,-0.24713644,-0.27502617,-0.06108244,0.14976433,0.32899165,-0.15733543,0.20870957,0.12691408,0.014568225,-0.14624599,-0.059766144,0.027390532,0.12340984,-0.37625104,-0.03642584,-0.22551553,-0.099318296,0.11764387,0.20948793,0.0059324186,-0.302092,-0.055770904,0.22255144,-0.028975753,0.06328148,0.26919016
P04818,0.01834704,0.06306745,-0.016157545,0.03938487,-0.057050217,0.0631934,-0.07563084,-0.29058892,0.08968335,0.29528293,0.45925424,-0.11278167,-0.017415732,0.14198977,0.08237212,0.26586697,-0.11470325,0.028645076,0.48904037,-0.14319637,-0.09142143,0.12792055,-0.3483941,-0.4001342,0.31701386,-0.07864176,-0.020091832,0.33736843,0.3439022,0.16395073,-0.4694606,-0.35797217
Q97QS2,0.054830924,0.004290849,-0.20023999,0.053545393,-0.4503433,0.24302009,-0.43289223,-0.3409521,-0.17020819,0.20640707,0.42006648,-0.09390038,-0.35976303,-0.13321123,-0.052522052,-0.050612092,0.0750239,0.30128938,0.35901475,-0.20474139,-0.17281859,0.012315914,-0.2644299,-0.14126895,0.39211327,0.1606303,-0.20150685,0.6005907,0.09562762,0.17958404,-0.40187344,-0.17281856
Q96EZ8,-0.071425825,0.041362256,0.28616154,0.34162435,-0.13660729,0.1465925,0.4084686,-0.09842587,0.27635753,0.02793286,0.017405238,-0.15696779,-0.05645588,-0.014573112,0.102093436,-0.04239574,-0.0010930821,0.26252586,-0.017041788,0.08038181,0.078027636,0.02323623,-0.02773318,0.0041228235,0.018793598,-0.06738109,0.0058153644,-0.0646732,0.23565724,-0.08241471,0.15311311,0.22164218
P31294,-0.30782533,-0.13312393,-0.32483277,0.084869884,-0.50479746,0.028960317,-0.24754237,-0.52265203,0.18116018,0.19089544,0.31065077,0.13334167,-0.41760495,-0.22758245,0.18214414,-0.21967328,0.112702526,0.50533414,0.4080689,0.13253605,-0.091611214,-0.05208163,0.046673592,-0.27835393,0.2528993,0.28512773,-0.009935722,0.7050532,-0.019059084,0.107133105,-0.51632196,-0.061034158
P08318,-0.29605857,0.041036993,0.27346736,-0.111294955,0.2086884,-0.18842784,0.21365014,0.59375924,0.04691302,0.13304122,-0.2067961,-0.12803298,-0.13869095,-0.15966405,-0.006651722,-0.2126422,0.19054258,0.23969603,-0.08870313,-0.057631142,-0.20455697,-0.46987116,0.29156077,0.07419623,0.22581564,-0.004148243,-0.18342757,0.09201908,0.29983786,0.2573293,0.67370594,-0.35152835
O75031,0.09694265,0.2132048,0.32659605,0.056380622,-0.033132188,-0.06936657,-0.16959693,-0.49141747,0.13243742,-0.16862425,0.06423886,0.17291743,0.011194408,-0.2115609,0.008126967,-0.41083226,0.058506556,0.012376778,-0.10848165,-0.012733012,-0.11762069,-0.49275202,0.17032316,0.30112237,0.48401886,0.22541314,-0.23851469,0.17607266,0.054626226,0.06997165,0.13031135,0.33605734
Q96AP0,-0.38765478,-0.057628423,0.25479677,-0.07378539,-0.080026284,-0.09893258,0.038463145,0.75941265,0.22996864,0.27544895,-0.3922804,-0.24811377,-0.045180053,-0.07975311,-0.030088656,-0.023780838,0.13543102,0.22248843,-0.40270728,-0.26626384,0.077395804,-0.40125698,0.17640173,-0.123605534,-0.097418636,-0.11756549,-0.09913153,-0.14357504,0.36341327,0.31699386,0.5368374,-0.34041506
Q8N960,-0.070614204,-0.13484079,0.11811008,0.0294689,-0.27311736,0.3902878,-0.18475673,0.32253632,0.4013801,0.36849782,-0.41083798,0.026553392,0.061066806,-0.10753905,-0.20166068,-0.16421962,0.05455926,0.3494387,-0.38392627,-0.29370806,0.09266584,-0.4225672,-0.12559614,0.045515366,-0.035700366,-0.0904131,-0.15788469,-0.15243307,0.1506227,0.31579465,0.12977682,0.026493363
P41797,0.14297102,-0.1938501,-0.7856598,0.19276056,0.061256092,0.13398586,-0.044581026,-0.29134187,0.33117992,-0.13859278,0.13343625,0.29402596,-0.504052,0.3307552,0.13326931,-0.13472357,-0.0063877553,0.29412127,0.3749994,0.2187032,-0.060715005,-0.025444329,0.17703483,-0.32107544,0.041288033,0.25362745,-0.31123534,0.46963614,-0.08518019,-0.18352503,-0.2520018,-0.2406592
P00330,-0.09648867,0.02539809,-0.30663612,0.02860116,-0.4297542,0.44823632,-0.6569376,-0.29745653,-0.091603905,0.14145008,-0.031194653,0.18319833,-0.17334323,-0.13289875,0.090841495,-0.16833666,-0.09331736,0.052414823,0.2941459,-0.5401601,0.31464526,-0.26616752,-0.2794693,0.25473192,0.08469799,0.14750555,-0.21731961,0.3059323,0.16109404,-0.07885285,-0.048719708,0.20068313
O43639,0.1319366,0.04491642,0.019087382,0.4320349,0.031498287,0.23954913,-0.03200972,0.22056216,0.29802856,0.19924822,0.04955248,-0.10489137,-0.0864808,-0.0041828156,-0.26149493,0.023529232,0.23304711,0.60306877,0.029275358,-0.3562221,-0.016320199,-0.0559877,-0.07533224,-0.029905632,-0.07135642,-0.2576142,-0.15013295,-0.13700154,-0.030343458,0.029697383,0.07327671,0.23281981
P03485,-0.2332397,0.5093748,0.49978024,-0.10189669,0.2877568,-0.3771625,-0.28798348,0.3696964,0.030126642,0.17819875,0.18914229,-0.034670547,0.03920588,-0.3406721,-0.33359528,-0.28191325,0.5697099,0.11562581,0.038268074,-0.4595521,-0.35637438,-0.5642152,0.40216416,-0.083891734,0.5243264,-0.07018438,-0.35807684,0.27683908,0.43970412,0.50798666,0.38143477,-0.21950863
P08638,0.07750292,-0.10364899,0.16497707,0.15347548,0.012732979,0.31201187,-0.09371027,0.2459423,0.0941766,0.050721433,-0.020513516,-0.028891653,0.14521247,-0.22752383,-0.25681823,-0.18311664,0.26922134,0.27809933,0.123271465,-0.21922828,-0.122107305,-0.40785146,-0.096324116,0.08665292,0.43909395,-0.087878235,-0.0789874,-0.0614004,0.048566055,0.23101531,0.42783877,-0.09482908
Q59NQ5,-0.11558214,-0.1330069,-0.28029603,-0.03414648,-0.37409356,0.45387647,-0.28925118,-0.25472263,0.04145174,0.102826044,-0.088627994,0.084107295,-0.0134304315,-0.037546597,0.16290262,-0.26116493,-0.08234288,0.09739053,0.21659517,-0.2700526,0.1816681,-0.3121497,-0.14329049,0.20198934,0.020145997,0.1949059,-0.24326456,0.22744144,0.07502076,-0.044993434,0.011247944,0.08365692
Q12629,0.002657786,-0.116882995,-0.253714,-0.13191187,-0.48683405,0.6133671,-0.5076226,-0.41390973,-0.07992604,-0.031160802,-0.06895317,0.15475196,0.04837574,-0.15467855,0.05542656,-0.17867997,-0.02897124,-0.026362024,0.10894483,-0.17028707,0.11129181,-0.24098375,-0.33851603,0.2527159,0.30267066,0.33576635,-0.08522873,0.16808413,0.08874126,0.16001491,-0.001134105,-0.022113413
Q16543,0.07636592,0.047183238,0.3415215,0.21528998,-0.07598516,-0.107569605,0.13083142,-0.7953095,0.10146194,-0.05917588,0.4465085,0.01157333,0.14364266,0.050800167,0.24247983,0.013963848,0.1406568,0.27852002,-0.10626005,0.22556333,-0.30138925,-0.10376016,-0.12713933,0.015724972,0.43113655,0.27164027,0.20812976,-0.19347185,-0.1253835,0.035950895,-0.12365112,0.3958614
P03952,-0.10012634,0.1351038,0.019120224,-0.024126152,-0.0016946532,0.46135738,-0.4384529,0.22227454,0.27271217,0.41250524,-0.08898805,0.11164883,-0.005586177,-0.08617302,-0.22775266,-0.1103628,-0.12897354,0.089666545,0.2206356,-0.37879944,0.14403059,-0.21365751,-0.096945405,0.12255439,0.2199121,-0.08036076,-0.21895623,-0.08331674,0.32635942,0.120595105,0.12716758,-0.024230856
P50552,-0.0835177,-0.15301846,0.32028532,0.61702305,-0.33363634,-0.12179349,0.45597732,-0.059213337,0.3151603,-0.03208612,-0.2806457,-0.23713051,-0.2803762,-0.18768182,0.16056171,0.2223244,-0.017689213,0.24263701,-0.34703243,0.15803508,0.34210142,0.119509175,-0.0058769025,0.06175796,-0.42703253,-0.091742754,0.35606727,-0.08544582,0.020113932,-0.3054238,0.087858245,0.32962722
P09237,0.07064526,0.3335053,0.07815104,0.2279777,0.04435118,0.1809573,-0.1931871,-0.20209613,0.09544461,0.26167688,0.32546803,-0.08555317,0.0061796904,-0.044955492,-0.101911634,0.13635913,-0.08289674,-0.07888677,0.46190137,-0.44717777,0.15648195,0.07053052,-0.25452733,-0.09088859,0.20272146,-0.2869986,-0.10668091,0.1894533,0.33976388,-0.09588044,-0.14577381,0.005700063
Q00987,0.18662427,-0.23880136,0.09633923,0.3576997,-0.10069956,-0.120165415,0.6137347,0.2738303,0.10205495,-0.0637856,-0.44033173,-0.52273643,-0.18677804,-0.11181986,-0.032646827,-0.05561599,0.010899305,0.21698254,-0.5798428,0.2300509,0.09104017,0.036555916,-0.05180094,0.124014795,-0.32375532,-0.21485834,0.010615818,0.122897014,0.04167661,-0.13787243,0.33232644,-0.041923102
O14036,0.07303576,0.023828924,0.30421847,0.014233967,0.053690616,-0.06352107,-0.49952963,-0.33897763,0.11150522,0.5065549,0.19614194,-0.20881416,0.47118056,0.25819153,0.03231258,-0.20650303,-0.07657261,0.060816407,-0.12717593,-0.45168978,-0.058707546,-0.31057104,0.018749021,0.056785345,-0.19912115,0.04127861,-0.41374356,-0.05285272,0.096359394,0.20209962,-0.5018703,0.3392595
Q9NQ66,0.10095258,-0.03969559,-0.18161812,-0.016737835,0.20007126,0.3938121,0.035235733,-0.120329894,0.32533535,0.24241953,0.2430092,-0.0003702417,0.15065649,0.13530692,-0.2046443,0.1660203,-0.037925154,0.07813525,0.3722667,0.17019136,-0.15778354,0.21567063,-0.10490574,-0.27252704,0.40205193,-0.09184412,0.04834947,0.043901682,0.1872316,0.13809843,-0.17301735,-0.44001523
P08168,0.028575197,-0.11473709,0.040077865,-0.2460919,-0.24142508,0.28161523,-0.23326786,0.016408972,0.46934766,0.5156063,-0.13138081,-0.075461835,0.33269387,0.15460283,-0.03513302,0.053141512,-0.009152606,0.15558071,-0.4424412,-0.08141461,-0.16920343,-0.25077197,-0.18703791,-0.3611281,0.15614225,0.02703018,-0.08391378,-0.29336026,0.14741415,0.49926966,-0.33714563,-0.21233915
P60520,0.23974927,0.21592748,0.15443785,0.22773343,0.29822105,-0.2559572,-0.3481388,-0.42846084,-0.038024817,0.12580033,0.5872917,-0.22154371,0.23800159,0.28468433,0.044415794,0.22924832,-0.14444342,0.05684068,0.49879807,-0.4333688,-0.15260799,0.034253433,-0.3022512,-0.20420744,0.17563628,-0.1047828,-0.124525614,0.053110518,0.19954398,0.17358063,-0.34377497,-6.614998e-05
P04053,0.07731505,-0.09392613,-0.006790787,0.09536581,-0.12087512,0.4053723,-0.14373434,-0.17717013,0.16478847,0.013986498,0.054943386,0.031072944,0.20958081,-0.036656424,-0.028132252,-0.09113288,0.042320736,0.052063707,0.22546363,-0.13066584,0.012809387,-0.27182037,-0.20982093,0.04618001,0.29330254,0.0670755,-0.06860199,-0.08301583,0.061081372,0.08190302,0.09850587,-0.009998573
Q9CXW4,-0.12148978,-0.13999547,0.17501678,0.14005758,-0.18134739,-0.398549,-0.25303912,-0.42812836,0.09550106,0.20269763,0.47504,-0.17428045,0.09729418,0.30505276,0.36554095,0.21193604,-0.08078249,0.15020582,0.32606632,-0.23296909,-0.044615556,-0.19602415,-0.2761782,-0.5499481,0.017845914,0.13724533,0.03208813,0.17146638,0.2600955,0.31515324,-0.5844702,-0.12441325
P62913,-0.12148978,-0.13999547,0.17501678,0.14005758,-0.18134739,-0.398549,-0.25303912,-0.42812836,0.09550106,0.20269763,0.47504,-0.17428045,0.09729418,0.30505276,0.36554095,0.21193604,-0.08078249,0.15020582,0.32606632,-0.23296909,-0.044615556,-0.19602415,-0.2761782,-0.5499481,0.017845914,0.13724533,0.03208813,0.17146638,0.2600955,0.31515324,-0.5844702,-0.12441325
P68400,0.28752184,-0.059333608,-0.4056062,0.20626761,0.109626845,0.28633535,0.06763175,-0.3875956,0.46632007,-0.24739668,0.15168205,0.083531275,-0.010260791,0.39189944,-0.13389063,0.28592896,0.13688739,0.22029874,0.12613541,0.2118045,-0.07077872,0.18432246,-0.14576161,-0.29427284,0.18430878,0.08164875,0.050725475,-0.10351381,0.064671196,0.09480446,-0.11652692,-0.16162905
P59240,-0.09591874,-0.09731111,0.350562,-0.039081782,-0.09366165,0.2622961,-0.29701552,0.61967725,0.2920665,0.4899677,-0.22140618,-0.035845414,0.16884923,-0.20163813,-0.29106736,-0.16308153,0.17750315,0.18815055,-0.19773635,-0.48145425,-0.05795346,-0.52888066,-0.06391704,-0.06826253,0.27245063,-0.19102201,-0.20864221,-0.17431867,0.24661157,0.45044482,0.22045371,-0.17400225
Q9Y6I3,-0.09531386,-0.010891572,0.2708321,0.4137852,-0.17848308,-0.14592405,0.6429505,-0.07338904,0.32765505,-0.27016187,-0.34024742,-0.22509587,-0.37446272,-0.07189749,0.08229529,0.30620676,-0.17495231,0.32508928,-0.17436302,0.3745342,0.20975919,0.106634095,-0.09071195,0.1733011,-0.32209048,-0.005446514,0.37120107,-0.038855508,0.16314682,-0.13614327,0.41202036,0.025230642
P0A7V8,0.022281215,0.17764455,0.036798082,0.19712278,0.041274678,-0.08595258,-0.28693974,-0.46442664,-0.08602434,0.09232415,0.5340317,-0.062857434,0.0024802685,0.097691394,0.15623528,0.17576617,-0.19019382,0.017707624,0.6669039,-0.33077714,-0.00057545956,0.060812578,-0.36729038,-0.14078753,0.26238656,0.0031665359,-0.03562063,0.25794667,0.29843342,0.051932283,-0.2620197,-0.054110277
P03375,-0.48172653,0.113477334,0.39953908,-0.29092243,-0.02906515,-0.18587418,-0.10141347,0.78672206,0.16314499,0.41781503,-0.18143365,-0.21995953,0.00080029666,0.051557623,0.03898274,-0.124681026,0.20778422,0.18377188,-0.29179,-0.47110063,-0.13583213,-0.63434875,0.27699998,-0.2096904,0.108119234,0.0037074033,-0.34736952,-0.1313641,0.5036288,0.4917762,0.53123367,-0.38489306
O34002,-0.14806005,-0.05038914,-0.0722196,-0.008319164,-0.4549598,0.3536557,-0.51117,-0.38308927,-0.19461267,0.086588204,0.19436486,0.09711346,-0.025812417,-0.21862587,0.104000576,-0.15189078,-0.020007052,0.049150243,0.38082916,-0.3612966,0.112076245,-0.1794297,-0.33337206,0.15780126,0.3232162,0.22614692,-0.081053786,0.35551614,0.21222174,0.13277675,-0.0885586,0.035751794
P10443,-0.10692192,-0.08522022,-0.37980846,0.0064887535,-0.16401787,0.36829516,-0.3002197,-0.40128496,-0.036001842,0.022885382,0.19438793,0.1907605,-0.13017248,-0.07584564,0.14548525,-0.19642305,-0.13560934,0.13373905,0.5818694,-0.07291826,0.05903543,-0.016269974,-0.069576874,0.12519306,0.2633881,0.23659195,-0.092349045,0.38376766,0.04598085,-0.09256964,-0.04644728,-0.06477338
P61964,0.15695609,0.1399106,-0.46506527,-0.05964295,-0.097293004,0.39080352,-0.6845474,-0.15648687,0.271374,0.17148118,-0.26628795,0.2532287,-0.09794824,0.110102676,-0.20541123,-0.16950664,0.0064549074,0.34160137,-0.31590712,-0.34190822,0.0070023416,-0.26466262,-0.08924791,0.17502555,-0.053313956,0.188602,-0.32567355,-0.055807948,-0.032871388,0.19420509,-0.04630876,0.16805564
O22793,-0.12334177,0.025834963,0.25839892,0.3100977,-0.21603124,0.17236121,0.27225152,0.049311392,0.336191,0.37195775,0.024286482,-0.33742052,0.2715238,-0.20231423,-0.16427748,0.15476665,0.31806403,0.04882636,-0.1966488,-0.21102802,0.23437862,0.1588258,-0.030880023,-0.2872637,-0.1409859,-0.42051503,0.14321384,0.013832763,0.2624664,-0.014158165,-0.15795726,0.051775906
P04806,-0.056654677,-0.111323506,-0.094431944,-0.0567708,-0.23938082,0.38905346,-0.25173298,-0.21258104,-0.028583322,0.13748404,0.10799523,0.08408484,0.06137833,-0.09985412,0.05111503,-0.116686195,-0.11447914,0.0021509007,0.4294632,-0.25248772,0.06670114,-0.17433697,-0.23861286,0.06885731,0.29310018,0.09561325,-0.13925177,0.33139297,0.20824647,0.09636839,-0.0662975,-0.15681517
P04807,-0.062156267,-0.10431887,-0.0801749,-0.060172655,-0.2576127,0.39952967,-0.27294606,-0.20689295,-0.029896226,0.14882706,0.1037419,0.08813135,0.058080763,-0.10991541,0.041824453,-0.1019122,-0.11065547,-0.004176505,0.4227788,-0.2667308,0.07688066,-0.17420706,-0.2579054,0.069715455,0.30287504,0.09438901,-0.13080814,0.32790694,0.22706264,0.10801419,-0.07689947,-0.15371107
P02746,-0.73593366,0.4615596,0.41906396,-0.005017685,-0.43961614,-0.08361881,-0.08425814,-0.20484564,0.61073035,0.4368863,-0.04180332,0.18510115,-0.15289247,-0.01546485,0.14367893,0.16846998,-0.12253232,-0.17346132,-0.15613109,-0.38408494,0.63408965,-0.1357142,0.32230744,-0.30694532,-0.51330584,-0.06370616,0.09402834,0.039863303,0.68235296,-0.055906657,-0.2622867,0.18812476
O88951,0.19008522,0.1460097,0.22341502,0.34115052,0.170763,-0.063411765,0.11862868,-0.34791744,0.054193232,-0.014105752,0.4050672,-0.20066075,0.20191824,0.16688392,0.05828955,-0.07645652,0.13861033,0.24109992,0.08503643,-0.16467601,-0.17963755,-0.067894086,-0.043820385,-0.048426956,0.13752122,-0.057672285,-0.16866833,-0.06046824,0.027932905,-0.02647146,-0.019404877,0.27241266
O76054,0.23592387,0.0031169206,-0.20408043,-0.0053590555,0.0010397546,0.38132226,-0.24162821,-0.35814095,0.116649635,-0.062051654,0.14426747,0.062417775,0.19462192,0.16422465,-0.030419007,0.014480919,-0.054472923,-0.02039326,0.20046401,-0.12247558,-0.067662165,-0.09955757,-0.25816885,0.01323089,0.29014212,0.13730316,-0.124910004,-0.05962345,0.070926815,0.13222985,-0.0084634535,-0.115373135
P54786,-0.18953091,-0.19117126,-0.020630695,-0.1164558,0.27736467,-0.08997953,0.49481964,0.6276101,-0.20377904,0.09040456,-0.4556669,-0.4627415,-0.10715303,-0.10940479,-0.06559362,-0.13264528,0.12095911,0.2732403,-0.3693476,0.21407984,-0.21536243,-0.13536114,0.12431565,0.30637383,-0.20791122,-0.021566456,-0.036057778,0.14502914,0.059097737,0.08015125,0.7604666,-0.44499508
O43614,0.11337234,-0.059771746,-0.043703593,0.25764847,-0.06795439,0.19154853,-0.0098282695,-0.28489113,0.15052299,-0.19424772,-0.060666915,0.14837295,-0.0310148,-0.2083301,0.077145,-0.3724294,0.07309435,0.23644707,0.08195174,0.09044665,-0.024656922,-0.36458382,0.015516486,0.21182175,0.29342622,0.15490808,-0.124032564,0.11431133,-0.11331057,-0.082995854,0.18597744,0.26587108
O58966,0.067022815,0.12180165,0.079474844,0.055353798,-0.123970136,0.12107442,-0.5270691,-0.33396205,-0.08461593,0.15681933,0.19811387,-0.09486513,0.18008262,0.115289606,0.07105536,-0.08773665,-0.18890987,-0.05116176,0.24335846,-0.5747578,0.11015871,-0.2873314,-0.29886472,0.12802185,0.0635919,0.07033511,-0.3261807,0.102211684,0.2409307,0.114224546,-0.103823744,0.15537682
P61086,0.36692828,0.3254194,-0.16016611,0.32596707,0.44056308,-0.048320383,-0.3091811,-0.34531593,-0.046483804,-0.09891276,0.47342375,0.05299768,-0.043326706,0.19365492,-0.098980136,0.025705904,-0.0845644,0.068086304,0.5001144,-0.3808927,-0.10787176,0.046291247,-0.14106041,-0.009926438,0.27393842,-0.08747005,-0.24445462,0.1208566,0.07900502,-0.10659239,0.03228357,0.043984924
P0ADY3,-0.0704606,0.21128273,0.073726036,0.11822838,-0.027058888,-0.21334024,-0.48228556,-0.28066,0.14261936,0.4174709,0.36336908,-0.14410278,0.022212356,0.20898327,0.19533437,0.15855102,-0.1707025,0.075223714,0.3873266,-0.57062685,0.11294279,-0.083647415,-0.15201059,-0.32285142,-0.0779914,-0.11259068,-0.18212041,0.2040343,0.3175588,0.14241423,-0.5233629,0.039886583
P33421,-0.22203818,-0.07779804,0.5818294,0.28317738,-0.16571254,-0.024134591,0.30290085,-0.66329336,-0.18330593,0.2543191,0.37248933,0.038671523,0.08649969,-0.019976847,0.36367163,-0.23432383,0.104200065,-0.026031502,-0.0807489,-0.21781272,0.13278951,-0.07386671,0.087957546,0.38523948,-0.03836167,0.09019054,0.05052312,0.18185404,0.08453422,-0.4335697,-0.09811595,0.75618124
B9VJ59,-0.41040266,0.15888008,0.33839342,-0.2775158,0.11630471,-0.10633894,-0.20515564,0.8739285,0.09176182,0.3802024,-0.19036049,-0.13770257,-0.034423172,-0.07851061,-0.09873038,-0.17927358,0.25511488,0.20088768,-0.078513615,-0.5256394,-0.20175424,-0.6744931,0.25406572,-0.04763128,0.23758037,-0.051108375,-0.40451273,-0.07625121,0.4740308,0.49262473,0.6343856,-0.4182818
P13232,0.019882485,0.05369158,0.6102516,0.23447323,-0.011366833,-0.019246824,-0.38022435,-0.22043768,0.2825221,0.114641346,-0.04989041,0.118677005,0.4990226,-0.5917941,-0.25650644,-0.29690185,0.30366933,-0.6417679,-0.043611743,-0.31566194,0.40008727,-0.4620092,0.18682054,0.013168082,0.39811802,-0.24997962,-0.011015639,0.2993437,0.2882558,0.008115599,-0.28918564,0.314165
P98170,0.15320839,0.07537873,0.12648904,0.24158585,0.1538259,0.19517659,0.07930809,0.07284518,0.09257277,0.08613235,0.27764672,-0.15857366,0.11029461,-0.069912344,-0.21331745,-0.07813181,0.20470849,0.24898204,0.2655828,-0.19427475,-0.16587918,-0.13649279,-0.06010731,-0.07637107,0.3776334,-0.1995841,-0.13660264,0.012711719,0.06985427,0.05875827,0.22898787,-0.069123074
Q8E4T9,-0.32192326,0.065101594,-0.022855803,-0.086048536,-0.3508588,0.38339475,-0.1539579,0.044531472,0.28499165,0.32772255,-0.29221776,0.018572241,-0.008950442,-0.22853148,-0.117462754,-0.16369614,-0.009996876,0.08785658,0.09698275,-0.33983165,0.33222178,-0.2973257,-0.07996076,0.11022737,-0.0742165,-0.10927186,-0.13472229,0.2696518,0.39325577,0.11839394,0.11894733,-0.038595
Q08379,-0.19041172,0.56255794,0.6754541,-0.18383282,-0.16929734,-0.17076996,0.71932346,-0.4812333,0.12225338,-0.11746368,-0.073265016,-0.009701759,-0.73123866,-0.024738632,0.288243,0.0778917,-0.1888466,0.45820233,-0.43336964,0.20406578,-0.25676966,-0.26216948,0.32878715,0.5780504,-0.06802194,0.1873013,0.14229727,0.20534837,-0.0361583,-0.0005178652,0.413615,0.17511168
P00191,-0.11723255,-0.08302009,-0.31938657,0.022285094,-0.123431265,0.48282412,-0.43092024,-0.28707013,-0.07036175,-0.016174108,0.011370126,0.3016941,-0.024350524,-0.17589238,0.047743402,-0.3611299,-0.096430376,0.011991605,0.4710284,-0.19405809,0.2091801,-0.2804367,-0.08191337,0.35833502,0.2367496,0.22621629,-0.13578579,0.1901204,0.052719124,-0.18319204,0.23050857,0.11716378
P09032,0.0048219115,-0.17909956,0.118581034,0.07795721,-0.14425169,0.36167702,-0.1302586,0.17697972,0.09516198,0.13656572,-0.15140139,0.025351033,0.15752888,-0.20328249,-0.11918055,-0.28337082,0.12732333,0.16183099,0.07249004,-0.30247265,0.02214798,-0.51294994,-0.13892749,0.15441352,0.2369679,-0.04397004,-0.1880624,0.03651783,0.094625995,0.16664508,0.2856175,-0.0122094285
A0A6L0XFC6,0.13494168,0.071056604,-0.05644671,0.17070639,-0.019425962,0.06466815,-0.071255974,-0.3599429,0.049012493,0.053321943,0.29437473,-0.17377657,0.14956069,0.2223975,0.07103964,0.050270714,-0.0011736453,0.0010816529,0.23564032,-0.35875517,0.04821145,-0.03748355,-0.20453426,-0.13117428,-0.0019965023,-0.07229368,-0.21408466,0.17852443,0.17785284,-0.0039524096,-0.1826388,0.04838941
P09056,-0.024075732,0.11841775,0.57631785,0.14523079,-0.13977693,0.04790256,-0.5811647,-0.30544135,0.2668515,0.10620801,-0.047300022,0.17220056,0.4536271,-0.5892014,-0.25469863,-0.22133148,0.20719281,-0.6479695,0.012478113,-0.34583688,0.41324684,-0.47060215,0.02764013,0.025105521,0.46976995,-0.13456279,0.03541727,0.23742293,0.37486607,0.12572461,-0.30457237,0.2791634
P11229,-0.019923612,-0.0039940923,-0.058177195,0.28942764,-0.2111639,0.27718553,0.11077142,-0.29552603,0.29218116,-0.18431175,-0.22568835,0.13096182,-0.09302614,-0.27285305,-0.030400135,-0.19090018,0.08791743,0.30770338,0.09107648,0.12856053,0.17716782,-0.23785186,-0.044579316,0.2116277,0.07548484,0.03951259,0.026241638,0.1936827,0.02078328,-0.09812006,0.1718327,0.2471046
P19784,0.40327835,-0.026610672,-0.39500546,0.13090989,0.23291765,0.27105924,-0.091035135,-0.40059555,0.32100332,-0.2231915,0.23136671,0.124443084,0.053088486,0.43276462,-0.105079755,0.24199146,0.056437105,0.10036961,0.15997627,0.11463909,-0.16999888,0.13915162,-0.20919755,-0.24093191,0.30405372,0.12593995,-0.027398638,-0.11457196,0.052598618,0.14401086,-0.14230613,-0.21214391
Q13951,0.04265493,0.28571898,0.46687704,0.001244057,0.12383586,-0.12533265,-0.06930802,-0.30667517,0.09934223,0.4301582,0.45091233,-0.30282724,0.38829005,0.18403766,0.053263254,0.007610619,0.016359791,0.07296205,-0.14585856,-0.18632622,-0.26057035,-0.09351374,-0.022698086,-0.21994133,0.2938115,-0.06444114,-0.15395641,-0.17320612,0.2333909,0.19067003,-0.2507587,0.10365911
P09326,0.12476538,-0.09996253,0.27546796,0.15662114,-0.0056792684,0.14390334,-0.22848573,0.10547761,0.17800532,0.48747516,-0.10093756,-0.07969576,0.29045713,-0.019291475,-0.13749471,-0.38862172,0.07647118,0.16627428,-0.40775037,-0.44823992,-0.0023868913,-0.38709342,0.075600564,0.11811374,-0.14882037,-0.14977229,-0.41441697,-0.022598177,0.008970968,0.098662384,-0.17147756,0.31393623
P03880,0.04212621,-0.08725712,-0.05866293,0.07914194,-0.09443477,0.2824246,-0.088301346,-0.26626548,0.043298688,-0.08950895,0.005973462,0.04037848,0.10242331,-0.06244871,0.15296993,-0.34351316,-0.07701479,0.092060655,0.2419182,-0.06698272,-0.0012590522,-0.36734015,-0.06812015,0.22650085,0.24270247,0.1652547,-0.21441206,0.07990685,0.0051781535,-0.028335748,0.21340686,0.10348691
P20065,-0.5571525,-0.33850637,0.5800732,0.36648804,-0.07896577,-0.14866257,0.0025942326,-0.52504003,-0.2713888,0.43776253,0.6179543,-0.011213869,0.25255367,0.27262217,0.37548426,0.18283196,0.17960465,-0.015221722,-0.03628979,-0.2390467,0.17211136,0.21117441,0.13991624,0.14880744,-0.2846332,0.29415813,0.37494004,-0.27304754,0.13809884,-0.43107346,-0.1979456,0.66149724
Q06124,0.15954699,0.063879564,-0.27057388,0.036228098,0.14804994,0.42442453,-0.17370652,-0.121044196,0.24258319,0.121110395,0.1295466,0.04855211,0.0074617416,0.16249418,-0.08576237,-0.0338123,-0.15503319,0.07846193,0.3722552,-0.11374243,-0.013596182,0.046237603,-0.047267634,-0.009132579,0.21187265,-0.018241366,-0.2116068,0.012590498,0.09676267,-0.021848598,-0.012458462,-0.12738392
Q383B2,-0.14709225,0.020911843,-0.19986689,0.3007069,-0.2067358,0.11182526,0.07932286,-0.33137923,0.31992432,0.052061383,0.057484094,-0.0144486725,-0.20875329,0.14825347,0.23981258,-0.08795759,-0.0553727,0.31343946,0.2853028,-0.15458804,0.27192125,-0.012694322,0.09161611,-0.074228704,-0.31961268,0.0024014711,-0.21463412,0.29250154,0.12937212,-0.22530448,-0.20109004,0.29721797
P48415,0.073435694,-0.24108866,0.034383215,0.10694579,0.08600822,-0.18647277,0.8136947,0.36929566,-0.09308075,-0.1479702,-0.5802401,-0.5827812,-0.26867723,-0.17254284,0.01907812,0.018928677,-0.07239418,0.013658844,-0.5707634,0.35200202,0.02665573,0.021267444,0.05180448,0.3162498,-0.5124878,-0.15020889,0.17955112,0.2774117,-0.1172116,-0.18944363,0.5333475,-0.37958413
P16143,0.20866014,-0.12504128,0.26596007,0.59894776,-0.06822848,-0.23538935,0.62666523,0.11109441,0.23401499,-0.18720922,-0.31750968,-0.41097802,-0.20617771,-0.28647265,-0.09751162,0.090759516,0.10351431,0.37017465,-0.3064484,0.2598725,0.0642739,0.07353768,-0.02723663,0.08521866,-0.21485367,-0.28602877,0.2074672,0.11161454,-0.04555604,-0.15034094,0.26050794,0.1074893
O74499,-0.047336623,-0.09267366,0.30683175,0.4068094,0.002237875,0.005411938,-0.28249404,-0.20522699,0.17686641,0.3808707,0.23587312,-0.13700102,0.3436247,0.15176213,0.029629253,0.062056303,0.15738177,0.18858287,0.025152609,-0.44242346,0.18296011,-0.045504898,0.0786933,-0.10389359,-0.3178575,-0.14093626,-0.02896192,-0.192171,0.074889585,-0.053294506,-0.38973442,0.45161647
P18065,-0.24093106,0.019029707,0.3468245,0.3578235,-0.079725415,0.12574367,0.25948268,0.2027592,0.25739384,0.3239845,0.09818153,-0.2089673,0.16087121,-0.13379669,-0.0074661747,0.10570863,0.22993523,-0.023045503,-0.14044765,-0.113885865,0.23972054,0.20704259,0.083562985,-0.3061958,-0.0066547394,-0.29107323,0.1894126,-0.18719637,0.40346187,-0.0940746,0.047506835,0.066658124
P01586,-0.10735002,0.070161894,0.65589166,0.3053452,0.058004376,-0.100285426,-0.20741881,-0.003465034,0.23961815,0.16549768,0.014624033,0.12683861,0.3359239,-0.509873,-0.18898445,-0.25956488,0.3859343,-0.52976006,-0.069318146,-0.3657369,0.38670757,-0.35994816,0.2952065,-0.05669798,0.34465206,-0.29568228,0.00220716,0.27890474,0.39706987,-0.056136984,-0.14411466,0.29521096
Q92734,-0.008096591,-0.18101558,0.13354239,0.4567912,-0.21762209,-0.1558091,0.42209327,0.2618037,0.1839902,-0.1347709,-0.52126265,-0.35450983,-0.3637143,-0.15171781,0.124727644,0.19156125,-0.052224055,0.039993275,-0.6528064,0.1913924,0.39820364,0.070021674,0.014893439,0.10189828,-0.5082698,-0.092611276,0.32416433,-0.10416618,0.038360223,-0.2883486,0.36169866,0.023247223
P03957,0.09935297,0.089716956,-0.030365221,0.10026517,0.017374698,0.39232954,-0.18651655,-0.05493001,0.17519695,0.17803854,0.13591565,-0.01954554,0.10208428,0.035492443,-0.112629846,-0.040236756,-0.06755637,0.024963304,0.31794924,-0.3058368,0.056438137,-0.1148187,-0.16916883,0.018721446,0.19075309,-0.088596486,-0.20957455,-0.025473744,0.16519615,0.0060803206,0.03333981,-0.0133270025
P00257,0.053511694,0.05583696,0.1809144,0.4266864,-0.0962739,0.11523232,0.28326705,-0.12659466,0.1901436,0.26203638,0.15620556,-0.3816752,0.18607688,-0.15700516,-0.15934363,0.08218995,0.32219535,0.16242796,0.008600995,-0.24490106,0.1856121,0.19235055,0.027309906,-0.15566163,-0.1375606,-0.44360772,0.0074688494,0.24286702,0.14097907,-0.16488521,-0.24293908,0.22091766
P49710,-0.38901114,0.036978707,0.31937575,0.23861015,-0.17626837,-0.059439432,0.33253434,0.38023907,0.119196795,-0.041553557,-0.313508,-0.18688788,-0.43642262,0.021701537,0.33755806,0.3094741,-0.1283843,0.02312871,-0.39879662,0.070108205,0.40526345,0.063133344,0.04956376,0.09335936,-0.25575864,0.07580885,0.33500504,-0.3460047,0.423171,-0.19329031,0.60546553,-0.012629438
P08171,-0.14041182,-0.05155182,-0.15308085,-0.054702684,-0.2704818,0.5297241,-0.48178416,-0.097387515,-0.085753046,0.17878601,-0.035949018,0.2182754,-0.010467142,-0.21396714,-0.040126897,-0.21669057,-0.08731876,-0.07622925,0.37579113,-0.4012286,0.23377334,-0.2835645,-0.25409058,0.25520313,0.25162774,0.10663399,-0.16204384,0.25469208,0.27001554,0.0043693655,0.11049594,-0.0356119
P00568,0.29298133,0.0818432,-0.15201262,0.261086,0.079068586,-0.038605176,-0.40429127,-0.72246855,-0.13637927,-0.26515794,0.3485489,-0.0075727627,0.20678324,0.09752194,-0.011396132,-0.13133228,0.081547186,0.10538306,0.33638433,-0.2901851,-0.09577151,-0.18792477,-0.18368909,0.14784946,0.093453676,0.18068694,-0.18539679,0.20749196,-0.10561233,0.029729811,-0.09004572,0.23199053
O43255,0.0025490671,0.04514952,0.09600333,0.21099836,-0.12198949,0.15890995,0.20311421,-0.11751608,0.43634987,0.19640909,0.18202646,-0.17701636,0.14017695,0.14620745,-0.049076818,0.22216073,0.17604288,0.22728544,-0.00757502,-0.08221722,0.0017508147,0.064698234,-0.11493686,-0.42151904,0.025160909,-0.18636021,0.03791871,-0.12347287,0.20789006,0.13341475,-0.1921633,-0.035663314
Q9NDG0,-0.07103603,0.035996318,-0.041695543,0.034154013,-0.4090349,0.21873808,-0.53874934,-0.31099993,-0.28808668,0.19582063,0.32913414,-0.07457973,-0.12821907,-0.13945404,0.078615,-0.12877032,-0.05254437,0.12367231,0.3946423,-0.4788257,0.013293237,-0.13555074,-0.32718045,0.07329363,0.26027232,0.15476078,-0.2448371,0.46202695,0.21648797,0.14203258,-0.1956915,0.008330826
Q14103,0.20212866,-0.17930126,0.15834394,0.66355205,-0.17660291,-0.02349341,0.32174426,0.08667246,0.26841065,0.004384458,-0.25186723,-0.34750414,-0.12573123,-0.23662636,-0.11484482,0.076645315,0.18962187,0.3997714,-0.25902745,-0.024546474,0.1914611,0.077365115,0.00070274994,0.0143354535,-0.27221376,-0.33672047,0.097366,0.078886315,-0.09349104,-0.22302663,-0.008001331,0.33419204
O08547,0.20024319,0.06441831,0.24991745,0.23715997,0.028980251,-0.0010900758,0.16051379,-0.54655653,-0.0150359785,-0.049522668,0.29817417,-0.12494853,0.21383089,0.082115956,0.19405127,-0.1537975,0.04309067,0.16294912,-0.03805279,-0.015479341,-0.19029143,-0.19501248,-0.1582928,0.149997,0.25639075,0.094651796,-0.110785075,-0.054304704,-0.044040523,-0.06791524,0.008847449,0.35607225
P18545,-0.7911239,-0.21047258,0.6162874,-0.004084835,0.057755437,-0.25105214,-0.18806623,0.70949167,-0.41615477,0.6422228,0.13516466,-0.053477883,0.050336063,0.16242373,0.07086269,0.069823556,0.44075006,-0.2875198,-0.45027143,-0.6374997,0.25481218,-0.22291799,0.24637826,-0.011098355,-0.195224,0.08605052,0.0663091,-0.23856574,0.72719747,-0.16617903,0.42980665,0.064677864
P0AFL3,0.054366276,0.27416456,-0.17122188,0.20569882,-0.06336498,0.09483148,-0.4672439,-0.22239046,0.09605685,0.27434605,0.23317923,-0.00396578,-0.19797197,0.052909635,0.0031917468,0.14561068,-0.13706365,0.020143293,0.49282068,-0.61140996,0.24664359,-0.009470046,-0.23186707,-0.122082606,0.029080108,-0.19918789,-0.2294172,0.37107125,0.29657167,-0.09590063,-0.3088276,0.039963286
Q8X1X3,0.13571249,-0.068569735,-0.47261724,0.12701768,-0.35013598,0.16512668,-0.30330172,-0.30922186,-0.025467787,0.10926473,0.3350789,0.0011532083,-0.48078567,0.18660715,0.067302726,0.060826547,0.09501253,0.23188278,0.27784067,-0.2185294,-0.040431853,-0.08987238,-0.26182678,-0.31410873,0.20032026,0.13057905,-0.28904146,0.56369567,0.0903719,-0.046441477,-0.4229445,-0.19092332
P78362,-0.14635238,0.09071869,0.13680962,0.32209992,-0.16127808,0.018784419,0.6195583,-0.062141843,0.47951505,-0.14169618,-0.32720572,-0.32746983,-0.2920555,-0.004118584,-0.07543727,0.25119227,-0.19501983,0.4677376,0.06914909,0.34182394,0.18633088,0.1807848,-0.0186559,0.08441819,-0.39867836,-0.1255258,0.17397225,0.08491841,0.27794135,-0.012414044,0.3071616,-0.09445357
P00004,0.2737441,0.34294707,-0.12216204,0.37679675,0.33159596,-0.117091596,-0.49938548,-0.37447995,-0.058031674,0.035245396,0.509146,0.031111747,-0.13233902,0.10150472,-0.04140486,0.2096184,-0.18306662,-0.0036694482,0.72554404,-0.48579943,0.04939136,0.13773237,-0.26893985,-0.10237442,0.26851147,-0.16300797,-0.09983391,0.25568053,0.20963189,-0.11618462,-0.22188625,0.00949211
P52286,0.21388526,-0.10254823,0.12606534,0.4606136,0.06481925,-0.0006747395,0.17830986,-0.40071124,-0.007265688,-0.05527295,0.3240499,-0.17078863,0.2817102,-0.07255986,0.043924652,-0.13695711,0.29964784,0.23961699,0.101619035,-0.1116498,-0.08235905,-0.1264741,-0.11124617,0.021768123,0.13430129,-0.11816064,-0.019670524,0.07941959,-0.17093748,-0.13702518,-0.05539285,0.31301278
O00757,0.075572595,-0.002297096,-0.10640632,-0.033875912,-0.29237527,0.28309274,-0.20215465,-0.32830724,-0.0339455,0.1801189,0.27528358,-0.123501405,-0.013633341,0.10157513,0.08527135,0.12418983,-0.08003573,0.018277269,0.3402736,-0.24611327,-0.033421855,-0.008528128,-0.36743087,-0.15647559,0.23319687,0.063167505,-0.16634029,0.3643705,0.26382247,0.17032029,-0.3502879,-0.23927173
P62799,-0.4221024,-0.38679862,0.14500245,0.4300891,-0.08242534,-0.30333963,0.06694108,-0.82253957,-0.13941562,0.05108334,0.61871564,0.07248594,0.09460479,0.41114852,0.55492014,0.23022527,0.07182115,0.18806303,0.26750028,-0.007569991,0.14472863,0.12635289,0.032427665,-0.04372166,-0.29885957,0.40623093,0.3249361,-0.037451044,-0.0018505454,-0.3946075,-0.27072373,0.46407455
A6ND01,-0.14479575,0.405329,0.35739854,0.010359345,0.05906908,0.08842817,-0.1616289,-0.084019214,0.19585241,0.60531133,0.4780543,-0.1560527,0.24561533,-0.19619016,-0.1628967,0.27210322,0.023900613,-0.22092175,0.31617045,-0.28852373,0.030787986,0.16097294,-0.2316514,-0.41319394,0.56400293,-0.37402776,0.108849056,0.040534653,0.5617361,0.12794645,-0.31075945,-0.20471688
P07358,-0.13161,-0.04743594,0.14982945,-0.036382146,-0.091821335,0.38536784,-0.10678743,0.09739601,0.27528456,0.37732843,0.014974851,-0.009721443,0.20425469,-0.11357822,-0.12490686,-0.108736515,-0.060723066,0.038839784,0.24932575,-0.20812272,0.06520037,-0.20896605,-0.08326021,-0.04524146,0.2753904,-0.11129656,-0.10033358,0.015365481,0.26967642,0.14772473,0.051942308,-0.16204946
Q15154,-0.04951141,-0.147497,0.34236637,0.15283656,0.08851278,-0.19678284,0.65454483,0.16008586,-0.10924214,-0.073611066,-0.24625622,-0.16555187,-0.3058039,-0.06773112,0.18007937,-0.089680985,0.017293558,0.06840431,-0.52888715,0.25227356,0.012395377,-0.06087801,0.17708002,0.36937857,-0.085143544,0.072944455,0.13835722,0.1055257,0.10115647,-0.23790449,0.5487124,0.060645472
P18075,-0.07178966,0.02297014,0.2658533,0.117475994,-0.12069024,0.26483467,0.20087215,-0.0034471676,0.23909175,0.33948934,0.12368652,-0.2224396,0.26055902,-0.08023453,-0.035573043,-0.11915311,0.13664493,0.020413056,-0.008262679,-0.17692932,0.04569075,-0.07455279,0.0041637756,-0.1767791,0.115835264,-0.23876008,-0.07537166,0.017309695,0.23528215,0.04037032,-0.048293088,0.010440804
O00222,-0.0003746599,-0.1535338,-0.3500307,-0.04646782,-0.17756395,0.3821178,-0.04146515,-0.42246205,0.19958335,-0.02683808,0.07752919,0.057099372,0.06932294,0.1830847,0.18071797,-0.03786455,-0.09106353,0.058211528,0.2683223,0.075351074,0.026986819,-0.02901204,-0.11187667,-0.056973457,0.15008755,0.22741896,-0.08891363,0.15796307,0.08415417,0.020299878,-0.12523124,-0.15357263
P48962,0.021310449,0.088132724,-0.20475504,0.082994245,-0.15183397,0.021939918,-0.31582144,-0.8556619,-0.01794957,-0.13646038,0.45231208,0.08705208,-0.035194904,-0.11603744,0.11238349,-0.20102736,0.0932831,0.28532445,0.31731457,0.19720168,-0.279551,0.03891015,-0.045330394,-0.009121537,0.4440151,0.36352065,0.04025273,0.31164604,-0.09805741,0.15313451,-0.21408352,0.0705062
P03255,-0.2949617,-0.27487105,0.15223283,0.30477375,0.023209374,-0.13166764,0.20413208,0.6797424,-0.23365101,0.16742134,-0.26715064,-0.32472137,-0.12902457,-0.10692354,0.10390527,0.079897255,0.3137107,-0.20422503,-0.60925305,-0.042592965,0.32125708,0.101636216,0.18948257,-0.026015177,-0.25899056,-0.06705513,0.25506008,-0.19903764,0.3348358,-0.34510097,0.53547865,-0.06440902
Q7L5D6,0.3131035,-0.0046759397,0.0026195124,0.1669803,-0.049951404,0.1432808,-0.23101921,-0.62529796,0.1544809,-0.19683531,0.092193976,0.068631425,0.36323142,-0.25872666,-0.11020893,-0.16966829,0.16851035,0.03708275,-0.0537164,0.15625744,-0.15824552,-0.3449092,-0.21004218,0.11551768,0.48757404,0.19190045,0.01487077,-0.025198817,-0.21154079,0.13610555,-0.05915002,0.16236027
P17562,0.02847533,-0.08224532,-0.26033163,-0.016692812,-0.33907995,0.2342689,-0.21259274,-0.25318924,-0.020214457,0.27311778,0.36953208,-0.08728712,-0.2974674,0.10910124,0.064100526,0.10554059,0.003387183,0.21076167,0.36913335,-0.10237409,-0.14590926,0.021787867,-0.28717458,-0.31677932,0.2979325,0.11515575,-0.16906482,0.5142417,0.19778642,0.14865881,-0.47503904,-0.37436518
Q9UMS4,0.11092378,0.0797574,-0.08578447,0.064773306,-0.09574866,0.29559988,-0.22349425,-0.24278378,0.28483745,0.033764355,-0.159381,0.13429318,-0.060942173,0.08661058,0.1012496,-0.19125059,-0.16181074,0.28168625,-0.10502981,-0.052398056,-0.0059083225,-0.29484195,-0.079950735,0.22209564,0.08655213,0.20254521,-0.23555258,-0.13473547,0.014068134,0.053206485,0.029218834,0.25623006
D5GYN9,-0.12808512,-0.10440743,-0.06922976,-0.07414078,-0.4607756,0.40024385,-0.41451204,-0.27344805,-0.12528643,0.18526281,0.07694331,0.0125949085,-0.0039363056,-0.07788893,0.18168163,-0.11568904,-0.14468032,0.020859249,0.3281317,-0.37387198,0.14339663,-0.20411639,-0.32799125,0.12984347,0.18777932,0.18576849,-0.1767683,0.33733758,0.26056138,0.12854242,-0.16141458,-0.022843339
O08603,0.06174259,-0.14236183,0.34716085,0.19217691,-0.040905643,0.050213635,0.009288043,0.0512658,0.12939817,0.18891412,-0.15094878,0.012768194,0.24017042,-0.18120253,0.022220917,-0.45370975,0.16467096,-0.0748496,-0.33458638,-0.3106388,0.12083567,-0.49549615,0.16606764,0.097983494,0.03561376,-0.13232192,-0.27742907,0.13769686,0.08899293,-0.015904313,0.017440643,0.29201293
P08134,0.36386925,-0.050917417,-0.43973103,0.30793566,0.13265097,-0.033126593,-0.2046055,-0.5052073,0.053390153,-0.3715308,0.24987172,0.06014438,0.05445084,0.4027799,0.018919192,-0.015443146,0.1888584,0.16272974,0.16599852,-0.25152242,-0.09296624,-0.15620619,-0.11481702,-0.1270399,-0.07862338,0.17514843,-0.28711504,0.12922272,-0.104581736,-0.023129059,-0.09487538,0.12540811
O43432,-0.2179039,-0.026706494,0.067783795,0.17757761,-0.049988944,-0.19971512,0.59269816,0.38014227,0.19748035,-0.18832242,-0.7033294,-0.45770952,-0.3484063,-0.2912668,0.015825443,0.32796973,-0.19619255,0.02192112,-0.42663562,0.29223764,0.34992844,0.028826326,0.04076582,0.18896684,-0.7209209,-0.19601026,0.45086938,0.036392927,-0.010444917,-0.18851234,0.49767676,-0.32202846
Q06208,-0.033546977,0.035062358,0.3944815,0.07794622,0.104835555,-0.039195016,-0.13992104,0.52891695,0.017134707,0.16785395,-0.0020251684,-0.12383653,0.12998143,-0.20764387,-0.17027783,-0.28801978,0.46105003,0.15749791,-0.045931652,-0.48033798,-0.19258781,-0.6098541,0.17023864,-0.044937447,0.4133395,-0.15360731,-0.30366993,0.017499417,0.23987171,0.32952428,0.4495571,-0.09633131
P18291,-0.02565144,0.25574923,-0.21616903,0.1738184,-0.04573264,0.21315813,-0.56342036,-0.13426483,0.1580543,0.35407597,0.079405665,0.109755665,-0.15933591,-0.03204999,-0.039930858,-0.06957817,-0.13813269,0.052444257,0.37743253,-0.6395854,0.30644763,-0.09950816,-0.07092145,0.053387165,-0.044332385,-0.17167324,-0.31286362,0.27710634,0.22909376,-0.15535164,-0.18525396,0.1966784
A0A0E0UUG2,0.20165537,0.011491448,-0.01777374,-0.0018831138,-0.009146217,0.32171604,-0.46130085,-0.07385752,0.050331894,-0.060945973,-0.11899626,0.15698251,0.11187348,-0.17048326,-0.1779922,-0.32692268,0.032743603,0.11582612,0.00034624338,-0.23416246,-0.10350194,-0.48401052,-0.0881792,0.30469725,0.4362219,0.15487014,-0.26377985,-0.04947494,-0.0022383407,0.2195424,0.31158963,0.06639436
O95834,0.17513381,0.055124164,-0.30589122,-0.27805138,0.0052214526,0.54101217,-0.63563776,0.003113769,0.33029625,0.32862324,-0.28921178,0.11655709,0.12227324,0.12085179,-0.2212928,-0.11464411,-0.18228965,0.17378594,-0.26489863,-0.13268052,-0.13037157,-0.15667358,-0.109203905,0.11386951,0.16120733,0.16724944,-0.24592903,-0.22621027,0.0628826,0.4280203,-0.067422494,-0.1903652
Q9UKG1,-0.081129,0.022506304,0.044006445,0.12571938,-0.15381537,0.27176198,0.08389568,-0.2916351,0.37563017,-0.07043263,-0.08465186,0.063969135,-0.03358081,-0.048410896,0.039249323,-0.07585588,-0.062100545,0.33217108,0.064401194,0.26853442,-0.016158167,-0.13581431,-0.048663963,0.13231115,0.2769993,0.20474567,0.047976248,-0.1188249,0.11577684,0.066352986,0.19781771,0.12214501
F4JW79,-0.047671027,-0.15271066,0.29882672,0.34948152,-0.1741789,0.2253668,0.26651925,0.10935802,0.26944193,0.1598945,-0.07437307,-0.15004838,0.10501647,-0.06989571,0.023889966,-0.060323372,0.1053856,0.22396863,-0.21554872,-0.020259768,0.10074038,-0.05924718,-0.06014842,-0.07093413,0.002043113,-0.114215516,0.039649464,-0.1848697,0.15773863,-0.013758687,0.090946734,0.19116937
A1Z1Q3,0.015909135,0.025364205,0.09060217,0.28583622,-0.3213321,0.008111283,0.72776043,-0.17808175,0.37371567,-0.08108437,-0.3016057,-0.4375855,-0.20484388,0.0045406297,-0.022312082,0.097460106,-0.051237166,0.38509762,-0.1584914,0.20011039,0.15797858,0.07876657,-0.06579101,0.03600663,-0.45851588,-0.18149087,-0.06822529,0.3543349,0.21902159,-0.04765858,0.059931073,0.013626929
Q9CZD3,-0.076930806,-0.053977594,-0.1895099,0.12364564,-0.030307714,0.20291859,0.23538792,-0.3392451,0.3743623,-0.01928781,0.14687899,0.025378764,-0.0752873,0.20982286,0.17975116,-0.0038963854,-0.12017156,0.22022995,0.4219609,0.19545798,0.019271795,0.06979333,0.034996543,-0.18133919,0.07867472,0.084658265,-0.06833226,0.20388041,0.16281134,-0.053961046,-0.12541747,-0.10926229
Q6P9J9,-0.1370662,-0.09466897,0.011814199,0.031227568,0.026675176,0.28004852,0.22209442,-0.2744406,0.29147074,0.10030272,0.22286706,0.056880355,0.13730642,0.06128048,0.04543724,0.036742732,-0.039620504,0.18405297,0.3918118,0.30669838,-0.117623396,0.04426895,-0.075090885,-0.14785986,0.38506776,0.08368472,0.15983936,-0.016078115,0.20242769,0.07774234,0.030992094,-0.2495108
Q8N8N0,0.08327624,-0.033846855,0.2354036,0.44335282,0.062252697,0.007423103,0.27626982,0.20676625,0.01959465,0.18916473,0.008979466,-0.2070412,-0.042645007,-0.05987417,0.08249312,-0.22015712,0.18049827,0.19575335,-0.29338002,-0.14066951,0.039859638,-0.0046035796,0.17059508,0.011419535,-0.07828936,-0.20823254,-0.1374161,-0.05299911,0.10782739,-0.23036392,0.17476451,0.2799331
P07363,0.20812188,-0.012228593,-0.27142942,0.33415937,-0.09844783,0.15404162,-0.061694562,-0.42394993,0.21274486,-0.26265103,0.002044905,0.114830524,-0.10532966,-0.078882724,0.067988925,-0.24980891,0.124316245,0.3564301,0.061796665,0.018588915,-0.028567411,-0.25143632,-0.017403755,0.12249932,0.14013006,0.15378185,-0.16653317,0.12529783,-0.23320147,-0.115411945,0.053915706,0.31680197
C8VTS4,-0.2612562,0.0941499,0.2676141,0.24220851,-0.30826426,0.12503614,0.3125534,0.08308669,0.49085104,0.34368277,-0.16553767,-0.27598524,0.06186056,-0.16255344,-0.1227116,0.19128497,0.101451516,0.14970735,-0.24518368,-0.13393624,0.3488139,0.13755764,0.0113569535,-0.2581861,-0.34600267,-0.38280877,0.18408355,-0.009946182,0.34609038,0.024566302,-0.059211124,0.021640953
O14782,0.048410505,0.04868722,-0.24337304,0.29214448,-0.06437957,0.24047369,0.22601444,-0.3111804,0.32422993,-0.13896187,-0.029582199,0.02611363,-0.3118994,0.11034917,0.15357718,-0.12881675,-0.08872244,0.44926006,0.20871839,0.16201644,0.035423514,0.030098602,0.084760696,0.12316341,-0.032828525,0.09945792,-0.16381791,0.16100791,-0.012197636,-0.20380826,0.06243709,0.20137104
O80467,-0.1419993,-0.13553153,0.04247754,-0.08228988,-0.4041026,0.46636495,-0.43272322,-0.0752824,-0.00092459936,0.20962027,-0.15912965,0.14126539,0.11821717,-0.2206614,0.0063103363,-0.28283647,-0.06776354,-0.09042054,0.14561903,-0.4534309,0.23169272,-0.4693827,-0.28046563,0.26290166,0.18784447,0.10035714,-0.22774312,0.19961822,0.28277716,0.14345624,0.061159577,0.04478133
P05230,0.13247986,0.4178003,0.19237244,-0.017772285,0.24270813,0.19607863,-0.42888856,0.07254211,0.20780234,0.66146934,0.23646553,-0.15519306,0.2552511,-0.013709374,-0.28361297,0.015084714,-0.10131927,-0.06580464,0.051539868,-0.48496348,-0.050560642,0.009774521,-0.08449674,-0.12981679,0.27128893,-0.3413921,-0.29609892,-0.06282736,0.32143325,0.14139731,-0.25968292,-0.03694917
P43138,0.11865489,0.016676307,-0.1015246,0.10126526,-0.25252423,0.26256344,-0.12337242,-0.302044,0.11529423,-0.00082440674,0.122145966,-0.09482911,0.16229376,0.081167065,-0.043321818,0.117471814,0.12755871,-0.03269604,0.16230935,-0.3706041,0.104287624,-0.16669859,-0.33811104,-0.120965704,0.075686544,-0.02323418,-0.15495834,0.1699363,0.19389254,0.0978467,-0.12953936,-0.018474482
O60759,0.16137056,-0.21945369,0.116593786,0.3748359,0.038331013,-0.026525682,0.35417545,0.4225062,0.004155387,0.07026107,-0.2613639,-0.3442426,-0.064378135,-0.12998721,-0.005890794,-0.22865114,0.18876739,0.21741584,-0.5088941,0.020273328,-0.0044965753,-0.070430845,0.0700593,0.077948414,-0.07740992,-0.19929734,-0.09888681,-0.03888327,0.037208393,-0.121037714,0.37527472,0.060243484
P55072,0.18326156,-0.08817041,-0.45270148,0.20123369,0.12102334,0.22241166,0.11888698,-0.44699448,0.33383736,-0.30957606,0.13849993,0.16303611,-0.098693326,0.3814011,0.17417449,0.01101701,-0.02806501,0.17637828,0.3109432,0.21864931,-0.046714474,0.060864672,0.0013748892,-0.13851325,0.109832615,0.2116108,-0.10837229,0.05098387,0.014350645,-0.09312617,-0.03658619,-0.06512825
P09169,-0.024491161,-0.041915745,0.27321061,-0.3587135,-0.374741,0.19401866,-0.74260604,0.20346928,0.23524052,0.4866619,-0.44711217,-0.12265411,0.23757753,-0.14036179,-0.27820024,-0.4172127,-0.0064197853,0.14259589,-0.66315246,-0.5079134,-0.12642314,-0.77228475,-0.11034194,0.124689505,0.05820027,0.07995244,-0.48780838,-0.0020916164,0.16846696,0.7357827,-0.10882391,-0.023207616
P63104,0.43961018,-0.015298441,-0.1874522,0.27104998,-0.03865521,-0.17939661,-0.18964738,-1.001413,0.14602736,-0.38512683,0.35514626,0.010680154,0.10992387,-0.034574043,-0.06343052,-0.1446028,0.25510335,0.25716186,0.08913815,0.27096987,-0.38369846,-0.1265657,-0.03625751,-0.146385,0.31997657,0.24017097,-0.04753431,0.3833331,-0.34972945,0.19925477,-0.4426658,0.08544387
P19889,-0.20451215,-0.13850337,-0.022836529,0.36124074,-0.26544833,-0.19706953,0.16781032,-0.7186778,0.21599692,-0.15461871,0.33046994,-0.02801539,-0.012807846,0.23634878,0.49975458,0.07070516,0.090740815,0.4287535,0.16124204,0.1046284,0.029436175,-0.050163172,-0.05876406,-0.20033352,-0.11604092,0.27599207,0.14367077,-0.009888068,-0.012376316,-0.058598816,-0.2028467,0.33286035
Q05201,-0.013751566,-0.063286304,0.10755362,0.24284971,0.015005242,-0.21957435,0.7469681,0.28835088,0.16176558,-0.20963097,-0.6036124,-0.62060577,-0.26413202,-0.26044154,-0.10730087,0.23637271,-0.18078004,0.1523943,-0.2876685,0.30503237,0.16459405,0.07674132,-0.034484003,0.25979626,-0.665518,-0.28140137,0.287102,0.21078108,-0.058451183,-0.11551894,0.45986387,-0.32552797
P0A7J3,-0.06305399,0.072148554,0.5511402,0.16063313,-0.09398717,-0.2274415,-0.43684345,-0.6587219,-0.0025351094,0.13744888,0.2841903,-0.059322566,0.31269693,-0.028964646,0.094366856,-0.2968527,-0.08564903,-0.090585135,0.27707618,-0.49599987,0.13352026,-0.45333087,0.02231272,0.30352533,-0.06152387,0.10618498,-0.26948604,0.26952213,0.14476773,0.039338008,-0.3504507,0.58006036
O95881,0.18104164,0.11500105,0.14401028,0.18869856,0.021653276,0.14936422,0.025996238,-0.24587631,0.07621265,0.13084242,0.292529,-0.2682131,0.42220193,-0.04336988,-0.19578171,0.09223499,0.2661467,-0.14921054,0.12994367,-0.29526788,0.01206503,-0.036899447,-0.22206253,-0.20698576,0.16277017,-0.26036355,-0.08307258,0.13480084,0.19753733,0.059857633,-0.19846648,-0.029817943
P13635,0.0032877028,0.038163126,-0.12903601,-0.16024855,0.0099435635,0.39061773,-0.1626842,-0.027833112,0.26776698,0.46724316,0.11505088,-0.00035802275,0.04153332,0.09183525,-0.049079668,0.05403331,-0.23220651,-0.016878262,0.2976082,-0.086710185,-0.02122419,0.072274044,-0.09645364,-0.21089058,0.30973786,-0.0847486,-0.15625545,0.19332118,0.31263274,0.1287166,-0.28725368,-0.3708556
P12235,0.01951456,0.087524675,-0.20627213,0.082509376,-0.15219061,0.022673622,-0.312992,-0.8604975,-0.012280178,-0.13979053,0.44415393,0.08898741,-0.03280124,-0.11581596,0.11711962,-0.20836887,0.091313474,0.28724924,0.31019405,0.201901,-0.27670583,0.03353156,-0.03841472,-0.0011692792,0.43815982,0.36673057,0.0401456,0.30505252,-0.10443608,0.14794739,-0.208906,0.08083919
P0AER0,0.13097225,-0.04303947,-0.2110835,0.06292743,-0.6055179,0.35587943,-0.57168984,-0.5356124,-0.18139046,-0.1364282,0.14952128,0.03761314,-0.053013995,-0.31502897,-0.11045869,-0.087671936,0.29367054,0.06490203,0.124363065,-0.2687943,-0.030312724,-0.16241169,-0.36725357,0.029390112,0.37375075,0.27527186,-0.05467605,0.4765951,0.037399452,0.28154987,-0.22829294,-0.016014684
P43364,0.12140976,-0.043743223,0.2316612,0.3776595,-0.09507315,0.099604994,0.6196167,0.04543697,0.2439481,0.047555268,-0.0009511225,-0.43146518,0.07152659,-0.119942285,-0.15165105,0.040088415,0.24967219,0.3345582,-0.05345869,0.04997292,-0.035413753,0.066219434,-0.05920485,-0.10942091,-0.044130854,-0.3401228,-0.015324362,0.17815867,0.11567453,0.012525538,0.09219962,-0.04544577
Q9Y3E5,-0.14737101,0.005730957,0.24846861,0.2855819,-0.09592767,-0.09183823,0.11597556,-0.4980418,-0.0028970363,0.17774886,0.38704354,-0.23491225,0.29403305,-0.010545038,0.1841515,-0.1575959,0.14354922,0.07614711,0.2305179,-0.23733617,0.08359105,-0.08663516,-0.029926483,-0.064619094,-0.086800374,-0.0950597,-0.07426105,0.25466508,0.15013209,-0.10076203,-0.2261891,0.30318987
O80568,0.19786443,-0.11038445,0.095683195,-0.010848166,-0.14892322,0.42412016,-0.40757877,-0.05186338,0.012184671,0.061901093,-0.09890944,0.01646617,0.28781608,-0.08969503,-0.08295464,-0.19384238,-0.024816923,-0.07526452,-0.01681602,-0.3001557,-0.012307686,-0.4499461,-0.30005494,0.1750475,0.3449126,0.11204534,-0.2004948,-0.10139009,0.10038307,0.25742736,0.13509339,-0.030234642
P16402,-0.16625841,-0.26765206,0.3949553,0.7028816,-0.3172748,-0.2601335,0.28588322,-0.08484813,0.22584933,0.014679968,-0.19358008,-0.2022281,-0.21235853,-0.32682443,0.20451468,0.35155058,0.12478103,-0.0012681037,-0.291109,-0.035058208,0.48418358,0.115075454,0.07224245,0.020252138,-0.5791612,-0.15543644,0.63683575,-0.052443236,-0.16459185,-0.45267296,-0.1367857,0.40356818
P0A7E9,0.09735203,-0.02425205,-0.1828748,0.048378736,-0.44682568,0.1541829,-0.3856394,-0.5103494,-0.12064039,-0.02976343,0.23518683,-0.13141078,-0.011271685,0.057412677,0.10317371,-0.027646765,0.08480477,0.11041309,0.16171545,-0.33886996,-0.03896934,-0.15127389,-0.32768747,-0.08626802,0.089607045,0.22642204,-0.22057891,0.3974532,0.10678263,0.2225769,-0.31058878,0.004561443
O15245,0.0021791607,-0.026367739,-0.37378877,0.0036729705,-0.3909117,0.53069377,-0.6008321,-0.60739297,0.022040028,-0.21141538,-0.11305624,0.43402594,-0.04163371,-0.454323,-0.054998808,-0.40183523,0.09516722,0.04410106,0.14057785,-0.009884089,0.12779357,-0.28997833,-0.11335817,0.378653,0.41413885,0.3716207,0.023938868,0.2547511,-0.13054532,0.009039989,0.09524089,0.18703313
O95372,0.3138913,0.084425256,-0.15915582,0.031352222,-0.27122003,0.27048436,-0.541003,-0.4566725,-0.024116088,-0.0912137,0.09815626,-0.025733434,0.16425905,0.13269717,-0.13456304,0.18162113,0.0851043,-0.08471035,0.08628094,-0.49573398,0.036565308,-0.18524215,-0.5199199,-0.028878406,0.111774296,0.098393075,-0.17324248,0.16129553,0.19214207,0.30352622,-0.22424872,-0.042622227
C0HLV2,-0.22028488,0.07347348,0.233949,-0.19004098,-0.32377648,0.29946628,-0.24701625,-0.009616792,0.23456343,0.5860862,0.05638328,-0.034667835,0.1900163,-0.1314556,-0.024866313,0.03069371,-0.08427192,-0.15681565,0.13408795,-0.3758672,0.13336654,-0.18272436,-0.24430889,-0.21745832,0.26064295,-0.13987616,-0.087974735,0.16270526,0.50519454,0.2662124,-0.30507785,-0.19464712
P07148,0.30810153,-0.038708672,0.30245894,-0.007378647,0.03763691,0.013457529,-0.8987402,-0.20607662,0.05400115,0.43939856,-0.006769646,-0.09189257,0.43537462,0.2107558,-0.2363827,-0.35683894,-0.09383631,0.082099475,-0.33805728,-0.6571934,-0.11410558,-0.5543378,-0.089718536,0.28539446,-0.15854694,0.12704761,-0.6459662,-0.021413207,0.019562922,0.4019636,-0.47294143,0.38046172
A0FKN5,-0.30483282,-0.08123821,-0.41090783,0.014033271,-0.34670305,0.317951,-0.19405277,-0.62520593,0.15259597,0.026989393,0.14091636,0.17798543,-0.1493716,-0.19872242,0.2163867,-0.27322504,-0.02948974,0.33308372,0.45143265,0.2050551,0.03437319,0.022221223,0.050057206,0.10635482,0.19398718,0.32930276,0.07091635,0.38471848,-0.07028552,-0.070331365,-0.12044069,0.046548616
P46108,0.07038443,0.06119229,0.12051252,0.37040013,0.037880633,0.24231696,-0.1557427,0.28000867,0.2570837,0.27516103,0.048574474,-0.08299634,0.03749168,-0.052432016,-0.30951217,0.0022751242,0.25130314,0.42360964,-0.024570271,-0.43766338,0.04798136,-0.121690914,-0.09539348,-0.046618402,-0.010252088,-0.25577426,-0.13050473,-0.19341531,0.08100377,0.06725721,0.10060182,0.22031169
P20809,-0.076521866,0.17442423,0.52125907,0.16443783,-0.2631172,0.019548245,-0.5185926,-0.6348779,0.37972575,0.043560416,-0.0133298375,0.22384092,0.39368832,-0.6070562,-0.14802417,-0.17243734,0.16708988,-0.4878384,0.02966401,-0.20216575,0.41968527,-0.4310817,0.06948222,0.049445346,0.3220747,-0.073692895,0.18835682,0.21763647,0.17690936,0.057947677,-0.4515003,0.43114305
P10852,-0.004351273,-0.1412044,-0.018625572,0.03949503,-0.19970927,0.45500252,-0.22810423,-0.09665222,0.066259906,0.0387984,-0.13159575,0.09950298,0.13581601,-0.076180324,0.071477346,-0.2635105,-0.06782992,0.021479093,0.16022903,-0.22328113,0.1329578,-0.43719614,-0.20466733,0.24893248,0.18108822,0.13443704,-0.18483561,-0.020376056,0.10926417,0.019283345,0.18759273,0.10524058
P50222,0.21546836,-0.30803525,0.21192348,0.6844162,-0.11825113,-0.17472847,0.5080161,0.2226221,0.035227362,-0.044102937,-0.3109356,-0.45262703,-0.22095291,-0.30059907,0.018552624,0.15996328,0.21887222,0.023770541,-0.52876604,0.117965594,0.25509778,0.23997025,0.06264363,0.08485642,-0.31452966,-0.28392172,0.32233682,0.050698712,-0.118059956,-0.4477346,0.16496553,0.183271
P08238,0.19666974,-0.15384114,-0.37627223,0.25843233,0.079868644,0.089538485,0.35974622,-0.34689546,0.36386093,-0.28384548,0.20076783,0.030431598,-0.1937984,0.446803,0.22437695,0.0725405,-0.0014165193,0.19633372,0.30036128,0.28297174,-0.108332045,0.109971434,0.06215244,-0.38771272,0.07112354,0.12490477,-0.1559403,0.21719518,0.08227879,-0.069018334,-0.17180151,-0.2231631
P07636,0.056585655,-0.0451611,0.09531263,0.044434592,-0.084118694,0.36348438,-0.3547701,-0.04995068,0.026168007,0.020892039,-0.091983736,0.093152046,0.14653021,-0.032924287,0.027710058,-0.24456939,-0.13059701,-0.064430736,0.12542748,-0.29089835,0.11976505,-0.46291745,-0.21412033,0.2670993,0.27769303,0.14908287,-0.2435137,-0.11301696,0.20396256,0.057869855,0.23006609,0.15455268
O75144,0.10591133,-0.113544196,0.17057425,0.1779927,-0.09771003,0.15967828,0.02428183,0.0334801,0.22043823,0.3884649,-0.16809966,-0.050090976,0.16176164,-0.08941278,-0.033021204,-0.3983927,0.08317073,0.27528447,-0.41294155,-0.29008028,0.00047681388,-0.3721732,0.068319425,0.101645246,-0.14166448,-0.17294596,-0.33773187,0.08145739,-0.056265354,0.018170813,-0.10676381,0.3003219
Q8N448,0.0007983297,-0.033498734,0.010713212,0.33735403,-0.05272748,0.38369167,0.002524197,0.21389163,0.2568974,0.1170738,-0.08339943,-0.011605874,-0.073687434,-0.09927404,-0.264523,-0.015783712,0.19303983,0.5416162,0.14401239,-0.2549458,0.069588,-0.15067482,-0.15275112,0.10025492,-0.008522421,-0.17516562,-0.056000464,-0.07550061,0.060135696,0.045196082,0.23563474,0.14368942
P08670,-0.13174018,0.44212303,0.6977462,-0.061451964,-0.2949143,-0.16377467,0.69912994,-0.7040038,0.021103557,-0.13226421,0.11067125,0.03316942,-0.65781975,0.10189695,0.40144286,0.1085214,-0.22508796,0.43883932,-0.5167037,0.21034421,-0.23833649,-0.18392996,0.21561739,0.53790414,-0.0700153,0.3259999,0.18545023,0.077575296,-0.094734006,-0.13503624,0.30536723,0.3538126
Q9VDV4,-0.26815683,-0.034440458,0.16859475,0.113023184,-0.1151464,0.2606488,0.3975191,-0.02329094,0.34710518,0.15423849,0.12308322,-0.15834032,0.063052475,-0.026991911,-0.111400865,0.095964566,0.08883012,0.32436275,0.32544583,0.16356264,-0.018949345,0.046360284,-0.024988625,-0.15985529,0.18183883,-0.08418772,0.1363549,0.033246815,0.31359124,0.119361274,0.21844223,-0.25522918
P36024,0.022169933,-0.0035163611,0.15347067,0.30858117,-0.2711293,-0.023476996,0.7082945,-0.055087976,0.32358822,-0.05182478,-0.36091563,-0.5200402,-0.1558919,-0.08166373,-0.09105451,0.13083048,-0.07194835,0.2908601,-0.20644945,0.175869,0.20137663,0.118506804,-0.10253969,0.093139,-0.47904813,-0.26318353,0.01692877,0.30527046,0.21977818,-0.060906682,0.14848793,-0.044911567
Q8WV44,-0.088086665,0.19989315,0.1584973,0.23009467,-0.11665085,0.12925242,0.4061563,-0.29989564,0.28011677,0.005840108,-0.02893326,-0.07642649,-0.23441795,0.014146179,0.18567288,-0.104160815,-0.19051017,0.3042371,0.069978476,0.14952052,0.06591565,0.029753983,0.022182617,0.20460626,-0.050071776,0.037452474,-0.08973008,0.09458851,0.22101718,-0.15384205,0.1490648,0.25032157
P14120,0.15433402,0.009763673,0.070410386,0.27894476,-0.045274306,-0.26818025,-0.47553334,-0.7093271,-0.036230583,-0.04677701,0.3614161,-0.12218229,0.36863673,0.027433,0.017557062,-0.007240355,0.1372463,0.050183177,0.32529402,-0.39066428,-0.062533274,-0.21730761,-0.26116246,-0.109279916,-0.038679317,0.05935537,-0.10833246,0.33193427,0.03328619,0.24241528,-0.4994205,0.19149227
Q9CR42,0.17070429,0.055853367,0.05254384,0.4151161,0.044943195,-0.01944898,0.17581135,-0.18309641,0.18337777,-0.17505085,0.040216777,0.015135825,-0.0932049,-0.20912679,-0.046909533,-0.2816665,0.24667701,0.38988346,0.050830692,-0.016131304,-0.0777133,-0.2978108,0.07674968,0.083686985,0.21017118,-0.06924771,-0.14809129,0.20975994,-0.100460134,-0.07533948,0.20432305,0.27415314
Q92997,0.06687659,-0.05759898,0.12527528,0.40271908,-0.052065704,0.14579801,0.38417023,0.22942358,0.3438805,0.069750294,-0.2229157,-0.31221616,-0.052174315,-0.12543927,-0.27870482,0.055331677,0.12966332,0.5667483,-0.05889792,-0.0050746724,0.023060229,0.0009937733,-0.098895505,0.050401583,-0.18901302,-0.3121603,-0.014780901,0.012975574,0.06913243,0.060276743,0.23502383,0.024954673
P06169,0.013607338,-0.11492595,-0.25282425,-0.1314457,-0.47705242,0.6103034,-0.5060053,-0.42209533,-0.07157331,-0.037184834,-0.066848144,0.15650854,0.058076084,-0.14636421,0.0505678,-0.16908357,-0.028894708,-0.025574058,0.1031858,-0.16089478,0.10213431,-0.2404595,-0.3455525,0.24955785,0.3071108,0.3384222,-0.0796539,0.15226297,0.08402275,0.16756298,-0.002279099,-0.0254586
P0A4S2,0.054609552,-0.006987758,-0.021100871,-0.009731086,-0.599902,0.25889912,-0.69241756,-0.526859,-0.20088585,-0.03349103,0.18162428,-0.044589788,0.059816033,-0.22125286,-0.067053005,-0.09920968,0.19139919,0.067110784,0.04466997,-0.37504345,-0.076178245,-0.21111944,-0.42354074,0.069662735,0.30252367,0.33278155,-0.13703847,0.3778944,0.14238265,0.45919806,-0.27992943,0.017880138
P38822,-0.15539058,0.14457634,0.2399702,0.02910929,-0.19358385,0.1174954,0.11832133,-0.3379857,0.33840582,-0.00021603703,-0.10158515,0.06231028,-0.12373454,-0.19287995,0.07980166,-0.21477535,-0.12592758,0.23851049,0.0084478855,0.24706076,-0.008171801,-0.24001852,0.089058205,0.21690965,0.31242597,0.18040204,-0.010919057,0.076288946,0.19480935,0.076322794,0.19026728,0.16074492
P43405,-0.009497121,0.066908225,-0.099443205,0.119076304,0.06963131,0.5027226,-0.1773954,0.1847988,0.25653607,0.19880931,-0.009010073,0.06713933,-0.082531735,-0.01853741,-0.24493286,-0.06235443,0.032748863,0.3557787,0.28366274,-0.19144782,0.02189846,-0.081300154,-0.05546255,0.10115654,0.18628775,-0.080595255,-0.103364594,-0.12035203,0.13722262,0.06178571,0.2543996,-0.03200281
P17618,0.013332039,-0.07622415,-0.21597698,-0.0077333916,-0.47654527,0.2983832,-0.3661397,-0.37252235,-0.0522167,0.066035375,0.10002281,-0.060170658,-0.04635194,0.09926415,0.20110464,-0.036324173,-0.03858286,0.07453837,0.19614929,-0.39832354,0.103879675,-0.20620969,-0.311755,-0.017265722,0.03625372,0.19835939,-0.25556472,0.32255447,0.15914518,0.11326174,-0.25188133,0.03810214
Q9H307,-0.050402142,0.04844314,0.46741986,0.24560097,-0.26337516,-0.23942581,0.77266765,-0.22882009,0.083049536,-0.29134157,-0.24538659,-0.13891265,-0.51945484,-0.03433264,0.30124998,0.16425645,-0.1186236,0.2826249,-0.53376216,0.2867868,0.07610619,-0.10144897,0.04384583,0.34775957,-0.23514797,0.14799556,0.2979709,0.07484232,0.015123095,-0.20226856,0.4566433,0.20543028
P02489,0.10353382,-0.16063488,0.3017001,0.2916417,0.018309694,0.18145008,-0.15363348,0.29503027,0.11615444,0.41546965,-0.019845229,-0.13803682,0.33862656,-0.037409507,-0.17058799,-0.23854804,0.28813326,0.13650244,-0.44537938,-0.42162925,0.019366998,-0.24487436,0.062647894,-0.0711537,-0.06126763,-0.20547187,-0.21521586,-0.201469,0.033830345,0.059854914,-0.04013707,0.24332173
P15303,-0.007716283,-0.08315292,-0.053823926,-0.13636225,-0.15926477,0.43512848,-0.1806944,-0.07612861,0.2574688,0.34105414,0.020990942,0.015927047,0.17529663,-0.009010717,-0.07093264,0.044026144,-0.106592625,0.0035081282,0.2392922,-0.1398138,0.018221889,-0.09719867,-0.19466728,-0.13700362,0.29429436,-0.025015531,-0.077401675,0.13357435,0.23474291,0.21053171,-0.21045604,-0.28900695
Q7LX99,0.012724504,0.04040572,-0.2561738,-0.11594663,0.005974833,0.4746522,-0.19231123,-0.12251984,0.13179708,0.3318195,0.20620586,0.06053415,-0.0778963,0.062451936,-0.13856104,0.14960818,-0.17985453,-0.042229943,0.5157601,-0.02136521,0.0019638268,0.19062416,-0.19310659,-0.16392355,0.3844512,-0.027374512,-0.05551689,0.32659292,0.3527989,0.0558043,-0.25738502,-0.4610732
Q9KK62,-0.15767999,0.0040714145,0.1826629,-0.20313707,-0.42256433,0.31190887,-0.48724496,-0.061577104,0.07205663,0.52441806,-0.07310252,-0.03812112,0.1177513,-0.075965255,0.07497262,-0.18006375,-0.22506784,-0.074045636,-0.021760225,-0.50999844,0.14079835,-0.34226954,-0.27880555,0.063913584,0.13658722,0.029821279,-0.3235683,0.21241641,0.4244579,0.3112687,-0.23837548,-0.045376286
P00360,0.11589198,-0.05791332,-0.44736406,0.1137468,-0.3948415,0.19299158,-0.33804888,-0.30567056,-0.05140158,0.13429692,0.3131336,-0.01357238,-0.47111362,0.16293657,0.07213888,0.049502343,0.08402659,0.22671553,0.27129984,-0.26150745,-0.015643543,-0.10837533,-0.27510285,-0.2732824,0.18578725,0.13019721,-0.29886565,0.5628656,0.10474098,-0.048737686,-0.4175017,-0.1536145
O43924,0.30138123,0.056218237,0.24588022,-0.1823952,-0.07784292,0.100021675,-0.65573424,-0.22110578,0.1344398,0.5199059,0.054066066,-0.17514591,0.5050579,0.18778703,-0.18675917,-0.07823518,-0.08413418,-0.010186441,-0.39349586,-0.47345668,-0.232815,-0.35770768,-0.31301337,-0.083469,0.07282804,0.0041038785,-0.4079508,-0.08701491,0.15097561,0.55461454,-0.55509037,0.016907368
P62277,-0.1821617,-0.03135714,0.18577588,0.20000884,0.0929748,-0.39879978,-0.1483078,-0.73912144,-0.0010259645,0.07140975,0.6792917,-0.035031453,0.111358166,0.38931647,0.36763397,0.2502559,-0.12638047,0.16468015,0.518736,-0.04787395,-0.0898807,0.031864718,-0.18101645,-0.271394,0.10662313,0.25911957,0.16184306,0.096053585,0.2221652,0.08276328,-0.384564,0.038465183
O95970,0.12103008,0.027068779,-0.17315897,-0.14376834,-0.056762535,0.5410993,-0.5728363,0.07059755,0.2714071,0.3283906,-0.2951698,0.12824374,0.106093705,0.038474075,-0.18651688,-0.19488022,-0.16280745,0.1336639,-0.21796004,-0.26975325,0.008018809,-0.2747501,-0.1510449,0.21480674,0.12225135,0.10105718,-0.29238823,-0.21448016,0.10928438,0.27188286,0.03023133,0.0030949004
O88384,0.06367035,0.36013234,0.7912832,0.16928913,-0.17368469,-0.35916165,0.41899508,-0.7574261,0.09676389,-0.049842805,0.39348784,0.08297557,-0.33997184,-0.20781761,0.18311477,-0.2861394,0.16914,0.33096242,-0.35513374,-0.020064339,-0.34935805,-0.3454737,0.3590201,0.31622052,0.27712172,0.112624325,-0.03684836,0.34922588,-0.24566412,-0.06254166,-0.054405745,0.5714671
D6RGH6,-0.26502812,-0.30099717,0.27369863,0.24373081,-0.020684991,-0.0029683262,0.42867476,0.3838305,-0.2540127,0.10353984,-0.2157786,-0.1384536,-0.27667636,0.008820526,0.3614975,0.015889049,0.046567976,-0.13685456,-0.6389712,0.109392315,0.27553198,0.14534001,0.11568661,0.30333957,-0.15026194,0.15085033,0.2535925,-0.23627505,0.2704061,-0.43233365,0.5852748,0.15387116
Q9ZVD5,-0.22187263,-0.090305775,-0.009343572,0.03128948,-0.28006917,0.33546737,0.055033296,-0.1527965,0.4232567,0.21871968,-0.026869964,0.015093252,0.08620739,0.048922144,0.056812324,0.012305006,-0.023605004,0.19524181,0.18830472,-0.036680594,0.14735459,-0.12612751,-0.07410522,-0.16427977,0.020436332,0.019586237,-0.0003380403,0.022436172,0.22948232,0.07913701,-0.09921236,-0.028073844
O00585,-0.096086815,-0.20879743,0.33109924,0.559597,-0.1051366,0.07414693,-0.018148601,-0.09906181,-0.0066847773,0.35229385,0.1644444,-0.12323849,0.30559248,-0.25364143,-0.014695384,-0.015049025,0.447946,0.038427614,-0.1282549,-0.42629874,0.33282864,0.057725176,0.13836795,-0.025648907,-0.15261757,-0.33075234,0.19143175,0.026082367,0.026498666,-0.34313217,-0.2093685,0.53653884
P09382,0.21926434,0.13472268,0.18723601,-0.14869383,-0.04894442,0.18747388,-0.82002985,-0.12041921,0.06312842,0.5783274,-0.0033344515,-0.12264247,0.39278674,0.10929277,-0.27484438,-0.161542,-0.12926272,-0.08362865,-0.26070845,-0.66507965,-0.049645323,-0.3082327,-0.2511038,0.09334874,-0.010645106,-0.05757696,-0.50461525,0.05829928,0.26432714,0.42828506,-0.47017813,0.088476986
P42801,-0.0013405532,-0.21967533,-0.12402312,-0.18974048,-0.36784422,0.28790802,-0.10776302,-0.34130892,0.1900302,0.26776025,0.23656549,-0.06457715,0.03816977,0.2073158,0.10558533,0.19835973,-0.031792328,0.10134527,0.13407716,0.15553583,-0.20489979,-0.00942494,-0.3475511,-0.41876668,0.3100446,0.23440962,0.043771558,0.18633133,0.240993,0.4139924,-0.508907,-0.5153656
O95801,0.19148596,0.104795314,0.18678424,0.1207969,0.032239836,0.10614826,-0.13742107,-0.3938419,0.0474113,-0.105172634,0.18862091,-0.07735962,0.27071095,0.06423514,0.08884717,-0.11611447,-0.032778665,0.0027190074,0.062217742,-0.06733063,-0.119161315,-0.30822897,-0.17421418,0.09881028,0.40869504,0.15935984,-0.14510709,-0.16677466,0.07889425,0.065870665,0.12062824,0.17314814
Q86VP1,-0.17084152,0.504673,0.45512125,-0.21113709,-0.21426138,-0.025631495,0.6172872,-0.46652985,0.12935022,-0.077465296,-0.08964452,-0.10749695,-0.6218076,0.1229975,0.3208788,0.09248932,-0.292902,0.4714213,-0.3587622,0.22072963,-0.23323338,-0.1914501,0.1827876,0.47836483,-0.09809544,0.26133913,0.08514335,0.08600582,0.015074063,0.0347418,0.42159793,0.10228853
Q86X19,0.25187194,0.13678294,0.35432008,0.22895262,0.034401607,-0.095339164,-0.08307502,-0.71092266,0.07054293,-0.10219829,0.25271487,0.015701994,0.32924104,-0.2770021,-0.03662,-0.2850009,0.1878851,-0.030998088,-0.08908275,-0.0049149543,-0.14364262,-0.35676962,-0.0075287707,0.20878905,0.41789848,0.07566715,-0.066696234,0.12894115,-0.17343587,-0.010881398,-0.105167344,0.4208479
P47992,-0.020732224,-0.21814913,0.3820088,0.4869278,-0.014977451,0.032500617,0.12496883,-0.21593276,-0.19187531,0.37384403,0.2797501,-0.14374039,0.30415255,-0.20599213,0.061195366,-0.20232606,0.42915457,0.06799732,-0.12743667,-0.41781062,0.16782899,-0.004937008,0.17124432,0.12847418,-0.08806747,-0.27570844,0.043801278,0.19982147,-0.061877638,-0.39410472,-0.19480833,0.6083827
P15018,-0.04231994,0.12339747,0.567929,0.1491447,-0.13059835,0.05258999,-0.59710723,-0.24318367,0.2669345,0.13616161,-0.0634556,0.17340851,0.43296373,-0.5836424,-0.27215067,-0.21523213,0.20326637,-0.6399684,0.025350958,-0.3897518,0.43064877,-0.46846735,0.016389001,0.028153181,0.4526654,-0.15502724,0.013397731,0.2409509,0.41166806,0.12625878,-0.28253284,0.26664555
P13199,-0.41945118,0.090939075,0.3593721,0.032917634,0.17646022,-0.31736997,0.07903603,0.7630014,0.060778696,0.19008188,-0.08008121,-0.21430844,-0.017956331,-0.21035779,-0.12209917,-0.091162086,0.4237758,0.1419585,-0.018243015,-0.31216455,-0.07927487,-0.41592854,0.29809505,-0.16818254,0.17639871,-0.14341284,-0.1519469,0.06118524,0.4772094,0.2708197,0.62281764,-0.36094856
P07141,-0.15636611,-0.102324516,0.10860764,0.11924248,-0.21088918,-0.061119072,0.44734955,0.25238076,0.21011348,-0.09516665,-0.6333481,-0.34025604,-0.23478693,-0.124997914,0.061837457,0.06004058,-0.18305264,0.07405862,-0.5476308,0.16887124,0.3492759,-0.11201725,0.009478983,0.17895775,-0.50673497,-0.09312297,0.16333476,0.076442674,0.18844211,-0.05370708,0.4495423,-0.18189073
P68187,0.13218139,0.05105996,-0.48345444,0.122121416,-0.11149306,0.31929085,-0.5659306,-0.28908652,0.108403,-0.004872814,-0.010926548,0.20993945,-0.14589745,0.14443639,-0.02465374,-0.13900205,0.015072554,0.22920784,0.1337435,-0.4345684,0.13132076,-0.23339176,-0.10677159,0.14699028,-0.028852895,0.16292438,-0.30961367,0.09402569,-0.0408473,-0.073934235,-0.008646313,0.24279328
Q5XIM7,-0.026295394,0.0024539828,-0.17619196,0.18509087,-0.04566055,0.1658681,0.30013856,-0.36473542,0.33926097,-0.07936612,0.14950944,-0.012569591,-0.15085797,0.2715063,0.24327376,-0.01983586,-0.118328944,0.23972511,0.3235333,0.15195577,0.032000396,0.077861086,0.041105453,-0.14494471,0.008489057,0.08216668,-0.13342473,0.18625285,0.16258058,-0.12168102,-0.09156273,0.005463196
Q12873,-0.1326529,-0.0329192,0.23038611,0.38166714,-0.062415738,-0.117426,0.515008,0.30534995,0.22514123,-0.03840089,-0.37273112,-0.3821981,-0.2850386,-0.118612014,0.011827759,0.19235846,-0.10743277,0.25180924,-0.25954223,0.19591992,0.2747901,0.14739464,-0.016589839,0.113135904,-0.37285239,-0.20020598,0.2548626,-0.076517075,0.25903285,-0.13273968,0.4665201,-0.07220812
Q9H190,0.066834405,0.058976322,0.20671532,0.273879,0.0137069635,0.27806735,-0.024036288,0.07609057,0.25674024,0.22459014,0.18328306,-0.12999524,0.20900825,0.039820917,-0.16618824,0.07642112,0.2237119,0.1766516,-0.058641925,-0.2275192,-0.0009829002,-0.011221655,-0.12334758,-0.18299218,0.1498393,-0.16384488,-0.0025788024,-0.30663148,0.16522753,0.09246102,0.023275856,0.09767854
P04764,0.11244987,-0.027906805,-0.2725016,0.07126298,-0.37073678,0.19359365,-0.34077102,-0.4170077,-0.07243462,0.15007824,0.46691927,-0.038925722,-0.34519356,-0.07405393,-0.08301151,0.026746817,0.13067603,0.3061417,0.35423863,-0.048726454,-0.24362186,0.07600656,-0.2798584,-0.26597732,0.42904168,0.16914745,-0.12195895,0.58948755,0.06701152,0.21014859,-0.48784617,-0.26873392
P00560,0.121089116,-0.09456609,-0.39370266,-0.0019555856,-0.44583857,0.35954204,-0.2984361,-0.5221268,-0.0315719,-0.063129246,0.2458175,-0.008315116,-0.15972346,0.10705971,0.10301193,0.07026687,0.10026948,0.114724234,0.21457332,-0.064598344,-0.05565488,0.006326854,-0.30651814,-0.1622821,0.25860977,0.30101982,-0.09714923,0.36988008,0.08620697,0.14958726,-0.32790992,-0.18450819
O43396,0.22350065,0.0019895434,0.010997914,0.10538735,-0.07736567,0.28186843,-0.29524884,-0.17946896,0.07154584,0.098896444,0.13316382,-0.08655797,0.28823704,0.09732159,-0.09690629,-0.013365984,0.09373959,0.014884688,0.07161954,-0.41913354,-0.012936705,-0.27798954,-0.3062293,-0.0054762363,0.11592536,-0.011611214,-0.23719099,-0.06922293,0.07642392,0.15054582,-0.08354117,0.07631713
O43318,-0.022987314,0.04533881,-0.08631634,0.282765,-0.018763233,0.25923657,0.23616919,0.1645155,0.3275325,-0.06952292,-0.33846128,-0.11119975,-0.22250503,-0.0877534,-0.26759133,0.032976642,0.035069883,0.57936865,0.12723556,0.027277187,0.110909306,-0.058447666,-0.06181984,0.2120776,-0.22958949,-0.1567002,-0.02655781,0.06550666,0.14036235,0.042916756,0.40333152,-0.019087274
P04002,-0.48107487,0.23867744,0.91218936,0.12574837,-0.047584098,-0.45479548,0.45858568,-0.5445604,-0.31272754,0.28285617,0.45842633,0.25901753,-0.23112135,-0.122961916,0.23795494,-0.22058758,0.3401062,-0.22983769,-0.5097028,-0.2786922,0.12391771,-0.118903324,0.637223,0.33166778,-0.31742632,0.115892015,0.100716256,0.5309913,0.21478009,-0.49014664,-0.13135038,0.62511283
P06733,0.11368878,-0.029085085,-0.2771847,0.07094717,-0.36678013,0.19571862,-0.33777088,-0.41523805,-0.06959688,0.14959589,0.4658859,-0.036153853,-0.3467046,-0.07003578,-0.08208693,0.029004969,0.12955396,0.30609694,0.35583013,-0.046737716,-0.24272282,0.07749416,-0.27877036,-0.26730084,0.42886925,0.16824146,-0.12171478,0.5881423,0.06650917,0.20732315,-0.48688537,-0.27171746
P0ABB0,-0.06646815,-0.13617623,-0.51997393,0.09837161,-0.07987636,0.2744749,-0.05453852,-0.39642754,0.21427491,-0.05435145,0.15477803,0.18079907,-0.23301643,0.1526582,0.21654579,-0.12808394,-0.11374311,0.17314216,0.54275566,0.13444136,0.060057852,0.03666681,0.070840165,-0.11454363,0.11423774,0.22742817,-0.1475513,0.4003116,0.041900307,-0.17834733,-0.17335238,-0.11874655
P45973,0.18105094,-0.08155531,0.27266788,0.56105006,0.049510602,-0.016148098,0.31926948,-0.12336648,0.15637113,0.028283939,0.26159862,-0.22245891,0.13464472,0.016052835,-0.00802245,0.029282212,0.258745,0.41762453,-0.004074827,-0.11041104,-0.095231846,0.031893507,-0.05458888,-0.114772305,0.020057276,-0.21250668,0.012022898,-0.085297436,-0.05046174,-0.071702085,-0.04639453,0.2819378
O15496,-0.21002676,0.35811365,0.38246992,0.21321617,-0.06795561,-0.031920314,-0.15610594,-0.32260606,0.17713672,0.3949021,0.3897567,-0.09513873,0.19344622,-0.22031689,-0.065359466,0.1137014,0.10374731,-0.21051526,0.3889194,-0.4240557,0.25057313,-0.0064894557,-0.12332454,-0.23432483,0.25728893,-0.34486166,0.047418606,0.25440502,0.52097416,-0.05285099,-0.31099096,0.12633121
P12272,-0.18190625,-0.28194135,0.2818237,0.122175716,0.16515288,-0.2343379,0.38366663,0.49361914,-0.4877468,0.33197254,-0.10083921,-0.30394208,-0.0017511994,-0.08982763,0.02594804,-0.24423435,0.52661157,-0.2595685,-0.8238673,-0.073221415,0.009436275,0.004417345,0.36957335,0.117753856,-0.19350992,-0.04343667,0.008714177,0.1855942,0.2381475,-0.37488386,0.36155888,0.052371245
P06704,0.37722147,0.10190317,0.08172447,0.40228954,0.3496102,-0.08864024,-0.1442562,-0.42773032,-0.19182473,-0.14788544,0.42599916,-0.058595315,0.19597661,0.035125695,-0.096156664,-0.25997064,0.14105299,0.22201923,0.22630733,-0.2874838,-0.19491325,-0.24590334,-0.08004825,0.25327417,0.24852522,-0.007986849,-0.26273778,0.065766804,-0.18917185,-0.16369109,0.13865224,0.39827776
P00572,0.27043056,0.038695864,-0.052667446,0.03560678,-0.08832647,0.21362212,-0.37483764,-0.57977337,-0.10327365,-0.1636107,0.20486923,-0.06778468,0.37319165,0.14311484,-0.07068004,0.004593283,0.038554326,-0.11144986,0.13779911,-0.2785902,-0.05346809,-0.25289124,-0.39870328,0.11244291,0.18275015,0.19235161,-0.16442776,0.026389748,0.098249845,0.19442168,-0.04264714,0.021862153
P05141,0.025443211,0.08632592,-0.2042717,0.08251132,-0.15045565,0.01017601,-0.3092097,-0.8591495,-0.013719891,-0.13827237,0.45632276,0.083999425,-0.040832117,-0.104340464,0.116073616,-0.19696853,0.091230296,0.29035413,0.31461623,0.20286821,-0.28685656,0.039394453,-0.043120075,-0.022119477,0.44149792,0.36468434,0.03636454,0.31835964,-0.09630995,0.15854731,-0.22723527,0.065740556
Q8IWX8,-0.10744475,0.13682027,0.34695247,0.3758759,-0.29817244,-0.052876927,0.31647396,-0.32447058,0.40730807,-0.283714,-0.30468768,0.061441123,-0.27138746,-0.27351445,0.09971719,0.1194535,-0.12794407,0.19516648,-0.14353776,0.2521057,0.30863968,-0.12929344,0.004631724,0.18451947,-0.061210692,0.056795634,0.3050331,0.040958107,0.17459765,-0.10930193,0.22441927,0.27181453
Q9EQQ9,-0.12611793,-0.07709335,-0.0051031485,0.112001635,-0.15308918,0.26555005,0.46476567,-0.1281558,0.43842655,0.024543524,0.03436506,-0.23585668,0.027095795,0.011151604,-0.21471548,0.16006786,0.12193355,0.40354067,0.28472814,0.28978342,-0.05618345,0.16095136,-0.0073682107,-0.2327459,0.06646259,-0.09883304,0.1309138,0.19830045,0.2204766,0.20355046,0.08691557,-0.35824266
Q13825,-0.058852464,-0.014930867,-0.3264806,0.25393987,-0.32339096,0.23918763,0.05440095,-0.46433756,0.21703151,-0.18878064,0.04539482,-0.006305352,-0.14195523,0.037984155,0.13071677,-0.053341717,0.11084139,0.22014397,0.27903026,-0.07869944,0.2285266,-0.071271226,-0.08661659,-0.024259433,-0.082813926,0.1051367,-0.113662474,0.3245596,0.07092225,-0.17843343,-0.056471337,0.21041356
P04406,0.15879236,-0.068592384,-0.4976981,0.15365586,-0.2880111,0.10847691,-0.2655021,-0.3137793,0.013448472,0.081328325,0.36983398,0.01774241,-0.49685907,0.20582446,0.050205342,0.082493335,0.1147763,0.24202865,0.29390562,-0.17773503,-0.069623634,-0.06714146,-0.249913,-0.3726346,0.2140971,0.11548229,-0.27263373,0.57114506,0.07204016,-0.042676598,-0.43618953,-0.2340573
Q9UHD9,0.07948241,-0.12149432,0.26858214,0.54836005,-0.02339499,-0.13105986,0.3285279,-0.051219694,0.14765677,-0.25167468,-0.11886086,-0.015147321,-0.19731341,-0.15710776,0.09506438,-0.057119206,0.08984847,0.36724576,-0.17584854,0.16712366,0.03628538,-0.15401648,-0.006040331,0.20498794,0.119974926,0.067065686,0.11428914,-0.106871784,-0.018012427,-0.18833439,0.39704573,0.37999165
P21570,-0.26192066,0.4724815,0.49511996,-0.05239314,-0.063526765,-0.08007892,-0.35538578,-0.0811044,0.28259838,0.7878932,0.3489199,-0.18373545,0.32314157,-0.16849977,-0.12791488,0.17160638,0.07479499,-0.294954,0.07156029,-0.57397056,0.17488211,-0.025691696,-0.08458835,-0.44309437,0.27348298,-0.43219897,-0.021852814,0.0746279,0.6463067,0.17902693,-0.48186034,-0.006286826
P43274,-0.16620773,-0.25865656,0.40400925,0.70672864,-0.33257574,-0.26636288,0.29794723,-0.10696953,0.22724241,0.006637946,-0.1891052,-0.20345911,-0.22698069,-0.32904562,0.21283549,0.34441602,0.117558256,0.014689628,-0.28927281,-0.028422639,0.48267907,0.112349615,0.076540545,0.028720789,-0.5733732,-0.14680031,0.627309,-0.036650836,-0.16494167,-0.4557344,-0.13604042,0.4204823
O75822,-0.14658892,-0.38823682,0.586507,0.48520374,-0.15206172,0.007835735,0.53206503,-0.18730429,-0.28662702,0.11870353,0.17592554,0.0847836,-0.14605325,-0.03194666,0.40617746,-0.04348381,0.19157496,0.095240064,-0.47598386,0.018556073,0.11729706,0.11943741,0.12965614,0.35864538,0.03781779,0.15089144,0.32925022,-0.17239746,-0.02020675,-0.5962502,0.22228831,0.71756876
O15212,-0.022796407,0.4475281,0.8527383,0.07349908,-0.14768827,-0.5061457,-0.007432863,-1.2026995,0.12131495,0.040924266,0.52408147,0.10920358,-0.06335363,-0.07031471,0.11215695,-0.14073968,-0.009402022,0.09358305,-0.12079771,-0.20893985,-0.17450608,-0.40168238,0.3202173,0.3978454,0.013726518,0.21501331,-0.039752156,0.34768036,-0.2048465,-0.105399646,-0.45415577,0.807674
A6XH05,0.04021795,-0.09857069,-0.1900169,0.05392675,-0.13312964,0.42409262,-0.14690544,-0.3987639,0.04049389,-0.097056895,0.13363938,0.15237263,0.15198642,-0.1966784,-0.054681227,-0.1740745,0.08474803,0.05082607,0.38903135,0.0020482838,-0.023762453,-0.1583865,-0.17820355,0.12976688,0.40469992,0.13991916,0.012884259,0.18627352,-0.0023756549,0.037776094,0.11978653,-0.103712305
P08572,-1.0348608,0.6536642,0.36316237,-0.07488766,-0.55216086,-0.39479098,-0.09494077,-0.09017264,0.6605831,0.11928159,-0.19624953,0.3014663,-0.63407284,-0.260934,0.12984335,0.41330096,-0.072376564,0.054124974,-0.011047035,-0.17248726,0.55913216,-0.30382317,0.29569012,-0.36585975,-0.51566964,0.07710013,0.3776066,0.18174388,0.68317443,0.095592104,-0.087666795,-0.10346033
Q14160,0.13012479,0.12648845,-0.37910464,-0.022551248,-0.03152788,0.5388018,-0.33026215,-0.052391134,0.39292154,-0.06051238,-0.3255767,0.20915857,-0.19359179,0.048091643,-0.25659588,-0.016434148,-0.06771396,0.3655765,-0.09621541,0.061685815,0.008213571,-0.052804373,-0.058791045,0.19530234,0.11949377,0.18827954,-0.050527208,-0.19811752,0.055641264,0.21457578,0.2943823,-0.089580774
A7IZE9,0.065319434,0.375467,0.6901624,0.10007415,0.16501242,-0.37432262,-0.117802456,-0.5485038,-0.0070371674,0.06688448,0.369887,0.0737136,0.23221034,-0.29839814,-0.14847016,-0.42972532,0.3281241,-0.20839006,-0.19525975,-0.2965174,-0.12787649,-0.45651227,0.33127987,0.21181074,0.3868363,-0.036385424,-0.28729126,0.43933,0.12612635,0.038244445,-0.11663006,0.40382203
P20290,-0.3573364,-0.43873173,0.46339527,0.6366778,-0.35300893,-0.08098529,0.22317156,-0.3254544,0.102968,0.22707826,0.20006464,-0.049897656,0.045039922,-0.058314823,0.38280192,0.21152553,0.20986506,0.2775807,-0.09440935,-0.06109219,0.2832309,0.09107952,0.001138866,-0.033046514,-0.31142014,0.06341579,0.5157376,-0.26939046,-0.054847516,-0.32642412,-0.18577106,0.6360985
C4M4P4,0.24927367,-0.07671638,0.26153764,0.116979815,0.024888072,0.12686977,-0.45928335,-0.16928166,-0.12198352,0.18236859,0.11361657,-0.17637694,0.49137652,-0.0017809793,-0.12544659,-0.25954506,-0.0013862029,-0.120974965,0.08130333,-0.5664377,0.025295064,-0.47625017,-0.24301463,0.19459753,0.048446506,-0.044755064,-0.39188513,0.07477902,0.08245467,0.17080465,-0.11284776,0.1818218
P08118,-0.19868156,0.34596997,0.45054924,-0.08307846,-0.013817098,0.041038543,-0.31336963,-0.029898204,0.2364724,0.8291114,0.22426586,-0.2457267,0.39270794,-0.010718174,-0.09773882,-0.08290842,0.03908909,-0.161165,-0.212362,-0.53051835,0.09148473,-0.082212806,0.10140042,-0.19681449,0.053569242,-0.29350773,-0.2502052,-0.03543058,0.4608268,0.11826425,-0.38891903,0.16378407
P0C5Z0,-0.23751417,-0.066527426,0.29442054,0.47656643,-0.024810802,-0.18390232,-0.068280265,-0.59266466,-0.09229741,0.17886308,0.5016682,-0.11620411,0.117343605,0.089049764,0.2777112,-0.085738674,0.053890184,0.23278385,0.44396293,-0.34987742,0.18240693,0.028477862,0.078621805,0.11244387,-0.20731714,3.8275495e-05,0.028385688,0.16817212,0.08300976,-0.2976247,-0.22067907,0.6197732
P0CJ48,-0.03464608,-0.10996753,-0.010679662,0.18714428,0.08356698,0.02793686,0.2428813,-0.51800525,0.108916454,-0.072132885,0.49127272,-0.009104326,0.14320937,0.3600926,0.2792885,0.2428775,0.012096018,0.05925276,0.3559199,0.1446451,-0.08783539,0.20381038,-0.18329483,-0.29964477,0.22527139,0.13258636,0.20436943,-0.06576334,0.21479356,-0.00608441,-0.12647164,-0.12711309
P46777,-0.28161186,-0.19646963,0.15685233,0.06380332,-0.1419814,-0.21655709,-0.053262085,-0.4651671,0.06714343,0.22753489,0.5440738,-0.066548795,0.053517178,0.37049112,0.45594212,0.2693795,-0.19453801,0.12613392,0.40668672,-0.0014632791,-0.022581313,-0.017238632,-0.26300043,-0.45451128,0.17711075,0.2567617,0.20320746,0.021695763,0.34436044,0.17899542,-0.3630644,-0.20239106
P07017,0.01891008,0.43286175,0.04507429,-0.01677688,-0.31523985,-0.1582708,-0.21746524,-0.9971978,0.24320462,-0.25812256,0.15613467,0.17980784,-0.49245107,-0.26735523,0.19189066,-0.2838675,-0.123295546,0.42210525,0.06353575,0.20150207,-0.27830568,-0.2729206,0.3414325,0.27097934,0.32357764,0.36715615,-0.0015154108,0.45091227,-0.33876777,0.047222596,-0.1969454,0.3397368
Q8X1T3,-0.041330338,-0.115067735,-0.48898014,0.004150247,-0.12098959,0.4218033,-0.23507217,-0.25966927,0.09503133,0.07463604,0.10053426,0.17167413,-0.21273763,0.07009185,0.10300522,-0.15513718,-0.15294926,0.115940645,0.5272833,-0.060404174,0.10129934,-0.016753532,0.012917858,0.016986176,0.15963922,0.17839572,-0.20762888,0.39339688,0.070127755,-0.15665407,-0.103349864,-0.1366383
E6IYJ0,-0.07658403,0.10078208,0.10165324,0.047038697,-0.23402965,0.17786923,-0.68276954,-0.17746577,-0.15808536,0.18648376,0.055344332,0.1320036,0.06818688,-0.18428782,-0.039115347,-0.25928226,-0.05540891,-0.118527405,0.18360403,-0.67990166,0.22615403,-0.45969743,-0.29165104,0.24992028,0.19121517,0.07700759,-0.32370582,0.25051793,0.34162137,0.10880197,0.040181424,0.19285475
Q80VW7,-0.34124482,-0.20201063,0.0007644072,0.009288436,0.12141296,-0.101824544,0.46488237,0.6555334,-0.095790885,0.06045278,-0.5549334,-0.44447082,-0.21772908,-0.12612578,0.050195836,0.10023749,-0.04981953,0.102503374,-0.4285078,0.22858478,0.16722159,-0.0025119036,0.06542602,0.21453676,-0.41980314,-0.07012542,0.2305083,-0.032466948,0.18021455,-0.11228924,0.7227279,-0.38087675
P0DMC5,0.046939597,0.04960028,0.22633836,0.036483362,-0.047442067,0.10263601,-0.14510685,-0.08937425,0.13542618,-0.020265013,-0.1303321,0.120806634,0.025477916,-0.030194141,0.09243431,-0.37251464,-0.05712992,0.041868135,-0.11387098,-0.16939095,0.017018564,-0.5377682,0.045392994,0.24063922,0.26773465,0.15062988,-0.34797552,0.0040567517,0.20376068,0.0586295,0.20335147,0.28388232
A8AUR6,0.05883245,-0.19556841,-0.5691707,0.031240603,-0.13564098,0.31477016,-0.049971297,-0.30909726,0.31869105,-0.030472606,0.008482534,0.13258263,-0.24069381,0.2696409,0.19601011,-0.11849734,-0.09312196,0.19199695,0.2841581,0.13254195,0.02246442,-0.056826547,0.09773339,-0.19102205,0.04075329,0.22505572,-0.25584593,0.34134293,-0.0036912635,-0.083781235,-0.23390448,-0.17643116
O95980,0.009109288,-0.008310452,0.2736349,0.07376656,-0.0031823665,0.28356275,-0.4132115,0.2768839,0.13489163,0.16785602,-0.04858331,0.09244472,0.16848657,-0.2795318,-0.28746682,-0.15360796,0.15800007,0.0006456077,0.16247857,-0.3826179,0.019071773,-0.49334455,-0.14306362,0.09245287,0.5144919,-0.033695586,-0.14331219,-0.07634525,0.2635889,0.29051626,0.30053994,-0.088122815
Q9NR28,-0.01776895,0.45136237,0.6776261,0.076628394,0.15229748,-0.4503449,0.35537833,-0.18898839,0.101080194,-0.016456395,0.22332112,0.024294078,-0.114355385,-0.28585017,-0.08292029,-0.34966424,0.4524203,0.0124590695,-0.38413274,-0.09379628,-0.23555483,-0.3891074,0.5392648,0.00646095,0.24190013,-0.09994856,-0.1865929,0.49653772,0.1857323,0.12496955,0.07955572,0.12110378
H2F490,-0.017827675,-0.100129485,0.034044836,-0.0837349,-0.18981189,0.47842655,-0.30071664,-0.088983886,0.052990742,0.20364712,0.009980876,0.10453662,0.17943639,-0.14777139,-0.08747643,-0.089726806,-0.095786124,-0.06788858,0.30682617,-0.25119725,0.07431732,-0.23832141,-0.2913431,0.1003703,0.37431562,0.045154236,-0.086765565,0.14632942,0.25739315,0.18586999,0.0042706244,-0.18761685
Q14457,-0.04257042,-0.007488385,0.3267259,0.25914174,-0.18691091,0.00516871,0.28605613,-0.55799264,0.15873307,-0.034450203,0.2520716,0.016136914,0.011054635,0.111591496,0.33135584,0.04365462,0.024685338,0.26475924,-0.12727538,0.18134166,-0.116981134,-0.08612128,-0.15855756,0.024546288,0.24635811,0.2369223,0.17275149,-0.23815367,0.061525278,-0.05462175,0.013969455,0.37330818
E6KMA1,-0.13910684,-0.09032601,-0.1395756,0.026833532,-0.51678705,0.31159452,-0.45228523,-0.28056064,-0.22447313,0.144993,0.1578556,0.031877935,-0.15112168,-0.18848762,0.15669614,-0.21731552,0.0037584156,0.1342618,0.36106342,-0.4596858,0.1148603,-0.24687596,-0.25735277,0.12450801,0.18924345,0.17808682,-0.22107172,0.49286777,0.16711986,0.05607031,-0.12803715,0.06262505
P0AFR2,-0.22537267,-0.08847436,-0.30917698,-0.048871532,-0.43784732,0.47357723,-0.49131292,-0.49447614,-0.028212946,-0.005202964,0.017119963,0.29925603,-0.085673004,-0.35701355,0.10215179,-0.3787525,-0.0034482703,0.11788669,0.35116333,-0.10011198,0.15941685,-0.21378753,-0.07695216,0.30155367,0.30597502,0.32621068,-0.015162781,0.3494915,-0.0036676526,-0.019328509,0.030512873,0.12247427
Q15797,-0.2530083,0.018216431,0.09950776,0.1195781,-0.2232532,0.19218203,0.28071916,-0.09763965,0.4950274,0.27962482,0.18692099,-0.16364299,0.12854025,0.012752496,-0.1293532,0.3385423,0.1727536,0.22495052,0.1623699,0.055067077,0.055718523,0.18047486,-0.12152195,-0.514251,0.085833535,-0.18640228,0.24126089,-0.018125638,0.34261343,0.1843089,-0.17524499,-0.23629475
Q92731,-0.04287435,0.011585861,0.09302486,0.4317372,-0.18335418,0.20953277,0.36557758,-0.26964808,0.3715197,-0.120583445,-0.01373234,-0.109704845,0.012660623,-0.16883963,-0.15885934,0.08775121,0.21407469,0.34668553,0.2386001,0.08115904,0.17447709,0.003468573,-0.12465444,-0.00080126524,-0.042340107,-0.15760504,0.12409071,0.1732789,0.13879144,-0.053816453,0.09602569,0.12772115
Q00610,0.47350872,-0.09877166,-0.21116075,-0.15798883,-0.030056726,0.30568212,-0.35163918,-0.3626229,0.30108926,-0.0006173551,0.017336588,-0.011094861,0.31164253,0.34404936,-0.10260413,0.115624934,0.033323348,0.08951522,-0.36210737,0.12239532,-0.38585064,-0.15240303,-0.2738824,-0.2462938,0.35303217,0.27121827,-0.12094591,-0.2727107,-0.06127324,0.531324,-0.28749424,-0.31388217
O95998,-0.07613294,-0.09732947,0.32531726,0.18030691,-0.0680448,0.10161008,-0.14115961,0.34309465,0.1852088,0.51217115,-0.121086225,-0.19039679,0.34784305,-0.14295006,-0.20549694,-0.2535824,0.32217824,-0.040004246,-0.50345695,-0.53153294,0.18431361,-0.27038336,0.18361808,-0.12297426,-0.16778493,-0.32362577,-0.1869882,-0.032354966,0.17271203,0.06185196,-0.021508519,0.14701715
O96018,-0.11549397,-0.004667461,0.1902202,0.32290488,-0.10933542,0.23864436,0.2151179,0.23095253,0.39304015,0.1854802,-0.20359638,-0.18886587,0.040282756,-0.17694885,-0.27213776,0.066989854,0.13978523,0.4312087,0.015914679,-0.14136851,0.1656497,-0.05288277,-0.1027284,0.013337836,-0.14311224,-0.3064341,0.052367605,-0.03175664,0.21232599,0.101127736,0.2131066,0.032213118
Q96L73,-0.075956464,-0.13447605,0.09524173,0.23337865,0.0029941313,-0.08822368,0.53007114,0.43420917,0.14706197,-0.010067001,-0.5049786,-0.52111953,-0.17191903,-0.107809655,-0.070862524,0.088275254,-0.09957506,0.22074714,-0.38223538,0.20797954,0.19057746,0.09727962,-0.021918152,0.1438521,-0.4450754,-0.23557192,0.1325343,0.026147038,0.20211461,-0.026234468,0.51072764,-0.26588574
P05090,0.067240044,0.10362983,0.18972597,-0.03911206,-0.104235575,0.12342355,-0.39933848,-0.28024787,0.07966518,0.47159544,0.1748131,-0.22723988,0.36709535,0.1211111,0.025915675,-0.10177255,-0.11083181,-0.04987111,0.006727457,-0.5091678,0.029366624,-0.22118233,-0.18180016,-0.008505791,-0.038300462,-0.09614634,-0.34360304,0.073175445,0.21149829,0.18883526,-0.3863801,0.12505624
O15371,-0.42004472,-0.23610818,0.2672856,-0.12870431,-0.28675106,0.109123334,-0.03938335,-0.26944327,0.16938603,0.39600405,0.25372133,-0.027968064,0.2538832,0.21463218,0.353771,0.2573907,-0.15976872,-0.036322556,0.026045963,0.1651064,0.029118847,-0.05276698,-0.24724728,-0.34937823,0.32645535,0.30303946,0.34305465,-0.35725537,0.4313702,0.2003323,-0.13163446,-0.19886573
P19156,-0.12300502,-0.068481326,-0.3790957,0.15457098,-0.058873504,0.2288135,0.1389811,-0.4455572,0.3115147,-0.09045416,0.14200921,0.10403229,-0.19099197,0.15591949,0.2364575,-0.0898681,-0.12027201,0.27474588,0.5302226,0.23680396,0.052830976,0.089935794,0.08928572,-0.062120438,0.050298214,0.18973137,-0.076164864,0.30066562,0.0638401,-0.17561734,-0.104943275,-0.034535374
O75365,0.20541479,0.025096193,-0.009850167,0.19435474,-0.038344953,0.16560757,-0.3929139,-0.33723614,-0.10193102,-0.04066126,0.1759213,-0.04181546,0.25369638,0.04769384,-0.02462107,-0.10260059,0.022812165,-0.055353664,0.26611376,-0.5232945,0.096011035,-0.30590653,-0.2916975,0.14427544,0.060492113,0.022014016,-0.25651267,0.115850106,0.08352206,0.028280472,-0.018921968,0.17494932
Q9VUM1,-0.32270062,-0.20695591,0.16507891,0.085164405,-0.29529628,0.24586749,0.02279818,-0.44592083,0.15239304,0.07463302,0.22488151,0.085408136,0.25854325,0.049931966,0.31291637,0.13470523,0.07753235,-0.020794235,0.06952402,0.20033918,0.074505635,-0.06690773,-0.22170272,-0.12563048,0.3462571,0.31952706,0.38145486,-0.36732998,0.23502904,0.0132873,0.033025246,0.07916437
Q13153,0.010742918,-0.022691235,-0.06297866,0.41976702,-0.15831271,0.2919361,0.35754573,-0.18815547,0.49431625,-0.18047121,-0.06725922,-0.122021794,-0.15397239,0.07306295,-0.22453097,0.24054354,0.08260177,0.52272147,0.24585176,0.18782954,0.099009566,0.17285131,-0.13327894,-0.030972347,-0.1586185,-0.06176383,0.11216549,0.004844889,0.13739991,0.014328411,0.11937125,0.022082228
C6KSX0,0.04209827,-0.08396834,0.3725311,-0.007879289,-0.06076475,0.12108013,-0.17892751,0.37409595,0.17431313,0.48639187,-0.1280528,-0.21475782,0.37578738,-0.17395371,-0.17794755,-0.3417743,0.18659836,0.013493702,-0.37762558,-0.47870636,-0.0726235,-0.5008161,0.059517335,-0.0985474,0.14747058,-0.24008399,-0.31244326,-0.029430062,0.13044405,0.3209644,0.057069693,-0.046202008
O55234,-0.08344631,-0.029218346,0.009985819,0.08916604,-0.3120751,0.1995982,0.07707204,-0.21321487,0.16112518,0.21090081,0.08986691,-0.20234884,0.1417315,0.044911526,0.081754945,-0.10254443,0.102074854,0.05895426,0.07334894,-0.33634335,0.144604,-0.18570922,-0.113194555,-0.12767692,-0.10165717,-0.09891623,-0.24118713,0.27918473,0.21267456,0.010358589,-0.17467827,0.08579709
P21374,-0.034675106,-0.1138846,0.4857889,0.24803293,0.007465411,0.06524983,0.21349078,-0.4360974,-0.22688794,0.094084725,0.3747641,0.02424553,0.15292785,0.15110415,0.29617676,-0.07159582,0.10986905,0.0025030896,-0.17350726,-0.07242829,-0.066536,-0.07535331,-0.068932265,0.26369286,0.29074025,0.22402355,0.10897704,-0.22231013,0.09428971,-0.27685088,0.16926819,0.5249989
P04347,-0.21060559,-0.14455743,0.10961652,-0.04378827,-0.35439754,0.3944736,-0.024002582,0.035241984,0.3777914,0.3278883,-0.18618599,-0.02005227,0.17970484,-0.052678727,-0.035346545,-0.086701065,-0.004025623,0.09251372,-0.055314258,-0.17163295,0.18153238,-0.29158655,-0.11432004,-0.09660934,0.056282416,-0.031306803,-0.054605566,-0.020205364,0.2712167,0.16958821,0.01880138,-0.05894306
P21243,-0.10960374,-0.036527753,0.14499754,0.022937847,-0.27281693,0.094448134,-0.30821812,-0.27830347,-0.033457596,0.23315002,0.1363417,-0.13009232,0.18036991,0.0037955716,0.17873114,-0.26108602,-0.14382939,0.023323748,0.25650024,-0.4915589,0.10512767,-0.36930573,-0.17576244,0.10281819,-0.028345063,0.062200643,-0.3452519,0.26988462,0.2188361,0.12352333,-0.151997,0.1504127
P08640,-0.46834904,0.37991577,0.20168793,-0.3244414,-0.27865335,-0.25318602,0.07175805,0.4163646,0.3106937,-0.027347267,-0.5046496,-0.21915433,-0.32510307,0.051625736,0.1514256,0.07828481,-0.025531068,0.04548543,-0.52987814,-0.26344627,0.17181294,-0.64668936,0.3114563,-0.2352057,-0.46028078,0.052822053,-0.14309695,0.0728077,0.35929468,0.33940402,0.42535824,-0.4414333
P05120,-0.041105814,-0.15110284,-0.05730159,-0.051650286,-0.3910697,0.36954916,-0.20280194,-0.20984843,0.04903796,0.1540757,-0.009576451,-0.027900472,0.13383967,-0.034635402,0.112801604,-0.13363281,-0.047181085,0.008850642,0.19636458,-0.32949507,0.1007543,-0.30496424,-0.2402674,0.029506594,0.11840545,0.08729166,-0.21315038,0.25822884,0.17524654,0.12805592,-0.11904909,-0.044365346
Q9UBC2,-0.023261935,0.20731367,0.07490927,0.3582726,-0.07715194,0.07505667,0.26767027,-0.4199738,0.36743268,-0.24776053,0.04537398,0.02725108,-0.24806812,-0.04555056,0.12369854,0.037434205,-0.02319184,0.4208304,0.20302773,0.2497214,-0.0021977248,0.005291164,0.0049788915,0.1560859,0.18603136,0.1352886,0.093137,-0.038411662,0.064010024,-0.10396382,0.24903357,0.2538162
P00724,-0.013536051,0.03470871,0.024436347,-0.27166256,-0.10489206,0.41111776,-0.42093685,0.17207083,0.22781686,0.5936936,-0.16013248,-0.052525505,0.18371505,-0.025552586,-0.17669594,-0.1538237,-0.2035319,0.04004009,-0.09912178,-0.3540581,-0.027902324,-0.22823623,-0.11663163,0.020797342,0.1953275,-0.07846523,-0.32553574,0.048222825,0.29366484,0.35312843,-0.117353454,-0.23309325
P09733,0.03253174,-0.100844204,-0.37699994,0.10393656,-0.19430058,0.17735967,-0.092326246,-0.47046572,-0.008157567,-0.05980721,0.3692983,0.05563435,-0.2138004,0.11286504,0.17095259,0.011128485,0.020139486,0.13087939,0.4642548,0.034355745,-0.06830187,0.07498309,-0.1726858,-0.22505383,0.28496176,0.22394545,-0.08246455,0.48224375,0.115551524,-0.0020955498,-0.27382675,-0.23240031
P15692,-0.13501242,0.028033152,0.24604687,0.39201695,-0.31264505,-0.05486702,0.5365421,0.08302661,0.2514363,0.14567268,-0.2201434,-0.429438,-0.2176194,-0.14103743,0.1421923,0.17307925,0.007950775,-0.025696628,-0.44702965,0.064211816,0.38792226,0.32486385,0.109613106,-0.121274814,-0.43654794,-0.2682939,0.21728265,0.044632092,0.28840983,-0.2801262,0.06088415,0.081610665
P69786,-0.021445885,-0.019899145,-0.23189434,0.011809221,-0.3725759,0.34101847,-0.48541647,-0.5640943,-0.1368522,-0.036200374,0.2723889,0.1519075,-0.043855146,-0.27334106,0.0101141855,-0.17376795,0.09479307,0.13118032,0.33140287,-0.11413263,-0.052838724,-0.03869059,-0.22984287,0.09255192,0.44636852,0.29223284,0.0041700974,0.39175358,0.026419096,0.16909134,-0.12970035,-0.037030395
Q13492,0.027747527,-0.027696773,-0.10581108,0.22366281,-0.16540079,0.27314132,0.32565325,-0.31754503,0.47561687,-0.21177346,-0.08904013,-0.10019946,-0.07800268,-0.1272312,-0.21727663,0.07882076,0.16106889,0.50044435,0.16958159,0.4626025,-0.09267064,0.11140297,-0.002064567,-0.02191244,0.17655455,0.054351218,0.18721586,0.117156304,0.03084701,0.18938433,0.18912145,-0.19015262
A5KE01,0.032996774,-0.040346906,-0.050554566,0.010926014,-0.3136909,0.359013,-0.5456537,-0.38694122,-0.1788724,-0.049542278,0.01328342,0.1550673,0.15046233,-0.21462196,-0.003917508,-0.2984831,0.00817211,-0.09455941,0.1831769,-0.43537986,0.15281111,-0.44102997,-0.305608,0.3458326,0.24910425,0.19907229,-0.2176702,0.22453372,0.11581036,0.08802483,0.11231378,0.15032068
P23396,-0.1543418,-0.24484637,-0.015887693,0.24249566,-0.16225308,-0.30624798,0.022534356,-0.44087613,0.28377202,-0.015889406,0.32931438,-0.07650926,0.14495754,0.41625592,0.463567,0.14312074,0.055948183,0.28184766,0.043840915,-0.020247951,-0.020776805,-0.13139287,-0.016070481,-0.56502247,-0.15333286,0.22693968,0.04135363,-0.092259884,0.06846649,0.15417962,-0.3542148,0.039623436
P05451,0.034092903,0.15629357,0.06494456,0.2689806,0.07355018,0.12512648,-0.30800736,-0.07965631,0.044777732,0.43733913,0.19318846,-0.11321065,0.12138644,-0.05554829,-0.11023766,-0.18778542,0.07687098,0.09259486,0.1654636,-0.6233171,0.18927808,-0.0963804,0.0418433,0.0737175,-0.105257414,-0.3148306,-0.30703768,0.212405,0.13554181,-0.16415536,-0.17463282,0.31740627
O43508,-0.15048903,0.031073004,0.31840247,0.1891582,-0.2272213,0.121053845,0.1590792,-0.03253696,0.29984906,0.45791537,-0.12564774,-0.18360215,0.20182472,-0.18361124,-0.032614656,-0.19453517,0.14517467,-0.05250161,-0.39971042,-0.31940567,0.3115232,-0.06376153,0.21796948,-0.08873415,-0.3033592,-0.34567085,-0.08015493,0.1722368,0.22099516,-0.095980376,-0.19502157,0.25894713
P10275,-0.4172353,-0.068991154,0.0371164,-0.055365227,0.29021865,-0.1455116,0.4295565,0.6540276,-0.06734439,0.12691863,-0.450461,-0.39057854,-0.11942069,-0.3133959,-0.13154504,0.033348233,0.05175802,0.22755003,-0.15232474,0.25474542,-0.024109181,-0.0049159974,0.15676135,0.1971542,-0.21985032,-0.15560111,0.21791464,0.13840999,0.17733946,0.034074005,0.70902514,-0.48778883
Q61371,0.093073115,0.024027318,-0.018988684,0.2172057,-0.09615241,0.21823335,0.0035303533,-0.40299693,0.33761278,-0.2004551,0.039275367,0.09573217,0.03199646,-0.13645248,-0.052664988,-0.06536695,0.14780375,0.3733397,-0.0036896318,0.28132486,-0.14529642,-0.14411002,-0.084094405,0.08906515,0.4313146,0.21482308,0.10789851,-0.15985474,-0.08723123,0.11644927,0.17385438,0.15564786
P21375,-0.08728981,-0.097540796,-0.24913192,-0.00345085,-0.2943009,0.39703986,-0.23525262,-0.23450708,0.0016264906,0.113715276,0.073187515,0.08387336,-0.07841113,-0.04362186,0.10491621,-0.12874928,-0.108166635,0.053033896,0.46573716,-0.28383034,0.14994663,-0.17002022,-0.17220286,0.07559338,0.13996907,0.10899364,-0.20787433,0.39762154,0.16896558,-0.05095182,-0.07604399,-0.07331642
Q9BZR9,-0.18367212,0.22510836,0.13812007,0.20701253,-0.093158886,0.11323634,0.2742612,-0.15062627,0.3335077,-0.06517321,-0.24075314,-0.02612032,-0.32427782,-0.008803882,0.13735723,0.014414981,-0.28769815,0.30784246,0.024374187,0.19131659,0.19564547,0.013173565,0.028537814,0.28026593,-0.079296455,0.09166858,0.025163166,-0.035678536,0.32418627,-0.11214944,0.3568514,0.19588368
Q7YZX3,0.064842954,0.0076759905,-0.20027462,0.05819443,-0.43078974,0.24516714,-0.42720324,-0.35530308,-0.16219597,0.19339564,0.42846683,-0.08184531,-0.3471182,-0.13531333,-0.06555361,-0.034498826,0.07579405,0.29072914,0.37194568,-0.18458663,-0.17692327,0.032207027,-0.27543014,-0.14548798,0.40814322,0.15956591,-0.18091694,0.5945882,0.09956698,0.1845497,-0.40713862,-0.18325575
P0ACC1,0.29672545,0.06784769,-0.17436042,0.09817413,-0.15399978,0.15016434,-0.5677781,-0.52752244,-0.17926338,-0.1703789,0.19390227,-0.023287207,0.15989858,0.1025716,-0.080198966,-0.07257041,0.0659351,0.044392824,0.16532671,-0.5016666,-0.05420753,-0.2561769,-0.32734066,0.14863303,0.07847154,0.20191413,-0.290486,0.21451212,0.013462041,0.1955637,-0.0808301,0.114402875
P54253,-0.43506092,-0.03210964,-0.0042446777,-0.06379356,0.15064786,-0.18975693,0.44478428,0.6584272,0.0030808328,0.08267079,-0.5431745,-0.47753114,-0.20869185,-0.22737789,-0.037505694,0.14025584,-0.08809477,0.19611011,-0.2635228,0.19725884,0.12885667,-0.018574588,0.11058548,0.13190386,-0.42938566,-0.17443971,0.22525617,0.085819036,0.19626102,-0.001999145,0.6843481,-0.4968373
P0A6L0,0.19742186,0.041183062,-0.10013997,0.018532267,-0.49181744,0.2566,-0.67032343,-0.5789114,-0.24651018,-0.13632186,0.19317046,-0.041788355,0.091629446,-0.19052032,-0.14575033,-0.112697035,0.23107933,0.0256266,0.04433489,-0.38669372,-0.108810075,-0.18639018,-0.37817192,0.085071206,0.28455907,0.29932117,-0.18280235,0.4228517,0.074214906,0.40357143,-0.22930288,0.0076744966
P15208,0.056689486,0.19924939,-0.052339055,-0.061776683,0.24454443,0.38100246,-0.15248266,0.027929462,0.30088785,0.4814716,0.25550485,-0.03405489,0.121100485,0.052613355,-0.19570157,0.09461343,-0.16611315,-0.029626153,0.2760399,-0.0458899,-0.08531057,0.21177153,-0.06077637,-0.23555209,0.4502157,-0.20197523,-0.053185202,-0.06669292,0.29002097,0.086724184,-0.13347115,-0.3299121
P11940,0.057450205,0.094299585,-0.22140479,0.34620613,-0.109715804,0.19663244,0.21511716,-0.23239538,0.47568354,-0.2513393,-0.15429552,0.032629967,-0.4013483,0.20653155,0.0071674734,0.14447786,-0.07473482,0.5895184,0.03610657,0.1851439,0.0740255,0.09328382,0.00835995,0.06541104,-0.162969,0.11232074,-0.007900812,-0.08733389,0.056936763,-0.069186874,0.19280815,0.15542746
Q96EB6,-0.09647083,0.025065184,0.051886283,0.29359394,-0.22425129,0.25348452,0.47870404,-0.21787173,0.38389587,-0.04262212,0.050535817,-0.21472615,-0.030772507,0.015124723,-0.12365861,0.16465017,0.121038616,0.30145755,0.2945237,0.073020115,0.14595343,0.12278639,-0.1017783,-0.13621633,-0.1086033,-0.15190056,0.0372843,0.23433419,0.27212927,-0.017095117,0.030321758,-0.048588846
Q8IUQ4,0.25070828,0.08087085,0.057452552,0.069599815,0.14923868,0.16124055,-0.0139063,-0.12723798,0.30338168,0.23653279,0.26242694,-0.17257147,0.30897155,0.28423417,-0.09591706,0.13094637,0.11163658,0.10406988,-0.10040663,-0.13471779,-0.21983008,0.033392027,-0.12502426,-0.36473614,0.1763304,-0.14341053,-0.1142256,-0.20226422,0.11785542,0.2511586,-0.25317302,-0.13491364
Q94420,0.1430643,-0.10068658,0.05188355,0.23545212,-0.080507755,0.25328717,-0.09725036,0.0380122,0.07018297,0.077942535,-0.07280764,0.0036825836,0.08543894,-0.07750292,-0.016667984,-0.30285177,0.13149697,0.23643905,-0.060208037,-0.32343382,0.019941892,-0.43312275,-0.10759568,0.15511668,0.069863215,-0.031768188,-0.28012538,0.012704983,-0.019115545,0.0048511275,0.13346905,0.25463527
P0A6S5,-0.2199887,0.025437236,0.72413677,0.22807848,-0.08831468,-0.20702593,0.36384523,-0.7774246,-0.3265789,0.19601452,0.5706353,0.18692249,-0.1592848,0.16326302,0.38649425,-0.22765559,0.10518428,0.06718185,-0.253104,-0.25102466,-0.05747776,-0.08111216,0.27624467,0.5023126,-0.087343186,0.2619711,-0.017666154,0.21905358,0.0038220882,-0.50015223,-0.07507891,0.843708
O00308,-0.072686836,0.0755104,0.027927466,0.24004802,0.013667997,0.12931412,0.361605,0.28054702,0.4516056,0.10313462,-0.39194158,-0.28013602,-0.19219491,-0.06856863,-0.21125346,0.069511324,-0.09871958,0.583659,-0.07490043,0.13666098,0.067513466,0.073190555,0.04791486,0.084773414,-0.3323461,-0.256853,-0.0088176355,-0.017190784,0.16536298,0.10710599,0.32190785,-0.13220742
B5KM66,-0.20500797,0.6274559,0.93283087,-0.12528686,0.11417401,-0.5402787,0.29064593,-0.58063227,-0.14982697,0.17954114,0.5221112,0.081986964,-0.1610415,-0.1364713,0.00437814,-0.29678282,0.33669513,-0.0598441,-0.38048512,-0.23926912,-0.30729154,-0.38612503,0.58067924,0.30646884,0.15935425,0.09745111,-0.18814456,0.5161735,0.1829893,-0.034371827,0.016281571,0.36436605
P00748,-0.15110166,0.18197328,0.062592156,0.13186942,-0.034314316,0.3984988,-0.10171062,0.1871739,0.38969344,0.40367535,0.029442195,0.00030736625,-0.068132915,-0.040194545,-0.20875312,0.020799994,-0.029660776,0.23791784,0.24771851,-0.28150573,0.1421452,-0.0024580508,-0.038000125,-0.06933132,0.064281836,-0.20830746,-0.09520853,-0.07932821,0.31797957,0.039956097,0.07890846,-0.011609923
A0A0K0MJN3,0.43853348,-0.08495346,0.106738,-0.034417234,0.060372468,-0.02326873,-0.71241474,-0.3488263,0.08908888,0.34557864,0.05927371,-0.15523764,0.48635077,0.29621404,-0.18185928,-0.22488913,-0.07208325,0.19957647,-0.3151356,-0.45217407,-0.33148137,-0.4348514,-0.19415474,0.09456793,-0.16424091,0.14802161,-0.5726091,0.006246507,-0.12552103,0.50961465,-0.61166006,0.18939126
P01023,0.010872126,-0.105706155,-0.0025571138,-0.24432123,-0.24713118,0.3916678,-0.5547526,0.100546665,0.3448139,0.49803776,-0.42624912,0.037388697,0.19399178,-0.009837024,-0.13366961,-0.29970703,-0.1928472,0.210998,-0.48451704,-0.2775731,-0.027857516,-0.4823395,-0.15645045,0.16892987,0.010135442,0.12317758,-0.35456005,-0.14537963,0.10647542,0.46399066,-0.11541304,0.0040936824
P0A6E6,0.01285772,0.047754392,0.15867826,-0.011113485,-0.18934265,-0.11808274,-0.5909322,-0.34713244,0.078361854,0.3428222,0.11506958,-0.16576716,0.24577385,0.17386952,0.06723746,-0.25211048,-0.09762171,0.14198685,-0.044116654,-0.60183126,-0.02580845,-0.42075175,-0.094191626,0.029708236,-0.25092536,0.11594922,-0.49610624,0.21698555,0.13358504,0.34385014,-0.4457996,0.247429
P12476,-0.33207738,0.24609019,0.45902327,-0.1910025,0.18819354,-0.31879035,-0.10572907,0.653705,0.008469972,0.37960857,0.03744628,-0.25220665,0.11070359,-0.0044547096,-0.06446602,-0.27223012,0.43354338,0.1649284,-0.186703,-0.54282445,-0.29396442,-0.65362155,0.37776133,-0.1675735,0.20473863,-0.07559927,-0.46142176,0.043279953,0.44349247,0.4414459,0.48012242,-0.27446634
P10810,0.03648828,0.061177596,0.22803485,0.033435427,-0.058246497,0.23308331,-0.591747,0.36399266,0.103108086,0.26690102,-0.16923948,0.0896035,0.10142326,-0.26016605,-0.3271321,-0.23032084,0.20419563,-0.012503147,-0.08069355,-0.5915876,0.04277775,-0.60755414,-0.12047343,0.10451369,0.35145253,-0.066707194,-0.30234653,-0.03580977,0.28747773,0.3231467,0.22634149,0.011479832
O94782,-0.005986616,-0.017133787,0.13875997,0.2303544,-0.13303934,0.010839149,0.6860529,0.05056473,0.30563608,-0.054273486,-0.39649004,-0.47494406,-0.12525399,-0.08361678,-0.12987222,0.07516025,-0.09512748,0.33380502,-0.14359094,0.22986995,0.13934007,0.05523783,-0.077793926,0.15978587,-0.4167629,-0.24174118,0.021775655,0.25315952,0.21298754,0.013329798,0.2978445,-0.15463
P61088,0.37586844,0.41599196,-0.17827854,0.3623798,0.51406294,-0.14262076,-0.44213918,-0.3171363,-0.017724913,0.01310318,0.524673,0.056892246,-0.13590078,0.21988845,-0.0895725,0.1609037,-0.16513656,0.04193633,0.6005119,-0.4843977,-0.051212378,0.17056645,-0.15646702,-0.11483298,0.26868618,-0.1941436,-0.20382059,0.1760898,0.16704378,-0.11179182,-0.12655474,-0.0012211986
Q2YVT4,0.102838084,0.15499021,0.071611665,0.43214208,0.036527198,0.16333771,-0.042375207,0.09217366,0.25934765,0.13320376,0.1511118,-0.10909222,-0.024076939,-0.056157604,-0.2625664,0.076573655,0.2604897,0.3686884,0.18765381,-0.40937436,0.080409825,-0.051658794,-0.08199909,-0.091019526,0.0137140155,-0.28608444,-0.12784493,-0.004770264,0.10613989,-0.028680483,0.044521447,0.21658675
D3ZMK9,-0.45380145,-0.13354073,0.03353571,-0.054820523,0.09572327,-0.07098548,0.32035553,0.7921059,-0.02497663,0.15370989,-0.46738526,-0.42671788,-0.15246797,-0.098203264,0.015402801,0.10064706,0.035597846,0.24357074,-0.30979457,0.07941246,0.09625312,-0.0972905,0.076859176,0.079027414,-0.29507405,-0.08465725,0.12103536,-0.108965516,0.28480756,0.082501195,0.75502396,-0.4624647
Q9H4A3,-0.004362181,0.074045375,0.025817595,0.37790036,-0.16945815,0.15588674,0.51504517,-0.08832968,0.48917148,-0.11149381,-0.25966343,-0.26307753,-0.21414487,-0.018667288,-0.203546,0.16284502,-0.0144619495,0.5305016,0.11958131,0.17668374,0.15422247,0.11586256,-0.049157415,0.047970735,-0.34622818,-0.1996823,0.009015754,0.17690769,0.20384136,-0.00678811,0.15937719,0.017330509
Q92211,0.13816552,-0.06521857,-0.47424027,0.13365681,-0.35420808,0.15596473,-0.3107116,-0.31602085,-0.017904576,0.10688594,0.33518165,0.0019912943,-0.4842136,0.18117064,0.058843367,0.06836271,0.102731824,0.2342498,0.27550995,-0.2198664,-0.03818544,-0.09078087,-0.26939335,-0.32051265,0.19790964,0.12651713,-0.28295484,0.56682736,0.08788419,-0.043449614,-0.43311888,-0.18781526
O15287,0.08371447,0.13606007,0.24208388,0.0334763,0.015979808,0.062543675,-0.4212181,0.16282892,0.22158438,-0.050770566,-0.14193334,0.20626488,0.013299629,-0.398443,-0.317589,-0.304481,0.3446172,0.1388615,-0.06734434,-0.25798643,-0.16595156,-0.62069285,0.15539873,0.14181454,0.6311664,0.06532768,-0.23012784,0.0611687,0.119384125,0.384186,0.3558847,-0.008352358
P0AB58,0.29593545,0.21531768,0.12057927,0.081189446,-0.02401087,0.0052413195,-0.27028272,-0.67316985,0.036559988,-0.24500248,0.15382722,0.041615546,0.10202974,-0.031011298,0.04435984,-0.2723112,-0.017721355,0.18926758,-0.08677757,0.023589797,-0.2916045,-0.39607042,-0.06756082,0.3007154,0.4061886,0.33677584,-0.22835475,-0.0092467815,-0.14932224,0.14132158,0.06161127,0.30895147
O08722,-0.018754736,0.054557294,-0.028463796,0.20263803,-0.23488185,0.23684296,0.2697404,0.026111357,0.50660217,0.12242403,-0.36876014,-0.12011565,-0.25348073,0.069939785,-0.03179843,0.003963977,-0.11637561,0.5766594,-0.31057352,0.11531758,0.06416675,-0.013353027,-0.0068963803,0.038723156,-0.31516835,-0.049027465,-0.1123567,-0.05812314,0.13131079,0.09404911,0.08271143,0.08738382
Q22289,-0.15824854,0.08822654,0.1981023,0.27146477,-0.25806305,0.23662165,0.28964362,-0.055151828,0.44451874,0.27808264,0.023059804,-0.2453384,0.10142815,-0.054480955,-0.10252687,0.14307466,0.14761622,0.19523549,0.010290593,-0.15542975,0.23518719,0.10710786,-0.033804018,-0.25553298,-0.18529238,-0.31596547,0.06265708,0.01565136,0.29127687,-0.0070505193,-0.118290186,0.088991046
O35627,0.0089930445,0.04847744,-0.07774431,0.13882203,-0.081225485,0.21683982,-0.30092037,-0.5006104,-0.065699846,-0.1233269,0.21656696,0.12942746,0.13724118,-0.13045743,0.050847076,-0.2204414,-0.013668597,-0.044768117,0.43299073,-0.21696664,0.102031656,-0.2609641,-0.18192649,0.20490225,0.29007864,0.14620985,-0.09852054,0.1797204,0.08431809,-0.07769067,0.12556523,0.14658703
P01555,-0.023069218,0.1921317,0.3211136,0.00884763,0.16030034,0.14331271,-0.23203579,0.3017642,0.08183233,0.42480952,0.19714524,-0.12438842,0.23911935,-0.1789312,-0.2783051,-0.066871256,0.12069487,-0.06093251,0.17430264,-0.42182797,-0.06011481,-0.2513482,-0.07429713,-0.1325349,0.4790411,-0.24982962,-0.19955665,0.008517563,0.38916504,0.21876088,0.13824847,-0.18876468
Q4A740,-0.007850006,-0.0063778535,-0.18214136,0.034832716,-0.457103,0.29685643,-0.44275373,-0.29662064,-0.20263553,0.21489051,0.36302933,-0.065169215,-0.32415432,-0.16509074,-0.0021788552,-0.07865356,0.03119789,0.26446152,0.40247715,-0.2717237,-0.0913397,-0.018404678,-0.26082772,-0.05569659,0.3712412,0.15615344,-0.19697857,0.582501,0.12546962,0.13988487,-0.3129471,-0.14063361
Q8TB24,-0.27628702,0.028784618,0.097054504,0.198648,-0.04206786,-0.0352909,0.4128052,0.35231552,0.3427126,-0.08855438,-0.6201607,-0.35794258,-0.2603349,-0.17972644,-0.08182044,0.26983127,-0.26178366,0.29001334,-0.19882752,0.2602058,0.3335337,0.08690536,-0.007312242,0.1767012,-0.57432014,-0.19823594,0.34660164,-0.072973505,0.20449883,-0.009390002,0.5002966,-0.25452232
Q9GLW8,0.2010038,0.06134194,0.07158791,0.054702297,-0.22468238,0.17789811,-0.67543006,-0.3742199,-0.15527895,0.075056806,0.15525085,-0.09002587,0.23734978,0.07365804,-0.070555314,0.0260299,-0.063490406,-0.11566701,0.17970437,-0.65393734,0.09511818,-0.27795708,-0.4807595,0.10106762,0.08769922,0.07052581,-0.2721464,0.18970802,0.25986332,0.28319252,-0.22788897,0.077965334
O95163,0.08975062,-0.07757716,0.10527104,-0.28387818,-0.05882659,0.46202216,-0.58644295,0.30305436,0.2753793,0.46436286,-0.28894877,0.00020086765,0.29237974,0.012868315,-0.24789214,-0.15291908,-0.14851856,0.06266577,-0.30964068,-0.28975886,-0.12727776,-0.39845312,-0.20745003,0.04976601,0.30011624,0.04850608,-0.24658403,-0.33092043,0.19489464,0.5580614,0.04698987,-0.22671475
Q7JXV9,0.34282017,0.16640346,0.16591454,-0.007744547,0.1796691,0.07751039,-0.31316912,-0.5789929,-0.059019033,-0.026881874,0.41725844,-0.18480358,0.5002097,0.32205147,-0.09386872,0.15719482,-0.064393,-0.13230732,0.17144299,-0.18546577,-0.21510608,-0.13133958,-0.37772423,-0.045591637,0.35332626,0.08503238,-0.11647058,-0.17936602,0.19067186,0.23340857,-0.15547013,-0.02078883
Q9NRD5,-0.010308564,0.08056662,-0.045696072,0.10415671,-0.2094348,0.13215502,0.011763036,-0.66846424,0.32306972,-0.1388278,0.103658065,0.07658936,0.054598212,-0.08282471,0.17087552,-0.13052708,0.014766976,0.24335632,0.026869655,0.31118304,-0.09795297,-0.16103333,-0.074374825,0.02957923,0.3516652,0.27607906,0.06912278,-0.029040068,-0.0362935,0.058104765,-0.03325664,0.1935832
Q15038,-0.734367,0.21746188,0.47758722,-0.11780587,0.054232474,-0.41939774,-0.27830935,0.8519859,-0.060968164,0.39960715,-0.09221134,-0.18902837,-0.06666771,-0.008541711,-0.02348835,0.21122167,0.29098094,-0.19002324,-0.27101278,-0.70513695,0.23673484,-0.39431572,0.26668587,-0.2341056,-0.25539133,-0.12163923,-0.025826328,-0.098849356,0.7080193,0.17173974,0.44269076,-0.3407577
Q9C019,-0.073919535,0.17788109,0.10463169,0.14781493,-0.03659947,0.13692689,-0.02380304,-0.18657166,0.2152389,0.12056941,0.035767954,0.020400926,-0.11209738,0.0728449,0.1498644,-0.251381,-0.14951198,0.22127497,0.100693464,-0.12863947,0.08574573,-0.20062344,0.046976287,0.14966294,0.036251023,0.057222992,-0.26837948,0.026905328,0.22533259,-0.08724215,0.07680103,0.30762142
P07335,0.06518054,-0.06796947,-0.010511339,-0.012135113,-0.10326727,0.13155486,-0.117724985,-0.3591079,0.027415946,0.23983681,0.5153577,-0.09176268,0.064795285,0.07683907,-0.052530356,0.2522434,-0.0064866245,0.08100331,0.45500278,0.04474613,-0.27036095,0.14553685,-0.40787762,-0.40150392,0.4807902,0.04538525,0.073192835,0.33001757,0.27392235,0.32959753,-0.50332457,-0.48644343
P11142,0.18152116,-0.19292635,-0.79867345,0.2116408,0.11094995,0.10798779,-0.0018605888,-0.2733041,0.3488613,-0.1633563,0.14847748,0.30350232,-0.5240634,0.37518975,0.12265798,-0.096944585,0.007042572,0.30421418,0.369107,0.24415295,-0.092165075,-0.003410317,0.17101875,-0.36277258,0.03948866,0.24304396,-0.30574018,0.4544328,-0.080108434,-0.17133977,-0.25466004,-0.2824496
Q61171,0.31554246,0.18155526,-0.13241622,0.11263413,0.12401119,-0.029531501,-0.27850574,-0.4578117,-0.020809878,-0.027994335,0.4120098,-0.144416,0.058592558,0.39290747,0.053446554,0.19473489,-0.15413357,-0.013790645,0.33872002,-0.37873054,-0.087232195,0.049772292,-0.32640547,-0.16650434,0.10719584,0.009778591,-0.25780395,0.17601919,0.21728784,0.13332519,-0.27021992,-0.09944813
P9WPE9,-0.32240322,-0.11669019,-0.280933,0.053140298,-0.54648525,0.07018351,-0.32409096,-0.50084937,0.12894914,0.24567458,0.27596608,0.1139718,-0.3840328,-0.28171942,0.173451,-0.2509647,0.08719082,0.50898504,0.3907104,0.053233743,-0.074435554,-0.07608965,0.022745904,-0.19734873,0.24924292,0.2734009,-0.023073666,0.69513845,-0.013889767,0.12739107,-0.49779332,-0.013105709
P20068,-0.18927391,-0.113785714,0.5496667,0.19852324,0.29913568,-0.23669218,0.21529552,0.3417542,-0.33678314,0.32257456,0.19034292,0.014189512,0.10089323,-0.11619047,0.011401571,-0.3374564,0.59956205,-0.2436353,-0.4610119,-0.2607943,-0.0652573,-0.18081228,0.46211308,0.07261593,0.17731346,-0.050562732,-0.09742964,0.15739714,0.3429276,-0.24167056,0.27405137,0.20324104
O82226,-0.034102336,-0.021873228,-0.054967828,0.18329594,-0.08449845,0.24837008,0.20433402,-0.4389835,0.22008905,-0.13693088,0.111682415,0.042181864,0.018191397,-0.006528057,0.1692673,-0.17792287,-0.012123868,0.19773914,0.28208768,0.2255611,-0.018359587,-0.12321701,-0.045570467,0.09073863,0.24626781,0.15645549,-0.014226191,0.06497695,0.04681544,-0.105077796,0.13810149,0.09475908
P08191,-0.24529856,0.12649338,0.43753952,-0.20102184,-0.27222311,0.18601812,-0.73339254,0.33344525,0.28972885,0.72054315,-0.26460087,-0.07824047,0.26436812,-0.26451725,-0.3046038,-0.20838812,-0.033244178,-0.18936217,-0.2271146,-0.8075672,0.20853688,-0.5877027,-0.1195637,0.06026724,0.07850863,-0.2260258,-0.36477742,0.021918848,0.4793582,0.435662,-0.1440287,0.0051176306
P28834,-0.054562055,-0.11437589,-0.22820342,-0.017707596,-0.54163605,0.34637198,-0.33973393,-0.39927483,-0.15012527,0.06913063,0.16102083,-0.07692787,-0.10524608,-0.036534302,0.2048296,-0.13322923,-0.008277953,0.120172516,0.2671342,-0.28900468,0.054569315,-0.14433473,-0.24372792,0.034960933,0.14663051,0.25051978,-0.20636746,0.4339886,0.11672947,0.08919061,-0.20441146,-0.019465778
P16951,-0.12813944,-0.23025465,0.20618284,0.39312598,-0.17894472,-0.14126655,0.50733745,0.2378312,0.06214456,-0.122389644,-0.46202025,-0.24349687,-0.4185011,-0.12096949,0.25204304,0.25149897,-0.07690893,-0.013570994,-0.64799714,0.25539088,0.3911605,0.11844784,0.00992408,0.21179256,-0.45234936,0.03001255,0.47625098,-0.16408843,0.061098553,-0.35879928,0.45857897,0.024429169
Q9Y6K9,-0.2153858,0.6014954,0.70568115,-0.20885462,-0.15841733,-0.19802642,0.68735343,-0.51134574,0.074475124,-0.08567771,-0.013619345,-0.009737164,-0.7022691,-0.0024945736,0.30352232,0.05803839,-0.17067571,0.39692244,-0.43913686,0.14507744,-0.25518793,-0.27531552,0.3440889,0.5929069,-0.07763685,0.20829016,0.1004868,0.21685736,-0.0047726184,-0.019302396,0.4011774,0.19821677
P01772,0.15016787,0.13604733,0.08128368,0.061256684,0.23875315,0.028925583,-0.38921154,-0.13814467,0.2027642,0.5995815,0.14554654,-0.15729514,0.3779468,0.21893314,-0.128622,-0.19433123,0.0116447285,0.16546753,-0.21770762,-0.438657,-0.11618723,-0.074748635,0.122946724,-0.048594594,-0.22600141,-0.161699,-0.40949634,0.008993581,0.056595623,0.15125276,-0.47420686,0.19525687
O75751,-0.006484255,-0.031278163,-0.39581835,0.014561048,-0.40211695,0.5481148,-0.60091126,-0.58856046,0.040221315,-0.20267716,-0.13167676,0.43550724,-0.054081023,-0.46462762,-0.07134045,-0.3849469,0.10727744,0.055650413,0.15438524,-0.015981294,0.1520479,-0.28395432,-0.1192233,0.36624604,0.4003319,0.35245815,0.036006324,0.26244298,-0.1269142,-0.0016632895,0.09154871,0.18597208
Q9Y6X0,-0.24986973,-0.14960693,0.0123480335,0.093498304,0.14580841,-0.13297473,0.5500796,0.5473127,0.044326905,-0.026415616,-0.6329105,-0.49701083,-0.19391458,-0.26564944,-0.08797185,0.12984747,-0.15749128,0.18558142,-0.29992545,0.31693947,0.14748679,0.07708439,0.044120397,0.2600731,-0.5386782,-0.20804244,0.30322382,0.07504159,0.05883415,-0.068855934,0.62541574,-0.41152227
P05113,-0.06514117,0.08541007,0.8207747,0.108017094,0.100371644,-0.13937856,-0.36863327,-0.20259023,-0.0055935876,0.25520682,0.18396373,0.078154474,0.53688955,-0.28404048,-0.1289745,-0.3425275,0.25203925,-0.6407243,-0.09307568,-0.47205156,0.25029686,-0.532783,0.23163757,0.09563607,0.32378417,-0.092114106,-0.19797593,0.2105985,0.40983385,-0.017279936,-0.23034146,0.3855256
O88273,-0.36538607,0.22205779,0.46768138,0.046179242,-0.11424418,0.061071023,-0.021674395,-0.0044067875,0.30591777,0.76570934,0.11560765,-0.16711941,0.25226575,0.0007447526,-0.03455102,-0.13651684,0.069854595,-0.068775065,-0.34167123,-0.42081577,0.22376233,0.031981155,0.2706432,-0.16201572,-0.23755884,-0.27702877,-0.16297927,-0.024920762,0.47914574,-0.02418392,-0.27621803,0.28888506
O95399,-0.26497594,-0.4339518,0.5650542,0.37043142,0.13306834,0.05363565,0.2545465,0.13769493,-0.5181602,0.40183228,0.2489237,0.15829402,0.112407416,-0.07733329,0.22068557,-0.25987974,0.4413861,-0.36573243,-0.50110793,-0.23283727,0.20460771,0.12110832,0.30539805,0.30549383,0.09550597,0.05813708,0.16554883,-0.053941846,0.26666948,-0.6310059,0.22764227,0.5811707
O14842,0.06642735,0.11879526,0.006077066,0.15181313,-0.16954945,0.26128238,-0.69068575,-0.42827642,-0.007050802,-0.08690138,-0.039773013,0.38255996,0.05040613,-0.5343174,-0.2504195,-0.4210094,0.13759887,-0.09128881,0.17396891,-0.33404076,0.15858318,-0.44152403,-0.09261167,0.4050839,0.42354345,0.11757781,-0.12641898,0.31285036,0.040513497,0.022877477,0.051790174,0.32179838
P0C1S8,-0.09827556,0.025662899,0.06750729,0.24916807,-0.048037667,0.2674633,0.19531015,0.19794327,0.27018872,0.0834623,-0.16103375,-0.09947875,-0.057437964,-0.13529006,-0.2254371,-0.0351426,0.152674,0.4420642,0.15231666,-0.13691702,0.10274813,-0.15275745,-0.079674035,0.11391504,-0.04630643,-0.19288728,-0.056100048,0.06605452,0.21773839,0.07492602,0.35076964,-0.0040046982
P83780,-0.052203014,-0.079267874,-0.20341763,-0.07218625,-0.31168124,0.36300325,-0.22462867,-0.43465212,-0.069130555,0.15099287,0.34211767,0.022053957,-0.103814304,-0.03724131,0.059727333,0.07575206,-0.06843458,0.1294631,0.47290826,0.027605988,-0.09911588,0.124075815,-0.32484972,-0.07624294,0.42495245,0.2311064,0.0075445995,0.43730056,0.21966764,0.17761375,-0.30948353,-0.3324291
P05062,0.08345856,0.0059508085,-0.15561596,0.003682008,-0.3893551,0.1789158,-0.37364697,-0.5609862,0.023793373,0.10672185,0.43124402,0.004037872,-0.08764294,-0.17892615,-0.22833055,0.13125332,0.24919611,0.11404118,0.27166387,0.05912356,-0.2628189,0.093530506,-0.39436072,-0.32347208,0.48471624,0.18839134,0.036336787,0.53834,0.19252342,0.40845877,-0.6187914,-0.33826268
P14091,-0.0032212883,0.028055847,-0.17900294,0.027090745,-0.17225944,0.36190972,-0.13831499,-0.09834596,0.23016787,0.2329301,0.035691608,-0.020288944,-0.042964846,0.08512079,0.01092872,0.002633527,-0.11984852,0.045822855,0.3271522,-0.3158014,0.15418972,-0.11218348,-0.13608983,-0.07192655,0.0378298,-0.05507634,-0.26638535,0.24036089,0.22408363,-0.023135394,-0.15046364,-0.07913019
P43067,-0.08529144,0.018150896,-0.32866266,0.029546006,-0.45213583,0.46122518,-0.6496843,-0.30815262,-0.097389646,0.11992348,-0.026935231,0.1823776,-0.19422647,-0.13503969,0.08544203,-0.15331435,-0.07209149,0.061148,0.2966031,-0.5226801,0.30764034,-0.25563854,-0.28627622,0.23982386,0.09809376,0.15868394,-0.20659944,0.32493824,0.15280743,-0.07676688,-0.056173783,0.18491349
P62310,0.20032682,-0.13822761,0.18539128,0.17419364,0.16128847,-0.106021725,-0.3929952,-0.25956085,0.15337394,0.44980884,0.17159313,-0.17698635,0.4858269,0.28084102,-0.042668115,-0.17438158,0.08217154,0.25942826,-0.20060147,-0.40408045,-0.15650819,-0.24602813,0.06812764,-0.058296785,-0.28519183,-0.041446514,-0.35689273,-0.024149477,-0.09539991,0.20874685,-0.5641918,0.31680232
P13797,0.25734633,-0.011310875,-0.21751878,0.10586781,0.059398394,0.40786195,-0.12551907,-0.38437802,0.16804376,-0.17531455,0.18843673,0.09946266,0.20595512,-0.0027001277,-0.19117375,0.016718805,0.14908606,0.10367026,0.26100838,0.05146672,-0.14902773,-0.05065944,-0.2315068,0.035544485,0.4422335,0.10242429,0.020141121,-0.063782364,-0.039190575,0.13002372,0.11500785,-0.13128938
Q9NYB9,-0.3153022,0.08551631,0.1771872,0.2717399,-0.31121093,-0.07593715,0.49873322,0.01883085,0.42001706,-0.16722408,-0.4914011,-0.17629999,-0.487715,-0.02826237,0.17449233,0.44786415,-0.28240454,0.21182272,-0.34946692,0.28979468,0.42313084,0.10421787,-0.053986836,0.08906067,-0.63112515,0.022526545,0.49024457,-0.16265962,0.21239665,-0.15014108,0.32308993,-0.0535968
P38011,0.20122282,0.13586242,-0.29404524,-0.115536295,-0.038723905,0.36678323,-0.78422064,-0.07016096,0.16528188,0.2265841,-0.28181773,0.20766824,0.034003943,0.06898796,-0.27621874,-0.24863139,-0.018336043,0.27613765,-0.37594894,-0.42853808,-0.06434905,-0.40123665,-0.14771149,0.2633452,0.011014178,0.17611656,-0.40806207,-0.09683964,-0.00082467496,0.3073979,0.0013475604,0.1562195
P78352,0.11278395,0.015670568,0.0029978976,0.45160508,-0.04361308,0.2366274,0.22716802,0.047043942,0.3780628,0.043095887,0.07823615,-0.17010683,-0.124108724,0.055961482,-0.22014216,0.12569505,0.19301194,0.59186983,0.13598078,-0.13250093,-0.009733413,0.07576315,-0.09499286,-0.08895786,-0.08487852,-0.22028062,-0.06973537,-0.046549857,0.022520833,0.004732462,0.048704598,0.14671738
Q27820,-0.093069896,-0.03532084,-0.19513199,0.01102571,-0.55508935,0.3572881,-0.48101142,-0.20654896,-0.15539426,0.2562359,0.095359966,-0.007520497,-0.25485003,-0.056687243,0.1701639,-0.09050453,-0.05714777,0.11643527,0.2905532,-0.53369564,0.18738602,-0.23936987,-0.31593502,0.052202746,0.09630765,0.1208827,-0.30044445,0.4798697,0.23695427,0.006196941,-0.24412654,0.048481967
Q0P891,0.04779449,0.2100559,0.3673956,0.08180792,-0.29302013,-0.107618034,-0.7712623,-0.8159794,-0.029040549,-0.0011873543,0.26373285,0.09313381,0.3022439,-0.34417105,-0.17320076,-0.2845705,0.15059778,-0.10450178,0.09027222,-0.48344767,0.002803062,-0.4295534,-0.14164497,0.22078763,0.26292223,0.16356245,-0.17210743,0.4145369,0.088158146,0.32563376,-0.40697488,0.38541657
Q15843,0.36337227,-0.04001069,-0.21025178,0.6689397,0.43379506,-0.23952413,-0.4276462,-0.35754946,0.066867866,-0.025513232,0.38631386,0.11854106,-0.0032851994,0.37282673,-0.13570316,0.017542355,0.2268187,0.5593509,0.23776823,-0.4768026,-0.109238684,-0.049972326,0.16962615,-0.046293482,-0.32069957,-0.08256056,-0.23869702,-0.002719462,-0.3028389,-0.19559862,-0.24699515,0.4492694
O54785,0.04068093,-0.012454763,-0.06303611,0.21889728,0.026152115,0.3804516,-0.1339064,0.2393133,0.17251165,0.13393135,-0.09878205,0.076707795,-0.09838189,-0.08394057,-0.2147196,-0.18019906,0.17517874,0.50274956,0.04839748,-0.26573187,-0.0047825994,-0.2818622,-0.08458787,0.16589564,0.1165113,-0.09123154,-0.16950938,-0.09478536,0.025141664,0.058750976,0.31648928,0.15654118
P18670,0.009484857,0.29679927,0.113191605,-0.12283648,-0.1529335,0.15855807,-0.6995151,-0.1582728,0.1985085,0.6722249,0.015812967,-0.10920741,0.16267127,0.04284034,-0.11966793,-0.08160788,-0.18641295,-0.005657099,-0.09106085,-0.6841429,0.10761054,-0.18737315,-0.15425076,0.015089989,-0.081127904,-0.16376612,-0.40328166,0.15444168,0.3441428,0.27950668,-0.48158517,0.112370774
P18014,0.1449611,0.08793689,0.007131256,-0.011643404,0.19422728,0.2792342,-0.27537742,0.021075107,0.22358418,-0.03535475,-0.08655074,0.15858743,0.05898182,-0.020828865,-0.19608882,-0.17402646,-0.01139351,0.24682671,0.054941922,-0.020579726,-0.16784987,-0.31911874,0.014927376,0.19386792,0.4934383,0.13183208,-0.15121984,-0.19214645,0.0832431,0.22861865,0.39217713,-0.049107213
P60010,0.30673867,-0.16229138,-0.61593914,0.25028983,0.22370495,-0.05361788,0.1445364,-0.37208545,0.27303502,-0.27891934,0.37454185,0.18302757,-0.31994143,0.49178758,0.18524459,0.098950565,0.049744174,0.13506377,0.40293902,0.22913246,-0.19544248,0.059398755,-0.030125204,-0.5375183,0.18339191,0.18532223,-0.21112856,0.35006756,0.013788097,-0.06697514,-0.31489366,-0.36606014
P0DN86,-0.6720251,0.12678042,0.4329245,0.084697075,-0.313728,0.058702454,-0.08484925,-0.13043746,0.38926086,0.63187957,0.11605601,-0.021890894,0.24005824,0.027320854,0.09573313,0.10804212,0.081638396,-0.15683386,-0.15344197,-0.3652879,0.51590073,0.018673703,0.2341422,-0.3134616,-0.3482154,-0.16327702,0.16154435,-0.17206949,0.60709196,-0.09663994,-0.22981203,0.26786077
P62136,0.22299235,0.042842984,-0.48628715,0.23466685,0.22509398,0.12824216,0.037990436,-0.23702374,0.2611573,-0.0823289,0.2926284,0.1273233,-0.30710393,0.3521734,0.013995983,0.14874086,-0.08486214,0.015915103,0.5383915,-0.027002484,0.05565167,0.15155147,-0.05571111,-0.36246496,0.14367233,-0.044766888,-0.20555767,0.36636674,0.20496446,-0.19571726,-0.21684813,-0.2641941
O60814,-0.34800082,-0.093200475,0.29514682,0.61762846,-0.0990022,-0.38751036,0.13769993,-0.8573397,0.058083568,0.047367945,0.5539818,0.03922032,-0.031452492,0.087134264,0.37919718,0.14500166,0.12923117,0.4304735,0.3488779,-0.13265602,0.16469705,0.105632246,0.18072818,0.04332497,-0.3987561,0.121618636,0.29926258,0.10930677,-0.1489687,-0.40652686,-0.3007949,0.7238132
P75391,-0.09844533,-0.05363679,-0.18997797,0.0015412625,-0.523095,0.4042163,-0.5239367,-0.26091608,-0.24050581,0.15125784,0.12153503,0.03394255,-0.1972273,-0.12223107,0.15252045,-0.14012262,-0.056636304,0.079948455,0.34391618,-0.4887982,0.17879461,-0.21673273,-0.32491454,0.1521862,0.18842785,0.18579999,-0.23561135,0.43867323,0.21490687,0.020133743,-0.12285459,0.054797534
O75674,0.08500536,-0.12879886,0.12523082,0.46451804,-0.14365323,0.0989798,0.3344697,-0.084728725,0.2486586,-0.19769895,-0.13309948,-0.11144915,-0.048410147,-0.16760579,-0.05993604,-0.070145816,0.1950965,0.43449995,-0.08134337,0.15087396,0.0177081,-0.15896684,-0.114424825,0.09171992,0.057594046,-0.017621608,0.048720308,0.00788486,-0.009556312,-0.025668664,0.2544481,0.21968324
Q27727,0.102958485,-0.012885615,-0.24730715,0.044983342,-0.40109733,0.26337638,-0.38458017,-0.37212038,-0.120321564,0.18121606,0.42759326,-0.06703466,-0.34033063,-0.07900224,-0.07376173,0.01359874,0.086741686,0.27654198,0.35553205,-0.11823562,-0.19692712,0.06134914,-0.2881727,-0.19577678,0.4143033,0.1598588,-0.15687492,0.5749001,0.09741161,0.18907757,-0.4448913,-0.24259433
P14209,-0.33573198,-0.5296915,0.48926947,0.35991776,-0.019630332,0.029056728,0.39841133,0.22569525,-0.4733468,0.32011652,-0.0065423883,-0.004716955,-0.0304531,-0.108543985,0.32662442,-0.12719953,0.24573238,-0.39002717,-0.6880263,-0.016419172,0.37342545,0.24333142,0.24123351,0.35481554,-0.13543361,0.09625595,0.36166343,-0.11433855,0.23942763,-0.70591354,0.3109429,0.4704122
Q9Y2D8,-0.21746495,0.21192786,0.59169334,-0.0439936,-0.17092942,-0.10347748,0.6205437,-0.36623275,-0.053941347,-0.10731119,0.04510777,0.09963238,-0.55404603,0.11004739,0.41548082,-0.033581004,-0.13448906,0.27118638,-0.4377892,0.15052564,-0.14058223,-0.22400837,0.22552544,0.52111864,0.03138089,0.3485273,0.10430874,0.0029553622,0.06851029,-0.15519474,0.5345355,0.26888025
Q8TAU3,-0.0011508316,0.17169808,-0.05994787,0.37973857,0.03927042,0.12280229,0.16522464,-0.17154789,0.24511197,-0.18191704,0.011732873,0.053093225,-0.37145942,0.07082208,0.10694783,-0.036477596,-0.05466868,0.50503397,0.188375,0.079659864,0.04466812,-0.013580173,0.040197384,0.21876663,0.09972942,0.10013788,-0.068536274,-0.06577857,0.08924168,-0.20871176,0.36438498,0.29637328
P15336,-0.108232,-0.20731574,0.18206957,0.3587005,-0.14668538,-0.153934,0.53388786,0.27079022,0.08026766,-0.15233424,-0.4975547,-0.2899565,-0.41115332,-0.10016232,0.20530346,0.21062061,-0.118295744,0.05759395,-0.6110395,0.28122544,0.3415344,0.09110598,-0.0045076944,0.21668623,-0.4598539,0.012755612,0.39734927,-0.124827266,0.09086433,-0.27958876,0.5061908,-0.034424067
P0A8M3,-0.018552884,-0.09900251,-0.47063044,0.02387671,-0.085875854,0.24471,-0.13287804,-0.33178154,0.20001969,0.04268591,0.08362283,0.1038388,-0.18420771,0.20969564,0.23269382,-0.19685683,-0.18205337,0.16954899,0.34469417,-0.021931395,0.06211288,-0.07022704,0.087618396,-0.049563915,0.042663306,0.19529265,-0.28824,0.32252806,0.029590145,-0.13708155,-0.14172442,-0.04302737
P36873,0.23390056,0.011169955,-0.51756275,0.22991684,0.2110581,0.093593776,0.026543692,-0.24990478,0.2517572,-0.09022766,0.31215346,0.14219022,-0.33932924,0.38711196,0.0559685,0.15422153,-0.07837078,0.010949507,0.5231983,-0.00981608,0.039139282,0.12483992,-0.074462116,-0.4127844,0.1556112,-0.012315495,-0.21516064,0.38624027,0.19926271,-0.18945691,-0.26444802,-0.29018313
P00044,0.23350449,0.36252,-0.12076036,0.33606073,0.24218662,-0.01710914,-0.5430218,-0.33740455,-0.040018465,0.088619925,0.42236403,0.043628782,-0.13340798,0.03443981,-0.068780854,0.2038593,-0.18847014,-0.0549623,0.68825895,-0.51206064,0.12019964,0.116015404,-0.2936274,-0.06914048,0.25903392,-0.17602304,-0.09360383,0.26305106,0.2533492,-0.11976882,-0.21439251,0.001514744
A0A0H3LHU4,-0.08407128,-0.107693925,-0.12507254,-0.12148133,-0.37793618,0.36996773,-0.24079987,-0.36249146,0.0007045446,0.19993243,0.1735061,-0.00963603,0.03127891,0.03864234,0.18046108,0.08178909,-0.13398854,0.041200712,0.34607804,-0.11988967,0.01739426,-0.038726106,-0.34692878,-0.07131952,0.26356936,0.20152669,-0.035961792,0.2881554,0.25931627,0.18718632,-0.31209925,-0.23152186
O43291,-0.0274726,0.13783118,0.2902942,0.38313967,0.0717776,-0.029656008,0.3528204,-0.06481812,0.06971528,0.2497738,0.20647056,-0.2107553,-0.0089767575,-0.043713607,0.10279416,-0.21139303,0.15482423,0.19323531,-0.04614713,-0.1458785,0.035054576,0.05835639,0.22919688,-0.027740791,-0.07981229,-0.24250224,-0.15899423,0.14428517,0.1928108,-0.2420488,0.0005610548,0.32177863
P12670,-0.03299342,0.39328107,0.21716623,-0.02083409,-0.06381498,0.15701443,-0.36828732,-0.037287913,0.17910194,0.6733693,0.2431048,-0.14867717,0.08273384,-0.12020414,-0.1088712,0.11961965,-0.15110697,-0.09948898,0.22691706,-0.5691466,0.100521564,0.0054463893,-0.2358191,-0.20185028,0.2666887,-0.3730972,-0.19442037,0.20657714,0.46849632,0.14006078,-0.37459454,-0.096484244
P45850,0.008623809,0.32072777,0.08596497,-0.105083145,-0.122477785,0.19097236,-0.46305704,-0.18898574,0.1043809,0.54386944,0.193303,-0.1263361,0.08179423,0.10115447,0.05838137,0.1049497,-0.26764554,-0.10506912,0.14459917,-0.5228382,0.096833564,-0.0499551,-0.28891352,-0.12058689,0.14200075,-0.14266123,-0.2522553,0.1049629,0.42939228,0.1652804,-0.36202773,-0.06786026
P53647,0.029666811,0.28445712,0.06760295,0.13839018,-0.04742529,-0.087490305,-0.53837526,-0.5688812,-0.10573847,0.139789,0.5714978,-0.049893573,0.016336322,-0.063459285,-0.025079068,0.1286949,-0.09242232,0.051448345,0.56508136,-0.3245132,-0.09820892,0.05049911,-0.36233068,-0.12671472,0.3960644,0.058454327,-0.054458596,0.3296644,0.27900782,0.19361164,-0.37983543,-0.012485597
P14755,0.0675516,0.006545238,-0.17293736,0.010337679,-0.21930183,0.26261684,-0.3996644,-0.62337977,-0.1249331,-0.14962915,0.19173756,0.049335673,0.1434986,0.05307386,0.14575711,-0.15046668,-0.060365126,0.028181322,0.23165554,-0.19004492,0.018391643,-0.23623139,-0.26956782,0.23373674,0.21576919,0.33927524,-0.12959385,0.07308211,0.037207358,0.053731557,0.049019527,0.13529776
P0A7L0,-0.027880684,-0.07399939,-0.06096468,0.106439985,-0.4104268,-0.099359065,-0.43736768,-0.6002041,-0.021209281,0.011550352,0.2808517,-0.111470066,0.08774492,0.08603185,0.21162653,0.045310564,0.078669384,0.18073237,0.21198928,-0.2843206,-0.054974873,-0.2002039,-0.35001236,-0.21505056,0.004012257,0.26807347,-0.06960637,0.3210034,0.12405695,0.33121452,-0.49256745,0.052293923
O43278,-0.1319877,0.039621547,0.11950037,0.15572897,-0.09883277,0.35181043,-0.02108492,0.19708422,0.29050145,0.2766117,-0.09970562,0.013828337,-0.043141782,-0.062949866,-0.11331671,-0.12439513,0.024920806,0.31633773,0.08369243,-0.2627251,0.11499102,-0.20416918,-0.059257645,0.07300024,0.020445406,-0.12494355,-0.14894119,-0.05741723,0.24937734,0.06862262,0.19620134,0.09025034
P04899,0.18698882,-0.023440033,-0.32579157,0.19514489,0.1862724,-0.006802682,0.033918276,-0.6688683,0.08217769,-0.3679844,0.4211509,0.0724452,0.050483882,0.3537793,0.20402259,0.0093874335,0.023822933,0.06069096,0.38449794,0.1720133,-0.16097547,0.092690304,-0.07614575,-0.1721612,0.21814235,0.2813041,-0.06260932,0.13546908,0.045978434,0.00029834593,-0.083655,-0.08673076
P30822,0.3401239,-0.023298115,-0.2573997,0.009830864,-0.0980128,0.3683437,-0.27146828,-0.6005481,0.1392043,-0.25667182,0.07412152,0.12639397,0.24823523,-0.07956228,-0.14887634,-0.06263395,0.14758499,0.09744953,-0.033122733,0.20725636,-0.2531181,-0.1650868,-0.27012458,0.098809965,0.5224909,0.31291813,0.011968516,-0.062171653,-0.14611253,0.26036343,0.024495441,-0.088149875
O76093,-0.055146605,0.4283269,0.2951889,-0.0051253047,0.12697574,0.06783848,-0.09392582,-0.023936667,0.25883666,0.68996286,0.32095584,-0.23856203,0.22635788,0.039079897,-0.0675804,0.01536946,-0.031227872,-0.013208322,-0.06688573,-0.34435853,-0.04590771,0.09476639,0.031657226,-0.28728616,0.17139275,-0.33416307,-0.19554439,-0.048826844,0.38492817,0.08370534,-0.2918689,0.00042264536
O70209,-0.02753219,-0.120122164,0.2636625,0.4439519,0.02684414,0.14843465,0.106451124,0.3521465,0.026979778,0.2336523,0.054266352,-0.1923391,0.0397176,-0.038162217,-0.00055453926,-0.05479446,0.22650298,0.106084995,-0.27700365,-0.20132914,0.14214905,0.09483749,0.053487163,-0.08651233,0.012746587,-0.18743014,0.061287664,-0.29372272,0.20307726,-0.17070277,0.23893997,0.2016192
O96013,-0.16040109,0.1699495,0.09255094,0.32957196,-0.21864052,0.04495489,0.48712593,-0.024427906,0.5472933,-0.14099893,-0.44112733,-0.33771276,-0.2917644,-0.07455613,-0.16923377,0.30531514,-0.21755968,0.44194704,0.062827185,0.19793992,0.3214968,0.13148926,-0.038995165,0.094958425,-0.60352486,-0.20798126,0.17318866,0.109643206,0.2524485,-0.001400759,0.2376711,-0.080295846
A0A4P8DY91,0.16494684,-0.004807897,-0.30804256,0.00032982044,-0.21602878,0.32649645,-0.34508777,-0.5827594,-0.02976133,-0.21162105,0.13667287,0.06908846,0.12454939,0.1539742,0.07459202,-0.04207799,0.017945684,0.011500008,0.12753147,-0.16516738,0.001507218,-0.20053777,-0.3071959,0.12560827,0.18624751,0.3289018,-0.14606029,0.02894631,0.032863922,0.081674196,0.021529283,0.056453776
Q00534,0.21841048,0.06600295,-0.25592455,0.29514575,0.1163574,0.2547415,-0.34401268,-0.17168853,0.03467828,-0.1416665,0.12952814,0.14926586,-0.011534542,0.065263726,-0.15778938,-0.120985895,0.1822955,0.21013606,0.19991028,-0.35659742,0.05969779,-0.23531191,-0.12537158,0.13807578,0.1508614,0.05232539,-0.20819691,-0.020015597,-0.03936959,-0.1097357,0.2194098,0.23653932
O43896,0.052179426,-0.025162682,-0.30795422,0.20010653,-0.0065144487,0.30950084,0.16363856,-0.27574188,0.3559468,-0.10148749,0.027878623,0.049971834,-0.21491964,0.16919556,0.10237094,-0.1042611,-0.080749094,0.37125048,0.3151014,0.18400852,-0.000959103,0.05359219,0.10070787,0.010639742,0.0633222,0.0968079,-0.15180454,0.15205663,0.009469017,-0.1328689,0.016729299,0.030844975
P0AG30,0.09967227,-0.09605619,-0.46259406,0.12580168,-0.032936767,0.14346632,-0.04219851,-0.50589544,0.10502696,-0.2356059,0.2549753,0.097748905,-0.110635504,0.30946854,0.2366105,-0.022331566,-0.051094115,0.05248578,0.41069084,0.01849702,-0.0006594891,0.01794009,-0.08703393,-0.16626407,0.102550566,0.2575927,-0.17308944,0.302308,0.081709445,-0.0696788,-0.14199254,-0.11845611
O15530,-0.0049167424,-0.03338626,-0.17697656,0.23592767,-0.021844607,0.46733955,-0.08497068,0.082234435,0.17781588,0.006333567,-0.067020595,0.10377872,-0.12809706,-0.06499772,-0.20582953,-0.11124116,0.15215555,0.4450756,0.2666745,-0.1689395,0.08932974,-0.18067428,-0.10214719,0.19199012,0.08237876,-0.020901231,-0.093921505,0.0014037043,0.050105754,-0.03383956,0.30684054,0.11092585
O75688,-0.0020381361,-0.0716078,-0.13707843,0.06831011,-0.12115885,0.32684144,0.11091536,-0.15034086,0.35910475,0.08315819,-0.026661258,-0.039357677,0.009480134,0.025603004,-0.02698024,-0.1348952,0.014730722,0.31194967,0.18426031,0.03206645,-0.019761808,-0.12702408,0.029276762,-0.04970385,0.12421353,-0.0175359,-0.14729312,0.15307987,0.04622662,0.06435237,0.027558718,-0.07275507
P0DPK2,-0.64351904,-0.2428805,0.20638083,0.42234796,-0.16077997,-0.3493131,0.018759936,-0.7038472,-0.012069768,0.08167017,0.6223014,0.08613038,-0.009413078,0.38500047,0.64971524,0.29564366,-0.016500607,0.27304387,0.43908292,-0.121918984,0.28028455,0.10242151,0.091613546,-0.13941176,-0.34991232,0.39484805,0.35349628,-0.13287827,0.14868249,-0.32267684,-0.16186687,0.45929816
O95235,-0.012034863,-0.16220999,-0.043006487,0.15866934,-0.23539968,0.41542634,0.08599661,-0.10771116,0.19097114,0.027443655,-0.09334205,-0.025255576,0.10231656,-0.08035965,-0.011778839,-0.17605469,0.1063999,0.22013316,0.11497921,-0.09389521,0.087117165,-0.28777176,-0.14542818,0.097033955,0.07668342,0.0073781107,-0.11593027,0.09278458,0.044165283,-0.0052059046,0.12475702,0.068395466
Q9Y6Q9,-0.005544126,-0.19175732,0.10655295,0.349508,-0.117959365,0.14782853,0.2314384,0.25275278,0.25252306,0.019016527,-0.37613854,-0.07515371,-0.10238139,-0.10706496,-0.04000505,-0.12747014,0.041731626,0.4202496,-0.33614203,0.06750813,0.11216892,-0.17728375,-0.039822657,0.14760384,-0.11803542,-0.057712704,-0.026842646,-0.1355587,0.102469474,-0.020608744,0.3393915,0.1677496
B9EHT4,0.025705859,-0.0421059,-0.046531416,0.2685586,-0.1359232,0.35786438,0.0790019,-0.08747081,0.47913077,0.013575211,0.019620929,-0.049007356,0.035491884,0.06456713,-0.23219118,0.22164814,0.16710505,0.39438087,0.20847684,-0.032183096,0.049399946,0.023873344,-0.17548335,-0.17858543,0.033107504,-0.08746328,0.079003595,-0.096298784,0.12256261,0.1614889,-0.00565527,-0.03538413
Q7WTU1,-0.0016143322,-0.061522692,-0.18540588,-0.00041972287,-0.57589173,0.393276,-0.4682678,-0.34602666,-0.19811825,0.06581372,0.15869923,-0.03988567,-0.14521769,-0.10129284,0.103106104,-0.0698597,0.044527978,0.095976114,0.2612341,-0.40274155,0.07635329,-0.16408095,-0.34243444,0.0473281,0.22435372,0.21555619,-0.19487071,0.4362626,0.16435307,0.13902415,-0.20236552,-0.011029009
Q8IZU0,-0.09630934,0.0652262,0.68325245,0.14561328,0.056802135,-0.2743805,0.7106568,-0.21651322,-0.20999193,0.13831814,0.12527478,0.048080564,-0.18868715,-0.13667771,0.14418563,-0.23489967,0.30295223,-0.20290643,-0.6700343,-0.012669846,0.0030702902,-0.042569056,0.48159432,0.30753744,-0.15470767,-0.021496957,0.054368846,0.4229288,0.1348643,-0.40722293,0.061601665,0.39342624
P30041,0.1611877,0.13316023,-1.2598932e-05,0.06611853,-0.1351651,0.16802573,-0.49870887,-0.37859705,-0.06573004,0.08731589,0.21569864,-0.077180326,0.14102292,0.14674664,0.048401587,0.06123972,-0.1637335,-0.06071242,0.2908448,-0.55428797,0.08930143,-0.18379593,-0.39980763,0.056567438,0.09918171,0.042375818,-0.251708,0.12112056,0.23919743,0.14525023,-0.17069258,0.06520994
P01236,0.11182509,0.106208295,0.432517,0.116786815,-0.12058483,0.07704951,-0.51519287,-0.5978475,0.22156106,-0.033992752,0.029259104,0.1568433,0.5137782,-0.46432206,-0.18303744,-0.19927049,0.14610101,-0.5269556,0.018535376,-0.1862729,0.2532504,-0.46794647,-0.043451067,0.09614336,0.43602312,0.0027274434,0.06070622,0.14555591,0.13868654,0.10545314,-0.31327155,0.29984006
O60684,0.30961806,-0.052469015,-0.41289333,0.1384537,-0.045195762,0.27261573,-0.12570244,-0.6808218,0.298431,-0.36040998,0.056985337,0.16780043,0.13140061,-0.10024209,-0.11906259,-0.106034756,0.22850826,0.22909006,-0.008393347,0.43595898,-0.26133958,-0.053944558,-0.09816486,0.00511685,0.44250983,0.32086313,0.07193339,0.027095795,-0.25927228,0.16519006,-0.045749296,-0.034736384
P04397,-0.0012477785,-0.12911606,-0.32512307,-0.10289001,-0.38168693,0.54603887,-0.3481096,-0.27372298,0.03137917,0.08835831,-0.039869722,0.08238822,-0.023957819,0.0047909096,0.07681679,-0.10753256,-0.0833523,0.030362226,0.23286203,-0.21957366,0.11619418,-0.17376068,-0.2189878,0.105804294,0.1600471,0.20917958,-0.1922861,0.25256437,0.11966568,0.06106035,-0.098792896,-0.09622134
O95760,-0.064402044,0.053731754,0.314642,0.013458213,0.05758069,-0.017575484,-0.060234234,0.47003382,0.13499174,0.48779768,-0.0421531,-0.3014097,0.28754294,-0.025720395,-0.19618267,-0.23948818,0.3266587,0.19392456,-0.41149098,-0.50876564,-0.13367061,-0.37667507,0.17201982,-0.18342273,-0.027615443,-0.2589925,-0.32591438,-0.024430007,0.19588006,0.31430215,0.17627987,-0.10871194
Q9HI69,0.040393665,0.036984675,-0.019137941,-0.009445192,-0.4038274,0.11261305,-0.39608938,-0.35628584,-0.17574823,0.2872361,0.41058362,-0.2445218,-0.10741958,0.0014669597,0.035480827,0.0005759597,-0.0042112023,0.17531534,0.26344585,-0.30627835,-0.18797973,-0.04637745,-0.3487497,-0.1817048,0.22604986,0.12236211,-0.25277516,0.4932755,0.21293202,0.30510238,-0.48050508,-0.18413022
P19880,0.070134595,-0.34076038,0.023965485,0.16789657,0.08131175,-0.100357756,0.6578896,0.41888428,-0.14879294,-0.08276823,-0.51576364,-0.47410053,-0.23128404,-0.061444063,0.07011392,-0.064326495,0.0037703365,-0.011828303,-0.679318,0.33411497,0.08465188,0.04605575,0.051660325,0.29804903,-0.3637127,-0.036332034,0.11856725,0.10727194,0.018374525,-0.23816828,0.5686501,-0.22851574
Q05128,-0.57272106,0.2762497,0.37811992,-0.26807344,0.17231934,-0.10211959,-0.40470845,0.9938467,0.017614149,0.4871322,-0.063104644,-0.18722221,0.07264423,-0.15826967,-0.20958984,0.0038383454,0.42516422,0.015959803,-0.0119639635,-0.75399,-0.08714856,-0.5095693,0.20268762,-0.16836916,0.19021459,-0.1674498,-0.26299152,-0.10597211,0.5992677,0.5131889,0.5407251,-0.4865094
P00803,-0.10264727,0.14783613,0.16887173,0.014089784,-0.07936944,0.22379312,-0.31164554,-0.035915174,0.14769548,0.3717288,0.07266006,-0.069996655,0.12925458,-0.008244567,0.015837274,-0.1769397,-0.18163912,-0.039284326,0.16663945,-0.41654754,0.13173144,-0.24197537,-0.09201819,0.06687543,0.1329263,-0.053921714,-0.30062985,0.021015882,0.33634448,0.05962165,-0.017300356,0.100045085
P50570,0.15310504,-0.13028629,-0.37585387,0.20034935,0.07182349,0.027256288,0.14073476,-0.6748522,0.3066835,-0.36815256,0.31960163,0.14398694,-0.027790025,0.2673299,0.23925751,0.031544685,0.09494439,0.22081587,0.28669116,0.47697663,-0.2524281,0.13196684,0.0044615828,-0.32552916,0.31143224,0.33580902,0.075198025,0.13333265,-0.05102683,0.09637814,-0.22308144,-0.17770995
P04351,0.0032860488,0.043815896,0.6378237,0.24715805,0.029336955,-0.06684017,-0.16003342,-0.3309408,0.24095751,0.14366812,-0.0033450536,0.12694032,0.4637636,-0.5054038,-0.1529734,-0.3626503,0.25986412,-0.54122496,-0.10949883,-0.27999508,0.34543765,-0.4151665,0.29247963,0.10094637,0.23126115,-0.2427353,-0.045720033,0.35439909,0.18193218,-0.12124345,-0.30833337,0.4430566
Q96D03,-0.35153115,0.27006263,0.44832507,-0.15850408,0.30206284,-0.32340637,-0.18258119,0.74838173,-0.068763286,0.40228248,0.11382046,-0.29001993,0.20150656,-0.0712504,-0.17521897,-0.23086417,0.5649375,0.12089914,-0.1088804,-0.60766304,-0.31703225,-0.5879761,0.36536404,-0.2093737,0.2530905,-0.14198802,-0.41740924,0.043239735,0.4572087,0.4581675,0.49543658,-0.3362565
P14868,-0.030156553,-0.13643487,-0.3029175,-0.035849556,-0.18401732,0.2987448,0.002556324,-0.34211853,0.24746433,0.057618976,0.051558245,0.012849756,0.026902914,0.24845001,0.23683149,-0.03632632,-0.14110963,0.064155824,0.24357581,-0.014316022,0.07167699,-0.07463442,-0.08418116,-0.12908597,0.030228943,0.16160348,-0.18373296,0.20984423,0.14252976,0.0017044493,-0.20476386,-0.118798435
P01210,-0.13652325,-0.41174024,0.38078514,0.36918524,0.079102695,-0.034401577,0.39604145,0.34888446,-0.31140694,0.17792854,-0.06661101,-0.064565614,-0.033322692,-0.11772435,0.22131327,-0.16811922,0.30500722,-0.21611285,-0.64181626,0.03287685,0.16842629,0.14166437,0.23176974,0.21430825,0.023904592,0.032752074,0.18347141,-0.118915856,0.22093138,-0.45969945,0.3743017,0.31728178
P03126,-0.16048236,0.34304923,0.5023012,0.057969533,0.31747717,-0.22844681,-0.21347177,0.55992687,0.0058049085,0.370723,0.24455144,-0.22503304,0.16341114,-0.03626657,-0.22103894,-0.13535729,0.4529698,0.08726441,-0.012535587,-0.60671383,-0.1998493,-0.43816614,0.24292734,-0.20901506,0.32492995,-0.20584251,-0.35887495,-0.046897337,0.45689625,0.2961716,0.34363148,-0.11014919
Q9BQB6,0.3514694,0.11295426,-0.021950938,0.19799128,0.13053937,-0.044134885,-0.29495192,-0.8772918,-0.03919657,-0.19840771,0.39465654,-0.09399207,0.46047175,-0.04602308,-0.1500483,-0.10377243,0.1724485,-0.008414283,0.18651596,-0.021511972,-0.22125845,-0.094625436,-0.18865578,0.055842802,0.26809633,0.11000658,-0.045583375,0.17763183,-0.13216424,0.15880671,-0.22665732,0.11722322
Q96LK0,0.16265593,0.13800928,0.47996357,0.20170037,0.19456156,-0.013292268,-0.14209218,0.090152524,-0.013233286,0.12946862,0.20144852,-0.19648993,0.3477984,-0.022110656,-0.10569809,-0.1687932,0.21683063,-0.049040817,-0.12303915,-0.32658666,-0.11528557,-0.32715714,0.025558222,-0.05547078,0.37804836,-0.08917076,-0.21951953,-0.15177044,0.22130096,0.12837647,0.14808759,0.16061617
P06702,0.28058887,0.026042007,0.28858942,0.3655712,0.26557204,-0.02457472,0.011435866,-0.38017434,-0.16229643,0.030784711,0.4641045,-0.22038396,0.39105618,0.06702628,-0.04194524,-0.123500735,0.16690668,0.06052699,0.16616973,-0.2690897,-0.11832287,-0.119796574,-0.11489922,0.092369676,0.20998307,-0.12744983,-0.12375703,-0.008175671,-0.035214476,-0.1361259,-0.025811795,0.33543408
Q3UVR3,-0.058565103,0.012533456,-0.1146921,0.22993642,-0.06540455,0.36732274,0.31101972,0.06034171,0.3769085,-0.06784299,-0.19112661,-0.12755798,-0.20351046,0.023054503,-0.2284944,0.07441671,0.03748271,0.5575485,0.23676705,0.14192906,0.050173517,0.07140948,-0.016705144,0.10676256,-0.114807874,-0.06756837,-0.009998716,0.062904075,0.17279646,0.060603287,0.3427385,-0.120906726
P02359,-0.25285888,-0.014645085,0.074389175,0.35682845,-0.12186457,-0.29612213,-0.07997473,-0.6438427,0.034882013,0.037124842,0.46896705,-0.07198721,0.13164628,0.016175397,0.3250977,-0.04427588,0.09284629,0.16899863,0.5030443,-0.22695218,0.101441465,-0.089759566,-0.07503626,-0.19715528,-0.077455014,0.048835687,0.031025968,0.32110286,0.14084697,-0.05696397,-0.30862868,0.26389217
P15891,-0.0888371,-0.26827353,0.18897414,0.43264496,-0.19622476,-0.08982204,0.5199044,0.22386718,0.0843612,-0.16102073,-0.46420765,-0.29418647,-0.33577228,-0.09916844,0.16780144,0.16290632,-0.09293838,0.12770793,-0.49707845,0.26680267,0.32415304,0.096693024,-0.08122538,0.23735589,-0.40760803,0.017235229,0.33433175,-0.11266327,0.13103205,-0.26070058,0.48428515,0.04825626
P62263,-0.17131682,-0.18199956,0.21380231,0.22919923,-0.2658981,-0.4218932,-0.30681443,-0.43159828,0.20757326,0.14410931,0.38704935,-0.15574297,0.14465982,0.23681644,0.35165718,0.27016369,-0.016366765,0.11496707,0.2844844,-0.24697615,0.08329987,-0.22253832,-0.20597741,-0.6119031,-0.08166452,0.11491103,0.1387438,0.09320479,0.22439656,0.28968573,-0.62093526,-0.040804297
Q04602,-0.087764524,0.14956474,0.06997298,0.110441186,-0.2700427,0.047420956,0.25282198,-0.26753476,0.34736636,-0.17425859,-0.46041217,0.007797055,-0.2051198,-0.41677877,-0.0733434,-0.19609421,0.0020032823,0.25166103,-0.15063916,0.20031969,0.21830362,-0.3077427,0.10171512,0.23747507,-0.1076145,-0.07533997,0.06926435,0.44435063,0.09894825,0.018157104,0.17426237,0.085538626
Q8R010,0.007878587,-0.15019599,0.29041237,0.25519085,-0.14724232,0.22782624,-0.004100576,-0.12437525,0.12013822,0.05181327,0.026390467,-0.059616305,0.28216138,-0.08928312,0.10492364,-0.1297158,0.110361174,-0.050211072,-0.055243045,-0.0895385,0.11924542,-0.2649408,-0.13576365,0.003219515,0.21921028,0.03429848,0.021883734,-0.15883535,0.14282703,-0.013265362,0.040389407,0.23020104
P04696,0.15821622,-0.010627478,-0.32699788,0.18439856,0.1578118,0.009029619,0.0017801821,-0.6785721,0.065017626,-0.3511902,0.40631777,0.0723573,0.053295523,0.32639924,0.20684257,-0.009692386,0.0066554397,0.05158671,0.39163256,0.13864051,-0.1259777,0.077144146,-0.083464086,-0.12904583,0.20330448,0.28512168,-0.06706814,0.14088884,0.050419956,-0.018975934,-0.0613471,-0.05619071
P04385,-0.037887692,-0.1243784,0.069733255,-0.11333244,-0.47653675,0.49689677,-0.4429524,-0.142955,-0.029049654,0.18428138,-0.09585713,0.067042395,0.123555064,-0.21779492,-0.010573529,-0.15268448,-0.036664233,-0.08372358,0.08861908,-0.3711856,0.13150208,-0.34740466,-0.36922878,0.15027973,0.31767154,0.1276477,-0.14117151,0.22011927,0.27652493,0.2825921,-0.059522282,-0.084959924
O75795,-0.010168895,-0.13462847,-0.28310814,-0.043209918,-0.26127204,0.4738107,-0.2565663,-0.43423802,-0.071398556,-0.109519854,0.029478524,0.12863694,0.09410921,-0.041398697,0.16991323,-0.25512043,-0.08070037,-0.0036366805,0.28399006,-0.09687492,0.08217313,-0.25573403,-0.19055182,0.26542857,0.2324268,0.29915044,-0.12352336,0.12855874,0.013486445,-0.04509961,0.15241306,0.021243203
P0DJD3,-0.24836145,0.08525164,0.040066153,-0.09716767,-0.15199612,-0.26266778,0.29439005,0.48277152,0.1706182,-0.06630775,-0.5889295,-0.47121492,-0.26574713,0.037969656,0.15406966,0.111305475,-0.0842094,0.048508056,-0.69391793,-0.036871187,0.25983664,-0.31430915,0.19184728,-0.08957744,-0.5902336,-0.07025833,0.022632934,-0.017426074,0.16672677,0.06594456,0.5263181,-0.38219675
Q21921,-0.019551784,-0.0647119,-0.0353126,0.20845184,-0.12817849,0.3226258,0.31758738,-0.13724887,0.28017506,-0.0494141,0.0030250289,-0.10622577,-0.019334689,-0.021807045,-0.076384425,-0.08573307,0.11081444,0.36884183,0.254699,0.07933545,0.001442994,-0.09955057,-0.042656865,0.027492583,0.07906003,-0.044971764,-0.0795686,0.17170255,0.0884358,0.004127125,0.18682477,-0.040791437
P09446,0.15340371,-0.18994975,-0.79614705,0.20189746,0.08061434,0.1204308,-0.032387793,-0.27976963,0.3388988,-0.14502224,0.1405714,0.30253145,-0.52387524,0.34174892,0.1218478,-0.12064621,0.0054404736,0.30389905,0.37558198,0.22874682,-0.07338373,-0.015592091,0.17835373,-0.34104025,0.040938452,0.24875516,-0.30771074,0.47374943,-0.08230094,-0.17815802,-0.2533152,-0.26276293
P98175,0.18171562,-0.114018455,0.14896786,0.52480316,-0.07811399,-0.07708707,0.51276106,0.21015161,0.2580924,-0.13532281,-0.35661048,-0.4539399,-0.16623406,-0.17358601,-0.19601709,0.08151765,0.07231432,0.43797636,-0.21615562,0.14009131,0.0833881,0.04526113,-0.10311207,0.1025905,-0.2855283,-0.30032316,0.060017295,0.077874064,0.045332216,-0.05981252,0.30312106,0.03893566
P25788,-0.071209304,-0.07347283,0.037894532,0.031791873,-0.27566418,0.085820645,-0.188869,-0.32891932,-0.010906954,0.15514643,0.1343292,-0.17159896,0.17351425,0.07529146,0.23610914,-0.2524335,-0.11138679,0.06968492,0.20551232,-0.38930333,0.056111526,-0.3206645,-0.14281087,0.04487554,-0.08815479,0.10541385,-0.3397572,0.26981118,0.13919613,0.104846574,-0.16064554,0.12482719
Q8CPQ1,-0.10211399,0.095888466,0.09842559,0.07562923,-0.16877411,-0.01028638,0.683833,0.11384829,0.3054419,0.054443844,-0.3168289,-0.5957227,-0.12127,-0.007475503,-0.10333461,0.14380157,-0.09570651,0.24445644,-0.13248177,0.12332268,0.14788,0.1330932,-0.046645004,-0.0021689236,-0.41781557,-0.28845584,-0.04228557,0.32896644,0.35866246,0.08949412,0.26010415,-0.33079496
O75815,-0.2964278,-0.030670166,0.11620786,0.17267337,0.06932266,0.028301612,0.3896132,0.53335685,0.23489214,0.15876853,-0.34368595,-0.36341313,-0.12445792,-0.12567112,-0.11458215,0.11481005,-0.03755839,0.38841566,-0.08108178,0.13144211,0.13022244,0.09957813,0.031581666,0.062632196,-0.23606636,-0.22735032,0.118334346,-0.0756049,0.33626384,0.087961756,0.553715,-0.31209695
P25539,0.0041813105,-0.066575125,-0.18090853,-0.0052405763,-0.46226174,0.3236784,-0.39154324,-0.34712014,-0.06914604,0.078106284,0.0804044,-0.03940235,-0.028429165,0.06710463,0.19151425,-0.06046745,-0.0660703,0.052448995,0.21497682,-0.44016683,0.13111001,-0.22777933,-0.3198626,0.039504036,0.05018133,0.17840809,-0.25646618,0.30085972,0.17266935,0.09704126,-0.20420513,0.065045804
Q8WYB5,-0.055662215,-0.07415064,0.19797364,0.41463763,-0.058974985,0.056336336,0.34934974,0.26818407,0.32616624,-0.015800923,-0.2561922,-0.23685592,-0.0949206,-0.12869674,-0.13910043,0.08271861,0.06992884,0.45252192,-0.07383094,0.07563496,0.114495374,-0.017021596,-0.08064762,0.05031877,-0.11155327,-0.18886784,0.09850749,-0.10699895,0.19993025,0.03927427,0.38683227,0.012558501
Q96UT6,-0.025655895,0.19775428,0.15259548,0.117677696,-0.1699554,0.007685721,-0.6668149,-0.44702148,-0.1462698,0.14058372,0.34566683,0.010521069,0.09328112,-0.098638706,-0.0033519343,0.0051419735,-0.11696324,-0.08336189,0.45308208,-0.54518527,0.109606095,-0.19144125,-0.38456044,0.039271846,0.28898764,0.06525673,-0.15518746,0.30590075,0.36059618,0.16021349,-0.24981672,0.12212819
A0A0H3C985,-0.050989553,-0.102185726,-0.30961546,-0.06719518,-0.36769173,0.34403148,-0.19108425,-0.6185144,-0.034062173,-0.010771662,0.316861,0.015595138,-0.028654933,0.087762125,0.18479064,0.07794381,-0.009086028,0.09943785,0.33754802,0.086942226,-0.07391966,0.11626612,-0.3126016,-0.08613931,0.30979598,0.34931636,0.054125756,0.28895733,0.14870447,0.1503707,-0.26546586,-0.22600554
Q06449,0.083671704,-0.13439369,0.24089155,0.6796961,-0.08148788,-0.038257748,0.15110222,0.25113207,0.14627646,0.09300694,-0.11045428,-0.25957936,-0.121982545,-0.2007274,-0.03461144,0.054451473,0.24011901,0.30289543,-0.2578644,-0.1632975,0.23914479,0.09497821,0.08214398,-0.031745657,-0.14665852,-0.3140466,0.15126899,-0.15246668,0.026847081,-0.28376558,0.1523053,0.37061903
O02372,-0.017087951,0.18241313,0.48145136,0.17038599,0.058255967,-0.08441524,-0.525238,-0.36872438,0.0060500903,0.08609976,0.20112829,0.046274856,0.39660132,-0.19706231,-0.14133531,-0.23349771,0.04223126,-0.37541527,0.25364363,-0.47649324,0.24510567,-0.4825334,-0.07937549,0.1713204,0.30416203,-0.015722359,-0.22644112,0.17889234,0.3925734,0.033547956,-0.083525196,0.3320078
P08237,-0.07287562,-0.1619994,-0.40302154,-0.05631668,-0.3272946,0.3690134,-0.15035659,-0.46707317,0.15762424,0.072682604,0.2130238,0.09885976,-0.1537798,-0.0052509084,0.090161555,0.0050469637,0.011195973,0.21494645,0.40509158,0.21236973,-0.08364231,0.115761,-0.1282782,-0.19565694,0.3122958,0.2843088,0.023863006,0.45393744,0.083893284,0.14022376,-0.3785384,-0.3108117
Q9URB4,0.13549988,-0.07417908,-0.09434522,-0.07642274,-0.4847507,0.27177754,-0.38916293,-0.64148307,-0.039842825,-0.0066647306,0.330961,-0.04471095,0.08163571,-0.07631552,-0.14224803,0.106952794,0.21994904,0.04185667,0.081802145,0.06953476,-0.26342458,0.012566254,-0.4600075,-0.22981231,0.46308595,0.31480715,0.05515988,0.36271438,0.1781227,0.49315044,-0.5155868,-0.29505688
Q05086,-0.18368201,-0.043785542,0.3878471,0.025246462,0.0896014,0.022630751,-0.03954885,0.5847449,0.13522111,0.18725161,-0.05811673,-0.074636474,0.087123096,-0.26054677,-0.16575843,-0.1952965,0.35634,0.2143403,0.07727146,-0.29919568,-0.16652812,-0.5425199,0.13380727,-0.024998054,0.4963181,-0.113693334,-0.15885279,-0.029163614,0.2780351,0.36598223,0.5487287,-0.25334263
O14788,-0.09382717,0.00013384223,0.43265375,0.10572254,-0.1106015,0.11966854,0.1393598,0.054593123,0.2244134,0.45808345,-0.06076483,-0.1323855,0.20083618,-0.04781855,0.07006354,-0.31370458,0.005633667,-0.049702145,-0.40840104,-0.24346502,0.10995125,-0.18418019,0.17338744,-0.016065136,-0.09938098,-0.16837282,-0.22736552,-0.017395183,0.25920832,-0.0061213127,-0.085915655,0.2604599
Q6ZNA4,-0.07784371,-0.23990291,-0.01263123,0.07557369,0.070160225,-0.17569771,0.68051094,0.47673923,-0.06707946,-0.101612866,-0.6410259,-0.5541991,-0.2465266,-0.18750799,0.025713325,0.04521279,-0.11094366,0.031552628,-0.55874026,0.3081988,0.11261114,-0.0077286586,0.045236643,0.2791513,-0.5774615,-0.13333388,0.20451951,0.17648306,-0.055275247,-0.15052228,0.5892881,-0.41020378
P12530,-0.17918399,-0.07007927,0.053678397,-0.14045003,-0.07223785,0.37028527,-0.25817776,-0.14101426,0.069580205,0.31443292,0.13426922,0.1539694,0.17511183,-0.1311256,-0.028670147,-0.041660383,-0.20458199,-0.07615159,0.45251316,-0.07476074,0.039195955,-0.09646621,-0.25414455,0.024058022,0.45905983,0.08757555,0.024319805,0.17441928,0.37657636,0.17663833,-0.07160094,-0.289708
P14921,0.12145008,-0.07322094,0.24004245,0.4299822,0.011783835,0.06775446,0.4646616,0.19774714,0.1942926,0.029319026,-0.011145819,-0.3840287,0.08492455,-0.1782375,-0.22249213,0.017959207,0.286597,0.3799436,-0.014204234,-0.030233592,-0.04364815,-0.0063863844,-0.08508816,-0.04573989,0.034604207,-0.34004912,0.011807717,0.07653852,0.080614656,0.045580488,0.24730149,-0.035885144
P0A7W7,-0.042837933,-0.03249432,0.13935024,0.12071132,-0.13803585,-0.3110871,-0.39656112,-0.48074326,-0.03605855,0.22266507,0.38586995,-0.22929762,0.20601007,0.24898213,0.26036435,0.0057745725,-0.092636615,0.14788586,0.30379224,-0.48438257,-0.032127015,-0.23871395,-0.23801419,-0.21469651,-0.14537163,0.08642937,-0.22356212,0.284312,0.1999202,0.27062273,-0.51727325,0.116440475
O75570,0.0311874,0.03932187,0.060389727,0.18515897,-0.11868617,0.07294607,0.16171578,-0.3593009,0.16525428,-0.04130748,0.06383777,-0.08495495,-0.029724568,0.016828619,0.26305386,-0.32080334,-0.08741553,0.26731312,0.08740753,-0.00022520125,-0.05766435,-0.24201019,0.01970582,0.12443211,0.06683545,0.09423166,-0.24754691,0.14276844,-0.0006551966,-0.055164065,0.0437011,0.26034546
P99029,0.05537121,-0.010273263,0.030767217,0.25791544,-0.2408026,0.26089165,-0.122241005,-0.20905063,0.15265879,0.1662761,0.048899133,-0.17687963,0.258146,-0.1664587,-0.15458877,0.010965452,0.26076826,0.009018056,0.11104953,-0.47691858,0.26566848,-0.13070205,-0.21172893,-0.025587022,-0.060371548,-0.2591717,-0.10562102,0.26824483,0.13168949,-0.00095147407,-0.20457658,0.17550887
P09104,0.113152966,-0.024552554,-0.2697064,0.069219165,-0.37479073,0.1992223,-0.34726486,-0.40657875,-0.081045896,0.15708327,0.46306178,-0.046594992,-0.34999326,-0.07315248,-0.08174833,0.01973781,0.1253013,0.30565614,0.3512866,-0.0640045,-0.23890588,0.07067345,-0.27551097,-0.2577647,0.42417377,0.16497886,-0.13487187,0.5913741,0.06801227,0.20431809,-0.4812556,-0.26272157
P42227,0.10364734,-0.0039274096,0.009870298,-0.040833816,-0.16979305,0.23703057,-0.21512794,-0.58304054,0.23373483,-0.07367867,0.12199141,0.06682904,0.2967285,-0.11302793,0.035290845,-0.06757325,0.042578563,0.047198903,0.002774015,0.24003197,-0.18111825,-0.20672953,-0.18969834,-0.016974315,0.5624776,0.2920533,0.102305904,-0.12856594,-0.01347243,0.26513308,-0.06440246,-0.025281835
P00326,0.10930298,-0.015124992,-0.39657882,-0.01255914,-0.45073122,0.5291474,-0.4281649,-0.40419334,0.010811384,-0.024682432,0.07376163,0.08334863,-0.16505404,0.09578485,0.05282513,0.119009644,0.007832713,0.044458106,0.2673524,-0.3041591,0.1495573,-0.07683024,-0.37740538,0.003397867,0.16753666,0.20413165,-0.12796152,0.2523374,0.14534257,0.046120297,-0.20203239,-0.05086076
P40296,-0.0685261,-0.03732741,0.38383314,-0.062387094,-0.18161099,0.25629297,-0.59235084,0.10613341,0.30895847,0.46936867,-0.2309388,0.04535316,0.24145421,-0.010883205,-0.13182071,-0.2433933,-0.23310588,-0.15922746,-0.19775645,-0.5074163,0.26258472,-0.5405111,-0.13993523,0.18749538,0.105584726,-0.00020905398,-0.3798692,-0.17646888,0.39732003,0.22137392,-0.08947267,0.2549712
O15360,-0.016484141,0.029559225,0.3337622,-0.060319014,0.061416518,0.1303713,-0.4924152,0.35792226,0.15461744,0.11096443,-0.1465079,0.15387252,0.16215223,-0.35891578,-0.29520172,-0.2556825,0.2463087,-0.032889783,0.0038083494,-0.33413115,-0.10479086,-0.64158255,0.055896983,0.108685166,0.6661988,0.045382872,-0.21889266,-0.042944714,0.26671916,0.43292934,0.3689431,-0.14208488
P01721,0.052391738,0.2094911,0.17583477,0.060198978,0.1425359,0.082268536,-0.5098676,-0.07781095,0.18109572,0.71559095,0.13460906,-0.16968578,0.34907657,0.097776525,-0.19703285,-0.22036529,0.038202427,0.08159182,-0.18338612,-0.61361337,0.02569602,-0.1059487,0.14241306,0.023911089,-0.23526543,-0.24010167,-0.42290655,0.052022025,0.15474872,0.10056552,-0.45683673,0.27474463
Q5JFD7,-0.19106674,-0.01428353,-0.016626306,-0.10919112,-0.33946398,0.47628537,-0.5398352,0.006601058,0.04384041,0.36417177,-0.14755554,0.1298949,0.023760095,-0.16492122,-0.017777316,-0.23649976,-0.15478818,-0.05990625,0.1478472,-0.5114661,0.26159236,-0.36765882,-0.24278319,0.24337295,0.13861634,0.06497471,-0.26801696,0.15348893,0.35079497,0.12037773,0.030664217,0.03261966
P11574,0.16606484,-0.17333207,-0.40265027,0.034826733,-0.008251939,0.2771103,0.09713787,-0.46691155,0.24851352,-0.18518496,0.1886497,0.0540846,0.05117233,0.39500263,0.16909406,0.1136376,-0.030912131,-0.004111059,0.2732131,0.19444488,-0.06641405,0.09166326,-0.13349602,-0.26046383,0.16484018,0.22362645,-0.06726573,0.14335072,0.120606154,0.059159566,-0.21179205,-0.29850647
Q8GE63,0.0519986,0.009435624,-0.19455132,0.06020733,-0.46337903,0.22377354,-0.44997248,-0.34860677,-0.16636054,0.2001828,0.42183593,-0.09313312,-0.36468667,-0.15462965,-0.06800243,-0.06160754,0.09326536,0.31321004,0.3518902,-0.20991008,-0.18051548,-0.0016474277,-0.26106328,-0.14535706,0.39293194,0.16447154,-0.20516026,0.6128694,0.0869166,0.19478999,-0.40852252,-0.15961294
O14544,-0.109762035,-0.023415625,0.09543773,0.1467643,0.043041643,-0.051398057,0.5338584,0.43295926,0.20746477,0.09734012,-0.3995235,-0.5330719,-0.11709367,-0.07762095,-0.13106832,0.068856716,-0.06816952,0.3074993,-0.24393135,0.14718881,0.10657153,0.09518574,0.0036624633,0.072521485,-0.34456176,-0.2961202,0.01473134,0.088203505,0.28550532,0.075020246,0.4749221,-0.327038
P32189,0.002923429,-0.11379412,-0.3541493,-0.09478071,-0.30528018,0.49735603,-0.24447648,-0.29210478,0.073884435,0.12943506,0.10543054,0.06445539,-0.13121974,0.03458046,0.079369985,-0.006304458,-0.10350275,0.07825677,0.40023547,-0.05296628,0.03864054,0.012005597,-0.15800896,-0.055444315,0.2655977,0.18895839,-0.12993622,0.38761747,0.14461882,0.054470655,-0.24703006,-0.26304376
P06744,-0.024640664,-0.083702475,-0.23946908,-0.053024925,-0.28747553,0.32869393,-0.17314999,-0.49127173,-0.022654168,0.12757054,0.38987347,0.036357954,-0.118409574,-0.017280571,0.04741416,0.10846033,-0.020099863,0.14692195,0.4644541,0.12831123,-0.15510194,0.17890905,-0.3145739,-0.16114382,0.45378584,0.23929326,0.053436816,0.44846925,0.1985265,0.19197686,-0.37926915,-0.37262133
P01859,0.14288022,-0.092342705,0.14203413,0.012415329,-0.15531541,0.21880537,-0.18863586,-0.020315863,0.33062705,0.3740472,-0.2613364,0.006477535,0.14385754,0.029863097,-0.02565211,-0.3278727,-0.10806687,0.30890673,-0.46759343,-0.1907675,-0.08128111,-0.4486152,-0.06374961,0.12669347,-0.05974883,0.02681523,-0.36472806,-0.09135607,-0.016379952,0.2384792,-0.16386184,0.21853437
Q9KKF0,-0.31507957,-0.13077193,-0.32078382,0.078116186,-0.5102858,0.037516348,-0.26166943,-0.5226399,0.16876312,0.20259413,0.30187693,0.12899649,-0.40691853,-0.23943993,0.18506071,-0.23850757,0.10345163,0.5105307,0.4017632,0.1186361,-0.08819167,-0.056524843,0.050741043,-0.2542122,0.24708568,0.28412035,-0.015221201,0.70164037,-0.025796093,0.104156926,-0.5055427,-0.042287342
O75914,-0.031649217,-0.037801534,0.019438677,0.3900119,-0.13792151,0.30995527,0.33493984,-0.055150367,0.45706302,-0.06801261,-0.07899453,-0.1304219,-0.1077238,0.022231616,-0.23821795,0.17968531,0.09784302,0.57002884,0.21310902,0.108278275,0.06816954,0.099622056,-0.13225599,-0.0014097244,-0.12485626,-0.10878687,0.088936396,-0.029037207,0.13311544,0.054390337,0.1729176,0.024485257
A5D8V6,-0.42537665,0.11248143,0.5806271,0.40729028,-0.40867063,-0.19128405,0.3631723,-0.26883975,0.37364802,-0.14283866,-0.2300891,0.11957915,-0.4351186,-0.14954367,0.3366459,0.39479953,-0.18329023,0.083150715,-0.25751722,0.09581825,0.5204441,-0.057042837,0.095613554,0.17475599,-0.37160137,0.15491398,0.5785784,-0.18486056,0.20474648,-0.30060765,0.24444059,0.37256855
F1LQ48,-0.051747672,0.024769515,0.11547024,0.47595733,-0.2354191,0.150709,0.43073797,-0.09388552,0.54338825,-0.058683097,-0.22762933,-0.26536193,-0.12520856,-0.093853,-0.23203906,0.2543676,0.011338919,0.4897472,0.13282415,0.115241855,0.2274514,0.15571101,-0.10731226,-0.016349033,-0.38155425,-0.24160379,0.1438294,0.07419762,0.17707863,-0.003451129,0.066494316,0.071150854
Q13064,-0.23960742,0.09029764,0.25884184,0.33615845,-0.015855897,0.016181596,0.388704,0.28702047,0.34888655,0.1460658,-0.07546586,-0.28413585,-0.095115244,-0.12651786,-0.119375125,0.18598954,0.061337978,0.36532605,0.09830114,0.049244836,0.14403479,0.13234721,-0.0022677965,-0.09620078,-0.043175332,-0.26036564,0.14798933,-0.078080595,0.39731124,0.039078366,0.3715422,-0.12823826
O15389,-0.0015953183,-0.08297272,-0.0019426942,0.009824758,-0.28748754,0.3548808,-0.18288314,0.050811343,0.384493,0.38076147,-0.3867469,0.0706674,0.0075772703,-0.02135741,-0.048763223,-0.25547865,-0.09822279,0.37620956,-0.4872466,-0.19249697,0.058922876,-0.37095395,-0.098406404,0.13833626,-0.14232594,0.029021963,-0.2663289,-0.089984536,0.050180122,0.1982558,-0.05787011,0.18419208
O95833,0.36886334,0.07231231,-0.059073664,-0.021546854,0.06820226,0.26189765,-0.23392197,-0.5190151,0.010237954,-0.075037494,0.35450447,-0.09301025,0.33684623,0.24853003,-0.18358618,0.25064588,0.009578839,-0.11014236,0.21064955,-0.09975102,-0.1996007,0.06809969,-0.4403996,-0.14786415,0.3885725,0.054393977,-0.0114359185,-0.0029100478,0.20073435,0.30961832,-0.21118088,-0.26456374
O15055,-0.09271999,-0.14094813,0.20154655,0.3025048,-0.13340896,0.28133756,0.12269226,0.18826482,0.28240356,0.06929445,-0.1793676,-0.01924789,0.023794085,-0.10127636,-0.10551569,-0.062047124,0.11277998,0.37233323,-0.08046023,-0.057507668,0.116058685,-0.19995321,-0.11438644,0.06924135,0.0608,-0.053777568,0.018950425,-0.16470161,0.17965716,0.066598095,0.2814423,0.15953475
P07327,0.10649888,-0.016294263,-0.4060938,-0.004988836,-0.4511151,0.52562225,-0.42594716,-0.40189984,0.004848662,-0.025839686,0.07688099,0.08415006,-0.17893961,0.094878264,0.05687008,0.11047797,0.009587944,0.048759025,0.27538973,-0.308699,0.154637,-0.07831753,-0.36802188,0.0047318786,0.16181894,0.20239902,-0.13585019,0.26536018,0.14040068,0.02881707,-0.19917874,-0.0435236
Q98TD4,-0.0534257,0.07868861,-0.36676493,0.07236602,-0.3530197,0.40979442,-0.7128247,-0.32993472,-0.07321151,0.11759582,-0.010201808,0.22408834,-0.20256802,-0.12381422,0.04384183,-0.15984112,-0.070739225,0.08304144,0.31061316,-0.5670681,0.31723675,-0.24185595,-0.23965836,0.25868285,0.08041279,0.12079891,-0.21237725,0.29966557,0.11538335,-0.12344509,-0.03393436,0.24351497
P19221,-0.060402445,0.10943577,0.12998065,0.082166575,0.039147135,0.36518082,-0.08995326,0.23854768,0.21030444,0.3976984,0.12379928,-0.06466065,0.07063633,-0.111958265,-0.25898588,-0.04417719,0.038074493,0.16145244,0.28724426,-0.3260935,0.012576151,-0.121316545,-0.09102225,-0.048211157,0.26395786,-0.24349985,-0.14550307,-0.011424795,0.26516858,0.085516684,0.15286258,-0.1307199
O61667,-0.18981911,-0.11578807,0.40863305,0.056616664,0.32957777,-0.31023374,0.17828691,0.4895686,-0.54449356,0.4874879,0.15221182,-0.26786828,0.075544894,-0.06432976,-0.08821153,-0.31863794,0.695518,-0.16863164,-0.5910735,-0.33248407,-0.2195859,-0.16614206,0.41077065,0.1375795,0.066465065,-0.0837468,-0.18931434,0.265932,0.28542304,-0.22900029,0.34655043,0.06965485
Q92132,-0.6642309,-0.28143236,0.20777336,0.39213395,-0.12605707,-0.37200224,0.003168434,-0.6779097,-0.05861557,0.11624393,0.6661657,0.11207177,-0.009644806,0.42831144,0.6695996,0.3073272,-0.015519753,0.23948687,0.41813868,-0.11959379,0.2533574,0.10573992,0.09388107,-0.15777867,-0.3144197,0.4363189,0.35415712,-0.13880894,0.16407126,-0.32614243,-0.16385673,0.41451734
P29055,0.16981722,-0.045848668,0.17101762,0.1959107,-0.040639095,0.2062841,-0.24294737,-0.29081663,-0.027619917,-0.04919043,0.105673015,-0.05318789,0.31823307,-0.024687514,0.06773845,-0.16448289,0.0053613186,-0.0648452,0.13357347,-0.23870641,0.050811302,-0.38718194,-0.24903506,0.1778109,0.24429052,0.09809756,-0.14843929,-0.10579932,0.054044545,0.00322621,0.06263304,0.24238847
G1FNI6,-0.0048865527,0.17504466,0.00081962347,-0.133742,-0.13779965,0.4103631,-0.80257505,0.11619494,0.22909218,0.4701141,-0.26886025,0.11453158,0.053240493,-0.06052079,-0.28719318,-0.19700277,-0.14318278,0.06556701,-0.19695434,-0.5907983,0.1352794,-0.38381922,-0.20583019,0.24284354,0.07121411,-0.0047030915,-0.38138035,-0.08720894,0.30193424,0.31395867,-0.046091158,0.13136162
Q13596,-0.055369064,0.03942848,0.02149295,0.2581198,-0.24469297,0.15496188,0.1945414,-0.4851153,0.390125,-0.17429188,-0.013220679,0.024991736,-0.025623515,-0.14814399,0.09517404,-0.07010555,0.077106744,0.32576275,0.037690952,0.3244527,0.0060116937,-0.10559517,-0.052175786,0.02807562,0.21065326,0.17316121,0.11769646,-0.0012588799,0.016686268,0.0066644163,0.066414416,0.20412278
P19447,0.10173531,-0.11184086,-0.07911637,0.094273396,-0.04692566,0.34533376,0.15268564,-0.27125946,0.3261664,0.020793915,0.17653458,-0.07492806,0.24722618,0.09198945,-0.121843114,0.11245039,0.18005118,0.18864307,0.12429729,0.15178053,-0.13288713,0.028014913,-0.1566344,-0.21549518,0.30508637,-0.0071470495,0.08390122,-0.06318104,0.05557072,0.16332287,-0.05878439,-0.19770363
F8WQK8,-0.25738442,-0.06981541,0.060079288,-0.13038158,-0.1602025,0.28331053,-0.26381698,-0.23646471,0.04544886,0.2922598,0.15414692,0.13753474,0.11340737,-0.1609864,0.07560819,-0.12250376,-0.22521137,-0.0007965565,0.4694031,-0.08074102,0.03793307,-0.14797822,-0.20938593,0.07339367,0.41738927,0.15095975,-0.013937406,0.2509029,0.33094484,0.15382059,-0.0782734,-0.1938888
O70435,-0.07244213,-0.073362574,0.0382716,0.031360686,-0.2767761,0.088278204,-0.18797971,-0.32643223,-0.010616188,0.1563307,0.13392496,-0.1703305,0.17206785,0.07306536,0.23619151,-0.25125954,-0.111925766,0.06788765,0.20745295,-0.38914746,0.057062645,-0.31930953,-0.14358789,0.043645673,-0.08471237,0.10381668,-0.33782297,0.27041066,0.14149752,0.104397245,-0.15979517,0.12220512
P15151,0.017737582,-0.07183121,0.060520545,0.06009659,-0.2342151,0.28365952,-0.15410475,0.006845586,0.36793235,0.4044755,-0.32786283,0.061780393,0.02878356,-0.006362222,-0.029281445,-0.30388418,-0.10158917,0.35139406,-0.46501777,-0.2254084,0.068645425,-0.36662614,-0.028727937,0.15415975,-0.19443697,-0.009746624,-0.3169286,-0.046577156,0.037879027,0.12543975,-0.12252408,0.27336076
P07998,-0.26564002,0.48192343,0.50683457,-0.08490731,-0.045994222,-0.10933243,-0.33167636,-0.14202476,0.21290632,0.7548816,0.37990424,-0.19949758,0.31267473,-0.102788515,-0.0492397,0.05834274,0.038714666,-0.25242305,0.019361287,-0.5251882,0.10018295,-0.079050414,-0.02792893,-0.3586039,0.28757864,-0.32109165,-0.12598702,0.07620534,0.62151116,0.15955737,-0.43743393,0.061282415
O60504,-0.20498097,-0.036568075,0.18115905,0.23960334,0.04767945,-0.11557311,0.3296707,0.62671995,0.124351256,0.14072342,-0.2880254,-0.34061897,-0.21954718,-0.052711755,0.03776378,0.05719304,0.026730195,0.24150786,-0.2971134,-0.03379257,0.1548978,-0.012500465,0.10308781,-0.01124008,-0.20527555,-0.1960593,0.031077676,-0.15686437,0.3320277,-0.028988158,0.57762027,-0.18516551
P38936,-0.29516387,-0.45709306,0.38382906,0.4251749,-0.09006272,0.12056355,0.19367692,0.401859,-0.14445369,0.38072544,-0.030628294,-0.13057664,0.14353976,-0.08799396,0.17842305,-0.0110453665,0.32269233,-0.24046275,-0.59013045,-0.09650637,0.31588867,0.22973804,0.11271633,-0.0167564,-0.14853413,-0.03135144,0.30688894,-0.3617535,0.30034104,-0.34931457,0.19026613,0.27112088
P16687,-0.4225679,-0.15198708,0.25867897,-0.15643099,-0.24146192,0.094479024,-0.122234955,-0.36741033,0.06502171,0.41442278,0.3585581,-0.011450887,0.25232863,0.16645584,0.38421088,0.21140322,-0.19822113,-0.1077935,0.19486761,0.1061386,0.02274808,-0.039425954,-0.2652275,-0.28567207,0.3982311,0.3023022,0.3127482,-0.23339748,0.4543137,0.16654032,-0.176803,-0.20376356
A0A0B5LB55,0.021088779,-0.08439152,0.18745458,-0.08205416,-0.23180129,0.5019101,-0.5499486,0.10417979,0.08372597,0.2417036,-0.16956353,0.12904193,0.20483607,-0.19074649,-0.1534177,-0.15842628,-0.06632994,-0.16276431,-0.010616645,-0.39510638,0.1364764,-0.43927383,-0.33895886,0.16804321,0.4119239,0.077801526,-0.14690775,-0.08688299,0.31934717,0.3196584,0.116475046,-0.08565317
P42566,-0.0017416924,0.35483706,0.16144194,0.13232613,-0.07496974,0.007146515,0.21645108,-0.56771326,0.31972805,-0.14981684,0.10071291,0.040412247,-0.34061864,-0.090349905,0.1491983,-0.097222686,-0.10905565,0.47002584,0.10462317,0.3030154,-0.2215304,-0.081702515,0.13452336,0.28282553,0.34433937,0.21864548,0.018120788,0.063347735,-0.029929146,-0.006839586,0.21406567,0.23787586
P39099,-0.011219189,0.04811634,-0.29135823,0.18603048,-0.11743033,0.35049415,-0.26934746,-0.1065946,0.24551311,0.12002009,-0.03956872,0.12277906,-0.18970531,0.08723093,0.012802236,-0.1672881,-0.017673485,0.29574007,0.17661607,-0.3115949,0.20186411,-0.19050506,-0.014662679,0.1109543,-0.08455191,0.04045769,-0.2880009,0.062013604,0.063353434,-0.1508308,0.018250775,0.2832778
O15151,0.2062443,-0.23597434,0.107168935,0.37823826,-0.014656801,-0.06887446,0.56639385,0.3382976,0.05783568,-0.009889215,-0.35171366,-0.46994594,-0.12929805,-0.13061973,-0.05396279,-0.12788704,0.09357883,0.258867,-0.50440913,0.17165558,0.009136568,0.01778467,-0.020797882,0.122707516,-0.20421264,-0.2383601,-0.04149361,0.080536045,0.027918357,-0.1266884,0.3528023,-0.015715268
A0A0H2UNG6,-0.09226903,-0.08721602,-0.3090751,-0.07388367,-0.46954656,0.31813627,-0.32150105,-0.6561183,-0.069454946,0.015642568,0.30744538,-0.02394291,-0.07847969,-0.030981645,0.18501541,-0.06188433,0.004127674,0.20349789,0.27572334,0.073594496,-0.10024803,0.07992615,-0.22692648,-0.019569457,0.3123582,0.40771398,0.009476259,0.34473687,0.058121867,0.191182,-0.266322,-0.1280242
O53664,-0.10144746,0.04442154,0.20602733,-0.061449148,-0.3684094,0.33166397,-0.7639184,-0.08300105,0.18993749,0.39913666,-0.20203818,0.12252754,0.11813915,-0.14734602,-0.11871797,-0.20686245,-0.17384802,-0.1369164,-0.07620683,-0.65523523,0.34062588,-0.4908064,-0.30488455,0.2467333,0.12416066,0.0063119773,-0.3227779,0.057357132,0.40435234,0.24712671,-0.127398,0.23673998
P0A937,-0.1709404,0.061836258,0.4953368,0.14183235,-0.039673064,-0.06887156,-0.3435198,-0.3626836,0.05211122,0.53040844,0.31546357,-0.2063039,0.39701873,0.07648527,0.059203528,-0.17262647,0.0029259026,-0.06902351,0.08999327,-0.5427875,0.17094545,-0.18815424,0.09636924,0.08664396,-0.16167158,-0.087421514,-0.2256976,0.076894216,0.25578028,-0.024717761,-0.4043977,0.47357738
O88622,-0.29939938,-0.07476783,-0.002402939,0.011044061,0.13117605,-0.11921476,0.5367365,0.5292607,0.091690764,0.035756335,-0.60254425,-0.51223034,-0.18607801,-0.21200725,-0.089388855,0.12422195,-0.1936392,0.26609212,-0.23958862,0.2743405,0.12564315,0.049989298,0.033549603,0.23977558,-0.5158111,-0.21606643,0.2185041,0.10444954,0.13058947,0.008690992,0.6250885,-0.44951847
P63208,0.14044745,-0.034688614,0.027863674,0.3136223,0.27647474,-0.15687785,-0.07538877,-0.7621332,-0.062484313,-0.14813495,0.5745938,-0.07331166,0.35325867,0.29448602,0.13371891,0.038697146,0.0987014,0.13294101,0.3634774,-0.045414813,-0.15449437,0.008400902,-0.13431041,-0.0033946186,0.13929178,0.14405458,0.04347816,-0.039640486,-0.047716573,-0.051750142,-0.11662075,0.22337203
O00212,0.2732302,-0.028628908,-0.2818552,0.3337065,0.025709238,0.10197589,-0.116763346,-0.35071632,0.060186457,-0.25688833,0.20282324,-0.011145271,0.060343117,0.21119931,-0.014473744,-0.066773,0.23667374,0.19616753,0.14067805,-0.2650714,-0.02842557,-0.18191972,-0.1208228,-0.041529357,-0.0075207204,0.088342406,-0.25087008,0.08125189,-0.08482321,-0.06950239,0.0095548965,0.20006253
O00499,-0.12534831,0.122586206,0.28119737,0.3476721,-0.31556335,-0.048186295,0.5267958,-0.3547842,0.4441569,-0.2781673,-0.3513038,-0.07214911,-0.3774417,-0.17933373,0.04208257,0.23310275,-0.2185206,0.37901095,-0.08623091,0.39094853,0.2146341,-0.0027069747,-0.072681054,0.22820143,-0.2535541,0.051899828,0.35579944,0.093514726,0.13500606,-0.06847651,0.2733601,0.12200983
Q8WWY3,-0.31991428,-0.24164662,0.17158172,0.10401978,-0.2927526,0.21721786,0.06515601,-0.46066833,0.15385164,0.069911346,0.25033423,0.08173999,0.24034387,0.08164742,0.33414412,0.17023957,0.07816003,0.027919136,0.053937495,0.23832576,0.037582617,-0.028419763,-0.22041169,-0.15192793,0.34249336,0.33593813,0.41751325,-0.38821825,0.20904279,0.020464065,0.022031117,0.07302594
Q4A9M4,-0.17220843,-0.10799873,0.0062511787,-0.066250734,-0.5601964,0.39695492,-0.4806006,-0.18954383,-0.18106544,0.21411163,0.024692077,0.054828927,-0.042311847,-0.23484659,0.107634865,-0.23981452,-0.028983817,-0.011129744,0.25455686,-0.5129936,0.1898335,-0.34182638,-0.30937296,0.18361485,0.2156079,0.13548242,-0.24446192,0.44499543,0.30209577,0.14689496,-0.104117766,0.03546349
P08244,0.20594282,0.01921589,-0.14426589,0.041366547,-0.39815974,0.27709237,-0.602628,-0.54946446,-0.15287036,-0.147347,0.08443959,0.0148486495,0.16941118,-0.09521047,-0.09268047,-0.0899207,0.15735702,-0.005586982,0.02735506,-0.4306844,0.0076226583,-0.28905046,-0.39443535,0.15031138,0.17959316,0.24384455,-0.18326974,0.25290784,0.050612267,0.27262124,-0.11996828,0.10656169
P44324,-0.25486466,-0.038543537,-0.118297376,0.017165659,-0.5393688,0.18935397,-0.4463808,-0.47596604,-0.01649401,0.25730622,0.31763673,0.06524156,-0.24748951,-0.3601057,0.09303991,-0.1612274,0.04075507,0.36125416,0.44131154,-0.08161244,-0.06422513,-0.012383118,-0.16257948,-0.06212668,0.38651854,0.2378855,0.0123890415,0.6006353,0.09675722,0.22001128,-0.42606202,-0.036842246
P09616,-0.22289692,0.044217154,0.44137818,-0.28801116,-0.097937986,0.03416414,-0.4820791,0.73536366,0.0964564,0.57256347,-0.2160214,-0.22065544,0.2518475,-0.21081412,-0.23989159,-0.28534976,0.28625995,0.051840782,-0.33082432,-0.70975685,-0.19294673,-0.74861133,0.093604624,-0.096986756,0.26800656,-0.15369847,-0.41951534,-0.06564435,0.3389225,0.62037027,0.26420644,-0.27672884
O70624,-0.12688543,0.174655,0.30329344,-0.005523538,-0.17638215,0.111343175,0.2292555,-0.089167066,0.330313,0.33493197,0.04631749,-0.15029554,0.0004747212,0.048177592,0.112766154,-0.14222762,-0.1119563,0.15428454,-0.17586556,-0.07360707,-0.023116402,-0.09762342,0.051928908,-0.13310732,0.101477414,-0.08124405,-0.16648802,0.0043563545,0.3311087,0.113812305,-0.019721437,0.065665945
O73790,-0.054948956,-0.14592364,-0.13258588,-0.02990988,-0.3844142,0.3150845,-0.12446508,-0.29063687,0.088023774,0.11253464,0.0034060217,-0.05919893,0.116030306,0.0673644,0.20528665,-0.13404402,-0.05422759,0.041174818,0.1487396,-0.27174318,0.108910315,-0.28278664,-0.20233655,-0.0021857023,0.017016768,0.12543397,-0.23192602,0.22717626,0.1395725,0.06612903,-0.13402635,0.012275357
P14069,0.2430302,0.21566598,0.2572588,0.13945548,0.35578376,-0.15984488,-0.16667229,-0.6988713,-0.3040518,0.061869487,0.6584057,-0.16710074,0.32557952,0.31190604,0.0115714595,-0.05028093,-0.01904329,0.08527414,0.21979952,-0.23442698,-0.3140053,-0.10668878,-0.16181709,0.21895316,0.32897806,0.12681535,-0.20593151,-0.008097783,0.04842309,-0.08647851,-0.029848889,0.32428455
A7KAX9,0.05364348,-0.035137117,0.06845222,0.17361198,0.05561066,0.3535919,0.03374982,0.11941411,0.16830748,0.09455672,0.103347614,-0.058860037,0.09134573,-0.098549865,-0.22231254,-0.09011781,0.16652784,0.32375172,0.25246495,-0.1254779,-0.10086877,-0.19361827,-0.09648891,0.023709431,0.34006047,-0.1199668,-0.057958476,-0.054671824,0.060756303,0.11301952,0.3124783,-0.10631201
O95835,-0.11712586,-0.07487306,0.10707595,0.26676768,0.038389828,-0.145442,0.5768285,0.3553091,0.21500346,-0.16137761,-0.6288987,-0.47397548,-0.2675899,-0.23903188,-0.09441453,0.2297807,-0.21658258,0.2074992,-0.27971643,0.3306054,0.24394314,0.108046055,-0.0032489933,0.24882421,-0.6107077,-0.22798696,0.3606799,0.028963715,0.03743173,-0.10263766,0.509824,-0.2629815
P62081,0.033593625,-0.17678407,0.22975957,0.14374393,-0.07819387,-0.29938418,-0.2547579,-0.5296605,0.040684145,0.099138096,0.43025267,-0.22646351,0.40549076,0.3274865,0.2682344,0.14240858,0.008623496,0.14023452,0.18273449,-0.20222983,-0.15722772,-0.22483264,-0.28547382,-0.37522066,0.0019525886,0.16837725,0.0117383,-0.012321025,0.10531348,0.3592032,-0.49554595,0.001430979
O46043,-0.10853638,-0.020006642,0.0960138,-0.15760607,-0.13588552,0.33661258,-0.08242357,-0.17680135,0.135838,0.3986836,0.2699172,-0.0078042895,0.24915433,-0.091710486,-0.13531923,0.19463831,-0.013688624,-0.09201906,0.3434421,-0.034642555,-0.07181761,0.036448643,-0.35219508,-0.26785982,0.49640876,-0.059728436,0.123190284,0.18764453,0.41246253,0.27529562,-0.29233176,-0.436603
P01258,-0.31038952,-0.4930297,0.6273413,0.40559602,-0.025744487,0.08593564,0.33617637,0.010407545,-0.4553483,0.33634603,0.20800863,0.15251157,0.1042918,-0.09686177,0.3036054,-0.20981362,0.36533314,-0.33418167,-0.5046624,-0.18026051,0.27325156,0.12808956,0.26628885,0.34251368,0.014666781,0.0969493,0.2652391,-0.091403306,0.20431635,-0.6575105,0.18857484,0.67022324
O14879,0.182828,0.08449629,0.10714548,0.10095266,0.09994534,0.10139918,-0.22396834,0.09426393,0.1846876,-0.15785894,-0.09089622,0.13451357,0.001049757,-0.26082253,-0.29861537,-0.27648234,0.33674276,0.33447477,-0.047494456,-0.109347366,-0.27246484,-0.4946891,0.12778336,0.14890392,0.5619361,0.07937045,-0.18127805,0.008446187,-0.021483827,0.32822916,0.45727977,-0.027806517
I1WVY3,-0.09172716,0.053534746,-0.18420011,-0.218024,-0.17997736,0.39144275,-0.36637375,0.026478909,0.37784496,0.49880755,-0.19359426,0.012674779,0.036839858,0.07510447,-0.02763325,-0.110501766,-0.18173464,0.13038048,-0.11790405,-0.22535698,0.06424477,-0.15647888,-0.012007985,-0.06549996,0.035903797,0.033161305,-0.26108325,0.035399944,0.22548884,0.23470667,-0.17876235,-0.14699298
Q1JML5,0.05282858,0.0040450245,-0.19667897,0.04993602,-0.45333347,0.24588221,-0.43708813,-0.3352312,-0.17174594,0.20949647,0.41580433,-0.096750274,-0.3582298,-0.13499743,-0.054759108,-0.051486254,0.074202456,0.2988897,0.3576483,-0.20916918,-0.17098495,0.008792803,-0.26511008,-0.13887732,0.39052778,0.16012141,-0.20453247,0.6013706,0.09913174,0.18366666,-0.40067336,-0.17514215
P42858,-0.113916546,0.06576321,0.15868294,0.17234807,-0.23365353,0.1323811,0.016643241,-0.06413067,0.35768062,-0.15373608,-0.41684398,0.11660877,-0.14582616,-0.45119274,-0.15682971,-0.15794119,0.11824647,0.2642282,-0.09016316,0.11172871,0.20332213,-0.35780853,0.08284524,0.2160676,0.14267631,-0.01639158,0.114261664,0.18652233,0.16126019,0.115293734,0.29878554,0.1055848
Q5JFG7,-0.14727084,-0.039995566,-0.14313483,-0.021802181,-0.48274863,0.42499778,-0.6042305,-0.28361782,-0.111197785,0.16390353,-0.045248237,0.12718105,-0.046469837,-0.16292793,0.12251907,-0.23387676,-0.10822959,0.0075673684,0.24279022,-0.5452068,0.287846,-0.34695813,-0.3062358,0.29280585,0.085890695,0.16705406,-0.24819031,0.2977711,0.2081641,0.024428764,-0.052319,0.19797628
P01583,-0.103698105,-0.0068754554,0.32222462,0.077172555,0.006824922,0.056093812,0.009091347,0.4440109,0.1726941,0.5048008,-0.026754659,-0.28742772,0.32216215,-0.042738184,-0.18981019,-0.16540292,0.32903314,0.07927762,-0.42823297,-0.44840652,0.004845212,-0.22076304,0.15268308,-0.25065213,-0.05816079,-0.30128077,-0.20495924,-0.06558457,0.26394004,0.21532309,0.103431046,-0.07484108
P20783,-0.4032114,0.010946691,0.4428955,0.1705766,-0.15242714,0.12376794,0.14150572,0.06411218,0.22698024,0.54688644,0.13342893,-0.156789,0.26230097,-0.010890372,0.085954405,-0.018587112,0.14991033,-0.12776947,-0.28082684,-0.22268617,0.27421302,0.12098874,0.18638599,-0.25177848,-0.1110345,-0.19587548,0.07948681,-0.19471887,0.48432335,-0.097912125,-0.08981182,0.22047447
P46406,0.16543536,-0.06855869,-0.50130725,0.15890738,-0.27035314,0.092546314,-0.25337,-0.31327468,0.01878421,0.07450293,0.38144758,0.018307433,-0.49833286,0.2109892,0.0472529,0.08481406,0.120067134,0.24526456,0.2972701,-0.1680903,-0.08198602,-0.061267443,-0.24417582,-0.38689566,0.21849276,0.11207095,-0.2707611,0.5728936,0.06627003,-0.03940237,-0.43668523,-0.24698098
P04279,-0.36710098,0.30007407,0.24738091,-0.4125518,-0.2782025,-0.21850239,0.097628325,0.3879761,0.21817556,0.051913314,-0.43744683,-0.26761416,-0.190965,0.06585745,0.15852836,-0.106172055,0.11151637,-0.005798705,-0.6944635,-0.23355557,0.011762626,-0.6595506,0.4050934,-0.239464,-0.30442613,0.104672395,-0.26507536,0.13841562,0.33237132,0.41514453,0.36327192,-0.4464078
P13716,0.031735465,0.019307598,-0.09992499,-0.033901192,-0.45842755,0.2871944,-0.518369,-0.52077115,-0.22873044,0.032609522,0.31786224,-0.09888157,0.015272915,-0.06572721,0.017716348,-0.012310535,0.045795254,0.066594884,0.24142796,-0.28579766,-0.073502876,-0.0478552,-0.40393785,0.022639558,0.2979185,0.28261837,-0.12517545,0.35912755,0.18712142,0.30230582,-0.2542827,-0.088212654
Q9VU15,-0.36092222,-0.29780227,0.3260929,0.2966574,-0.21429105,-0.00015302002,-0.0013661683,-0.31353748,0.18517406,0.24714553,0.2834142,-0.037542395,0.3049474,0.26196903,0.3505277,0.24366233,0.06416337,0.16216633,-0.026839778,-0.025394037,0.17933275,-0.014639616,-0.07450226,-0.27027476,-0.13255893,0.17489624,0.33610615,-0.5086167,0.2007415,-0.04225556,-0.1460044,0.27523097
P27540,0.0009675175,-0.10420233,0.17013058,0.36544818,-0.078517854,0.23632091,0.1622408,0.09835487,0.2356698,-0.008637577,-0.030224238,-0.072145745,-0.013395339,-0.030412532,-0.07273578,-0.03414038,0.13691482,0.42794502,-0.057158507,-0.010129422,0.014864336,-0.11513282,-0.13183527,0.03681591,0.12501483,-0.020735571,0.023697667,-0.21561077,0.094427444,0.029743189,0.2723888,0.19943623
P01731,-0.053967625,-0.14178291,0.28381497,0.28180084,-0.12523358,0.08644003,0.13856035,0.08955722,0.13492647,0.2995292,-0.21541198,-0.0145483315,0.066875696,-0.07635303,0.104171924,-0.324671,0.08197191,0.017655358,-0.55145204,-0.18918505,0.22042085,-0.17953022,0.24240234,0.09294981,-0.26614535,-0.10523302,-0.16466758,-0.026991472,0.13828796,-0.20997618,0.025155123,0.38925606
P17710,-0.032555863,-0.09342611,-0.20236436,0.05887925,-0.099300556,0.2699672,0.23406878,-0.27837363,0.29607683,0.044687025,0.18806584,-0.048089914,0.0039000958,0.08533437,-0.006844029,0.08910623,0.0122021735,0.12549686,0.44758576,0.14245494,-0.014060528,0.10179138,-0.061663147,-0.27334136,0.19169505,0.004552627,-0.03176284,0.3772685,0.19681594,0.041504253,-0.18769357,-0.33421487
O95238,0.15423541,-0.012256846,0.21102002,0.49158698,0.02557465,0.091691524,0.3923118,-0.038640656,0.21893686,0.014523894,0.13586876,-0.26567128,0.17459708,-0.21184465,-0.22878474,0.048370853,0.3720693,0.30724096,0.06926985,-0.06585535,-0.00957827,0.02000308,-0.090984955,-0.0973358,0.11158794,-0.34845725,0.05788596,0.10780366,0.030469868,-0.03888732,0.06877357,0.09473801
O43613,0.10922177,-0.06840423,-0.083621286,0.2606157,-0.087384105,0.24789906,-0.07425518,-0.28693977,0.15254071,-0.19602743,-0.084137514,0.19041133,-0.012687534,-0.2282069,0.03645464,-0.34934047,0.095493175,0.20000413,0.08907151,0.05609055,0.04082752,-0.3739146,-0.01928011,0.21812353,0.28213698,0.1504421,-0.09561125,0.10051702,-0.10655732,-0.104691155,0.17935541,0.27963766
P09201,0.04489483,-0.042801782,-0.049412616,-0.054302134,-0.32281786,0.32492915,-0.18640083,-0.2607487,0.011482897,0.19954605,0.14690866,-0.105816886,0.07801139,0.059670977,0.10423147,0.044605754,-0.09747706,-0.020761505,0.2800808,-0.32291025,0.040264044,-0.12221757,-0.32586223,-0.087657854,0.17316131,0.029244209,-0.20047176,0.31428313,0.2551801,0.1541844,-0.27944428,-0.15653795
P02789,0.004550606,-0.088897094,-0.011697255,-0.10767002,-0.15553282,0.459626,-0.22251284,-0.11299769,0.11066548,0.24152534,0.05783098,0.0656496,0.18199015,-0.08942854,-0.113484204,6.7308545e-05,-0.09480895,-0.040324442,0.33016342,-0.18693641,0.02950291,-0.1415295,-0.27852517,-0.0041127056,0.3709755,0.006120259,-0.065164275,0.18141298,0.25814307,0.19556876,-0.09608874,-0.26637647
P32325,-0.2717116,-0.011868343,0.20367455,-0.049039535,0.17228492,-0.13390237,0.28033128,0.6580768,0.03373329,0.15991813,-0.21033089,-0.28134376,-0.09293537,-0.12082664,-0.0132722035,-0.16503939,0.19372022,0.29744422,-0.082862884,-0.073744714,-0.16316397,-0.36382762,0.20345837,0.042524375,0.12740646,-0.08228887,-0.18638238,0.049939975,0.3001451,0.23291789,0.6929533,-0.3707357
Q9BWF3,0.12918667,0.023337781,0.08227668,0.2953054,0.11972545,-0.004304845,0.12186822,0.29162657,0.06001774,-0.00450629,-0.031040858,-0.13739128,-0.078450516,-0.1192302,-0.102523945,-0.2632451,0.35187292,0.47937703,-0.091613576,-0.22731291,-0.1744638,-0.38890743,0.08615114,0.043140218,0.17551406,-0.15305808,-0.24790153,0.04002233,-0.01710049,0.08512523,0.441449,0.08353594
Q9NPD3,-0.1159821,-0.037207663,0.06101332,-0.013954429,-0.39658922,0.07651538,-0.39296904,-0.28511837,-0.020440374,0.32313374,0.13522905,-0.1468598,0.05742526,0.06688904,0.24880129,-0.15612513,-0.16275601,0.10530947,0.19109085,-0.5269741,0.08817523,-0.29440165,-0.23952943,-0.018660337,-0.07316006,0.08870036,-0.34482303,0.3424356,0.24547622,0.20464787,-0.34896994,0.10063708
P16860,-0.41913974,-0.25983864,0.55658877,0.15961055,0.13246162,-0.18878394,0.19472146,0.3415442,-0.46836546,0.5352483,0.12848133,0.043885604,-0.008862466,0.038565017,0.1465671,-0.24882916,0.46325558,-0.36784652,-0.7473262,-0.3181878,0.16892093,-0.015525624,0.4563452,0.19440265,-0.1488124,0.08742925,0.0021867827,0.040860727,0.4438188,-0.4828778,0.25336465,0.3741809
A9M296,0.077977285,-0.18656307,-0.75588137,0.1364511,-0.045267668,0.20134613,-0.1345631,-0.31119397,0.29895744,-0.07129115,0.091305286,0.27410907,-0.46594715,0.2527681,0.13623881,-0.17852959,-0.025169238,0.28291523,0.3506958,0.16238658,-0.0091582695,-0.057393774,0.16869488,-0.24718066,0.04343897,0.2673479,-0.305385,0.478638,-0.08152648,-0.17938103,-0.25545847,-0.17897865
P05129,0.095767245,-0.031148061,-0.30225697,0.12922911,0.15229683,0.38978186,0.029304266,0.0077930167,0.4939725,0.114824444,0.056729484,0.046604484,-0.12040674,0.25269297,-0.22482479,0.09097615,0.03640127,0.47221226,0.22430658,0.10953678,-0.10739076,0.14629738,0.062386256,-0.18982176,0.10053636,-0.058977522,-0.04892046,-0.09369248,0.054215595,0.11292938,0.01586258,-0.19370867
P55084,-0.23307791,-0.13945666,-0.22845608,-0.006374227,-0.5197593,0.33904693,-0.1311126,-0.34704715,0.12262348,0.12541819,-0.034550067,0.010627747,-0.03917533,-0.024226248,0.24046946,-0.1481278,-0.025962606,0.16141614,0.23323801,-0.21967198,0.20433982,-0.22909075,-0.16239858,0.022831544,-0.0636877,0.1717633,-0.15409806,0.35332584,0.14584251,-0.007929629,-0.16268441,0.073790565
P57086,0.0104255825,-0.18227619,0.30318514,0.7131886,-0.14747779,-0.06290994,0.32477665,0.009643666,0.088234626,0.11253605,-0.1077607,-0.24935184,-0.095959425,-0.36862496,0.05322071,0.15497033,0.29893735,-0.012337156,-0.26290223,-0.055339754,0.4234707,0.2742731,0.20277041,0.019076884,-0.28390694,-0.34666142,0.40554306,0.06620355,-0.028033696,-0.54754496,-0.06440964,0.43460315
P17741,-0.12792052,0.00787577,0.28713,0.63795644,-0.046490517,-0.32429823,0.18651664,-0.73413527,0.19417822,-0.117090166,0.48116162,0.08294636,-0.08527295,-0.007845685,0.2665174,0.12052268,0.21076928,0.5287758,0.2615949,-0.010033973,0.016939953,0.0030304343,0.08691864,0.0012013465,-0.02622591,0.064547636,0.27763814,-0.0376696,-0.18742773,-0.2792861,-0.117480785,0.6630505
Q8BH75,-0.020046175,0.35731858,0.25718167,0.17176731,0.22801746,-0.12508422,-0.053255863,0.05340918,0.052389212,0.13227385,0.29655254,-0.12315573,-0.080435574,0.06298155,-0.0029580966,-0.18688428,0.0683262,0.22710884,0.15487403,-0.29234213,-0.15489636,-0.25687295,0.1222323,-0.02640447,0.3103078,-0.050298683,-0.32851475,0.031002834,0.2889632,0.05290475,0.29789647,0.07129465
P10398,-0.10116467,0.11521974,-0.035587423,0.27019495,-0.043886308,0.33709383,-0.0018025041,0.22289807,0.35988137,0.16778989,-0.1991462,0.005449891,-0.16883346,-0.109892026,-0.26728636,0.0070420504,0.10126906,0.5216973,0.17797434,-0.25798064,0.16670577,-0.116997465,-0.06049872,0.12299173,-0.14675426,-0.2163596,-0.08566598,0.0024327487,0.19053635,0.0401582,0.25067455,0.10523124
P9WQP1,0.14227398,-0.0076904595,0.063838944,-0.039864413,-0.4123383,0.4668024,-0.5555924,-0.222554,0.012695524,0.09428859,-0.04746547,0.028981239,0.20900047,-0.17472538,-0.20626432,0.040452436,0.1041577,-0.18045378,-0.026540384,-0.43385667,0.14269465,-0.29927766,-0.50522894,0.05960948,0.34548342,0.059859566,-0.07241144,0.09347429,0.29036722,0.34623587,-0.094842255,-0.06809157
Q6Q3I2,-0.13738742,-0.1155003,-0.2086137,-0.0707957,-0.6201074,0.3617308,-0.38253188,-0.42491907,-0.058936525,0.18625289,0.21811341,-0.029258087,-0.18903598,-0.14556989,0.14460441,-0.014392257,0.040128745,0.2546352,0.31029165,-0.097733036,-0.040155508,-0.037500218,-0.2913263,-0.08130331,0.30877626,0.29537186,-0.029970355,0.47433296,0.13882133,0.2420508,-0.38941047,-0.16724731
Q6PDN3,-0.02115333,0.10060795,-0.004597649,0.20346156,-0.24536198,0.14205141,0.22604233,0.08173599,0.5083824,0.15318564,-0.50917464,-0.18307193,-0.25571594,-0.061058007,-0.11627216,0.004551381,-0.14161004,0.5755109,-0.40108716,0.01167535,0.1469539,-0.08676353,-0.0033563264,0.10224297,-0.50125957,-0.18426126,-0.09153616,0.039687358,0.07340169,0.104835674,0.07352665,0.074156895
P0CX45,-0.2677896,0.2580264,0.14777589,0.039922006,0.008193087,-0.12400922,-0.14494936,-0.204829,0.2946612,0.55644304,0.44621924,-0.038291305,-0.104766026,0.13438442,0.24363956,0.23306009,-0.2881372,0.020919465,0.49348384,-0.26849997,0.12266565,0.12617697,-0.10309905,-0.49579793,0.171499,-0.20166391,0.038825653,0.19822118,0.50013053,0.067655906,-0.47487307,-0.19030158
G4VKD9,0.28186816,0.16911227,-0.14456332,0.08202726,0.0076753013,0.05514328,-0.37074888,-0.43354708,-0.053109318,0.018421322,0.3398012,-0.12467708,0.04167533,0.33869672,0.04397925,0.16449788,-0.14491117,-0.00017694384,0.30771697,-0.46951175,-0.031119272,-0.020646632,-0.35745293,-0.091399625,0.07154481,0.02485018,-0.28952146,0.19553432,0.21257749,0.12906647,-0.26016825,-0.045845527
P67809,-0.01606822,-0.24923742,0.21670586,0.64957666,-0.28918394,-0.12220399,0.31825194,0.16590667,0.21767306,0.015651971,-0.35097435,-0.33122933,-0.269041,-0.24028644,0.14931205,0.23880573,0.0841182,-0.035571694,-0.50846756,0.023737833,0.48371348,0.18580677,0.06885581,-0.005524799,-0.51775014,-0.19183788,0.40269718,-0.09458768,-0.03683828,-0.42067152,0.07051349,0.2323363
P20443,0.04519652,-0.12623827,0.04351134,-0.20312276,-0.24129643,0.2574139,-0.17533703,0.0063279048,0.47886083,0.48528016,-0.10588281,-0.090320125,0.3294223,0.18279266,-0.02378428,0.091267094,0.02600199,0.17547134,-0.45189798,-0.07017884,-0.17670746,-0.22841808,-0.19112173,-0.41001803,0.1292639,0.011052305,-0.06222967,-0.30202183,0.13395637,0.48583937,-0.35694677,-0.20762487
Q96Q45,-0.019251868,-0.13180262,0.26595956,0.2480447,-0.06370716,-0.107412696,0.44666278,0.18738621,0.07154104,-0.03540781,-0.311107,-0.18571134,-0.1198696,-0.120047554,0.15973741,-0.16311964,0.064373985,-0.0566129,-0.5700408,0.11510466,0.18963613,-0.08828758,0.20404227,0.11262543,-0.14252537,-0.044829503,0.016702883,0.06588355,0.20461357,-0.1772137,0.32901654,0.10003005
P15812,0.024260804,-0.05097097,0.16719034,0.086264126,-0.105039895,0.17869076,0.031742066,-0.04002694,0.2135195,0.22413023,-0.15669702,0.0067985207,0.078285515,-0.06264554,0.07087431,-0.3990468,-0.053196967,0.20309702,-0.1724263,-0.17180124,0.01812946,-0.4094664,0.032481547,0.16389665,0.00782375,-0.03498894,-0.32054132,0.08552366,0.0847449,0.044260185,0.037329715,0.22565606
P21333,0.18806116,-0.035113856,-0.35270825,0.047165386,-0.022158254,0.4814475,-0.21672913,-0.2556027,0.3192996,-0.052656487,0.03450631,0.14236462,0.076648116,0.14974397,-0.15140793,0.055358276,0.06859236,0.14403418,0.1896418,-0.05037827,-0.012257566,-0.0654856,-0.1689161,-0.034319207,0.21764316,0.10824553,-0.07841105,-0.088961065,0.015019141,0.10000833,0.0041799806,-0.08997695
Q10838,0.20075192,0.016610764,0.09868679,0.18090504,-0.006887231,0.07435855,-0.65661997,-0.29895458,-0.12413367,0.08356011,0.106980085,-0.022411898,0.30315417,0.026705556,-0.08964426,-0.22391722,-0.022654861,-0.05680745,0.15526298,-0.67279845,0.1315802,-0.44471198,-0.23969287,0.27065262,-0.030872434,0.047184445,-0.38084608,0.12937477,0.09311747,0.10361115,-0.08948621,0.29706597
P13598,0.027333394,-0.04025948,0.27124298,0.054105043,-0.11109215,0.14056677,-0.14624517,-0.02472315,0.29784384,0.49050206,-0.19553943,-0.031853214,0.19460201,0.00027808547,-0.041013025,-0.41181365,-0.06840028,0.16641703,-0.44201148,-0.32413214,0.05694044,-0.39254588,0.1168392,0.13414656,-0.214679,-0.09648982,-0.40419605,0.041299723,0.08444902,0.10333524,-0.21949065,0.31786755
Q9H8X2,-0.0018857121,-0.11295354,0.29109463,-0.054373562,-0.038822103,0.35703817,-0.30176032,0.21417186,0.14988422,0.32770285,-0.03230321,-0.003891766,0.35178536,-0.21949983,-0.20652464,-0.113270015,0.012036301,-0.1061806,0.0904104,-0.2529071,0.0035288697,-0.3763476,-0.19798923,-0.019754633,0.5162114,-0.068015434,-0.056200244,-0.10798019,0.26161653,0.30573994,0.14234853,-0.22656651
O64470,-0.114652626,-0.11656518,-0.027698077,-0.08774015,-0.41987407,0.5250553,-0.4580742,-0.1707149,-0.025045004,0.17797352,-0.088963464,0.13125011,0.090664685,-0.16039199,0.041854896,-0.16983977,-0.102018446,-0.07164257,0.20245469,-0.36737287,0.20450741,-0.33003467,-0.34495866,0.22110204,0.22974025,0.1618551,-0.13769236,0.16400218,0.26833564,0.14089394,-0.008336473,0.00063525885
P0CG48,0.33543545,0.32880312,-0.6604703,0.40778348,0.39604256,-0.34083077,-0.14053652,-0.26033565,0.45495367,-0.31027836,0.1882552,0.37114924,-0.72899973,0.45152017,-0.081918865,0.1180628,0.06156434,0.6587202,0.19835499,-0.035046875,-0.24634318,-0.046255946,0.29894456,-0.35778332,-0.17474285,0.099385306,-0.31922683,0.2622462,-0.14529684,-0.07411935,-0.10123779,-0.10510169
P02309,-0.41239727,-0.38348806,0.15578133,0.42266142,-0.0809522,-0.28638595,0.06627217,-0.82924527,-0.15959543,0.06328784,0.61612844,0.06371021,0.10740918,0.41410413,0.55493635,0.20894904,0.07023482,0.19347759,0.2622329,-0.025959462,0.13424219,0.121441394,0.02510504,-0.0044980496,-0.30059707,0.40745386,0.30395454,-0.03964722,-0.002644956,-0.3936866,-0.25895017,0.49080342
Q8XDH4,-0.10645056,-0.019169867,0.02534198,-0.0606774,-0.51346964,0.26988724,-0.3647142,-0.24677333,-0.051186148,0.33368897,0.14468831,-0.10739444,-0.042317033,-0.060126282,0.14834279,0.007028088,-0.09299396,0.08733947,0.2887025,-0.45271182,0.08314062,-0.18037432,-0.369568,-0.04864025,0.13565461,0.058738075,-0.21464473,0.43157187,0.31181404,0.21855077,-0.38177505,-0.06554881
O00253,-0.21163332,-0.0818086,0.40274283,0.36929202,0.08104418,0.05815868,0.22731239,0.13248491,-0.09751873,0.46054515,0.1912592,-0.1263423,0.20981413,-0.20360947,0.040512048,-0.11851674,0.39400542,-0.20843768,-0.26380238,-0.20932233,0.23672427,0.21085022,0.2885071,-0.063874006,0.014009833,-0.26901624,0.1263445,0.028921545,0.3366574,-0.36700535,-0.010069687,0.3095878
P24228,-0.17729837,-0.090703115,0.019036137,-0.08459676,-0.49546435,0.4150399,-0.46896186,-0.14107555,-0.054012727,0.26972097,-0.0792322,0.080319256,0.031084284,-0.18708968,0.08502852,-0.23043361,-0.09740637,-0.046413727,0.18553919,-0.5235671,0.23866515,-0.38414943,-0.30373132,0.20755056,0.13894649,0.0983242,-0.25672305,0.32145524,0.3207503,0.14192349,-0.07661566,0.054949936
P12271,0.053825453,-0.018989183,-0.020611547,0.06267534,-0.045384143,0.28565198,-0.308474,-0.30449107,-0.14227405,-0.048633948,0.18152027,0.051060304,0.21167892,-0.06324314,0.01802972,-0.23578584,-0.057801917,-0.08696195,0.36364442,-0.2832807,0.04898673,-0.3168108,-0.21505272,0.20752619,0.30675256,0.13351941,-0.18897381,0.107796624,0.12773082,0.0002927878,0.19649509,0.029586483
E6J203,0.14271386,0.04250852,-0.095098935,0.043319963,-0.53855085,0.22618899,-0.67126757,-0.52324086,-0.2187363,-0.07657376,0.19306615,-0.07964684,0.0075562447,-0.1485036,-0.07723835,-0.07507336,0.17270982,0.07089568,0.10572827,-0.4617107,-0.045755066,-0.1963915,-0.39319968,0.05758655,0.20788176,0.26720726,-0.21154058,0.4289627,0.10864693,0.36053503,-0.27119586,0.058216173
P37282,-0.3203025,-0.12528196,-0.3091461,0.06622322,-0.5292745,0.05786787,-0.2917553,-0.5171091,0.1524728,0.22107059,0.28340316,0.122991115,-0.39328358,-0.2566052,0.18381295,-0.24574926,0.09307886,0.5111759,0.3922915,0.09009445,-0.077339195,-0.06435269,0.03804868,-0.22275834,0.24071692,0.28238216,-0.01729349,0.69297457,-0.023876026,0.11060266,-0.49995565,-0.021908622
O89093,-0.21821515,0.051532403,0.52017003,0.30836293,0.0996988,-0.09909223,-0.08729282,-0.3798272,-0.14438018,0.5335007,0.51292104,-0.15215507,0.27530375,0.021876015,0.051623814,-0.139779,0.13799268,0.007526152,0.14227563,-0.45894474,0.12417457,0.029362693,0.15093444,0.14290176,-0.03821089,-0.14990798,-0.06990316,0.1377358,0.22784936,-0.30721745,-0.25586683,0.5924549
O53585,-0.087850705,-0.088738814,0.08357948,-0.17719853,-0.34522235,0.5639503,-0.6198001,0.057211675,0.07759871,0.27080733,-0.275396,0.22170198,0.11267114,-0.2877532,-0.16850361,-0.26938012,-0.07151036,-0.14302978,-0.024508879,-0.38722366,0.18519627,-0.444048,-0.29288074,0.25099993,0.34695256,0.116001956,-0.17782316,0.08934417,0.34638456,0.33648205,0.07615474,-0.08126938
Q15024,-0.010002211,-0.0654982,0.011559546,-0.085409224,-0.33559275,0.22949567,-0.24590063,-0.27116197,0.06732532,0.26679116,0.052487615,-0.14227955,0.18681854,0.11616301,0.2028054,-0.11881256,-0.14424886,0.003538914,0.06580639,-0.37437516,0.05663174,-0.28378683,-0.23670357,-0.03317009,0.0027219206,0.07443078,-0.3041328,0.17883945,0.19986123,0.18356064,-0.26161447,0.012216764
P27635,-0.20663793,-0.06553367,0.24081364,0.086258866,-0.15472843,-0.30691203,-0.25454295,-0.29035804,0.15784995,0.43603086,0.53370416,-0.12633333,0.033025727,0.19539925,0.27225894,0.2942351,-0.13103335,0.11139618,0.40789115,-0.24783559,-0.022875573,-0.07387769,-0.27799684,-0.6252591,0.18516989,-0.016287496,0.13000849,0.17160913,0.36673933,0.2957377,-0.62293637,-0.24912336
A0A1C7D1B7,0.18880944,-0.07144448,-0.22709852,-0.09609978,-0.263171,0.4685758,-0.31109866,-0.38279727,0.033898268,-0.017330825,0.07771671,0.027725518,0.15961936,0.06692185,-0.021128178,0.02603963,-0.0049767867,-0.04024353,0.13441348,-0.17873654,-0.026774067,-0.11872122,-0.3261656,0.0051041096,0.28962678,0.17837106,-0.1148291,0.12156791,0.105968736,0.22069794,-0.11354557,-0.18600851
P11980,-0.0031860173,-0.17809114,-0.521248,-0.02798845,-0.37967873,0.40424857,-0.21778224,-0.46336105,0.14927599,-0.010016054,0.141491,0.10445699,-0.20863883,0.0745584,0.14531437,-0.044958785,0.049499564,0.20432997,0.2912491,0.11578916,-0.02626456,0.027122319,-0.086497456,-0.17449628,0.21848704,0.320689,-0.078285195,0.4031464,0.007810645,0.069088414,-0.32318166,-0.2090721
Q24314,0.14771779,-0.0641052,0.17796071,-0.11387766,-0.05210047,0.38957217,-0.5382019,0.3084808,0.19904542,0.3499671,-0.24067393,0.016308725,0.23821718,-0.09241987,-0.25660855,-0.23913464,-0.028905809,0.0791455,-0.28227144,-0.36416185,-0.10597045,-0.49022305,-0.1603313,0.119280845,0.33184046,0.02688226,-0.30060193,-0.25634596,0.13261229,0.44590062,0.13932358,-0.076978266
P13489,0.19314905,0.12465033,-0.41269055,-0.13503686,-0.25048104,0.56708944,-0.8882309,-0.37049124,0.045883685,-0.05914575,-0.21304233,0.40779853,-0.09350294,-0.25620764,-0.3316329,-0.21680751,0.13387209,0.13845979,-0.1119523,-0.20283756,-0.011348908,-0.29501495,-0.21095896,0.29685688,0.3896832,0.29709265,-0.07345427,0.10872875,-0.050618507,0.2896254,0.08036013,-0.009325165
O60826,-0.20218354,0.019839369,0.3447591,0.08169178,-0.053908203,-0.024791814,0.29132998,-0.002903469,0.03225103,-0.11093125,-0.045954835,0.11276536,-0.3216124,0.13698655,0.34435257,-0.07444373,-0.0693077,0.111346215,-0.26608336,0.09595089,-0.014298835,-0.25666112,0.14674643,0.28664678,0.18756144,0.37296942,-0.03697764,-0.21355364,0.27742648,-0.07532245,0.6248013,0.1277556
F5HF68,-0.38184184,0.12294477,0.39744887,0.0048515555,0.09839466,-0.027973592,-0.11788121,0.80488425,0.19577035,0.42880866,0.00079320744,-0.1498171,0.05275482,-0.20480303,-0.23084462,-0.024035633,0.38102967,0.1837911,0.06728649,-0.52032435,-0.05304577,-0.39018613,0.13678558,-0.20624717,0.29363894,-0.24794379,-0.17480257,-0.08693543,0.48884052,0.38235584,0.4803445,-0.33575958
O55038,-0.0941183,-0.087773174,0.47745517,0.41840684,0.06157023,-0.008727532,-0.084838584,-0.22695327,-0.14434077,0.43257865,0.3457991,-0.10798609,0.35295868,-0.12245698,0.00045661628,-0.15560511,0.32172176,-0.05084797,-0.014719695,-0.498097,0.19271992,-0.027660355,0.16659696,0.1133202,-0.04817187,-0.2308,0.0041463748,0.09800603,0.10795189,-0.3228621,-0.21504317,0.5932935
O75175,-0.06498739,0.106285125,0.25721264,0.4329054,-0.24403243,-0.16052452,0.61885077,-0.2573289,0.5211214,-0.32101718,-0.45977235,-0.21445408,-0.41622442,-0.21620247,-0.12204021,0.38357493,-0.27409834,0.45549414,-0.11295532,0.44081098,0.21444485,0.07771924,-0.10223831,0.2283796,-0.53045255,-0.079056785,0.45568752,0.0833787,-0.003782142,-0.079825655,0.2376782,0.047452237
O89050,0.22845311,0.02093187,-0.20873407,-0.17990562,0.1534655,0.43716356,-0.32727453,-0.09997732,0.3626387,0.3181957,-0.034306254,0.042362005,0.2502878,0.13543662,-0.16154613,-0.058014423,-0.14123945,0.119067736,-0.061285496,0.010044917,-0.20424803,-0.011515185,-0.041019645,-0.06500043,0.3213197,0.009322928,-0.15048644,-0.18034688,0.02365975,0.29675323,-0.14509346,-0.24694574
P0A894,0.1634921,0.005287431,0.028126024,0.14576828,-0.06145403,0.10790044,-0.3616436,-0.5071058,-0.111075155,-0.09687616,0.2058747,-0.07317945,0.32264417,0.07010303,0.04580649,-0.15133291,0.0009161234,-0.0052778497,0.24747244,-0.36624885,0.023376923,-0.3624459,-0.27220976,0.20836562,0.07803373,0.1546373,-0.2337527,0.066955075,0.02915579,0.057792205,-0.01332197,0.22202955
P48570,-0.008022368,-0.10575938,-0.21450227,0.031124448,-0.4121608,0.38919207,-0.28182784,-0.37791806,-0.06310629,-0.10893527,-0.031088885,0.08873278,0.068346605,-0.12835854,0.12160773,-0.24791598,0.0796103,0.03331,0.14159837,-0.28448892,0.13437258,-0.39048284,-0.24049383,0.20372169,0.15138914,0.2264003,-0.17322662,0.2131482,0.029907413,0.0071449527,0.11304766,0.12653954
P10503,0.046781346,-0.0715965,-0.25153884,0.06050411,-0.18043037,0.3687236,-0.03871329,-0.5941658,0.21831584,-0.14247224,0.18267967,0.099681005,0.19058341,-0.1698085,-0.05185231,-0.05784464,0.2185203,0.14303759,0.21995077,0.2878871,-0.13621812,-0.0010619313,-0.15012947,-0.039094314,0.45708156,0.20846385,0.15772083,0.10252323,-0.06859503,0.13131793,-0.0309987,-0.12600045
C3VPR6,0.05546467,-0.10648763,0.10222607,0.106720485,-0.03795844,0.3575305,-0.3063225,0.1693716,0.056687545,0.045632593,-0.08520964,0.11554618,0.13410243,-0.25682834,-0.2233094,-0.25067082,0.17183767,0.106094316,0.17920005,-0.30805182,0.0067291064,-0.50550914,-0.13743183,0.18531609,0.41048652,0.005722666,-0.14663526,-0.014060259,0.10634964,0.17694575,0.3617364,-0.021591503
A0A5P8PC26,-0.0058743358,-0.008274794,0.08326236,-0.019020485,-0.11410454,0.34932068,-0.07682414,-0.056275107,0.13295342,0.25358367,0.15370025,-0.03351146,0.18216681,-0.14559868,-0.17609462,0.016036108,0.014778286,-0.0098612085,0.39135593,-0.24436226,0.007228962,-0.15225779,-0.2352739,-0.087641254,0.36194545,-0.1330564,-0.085310526,0.22527514,0.26585442,0.15764265,-0.051985953,-0.24921927
Q9I9A9,0.35255545,-0.071462214,0.26339045,-0.06822392,0.030010093,0.063306704,-0.7774048,-0.21895802,0.09179192,0.48998877,-0.0058508404,-0.15315637,0.51426685,0.21856707,-0.20605224,-0.30261704,-0.12875263,0.09473308,-0.37742886,-0.527897,-0.22070731,-0.48295563,-0.15577197,0.19136615,-0.114111826,0.099933885,-0.5982627,-0.055742756,-0.026332147,0.4635554,-0.5459138,0.25163814
Q90X96,-0.13985974,-0.11473502,-0.01277066,-0.068874605,0.19882427,-0.04513435,0.52724135,0.5323316,0.006776361,0.074096896,-0.49183396,-0.48690784,-0.13102876,-0.09007111,-0.08355529,-0.06976774,-0.043458745,0.33744475,-0.26844394,0.22073714,-0.11222332,-0.08421059,0.07193741,0.25970674,-0.27762702,-0.121185295,-0.039452866,0.14493263,0.10514627,0.13056266,0.6662986,-0.450502
P01097,-0.42727673,-0.096447825,0.7847462,0.28827882,-0.1914563,-0.17128766,0.38061857,-0.68135005,-0.28814235,0.21704611,0.5155434,0.2138238,-0.08367552,0.10167947,0.46020374,-0.08773786,0.16476616,-0.08099895,-0.31686297,-0.23140278,0.17380776,-0.0055290535,0.32937607,0.38454095,-0.24039088,0.2553246,0.20774734,0.09829696,0.06369506,-0.57816195,-0.120660275,0.8359566
P09038,-0.15769617,0.22089976,0.21403456,0.2930318,-0.22618176,0.030947618,0.443016,-0.012937389,0.4874994,0.23548773,-0.16113213,-0.43054298,-0.04739085,-0.16278753,-0.23534027,0.26861185,0.035976186,0.18187949,-0.055025473,-0.06996612,0.36194047,0.25796217,0.050906014,-0.1771995,-0.4610173,-0.47234198,0.11909375,0.23588,0.35227862,-0.057650175,-0.08471602,-0.019717572
O14187,-0.57902163,-0.11991732,0.2947048,0.033542052,-0.07772416,0.1628431,0.007631421,-0.03780271,0.31002486,0.37635633,0.27818492,0.124450564,0.035051674,0.2051599,0.22700807,0.40543118,-0.15949975,0.1030254,0.19024181,0.30550706,0.10164016,0.14831315,-0.12821294,-0.32246643,0.3962,0.3037741,0.4884058,-0.55438673,0.56564796,0.091941305,0.11882347,-0.20464465
P01315,-0.23343173,-0.19322637,0.57889134,0.3934232,0.034983423,0.032568946,-0.0074509233,-0.17945203,-0.16941294,0.39808547,0.3167303,0.05705923,0.3844151,-0.21795535,0.040933095,-0.15444991,0.41592747,-0.3404749,-0.10654399,-0.368424,0.3046389,-0.014024399,0.1812156,0.08720024,0.126745,-0.16350204,0.1680822,0.03875372,0.27150995,-0.40000367,-0.110876694,0.56959915
P21980,0.02655062,0.09716663,-0.038307525,-0.19881868,0.027621772,0.3202568,-0.17487015,0.028534018,0.24784195,0.58164334,0.14892848,-0.07423335,0.07890397,0.08548843,-0.08727025,0.058210865,-0.22362544,-0.0047757253,0.18663722,-0.15099475,-0.09788167,0.05304131,-0.12350109,-0.25529712,0.33498776,-0.15346515,-0.20828167,0.18067339,0.3477993,0.21175171,-0.33546105,-0.39172828
O60241,-0.2696659,0.06420863,0.20277417,0.02630709,-0.16481799,0.09568122,0.06191194,0.3789439,0.40440008,0.35696492,-0.33504006,-0.126602,-0.054598227,-0.025689013,-0.08130437,-0.07732558,-0.0062562674,0.28995654,-0.31336156,-0.2667217,0.18640214,-0.26712132,0.10384591,-0.060279652,-0.2329571,-0.17580265,-0.15042701,-0.05396487,0.36419353,0.21023041,0.24852267,-0.07573983
D5G7U8,0.07975751,0.04404378,0.06051925,0.072170086,-0.051533435,0.2277239,-0.29617745,-0.27527952,-0.12042434,0.027609915,0.2261147,-0.028950587,0.2297864,-0.051179208,-0.012625672,-0.15318123,-0.04756695,-0.104058854,0.35171217,-0.36840713,0.032478195,-0.2719227,-0.25187206,0.108244896,0.28401792,0.03647621,-0.20299831,0.140782,0.18524411,0.057018332,0.08303158,0.005048152
O00175,-0.10132176,-0.07611841,0.4475374,0.4728201,0.044878658,-0.009659894,-0.038473703,-0.22009295,-0.119186684,0.40789926,0.34446618,-0.11705061,0.30766672,-0.158686,0.0028152391,-0.11863366,0.3361049,0.010920547,0.021112889,-0.47006214,0.21410798,0.019393235,0.16706826,0.081443444,-0.04841143,-0.2732744,0.05343613,0.10503782,0.09969703,-0.34749156,-0.19839397,0.59030783
Q63HR2,-0.054248422,-0.107776284,0.10055757,0.17708485,-0.17851275,0.44375914,-0.011660606,0.11772301,0.3123318,0.18813303,-0.07984321,-0.034193724,0.1386255,-0.09607847,-0.19220005,-0.018910393,0.14085096,0.25998873,0.10701406,-0.19696191,0.09907699,-0.21147282,-0.17052433,-0.014624089,0.10124244,-0.11015803,-0.020814613,-0.095615596,0.14315996,0.12402568,0.12551837,0.0065245666
O08838,-0.09465617,0.059419535,0.24656776,0.35110566,-0.28144896,-0.041821457,0.58972245,-0.28100303,0.4041129,-0.2833503,-0.38611862,-0.13428473,-0.36467013,-0.13649923,0.03395643,0.22409524,-0.21660773,0.3806121,-0.10168024,0.40075916,0.19854172,0.012557879,-0.09744114,0.24334556,-0.31153023,0.036804788,0.31947106,0.10426107,0.13401878,-0.07280847,0.3131607,0.069926575
P38398,-0.07005008,-0.16728878,-0.043564446,-0.040421523,0.13589454,-0.066268876,0.589828,0.461419,-0.010052384,0.0027267039,-0.56003046,-0.5312652,-0.17904063,-0.05173299,-0.016758643,-0.0682089,-0.09910466,0.26189077,-0.40907708,0.26150018,-0.05026101,-0.068810776,0.050333764,0.3077196,-0.40225166,-0.08538465,-0.018698514,0.15539634,0.040369004,0.050679576,0.6390041,-0.41369468
P23219,-0.17631522,0.07693529,0.00018448383,-0.13674866,0.08085695,0.31105772,-0.08552633,-0.27448216,0.16684338,0.36009955,0.36436746,0.06706734,0.14290476,0.042681687,-0.007896699,0.2446,-0.23792897,-0.13280791,0.5670685,0.17473046,-0.06647033,0.24846776,-0.2610454,-0.2399701,0.53767127,0.048852302,0.21686599,0.06841618,0.47305852,0.1414905,-0.21655987,-0.4746781
P00549,-0.0523301,-0.14628385,-0.47146538,-0.073858805,-0.55143744,0.5056673,-0.41832185,-0.45156062,0.013032707,0.021411106,0.047939394,0.089072585,-0.19486031,-0.026846834,0.162579,-0.11532462,0.035938166,0.18813339,0.22512609,-0.099105574,0.07128704,-0.09866807,-0.15815857,0.024367318,0.17800908,0.35151294,-0.117096014,0.35808092,0.011981092,0.067400955,-0.22499564,-0.052722517
P17244,0.16472735,-0.06752619,-0.5002355,0.15726818,-0.27666396,0.096808255,-0.25936863,-0.3141192,0.016364403,0.07685188,0.37827387,0.016951054,-0.49794352,0.20822218,0.046023004,0.084047094,0.11997822,0.24498338,0.29475397,-0.17233057,-0.079459526,-0.063497745,-0.24652293,-0.3822326,0.21721168,0.11265497,-0.27202165,0.57307243,0.06689541,-0.03902432,-0.43729782,-0.24296744
P42684,0.052813992,0.03753066,-0.25606105,0.24018013,0.0626777,0.44720897,-0.0013345033,0.025402807,0.36524546,0.023572706,0.03313217,0.04278153,-0.19940929,0.13541016,-0.23355627,0.05935833,0.062460557,0.47703305,0.3508199,-0.07549511,0.039807525,0.08791201,-0.014031772,0.010982096,0.013340965,-0.06337669,-0.08950672,-0.02478689,0.07880817,-0.013828261,0.14789411,-0.005066294
P07250,0.09143001,-0.14739943,0.16258958,0.1320241,-0.110449135,0.29283297,-0.064911395,0.09294563,0.07246539,0.13368207,0.002825249,-0.1157317,0.28705007,-0.22914404,-0.16395575,-0.20391676,0.2189007,0.08656983,0.12228292,-0.31077778,-0.023046512,-0.4201874,-0.14796284,0.010307178,0.29400897,-0.15333417,-0.14265862,0.0910892,0.048530016,0.15368193,0.16105138,-0.046196606
O75525,0.042470753,-0.1672894,0.22430146,0.53590024,-0.27420104,0.0071574748,0.5239715,-0.009258077,0.332297,-0.026293427,-0.22060198,-0.26797777,-0.1697259,-0.08219878,0.067257695,0.13654822,0.04501559,0.34682614,-0.346754,0.21043374,0.13121752,0.120436445,-0.10548353,-0.03528817,-0.24250355,-0.11135217,0.17850325,-0.097250074,0.074527875,-0.1383199,0.081224784,0.19932123
Q01217,0.08216743,-0.14164245,-0.08912816,0.02366027,-0.27869174,0.3383728,-0.117293805,-0.2954939,0.13903649,-0.01585354,-0.059087854,0.0041164905,0.2028502,-0.0055538043,0.09687943,-0.15340531,0.05248683,0.062268943,-0.031140193,-0.08704638,0.008094679,-0.38223064,-0.22724003,0.049770147,0.21039017,0.17113087,-0.13161826,-0.006649643,0.019937366,0.10057134,0.032824297,0.04316948
P21860,0.009523168,0.22554415,-0.10372222,-0.059420384,0.2883473,0.34391892,-0.14239919,-0.010126978,0.30751732,0.47589433,0.29437032,0.026015013,0.044838607,0.116377495,-0.14355545,0.1541354,-0.22229494,-0.09580047,0.3355325,0.022044368,-0.041676614,0.2896796,-0.057223815,-0.304246,0.45704204,-0.17242327,-0.003697969,-0.046518058,0.38607824,0.03319196,-0.16489841,-0.3786814
P13922,0.009716943,-0.05109392,0.076722294,0.055681966,-0.097638726,0.27025345,0.16717464,-0.055516504,0.2260944,0.20938098,0.12600346,-0.18444504,0.18313786,-0.03778,-0.08648019,-0.09280746,0.07801019,0.16794798,0.2090658,-0.12886658,-0.07290272,-0.14226535,-0.053678345,-0.13522722,0.20949931,-0.16203669,-0.13922659,0.16524577,0.12525523,0.11493218,0.008524757,-0.1590684
P24278,0.19041239,-0.13870525,0.0906791,0.3689435,0.0007256083,-0.090848535,0.5092284,0.32362857,0.12814295,-0.0124751255,-0.34632766,-0.432914,-0.15547541,-0.12737827,-0.07302465,-0.13743055,0.091252,0.36207467,-0.44013858,0.129766,-0.019027676,-0.044620186,0.0135902725,0.10021095,-0.2078701,-0.2500953,-0.09511807,0.07758975,0.024718635,-0.066382445,0.35700434,-0.0053385906
B9PW35,-0.1731205,-0.038537353,-0.16654137,0.038306884,-0.56093425,0.24513945,-0.2669874,-0.4941241,0.0982778,0.13917045,0.26709563,0.04135242,-0.09165027,-0.3269316,0.03580966,0.022463277,0.23491015,0.18934247,0.31276095,-0.032345384,-0.008069416,0.011569962,-0.24125066,-0.23482619,0.3833645,0.17315976,0.11417967,0.5111041,0.13110963,0.21601646,-0.4322249,-0.11878289
P46937,-0.03860613,-0.09994507,0.19906718,0.40994683,0.015648317,-0.14645956,0.5543756,0.31075388,0.20543823,-0.105899125,-0.4332929,-0.43125713,-0.2546311,-0.16431704,-0.079797395,0.1788639,-0.10708895,0.28093013,-0.24727872,0.273427,0.20658033,0.15756337,-0.03244472,0.17209566,-0.3996759,-0.22237062,0.28077608,-0.022712111,0.14983186,-0.111218646,0.48296037,-0.1188443
P14540,0.14700003,-0.07095905,-0.097434156,-0.076137505,-0.4903618,0.28156647,-0.41495588,-0.64287764,-0.057540808,-0.024753496,0.31661263,-0.046035618,0.093767196,-0.080593236,-0.14927039,0.09822085,0.2258495,0.027950786,0.069638416,0.043315843,-0.254266,-0.0014337599,-0.46614653,-0.20583664,0.45511127,0.3207841,0.042622425,0.35749918,0.17430174,0.4950797,-0.49642467,-0.2791956
P05064,0.08210443,0.014968842,-0.15763518,0.017620338,-0.37655145,0.14995314,-0.36209118,-0.55519056,0.050952192,0.113864556,0.44669786,0.0020908564,-0.1094874,-0.17357883,-0.23213074,0.15232188,0.25328135,0.12564993,0.2908461,0.06131597,-0.26473236,0.10501997,-0.38238743,-0.35779703,0.48059773,0.16943693,0.0474915,0.545167,0.19186008,0.40525764,-0.63849914,-0.35244173
P06681,0.041854262,-0.0073925555,-0.026819758,-0.013789462,-0.044781532,0.5285306,-0.42889005,0.18823516,0.21297671,0.2666683,-0.15765671,0.1263912,0.08499062,-0.10514407,-0.25230345,-0.15341589,-0.018490836,0.1087272,0.097895086,-0.33856422,0.06687022,-0.31814927,-0.16339146,0.16100807,0.25916934,-0.02474234,-0.19702193,-0.11712223,0.17380977,0.19350572,0.18259725,-0.049875986
O32504,-0.26489985,0.39288303,0.4957443,-0.12485447,0.33107173,-0.2980996,-0.27453053,0.5925903,0.00070446264,0.26821542,0.12671627,-0.10059734,0.084608436,-0.20291364,-0.27184817,-0.24678665,0.4947707,0.14752643,0.09822649,-0.5639751,-0.32666436,-0.64077085,0.32677987,-0.06717999,0.45231158,-0.1117712,-0.42470035,0.13393351,0.48288116,0.49534112,0.47826204,-0.25988108
Q9JHG7,0.029100046,-0.103608534,0.1648018,-0.026660996,0.022430029,0.44394633,-0.26705647,0.29311058,0.271596,0.35878283,-0.09003781,0.017847538,0.2466704,-0.082096964,-0.21312967,-0.1291633,-0.00054851174,0.11657969,-0.028081,-0.18145783,-0.055111706,-0.27011362,-0.09079075,-0.018575221,0.37513864,-0.0648393,-0.0870888,-0.2743816,0.1490627,0.28300548,0.17514445,-0.16178438
P0A744,-0.029089332,0.3089658,0.019213691,0.062063433,-0.052906726,0.15182972,-0.33013403,-0.25093958,0.06323349,0.4067015,0.3511682,-0.049815968,-0.09190031,-0.0192241,0.042564742,0.1688818,-0.24036054,-0.057607256,0.5226377,-0.39976656,0.11840988,0.112042025,-0.29727238,-0.15944247,0.27087474,-0.18113098,-0.1093973,0.32818323,0.41770968,0.013964551,-0.3584154,-0.1282542
Q9NPI8,-0.21525861,0.3125742,0.4407383,-0.089884154,0.32908067,-0.18188436,-0.264848,0.64455765,0.036376163,0.24587736,0.07996985,-0.05192472,0.05830802,-0.22259083,-0.27289668,-0.20368841,0.45345294,0.1589332,0.14442489,-0.5145468,-0.2984376,-0.61487037,0.26749122,-0.045032963,0.53063047,-0.12120984,-0.35846028,0.05433289,0.43474254,0.4602403,0.528129,-0.29292026
P0AAW9,-0.309843,-0.18033287,0.6277966,0.20625366,-0.12375121,-0.17180958,0.22066772,-0.86489266,-0.32974604,0.24606761,0.581778,0.10245602,0.14124674,0.23083276,0.44623813,-0.06743279,0.12879616,-0.032826804,-0.21924178,-0.15425356,-0.017045207,-0.012078822,0.11242032,0.39821416,-0.13158903,0.37027287,0.14799595,0.030736327,0.0046817213,-0.41829422,-0.20448786,0.762993
O00291,0.03387505,0.2046265,0.0623687,0.154282,-0.17950645,0.05955919,0.2662264,-0.6090951,0.43937644,-0.22009075,0.06225952,0.03172788,-0.22191162,-0.05905392,0.104789965,0.018874705,-0.009911038,0.46532947,-0.0073450655,0.4742884,-0.21874137,0.009153619,0.06537603,0.035197064,0.3401165,0.23633933,0.15527806,0.0019672513,-0.028880015,0.111066185,0.07321359,0.09594472
O95166,0.2633121,0.21452594,0.14443493,0.22649443,0.33916545,-0.29527768,-0.3476969,-0.42755783,-0.029874343,0.1169212,0.6237899,-0.21776454,0.22245306,0.31711987,0.03819873,0.26162738,-0.15275751,0.06575663,0.52306795,-0.40485728,-0.19408116,0.05906424,-0.31443223,-0.26273698,0.20103581,-0.10411849,-0.11142335,0.061961286,0.20438957,0.2083073,-0.38016495,-0.057071585
A0A0H3LCC3,-0.3215881,-0.12364046,-0.30285624,0.06911627,-0.5229827,0.045975044,-0.2818333,-0.5140166,0.1616762,0.21768874,0.29311734,0.12646157,-0.40055442,-0.2541821,0.18200701,-0.2332496,0.0966681,0.507362,0.40513945,0.09801705,-0.08045066,-0.06266829,0.038466226,-0.24028425,0.24960454,0.28024337,-0.01234366,0.699695,-0.015113495,0.11533498,-0.50781804,-0.037850592
P12960,0.028030112,0.032794386,-0.1062342,-0.09554101,-0.11276257,0.46881977,-0.47956878,0.108397566,0.32295895,0.40879804,-0.3475226,0.10944185,0.0313859,0.02843567,-0.14197311,-0.23964652,-0.18356712,0.25227368,-0.28747773,-0.28487438,0.055817332,-0.32058078,-0.10726255,0.23684841,-0.034252584,0.070842296,-0.32679817,-0.17522153,0.12328922,0.22289397,-0.00872362,0.120067626
P11836,0.0659311,0.00014463067,0.3975759,0.36284322,-0.12646206,-0.07832946,0.2115089,-0.15738529,0.37315926,-0.15653479,-0.24094547,0.08902775,0.07213971,-0.45088008,-0.018998884,-0.24221179,0.23182099,-0.031825677,-0.3595487,0.070574194,0.21760516,-0.3571722,0.24367115,-0.0026337951,0.13630272,-0.13674271,0.06974583,0.21149267,0.020155627,-0.048696015,-0.0025423057,0.309162
P62256,0.32435155,0.23785333,-8.0026686e-05,0.40630946,0.32803643,-0.0034565702,0.047485113,-0.28373873,0.05787011,-0.08176586,0.4871885,-0.14934093,0.0499233,0.19565594,-0.14451373,0.12716365,0.09175755,0.10896263,0.36590314,-0.26406986,-0.08004143,0.15255694,-0.14620933,-0.1401139,0.19597165,-0.22294778,-0.13975784,0.0669464,0.118777074,-0.12024345,-0.018188331,0.07611899
P04075,0.08091071,0.012451887,-0.15729275,0.015628507,-0.37858164,0.15308261,-0.35908172,-0.5552848,0.05066092,0.11502271,0.44607696,0.0028737485,-0.10949704,-0.17179611,-0.22857064,0.15164696,0.2511027,0.12692821,0.28873092,0.06455879,-0.26519147,0.10517505,-0.38370824,-0.3570876,0.48174453,0.17198342,0.048264228,0.54316986,0.19200706,0.40548158,-0.6378104,-0.35311234
P13001,0.12529476,0.074843764,0.0052372664,0.069981195,-0.21622771,0.2758825,-0.72145784,-0.4329876,-0.16149488,-0.03971687,0.030742008,0.14700377,0.20550677,-0.15487748,-0.11353972,-0.18563956,-0.001689747,-0.14623275,0.14871514,-0.5520889,0.18582593,-0.41484386,-0.37361354,0.32757664,0.20135589,0.15128544,-0.20024353,0.1686083,0.17156014,0.14125913,0.036946077,0.1906439
P34960,0.10382269,0.12538199,-0.04212112,0.097657494,0.03944036,0.3831236,-0.21949807,-0.0695978,0.18058781,0.19437018,0.14214443,-0.014465004,0.091407984,0.053796105,-0.1009294,-0.03741291,-0.097508684,0.0109012425,0.3112355,-0.31564766,0.065373726,-0.09467385,-0.16222091,0.023115575,0.18123917,-0.087517634,-0.22156736,-0.040492028,0.1742878,-0.007975673,0.01579037,0.0042663105
A0A4Y1WAR4,0.04967098,-0.044007078,-0.3449973,0.074031316,-0.518799,0.26398984,-0.4138606,-0.2851227,-0.13791156,0.1788906,0.25379506,-0.060653836,-0.41059077,0.06709378,0.09700496,-0.002248317,0.057851605,0.22006816,0.2677998,-0.373824,0.029495444,-0.16211925,-0.3064052,-0.14840777,0.15529023,0.14772457,-0.30982676,0.5502733,0.13338514,-0.013476646,-0.36762965,-0.06115334
O96028,-0.07152317,-0.06872024,0.24141419,0.30048007,0.052388947,-0.08225367,0.40097392,0.46119398,0.20107941,0.07990089,-0.27013463,-0.30838317,-0.11199632,-0.13707045,-0.035867207,-0.03395936,0.062020704,0.28535834,-0.2422533,0.057439134,0.075684406,-0.052430823,0.07533711,0.021797463,-0.075552985,-0.22472252,0.006259732,-0.061602935,0.25785714,0.019868637,0.4689761,-0.1058597
P01867,0.14797325,-0.10528022,0.1576272,0.029816141,-0.14465822,0.23249045,-0.16926397,0.025556318,0.31731606,0.3658712,-0.26130083,0.008813083,0.1460895,0.007392697,-0.0445972,-0.33345795,-0.07902335,0.30322012,-0.47226447,-0.19464238,-0.0828031,-0.44820994,-0.060602386,0.120714724,-0.02897048,0.006148981,-0.35115382,-0.102820486,-0.014580652,0.23279762,-0.121081784,0.20856963
P62258,0.43658125,-0.029539958,-0.19078127,0.23603356,0.038218442,-0.17516959,-0.08710581,-0.92184216,0.13624196,-0.39018476,0.40153876,0.030735701,0.0841485,0.028701209,-0.02269312,-0.16077954,0.26752996,0.30120638,0.08641277,0.34265405,-0.4779956,-0.104253784,0.008000832,-0.18696804,0.40809304,0.2657697,-0.06836022,0.34377512,-0.3341281,0.21740605,-0.3696444,0.014643773
Q9P2J5,-0.094582886,-0.13726655,-0.20504984,-0.013630731,-0.057500053,0.30274498,0.100283295,-0.36986852,0.2011832,0.06590888,0.20099194,0.05980718,0.055128336,0.12921429,0.15964398,0.008153409,-0.15519734,0.08023276,0.5075063,0.16993548,-0.025399547,0.070231736,-0.10085471,-0.11251627,0.22795422,0.15302122,-0.0016095638,0.24561238,0.18189472,0.014615135,-0.15238848,-0.2711476
Q9Y4L5,0.19954135,-0.15475564,0.21421534,0.53492475,0.03239755,0.02572079,0.30152053,0.2868705,-0.03356751,0.0842668,-0.0065604,-0.3544497,0.04419382,-0.19824502,-0.07965272,-0.12277335,0.36293125,0.2307654,-0.2792539,-0.15922724,0.02833746,0.0040703565,0.022078227,-0.0016349405,0.019071177,-0.3260689,-0.01252643,-0.0048792064,-0.0051974766,-0.18578006,0.21375471,0.20162071
G8JZS6,-0.08767708,0.05267264,0.36792666,-0.13568603,-0.16596642,0.21387699,-0.6250119,0.42690337,0.14459647,0.5007092,-0.21923585,-0.026559368,0.18130988,-0.21013257,-0.26612994,-0.25901675,0.030519806,-0.058308773,-0.19823791,-0.71032214,0.0557837,-0.66429806,-0.14721271,0.11175141,0.26258385,-0.10834249,-0.4163142,-0.05839944,0.38669738,0.42661995,0.116825595,-0.012129765
O35250,-0.040001556,0.008501545,0.12106838,0.11060103,-0.21676332,0.18503024,-0.066957355,-0.48785514,0.3207117,-0.13562909,0.005567599,0.13144375,0.10266191,-0.31736016,0.034583107,-0.21183893,0.11264779,0.123309076,0.016649038,0.310413,-0.035528548,-0.29156888,0.011599056,0.09673093,0.53440076,0.25780243,0.13180031,-0.025420621,-0.013351023,0.098795526,0.11057885,0.16341381
Q08438,0.038235202,-0.041031644,0.15701792,0.3261279,-0.17249858,-0.11586662,0.71169007,0.11761127,0.2695913,-0.099063784,-0.44438067,-0.62433165,-0.18979144,-0.111182906,-0.11209319,0.2004327,-0.12766562,0.21943623,-0.24747306,0.2066394,0.21562018,0.1663919,-0.11185758,0.12647928,-0.5326788,-0.30491802,0.1066315,0.23904283,0.19260782,-0.06773668,0.2905492,-0.17804234
O22287,-0.0034923106,-0.03880757,-0.23848361,-0.028090062,-0.36525634,0.42639557,-0.53147566,-0.29960313,-0.047497343,0.08802092,-0.033703636,0.07854131,0.00697951,0.029756032,0.11703225,-0.17719609,-0.104867235,0.044371847,0.119241804,-0.44955808,0.17932528,-0.3130409,-0.28715324,0.23297065,0.046905473,0.21967751,-0.280755,0.11920526,0.11350672,0.04396392,-0.019509915,0.16240798
A6NI73,-0.049451835,0.024834007,0.23551172,0.16199058,-0.1430019,0.15716153,0.07690501,-0.06835682,0.35364208,0.49642718,-0.08516601,-0.10542835,0.13062924,0.009557001,0.008630589,-0.26444808,-0.008165091,0.24733958,-0.35849312,-0.22526732,0.08699942,-0.13123518,0.13913749,-0.010927185,-0.2699325,-0.19337973,-0.26353934,0.022692233,0.11862851,-0.009532047,-0.25001937,0.3324783
P10276,-0.11035237,0.09030752,-0.056598283,0.44496423,-0.24202125,0.1276361,0.24033195,-0.49441954,0.47919673,-0.21833217,0.11182326,-0.068399236,-0.026856855,-0.10706699,-0.060285255,0.27324143,0.20330556,0.30178046,0.40018374,0.13002768,0.20076507,0.17047732,-0.11360812,-0.19208778,-0.045731984,-0.070131175,0.256551,0.12718053,0.14557227,-0.030106304,-0.064384684,0.09384933
Q5X762,-0.30822608,-0.13443701,-0.32525438,0.08476946,-0.49572274,0.023975767,-0.23609763,-0.52201647,0.18162617,0.18918681,0.31992614,0.13403074,-0.4223609,-0.21973091,0.18299174,-0.21529487,0.11042322,0.50386524,0.4172694,0.1414134,-0.096286826,-0.046952486,0.048557784,-0.28508568,0.25765544,0.2854794,-0.009235121,0.7087729,-0.014806673,0.10484163,-0.51600856,-0.07313253
Q9AIS0,-0.07612666,0.09829709,0.09048157,0.08697577,-0.124012575,-0.066716306,0.71040595,0.1130529,0.30661163,0.017138727,-0.37054628,-0.62125885,-0.14867496,-0.0283387,-0.09711655,0.15501231,-0.1482267,0.25246984,-0.1492686,0.16159357,0.14242975,0.13154118,-0.034382615,0.055379376,-0.48104417,-0.2949597,-0.017465308,0.3382518,0.29217964,0.069723226,0.27884635,-0.34270236
O75943,0.03149581,-0.23439687,0.17042738,0.21847546,-0.18398948,0.28834143,-0.01235494,-0.05292595,0.1907078,0.024914913,-0.07658607,-0.04208894,0.27243033,-0.11612614,0.013951026,-0.13762072,0.1414516,0.06274572,-0.08881095,-0.021849193,0.07247062,-0.33425066,-0.16821021,-0.013704792,0.23754306,0.06619846,0.01640319,-0.14577314,0.06407421,0.07280119,0.08808793,0.120977655
P36006,-0.10588417,-0.06165728,-0.4081224,0.09276376,-0.015788604,0.31466243,-0.09337725,-0.31747398,0.1818359,-0.0071338564,0.12455067,0.17682046,-0.17011823,0.007652439,0.118723266,-0.2007162,-0.12721126,0.20596352,0.600269,0.06242554,0.07520602,0.012970343,0.09901935,0.047665216,0.1538304,0.15284157,-0.122384824,0.34547853,0.038001716,-0.17263901,-0.001333978,-0.06473464
P02293,-0.30332687,-0.12780493,0.28423253,0.6635823,-0.14122753,-0.33910108,0.15697765,-0.77718824,0.09362944,0.068171665,0.47104743,-0.011590689,-0.013195798,0.005104758,0.34553975,0.12681662,0.17940468,0.4755697,0.30186614,-0.13831976,0.18455274,0.1150126,0.16694367,0.033437364,-0.39742488,0.040740058,0.30545005,0.10564222,-0.16884086,-0.38202578,-0.3061593,0.73952675
P0AF36,-0.24849804,0.52794516,0.88247746,-0.12687215,-0.1460191,-0.46107748,0.45868838,-1.0127712,-0.1572033,0.09660499,0.5126486,0.11195302,-0.33073604,0.13432431,0.2896144,-0.1119594,-0.0069829226,0.024668388,-0.41309026,-0.1404723,-0.19182432,-0.2528283,0.47000527,0.51494414,-0.18108046,0.31197578,-0.08190412,0.45281526,0.049359657,-0.2639032,-0.11040841,0.57096314
Q5VVX9,0.053214297,0.07904711,0.17642689,0.1954783,0.15292281,0.09292734,0.008746922,0.3627187,-0.00089005847,0.10815484,0.12007065,-0.14553702,-0.01227954,-0.110937014,-0.16167337,-0.20268664,0.33864206,0.36412585,0.06489317,-0.3204748,-0.19600889,-0.34859002,0.05862115,0.0024224818,0.37573677,-0.1687092,-0.21101141,-0.03116855,0.11736383,0.14309238,0.4952468,-0.04238187
E0N8L2,0.07275815,0.0029685348,-0.21013704,0.05982656,-0.4537105,0.22031021,-0.4324703,-0.3603799,-0.1580542,0.19429174,0.43216798,-0.09655604,-0.36559135,-0.12975404,-0.0713834,-0.047807887,0.10155392,0.31081152,0.3376379,-0.18450218,-0.19693398,0.010510072,-0.264866,-0.1697584,0.39439547,0.16621555,-0.20146397,0.6093811,0.081968985,0.19668259,-0.4272809,-0.17964378
P11488,0.16256036,-0.013509229,-0.33790243,0.18073384,0.15078981,0.020952545,-0.005482495,-0.6672734,0.059860747,-0.3499428,0.39884734,0.07221687,0.045743704,0.32979032,0.20328495,-0.004367411,-0.00091443956,0.03943231,0.39998156,0.12165241,-0.11560351,0.078111544,-0.09226847,-0.12786503,0.19577776,0.28155634,-0.07544517,0.15147494,0.05809837,-0.021222783,-0.062145658,-0.06760183
O75970,0.09807415,-0.10514411,0.0144066885,0.35957167,-0.04021064,0.26407987,0.052057743,0.1960414,0.14303884,0.05637411,-0.10704453,-0.038514525,-0.056505293,-0.13501315,-0.18069278,-0.1840739,0.25314444,0.563443,-0.06262777,-0.2311134,-0.018586148,-0.2822212,-0.111415684,0.14645675,0.034263894,-0.14606535,-0.14216581,-0.027573988,-0.06751173,0.019081058,0.27065584,0.24130182
P82612,0.1235096,0.13998115,-0.110776044,0.09729798,-0.15126953,0.16888696,-0.4135689,-0.4551773,-0.13372685,0.0062466264,0.34656262,-0.013047427,-0.011628747,0.058544777,0.040723227,0.11207741,-0.100744426,0.006229222,0.46949023,-0.40935463,0.023953736,-0.022350982,-0.41758776,-0.0011377037,0.24263318,0.07903049,-0.13807952,0.29221684,0.22969249,0.10083839,-0.187766,-0.04064366
P03087,-0.5974621,0.25398266,0.45788607,-0.25846317,0.07348055,-0.16757661,-0.23118928,0.9324332,0.12743568,0.48285174,-0.055426065,-0.22301646,0.035008356,-0.08346773,-0.09895687,0.024686262,0.33916956,0.078542225,-0.050573885,-0.6535718,-0.08119391,-0.5232824,0.21818352,-0.25424975,0.19945629,-0.13417578,-0.2698519,-0.121973336,0.64350253,0.51974994,0.53268296,-0.4690717
O76071,0.19010086,0.12790647,-0.32548204,-0.1494615,-0.06811331,0.39940473,-0.75791943,-0.11109347,0.23262244,0.2433576,-0.31386444,0.20415592,0.03735654,0.088395886,-0.23835942,-0.21218535,-0.08160286,0.27072963,-0.3956356,-0.3501891,-0.052648265,-0.3521,-0.16460189,0.24905388,-0.0022015274,0.19925289,-0.37887132,-0.12560597,0.0016363561,0.3225676,-0.053314943,0.1286218
A0A0H3L5C8,0.079869926,-0.17625344,-0.7040549,0.1447072,-0.033912446,0.1732736,-0.0951449,-0.3372815,0.3029786,-0.088896185,0.086992785,0.2422089,-0.42338112,0.23801902,0.17227706,-0.20295909,-0.04989569,0.2990739,0.34825605,0.17290284,-0.026321124,-0.065429024,0.19046317,-0.21167098,0.045296863,0.2601562,-0.30205855,0.4547699,-0.10670721,-0.17593092,-0.22812241,-0.14166301
O75330,-0.19341965,0.5856272,0.58562905,-0.24690099,-0.16154909,-0.1530629,0.7672126,-0.4588349,0.11226679,-0.12299377,-0.118346244,-0.07343531,-0.738228,0.005871281,0.2855405,0.086392656,-0.18289946,0.45684272,-0.42942792,0.20575373,-0.26672587,-0.27137667,0.32909465,0.5676101,-0.13982658,0.1668531,0.09430168,0.27108213,-0.039282255,0.0046076574,0.41690588,0.099646315
Q57872,-0.10667106,0.22603998,0.2672766,-0.11126349,-0.23040116,0.16568501,-0.38385132,-0.12107291,0.16872281,0.62119716,0.11320229,-0.17575213,0.22008216,-0.03282541,0.00575801,-0.06425616,-0.14676987,-0.09631499,0.011884749,-0.5559531,0.114682235,-0.19788235,-0.18245365,-0.08638592,0.08535515,-0.18377046,-0.28021568,0.1227313,0.41313636,0.2127435,-0.34439203,0.04083914
P05031,-0.033189803,-0.13808283,-0.38442513,-0.03352721,-0.18582502,0.38338408,-0.05558089,-0.5208178,0.08074878,-0.08327916,0.18002729,0.09106487,0.012911707,0.16732383,0.210314,-0.0082576275,-0.09827316,0.037793115,0.41737235,0.087488234,0.022454418,0.05107671,-0.1696375,-0.00912489,0.19244649,0.28105846,-0.031652525,0.23142505,0.11120717,-0.023709608,-0.10940419,-0.17240053
Q05516,0.033702314,0.03275934,0.052735783,0.24834603,0.07845558,-0.007398788,0.5736149,0.15281573,0.29220703,-0.06908508,-0.3825857,-0.35322922,-0.22760963,-0.071418814,-0.13337302,0.008209199,-0.11056176,0.46744624,-0.059338868,0.25216794,0.031284895,0.03264223,0.045370664,0.2160796,-0.31687087,-0.211355,-0.0086226985,0.15666148,0.115912266,-0.0065194867,0.41485116,-0.1338453
P10768,0.35954344,0.030434653,-0.28769726,-0.082459874,-0.30070153,0.4563479,-0.45328736,-0.51512754,-0.055798113,-0.061566263,0.21950777,-0.028623544,0.083483696,0.14567226,-0.18195824,0.20229922,0.13252793,-0.03708499,0.040016055,-0.19927354,-0.13054426,0.0065122843,-0.4877857,-0.10208754,0.33934736,0.18781056,-0.09596927,0.17220144,0.13492939,0.33145797,-0.28643364,-0.2549485
P0AFX7,-0.13928412,-0.278476,0.5966047,0.4397926,-0.16766135,0.014905833,0.54198784,-0.2812478,-0.2391944,0.09022225,0.18893358,0.109125614,-0.18152502,0.0032311976,0.4239736,-0.042256564,0.13306269,0.107131906,-0.4433648,0.0059726387,0.10792291,0.081725866,0.12178062,0.39299095,0.045108244,0.17523272,0.26758537,-0.14296484,0.007859789,-0.5670967,0.22592223,0.7225549
P13458,-0.16717575,0.41502726,0.21619701,-0.1391915,-0.14025109,0.10234615,0.12658733,-0.54617363,0.33135962,0.06022134,-0.042296913,0.02770336,-0.35923034,-0.079837956,0.15840396,-0.068081856,-0.3843196,0.42124695,0.06379524,0.32759863,-0.19204251,-0.08546422,0.1008372,0.4164232,0.28264678,0.2854629,0.036194675,0.041022398,0.08773749,0.07948593,0.19143525,0.15888369
Q9NP31,-0.17670172,-0.055886716,0.2317845,0.35886773,-0.073908165,-0.022319566,0.29653835,0.502735,0.23784278,0.16271013,-0.29775047,-0.3467733,-0.10130416,-0.16628563,-0.05099111,0.12265998,0.07396971,0.16510582,-0.3118756,-0.052053943,0.29019508,0.11098035,0.04601256,-0.060685724,-0.25612864,-0.30259883,0.16236404,-0.15692234,0.3242334,-0.060129557,0.3788297,-0.08299415
O60565,-0.36966482,0.15180139,0.35382232,0.15652047,-0.29372647,0.06677779,0.16446161,-0.027334355,0.39565518,0.53321135,-0.08006888,-0.198977,0.13221583,-0.059330955,-0.0106458515,0.031900167,0.09413264,-0.044116534,-0.42438632,-0.28087154,0.4192838,0.11171605,0.25342292,-0.24974443,-0.48473877,-0.31912616,0.064294524,0.008522034,0.42289406,-0.08617001,-0.21153441,0.20325616
P19835,-0.082930006,0.022907436,-0.25708446,-0.0638233,-0.20670553,0.5674138,-0.51598513,-0.0946391,-0.047991555,0.21000475,0.013151456,0.2315172,-0.13198063,-0.18941101,-0.11702516,-0.09888038,-0.11437519,-0.046643347,0.4646572,-0.33073315,0.20862548,-0.10195314,-0.22813618,0.1628117,0.31895977,0.072221756,-0.11734793,0.33097208,0.2858544,-0.0025645285,0.0175385,-0.1560279
P25858,0.13518898,-0.06952074,-0.46451357,0.13002384,-0.3430999,0.15990222,-0.29557747,-0.3073259,-0.025961533,0.10807225,0.33863753,-0.0015615672,-0.47418362,0.18939516,0.07010732,0.066216774,0.0902212,0.22614771,0.2856061,-0.21780753,-0.038935337,-0.08600671,-0.2662012,-0.31778693,0.20065613,0.12624744,-0.28400597,0.5613041,0.096364975,-0.047176104,-0.42328817,-0.19284983
P0C7R1,0.067600876,0.071332246,0.21028012,0.33378366,-0.15154651,0.008722879,0.5708213,-0.06933219,0.21306905,0.15286188,-0.0022653714,-0.51580644,0.106443286,-0.17398492,-0.14485407,0.031319022,0.2852404,0.121808514,-0.15223636,-0.046729416,0.13372108,0.15479894,0.05795185,-0.17186509,-0.20840555,-0.41948447,-0.041572563,0.38090128,0.20807937,-0.102236845,-0.13851823,0.066662416
P08487,0.08367546,-0.004785061,-0.09199492,0.052094556,0.0817129,0.39978755,-0.1213236,-0.063020326,0.19028747,0.11616094,0.10955666,0.021054119,0.09810087,-0.0037762374,-0.099316634,-0.13019648,-0.07343477,0.12182748,0.3925982,-0.117407486,-0.03937106,-0.11856231,-0.051464345,0.0478291,0.29866493,-0.037607,-0.16166505,0.020327866,0.07560942,0.035800908,0.11708781,-0.11675465
O35381,0.3152467,-0.14100467,0.008924924,0.47981274,-0.0896752,0.092981964,0.37871653,-0.1432038,0.2961805,-0.1156573,-0.01990905,-0.2521361,0.02012059,0.0054378957,-0.12049064,0.06819558,0.2588504,0.4073574,-0.21395725,0.10007715,-0.07231861,0.035197124,-0.15024659,-0.106709,-0.026493922,-0.15517035,-0.012198612,0.02316159,-0.08738536,-0.0079665985,-0.061599005,0.13904701
A0A2P1GIW3,0.19100086,-0.010091513,0.03374031,-0.007422054,-0.17846735,0.3956135,-0.5307025,-0.2039719,-0.13070266,0.027723163,0.023962934,0.02827254,0.25680393,-0.036358155,-0.1297242,-0.12711048,0.0036716014,-0.14606145,0.065333605,-0.46002138,0.055804502,-0.35893804,-0.39313132,0.18763182,0.2516516,0.12114213,-0.2237272,0.038285717,0.20270568,0.24076521,0.070580706,-0.0052516647
Q8DXT0,0.013618752,-0.048894525,-0.17833349,0.0064451825,-0.5978754,0.39301297,-0.51789594,-0.35750034,-0.22929618,0.052159876,0.17811786,-0.048732683,-0.16566399,-0.13715726,0.06323514,-0.07719046,0.07509799,0.104469776,0.24495417,-0.40249133,0.056497116,-0.15458465,-0.35341328,0.05383216,0.25662047,0.23304532,-0.19343746,0.45836225,0.15903044,0.17130648,-0.20681061,-0.013330419
P60953,0.39275962,-0.0438897,-0.44099525,0.30186677,0.20252629,-0.026523389,-0.16268978,-0.5129362,0.099881835,-0.4133702,0.27644035,0.08687821,0.06870413,0.47282687,0.02019421,0.047637403,0.18177842,0.14202982,0.16749287,-0.16455871,-0.1299538,-0.10470546,-0.12392239,-0.17884015,-0.026757471,0.19484004,-0.24234083,0.044926643,-0.07578092,0.0030032531,-0.089756295,0.06546451
P06789,-0.19654058,-0.0022191852,0.30243248,0.0075314324,0.14253283,-0.052300073,0.12241274,0.61816746,0.07060291,0.16749124,-0.07682252,-0.19124626,0.012180746,-0.19495916,-0.12551871,-0.21257624,0.33513993,0.2907768,0.055718422,-0.2375953,-0.21095121,-0.47194433,0.1775694,-0.000971213,0.3428921,-0.12869291,-0.22032684,0.044357136,0.28849554,0.3236137,0.62211215,-0.30399364
P54575,0.02517426,-0.013672128,-0.020203985,0.06382681,-0.22519578,0.17025986,-0.35963324,-0.30729526,-0.01827759,0.13522334,0.12625454,-0.0955617,0.16294563,0.10677951,0.13632998,-0.13314953,-0.09688978,0.024452347,0.21406919,-0.5206185,0.11910186,-0.29736137,-0.23929611,0.08671625,-0.050848976,0.071022816,-0.3259337,0.17145506,0.15139681,0.0787451,-0.14461045,0.16469271
Q5FL51,-0.053102255,-0.030385189,-0.21767923,0.03559757,-0.5650073,0.31480744,-0.4924201,-0.23795673,-0.18442202,0.23107223,0.15782736,-0.0496168,-0.29709643,-0.028794356,0.15323055,-0.06704298,-0.025339201,0.15975687,0.29086894,-0.51909256,0.13616677,-0.2201485,-0.32893163,0.009163931,0.103205845,0.13937756,-0.31159148,0.5035486,0.20225367,0.014979605,-0.2835131,0.04325628
A0A0F2E7M6,-0.035545796,-0.03087771,-0.2583867,0.051227145,-0.57092565,0.29435977,-0.47114855,-0.25400466,-0.17142448,0.22208051,0.18907057,-0.058398083,-0.3464537,-0.010209851,0.14086467,-0.041752264,0.0062997416,0.1981956,0.29211253,-0.47833598,0.10381156,-0.20361602,-0.3256201,-0.041869596,0.11143273,0.14529581,-0.30476493,0.527073,0.17673355,0.0061337077,-0.3172746,0.017876942
O97364,-0.11371021,-0.051311642,0.19316456,-0.053038992,0.22956552,-0.2030116,0.4265657,0.48170364,-0.03949052,0.0712293,-0.27869242,-0.34400567,-0.08156113,-0.12898576,-0.004653506,-0.21720791,0.1714091,0.23641041,-0.2916106,0.12422083,-0.2425383,-0.30661577,0.23386839,0.14775541,0.052574605,-0.03120338,-0.13696352,0.15790604,0.1381056,0.16454515,0.6228827,-0.32688782
O66198,-0.30756807,-0.13462941,-0.32739052,0.084528856,-0.49660495,0.02493348,-0.23340271,-0.52577645,0.19106996,0.18346164,0.31729895,0.13743298,-0.42251268,-0.21751681,0.18151715,-0.20562544,0.11309715,0.50149053,0.41878873,0.14950772,-0.09482266,-0.04500638,0.046523806,-0.2911244,0.25767338,0.28785917,-0.0022299066,0.70608115,-0.012787677,0.108663626,-0.5212042,-0.07890457
Q9P2N6,-0.069147855,-0.06381898,0.32785758,0.04768496,-0.04044528,0.19824341,-0.22346324,0.45108062,0.12611365,0.18100509,-0.10163179,-0.010410622,0.12773135,-0.28516984,-0.24096572,-0.2072142,0.28820187,0.1593112,0.0877012,-0.3984046,-0.08490641,-0.5797978,-0.03276087,0.045940608,0.4609918,-0.09567888,-0.17606741,-0.029397458,0.24043378,0.36542565,0.428363,-0.15499213
P41007,0.110116825,-0.07358888,0.044063322,0.053077318,-0.19201717,-0.026163109,-0.33789173,-0.46520925,-0.04838026,0.11056167,0.23104276,-0.22570279,0.32128453,0.22041789,0.12021489,-0.052349538,-0.021107674,0.03651187,0.13652563,-0.44585872,-0.026197184,-0.27017406,-0.28790078,-0.08028588,-0.11077482,0.09512494,-0.30313766,0.24653003,0.13655856,0.25728655,-0.38472307,0.08824532
P06983,0.086498246,-0.03952022,-0.27691534,0.05750455,-0.48111334,0.2548758,-0.46245274,-0.49311125,-0.09741288,-0.092238545,0.13079402,-0.013555527,-0.031489164,0.015303858,0.09231535,-0.08194016,0.13150945,0.13287988,0.123972535,-0.39837253,0.03135002,-0.22463162,-0.2964901,0.023870386,0.07184884,0.26668662,-0.21784762,0.324171,0.037683107,0.15914388,-0.18835896,0.1113698
P11880,0.061304018,-0.059663206,-0.2974536,-0.015867958,-0.6214507,0.45004514,-0.5902349,-0.4536447,-0.16027853,-0.087328464,0.019526917,0.069752455,-0.104615495,-0.13687402,0.035010614,-0.15298524,0.14337242,0.084180966,0.07106453,-0.40100163,0.10664817,-0.26384273,-0.3241387,0.1567424,0.18629439,0.31149992,-0.20182091,0.36350694,0.062165566,0.167561,-0.10862829,0.10519779
O75821,-0.102008924,-0.28731474,0.4213324,0.511848,-0.110073775,0.11484331,0.20648405,0.08168914,0.096389666,0.2552536,0.12381208,-0.109801896,0.10858941,0.02623465,0.14555508,0.054191783,0.18643549,0.19326887,-0.28353542,-0.093848124,0.12531734,0.10839017,0.006140318,-0.08062965,-0.0734803,-0.060101673,0.21272549,-0.39310297,0.10617207,-0.18450424,0.02824926,0.3964911
Q9NUX5,-0.050716765,-0.07664974,0.20111161,-0.038626954,-0.059450198,0.34417585,-0.19695441,0.38422874,0.2830615,0.432232,-0.17361894,-0.027818099,0.16077593,-0.12026102,-0.22008216,-0.19482046,0.047027238,0.26726115,-0.09181885,-0.31488597,-0.06874112,-0.39063054,-0.05559102,0.011220068,0.22649296,-0.13650012,-0.1989646,-0.12554881,0.17397016,0.33821583,0.2012651,-0.1353679
P16885,0.09746294,0.0022584796,-0.12360195,0.036864504,0.10372664,0.37148517,-0.14304096,-0.07947413,0.17222023,0.09261283,0.09550513,0.026348233,0.076443374,0.009481043,-0.06295132,-0.17348626,-0.10362479,0.13403434,0.38311827,-0.112838395,-0.059227068,-0.12937367,-0.013810363,0.07654347,0.29540485,-0.012849202,-0.19637457,0.038574032,0.05134476,0.034418274,0.13294952,-0.107949734
Q969T4,0.16833769,0.23364973,-0.04303392,0.59536886,0.10574426,-0.028992778,0.23513314,-0.22754517,0.31902787,-0.08177069,0.29236025,-0.20811546,-0.16839823,0.017600752,-0.20127395,0.26786402,0.171634,0.27281496,0.37802815,-0.14153358,0.15902504,0.30562663,-0.0033732466,-0.25347328,-0.045707352,-0.36360717,0.010789439,0.203625,0.16359484,-0.23898013,-0.10007349,0.1505661
O75971,-0.14846683,0.08109851,0.7247779,0.090902224,-0.004660595,-0.4333699,0.68927264,-0.31170475,-0.2625116,0.28619567,0.20783003,-0.07063618,-0.13784587,-0.11679932,0.06309868,-0.26954117,0.40798795,-0.16346675,-0.77077866,-0.13541512,-0.023196992,-0.094750986,0.54383767,0.24056464,-0.3200995,-0.07111008,-0.031701572,0.61046493,0.10973445,-0.3965403,-0.12772878,0.4595144
P54066,0.09813042,0.09066844,0.16869543,0.21345434,-0.16929846,-0.116490856,-0.6634547,-0.61288434,-0.07260982,-0.0042497516,0.29533345,-0.030303188,0.29074612,-0.13564554,-0.04593675,-0.090782315,0.075424425,-0.059713416,0.36942965,-0.56926304,0.064580984,-0.29172832,-0.27360827,0.043442205,0.07844086,0.05747295,-0.16853705,0.35876334,0.13629805,0.23981735,-0.4082344,0.2717397
Q9BRJ7,0.04852642,0.12022829,0.35674074,-0.009893784,-0.055523615,0.18032101,-0.48430166,0.08661642,0.02782024,0.3272465,0.059669007,-0.110669866,0.30918163,-0.10676868,-0.15319347,-0.13744265,-0.023591012,-0.17281726,0.015266001,-0.5410484,0.056531753,-0.41137016,-0.21452922,0.025402933,0.3411947,-0.07403161,-0.2910595,-0.03609006,0.36448154,0.2637944,0.013481174,0.034684904
Q6GB54,0.051738694,0.0052976534,-0.18920192,0.050649367,-0.4617742,0.25368544,-0.44762063,-0.3430501,-0.18912092,0.19526377,0.41177654,-0.099624604,-0.3432829,-0.1420067,-0.049556244,-0.057073772,0.07165168,0.2859455,0.3544081,-0.2212339,-0.16072725,0.006527245,-0.27493,-0.11865167,0.3881324,0.17011565,-0.20345673,0.59246516,0.10269705,0.18512297,-0.3832791,-0.15997995
P02942,0.0057515353,0.43041474,0.016444825,-0.020062076,-0.32917893,-0.14713442,-0.23646235,-1.0003308,0.2503553,-0.25773713,0.15004456,0.18357229,-0.49138084,-0.27198914,0.19387808,-0.27730083,-0.12521617,0.42072982,0.083138645,0.20452242,-0.2613992,-0.26500928,0.33388647,0.25746012,0.3197391,0.37018785,0.006467007,0.4548043,-0.3286126,0.049256597,-0.20504834,0.32695848
P32835,0.26128215,-0.0024115741,-0.20069513,0.17454603,0.07055703,0.14541964,-0.0715147,-0.39182338,0.15348801,-0.17969707,0.23366807,-0.024846256,0.19820353,0.349988,0.015740067,0.10581524,0.12753426,0.052566595,0.10850194,-0.15299515,-0.07404419,-0.07474125,-0.2176798,-0.16393574,0.0783795,0.102445245,-0.1523169,-0.06210038,0.07566482,0.082710296,-0.08843945,0.0005416088
P18239,-0.037923947,0.04112602,-0.354393,0.13733114,-0.19772623,0.1189585,-0.23865181,-0.86348945,0.14253658,-0.24109313,0.27378574,0.17080787,-0.005446583,-0.1631932,0.15519714,-0.23032573,0.15124285,0.26810914,0.26625422,0.2773438,-0.13243951,-0.014034152,0.0027162395,0.0313527,0.3330475,0.38041437,0.10643172,0.20930612,-0.17916524,0.03333988,-0.10611134,0.15068929
P0AG40,0.027280793,-0.011989079,-0.050563432,0.07043587,-0.20395826,0.15371948,-0.38576153,-0.33514473,-0.0144577,0.11759743,0.131702,-0.08193539,0.15293401,0.13712958,0.14934778,-0.13182676,-0.1097462,0.04648025,0.22647819,-0.51431584,0.1200624,-0.29228473,-0.22899258,0.10200957,-0.07765831,0.09855281,-0.33019957,0.15633227,0.13284966,0.06936378,-0.14827228,0.18745549
P16686,-0.16545944,0.15966664,0.3127194,-0.16670948,-0.35757837,0.15077236,-0.554302,-0.2036027,0.045066025,0.52900755,0.20192893,-0.050642423,0.30021882,-0.14315362,-0.051714703,0.12393288,0.034344643,-0.30779654,0.046995014,-0.5103784,0.11533984,-0.21574967,-0.42918703,-0.2514109,0.3195709,-0.07232747,-0.04976637,0.14930345,0.5717229,0.38018486,-0.4472885,-0.13444011
A8C5S7,0.13249336,-0.060619548,-0.45421448,0.123122506,-0.35711724,0.17258462,-0.31068885,-0.3045627,-0.044727597,0.121336885,0.34049365,-0.011662275,-0.47286335,0.17159942,0.06314153,0.05494514,0.091632605,0.22965029,0.2840482,-0.23444963,-0.043051858,-0.08846254,-0.2645038,-0.29905403,0.20672782,0.123877846,-0.2927378,0.5677614,0.094566375,-0.04419784,-0.41722417,-0.18633904
P0DPB6,-0.026870653,0.062147968,0.5324935,0.19111496,0.06026837,-0.1585735,0.115184486,-0.49233127,-0.109002344,0.37849602,0.49591723,-0.30009806,0.34233963,0.14495227,0.16332704,-0.17338741,0.048114225,0.13939762,-0.016844004,-0.2792376,-0.14262982,-0.08207366,0.011085127,0.10008815,0.017449632,-0.044714652,-0.18190724,0.0864302,0.10356558,-0.07433476,-0.24799106,0.46348226
Q9NQX3,-0.19268605,0.07194385,0.023848273,0.27128106,-0.3524609,0.20716432,0.45509338,-0.26055205,0.4664434,-0.040587515,-0.02866577,-0.16580859,-0.17616194,0.11027106,0.040953748,0.20414135,-0.010091864,0.3067867,0.23461652,0.07336587,0.25824338,0.13341607,-0.05155393,-0.19912373,-0.2638449,-0.07564047,0.022212908,0.20985013,0.35693502,-0.06088033,-0.058676574,0.040265616
P20042,-0.048691824,-0.27282697,0.3792828,0.60364306,-0.23758458,0.034360632,0.42316955,-0.06751052,0.1854566,0.14487083,0.035515536,-0.19732857,-0.013637185,-0.09984834,0.16810608,0.07783108,0.17623794,0.33959693,-0.2264905,0.0276995,0.13090245,0.1251332,-0.024506833,-0.056533456,-0.14151177,-0.13517445,0.24670002,-0.15834874,0.008924939,-0.22229305,-0.033596594,0.41268504
C0LGQ5,0.16064973,0.21561828,-0.6407209,-0.096204124,-0.07626015,0.6020794,-0.7342238,-0.27101856,0.24117865,-0.025975049,-0.2561214,0.42037088,-0.2903843,-0.07240576,-0.22227892,-0.18307617,-0.043718144,0.23301739,-0.107976325,-0.038460683,0.049178887,-0.0491096,0.013942428,0.26416665,0.23488463,0.30862975,-0.096468605,-0.02987948,-0.0713963,0.08354991,0.14071468,0.0077272244
P06745,-0.02413848,-0.082826406,-0.23925039,-0.055514447,-0.28136882,0.33460996,-0.17404759,-0.48357785,-0.024614088,0.12907468,0.38439882,0.037956506,-0.116243854,-0.013873853,0.04702463,0.10928227,-0.028293982,0.14178789,0.46975058,0.1210065,-0.14932121,0.17676403,-0.3154884,-0.15299599,0.45144087,0.23626554,0.04900608,0.44546682,0.20264512,0.18712844,-0.37097713,-0.37316033
P13929,0.11281891,-0.022761203,-0.27480826,0.071656846,-0.37537318,0.19703159,-0.34760025,-0.40712142,-0.072587736,0.15701517,0.4632664,-0.04287321,-0.3538236,-0.07405528,-0.08658477,0.027753733,0.13125908,0.30579448,0.35321826,-0.062170386,-0.2374178,0.07108788,-0.2792328,-0.26582772,0.42369324,0.16221565,-0.13036802,0.5914423,0.068535425,0.20435935,-0.487512,-0.26587993
P03372,-0.053431287,0.067034185,0.12946418,0.45216334,-0.19605441,0.11080602,0.56110775,-0.22700337,0.45774543,-0.1329601,-0.11684878,-0.26611692,-0.09340607,-0.11977927,-0.20715688,0.22117564,0.08766428,0.37727368,0.22814816,0.18982218,0.22244973,0.16902895,-0.0923409,-0.030730084,-0.25999734,-0.24279687,0.15200832,0.2318276,0.2518545,-0.053783756,0.101372555,0.024108566
P01597,0.054592356,0.20075153,0.1553273,0.09315462,0.18991119,0.058549017,-0.41786006,-0.10675452,0.2064911,0.6712206,0.17562726,-0.16369623,0.34659934,0.16112271,-0.14490066,-0.16330418,0.041370403,0.11935125,-0.16756417,-0.51640666,-0.0074613364,-0.03721963,0.15654884,-0.042113975,-0.24381015,-0.22114289,-0.36564377,-0.008304745,0.14042184,0.08081908,-0.45967555,0.25642118
O75344,0.22285776,0.01285544,-0.12774467,0.17845684,-0.031347834,0.20097622,-0.24906075,-0.3677533,0.028420415,-0.20017803,0.05368452,0.08279115,0.11105725,0.040942915,0.062678136,-0.2219375,0.03218469,0.13114029,0.09537633,-0.1817665,-0.027401723,-0.40250552,-0.18307549,0.21349062,0.1836011,0.20993093,-0.24484086,-0.04396911,-0.07552561,-0.014536077,0.1535226,0.2454275
Q03790,0.025595695,-0.23649782,0.08568635,0.27949804,0.10085179,-0.09473764,0.45237696,0.5515668,-0.14424321,0.07859591,-0.3345737,-0.44979864,-0.16779748,-0.11802434,0.043173276,-0.10469882,0.16688861,0.029253975,-0.585861,0.11883895,0.09083929,0.08479026,0.11571002,0.13266915,-0.2032004,-0.16592084,0.052755438,-0.015612304,0.13496658,-0.23144254,0.52399826,-0.09980273
Q9NQX1,0.07486966,0.14025886,-0.04988853,0.26886895,0.07280998,0.26899633,-0.057149105,-0.108600445,0.17143044,-0.07322021,0.053238776,0.111616045,-0.21450913,0.08857041,0.035648815,-0.11948511,-0.04317735,0.35368428,0.14085495,-0.06636791,0.027101237,-0.13230628,-0.04989465,0.19851862,0.21809645,0.09595831,-0.147416,-0.14689979,0.095213756,-0.1346436,0.29406527,0.283193
P0AC19,0.036410615,-0.0096604675,0.29775798,0.042742588,-0.16760917,-0.039784655,-0.68506104,-0.37277982,-0.079584025,0.31993833,0.20584871,-0.17018971,0.3328216,0.1448822,0.048310556,-0.24305859,-0.12512769,-0.015746288,0.11620405,-0.7079365,0.07574268,-0.44156373,-0.18006298,0.17487921,-0.13945186,0.09691201,-0.47278532,0.18350275,0.19205597,0.24625193,-0.38786596,0.3328823
P17555,-0.13525628,-0.13349365,0.076503,0.21109372,-0.35082734,0.27941403,0.096426666,-0.22698969,0.33718374,-0.04056652,-0.09645517,-0.0068708733,0.07166256,-0.047389437,0.10177622,0.009114683,0.08042901,0.23270202,-0.041887127,0.12877198,0.12344756,-0.18363512,-0.16949858,-0.04931186,0.11140217,0.16988792,0.12141167,-0.1368542,0.14037552,0.06460094,0.06840466,0.13682444
P01575,0.12545983,0.1586039,0.5825882,0.10758004,-0.05720978,-0.059800252,-0.47682977,-0.6646372,0.10024783,-0.019647986,0.15301187,0.11539833,0.54018426,-0.4535424,-0.20294315,-0.321086,0.22050297,-0.5335284,-0.03420306,-0.25140443,0.15846483,-0.52762926,0.05693687,0.15486015,0.43134403,0.008812519,-0.05267001,0.27107295,0.12296866,0.10345244,-0.31146774,0.35753512
P02767,-0.0049432665,0.10362989,0.2419092,0.04359193,-0.079742864,0.16894168,-0.30237952,-0.08924539,0.20598632,0.6517905,0.10541877,-0.25153935,0.40979624,-0.05565278,-0.15192117,-0.17005196,0.10786058,-0.04211539,-0.1354288,-0.5691518,0.12084738,-0.15973182,0.012135558,-0.058859512,-0.09990826,-0.32255438,-0.30176738,0.12966162,0.1941947,0.104311876,-0.39931157,0.1801402
P06307,-0.31519234,-0.45392263,0.637875,0.38314533,0.039120432,0.039927885,0.30329502,0.037573405,-0.49537542,0.3638385,0.23738296,0.19214574,0.096713364,-0.12557037,0.25818208,-0.25336584,0.42870373,-0.37956935,-0.5127066,-0.2140013,0.25477022,0.10704568,0.3166256,0.3405066,0.042058393,0.079978116,0.23278648,-0.013853505,0.24090698,-0.6524134,0.17747769,0.6443181
O70201,-0.035286024,0.4723585,0.3653212,0.098176755,0.17066722,-0.17361781,-0.095288284,-0.4523163,-0.015440536,0.2893786,0.64779973,-0.22478382,0.19467315,0.0746777,0.028691098,0.13079923,-0.064873815,-0.05477365,0.33350837,-0.25566477,-0.10280898,0.024307802,-0.17572321,-0.18908252,0.46796995,-0.13317573,-0.0823605,0.056659773,0.4105885,-0.006209926,-0.14404108,0.0764593
P09429,-0.09434129,0.046892893,0.3032574,0.58505565,-0.02823332,-0.35284722,0.21850577,-0.76515615,0.15230307,-0.12914646,0.5198293,0.096389085,-0.12356479,-0.01096309,0.27981356,0.0359751,0.2095528,0.52627647,0.2032806,0.0055965036,-0.052322745,-0.031326547,0.12825635,0.02363041,0.027675226,0.09075696,0.21970406,0.03098929,-0.22549567,-0.27486092,-0.110028915,0.65725917
Q96B02,0.27019817,0.49771863,0.09102014,0.14201783,0.34788767,0.04958821,-0.37069625,-0.2254777,0.08483325,0.2965126,0.4374054,-0.13493934,0.11781898,0.10519632,-0.17267066,0.18544236,-0.20467494,-0.13749868,0.34839153,-0.39809477,-0.04324593,0.16506566,-0.22688875,-0.15999271,0.37437588,-0.28082642,-0.16516694,-0.0073242635,0.3392564,0.02719556,-0.1864278,-0.06515764
P00445,0.037616998,0.3306716,-0.013522841,-0.025951838,-0.118343964,0.112645864,-0.5927602,-0.14489844,0.15268505,0.5982804,0.23890077,-0.132653,-0.05417998,0.023053505,-0.12133311,0.217744,-0.11787769,-0.05055251,0.27391243,-0.5751473,0.11522002,0.0050618798,-0.26810747,-0.2828161,0.13129868,-0.27072206,-0.22785607,0.3401082,0.4092824,0.15599708,-0.59488046,-0.13205478
P0CT31,0.28732944,-0.19939095,-0.7273567,0.2751588,0.1976056,0.044395328,0.0767256,-0.24220127,0.39608356,-0.22531474,0.18412995,0.25363398,-0.43578696,0.5404399,0.13286182,0.041046992,-0.0070972443,0.2087335,0.32827544,0.17749797,-0.056433234,0.008102223,0.08200519,-0.4925037,-0.013517186,0.15915897,-0.2957248,0.3088409,-0.01177004,-0.16912992,-0.2910095,-0.25851205
P08254,0.09087056,0.098982245,-0.045834266,0.09252724,0.025023144,0.39462098,-0.14164945,-0.067513295,0.23128428,0.19533488,0.14019889,-0.028997555,0.09245074,0.055083,-0.11255187,-0.0004197061,-0.077196196,0.03598725,0.3297941,-0.25359523,0.05106411,-0.058247298,-0.14821143,-0.028451756,0.18477793,-0.103451036,-0.18169561,-0.020130023,0.17324969,0.00878212,-0.0090925805,-0.050177343
P07492,-0.24983802,-0.5453305,0.57728946,0.44964737,-0.09828909,0.006479442,0.4468181,0.022244774,-0.44607973,0.23657231,0.059292194,-0.03535205,0.06230542,-0.18215287,0.31057712,-0.09220278,0.31044072,-0.3183642,-0.62215006,-0.036191314,0.32684448,0.19361432,0.1968666,0.3284117,-0.15126541,0.026632274,0.4492161,-0.06762436,0.06169609,-0.69454294,0.1703271,0.57403517
P0AFX0,0.41100252,-0.11882816,0.3644071,0.14982061,0.016754251,-0.12924707,-0.614531,-0.47642642,-0.13000871,0.21643902,0.16083218,-0.08085501,0.42201757,0.07119822,-0.11664519,-0.42243484,0.09521405,0.105057895,-0.23138303,-0.58605325,-0.20352764,-0.6124883,-0.06961973,0.33140993,-0.1147199,0.1127625,-0.5294088,0.20719704,-0.2235027,0.23853703,-0.47564554,0.49919903
Q96SB4,-0.042311236,0.03962058,0.061961614,0.29569042,-0.1658127,0.08412443,0.68774486,-0.100607015,0.45974007,-0.1423963,-0.2710563,-0.34633592,-0.24857722,0.03507615,-0.09969827,0.16350731,-0.100978374,0.48792475,0.094356924,0.33615184,0.09088958,0.16171809,0.004009437,0.041939817,-0.332888,-0.13708578,0.034607224,0.21391052,0.23655534,0.006556506,0.23256716,-0.12519759
P06151,0.08473186,-0.13836631,-0.26320305,-0.042112082,-0.33508536,0.21924391,-0.18430163,-0.6522886,0.026899416,-0.106533065,0.31098002,-0.07941362,0.06870969,0.23404625,0.15911293,0.115215026,0.04758531,0.07139306,0.16708574,0.1059846,-0.14538501,0.047882006,-0.32328993,-0.23511265,0.2344565,0.3662509,0.01102782,0.21626115,0.12492332,0.28482354,-0.35500103,-0.246204
P0C0L5,0.012664929,-0.089145094,0.06573935,-0.23399416,-0.24093421,0.41862297,-0.6148727,0.18805179,0.29841018,0.4668098,-0.42659214,0.055690095,0.17680413,-0.06566551,-0.1945137,-0.30524614,-0.16140543,0.15216872,-0.42730665,-0.3683613,-0.004233946,-0.5460312,-0.18756084,0.20585531,0.092230335,0.092379384,-0.3665739,-0.1575824,0.1567547,0.4758233,-0.024306018,0.0048817135
P0ABU9,0.11181246,0.18855834,0.12357692,0.14365324,-0.1800738,-0.16928893,-0.36000425,-1.0754398,0.05452245,-0.10732123,0.374099,0.03567612,0.16651177,-0.24488652,0.007118635,-0.2613942,0.14448515,0.16754362,0.12914479,0.015463188,-0.20528716,-0.22163568,-0.030191097,0.14182112,0.30889708,0.22073862,0.0031867176,0.3546068,-0.18474269,0.14919694,-0.33800545,0.34966713
O64903,-0.05543685,0.093423456,0.12150306,0.3991881,-0.19969806,-0.002554506,0.381418,-0.3081488,0.26307175,0.09702897,0.21714358,-0.31182924,0.027766883,-0.042003,0.02681312,0.13406122,0.2008475,0.15752462,0.18592626,-0.14148515,0.209494,0.17710696,-0.012267027,-0.2996183,-0.1706195,-0.31169567,0.01302775,0.34836158,0.24830654,-0.13591754,-0.28128988,0.15692534
P04626,-0.023420796,0.27227634,-0.013682693,-0.06399919,0.2263609,0.35627824,-0.20216854,0.029312812,0.29287612,0.5325937,0.27139804,-0.0035629645,0.07588816,0.018504657,-0.16473532,0.13946876,-0.22708268,-0.106634535,0.33818728,-0.0859598,0.0019769398,0.23018073,-0.08332685,-0.24996807,0.47266334,-0.21007426,-0.016535759,-0.05245769,0.39874548,0.044493575,-0.13536704,-0.327261
P00883,0.082493216,0.0132057145,-0.15908232,0.017669184,-0.37482154,0.15034887,-0.35807258,-0.5540033,0.04950883,0.113792494,0.4487377,0.00229422,-0.110546514,-0.17257494,-0.23057276,0.15123948,0.25304866,0.12705559,0.29098552,0.064477846,-0.26695234,0.10641503,-0.3820423,-0.35875565,0.48280323,0.17026478,0.047336146,0.5455805,0.1906125,0.4041375,-0.6366744,-0.35497797
P09960,0.18692638,-0.054149985,-0.38273486,-0.15507808,-0.1847504,0.555223,-0.37534678,-0.38088304,0.159376,0.04506278,0.045549948,0.11255589,0.044583797,0.11306099,-0.03750068,0.06587942,-0.09282552,0.011117138,0.19075897,-0.015584022,-0.036833752,0.036828548,-0.23546308,-0.018610507,0.31600118,0.22125572,-0.079424925,0.114031635,0.09352022,0.2157457,-0.21341573,-0.2723885
P00558,0.13285385,-0.110875845,-0.3808311,0.029441351,-0.39942288,0.2932543,-0.26470748,-0.50028473,0.0033746725,-0.025747031,0.30914715,0.00029485673,-0.2059639,0.09653007,0.0647532,0.11004314,0.12538156,0.16372809,0.2451612,0.015150256,-0.1250399,0.049539983,-0.3156019,-0.2630819,0.3173414,0.27796993,-0.055304326,0.41949776,0.08837368,0.19022147,-0.41777095,-0.26762873
P52735,0.27116162,-0.008290872,-0.18826622,0.07993887,0.039760705,0.3776823,-0.21903196,-0.36782885,0.13722196,-0.17568818,0.105013594,0.12295911,0.19381809,0.00037815422,-0.0974794,-0.08864066,0.059648693,0.09233521,0.18414754,0.0048333034,-0.14318419,-0.1918627,-0.2067838,0.11875455,0.4191754,0.16873072,-0.0701927,-0.11014184,-0.07059935,0.124731444,0.15145463,-0.04960426
O04019,0.09874825,-0.061346263,-0.29979506,0.34439093,0.037846487,-0.01889306,0.20383361,-0.6517912,0.26554567,-0.37940073,0.2795895,0.12072094,-0.11029717,0.30322495,0.31372538,-0.008584738,0.07561241,0.34950945,0.25059092,0.2608425,-0.102811754,0.021917537,-0.009064201,-0.12455742,0.10329993,0.2660929,-0.011590384,0.046757914,-0.073248945,-0.11894835,-0.05317233,0.15653719
P04418,-0.2985809,0.42877245,0.6087495,-0.116666354,0.32085904,-0.38019118,-0.2760167,0.54382366,-0.040647153,0.34341955,0.23985855,-0.2172713,0.19963858,-0.05049911,-0.19918141,-0.18681404,0.5265544,0.0090767965,-0.014302611,-0.64578426,-0.25411463,-0.62063503,0.33220023,-0.19142996,0.3552034,-0.11952109,-0.43496713,0.055905297,0.5773293,0.4339264,0.3658239,-0.18032174
O88587,0.21146901,0.048858233,-0.02202063,-0.0026642326,-0.11670081,0.16562806,-0.37921456,-0.511027,-0.0948335,-0.07307339,0.16999829,-0.0915959,0.32010645,0.15786096,0.006175399,-0.09995684,-0.038692176,-0.028110534,0.08067846,-0.33999878,-0.06302796,-0.330595,-0.3287732,0.1530968,0.12010045,0.2035235,-0.28421918,0.03995394,0.08585933,0.19191873,-0.023625787,0.08789331
P13569,-0.18971483,-0.024408601,-0.40306148,0.058231138,-0.1966679,0.34999445,-0.2696161,-0.56136227,0.145129,-0.053990185,0.051054332,0.27968454,-0.15565857,-0.28894398,0.12595892,-0.40965238,-0.029770002,0.30382782,0.40652877,0.20528372,0.039151438,-0.07582659,0.13487019,0.26246,0.26552558,0.30614302,0.023253083,0.3078491,-0.15024775,-0.13718666,0.04613367,0.1428905
P76015,-0.09731157,-0.023897365,0.023461632,-0.05883961,-0.50762814,0.26659885,-0.352918,-0.24627492,-0.050963435,0.32783017,0.14629982,-0.11351977,-0.03791353,-0.050771795,0.15263194,0.006653458,-0.09272006,0.08768715,0.2846073,-0.448218,0.075930625,-0.18120982,-0.3668648,-0.053844094,0.13323323,0.059123904,-0.21855202,0.42855856,0.3054968,0.218776,-0.38017106,-0.07023615
A5JQI1,0.048750922,0.0049667805,-0.1861845,0.053614587,-0.456637,0.25098705,-0.44533867,-0.36604905,-0.1736325,0.18436229,0.41676137,-0.08490655,-0.33120486,-0.15298809,-0.05740299,-0.044288382,0.07437963,0.28571066,0.36551058,-0.19442958,-0.1651872,0.021412104,-0.28634688,-0.1230223,0.4021948,0.17757875,-0.1760056,0.5876217,0.104342185,0.19873102,-0.39576742,-0.16379856
O15198,-0.23708099,0.027162343,0.10858058,0.11733515,-0.21088473,0.19810474,0.29519156,-0.07967013,0.4800574,0.29286182,0.19105792,-0.1768071,0.13239604,0.0082580745,-0.140724,0.314467,0.1791078,0.22707519,0.15902507,0.031473175,0.046099205,0.16801207,-0.11548418,-0.49673796,0.08860664,-0.20758569,0.20727491,0.0015441179,0.33774018,0.17446308,-0.16586281,-0.22884753
P0C7P0,-0.14490609,0.41141027,0.3300192,0.2818907,0.092309505,0.048548892,-0.060093097,-0.022086583,0.20383824,0.5815637,0.3938352,-0.2009398,0.07763705,-0.11801288,-0.18431243,0.17804423,0.05918677,0.014011107,0.24290404,-0.44894832,0.19219391,0.22216831,-0.035726044,-0.24632879,0.15421571,-0.49755755,0.0051204264,0.06509067,0.46126735,-0.13729595,-0.17680266,0.11693545
Q92569,0.14009307,0.090462595,-0.028986812,0.24640083,0.11176135,0.110553384,0.27555776,-0.43057042,0.32182047,-0.1842939,0.24398,0.030067861,-0.0068947524,0.27145433,0.16040215,0.07118589,0.012015387,0.26826623,0.13336414,0.20708065,-0.14806807,0.059025124,-0.057604287,-0.12070723,0.2792654,0.08252062,0.0060680285,-0.14322212,0.09302186,-0.028690813,0.060147148,0.07128611
P76014,0.018595323,0.13802205,0.08743773,0.08412363,-0.44052938,0.027235687,-0.8021277,-0.6063647,-0.06255034,0.027307793,0.2901068,0.017378867,0.09080663,-0.38933524,-0.24561888,-0.11629143,0.2549892,0.01916748,0.25828576,-0.459934,-0.058266774,-0.21374816,-0.25298834,-0.010802552,0.3244812,0.14927104,-0.14319322,0.56988573,0.14370725,0.4257059,-0.4767307,0.1057132
Q74JU6,0.19017021,-0.24307704,-0.6920869,0.13621527,-0.08066499,0.14753485,-0.09725973,-0.3293608,0.34482303,-0.1921084,0.03763141,0.19616681,-0.29723513,0.49504814,0.2038587,-0.026491001,-0.0029578656,0.16300994,0.16807565,0.027256653,0.03972705,-0.15040404,0.020619452,-0.36216187,-0.12927695,0.27726173,-0.3250914,0.28559548,-0.026346251,-0.07602297,-0.30881733,-0.13506506
P9WQP3,0.10093461,-0.023432024,0.056365658,-0.010807017,-0.4254713,0.4680079,-0.49503067,-0.17150956,0.04813649,0.10399848,-0.061814677,0.024386972,0.18911317,-0.20580003,-0.20643824,0.03028223,0.13919564,-0.13301596,0.011713952,-0.44730467,0.16402763,-0.32913136,-0.46411377,0.05262334,0.321468,0.030668313,-0.07264163,0.105046526,0.26482764,0.30358204,-0.05767462,-0.05070671
A8AY46,0.059844926,0.0043073297,-0.20303908,0.05375585,-0.44753167,0.24122924,-0.43098906,-0.34238788,-0.16715032,0.2057012,0.42229035,-0.09436543,-0.3609137,-0.12923113,-0.05626534,-0.047409207,0.07776618,0.3013866,0.35652465,-0.20027542,-0.17699997,0.01423499,-0.2647637,-0.14729135,0.3930841,0.15966032,-0.20160052,0.6010213,0.09457542,0.18119814,-0.4068662,-0.17741854
P39310,-0.070938006,-0.24338594,0.3538525,0.45555973,-0.03513487,0.14158583,0.11399588,0.1916076,-0.040976577,0.2676834,-0.014899772,-0.08033024,0.16815269,-0.15662459,0.07733675,-0.20850074,0.26770473,-0.072682016,-0.3426681,-0.2362681,0.26677594,-0.0017433614,0.17690635,0.041155174,-0.05171235,-0.17471027,0.041761167,-0.12255007,0.17005384,-0.31866723,0.09712078,0.4286113
P0AEU7,-0.121414535,0.13712195,0.6248494,0.22605783,-0.09413609,-0.29801005,0.089562595,-0.8012478,-0.03593551,0.16773468,0.4371365,-0.023691863,0.088852495,-0.07668487,0.21322027,-0.316303,0.059633337,0.08985137,0.043253496,-0.2630676,-0.035297915,-0.24710825,0.15774138,0.3358787,-0.01631961,0.089092374,-0.124104746,0.33468363,-0.013157561,-0.17996426,-0.24479598,0.719054
P05030,-0.123076014,-0.014327362,-0.211389,0.152822,-0.11211482,0.27229616,0.002558738,-0.31095752,0.17161275,-0.006297365,0.038225282,0.07975392,-0.11787052,-0.06660181,0.1306496,-0.30933106,-0.033785626,0.2925299,0.34768087,0.007046953,0.10455623,-0.15776986,0.067758635,0.1720358,0.06761412,0.10713374,-0.15637982,0.24908389,0.021105357,-0.16963458,0.10409747,0.17931454
P47068,0.039730176,-0.1641351,0.11563534,0.29016036,0.023295429,-0.15873072,0.660416,0.29797596,0.093384095,-0.13300154,-0.49809018,-0.47392225,-0.30342838,-0.08421869,0.01650998,0.086915284,-0.15254216,0.1886833,-0.42238015,0.31592035,0.14748797,0.10003355,-0.005166266,0.24958926,-0.4537313,-0.13886212,0.1811184,0.0772447,0.07530037,-0.14905168,0.5091965,-0.18732476
O22822,0.15257679,-0.07882318,-0.3568384,-0.026122848,-0.20358394,0.5559083,-0.40469143,-0.39231235,-0.100645475,-0.16451788,0.05434357,0.19945005,0.07083154,-0.026430853,-0.04303669,-0.12811127,0.022776365,-0.046991922,0.26757643,-0.20437945,0.052143674,-0.17436585,-0.27758563,0.21306221,0.30276078,0.25260434,-0.09933091,0.12431568,0.029624803,0.03586032,0.1370016,-0.06572057
P37887,0.03483595,0.009810656,-0.29911473,0.08751311,-0.48083478,0.31022772,-0.44633842,-0.39445502,-0.19256487,0.04729235,0.2708681,-0.0058296844,-0.28065056,-0.06434203,0.07755887,-0.022840723,0.06046453,0.18556958,0.34990764,-0.38373595,0.043294992,-0.087451234,-0.3208545,0.003778398,0.23664548,0.1857352,-0.19561756,0.48274034,0.10829138,0.023608537,-0.2141579,0.007045623
P08312,-0.009949356,-0.045780838,-0.21142665,0.057009958,-0.080299914,-0.05145917,-0.13676237,-0.57004505,0.0105923815,-0.05360937,0.27257478,-0.096147075,0.08246112,0.36188352,0.33539072,-0.14156172,-0.14762688,0.13611758,0.23447627,-0.19090031,-0.0060108798,-0.13817751,-0.086647645,-0.026603341,-0.10882105,0.26227862,-0.29483268,0.21348351,0.08890456,0.01578859,-0.16955258,0.12519284
P21583,-0.0033167452,-0.0728787,0.49092093,0.25659442,-0.06600316,-0.028018758,0.22121361,-0.11648453,0.2440711,-0.02066721,-0.116157696,0.11171925,0.15921947,-0.3209302,0.08509413,-0.32152545,0.186652,-0.2212958,-0.31883675,-0.0072977543,0.18379574,-0.35529694,0.24130183,0.026523449,0.21333157,-0.06401016,-0.026584983,0.17317441,0.15668403,-0.07622656,-0.0054005273,0.3088776
O88554,-0.10624714,-0.008604735,0.018641032,0.0374879,-0.04143086,0.23146135,0.25132132,-0.14812249,0.34901893,0.26140833,0.27693126,-0.10637812,0.16764286,0.03732861,-0.09894317,0.20201492,0.072819054,0.113898024,0.33544943,0.07631086,-0.06190976,0.12879078,-0.12308437,-0.39288247,0.27104652,-0.14006467,0.08959596,0.13792463,0.27678347,0.13074456,-0.18640113,-0.3435498
P19414,-0.043062896,-0.10615492,-0.30587482,-0.070920594,-0.17927964,0.40381232,-0.11532723,-0.20277563,0.12824576,0.21757072,0.18788208,0.07736778,-0.20132697,0.0571013,0.0054103807,0.05126901,-0.11396389,0.11138745,0.5330755,0.04026337,-0.011642902,0.08731611,-0.13085598,-0.18982188,0.31167424,0.10112185,-0.09625373,0.5015174,0.24617225,0.045871828,-0.32104793,-0.39163825
P15822,0.0554737,-0.16304082,0.07474295,0.19314706,0.0717912,-0.20676039,0.69859904,0.3643277,0.025037482,-0.118248254,-0.52136266,-0.5723069,-0.2548733,-0.124003366,0.004280098,0.033539683,-0.1097136,0.11558508,-0.46769467,0.29555714,0.08751844,0.03709361,0.03563821,0.2396443,-0.466627,-0.17360982,0.124036886,0.18416612,0.017263114,-0.122605056,0.5209588,-0.3105346
P0C0V0,0.009727687,0.033416852,-0.2646135,0.20878544,-0.12022266,0.3791087,-0.20015904,-0.0821523,0.24089979,0.08435544,-0.022001725,0.093177944,-0.1744692,0.08181342,-0.01908017,-0.13212404,0.025184274,0.2926673,0.19758931,-0.29280555,0.18816476,-0.17091346,-0.04144161,0.08947834,-0.05713997,0.016995048,-0.26076987,0.0531402,0.070766434,-0.14253172,0.04922576,0.25052232
P32527,-0.03919436,0.17562719,0.32292134,0.17901386,-0.0045766085,0.021434106,0.18307364,-0.39666754,0.15947965,-0.0077305734,0.30323663,-0.030497134,0.027243614,0.035460673,0.17824009,-0.078504235,-0.009924322,0.13432083,0.088400364,0.097060874,-0.0951835,-0.11495407,-0.03285567,0.010966182,0.44113988,0.10616775,-0.001759164,-0.0949063,0.21232247,-0.03998841,0.14543034,0.21612947
P40763,0.10364734,-0.0039274096,0.009870298,-0.040833816,-0.16979305,0.23703057,-0.21512794,-0.58304054,0.23373483,-0.07367867,0.12199141,0.06682904,0.2967285,-0.11302793,0.035290845,-0.06757325,0.042578563,0.047198903,0.002774015,0.24003197,-0.18111825,-0.20672953,-0.18969834,-0.016974315,0.5624776,0.2920533,0.102305904,-0.12856594,-0.01347243,0.26513308,-0.06440246,-0.025281835
O96033,0.20818691,-0.033252858,0.26418456,0.15709712,0.11269404,0.015335135,-0.7904662,-0.25269198,-0.07037865,0.29984793,0.14360467,-0.09271145,0.43063527,0.16507187,-0.14307866,-0.2543305,-0.04171042,-0.035072096,0.04524605,-0.7074413,0.08495263,-0.4595065,-0.100063324,0.30592352,-0.14716408,0.05794467,-0.47544,-0.002475053,0.07459169,0.13914013,-0.2878862,0.42377675
A1B198,-0.17052686,0.046362422,0.015735842,-0.04543846,-0.54447246,0.3800746,-0.76918447,-0.28957438,-0.10676124,0.20376709,-0.034418907,0.14425617,-0.04471898,-0.31120297,-0.01267691,-0.22907141,-0.050526693,-0.05758073,0.16312456,-0.6045617,0.2934775,-0.35958043,-0.3527248,0.2879928,0.22981091,0.14062312,-0.23556143,0.36295563,0.33022663,0.18609,-0.10626587,0.19082266
D5GCF2,-0.22237106,-0.37779588,0.15296751,0.21918446,-0.018131781,0.005770039,0.43327266,0.45153648,-0.2704662,0.07711761,-0.34393224,-0.21382993,-0.27073017,0.013328098,0.31602487,0.04197368,0.061089724,-0.18204162,-0.7706335,0.16970073,0.32422248,0.14180882,0.09058559,0.2882067,-0.2664467,0.13316098,0.29044992,-0.22619033,0.21072295,-0.45535037,0.5979351,0.061043557
P04156,-0.33006555,0.12335691,0.5402657,0.22798094,0.003698375,-0.395088,0.20736367,0.4551347,0.19453831,0.065700606,-0.057531137,-0.10694875,-0.0770485,-0.25515103,0.009515725,-0.03997618,0.36074412,-0.14727253,-0.27465972,-0.21093577,0.18072705,-0.2596883,0.40480876,-0.2907589,0.08361216,-0.18531658,0.03711701,0.09210035,0.5083571,0.050737616,0.3249388,-0.092320025
P32790,0.049342826,-0.028648816,0.027475543,0.31712025,-0.041793782,0.12486662,0.3092035,0.26505432,0.32979488,0.11268796,-0.37988898,-0.21620643,-0.16137445,-0.12236999,-0.17116788,-0.09030613,0.031536482,0.59212494,-0.25653428,0.030501693,0.025544297,-0.089052126,-0.004743103,0.14332175,-0.27182057,-0.23991081,-0.104841255,-0.0057997406,0.032837477,0.032625835,0.27766234,0.06607051
P01317,-0.29800737,-0.1608912,0.5688121,0.40519327,-0.03160641,0.026260585,-0.088157676,-0.15526,-0.047143694,0.41228017,0.26375905,0.060000136,0.38467813,-0.25543216,-0.002823159,-0.08863072,0.41301423,-0.3392473,-0.08730094,-0.38849634,0.39497665,-0.006645888,0.18292104,-2.8699636e-05,0.08948666,-0.21344998,0.2169747,0.007211387,0.33948392,-0.34908074,-0.15985335,0.54436755
P16435,0.033147156,-0.111860454,-0.1573936,0.010027481,-0.11594407,0.40788722,-0.026007295,-0.27022165,0.24512485,0.05567746,0.08250205,0.022922456,0.17508516,0.06394195,-0.002179779,-0.0070268065,-0.010270059,0.07406433,0.2687745,-0.0031643957,0.0016974909,-0.08456606,-0.1560972,-0.06290637,0.23319097,0.0688363,-0.039507605,0.05061642,0.0929286,0.07835574,-0.045829352,-0.15372309
O13877,0.027961373,0.08794047,0.26949003,0.28859198,0.28516206,-0.30962974,-0.11908989,-0.58849555,-0.1618189,0.1848231,0.7171151,-0.23287895,0.313402,0.24100032,0.14469981,0.08961779,-0.007994726,0.1434147,0.44014072,-0.28527188,-0.1642254,0.040282413,-0.14935192,-0.05454029,0.17887504,-0.022823485,-0.038185857,0.0587167,0.110516064,-0.05515219,-0.23085174,0.25163424
Q9BYF1,-0.1902735,-0.065972,-0.14048952,-0.1300392,-0.30419564,0.38872728,-0.3191406,-0.5382116,0.03682855,0.13665153,0.22859813,0.19977367,0.07849127,-0.26035786,0.020573549,-0.07375258,-0.0251683,0.08671405,0.3960706,0.13390954,-0.055775147,0.028859869,-0.25279617,0.045217365,0.52016914,0.27482775,0.1780121,0.27999726,0.16091833,0.21519579,-0.17317867,-0.20304656
P52987,-0.0534961,-0.010660529,-0.2220844,0.03847938,-0.5612561,0.31291655,-0.50606686,-0.22774094,-0.19289368,0.25184253,0.1757852,-0.052743748,-0.32090196,-0.047701605,0.1290831,-0.059218526,-0.014306657,0.17209981,0.3039534,-0.52259946,0.1245865,-0.20835245,-0.32962334,0.0018021762,0.12075664,0.12560743,-0.31033185,0.521869,0.20218429,0.012705874,-0.29051074,0.027247023
P03971,-0.38882178,0.060145617,0.45854902,-0.03148607,0.0075633936,-0.05738,-0.17084637,0.7934561,0.18721816,0.35804412,-0.08236469,-0.08834479,0.02890414,-0.2329441,-0.15814096,-0.12855148,0.3834294,0.10897849,0.017589182,-0.5466855,-0.03581335,-0.5745224,0.18413393,-0.15965809,0.33096707,-0.16366121,-0.22509217,-0.055734277,0.48761684,0.40403795,0.4928511,-0.27533993
Q8G5B7,0.15035744,-0.2135663,-0.6387499,0.09643345,-0.13386938,0.191232,-0.14611511,-0.30849698,0.33724633,-0.1298317,0.004931275,0.17090943,-0.2614159,0.45586357,0.19945419,-0.01966858,-0.024912328,0.15520668,0.1560396,-0.03592726,0.07453717,-0.1671152,-0.006593574,-0.3148687,-0.13293004,0.2628613,-0.32309607,0.26308924,0.006224297,-0.052789804,-0.3062352,-0.09956078
P68767,-0.105551735,-0.12160015,-0.13269818,-0.05505211,-0.666259,0.45140162,-0.48760617,-0.29325086,-0.18837477,0.13304624,0.07980925,-0.013015792,-0.14384803,-0.18821535,0.1278758,-0.12280205,0.029011555,0.095447026,0.2418527,-0.37426394,0.11842836,-0.20508018,-0.33853182,0.09249051,0.24453793,0.24313682,-0.1688911,0.4659559,0.21136984,0.18243396,-0.21189345,-0.025499005
O15393,-0.1650104,0.15065807,-0.08207736,0.15877403,-0.18740858,0.34102494,0.043006077,-0.05732342,0.42388275,0.24313773,-0.069667175,0.00558044,-0.13654819,-0.015305243,-0.05904471,-0.013137415,-0.022410884,0.2340787,0.22505975,-0.21119907,0.26410428,-0.028965585,0.014572326,-0.049256057,-0.13696188,-0.15465473,-0.1408261,0.16400647,0.27710512,-0.08419884,-0.034785096,0.09244244
C5M3T7,0.10744049,-0.008211911,-0.2055225,-0.036454,-0.48005676,0.20458707,-0.47036925,-0.76600146,-0.09810896,-0.11063725,0.34520832,-0.0561526,0.04214731,-0.07555609,-0.039409183,-0.016979083,0.21231891,0.18053211,0.09105699,0.030673146,-0.27161035,-0.005923994,-0.34158114,-0.107761785,0.36814624,0.41942668,-0.005336076,0.35206968,0.024104148,0.43158424,-0.38700715,-0.1274852
P19544,-0.05383508,-0.026433133,0.13282722,0.34807262,-0.09794016,-0.16383515,0.501549,0.330468,0.20091778,-0.075681925,-0.4692914,-0.48960865,-0.33251005,-0.1042285,0.024076052,0.18587272,-0.110254884,0.15482177,-0.43900517,0.17611842,0.3107228,0.13072057,0.026295599,0.084286034,-0.5151607,-0.21668348,0.21355352,-0.020393923,0.1814346,-0.15917893,0.43426186,-0.13527173
P19971,-0.21949536,-0.07276541,-0.057495542,-0.036540695,-0.6321182,0.3727103,-0.41254538,-0.316397,0.014638583,0.19256732,0.06826106,0.07960008,-0.07624518,-0.2724014,0.07715612,-0.056050926,0.06899096,0.109398924,0.2966175,-0.32650685,0.16100396,-0.19146127,-0.3111281,0.0016833097,0.26705688,0.15770712,-0.036690928,0.43165147,0.26069415,0.18926828,-0.27379563,0.014565229
P01563,0.12290709,0.080511265,0.5553532,0.14929129,-0.060763013,0.011284456,-0.49116933,-0.5355346,0.14684185,0.014654592,0.09461476,0.103348166,0.58582723,-0.5114144,-0.2374275,-0.2857758,0.25026137,-0.5948133,0.005103022,-0.25247046,0.2353644,-0.49689895,0.030846994,0.09411506,0.45737547,-0.05783216,-0.010926619,0.23604618,0.15871301,0.091932245,-0.33006835,0.32449022
O75563,0.110736534,-0.09251678,0.17589277,0.39184636,0.008800697,0.14152616,0.14071652,0.30324566,0.11349917,0.11705969,-0.015103694,-0.22128148,0.059665203,-0.13892354,-0.18517241,-0.13120854,0.31428865,0.44022328,-0.14050919,-0.2596311,-0.043114264,-0.19567434,-0.068483144,0.0027475655,0.07229017,-0.25542852,-0.094948195,-0.082766816,-0.005665526,0.046544623,0.28149447,0.15162106
P0AAI4,0.0009924024,-0.04396172,-0.483336,0.2839992,-0.021861486,0.06432588,0.017486632,-0.58050615,0.26040986,-0.27020594,0.19406147,0.1594074,-0.21147151,0.16704255,0.26710665,-0.14879405,-0.013269842,0.3115373,0.4003225,0.16045038,0.020436715,0.009587795,0.090606585,-0.064258456,0.04490842,0.25283763,-0.12401632,0.25990224,-0.08800486,-0.21199106,-0.08303037,0.15684956
O75112,-0.23219076,0.045153752,0.1277042,0.254372,-0.06960958,-0.103537455,0.45605314,0.3087312,0.31571135,-0.1426492,-0.59429455,-0.3556907,-0.35517547,-0.15084216,0.0059989616,0.29747283,-0.2530347,0.22005394,-0.27720922,0.2582416,0.37981775,0.07616243,0.01600137,0.16638856,-0.603095,-0.1683377,0.37434068,-0.085920945,0.17554903,-0.10810021,0.4937314,-0.1888064
O15054,-0.32429254,0.13173397,0.14503372,0.21647628,-0.07560672,-0.08794641,0.43648088,0.27488473,0.39499786,-0.19214636,-0.67245555,-0.3290016,-0.294646,-0.36106125,-0.11684326,0.36672944,-0.26699102,0.19417503,-0.123279154,0.29289252,0.40987596,0.06727637,0.011387583,0.19601008,-0.62112176,-0.238031,0.4998947,-0.00013382733,0.13457105,-0.06561609,0.4667879,-0.25349987
P15291,-0.21509889,0.2765532,0.13290104,0.22357556,-0.20733605,0.1626066,0.4141069,-0.17974803,0.4156647,0.19942628,0.11998437,-0.16218999,-0.12320907,-0.013571136,-0.03505382,0.17229882,0.009643972,0.10261626,0.29637843,-0.093842186,0.260956,0.1761425,-0.010295663,-0.2917571,-0.12268399,-0.29924953,-0.0027064756,0.31472558,0.4877196,-0.109266035,-0.13443272,-0.026505165
P0DP23,0.43780798,0.14352709,-0.07138393,0.47634006,0.48533517,-0.30086187,-0.1417317,-0.62153965,-0.10137833,-0.29386967,0.64291525,0.09109828,0.050785065,0.1695312,-0.09108723,-0.17796004,0.2962343,0.44784462,0.27303627,-0.13020292,-0.4170292,-0.1305143,0.055044245,0.023145877,0.30892438,0.087565385,-0.20085785,0.11184723,-0.32813758,-0.09047917,0.0018836893,0.34086907
P17931,-0.23228104,0.1466825,0.21235639,0.22605991,-0.31965092,0.17685324,0.15273571,-0.028809622,0.55981946,0.3999796,-0.13236742,-0.2115356,0.06306186,-0.1668748,-0.22840697,0.20951556,0.10390076,0.18047512,-0.08961508,-0.3046197,0.40790823,0.08833967,0.011557218,-0.23807456,-0.44694322,-0.44408292,0.12290918,0.13860036,0.27988222,0.040194016,-0.2558804,0.084606364
P00390,-0.13016388,-0.091109425,-0.36042082,0.020953028,-0.35196093,0.3665969,-0.12000984,-0.3318577,0.22601813,0.0678878,-0.06726441,0.04882446,-0.104707845,0.07567019,0.19877464,-0.16593936,-0.06378442,0.20402464,0.19702125,-0.11654998,0.18514095,-0.18276893,-0.042766463,0.04145433,-0.070262596,0.17609148,-0.21195629,0.25494847,0.063595794,-0.09089848,-0.09825198,0.091156706
Q9UTI7,-0.066009045,-0.06329428,-0.02194956,0.12042234,-0.19366758,0.28559378,0.31858578,-0.17021158,0.32770535,0.07103184,0.09916721,-0.16561328,0.079925895,0.04125785,-0.085351735,0.074888416,0.10512939,0.20051602,0.2845292,0.0025065541,0.04338344,-0.008372605,-0.09334107,-0.20043056,0.062217683,-0.0975355,-0.05184648,0.24571873,0.2083857,0.060284745,-0.04161704,-0.17644127
P23202,0.04730369,-0.08957812,0.013978824,0.19996023,-0.09249152,0.22163126,0.09398848,-0.14224708,0.03918678,-0.01721266,0.07018542,-0.07426535,0.12759936,-0.13857403,0.0033111721,-0.29037598,0.16146463,0.1585173,0.19256443,-0.17144158,0.004553142,-0.3317371,-0.07185806,0.0958571,0.17202784,-0.047383204,-0.19003859,0.21206461,0.020769939,-0.032413255,0.18846521,0.081767395
C5M5Z6,0.2508213,0.02493643,0.076486655,0.04609616,-0.055178363,0.21901152,-0.3933103,-0.4147286,-0.09779016,-0.055342034,0.15991633,-0.077832125,0.4046291,0.08046057,-0.0797083,-0.07533844,0.0014603809,-0.12906125,0.13477665,-0.36752433,-0.023326121,-0.3503032,-0.36613855,0.13949478,0.19342227,0.11182947,-0.21935132,-0.0019139946,0.117461644,0.18790273,-0.007347036,0.058296647
O00399,-0.013253376,0.003317684,0.093186006,-0.061630346,-0.3015588,0.3561367,-0.51541257,-0.02968692,0.23373659,0.3856299,-0.08721505,-0.02629809,0.24793243,0.010648482,-0.10601376,0.0055945516,-0.017178707,-0.071026824,-0.14872152,-0.50081027,0.1913548,-0.34865978,-0.33768117,-0.03865619,0.11496146,-0.013309514,-0.16321984,-0.15518203,0.29060563,0.2718231,-0.110192314,0.040489715
P06367,-0.089647904,-0.12466489,0.19053131,0.15474972,-0.2941852,-0.38857254,-0.38563383,-0.38870785,0.15722075,0.22608554,0.37486336,-0.1780273,0.07646251,0.20570269,0.27441123,0.21786939,-0.0046085864,0.08421505,0.2543506,-0.32475388,0.023548689,-0.25736457,-0.27114168,-0.5884161,-0.022264339,0.077131584,0.019373216,0.23427778,0.2655803,0.34620133,-0.7068057,-0.087020144
O54288,-0.03895755,0.096625425,0.038972966,0.040452465,-0.4155587,0.26292756,-0.83324265,-0.43192393,-0.17184459,0.029424928,0.050762046,0.20113719,0.04331976,-0.3682573,-0.11918595,-0.29100168,0.0756478,-0.07160998,0.1403471,-0.5871079,0.19217859,-0.39960814,-0.3014246,0.3318087,0.30514485,0.1845439,-0.21173719,0.3624088,0.20980984,0.20502253,-0.0440618,0.2438023
P09608,-0.040099293,-0.13736127,0.043601006,-0.12569882,-0.51743174,0.4968106,-0.46564344,-0.20868392,-0.047243323,0.168699,-0.09639077,0.051641434,0.12355992,-0.1935479,0.04991495,-0.17625913,-0.060718283,-0.07267126,0.060117498,-0.3521486,0.12642436,-0.34959954,-0.37297088,0.1724133,0.28623933,0.17581028,-0.15843004,0.21753001,0.24321753,0.28010103,-0.09028436,-0.050911736
P0A912,0.10257198,-0.0031914115,0.12358432,0.48750144,-0.062750846,0.10998428,0.10924113,-0.2054025,0.07175186,0.13701275,0.15076558,-0.23754461,0.1871289,-0.24152306,-0.14753991,-0.07196668,0.37491155,0.17245772,0.08294305,-0.3407752,0.21486315,0.002089098,0.01807459,0.0049188435,-0.08869223,-0.3684874,-0.031650923,0.30368516,0.0019096173,-0.22596346,-0.16704619,0.37932742
P62829,-0.14880924,0.08858606,0.12219635,0.103197865,-0.07222484,-0.32942092,-0.29167026,-0.19055808,0.32239786,0.4674528,0.45227507,-0.13232037,-0.052411005,0.24977425,0.23805556,0.32177985,-0.11560361,0.092457056,0.34048003,-0.35239303,0.05190986,-0.06322937,-0.15846032,-0.70497274,0.060480833,-0.13469179,0.017352164,0.15523708,0.3594994,0.24427687,-0.64337814,-0.23016776
A0A075TRK9,-0.22032551,-0.028902203,-0.10671369,-0.06765707,-0.23945113,0.46566895,-0.3168537,-0.061028205,0.08494914,0.28052184,-0.045634415,0.13495381,0.0032838434,-0.18711904,-0.033878304,-0.167115,-0.13509132,-0.016358137,0.44222504,-0.31896508,0.228043,-0.20824029,-0.15051794,0.1531736,0.17674641,0.021673696,-0.14388028,0.29119623,0.309714,0.012418596,0.02907819,-0.09612097
B2UP57,-0.1525142,-0.04524237,-0.0035780296,-0.05664917,-0.31829083,0.41439053,-0.4477628,-0.09259056,-0.0786035,0.24043626,0.009762663,0.13138917,0.027047813,-0.18809322,0.014365047,-0.197467,-0.110245734,-0.0683121,0.32752615,-0.47153848,0.20351064,-0.31615448,-0.28433755,0.19245213,0.24370326,0.07328906,-0.20990345,0.28177044,0.3305075,0.090118855,0.021182258,-0.018567536
P0AE85,-0.045164376,-0.09877196,0.5922603,0.39451343,0.00207486,-0.043526545,0.30479014,-0.38053417,-0.14296408,0.20635843,0.27125832,0.08263512,0.119953096,-0.16557649,0.18274024,-0.28038815,0.25215352,-0.075249515,-0.19249405,-0.23756818,0.11422371,-0.10821156,0.19109079,0.2922865,0.09653865,-0.08135832,0.009807609,0.18978524,0.052128177,-0.43373233,-0.053966705,0.719872
P63085,0.26138002,0.045670465,-0.5025969,0.17894566,0.104806855,0.38410324,-0.31395462,-0.38844284,0.20570111,-0.25380245,0.10971913,0.2443595,-0.049976587,0.24224573,-0.10736534,0.055012077,0.056621075,0.119203076,0.3480994,-0.15126036,0.05641899,-0.03572215,-0.15390165,0.050303824,0.1278735,0.15729748,-0.11681462,-0.029990494,-0.021164648,-0.07802981,0.06680402,0.048004452
P06850,-0.28552258,-0.37853578,0.55147284,0.3549524,0.05911399,-0.050191037,0.39924008,0.16050437,-0.3963872,0.29604343,0.066293284,0.12037523,-0.037480712,-0.17679164,0.22449243,-0.2187191,0.3670969,-0.38035092,-0.61190045,-0.075492784,0.28121462,0.1599404,0.36937264,0.2971039,-0.042132176,0.03418552,0.25300875,0.053125814,0.2844031,-0.61965424,0.22350922,0.49050808
Q9D1M4,0.22687681,0.10671948,0.14685056,0.14521347,0.06720568,0.14170875,-0.46212217,-0.36889112,-0.1259777,-0.046440452,0.22835542,-0.0266833,0.34976733,0.0029545203,-0.11033829,-0.08644727,-0.03294462,-0.1603632,0.2831787,-0.41525608,0.0344753,-0.3166478,-0.33784062,0.15291788,0.26189333,0.050795503,-0.19369647,0.032456875,0.18018097,0.11493166,0.020271119,0.11017759
P01031,0.03521788,-0.10012384,0.045868255,-0.25302994,-0.22134304,0.43310723,-0.6033025,0.1566284,0.28099868,0.471471,-0.4073825,0.04147455,0.20501405,-0.044333134,-0.17135832,-0.3052744,-0.19198363,0.13746479,-0.41144276,-0.33655074,-0.02587879,-0.50151616,-0.18585314,0.20721136,0.1032684,0.102645285,-0.36680725,-0.1481471,0.1461529,0.47760555,-0.04723047,-0.026761927
O35235,-0.15393591,-0.022455245,0.43885764,0.114074774,-0.1655728,0.14580889,0.11563507,0.06183102,0.2571487,0.48227307,-0.08267355,-0.11621988,0.20947179,-0.064695306,0.0719868,-0.26962075,0.009961836,-0.090683945,-0.4137704,-0.26108906,0.18574221,-0.15536197,0.17629968,-0.039457515,-0.12979415,-0.1764062,-0.17503524,-0.04516989,0.2918137,-0.028321026,-0.10388996,0.27374512
Q06406,0.20596568,0.03456363,0.2876348,0.13004604,0.18001851,0.034393266,-0.60249317,-0.012740411,0.0060334904,0.5259415,0.13371527,-0.19501482,0.43959004,0.11473314,-0.23668128,-0.3095329,0.060655482,0.0587134,-0.15459514,-0.6886572,-0.031948786,-0.3654156,0.03077757,0.1588461,-0.17225201,-0.122333996,-0.52351445,-0.0048039258,0.062026054,0.16054969,-0.3159612,0.33161336
O53580,-0.06571545,-0.050713524,-0.31419608,0.0042860564,-0.19181514,0.5828129,-0.47441322,-0.15897366,0.042381164,0.07550626,-0.09317005,0.26345676,-0.038072303,-0.12959638,-0.052231677,-0.24454907,-0.05780919,0.026747778,0.33087695,-0.28152332,0.22925764,-0.26626307,-0.15670463,0.28641728,0.17955329,0.1540502,-0.16113707,0.114296705,0.111670546,-0.08516211,0.15953821,0.07988635
P06243,0.073866755,-0.051261514,0.049603127,0.074866034,0.08193402,0.40344766,-0.23470014,0.28269154,0.08112545,0.118467696,-0.058271196,0.056720823,0.086523,-0.15753204,-0.28961763,-0.19352576,0.15402335,0.26181275,0.1699852,-0.27546716,-0.087867916,-0.38046652,-0.102858424,0.16076055,0.3817557,-0.062774,-0.14019707,-0.09838328,0.087655775,0.20404834,0.4329662,-0.10686208
P28741,0.068843514,0.09142929,-0.24715874,0.2232075,0.0048487447,0.19106942,0.16965735,-0.33516765,0.32315114,-0.10372794,-0.009170789,0.04844086,-0.32763523,0.11880379,0.1826131,-0.17577094,-0.16119562,0.45487422,0.21839386,0.17895357,-0.044239897,0.017083853,0.14550062,0.14722562,0.03202656,0.12672623,-0.19256774,0.16676688,-0.05069717,-0.16705824,0.062829405,0.15960233
O43704,0.25072867,0.043131396,-0.20995316,0.004356703,-0.018906537,0.3812901,-0.27274185,-0.46840164,-0.099219956,-0.141161,0.29511517,0.04880336,0.1581235,0.14513972,-0.06721987,0.09783271,-0.032194212,-0.11765394,0.37831765,-0.19046816,-0.05094452,0.02135031,-0.36625856,0.032143325,0.34491813,0.13971929,-0.068882965,0.10959632,0.16488853,0.10672399,-0.015488982,-0.19071327
O88470,-0.05905521,-0.17232138,0.24727735,0.62316054,-0.24674115,-0.112319715,0.37542027,0.1865299,0.2675692,-0.07541467,-0.38685974,-0.32736912,-0.25813258,-0.2931281,0.07878273,0.29899427,0.06965797,0.0034090802,-0.39967614,0.1379207,0.45033717,0.20522921,0.027426954,0.020132527,-0.455724,-0.18738851,0.4866658,-0.12772581,0.034562506,-0.32938856,0.1939876,0.11799821
P03452,-0.3844453,0.12988505,0.3370495,-0.2292823,0.15400137,-0.14081547,-0.10146605,0.8143052,0.06685023,0.3349545,-0.14709021,-0.14165372,-0.035447657,-0.09238367,-0.08051749,-0.21913934,0.27638268,0.22655386,-0.030387789,-0.4475547,-0.22539587,-0.6451205,0.27636558,-0.031641766,0.27092683,-0.05689504,-0.3846558,-0.017013416,0.45191154,0.44438714,0.6546303,-0.39896297
O13289,-0.24399404,0.17873718,-0.028813906,-0.060843647,-0.07707511,0.24173269,-0.24284542,-0.22071254,0.0999199,0.41942668,0.24079724,0.0707387,-0.11635998,0.002269961,0.19526029,0.036272675,-0.38321614,-0.05358679,0.57253784,-0.17643122,0.15473364,0.10012506,-0.16429085,-0.06711468,0.25024152,0.019024985,-0.058231138,0.29221135,0.45781347,-0.026243579,-0.23559219,-0.18646237
P51881,0.017864957,0.08877,-0.20399785,0.08542966,-0.15656291,0.012585878,-0.31844482,-0.855955,-0.020720202,-0.13278924,0.4567826,0.08394343,-0.044438034,-0.114167154,0.11669312,-0.2024172,0.09061725,0.2919094,0.3220492,0.18912165,-0.2786215,0.037220865,-0.043507878,-0.013116315,0.4370795,0.3623846,0.03460654,0.32308763,-0.096907996,0.15272275,-0.2221884,0.07305144
A0A3Q8IFX2,0.01639752,-0.005949877,-0.088511385,-0.026978353,-0.48905143,0.27047244,-0.49380714,-0.47299534,-0.073442504,0.12627801,0.30859864,-0.0034983829,-0.05288142,-0.23572612,-0.16424337,0.045041867,0.18529637,0.08111405,0.2402387,-0.13935384,-0.12838544,-0.024920128,-0.41669145,-0.142895,0.42728359,0.21040629,-0.042188503,0.5120629,0.22999933,0.39895365,-0.47742882,-0.21409948
P0AG86,0.16179056,-0.1899778,0.4181232,0.058620997,-0.06633164,-0.078770414,-0.42148623,-0.3556326,0.051797595,0.4588662,0.1748232,-0.27295303,0.5928971,0.13252696,0.008206204,-0.24068788,0.017350987,0.05110172,-0.19463055,-0.43027663,-0.111785896,-0.43873692,-0.110887155,0.04157965,-0.12102607,0.01652195,-0.35823396,0.031494036,-0.026037447,0.29159087,-0.55761683,0.3137725
P34896,-0.059091777,-0.104807526,-0.3307279,-0.04168109,-0.28445327,0.35997576,-0.18750043,-0.43829596,0.0023794426,0.087497815,0.28196797,0.06549285,-0.15677004,0.06404445,0.1615606,0.041805893,-0.090433106,0.13178399,0.48687905,0.039708868,-0.032733504,0.099167585,-0.2279777,-0.10117115,0.31001705,0.25573382,-0.035195768,0.40950054,0.16961819,0.056225054,-0.2959109,-0.25499088
Q9Y7F0,0.24580891,0.17399612,-0.105588354,0.08483987,0.02543078,0.035020307,-0.34711578,-0.4661905,-0.068356924,0.016144216,0.36858174,-0.12968895,0.070176125,0.32617274,0.07563441,0.14368314,-0.17716072,-0.008392431,0.33736435,-0.44378257,-0.02853442,-0.013454899,-0.35037118,-0.061209753,0.08959913,0.039763834,-0.26779613,0.17346165,0.22004077,0.112269595,-0.22771177,-0.024163146
P01556,-0.17955782,0.22439376,0.5546581,-0.017812992,0.13844894,-0.16105166,-0.4809222,0.36079854,0.051874403,0.60484934,0.114504054,-0.1892725,0.34448963,-0.048668906,-0.27007574,-0.28215814,0.27461436,-0.080594175,-0.16168067,-0.814373,0.004160027,-0.5707335,0.19209535,-0.025085866,0.053153604,-0.2114064,-0.5054159,0.054732896,0.43593782,0.25075802,-0.01112381,0.13809468
O76927,-0.04738252,0.078659534,0.408891,0.12500925,0.24165754,-0.37741902,-0.20065978,-0.3404393,-0.05992767,0.457259,0.78022563,-0.31843472,0.3403263,0.32167065,0.17579845,0.25447622,-0.042822734,0.12244452,0.3666672,-0.30257314,-0.24945146,0.041940823,-0.17637567,-0.40655333,0.23481862,-0.04948827,0.011601932,-0.063651726,0.24706313,0.20550887,-0.46157402,-0.038053174
O95631,-0.021165922,0.24160588,-0.07315188,0.09351225,0.2544278,0.22382754,0.10112369,0.039277814,0.3939926,0.3956829,0.32216862,-0.01210922,-0.111901365,0.18056408,-0.11006613,0.15144265,-0.09200464,0.098683454,0.25874907,0.039366752,-0.047164727,0.30520707,0.056854066,-0.42582965,0.30853242,-0.23720726,-0.030481659,-0.017002463,0.3659741,-0.03445486,-0.13036898,-0.26776868
P02294,-0.30135077,-0.12718958,0.2799681,0.6653029,-0.14190796,-0.33693832,0.15450007,-0.76719123,0.09956969,0.06958653,0.4663371,-0.01776278,-0.009262949,0.0018223077,0.34182242,0.12414854,0.1815136,0.4821406,0.30725014,-0.1399481,0.18489979,0.11422725,0.1643635,0.025604218,-0.39530504,0.032460406,0.30026874,0.10569983,-0.16300088,-0.3729913,-0.3067247,0.73445857
B2RHG1,-0.4766479,0.06933695,0.34522647,-0.26461938,-0.16219783,0.1892661,-0.4865734,0.71558684,0.21003844,0.55884624,-0.23051025,-0.0030997097,0.081682324,-0.3294312,-0.22250319,-0.17454132,0.18895918,0.022470593,0.065549806,-0.6496039,0.04104455,-0.6630834,-0.004036043,-0.045034245,0.29986703,-0.13121252,-0.2506595,-0.022408992,0.51402843,0.51914084,0.33050564,-0.31988576
P0DPD7,0.21776105,0.0019655898,0.006699726,0.074259326,-0.11028534,0.3952976,-0.41666397,-0.12766139,0.062135737,0.035400286,0.03371704,0.049625978,0.25025833,-0.030704089,-0.2138817,-0.013537914,0.12310548,-0.06292606,0.07349354,-0.40021747,0.04435679,-0.33270508,-0.3722549,0.061247155,0.270527,0.030266883,-0.1512745,-0.07230565,0.14419854,0.20948392,0.05305511,0.0015080981
O49523,0.13008599,0.020466983,-0.0039051846,-0.13428742,0.08359407,0.40810904,-0.1400922,-0.10815974,0.1410753,0.33311594,0.22223912,-0.032873176,0.2972287,0.0023320243,-0.2508514,0.13317952,-0.07148932,-0.0815134,0.25879782,-0.07394818,-0.12202533,0.026749924,-0.29620543,-0.15897416,0.4964012,-0.116658784,-0.020677574,0.05373244,0.26845342,0.23002812,-0.14947885,-0.4071524
P63279,0.34269893,0.42067418,-0.11713297,0.28427184,0.43881547,-0.040086497,-0.4249914,-0.33353755,0.0156474,0.057187796,0.4682915,0.0143179,-0.04445961,0.2132205,-0.09750578,0.19163665,-0.20644988,-0.046434186,0.5413061,-0.44828415,-0.008278281,0.17575146,-0.21322563,-0.09162377,0.27289397,-0.18976152,-0.16156149,0.093814105,0.23192203,-0.07449769,-0.12218067,-0.027307156
O75937,0.044329435,0.1548271,0.4578326,0.25631103,-0.08514766,-0.13705248,0.3494985,-0.7157129,0.030682564,-0.043843552,0.41989654,0.026497483,-0.09908517,0.06349992,0.3062762,-0.06784983,0.066292614,0.33509138,-0.117258534,0.08085962,-0.26362008,-0.12921613,-0.028317679,0.2046231,0.3091578,0.2015261,0.0680384,-0.043900788,-0.0923379,-0.14476602,0.04135141,0.52124906
P06168,-0.07734503,-0.08310804,-0.15317953,-0.036657482,-0.35417378,0.2752028,-0.08099265,-0.61740106,-0.026961584,-0.058520466,0.19140626,-0.050319552,0.14670831,0.04213617,0.26422647,-0.1358675,-0.02342987,0.024887357,0.19705033,-0.011110827,0.018003933,-0.1552983,-0.2238642,0.067393996,0.19802882,0.28655043,-0.045056976,0.16009262,0.093991555,0.037276175,-0.025359552,0.0077664685
Q24803,-0.12666647,-0.11909354,-0.18543771,-0.08001453,-0.6225726,0.4100296,-0.40277353,-0.36473373,-0.094404235,0.17946249,0.166814,-0.026432127,-0.16513994,-0.14717084,0.14221334,-0.027056009,0.02047459,0.19935781,0.30529943,-0.18492576,0.012592669,-0.08134955,-0.30883515,-0.025263533,0.29145825,0.2714071,-0.06739061,0.46026778,0.16803786,0.22250684,-0.32676277,-0.15026447
P04819,-0.1665024,-0.08297256,-0.090398885,0.13035052,-0.3071849,0.32514408,0.28430474,-0.29952154,0.37246847,-0.022506729,-0.012711924,-0.08844638,0.021761581,-0.02061414,-0.045159437,0.041120976,0.095434844,0.2757221,0.28225344,0.12916945,0.13437682,-0.009328939,-0.07822749,-0.109780684,0.0004426837,0.0073565487,0.037178464,0.25514606,0.1937607,0.02956135,-0.014598716,-0.067542285
Q9BSI4,-0.27082485,-0.09002404,0.33512345,0.10277895,0.0053485148,-0.09118838,0.25771293,0.558258,0.12682477,0.09650727,-0.20434178,-0.17162532,-0.11914924,-0.11430165,0.09543107,-0.067687556,0.1476065,0.16163433,-0.18640968,-0.021135837,0.008943369,-0.28980017,0.1644957,0.002837792,0.19120891,0.0032713134,-0.049303897,-0.11619392,0.3785165,0.1335204,0.6074773,-0.19280902
A2AR95,0.09883933,-0.2212215,0.17823654,0.5582298,-0.049676467,-0.013131354,0.348078,0.29474127,0.017046172,0.01672759,-0.18444356,-0.26077324,-0.18828319,-0.1197158,0.08192303,-0.08129093,0.13206661,0.23039198,-0.4052079,0.04717435,0.13777764,0.096901596,0.022760268,0.092747286,-0.104566485,-0.14877996,0.07600685,-0.13689241,0.08032706,-0.28964412,0.32387522,0.25677344
P02649,0.069315076,0.42753446,0.58705825,0.102077164,0.10170555,-0.38622534,0.27648905,-0.24195307,0.13577226,-0.12681442,0.18117924,0.06020327,-0.22240227,-0.3054067,-0.06391988,-0.33685973,0.410814,0.20307747,-0.32316262,-0.008774027,-0.3423989,-0.43625432,0.45876294,0.1028948,0.40111005,0.005592162,-0.15669999,0.38881707,0.051304176,0.19891761,0.2168282,0.1129597
P32121,0.02731581,-0.15528524,0.0276879,-0.15661193,-0.21913573,0.23026708,-0.077398844,0.01533673,0.50863045,0.42995265,-0.052668817,-0.08932401,0.2732865,0.25802004,0.0075360164,0.1610809,0.042339366,0.19866675,-0.40783697,0.003837593,-0.17980053,-0.14014122,-0.15828635,-0.52212197,0.11574842,0.009526292,-0.0014092326,-0.31352574,0.16276088,0.4656464,-0.36448905,-0.2567465
O43865,-0.10537292,-0.15923974,-0.35164234,0.06493487,-0.24389781,0.2504322,0.1814236,-0.43539718,0.24549863,-0.07000615,0.12913923,-0.0043187737,-0.08253959,0.18573633,0.23146388,-0.022068083,-0.027744815,0.15246269,0.36534852,0.14797552,0.06450897,0.019075722,-0.033295278,-0.19310676,0.037291795,0.18671286,-0.09415903,0.36720473,0.13097939,-0.065332904,-0.1793439,-0.15554255
P0AEJ6,-0.026315115,-0.057714522,-0.11254824,-0.101336084,-0.40248764,0.28500944,-0.31242102,-0.524158,0.021651525,0.17694885,0.35742354,0.049776733,-0.033339024,-0.17025101,-0.14075254,0.09563189,0.11759374,0.1143489,0.27815574,0.11884181,-0.20933922,0.086714506,-0.40044564,-0.21528791,0.5232557,0.23179294,0.07146179,0.47936103,0.2536735,0.40662855,-0.51609087,-0.3668233
L7NCQ3,0.068816125,-0.10327025,-0.30731013,-0.094917215,-0.42958373,0.45801654,-0.27361494,-0.4684575,0.004138152,0.013016686,0.14121579,-0.01210843,0.004157588,0.078760885,0.11422559,0.057775125,-0.0006009415,0.028592065,0.20917702,-0.10542644,0.0074504567,-0.029597476,-0.3139684,-0.06031482,0.24389692,0.25538638,-0.087766685,0.27479047,0.13156804,0.16363978,-0.25635105,-0.19132733
P11859,-0.17646174,-0.1573394,0.2650978,-0.0957269,-0.37816,0.3506863,-0.32845312,0.14135244,0.18356314,0.32870668,-0.25723237,0.071403995,0.2105881,-0.24980998,-0.054682784,-0.2923633,-0.024151012,-0.14369577,-0.020761326,-0.4895991,0.22367908,-0.58453393,-0.17453322,0.11953181,0.20164584,-0.032800213,-0.24156111,0.123972476,0.35792863,0.2590593,0.074526876,-0.013626859
P49577,0.051099777,0.0038874298,-0.14313024,-0.0075325537,-0.42628664,0.21187052,-0.42013645,-0.5325758,-0.010969584,0.12271964,0.3890501,0.0027770847,-0.08310389,-0.21651517,-0.20990303,0.086576834,0.2315202,0.112691715,0.26923436,0.0011464059,-0.22096905,0.054799467,-0.38951102,-0.25748855,0.46559715,0.19785596,0.0041459575,0.547596,0.19737849,0.4005694,-0.57821083,-0.2912942
Q9SSE7,-0.10836594,-0.046438396,-0.058638327,0.16772407,-0.352506,0.22796884,0.2644016,-0.2376948,0.31656078,0.08004645,-0.0015800335,-0.16206881,-0.01986672,0.09119857,0.090379186,-0.027909398,0.092252225,0.2505472,0.08831836,-0.1304001,0.17053737,-0.102845594,-0.07438192,-0.14258717,-0.1852606,-0.052314736,-0.17423359,0.27647296,0.19296393,-0.02737621,-0.13804707,0.1092519
P0A870,0.083475366,0.008426517,-0.17844507,-0.025375264,-0.5100465,0.2158739,-0.52972955,-0.71593225,-0.13063246,-0.085587144,0.32113883,-0.051462308,0.025026724,-0.13357237,-0.03621544,-0.048717678,0.20325315,0.18638414,0.10445541,-0.06470083,-0.23692293,-0.04053572,-0.34632164,-0.05112207,0.35825324,0.40438223,-0.034562625,0.36598733,0.027562432,0.42847115,-0.34876415,-0.08655675
O35305,-0.09918195,0.046726905,0.08882094,0.20414342,-0.12580836,-0.058981895,0.53969735,0.21178222,0.2955681,-0.012796424,-0.48260906,-0.44660532,-0.3097071,-0.0242543,0.018455662,0.12331402,-0.21556227,0.27407706,-0.36315563,0.20660461,0.2415352,0.10037656,0.009177353,0.13038048,-0.5106361,-0.17750229,0.07976102,0.054794773,0.23970085,-0.05134679,0.38466248,-0.15722202
A0AVT1,-0.05596821,-0.10836606,-0.20472392,-0.084437534,-0.27363417,0.42169145,-0.15717481,-0.21857488,0.19417286,0.19168523,0.052978236,0.04268366,0.0066170692,0.0037683398,0.055703096,0.029266544,-0.10264517,0.05852284,0.38789886,-0.10373993,0.07584677,-0.058403328,-0.16094065,-0.10540171,0.22345574,0.09073726,-0.09951583,0.3247566,0.1981,0.09912425,-0.24533463,-0.23689045
O15056,-0.040806316,-0.0828532,-0.034690388,-0.15519935,-0.096195005,0.3910303,-0.23907611,-0.018830784,0.1795849,0.3407321,-0.048243355,0.034570068,0.1603941,-0.051082216,-0.030105658,-0.18055087,-0.20007901,0.02101472,0.21106493,-0.20036745,0.016780253,-0.19942853,-0.093382254,0.04332371,0.25093746,0.0044192728,-0.2205357,0.16742413,0.21234602,0.18757014,-0.05933382,-0.20811127
P31230,-0.22049293,0.08576594,0.15804595,0.3320381,-0.34448302,-0.013485316,0.4159444,-0.44398147,0.30433598,0.038411506,0.1878285,-0.19551903,-0.13408907,0.10937745,0.29770184,0.04211995,0.025895305,0.33801487,0.13127148,-0.0025502965,0.1710056,0.09296581,0.023055684,-0.20385487,-0.25231022,-0.044850707,0.0006435737,0.19249368,0.25099945,-0.1145039,-0.19170372,0.2901191
P47135,-0.00738205,-0.15649445,0.039577864,0.1899911,0.111929014,-0.12970391,0.605013,0.44625896,0.07145973,-0.04519537,-0.52865654,-0.5818491,-0.17257425,-0.122306,-0.09669475,0.03728877,-0.107553095,0.23015472,-0.33672038,0.25180155,0.08108558,0.073560536,0.0015380941,0.22944158,-0.4591185,-0.2362046,0.08747838,0.12706734,0.095102444,-0.0363036,0.5504161,-0.33107305
P17888,0.023487598,-0.06959103,-0.34251478,0.03899034,-0.20502156,0.45425478,-0.2826466,-0.37656018,0.16864228,-0.06970352,0.002640579,0.16369829,0.025405094,0.11598178,0.11015817,-0.077317014,-0.045340195,0.09843792,0.24730054,-0.12482235,0.12229542,-0.21594658,-0.20502198,0.12323932,0.11296229,0.24496704,-0.12499402,-0.02435492,0.032918222,-0.04307788,0.019590486,0.09993319
P21399,-0.09858823,-0.118650585,-0.34904495,-0.06334715,-0.1501768,0.36509955,-0.12532997,-0.20578977,0.10716637,0.23156413,0.22496839,0.10182664,-0.26210734,0.053672604,0.01706297,0.0101879835,-0.116809174,0.17326277,0.59253556,0.080047175,-0.040128533,0.107452646,-0.08500369,-0.1834202,0.3053217,0.13026397,-0.09002403,0.5417178,0.22675833,0.021242885,-0.3144009,-0.39555183
Q8TAD8,-0.07252831,0.16955687,0.1903724,0.3761417,-0.2977005,-0.07286487,0.6248224,-0.08459488,0.38838983,0.087964684,-0.18090658,-0.5221213,-0.22825584,-0.06198727,0.009963401,0.23232856,-0.039631143,0.15640312,-0.21223259,0.09698214,0.32159296,0.33573943,0.08053368,-0.14287956,-0.5027413,-0.3343121,0.08183106,0.22609146,0.32874796,-0.1833017,-0.041560043,0.034641247
P0ACN4,0.0822521,-0.0011992753,-0.027426742,0.14593065,-0.12618302,0.14856267,-0.36518067,-0.38730872,-0.09319212,-0.042711243,0.15063038,-0.029247954,0.18326414,0.057308443,0.10081401,-0.1988155,-0.037132725,0.03252799,0.2753888,-0.46209675,0.10854338,-0.36830902,-0.22247306,0.21064451,0.011967331,0.12936863,-0.28487816,0.123791076,0.061089516,-0.0033338885,0.020590026,0.25080162
A0A024B7W1,-0.4182983,0.07328622,0.3861319,-0.2264722,0.015604105,-0.1870232,-0.015763417,0.72762376,0.12371568,0.32844672,-0.16465284,-0.18494849,-0.015672833,-0.049320236,0.026310883,-0.22202614,0.25719693,0.17373373,-0.16983433,-0.40098834,-0.15208144,-0.64260453,0.30806777,-0.12297471,0.20130052,-0.021734497,-0.34777954,-0.012127131,0.46703082,0.4286098,0.5801692,-0.35354632
P01027,0.04579167,-0.10740328,-0.0027947724,-0.27071542,-0.22819774,0.43929183,-0.6008694,0.122751616,0.31143862,0.4636864,-0.40774792,0.04180771,0.21847886,-0.009033181,-0.1649151,-0.2678831,-0.18305068,0.14859387,-0.4379446,-0.2838689,-0.04712523,-0.4667337,-0.19382322,0.15987754,0.09081639,0.13230038,-0.338703,-0.17212424,0.13180041,0.50447595,-0.08486429,-0.060348403
P16045,0.24153022,0.13359445,0.17928931,-0.14355154,-0.037079297,0.19378589,-0.79704106,-0.13708597,0.077848814,0.57654184,-0.0018103905,-0.12713024,0.40597892,0.115005426,-0.27532232,-0.15281728,-0.13106543,-0.078486286,-0.2614248,-0.64653856,-0.058253188,-0.29319808,-0.25229418,0.08940779,-0.015859738,-0.0699386,-0.49607417,0.049326524,0.24541733,0.42376477,-0.48407465,0.08671148
P32243,0.1508358,-0.329934,0.20279217,0.68950886,-0.1670725,-0.21002394,0.4129634,0.21701914,0.077748686,-0.05463049,-0.34299523,-0.4199296,-0.26454717,-0.24589264,0.074980594,0.19011483,0.15365489,0.037998065,-0.5591717,0.080146566,0.32381192,0.17236753,0.054381724,0.078933805,-0.4190709,-0.20800737,0.34222314,-0.027324885,-0.13777792,-0.4349167,0.1713071,0.21177366
P16662,-0.008715436,-0.13480341,-0.2810676,-0.03899034,-0.25519493,0.48083988,-0.25825354,-0.4298456,-0.06625416,-0.112050414,0.0250565,0.13611121,0.09576434,-0.044141687,0.16671401,-0.25212255,-0.081073135,-0.0041798577,0.28894863,-0.091726765,0.083611645,-0.25816432,-0.19498125,0.26952913,0.2371644,0.2992111,-0.11631974,0.11635287,0.0124414265,-0.046854693,0.15757829,0.022603367
P18196,-0.068129174,-0.06348565,0.2229689,0.058924146,-0.21224631,0.13383964,-0.26187342,-0.22608516,0.19306701,0.37692845,0.08836731,-0.16594365,0.39712638,0.038867168,0.062123664,-0.11646268,0.037026674,-0.033830322,-0.024361208,-0.4081598,0.15247904,-0.29990095,-0.121031314,-0.06953065,-0.07821122,-0.05938638,-0.1877096,-0.008520871,0.17906228,0.13161017,-0.2929516,0.19974771
P00894,0.29314685,-0.16975021,0.21724007,0.021044327,-0.03658322,-0.14200723,-0.592578,-0.5076314,0.042005714,0.2926659,0.16786285,-0.1719721,0.5138146,0.26905146,0.00067356974,-0.20609376,-0.030656323,0.18748605,-0.19717613,-0.38829345,-0.26717356,-0.47138596,-0.19318235,0.048117213,-0.15337014,0.1947291,-0.42397478,0.044862546,-0.11352477,0.44147733,-0.6314746,0.2618953
P62328,-0.5542298,-0.32335305,0.55426365,0.34042466,-0.04220036,-0.20038368,0.0060055554,-0.57108766,-0.31395188,0.41001436,0.6905488,0.007033512,0.22446933,0.34252992,0.4307529,0.17220205,0.17542662,0.014948763,-0.01757899,-0.23149075,0.11131906,0.19333689,0.15182869,0.14924431,-0.25098392,0.3638172,0.32046673,-0.25258866,0.12922406,-0.42329755,-0.18632409,0.6472297
Q04637,-0.24862629,-0.035445914,0.04805293,0.17456499,-0.060014,-0.1750667,0.5375383,0.42775136,0.1965175,-0.16672975,-0.7154251,-0.44374186,-0.34169632,-0.29051927,0.020761564,0.36295962,-0.16347314,-0.006918058,-0.4448048,0.26049465,0.38327554,0.028801009,0.042192843,0.15889768,-0.72700095,-0.19815959,0.4795543,-0.017369166,0.0034688935,-0.1971109,0.49688557,-0.32585597
P02745,-0.7474698,0.45175582,0.44848472,-0.02855893,-0.43875587,-0.08518222,-0.116720006,-0.19649953,0.58673495,0.47526425,-0.03076385,0.17123932,-0.12182894,-0.02434887,0.13572627,0.14007853,-0.11419742,-0.1950509,-0.16682076,-0.41297263,0.62658936,-0.14999613,0.3231462,-0.29041398,-0.48174924,-0.06729824,0.07871227,0.043471813,0.6995629,-0.041778352,-0.26814762,0.20460527
P39428,-0.027612127,0.32089725,0.31989682,0.23710361,0.028078046,-1.180917e-05,0.32490337,-0.16851947,0.181138,0.16152261,0.30675194,-0.22672638,-0.10523325,0.08877135,0.15629077,-0.088870645,-0.0017487928,0.24218112,0.044529542,-0.06339267,-0.10045835,0.04435602,0.095435366,-0.08663891,0.17388524,-0.11458514,-0.15356246,0.003924772,0.26858974,-0.061962318,0.09720902,0.15804839
P0AGC3,0.13209157,0.005960539,-0.06273235,0.02458818,-0.14427766,0.3593255,-0.40969187,-0.5034131,0.022134416,-0.2010153,-0.00026489422,0.21681753,0.17503214,-0.1709711,0.0041208044,-0.25171623,-0.046950206,-0.04629544,0.14405727,-0.045310438,0.016487475,-0.40521908,-0.22134411,0.3378076,0.45216197,0.31069985,-0.087864585,-0.024630636,-0.0063301325,0.06369873,0.18437685,0.14531541
P00924,0.06249319,0.007331386,-0.19541994,0.055364445,-0.44517916,0.24843827,-0.43993005,-0.36430472,-0.16142587,0.18663886,0.42134035,-0.08277956,-0.33836257,-0.142183,-0.069933176,-0.031622946,0.08013347,0.28628498,0.36454368,-0.18508305,-0.17337303,0.027386814,-0.28691405,-0.14085238,0.40577132,0.16881907,-0.1759282,0.589514,0.103183754,0.19832796,-0.41020223,-0.17744689
M1V4Y8,-0.1745035,0.4901359,0.79378307,-0.07437829,-0.23390272,-0.22462311,0.59751266,-0.78072697,-0.053039927,-0.070992395,0.2703474,0.098134056,-0.59571433,0.05679842,0.39516035,0.011783317,-0.17132111,0.33301932,-0.41146776,0.10603018,-0.25651148,-0.22725198,0.2870904,0.59655166,0.025664046,0.34724075,0.120788686,0.13825387,-0.066306554,-0.17314129,0.26316726,0.4327313
B1YAL1,-0.23452248,-0.038152426,0.1972323,-0.27447656,-0.29899505,0.2346603,-0.21824521,-0.100449756,0.12870531,0.5526423,0.1646449,-0.01950787,0.169081,-0.052698165,0.038641892,0.058721334,-0.13342987,-0.08891889,0.16025984,-0.12850012,-0.05193771,-0.13208216,-0.32030976,-0.26624662,0.3896265,0.046669655,-0.029226795,0.20656806,0.5134411,0.39224976,-0.3668223,-0.39222434
P16219,-0.16392754,-0.05252169,-0.4518303,0.06553173,-0.41501394,0.37257084,-0.5436023,-0.45843434,-0.03189942,0.027914472,0.106928855,0.27131277,-0.295583,-0.26509082,0.07692935,-0.244708,0.022271305,0.2654904,0.45870525,-0.19948542,0.15651755,-0.12752986,-0.08091003,0.1617159,0.2420627,0.26811168,-0.059340842,0.48004752,-0.019374572,-0.08112725,-0.097656,0.115202665
P07359,-0.19099967,0.15486485,0.011187062,0.14557913,-0.22968762,0.1907847,0.16154116,0.15933421,0.47910267,-0.007648535,-0.57087016,-0.1455253,-0.27821982,-0.093529165,-0.11509357,0.10654704,-0.20990817,0.42969313,-0.15030408,0.036033243,0.2980322,-0.09477219,-0.02715746,0.12998462,-0.44772857,-0.12639517,0.06197361,-0.005273834,0.26225987,0.12585823,0.32127765,-0.07643293
Q14247,-0.4353112,-0.014472626,0.35595974,0.24750826,-0.13628198,-0.024899803,0.289821,0.42883402,0.09961992,0.011568308,-0.16726053,-0.1295649,-0.36284035,0.09416606,0.3150574,0.30329502,-0.042810827,0.08401649,-0.27186102,0.05128385,0.2962198,0.02927719,0.0026574172,0.038247414,-0.05545175,0.15337236,0.25809208,-0.43529478,0.53318334,-0.112694666,0.6528839,-0.03458194
P34760,0.22432812,0.1687818,-0.09551679,0.096661314,0.0033984892,0.031065628,-0.37538433,-0.45824203,-0.08658795,0.026262537,0.36250517,-0.12161559,0.058868647,0.2985285,0.085317366,0.12493813,-0.17853685,0.004581563,0.35186183,-0.4747098,-0.010202431,-0.038181387,-0.3514716,-0.039453253,0.08501114,0.041878168,-0.27008227,0.186072,0.21671933,0.10102208,-0.21866827,0.0055602156
P0C0T5,-0.19113186,0.17599922,0.32540026,-0.06403884,-0.22785206,0.15549824,-0.321229,-0.24750182,0.134127,0.45943454,0.3320408,-0.050846428,0.31383425,-0.17213288,-0.023481183,0.2852394,0.0030644983,-0.26419222,0.3289112,-0.33960974,0.115934975,-0.039035693,-0.41208735,-0.32689428,0.43391728,-0.15618263,0.18221557,0.05483155,0.53367746,0.2594391,-0.39570686,-0.18195817
P0A9Q7,-0.09272462,-0.11285791,-0.2313284,-0.06911812,-0.622017,0.3683237,-0.39924842,-0.4563498,-0.043344747,0.15960197,0.2260509,-0.023995109,-0.19245668,-0.12827045,0.10895576,0.01289317,0.069406115,0.25285223,0.27924478,-0.06579893,-0.06746575,-0.02906067,-0.31621414,-0.10705267,0.32553655,0.30952796,-0.021274023,0.45942843,0.12713836,0.26990294,-0.42055026,-0.18272536
P06612,-0.1900508,-0.10640302,-0.3517133,0.023197131,-0.2605487,0.25017345,-0.07710121,-0.3911941,0.24726683,0.082114056,0.05622602,0.08685672,-0.11730358,0.11546602,0.28729632,-0.12795055,-0.14482068,0.20108974,0.37840682,-0.021947041,0.13260473,-0.09475137,-0.0077334754,-0.06022282,-0.018483594,0.1986512,-0.15502039,0.32053792,0.091817886,-0.08585704,-0.1965382,-0.00033301115
Q9QWV4,0.14111997,-0.14142926,0.37314734,0.11070003,0.041949984,-0.008979846,0.036544323,0.4352395,0.12598304,0.2230666,-0.14129436,-0.28845733,0.30335146,-0.15917319,-0.12890065,-0.3305824,0.3606624,0.16379863,-0.46908313,-0.23470427,-0.2355318,-0.46154755,0.18542752,-0.140074,0.23937838,-0.18498561,-0.2251561,-0.07826212,0.015330605,0.33324456,0.26229247,-0.09125985
Q7L0Y3,-0.06957105,0.0572152,0.25939506,0.21665901,-0.11635992,0.12116277,0.2626263,-0.27259803,0.117682196,0.052154645,0.16227396,-0.13355967,0.09007615,-0.056914024,0.17541298,-0.23139158,0.031518474,0.087209664,0.12964165,-0.057636462,0.04068059,-0.15914494,-0.02469543,0.03527376,0.12921746,-0.043829545,-0.10167012,0.114512056,0.19308344,-0.07795965,0.07764354,0.21108423
A0EKJ1,-0.09681067,0.1497693,-0.23966354,0.3048823,0.28057587,-0.16459325,-0.091108136,-0.22930613,0.2369539,0.198688,0.39698407,0.09624037,-0.25396731,0.36028036,0.29348072,0.0024345666,-0.2509148,0.20418322,0.5090297,-0.23209088,0.13938388,0.11739765,0.16541936,-0.2754271,-0.12896743,-0.049998485,-0.24537101,0.18028498,0.19868547,-0.28364587,-0.21948478,0.0837871
P51965,0.20138894,0.2692653,-0.066970564,0.5896418,0.22733869,-0.094904095,0.13838553,-0.21438926,0.2431243,-0.06009224,0.39038852,-0.14834183,-0.18847883,0.07582944,-0.1805903,0.21894035,0.13975425,0.28395468,0.40844208,-0.21627468,0.090793595,0.27170742,-0.0027425252,-0.24567412,0.026076928,-0.34170076,-0.056043543,0.18347844,0.14466497,-0.24796598,-0.06622611,0.15688647
Q9C0C9,-0.31628186,0.005534902,0.16220504,0.08250041,-0.16881448,0.16792452,0.16333985,0.4322551,0.41827568,0.24766159,-0.40177846,-0.19401151,-0.072208315,-0.10613244,-0.12384562,0.06976499,-0.011880599,0.34653914,-0.22074154,-0.070309006,0.22504923,-0.08820012,0.026204001,-0.050281227,-0.19716968,-0.19678137,0.05292041,-0.10158685,0.3803363,0.20983557,0.34889087,-0.17525835
P80188,0.011451408,0.0069708824,0.4015623,-0.00848707,-0.090950206,0.156244,-0.4856728,0.064227276,0.17559153,0.5750338,-0.040487494,-0.1573729,0.43116987,-0.08153348,-0.17198841,-0.2948315,-0.024301656,-0.15984514,-0.18617508,-0.6145399,0.13853136,-0.44824022,-0.047633518,0.0732716,0.033377618,-0.18218637,-0.4083915,0.010242641,0.26714656,0.21124215,-0.22298026,0.18869399
Q12349,-0.4294122,-0.5256616,0.63716245,0.32171082,-0.16672641,0.13200337,0.2652483,-0.067499615,-0.29030883,0.418403,0.13473935,0.033683628,0.1908099,0.06983446,0.35269013,-0.0053107142,0.15030429,-0.31420857,-0.55754995,-0.12686707,0.35768583,0.14307706,0.12439707,0.31320798,-0.18877915,0.17733163,0.34994355,-0.32742968,0.21159977,-0.5904335,0.099414766,0.6369057
P84022,-0.16223879,0.015553787,0.1178815,0.06955484,-0.1592824,0.18711725,0.16314912,-0.071736634,0.4229093,0.35962218,0.26208884,-0.15482444,0.2389904,-0.004722342,-0.13134345,0.32344455,0.19637634,0.110532865,0.12925452,-0.03429334,-0.01730885,0.11643739,-0.18271548,-0.5539387,0.22440453,-0.20718151,0.20213968,-0.05235359,0.30400234,0.22444922,-0.24810058,-0.28375944
C0LGW6,0.1480243,0.21966028,-0.64549935,-0.087109156,-0.07222003,0.5909176,-0.72992134,-0.2566371,0.23445147,-0.021060675,-0.24774814,0.42237353,-0.30990922,-0.07267482,-0.22406313,-0.191959,-0.029725432,0.25184855,-0.09632621,-0.054859504,0.05150274,-0.05522877,0.030009758,0.26099032,0.22757699,0.29951563,-0.106801294,-0.012830287,-0.0708484,0.06890392,0.15164772,0.017090049
Q9HAU5,-0.14665917,0.022330053,0.21200928,0.11265253,-0.27966467,0.1436255,0.1396184,-0.46563956,0.3791782,-0.05391836,0.015733201,0.061660483,0.038496435,-0.15967411,0.12903455,-0.05944495,-0.0062256753,0.16400109,-0.023823574,0.34675837,0.003159414,-0.17316261,-0.053704914,0.0004081279,0.36734146,0.24057986,0.18170276,-0.09523937,0.13556764,0.0807851,0.06170689,0.14845264
P11415,-0.032652564,0.06780904,-0.4019145,0.077629946,-0.3782706,0.41836753,-0.6955278,-0.33540782,-0.07066824,0.09535709,-0.0047670715,0.21915323,-0.23322698,-0.11285473,0.033338435,-0.13579193,-0.03718297,0.10286316,0.3042235,-0.55299395,0.30327865,-0.23024538,-0.24550182,0.22653824,0.086049885,0.12713097,-0.21015537,0.32632047,0.101654366,-0.120452195,-0.050379176,0.221177
P0DMC3,-0.3467682,-0.13328415,0.7472319,0.25372657,0.15426819,-0.1882588,0.16044474,-0.020380057,-0.5060228,0.51242083,0.4226623,0.20552742,0.034559697,-0.0075235814,0.15709263,-0.30973405,0.51076895,-0.34115905,-0.5572388,-0.4438647,0.09824967,-0.07431738,0.48050317,0.28176135,-0.046970993,0.0740573,-0.044350617,0.15657091,0.30612126,-0.5484862,0.031707134,0.63145286
Q9UJV3,0.0416798,0.1256687,0.078594565,0.21605241,-0.040127117,0.18148509,0.1401586,-0.29514393,0.25257072,-0.049903885,0.014990326,0.023642406,-0.13596776,0.059493445,0.17284203,-0.15933183,-0.1373217,0.308236,0.032697752,0.111821204,-0.035830487,-0.10840076,-0.022319902,0.18728526,0.18172543,0.13535742,-0.12748235,-0.07095085,0.08750913,-0.08591902,0.15174963,0.2798535
Q95VF2,0.30514407,-0.16841549,-0.7389373,0.2504446,0.244215,0.010393716,0.063584775,-0.23996305,0.38093105,-0.19489756,0.24114798,0.26516554,-0.4484871,0.5615301,0.13918447,0.066186905,-0.0074557066,0.2044605,0.33650774,0.17889868,-0.11096003,0.01813212,0.059933204,-0.52877206,0.048407555,0.15766625,-0.30274,0.30758783,-0.0037038922,-0.15097691,-0.3184559,-0.30458274
P08909,0.08998723,-0.0909622,-0.034199305,0.26527795,-0.10655375,0.22991648,0.0013761222,-0.2400823,0.18545607,-0.18012741,-0.105559185,0.1552147,0.006697431,-0.28976586,-0.003094755,-0.35172674,0.16247354,0.24101028,0.062494695,0.093217626,0.005124978,-0.37980282,0.0031834505,0.18685101,0.30684173,0.10922361,-0.07154987,0.14102218,-0.10409846,-0.042776097,0.20215565,0.21849197
P48601,0.03524907,-0.05575791,-0.24289271,0.34559718,-0.043811727,0.04119405,0.22873485,-0.62703806,0.29422072,-0.3476319,0.24414934,0.08934516,-0.07238075,0.3134793,0.31035793,0.10131355,0.0831293,0.29541972,0.24962252,0.21581946,0.004331912,0.04106842,-0.08799654,-0.1422789,0.05078511,0.23215371,0.05888444,-0.021538198,0.02904553,-0.12539285,-0.046010055,0.16253282
D2Z028,0.047194704,0.019221783,-0.030574866,-0.027916277,-0.48066503,0.44397786,-0.5773285,-0.2917355,-0.13542959,0.094859734,0.078135386,0.04997307,0.008115083,-0.17228013,-0.09750397,0.016358092,0.037987813,-0.08792772,0.19479108,-0.48373514,0.15178795,-0.19822526,-0.48522496,0.09369011,0.31957686,0.114599444,-0.13726735,0.3326968,0.3182642,0.24466951,-0.16395134,-0.04182667
Q42403,0.37403393,0.005982168,-0.03533972,0.32415834,0.21501495,-0.06556211,-0.43083635,-0.5318115,-0.17883503,-0.13389876,0.30635592,-0.029624619,0.28963858,0.0973003,-0.06847285,-0.2454817,0.08619615,0.15586808,0.26584518,-0.43367457,-0.10587167,-0.33596057,-0.13350125,0.2599096,0.01971887,0.07980692,-0.32395098,0.14857192,-0.19165272,-0.032634668,-0.080630645,0.37403062
B7J1R2,0.067040145,-0.00038636476,-0.20761561,0.059328236,-0.4463281,0.23156631,-0.4221043,-0.34962487,-0.16649026,0.19871615,0.42900136,-0.09521529,-0.36214828,-0.12565821,-0.055515967,-0.049781233,0.08691299,0.30537534,0.34923452,-0.19121364,-0.18639925,0.014799908,-0.26184458,-0.15825315,0.3937406,0.1618601,-0.20020786,0.60433555,0.086352624,0.18142723,-0.41215834,-0.17878968
P19174,0.08554621,-0.0055592954,-0.09927479,0.0511437,0.084810436,0.40165606,-0.118328266,-0.070169516,0.19552091,0.11378192,0.11071853,0.023218215,0.097263396,0.0024072751,-0.09540781,-0.1256673,-0.076964304,0.12261665,0.3936903,-0.10713162,-0.041091114,-0.10906285,-0.049944755,0.04431501,0.29873657,-0.034314923,-0.15719011,0.018179864,0.073367424,0.034669165,0.1109024,-0.12015352
P17515,-0.18018453,0.030332059,0.5190877,0.32048807,0.05877721,-0.052157998,-0.21912687,-0.30058452,-0.08268451,0.5174279,0.4004418,-0.11790407,0.33714712,-0.041635092,-0.008341946,-0.12431413,0.19567992,-0.08377909,0.07736941,-0.542728,0.20480408,-0.03823802,0.16690814,0.114354186,-0.06490855,-0.18164136,-0.05492685,0.0862838,0.21895829,-0.2633999,-0.28630048,0.5823173
Q9VU87,0.20992287,-0.05134344,0.25398052,0.17780943,-0.023836989,0.13331088,-0.09937281,-0.2022169,0.08345118,0.017881334,0.02755155,-0.07321906,0.27812627,0.011835732,0.09585848,-0.2209962,0.00010795146,0.057078965,-0.12734534,-0.0958371,-0.088333644,-0.4023828,-0.14411892,0.10572542,0.233582,0.11383922,-0.1990934,-0.1658335,0.010415442,0.0743809,0.011795212,0.25438195
P46273,0.10818003,-0.075026736,-0.3660224,-0.0017243344,-0.47476012,0.36599997,-0.33295366,-0.51695037,-0.06078622,-0.038052306,0.25676453,-0.018663138,-0.1682011,0.057026602,0.08664455,0.05936706,0.10606509,0.12866059,0.22226909,-0.09486373,-0.057682905,0.0045968443,-0.31761998,-0.13894494,0.2787122,0.2929558,-0.095752545,0.38803005,0.087193534,0.15972151,-0.3269572,-0.16838813
O15394,0.123309925,0.013871193,-0.11720548,-0.10236484,-0.108244374,0.36817378,-0.5302229,0.011762433,0.30055752,0.37840444,-0.38697422,0.12171543,0.06310801,0.047669448,-0.15200245,-0.3045639,-0.18039058,0.30469742,-0.4347519,-0.30509293,-0.0012704553,-0.4344272,-0.12530854,0.2822481,-0.10312873,0.10839143,-0.41253626,-0.120842904,0.024798647,0.27202928,-0.08579758,0.18790315
P9WPW9,0.12004335,0.0036693737,-0.09540293,0.011554053,-0.5596139,0.29536566,-0.6563516,-0.5242178,-0.20545089,-0.0915125,0.13493411,-0.023862407,0.0611974,-0.17193946,-0.064693905,-0.10094297,0.19118728,0.04173615,0.046862513,-0.43156844,-0.020393934,-0.23213564,-0.39978683,0.0984496,0.23901688,0.2919191,-0.16743785,0.36647776,0.107310146,0.36468667,-0.2087323,0.0629303
O33407,-0.12212804,-0.07968235,0.14440528,-0.20586513,-0.3317155,0.4082649,-0.56801367,0.19247457,0.087998405,0.32299912,-0.3242113,0.13127263,0.10531965,-0.27509564,-0.13398242,-0.36882403,-0.034379765,-0.027794354,-0.1239606,-0.5017945,0.11040634,-0.63472104,-0.1839867,0.25145435,0.27342612,0.058451504,-0.33353052,0.08369457,0.30457932,0.3727267,0.15739882,-0.020829234
Q9ALW2,-0.051032767,-0.020023748,-0.23925114,0.042590365,-0.5683281,0.3079343,-0.49512628,-0.2359508,-0.17807144,0.24298167,0.16916353,-0.04997897,-0.330495,-0.028507672,0.14132342,-0.053280115,-0.011797115,0.17918035,0.2951309,-0.5131238,0.12943555,-0.21323457,-0.32751906,-0.011547983,0.10511349,0.13264707,-0.31141588,0.5204063,0.19516969,0.004176228,-0.3010709,0.032850605
O15033,0.007079914,-0.10244158,0.23156825,-0.03038227,-0.097145766,0.32472533,-0.29066133,0.33000696,0.20413907,0.36991438,-0.19428062,-0.0045018494,0.18377382,-0.1271353,-0.18078543,-0.26678783,0.019783929,0.15825042,-0.15181608,-0.37515235,-0.03916689,-0.48468477,-0.09563379,0.09075011,0.23423846,-0.061869346,-0.2708929,-0.11748764,0.17281541,0.3230819,0.18126921,-0.037813388
O00560,0.12361054,0.07941346,0.21368644,0.21123096,0.08507982,0.26601353,-0.016048536,0.096838854,0.2247618,0.24861379,0.21986373,-0.16924283,0.26051039,0.05781027,-0.18717048,0.03878715,0.22627094,0.13497397,-0.07984466,-0.21694797,-0.09595155,-0.017811134,-0.09447196,-0.2123677,0.22078948,-0.17870823,-0.05034957,-0.28356156,0.15292975,0.14583787,0.02267493,0.0019415505
O94875,-0.3848946,-0.1869905,0.030231409,0.05983042,0.21012758,-0.08320678,0.40741032,0.70089287,-0.067220464,0.120966256,-0.4705511,-0.41435134,-0.13091178,-0.20341924,-0.057438,0.078835696,0.021199264,0.21513963,-0.22836876,0.22540544,0.09295058,0.04405661,0.08231568,0.19456285,-0.30355167,-0.12475615,0.23536628,-0.034166276,0.21440342,-0.03951021,0.73186743,-0.40246308
P09455,0.37591994,-0.055657536,0.16653505,-0.08695736,0.013812814,0.07867548,-0.74012876,-0.26387376,0.11412495,0.4422174,-0.0034636892,-0.14314574,0.4931804,0.24123162,-0.19759953,-0.23757565,-0.1272365,0.119027965,-0.3534579,-0.48229897,-0.25234312,-0.4292708,-0.21525183,0.13354671,-0.11841266,0.108481824,-0.5638107,-0.041429058,-0.033126436,0.499609,-0.566329,0.17986898
P11541,0.13047244,0.012285173,0.033878185,0.019473119,0.019461278,0.32839984,-0.2539529,-0.12383733,0.17178476,-0.019442394,-0.057714667,0.08861549,0.12156588,-0.0192331,-0.018188842,-0.2142779,-0.100641176,0.10124567,0.07403183,-0.04895887,-0.06943082,-0.3328579,-0.07428844,0.20177782,0.41472477,0.16595739,-0.1798298,-0.16582325,0.07324648,0.12367321,0.2375651,0.05750222
O29976,0.040656805,-0.12415546,-0.046898194,0.052926257,-0.28080037,0.35036242,-0.2686597,-0.25125107,-0.021977745,-0.0662667,-0.12017915,0.11055738,0.14974654,-0.17898536,0.10087114,-0.3328375,-0.0012256205,-0.028008342,0.12165475,-0.2858283,0.1326499,-0.51995796,-0.2163507,0.27907297,0.17692517,0.1569508,-0.22511998,0.14198463,0.03970629,0.018794449,0.14915428,0.16588518
O23512,0.16379206,0.055775292,0.02422522,0.082499385,-0.1448267,0.28810927,-0.5692823,-0.38030726,-0.10423911,-0.0321963,0.08696206,0.061399728,0.2643068,-0.022064008,-0.086366735,-0.05855277,-0.024879888,-0.17135009,0.21191996,-0.5102554,0.15980202,-0.33678478,-0.41677117,0.2115354,0.18015854,0.09535294,-0.17378548,0.07330299,0.21171942,0.14048643,0.009210821,0.10767229
Q9Y2D1,-0.41612136,-0.07827489,0.6721765,0.3211432,-0.19610645,-0.13596156,0.44599384,-0.15945897,-0.13781855,0.043752447,0.022374425,0.16635129,-0.36487946,-0.1066044,0.4405677,0.14649998,0.08601948,-0.18431187,-0.5252244,-0.032467857,0.4401658,0.08942686,0.33773518,0.3770596,-0.22977376,0.15670367,0.5217639,-0.090884715,0.1553508,-0.6055019,0.2870916,0.5094942
A0A166U5H3,0.17105131,0.00078923255,-0.25694796,0.00053793006,-0.20382954,0.32050815,-0.38199934,-0.56561476,-0.07873628,-0.1962032,0.13574637,0.06119339,0.15049616,0.12462605,0.06070154,-0.078793585,0.00082155317,0.0012674183,0.13537669,-0.2136152,0.0005153818,-0.24005143,-0.31593597,0.17582193,0.19229986,0.31677735,-0.16730809,0.033936992,0.03222193,0.08695608,0.05126747,0.07619007
P01700,0.04126872,0.21801744,0.17880225,0.04755681,0.11551522,0.09389138,-0.52319765,-0.06223253,0.20885637,0.746706,0.1264267,-0.17943212,0.3652407,0.07507422,-0.23796377,-0.17873296,0.06792042,0.083292,-0.20520271,-0.63131845,0.036273997,-0.092607185,0.11812097,-0.014119446,-0.22379228,-0.2776235,-0.38728723,0.04505261,0.1728813,0.13278456,-0.47497028,0.24860694
P13727,-0.10641909,0.19667017,0.22204399,0.23502919,-0.087273255,0.11574723,0.18624923,0.051564433,0.32523593,0.4377266,-0.0014748387,-0.27750832,0.13669294,-0.21465957,-0.24907124,-0.02172926,0.23902918,0.14248437,-0.06626352,-0.35800493,0.23654245,0.030566975,0.110966295,-0.12061672,-0.20003316,-0.48700687,-0.08962602,0.2643798,0.27028242,-0.043099876,-0.12551822,0.12300563
Q9VMB4,-0.0595906,-0.17476472,0.08005005,-0.11845129,-0.20212524,0.49040893,-0.34520143,0.106494,0.28526464,0.3491119,-0.26319158,0.086122215,0.21759269,-0.028611295,-0.01983013,-0.21310988,-0.18867289,0.012313366,-0.10436341,-0.18193164,0.10164616,-0.37571114,-0.15280105,0.108998455,0.19383349,0.10371229,-0.16828012,-0.19804212,0.19759348,0.22727682,0.052561235,-0.037726242
P49407,0.03866096,-0.16380835,0.034170426,-0.1303934,-0.22098704,0.2283262,-0.05348727,0.02032321,0.509143,0.4115976,-0.055196624,-0.096103,0.27197737,0.25294825,0.0050691664,0.16128033,0.05932491,0.21468294,-0.41853842,0.0051373392,-0.18051831,-0.14014524,-0.15714669,-0.5181495,0.1083889,0.00024945475,0.0018110573,-0.3213665,0.14688796,0.45526358,-0.34931266,-0.24092035
O13034,-0.029310957,0.0064924657,0.0647429,-0.028786646,-0.016876388,0.3701139,-0.122365266,0.2656874,0.44147813,0.49792656,-0.07113412,-0.047878116,0.13394141,0.041398622,-0.22856012,-0.032032564,0.06858312,0.36311123,-0.16202557,-0.17481017,-0.10948284,-0.11274197,-0.0061898865,-0.19577385,0.15049936,-0.1723065,-0.0889348,-0.23043764,0.1531884,0.3139258,0.009063426,-0.14785267
O74713,0.049949393,-0.06453964,-0.4649606,0.02393951,-0.38988897,0.53195786,-0.6170975,-0.60278475,0.017091956,-0.25296116,-0.104260966,0.43583477,-0.0992119,-0.41339484,-0.11914202,-0.3313411,0.13283628,0.079178035,0.19773763,-0.004490733,0.11937406,-0.231617,-0.12963319,0.30633676,0.40530396,0.36672884,0.04488851,0.33398622,-0.12881032,0.02935067,0.053513687,0.11521441
O00910,-0.07842727,0.066888586,0.19705504,0.020154526,-0.058212508,-0.16861722,0.37788016,0.21689183,0.26109543,0.0048609003,-0.41737708,-0.31291014,-0.083535336,-0.12275556,-0.040172555,-0.12086105,-0.015343517,0.12447783,-0.36285347,0.011955373,0.12559432,-0.30173665,0.165567,0.032821476,-0.21177426,-0.17455661,-0.10450206,0.25182483,0.26361713,0.1388092,0.35792395,-0.2132114
Q74K78,0.0645009,0.0038838685,-0.20501941,0.057466723,-0.44204798,0.23548025,-0.42840514,-0.34303564,-0.16614515,0.20221147,0.42735314,-0.092191026,-0.36414903,-0.13086501,-0.061630927,-0.05038716,0.08298283,0.305004,0.35682118,-0.19620034,-0.18335985,0.015218675,-0.2601241,-0.15230314,0.39762437,0.15808493,-0.20225194,0.6055615,0.08952941,0.18127078,-0.40784112,-0.1789719
P53675,0.4726467,-0.09761046,-0.21038398,-0.16364291,-0.030284882,0.30750713,-0.3582737,-0.35234645,0.3059623,0.01175718,0.014864009,-0.012542784,0.3124252,0.3425266,-0.10693266,0.11681485,0.031835325,0.09063048,-0.36532682,0.11551756,-0.387489,-0.15066639,-0.2719062,-0.25259328,0.35205442,0.26526508,-0.12343285,-0.27249312,-0.059979923,0.53914326,-0.29458857,-0.31964305
P11473,-0.021019623,-0.004031956,-0.04269866,0.29952055,-0.13488233,0.22746453,0.040135458,-0.3955404,0.20776726,-0.15875524,0.1393879,0.01886423,0.13771272,-0.15324762,-0.0150758475,-0.06907949,0.2268466,0.12929282,0.30452904,-0.018150628,0.11156698,-0.1765765,-0.14149845,0.013895616,0.2136171,0.028278703,0.05326795,0.08719582,0.038927212,-0.06880133,0.11227511,0.14515312
P07315,0.075776175,0.48057404,0.05477792,-0.069837436,0.20646457,0.105796546,-0.645993,-0.025521815,0.15904844,0.69303125,0.27312246,-0.08064106,0.028109878,0.103862844,-0.14053078,0.1298126,-0.3093496,-0.016679876,0.21566296,-0.5920297,0.02560332,0.07755564,-0.148633,-0.15259115,0.22566052,-0.28209165,-0.30391103,0.07454697,0.41575024,0.14883736,-0.39561656,-0.07411207
A4W2T1,0.0517603,0.004574783,-0.1947299,0.050424986,-0.45468873,0.24603632,-0.4386827,-0.33537588,-0.175068,0.2086142,0.41560966,-0.097646,-0.35672164,-0.13664597,-0.05325598,-0.053527266,0.073446386,0.29786327,0.35760993,-0.21257159,-0.16944012,0.007716432,-0.26566526,-0.1354564,0.38970858,0.16090938,-0.20536387,0.6008034,0.09946318,0.18313141,-0.39764005,-0.17192821
O88844,-0.053024933,-0.13228133,-0.21216962,-0.07577899,-0.53305525,0.23068401,-0.27478886,-0.49933806,-0.037214275,0.1635219,0.33644804,-0.12529626,-0.16802794,0.029538557,0.15535963,0.019234248,0.023089528,0.2388125,0.23998904,0.032676533,-0.16271688,0.01459074,-0.2924317,-0.22926073,0.28829747,0.32264754,-0.07624505,0.46164295,0.14925817,0.30098516,-0.48043007,-0.2706418
Q5SW96,0.1704878,-0.1481854,0.24198717,0.4999497,-0.07415211,0.09252259,0.38644338,0.1248486,0.1507062,0.04024239,0.006590996,-0.30599746,0.081424326,-0.15955143,-0.103845365,-0.05587426,0.3068272,0.36809927,-0.18766707,-0.0666757,-0.031941485,-0.0503539,-0.088039815,-0.051035002,0.04358509,-0.26962584,-0.0005023256,-0.007805288,-0.022529848,-0.049393345,0.1244303,0.17848627
P07014,0.23573814,0.25282806,-0.05223549,0.1831007,0.21358342,-0.0421191,-0.2696061,-0.44926518,-0.034994338,0.027741373,0.5381443,-0.07921103,0.010802403,0.23005188,0.021584056,0.27151892,-0.19385575,-0.042916663,0.58017075,-0.29793215,-0.068477176,0.17649911,-0.37015992,-0.18979315,0.31505215,-0.065737836,-0.0745362,0.19327757,0.29496473,0.073542975,-0.2577995,-0.15746781
P22736,-0.13030766,0.19260365,0.18011612,0.42676845,-0.23235546,-0.01813449,0.6112439,-0.12969306,0.509073,-0.14791971,-0.27593246,-0.4237975,-0.18142249,-0.22557604,-0.24989638,0.3590521,-0.018140942,0.2605271,0.13685971,0.23544733,0.36188522,0.255368,-0.034039397,-0.024016336,-0.49012274,-0.33657217,0.27765334,0.24029274,0.29645568,-0.09567107,0.13659254,-0.07499077
F1RAX4,-0.1580036,-0.10478252,0.28406978,-0.06255633,-0.17338288,0.21968338,-0.18615061,-0.24689773,0.21513638,0.07551227,0.0028470345,0.13598216,0.22413129,-0.24650311,0.078045346,-0.24646422,-0.04550554,-0.15305632,0.02039659,0.1529877,0.021375012,-0.32092166,-0.002318319,0.07868567,0.6168861,0.27149734,0.06983601,-0.08553259,0.22327256,0.17104538,0.1286388,0.018117681
O75446,-0.024269395,-0.16789785,0.32177716,0.5425304,-0.15670663,0.11993191,0.24233389,0.0030242726,0.22954214,0.1356262,0.06228454,-0.183731,0.23603088,-0.23494121,-0.066991895,0.11130553,0.35942703,0.20525017,-0.15277134,-0.08478105,0.14048381,0.052181646,-0.10458127,-0.1526242,0.040185466,-0.26212087,0.24889812,-0.160963,0.07482139,-0.086605944,-0.023642514,0.25740704
P0ACE3,0.1607124,0.20507896,0.5042095,0.26751047,0.33798435,-0.19596118,-0.21361205,-0.25572318,-0.17829369,0.09720141,0.3758134,-0.03781441,0.29234844,-0.031393938,-0.14997976,-0.27831283,0.1930233,-0.09017386,0.022419497,-0.415134,-0.07611948,-0.34332323,0.062409062,0.23464426,0.3473481,-0.04718733,-0.3058779,0.10117724,0.1964617,-0.09732277,0.08988018,0.43816772
O23530,0.18465148,-0.039847076,-0.3799285,0.15000597,0.0015961342,0.36154458,-0.1873686,-0.39277205,0.06990743,-0.25186926,0.12034829,0.1537573,0.019407123,0.10201185,0.0037034974,-0.15159646,0.054241538,0.10661332,0.2866016,-0.072175086,0.010536966,-0.17282987,-0.12535,0.1428979,0.21132983,0.21494685,-0.16164786,0.023676366,-0.065848745,-0.10214384,0.18271072,0.079732135
P20827,-0.12408058,0.011103123,0.29651716,0.25027004,-0.1266262,0.14399667,0.19997808,-0.15136382,0.16641293,0.3748497,0.22865142,-0.27477,0.35218954,-0.05180841,0.03197614,-0.02632162,0.25711474,-0.024844043,-0.083756685,-0.23203935,0.15152203,0.04585953,0.029949259,-0.21796958,-0.06063822,-0.27222565,0.009725057,0.008759588,0.22885147,-0.09948703,-0.21523017,0.19989687
Q43155,-0.1990929,-0.09003252,-0.113395564,-0.008346261,-0.31271386,0.29617575,0.13899678,-0.1686081,0.28905883,0.18071415,-0.025945794,-0.066171676,-0.0066126585,-0.049487825,0.01732935,-0.100960076,-0.0035772026,0.19024512,0.2976008,-0.08599455,0.12919286,-0.13576904,-0.02399915,-0.097113326,0.0031257719,-0.023588007,-0.1473588,0.41240343,0.2175323,0.050200295,-0.07766603,-0.14638025
O53581,-0.17757004,0.03786832,0.2432799,0.014700023,-0.2670954,0.29993945,-0.3165449,0.045902096,0.1404814,0.2682231,-0.0011254214,0.05181101,0.22710854,-0.35503417,-0.23529941,-0.07029286,0.2135855,-0.23250473,0.20314041,-0.49092352,0.25053373,-0.36211622,-0.21515867,-0.03142555,0.34046972,-0.14314319,-0.07196065,0.212597,0.45293677,0.19714482,0.025647547,-0.07344037
P18956,-0.22961026,-0.040989503,-0.20547467,-0.06952428,-0.4086328,0.4215702,-0.38226977,-0.20163596,0.013473223,0.2745127,0.075278535,0.106760696,-0.20726836,-0.15697104,0.09617909,-0.064631134,-0.12964919,0.1342083,0.51489764,-0.25065127,0.17043231,-0.08475503,-0.1838015,0.038502604,0.22753929,0.1314764,-0.103994556,0.4808554,0.26885632,0.034852926,-0.21747491,-0.121049866
P15202,-0.28560644,0.13674702,0.0060309544,-0.094490096,-0.08186452,0.27726886,-0.23331928,-0.1811657,0.10861259,0.42654827,0.2246042,0.09247586,-0.06816746,-0.06360125,0.14877024,0.018043995,-0.35361528,-0.045403197,0.5946972,-0.12965566,0.12199747,0.085393906,-0.15096958,-0.051645637,0.31864923,0.036404528,-0.0065312386,0.2752844,0.4544797,0.023774998,-0.18686686,-0.240002
P09758,-0.15646479,0.09757009,0.3779937,0.049985908,-0.09014152,0.19869262,0.025976717,0.0893481,0.29769355,0.49105394,0.09477274,-0.16334596,0.25067052,0.016538456,0.02010762,-0.08158605,0.015447892,-0.048443675,-0.20903014,-0.20837179,0.08772277,-0.056607276,0.06316711,-0.236629,0.10840085,-0.17515567,-0.08092501,-0.21997547,0.37320447,0.08234536,-0.080284595,0.0833033
P03069,-0.19492826,-0.4180476,0.33225837,0.37312382,-0.036496717,-0.050022714,0.52751344,0.31794277,-0.31685674,0.14310104,-0.18987082,-0.19033787,-0.19229957,-0.17159009,0.2803398,0.0065500885,0.17326468,-0.26833183,-0.7185649,0.15905087,0.3355929,0.2611354,0.17478542,0.2626374,-0.21294978,0.013456443,0.4195662,-0.09132263,0.13720202,-0.59737885,0.39721802,0.21203344
A0JNT9,-0.17632918,0.51710963,0.7032309,-0.17483889,-0.16875358,-0.15858157,0.69769394,-0.4774694,0.09152286,-0.10657078,-0.034115437,0.017525494,-0.7007387,-0.023301229,0.2973537,0.04121702,-0.1868655,0.41093877,-0.43722707,0.19870667,-0.25758493,-0.26893997,0.310729,0.58465016,-0.006672576,0.21306251,0.13572805,0.17721246,-0.022210203,-0.00974459,0.42631787,0.19185032
P10096,0.16407107,-0.069360614,-0.5024982,0.15930173,-0.27301708,0.093100995,-0.25389403,-0.31489232,0.019357566,0.073853076,0.37916934,0.01896897,-0.498762,0.21229002,0.049377076,0.08538331,0.11922489,0.24455506,0.29593173,-0.16856448,-0.07851099,-0.062305577,-0.24587792,-0.3861668,0.21559854,0.11317856,-0.27020058,0.5722234,0.06742339,-0.041265875,-0.43727213,-0.24386404
P04739,-0.08840283,0.19639845,0.4564037,-0.008703953,-0.14668824,-0.036322564,-0.6524353,-0.19852811,0.012349303,0.32572082,0.13525628,-0.08346996,0.29453632,-0.010728277,-0.062820435,-0.18912211,-0.096402034,-0.18738633,0.046992168,-0.6588946,0.1536733,-0.51567495,-0.19132036,0.113850296,0.16598673,0.046706878,-0.40626067,0.086741105,0.46752477,0.24501915,-0.15307108,0.2637882
A0A2P0XIG5,0.14597555,-0.06291336,-0.48455843,0.14082079,-0.32901734,0.13505816,-0.29627657,-0.32080796,-0.007245262,0.09665228,0.3512057,0.008839026,-0.49173033,0.19101742,0.05656933,0.070016965,0.106646225,0.24029043,0.28029847,-0.20334372,-0.05231527,-0.08216606,-0.25893667,-0.33800626,0.20513691,0.1251839,-0.28266767,0.5699747,0.080086514,-0.04383993,-0.4339167,-0.20131423
P11672,0.06536275,0.00040882826,0.35821405,0.025693083,-0.030378003,0.13660963,-0.3820111,0.038410984,0.16592936,0.5761535,-0.016629335,-0.19074823,0.44777882,-0.068636656,-0.16070598,-0.34375215,0.017690584,-0.08501201,-0.21456747,-0.5707267,0.06643232,-0.41089815,0.019056235,0.07016991,-0.038560696,-0.21262972,-0.4354047,0.053612083,0.1638008,0.17721118,-0.2560459,0.19891647
O14368,0.009648964,-0.11783919,0.27593672,0.25797373,-0.041742567,0.15878108,-0.26947924,0.037506483,0.18225539,0.55969703,0.040160466,-0.12811626,0.33592975,0.03418801,-0.1203968,-0.20837912,0.18056771,0.2019983,-0.31358075,-0.49092966,0.095840506,-0.17049731,0.1002221,0.017715558,-0.25511143,-0.18743959,-0.25128853,-0.10687044,0.03561672,0.017850602,-0.2943284,0.40391487
Q9Y2X8,0.44733799,0.33510098,-0.2641824,0.44461384,0.62763685,-0.34891254,-0.33302683,-0.32439098,0.016723659,-0.09355299,0.66758597,0.100450814,-0.23130699,0.3640511,-0.020998381,0.19106622,-0.045818314,0.17456639,0.6214688,-0.40892953,-0.21819122,0.15269528,-0.091663435,-0.32641172,0.2741434,-0.16668627,-0.23357353,0.21813157,0.06381663,-0.078533925,-0.21852018,-0.06554736
O95997,-0.5167772,-0.3622245,0.21805903,0.14802927,0.09616305,-0.1655533,0.05015123,0.82409894,-0.41634127,0.3324916,-0.17647964,-0.24045305,-0.010443762,0.042648144,0.08794018,0.031800777,0.43982714,-0.22237802,-0.62960726,-0.22647393,0.23763134,-0.051653385,0.21745402,-0.0021466464,-0.27419025,0.061927356,0.15515217,-0.26505652,0.4633682,-0.2864234,0.61865383,-0.073881865
P07550,0.17495693,-0.08245604,-0.1451236,0.31939846,-0.10618104,0.20707563,0.009150147,-0.36488688,0.17846608,-0.23768225,-0.019842412,0.124805674,-0.0013324022,-0.26475453,-0.015198655,-0.33773434,0.20702672,0.29006198,0.062118575,0.112732306,-0.05018734,-0.3154654,-0.019073058,0.1437195,0.29002303,0.11732341,-0.07978139,0.17274407,-0.22298524,-0.07158906,0.13251232,0.23740031
P04797,0.16365148,-0.068023056,-0.5023325,0.15665701,-0.27809483,0.098413855,-0.26066035,-0.31366155,0.018179331,0.077489175,0.3753163,0.018556222,-0.49939707,0.20986265,0.04690241,0.08442592,0.11905697,0.2449902,0.29357404,-0.1730561,-0.076636255,-0.06501039,-0.24674624,-0.38168305,0.21467079,0.11324507,-0.27263287,0.5723143,0.067570694,-0.040490024,-0.43773156,-0.24151714
P11551,0.0724131,0.025817417,-0.21508351,0.05358535,-0.45515856,0.3900595,-0.6477053,-0.6853031,0.038996957,-0.23144567,-0.11887497,0.36102092,0.029265672,-0.5740971,-0.119331606,-0.38190892,0.18662272,0.045484778,0.044930726,-0.072221324,0.06966699,-0.37742585,-0.14884219,0.35023424,0.4114315,0.30879432,0.030423552,0.33857763,-0.17857906,0.1391464,-0.041625846,0.2286763
P39633,-0.07870244,-0.053587407,-0.1877383,0.015229655,-0.5422065,0.28303674,-0.42038825,-0.3727192,-0.20862341,0.17164066,0.301585,-0.08842835,-0.25108066,-0.13741606,0.14124253,-0.1330685,0.009240493,0.24722758,0.34405038,-0.27259433,-0.03974795,-0.06537084,-0.2437061,-0.0064587146,0.26430774,0.23682927,-0.18702033,0.5322257,0.11086411,0.1319992,-0.2832316,-0.054712255
O15123,-0.09130123,0.5137017,0.34314635,-0.061814032,-0.080030724,-0.11969258,0.5763118,-0.23602825,0.19069792,0.17833301,0.13815108,-0.29310143,-0.28400725,0.15605363,0.18608847,-0.06995912,-0.11185509,0.17180304,-0.1472168,-0.07405525,-0.08484305,-0.056287274,0.20719728,0.007461056,-0.16239084,-0.08325584,-0.26780435,0.32429007,0.359244,0.013881767,0.09144497,-0.04395738
O95484,0.21081902,-0.039013416,-0.092206545,0.2572409,-0.18481232,0.05271575,-0.22489962,-0.52551425,0.25002992,-0.120664254,0.053050015,0.004163027,0.2560424,-0.14954312,0.0038287863,-0.061092645,0.23521338,0.1983056,-0.059113033,-0.023823112,-0.08392239,-0.29242373,-0.21241605,-0.06315793,0.1780998,0.13392492,-0.024902694,0.033723265,-0.18017644,0.17316805,-0.23069638,0.19439468
Q6GIL8,-0.045124777,-0.034005247,-0.24472234,0.04405164,-0.57749265,0.2966505,-0.47625393,-0.24979544,-0.17367765,0.22877336,0.1798206,-0.060619235,-0.33571142,-0.017855741,0.14828643,-0.053164676,-0.0017051101,0.19344603,0.28817463,-0.48375666,0.10804361,-0.21039845,-0.32275623,-0.031456158,0.10761833,0.1484761,-0.3078648,0.5255043,0.18219212,0.014985865,-0.3143016,0.022049408
P31681,-0.31655627,-0.12632665,-0.31394005,0.07456344,-0.5213378,0.047752507,-0.27669615,-0.5239447,0.16350433,0.20767939,0.2921422,0.12682661,-0.3981947,-0.24645942,0.18661997,-0.23670495,0.09827074,0.5067573,0.39740103,0.105278686,-0.079572864,-0.058828816,0.039962824,-0.24067108,0.2435169,0.28428856,-0.013062768,0.69400644,-0.021819435,0.10761407,-0.50568265,-0.029759578
P01298,-0.30356908,-0.37469804,0.70562917,0.3721943,-0.057080682,0.077887446,0.17477894,-0.26744813,-0.3778833,0.33717597,0.35119498,0.16800416,0.27983096,-0.041433614,0.22167593,-0.14187026,0.39227813,-0.35579795,-0.34685844,-0.31079727,0.24469797,0.021408096,0.20698309,0.3081867,0.0033945143,0.09923925,0.23292142,-0.08493622,0.17949092,-0.56410414,0.0040228255,0.7380584
P47543,-0.021515474,-0.044498265,-0.2801431,0.06552655,-0.549793,0.27534655,-0.4524387,-0.26206395,-0.15514082,0.19545442,0.17913724,-0.04395862,-0.33743006,0.02382239,0.15328905,-0.046791404,0.012794845,0.19336751,0.27557772,-0.48250937,0.113274954,-0.21865317,-0.31238103,-0.0534911,0.08240569,0.14636347,-0.31590238,0.5176155,0.16464883,-0.012859857,-0.31217527,0.037177626
A6NIH7,-0.0371408,0.020136327,0.18770278,0.028206771,-0.20979328,0.19693878,0.07402013,-0.040591896,0.34210384,0.41556585,0.18423101,-0.25773063,0.39744878,0.002041228,-0.12843004,0.20070377,0.2931952,0.0064862296,-0.17877698,-0.2253819,-0.023303721,-0.05582197,-0.19590735,-0.48463118,0.1401769,-0.24671799,0.058710545,-0.12514171,0.23280403,0.2542939,-0.26512927,-0.16427492
P16554,-0.12596092,-0.088470474,0.1977709,0.2669369,0.016511064,-0.04654648,0.4778691,0.3785836,0.18723647,0.026188403,-0.3465828,-0.30796063,-0.17757306,-0.09589079,0.0043618605,0.020924687,-0.047468394,0.28224713,-0.23416367,0.16746251,0.14130722,0.006143421,0.027820345,0.1289713,-0.19477805,-0.15213358,0.0754494,-0.046306565,0.27622357,-0.033876393,0.51185524,-0.11489783
P20676,-0.10974862,-0.30560976,-0.014457099,0.11678604,0.002781283,-0.065880716,0.528559,0.52948594,-0.11053251,-0.019675702,-0.5626445,-0.43568623,-0.27931726,-0.02577088,0.13650629,0.037144452,-0.028191969,-0.033877306,-0.73025006,0.24993448,0.22979423,0.023401812,0.044605967,0.21706471,-0.46978134,-0.0119259115,0.1777753,-0.050056666,0.106297776,-0.22991095,0.6124189,-0.25369605
Q27089,-0.13481312,-0.14037311,-0.25934014,-0.13111874,-0.45111656,0.45695975,-0.3001765,-0.29989284,0.050191227,0.20893684,0.08100967,0.039463237,-0.120988235,-0.044730723,0.16023475,-0.026612252,-0.104237095,0.14757669,0.3720885,-0.08174427,0.05095277,-0.048968986,-0.19132107,-0.037760124,0.24299993,0.2387483,-0.07851695,0.40102142,0.1702643,0.136241,-0.29565987,-0.22174974
O95994,0.11749937,0.110422075,0.1724604,0.2625748,0.0035199113,0.1410526,0.03937146,-0.23243913,0.0952742,0.16471717,0.2802247,-0.25625494,0.39018863,-0.07976344,-0.16423547,0.07863995,0.28027496,-0.09495448,0.13885117,-0.32488257,0.0843217,-0.014528342,-0.17452714,-0.1727397,0.10229033,-0.2962328,-0.050292708,0.12890552,0.19382,-0.011752568,-0.18954746,0.067405134
Q8WUM4,-0.16564658,0.11901219,-0.035071217,-0.19855736,-0.23489305,0.27167094,-0.34050202,-0.6683567,0.2513334,0.12810245,0.18717153,0.23767504,0.09954989,-0.21610898,0.024604939,-0.019208312,-0.10279511,0.058969382,0.22620827,0.28363866,-0.115711115,0.027787,-0.17526737,-0.0043100715,0.6001119,0.31738582,0.24004155,0.09080145,0.19306538,0.30228204,-0.21962519,-0.14299507
P10987,0.30629855,-0.16157049,-0.6115696,0.24981704,0.22518025,-0.060069025,0.14856857,-0.36961186,0.27755293,-0.2692869,0.3823136,0.18081975,-0.32072276,0.49118856,0.18186966,0.10728762,0.05446504,0.1439242,0.39864337,0.23487608,-0.20507409,0.06419192,-0.03396215,-0.5497773,0.18931605,0.18077862,-0.20362934,0.3465758,0.012216024,-0.059764482,-0.32448214,-0.37304142
P0DOY2,0.34555608,0.089846894,0.12186308,-0.088049315,0.15487748,0.0892477,-0.64104515,-0.1988456,0.23194467,0.5587926,-0.0140693635,-0.15149675,0.5123465,0.22099864,-0.27772155,-0.19601429,-0.078883976,0.13440147,-0.38132,-0.41884744,-0.24992485,-0.27708155,-0.08251931,0.058421828,-0.15867189,-0.024401186,-0.50324506,-0.08406475,0.00092336535,0.4320211,-0.5768091,0.14262266
P14373,-0.039094344,0.19080168,-0.029549725,0.11479617,0.0025763102,0.17758662,0.0037141442,-0.28804067,0.2736652,0.059419483,0.023474496,0.048891187,-0.16745734,0.07910078,0.17458427,-0.23438856,-0.2249854,0.2722239,0.17062709,0.0251531,0.034107234,-0.11483924,0.08365108,0.1830846,0.09534532,0.10855458,-0.22672406,0.04562646,0.12871051,-0.11733452,0.07442027,0.24847381
P0AAR3,-0.016247883,0.08411144,0.13971731,0.041935496,-0.31346348,0.1305144,-0.65380406,-0.2569812,-0.10183335,0.29430982,0.16238867,-0.08781806,0.09631938,-0.0015434697,0.04670707,-0.05235958,-0.15186192,-0.025310844,0.2493391,-0.72589266,0.17024782,-0.3082403,-0.39061207,0.09120798,0.058884308,0.014135456,-0.32650542,0.26500058,0.3338771,0.21188952,-0.26541218,0.14658713
O76041,-0.34582686,0.0021202266,0.49257523,0.12757993,-0.2165217,0.043097533,0.4825107,-0.3160801,-0.22139746,-0.054704815,0.14683233,0.16999432,-0.48011836,0.22136876,0.5559182,0.04444611,-0.13889046,0.17484096,-0.36872837,0.068950206,0.0632401,-0.02966611,0.07037319,0.51014847,0.026614383,0.45513964,0.21098024,-0.25499937,0.18880266,-0.3741542,0.6025688,0.43211585
O95273,0.047677487,0.06756775,0.34607747,0.12153695,-0.23867689,0.19225697,-0.5614572,-0.32962802,0.3006236,-0.024892539,-0.1515453,0.23505765,0.3546611,-0.66038173,-0.25599664,-0.25931302,0.25804955,-0.4315983,-0.07365997,-0.17675334,0.25835875,-0.46647996,0.014885832,0.06940157,0.5666423,-0.0024022516,0.06871008,0.19860762,0.15767065,0.19405489,-0.18584248,0.20192173
O43586,-0.088665776,0.15586454,0.06597078,0.1877686,-0.28290364,0.06895825,0.14574373,-0.59845823,0.36672705,-0.08328873,0.0261867,0.024047643,-0.11215079,-0.08380718,0.22793761,-0.11472538,-0.07060018,0.35351527,-0.0016403645,0.23219745,-0.014659298,-0.116465464,-0.028639782,0.080014005,0.12378864,0.19498631,0.034087338,0.04415352,0.019212075,-0.012246951,-0.056815524,0.32190228
P02042,0.30145437,0.13219,0.07031464,0.17804049,0.061453264,-0.00060141087,-0.5582335,-0.84334844,-0.10176962,-0.07684393,0.5548785,-0.076548055,0.30162513,-0.07335689,-0.24918309,0.052363,0.13869251,-0.03548701,0.47353226,-0.0813988,-0.2647198,0.102881536,-0.23447677,-0.050860196,0.41231322,0.11163947,0.046528913,0.30508348,0.048509143,0.28684324,-0.493588,-0.0012095012
O14529,-0.1731854,0.34622347,0.65789515,-0.0034006033,-0.24332815,-0.17764665,0.697645,-0.42962492,0.07571141,-0.20289862,-0.08730954,0.03734848,-0.68042123,0.022617973,0.36410442,0.12182864,-0.2109112,0.3596791,-0.50924903,0.20684017,-0.078778364,-0.18936987,0.19113378,0.52890193,-0.1042515,0.26164284,0.24528712,0.05347711,0.013115393,-0.11076174,0.47355095,0.2784655
P10613,-0.043324143,-0.1370132,-0.20694312,-0.024967046,-0.1222191,0.5249529,-0.3766095,-0.22833285,-0.090004854,-0.036028385,-0.028455328,0.23742011,0.10689604,-0.14623934,0.04076726,-0.34441176,-0.10713035,-0.061161302,0.3666097,-0.17135353,0.14290255,-0.33780783,-0.16041401,0.35693896,0.29773253,0.23246844,-0.14178741,0.08629744,0.076825924,-0.07109485,0.27245367,0.034612324
O14520,-0.09568806,-0.03883542,-0.30659732,0.1378857,-0.5284376,0.29422364,-0.119099446,-0.5670784,0.1126662,-0.13132852,0.08967595,0.0051138103,-0.02298233,-0.24723211,0.07401133,-0.11110854,0.28832892,0.15498805,0.16576034,-0.073830485,0.13299297,-0.07917106,-0.15362185,-0.062045395,0.14803801,0.16210745,0.022941358,0.4222871,0.008462712,0.023803463,-0.13844045,0.09975536
P04776,-0.1182282,-0.123069406,0.06692193,-0.061079286,-0.2839043,0.39546463,-0.03678514,-0.019534044,0.35787827,0.34586602,-0.083453536,-0.038937733,0.22193271,0.00075891614,-0.006031938,-0.05264318,-0.00024360418,0.0844536,-0.04495889,-0.13667987,0.083147205,-0.22979543,-0.12267542,-0.152907,0.12749012,-0.028354889,-0.055768065,-0.07344675,0.20224962,0.1704711,-0.07085015,-0.085200325
Q66GS9,-0.19144356,0.56518304,0.68631107,-0.2356157,-0.1527158,-0.14738339,0.6624517,-0.5108693,0.04896489,-0.09456962,-0.009546958,0.0014104247,-0.68328714,0.0012488514,0.30706266,0.021265581,-0.17599021,0.42113876,-0.432074,0.1774375,-0.30293444,-0.30633783,0.33119982,0.61251056,-0.013130859,0.24224874,0.09648732,0.18239707,-0.044811733,0.0047845193,0.42959997,0.18129215
P18509,-0.30570662,-0.5018997,0.6201562,0.3989439,-0.067348495,0.038468316,0.4221223,0.0034771487,-0.46491426,0.2433475,0.12002416,0.1399821,0.0064424425,-0.13428685,0.35735965,-0.19276354,0.31240466,-0.31348214,-0.58772415,-0.08080912,0.29750177,0.13759272,0.26984653,0.3972746,-0.043554544,0.12982604,0.33577338,-0.061943248,0.16162467,-0.67749304,0.23137003,0.64643985
Q96LR5,0.18625973,0.23987496,-0.07030658,0.5932415,0.12991,-0.033912122,0.21644413,-0.2290161,0.3132825,-0.098373994,0.3086248,-0.19007277,-0.1804353,0.038868256,-0.20851138,0.27307332,0.16619816,0.26955098,0.3962453,-0.15095669,0.14340848,0.30324483,-0.016502049,-0.25831038,-0.030603454,-0.35414773,-0.0026944205,0.20179678,0.16028273,-0.2353837,-0.09107712,0.13351099
A0A1P8YR90,-0.26424795,-0.49382478,0.3008037,0.3306169,0.095636785,-0.06116068,0.22166619,0.5342725,-0.46618375,0.44895816,-0.091635555,-0.24005501,0.074632406,-0.06855779,0.0722178,-0.0964984,0.41588056,-0.37689337,-0.8096225,-0.12269095,0.29290944,0.21623002,0.25078338,0.122358374,-0.31292552,-0.057828464,0.24157605,-0.136161,0.25255916,-0.5709664,0.2935652,0.223253
P06709,0.025555685,-0.027742855,0.085978,0.014998494,-0.24630912,0.2263585,-0.5149618,-0.26299506,-0.048459534,0.17014939,0.03159705,-0.04338859,0.21461415,0.020376809,0.059707917,-0.23572412,-0.12759505,-0.022825815,0.12137678,-0.5651259,0.14738236,-0.4530065,-0.27260828,0.24272588,0.012824923,0.108276926,-0.37442526,0.11393118,0.17070985,0.14035843,-0.064602464,0.21390054
Q09472,0.01118283,-0.11111952,0.19537598,0.42755592,-0.049949337,-0.16899082,0.6204217,0.23212296,0.22554177,-0.21246791,-0.52422845,-0.47652686,-0.2776172,-0.23157129,-0.09810471,0.26038682,-0.12071289,0.19585967,-0.30765527,0.33611083,0.2337165,0.16190563,-0.06993207,0.19883968,-0.52495116,-0.21776924,0.38200083,0.032762527,0.042315394,-0.13250642,0.42115584,-0.15129368
P24058,-0.16890135,-0.040159315,-0.22324935,0.0049697664,-0.5221146,0.23665386,-0.42895836,-0.65436506,-0.057885785,0.078905374,0.33519956,0.057810247,-0.13981633,-0.2779798,0.1069809,-0.15243474,0.09698207,0.29313993,0.31875095,0.034788474,-0.10533974,0.026449546,-0.19700521,-0.025437623,0.40911716,0.35279247,0.06259023,0.4622338,0.027059019,0.21329358,-0.31959906,-0.024484303
P20338,0.3228011,-0.043162018,-0.27320024,0.35149693,0.0979864,0.092088535,-0.037056305,-0.31069762,0.063357316,-0.24607345,0.23633142,-0.033189327,0.05088511,0.24345863,-0.04542645,-0.08367604,0.24411477,0.23114362,0.11085391,-0.2187882,-0.089997366,-0.12986915,-0.07923488,-0.07207216,0.0065089613,0.047142606,-0.26609668,0.08128964,-0.10737022,-0.07487037,0.0044420175,0.17054068
A2A825,0.1247371,0.01186195,0.26439357,0.055166364,-0.019055862,0.28183356,-0.46135968,0.16817084,0.03268778,0.20542674,-0.020657878,-0.04024916,0.26379102,-0.08456481,-0.1625644,-0.16478443,0.007481113,-0.09341248,-0.003845334,-0.47718322,0.046475254,-0.44503748,-0.23052543,0.09565623,0.3306027,-0.013625821,-0.25854638,-0.15527576,0.24614838,0.2359778,0.15140983,0.054139357
P00359,0.12074824,-0.061305866,-0.45072517,0.11537702,-0.38790864,0.19131553,-0.32975775,-0.30937392,-0.050582636,0.12439952,0.31527302,-0.012283213,-0.4672506,0.1709126,0.075410895,0.05340545,0.08356106,0.2226829,0.2725341,-0.25406754,-0.017301355,-0.10448193,-0.27676293,-0.27702242,0.18673839,0.13304625,-0.29543686,0.5584141,0.1047535,-0.049415685,-0.41476142,-0.15728746
P00925,0.05862926,0.008613147,-0.18679866,0.054123215,-0.44499308,0.24560943,-0.44430912,-0.35998797,-0.16984966,0.18942386,0.42289564,-0.08701685,-0.33622777,-0.1469779,-0.06906348,-0.042085946,0.07608003,0.28649044,0.36474806,-0.1932057,-0.17373295,0.023868978,-0.28262582,-0.13281159,0.40541857,0.16903532,-0.18331629,0.59229946,0.104189456,0.20000727,-0.40333048,-0.17246239
A0QWG6,0.1510268,-0.03933415,-0.20107356,0.039693534,-0.33966035,0.39912543,-0.50257427,-0.40170366,-0.11051241,-0.13449892,-0.07453607,0.14924508,0.11406425,-0.15521994,-0.029748388,-0.21965966,0.08011371,-0.011305563,0.02014798,-0.3713348,0.11333426,-0.43827206,-0.34540045,0.30086014,0.19525568,0.22856976,-0.19861513,0.14462754,-0.001957208,0.08105739,0.1063136,0.16892304
Q6NUS6,-0.55663586,0.11161271,0.4241272,-0.17406513,-0.051138762,-0.07134636,-0.043508984,0.81164575,0.2867319,0.49639267,-0.09814793,-0.1828576,-0.0145225525,-0.027697086,-0.022993237,0.0620448,0.16560921,0.19447389,-0.06383225,-0.44189537,-0.0043774145,-0.41986072,0.15093522,-0.2843929,0.16956867,-0.11301654,-0.16893628,-0.18563515,0.5991402,0.4382774,0.4771872,-0.41361934
Q5A0M4,0.14135693,-0.15306258,-0.48119208,-0.03857991,-0.040661093,0.42169112,-0.0918126,-0.3453678,0.27700585,-0.013179436,0.1149994,0.13218856,-0.096447125,0.23370978,0.07458217,0.027850546,-0.106890425,0.08153149,0.3813601,0.19894378,-0.061950337,0.108128384,-0.044474978,-0.19323055,0.2520151,0.20336093,-0.10907609,0.26177353,0.07216409,0.051134836,-0.27924708,-0.33064193
O70361,-0.11531447,-0.119113654,0.18114677,0.20230834,-0.11342676,0.31499502,0.026254445,0.21903464,0.2638353,0.09337585,-0.19345047,0.05539033,-0.0017811954,-0.11425159,-0.11122935,-0.13057902,0.08972129,0.35219315,-0.034598596,-0.085523784,0.07979386,-0.29165196,-0.07948512,0.11980791,0.16300346,-0.0073545445,-0.048442625,-0.14165244,0.20782182,0.11408553,0.338493,0.11213112
Q04120,0.23815669,0.17888698,-0.09608076,0.100843675,0.0038831793,0.043725066,-0.39115518,-0.4534,-0.08739882,0.022261024,0.35863027,-0.11425163,0.05756688,0.2883214,0.06686819,0.14053112,-0.17230259,-0.0050238892,0.35664827,-0.48504335,-0.007019759,-0.035662815,-0.36806965,-0.038197383,0.09707971,0.033300918,-0.26154283,0.18211713,0.22066364,0.10506083,-0.21707895,-0.0022657402
O00214,0.22716956,0.04571311,0.043056086,-0.15945107,-0.13701335,0.33084306,-0.54974616,-0.050467797,0.21453053,0.5047303,-0.11161959,-0.09945166,0.31889278,0.08221807,-0.24812281,-0.09223774,-0.09060578,0.04563982,-0.30510348,-0.47838652,-0.07499737,-0.30217487,-0.2799188,0.022500739,0.050708786,-0.06857961,-0.39647162,-0.028526217,0.15959367,0.40457088,-0.3401525,-0.015119307
P00375,0.17393221,0.025688268,0.05683143,-0.00028444454,-0.12911984,0.09758179,-0.31776625,-0.44487795,0.022487435,0.12371056,0.23120718,-0.1786111,0.32343733,0.26669607,0.10165497,0.108047806,-0.099552035,-0.09117959,0.16293776,-0.40073013,0.007387,-0.1822295,-0.37919247,-0.111137226,0.016993955,0.037258297,-0.20497802,0.0680869,0.22236553,0.23809409,-0.33502272,-0.013797015
Q9UQE7,-0.1257977,0.4926579,0.3002704,-0.13950022,-0.15634286,0.039072998,0.24160284,-0.60662305,0.2836842,0.015481494,-0.035103664,0.01993528,-0.46652037,-0.12751737,0.17917585,-0.0832313,-0.33511555,0.48147827,-0.0011738837,0.29675126,-0.24391364,-0.15167971,0.1659048,0.49453634,0.24565737,0.24195863,0.037643798,0.15042965,-0.015937053,0.041315522,0.20687056,0.21578135
O94788,-0.15759346,-0.098574445,-0.5181221,0.0036725085,-0.43230182,0.41710177,-0.39349428,-0.3315498,0.058128674,0.1487471,0.066248864,0.16920447,-0.36982304,-0.057683133,0.13432598,-0.12593266,-0.038767472,0.24958465,0.42025238,-0.13065608,0.16196541,-0.092984654,-0.07605958,-0.008576795,0.12818693,0.24175906,-0.15174961,0.5071963,0.06704411,-0.10984698,-0.23743251,-0.049479578
P11103,-0.020129219,-0.07093851,0.15504283,0.14760917,-0.10454588,0.39933965,-0.095461145,0.059262566,0.29158446,0.1478791,0.036830265,-0.0095580965,0.17086309,-0.06839418,-0.13930762,-0.021275163,0.09050723,0.16650844,0.16756675,-0.13662541,0.03061768,-0.20326066,-0.1501252,-0.052883357,0.28475368,-0.02729041,0.000503391,-0.19593912,0.15161866,0.15418132,0.13756438,-0.019522944
Q6UWE0,-0.057327516,0.42809004,0.19575974,-0.11028574,0.10726446,-0.066703185,0.28008074,-0.14810324,0.26919147,-0.084294915,-0.13099779,-0.01647155,-0.39586917,-0.028523386,0.046974324,-0.1280984,-0.11480105,0.46137303,-0.061806887,0.21095438,-0.28411496,-0.28610808,0.2969103,0.28374833,0.20012473,0.14060721,-0.12228485,0.13728324,0.09410213,0.18004705,0.46036795,-0.100320056
P15260,-0.09170716,-0.060418874,0.015295632,-0.04858739,-0.20282812,0.12058988,0.1801396,0.2969576,0.28262416,0.16716121,-0.5636438,-0.22605863,-0.10468395,-0.021421723,-0.005345069,-0.20040396,-0.063535824,0.3274671,-0.6508794,0.007901318,0.09231871,-0.30838114,0.07807523,0.08226292,-0.31407613,-0.058744453,-0.15924606,-0.007215619,0.13901052,0.19559316,0.32440862,-0.12391378
A0A1D8PFS4,-0.08720517,-0.11179975,-0.35493645,-0.084850304,-0.41207197,0.3611178,-0.2610862,-0.6399906,-0.028989289,-0.008612663,0.27417254,0.019531995,-0.04904926,0.002953194,0.18708354,-0.047033787,-0.008629546,0.16944578,0.30352592,0.11171837,-0.08043153,0.09696689,-0.20800966,-0.015343949,0.30446976,0.396865,0.027323999,0.31496063,0.0563111,0.14974938,-0.22958013,-0.16082214
O35244,0.1738575,0.13351291,-0.014980063,0.07007225,-0.12934846,0.16509086,-0.49279362,-0.40459308,-0.06672659,0.057627514,0.22573172,-0.06937628,0.13811505,0.15831336,0.05016417,0.082444236,-0.16072033,-0.06166581,0.30848855,-0.53721434,0.08270278,-0.16990915,-0.41272807,0.050163463,0.10629687,0.052835844,-0.23473132,0.12178981,0.23548517,0.14690459,-0.17392632,0.054633167
P61866,-0.07722555,-0.09305063,0.21156445,0.19853152,-0.21391211,-0.35618126,-0.45586348,-0.5457485,0.08696439,0.06254119,0.35141748,-0.11654595,0.2546859,0.21018812,0.2963784,0.16652104,0.00876151,0.103100516,0.32644874,-0.3788939,0.026846614,-0.29553813,-0.27202934,-0.36142766,-0.08105257,0.1675742,0.024435364,0.121069804,0.20196477,0.33957154,-0.56349343,0.11241296
O94953,-0.2828947,0.012898818,-0.019534782,0.09679123,-0.22650704,0.22422981,0.3900175,-0.092644654,0.5477064,0.061539225,-0.049172465,-0.16025865,-0.11874567,0.13346842,-0.10654865,0.25649667,-0.035240248,0.40947187,0.26871413,0.2471378,0.07325124,0.1769063,0.0040222034,-0.264767,-0.113952585,-0.027019976,0.14124912,0.055072814,0.37657648,0.17669506,0.103704244,-0.29798508
P13010,-0.11821091,-0.17966187,0.092795886,-0.120923705,-0.3305479,0.39321312,-0.25429484,-0.13755715,0.23230761,0.24945962,-0.15950492,0.071166635,0.25789723,0.0066935495,0.14963436,-0.13409117,-0.15935145,-0.07191975,-0.08521098,-0.11139928,0.12542689,-0.39230305,-0.2454659,0.02522239,0.18942104,0.20060235,-0.059519745,-0.17960173,0.21569791,0.18251245,-0.034663133,0.005880695
O60880,0.19046374,0.0884794,0.10756328,0.33439052,0.17066203,0.17925036,-0.25120896,0.07712839,0.04729786,0.34986538,0.20271195,-0.15101424,0.22489172,-0.045117073,-0.25559515,-0.10835183,0.19371542,0.15145835,0.0795722,-0.5621914,0.065761186,-0.106083855,-0.06088576,0.02797021,-0.0019520074,-0.32558507,-0.26222515,0.015704244,0.056353014,-0.07237568,-0.08527379,0.24995391
O70394,-0.050380543,-0.012277059,0.21150696,-0.1256149,-0.19586296,0.31875557,-0.5500253,0.3034844,0.36394593,0.51524353,-0.34999424,0.020400226,0.14785808,-0.042751417,-0.2419155,-0.2348806,-0.108102635,0.13594942,-0.38089648,-0.4845981,0.060451623,-0.5466826,-0.13470468,0.12424941,0.035315633,-0.015330827,-0.36592248,-0.22022292,0.2481162,0.400392,-0.0032316186,0.081442416
O95154,0.13768221,-0.029678814,-0.15194544,-0.0038578305,-0.20969488,0.42760506,-0.50424254,-0.40428442,-0.18179992,-0.11807251,0.06136905,0.12625057,0.18884021,-0.038122334,-0.029118478,-0.16736081,-0.0041267127,-0.103182115,0.18778789,-0.3611266,0.08934074,-0.3306008,-0.35361445,0.28135717,0.24913283,0.2348699,-0.16528493,0.083053336,0.0986381,0.091353975,0.15161033,0.04907104
P08037,-0.23556751,0.29142115,0.14825965,0.22146964,-0.2145199,0.1658816,0.3972242,-0.17109239,0.42823872,0.21699229,0.11041802,-0.15402658,-0.12137282,-0.02932427,-0.042310845,0.18124354,0.0034810752,0.09600784,0.2877114,-0.10030315,0.2779663,0.18061005,-0.0074458607,-0.29310328,-0.1236594,-0.3079552,0.017462738,0.2928656,0.50317985,-0.10643024,-0.12648866,-0.02310193
Q93062,0.11456065,-0.23776963,0.18898103,0.69060296,-0.09885998,0.093177885,0.03897755,0.28956974,0.1179548,0.17476389,-0.0786057,-0.2847786,0.030039668,-0.22057262,-0.1288943,0.09897463,0.35892165,0.2480618,-0.27677822,-0.26846188,0.25198257,0.13068719,0.0030043833,-0.058383122,-0.14702246,-0.35247388,0.18857864,-0.19414082,-0.04250688,-0.26067787,0.0638451,0.3447534
P07900,0.18752687,-0.14136006,-0.36086985,0.27325898,0.07462655,0.076188356,0.37235022,-0.35223034,0.36418042,-0.2900821,0.20407806,0.028540015,-0.20686775,0.4408886,0.23460248,0.07304866,-0.00312154,0.21354952,0.30298185,0.281618,-0.10585871,0.110897675,0.06510888,-0.3792138,0.06636828,0.12374749,-0.15325871,0.2155676,0.08440144,-0.07763905,-0.16135067,-0.20251252
P07764,0.07787366,0.013366953,-0.14923596,0.0039482694,-0.40256178,0.174554,-0.39801484,-0.56042993,0.012802507,0.108697765,0.42243052,-0.0034302473,-0.08696093,-0.19076605,-0.22556868,0.11229753,0.24955936,0.115366474,0.26805216,0.032447875,-0.25501305,0.0766055,-0.38706356,-0.30572808,0.46977395,0.19159482,0.015073374,0.5496863,0.18961969,0.4107558,-0.6161897,-0.31492594
P15248,-0.11620492,0.2023417,0.6686667,0.106862016,0.071333125,-0.09807351,-0.58360493,0.02498611,0.13054134,0.24802166,0.078224495,0.086385444,0.4342509,-0.45322418,-0.273195,-0.2230759,0.2986992,-0.6100369,0.06154549,-0.5130587,0.29371873,-0.5089655,0.11632894,-0.050075933,0.46642804,-0.1586445,-0.12795255,0.18766814,0.54006493,0.17158914,-0.14821714,0.1572722
P02730,-0.12884392,-0.1255211,-0.069872536,0.12616749,-0.15814792,0.3116553,0.25270408,-0.29050776,0.33498988,-0.0057967976,0.09537937,-0.029819109,0.078056276,-0.012686193,0.005292125,-0.024229914,0.06277778,0.25144842,0.36649102,0.21317731,0.008632752,-0.014949672,-0.03376897,-0.1126893,0.17552339,0.04507804,0.058656782,0.1629737,0.12663735,0.029163206,0.012335148,-0.13256875
G7JEE5,0.13882859,-0.03775464,-0.44013974,0.014780445,-0.38588524,0.4682285,-0.3799869,-0.52130216,0.032816682,-0.19530308,0.057131324,0.13547717,0.001907438,0.07854029,0.0100800395,0.04310733,0.14929433,0.048091725,0.102852106,-0.21262586,0.07744544,-0.15306748,-0.34761405,0.04676266,0.18302657,0.2895208,-0.0777779,0.109160446,0.035027646,0.07802076,-0.042849123,0.018227503
P00519,0.135437,0.06987192,-0.35912368,0.15873528,0.17766164,0.47000483,-0.16258466,-0.040093087,0.31427664,-0.0014768615,0.0655411,0.13771227,-0.15792641,0.18044013,-0.20824485,-0.0045842826,0.025329247,0.37695447,0.31840926,-0.07467759,-0.005952549,0.051692322,-0.0053514354,0.06796937,0.14506851,0.012414312,-0.12862828,-0.10864711,0.02286084,-0.029775685,0.18878756,-0.006726321
O75462,-0.050022155,-0.058022186,0.12197127,0.03478425,-0.23281741,0.3314397,-0.1643989,0.15312707,0.3978518,0.45323867,-0.3051226,0.019491717,0.08921212,-0.04104933,-0.098674476,-0.23784265,-0.046643034,0.27570885,-0.39531225,-0.29331017,0.09811992,-0.3455513,-0.04695243,0.054374054,-0.114816315,-0.086222,-0.25147802,-0.108023435,0.13402778,0.18684153,-0.04552144,0.15832512
O76021,-0.11391552,-0.043872923,0.24792966,0.37642708,-0.4535858,0.038266726,0.54053426,-0.2320987,0.39641437,-0.07752523,-0.32563373,-0.14084557,-0.26921207,-0.0634651,0.142537,0.12802228,-0.13479789,0.34438562,-0.28617334,0.21149291,0.2396933,-0.017754108,-0.10982844,0.072776794,-0.3970666,0.015723474,0.14959672,0.07099241,0.16857642,-0.10017991,0.056290697,0.22119044
P61978,0.07281308,-0.188658,0.16690114,0.4805776,-0.18714337,0.12587261,0.28123385,0.14545977,0.2791169,-0.031065091,-0.22644915,-0.19416109,-0.04024306,-0.14429814,-0.12149177,-0.0019071102,0.17318186,0.4731706,-0.23669153,0.022194073,0.0735843,-0.112576425,-0.14844266,0.02697602,-0.089505404,-0.13356762,0.053343125,-0.09354469,0.02100683,0.009015599,0.1978777,0.20181943
P12104,0.28766966,-0.03353726,0.32329902,-0.038300306,0.016159695,0.060922995,-0.85498005,-0.14705995,0.060538452,0.4785552,-0.044686187,-0.10204682,0.43645686,0.17309722,-0.24235708,-0.3766497,-0.11807479,0.041171536,-0.37225458,-0.6520605,-0.089832805,-0.5591991,-0.100327164,0.29132217,-0.11871028,0.09109483,-0.6526721,-0.021172628,0.061956212,0.3921998,-0.42592165,0.34712696
P00342,0.056017444,-0.09260763,-0.2601894,-0.065368585,-0.4061539,0.28525698,-0.25481397,-0.6321257,-0.0328069,-0.06311186,0.27727106,-0.08196223,0.05729887,0.16175985,0.15097293,0.08262895,0.033122525,0.05481428,0.17184114,-0.009584427,-0.085748926,0.015848026,-0.35222673,-0.13550527,0.22006334,0.34495786,-0.03403256,0.23809084,0.13866456,0.24740128,-0.30884096,-0.17832074
P09874,-0.01967676,-0.07197325,0.13629133,0.19231154,-0.11501791,0.3826485,-0.028837055,0.025184907,0.3026553,0.10362491,0.048741,-0.020231217,0.14556652,-0.057111576,-0.13837719,0.0030757487,0.12318872,0.22717863,0.18201804,-0.11111863,0.02523974,-0.17939,-0.15841696,-0.05766818,0.24442486,-0.032645337,0.01447738,-0.17172629,0.13400635,0.13598652,0.13560541,0.0029140282
Q15773,0.12581067,-0.18701863,0.35133022,0.16332915,0.029600244,0.0056762286,0.030168891,0.47791845,0.10411331,0.24207507,-0.16028751,-0.2960489,0.3238315,-0.16867056,-0.1340493,-0.30166456,0.41130388,0.0973751,-0.5638827,-0.2544673,-0.15757962,-0.38844973,0.1895571,-0.16342418,0.16957225,-0.21224841,-0.17901725,-0.103977144,0.021362409,0.26112086,0.2305721,-0.06275712
Q9C035,-0.0011123568,0.09242356,0.04901918,0.1233807,-0.030684587,0.20669425,-0.07422021,-0.17632413,0.16199034,0.031025097,-0.0016726516,0.04813084,-0.0550687,0.04715573,0.13670057,-0.27817544,-0.13099052,0.1868748,0.116910964,-0.108151555,0.049556967,-0.28087246,-0.0049930997,0.19883373,0.13831459,0.1096508,-0.2630184,-0.006943375,0.1502564,-0.062911764,0.15005216,0.2653551
P04792,0.011633083,-0.17737529,0.26712587,0.34810418,-0.029039789,0.18375717,-0.08552651,0.40009326,0.13288045,0.3947343,-0.06749773,-0.17707253,0.26403797,-0.083849914,-0.16892993,-0.16807914,0.3352672,0.16572228,-0.46654522,-0.38517767,0.10004321,-0.13928775,0.08696553,-0.11822726,-0.10612741,-0.24915412,-0.09862592,-0.24055031,0.079883665,0.0107817445,0.05927972,0.21528096
Q14152,0.28128183,-0.03749305,-0.10508577,0.01762761,-0.09890328,0.18410757,-0.21104953,-0.6925472,0.22831021,-0.22253338,0.13255017,0.05825056,0.28836042,-0.026546694,-0.019865327,-0.03987819,0.122469895,0.14909112,-0.13116871,0.3963123,-0.35446757,-0.16387266,-0.21381095,-0.03448777,0.5649072,0.38523594,0.09792351,-0.1607832,-0.1510818,0.33510083,-0.11681956,-0.04066701
P0ABI4,0.206154,0.07084044,0.20058826,0.051955618,-0.13518262,0.08330917,-0.44339892,-0.5361191,-0.021459568,-0.09621243,0.035200033,0.040843144,0.275559,-0.07216317,0.030037753,-0.2754158,-0.09723751,-0.056815453,0.0023717433,-0.2757125,-0.022249866,-0.5421642,-0.23866057,0.32499722,0.25651115,0.226967,-0.28888175,0.061388135,0.039545648,0.15949494,-0.017005976,0.28824967
P00805,-0.006911561,0.012238793,-0.04241372,-0.032095402,-0.47728133,0.34620443,-0.3840492,-0.27293962,-0.06605567,0.22489616,0.13579622,-0.07047543,-0.04074371,-0.037267856,0.07320169,0.060407527,-0.057570934,0.016727429,0.2852186,-0.4672773,0.117356144,-0.16400489,-0.4196542,-0.023108274,0.17466433,0.051051714,-0.20607045,0.38586724,0.3009842,0.16518354,-0.3104169,-0.05560473
O95361,-0.08774077,0.27390155,0.11107591,0.20081007,-0.07004543,0.12320152,0.3044788,-0.31519282,0.3296579,0.06252973,0.0323408,-0.04638481,-0.27169055,0.05482503,0.18648213,-0.11654115,-0.2178062,0.3523162,0.114758134,0.12640262,0.030880231,0.052998886,0.078571945,0.15749602,-0.013014786,0.03672061,-0.13181317,0.0826232,0.20721138,-0.1398629,0.07493617,0.25457048
P18510,0.028123647,0.1632113,0.34724426,-0.00015105121,0.061486837,0.14686023,-0.34306753,0.13105625,0.20974638,0.6833692,0.07142897,-0.2392967,0.46228445,-0.053952202,-0.23318955,-0.21012053,0.109171025,-0.08666497,-0.25697255,-0.55816036,0.020784274,-0.23421511,0.06457971,-0.09445022,0.021812469,-0.30513862,-0.3468502,-0.03568226,0.23830661,0.1821625,-0.26484168,0.106091276
P05979,-0.17070056,0.060123503,-0.00757464,-0.138884,0.07294491,0.32891455,-0.07680561,-0.25760233,0.17622267,0.36007285,0.35034713,0.060212076,0.15802765,0.031303354,-0.036136627,0.2402926,-0.21268053,-0.11975121,0.5524958,0.17357855,-0.07111541,0.24518551,-0.25716206,-0.24346016,0.5306175,0.03679154,0.2185336,0.07103723,0.45643643,0.15410975,-0.21052794,-0.4848496
P01189,-0.28921366,-0.40090096,0.28827015,0.3457365,0.029841762,-0.027693318,0.19587132,0.61613005,-0.27779517,0.2539406,-0.13108793,-0.20151496,0.007141888,-0.079458036,0.16602287,-0.03920409,0.35888702,-0.22248176,-0.63618517,-0.06623967,0.25435868,0.13244821,0.17495589,0.037449382,-0.088163316,0.0058123637,0.21332607,-0.2918943,0.3556413,-0.3433957,0.45837083,0.11555204
O14939,0.06843166,-0.039950937,0.0317062,0.012712313,0.03467704,0.414192,-0.05381965,0.07167976,0.2904814,0.2895037,0.08480577,-0.07335873,0.21190518,-0.044464104,-0.25101873,-0.01813057,0.033838846,0.1868887,0.2512316,-0.12813926,-0.09934506,-0.115643784,-0.09885123,-0.095304504,0.3215295,-0.17026421,-0.08353344,-0.030592024,0.10093207,0.1842234,0.039839465,-0.22699645
O64743,0.07904048,-0.08380407,-0.27918085,-0.09885014,-0.09710999,0.4915217,-0.21958134,-0.26992127,0.12565722,0.10077515,0.088082,0.08793542,0.06730941,0.087798856,0.01205039,0.02369339,-0.17488836,-0.020008393,0.40136462,-0.068902425,0.021074012,0.017311737,-0.19396752,-0.0027531981,0.279651,0.12177344,-0.10016108,0.19254819,0.15860033,0.0845791,-0.1434156,-0.2670192
P00958,-0.030586563,-0.105481684,-0.29736504,-0.027213236,-0.0657305,0.41202036,-0.15684107,-0.22821763,0.15736979,0.07203689,0.067125306,0.13372436,-0.006908685,-0.015198879,0.03585776,-0.15025571,-0.13736922,0.082926534,0.49721748,-0.03426849,0.04497324,-0.04436952,-0.016356561,0.026395604,0.2311038,0.10415845,-0.127307,0.29604524,0.090228975,-0.007842271,-0.041299503,-0.1866219
P50362,-0.037278935,-0.12932386,-0.37571934,0.09680355,-0.48553795,0.24702641,-0.26675728,-0.2972014,-0.057303745,0.08344918,0.14020735,0.0059904456,-0.30775717,0.10977133,0.22855034,-0.0655566,0.03743738,0.16309625,0.27317232,-0.35155404,0.14523982,-0.21125457,-0.22269368,-0.12733941,0.014219746,0.17378674,-0.2849803,0.5149503,0.13911122,-0.08579636,-0.2787295,0.011369299
Q3Y454,-0.052404612,-0.022802018,-0.23900637,0.041945517,-0.5705299,0.3095233,-0.49614578,-0.23370224,-0.17928433,0.24275261,0.16652347,-0.04862748,-0.3309309,-0.03175258,0.14160368,-0.05831033,-0.010815091,0.17893425,0.2937355,-0.5130525,0.12978755,-0.21635047,-0.32474154,-0.009284869,0.105878726,0.13438582,-0.31300163,0.52234286,0.19436893,0.0045801946,-0.2987556,0.033035178
P01270,-0.20418954,-0.23479742,0.63161635,0.27449974,0.15162498,-0.12160003,0.3796842,-0.0074077025,-0.46284944,0.37243286,0.19210485,0.15587169,0.020022586,-0.097722724,0.16871533,-0.3419899,0.4234172,-0.3210052,-0.6689323,-0.20688812,0.10318093,0.03773269,0.43882838,0.36388242,-0.05805202,0.036853783,0.04152166,0.20175308,0.23601052,-0.5593798,0.109391764,0.5767615
Q13200,0.16922076,-0.044029966,-0.20506123,0.03146287,-0.12008014,0.32216126,-0.15025842,-0.57063687,0.3078783,-0.18159759,0.055683855,0.12351376,0.23340362,-0.14514592,-0.093669325,-0.06010677,0.17460024,0.19571239,-0.0073400736,0.35547882,-0.20879695,-0.13603628,-0.14846604,0.020418294,0.554424,0.28317225,0.12735057,-0.104839444,-0.13638288,0.22270176,0.02658705,-0.04647931
P36776,-0.013125375,-0.07471627,0.08265098,0.38857242,-0.2649769,0.13524556,0.35893798,-0.2739822,0.35578397,-0.12640953,-0.06421673,-0.12494208,-0.038605273,-0.02765122,0.10623371,0.0035781115,0.09558307,0.38566366,-0.030774824,0.18813537,0.057207692,-0.06498955,-0.097709015,-0.026304513,-0.040989168,0.05437548,0.035441056,-0.0028985888,0.058781914,-0.03930113,0.03242008,0.2246407
O96020,-0.07460882,-0.090380475,0.06579045,0.17285168,-0.18007857,0.31433424,0.08847506,-0.21991876,0.25188044,0.0055669546,0.08794543,-0.0413263,0.21534508,-0.14218521,-0.06021493,-0.044321716,0.17170742,0.103276655,0.27257466,-0.0048812255,0.06649087,-0.17917198,-0.13171372,-0.06029214,0.2601267,-0.012834167,0.056104727,0.05392538,0.1270943,0.052246172,0.0880225,-0.029370615
P00346,-0.038828194,-0.11721948,-0.3210568,0.10063318,-0.56096315,0.13920353,-0.3234964,-0.5909845,0.05191275,-0.034889176,0.25859824,0.0016669407,-0.18372947,-0.060374975,0.17300355,0.02368594,0.20970683,0.24963054,0.18816483,-0.015335813,-0.055496156,-0.045822144,-0.26673642,-0.28040445,0.20937668,0.32841352,0.027139075,0.44866025,0.032536283,0.21487795,-0.47378185,-0.06742765
P06241,0.15346442,-0.009323657,-0.3425145,0.24551201,0.10737853,0.41207075,0.063227415,-0.07897707,0.42596573,-0.06079936,0.083233595,0.049856275,-0.18939337,0.2590743,-0.23121473,0.118757576,0.08504018,0.4873711,0.28437072,0.044402003,-0.03990036,0.15573864,-0.01899444,-0.08482489,0.03594248,-0.025476871,-0.079413034,-0.05468905,0.02699349,0.012631806,0.0671757,-0.050934058
P16330,0.055143476,-0.07907361,0.29084212,-0.012888143,-0.064605795,0.35792235,-0.32137758,0.19375655,0.16215135,0.31829637,-0.010806169,-0.060266867,0.37127858,-0.18300211,-0.20062792,-0.08858411,0.047466867,-0.1209554,0.021985829,-0.3125353,0.014877538,-0.34583038,-0.20785466,-0.06358142,0.45434976,-0.092692696,-0.075958736,-0.15922156,0.22628927,0.29264605,0.08199361,-0.14895092
P02753,0.019833192,0.06376077,0.40201694,-0.031918302,-0.05291689,0.11002754,-0.55992925,0.115696125,0.09576502,0.5546398,-0.027913015,-0.15748724,0.37958348,-0.06726893,-0.19312331,-0.31447914,-0.038951203,-0.12333771,-0.17391834,-0.67680854,0.0815606,-0.5109567,-0.07174221,0.11935195,0.0622696,-0.14182176,-0.4857774,0.025006965,0.29946977,0.25852293,-0.15082043,0.16703124
O15372,-0.010002419,0.07205269,0.21254048,0.13105288,-0.16461167,0.0747941,0.15278023,-0.4840644,0.23053743,-0.030580342,0.13733156,-0.020840243,0.06935501,0.062149383,0.25906375,-0.09651172,-0.069688335,0.15163004,-0.062817,0.15755741,-0.07645416,-0.1795859,-0.10832599,0.008460209,0.27881438,0.19804561,-0.0060441345,-0.12599191,0.119463064,0.019261388,0.01265059,0.23843028
A0A3L7I2I8,0.13753031,-0.017039657,-0.063743375,0.044003807,0.05760337,0.39987543,-0.35100678,0.16172889,0.11329782,0.009105921,-0.1447893,0.16494599,0.032768413,-0.18576221,-0.3210893,-0.25000814,0.1726462,0.27507907,0.08572632,-0.22700603,-0.104601264,-0.43512934,-0.06379849,0.23313467,0.40120977,0.038119018,-0.17232952,-0.06512906,0.019556195,0.22866006,0.4381726,-0.058972303
P27302,-0.08811791,-0.09431924,-0.2851752,-0.031672314,-0.38459617,0.3392197,-0.29476035,-0.44835007,-0.00884558,0.17378941,0.33679292,0.08315118,-0.2504024,-0.15752974,-0.014777891,0.03163121,0.036248215,0.27022952,0.49046558,0.101821244,-0.12593654,0.14076246,-0.24958625,-0.1441711,0.44202083,0.2399337,0.06026635,0.5662623,0.1436851,0.1949185,-0.4238979,-0.3107931
P04509,-0.4438613,0.29967198,0.40956357,-0.33190143,0.1676394,-0.1640433,-0.30558303,0.84272385,0.04736452,0.4610767,-0.065411314,-0.16697079,0.032751918,-0.07940101,-0.13790476,-0.18242344,0.33430827,0.16652718,-0.055080727,-0.6598172,-0.24451101,-0.6951153,0.2770114,-0.10813855,0.27464712,-0.09474496,-0.45359263,-0.026931882,0.52935517,0.5550826,0.54726577,-0.40189952
O14503,-0.1584939,-0.33026493,0.2618311,0.46366602,-0.14511347,-0.10216881,0.43666226,0.2743107,-0.03469159,-0.04495883,-0.35213563,-0.19617148,-0.31107748,-0.14465831,0.26653618,0.14318332,-0.0006663054,0.008163862,-0.58032745,0.2109197,0.35332897,0.15075524,0.009028088,0.23879771,-0.27427047,0.057830155,0.4328387,-0.21836814,0.11638344,-0.3908648,0.48152068,0.168747
